date,hour,group,stay_hours,cumulative_parked,occupancy_rate,parking_vehicles,congestion_score
2026-02-09,0,weekday_special,4,408.0,0.1498347410943812,,
2026-02-09,1,weekday_special,4,408.0,0.1498347410943812,,
2026-02-09,2,weekday_special,4,408.0,0.1498347410943812,,
2026-02-09,3,weekday_special,4,408.0,0.1498347410943812,,
2026-02-09,4,weekday_special,4,408.0,0.1498347410943812,,
2026-02-09,5,weekday_special,4,408.0,0.1498347410943812,,
2026-02-09,6,weekday_special,4,408.0,0.1498347410943812,,
2026-02-09,7,weekday_special,4,408.0,0.1498347410943812,,
2026-02-09,8,weekday_special,4,408.0,0.1498347410943812,,
2026-02-09,9,weekday_special,4,408.0,0.1498347410943812,,
2026-02-09,10,weekday_special,4,408.0,0.1498347410943812,,
2026-02-09,11,weekday_special,4,408.0,0.1498347410943812,,
2026-02-09,12,weekday_special,4,408.0,0.1498347410943812,,
2026-02-09,13,weekday_special,4,408.0,0.1498347410943812,,
2026-02-09,14,weekday_special,4,408.0,0.1498347410943812,,
2026-02-09,15,weekday_special,4,537.0772966424369,0.1972373472796316,322.6932416060921,343.5951616700966
2026-02-09,16,weekday_special,4,571.402378676225,0.20984295948447484,85.81270508447042,249.28319567322137
2026-02-09,17,weekday_special,4,654.4296008984472,0.24033404366450503,207.56805555555556,249.9678976801792
2026-02-09,18,weekday_special,4,666.7932372620836,0.24487449036433478,30.90909090909091,115.92709834654944
2026-02-09,19,weekday_special,4,544.7274348725203,0.2000467994390453,17.528735632183906,85.0548826415642
2026-02-09,20,weekday_special,4,525.386563365048,0.1929440188634036,37.46052631578947,82.3643905735116
2026-02-09,21,weekday_special,4,447.63871809922773,0.16439174370151588,13.198442391004932,55.70140774445329
2026-02-09,22,weekday_special,4,440.67508173559133,0.16183440386911177,13.5,39.96975252424673
2026-02-09,23,weekday_special,4,433.6635874827178,0.15925948860915085,,31.08913629381783
2026-02-10,0,weekday_special,4,417.2421052631579,0.15322883043083288,23.105263157894736,52.38727442991444
2026-02-10,1,weekday_special,4,419.5296052631579,0.15406889653439512,5.71875,32.814726215723624
2026-02-10,2,weekday_special,4,427.3410995160315,0.156937605404345,19.528735632183903,73.22843971216591
2026-02-10,3,weekday_special,4,437.1627862630194,0.1605445414113182,24.55421686746988,107.49300013081424
2026-02-10,4,weekday_special,4,433.4867848959654,0.15919455927137913,13.91525974025974,95.18307531725858
2026-02-10,5,weekday_special,4,434.67144984441904,0.15962961801117115,8.680412371134022,146.55670126152495
2026-02-10,6,weekday_special,4,433.00711511578714,0.15901840437597764,15.367898810604183,93.04275736597448
2026-02-10,7,weekday_special,4,505.4032135725493,0.18560529326939013,205.54446300937528,304.3882032415937
2026-02-10,8,weekday_special,4,503.70052431059173,0.18497999423819014,9.658536585365852,72.01313807461142
2026-02-10,9,weekday_special,4,522.6456813435623,0.19193745183384586,56.04330495356037,143.9005722593798
2026-02-10,10,weekday_special,4,591.0947072976793,0.21707480987795788,186.49046369589664,322.4717825757006
2026-02-10,11,weekday_special,4,587.3282553961287,0.21569161050169985,196.128333255499,371.77959152027177
2026-02-10,12,weekday_special,4,664.0930613133609,0.24388287231485892,201.5705513784461,390.97333749234303
2026-02-10,13,weekday_special,4,878.8771122330827,0.32276059942456214,593.0034322528651,644.6923380449696
2026-02-10,14,weekday_special,4,982.4000832429912,0.3607785836367944,445.2978912206677,564.97391506055
2026-02-10,15,weekday_special,4,1081.9954665167143,0.3973541926245737,445.1167914398064,532.4063017798754
2026-02-10,16,weekday_special,4,1119.5689999031815,0.41115277264163846,295.5043848446147,414.58179046491864
2026-02-10,17,weekday_special,4,935.5894177594168,0.34358774063878694,133.05447689345314,254.61615333831563
2026-02-10,18,weekday_special,4,784.2693840781673,0.288016666940201,66.99780701754386,150.29933993461108
2026-02-10,19,weekday_special,4,622.374566236422,0.2285620882249071,40.37974683544304,107.75257948749253
2026-02-10,20,weekday_special,4,517.1222098889375,0.18990900106093922,32.373493975903614,98.29313232969912
2026-02-10,21,weekday_special,4,469.47936649997723,0.17241254737421124,13.947368421052632,58.63380727403356
2026-02-10,22,weekday_special,4,447.3002436929597,0.16426744167938293,11.55,45.43735775846952
2026-02-10,23,weekday_special,4,431.5483449587825,0.15848268268776441,1.0,25.525914829116715
2026-02-11,0,weekday_special,4,413.61914893617023,0.1518983286581602,14.047872340425531,38.645111853988624
2026-02-11,1,weekday_special,4,416.4234967622572,0.15292820299752374,7.010869565217392,27.586604677151655
2026-02-11,2,weekday_special,4,421.28442391457503,0.1547133396674899,12.1523178807947,37.887607501772465
2026-02-11,3,weekday_special,4,424.6545388571038,0.15595098746129407,8.425287356321839,30.85423220899088
2026-02-11,4,weekday_special,4,426.83555181181913,0.15675194704804227,19.50040472721386,38.47619813809351
2026-02-11,5,weekday_special,4,435.3618450113732,0.15988316012169415,28.326602564102565,56.04221201423931
2026-02-11,6,weekday_special,4,437.8638158447603,0.16080198892572908,18.40724496426251,49.22927792486854
2026-02-11,7,weekday_special,4,544.8541181072736,0.20009332284512435,275.90104301260516,252.11967110793245
2026-02-11,8,weekday_special,4,752.2920311760286,0.27627323950643723,538.0951873991012,470.4849546909289
2026-02-11,9,weekday_special,4,792.6997189268742,0.2911126400759729,129.34582194121668,233.02562267231707
2026-02-11,10,weekday_special,4,834.5026220947873,0.3064644223631242,122.91450288404522,265.73845215634367
2026-02-11,11,weekday_special,4,787.2976646029326,0.28912877877448867,157.88864928296866,317.6813918027908
2026-02-11,12,weekday_special,4,731.616646461474,0.2686803696149372,398.8926420454545,517.700294059067
2026-02-11,13,weekday_special,4,966.9787363920984,0.3551152171840244,717.7510467677776,729.9522695121177
2026-02-11,14,weekday_special,4,1123.9198886797758,0.4127506017920587,515.2673836032388,584.4892513720695
2026-02-11,15,weekday_special,4,1193.6648049064381,0.43836386518782156,332.25093984962405,490.8489182248976
2026-02-11,16,weekday_special,4,1099.6992952416679,0.4038557823142372,163.9788678835289,373.18908407977233
2026-02-11,17,weekday_special,4,862.4639551401617,0.3167329985825052,124.66269651401232,269.37033900586357
2026-02-11,18,weekday_special,4,684.0278513311616,0.25120376471948647,69.17712408073854,180.29405035473505
2026-02-11,19,weekday_special,4,564.5838856477222,0.20733892238256418,33.64102564102564,117.270068889375
2026-02-11,20,weekday_special,4,503.08390475937097,0.18475354563326146,10.228915662650602,80.95315997147736
2026-02-11,21,weekday_special,4,459.30942614547314,0.16867771801155826,15.226499979267736,71.35564229417741
2026-02-11,22,weekday_special,4,455.87148790558274,0.16741516265353754,60.58227848101266,87.73132546823607
2026-02-11,23,weekday_special,4,445.06788663793657,0.1634476263819084,6.632022471910112,39.147854641236336
2026-02-12,0,weekday_special,4,414.0253164556962,0.15204749043543747,15.063291139240508,46.757894016888145
2026-02-12,1,weekday_special,4,418.58486701749393,0.15372194895978478,11.398876404494382,36.22143092932936
2026-02-12,2,weekday_special,4,425.0835683161953,0.15610854510326672,16.246753246753247,45.03089909946155
2026-02-12,3,weekday_special,4,439.44260446077357,0.16138178643436416,35.897590361445786,51.09299562102706
2026-02-12,4,weekday_special,4,442.92866525058633,0.16266201441446432,23.778443113772457,43.74836008673938
2026-02-12,5,weekday_special,4,448.52416616884005,0.16471691743255235,25.3876287001287,52.14767638378939
2026-02-12,6,weekday_special,4,447.4634010949045,0.16432735993202516,13.594840561914324,44.591211073729795
2026-02-12,7,weekday_special,4,538.0837259402135,0.1976069504003722,262.44840247471825,264.3394059731458
2026-02-12,8,weekday_special,4,589.1570821629906,0.2163632325240509,151.46183367071524,170.2672947252394
2026-02-12,9,weekday_special,4,603.1267820807402,0.22149349323567397,60.31187849450261,120.5663041097198
2026-02-12,10,weekday_special,4,718.7624624925024,0.2639597732253039,302.68404159132007,314.14093659628963
2026-02-12,11,weekday_special,4,655.0032667412931,0.2405447178631264,103.05041309669522,177.81369926794665
2026-02-12,12,weekday_special,4,620.653588283159,0.22793007281790637,65.58763752537973,214.22197101514527
2026-02-12,13,weekday_special,4,629.7407816757274,0.23126727200724473,83.02986197592362,194.77558226589844
2026-02-12,14,weekday_special,4,522.9130124017133,0.19203562702964133,35.614618406285075,169.26999371978775
2026-02-12,15,weekday_special,4,509.1801096730701,0.18699232819429676,68.71815627508697,189.6522969725855
2026-02-12,16,weekday_special,4,502.1016336102866,0.18439281439966457,47.891447368421055,187.03065989787788
2026-02-12,17,weekday_special,4,502.792345225081,0.18464647272312928,84.75664101290964,198.60170121092648
2026-02-12,18,weekday_special,4,507.70325221932137,0.1864499640908268,47.89188589188589,183.04528047767775
2026-02-12,19,weekday_special,4,509.28265637595325,0.1870299876518374,72.66666666666667,159.52261184511417
2026-02-12,20,weekday_special,4,503.1610774285848,0.18478188667961248,32.5875,132.47534648716316
2026-02-12,21,weekday_special,4,495.92934207605254,0.18212608963498073,66.67730263157895,190.50123450020965
2026-02-12,22,weekday_special,4,580.3211774628879,0.21311831709984866,258.87147435897435,246.25111460229073
2026-02-12,23,weekday_special,4,639.0208474298846,0.23467530203080594,219.4158415841584,219.47861972065783
2026-02-13,0,weekday_special,4,417.4716049382716,0.15331311235338654,23.679012345679013,83.66623864580728
2026-02-13,1,weekday_special,4,427.6558154645874,0.15705318232265422,25.460526315789473,63.71548272223623
2026-02-13,2,weekday_special,4,445.3503392741112,0.1635513548564492,44.23630952380952,97.71934469606865
2026-02-13,3,weekday_special,4,454.94470071989434,0.1670748074623189,23.985903614457833,54.14249028854101
2026-02-13,4,weekday_special,4,465.6587166966554,0.17100944425143422,50.4640522875817,65.28427459113351
2026-02-13,5,weekday_special,4,490.17450617033967,0.18001267211543873,86.75,138.3584789763334
2026-02-13,6,weekday_special,4,532.5614096960785,0.19557892386929068,150.2035683381568,193.73746928723273
2026-02-13,7,weekday_special,4,603.3468728116989,0.22157431979864078,200.94956140350877,247.0594567597492
2026-02-13,8,weekday_special,4,755.95148938062,0.27761714630210066,431.9755937098845,427.18732134353183
2026-02-13,9,weekday_special,4,962.7954202677606,0.3535789277516565,603.8598272178513,567.6345477827867
2026-02-13,10,weekday_special,4,1028.5901284100808,0.37774150878078616,314.69033869395713,420.9425682420457
2026-02-13,11,weekday_special,4,1078.3453319784421,0.3960137098708932,325.3375703244124,496.38908363907746
2026-02-13,12,weekday_special,4,958.3048586338579,0.3519298048600286,131.8744103484235,419.6192317545934
2026-02-13,13,weekday_special,4,744.5982699578424,0.27344776715308206,69.59335552781246,331.1718251499131
2026-02-13,14,weekday_special,4,644.3955610536862,0.23664912267854799,64.18356643356643,356.182710577045
2026-02-13,15,weekday_special,4,589.8162684164987,0.21660531341039246,188.889338731444,409.2266785824431
2026-02-13,16,weekday_special,4,603.7628302369565,0.22172707684060097,166.74081489956777,361.3266202920803
2026-02-13,17,weekday_special,4,671.6836299942277,0.2466704480331354,239.39535492099043,377.1323182100291
2026-02-13,18,weekday_special,4,707.6795455260642,0.2598896604943313,154.17335526315787,251.33703276475063
2026-02-13,19,weekday_special,4,686.6807720588031,0.25217802866647193,136.39240506329114,175.09205647708592
2026-02-13,20,weekday_special,4,777.1677794323093,0.28540865935817455,392.9583333333333,347.1556010308931
2026-02-13,21,weekday_special,4,779.0777983834533,0.2861100985616795,244.17040229885055,253.59563949694905
2026-02-13,22,weekday_special,4,723.7295089097692,0.26578388134769343,15.802631578947368,95.67305273370376
2026-02-13,23,weekday_special,4,701.4843889897159,0.2576145387402555,80.77960526315789,141.15693431239504
2026-02-14,0,weekend_special,6,422.0923076923077,0.15501002853187945,35.23076923076923,194.24154697855155
2026-02-14,1,weekend_special,6,441.3690518783542,0.16208925886094536,48.19186046511628,180.53896006182637
2026-02-14,2,weekend_special,6,465.0416492809516,0.1707828311718515,59.18149350649351,199.2831382422573
2026-02-14,3,weekend_special,6,468.0679650704253,0.17189422147279668,7.565789473684211,119.51521927498416
2026-02-14,4,weekend_special,6,506.5363432039197,0.1860214260756224,96.17094533373604,162.87978021305778
2026-02-14,5,weekend_special,6,521.2586701339668,0.19142808304589307,36.8058173251178,96.14068851799212
2026-02-14,6,weekend_special,6,507.16636244165915,0.18625279560839483,,26.534066137674415
2026-02-14,7,weekend_special,6,509.26988087914043,0.18702529595267736,53.450656558819546,93.6846852583496
2026-02-14,8,weekend_special,6,525.8845680596824,0.19312690710968872,100.71821145784816,115.25709478234484
2026-02-14,9,weekend_special,6,694.8357490996316,0.2551728788467248,429.9437420735574,366.3433981451672
2026-02-14,10,weekend_special,6,773.0687204938025,0.28390331270429764,291.7533738191633,361.1503110295439
2026-02-14,11,weekend_special,6,827.2129630243452,0.30378735329575657,172.16642365147447,416.9384694445248
2026-02-14,12,weekend_special,6,887.2874862210019,0.3258492420936474,150.18630799164194,429.77907936365625
2026-02-14,13,weekend_special,6,947.958316714883,0.34813011998343113,205.12773279352223,500.9354491822464
2026-02-14,14,weekend_special,6,1061.2354754515818,0.38973025172661835,383.9111082995952,560.0352947717134
2026-02-14,15,weekend_special,6,997.0019061232292,0.3661409864573005,269.3598187526759,459.3515763866762
2026-02-14,16,weekend_special,6,962.5302021379914,0.3534815285119322,205.57411385606875,402.1751400299081
2026-02-14,17,weekend_special,6,930.0585693862624,0.34155658075147355,90.9873417721519,289.5095247090962
2026-02-14,18,weekend_special,6,954.2103619790794,0.35042613366840963,210.56578947368425,321.4005150735663
2026-02-14,19,weekend_special,6,997.8750583353547,0.3664616446328882,314.2894736842105,363.8297542360758
2026-02-14,20,weekend_special,6,881.0040360681481,0.3235416952141565,91.73355263157896,163.0592917081947
2026-02-14,21,weekend_special,6,802.5919540034536,0.29474548439348275,73.32961359093937,125.12364852103084
2026-02-14,22,weekend_special,6,751.3363598686149,0.27592227685222726,77.43512851897185,136.5382655134063
2026-02-14,23,weekend_special,6,741.5563924010391,0.2723306619173849,66.53742310321257,153.52399004216664
2026-02-15,0,weekend_special,6,569.6045469686876,0.20918272015008726,404.0113674217189,400.4434264541535
2026-02-15,1,weekend_special,6,692.4961321080065,0.2543136731942734,307.2289628482972,331.5569757141039
2026-02-15,2,weekend_special,6,812.4192124049025,0.2983544665460531,299.8077007422402,334.3334650131442
2026-02-15,3,weekend_special,6,896.879738720692,0.32937192020590966,211.1513157894737,230.8395966022266
2026-02-15,4,weekend_special,6,956.2504378329304,0.3511753352306024,148.4267477805961,207.2995984684267
2026-02-15,5,weekend_special,6,969.4654666226608,0.35602844899840647,33.03757197432594,72.97360915719062
2026-02-15,6,weekend_special,6,817.1661828118679,0.3000977535115196,23.26315789473684,44.65704420293045
2026-02-15,7,weekend_special,6,836.5274282784756,0.3072080162609165,355.63207651481645,285.725427547967
2026-02-15,8,weekend_special,6,850.0410585078953,0.3121707890223633,333.59177631578945,273.7135200258425
2026-02-15,9,weekend_special,6,845.0585809725936,0.3103410139451317,198.6951219512195,207.3162829080317
2026-02-15,10,weekend_special,6,839.294435745067,0.30822417765151194,134.01638471177947,203.03679824596924
2026-02-15,11,weekend_special,6,851.7431496453951,0.3127958683971337,64.1593567251462,164.25517027644582
2026-02-15,12,weekend_special,6,863.9403927531646,0.31727520850281477,53.7562656641604,187.85904370111604
2026-02-15,13,weekend_special,6,741.9477675387656,0.27247439131060064,50.650513478819,206.7435192606794
2026-02-15,14,weekend_special,6,639.3161885913971,0.23478376371332982,77.01282894736842,211.66734266800137
2026-02-15,15,weekend_special,6,581.3471674920889,0.21349510374296327,53.772569202948944,190.1392938734665
2026-02-15,16,weekend_special,6,549.203244269398,0.20169050468945943,53.65657665505227,182.08672631668833
2026-02-15,17,weekend_special,6,561.1355542109185,0.20607255020599283,93.99013157894736,202.78760952904477
2026-02-15,18,weekend_special,6,600.6381795242017,0.22057957382453242,152.51282894736843,205.89748095552216
2026-02-15,19,weekend_special,6,658.5279741326742,0.24183913849896224,195.375,224.20750265253736
2026-02-15,20,weekend_special,6,705.6501152809996,0.2591443684469334,194.8181818181818,228.11988541470745
2026-02-15,21,weekend_special,6,744.6831928629779,0.2734789544116702,151.35526315789474,157.56571985553268
2026-02-15,22,weekend_special,6,770.526891314881,0.28296984624123434,118.26582278481013,148.16641876233115
2026-02-15,23,weekend_special,6,766.5162246482143,0.2814969609431562,83.9634649122807,109.7496630175233
2026-02-16,0,weekday_regular,2,419.99493670886073,0.15423978579098815,29.9873417721519,53.61089176467624
2026-02-16,1,weekday_regular,2,438.0936209193871,0.16088638300381458,45.24671052631579,60.484298583988874
2026-02-16,2,weekday_regular,2,465.5565789473684,0.17097193497883525,98.64473684210526,93.87723061820556
2026-02-16,3,weekday_regular,2,480.8696163485637,0.1765955256513271,83.52930402930403,87.54668422100164
2026-02-16,4,weekday_regular,2,452.7243798395697,0.16625941235386327,28.281645569620252,49.747520653404706
2026-02-16,5,weekday_regular,2,444.29750081142487,0.16316470834058938,62.4621064589419,79.9370647404923
2026-02-16,6,weekday_regular,2,653.2756798429657,0.23991027537383977,550.7270931484721,562.0690847053354
2026-02-16,7,weekday_regular,2,725.2403759793476,0.26633873521092455,242.37384679989665,287.8183660367325
2026-02-16,8,weekday_regular,2,547.8150807802376,0.20118071273604027,107.16385515069726,203.4684594864489
2026-02-16,9,weekday_regular,2,482.1419296990428,0.17706277256667013,78.1909690969097,192.29757956119855
2026-02-16,10,weekday_regular,2,495.74744027034285,0.18205928764977702,141.17763157894737,273.4535166604471
2026-02-16,11,weekday_regular,2,502.19947385503684,0.1844287454480488,94.32105305864468,233.27775665406983
2026-02-16,12,weekday_regular,2,615.1454688284254,0.22590725994433541,423.54261901241864,456.2497015118928
2026-02-16,13,weekday_regular,2,669.9527728937993,0.246034804588248,231.33931322207957,369.66624032939694
2026-02-16,14,weekday_regular,2,578.3921606955304,0.2124099011000846,194.6410885167464,329.1735050283422
2026-02-16,15,weekday_regular,2,549.0581100478469,0.20163720530585635,158.00418660287082,292.578765837455
2026-02-16,16,weekday_regular,2,608.4676896787423,0.22345489889046724,343.16503759398495,432.70150184278407
2026-02-16,17,weekday_regular,2,709.7429935950988,0.2606474453158644,411.1924463937622,447.8658131398383
2026-02-16,18,weekday_regular,2,612.5191507252123,0.22494276559868245,100.10543041926852,222.8660418325857
2026-02-16,19,weekday_regular,2,457.5348059941524,0.16802600293578862,23.731584566112552,90.97441197336546
2026-02-16,20,weekday_regular,2,428.71237066855025,0.1574411937820603,28.04934210526316,84.31731816894913
2026-02-16,21,weekday_regular,2,426.5894736842105,0.15666157682123044,18.42434210526316,63.91460770055684
2026-02-16,22,weekday_regular,2,430.1541524265208,0.15797067661642336,36.96103896103896,66.07200387868627
2026-02-16,23,weekday_regular,2,426.54676852559203,0.15664589369283585,9.405882352941177,45.07524294457264
2026-02-17,0,weekday_regular,2,424.1589743589744,0.15576899535768432,40.3974358974359,59.9367251913817
2026-02-17,1,weekday_regular,2,435.08682246024017,0.15978216028653697,27.31962025316456,47.93533539285363
2026-02-17,2,weekday_regular,2,439.18574283810796,0.16128745605512596,50.64473684210526,59.838463079354966
2026-02-17,3,weekday_regular,2,464.55526315789473,0.1706042097531747,90.74342105263158,87.90754202656532
2026-02-17,4,weekday_regular,2,522.4086817511068,0.19185041562655408,195.27828332513528,162.22071315594178
2026-02-17,5,weekday_regular,2,516.2585119718199,0.18959181489967677,75.36799660441426,209.38801022446737
2026-02-17,6,weekday_regular,2,454.8381983397422,0.16703569531389723,41.72749924494111,133.8047234599096
2026-02-17,7,weekday_regular,2,519.8027342438779,0.19089340221956588,237.7793363647536,355.98057913689604
2026-02-17,8,weekday_regular,2,588.8682797550782,0.2162571721465583,214.391363022942,320.9894341546627
2026-02-17,9,weekday_regular,2,592.1956241565453,0.21747911280078783,246.09769736842105,339.97149474375135
2026-02-17,10,weekday_regular,2,707.5226315789474,0.259832035100605,502.70888157894734,515.0442535339649
2026-02-17,11,weekday_regular,2,732.141814841157,0.26887323350758613,307.64565552394504,346.6526385945218
2026-02-17,12,weekday_regular,2,650.9143212596423,0.23904308529549845,299.64014762516047,357.76853898836265
2026-02-17,13,weekday_regular,2,553.096475716731,0.20312026284125265,63.10104166666667,196.40972535167427
2026-02-17,14,weekday_regular,2,454.4081958707746,0.16687778034181952,52.919448010269576,191.11964411666997
2026-02-17,15,weekday_regular,2,461.2397984348771,0.16938663181596664,80.18004807692307,248.92016049043892
2026-02-17,16,weekday_regular,2,478.35926803459705,0.1756736202844646,95.71812200956936,231.8970075368517
2026-02-17,17,weekday_regular,2,494.3638464635938,0.18155117387572303,120.19149414941494,221.6979470977867
2026-02-17,18,weekday_regular,2,483.06906132513296,0.17740325425087514,67.48115916341723,188.83230911827096
2026-02-17,19,weekday_regular,2,454.80298998115643,0.16702276532543386,49.526315789473685,137.71761500407518
2026-02-17,20,weekday_regular,2,457.3631578947369,0.16796296654231982,73.88157894736842,137.46708343040547
2026-02-17,21,weekday_regular,2,462.02108395989984,0.16967355268450232,61.17113095238095,93.96797612384896
2026-02-17,22,weekday_regular,2,435.0151190476191,0.15975582778098388,6.366666666666666,53.19669981551513
2026-02-17,23,weekday_regular,2,411.88360360360366,0.15126096349746737,3.3423423423423424,35.13692724199811
2026-02-18,0,weekday_regular,2,411.50886075949364,0.1511233421812316,8.772151898734178,45.16006568391754
2026-02-18,1,weekday_regular,2,418.3673973448595,0.15364208495955178,17.146341463414632,67.33263801897249
2026-02-18,2,weekday_regular,2,428.7927138005557,0.15747069915554746,34.835443037974684,102.92904950703196
2026-02-18,3,weekday_regular,2,449.0302811112938,0.16490278410256842,67.74025974025975,85.21424011971584
2026-02-18,4,weekday_regular,2,449.55800865800865,0.1650965878288684,36.154761904761905,65.50760993929549
2026-02-18,5,weekday_regular,2,447.99348370927316,0.16452202853810988,63.828947368421055,93.11214499795504
2026-02-18,6,weekday_regular,2,452.79956034868314,0.16628702179532984,48.169953503286834,75.05701159725143
2026-02-18,7,weekday_regular,2,488.51666561184106,0.1794038434123544,153.12171052631578,228.93696924546373
2026-02-18,8,weekday_regular,2,569.6778947368421,0.20920965653207568,251.0730263157895,316.86193846131874
2026-02-18,9,weekday_regular,2,682.424844253491,0.250615073174253,434.98908431793774,435.354271210775
2026-02-18,10,weekday_regular,2,714.6102487187495,0.2624349058827578,331.5365374789359,372.486396275208
2026-02-18,11,weekday_regular,2,597.7346722747168,0.2195132839789632,142.800143207856,274.66456268774965
2026-02-18,12,weekday_regular,2,483.90040240931756,0.17770855762369356,46.95086281543791,218.8271255733152
2026-02-18,13,weekday_regular,2,466.30312335198164,0.17124609744839575,98.80694556451613,239.31425418144175
2026-02-18,14,weekday_regular,2,478.3810365756616,0.175681614607294,77.1456458746378,208.64736639115017
2026-02-18,15,weekday_regular,2,587.0216935837078,0.215579028124755,370.4085880846317,394.1336102343408
2026-02-18,16,weekday_regular,2,655.2277096900466,0.24062714274331495,247.66068614048493,354.7689317439136
2026-02-18,17,weekday_regular,2,540.2281459994589,0.1983944715385453,82.90967885816237,237.3028561075836
2026-02-18,18,weekday_regular,2,492.0112399643176,0.18068719793034066,127.11842105263158,274.97026841392517
2026-02-18,19,weekday_regular,2,475.79124920735575,0.17473053588224596,42.359701965757765,158.10555225724667
2026-02-18,20,weekday_regular,2,444.3701965757768,0.1631914052793892,48.56578947368421,153.9090569700018
2026-02-18,21,weekday_regular,2,436.0393028024607,0.16013195108426762,21.532467532467532,123.59805622089816
2026-02-18,22,weekday_regular,2,425.35892002734107,0.15620966581980944,21.864832535885167,93.65337193883914
2026-02-18,23,weekday_regular,2,422.6090909090909,0.15519981304043,14.657894736842104,52.73733799990811
2026-02-19,0,weekday_regular,2,436.9901219512195,0.16048113182196824,72.47530487804877,84.09938478623806
2026-02-19,1,weekday_regular,2,462.1012330623306,0.16970298680217796,62.77777777777778,68.20097550379975
2026-02-19,2,weekday_regular,2,495.85470085470087,0.18209867824263712,156.85897435897436,140.4516508054419
2026-02-19,3,weekday_regular,2,542.0101282051282,0.19904889026996997,178.16634615384615,155.23619483129005
2026-02-19,4,weekday_regular,2,538.6378371628372,0.19781044332090972,148.42824675324675,130.4338388643622
2026-02-19,5,weekday_regular,2,514.0688880946294,0.18878769302042947,116.74397348332664,115.78745280975414
2026-02-19,6,weekday_regular,2,465.4937798695211,0.17094887251910434,26.99047619047619,70.17213402112847
2026-02-19,7,weekday_regular,2,489.716092025005,0.17984432318215388,177.29975387203638,237.24417408009373
2026-02-19,8,weekday_regular,2,546.8991969610685,0.200844361719085,169.94823853063474,213.67435037251636
2026-02-19,9,weekday_regular,2,601.6619518213911,0.22095554602327988,314.20664102284303,340.51692889602214
2026-02-19,10,weekday_regular,2,578.8406681050437,0.21257461186376927,112.89502923976607,199.67820464983237
2026-02-19,11,weekday_regular,2,500.4236346139611,0.18377658267130412,118.16405729513656,237.40994781950883
2026-02-19,12,weekday_regular,2,474.6852544493141,0.1743243681415035,48.549078828148595,205.1732431042987
2026-02-19,13,weekday_regular,2,529.781075839705,0.19455786846849246,255.90361077111385,420.9485167984072
2026-02-19,14,weekday_regular,2,750.4787477944333,0.27560732566817236,600.2932587149693,635.1867371032713
2026-02-19,15,weekday_regular,2,807.3857245386193,0.2965059583322142,398.17105263157896,456.7098856699787
2026-02-19,16,weekday_regular,2,688.0283242090161,0.2526729064300463,301.89975789096127,405.8321086679456
2026-02-19,17,weekday_regular,2,567.6949680914495,0.20848144256020915,97.33766233766234,241.1326747702395
2026-02-19,18,weekday_regular,2,482.82367253000166,0.17731313717590955,89.72151898734177,222.69638551456177
2026-02-19,19,weekday_regular,2,493.48860759493675,0.18122974939219125,124.0,197.0334802563208
2026-02-19,20,weekday_regular,2,518.3118421052632,0.19034588399018113,151.7796052631579,193.68270185114156
2026-02-19,21,weekday_regular,2,532.6117105263158,0.19559739644741678,159.74967105263158,201.5604342903767
2026-02-19,22,weekday_regular,2,533.1758177881413,0.19580456033350765,153.18987341772151,176.60137647379833
2026-02-19,23,weekday_regular,2,476.974825771583,0.17516519492162433,19.247191011235955,68.47628832136004
2026-02-20,0,weekday_regular,2,437.72974025974025,0.16075275073806106,74.32435064935065,109.30783514589496
2026-02-20,1,weekday_regular,2,506.2318679193147,0.1859096099593517,171.25531914893617,175.45136178666905
2026-02-20,2,weekday_regular,2,558.0826154644525,0.20495138283674347,203.9512195121951,180.1182114162478
2026-02-20,3,weekday_regular,2,508.7023268853378,0.1868168662817987,47.804597701149426,62.844203375880255
2026-02-20,4,weekday_regular,2,453.6668390804598,0.166605522982174,66.3625,79.15216464406271
2026-02-20,5,weekday_regular,2,461.94906249999997,0.1696471033786265,68.51015625,76.6920553449053
2026-02-20,6,weekday_regular,2,484.51018690191387,0.17793249610793752,122.76531100478468,154.25096977877078
2026-02-20,7,weekday_regular,2,534.3748942416286,0.19624491158341115,193.1719245992867,230.43937257812527
2026-02-20,8,weekday_regular,2,612.6597839979702,0.22499441204479256,318.4775353956389,333.9940872548456
2026-02-20,9,weekday_regular,2,679.4335267009005,0.24951653569625432,360.10628135661244,412.1113990165371
2026-02-20,10,weekday_regular,2,673.9787331574732,0.24751330633766921,304.8405515370705,504.83454115811486
2026-02-20,11,weekday_regular,2,676.5689025511506,0.2484645253584835,366.58170484080574,537.247464328535
2026-02-20,12,weekday_regular,2,621.7774187784275,0.22834279059068216,167.86184210526315,421.5940082122377
2026-02-20,13,weekday_regular,2,636.6291657636331,0.23379697604246533,403.71107230381944,513.4151442117948
2026-02-20,14,weekday_regular,2,737.3263567061056,0.2707772150958889,419.6048194614443,520.2671231398415
2026-02-20,15,weekday_regular,2,751.4140422276623,0.27595080507809855,438.93028610771114,471.0067548651624
2026-02-20,16,weekday_regular,2,625.7992135515929,0.229819762596986,105.56774777127085,191.01530803161015
2026-02-20,17,weekday_regular,2,519.615962744872,0.1908248118783959,173.4721590909091,310.0767698799973
2026-02-20,18,weekday_regular,2,508.93478468899525,0.18690223455343197,78.86480263157895,295.32078225618636
2026-02-20,19,weekday_regular,2,515.1630263157895,0.1891895065427064,189.0427631578947,315.6437350610603
2026-02-20,20,weekday_regular,2,547.7750000000001,0.2011659933896438,160.39473684210526,218.7221259226085
2026-02-20,21,weekday_regular,2,503.5756162558295,0.1849341227527835,78.54430379746836,147.89165967302236
2026-02-20,22,weekday_regular,2,573.765328261748,0.2107107338456658,335.8690168569013,334.20092109774953
2026-02-20,23,weekday_regular,2,603.6179850052747,0.22167388358621914,153.17594565628545,220.8729448327132
2026-02-21,0,weekend_regular,4,481.89856565656567,0.17697339906594406,184.74641414141416,288.5229743336129
2026-02-21,1,weekend_regular,4,538.7400913900914,0.19784799536911177,142.10381433381434,224.07136075834575
2026-02-21,2,weekend_regular,4,597.8824337324338,0.2195675481940631,147.85585585585585,220.565184589541
2026-02-21,3,weekend_regular,4,696.8023205123205,0.2558950864900186,247.29971694971695,273.0943742693141
2026-02-21,4,weekend_regular,4,710.8708961481974,0.2610616585193527,219.91785323110625,232.85987019423123
2026-02-21,5,weekend_regular,4,720.9719400741144,0.26477118621891826,167.3564241486068,157.91815727898776
2026-02-21,6,weekend_regular,4,682.6344125465869,0.25069203545596286,52.01203703703704,69.81187583287786
2026-02-21,7,weekend_regular,4,697.8605651074763,0.25628371836484626,285.36509835194045,282.01884509076143
2026-02-21,8,weekend_regular,4,692.5812035421293,0.25434491499894574,206.71944931773876,206.53947436938824
2026-02-21,9,weekend_regular,4,718.3375453659402,0.26380372580460526,231.74727870813396,301.05638005796436
2026-02-21,10,weekend_regular,4,804.855009324983,0.2955765733841289,268.30569693464435,518.3989869134405
2026-02-21,11,weekend_regular,4,777.2568271270641,0.2854413614128036,216.36964285714285,386.38727578038254
2026-02-21,12,weekend_regular,4,783.7157078127266,0.2878133337542147,222.86665103189495,435.5821257305078
2026-02-21,13,weekend_regular,4,818.1180413775771,0.3004473159667929,317.75311262026037,492.7881145547547
2026-02-21,14,weekend_regular,4,863.8149174393258,0.31722912869604325,382.5478870890161,462.02379715373024
2026-02-21,15,weekend_regular,4,874.4985076648898,0.32115259187105755,243.07861842105265,334.4799712547913
2026-02-21,16,weekend_regular,4,889.1266646527762,0.32652466568225347,259.4370435016112,357.0191428929146
2026-02-21,17,weekend_regular,4,815.5516704374502,0.2995048367379545,133.81562708194537,295.005822336512
2026-02-21,18,weekend_regular,4,714.0746208650016,0.26223820083180377,128.85526315789474,298.0846686105298
2026-02-21,19,weekend_regular,4,684.1589629702648,0.2512519144216911,168.28947368421052,265.79403995091354
2026-02-21,20,weekend_regular,4,633.431513990673,0.23262266397013331,132.6184210526316,206.61329384071465
2026-02-21,21,weekend_regular,4,681.2723979591838,0.25019184647784937,253.41783700322233,315.4376364731515
2026-02-21,22,weekend_regular,4,704.7722663802364,0.25882198544995827,187.60493421052632,232.44679389115177
2026-02-21,23,weekend_regular,4,719.4827926960259,0.2642243087389004,205.06578947368425,261.0375681136149
2026-02-22,0,weekend_regular,4,488.9424223208624,0.17956019916300492,202.356055802156,266.38536970277585
2026-02-22,1,weekend_regular,4,631.2234349790903,0.23181176459019107,355.7025316455696,325.0338153724263
2026-02-22,2,weekend_regular,4,739.0442244527744,0.2714080883043608,269.5519736842105,262.4872783092419
2026-02-22,3,weekend_regular,4,804.4690162582375,0.29543482051349157,163.56197951365755,160.9558837297175
2026-02-22,4,weekend_regular,4,762.3237553803083,0.2799573100919237,96.99290360733296,106.38615782230168
2026-02-22,5,weekend_regular,4,644.1101177220804,0.2365442958949983,60.1684375,74.91519385213448
2026-02-22,6,weekend_regular,4,561.8160165600846,0.2063224445685217,63.81672077922078,89.4260513074511
2026-02-22,7,weekend_regular,4,569.5035931756743,0.20914564567597294,182.7809210526316,158.88982484332823
2026-02-22,8,weekend_regular,4,623.074379692528,0.22881908912689242,230.91986989946776,205.87285583070448
2026-02-22,9,weekend_regular,4,750.7055761210995,0.2756906265593461,379.24642857142857,314.3547511557133
2026-02-22,10,weekend_regular,4,789.2464202769437,0.28984444373005647,160.16883116883116,184.9029495166551
2026-02-22,11,weekend_regular,4,738.8852713680861,0.271349714053649,56.8780487804878,129.11153116124171
2026-02-22,12,weekend_regular,4,672.0688793376514,0.24681192777732333,63.87888982338099,165.19761098424712
2026-02-22,13,weekend_regular,4,565.3761337886268,0.20762986918421844,112.51456469886703,206.6445724006287
2026-02-22,14,weekend_regular,4,559.9565020605354,0.20563955272145992,146.61975184860256,210.91066638369907
2026-02-22,15,weekend_regular,4,589.8440630361451,0.21661552076244772,131.5969512195122,211.7197222091336
2026-02-22,16,weekend_regular,4,654.7135597383717,0.24043832528034217,226.05263157894737,279.01827057548087
2026-02-22,17,weekend_regular,4,637.4521972966216,0.23409922779897968,69.36115859449193,149.05651061915478
2026-02-22,18,weekend_regular,4,609.6388420117261,0.22388499523016014,77.08636363636364,130.0309086308847
2026-02-22,19,weekend_regular,4,598.579282303142,0.21982346026556812,103.94805194805195,158.6442307612435
2026-02-22,20,weekend_regular,4,547.4477033557736,0.20104579631133807,98.22368421052632,127.1761361776596
2026-02-22,21,weekend_regular,4,544.2874504442925,0.1998852186721603,61.46052631578947,94.03993664775564
2026-02-22,22,weekend_regular,4,534.4118793487214,0.19625849406857196,52.3974358974359,74.59994665603159
2026-02-22,23,weekend_regular,4,505.7484480431849,0.18573207787116597,32.28947368421053,52.553000333602114
2026-02-23,0,weekday_regular,2,502.4103947368421,0.18450620445715832,236.02598684210523,191.75225692621788
2026-02-23,1,weekday_regular,2,649.4576315789474,0.23850812764559212,367.61809210526314,285.5748819184636
2026-02-23,2,weekday_regular,2,729.7943421052632,0.2680111428957999,436.86776315789473,328.35581395985344
2026-02-23,3,weekday_regular,2,684.2944736842105,0.25130167964899397,253.8684210526316,200.2562744868905
2026-02-23,4,weekday_regular,2,589.0367105263158,0.21631902700195219,198.72335526315788,163.49349597350815
2026-02-23,5,weekday_regular,2,518.754458384333,0.1905084312832659,78.16279069767442,82.38678716477435
2026-02-23,6,weekday_regular,2,518.1762812341404,0.1902961003430556,197.2779123876765,189.24272312801943
2026-02-23,7,weekday_regular,2,636.2087537989753,0.2336425831064911,373.2439721097616,530.0148243446313
2026-02-23,8,weekday_regular,2,692.9155154824836,0.25446768838871964,339.044816596447,483.6076264022612
2026-02-23,9,weekday_regular,2,695.2126634806841,0.2553112976425575,378.9868421052632,462.15104826377984
2026-02-23,10,weekday_regular,2,649.1915789473685,0.23841042194174386,223.9921052631579,318.306233324996
2026-02-23,11,weekday_regular,2,584.2044211490265,0.21454440732612065,216.51894760940817,341.774750603253
2026-02-23,12,weekday_regular,2,539.26714131578,0.1980415502445024,111.6489056800417,324.4943478349537
2026-02-23,13,weekday_regular,2,495.02911824995357,0.1817954896253961,105.923889944842,349.5028236261479
2026-02-23,14,weekday_regular,2,530.0463242706198,0.19465527883607045,199.1919207317073,386.7907676259899
2026-02-23,15,weekday_regular,2,582.0893829002977,0.21376767642317213,236.03153651903656,415.1559919304752
2026-02-23,16,weekday_regular,2,620.6707599710232,0.22793637898311542,295.64536340852135,457.98291862010825
2026-02-23,17,weekday_regular,2,611.1298987745545,0.22443257391647245,212.17938352786456,333.7685788450258
2026-02-23,18,weekday_regular,2,576.4925326319251,0.21171227786703087,209.05194805194805,268.21875174366403
2026-02-23,19,weekday_regular,2,564.7994634313056,0.20741809160165467,182.9467105263158,220.5765294751535
2026-02-23,20,weekday_regular,2,543.7070792722548,0.19967208199495218,156.320987654321,186.0645292126605
2026-02-23,21,weekday_regular,2,549.211939365526,0.20169369789406022,196.7088607594937,194.6122478421047
2026-02-23,22,weekday_regular,2,518.5692585895118,0.19044041813790372,79.71428571428571,93.7217415277188
2026-02-23,23,weekday_regular,2,460.00000000000006,0.1689313257436651,50.285714285714285,70.27482268024514
2026-02-24,0,weekday_regular,2,462.5473684210526,0.1698668264491563,136.3684210526316,121.42257710446115
2026-02-24,1,weekday_regular,2,658.0209210526316,0.24165292730541005,488.68388157894736,364.6270968543861
2026-02-24,2,weekday_regular,2,711.8788157894737,0.26143180895683943,271.0131578947368,213.3963578153325
2026-02-24,3,weekday_regular,2,578.3263157894737,0.2123857200842724,154.80263157894737,130.34083808618408
2026-02-24,4,weekday_regular,2,529.5513057961359,0.19447348725528313,149.0756329113924,132.28559943952405
2026-02-24,5,weekday_regular,2,481.9527021441488,0.17699328025859304,35.80612244897959,55.74913097015403
2026-02-24,6,weekday_regular,2,474.6583464154893,0.17431448638100966,130.8397435897436,128.37079450130193
2026-02-24,7,weekday_regular,2,603.9156940866152,0.22178321486838604,358.94949162679427,340.4014183106207
2026-02-24,8,weekday_regular,2,794.8676550899193,0.29190879731543123,608.2196460980036,519.6057194374732
2026-02-24,9,weekday_regular,2,925.1743347260726,0.33976288458541043,684.7161907171776,581.5634409828842
2026-02-24,10,weekday_regular,2,870.4172571726521,0.3196537852268278,471.32695221445226,507.1246529808713
2026-02-24,11,weekday_regular,2,699.5910668424028,0.25691923130459154,257.65071489155457,415.3997433576619
2026-02-24,12,weekday_regular,2,578.0585759854915,0.2122873947798353,167.49572507217408,356.1314089730768
2026-02-24,13,weekday_regular,2,571.7833634682822,0.2099828731062366,241.9626835985312,432.3289153820339
2026-02-24,14,weekday_regular,2,598.703168980973,0.21986895665845502,234.7952388539011,389.8353823540653
2026-02-24,15,weekday_regular,2,610.6385492620686,0.22425212973267303,271.8011343012704,448.05208225478594
2026-02-24,16,weekday_regular,2,587.3760040035585,0.21570914579638578,176.6388757076257,474.79051636362664
2026-02-24,17,weekday_regular,2,526.4882398734128,0.19334860076144428,119.58172397590634,279.1714564651135
2026-02-24,18,weekday_regular,2,547.743215906152,0.201154320935054,229.77631578947367,312.2859067266495
2026-02-24,19,weekday_regular,2,744.6734210526316,0.27347536579237297,611.9072368421052,545.1700935788128
2026-02-24,20,weekday_regular,2,892.2581501547988,0.3276746787200877,598.7381385448916,512.2250830268463
2026-02-24,21,weekday_regular,2,732.8207291021672,0.2691225593471051,213.31368421052633,214.84502212762612
2026-02-24,22,weekday_regular,2,608.3644210526317,0.2234169743123877,287.59736842105264,231.8379104179033
2026-02-24,23,weekday_regular,2,654.9470512820513,0.2405240731847416,329.77025978407556,263.0670856804069
2026-02-25,0,weekday_regular,2,544.1530847953217,0.19983587396082322,340.3827119883041,260.8162781415203
2026-02-25,1,weekday_regular,2,642.7404265674736,0.23604128775889593,246.46835443037975,194.50684408182548
2026-02-25,2,weekday_regular,2,574.5725760468631,0.21100718914684652,169.96308568677793,143.23069103967742
2026-02-25,3,weekday_regular,2,512.9389522234292,0.1883727330971095,92.38429487179488,90.19492123900903
2026-02-25,4,weekday_regular,2,468.408717948718,0.17201936024558134,58.6375,64.73339728985371
2026-02-25,5,weekday_regular,2,478.81956043956046,0.17584265899359547,118.4114010989011,111.13019821499232
2026-02-25,6,weekday_regular,2,541.0957030396505,0.19871307493193188,214.32785650022493,199.46953269818232
2026-02-25,7,weekday_regular,2,609.853936318,0.22396398689607053,290.30698429477496,383.70941101258313
2026-02-25,8,weekday_regular,2,635.9850631024229,0.2335604344849148,279.6556734612822,337.99015757846576
2026-02-25,9,weekday_regular,2,612.1503679271916,0.22480733306176703,230.72024635669672,287.2971508898343
2026-02-25,10,weekday_regular,2,569.1887724645601,0.209030030284451,172.25168480470336,297.23815283054535
2026-02-25,11,weekday_regular,2,676.3301633955656,0.2483768503105272,498.57372368421056,553.023485615063
2026-02-25,12,weekday_regular,2,924.6679151496976,0.33957690604102003,793.0960641900334,795.8844792636246
2026-02-25,13,weekday_regular,2,896.0184526665666,0.3290556197820663,426.9500674763833,482.17541540761783
2026-02-25,14,weekday_regular,2,701.3277915632755,0.2575570295862194,306.3694114318053,442.6227331116303
2026-02-25,15,weekday_regular,2,597.1725426427533,0.2193068463616428,166.56194517507808,326.49694648258287
2026-02-25,16,weekday_regular,2,530.094476401225,0.1946729623214194,138.67424582798458,265.22576062370393
2026-02-25,17,weekday_regular,2,569.1726443325608,0.20902410735679794,264.25736500341765,404.4091968568968
2026-02-25,18,weekday_regular,2,747.5004374572795,0.2745135649861475,584.4937286397812,543.6476735440192
2026-02-25,19,weekday_regular,2,861.5950157814322,0.3164138875436769,549.4938108137992,525.683999139475
2026-02-25,20,weekday_regular,2,781.9079190623618,0.28714943777538077,385.2759868421053,374.93283334958153
2026-02-25,21,weekday_regular,2,666.3769210526316,0.244721601561745,260.6663157894737,288.050097162595
2026-02-25,22,weekday_regular,2,610.2511513157895,0.22410986093124843,244.9615625,217.36620805031848
2026-02-25,23,weekday_regular,2,633.5789287974683,0.23267680088045106,318.9857594936709,259.0648543247518
2026-02-26,0,weekday_special,4,534.4311842105263,0.19626558362487195,316.0779605263158,247.21925473533184
2026-02-26,1,weekday_special,4,611.6022685478757,0.22460604794266462,192.9277108433735,157.0283935711321
2026-02-26,2,weekday_special,4,658.2862159162968,0.24175035472504472,116.70986842105263,103.6759038758079
2026-02-26,3,weekday_special,4,670.7016005316814,0.24630980555698911,31.03846153846154,43.70591905833177
2026-02-26,4,weekday_special,4,569.670416321155,0.20920691014364856,63.5,66.9983797507987
2026-02-26,5,weekday_special,4,526.3486826331564,0.1932973494796755,84.62337662337663,81.21535961756115
2026-02-26,6,weekday_special,4,554.6658088650498,0.2036965879049026,187.50268400078636,158.35532870700382
2026-02-26,7,weekday_special,4,625.9268577325513,0.22986663890288334,209.19108370721537,343.74729320989934
2026-02-26,8,weekday_special,4,729.7161101388685,0.2679824128310204,322.97313101579294,454.0419111720338
2026-02-26,9,weekday_special,4,751.283937126102,0.27590302501876685,138.54294409146053,298.92484738547137
2026-02-26,10,weekday_special,4,791.9984161573666,0.29085509223553674,289.2888815789474,546.7940458198168
2026-02-26,11,weekday_special,4,871.1348062242126,0.31991729938458047,407.0320588743307,650.3081971323616
2026-02-26,12,weekday_special,4,877.606796507954,0.32229408612117294,339.15310672514624,655.4406305109528
2026-02-26,13,weekday_special,4,952.0900257862634,0.3496474571378125,324.75101728723405,634.2933105152771
2026-02-26,14,weekday_special,4,975.4648678915265,0.35823168119409715,347.72598684210527,609.0472056229598
2026-02-26,15,weekday_special,4,950.0269013918268,0.34888979118319013,343.4371426250812,662.2501937291697
2026-02-26,16,weekday_special,4,900.8174768835864,0.33081802309349484,216.12954545454545,517.1360233583976
2026-02-26,17,weekday_special,4,805.2104376460552,0.29570710159605407,85.73341919340595,344.725984918762
2026-02-26,18,weekday_special,4,837.5705562127672,0.30759109666278633,428.6262832588852,504.2202005067976
2026-02-26,19,weekday_special,4,844.2850412679979,0.310056937667278,360.2233552631579,383.5876446422417
2026-02-26,20,weekday_special,4,857.5480980861797,0.3149276893449062,249.2871875,296.12218689618555
2026-02-26,21,weekday_special,4,891.0561339175892,0.3272332478580937,169.50350877192983,217.49826100613384
2026-02-26,22,weekday_special,4,761.6529890350878,0.2797109765093969,105.11842105263158,138.3962896622814
2026-02-26,23,weekday_special,4,713.6531206140352,0.2620834082313754,240.22368421052633,215.75784455625936
2026-02-27,0,weekday_regular,2,615.426052631579,0.2260103021048766,518.5651315789473,406.1724037873918
2026-02-27,1,weekday_regular,2,780.5102631578948,0.286636159808261,412.7105263157895,322.26403979131555
2026-02-27,2,weekday_regular,2,706.7352494873548,0.25954287531669296,334.1275974025974,273.02359805513646
2026-02-27,3,weekday_regular,2,639.5689876789877,0.23487660215901127,244.7948717948718,196.18232508456612
2026-02-27,4,weekday_regular,2,538.3653171390014,0.19771036251891347,81.11842105263158,80.47004202660722
2026-02-27,5,weekday_regular,2,588.8893421052632,0.2162649071264279,371.1049342105263,290.9932064702018
2026-02-27,6,weekday_regular,2,713.379956622325,0.261983090937321,392.3449573452863,309.8469090510755
2026-02-27,7,weekday_regular,2,732.5359896223728,0.2690179910475111,418.99501671064553,421.98281385291045
2026-02-27,8,weekday_regular,2,696.4782202864455,0.255776063270821,302.2005340054682,333.0314615853753
2026-02-27,9,weekday_regular,2,609.0603325040933,0.22367254223433464,200.45029725476485,344.85166883470094
2026-02-27,10,weekday_regular,2,551.091405857844,0.20238391695109953,157.2782173898453,320.60586665865327
2026-02-27,11,weekday_regular,2,593.6480315953144,0.21801249783155136,306.8418615984406,532.9324476080021
2026-02-27,12,weekday_regular,2,698.2965771752615,0.25644384031408796,418.899581339713,587.5843142590918
2026-02-27,13,weekday_regular,2,731.3661396379778,0.26858837298493493,389.5157677552314,558.5049076917903
2026-02-27,14,weekday_regular,2,696.1275480543871,0.25564728169459683,330.80310238073645,554.5844629100368
2026-02-27,15,weekday_regular,2,620.3843744205807,0.2278312061772239,200.15783367071523,417.3009173167068
2026-02-27,16,weekday_regular,2,533.0006548942285,0.19574023315983421,112.3438035648562,333.5749998000226
2026-02-27,17,weekday_regular,2,545.8984305168516,0.20047683823608212,232.40227272727273,385.78017589992066
2026-02-27,18,weekday_regular,2,725.010961722488,0.2662544846575424,560.1251315789473,588.5930129320707
2026-02-27,19,weekday_regular,2,792.912947368421,0.29119094651796584,402.1572368421053,401.8593025874582
2026-02-27,20,weekday_regular,2,662.5819816106531,0.24332794036380945,234.2977171845276,268.01704416525996
2026-02-27,21,weekday_regular,2,598.2364232024374,0.21969754799942617,241.29334082156612,261.30546805021
2026-02-27,22,weekday_regular,2,637.1956124735341,0.23400499907217556,331.6956903622693,341.2816959700549
2026-02-27,23,weekday_regular,2,579.0835393028024,0.2126638043712091,96.01315789473684,225.77715988320756
2026-02-28,0,weekend_regular,4,430.33451032644905,0.1580369116145608,55.83627581612259,250.09980053254816
2026-02-28,1,weekend_regular,4,476.872930239869,0.1751277746014943,116.3460497835498,326.01398104046797
2026-02-28,2,weekend_regular,4,514.27241676105,0.18886243729748436,93.4987163029525,280.01042772076636
2026-02-28,3,weekend_regular,4,543.0092588663131,0.1994158130247202,71.84210526315789,147.99651101134253
2026-02-28,4,weekend_regular,4,581.4642222240747,0.2135380911583087,151.97368421052633,178.46634664587796
2026-02-28,5,weekend_regular,4,556.0686594535118,0.2042117735782269,52.857142857142854,101.11339492564922
2026-02-28,6,weekend_regular,4,583.8425939849624,0.21441152919021755,162.93355263157895,146.85077444383472
2026-02-28,7,weekend_regular,4,623.9040802764487,0.22912379003909242,171.99582099187364,164.14327014732402
2026-02-28,8,weekend_regular,4,619.4777129045306,0.22749824197742585,140.9077657807309,148.8196797211375
2026-02-28,9,weekend_regular,4,648.7478107079617,0.23824745160042662,126.0323873657207,162.76446078924437
2026-02-28,10,weekend_regular,4,662.4068728624379,0.24326363307471094,197.08120801776968,251.16786094653932
2026-02-28,11,weekend_regular,4,688.4544958540881,0.2528294145626471,237.114878470999,401.4272477949844
2026-02-28,12,weekend_regular,4,725.5565876348419,0.2664548614156599,233.6629952326155,390.9872433307431
2026-02-28,13,weekend_regular,4,794.8856063727642,0.29191538978066994,299.35493421052627,443.1923854894028
2026-02-28,14,weekend_regular,4,778.7149327822905,0.28597683906804644,156.65452404158546,311.98440330724424
2026-02-28,15,weekend_regular,4,775.5978544133341,0.2848321169347536,229.322182548608,371.8842305840899
2026-02-28,16,weekend_regular,4,774.5456860155716,0.2844457164948849,231.03257423820924,359.2593564993316
2026-02-28,17,weekend_regular,4,780.813698660821,0.2867475940730154,315.02496582365006,430.57559409202133
2026-02-28,18,weekend_regular,4,841.889470497821,0.309177183436585,309.3439536340852,406.3048940431519
2026-02-28,19,weekend_regular,4,815.2550711625884,0.29939591302335233,162.73618421052632,233.3035915991572
2026-02-28,20,weekend_regular,4,792.3680940988836,0.29099085350675125,173.81513157894736,206.4124189635591
2026-02-28,21,weekend_regular,4,723.8859282822441,0.2658413251128329,143.81955128205126,189.97058291199343
2026-02-28,22,weekend_regular,4,749.2448452052333,0.2751541847981026,372.7412459415584,410.2436221004709
2026-02-28,23,weekend_regular,4,868.1287925736544,0.3188133648819884,459.94605263157894,523.4193285701637
2026-03-01,0,weekend_regular,4,550.2142587899905,0.2020617916966546,355.53564697497626,393.8058267419579
2026-03-01,1,weekend_regular,4,652.5246501530135,0.2396344657190648,255.77597840755735,390.24272971881294
2026-03-01,2,weekend_regular,4,711.4486717454561,0.2612738419924554,147.3100539811066,246.00715390174943
2026-03-01,3,weekend_regular,4,732.4963849018649,0.2690034465302478,52.619282891022024,147.06697828031756
2026-03-01,4,weekend_regular,4,634.1499920730737,0.23288651930704138,109.66966490299824,156.3861383649862
2026-03-01,5,weekend_regular,4,545.014991890705,0.20015240245710797,32.938477951635846,68.6596105634099
2026-03-01,6,weekend_regular,4,537.9216281929993,0.19754742129746575,129.5766447368421,118.5071012224672
2026-03-01,7,weekend_regular,4,607.6484719986158,0.2231540477409533,226.9363924050633,190.3833082261554
2026-03-01,8,weekend_regular,4,623.0386893707498,0.2288059821412963,148.14520833333333,144.25369759066575
2026-03-01,9,weekend_regular,4,642.1125273235351,0.23581069677691338,80.62307283359914,99.41858989407932
2026-03-01,10,weekend_regular,4,692.5937115340614,0.25434950845907506,255.7796052631579,286.8946472163421
2026-03-01,11,weekend_regular,4,681.012010556762,0.2500962212841579,197.98213996181477,176.509239500523
2026-03-01,12,weekend_regular,4,680.4520346639968,0.24989057461035502,146.74526860142018,152.60048870832517
2026-03-01,13,weekend_regular,4,702.8628515039243,0.2581207680881103,136.65011493341788,143.95634606268771
2026-03-01,14,weekend_regular,4,641.0431501692829,0.23541797655867897,101.23035192655446,117.323744418991
2026-03-01,15,weekend_regular,4,608.8646797989427,0.2236006903411468,117.53596403596404,165.11338772569377
2026-03-01,16,weekend_regular,4,661.085827814087,0.24277848983256958,277.2981386392811,286.02867091947326
2026-03-01,17,weekend_regular,4,686.5213417238747,0.25211947914942145,200.23889970788704,199.19101948636435
2026-03-01,18,weekend_regular,4,710.7696168077039,0.2610244644905266,161.85103963612735,158.0500745068993
2026-03-01,19,weekend_regular,4,684.2711153092024,0.25129310147234757,51.28971028971029,82.08047729816846
2026-03-01,20,weekend_regular,4,584.1729124850689,0.2145328360209581,27.05263157894737,54.14228101607799
2026-03-01,21,weekend_regular,4,518.560469485031,0.19043719040948623,36.20779220779221,57.00397460864761
2026-03-01,22,weekend_regular,4,459.98301659354297,0.16892508872329892,15.407407407407408,35.04171624472724
2026-03-01,23,weekend_regular,4,448.1829219513431,0.16459159821936947,21.789473684210527,46.341767872679355
2026-03-02,0,weekday_regular,2,435.4684210526316,0.1599222993215687,68.67105263157895,74.03441920999114
2026-03-02,1,weekday_regular,2,448.0263157894737,0.16453408585731683,31.394736842105264,49.64914946606024
2026-03-02,2,weekday_regular,2,443.03384410393073,0.16270064050823752,56.18987341772152,63.02005868226843
2026-03-02,3,weekday_regular,2,455.325332083138,0.16721459129017185,62.123456790123456,66.03479950389053
2026-03-02,4,weekday_regular,2,532.9165255731923,0.19570933733866774,250.16785714285712,199.37403105861677
2026-03-02,5,weekday_regular,2,550.7081684981686,0.2022431760918724,106.6025641025641,108.11908247374242
2026-03-02,6,weekday_regular,2,503.5096373488667,0.18490989252620885,132.1715292696026,140.69071986755654
2026-03-02,7,weekday_regular,2,541.6553222341569,0.1989185906111483,201.96677631578947,244.53220838644617
2026-03-02,8,weekday_regular,2,543.5182162303321,0.19960272355135222,136.82876426004063,204.0546730377083
2026-03-02,9,weekday_regular,2,556.6668534968458,0.20443145556255812,234.8383694820737,276.97995424916496
2026-03-02,10,weekday_regular,2,639.3341005670209,0.2347903417433055,343.4968819354784,415.72166356581226
2026-03-02,11,weekday_regular,2,631.1355948794545,0.23177950601522385,214.3421052631579,410.8939464906768
2026-03-02,12,weekday_regular,2,550.6019781256939,0.20220417852577816,142.16284005107704,347.10042343763723
2026-03-02,13,weekday_regular,2,523.8964236891168,0.19239677696992905,147.57821917171498,298.1565553105243
2026-03-02,14,weekday_regular,2,513.421162668686,0.18854982103146747,115.9746875,287.072234785364
2026-03-02,15,weekday_regular,2,533.279585763395,0.19584266829357141,197.22427690848744,394.18333531904057
2026-03-02,16,weekday_regular,2,603.658163260686,0.22168863872959457,291.9211312432275,452.0915010101172
2026-03-02,17,weekday_regular,2,600.1730479018863,0.22040875795148232,188.51148851148852,351.4228029335562
2026-03-02,18,weekday_regular,2,548.0570954045954,0.2012695906737405,161.63125,276.67092861243475
2026-03-02,19,weekday_regular,2,512.2678846153846,0.1881262888782169,99.03846153846152,199.4786949541316
2026-03-02,20,weekday_regular,2,548.4785425101214,0.20142436375693037,252.1578947368421,269.0931097165495
2026-03-02,21,weekday_regular,2,614.7862348178137,0.2257753341233249,264.8076923076923,253.464465926824
2026-03-02,22,weekday_regular,2,634.71241902834,0.2330930661139699,301.9733552631579,257.8438467538222
2026-03-02,23,weekday_regular,2,645.0267871419054,0.23688093541751942,290.5936125916056,258.41878342654934
2026-03-03,0,weekday_regular,2,470.979875,0.1729635971355123,157.4496875,138.4569986956077
2026-03-03,1,weekday_regular,2,520.579875,0.19117880095482923,124.0,112.19529859814986
2026-03-03,2,weekday_regular,2,592.4881818181818,0.2175865522652155,337.2204545454546,263.8577680876776
2026-03-03,3,weekday_regular,2,679.2144976076555,0.249436099011258,340.8157894736842,261.1194323812847
2026-03-03,4,weekday_regular,2,617.9210593792172,0.22692657340404598,183.98685897435897,154.75548364948264
2026-03-03,5,weekday_regular,2,518.2664102564103,0.1903291995065774,91.67916666666666,93.55640165156944
2026-03-03,6,weekday_regular,2,479.2095906926407,0.17598589448866717,86.34481006493506,109.75078396350573
2026-03-03,7,weekday_regular,2,592.7734580817016,0.21769131769434508,375.58883513931886,442.721196172501
2026-03-03,8,weekday_regular,2,839.1830839700757,0.30818328460157024,702.3688747858703,592.7549227224309
2026-03-03,9,weekday_regular,2,811.7584011164274,0.29811178887859985,307.02712800519816,370.9644038816285
2026-03-03,10,weekday_regular,2,696.5814846732294,0.25581398629204166,414.4265836778754,477.32951394508706
2026-03-03,11,weekday_regular,2,650.886291365887,0.23903279154090598,192.7891447368421,326.4520845518648
2026-03-03,12,weekday_regular,2,553.8967645074224,0.20341416250731634,171.9527665317139,426.6955937145203
2026-03-03,13,weekday_regular,2,536.7538141547366,0.1971185509198445,149.93176885512753,333.8787749754927
2026-03-03,14,weekday_regular,2,583.4469315636435,0.21426622532634723,288.68556005398113,477.5319378160845
2026-03-03,15,weekday_regular,2,657.5651223321838,0.24148553886602417,335.22724577647824,523.240288388612
2026-03-03,16,weekday_regular,2,612.5174656905798,0.2249421467831729,176.06641844997108,438.49984829197007
2026-03-03,17,weekday_regular,2,541.7838501217266,0.19896579145124002,158.39320685434515,382.028939334524
2026-03-03,18,weekday_regular,2,542.0501308430039,0.1990635809192082,176.73212025316454,352.145218336889
2026-03-03,19,weekday_regular,2,619.5849260233438,0.22753761513894372,352.2301948051948,377.4575301366415
2026-03-03,20,weekday_regular,2,608.5096728587869,0.22347031687799737,149.04398734177215,198.1827583099209
2026-03-03,21,weekday_regular,2,508.39195391106784,0.18670288428610643,101.93589743589745,130.4746854354008
2026-03-03,22,weekday_regular,2,463.29208049334636,0.17014031600930826,36.29430379746835,69.02159188129701
2026-03-03,23,weekday_regular,2,483.18480894093204,0.17744576163824166,151.66771855486172,143.0809932072807
2026-03-04,0,weekday_regular,2,463.05894736842106,0.17005469973133347,137.64736842105262,124.59537534042256
2026-03-04,1,weekday_regular,2,533.5735152696557,0.19595061155697968,176.28641975308642,152.78147881172978
2026-03-04,2,weekday_regular,2,556.1508016674684,0.20424193965019038,194.0905844155844,158.981172610711
2026-03-04,3,weekday_regular,2,535.1790909090909,0.19654024638600473,123.85714285714286,111.52591482863252
2026-03-04,4,weekday_regular,2,518.7516559544022,0.19050740211325823,153.02199702886247,135.9269991353468
2026-03-04,5,weekday_regular,2,656.8355570241906,0.2412176118340766,469.06689553161425,398.4894554477144
2026-03-04,6,weekday_regular,2,803.0568290628481,0.29491620604584945,518.575177125506,418.38429935558815
2026-03-04,7,weekday_regular,2,719.4959902784026,0.26422915544561243,260.1647985705003,308.90109060962766
2026-03-04,8,weekday_regular,2,584.886982312684,0.21479507246150717,182.05265721120983,233.20286441487593
2026-03-04,9,weekday_regular,2,563.2756204741102,0.20685847244734124,206.1363939740656,344.5793068181813
2026-03-04,10,weekday_regular,2,566.7086767729121,0.20811923495149176,190.6352979582146,360.19097062453716
2026-03-04,11,weekday_regular,2,588.7346593081957,0.21620810110473582,261.2013503122744,386.536477226211
2026-03-04,12,weekday_regular,2,606.1303555726199,0.22259653160948215,234.12453861927543,406.0720588106374
2026-03-04,13,weekday_regular,2,562.2574378253325,0.20648455300232557,151.51905594405594,304.1125361532902
2026-03-04,14,weekday_regular,2,544.7838390767777,0.20006751343252943,190.44054174788823,393.9654681125071
2026-03-04,15,weekday_regular,2,538.3954039076829,0.19772141164439327,135.54796802131912,367.96081595332544
2026-03-04,16,weekday_regular,2,576.8497074246308,0.21184344745671346,286.57630054025793,471.9296553599793
2026-03-04,17,weekday_regular,2,607.745125479261,0.22318954295969923,212.78651315789477,422.6625266214792
2026-03-04,18,weekday_regular,2,544.6340857826383,0.20001251773141326,128.7987012987013,307.2045422176374
2026-03-04,19,weekday_regular,2,476.52948051948044,0.17500164543499097,42.525,142.1770689438507
2026-03-04,20,weekday_regular,2,447.72447368421047,0.16442323675512688,56.786184210526315,129.61660973178695
2026-03-04,21,weekday_regular,2,449.9896684894053,0.16525511145405997,48.187987012987016,110.09196598018124
2026-03-04,22,weekday_regular,2,486.41453691045785,0.1786318534375534,147.84835526315788,154.51141691057308
2026-03-04,23,weekday_regular,2,537.0509210526316,0.197227661054951,174.77894736842106,164.25269107186435
2026-03-05,0,weekday_regular,2,495.41547619047617,0.18193737649301364,218.53869047619048,180.0805332396644
2026-03-05,1,weekday_regular,2,555.6178812537673,0.20404622888496782,150.50601265822786,131.31889122832283
2026-03-05,2,weekday_regular,2,484.73151898734176,0.17801377854841782,41.322784810126585,56.16001550459626
2026-03-05,3,weekday_regular,2,436.4038127192314,0.16026581443967367,29.686746987951807,42.75971887298027
2026-03-05,4,weekday_regular,2,427.6418040583386,0.15704803674562565,19.417763157894736,40.12650034812424
2026-03-05,5,weekday_regular,2,433.3934210526316,0.15916027214565978,44.06578947368421,61.935188925223144
2026-03-05,6,weekday_regular,2,460.5130479162578,0.16911973849293346,87.21683031696027,118.46318714364902
2026-03-05,7,weekday_regular,2,477.09492434646376,0.17520930016396025,85.52048054919909,187.35813493962436
2026-03-05,8,weekday_regular,2,545.1041729056603,0.20018515347251573,257.23995171495176,298.1613159597632
2026-03-05,9,weekday_regular,2,680.5932912701334,0.2499424499706696,424.2432764603817,445.8314218132142
2026-03-05,10,weekday_regular,2,734.5891526894159,0.26977199878421443,392.2296052631579,449.3958023559561
2026-03-05,11,weekday_regular,2,625.2511190104548,0.22961847925466572,150.89819226297905,376.6395321797138
2026-03-05,12,weekday_regular,2,480.2526979578232,0.1763689672999718,29.73355263157895,277.7326327815913
2026-03-05,13,weekday_regular,2,471.5075187969925,0.1731573701053957,129.03524436090223,361.5367019877932
2026-03-05,14,weekday_regular,2,550.8529708887604,0.20229635361320616,228.09718286099863,441.3703606702464
2026-03-05,15,weekday_regular,2,592.6555176402545,0.21764800500927453,233.5416112396376,490.4699055595422
2026-03-05,16,weekday_regular,2,563.4825672765403,0.20693447200754325,155.16480695171325,465.2834254709759
2026-03-05,17,weekday_regular,2,487.85220224655257,0.17915982454886248,44.46569866466821,300.9665259028329
2026-03-05,18,weekday_regular,2,489.3810163079726,0.17972126930149562,158.98684210526315,293.527857150082
2026-03-05,19,weekday_regular,2,504.98013157894735,0.18544991978661304,83.46348684210527,196.84391406640916
2026-03-05,20,weekday_regular,2,499.7426374940849,0.18352649191850345,145.89310689310688,196.08123159968193
2026-03-05,21,weekday_regular,2,515.7940848625059,0.18942125775339916,123.59210526315788,195.12937859614257
2026-03-05,22,weekday_regular,2,494.2209210526315,0.18149868566016583,91.96019736842103,137.02628962615873
2026-03-05,23,weekday_regular,2,477.57901565622916,0.17538707883078558,81.9873417721519,116.38008024037944
2026-03-06,0,weekday_regular,2,502.25172336328626,0.18444793366260973,235.62930840821568,210.2642464165883
2026-03-06,1,weekday_regular,2,547.809486521181,0.20117865828908596,113.89440789473684,130.17426998329424
2026-03-06,2,weekday_regular,2,472.8205538555692,0.1736395717427724,48.156976744186046,86.26032231804743
2026-03-06,3,weekday_regular,2,429.42042706131076,0.15770122183669144,5.3940909090909095,36.003767469196106
2026-03-06,4,weekday_regular,2,433.6769346092504,0.1592643902347596,58.79824561403508,70.2316056062952
2026-03-06,5,weekday_regular,2,509.64700455629367,0.18716379161083133,195.31926577669904,190.84920557841068
2026-03-06,6,weekday_regular,2,593.5615762062162,0.21798074778046866,268.5846747388414,231.87408653788944
2026-03-06,7,weekday_regular,2,667.3379527706347,0.24507453278392755,379.76020718774544,329.6653886472208
2026-03-06,8,weekday_regular,2,600.0415881620007,0.2203604804120458,100.34376321725644,143.52685814894528
2026-03-06,9,weekday_regular,2,510.0391227585782,0.18730779388857074,154.75404367918904,177.86515472471598
2026-03-06,10,weekday_regular,2,526.9572071045898,0.1935208252312118,142.63897408228547,167.5075956304809
2026-03-06,11,weekday_regular,2,590.8746491755221,0.21699399529031294,314.5476488565198,313.8768192801842
2026-03-06,12,weekday_regular,2,634.8019688993331,0.23312595258881127,252.4572733918129,311.0833429563585
2026-03-06,13,weekday_regular,2,592.8869579397211,0.21773299961062106,209.76012145748987,237.7545739467584
2026-03-06,14,weekday_regular,2,553.2673039436197,0.20318299814308471,153.40813840155948,216.67169172447615
2026-03-06,15,weekday_regular,2,515.5632553606238,0.18933648746258677,115.5,195.78043281014055
2026-03-06,16,weekday_regular,2,534.8983157894737,0.19643713396602047,201.74578947368423,265.1207433560236
2026-03-06,17,weekday_regular,2,571.7078395989975,0.20995513756848969,207.52380952380952,261.3246008483157
2026-03-06,18,weekday_regular,2,618.6409711779448,0.22719095526182329,319.0786184210526,343.3485005085729
2026-03-06,19,weekday_regular,2,674.8207894736843,0.2478225447938613,347.9733552631579,286.71831755915224
2026-03-06,20,weekday_regular,2,617.8333680792891,0.22689436947458286,176.61006493506494,161.67940321236048
2026-03-06,21,weekday_regular,2,508.799025974026,0.1868523782497341,75.3875,97.21744545338927
2026-03-06,22,weekday_regular,2,471.5608916693063,0.17317697086643638,83.51472917326575,91.82698179284642
2026-03-06,23,weekday_regular,2,490.6773535407682,0.1801973387957283,123.17865467865468,120.7304971854982
2026-03-07,0,weekend_regular,4,474.79967032967033,0.17436638645966593,166.99917582417584,149.69671067863652
2026-03-07,1,weekend_regular,4,515.0888542445136,0.18916226744198078,100.72295978710822,104.00335945294648
2026-03-07,2,weekend_regular,4,537.9193805603031,0.1975465958723111,57.07631578947368,72.88132488525639
2026-03-07,3,weekend_regular,4,580.4876700339873,0.21317946016672323,106.42072368421051,105.71425910282392
2026-03-07,4,weekend_regular,4,600.0006110498398,0.22034543189490996,215.78152836380684,176.44236845245294
2026-03-07,5,weekend_regular,4,563.9074271349964,0.2070904983969873,10.49,30.460763520525543
2026-03-07,6,weekend_regular,4,555.1126700499763,0.20386069410575697,35.089423076923076,54.17321686515453
2026-03-07,7,weekend_regular,4,556.4801830454278,0.20436290233030768,109.8395061728395,159.80085420575466
2026-03-07,8,weekend_regular,4,496.0619138051682,0.18217477554357994,64.7358552631579,135.08165807478838
2026-03-07,9,weekend_regular,4,600.0315108038633,0.22035677958276287,270.41399249673776,307.4535384142231
2026-03-07,10,weekend_regular,4,672.7010047309889,0.2470440707789162,216.76315789473685,359.7296432377665
2026-03-07,11,weekend_regular,4,769.4336233144846,0.28256835230058197,351.67105263157896,518.3858904843437
2026-03-07,12,weekend_regular,4,847.6077022618531,0.31127715837747083,260.17105263157896,428.1639538091606
2026-03-07,13,weekend_regular,4,813.5294150961821,0.29876217961666623,185.2182745825603,297.7538518772644
2026-03-07,14,weekend_regular,4,846.062387232405,0.3107096537761311,298.09558823529414,355.0317932371702
2026-03-07,15,weekend_regular,4,921.8882241219261,0.3385560867138913,541.2356448553817,501.1915250415238
2026-03-07,16,weekend_regular,4,943.4198030692945,0.34646338709852903,314.0,322.79930091648833
2026-03-07,17,weekend_regular,4,977.6376248152178,0.35902960881939694,270.7628289473684,291.92670397612744
2026-03-07,18,weekend_regular,4,916.5465806632913,0.3365944108201584,145.36797785547785,192.7574936014816
2026-03-07,19,weekend_regular,4,721.0258753527175,0.26479099351917645,52.43388157894737,79.88052878922895
2026-03-07,20,weekend_regular,4,610.0368643637066,0.224031165759716,36.527472527472526,64.76035606663376
2026-03-07,21,weekend_regular,4,547.3390695602423,0.20100590141764313,114.01834193870754,112.0407431894996
2026-03-07,22,weekend_regular,4,542.5741750687688,0.1992560319753099,133.45574162679426,128.77840761296278
2026-03-07,23,weekend_regular,4,542.1753317395154,0.19910955994840815,51.436773255813954,63.678574955577346
2026-03-08,0,weekend_special,6,450.178055198973,0.16532429496840728,105.4451379974326,98.06812765738998
2026-03-08,1,weekend_special,6,504.91643128158466,0.18542652636121362,136.84594020652898,122.89560805122332
2026-03-08,2,weekend_special,6,616.8683071250395,0.22653995854757233,279.87968960863697,226.9217326321132
2026-03-08,3,weekend_special,6,690.0962457215306,0.2534323340879657,183.06984649122808,152.18369204726514
2026-03-08,4,weekend_special,6,737.1323395222447,0.270705963834831,117.59023450178512,106.00031144087096
2026-03-08,5,weekend_special,6,741.5528523427575,0.27232936185925727,11.051282051282053,30.284277186902813
2026-03-08,6,weekend_special,6,748.2295778455389,0.2747813359697168,122.13695175438596,118.5924323652263
2026-03-08,7,weekend_special,6,932.2378862983398,0.3423569174801101,596.8667113385316,455.1590556931347
2026-03-08,8,weekend_special,6,968.2285463400525,0.35557419990453637,369.85633971291867,299.01663387106055
2026-03-08,9,weekend_special,6,1001.9585024804034,0.36796125687859105,267.39473684210526,314.1934650806186
2026-03-08,10,weekend_special,6,1031.769777100742,0.3789092093649438,192.1184210526316,255.85393367774756
2026-03-08,11,weekend_special,6,1077.652836565053,0.39575939646164265,125.75893071205944,186.7726036001921
2026-03-08,12,weekend_special,6,1130.8665573795633,0.4153017103854438,255.17125379066167,328.0923589184592
2026-03-08,13,weekend_special,6,1004.940355300291,0.3690563185091043,282.05120614035087,315.5683049254481
2026-03-08,14,weekend_special,6,958.5361338721522,0.35201473884397805,253.84578614257163,315.66776321151485
2026-03-08,15,weekend_special,6,945.8550812405732,0.3473577235551132,235.69210526315788,243.1716038752811
2026-03-08,16,weekend_special,6,900.5278426896505,0.33071165724922896,78.80032467532467,147.34236339246468
2026-03-08,17,weekend_special,6,868.2269510575073,0.31884941280114115,45.00670163170163,171.92203209572838
2026-03-08,18,weekend_special,6,861.5847653307164,0.31641012314752714,238.56578947368425,236.46950024585365
2026-03-08,19,weekend_special,6,855.0532302429971,0.31401146905728866,265.72236842105264,218.2335617265433
2026-03-08,20,weekend_special,6,811.4517578912316,0.2979991766034637,144.8421052631579,137.0336801336009
2026-03-08,21,weekend_special,6,761.2831546523652,0.27957515778639924,110.2705971659919,113.4030082352389
2026-03-08,22,weekend_special,6,757.3838142559196,0.2781431561718397,69.05197368421052,74.3010639468317
2026-03-08,23,weekend_special,6,941.9845546558704,0.3459363035827655,506.50855263157894,376.53498282164
2026-03-09,0,weekday_regular,2,665.2156578947369,0.24429513694261362,643.0391447368421,472.675781064304
2026-03-09,1,weekday_regular,2,796.8944736842105,0.2926531302549433,329.1970394736842,252.41692361181256
2026-03-09,2,weekday_regular,2,605.3203742310321,0.22229907243152117,164.1038961038961,136.85172325361154
2026-03-09,3,weekday_regular,2,519.973137388927,0.19095598141348769,115.82894736842104,103.05925913896928
2026-03-09,4,weekday_regular,2,537.3615789473685,0.1973417476854089,207.575,168.42026351974877
2026-03-09,5,weekday_regular,2,611.0706578947369,0.2244108181765468,300.1016447368421,234.8970661437274
2026-03-09,6,weekday_regular,2,569.6325408708394,0.20919300068705082,103.97970744025622,108.5071334430361
2026-03-09,7,weekday_regular,2,498.92375088115926,0.18322576235077462,123.32966976264188,134.80038171805273
2026-03-09,8,weekday_regular,2,521.6108221087478,0.19155740804581264,160.69738550922762,168.7608082389107
2026-03-09,9,weekday_regular,2,528.1071838687628,0.19394314501239912,139.57057416267943,156.68834291352175
2026-03-09,10,weekday_regular,2,579.3398562048254,0.21275793470614227,288.77906634938404,272.0831952949456
2026-03-09,11,weekday_regular,2,652.1585869453548,0.2395000319299871,321.61740101400295,290.9537269429458
2026-03-09,12,weekday_regular,2,567.8063463705134,0.20852234534355985,77.8984649122807,119.95423007481313
2026-03-09,13,weekday_regular,2,494.32848967931915,0.18153818937911095,137.9227592860171,167.05316412070124
2026-03-09,14,weekday_regular,2,501.5028128447826,0.18417290225662233,95.83427282593948,144.41368852068985
2026-03-09,15,weekday_regular,2,509.5248337286729,0.18711892535022875,157.97781149574269,202.80090137911847
2026-03-09,16,weekday_regular,2,553.5341629552889,0.2032809999835802,205.8575958924796,248.35774779359983
2026-03-09,17,weekday_regular,2,515.5429149002017,0.1893290175909665,62.99969135802469,137.40261110528377
2026-03-09,18,weekday_regular,2,501.75633587335346,0.18426600656384629,171.39114832535887,209.5661892567424
2026-03-09,19,weekday_regular,2,505.1292988363164,0.18550470027040633,71.4320987654321,84.98033227744867
2026-03-09,20,weekday_regular,2,472.45855379188714,0.17350663011086565,89.71428571428571,95.59728760201804
2026-03-09,21,weekday_regular,2,542.2544155844156,0.19913860285876445,245.92175324675324,207.92004995219745
2026-03-09,22,weekday_regular,2,550.7927256889452,0.2022742290447834,111.06006097560976,104.27610882016356
2026-03-09,23,weekday_regular,2,476.2518150879183,0.17489967502310624,59.56947674418605,64.81639724126234
2026-03-10,0,weekday_regular,2,420.4404494382022,0.15440339678229975,31.10112359550562,46.59670134585204
2026-03-10,1,weekday_regular,2,429.04044943820224,0.15756167808968133,21.5,37.598379750964256
2026-03-10,2,weekday_regular,2,489.06901234567897,0.17960668833847923,181.1725308641975,148.79976758575526
2026-03-10,3,weekday_regular,2,543.4683544509421,0.1995844122111429,157.4983552631579,132.2278446651208
2026-03-10,4,weekday_regular,2,529.8515789473685,0.19458376017163734,147.13059210526316,126.10917799367122
2026-03-10,5,weekday_regular,2,488.8996052631579,0.1795444749405648,55.11842105263158,61.13127448767386
2026-03-10,6,weekday_regular,2,478.5146086236796,0.17573066787502004,121.16810050656736,127.59766347110023
2026-03-10,7,weekday_regular,2,598.0196713625323,0.2196179476175293,353.8810778997635,333.8542503072793
2026-03-10,8,weekday_regular,2,715.9605632159697,0.2629307980962063,416.0203301401608,383.2670486121105
2026-03-10,9,weekday_regular,2,653.0952522671812,0.23984401478780065,196.71780052779215,245.66476314567024
2026-03-10,10,weekday_regular,2,525.8211894751861,0.19310363183076978,97.83517316017316,184.89978392219257
2026-03-10,11,weekday_regular,2,474.5388418170976,0.17427059927179492,68.51193138257092,190.85066078243435
2026-03-10,12,weekday_regular,2,475.6229107865432,0.174668714941808,100.54534558378704,191.21844362973695
2026-03-10,13,weekday_regular,2,506.4506157244333,0.18598994334353042,145.5811937272963,202.60807456854505
2026-03-10,14,weekday_regular,2,506.0936894967674,0.18585886503737326,99.65303001462227,195.3721166439386
2026-03-10,15,weekday_regular,2,508.9902120058489,0.18692258979282,152.8225,201.0424144563557
2026-03-10,16,weekday_regular,2,486.1906049382716,0.1785496162094277,42.654012345679014,131.7453218873396
2026-03-10,17,weekday_regular,2,456.10493419163754,0.16750089393743575,77.60832313341494,160.12452230922838
2026-03-10,18,weekday_regular,2,521.3326713586291,0.19145525940456448,205.72335526315788,232.9808387680242
2026-03-10,19,weekday_regular,2,614.4734210526316,0.22566045576666602,310.46019736842106,254.92884460662137
2026-03-10,20,weekday_regular,2,583.9657672590567,0.2144567635912805,129.45422077922078,129.67846361201316
2026-03-10,21,weekday_regular,2,495.9744593960256,0.18214265861036563,90.48192771084338,95.56525323008744
2026-03-10,22,weekday_regular,2,471.68224476854783,0.1732215368228233,68.72368421052632,72.93249377621822
2026-03-10,23,weekday_regular,2,437.7955961331901,0.1607769357815608,5.76530612244898,26.584094036740535
2026-03-11,0,weekday_regular,2,408.81538461538463,0.15013418458148536,2.0384615384615383,23.975302827964015
2026-03-11,1,weekday_regular,2,411.955056093732,0.15128720385373925,7.849178695868591,28.17342106860417
2026-03-11,2,weekday_regular,2,424.9320765416386,0.15605291095910342,34.48101265822785,48.393239920226335
2026-03-11,3,weekday_regular,2,425.6017073888725,0.15629882753906446,9.523255813953488,28.64527505126094
2026-03-11,4,weekday_regular,2,413.5016100178891,0.1518551634292652,4.230769230769231,26.079301982088708
2026-03-11,5,weekday_regular,2,441.8342813765182,0.16226011067811907,80.35493421052631,79.93560123713655
2026-03-11,6,weekday_regular,2,540.1898019670389,0.19838038999891255,250.11957070707072,202.1871494011561
2026-03-11,7,weekday_regular,2,560.6857308485733,0.20590735616914185,131.59475641436248,152.9440380287632
2026-03-11,8,weekday_regular,2,501.7775442230798,0.18427379516088133,102.84910414333709,133.52208143915476
2026-03-11,9,weekday_regular,2,471.19666218428483,0.17304321049735027,55.142551317374966,103.5437970782769
2026-03-11,10,weekday_regular,2,506.11139764621873,0.1858653682138152,190.1359427981719,217.30438158270135
2026-03-11,11,weekday_regular,2,596.8391932631639,0.21918442646462133,281.9620403597377,447.3890028892775
2026-03-11,12,weekday_regular,2,631.7977505006398,0.232022677378127,277.5323358918618,337.3797885482873
2026-03-11,13,weekday_regular,2,637.7781508253356,0.23421893162884158,296.91304117147706,315.89714849212055
2026-03-11,14,weekday_regular,2,625.323702313681,0.2296451348930154,246.3962146127254,264.6211660906507
2026-03-11,15,weekday_regular,2,572.2713683725551,0.2101620890093849,164.28220631866228,218.6613072914708
2026-03-11,16,weekday_regular,2,611.8439351590439,0.22469479807530074,345.3276315789474,324.8437864328999
2026-03-11,17,weekday_regular,2,605.2047028823183,0.2222565930526325,147.6841256268484,196.78563082013468
2026-03-11,18,weekday_regular,2,516.491638258734,0.18967742866644657,123.54497001998668,181.57539660324835
2026-03-11,19,weekday_regular,2,489.2604303013677,0.17967698505375237,79.60610573343261,89.09094538497865
2026-03-11,20,weekday_regular,2,510.2212580828467,0.18737468163159995,175.9470394736842,153.1132963856675
2026-03-11,21,weekday_regular,2,569.0551555416755,0.20898096053678866,226.69084938050457,191.0421146287916
2026-03-11,22,weekday_regular,2,580.6335765943071,0.21323304318557,204.89309210526315,168.9510793019934
2026-03-11,23,weekday_regular,2,498.42223684210524,0.18304158532578232,21.1625,38.50089729000141
2026-03-12,0,weekday_regular,2,409.4021978021978,0.1503496870371641,3.5054945054945055,24.432842135363387
2026-03-12,1,weekday_regular,2,409.4021978021978,0.1503496870371641,,21.97899598153103
2026-03-12,2,weekday_regular,2,414.82105263157894,0.15233971819007672,17.05263157894737,34.615838086723045
2026-03-12,3,weekday_regular,2,422.3934664246824,0.1551206266708345,18.93103448275862,35.230720119387456
2026-03-12,4,weekday_regular,2,433.927969348659,0.15935658073766398,45.888888888888886,54.10121820357239
2026-03-12,5,weekday_regular,2,444.8476411170529,0.163366742973578,46.23021390374331,57.317680792036896
2026-03-12,6,weekday_regular,2,507.5026118772868,0.18637628052783212,202.52631578947367,183.237081427452
2026-03-12,7,weekday_regular,2,534.2624248120301,0.19620360808374224,113.1297462406015,157.3207592331197
2026-03-12,8,weekday_regular,2,495.1112618695354,0.18182565621356422,104.64840843323688,131.8040593640098
2026-03-12,9,weekday_regular,2,565.8178180348528,0.20779207419568596,289.89613665389527,267.74069058243776
2026-03-12,10,weekday_regular,2,596.0385197588172,0.21889038551554066,180.20016274314764,196.647346540526
2026-03-12,11,weekday_regular,2,606.0830914130486,0.2225791742244027,315.0075657894737,297.7344287415478
2026-03-12,12,weekday_regular,2,636.8857207118858,0.23389119379797496,257.2067359902411,304.0947404541968
2026-03-12,13,weekday_regular,2,591.0769995162636,0.21706830683667414,200.48576280041797,284.9461415006312
2026-03-12,14,weekday_regular,2,583.6056969311803,0.21432453063943457,238.5284795275328,336.015630731669
2026-03-12,15,weekday_regular,2,647.4657231751377,0.23777661519468882,360.1358284103115,464.37473468257633
2026-03-12,16,weekday_regular,2,671.0217902398753,0.24642739266980362,297.4186471893767,467.2850728911165
2026-03-12,17,weekday_regular,2,594.5848272968033,0.2183565285702546,169.0434210526316,404.7122347302381
2026-03-12,18,weekday_regular,2,552.3662684210526,0.2028521000444556,191.87225,339.00412995903787
2026-03-12,19,weekday_regular,2,524.1908736842105,0.19250491137870382,98.60493421052632,108.21457924452672
2026-03-12,20,weekday_regular,2,487.0157399179767,0.17885264043994736,98.9344155844156,121.54104290516024
2026-03-12,21,weekday_regular,2,517.6293358540194,0.19009523902093992,175.1389240506329,160.36449559080856
2026-03-12,22,weekday_regular,2,499.65543975012326,0.18349446924352672,53.99967532467532,71.73582786846737
2026-03-12,23,weekday_regular,2,434.78541229854477,0.15967146981217215,12.963855421686748,34.46999739376821
2026-03-13,0,weekday_regular,2,437.1844155844156,0.16055248460683644,72.96103896103897,80.45371225770381
2026-03-13,1,weekday_regular,2,460.03178400546824,0.1689429981657981,57.11842105263158,67.78634464380542
2026-03-13,2,weekday_regular,2,448.7562291805463,0.16480214071999497,44.77215189873418,58.574572466607975
2026-03-13,3,weekday_regular,2,431.6538607594937,0.15852143252276668,14.3625,33.171513520510274
2026-03-13,4,weekday_regular,2,413.745,0.15194454645611458,,23.11776352056688
2026-03-13,5,weekday_regular,2,412.0052631578947,0.1513056419970234,10.013157894736842,30.69635781636117
2026-03-13,6,weekday_regular,2,480.31221065484226,0.17639082286259355,170.76736874236872,281.3650514042454
2026-03-13,7,weekday_regular,2,547.5449083080662,0.20108149405364165,178.09490202779676,274.6770676251911
2026-03-13,8,weekday_regular,2,511.4448986101618,0.18782405384141085,80.51734449760765,198.78157123822217
2026-03-13,9,weekday_regular,2,518.1375820544988,0.19028188837844245,194.8266106386393,259.713542593742
2026-03-13,10,weekday_regular,2,617.3357447339247,0.2267116212757711,328.51275119617225,395.9351273271384
2026-03-13,11,weekday_regular,2,705.8242779676465,0.2592083283024776,416.0479437229437,506.09568923393255
2026-03-13,12,weekday_regular,2,785.8709539732266,0.2886048306915999,528.6294412101225,614.5463618283286
2026-03-13,13,weekday_regular,2,789.9387016188614,0.290098678523269,426.2173128370307,589.5167023776513
2026-03-13,14,weekday_regular,2,679.205661794778,0.24943285412955493,251.7968416499143,353.67567071894223
2026-03-13,15,weekday_regular,2,556.9980724412796,0.2045530930742856,120.69833945328438,247.95253081103328
2026-03-13,16,weekday_regular,2,541.8678269034294,0.19899663125355468,213.9712278052888,334.32033182184654
2026-03-13,17,weekday_regular,2,652.0771059546515,0.23947010868698182,396.2215370813397,481.58185012429686
2026-03-13,18,weekday_regular,2,667.7692943795047,0.245232939544438,253.20169886742173,298.6912470109498
2026-03-13,19,weekday_regular,2,525.1619982282875,0.19286154911064543,39.7032967032967,72.35832146538053
2026-03-13,20,weekday_regular,2,433.219590286257,0.15909643418518435,23.34567901234568,48.70049537188177
2026-03-13,21,weekday_regular,2,437.2631379150988,0.16058139475398414,49.81216577540107,75.0677926486891
2026-03-13,22,weekday_regular,2,472.24109966463107,0.1734267718195487,110.79058338617628,123.47725499956768
2026-03-13,23,weekday_regular,2,486.3903724058026,0.17862297921623305,85.18534762833008,160.72061206497244
2026-03-14,0,weekend_regular,4,430.12127199753013,0.15795860154150942,55.30317999382525,100.00354429460792
2026-03-14,1,weekend_regular,4,440.2625877870038,0.1616829187612941,25.353289473684217,72.76726847781578
2026-03-14,2,weekend_regular,4,445.3131901966423,0.16353771215447754,12.626506024096386,61.57075849056113
2026-03-14,3,weekend_regular,4,455.4701522219588,0.16726777532940096,25.39240506329114,56.141436068459456
2026-03-14,4,weekend_regular,4,441.39730127706025,0.16209963322697768,20.121052631578948,63.11430953684288
2026-03-14,5,weekend_regular,4,486.4726970778831,0.17865321229448516,138.04177897574124,146.84645290302
2026-03-14,6,weekend_regular,4,578.5332241716526,0.21246170553494403,242.77782375851996,221.7575800506497
2026-03-14,7,weekend_regular,4,633.9073097653836,0.2327973961679705,163.82761904761904,155.6329433106605
2026-03-14,8,weekend_regular,4,673.0759846288842,0.24718177915126116,118.04273979033016,119.4614159814306
2026-03-14,9,weekend_regular,4,660.8926011562531,0.2427075288858807,107.58332029416368,175.20477673759763
2026-03-14,10,weekend_regular,4,590.2297268294839,0.2167571527100565,66.1206379415969,169.97059094514694
2026-03-14,11,weekend_regular,4,623.6175825293396,0.22901857602987133,247.2972582972583,358.33132195855364
2026-03-14,12,weekend_regular,4,598.2931364259416,0.2197183754777604,54.7316245318352,276.9767876108365
2026-03-14,13,weekend_regular,4,624.9856456288503,0.22952098627574377,174.31459330143542,347.5061883103585
2026-03-14,14,weekend_regular,4,655.4462571754714,0.24070740256168616,142.2721668081494,275.001195024224
2026-03-14,15,weekend_regular,4,605.301712830927,0.22229221918139075,121.93589743589745,228.21973407802844
2026-03-14,16,weekend_regular,4,627.2519361943994,0.23035326338391457,109.60718294051628,233.66884621201748
2026-03-14,17,weekend_regular,4,624.659017662733,0.2294010347641326,167.8322969722694,462.9480497283903
2026-03-14,18,weekend_regular,4,628.3427435320659,0.23075385366583398,151.4814814814815,296.1162956205332
2026-03-14,19,weekend_regular,4,699.2643532027237,0.2567992483300491,299.23992161254205,254.2141405812848
2026-03-14,20,weekend_regular,4,714.784637921254,0.2624989489244414,148.4078947368421,148.77048930793077
2026-03-14,21,weekend_regular,4,696.1176931583202,0.25564366256273235,121.16493506493508,124.00657984252396
2026-03-14,22,weekend_regular,4,683.488784776254,0.2510057968329982,119.9092105263158,124.8357239740492
2026-03-14,23,weekend_regular,4,588.452312884484,0.21610441163587366,61.64874188311688,73.10448807272087
2026-03-15,0,weekend_regular,4,445.8411068111455,0.1637315853144126,94.60276702786378,101.29675959957513
2026-03-15,1,weekend_regular,4,477.41911625783916,0.17532835705392552,78.94502361673415,87.05065282521667
2026-03-15,2,weekend_regular,4,493.33779757652053,0.18117436561752498,39.7967032967033,57.23867729279954
2026-03-15,3,weekend_regular,4,518.81831705704,0.1905318828707455,63.701298701298704,77.95758046254758
2026-03-15,4,weekend_regular,4,493.80876272860974,0.18134732380778912,32.07888120678818,47.8505154432639
2026-03-15,5,weekend_regular,4,468.54110354896363,0.17206797779983976,15.77587566761893,39.28533041349928
2026-03-15,6,weekend_regular,4,520.8379677654686,0.1912735834614281,170.5388638379657,188.596187494822
2026-03-15,7,weekend_regular,4,502.2302400792497,0.18444004409814532,17.181979485751416,106.4288136121298
2026-03-15,8,weekend_regular,4,564.137393037435,0.20717495153780205,186.84676360225143,227.63785709777
2026-03-15,9,weekend_regular,4,623.4092546291482,0.228942069272548,163.95552964690205,190.1441420281864
2026-03-15,10,weekend_regular,4,580.9909398631928,0.21336428199162424,64.49307692307691,144.6941474629943
2026-03-15,11,weekend_regular,4,682.7833341032851,0.2507467257081473,271.6629650859823,369.5615362954773
2026-03-15,12,weekend_regular,4,722.1288528592404,0.26519605319839895,285.2105604921394,438.4724320412198
2026-03-15,13,weekend_regular,4,788.1531785522241,0.2894429594389365,329.01634387936133,376.6386930572521
2026-03-15,14,weekend_regular,4,869.5502182693358,0.31933537211507007,267.9856762158561,323.246742737473
2026-03-15,15,weekend_regular,4,793.4247912710874,0.29137891710285985,81.34939759036145,140.9969834774132
2026-03-15,16,weekend_regular,4,716.2274240957252,0.26302880062274153,92.21714255373377,161.75104383813712
2026-03-15,17,weekend_regular,4,619.6544970252102,0.22756316453367983,87.58402620307383,229.0147351728184
2026-03-15,18,weekend_regular,4,571.8191212757099,0.20999600487539843,148.3972368421053,214.10535942893492
2026-03-15,19,weekend_regular,4,550.9543622395653,0.20233358877692445,29.1875,61.66889085224727
2026-03-15,20,weekend_regular,4,530.7281793753751,0.19490568467696479,41.651685393258425,64.60087162446564
2026-03-15,21,weekend_regular,4,499.97508837466506,0.18361185764769192,10.7012987012987,35.73312653709516
2026-03-15,22,weekend_regular,4,444.7161936378229,0.16331846993676935,10.25,33.1396823681161
2026-03-15,23,weekend_regular,4,435.5355025809124,0.15994693447701522,6.235772357723577,29.190955479502605
2026-03-16,0,weekday_regular,2,410.4271596858639,0.1507260961020433,6.067899214659686,29.64282804887648
2026-03-16,1,weekday_regular,2,410.4271596858639,0.1507260961020433,,23.11776352056688
2026-03-16,2,weekday_regular,2,408.4,0.14998163789937569,1.0,23.817763520562977
2026-03-16,3,weekday_regular,2,415.846511627907,0.15271630981561035,18.61627906976744,43.55114787306377
2026-03-16,4,weekday_regular,2,427.71244569384106,0.15707397932201286,30.664835164835164,59.38712614329671
2026-03-16,5,weekday_regular,2,438.9026782519806,0.16118350284685296,46.59186046511629,73.95234647053829
2026-03-16,6,weekday_regular,2,570.775295108808,0.20961266805317957,360.3463773069036,414.102740624893
2026-03-16,7,weekday_regular,2,745.5042496755167,0.27378048096787244,483.41424688188806,541.1334708275297
2026-03-16,8,weekday_regular,2,724.090764542229,0.26591654959317995,306.8126644736842,357.22429180493333
2026-03-16,9,weekday_regular,2,595.7210657894738,0.21877380308096722,162.49,242.45655499571183
2026-03-16,10,weekday_regular,2,534.2536717485414,0.1962003935910912,153.1441793713533,282.4421734126381
2026-03-16,11,weekday_regular,2,514.3747302664176,0.1889000111151001,112.79264629469056,246.8821397184065
2026-03-16,12,weekday_regular,2,602.8345077346462,0.2213861578166163,374.2936230419248,458.7698608390051
2026-03-16,13,weekday_regular,2,735.5182096984827,0.27011318754993857,444.5019012042819,459.06629812782614
2026-03-16,14,weekday_regular,2,783.3751931359291,0.28768828245902645,493.93608163554046,454.0282786784753
2026-03-16,15,weekday_regular,2,722.4403903980613,0.26531046287112053,292.16489435961256,296.34255558445386
2026-03-16,16,weekday_regular,2,607.5965148547073,0.2231349668948613,206.8263927771557,230.80525198574415
2026-03-16,17,weekday_regular,2,540.3006220459272,0.19842108778770737,123.92516233766231,198.40357208328683
2026-03-16,18,weekday_regular,2,493.6243859227193,0.1812796128985381,90.1358024691358,142.48181125186375
2026-03-16,19,weekday_regular,2,456.26191592436317,0.16755854422488548,30.518987341772153,54.8605787414879
2026-03-16,20,weekday_regular,2,433.63836416747813,0.15925022554810067,33.57692307692308,55.731749986567536
2026-03-16,21,weekday_regular,2,429.7834008097166,0.15783452104653567,20.88157894736842,43.42870647882174
2026-03-16,22,weekday_regular,2,421.671679197995,0.15485555607711898,13.297619047619047,34.134248162401576
2026-03-16,23,weekday_regular,2,420.54761904761904,0.15444275396533935,18.071428571428573,38.61468236808531
2026-03-17,0,weekday_regular,2,428.44050632911393,0.15734135377492248,51.10126582278481,60.59680090486864
2026-03-17,1,weekday_regular,2,433.4379746835443,0.15917663411073973,12.49367088607595,33.00210067980666
2026-03-17,2,weekday_regular,2,418.0614915652621,0.15352974350542126,12.660058027079303,32.549187908990405
2026-03-17,3,weekday_regular,2,419.3690232108317,0.15400992405832967,15.7625,33.012745981468925
2026-03-17,4,weekday_regular,2,418.0876086956522,0.1535393348129461,9.456521739130435,31.576096276952825
2026-03-17,5,weekday_regular,2,415.89217391304345,0.15273307892509858,10.27391304347826,32.017653959514945
2026-03-17,6,weekday_regular,2,435.2845782044043,0.1598547845040045,57.93753246753246,86.70650858476162
2026-03-17,7,weekday_regular,2,553.9007230674042,0.20341561625685062,306.81427520097793,352.2864562075283
2026-03-17,8,weekday_regular,2,745.2267434565144,0.2736785690255286,536.2525834403081,473.3278206732326
2026-03-17,9,weekday_regular,2,841.5671828695346,0.3090588258793737,547.6653737335283,555.2703910002155
2026-03-17,10,weekday_regular,2,834.4139351160044,0.30643185277855467,518.3694640564827,554.9870349376743
2026-03-17,11,weekday_regular,2,783.2882190591256,0.287656341924027,419.8510835913313,441.2044661895732
2026-03-17,12,weekday_regular,2,641.7830211558307,0.235689688268759,164.6064692982456,244.69813390211988
2026-03-17,13,weekday_regular,2,582.308691615402,0.2138482157970628,271.1652597402597,354.66496293262065
2026-03-17,14,weekday_regular,2,709.1103906879241,0.26041512695112895,481.6107169795508,523.5071503466647
2026-03-17,15,weekday_regular,2,736.2848199428797,0.27039471903888346,339.10133287764864,486.8757997723984
2026-03-17,16,weekday_regular,2,582.4586633652161,0.21390329172428063,97.04532553539175,278.9933880756296
2026-03-17,17,weekday_regular,2,469.7811253384666,0.1725233658973436,57.40748781077487,224.74925910075663
2026-03-17,18,weekday_regular,2,454.0565574887189,0.166748643954726,57.73390591102261,147.8860830176962
2026-03-17,19,weekday_regular,2,453.0540561915695,0.1663804833608408,54.901234567901234,81.54928122425062
2026-03-17,20,weekday_regular,2,445.9973359324236,0.16378895921131972,40.0921052631579,62.131145055938134
2026-03-17,21,weekday_regular,2,435.27368421052626,0.15985078377176873,28.092105263157897,54.300528825503335
2026-03-17,22,weekday_regular,2,425.6552329098608,0.15631848435911155,16.04597701149425,37.76625004565719
2026-03-17,23,weekday_regular,2,416.9792155468657,0.15313228628235978,6.402061855670103,29.307358128064493
2026-03-18,0,weekday_regular,2,409.12,0.15024605214836578,2.8,24.50837975103792
2026-03-18,1,weekday_regular,2,409.52,0.15039294895336025,1.0,22.678995981527095
2026-03-18,2,weekday_regular,2,408.4,0.14998163789937569,,23.817763520562977
2026-03-18,3,weekday_regular,2,408.0,0.1498347410943812,,21.97899598153103
2026-03-18,4,weekday_regular,2,408.0,0.1498347410943812,,21.97899598153103
2026-03-18,5,weekday_regular,2,412.10697674418606,0.15134299549915023,10.267441860465116,32.01312413140579
2026-03-18,6,weekday_regular,2,439.89832251367307,0.16154914524923727,69.47836442371752,83.70967777677177
2026-03-18,7,weekday_regular,2,504.4185903515304,0.18524369825616246,171.56811145510835,182.06415409616363
2026-03-18,8,weekday_regular,2,667.4219828153982,0.24510539214667582,476.98684558338726,508.50301995847184
2026-03-18,9,weekday_regular,2,761.8685898034715,0.2797901541694717,407.6846289252916,419.4693982427426
2026-03-18,10,weekday_regular,2,725.791404017669,0.2665410958566541,386.79388111888113,490.200458099147
2026-03-18,11,weekday_regular,2,673.1398904028218,0.24720524803629154,276.0558448881734,348.64057663530355
2026-03-18,12,weekday_regular,2,562.2520773489715,0.20648258441019887,109.5743484842553,179.32371960448103
2026-03-18,13,weekday_regular,2,501.48283192896184,0.184165564424885,124.13273133814928,190.44871533299548
2026-03-18,14,weekday_regular,2,565.7545151358789,0.20776882671167055,270.253556501548,274.1147397100123
2026-03-18,15,weekday_regular,2,589.4084067276033,0.2164555294629465,183.2674603174603,230.66062497549385
2026-03-18,16,weekday_regular,2,587.4895535815649,0.2157508459719298,265.4564236364521,296.76717954994086
2026-03-18,17,weekday_regular,2,563.1062894127836,0.20679628696760322,122.3092998955068,171.3873367853479
2026-03-18,18,weekday_regular,2,506.85215980782675,0.18613740720081776,124.82109962406015,200.8713605931868
2026-03-18,19,weekday_regular,2,520.7990727610165,0.19125929958171742,157.17658227848102,175.40638628968878
2026-03-18,20,weekday_regular,2,483.5529858525689,0.17758097166822215,31.705882352941178,63.093394253034575
2026-03-18,21,weekday_regular,2,430.56656346749224,0.15812213127708125,24.710526315789473,55.91910994898427
2026-03-18,22,weekday_regular,2,422.1728181212525,0.15503959534383124,10.721518987341772,35.74728073732521
2026-03-18,23,weekday_regular,2,415.2752742616034,0.15250652745560167,7.466666666666667,30.05258149575789
2026-03-19,0,weekday_regular,2,412.9103448275862,0.1516380260108653,12.275862068965518,31.14148319927648
2026-03-19,1,weekday_regular,2,412.9103448275862,0.1516380260108653,,22.54837975104894
2026-03-19,2,weekday_regular,2,408.4,0.14998163789937569,1.0,23.37899598152319
2026-03-19,3,weekday_regular,2,408.4,0.14998163789937569,,21.97899598153103
2026-03-19,4,weekday_regular,2,408.0,0.1498347410943812,,21.97899598153103
2026-03-19,5,weekday_regular,2,426.5359460235429,0.1566419192154032,46.339865058857306,57.963820370134215
2026-03-19,6,weekday_regular,2,527.9574538962013,0.19388815787594613,253.5537696816458,270.3645488292691
2026-03-19,7,weekday_regular,2,617.8796164002164,0.2269113538010343,271.1452713188952,271.8654546080412
2026-03-19,8,weekday_regular,2,585.7989447196678,0.21512998337115968,173.35209048027446,228.75440290882665
2026-03-19,9,weekday_regular,2,565.1024747688889,0.20752937009507488,219.40409644194756,222.18518278858903
2026-03-19,10,weekday_regular,2,561.8805039219602,0.20634612703707683,165.29716336295283,211.782635117747
2026-03-19,11,weekday_regular,2,614.6871736158579,0.22573895468815935,351.42077067669175,460.9462523629028
2026-03-19,12,weekday_regular,2,645.186015018588,0.23693941058339626,241.5442668697781,394.846493546041
2026-03-19,13,weekday_regular,2,571.861455285923,0.21001155170250568,168.10937134502922,300.4195140259913
2026-03-19,14,weekday_regular,2,528.5170926938558,0.19409368075426214,133.1833603896104,262.2437691321112
2026-03-19,15,weekday_regular,2,498.9413784461153,0.1832322359332043,94.17008572567782,191.7146193273109
2026-03-19,16,weekday_regular,2,557.6779095465938,0.20480275782100396,280.0246881408066,322.1907957887201
2026-03-19,17,weekday_regular,2,658.5775086712554,0.24185732966259837,346.4190835373317,330.4270340251665
2026-03-19,18,weekday_regular,2,606.1168739212618,0.22259158058070577,148.87310126582278,185.53669512736263
2026-03-19,19,weekday_regular,2,498.98081945369756,0.1832467203282033,78.57894736842105,115.44115090444512
2026-03-19,20,weekday_regular,2,452.4526315789474,0.1661596149757427,32.55263157894737,84.9845031175656
2026-03-19,21,weekday_regular,2,433.4362425049967,0.15917599798200394,31.037974683544306,57.940172497837864
2026-03-19,22,weekday_regular,2,515.4560873093152,0.18929713085174998,237.6022435897436,191.71686911052265
2026-03-19,23,weekday_regular,2,741.2933974358975,0.27223407911711256,595.63125,442.906557365809
2026-03-20,0,weekday_regular,2,566.5892105263158,0.20807536192666756,396.47302631578947,303.0570332486068
2026-03-20,1,weekday_regular,2,638.0147233468286,0.23430581099773362,178.56378205128206,148.11241095576057
2026-03-20,2,weekday_regular,2,492.8229154179154,0.18098527925740557,33.493506493506494,47.13260183540737
2026-03-20,3,weekday_regular,2,421.7974025974026,0.15490172699133403,1.0,22.678995981527095
2026-03-20,4,weekday_regular,2,412.96629213483146,0.15165857221257123,11.415730337078651,31.67815852599489
2026-03-20,5,weekday_regular,2,529.728838230711,0.19453868462383803,292.9063652396986,227.0134516481656
2026-03-20,6,weekday_regular,2,608.6863831532258,0.22353521232215418,208.80959264336596,216.01984284581496
2026-03-20,7,weekday_regular,2,554.9758690844094,0.20381045504385215,158.63008006765762,180.4745373279843
2026-03-20,8,weekday_regular,2,528.5912750420079,0.19412092362908845,142.84810753736193,177.81417210668693
2026-03-20,9,weekday_regular,2,523.6288467612872,0.192298511480458,146.22400936585592,206.6032849151994
2026-03-20,10,weekday_regular,2,530.6571151173625,0.1948795868958364,160.41877842755034,240.14999774638005
2026-03-20,11,weekday_regular,2,523.4349213145583,0.19222729390912902,128.16852485884547,243.23600521727053
2026-03-20,12,weekday_regular,2,519.7953682522314,0.19089069711796966,151.31989577173272,260.7375785366847
2026-03-20,13,weekday_regular,2,524.1365264201482,0.19248495278007646,139.02142027863778,239.80697649950488
2026-03-20,14,weekday_regular,2,506.4142511166781,0.18597658873179512,107.01420751305744,161.60543442247712
2026-03-20,15,weekday_regular,2,483.29550238124926,0.17748641292003278,81.22454844006569,162.63813584577866
2026-03-20,16,weekday_regular,2,473.32217223397765,0.17382378708555918,82.08088214487833,168.0004686847408
2026-03-20,17,weekday_regular,2,500.17968504383776,0.18368699414022688,148.368330464716,224.10092962291
2026-03-20,18,weekday_regular,2,539.1077257502428,0.1979830061513929,179.40098391089109,246.09907142670264
2026-03-20,19,weekday_regular,2,544.5655883695513,0.19998736260358108,162.01298701298705,171.53178042033872
2026-03-20,20,weekday_regular,2,531.164688476081,0.19506598915757656,145.8987341772152,149.86099576379144
2026-03-20,21,weekday_regular,2,511.2171252498335,0.18774040589417315,112.14407894736844,119.31399590872223
2026-03-20,22,weekday_regular,2,476.366811505508,0.1749419065389306,58.772949816401464,76.78527132121064
2026-03-20,23,weekday_regular,2,504.43010097919216,0.18524792544222995,182.30230263157895,160.4088994437584
2026-03-21,0,weekend_regular,4,451.94403608736945,0.1659728373438742,109.86009021842357,107.42181567676344
2026-03-21,1,weekend_regular,4,478.18682487752665,0.17561029191242256,65.60697197539302,76.44463290681648
2026-03-21,2,weekend_regular,4,516.7980802887821,0.18978996705427179,96.52813852813853,105.05267095830968
2026-03-21,3,weekend_regular,4,533.2681002754576,0.19583845033986694,41.175049966688874,60.481055039855704
2026-03-21,4,weekend_regular,4,510.0955593595834,0.1873285197795018,51.92873792873793,68.00863661324763
2026-03-21,5,weekend_regular,4,505.09179495967004,0.18549092727127067,53.09756097560975,77.36756928882224
2026-03-21,6,weekend_regular,4,520.4488538413824,0.19113068448086024,134.9207857324194,190.24306164736248
2026-03-21,7,weekend_regular,4,507.88115943610217,0.18651529909515321,9.755813953488373,168.6342722679526
2026-03-21,8,weekend_regular,4,499.5457164203127,0.18345417422707042,31.0901303892643,189.59560625975064
2026-03-21,9,weekend_regular,4,498.3171120194362,0.18300297907434307,50.026049973418395,175.00758829295063
2026-03-21,10,weekend_regular,4,467.9127480158148,0.17183721924928932,58.90987572336591,181.85646256905153
2026-03-21,11,weekend_regular,4,484.424759783817,0.17790112368116673,51.035843373493975,213.04022615082235
2026-03-21,12,weekend_regular,4,516.8623918386377,0.18981358495726686,112.1842105263158,293.06963933223705
2026-03-21,13,weekend_regular,4,543.9073564646549,0.1997456321941443,117.63846153846151,246.0450370880369
2026-03-21,14,weekend_regular,4,579.9906430174137,0.21299693096489672,149.11809210526314,235.3773465516185
2026-03-21,15,weekend_regular,4,610.0442324972845,0.22403387164791938,126.16981707317072,203.07854183465105
2026-03-21,16,weekend_regular,4,609.8058105615728,0.22394631309642776,111.58815568703638,194.8979409814936
2026-03-21,17,weekend_regular,4,589.9504259461881,0.2166545816915858,68.0,187.23420025146413
2026-03-21,18,weekend_regular,4,563.3612903699056,0.20688993403228265,82.64525316455696,154.34848002082407
2026-03-21,19,weekend_regular,4,563.365030207304,0.20689130745769518,126.17916666666666,139.16204812964736
2026-03-21,20,weekend_regular,4,557.9740889201438,0.20491152733020337,98.1108024691358,120.8338974939895
2026-03-21,21,weekend_regular,4,548.6865099727754,0.2015007381464471,44.781052631578945,74.39293229562307
2026-03-21,22,weekend_regular,4,557.8862498615633,0.2048792691375554,105.64460288652666,126.01946749680734
2026-03-21,23,weekend_regular,4,531.043383900364,0.19502144102106647,59.07200176366843,101.87713819377466
2026-03-22,0,weekend_regular,4,441.1786236751754,0.16201932562437585,82.94655918793849,89.44283671475833
2026-03-22,1,weekend_regular,4,543.8220885874562,0.1997143182473214,256.60866228070176,216.05731093151604
2026-03-22,2,weekend_regular,4,595.361264411632,0.2186416688988733,128.84793956043956,118.43577513802808
2026-03-22,3,weekend_regular,4,611.6071204309907,0.2246078297579841,40.61464004839685,58.51123301897783
2026-03-22,4,weekend_regular,4,585.9772147045333,0.21519545159916756,18.871794871794872,39.74432254785648
2026-03-22,5,weekend_regular,4,500.47938420085467,0.1837970562617902,42.86408602150537,56.1001588135195
2026-03-22,6,weekend_regular,4,454.8127358492063,0.16702634441762992,14.68131868131868,32.25591905839627
2026-03-22,7,weekend_regular,4,474.63960710257487,0.17430760451802235,90.1818181818182,89.66133886459176
2026-03-22,8,weekend_regular,4,552.2591786275411,0.2028127721731697,212.92072368421051,198.17018224292428
2026-03-22,9,weekend_regular,4,649.1735961669909,0.23840381790928789,285.15012987012983,303.5159692915693
2026-03-22,10,weekend_regular,4,703.464095010253,0.2583415699633687,150.4075657894737,143.38566131267646
2026-03-22,11,weekend_regular,4,751.59077190833,0.276015707641693,210.49851042701093,203.2284860850334
2026-03-22,12,weekend_regular,4,710.9743299770556,0.26109964376682177,111.37961885602436,153.76876417137763
2026-03-22,13,weekend_regular,4,620.520644076749,0.22788125011999597,59.0159151193634,105.0686120643131
2026-03-22,14,weekend_regular,4,582.5335484968903,0.21393079269074192,55.43982683982683,96.6335983231306
2026-03-22,15,weekend_regular,4,557.9023261442678,0.20488517302396908,148.92045454545456,170.63524818516052
2026-03-22,16,weekend_regular,4,571.1532255718788,0.20975145999701755,144.50686742505206,179.06402882173282
2026-03-22,17,weekend_regular,4,611.2011638193543,0.22445874543494465,159.13576073805203,194.776456711848
2026-03-22,18,weekend_regular,4,663.2658572399688,0.24357908822620963,185.60156039136305,196.61692412579632
2026-03-22,19,weekend_regular,4,636.6370243623201,0.23379986205006245,82.34837235133288,92.14929955653388
2026-03-22,20,weekend_regular,4,591.3133471597412,0.2171551036209112,31.197674418604652,50.08058953912854
2026-03-22,21,weekend_regular,4,533.7653719784444,0.19602106940082423,15.265822784810126,40.067060934571
2026-03-22,22,weekend_regular,4,460.47020236735375,0.16910400380732785,2.363636363636364,24.20292520558513
2026-03-22,23,weekend_regular,4,428.50964130560845,0.15736674304282353,2.446969696969697,25.969409847471898
2026-03-23,0,weekday_regular,2,409.40183486238533,0.15034955375041695,3.5045871559633026,25.57097452972738
2026-03-23,1,weekday_regular,2,410.23856955626286,0.15065683788331358,2.0918367346938775,24.01266546532642
2026-03-23,2,weekday_regular,2,410.0967346938776,0.1506047501630105,3.15,25.32276352055447
2026-03-23,3,weekday_regular,2,409.26,0.15029746603011385,,21.97899598153103
2026-03-23,4,weekday_regular,2,408.0,0.1498347410943812,,21.97899598153103
2026-03-23,5,weekday_regular,2,460.08244444444443,0.16896160280736117,130.2061111111111,127.9162581652245
2026-03-23,6,weekday_regular,2,500.8452076023392,0.18393140198396593,101.90690789473685,107.05748717780918
2026-03-23,7,weekday_regular,2,468.1541315789474,0.1719258654347952,48.47842105263158,87.574927885497
2026-03-23,8,weekday_regular,2,444.4823897951884,0.16323260734307324,42.72755343533944,118.3806462346282
2026-03-23,9,weekday_regular,2,450.95736267988883,0.16561048941604437,64.66585326438268,157.79836283647649
2026-03-23,10,weekday_regular,2,507.70710203949625,0.18645137790653554,184.60190183435796,288.60415471739964
2026-03-23,11,weekday_regular,2,541.9771243701068,0.19903676987517693,150.3409090909091,286.87191777249325
2026-03-23,12,weekday_regular,2,498.76262626262627,0.18316659062160348,76.56565656565657,236.2127072175113
2026-03-23,13,weekday_regular,2,492.88734839814117,0.18100894175473417,135.65271442969643,175.64162070459426
2026-03-23,14,weekday_regular,2,498.9187635846441,0.18322393080596552,91.64419453191384,218.5691768945223
2026-03-23,15,weekday_regular,2,478.1994426823355,0.17561492570045373,83.85441217392484,166.7711661150887
2026-03-23,16,weekday_regular,2,504.2076207254258,0.18516622134609834,156.66463963963963,200.91943611802404
2026-03-23,17,weekday_regular,2,535.151675777561,0.1965301783979291,161.21454980426273,182.21694089241836
2026-03-23,18,weekday_regular,2,515.1952216311068,0.18920133001509615,106.77350427350429,168.9238307343296
2026-03-23,19,weekday_regular,2,473.2986122357175,0.17381513486438394,56.473026315789475,81.56916256596665
2026-03-23,20,weekday_regular,2,442.9233877415057,0.16266007629140863,30.835443037974684,53.24333018979653
2026-03-23,21,weekday_regular,2,424.42130592806114,0.15586533453105442,10.217821782178218,34.386541385155
2026-03-23,22,weekday_regular,2,415.2383482250664,0.15249296666363069,7.878048780487805,30.90993274494903
2026-03-23,23,weekday_regular,2,413.73121951219514,0.15193948568204008,6.45,26.49399598150563
2026-03-24,0,weekday_special,4,411.6,0.15115681233933162,9.0,29.417763520531423
2026-03-24,1,weekday_special,4,413.185,0.1517388909291223,3.9625,24.75274598151543
2026-03-24,2,weekday_special,4,413.185,0.1517388909291223,,23.248379751045007
2026-03-24,3,weekday_special,4,415.6978205128205,0.15266170419126718,6.282051282051282,26.376431878942157
2026-03-24,4,weekday_special,4,416.06108581894296,0.152795110473354,9.908163265306122,30.053477806242142
2026-03-24,5,weekday_special,4,452.50549892492097,0.16617903008627286,95.073532764945,109.08086534425112
2026-03-24,6,weekday_special,4,476.07049892492097,0.17483308811051082,58.9125,147.9661845484086
2026-03-24,7,weekday_special,4,504.06540568482774,0.1851139940083833,76.26931818181818,171.02987482911183
2026-03-24,8,weekday_special,4,537.9041495952952,0.19754100242206946,94.50502304147464,194.18011920916507
2026-03-24,9,weekday_special,4,523.5942451324618,0.19228580430865286,59.29877160786171,233.4748133761184
2026-03-24,10,weekday_special,4,561.7794050089375,0.2063089992687982,154.37539969118916,541.0101833175522
2026-03-24,11,weekday_special,4,582.9679451818447,0.21409032140354195,129.24066861408633,472.2554746799081
2026-03-24,12,weekday_special,4,547.7185132848425,0.20114524909469061,6.381443298969073,114.48837451864571
2026-03-24,13,weekday_special,4,564.3263256599867,0.20724433553433222,100.81830254572188,515.9683338380839
2026-03-24,14,weekday_special,4,534.2186398488858,0.19618752840576048,79.10618516343706,305.72483101268546
2026-03-24,15,weekday_special,4,506.78366375523507,0.18611225257261663,60.65322837995958,191.81776574610444
2026-03-24,16,weekday_special,4,582.9522227992838,0.21408454748412922,196.80284090909092,466.1727080972741
2026-03-24,17,weekday_special,4,636.9192438862582,0.2339035049159964,235.7358552631579,506.2210093223336
2026-03-24,18,weekday_special,4,708.0292698208834,0.26001809394817604,256.88125,556.0290747235624
2026-03-24,19,weekday_special,4,765.3621889952153,0.281073150567468,203.98552631578949,232.34534240894865
2026-03-24,20,weekday_special,4,711.0157361758827,0.2611148498626084,60.936708860759495,73.30606495706954
2026-03-24,21,weekday_special,4,659.2622006324788,0.2421087773163712,106.35201640464798,127.8978394552365
2026-03-24,22,weekday_special,4,565.7202269482682,0.2077562346486479,23.026315789473685,44.6218709597253
2026-03-24,23,weekday_special,4,484.12601642195244,0.1777914125677387,,23.11776352056688
2026-03-25,0,weekday_regular,2,408.0,0.1498347410943812,,23.687147290084795
2026-03-25,1,weekday_regular,2,408.8,0.15012853470437018,2.0,23.37899598152319
2026-03-25,2,weekday_regular,2,418.9684210526316,0.15386280611554592,25.42105263157895,41.32050701707578
2026-03-25,3,weekday_regular,2,426.7610136452242,0.1567245735017349,21.48148148148148,37.01603301848343
2026-03-25,4,weekday_regular,2,420.5976558837318,0.15446112959373184,10.0126582278481,28.98785674098528
2026-03-25,5,weekday_regular,2,460.94716855429715,0.16927916582970884,122.35526315789474,178.878890883772
2026-03-25,6,weekday_regular,2,549.6035482646009,0.201837513134264,231.6536075036075,415.6996679930556
2026-03-25,7,weekday_regular,2,548.7061183261184,0.2015079391575903,120.11168831168833,266.1522183492852
2026-03-25,8,weekday_regular,2,482.26933512407896,0.1771095611913621,65.56164949850908,217.2274403909965
2026-03-25,9,weekday_regular,2,487.4458168195337,0.179010582746799,133.05289255032514,610.9573714864791
2026-03-25,10,weekday_regular,2,553.2338439122346,0.20317071021382102,230.03171723026148,603.6792417497492
2026-03-25,11,weekday_regular,2,575.6606868921046,0.21140678916346112,189.12,409.8003423140105
2026-03-25,12,weekday_regular,2,545.2069680992049,0.20022290418626695,153.8974202480121,312.2943243471156
2026-03-25,13,weekday_regular,2,539.2597736227951,0.19803884451810325,174.25201380897585,300.25561375075483
2026-03-25,14,weekday_regular,2,582.9874944868011,0.21409750072963685,263.2167224080268,284.20088194821625
2026-03-25,15,weekday_regular,2,752.4732679105791,0.27633979724957003,597.966447368421,508.91960755352966
2026-03-25,16,weekday_regular,2,805.7536842105263,0.29590660455766665,396.41776315789474,379.4913225195304
2026-03-25,17,weekday_regular,2,670.0066081740401,0.2460545751649064,258.59875727720555,286.9783517176326
2026-03-25,18,weekday_regular,2,584.4183187003559,0.21462295949333673,182.4470394736842,197.08139271285688
2026-03-25,19,weekday_regular,2,504.89259156490255,0.18541777141568216,59.78443943857217,99.80072664619384
2026-03-25,20,weekday_regular,2,520.7243020912183,0.19123184065046578,222.02631578947367,196.1870814273791
2026-03-25,21,weekday_regular,2,603.6946052631579,0.22170202176392137,267.21019736842106,215.28935560306985
2026-03-25,22,weekday_regular,2,583.8463157894737,0.21441289599319635,172.40559210526317,144.94044553260744
2026-03-25,23,weekday_regular,2,515.285185560054,0.18923436854941386,95.8073717948718,89.61354000708161
2026-03-26,0,weekday_regular,2,434.11072289156624,0.15942369551655022,65.27680722891566,71.08906365862231
2026-03-26,1,weekday_regular,2,513.8079023787458,0.1886918481008982,199.2429487179487,169.98981662607875
2026-03-26,2,weekday_regular,2,578.4521794871795,0.2124319425219168,226.8875,192.31853760147345
2026-03-26,3,weekday_regular,2,590.1865789473684,0.2167413069949939,228.57894736842104,192.23316698984755
2026-03-26,4,weekday_regular,2,546.0630263157894,0.20053728472853083,116.57861842105264,109.27786657098768
2026-03-26,5,weekday_regular,2,496.8039035087719,0.18244726533557543,105.4311403508772,133.7089921453051
2026-03-26,6,weekday_regular,2,510.36491228070173,0.18742743748832233,150.48114035087718,174.55436647186372
2026-03-26,7,weekday_regular,2,539.197391888813,0.19801593532457323,177.51233937115515,166.73544924328536
2026-03-26,8,weekday_regular,2,560.6989041850887,0.20591219397175495,204.23492109156663,192.8432454512011
2026-03-26,9,weekday_regular,2,542.1874788262371,0.19911402086898167,131.23377597402597,171.2574328728189
2026-03-26,10,weekday_regular,2,598.5262445723523,0.21980398258257522,345.0818354568548,357.93712724193256
2026-03-26,11,weekday_regular,2,774.2748062948403,0.2843462380811019,570.605180280246,524.5535473774182
2026-03-26,12,weekday_regular,2,798.0046422875371,0.29306083080702794,404.4064254385965,456.6342194007467
2026-03-26,13,weekday_regular,2,685.1745877192983,0.251624894498457,288.53004385964914,311.96096356873426
2026-03-26,14,weekday_regular,2,596.3426057791538,0.219002058677618,182.32647058823528,271.7936509894158
2026-03-26,15,weekday_regular,2,541.0532198142415,0.19869747330673576,150.30657894736842,215.82880729762215
2026-03-26,16,weekday_regular,2,724.5249579489328,0.26607600365366607,641.0058159249633,567.0734173260391
2026-03-26,17,weekday_regular,2,851.9452792463624,0.312870098878576,468.8573821909425,436.7948328433597
2026-03-26,18,weekday_regular,2,761.2319002447981,0.2795563350146155,414.22236842105264,393.0137402743903
2026-03-26,19,weekday_regular,2,642.6955047454703,0.2360247905785789,172.51639344262296,177.6034975617588
2026-03-26,20,weekday_regular,2,546.2802415875756,0.20061705530208432,173.18421052631578,163.836375282393
2026-03-26,21,weekday_regular,2,571.1840789473684,0.20976279065272438,234.77598684210523,204.51089385503025
2026-03-26,22,weekday_regular,2,579.9881869446344,0.21299602899178643,195.19448051948052,168.9946564261989
2026-03-26,23,weekday_regular,2,526.7934501025292,0.19346068678021636,101.7891447368421,101.7298253159352
2026-03-27,0,weekday_regular,2,462.3423376623377,0.16979153054070426,135.85584415584415,124.48007589381956
2026-03-27,1,weekday_regular,2,485.1054955570745,0.1781511184565092,56.9078947368421,65.36144114468192
2026-03-27,2,weekday_regular,2,456.0684210526316,0.16748748477878503,63.26315789473684,69.11012535518714
2026-03-27,3,weekday_regular,2,516.2367754830113,0.18958383234778234,207.32878081279148,167.10914254966792
2026-03-27,4,weekday_regular,2,578.5683544303797,0.21247460684185815,219.0921052631579,175.34346966487806
2026-03-27,5,weekday_regular,2,542.2196616541353,0.1991258397554665,116.45704887218044,105.33769773063028
2026-03-27,6,weekday_regular,2,575.4499701840809,0.21132940513554202,302.1678765880217,244.44541744327407
2026-03-27,7,weekday_regular,2,585.901935240847,0.21516780581742453,142.58696151409566,157.34140237364295
2026-03-27,8,weekday_regular,2,508.432816805996,0.18671789085787588,108.49508050089446,138.04364865894064
2026-03-27,9,weekday_regular,2,611.4224722470126,0.22454001918729805,400.0611001166371,399.1346628005913
2026-03-27,10,weekday_regular,2,764.5574549658426,0.28077761842300497,491.33253729796934,531.0852850211294
2026-03-27,11,weekday_regular,2,699.3030251059449,0.25681345027761476,236.92502546689303,449.72586664729744
2026-03-27,12,weekday_regular,2,583.6894295186885,0.21435528076338176,202.29854832982824,437.3225891508824
2026-03-27,13,weekday_regular,2,559.3713305493688,0.20542465315804953,176.12977804359383,226.04691542754512
2026-03-27,14,weekday_regular,2,525.7638020556442,0.1930825567593258,118.27972709551656,163.44175126479055
2026-03-27,15,weekday_regular,2,619.4384246251764,0.22748381367064868,410.3163344674244,447.9273509566312
2026-03-27,16,weekday_regular,2,737.420642385932,0.270811840758697,413.2352714974055,458.1062804214192
2026-03-27,17,weekday_regular,2,696.6202928094885,0.2558282382701023,308.3154605263158,398.22467337975706
2026-03-27,18,weekday_regular,2,642.1577631578948,0.23582730927576012,277.07894736842104,452.3848432286854
2026-03-27,19,weekday_regular,2,563.5572932330826,0.20696191451820883,111.8142857142857,142.1816328192603
2026-03-27,20,weekday_regular,2,516.2834774436091,0.1896009832697793,158.89440789473684,148.13967574516477
2026-03-27,21,weekday_regular,2,562.9203947368421,0.20672801863270002,228.4065789473684,196.6675792512548
2026-03-27,22,weekday_regular,2,581.129475130133,0.21341515796185567,204.41710887796415,173.04234496855125
2026-03-27,23,weekday_regular,2,609.309570823913,0.22376407301649393,298.8568181818182,239.280757711355
2026-03-28,0,weekend_special,6,519.2278036437247,0.1906822635489257,278.06950910931175,220.04395497406088
2026-03-28,1,weekend_special,6,592.8547346074978,0.21772116584924633,184.06732740943264,155.38119532355185
2026-03-28,2,weekend_special,6,844.5903255987851,0.31016905089929675,629.338977478218,469.14270207379593
2026-03-28,3,weekend_special,6,1030.0058519145746,0.3782614219297005,463.5388157894737,352.150004727515
2026-03-28,4,weekend_special,6,1266.2083194259455,0.4650048914527894,590.5061687784275,438.74961674121056
2026-03-28,5,weekend_special,6,1320.1301615312086,0.48480725726449087,134.8046052631579,170.30868556524592
2026-03-28,6,weekend_special,6,1284.9069631506418,0.47187181900500985,190.0115131578947,207.2587920138499
2026-03-28,7,weekend_special,6,1283.182596289433,0.47123855904863493,179.75641025641025,203.36590636948057
2026-03-28,8,weekend_special,6,1224.0625555373801,0.4495271963045832,481.5388755980861,422.10072411656
2026-03-28,9,weekend_special,6,1141.162225326299,0.4190827122020929,256.28799026177074,226.097377906984
2026-03-28,10,weekend_special,6,1047.5596355715686,0.3847079087666429,356.4996943916015,355.0493452467652
2026-03-28,11,weekend_special,6,1105.3712458472578,0.40593876086935654,279.333630952381,321.37953953359045
2026-03-28,12,weekend_special,6,1073.6789546084901,0.3943000200545318,110.7807850609756,221.8797003907048
2026-03-28,13,weekend_special,6,1073.0182625363345,0.3940573861683197,178.10468007602154,240.5770585532663
2026-03-28,14,weekend_special,6,1011.3149448339639,0.37139733559822397,327.28058134215905,339.70759641999086
2026-03-28,15,weekend_special,6,1011.9202750450451,0.37161963828316014,257.8013157894737,305.09782263500705
2026-03-28,16,weekend_special,6,946.7890095749942,0.34770070127616387,193.67153071647456,223.35254509983005
2026-03-28,17,weekend_special,6,865.5081497866345,0.31785095475087566,76.13148148148149,121.36712342440104
2026-03-28,18,weekend_special,6,854.4009639673724,0.3137719294775514,83.01282051282051,163.84867182913635
2026-03-28,19,weekend_special,6,892.1010656211743,0.32761699067982897,272.3549342105263,257.3562169182161
2026-03-28,20,weekend_special,6,848.752909739363,0.31169772667622586,218.91019163763065,190.1507243649539
2026-03-28,21,weekend_special,6,816.2364337559571,0.29975631059711977,176.51012583095917,159.20129453093702
2026-03-28,22,weekend_special,6,762.0506278529867,0.2798570061891248,58.20701595904848,81.64418777720525
2026-03-28,23,weekend_special,6,766.0812715643201,0.28133722789728977,86.2080907598149,95.42048621197398
2026-03-29,0,weekend_special,6,493.2009653092006,0.18112411506030138,213.0024132730015,186.4540470487766
2026-03-29,1,weekend_special,6,605.0043145914973,0.22218300205343272,279.50837320574163,229.0225326148071
2026-03-29,2,weekend_special,6,605.0043145914973,0.22218300205343272,,
2026-03-29,3,weekend_special,6,706.740386478532,0.25954476183567093,254.34017971758664,209.696645864644
2026-03-29,4,weekend_special,6,793.3192022680057,0.2913401403848717,216.4470394736842,181.46329638550785
2026-03-29,5,weekend_special,6,835.5219969416864,0.3068387796333773,105.50698668420188,104.72380896743076
2026-03-29,6,weekend_special,6,772.6350287464829,0.28374404287421334,55.78499278499278,72.6764391174876
2026-03-29,7,weekend_special,6,833.5790478852389,0.3061252471117293,431.8684210526315,334.94739507848897
2026-03-29,8,weekend_special,6,916.3987209337095,0.3365401105155011,207.04918262117627,175.58479658878542
2026-03-29,9,weekend_special,6,905.6649867090124,0.33259823235733105,227.50584415584416,199.70610349637352
2026-03-29,10,weekend_special,6,910.1961606666337,0.33426226980045304,227.7749743677375,232.85912049731536
2026-03-29,11,weekend_special,6,935.9653551430433,0.34372580064011876,169.92997287522604,202.21225508026023
2026-03-29,12,weekend_special,6,995.3237264500989,0.3655246883768266,204.1809210526316,301.5016928489486
2026-03-29,13,weekend_special,6,992.3289896079937,0.3644248951920652,424.3815789473685,489.9150967163851
2026-03-29,14,weekend_special,6,1102.329921231315,0.4048218586967738,482.0515116794796,461.2965595730393
2026-03-29,15,weekend_special,6,1186.3126325285857,0.43566383860763336,437.4626223990208,467.0449229105958
2026-03-29,16,weekend_special,6,1176.2830481051446,0.43198055383956835,202.7010133091349,222.68591785471125
2026-03-29,17,weekend_special,6,1155.1369983489935,0.4242148359709855,117.06484848484848,159.0126930675225
2026-03-29,18,weekend_special,6,1139.6981160626324,0.4185450297696042,165.58371533672891,176.6523375875673
2026-03-29,19,weekend_special,6,1189.092195010001,0.43668461072713954,547.8667763157895,451.1607542387955
2026-03-29,20,weekend_special,6,1070.1312751607304,0.3929971631144805,184.64921205630355,184.03151669451313
2026-03-29,21,weekend_special,6,921.1872518421477,0.33829866024316846,65.1025641025641,73.81401231776653
2026-03-29,22,weekend_special,6,852.0860672977145,0.31292180216588855,29.948051948051948,44.650783653603185
2026-03-29,23,weekend_special,6,810.7074963248277,0.2977258524880014,13.61842105263158,31.51189071831948
2026-03-30,0,weekday_special,4,412.3594936708861,0.15143573032349839,10.89873417721519,30.177493675056667
2026-03-30,1,weekday_special,4,412.75949367088606,0.15158262712849285,1.0,22.678995981527095
2026-03-30,2,weekday_special,4,428.05423051299135,0.15719949706683486,38.23684210526316,48.744785455064545
2026-03-30,3,weekday_special,4,452.5765834541678,0.1662051353118501,61.305882352941175,65.46249739786617
2026-03-30,4,weekday_special,4,469.39683661872476,0.17238223893452984,52.949367088607595,59.04355294334766
2026-03-30,5,weekday_special,4,489.0329671548553,0.17959345103006072,50.09032634032634,62.73606211474131
2026-03-30,6,weekday_special,4,561.9145440751184,0.20635862801142799,220.44078440592097,202.77404061124943
2026-03-30,7,weekday_special,4,641.2809806076261,0.23550531788748663,259.7219736842105,218.05285120504587
2026-03-30,8,weekday_special,4,755.7625117637972,0.27754774578178376,339.1531949790352,306.9586546417942
2026-03-30,9,weekday_special,4,809.4639971001664,0.2972691873302117,184.34403968124897,213.88140156729543
2026-03-30,10,weekday_special,4,763.9509945283958,0.2805549006714637,106.65827797649465,153.71214754524755
2026-03-30,11,weekday_special,4,808.9270632846237,0.2970720026752199,372.1621455747804,362.4436027364297
2026-03-30,12,weekday_special,4,864.2486122029418,0.31738839963383836,477.4570672748304,444.7212307286933
2026-03-30,13,weekday_special,4,930.8794173830738,0.34185803062176784,350.92105263157896,359.6608230486181
2026-03-30,14,weekday_special,4,1035.3677728591426,0.3802305445681758,367.8791666666667,368.9118177461128
2026-03-30,15,weekday_special,4,1004.2470031896727,0.36880169048463923,294.3602214011055,315.3816046117521
2026-03-30,16,weekday_special,4,870.474948715638,0.31967497198517736,143.02693108974358,171.63569976789935
2026-03-30,17,weekday_special,4,879.9396617723181,0.3231508122557173,374.5828352732794,341.5760291369804
2026-03-30,18,weekday_special,4,902.8777725585429,0.33157465022348254,425.2244436322287,354.4991326934868
2026-03-30,19,weekday_special,4,888.1800346639219,0.3261770233800668,257.61587666455296,247.31032494380395
2026-03-30,20,weekday_special,4,905.0154965638641,0.3323597122893368,185.115585839599,197.24122386043297
2026-03-30,21,weekday_special,4,788.3823624545523,0.289527125396457,83.0,146.1275132452833
2026-03-30,22,weekday_special,4,672.7180978221736,0.24705034808012252,136.06378205128206,186.68846329807917
2026-03-30,23,weekday_special,4,613.8594014773402,0.22543496198213006,110.46913580246914,120.37459051498732
2026-03-31,0,weekday_special,4,417.59540229885056,0.15335857594522606,23.988505747126435,39.90971754346086
2026-03-31,1,weekday_special,4,424.7414697145809,0.15598291212434112,17.865168539325843,35.753997728502725
2026-03-31,2,weekday_special,4,432.70989076721247,0.15890925110804718,19.92105263157895,39.34003544066533
2026-03-31,3,weekday_special,4,439.93014393176946,0.16156083141085914,18.050632911392405,35.75320655847045
2026-03-31,4,weekday_special,4,440.3106452473767,0.16170056747975642,24.93975903614458,42.85312992384149
2026-03-31,5,weekday_special,4,447.85029211736065,0.16446944256972482,36.714285714285715,51.664682368011825
2026-03-31,6,weekday_special,4,505.7303617768034,0.18572543583430165,164.62122678018576,175.33638226847552
2026-03-31,7,weekday_special,4,649.0850231421609,0.23837129017339734,376.4372863247863,401.6972544175721
2026-03-31,8,weekday_special,4,721.573556312861,0.26499212497717994,206.16109196289472,203.33339313046773
2026-03-31,9,weekday_special,4,761.728244033414,0.27973861330643185,137.10100501566808,200.1078725251448
2026-03-31,10,weekday_special,4,841.5823779296254,0.3090644061438213,364.25656152071457,369.1059376203705
2026-03-31,11,weekday_special,4,836.0879019962022,0.3070466037444738,362.701096491228,385.99607895151087
2026-03-31,12,weekday_special,4,938.4819063688727,0.344649983976817,462.146102894571,517.2536539417235
2026-03-31,13,weekday_special,4,989.9055442890568,0.36353490425598856,265.6600998161282,350.7593194181517
2026-03-31,14,weekday_special,4,932.04263421864,0.34228521271341905,219.5992863446727,287.07417661031366
2026-03-31,15,weekday_special,4,838.1497552354131,0.30780380287749287,127.96889903316074,183.2801658548485
2026-03-31,16,weekday_special,4,761.2329166416873,0.27955670827825463,269.8540064102564,369.6688965629553
2026-03-31,17,weekday_special,4,798.7412887806618,0.29333135834765395,359.4310301635644,440.940653198498
2026-03-31,18,weekday_special,4,848.0130028142212,0.3114260017679843,342.7785714285714,345.1058384735047
2026-03-31,19,weekday_special,4,881.1697359352497,0.3236025471668196,210.86073183573183,232.78728642296664
2026-03-31,20,weekday_special,4,798.3698062428274,0.2931949343528562,62.85418217920079,100.6140476358305
2026-03-31,21,weekday_special,4,683.3518245571485,0.2509554992865033,71.88607594936708,119.55810201579251
2026-03-31,22,weekday_special,4,631.6503959857199,0.23196856260951887,213.525,250.02145617416323
2026-03-31,23,weekday_special,4,598.9888305241544,0.21997386357846288,129.2068181818182,183.46948746587708
2026-04-01,0,weekday_special,4,481.47355263157897,0.17681731642731507,183.68388157894736,189.84519318280712
2026-04-01,1,weekday_special,4,524.1539422419686,0.1924913486015309,106.70097402597402,119.44502858000936
2026-04-01,2,weekday_special,4,551.9721240601503,0.20270735367614776,69.54545454545455,96.85246756089974
2026-04-01,3,weekday_special,4,642.2623838004101,0.23586573037106506,225.72564935064935,247.87423532920724
2026-04-01,4,weekday_special,4,645.865626040626,0.23718899230283733,192.69198717948717,186.47134302134475
2026-04-01,5,weekday_special,4,679.7878338328339,0.24964665216042378,191.5064935064935,181.08642729411045
2026-04-01,6,weekday_special,4,745.2623608754116,0.27369164923812395,233.23177215189872,216.03882854867425
2026-04-01,7,weekday_special,4,749.4592965484342,0.27523294034096,236.21798853320593,211.68864711365083
2026-04-01,8,weekday_special,4,759.1425420918727,0.2787890349217307,216.90010103808345,258.66367253307436
2026-04-01,9,weekday_special,4,845.7131116405614,0.3105813851048701,407.9329173782153,487.7991717542063
2026-04-01,10,weekday_special,4,889.3971710359123,0.32662400699078675,342.44192064027595,354.04309782055145
2026-04-01,11,weekday_special,4,893.6240930809097,0.32817631034921396,246.7852936456996,288.494125495837
2026-04-01,12,weekday_special,4,867.6589055905292,0.3186408026406644,151.9871323121323,368.4906110895514
2026-04-01,13,weekday_special,4,739.466907470412,0.27156331526640176,87.45292207792208,252.32449767999395
2026-04-01,14,weekday_special,4,649.8214550037753,0.23864173889231557,118.3282894736842,296.7764613960936
2026-04-01,15,weekday_special,4,621.7553507540811,0.22833468628500958,176.62003302146394,442.9749408810797
2026-04-01,16,weekday_special,4,652.0451411592513,0.23945836987119035,227.7116083250579,446.5871293144356
2026-04-01,17,weekday_special,4,717.3761493615752,0.2634506608011661,250.78044258373205,393.3910577473915
2026-04-01,18,weekday_special,4,730.7861591081639,0.2683753797679633,151.85331384015595,226.1654952666348
2026-04-01,19,weekday_special,4,707.2255741292435,0.2597229431249517,117.71857057416268,166.407436042036
2026-04-01,20,weekday_special,4,698.7775097465887,0.25662045895945235,206.59144736842103,209.8885211675506
2026-04-01,21,weekday_special,4,630.6875549353181,0.23161496692446495,80.55555555555556,122.77981889250064
2026-04-01,22,weekday_special,4,590.5982293992557,0.21689248233538588,51.63,96.26870853902858
2026-04-01,23,weekday_special,4,560.7108011695906,0.20591656304428593,43.0,98.19908131231357
2026-04-02,0,weekday_special,4,430.2,0.15798751377157547,55.5,89.86756822672652
2026-04-02,1,weekday_special,4,504.94197368421055,0.18543590660455767,186.85493421052632,175.55280070888006
2026-04-02,2,weekday_special,4,586.3260526315789,0.21532355954152735,203.46019736842103,212.3279617780236
2026-04-02,3,weekday_special,4,618.1525586556754,0.2270115896642216,79.56626506024097,97.16504591747372
2026-04-02,4,weekday_special,4,596.3525586556754,0.2190057137920218,1.0,23.248379751045007
2026-04-02,5,weekday_special,4,525.1733756691392,0.19286572738492075,8.906976744186046,32.768949858569556
2026-04-02,6,weekday_special,4,479.85370885435367,0.17622244173865356,90.16103033145716,135.79007898998083
2026-04-02,7,weekday_special,4,558.5387977669661,0.2051189121435792,276.27898734177217,617.0391270104324
2026-04-02,8,weekday_special,4,723.433572386547,0.26567520102333714,413.2369365489521,719.8599589794694
2026-04-02,9,weekday_special,4,862.0444658993989,0.3165789445095112,355.4342105263158,595.6032875413944
2026-04-02,10,weekday_special,4,960.0008432405002,0.35255264166011757,335.0519736842105,338.4635573109971
2026-04-02,11,weekday_special,4,941.2463535669492,0.34566520512925053,229.39276315789473,251.91031384466663
2026-04-02,12,weekday_special,4,846.5658289473683,0.31089453872470374,176.535625,220.99613066095353
2026-04-02,13,weekday_special,4,886.2058484405458,0.3254520192583716,454.5342592592592,450.20553697127787
2026-04-02,14,weekday_special,4,882.7112431773879,0.3241686533886845,326.3154605263158,398.9196734445925
2026-04-02,15,weekday_special,4,895.817295808967,0.328981746532856,262.1578947368421,453.25086865123353
2026-04-02,16,weekday_special,4,932.1605458089668,0.3423285148031461,267.39375,340.4306545396864
2026-04-02,17,weekday_special,4,789.0205263157894,0.2897614859771537,96.6842105263158,155.1418291503235
2026-04-02,18,weekday_special,4,769.5317042606516,0.28260437174463887,277.5934053884712,253.8178153339702
2026-04-02,19,weekday_special,4,781.6839411027568,0.28706718365874284,292.53848684210527,273.8615055879142
2026-04-02,20,weekday_special,4,732.4474937343357,0.26898549163949165,144.30263157894737,165.0514344134256
2026-04-02,21,weekday_special,4,728.6046315665401,0.26757423120328316,87.07705510682648,139.86316019919562
2026-04-02,22,weekday_special,4,648.4378576464457,0.2381336238143392,77.17647058823529,147.1754965827323
2026-04-02,23,weekday_special,4,575.0741512212919,0.2111913886233169,109.12922077922076,118.99735775805534
2026-04-03,0,weekday_special,4,512.4577631578948,0.18819602025629628,261.14440789473684,249.61377659769948
2026-04-03,1,weekday_special,4,581.3469736842105,0.21349503256856794,172.22302631578947,163.4133029863537
2026-04-03,2,weekday_special,4,633.3206578947368,0.23258195295436532,129.93421052631578,141.56448089360185
2026-04-03,3,weekday_special,4,658.8692476383266,0.24196446846798625,63.87147435897436,90.74536436064868
2026-04-03,4,weekday_special,4,575.1319495967109,0.21121261461502422,51.801162790697674,79.08589898449571
2026-04-03,5,weekday_special,4,577.1789232809215,0.21196434935032005,177.34046052631578,174.58650682514943
2026-04-03,6,weekday_special,4,634.0465367803188,0.23284852617712773,272.10324427480913,239.13213793030465
2026-04-03,7,weekday_special,4,696.2028544441364,0.2556749373647214,219.26226851851857,180.71765409976933
2026-04-03,8,weekday_special,4,755.944726990195,0.2776146628682317,201.15584415584416,173.55436160782895
2026-04-03,9,weekday_special,4,739.6887219510013,0.271644774862652,136.70044792833147,158.97276283651755
2026-04-03,10,weekday_special,4,687.3883443445212,0.25243787893665853,141.35230025860898,218.3815387164637
2026-04-03,11,weekday_special,4,729.3146211476401,0.2678349692058906,324.07796052631574,447.4455023702048
2026-04-03,12,weekday_special,4,731.8171938996361,0.2687540190597268,207.41227603583425,454.0944375704451
2026-04-03,13,weekday_special,4,707.604547195836,0.2598621179566052,76.16883116883118,242.95146932543116
2026-04-03,14,weekday_special,4,693.4424428818661,0.254661198267303,105.9470394736842,232.95476135475528
2026-04-03,15,weekday_special,4,616.6483415746766,0.22645917795617942,132.09270725834193,260.04621963986835
2026-04-03,16,weekday_special,4,601.3886943182376,0.22085519438789483,169.26315789473685,289.5931426473013
2026-04-03,17,weekday_special,4,669.8815419676641,0.24600864559958285,247.40095029239765,354.0960425103741
2026-04-03,18,weekday_special,4,700.9298866720177,0.2574109021931758,183.5679012345679,271.48446961481494
2026-04-03,19,weekday_special,4,709.4491755219276,0.2605395429753682,153.39092938311688,324.9086873640755
2026-04-03,20,weekday_special,4,679.8681288882494,0.24967613987816725,95.31054131054132,111.6486620899852
2026-04-03,21,weekday_special,4,598.1169778400939,0.21965368264417698,43.02307267200885,68.0378923982696
2026-04-03,22,weekday_special,4,556.7095704326865,0.20444714301604353,80.04938271604938,91.1093905813624
2026-04-03,23,weekday_special,4,501.48025750296915,0.18416461898750244,15.31764705882353,38.52580284830452
2026-04-04,0,weekend_special,6,433.72345679012346,0.15928147513408866,64.30864197530865,75.53580190676254
2026-04-04,1,weekend_special,6,438.18345679012344,0.16091937450977725,11.15,32.061531059558774
2026-04-04,2,weekend_special,6,446.91660493827163,0.16412655341104357,21.83287037037037,44.094610474919335
2026-04-04,3,weekend_special,6,458.2534470435348,0.168289918121019,28.342105263157897,47.51230736080913
2026-04-04,4,weekend_special,6,472.92708340717115,0.17367869386969195,36.684090909090905,51.07416223485765
2026-04-04,5,weekend_special,6,518.5713759567268,0.19044119572410093,114.11073137388928,110.81215548311344
2026-04-04,6,weekend_special,6,561.137392850814,0.20607322543180828,170.72368421052633,155.79340603477522
2026-04-04,7,weekend_special,6,613.8721980456191,0.22543966141961774,142.98701298701295,127.89435899753396
2026-04-04,8,weekend_special,6,628.0436350801272,0.23064400847599234,57.261462956640486,70.73339282420073
2026-04-04,9,weekend_special,6,675.0076098272993,0.24789115307649628,145.7520421310886,190.345124944627
2026-04-04,10,weekend_special,6,732.1425876543503,0.2688735173170585,179.52153547671838,196.46351586202937
2026-04-04,11,weekend_special,6,769.7405414121345,0.2826810655204313,208.1056157683495,257.0906899952947
2026-04-04,12,weekend_special,6,779.0897280150052,0.28611447962357883,194.09665071770337,351.7499338065028
2026-04-04,13,weekend_special,6,757.639338774616,0.2782369955103254,89.36103988603989,272.77439467116136
2026-04-04,14,weekend_special,6,772.5207998823846,0.2837020932362779,94.46511572606214,215.30177483179045
2026-04-04,15,weekend_special,6,795.3711573030789,0.29209370448148325,202.8779356828244,297.646223984379
2026-04-04,16,weekend_special,6,790.3506377310745,0.2902499587701339,166.97023654670713,194.38139161685697
2026-04-04,17,weekend_special,6,787.5582244478535,0.2892244672963105,201.1245825602969,228.924287151248
2026-04-04,18,weekend_special,6,737.7971672594279,0.27095011651099077,69.69400774663931,129.53167844239908
2026-04-04,19,weekend_special,6,716.8777513050118,0.26326762809585447,37.0625,97.7402195410136
2026-04-04,20,weekend_special,6,728.6914418566922,0.26760611158894315,123.99934210526315,156.1428444843342
2026-04-04,21,weekend_special,6,679.4751425835625,0.2495318187967545,79.8371875,92.09962146916452
2026-04-04,22,weekend_special,6,658.9129454789868,0.2419805161509316,115.56474378526764,113.69260825160352
2026-04-04,23,weekend_special,6,621.0765338064953,0.22808539618306842,106.53355337906832,111.11863341541168
2026-04-05,0,weekend_special,6,436.12278947368424,0.1601626108974235,70.30697368421053,79.7346341029702
2026-04-05,1,weekend_special,6,450.2547118722733,0.16535244651938055,35.32980599647266,52.40369787410191
2026-04-05,2,weekend_special,6,484.6491855564838,0.17798354225357466,85.98618421052632,96.3858860473768
2026-04-05,3,weekend_special,6,500.2511406887059,0.18371323565505174,39.004887830555205,55.54563892746316
2026-04-05,4,weekend_special,6,521.1899061208046,0.19140283001131275,52.34691358024692,67.63611957318875
2026-04-05,5,weekend_special,6,521.1899061208046,0.19140283001131275,,27.749727688815653
2026-04-05,6,weekend_special,6,534.445346460785,0.19627078459815828,103.44557453416148,109.3773970747864
2026-04-05,7,weekend_special,6,621.685672351541,0.22830909744823394,253.4306207233627,216.54092011032853
2026-04-05,8,weekend_special,6,724.4751460357515,0.26605771062642364,342.95986842105265,276.5907144830776
2026-04-05,9,weekend_special,6,829.226574362176,0.3045268359758267,300.88345864661653,261.58645251162733
2026-04-05,10,weekend_special,6,895.7787067628947,0.3289675750139165,218.72724458204337,207.29831730297576
2026-04-05,11,weekend_special,6,958.5970693359941,0.35203711690635114,157.04590643274855,192.55856018280397
2026-04-05,12,weekend_special,6,978.2543523428424,0.35925609707779743,152.58878205128204,169.01288834342793
2026-04-05,13,weekend_special,6,1008.0567513099363,0.3702007900513905,327.9366181410974,322.85937236590377
2026-04-05,14,weekend_special,6,951.6038778675892,0.34946892319779255,201.8276848151848,197.55201775291863
2026-04-05,15,weekend_special,6,932.5793327770522,0.3424823109721088,253.32209592027405,243.00166220756705
2026-04-05,16,weekend_special,6,928.3223627389282,0.34091897272821453,208.08481948673335,214.60279667304647
2026-04-05,17,weekend_special,6,917.7368786583563,0.33703153825132437,130.58219623131905,172.2975572414066
2026-04-05,18,weekend_special,6,944.1484711010014,0.34673098461292745,218.61776315789473,219.53183711717145
2026-04-05,19,weekend_special,6,1015.212265403004,0.37282859544730224,505.5961038961039,404.36545718270736
2026-04-05,20,weekend_special,6,994.18130715073,0.3651051440142233,149.2502891844997,154.35400311647095
2026-04-05,21,weekend_special,6,942.4164431415948,0.34609491117943253,123.9099358974359,139.4626746632158
2026-04-05,22,weekend_special,6,893.5983048205856,0.32816683981659406,86.03947368421052,126.52072473319024
2026-04-05,23,weekend_special,6,867.6496368543737,0.3186373987713455,65.71052631578948,85.00660691324433
2026-04-06,0,weekday_special,4,461.35263157894735,0.16942806888687012,133.3815789473684,130.71946302114725
2026-04-06,1,weekday_special,4,493.4253588516747,0.18120652179642846,80.18181818181819,91.20209540740004
2026-04-06,2,weekday_special,4,551.6831220095694,0.20260121998147976,145.64440789473684,149.54975248749935
2026-04-06,3,weekday_special,4,635.0773325358853,0.23322707768486423,208.48552631578949,188.4166801044073
2026-04-06,4,weekday_special,4,604.4168071116527,0.22196724462418388,56.73026538678712,77.06354352904245
2026-04-06,5,weekday_special,4,663.2071061547149,0.24355751235942522,227.1575657894737,206.611561661574
2026-04-06,6,weekday_special,4,688.3460986221472,0.25278960654504123,208.49188906331764,171.33962094213922
2026-04-06,7,weekday_special,4,665.762414411621,0.24449592890621408,152.02631578947367,135.23002226777857
2026-04-06,8,weekday_special,4,687.27687158605,0.25239694145650016,110.51640832285992,111.42815719745198
2026-04-06,9,weekday_special,4,639.2887926386816,0.23477370276852058,107.18736842105262,196.4869059935983
2026-04-06,10,weekday_special,4,585.5709843817756,0.2150462667579051,74.19736842105263,188.59438385723007
2026-04-06,11,weekday_special,4,642.2352632607913,0.2358557705695157,293.68701298701296,354.5915716047559
2026-04-06,12,weekday_special,4,714.7599683527,0.2624898892224385,291.82817105263155,416.4859029526798
2026-04-06,13,weekday_special,4,737.4642417634997,0.27082785228185813,163.94805194805195,345.6914547039803
2026-04-06,14,weekday_special,4,796.8984290015062,0.29265458281362694,222.78283651606893,269.3402949235041
2026-04-06,15,weekday_special,4,738.9403770534543,0.271369951176443,148.79188311688313,211.03558808517028
2026-04-06,16,weekday_special,4,691.8397496580426,0.254072621982388,174.07660256410256,207.7972492780599
2026-04-06,17,weekday_special,4,810.8968446682956,0.2977953891547174,461.5907894736842,397.9805747822609
2026-04-06,18,weekday_special,4,871.4979957761536,0.3200506778465493,374.2857142857143,367.4403305759755
2026-04-06,19,weekday_special,4,912.1016372662425,0.33496204086163883,250.3009868421053,248.9252014102697
2026-04-06,20,weekday_special,4,918.5617453286683,0.33733446394736255,190.22687272016677,193.38132086082868
2026-04-06,21,weekday_special,4,754.0727979602473,0.27692721188404235,50.36842105263158,87.98361427214263
2026-04-06,22,weekday_special,4,634.4676031550524,0.23300315943997518,75.27272727272727,86.05758046250199
2026-04-06,23,weekday_special,4,542.170585041587,0.19910781676150824,19.55844155844156,40.79435899802439
2026-04-07,0,weekday_regular,2,410.9513513513514,0.15091860130420542,7.378378378378378,28.8520121549206
2026-04-07,1,weekday_regular,2,414.4920920920921,0.15221891005952704,8.851851851851851,29.883443586346203
2026-04-07,2,weekday_regular,2,427.81487979207276,0.1571115974263947,40.685347628330085,50.45873932120173
2026-04-07,3,weekday_regular,2,452.80072132981303,0.16628744815637644,71.31645569620254,71.90051496859175
2026-04-07,4,weekday_regular,2,507.02131912058627,0.18619952960726635,176.23684210526315,147.62232053259237
2026-04-07,5,weekday_regular,2,525.542838107928,0.1930014095144796,117.62025316455696,106.0213245048111
2026-04-07,6,weekday_regular,2,567.1914972465358,0.2082965469138949,280.35848995178264,283.1726844929
2026-04-07,7,weekday_regular,2,575.1146946820118,0.21120627788542481,137.42824675324675,183.6529140942641
2026-04-07,8,weekday_regular,2,542.9173627038978,0.19938206489309504,199.86516000649772,186.07230233806965
2026-04-07,9,weekday_regular,2,665.4530799220273,0.24438232828572432,443.7675397985705,387.7409507229765
2026-04-07,10,weekday_regular,2,722.1796508721948,0.2652147083629066,341.6815873819163,349.7620027481147
2026-04-07,11,weekday_regular,2,660.0191150705868,0.2423867480979019,288.36620029455077,352.0396436015667
2026-04-07,12,weekday_regular,2,586.7129465425028,0.21546564323999368,158.41616606170598,323.59881645965294
2026-04-07,13,weekday_regular,2,490.4987318709067,0.18013174141421473,47.83066361556064,171.56510511112788
2026-04-07,14,weekday_regular,2,446.863479533342,0.16410704353042307,49.32803521779425,127.79594065949088
2026-04-07,15,weekday_regular,2,464.45219982521166,0.17056636056746663,91.8024643452349,149.54352345654337
2026-04-07,16,weekday_regular,2,491.5577906999778,0.1805206723099441,117.09201240470954,162.43409305338054
2026-04-07,17,weekday_regular,2,531.7261470671469,0.1952721803404873,192.22335526315788,201.00910107025504
2026-04-07,18,weekday_regular,2,522.0106179775281,0.19170422988524718,92.80318968066231,116.11041723352125
2026-04-07,19,weekday_regular,2,466.3542170487355,0.171264861200417,53.082352941176474,103.70836659403552
2026-04-07,20,weekday_regular,2,467.6443911189332,0.17173866732241394,96.0286248561565,158.8343719251613
2026-04-07,21,weekday_regular,2,526.5135012245139,0.19335787779086078,200.25512820512824,190.62677420022783
2026-04-07,22,weekday_regular,2,512.4436302294198,0.1881908300512008,60.85394736842105,74.25628322099067
2026-04-07,23,weekday_regular,2,434.6584620642516,0.15962484835264473,5.792207792207792,28.880460283643288
2026-04-08,0,weekday_regular,2,408.4,0.14998163789937569,1.0,23.248379751045007
2026-04-08,1,weekday_regular,2,408.8,0.15012853470437018,1.0,23.948379751041102
2026-04-08,2,weekday_regular,2,413.5791113381001,0.1518836251700698,12.947778345250256,32.18120836219103
2026-04-08,3,weekday_regular,2,434.87384818020536,0.15970394718332917,54.23684210526316,59.944785455001465
2026-04-08,4,weekday_regular,2,441.8298017771702,0.16225846558103937,30.337662337662337,44.92351092632887
2026-04-08,5,weekday_regular,2,434.5996289424861,0.15960324235860673,36.16141001855287,59.81842592376992
2026-04-08,6,weekday_regular,2,442.0854463603623,0.16235234901225204,49.052205882352936,65.86967065457253
2026-04-08,7,weekday_regular,2,495.2809712305157,0.1818879806208284,169.15022219393634,167.14518868396232
2026-04-08,8,weekday_regular,2,532.1654999989609,0.19543352919535836,141.26352780346588,136.8062109899023
2026-04-08,9,weekday_regular,2,578.7759283234825,0.2125508366961008,285.6762930052404,304.50111134978556
2026-04-08,10,weekday_regular,2,612.819131351105,0.22505293108744218,226.37153537252223,230.64114645336227
2026-04-08,11,weekday_regular,2,573.2177497551181,0.21050964001289685,186.67283901527324,263.35083740064596
2026-04-08,12,weekday_regular,2,521.7497882867619,0.19160844226469406,97.7016317016317,211.9116174226984
2026-04-08,13,weekday_regular,2,505.7027258423409,0.18571528675811272,146.5551829042205,410.3614900548995
2026-04-08,14,weekday_regular,2,552.2923831259855,0.20282496626000202,214.17577491074329,250.02232148850368
2026-04-08,15,weekday_regular,2,537.2248835173556,0.19729154738059332,108.88643388264568,161.22470780310653
2026-04-08,16,weekday_regular,2,495.0263684248531,0.18179447977409222,108.67948717948718,189.1079620760396
2026-04-08,17,weekday_regular,2,498.4591947060032,0.18305515780609738,117.46849958552086,179.05425212611536
2026-04-08,18,weekday_regular,2,544.6842809258262,0.20003095149681463,224.24220272904483,305.14747808575584
2026-04-08,19,weekday_regular,2,716.7982968144694,0.26323844906884664,547.7535393071286,521.5893240939013
2026-04-08,20,weekday_regular,2,786.6913166995199,0.28890610235017256,398.9747524416712,346.93748600290303
2026-04-08,21,weekday_regular,2,595.4475325556159,0.2186733501856834,69.64407894736843,116.94503307622875
2026-04-08,22,weekday_regular,2,462.0206578947368,0.16967339621547442,65.40756578947368,76.3050485766737
2026-04-08,23,weekday_regular,2,447.32092105263155,0.16427503527456172,32.89473684210526,47.98284684894284
2026-04-09,0,weekday_regular,2,412.75955056179777,0.15158264802122576,11.898876404494382,33.855128312215925
2026-04-09,1,weekday_regular,2,423.7384979302188,0.1556145787477851,27.44736842105263,41.761537645677606
2026-04-09,2,weekday_regular,2,474.8261842105263,0.1743761234706303,139.61809210526314,122.11981176321484
2026-04-09,3,weekday_regular,2,497.4371102598268,0.1826798054571527,83.9746835443038,83.60819330980237
2026-04-09,4,weekday_regular,2,457.30470080877984,0.1679414986444289,39.287068477645725,50.04932768524611
2026-04-09,5,weekday_regular,2,433.68851160158465,0.15926864179272296,24.93421052631579,40.00232711937176
2026-04-09,6,weekday_regular,2,690.4240789473685,0.25355272822158226,681.1259868421052,710.6063477830648
2026-04-09,7,weekday_regular,2,918.73831738437,0.33739930862444734,595.7198066188198,630.2703297553692
2026-04-09,8,weekday_regular,2,728.1056817511694,0.2673909958689568,204.54439775910365,187.83727388425163
2026-04-09,9,weekday_regular,2,541.4864209680928,0.19885656297028748,129.17165466112834,156.88120013481048
2026-04-09,10,weekday_regular,2,520.2733793471232,0.19106624287444848,151.5117937066795,179.90298958208115
2026-04-09,11,weekday_regular,2,575.5091239154203,0.21135112887088517,267.26101608187133,378.3674287425971
2026-04-09,12,weekday_regular,2,593.7578613311291,0.2180528319247628,197.13363724595123,343.98035768238384
2026-04-09,13,weekday_regular,2,557.2563283699383,0.20464793550126267,176.0071836788942,322.865710775511
2026-04-09,14,weekday_regular,2,531.9402726074985,0.19535081623485073,133.84349783985186,152.41710762336157
2026-04-09,15,weekday_regular,2,530.0220933446857,0.19464638022206598,171.2117355218621,183.61198824017984
2026-04-09,16,weekday_regular,2,514.5664677197867,0.18897042516334436,95.20443377760452,137.53726734833828
2026-04-09,17,weekday_regular,2,616.2978228279267,0.22633045274620883,425.5401232922119,438.8342078483854
2026-04-09,18,weekday_regular,2,805.6842072116217,0.29588108968476745,568.6703947368421,577.3090043655028
2026-04-09,19,weekday_regular,2,846.6886984781231,0.3109396615784514,528.0513514584654,592.75020089659
2026-04-09,20,weekday_regular,2,755.5151458465441,0.2774569026245112,340.73651315789476,425.71605942285635
2026-04-09,21,weekday_regular,2,566.8893421052633,0.20818558285173092,56.48684210526316,100.0823526251723
2026-04-09,22,weekday_regular,2,472.105899632803,0.17337712068777195,103.7779069767442,152.83129158614952
2026-04-09,23,weekday_regular,2,501.10140088593585,0.18402548692101942,128.97559523809525,181.7267325288763
2026-04-10,0,weekday_regular,2,451.6421052631579,0.1658619556603591,109.10526315789474,125.68310112848778
2026-04-10,1,weekday_regular,2,482.274763491006,0.1771115547157569,76.58164556962025,88.11259080935776
2026-04-10,2,weekday_regular,2,467.5001906953806,0.17168571086866713,72.16883116883118,112.3540416656832
2026-04-10,3,weekday_regular,2,465.2829170829171,0.17087143484499343,71.03846153846153,95.62003737792702
2026-04-10,4,weekday_regular,2,495.9384615384615,0.1821294386847086,148.80769230769232,131.26883452199053
2026-04-10,5,weekday_regular,2,510.34372627372625,0.18741965709648412,107.05162337662338,99.1926674228172
2026-04-10,6,weekday_regular,2,613.2671313948974,0.2252174555251184,406.1162051106203,383.9329020458085
2026-04-10,7,weekday_regular,2,750.4575549187421,0.2755995427538531,450.0276821862348,438.0510311441507
2026-04-10,8,weekday_regular,2,681.1601187951621,0.25015061285169377,232.87261480167027,270.6566222349579
2026-04-10,9,weekday_regular,2,543.5638521670534,0.19961948298459545,106.037015615963,177.17558253236953
2026-04-10,10,weekday_regular,2,686.059864141122,0.2519500051932141,589.1126447368421,573.8735761371904
2026-04-10,11,weekday_regular,2,834.0887960863697,0.30631244806697383,476.1093454790823,467.987415386255
2026-04-10,12,weekday_regular,2,853.3015464000747,0.31336817715757426,637.1445205211044,592.150695651294
2026-04-10,13,weekday_regular,2,757.520356334075,0.2781933001594106,236.6563703140831,265.08319589824254
2026-04-10,14,weekday_regular,2,600.4415972815419,0.22050738056611896,244.4476228897716,257.62588149868174
2026-04-10,15,weekday_regular,2,580.0544266086446,0.2130203549793039,185.68844363183985,229.02708090366264
2026-04-10,16,weekday_regular,2,670.2851177124762,0.24615685556829828,470.02435064935065,446.5197194956448
2026-04-10,17,weekday_regular,2,846.7217764951098,0.31095180921597865,626.7800905884238,526.5033523571459
2026-04-10,18,weekday_regular,2,796.2816696399397,0.29242808286446553,343.92408351142524,390.27897700119456
2026-04-10,19,weekday_regular,2,659.0345684695052,0.2420251812227342,283.6623376623377,252.13455546182485
2026-04-10,20,weekday_regular,2,573.8438824333562,0.21073958223773637,130.94736842105263,158.6234716676679
2026-04-10,21,weekday_regular,2,487.4721052631579,0.1790202369677407,67.73289473684211,88.75107046066307
2026-04-10,22,weekday_regular,2,459.00894736842105,0.16856736958076424,59.789473684210535,77.49683802867298
2026-04-10,23,weekday_regular,2,434.7256165177094,0.15964951028927998,7.024567610062894,33.72879854276252
2026-04-11,0,weekend_regular,4,422.6878016688062,0.15522871893823217,36.719504172015405,57.36217298360182
2026-04-11,1,weekend_regular,4,434.25722224602583,0.1594774962343099,28.923551443049128,54.18254115142784
2026-04-11,2,weekend_regular,4,459.14801228931583,0.16861844006217988,62.226975108225105,75.21740263884811
2026-04-11,3,weekend_regular,4,471.1376226789263,0.1730215287105862,29.974025974025977,48.65465185841035
2026-04-11,4,weekend_regular,4,467.4908466511457,0.17168227934305755,27.602564102564106,45.855861009360495
2026-04-11,5,weekend_regular,4,510.8003734423471,0.1875873571216846,137.19736842105263,128.83544549656773
2026-04-11,6,weekend_regular,4,554.1739989834728,0.20351597465423163,170.66103896103897,163.91488950501588
2026-04-11,7,weekend_regular,4,814.2128638260605,0.2990131707036579,680.0711880804954,586.3395085895158
2026-04-11,8,weekend_regular,4,889.4221955599536,0.32663319704735716,215.62589343729695,179.8380143277293
2026-04-11,9,weekend_regular,4,985.2221716365086,0.36181497305784377,376.69730861244017,326.2780165729708
2026-04-11,10,weekend_regular,4,994.0964495421473,0.3650739807352726,192.84673372513564,223.0903822375963
2026-04-11,11,weekend_regular,4,782.2206195594365,0.2872642745352319,150.38161312371838,190.22132294774156
2026-04-11,12,weekend_regular,4,709.2572947048429,0.2604690762779445,33.21758130081301,133.29128298843148
2026-04-11,13,weekend_regular,4,610.334215415711,0.22414036555846897,129.3896103896104,316.92119893950394
2026-04-11,14,weekend_regular,4,650.6006535046041,0.2389278933178862,293.5128289473684,307.0799387094692
2026-04-11,15,weekend_regular,4,738.7284760913741,0.2712921322406809,370.7011695906433,331.4805603897162
2026-04-11,16,weekend_regular,4,847.0413119921016,0.31106915607495467,303.9996710526316,352.6619232933006
2026-04-11,17,weekend_regular,4,869.58533625731,0.3193482689156482,185.7496710526316,271.47999173366935
2026-04-11,18,weekend_regular,4,862.0753255069012,0.31659027745387486,274.7378020713464,375.3230492023476
2026-04-11,19,weekend_regular,4,1026.5023154354262,0.3769747761422792,781.7686444119558,787.8143867056865
2026-04-11,20,weekend_regular,4,1067.070790143977,0.3918732244377441,405.4208578240086,503.97115329492385
2026-04-11,21,weekend_regular,4,1008.8126725646753,0.3704783960942619,40.10437710437711,86.62323743406233
2026-04-11,22,weekend_regular,4,925.7956005166245,0.33999103948462156,67.1951219512195,120.96012060372924
2026-04-11,23,weekend_regular,4,646.1199889056884,0.23728240503330458,82.57961538461538,149.0515076826116
2026-04-12,0,weekend_special,6,509.5,0.18710980536173338,253.75,228.77318445642328
2026-04-12,1,weekend_special,6,551.6863260762166,0.20260239664936341,105.4658151905416,111.43027708291368
2026-04-12,2,weekend_special,6,563.2548820816147,0.20685085643834547,28.921390013495277,49.7565742250749
2026-04-12,3,weekend_special,6,571.796058552203,0.20998753527440434,21.352941176470587,39.77297365256592
2026-04-12,4,weekend_special,6,576.7261790341306,0.211798082641987,12.325301204819278,36.869928289553144
2026-04-12,5,weekend_special,6,599.2716335795852,0.22007772074167653,56.36363636363637,72.90699536147994
2026-04-12,6,weekend_special,6,661.5106629712462,0.24293450715065965,409.3475734791524,628.7704532905508
2026-04-12,7,weekend_special,6,698.94394728464,0.2566815818158795,199.04902597402597,459.07564746772584
2026-04-12,8,weekend_special,6,775.8857860160839,0.28493785751600587,221.27598684210523,350.30289287819403
2026-04-12,9,weekend_special,6,832.6927920032817,0.3057997767180616,163.3704561444653,215.19822966131403
2026-04-12,10,weekend_special,6,858.6122830501761,0.31531850277274187,77.12402882205514,134.07958437982404
2026-04-12,11,weekend_special,6,909.0900752579684,0.33385606876899315,182.5581168831169,332.7987852156827
2026-04-12,12,weekend_special,6,835.2370772326019,0.3067341451460161,224.71507841573631,525.1575353405929
2026-04-12,13,weekend_special,6,797.8950964726212,0.2930206009814988,105.69407407407408,366.662303839315
2026-04-12,14,weekend_special,6,771.6180849783683,0.2833705783982256,155.58345810647307,257.53665391427535
2026-04-12,15,weekend_special,6,754.435858549896,0.27706054298563937,120.41489007328448,217.06734453721216
2026-04-12,16,weekend_special,6,773.0777886877406,0.2839066429260891,123.72885416666668,194.55611467147568
2026-04-12,17,weekend_special,6,824.3362336638171,0.30273089741601805,310.7042293233083,380.8084366244629
2026-04-12,18,weekend_special,6,859.4588638406339,0.31562940280596175,312.5216538577782,359.171010960383
2026-04-12,19,weekend_special,6,933.286573868287,0.34274203961376676,290.2633491432069,355.45069106921324
2026-04-12,20,weekend_special,6,910.5209561934632,0.33438154836337247,98.66941391941393,185.57139478297833
2026-04-12,21,weekend_special,6,890.0598751641495,0.3268673797885235,69.2621875,144.4824172685884
2026-04-12,22,weekend_special,6,854.6262282343249,0.3138546559802883,35.14473684210526,82.45148925049551
2026-04-12,23,weekend_special,6,733.7640487001236,0.2694689859346763,8.548780487804878,38.781433943801375
2026-04-13,0,weekday_regular,2,408.8263157894737,0.15013819896785666,2.0657894736842106,23.994432382619777
2026-04-13,1,weekday_regular,2,410.2263157894737,0.15065233778533738,3.5,24.42899598151726
2026-04-13,2,weekday_regular,2,410.22857142857146,0.1506531661507791,2.0714285714285716,23.42899598152289
2026-04-13,3,weekday_regular,2,424.7221611721612,0.15597582121636475,39.73397435897436,56.05599949735367
2026-04-13,4,weekday_regular,2,470.86501831501835,0.17292141693537214,117.42857142857144,111.01160121528332
2026-04-13,5,weekday_regular,2,470.9861721611722,0.17296590971765413,40.03685897435897,76.72119638126372
2026-04-13,6,weekday_regular,2,586.1906170499899,0.21527382190598232,405.4396836506159,538.2936720089746
2026-04-13,7,weekday_regular,2,691.8576641438519,0.2540792009342093,304.20447670901393,406.0062414093926
2026-04-13,8,weekday_regular,2,603.0007114031259,0.2214471947863114,183.2973017988008,248.27546359644117
2026-04-13,9,weekday_regular,2,567.7301009231811,0.2084943448120386,216.02795050915205,328.7433155728362
2026-04-13,10,weekday_regular,2,621.002820126639,0.22805832542293022,316.47909980744544,455.6882647816385
2026-04-13,11,weekday_regular,2,615.9611486750956,0.22620681185277106,203.42377188029363,436.17250667579646
2026-04-13,12,weekday_regular,2,501.1046790307552,0.1840266907935201,29.33792569659443,199.30454010159465
2026-04-13,13,weekday_regular,2,467.83073438120186,0.17180710039706276,120.23891025641026,217.0193645654416
2026-04-13,14,weekday_regular,2,525.3413681961314,0.192927421298616,173.11451023391814,282.5819208455758
2026-04-13,15,weekday_regular,2,602.0503489706259,0.22109818177400878,312.01136219264674,480.76239228429176
2026-04-13,16,weekday_regular,2,647.3971641389849,0.23775143743627794,286.48154815481547,448.884993576989
2026-04-13,17,weekday_regular,2,600.2589975181728,0.22044032226153978,194.16594564061668,422.08705032223065
2026-04-13,18,weekday_regular,2,525.8084835194045,0.19309896566999799,100.35526315789474,286.31554629097855
2026-04-13,19,weekday_regular,2,472.6499796001632,0.17357692970993874,61.26968584251326,148.2277894213346
2026-04-13,20,weekday_regular,2,515.7308193399622,0.1893980239955792,208.0573625073921,304.1668316755824
2026-04-13,21,weekday_regular,2,511.1255091055209,0.18770676059695957,49.756410256410255,63.07170462551932
2026-04-13,22,weekday_regular,2,434.28677462887987,0.15948834911086296,15.960526315789474,35.998283250110404
2026-04-13,23,weekday_regular,2,415.52463605823067,0.15259810358363227,2.851063829787234,24.544124431888804
2026-04-14,0,weekday_regular,2,410.31052631578945,0.1506832634284941,5.776315789473684,26.022417034139863
2026-04-14,1,weekday_regular,2,410.7105263157895,0.1508301602334886,1.0,22.678995981527095
2026-04-14,2,weekday_regular,2,421.1012987012987,0.15464608839562932,31.753246753246753,46.61442001722844
2026-04-14,3,weekday_regular,2,426.16623376623374,0.15650614534198815,13.662337662337665,31.54263234511356
2026-04-14,4,weekday_regular,2,418.7735770402437,0.15379125120831572,13.271604938271604,31.26911943826886
2026-04-14,5,weekday_regular,2,419.5977082717335,0.1540939068203208,15.72266574106213,41.7215462058723
2026-04-14,6,weekday_regular,2,463.6491189280038,0.17027143552258678,123.40013157894737,173.36582565087087
2026-04-14,7,weekday_regular,2,557.7324814851565,0.20482279892954702,250.9310721339438,271.3286571279797
2026-04-14,8,weekday_regular,2,671.5897374660177,0.24663596675211816,408.04327153110046,423.7445029973287
2026-04-14,9,weekday_regular,2,661.5597957754698,0.2429525507805618,225.8562179075738,327.14394269533415
2026-04-14,10,weekday_regular,2,570.0185425894053,0.20933475673500013,179.1901385659394,241.6775724814458
2026-04-14,11,weekday_regular,2,530.6929906999376,0.19489276191698038,127.54233818390443,209.23972686052517
2026-04-14,12,weekday_regular,2,498.3553661775841,0.18301702760836727,98.34607726005576,165.19219011026053
2026-04-14,13,weekday_regular,2,588.4678687145339,0.21611012439020708,352.82359452627907,492.87260187408646
2026-04-14,14,weekday_regular,2,687.0293245526835,0.2523060317857817,344.7497168554297,486.9378326968247
2026-04-14,15,weekday_regular,2,642.38223479412,0.23590974469119352,241.20587012987016,386.4825390569057
2026-04-14,16,weekday_regular,2,595.0088313055367,0.21851224065572408,226.3162081339713,316.85159844658324
2026-04-14,17,weekday_regular,2,581.3642440980072,0.21350137499008712,207.09440211104683,268.43999941246733
2026-04-14,18,weekday_regular,2,604.2107871602083,0.22189158544260312,283.4325657894737,336.2295649897816
2026-04-14,19,weekday_regular,2,740.5400853327219,0.2719574312643121,547.9176475423311,500.2747459691033
2026-04-14,20,weekday_regular,2,796.1041626556589,0.2923628948423279,422.3427590968161,410.0346197718757
2026-04-14,21,weekday_regular,2,620.0632878492528,0.22771328969858715,107.8154605263158,143.56385275989675
2026-04-14,22,weekday_regular,2,455.57437698161067,0.1673060510398864,11.120481927710845,35.61863997066433
2026-04-14,23,weekday_regular,2,420.93130965420124,0.15458366127587267,21.20779220779221,40.240753144009574
2026-04-15,0,weekday_regular,2,408.0,0.1498347410943812,,22.54837975104894
2026-04-15,1,weekday_regular,2,408.4,0.14998163789937569,1.0,24.38714729008089
2026-04-15,2,weekday_regular,2,411.75696202531645,0.15121445538939274,8.39240506329114,27.853679525801734
2026-04-15,3,weekday_regular,2,421.55696202531647,0.1548134271117578,25.5,39.82899598143055
2026-04-15,4,weekday_regular,2,448.3142857142857,0.16463984051204028,75.28571428571429,74.67899598123432
2026-04-15,5,weekday_regular,2,471.96288082927947,0.1733245981745426,84.6214877874844,116.1124132200986
2026-04-15,6,weekday_regular,2,630.480218491617,0.23153882427161845,471.5790584415584,565.6647965102045
2026-04-15,7,weekday_regular,2,729.9014951714952,0.268050494003487,333.1746794871795,429.03141650106903
2026-04-15,8,weekday_regular,2,635.6738191632928,0.2334461326343345,236.00986842105263,306.1415441219714
2026-04-15,9,weekday_regular,2,546.397897985705,0.20066026367451523,109.98487654320988,203.5671571967559
2026-04-15,10,weekday_regular,2,504.98537054801903,0.1854518437561583,132.4785498268377,233.79137889820785
2026-04-15,11,weekday_regular,2,543.8214158065005,0.19971407117388926,207.0749896894134,350.6356113043313
2026-04-15,12,weekday_regular,2,659.5007529235957,0.24219638373984417,421.6768926195756,526.3339346499693
2026-04-15,13,weekday_regular,2,647.6445764637085,0.23784229763632336,177.43454853969558,355.57440165228775
2026-04-15,14,weekday_regular,2,553.7157931000888,0.2033477022034847,186.85493421052632,333.4128378971626
2026-04-15,15,weekday_regular,2,537.5885884926231,0.1974251151276618,137.1165370210314,242.29612477346424
2026-04-15,16,weekday_regular,2,558.2903161071139,0.20502765923874913,238.6092532467532,405.94422736587904
2026-04-15,17,weekday_regular,2,627.5450262099823,0.23046089835107686,310.25331227820266,439.3915661586248
2026-04-15,18,weekday_regular,2,647.3373570370501,0.23772947375580245,288.0900803144224,457.1063459094869
2026-04-15,19,weekday_regular,2,648.1217283283006,0.2380175278473377,312.21424050632913,479.90419764422086
2026-04-15,20,weekday_regular,2,618.5095457930008,0.22714269033896467,214.05962397617273,300.7116930153039
2026-04-15,21,weekday_regular,2,529.0868759062586,0.1943029290878658,88.65756578947368,123.89615590006798
2026-04-15,22,weekday_regular,2,444.7804176201373,0.16334205568128435,3.2934782608695654,31.533230291358308
2026-04-15,23,weekday_regular,2,414.81739130434784,0.152338373596896,13.75,35.58968236810233
2026-04-16,0,weekday_regular,2,408.0,0.1498347410943812,,22.54837975104894
2026-04-16,1,weekday_regular,2,408.93783783783783,0.1501791545493345,2.3445945945945947,23.620212197738027
2026-04-16,2,weekday_regular,2,409.8226863226863,0.15050410808765563,2.212121212121212,24.22748083000326
2026-04-16,3,weekday_regular,2,408.8848484848485,0.15015969463270235,,21.97899598153103
2026-04-16,4,weekday_regular,2,408.0,0.1498347410943812,,21.97899598153103
2026-04-16,5,weekday_regular,2,418.8,0.15380095482923248,27.0,64.59322263425403
2026-04-16,6,weekday_regular,2,510.1064634801289,0.18733252423067534,228.26615870032225,401.46164691204854
2026-04-16,7,weekday_regular,2,553.1100673520574,0.20312525426076292,134.5090096798213,247.0954455145367
2026-04-16,8,weekday_regular,2,541.0072433277109,0.1986805888092952,198.00909863945577,370.65350301888185
2026-04-16,9,weekday_regular,2,645.3657885785893,0.23700543098736296,395.4053728070175,550.3807151780452
2026-04-16,10,weekday_regular,2,713.9452130325815,0.2621906768389943,369.45765977443614,529.9335900721778
2026-04-16,11,weekday_regular,2,674.4651775715886,0.2476919491632716,296.70528415453526,406.20598143826624
2026-04-16,12,weekday_regular,2,579.3790292462297,0.2127723206927028,131.74228896103898,286.58336935086373
2026-04-16,13,weekday_regular,2,500.0648605805959,0.18364482577326327,98.41986249045073,227.98354940307257
2026-04-16,14,weekday_regular,2,542.7069725956669,0.19930480080634114,238.3475689987163,321.3504277955552
2026-04-16,15,weekday_regular,2,707.541587191793,0.25983899639801433,510.5063989807661,450.8340238270528
2026-04-16,16,weekday_regular,2,743.8075595923065,0.27315738508714893,329.0125,326.50459230725335
2026-04-16,17,weekday_regular,2,667.6894555444557,0.24520361936998003,320.21113886113886,295.8614180599428
2026-04-16,18,weekday_regular,2,583.3680242222478,0.21423724723549312,118.20892169448013,135.54920667103235
2026-04-16,19,weekday_regular,2,521.3404685851137,0.19145812287371053,165.142249768304,191.85717150770228
2026-04-16,20,weekday_regular,2,574.0810791661002,0.21082669084322445,250.06044814694604,240.4685767178858
2026-04-16,21,weekday_regular,2,584.4498935444929,0.2146345551026415,191.06428571428572,214.5677011916717
2026-04-16,22,weekday_regular,2,521.6354827780916,0.1915664644796517,93.02442123094298,108.98170268239784
2026-04-16,23,weekday_regular,2,467.7155281234137,0.17176479181910162,56.26439907759088,89.6717033115439
2026-04-17,0,weekday_regular,2,418.37427615306274,0.15364461114691985,25.935690382656773,62.54925773866475
2026-04-17,1,weekday_regular,2,437.8818402556268,0.16080860824664958,48.76891025641026,147.52490067101866
2026-04-17,2,weekday_regular,2,455.51121457489876,0.16728285515053204,70.0091261808367,164.9697680768328
2026-04-17,3,weekday_regular,2,457.7259060612569,0.16809618290901834,54.30563897230564,84.41817579674668
2026-04-17,4,weekday_regular,2,450.0034019303857,0.16526015495056395,50.70286585365854,95.29709482258532
2026-04-17,5,weekday_regular,2,461.7549084845308,0.16957580186725332,83.68440535766854,108.50992375573706
2026-04-17,6,weekday_regular,2,575.5880566784178,0.2113801162976195,335.28573633837607,275.4628747006222
2026-04-17,7,weekday_regular,2,910.5083734827189,0.3343769274633562,920.985197368421,696.8657059372308
2026-04-17,8,weekday_regular,2,1108.953552631579,0.4072543344221737,831.3986842105263,642.9840014803949
2026-04-17,9,weekday_regular,2,1079.9631162558294,0.39660782822468943,848.5091064290473,668.3225633643335
2026-04-17,10,weekday_regular,2,991.3480453693657,0.36406465125573473,609.8610069943667,532.3136283111892
2026-04-17,11,weekday_regular,2,715.4415319843496,0.2627401880221629,158.74282296650716,182.10933197496195
2026-04-17,12,weekday_regular,2,599.26919733775,0.2200768260513221,319.43017037786774,319.0545980865226
2026-04-17,13,weekday_regular,2,621.4510155195682,0.2282229216010166,214.19736842105263,235.66834381297232
2026-04-17,14,weekday_regular,2,562.8250152035396,0.20669299126093998,172.86516958779615,184.43096421285333
2026-04-17,15,weekday_regular,2,558.4551284613676,0.20508818525940786,203.27265156562297,263.384935583032
2026-04-17,16,weekday_regular,2,590.3760862835188,0.21681090205050269,252.6675641431739,318.27183148644013
2026-04-17,17,weekday_regular,2,582.2411898896617,0.21382342632745563,182.93541058098015,231.7641954100076
2026-04-17,18,weekday_regular,2,663.9543510420087,0.24383193207565507,456.9504670240416,419.55577441445575
2026-04-17,19,weekday_regular,2,841.1004705762623,0.30888742951754034,625.8007094166139,513.7211838933472
2026-04-17,20,weekday_regular,2,901.7306785034878,0.33115338909419306,608.5259868421053,496.6060396385864
2026-04-17,21,weekday_regular,2,680.8337713602189,0.2500307643629155,73.55844155844156,175.22454967112392
2026-04-17,22,weekday_regular,2,489.7810082023241,0.17986816312975545,130.89407894736843,190.6863949685014
2026-04-17,23,weekday_regular,2,522.0091900205059,0.19170370547943663,154.1288961038961,229.36073653813332
2026-04-18,0,weekend_regular,4,536.7577631578947,0.19712000115971162,321.89440789473684,370.6890451140714
2026-04-18,1,weekend_regular,4,698.7256578947369,0.2566014167810271,404.9197368421053,458.7438531341256
2026-04-18,2,weekend_regular,4,815.0243096553475,0.2993111677030288,290.7466294015263,382.4873472591924
2026-04-18,3,weekend_regular,4,869.1163609373987,0.31917604147535755,135.2301282051282,242.72797127797412
2026-04-18,4,weekend_regular,4,810.8503161663803,0.2977783019340361,176.2292959671907,242.65013004057252
2026-04-18,5,weekend_regular,4,890.2368161663801,0.326932359958274,603.3859868421052,480.2203642482559
2026-04-18,6,weekend_regular,4,981.6706419410713,0.3605107021450868,519.3311938382542,414.8638470145653
2026-04-18,7,weekend_regular,4,1158.1868374122669,0.4253348650063411,576.5206168831169,450.5426996982201
2026-04-18,8,weekend_regular,4,1235.3148097294234,0.4536594967790758,369.0492267600821,310.67041809769285
2026-04-18,9,weekend_regular,4,1068.8601484608673,0.3925303519870978,187.2493336707153,213.9024637381252
2026-04-18,10,weekend_regular,4,981.5326760520181,0.36046003527433645,301.0125128161312,303.6187416488209
2026-04-18,11,weekend_regular,4,909.1349623621992,0.33387255319948556,395.5263326585695,398.11571587783567
2026-04-18,12,weekend_regular,4,870.6239524510577,0.31972969241684085,272.7717019822283,334.97872604348805
2026-04-18,13,weekend_regular,4,874.1969652715704,0.3210418528356851,196.1818657219973,248.3800413401619
2026-04-18,14,weekend_regular,4,833.1062718860087,0.30595162390231684,198.2857793522267,276.8472933004421
2026-04-18,15,weekend_regular,4,734.2204343850163,0.26963658993206624,148.31173890608875,204.66385449784156
2026-04-18,16,weekend_regular,4,724.1734668037254,0.2659469213381291,247.65428302900108,281.50065477598173
2026-04-18,17,weekend_regular,4,767.9007205149264,0.2820054059915264,305.5,366.7560156224929
2026-04-18,18,weekend_regular,4,759.575750879299,0.2789481273886519,177.47335526315788,212.4917402802953
2026-04-18,19,weekend_regular,4,746.2710553168636,0.27406208421478645,115.05,181.4934345717473
2026-04-18,20,weekend_regular,4,679.9312901572112,0.24969933534969194,81.80487012987012,147.99387163487296
2026-04-18,21,weekend_regular,4,591.641754553496,0.21727570861310905,84.77616099071207,88.28553013938861
2026-04-18,22,weekend_regular,4,592.3519128302038,0.217536508567831,179.24875095492743,162.56716932699817
2026-04-18,23,weekend_regular,4,564.9208601986248,0.20746267359479428,46.47236842105263,62.48102664933569
2026-04-19,0,weekend_regular,4,419.0669522643819,0.1538989909160418,27.667380660954713,43.62369752216202
2026-04-19,1,weekend_regular,4,428.2733308283467,0.1572799599075823,23.01594640991193,40.36769354645037
2026-04-19,2,weekend_regular,4,442.1003497864001,0.1623578221764231,34.5675473951336,48.58443046653815
2026-04-19,3,weekend_regular,4,460.8297342231016,0.1692360390095856,46.82346109175377,57.73295382364191
2026-04-19,4,weekend_regular,4,504.1959046788865,0.18516191872158888,136.0828068004169,118.94511204984032
2026-04-19,5,weekend_regular,4,576.7910855691127,0.21182191904851735,204.50389863547755,237.1053447154516
2026-04-19,6,weekend_regular,4,642.6677029746957,0.23601458060032893,199.2590909090909,231.97092056382996
2026-04-19,7,weekend_regular,4,664.2208803642466,0.24392981284034027,100.70640456563096,154.29619733305395
2026-04-19,8,weekend_regular,4,660.8711704338217,0.24269965862424595,127.70853197435476,187.0772139381458
2026-04-19,9,weekend_regular,4,752.1151372954201,0.2762082766417261,432.6138157894737,501.72882104919785
2026-04-19,10,weekend_regular,4,748.1799219844154,0.2747631002513461,189.42105263157896,207.6313166841584
2026-04-19,11,weekend_regular,4,794.0760443686893,0.2916180846010611,215.4467105263158,320.6674317713027
2026-04-19,12,weekend_regular,4,765.2494217024042,0.2810317376799134,55.641975308641975,245.6549237612177
2026-04-19,13,weekend_regular,4,625.9079377097535,0.22985969067563478,84.26010580784677,218.3591542661451
2026-04-19,14,weekend_regular,4,587.807859155158,0.21586774115136173,94.17085624509032,223.17621527959665
2026-04-19,15,weekend_regular,4,537.6133005892636,0.19743419044776483,89.96031411157995,307.94005340871666
2026-04-19,16,weekend_regular,4,537.6408478152044,0.19744430694645773,55.71084337349398,241.80440200836944
2026-04-19,17,weekend_regular,4,552.4820722797245,0.20289462808656797,121.363166969147,360.56396929245335
2026-04-19,18,weekend_regular,4,559.2847499246384,0.20539285711518118,111.17755035737493,276.8542722945375
2026-04-19,19,weekend_regular,4,560.2020301512696,0.20572972095162306,92.25351467815784,177.01054073176812
2026-04-19,20,weekend_regular,4,599.7480774172566,0.22025269093545963,154.57596153846154,308.7848353668545
2026-04-19,21,weekend_regular,4,582.1133369453872,0.213776473354898,77.27631578947368,85.75194111566282
2026-04-19,22,weekend_regular,4,542.8173168024373,0.1993453238349017,12.9375,41.9841538327988
2026-04-19,23,weekend_regular,4,505.91591093117415,0.1857935772791679,,22.54837975104894
2026-04-20,0,weekday_regular,2,408.0,0.1498347410943812,,21.97899598153103
2026-04-20,1,weekday_regular,2,408.0,0.1498347410943812,,21.97899598153103
2026-04-20,2,weekday_regular,2,431.7,0.1585383767903048,59.25,64.72337975081152
2026-04-20,3,weekday_regular,2,508.0220779220779,0.18656705028353945,190.8051948051948,156.11201611393332
2026-04-20,4,weekday_regular,2,521.2899791566458,0.19143958103439068,92.41975308641976,87.24220691117853
2026-04-20,5,weekday_regular,2,486.4451739618406,0.17864310464995983,103.6931818181818,142.92857218796843
2026-04-20,6,weekday_regular,2,468.2216855167332,0.17195067407885906,46.8610319736512,108.32078333053931
2026-04-20,7,weekday_regular,2,501.65899969276524,0.18423026062899936,187.28646725826192,382.8448146378276
2026-04-20,8,weekday_regular,2,583.8737070521618,0.21442295521563046,252.39780037214248,565.0454780796761
2026-04-20,9,weekday_regular,2,613.4574318371688,0.22528734184251514,261.24577922077924,457.1458636792041
2026-04-20,10,weekday_regular,2,582.5037133237133,0.21391983596170155,175.01350408850408,221.9927776307524
2026-04-20,11,weekday_regular,2,560.23698058277,0.20574255621842452,205.57894736842104,233.6968033532505
2026-04-20,12,weekday_regular,2,518.7387218045112,0.1905026521500225,71.26785714285714,162.2628927816414
2026-04-20,13,weekday_regular,2,500.76155844155846,0.18390068249781802,160.63603896103896,271.4735806776809
2026-04-20,14,weekday_regular,2,523.5025496678661,0.1922521298816989,128.12033520862633,166.7254893745974
2026-04-20,15,weekday_regular,2,488.40076566239793,0.17936128008167387,72.88157894736842,91.24809024807364
2026-04-20,16,weekday_regular,2,458.5315789473684,0.16839205984111952,53.44736842105263,95.03441920987292
2026-04-20,17,weekday_regular,2,465.0423223005969,0.17078307833294046,89.15843733043951,106.0800466540207
2026-04-20,18,weekday_regular,2,525.7525854584916,0.19307843755361423,205.22302631578947,224.08017138526793
2026-04-20,19,weekday_regular,2,603.8599650233177,0.22176274881502672,284.426886242505,296.77408599986654
2026-04-20,20,weekday_regular,2,572.4462190324665,0.21022630151761532,126.68866133866132,244.4048943208141
2026-04-20,21,weekday_regular,2,488.73866826107064,0.17948537211203475,75.15800931401539,101.08888250580826
2026-04-20,22,weekday_regular,2,447.25268424508664,0.1642499758520333,22.9737012987013,52.29518112847953
2026-04-20,23,weekday_regular,2,418.5851326933935,0.1537220465271368,3.489130434782609,25.56015482490096
2026-04-21,0,weekday_regular,2,408.0,0.1498347410943812,,21.97899598153103
2026-04-21,1,weekday_regular,2,408.0,0.1498347410943812,,22.54837975104894
2026-04-21,2,weekday_regular,2,409.63516483516486,0.15043524231919386,4.087912087912088,24.8405344430534
2026-04-21,3,weekday_regular,2,409.63516483516486,0.15043524231919386,,21.97899598153103
2026-04-21,4,weekday_regular,2,408.0,0.1498347410943812,,21.97899598153103
2026-04-21,5,weekday_regular,2,437.8201783723523,0.16078596341254217,74.55044593088071,160.74599536487764
2026-04-21,6,weekday_regular,2,572.5716886105067,0.2102723792179606,336.87877559538623,534.9560058607142
2026-04-21,7,weekday_regular,2,590.6715185259194,0.2169193971817552,119.80002071941216,116.78791833596613
2026-04-21,8,weekday_regular,2,540.8730350625507,0.1986313018959055,212.3825669369645,186.74316350283084
2026-04-21,9,weekday_regular,2,548.2288541557382,0.20133266770317232,138.18956845238097,128.1388649261446
2026-04-21,10,weekday_regular,2,501.50275058120894,0.18417287939082225,95.56730800064132,144.09773863457065
2026-04-21,11,weekday_regular,2,467.51177168510503,0.1716899638946401,53.21212121212121,226.8069124054508
2026-04-21,12,weekday_regular,2,462.1356600933089,0.16971562985431837,82.127029021151,322.0379666561656
2026-04-21,13,weekday_regular,2,500.2334562150263,0.1837067411733479,148.4566115164148,285.03177313062565
2026-04-21,14,weekday_regular,2,482.260566684488,0.17710634105196035,37.1948051948052,72.18380378660561
2026-04-21,15,weekday_regular,2,427.53246753246754,0.1570078837798265,11.636363636363637,49.65275060636614
2026-04-21,16,weekday_regular,2,436.59138755980865,0.16033469980161905,59.8421052631579,82.26235997774026
2026-04-21,17,weekday_regular,2,518.7996052631579,0.19052501111390302,217.15690789473683,206.4390178862301
2026-04-21,18,weekday_regular,2,617.1326332877649,0.22663703021952436,305.6746753246753,273.0695866368549
2026-04-21,19,weekday_regular,2,650.4623451465256,0.2388771006781218,300.4811875416389,468.9090091335929
2026-04-21,20,weekday_regular,2,649.2818171219187,0.23844356119056875,302.7233552631579,430.50116248451513
2026-04-21,21,weekday_regular,2,555.6944703103914,0.20407435560425682,66.51282051282051,117.93338842331184
2026-04-21,22,weekday_regular,2,484.6986346986347,0.17800170205605387,125.23376623376625,151.2076475194824
2026-04-21,23,weekday_regular,2,474.55758056758054,0.17427748092823375,41.160185185185185,55.346195767141865
2026-04-22,0,weekday_regular,2,408.0,0.1498347410943812,,21.97899598153103
2026-04-22,1,weekday_regular,2,408.0,0.1498347410943812,,21.97899598153103
2026-04-22,2,weekday_regular,2,409.7409090909091,0.15047407605248223,4.3522727272727275,25.72558689060085
2026-04-22,3,weekday_regular,2,424.63038277511964,0.15594211633313243,37.223684210526315,63.40893670573675
2026-04-22,4,weekday_regular,2,460.0583048530417,0.16895273773523384,92.92207792207792,110.93856884637223
2026-04-22,5,weekday_regular,2,579.1990617576796,0.21270622907002557,335.07557647212093,332.8422985579068
2026-04-22,6,weekday_regular,2,690.8582402682192,0.2537121704987952,372.0700241984271,354.21305713357617
2026-04-22,7,weekday_regular,2,612.1699150757732,0.2248145115959505,138.354763491006,139.4557623578134
2026-04-22,8,weekday_regular,2,481.55376196089054,0.17684677266283164,45.52964141122036,77.07604758620187
2026-04-22,9,weekday_regular,2,507.8696197223829,0.18651106122746341,204.14440789473684,188.2859387155149
2026-04-22,10,weekday_regular,2,623.9098684210526,0.22912591568896531,335.6302631578947,301.67986936521964
2026-04-22,11,weekday_regular,2,621.2414473684211,0.2281459593714363,197.47335526315788,306.0000310363382
2026-04-22,12,weekday_regular,2,505.53751486273825,0.1856546143454786,46.37043189368771,278.05238598642984
2026-04-22,13,weekday_regular,2,438.1323832837909,0.16090061817252696,28.960526315789473,166.89725034018437
2026-04-22,14,weekday_regular,2,459.69732758620694,0.16882017171729966,100.28279264972775,128.085484833662
2026-04-22,15,weekday_regular,2,468.9275733465763,0.17220990574608017,52.03614071671301,103.59939866355244
2026-04-22,16,weekday_regular,2,451.1329826024747,0.1656749844298475,55.79631578947368,105.9572727571554
2026-04-22,17,weekday_regular,2,484.34997368421057,0.17787365908344127,135.07861842105262,207.43295426564632
2026-04-22,18,weekday_regular,2,519.0997368421052,0.1906352320389663,142.67072368421051,148.36135997495938
2026-04-22,19,weekday_regular,2,496.1418421052632,0.18220412857336143,77.68388157894736,138.76553089283237
2026-04-22,20,weekday_regular,2,491.93144736842106,0.1806578947368421,132.14473684210526,269.2527085380546
2026-04-22,21,weekday_regular,2,547.4736842105264,0.2010553375727236,216.53947368421052,233.96965373055272
2026-04-22,22,weekday_regular,2,580.0525,0.21301964744766802,213.59177631578947,216.60517342413613
2026-04-22,23,weekday_regular,2,506.92423861620347,0.18616387756746364,33.7188202247191,55.26169422050626
2026-04-23,0,weekday_regular,2,408.0,0.1498347410943812,,21.97899598153103
2026-04-23,1,weekday_regular,2,408.0,0.1498347410943812,,21.97899598153103
2026-04-23,2,weekday_regular,2,432.6578947368421,0.15889015598121267,61.64473684210526,68.67723061834747
2026-04-23,3,weekday_regular,2,470.69473684210527,0.17285888242457043,95.09210526315788,89.11285343488473
2026-04-23,4,weekday_regular,2,451.63684210526316,0.16586002280766182,14.0,32.348379750993786
2026-04-23,5,weekday_regular,2,479.2513056835637,0.17600121398588459,164.12826420890937,314.6016775642555
2026-04-23,6,weekday_regular,2,522.7794538317119,0.1919865787116092,122.82037037037036,200.6192415271169
2026-04-23,7,weekday_regular,2,553.1155623357911,0.20312727224964786,239.9685354691075,535.2111658331162
2026-04-23,8,weekday_regular,2,606.1535680337968,0.2226050562004395,255.4153846153846,457.1891729961956
2026-04-23,9,weekday_regular,2,537.7246248812916,0.19747507340480777,68.89617758784426,116.31347595329748
2026-04-23,10,weekday_regular,2,555.6004207959032,0.20403981667128288,300.10487440191383,248.35783951300613
2026-04-23,11,weekday_regular,2,614.21067282682,0.22556396357944178,215.421807665136,310.1838073692308
2026-04-23,12,weekday_regular,2,514.7775435788749,0.18904794108662318,51.52205128205129,332.1652476233377
2026-04-23,13,weekday_regular,2,463.8825047233468,0.17035714459175424,88.1842105263158,229.3613709514591
2026-04-23,14,weekday_regular,2,471.75011447826,0.17324646143160485,71.19107566933431,158.3557204284818
2026-04-23,15,weekday_regular,2,461.8300638709726,0.1696034020826194,63.38408400809717,114.8412775829836
2026-04-23,16,weekday_regular,2,502.1817503141142,0.18442223661921198,172.07029177718832,193.6262269766067
2026-04-23,17,weekday_regular,2,651.1683080984351,0.23913635993332175,435.8504784688995,413.08781472310295
2026-04-23,18,weekday_regular,2,705.8462952836637,0.2592164139859213,308.76525974025975,287.3124299309841
2026-04-23,19,weekday_regular,2,621.2162354750512,0.2281367005049766,224.2753289473684,214.6573293175265
2026-04-23,20,weekday_regular,2,548.5654130048385,0.20145626625223598,127.13820356472796,159.7607711901497
2026-04-23,21,weekday_regular,2,521.0082443888541,0.19133611619127952,155.3824074074074,158.54742547301026
2026-04-23,22,weekday_regular,2,542.889410331384,0.19937179960755932,181.84111842105264,162.75608803541903
2026-04-23,23,weekday_regular,2,485.8096181001284,0.1784097018362572,12.682926829268292,33.13457984004057
2026-04-24,0,weekday_regular,2,409.67191011235957,0.1504487367287402,4.179775280898877,32.18523162193583
2026-04-24,1,weekday_regular,2,410.4719101123595,0.15074253033872917,2.0,23.948379751041102
2026-04-24,2,weekday_regular,2,471.85763157894735,0.17328594622803795,157.64407894736843,133.84185124405911
2026-04-24,3,weekday_regular,2,559.363995215311,0.20542195931520785,220.7659090909091,176.5151323442973
2026-04-24,4,weekday_regular,2,540.7589952153111,0.1985894216729016,111.13157894736842,103.18740386135848
2026-04-24,5,weekday_regular,2,506.41504589963284,0.18597688060948692,134.9060358017136,188.65010937977937
2026-04-24,6,weekday_regular,2,518.6151815939619,0.19045728299447737,141.63191818319112,176.36894607832295
2026-04-24,7,weekday_regular,2,566.2973932589116,0.20796819436610783,254.1115649640879,234.2612945303672
2026-04-24,8,weekday_regular,2,552.7733752782215,0.20300160678597923,107.82187323146576,106.17776930056522
2026-04-24,9,weekday_regular,2,591.5125650820601,0.2172282648116269,350.95953947368423,285.43260159616455
2026-04-24,10,weekday_regular,2,591.267721756924,0.21713834805616009,107.2097649186257,113.41332698509804
2026-04-24,11,weekday_regular,2,486.69423408204057,0.1787345699897321,89.52582028647569,196.28815613205865
2026-04-24,12,weekday_regular,2,463.1647316058359,0.17009354814757102,48.386008728113985,158.29904187506327
2026-04-24,13,weekday_regular,2,446.8754561228246,0.16411144183724735,48.80263157894737,321.9444937314597
2026-04-24,14,weekday_regular,2,450.96685714678193,0.1656139761831737,58.61451128800731,234.02272841925884
2026-04-24,15,weekday_regular,2,460.25352973734925,0.1690244325146343,72.0193130553657,135.4089096613039
2026-04-24,16,weekday_regular,2,479.8083745727957,0.1762057930858596,107.50162337662336,181.3809193967053
2026-04-24,17,weekday_regular,2,491.2710644227719,0.18041537437487032,100.67603768030617,157.47057202684314
2026-04-24,18,weekday_regular,2,480.9593624405436,0.17662848418675858,81.72236842105264,193.4945851641161
2026-04-24,19,weekday_regular,2,513.6203947368422,0.18862298741712896,182.32861842105265,386.7960155139889
2026-04-24,20,weekday_regular,2,566.1261226930965,0.20790529661883822,212.9866883116883,376.3527280219404
2026-04-24,21,weekday_regular,2,564.3460028860029,0.2072515618384146,177.8783189033189,259.22857122966633
2026-04-24,22,weekday_regular,2,517.1239321497217,0.18990963354745563,94.93151147098516,131.18997655536774
2026-04-24,23,weekday_regular,2,460.6064941904481,0.16915405589072643,36.58472400513479,83.72583093662001
2026-04-25,0,weekend_special,6,419.2749307130259,0.15397536934007564,28.18732678256488,59.55916100609605
2026-04-25,1,weekend_special,6,460.30096217098117,0.16904185169701844,102.56507864488808,100.16838872772377
2026-04-25,2,weekend_special,6,478.2686544786735,0.17564034317982868,44.919230769230765,56.39999259788328
2026-04-25,3,weekend_special,6,495.68137932877346,0.18203502729664836,43.53181212524984,58.145102164213625
2026-04-25,4,weekend_special,6,523.9863725811351,0.19242980998205478,70.76248313090419,76.6371880985464
2026-04-25,5,weekend_special,6,633.388318953728,0.2326068009378362,273.5048659314823,456.45127033595224
2026-04-25,6,weekend_special,6,801.0109530555169,0.2941648744236199,447.24391203703703,773.5434760011153
2026-04-25,7,weekend_special,6,907.0168166368841,0.3330946811005817,367.5797375983061,437.7722464724002
2026-04-25,8,weekend_special,6,962.3636992279772,0.3534203816481738,183.28643724696357,282.0980911027388
2026-04-25,9,weekend_special,6,1016.5686372851455,0.37332671218697966,179.04415726817044,286.45395879994584
2026-04-25,10,weekend_special,6,1022.8320777677236,0.3756269106748893,86.4210843373494,230.60171521764323
2026-04-25,11,weekend_special,6,962.5726721876715,0.3534971252984471,122.85635198135198,249.48838076376617
2026-04-25,12,weekend_special,6,797.13856736965,0.29274277171121926,33.658649991983324,189.49660974527117
2026-04-25,13,weekend_special,6,677.9870142106695,0.24898531553825543,69.7008547008547,277.32716199060025
2026-04-25,14,weekend_special,6,655.373426966205,0.24068065624906537,126.75246913580249,282.7452197844207
2026-04-25,15,weekend_special,6,602.1246330398999,0.22112546200510463,45.922172452407615,118.45287895640472
2026-04-25,16,weekend_special,6,673.448945777193,0.24731874615394528,264.7318661805823,258.0016326022858
2026-04-25,17,weekend_special,6,761.266998776825,0.2795692246701524,342.4014844804318,323.3290866199113
2026-04-25,18,weekend_special,6,837.8660160527588,0.30769960192903373,225.1561931818182,251.9279956017064
2026-04-25,19,weekend_special,6,879.3805459672888,0.3229454814422654,173.48717948717947,238.0867689489556
2026-04-25,20,weekend_special,6,893.0108741024414,0.32795111057746656,160.8282894736842,288.4907519975875
2026-04-25,21,weekend_special,6,923.4366103846363,0.3391247192011151,121.98651315789476,188.52153961141664
2026-04-25,22,weekend_special,6,887.0175481229297,0.32575010948326466,173.68421052631578,185.69234229359407
2026-04-25,23,weekend_special,6,790.0466979205006,0.290138339302424,99.97435897435896,98.7936524974034
2026-04-26,0,weekend_regular,4,449.512585812357,0.16507990665161842,103.78146453089244,95.19540492226466
2026-04-26,1,weekend_regular,4,472.05908800533945,0.17335992949149448,56.36625548245614,63.14352612758199
2026-04-26,2,weekend_regular,4,502.043384168946,0.18437142275760043,74.96074040901627,76.15966557610076
2026-04-26,3,weekend_regular,4,561.4602557783492,0.20619179426307352,148.54217902350814,127.66667260595509
2026-04-26,4,weekend_regular,4,553.5012462646936,0.2032689115918816,83.88394074675324,101.146480330423
2026-04-26,5,weekend_regular,4,637.65029670329,0.23417197822375688,266.73888157894737,459.5352780522692
2026-04-26,6,weekend_regular,4,734.2321044357875,0.2696408756649972,316.4152597402597,323.67625216190487
2026-04-26,7,weekend_regular,4,729.9624917376857,0.2680728945052096,137.86814727825367,132.85190954419153
2026-04-26,8,weekend_regular,4,780.825509918167,0.28675193166293317,211.04148619795637,200.86235730674764
2026-04-26,9,weekend_regular,4,890.6389616155923,0.32708004466235485,541.2725108225109,408.94126453680894
2026-04-26,10,weekend_regular,4,864.9441956838497,0.3176438471112191,252.17834491090304,207.38952380476715
2026-04-26,11,weekend_regular,4,846.2121931828046,0.3107646688148383,91.03814102564102,176.06476484032908
2026-04-26,12,weekend_regular,4,767.0735207815442,0.281701623496711,13.194805194805197,169.38466657198256
2026-04-26,13,weekend_regular,4,571.2126177183626,0.20977327128841813,51.62025316455696,135.23804376435316
2026-04-26,14,weekend_regular,4,505.18691187554236,0.1855258581988771,87.11408030385242,312.2448520986544
2026-04-26,15,weekend_regular,4,481.4521749458054,0.1768094656429693,31.7012987012987,83.65766386708319
2026-04-26,16,weekend_regular,4,487.26340949438935,0.17894359511362076,27.72289156626506,72.21206975633174
2026-04-26,17,weekend_regular,4,502.28872928119813,0.18446152379037759,89.18355263157895,111.86772626578691
2026-04-26,18,weekend_regular,4,503.25362347544666,0.18481587347610967,89.52631578947368,120.12658958489132
2026-04-26,19,weekend_regular,4,561.5755139899954,0.20623412192067406,177.50602498767057,200.8387655843136
2026-04-26,20,weekend_regular,4,855.1870591178754,0.31406061664262774,761.751754385965,719.7243773734892
2026-04-26,21,weekend_regular,4,900.9336723901865,0.3308606949651805,203.55008581235697,219.0448724321047
2026-04-26,22,weekend_regular,4,868.7768046109825,0.31905134212669206,9.134146341463415,37.044271193766406
2026-04-26,23,weekend_regular,4,805.2493946159143,0.2957214082320655,18.6875,47.58668891085176
2026-04-27,0,weekday_regular,2,417.63157894736844,0.15337186153043278,24.07894736842105,54.77700468583279
2026-04-27,1,weekday_regular,2,456.5736842105263,0.16767303863772542,97.35526315789474,126.56824144082093
2026-04-27,2,weekday_regular,2,454.4537935748462,0.16689452573442753,18.77922077922078,43.66520706968046
2026-04-27,3,weekday_regular,2,417.2640692640693,0.15323689653472983,4.380952380952381,27.32319772625212
2026-04-27,4,weekday_regular,2,410.15238095238095,0.1506251858069706,1.0,22.678995981527095
2026-04-27,5,weekday_regular,2,449.2526315789474,0.16498444053578679,102.13157894736842,256.05263547559207
2026-04-27,6,weekday_regular,2,492.22606951674504,0.18076609236751562,108.43359484449424,333.2289498685571
2026-04-27,7,weekday_regular,2,551.6188461975041,0.20257761520290274,250.61352064926623,656.8066400883959
2026-04-27,8,weekday_regular,2,583.8259733119382,0.21440542538080729,188.95141263057928,243.7897852337885
2026-04-27,9,weekday_regular,2,601.0305966872634,0.2207236858932293,293.6250790875791,424.1224438290319
2026-04-27,10,weekday_regular,2,583.0406749098854,0.2141170308152352,143.9766081871345,217.15584921426913
2026-04-27,11,weekday_regular,2,505.3296536315857,0.18557827896863227,99.34752589182968,168.23295333853474
2026-04-27,12,weekday_regular,2,494.6995611852138,0.181674462425712,117.40137707120466,364.2318458461857
2026-04-27,13,weekday_regular,2,493.69507714427135,0.181305573685006,96.83631578947367,428.27625251483425
2026-04-27,14,weekday_regular,2,504.4719723899914,0.1852633023833975,144.34361518550477,258.5901932381797
2026-04-27,15,weekday_regular,2,486.68110385137805,0.17872974801739921,52.3591444429403,69.5516432474119
2026-04-27,16,weekday_regular,2,449.7591759540617,0.16517046491151732,52.03879544221378,72.86927775466376
2026-04-27,17,weekday_regular,2,484.38730047353624,0.1778873670486729,138.92945574162678,136.25072542251044
2026-04-27,18,weekday_regular,2,593.7516866028709,0.2180505643051307,325.44976076555025,355.32563110376185
2026-04-27,19,weekday_regular,2,651.500237158553,0.2392582582293621,283.30083213083213,271.45730264561433
2026-04-27,20,weekday_regular,2,575.7084459157401,0.21142432828341537,135.97028265851796,393.8123252965041
2026-04-27,21,weekday_regular,2,500.0537608366866,0.18364074948097195,94.16411943319838,155.13530704939933
2026-04-27,22,weekday_regular,2,461.2393319838057,0.16938646051553644,38.93421052631579,75.42459674762324
2026-04-27,23,weekday_regular,2,452.05680109364323,0.16601424939171622,71.20779220779221,96.87733638549368
2026-04-28,0,weekday_regular,2,412.17931034482757,0.15136955943622019,10.448275862068966,33.27847547156361
2026-04-28,1,weekday_regular,2,427.789566755084,0.15710230141574882,39.02564102564103,49.86632846884385
2026-04-28,2,weekday_regular,2,430.45641025641027,0.15808167839016168,17.115384615384617,33.95976521223284
2026-04-28,3,weekday_regular,2,420.22968325791857,0.15432599458608834,13.458823529411765,32.10017245206228
2026-04-28,4,weekday_regular,2,413.78352941176473,0.15195869607483098,1.0,22.678995981527095
2026-04-28,5,weekday_regular,2,511.94437621832355,0.18800748300342401,258.86094054580894,642.6432858523372
2026-04-28,6,weekday_regular,2,628.8433249362723,0.23093768818812793,293.2473717948718,374.87429210211025
2026-04-28,7,weekday_regular,2,623.4380432153936,0.22895264165089738,245.3477362436121,244.78786977093375
2026-04-28,8,weekday_regular,2,563.5815232272516,0.20697081279003,143.60607182451696,143.048325895426
2026-04-28,9,weekday_regular,2,515.6424823347385,0.18936558293600383,125.50013401232911,136.2047289127146
2026-04-28,10,weekday_regular,2,533.3382899365013,0.1958642269322443,187.84559082892417,203.91156691987436
2026-04-28,11,weekday_regular,2,566.4208815810571,0.20801354446605108,208.20661312371837,384.7330264023941
2026-04-28,12,weekday_regular,2,511.931995898838,0.1880029364299809,51.62337662337662,324.51373053019404
2026-04-28,13,weekday_regular,2,446.1924571962056,0.1638606159369099,43.85776636713735,258.3397415537837
2026-04-28,14,weekday_regular,2,441.37445852820696,0.1620912444099181,39.57837995337995,110.89892770173964
2026-04-28,15,weekday_regular,2,440.1291415481071,0.16163391169596295,40.74447391688771,68.10773269044958
2026-04-28,16,weekday_regular,2,542.642876376768,0.19928126198191992,295.8627170250321,274.46293297571646
2026-04-28,17,weekday_regular,2,645.3778762836971,0.23700987010051308,297.5819736842105,354.47446784793283
2026-04-28,18,weekday_regular,2,660.410112244898,0.24253033868707233,333.44330692803436,324.28542236700224
2026-04-28,19,weekday_regular,2,636.5242964554243,0.2337584636266707,237.8674342105263,250.40076614406576
2026-04-28,20,weekday_regular,2,568.6527345899715,0.20883317465661824,163.76440226440226,195.40761016466325
2026-04-28,21,weekday_regular,2,524.8707364259568,0.19275458554019714,128.41243880048958,180.34012531752515
2026-04-28,22,weekday_regular,2,481.6965544675643,0.17689921207035045,55.828947368421055,70.16939945149255
2026-04-28,23,weekday_regular,2,438.9613289473685,0.16120504184626092,21.574375,38.91982602047793
2026-04-29,0,weekday_regular,2,408.4,0.14998163789937569,1.0,22.678995981527095
2026-04-29,1,weekday_regular,2,408.8,0.15012853470437018,1.0,23.248379751045007
2026-04-29,2,weekday_regular,2,412.30526315789473,0.15141581460076928,9.763157894736842,28.81320650780836
2026-04-29,3,weekday_regular,2,415.61745827984595,0.1526321918031017,9.28048780487805,29.998866856665245
2026-04-29,4,weekday_regular,2,424.8928968763372,0.15603852253996958,32.95175438596491,50.969910438191135
2026-04-29,5,weekday_regular,2,493.93854328830594,0.18139498468171353,181.8946038347999,347.67439847898385
2026-04-29,6,weekday_regular,2,579.3941972726644,0.21277789102925612,246.59088934686113,267.59336916406005
2026-04-29,7,weekday_regular,2,573.4964244057096,0.21061198105240897,167.15017166741305,175.99718506449332
2026-04-29,8,weekday_regular,2,517.7088834311484,0.19012445223325317,107.12203691045796,99.37257312697926
2026-04-29,9,weekday_regular,2,537.3906737385421,0.19735243251507237,216.35464743589745,223.03048818930193
2026-04-29,10,weekday_regular,2,565.7523852901484,0.20776804454283818,178.02631578947367,171.81967293171024
2026-04-29,11,weekday_regular,2,553.2162997432606,0.2031642672578996,185.0144335686778,211.26307089991573
2026-04-29,12,weekday_regular,2,497.8235304972957,0.18282171520282617,39.54439267456157,138.38490415990643
2026-04-29,13,weekday_regular,2,432.3524571280657,0.15877798645907665,21.336750145602796,124.8994314188201
2026-04-29,14,weekday_regular,2,463.8229863289324,0.17033528693680955,118.22071567672832,126.17551395361367
2026-04-29,15,weekday_regular,2,534.8941506944088,0.19643560436812663,199.0146610592938,192.15143609307555
2026-04-29,16,weekday_regular,2,533.6866955925486,0.19599217612653272,115.20207792207792,138.67982134708706
2026-04-29,17,weekday_regular,2,477.23381818181815,0.17526030781557772,57.88246753246753,135.06895855692343
2026-04-29,18,weekday_regular,2,469.98843005096165,0.17259949689715814,97.0886075949367,112.28221039885868
2026-04-29,19,weekday_regular,2,508.7774167221852,0.18684444242459977,154.85493421052632,189.43926527037732
2026-04-29,20,weekday_regular,2,556.4770386192754,0.20436174756491934,216.33766233766235,301.1403902554513
2026-04-29,21,weekday_regular,2,551.7557228298017,0.20262788205281002,143.0516447368421,164.3931100259478
2026-04-29,22,weekday_regular,2,486.5193591934381,0.17867034858370845,53.24675324675325,62.22925833211622
2026-04-29,23,weekday_regular,2,432.0187012987013,0.15865541729662183,6.8,27.308379751022187
2026-04-30,0,weekday_regular,2,457.59460526315786,0.1680479637396834,123.98651315789472,108.7695551915687
2026-04-30,1,weekday_regular,2,550.3307894736843,0.2021045866594507,231.84046052631575,184.26731834903836
2026-04-30,2,weekday_regular,2,582.5128075871497,0.21392317575730802,204.44155844155844,165.0880868898162
2026-04-30,3,weekday_regular,2,517.7108005918133,0.190125156295194,69.83544303797468,75.39585738986383
2026-04-30,4,weekday_regular,2,466.66548625702524,0.1713791723308943,76.82827260458839,77.0281705739541
2026-04-30,5,weekday_regular,2,473.8030183338271,0.17400037397496404,87.67927322997926,181.20211223439395
2026-04-30,6,weekday_regular,2,547.3478819428703,0.20100913769477427,260.69043162719635,232.5333250344021
2026-04-30,7,weekday_regular,2,574.9948178750501,0.21116225408558578,156.79661306042885,147.76191957718447
2026-04-30,8,weekday_regular,2,558.8368797344981,0.20522838036522148,220.2955862758161,267.42544362742655
2026-04-30,9,weekday_regular,2,564.0402880807335,0.2071392905180806,169.80513392601745,185.38055462183445
2026-04-30,10,weekday_regular,2,510.1159389410632,0.18733600401801806,85.48471342664041,126.2331857063826
2026-04-30,11,weekday_regular,2,486.0411222127615,0.17849471987247942,109.61809210526316,294.44191698927204
2026-04-30,12,weekday_regular,2,475.803497346307,0.1747350339134436,59.8906512605042,231.3706097213115
2026-04-30,13,weekday_regular,2,445.8421471438778,0.16373196736829887,34.71471659919028,252.7196697531966
2026-04-30,14,weekday_regular,2,442.5435951758657,0.16252060050527567,51.64427134047387,147.592757810441
2026-04-30,15,weekday_regular,2,460.1189556023764,0.1689750112384783,78.65311766546705,88.6682704377935
2026-04-30,16,weekday_regular,2,512.3294049609237,0.18814888173372155,182.1703947368421,176.78030014651148
2026-04-30,17,weekday_regular,2,547.553473034438,0.2010846393809908,166.71328784925277,151.8421000924036
2026-04-30,18,weekday_regular,2,561.6410294254155,0.2062581819410266,217.3892857142857,202.6085551404578
2026-04-30,19,weekday_regular,2,533.9583116883117,0.1960919249681644,97.50649350649353,156.6256449308961
2026-04-30,20,weekday_regular,2,476.10389610389615,0.17484535295772902,72.75324675324676,157.76345369732604
2026-04-30,21,weekday_regular,2,471.0500166500167,0.17298935609622354,84.87179487179488,114.49703965029006
2026-04-30,22,weekday_regular,2,470.72766531713904,0.17287097514400993,71.94736842105263,74.75030518453417
2026-04-30,23,weekday_regular,2,461.95843454790827,0.16965054518836145,62.94871794871795,67.88186608441742
2026-05-01,0,weekday_special,4,417.64878048780486,0.1533781786587605,24.12195121951219,40.70312937412643
2026-05-01,1,weekday_special,4,426.7993977717555,0.1567386697656098,22.876543209876544,47.911144203528664
2026-05-01,2,weekday_special,4,441.4250387973965,0.16210981960976736,36.56410256410256,51.12078662384445
2026-05-01,3,weekday_special,4,555.9197756395018,0.20415709718674324,286.2368421052632,243.08355299301263
2026-05-01,4,weekday_special,4,610.0776573768801,0.22404614666796918,159.51665556295802,183.96907307786955
2026-05-01,5,weekday_special,4,681.7883848008532,0.25038133852400046,202.15336176980912,496.843564117961
2026-05-01,6,weekday_special,4,755.0107021085455,0.27727164969098256,219.61989583333337,208.1991489024698
2026-05-01,7,weekday_special,4,734.1554359033303,0.26961271975884327,234.09867659222496,209.5140450649916
2026-05-01,8,weekday_special,4,759.9382473623575,0.27908125132660944,223.9736842105263,217.91412068811616
2026-05-01,9,weekday_special,4,759.6233141376874,0.27896559461538284,201.36602870813397,227.53365852399585
2026-05-01,10,weekday_special,4,750.97142115713,0.2757882560253874,197.99016338193968,219.52685373992483
2026-05-01,11,weekday_special,4,702.9521556484451,0.2581535643218675,114.05051282051282,207.92261606612615
2026-05-01,12,weekday_special,4,644.684615787764,0.2367552757208094,78.30483455882353,234.56802918833503
2026-05-01,13,weekday_special,4,576.1741041189816,0.21159533753910453,30.089749536178108,141.0252591755985
2026-05-01,14,weekday_special,4,510.71137209953906,0.18755467208943777,34.333333333333336,183.05167356643796
2026-05-01,15,weekday_special,4,486.2543248660708,0.17857301684394816,52.9078947368421,80.42753271247435
2026-05-01,16,weekday_special,4,468.0927614129118,0.1719033277315137,32.900925925925925,139.09183272069362
2026-05-01,17,weekday_special,4,485.99370370370366,0.17847730580378393,74.84210526315789,218.8971801475922
2026-05-01,18,weekday_special,4,502.15278287967783,0.184411598560293,74.73103127326881,184.5958383534606
2026-05-01,19,weekday_special,4,516.6765815066801,0.18974534759701803,89.21739130434783,216.66640212320155
2026-05-01,20,weekday_special,4,520.7266007466994,0.19123268481333067,43.02597402597402,196.7051271915241
2026-05-01,21,weekday_special,4,523.3638695944945,0.1922012007324622,81.43527738264581,183.29352536462872
2026-05-01,22,weekday_special,4,523.6987141654562,0.19232416972657224,75.56814270067282,86.71579442158185
2026-05-01,23,weekday_special,4,523.0962220400019,0.19210290930591328,87.71116099071207,107.99092699443275
2026-05-02,0,weekend_regular,4,467.3313157894737,0.17162369290836346,148.3282894736842,154.50735446521333
2026-05-02,1,weekend_regular,4,513.3155978407558,0.18851105319161066,114.96070512820512,108.27594349647894
2026-05-02,2,weekend_regular,4,552.5104696356275,0.20290505678869905,97.98717948717947,94.68632423927409
2026-05-02,3,weekend_regular,4,584.8750169436394,0.21479067827529907,80.91136827002944,83.00870020402061
2026-05-02,4,weekend_regular,4,541.4675378113357,0.1988496282817979,39.80959164292498,63.01410730001936
2026-05-02,5,weekend_regular,4,525.6565503336969,0.1930431694211153,75.43323643410852,128.2475311927465
2026-05-02,6,weekend_regular,4,554.85794436161,0.2037671481313294,170.99066455696203,144.6499962487983
2026-05-02,7,weekend_regular,4,706.464906848768,0.25944359414203744,459.9287744879245,349.7535920469229
2026-05-02,8,weekend_regular,4,772.4301490140101,0.2836688024289424,204.7226970560304,170.53995407608494
2026-05-02,9,weekend_regular,4,778.3702020535859,0.28585023946147115,90.28336903304772,88.30808625801569
2026-05-02,10,weekend_regular,4,739.0127073346971,0.2713965138944903,72.59692775974025,86.52726273889229
2026-05-02,11,weekend_regular,4,567.6776347864909,0.2084750770424131,31.59109311740891,117.9234343413477
2026-05-02,12,weekend_regular,4,502.7489848139813,0.1846305489584948,42.40107212475633,137.69706878604745
2026-05-02,13,weekend_regular,4,485.4227424639201,0.1782676248490342,46.96776315789474,251.41736652683093
2026-05-02,14,weekend_regular,4,491.9401641146378,0.1806610958922651,88.89048188653452,186.80592174600744
2026-05-02,15,weekend_regular,4,510.3009465154963,0.1874039465719781,77.49304911955514,145.927621537192
2026-05-02,16,weekend_regular,4,521.3653926655937,0.19146727604318536,70.0621875,119.14742810882473
2026-05-02,17,weekend_regular,4,556.188682139278,0.20425585095089163,134.02598684210523,257.060212940949
2026-05-02,18,weekend_regular,4,591.5272262267694,0.2172336489999153,177.23684210526315,379.25072521479507
2026-05-02,19,weekend_regular,4,611.5742956232364,0.22459577510952491,127.6107226107226,203.98153015540163
2026-05-02,20,weekend_regular,4,663.2256543894702,0.2435643240504848,199.1905844155844,304.71550361776326
2026-05-02,21,weekend_regular,4,671.9281868853743,0.24676025959800746,155.7823180818657,186.9615965876489
2026-05-02,22,weekend_regular,4,633.0072132011637,0.23246684289429442,79.93440789473685,82.62100035511108
2026-05-02,23,weekend_regular,4,636.3066120235003,0.233678520757804,135.85921966656375,122.9049036732476
2026-05-03,0,weekend_regular,4,442.1540598950293,0.16237754678480695,85.38514973757333,92.44058980121036
2026-05-03,1,weekend_regular,4,476.6685032148674,0.17505270040942617,86.28610829959514,92.1715517495692
2026-05-03,2,weekend_regular,4,495.89734520620937,0.18211433904010627,48.07210497835498,60.766605416621275
2026-05-03,3,weekend_regular,4,506.28363734104084,0.18592862186597167,25.96573033707865,41.99377475641566
2026-05-03,4,weekend_regular,4,508.3597102030353,0.18669104304187856,90.57533189255945,89.54390260301136
2026-05-03,5,weekend_regular,4,596.7046218305222,0.21913500618087486,307.1483873683126,350.36351844606435
2026-05-03,6,weekend_regular,4,707.8995573208592,0.25997045806862257,326.0594437041972,393.25983322534154
2026-05-03,7,weekend_regular,4,790.2653704491856,0.2902186450419338,231.88026315789477,293.08465891138326
2026-05-03,8,weekend_regular,4,837.684922887851,0.3076330969107055,209.1242129892229,210.1110503071814
2026-05-03,9,weekend_regular,4,783.2381085513123,0.28763793924029096,171.03135152696558,267.56204507825186
2026-05-03,10,weekend_regular,4,849.990353721199,0.3121521680944543,492.9400566289141,549.7351452269744
2026-05-03,11,weekend_regular,4,947.1006168790936,0.34781513656962676,474.6559210526316,573.1988467881772
2026-05-03,12,weekend_regular,4,953.5966659491387,0.3502007587033194,225.36433566433567,280.54688176208583
2026-05-03,13,weekend_regular,4,926.6802292344564,0.34031591231526126,103.74025974025976,191.3446915041576
2026-05-03,14,weekend_regular,4,757.9287239783152,0.27834326991491565,71.06129348856098,160.5605592163152
2026-05-03,15,weekend_regular,4,629.0585633494703,0.2310167327761551,152.4805194805195,245.98350502348904
2026-05-03,16,weekend_regular,4,618.2084869784729,0.22703212889404073,198.2391447368421,323.60665379508276
2026-05-03,17,weekend_regular,4,692.2655795427713,0.2542290046062326,288.88299115100585,413.5453813698015
2026-05-03,18,weekend_regular,4,761.0641446119521,0.27949472809840326,243.0577061615126,329.2954534015051
2026-05-03,19,weekend_regular,4,789.9819368197443,0.29011455630545147,224.775,238.4900441729348
2026-05-03,20,weekend_regular,4,790.7025850867533,0.29037920862532257,200.04076540436455,305.87758212450615
2026-05-03,21,weekend_regular,4,819.0066254684561,0.3007736413765906,359.6430921052631,426.2856669162689
2026-05-03,22,weekend_regular,4,733.627698848007,0.2694189125405828,29.61038961038961,43.27565247820499
2026-05-03,23,weekend_regular,4,647.0493444176273,0.23762370342182418,8.329113924050633,28.378759497851576
2026-05-04,0,weekday_regular,2,422.574358974359,0.15518705801482152,36.43589743589744,50.90042680362319
2026-05-04,1,weekday_regular,2,424.01435897435897,0.1557158865128017,3.6,24.498995981516828
2026-05-04,2,weekday_regular,2,415.3821686746988,0.15254578357499038,14.855421686746988,35.224710009785014
2026-05-04,3,weekday_regular,2,486.8684844641725,0.17879856205074277,182.31578947368425,156.43265384660654
2026-05-04,4,weekday_regular,2,565.670428047968,0.20773794640028204,211.86028064623585,220.9563479201565
2026-05-04,5,weekday_regular,2,598.4885281763377,0.21979013153739907,264.3610397946085,268.54941021579054
2026-05-04,6,weekday_regular,2,587.582836970475,0.2157851035514047,184.59605263157897,207.96257051780043
2026-05-04,7,weekday_regular,2,518.5421151252103,0.19043044991744779,91.75923518144666,101.23560092043556
2026-05-04,8,weekday_regular,2,516.0001448586347,0.1894969316410704,178.24112696514013,180.6960226574953
2026-05-04,9,weekday_regular,2,536.0391917472554,0.19685611154875335,141.85685240299824,132.09708428391133
2026-05-04,10,weekday_regular,2,555.0502112498241,0.20383775661029163,225.76867572156195,269.4003655599748
2026-05-04,11,weekday_regular,2,575.6664099171078,0.21140889089868078,193.39734907120743,272.0398126215691
2026-05-04,12,weekday_regular,2,516.060499082674,0.18951909624776864,76.75389863547758,177.8995012112075
2026-05-04,13,weekday_regular,2,470.3733947469467,0.17274087210684785,79.17958823188903,178.38812778947505
2026-05-04,14,weekday_regular,2,520.9069582435753,0.19129891966345036,203.08780737704916,234.57359108014563
2026-05-04,15,weekday_regular,2,586.4770966350302,0.21537902924532876,243.10493421052632,208.1180752952625
2026-05-04,16,weekday_regular,2,637.1065299612669,0.23397228423109326,329.66139069264074,269.38471501157824
2026-05-04,17,weekday_regular,2,589.9476731601732,0.21665357075290972,125.2077922077922,142.33548769380113
2026-05-04,18,weekday_regular,2,519.8460798460799,0.19090932054575097,154.40740740740742,148.60723271317568
2026-05-04,19,weekday_regular,2,701.8080432773854,0.25773339819220914,580.112700786056,463.0582565276735
2026-05-04,20,weekday_regular,2,823.076799212808,0.302268380173635,457.5792972459639,361.77416844599
2026-05-04,21,weekday_regular,2,764.0962660617486,0.28060825048172916,432.6613679084073,350.46422314401764
2026-05-04,22,weekday_regular,2,665.6100017088175,0.2444399565585081,211.36363636363637,177.46614666945464
2026-05-04,23,weekday_regular,2,520.3351981351982,0.1910889453305906,69.47435897435898,75.08969990072896
2026-05-05,0,weekday_regular,2,564.6047368421052,0.20734657981715213,391.5118421052632,296.0372854536722
2026-05-05,1,weekday_regular,2,666.7677631578947,0.24486513520304617,255.4075657894737,201.33367580267392
2026-05-05,2,weekday_regular,2,553.0826513157895,0.2031151859404295,107.2990625,99.36587480917989
2026-05-05,3,weekday_regular,2,452.0529583333333,0.1660128381686865,2.8333333333333335,24.662329314849273
2026-05-05,4,weekday_regular,2,441.70666666666665,0.16221324519525032,81.43333333333334,85.24555077924063
2026-05-05,5,weekday_regular,2,518.3342424242423,0.19035411032840335,194.4022727272727,162.61565704599914
2026-05-05,6,weekday_regular,2,565.8135406698565,0.20779050336755656,200.13157894736844,169.47309024763322
2026-05-05,7,weekday_regular,2,669.8996052631579,0.24601527920057215,454.6174342105263,376.9618423286475
2026-05-05,8,weekday_regular,2,697.9750970228602,0.2563257792959457,270.32030834662413,254.02932760515847
2026-05-05,9,weekday_regular,2,615.2532187471172,0.22594683024132106,247.81273852116877,266.1935443504956
2026-05-05,10,weekday_regular,2,535.7555270127548,0.196751937940784,71.576079010718,140.92762179159914
2026-05-05,11,weekday_regular,2,483.12984869540213,0.1774255779270665,116.2485427277872,364.5459099984146
2026-05-05,12,weekday_regular,2,522.8760736363241,0.19202206156310103,170.94164136302294,376.1359211555035
2026-05-05,13,weekday_regular,2,557.5713318698845,0.20476361802052312,202.9866883116883,288.74522158078184
2026-05-05,14,weekday_regular,2,523.4811990413746,0.19224428903465832,85.71630929174789,179.39778629410097
2026-05-05,15,weekday_regular,2,483.3176276128031,0.17749453823459535,102.57775974025974,189.2093443401859
2026-05-05,16,weekday_regular,2,500.22630875952837,0.18370411632740666,127.98801215856096,184.333341160289
2026-05-05,17,weekday_regular,2,730.3732311792139,0.26822373528432386,677.9450657894737,550.1784673710288
2026-05-05,18,weekday_regular,2,956.427535695299,0.35124037300598565,693.1237734487735,539.6246925446733
2026-05-05,19,weekday_regular,2,911.8381935900358,0.3348652932758119,566.4717105263157,441.05417059765216
2026-05-05,20,weekday_regular,2,721.8929342105264,0.26510941395906223,218.260625,190.83479525765088
2026-05-05,21,weekday_regular,2,537.617920886076,0.1974358872148645,105.78417721518989,112.80384925871418
2026-05-05,22,weekday_regular,2,541.6675170399221,0.19892306905615942,228.3846153846154,188.1114482145589
2026-05-05,23,weekday_regular,2,636.9010829959515,0.23389683547409162,343.86809210526314,264.3948117624137
2026-05-06,0,weekday_special,4,512.8525,0.18834098420859344,262.13125,206.04025475001583
2026-05-06,1,weekday_special,4,601.0103947368422,0.22071626688830046,220.3947368421053,176.2553117701361
2026-05-06,2,weekday_special,4,635.9261842105263,0.2335388116821617,87.28947368421052,83.78162756013043
2026-05-06,3,weekday_special,4,661.2789931992904,0.24284942827737438,63.38202247191011,66.34641171161832
2026-05-06,4,weekday_special,4,700.9927700024093,0.25743399559398067,361.4156920077973,320.9994675647927
2026-05-06,5,weekday_special,4,771.1909743367746,0.28321372542665246,395.89024767801857,414.5473471493862
2026-05-06,6,weekday_special,4,759.0436427121957,0.2787527149145045,56.92114462276333,69.35640245145223
2026-05-06,7,weekday_special,4,796.2902783601746,0.29243124434820955,156.49861159185738,138.3606293294295
2026-05-06,8,weekday_special,4,696.0996400484455,0.25563703270233035,110.9390962284744,131.74768012377143
2026-05-06,9,weekday_special,4,647.9408824077373,0.2379511136275201,275.4933535762483,220.6487974094765
2026-05-06,10,weekday_special,4,731.6788731589912,0.2687032218725638,266.2661215008981,216.96676883337383
2026-05-06,11,weekday_special,4,881.4761843230406,0.32371508788947506,530.9918895019807,448.6806563401786
2026-05-06,12,weekday_special,4,894.2003169986988,0.32838792398042554,142.74942791762012,231.06258769603687
2026-05-06,13,weekday_special,4,825.9466624916938,0.3033223145397333,104.85921730873577,166.69870120713333
2026-05-06,14,weekday_special,4,734.6710599939329,0.26980207858756255,38.07711525649567,94.17561240454351
2026-05-06,15,weekday_special,4,587.2544323576975,0.21566449958049855,162.45032041139245,147.99810340211616
2026-05-06,16,weekday_special,4,675.3757138222284,0.2480263363283982,363.05263157894734,287.92952565228626
2026-05-06,17,weekday_special,4,741.1687374250498,0.2721882987238523,269.34177631578945,259.98470208922885
2026-05-06,18,weekday_special,4,757.1798650066621,0.27806825743909735,78.10493421052631,126.90192748767636
2026-05-06,19,weekday_special,4,715.0392430149445,0.2625924506114376,57.098765432098766,113.10720864192128
2026-05-06,20,weekday_special,4,673.3234535412604,0.24727266013267,258.7631578947368,292.32533582243747
2026-05-06,21,weekday_special,4,842.5664509738663,0.3094257991090218,692.4492698973042,623.0904343929935
2026-05-06,22,weekday_special,4,858.7978983422875,0.31538666850616504,118.68355263157896,116.3538555964008
2026-05-06,23,weekday_special,4,855.9376129486686,0.3143362515419275,49.94805194805195,59.92016742303832
2026-05-07,0,weekday_regular,2,411.1532467532468,0.15099274577790922,7.883116883116883,27.497177799681825
2026-05-07,1,weekday_regular,2,414.0321941216678,0.15205001620333009,7.197368421052632,27.58653764575746
2026-05-07,2,weekday_regular,2,424.85263157894735,0.1560237354311228,34.93421052631579,47.13294334981046
2026-05-07,3,weekday_regular,2,485.30526315789473,0.17822448151226394,158.32894736842104,132.80925913880176
2026-05-07,4,weekday_regular,2,599.040350877193,0.21999278401659675,319.2719298245614,304.22215584589895
2026-05-07,5,weekday_regular,2,705.2198633932392,0.2589863618777962,423.7777286585366,576.8494915656983
2026-05-07,6,weekday_regular,2,690.3093009903967,0.25351057693367485,281.995523817455,343.8571674524118
2026-05-07,7,weekday_regular,2,555.8163913451638,0.20411913013043106,87.54545454545455,130.0220827767257
2026-05-07,8,weekday_regular,2,617.9439712918661,0.22693498762095707,437.31447368421055,434.4552471175723
2026-05-07,9,weekday_regular,2,601.9411842105263,0.22105809188781725,47.538486842105264,72.81299593066228
2026-05-07,10,weekday_regular,2,444.4472739150981,0.16321971131659863,43.57969794563998,74.71671697861655
2026-05-07,11,weekday_regular,2,460.24745059221885,0.16902219999714244,87.03892853490717,101.76582602774558
2026-05-07,12,weekday_regular,2,479.706134027393,0.1761682460622082,92.22640653357531,125.03683838282232
2026-05-07,13,weekday_regular,2,484.3223680086522,0.17786352111959317,98.57951348805516,211.6490589140128
2026-05-07,14,weekday_regular,2,495.7076684765942,0.1820446817762006,120.6896577034304,220.91435502089237
2026-05-07,15,weekday_regular,2,531.1788290901441,0.19507118218514288,187.25741502192983,208.0969211256873
2026-05-07,16,weekday_regular,2,575.7150712719298,0.21142676139255592,232.03026315789472,210.15306604992765
2026-05-07,17,weekday_regular,2,553.5765834845735,0.2032965785841254,131.91119555353902,158.2018280581816
2026-05-07,18,weekday_regular,2,488.78277396076396,0.17950156957795224,70.04573934837093,112.66424812582903
2026-05-07,19,weekday_regular,2,524.2259364015289,0.19251778788157506,220.5191016554512,216.4806703483425
2026-05-07,20,weekday_regular,2,554.6918511884962,0.2037061517401749,146.21052631578948,147.00290228267585
2026-05-07,21,weekday_regular,2,566.1105263157895,0.2078995689738485,249.06578947368425,212.60511876820576
2026-05-07,22,weekday_regular,2,533.7882145236509,0.1960294581430962,65.40474683544304,72.4898538441413
2026-05-07,23,weekday_regular,2,504.80387241838775,0.18538519001777,176.60493421052632,146.74121746723927
2026-05-08,0,weekday_regular,2,509.2894736842105,0.18703249125384155,253.22368421052633,215.2667158599137
2026-05-08,1,weekday_regular,2,803.3684210526316,0.2950306357152521,735.1973684210526,550.7501740064481
2026-05-08,2,weekday_regular,2,876.3102631578947,0.3218179446044417,435.5782894736842,327.4531823809112
2026-05-08,3,weekday_regular,2,640.6311842105263,0.2352666853509094,145.99967105263158,129.1675332568119
2026-05-08,4,weekday_regular,2,508.4255846102599,0.18671523489175904,105.064290473018,119.14899931209654
2026-05-08,5,weekday_regular,2,554.4257499273988,0.20360842817752434,261.0000843454791,258.4599336033256
2026-05-08,6,weekday_regular,2,608.3799872985632,0.22342269089187042,239.9498839009288,213.576519945356
2026-05-08,7,weekday_regular,2,577.3384384088563,0.21202293000692482,183.39621212121213,159.46648477794355
2026-05-08,8,weekday_regular,2,481.3584848484848,0.17677505870307925,,
2026-05-08,9,weekday_regular,2,408.0,0.1498347410943812,,
2026-05-08,10,weekday_regular,2,408.0,0.1498347410943812,,
2026-05-08,11,weekday_regular,2,408.0,0.1498347410943812,,
2026-05-08,12,weekday_regular,2,408.0,0.1498347410943812,,
2026-05-08,13,weekday_regular,2,408.0,0.1498347410943812,,
2026-05-08,14,weekday_regular,2,408.0,0.1498347410943812,,
2026-05-08,15,weekday_regular,2,408.0,0.1498347410943812,,
2026-05-08,16,weekday_regular,2,408.0,0.1498347410943812,,
2026-05-08,17,weekday_regular,2,408.0,0.1498347410943812,,
2026-05-08,18,weekday_regular,2,408.0,0.1498347410943812,,
2026-05-08,19,weekday_regular,2,408.0,0.1498347410943812,,
2026-05-08,20,weekday_regular,2,408.0,0.1498347410943812,,
2026-05-08,21,weekday_regular,2,408.0,0.1498347410943812,,
2026-05-08,22,weekday_regular,2,408.0,0.1498347410943812,,
2026-05-08,23,weekday_regular,2,408.0,0.1498347410943812,,
