timestamp,dur_max_ms_animal,dur_max_ms_bicycle,dur_max_ms_bus,dur_max_ms_car,dur_max_ms_car trailer,dur_max_ms_caravan,dur_max_ms_heavy,dur_max_ms_light,dur_max_ms_motorcycle,dur_max_ms_pedestrian,dur_max_ms_pram,dur_max_ms_scooter,dur_max_ms_tractor,dur_max_ms_tram,dur_max_ms_truck trailer,dur_max_ms_van,dur_max_ms_wheelchair,dur_min_ms_animal,dur_min_ms_bicycle,dur_min_ms_bus,dur_min_ms_car,dur_min_ms_car trailer,dur_min_ms_caravan,dur_min_ms_heavy,dur_min_ms_light,dur_min_ms_motorcycle,dur_min_ms_pedestrian,dur_min_ms_pram,dur_min_ms_scooter,dur_min_ms_tractor,dur_min_ms_tram,dur_min_ms_truck trailer,dur_min_ms_van,dur_min_ms_wheelchair,dur_sum_ms_animal,dur_sum_ms_bicycle,dur_sum_ms_bus,dur_sum_ms_car,dur_sum_ms_car trailer,dur_sum_ms_caravan,dur_sum_ms_heavy,dur_sum_ms_light,dur_sum_ms_motorcycle,dur_sum_ms_pedestrian,dur_sum_ms_pram,dur_sum_ms_scooter,dur_sum_ms_tractor,dur_sum_ms_tram,dur_sum_ms_truck trailer,dur_sum_ms_van,dur_sum_ms_wheelchair
2026-02-09T15:00:00+01:00,27960.0,12720.0,0.0,208640.0,0.0,0.0,0.0,0.0,4000.0,597560.0,18120.0,9240.0,0.0,0.0,0.0,329360.0,15120.0,3120.0,4000.0,0.0,3240.0,0.0,0.0,0.0,0.0,3040.0,3080.0,3040.0,6800.0,0.0,0.0,0.0,8560.0,6240.0,1299156.0,44360.0,0.0,842799.0,0.0,0.0,0.0,0.0,42360.0,7314036.0,143680.0,16040.0,0.0,0.0,0.0,535600.0,21360.0
2026-02-09T16:00:00+01:00,38000.0,17120.0,0.0,10040.0,0.0,0.0,0.0,15720.0,9880.0,138640.0,10960.0,3200.0,0.0,0.0,0.0,91920.0,0.0,3080.0,3800.0,0.0,3200.0,0.0,0.0,0.0,3800.0,3240.0,3040.0,3240.0,3200.0,0.0,0.0,0.0,3240.0,0.0,1875196.0,121159.0,0.0,94030.0,0.0,0.0,0.0,31840.0,162640.0,11177752.0,93920.0,3200.0,0.0,0.0,0.0,155680.0,0.0
2026-02-09T17:00:00+01:00,120640.0,5600.0,0.0,9320.0,0.0,0.0,0.0,0.0,5680.0,112840.0,20640.0,0.0,0.0,0.0,0.0,90000.0,0.0,3040.0,4480.0,0.0,3200.0,0.0,0.0,0.0,0.0,5680.0,3040.0,3160.0,0.0,0.0,0.0,0.0,3600.0,0.0,2091439.0,25320.0,0.0,99880.0,0.0,0.0,0.0,0.0,5680.0,6149832.0,44800.0,0.0,0.0,0.0,0.0,634880.0,0.0
2026-02-09T18:00:00+01:00,37120.0,13360.0,0.0,18640.0,0.0,0.0,0.0,0.0,0.0,102160.0,0.0,0.0,0.0,0.0,0.0,5160.0,0.0,3040.0,3960.0,0.0,3080.0,0.0,0.0,0.0,0.0,0.0,3040.0,0.0,0.0,0.0,0.0,0.0,5160.0,0.0,158040.0,38080.0,0.0,92120.0,0.0,0.0,0.0,0.0,0.0,3561958.0,0.0,0.0,0.0,0.0,0.0,5160.0,0.0
2026-02-09T19:00:00+01:00,24800.0,21200.0,0.0,14960.0,0.0,0.0,0.0,0.0,15640.0,66320.0,4560.0,0.0,0.0,0.0,0.0,0.0,0.0,3040.0,3280.0,0.0,3480.0,0.0,0.0,0.0,0.0,15640.0,3040.0,4560.0,0.0,0.0,0.0,0.0,0.0,0.0,94040.0,56039.0,0.0,61000.0,0.0,0.0,0.0,0.0,15640.0,2072911.0,4560.0,0.0,0.0,0.0,0.0,0.0,0.0
2026-02-09T20:00:00+01:00,15840.0,7320.0,0.0,26680.0,0.0,0.0,0.0,5480.0,0.0,90360.0,0.0,0.0,0.0,0.0,0.0,5160.0,0.0,3600.0,3640.0,0.0,3040.0,0.0,0.0,0.0,5480.0,0.0,3120.0,0.0,0.0,0.0,0.0,0.0,5160.0,0.0,106920.0,16200.0,0.0,107800.0,0.0,0.0,0.0,5480.0,0.0,915800.0,0.0,0.0,0.0,0.0,0.0,5160.0,0.0
2026-02-09T21:00:00+01:00,15560.0,6440.0,0.0,4920.0,0.0,0.0,0.0,3560.0,0.0,64120.0,0.0,0.0,0.0,0.0,0.0,12480.0,0.0,3040.0,3360.0,0.0,3240.0,0.0,0.0,0.0,3400.0,0.0,3040.0,0.0,0.0,0.0,0.0,0.0,5800.0,0.0,34240.0,21320.0,0.0,19640.0,0.0,0.0,0.0,6960.0,0.0,1734119.0,0.0,0.0,0.0,0.0,0.0,29520.0,0.0
2026-02-09T22:00:00+01:00,8360.0,0.0,0.0,9640.0,0.0,0.0,0.0,0.0,0.0,33520.0,0.0,0.0,0.0,0.0,0.0,3760.0,0.0,7640.0,0.0,0.0,3200.0,0.0,0.0,0.0,0.0,0.0,3120.0,0.0,0.0,0.0,0.0,0.0,3760.0,0.0,16000.0,0.0,0.0,40000.0,0.0,0.0,0.0,0.0,0.0,1418919.0,0.0,0.0,0.0,0.0,0.0,3760.0,0.0
2026-02-09T23:00:00+01:00,12480.0,4640.0,0.0,0.0,0.0,0.0,0.0,0.0,0.0,52000.0,0.0,0.0,0.0,0.0,0.0,0.0,0.0,3680.0,3560.0,0.0,0.0,0.0,0.0,0.0,0.0,0.0,3040.0,0.0,0.0,0.0,0.0,0.0,0.0,0.0,32040.0,8200.0,0.0,0.0,0.0,0.0,0.0,0.0,0.0,1320759.0,0.0,0.0,0.0,0.0,0.0,0.0,0.0
2026-02-10T00:00:00+01:00,10360.0,4560.0,0.0,19240.0,0.0,0.0,0.0,0.0,0.0,54680.0,0.0,0.0,0.0,0.0,0.0,0.0,0.0,3040.0,3760.0,0.0,3040.0,0.0,0.0,0.0,0.0,0.0,3040.0,0.0,0.0,0.0,0.0,0.0,0.0,0.0,238240.0,8320.0,0.0,70240.0,0.0,0.0,0.0,0.0,0.0,2621076.0,0.0,0.0,0.0,0.0,0.0,0.0,0.0
2026-02-10T01:00:00+01:00,7960.0,5960.0,0.0,10120.0,0.0,0.0,0.0,0.0,0.0,60800.0,0.0,0.0,0.0,0.0,0.0,0.0,0.0,3240.0,3400.0,0.0,3840.0,0.0,0.0,0.0,0.0,0.0,3040.0,0.0,0.0,0.0,0.0,0.0,0.0,0.0,215760.0,17280.0,0.0,21960.0,0.0,0.0,0.0,0.0,0.0,1978038.0,0.0,0.0,0.0,0.0,0.0,0.0,0.0
2026-02-10T02:00:00+01:00,10480.0,27840.0,0.0,17080.0,0.0,0.0,0.0,0.0,0.0,48280.0,0.0,0.0,0.0,0.0,0.0,0.0,0.0,3240.0,3960.0,0.0,3480.0,0.0,0.0,0.0,0.0,0.0,3040.0,0.0,0.0,0.0,0.0,0.0,0.0,0.0,146720.0,37360.0,0.0,67960.0,0.0,0.0,0.0,0.0,0.0,1173080.0,0.0,0.0,0.0,0.0,0.0,0.0,0.0
2026-02-10T03:00:00+01:00,12040.0,0.0,0.0,11760.0,0.0,0.0,0.0,5600.0,0.0,52000.0,0.0,0.0,0.0,0.0,0.0,0.0,0.0,3040.0,0.0,0.0,3320.0,0.0,0.0,0.0,5600.0,0.0,3040.0,0.0,0.0,0.0,0.0,0.0,0.0,0.0,528920.0,0.0,0.0,78200.0,0.0,0.0,0.0,5600.0,0.0,1551399.0,0.0,0.0,0.0,0.0,0.0,0.0,0.0
2026-02-10T04:00:00+01:00,14000.0,4000.0,0.0,6920.0,0.0,0.0,0.0,0.0,0.0,62000.0,0.0,0.0,57520.0,0.0,17040.0,0.0,0.0,3080.0,4000.0,0.0,3080.0,0.0,0.0,0.0,0.0,0.0,3040.0,0.0,0.0,4480.0,0.0,7800.0,0.0,0.0,561800.0,4000.0,0.0,42859.0,0.0,0.0,0.0,0.0,0.0,3344595.0,0.0,0.0,62000.0,0.0,34640.0,0.0,0.0
2026-02-10T05:00:00+01:00,12840.0,10800.0,0.0,3240.0,0.0,0.0,0.0,8880.0,0.0,65960.0,0.0,0.0,0.0,0.0,54560.0,34720.0,0.0,3080.0,3640.0,0.0,3240.0,0.0,0.0,0.0,3880.0,0.0,3080.0,0.0,0.0,0.0,0.0,3360.0,34720.0,0.0,609960.0,14440.0,0.0,3240.0,0.0,0.0,0.0,25920.0,0.0,3271478.0,0.0,0.0,0.0,0.0,516879.0,34720.0,0.0
2026-02-10T06:00:00+01:00,21720.0,3960.0,0.0,10160.0,0.0,0.0,0.0,8360.0,0.0,41520.0,0.0,0.0,0.0,0.0,62320.0,10640.0,0.0,3320.0,3520.0,0.0,3960.0,0.0,0.0,0.0,3560.0,0.0,3120.0,0.0,0.0,0.0,0.0,3720.0,10280.0,0.0,48320.0,7480.0,0.0,18760.0,0.0,0.0,0.0,30600.0,0.0,1513838.0,0.0,0.0,0.0,0.0,287200.0,20920.0,0.0
2026-02-10T07:00:00+01:00,24040.0,5320.0,0.0,41840.0,0.0,0.0,3480.0,27320.0,4080.0,48000.0,24000.0,0.0,0.0,0.0,53520.0,56080.0,0.0,3840.0,3480.0,0.0,3040.0,0.0,0.0,3480.0,3360.0,3800.0,3040.0,3920.0,0.0,0.0,0.0,3040.0,3240.0,0.0,354440.0,16480.0,0.0,251600.0,0.0,0.0,3480.0,212480.0,7880.0,1822679.0,92120.0,0.0,0.0,0.0,409280.0,192920.0,0.0
2026-02-10T08:00:00+01:00,46000.0,3760.0,0.0,8880.0,0.0,0.0,0.0,0.0,0.0,36000.0,22800.0,0.0,0.0,0.0,0.0,0.0,0.0,3360.0,3760.0,0.0,3280.0,0.0,0.0,0.0,0.0,0.0,3040.0,3520.0,0.0,0.0,0.0,0.0,0.0,0.0,457239.0,3760.0,0.0,31680.0,0.0,0.0,0.0,0.0,0.0,841720.0,273480.0,0.0,0.0,0.0,0.0,0.0,0.0
2026-02-10T09:00:00+01:00,40000.0,11040.0,0.0,20920.0,0.0,0.0,0.0,3600.0,3200.0,58000.0,32000.0,0.0,0.0,0.0,0.0,19120.0,5720.0,3200.0,3920.0,0.0,3040.0,0.0,0.0,0.0,3600.0,3200.0,3040.0,3040.0,0.0,0.0,0.0,0.0,3400.0,5720.0,1157840.0,54160.0,0.0,116510.0,0.0,0.0,0.0,3600.0,3200.0,3897950.0,852760.0,0.0,0.0,0.0,0.0,56840.0,5720.0
2026-02-10T10:00:00+01:00,44000.0,20440.0,0.0,39520.0,0.0,0.0,0.0,45240.0,8200.0,55560.0,50000.0,0.0,0.0,0.0,0.0,41800.0,0.0,3120.0,3160.0,0.0,3080.0,0.0,0.0,0.0,3040.0,4480.0,3040.0,3040.0,0.0,0.0,0.0,0.0,3720.0,0.0,1540200.0,97000.0,0.0,279780.0,0.0,0.0,0.0,98480.0,12680.0,6119588.0,1450240.0,0.0,0.0,0.0,0.0,235320.0,0.0
2026-02-10T11:00:00+01:00,37400.0,22200.0,0.0,14000.0,0.0,0.0,0.0,36640.0,7120.0,53040.0,34240.0,0.0,0.0,6640.0,0.0,42440.0,55440.0,3200.0,3320.0,0.0,3040.0,0.0,0.0,0.0,3920.0,7120.0,3040.0,3040.0,0.0,0.0,6640.0,0.0,3680.0,8039.0,688879.0,85840.0,0.0,234590.0,0.0,0.0,0.0,215520.0,7120.0,6053695.0,983880.0,0.0,0.0,6640.0,0.0,235450.0,118119.0
2026-02-10T12:00:00+01:00,12000.0,9280.0,0.0,25840.0,0.0,0.0,0.0,49840.0,8880.0,53480.0,6720.0,0.0,0.0,0.0,0.0,35400.0,0.0,3840.0,3040.0,0.0,3040.0,0.0,0.0,0.0,3240.0,3120.0,3040.0,3200.0,0.0,0.0,0.0,0.0,4480.0,0.0,20560.0,34320.0,0.0,283490.0,0.0,0.0,0.0,318519.0,36160.0,4717809.0,29440.0,0.0,0.0,0.0,0.0,44840.0,0.0
2026-02-10T13:00:00+01:00,4120.0,16640.0,0.0,14000.0,0.0,0.0,0.0,45960.0,11920.0,47520.0,14440.0,48640.0,0.0,5040.0,0.0,15640.0,0.0,3840.0,3280.0,0.0,3040.0,0.0,0.0,0.0,3120.0,6120.0,3040.0,3080.0,48640.0,0.0,3160.0,0.0,3190.0,0.0,11960.0,81960.0,0.0,336290.0,0.0,0.0,0.0,1408800.0,18040.0,8614713.0,50680.0,48640.0,0.0,12480.0,0.0,98390.0,0.0
2026-02-10T14:00:00+01:00,13880.0,41600.0,0.0,17240.0,40360.0,0.0,0.0,42160.0,17720.0,46920.0,31280.0,3880.0,0.0,7040.0,0.0,11680.0,0.0,3120.0,3240.0,0.0,3040.0,3040.0,0.0,0.0,3160.0,5480.0,3040.0,3120.0,3880.0,0.0,7040.0,0.0,3240.0,0.0,210120.0,157640.0,0.0,252990.0,467359.0,0.0,0.0,1068676.0,23200.0,8812774.0,191120.0,3880.0,0.0,7040.0,0.0,77400.0,0.0
2026-02-10T15:00:00+01:00,18000.0,19720.0,0.0,22360.0,42480.0,0.0,0.0,38000.0,13480.0,44800.0,22480.0,0.0,0.0,0.0,0.0,36000.0,9440.0,3040.0,3480.0,0.0,3040.0,3120.0,0.0,0.0,3480.0,13480.0,3040.0,3840.0,0.0,0.0,0.0,0.0,3040.0,9000.0,286680.0,213640.0,0.0,187770.0,291520.0,0.0,0.0,519880.0,13480.0,6025666.0,95000.0,0.0,0.0,0.0,0.0,711237.0,18440.0
2026-02-10T16:00:00+01:00,14320.0,17440.0,0.0,7760.0,0.0,0.0,0.0,0.0,8760.0,40600.0,33280.0,5000.0,0.0,0.0,0.0,41960.0,21720.0,3040.0,3560.0,0.0,3480.0,0.0,0.0,0.0,0.0,8760.0,3040.0,4120.0,3440.0,0.0,0.0,0.0,3240.0,21720.0,184600.0,118000.0,0.0,47470.0,0.0,0.0,0.0,0.0,8760.0,4400295.0,52400.0,8440.0,0.0,0.0,0.0,913238.0,21720.0
2026-02-10T17:00:00+01:00,28280.0,9080.0,0.0,20960.0,0.0,0.0,0.0,0.0,0.0,39720.0,5440.0,29880.0,0.0,0.0,0.0,37440.0,0.0,3120.0,3240.0,0.0,3040.0,0.0,0.0,0.0,0.0,0.0,3040.0,5440.0,3440.0,0.0,0.0,0.0,3280.0,0.0,168680.0,58840.0,0.0,210630.0,0.0,0.0,0.0,0.0,0.0,2329120.0,5440.0,112880.0,0.0,0.0,0.0,209160.0,0.0
2026-02-10T18:00:00+01:00,33440.0,7280.0,0.0,11320.0,0.0,0.0,0.0,13240.0,0.0,37920.0,6800.0,0.0,0.0,0.0,0.0,0.0,0.0,3120.0,3480.0,0.0,3040.0,0.0,0.0,0.0,3840.0,0.0,3040.0,3640.0,0.0,0.0,0.0,0.0,0.0,0.0,281640.0,31240.0,0.0,181000.0,0.0,0.0,0.0,28640.0,0.0,2835560.0,10440.0,0.0,0.0,0.0,0.0,0.0,0.0
2026-02-10T19:00:00+01:00,40360.0,10000.0,0.0,18160.0,0.0,0.0,0.0,0.0,0.0,40880.0,0.0,0.0,0.0,0.0,0.0,0.0,0.0,3200.0,3720.0,0.0,3160.0,0.0,0.0,0.0,0.0,0.0,3040.0,0.0,0.0,0.0,0.0,0.0,0.0,0.0,358839.0,67400.0,0.0,127600.0,0.0,0.0,0.0,0.0,0.0,5710399.0,0.0,0.0,0.0,0.0,0.0,0.0,0.0
2026-02-10T20:00:00+01:00,10600.0,26160.0,0.0,28160.0,0.0,0.0,0.0,0.0,3920.0,40040.0,0.0,6000.0,0.0,0.0,0.0,0.0,0.0,3360.0,3360.0,0.0,3320.0,0.0,0.0,0.0,0.0,3920.0,3040.0,0.0,4880.0,0.0,0.0,0.0,0.0,0.0,59440.0,71479.0,0.0,107480.0,0.0,0.0,0.0,0.0,3920.0,2887840.0,0.0,10880.0,0.0,0.0,0.0,0.0,0.0
2026-02-10T21:00:00+01:00,22360.0,5320.0,0.0,4400.0,0.0,0.0,0.0,0.0,4840.0,39720.0,7960.0,5320.0,0.0,0.0,0.0,4400.0,0.0,4000.0,5320.0,0.0,3040.0,0.0,0.0,0.0,0.0,4840.0,3040.0,6560.0,5320.0,0.0,0.0,0.0,4400.0,0.0,34760.0,5320.0,0.0,39360.0,0.0,0.0,0.0,0.0,4840.0,1847400.0,14520.0,5320.0,0.0,0.0,0.0,4400.0,0.0
2026-02-10T22:00:00+01:00,10800.0,6080.0,0.0,17360.0,0.0,0.0,0.0,0.0,0.0,34520.0,6000.0,0.0,0.0,0.0,0.0,0.0,0.0,3280.0,6080.0,0.0,3200.0,0.0,0.0,0.0,0.0,0.0,3040.0,3880.0,0.0,0.0,0.0,0.0,0.0,0.0,59000.0,6080.0,0.0,36960.0,0.0,0.0,0.0,0.0,0.0,1326160.0,15880.0,0.0,0.0,0.0,0.0,0.0,0.0
2026-02-10T23:00:00+01:00,3960.0,0.0,0.0,4240.0,0.0,0.0,0.0,0.0,0.0,35960.0,3760.0,0.0,0.0,0.0,0.0,0.0,0.0,3960.0,0.0,0.0,4240.0,0.0,0.0,0.0,0.0,0.0,3120.0,3760.0,0.0,0.0,0.0,0.0,0.0,0.0,11880.0,0.0,0.0,4240.0,0.0,0.0,0.0,0.0,0.0,550079.0,3760.0,0.0,0.0,0.0,0.0,0.0,0.0
2026-02-11T00:00:00+01:00,4000.0,4640.0,0.0,24040.0,0.0,0.0,0.0,0.0,0.0,38000.0,0.0,0.0,0.0,0.0,0.0,0.0,0.0,3040.0,3040.0,0.0,3760.0,0.0,0.0,0.0,0.0,0.0,3040.0,0.0,0.0,0.0,0.0,0.0,0.0,0.0,37080.0,48760.0,0.0,52820.0,0.0,0.0,0.0,0.0,0.0,1823238.0,0.0,0.0,0.0,0.0,0.0,0.0,0.0
2026-02-11T01:00:00+01:00,5200.0,6240.0,0.0,7840.0,0.0,0.0,0.0,0.0,6960.0,33960.0,0.0,0.0,0.0,0.0,0.0,0.0,0.0,3520.0,3040.0,0.0,3680.0,0.0,0.0,0.0,0.0,6960.0,3040.0,0.0,0.0,0.0,0.0,0.0,0.0,0.0,24200.0,43080.0,0.0,25800.0,0.0,0.0,0.0,0.0,6960.0,2285079.0,0.0,0.0,0.0,0.0,0.0,0.0,0.0
2026-02-11T02:00:00+01:00,11800.0,6400.0,0.0,21850.0,0.0,0.0,0.0,0.0,0.0,35360.0,0.0,0.0,0.0,0.0,0.0,0.0,0.0,3080.0,3120.0,0.0,3020.0,0.0,0.0,0.0,0.0,0.0,3040.0,0.0,0.0,0.0,0.0,0.0,0.0,0.0,247520.0,16200.0,0.0,36700.0,0.0,0.0,0.0,0.0,0.0,2455717.0,0.0,0.0,0.0,0.0,0.0,0.0,0.0
2026-02-11T03:00:00+01:00,10040.0,0.0,0.0,11280.0,0.0,0.0,0.0,0.0,7600.0,36040.0,0.0,0.0,0.0,0.0,0.0,0.0,0.0,3080.0,0.0,0.0,3480.0,0.0,0.0,0.0,0.0,7600.0,3040.0,0.0,0.0,0.0,0.0,0.0,0.0,0.0,305799.0,0.0,0.0,29320.0,0.0,0.0,0.0,0.0,7600.0,2082238.0,0.0,0.0,0.0,0.0,0.0,0.0,0.0
2026-02-11T04:00:00+01:00,12000.0,4000.0,0.0,19560.0,0.0,0.0,0.0,11920.0,0.0,37080.0,3800.0,0.0,12840.0,0.0,0.0,0.0,0.0,3200.0,4000.0,0.0,3480.0,0.0,0.0,0.0,5680.0,0.0,3040.0,3800.0,0.0,6200.0,0.0,0.0,0.0,0.0,220560.0,4000.0,0.0,50780.0,0.0,0.0,0.0,27880.0,0.0,1781838.0,3800.0,0.0,19040.0,0.0,0.0,0.0,0.0
2026-02-11T05:00:00+01:00,8640.0,17080.0,0.0,32119.0,0.0,0.0,0.0,17120.0,0.0,36040.0,0.0,0.0,0.0,0.0,0.0,0.0,0.0,3040.0,3160.0,0.0,3120.0,0.0,0.0,0.0,17120.0,0.0,3040.0,0.0,0.0,0.0,0.0,0.0,0.0,0.0,160119.0,193998.0,0.0,85259.0,0.0,0.0,0.0,17120.0,0.0,1238890.0,0.0,0.0,0.0,0.0,0.0,0.0,0.0
2026-02-11T06:00:00+01:00,28800.0,3640.0,0.0,3600.0,0.0,0.0,0.0,14160.0,4760.0,30000.0,0.0,0.0,0.0,0.0,0.0,3640.0,0.0,3200.0,3080.0,0.0,3240.0,0.0,0.0,0.0,3040.0,4760.0,3040.0,0.0,0.0,0.0,0.0,0.0,3640.0,0.0,94000.0,6720.0,0.0,10400.0,0.0,0.0,0.0,43160.0,4760.0,410720.0,0.0,0.0,0.0,0.0,0.0,3640.0,0.0
2026-02-11T07:00:00+01:00,20120.0,27480.0,0.0,32600.0,11280.0,0.0,0.0,32320.0,0.0,34720.0,0.0,0.0,0.0,0.0,0.0,33080.0,0.0,3040.0,3040.0,0.0,3040.0,11280.0,0.0,0.0,3120.0,0.0,3040.0,0.0,0.0,0.0,0.0,0.0,3760.0,0.0,568680.0,40040.0,0.0,446580.0,11280.0,0.0,0.0,127720.0,0.0,3637438.0,0.0,0.0,0.0,0.0,0.0,331120.0,0.0
2026-02-11T08:00:00+01:00,13560.0,7120.0,0.0,30120.0,0.0,0.0,0.0,15480.0,33440.0,34040.0,0.0,7320.0,0.0,0.0,0.0,31640.0,0.0,3040.0,5800.0,0.0,3120.0,0.0,0.0,0.0,3440.0,6920.0,3040.0,0.0,3560.0,0.0,0.0,0.0,3280.0,0.0,376759.0,39320.0,0.0,1294728.0,0.0,0.0,0.0,52720.0,40360.0,4988902.0,0.0,22520.0,0.0,0.0,0.0,353560.0,0.0
2026-02-11T09:00:00+01:00,13640.0,18040.0,0.0,20840.0,15160.0,0.0,0.0,17520.0,12080.0,34000.0,15560.0,13080.0,0.0,0.0,0.0,25160.0,3360.0,3080.0,3640.0,0.0,3040.0,5960.0,0.0,0.0,3080.0,6160.0,3040.0,3680.0,4640.0,0.0,0.0,0.0,3040.0,3360.0,99720.0,73520.0,0.0,210560.0,34560.0,0.0,0.0,44560.0,18240.0,4530168.0,56800.0,23200.0,0.0,0.0,0.0,138670.0,3360.0
2026-02-11T10:00:00+01:00,14040.0,24960.0,0.0,31960.0,0.0,0.0,0.0,12600.0,0.0,34000.0,34240.0,10080.0,0.0,0.0,0.0,17600.0,5360.0,3120.0,3040.0,0.0,3040.0,0.0,0.0,0.0,4040.0,0.0,3040.0,3640.0,3560.0,0.0,0.0,0.0,3190.0,4360.0,55320.0,116040.0,0.0,229600.0,0.0,0.0,0.0,35560.0,0.0,3983057.0,149920.0,23400.0,0.0,0.0,0.0,123090.0,9720.0
2026-02-11T11:00:00+01:00,33600.0,16960.0,0.0,25920.0,0.0,0.0,0.0,29320.0,3760.0,33400.0,25640.0,0.0,0.0,0.0,0.0,29840.0,4320.0,3040.0,3400.0,0.0,3200.0,0.0,0.0,0.0,3560.0,3760.0,3040.0,3520.0,0.0,0.0,0.0,0.0,3040.0,4320.0,169080.0,152680.0,0.0,182969.0,0.0,0.0,0.0,141839.0,3760.0,3425996.0,134360.0,0.0,0.0,0.0,0.0,185040.0,4320.0
2026-02-11T12:00:00+01:00,7680.0,20680.0,6520.0,31160.0,0.0,0.0,0.0,30640.0,0.0,32960.0,28280.0,0.0,0.0,0.0,0.0,32000.0,0.0,3040.0,4360.0,6520.0,3080.0,0.0,0.0,0.0,3200.0,0.0,3040.0,3440.0,0.0,0.0,0.0,0.0,4000.0,0.0,62240.0,98080.0,6520.0,524510.0,0.0,0.0,0.0,437719.0,0.0,1953268.0,109920.0,0.0,0.0,0.0,0.0,367240.0,0.0
2026-02-11T13:00:00+01:00,19840.0,15560.0,0.0,31840.0,0.0,0.0,0.0,30000.0,0.0,32640.0,24920.0,5480.0,0.0,0.0,0.0,32040.0,3160.0,3280.0,3440.0,0.0,3240.0,0.0,0.0,0.0,3040.0,0.0,3040.0,6440.0,5480.0,0.0,0.0,0.0,3280.0,3160.0,89600.0,108120.0,0.0,651160.0,0.0,0.0,0.0,907800.0,0.0,6911179.0,51640.0,5480.0,0.0,0.0,0.0,715556.0,3160.0
2026-02-11T14:00:00+01:00,24040.0,20320.0,4960.0,25520.0,0.0,0.0,0.0,24800.0,10320.0,32140.0,26960.0,30840.0,0.0,0.0,0.0,32000.0,0.0,3360.0,3600.0,4960.0,3040.0,0.0,0.0,0.0,3120.0,10320.0,3040.0,4560.0,3080.0,0.0,0.0,0.0,4000.0,0.0,37040.0,110959.0,4960.0,406799.0,0.0,0.0,0.0,507279.0,10320.0,8313025.0,94160.0,44000.0,0.0,0.0,0.0,875450.0,0.0
2026-02-11T15:00:00+01:00,17160.0,16320.0,0.0,23680.0,0.0,0.0,0.0,20080.0,0.0,31300.0,24120.0,19640.0,0.0,0.0,0.0,30000.0,0.0,7240.0,3480.0,0.0,3040.0,0.0,0.0,0.0,3040.0,0.0,3040.0,5920.0,3240.0,0.0,0.0,0.0,4480.0,0.0,52120.0,110400.0,0.0,381170.0,0.0,0.0,0.0,481080.0,0.0,7223586.0,105640.0,57440.0,0.0,0.0,0.0,217800.0,0.0
2026-02-11T16:00:00+01:00,15320.0,19440.0,0.0,24840.0,0.0,0.0,0.0,28160.0,3360.0,31280.0,31160.0,15760.0,0.0,0.0,0.0,30600.0,7320.0,3200.0,3200.0,0.0,3120.0,0.0,0.0,0.0,3040.0,3360.0,3040.0,3120.0,6560.0,0.0,0.0,0.0,4720.0,7320.0,90720.0,112560.0,0.0,272630.0,0.0,0.0,0.0,166440.0,3360.0,5204656.0,189240.0,30680.0,0.0,0.0,0.0,103120.0,7320.0
2026-02-11T17:00:00+01:00,18200.0,17320.0,0.0,21240.0,0.0,0.0,0.0,0.0,6960.0,31040.0,14880.0,4080.0,0.0,0.0,0.0,14560.0,0.0,3240.0,3160.0,0.0,3080.0,0.0,0.0,0.0,0.0,6960.0,3040.0,3960.0,4080.0,0.0,0.0,0.0,3040.0,0.0,168600.0,80000.0,0.0,337599.0,0.0,0.0,0.0,0.0,6960.0,2119995.0,23240.0,4080.0,0.0,0.0,0.0,45760.0,0.0
2026-02-11T18:00:00+01:00,16760.0,12080.0,0.0,17640.0,0.0,0.0,0.0,13680.0,0.0,28000.0,0.0,0.0,0.0,0.0,0.0,3240.0,0.0,3040.0,3600.0,0.0,3080.0,0.0,0.0,0.0,6640.0,0.0,3040.0,0.0,0.0,0.0,0.0,0.0,3240.0,0.0,142000.0,58120.0,0.0,200560.0,0.0,0.0,0.0,20320.0,0.0,631679.0,0.0,0.0,0.0,0.0,0.0,3240.0,0.0
2026-02-11T19:00:00+01:00,14840.0,15360.0,0.0,27480.0,0.0,0.0,0.0,0.0,0.0,29760.0,0.0,0.0,0.0,0.0,0.0,19920.0,0.0,3040.0,3280.0,0.0,3120.0,0.0,0.0,0.0,0.0,0.0,3040.0,0.0,0.0,0.0,0.0,0.0,19920.0,0.0,161480.0,32480.0,0.0,101840.0,0.0,0.0,0.0,0.0,0.0,3792159.0,0.0,0.0,0.0,0.0,0.0,19920.0,0.0
2026-02-11T20:00:00+01:00,17200.0,20920.0,0.0,11320.0,0.0,0.0,0.0,0.0,0.0,26720.0,0.0,0.0,0.0,0.0,0.0,0.0,0.0,3920.0,3240.0,0.0,3320.0,0.0,0.0,0.0,0.0,0.0,3040.0,0.0,0.0,0.0,0.0,0.0,0.0,0.0,85680.0,68920.0,0.0,33960.0,0.0,0.0,0.0,0.0,0.0,2662835.0,0.0,0.0,0.0,0.0,0.0,0.0,0.0
2026-02-11T21:00:00+01:00,17160.0,4000.0,0.0,9200.0,0.0,0.0,0.0,0.0,0.0,30040.0,0.0,0.0,0.0,0.0,0.0,8520.0,0.0,3440.0,3160.0,0.0,3360.0,0.0,0.0,0.0,0.0,0.0,3040.0,0.0,0.0,0.0,0.0,0.0,8039.0,0.0,78000.0,7160.0,0.0,44240.0,0.0,0.0,0.0,0.0,0.0,2061798.0,0.0,0.0,0.0,0.0,0.0,16559.0,0.0
2026-02-11T22:00:00+01:00,12240.0,6840.0,0.0,28390.0,0.0,0.0,0.0,0.0,0.0,28680.0,0.0,0.0,0.0,0.0,0.0,3840.0,0.0,3560.0,4440.0,0.0,3160.0,0.0,0.0,0.0,0.0,0.0,3040.0,0.0,0.0,0.0,0.0,0.0,3840.0,0.0,15800.0,11280.0,0.0,188280.0,0.0,0.0,0.0,0.0,0.0,1196836.0,0.0,0.0,0.0,0.0,0.0,3840.0,0.0
2026-02-11T23:00:00+01:00,3200.0,6440.0,0.0,7530.0,0.0,0.0,0.0,0.0,0.0,26440.0,0.0,0.0,0.0,0.0,0.0,0.0,0.0,3200.0,6440.0,0.0,3560.0,0.0,0.0,0.0,0.0,0.0,3280.0,0.0,0.0,0.0,0.0,0.0,0.0,0.0,3200.0,6440.0,0.0,23610.0,0.0,0.0,0.0,0.0,0.0,585199.0,0.0,0.0,0.0,0.0,0.0,0.0,0.0
2026-02-12T00:00:00+01:00,4000.0,3200.0,0.0,5520.0,0.0,0.0,0.0,0.0,0.0,28880.0,4040.0,0.0,0.0,0.0,0.0,0.0,0.0,4000.0,3200.0,0.0,3160.0,0.0,0.0,0.0,0.0,0.0,3080.0,4040.0,0.0,0.0,0.0,0.0,0.0,0.0,4000.0,3200.0,0.0,47600.0,0.0,0.0,0.0,0.0,0.0,322880.0,4040.0,0.0,0.0,0.0,0.0,0.0,0.0
2026-02-12T01:00:00+01:00,4480.0,0.0,0.0,23250.0,0.0,0.0,0.0,0.0,0.0,28000.0,0.0,0.0,0.0,0.0,0.0,0.0,0.0,4480.0,0.0,0.0,3560.0,0.0,0.0,0.0,0.0,0.0,3040.0,0.0,0.0,0.0,0.0,0.0,0.0,0.0,4480.0,0.0,0.0,40580.0,0.0,0.0,0.0,0.0,0.0,1463800.0,0.0,0.0,0.0,0.0,0.0,0.0,0.0
2026-02-12T02:00:00+01:00,0.0,3880.0,0.0,15680.0,0.0,0.0,0.0,0.0,21040.0,27520.0,3280.0,0.0,0.0,0.0,0.0,10560.0,0.0,0.0,3880.0,0.0,3080.0,0.0,0.0,0.0,0.0,7880.0,3040.0,3280.0,0.0,0.0,0.0,0.0,10560.0,0.0,0.0,3880.0,0.0,46960.0,0.0,0.0,0.0,0.0,28920.0,1602119.0,3280.0,0.0,0.0,0.0,0.0,10560.0,0.0
2026-02-12T03:00:00+01:00,4640.0,29320.0,0.0,22440.0,0.0,0.0,0.0,0.0,0.0,28080.0,3560.0,0.0,0.0,0.0,0.0,0.0,0.0,4000.0,3080.0,0.0,3320.0,0.0,0.0,0.0,0.0,0.0,3120.0,3160.0,0.0,0.0,0.0,0.0,0.0,0.0,12640.0,179560.0,0.0,119180.0,0.0,0.0,0.0,0.0,0.0,572239.0,6720.0,0.0,0.0,0.0,0.0,0.0,0.0
2026-02-12T04:00:00+01:00,6000.0,22240.0,0.0,17640.0,0.0,0.0,0.0,7560.0,0.0,29040.0,3680.0,0.0,0.0,0.0,0.0,0.0,0.0,3120.0,3040.0,0.0,3340.0,0.0,0.0,0.0,7560.0,0.0,3040.0,3680.0,0.0,0.0,0.0,0.0,0.0,0.0,45360.0,108520.0,0.0,76080.0,0.0,0.0,0.0,7560.0,0.0,619320.0,3680.0,0.0,0.0,0.0,0.0,0.0,0.0
2026-02-12T05:00:00+01:00,11960.0,10840.0,13480.0,25560.0,0.0,0.0,0.0,14240.0,4080.0,28040.0,4000.0,0.0,15080.0,0.0,0.0,0.0,0.0,3040.0,3720.0,5000.0,3360.0,0.0,0.0,0.0,4440.0,4080.0,3080.0,3920.0,0.0,5880.0,0.0,0.0,0.0,0.0,228760.0,24240.0,18480.0,61510.0,0.0,0.0,0.0,31440.0,4080.0,841280.0,7920.0,0.0,20960.0,0.0,0.0,0.0,0.0
2026-02-12T06:00:00+01:00,7840.0,16040.0,0.0,4240.0,0.0,0.0,0.0,14640.0,0.0,28360.0,0.0,0.0,0.0,0.0,0.0,8080.0,0.0,3040.0,13520.0,0.0,4040.0,0.0,0.0,0.0,10720.0,0.0,3040.0,0.0,0.0,0.0,0.0,0.0,3880.0,0.0,43080.0,29560.0,0.0,12480.0,0.0,0.0,0.0,52280.0,0.0,667519.0,0.0,0.0,0.0,0.0,0.0,21840.0,0.0
2026-02-12T07:00:00+01:00,25960.0,17480.0,0.0,27160.0,7120.0,0.0,0.0,11480.0,0.0,28040.0,0.0,0.0,0.0,0.0,0.0,26000.0,0.0,3040.0,3560.0,0.0,3040.0,7120.0,0.0,0.0,3080.0,0.0,3040.0,0.0,0.0,0.0,0.0,0.0,3120.0,0.0,1044118.0,21040.0,0.0,212960.0,7120.0,0.0,0.0,88920.0,0.0,2442667.0,0.0,0.0,0.0,0.0,0.0,510200.0,0.0
2026-02-12T08:00:00+01:00,14000.0,12240.0,0.0,12520.0,0.0,0.0,4120.0,21560.0,0.0,27840.0,4040.0,0.0,6840.0,0.0,0.0,17480.0,0.0,3240.0,3040.0,0.0,3120.0,0.0,0.0,4120.0,3840.0,0.0,3040.0,4040.0,0.0,6840.0,0.0,0.0,3040.0,0.0,78760.0,48360.0,0.0,182040.0,0.0,0.0,4120.0,103720.0,0.0,4046717.0,4040.0,0.0,6840.0,0.0,0.0,200960.0,0.0
2026-02-12T09:00:00+01:00,17160.0,13240.0,0.0,16720.0,0.0,0.0,0.0,25320.0,0.0,28160.0,15720.0,0.0,0.0,0.0,0.0,13600.0,0.0,3440.0,3200.0,0.0,3240.0,0.0,0.0,0.0,3760.0,0.0,3040.0,6160.0,0.0,0.0,0.0,0.0,3360.0,0.0,72720.0,35080.0,0.0,102400.0,0.0,0.0,0.0,54000.0,0.0,3668363.0,38200.0,0.0,0.0,0.0,0.0,48200.0,0.0
2026-02-12T10:00:00+01:00,16239.0,16079.0,0.0,19480.0,0.0,0.0,0.0,28040.0,0.0,27640.0,4640.0,9240.0,0.0,0.0,0.0,23600.0,0.0,3640.0,3880.0,0.0,3160.0,0.0,0.0,0.0,3080.0,0.0,3040.0,3480.0,9240.0,0.0,0.0,0.0,3160.0,0.0,101158.0,49079.0,0.0,136560.0,0.0,0.0,0.0,636119.0,0.0,3114556.0,24440.0,9240.0,0.0,0.0,0.0,167280.0,0.0
2026-02-12T11:00:00+01:00,26080.0,18920.0,0.0,14440.0,0.0,0.0,0.0,27560.0,0.0,27240.0,22880.0,0.0,0.0,0.0,0.0,23960.0,0.0,3040.0,7800.0,0.0,3040.0,0.0,0.0,0.0,3440.0,0.0,3040.0,3040.0,0.0,0.0,0.0,0.0,3440.0,0.0,172800.0,37760.0,0.0,127250.0,0.0,0.0,0.0,137600.0,0.0,2280579.0,120960.0,0.0,0.0,0.0,0.0,72900.0,0.0
2026-02-12T12:00:00+01:00,19000.0,8240.0,0.0,18200.0,0.0,0.0,0.0,5560.0,0.0,27520.0,16480.0,7000.0,0.0,0.0,0.0,12880.0,4720.0,3320.0,3480.0,0.0,3040.0,0.0,0.0,0.0,4120.0,0.0,3040.0,3120.0,6840.0,0.0,0.0,0.0,4520.0,3240.0,383600.0,17000.0,0.0,159880.0,0.0,0.0,0.0,9680.0,0.0,1233239.0,166040.0,13840.0,0.0,0.0,0.0,48120.0,11680.0
2026-02-12T13:00:00+01:00,26040.0,13360.0,0.0,18400.0,0.0,0.0,0.0,22120.0,7720.0,27440.0,9240.0,0.0,12960.0,0.0,0.0,15800.0,15000.0,3040.0,4160.0,0.0,3040.0,0.0,0.0,0.0,5840.0,3640.0,3040.0,4160.0,0.0,5840.0,0.0,0.0,10560.0,15000.0,1935120.0,57600.0,0.0,174230.0,0.0,0.0,0.0,122560.0,24880.0,4588275.0,18880.0,0.0,18800.0,0.0,0.0,49960.0,15000.0
2026-02-12T14:00:00+01:00,23960.0,11800.0,0.0,19880.0,0.0,0.0,0.0,0.0,6200.0,27280.0,20720.0,0.0,0.0,0.0,0.0,4800.0,3720.0,3040.0,3480.0,0.0,3240.0,0.0,0.0,0.0,0.0,3840.0,3040.0,3160.0,0.0,0.0,0.0,0.0,3520.0,3720.0,861199.0,52880.0,0.0,103720.0,0.0,0.0,0.0,0.0,27800.0,5517102.0,90000.0,0.0,0.0,0.0,0.0,12680.0,3720.0
2026-02-12T15:00:00+01:00,26160.0,13800.0,0.0,13360.0,0.0,0.0,0.0,6040.0,0.0,27200.0,12000.0,5320.0,0.0,0.0,0.0,6360.0,0.0,3160.0,3320.0,0.0,3030.0,0.0,0.0,0.0,6040.0,0.0,3040.0,3040.0,3800.0,0.0,0.0,0.0,4440.0,0.0,1144037.0,46880.0,0.0,187900.0,0.0,0.0,0.0,6040.0,0.0,5000600.0,112959.0,9120.0,0.0,0.0,0.0,25330.0,0.0
2026-02-12T16:00:00+01:00,19960.0,12560.0,0.0,24680.0,0.0,0.0,0.0,0.0,0.0,26880.0,26040.0,6360.0,8400.0,0.0,0.0,0.0,0.0,3240.0,3760.0,0.0,3040.0,0.0,0.0,0.0,0.0,0.0,3040.0,3640.0,4280.0,7720.0,0.0,0.0,0.0,0.0,113120.0,90760.0,0.0,145590.0,0.0,0.0,0.0,0.0,0.0,3507399.0,440798.0,10640.0,23880.0,0.0,0.0,0.0,0.0
2026-02-12T17:00:00+01:00,26000.0,5640.0,0.0,24600.0,0.0,0.0,0.0,0.0,0.0,26440.0,23320.0,4280.0,0.0,0.0,0.0,5640.0,7960.0,3040.0,3240.0,0.0,3040.0,0.0,0.0,0.0,0.0,0.0,3040.0,3960.0,3720.0,0.0,0.0,0.0,4240.0,7960.0,422960.0,14520.0,0.0,246590.0,0.0,0.0,0.0,0.0,0.0,2163689.0,131280.0,11920.0,0.0,0.0,0.0,15440.0,7960.0
2026-02-12T18:00:00+01:00,17480.0,20600.0,0.0,21920.0,0.0,0.0,0.0,17120.0,0.0,24680.0,9240.0,5240.0,0.0,0.0,0.0,13120.0,0.0,3320.0,3040.0,0.0,3080.0,0.0,0.0,0.0,4680.0,0.0,3040.0,5160.0,3240.0,0.0,0.0,0.0,13120.0,0.0,250479.0,141919.0,0.0,130080.0,0.0,0.0,0.0,21800.0,0.0,1547118.0,14400.0,15960.0,0.0,0.0,0.0,13120.0,0.0
2026-02-12T19:00:00+01:00,14880.0,20320.0,0.0,22920.0,0.0,0.0,0.0,0.0,11320.0,26360.0,0.0,8680.0,0.0,0.0,0.0,4720.0,0.0,3040.0,3240.0,0.0,3240.0,0.0,0.0,0.0,0.0,11320.0,3040.0,0.0,3280.0,0.0,0.0,0.0,4720.0,0.0,113920.0,311200.0,0.0,232200.0,0.0,0.0,0.0,0.0,11320.0,4867759.0,0.0,38039.0,0.0,0.0,0.0,4720.0,0.0
2026-02-12T20:00:00+01:00,16760.0,14040.0,0.0,12920.0,0.0,0.0,0.0,0.0,0.0,25920.0,0.0,3880.0,0.0,0.0,0.0,6160.0,0.0,3440.0,3120.0,0.0,3200.0,0.0,0.0,0.0,0.0,0.0,3040.0,0.0,3880.0,0.0,0.0,0.0,6160.0,0.0,118519.0,139720.0,0.0,101080.0,0.0,0.0,0.0,0.0,0.0,4788078.0,0.0,3880.0,0.0,0.0,0.0,6160.0,0.0
2026-02-12T21:00:00+01:00,23520.0,14960.0,0.0,19760.0,0.0,0.0,0.0,0.0,0.0,26120.0,0.0,6440.0,0.0,0.0,0.0,0.0,0.0,3080.0,4000.0,0.0,3040.0,0.0,0.0,0.0,0.0,0.0,3040.0,0.0,3040.0,0.0,0.0,0.0,0.0,0.0,63880.0,43959.0,0.0,202699.0,0.0,0.0,0.0,0.0,0.0,3809528.0,0.0,20200.0,0.0,0.0,0.0,0.0,0.0
2026-02-12T22:00:00+01:00,15800.0,0.0,12000.0,25080.0,0.0,0.0,0.0,0.0,0.0,22840.0,23440.0,0.0,0.0,0.0,0.0,0.0,12040.0,4440.0,0.0,3960.0,3120.0,0.0,0.0,0.0,0.0,0.0,3040.0,3040.0,0.0,0.0,0.0,0.0,0.0,3240.0,56079.0,0.0,40680.0,807679.0,0.0,0.0,0.0,0.0,0.0,1281159.0,85440.0,0.0,0.0,0.0,0.0,0.0,209960.0
2026-02-12T23:00:00+01:00,5560.0,19560.0,11760.0,24000.0,0.0,0.0,0.0,0.0,0.0,25640.0,4920.0,0.0,0.0,0.0,0.0,0.0,20480.0,5560.0,5280.0,3720.0,3030.0,0.0,0.0,0.0,0.0,0.0,3040.0,3040.0,0.0,0.0,0.0,0.0,0.0,3200.0,5560.0,48480.0,15480.0,664830.0,0.0,0.0,0.0,0.0,0.0,770399.0,15720.0,0.0,0.0,0.0,0.0,0.0,231320.0
2026-02-13T00:00:00+01:00,0.0,3440.0,4280.0,13600.0,9360.0,0.0,0.0,5800.0,0.0,24480.0,0.0,0.0,0.0,0.0,0.0,0.0,0.0,0.0,3440.0,4280.0,3240.0,3080.0,0.0,0.0,5800.0,0.0,3120.0,0.0,0.0,0.0,0.0,0.0,0.0,0.0,0.0,3440.0,4280.0,73480.0,137520.0,0.0,0.0,5800.0,0.0,592000.0,0.0,0.0,0.0,0.0,0.0,0.0,0.0
2026-02-13T01:00:00+01:00,0.0,6160.0,0.0,21240.0,20040.0,0.0,0.0,0.0,0.0,14840.0,0.0,0.0,0.0,0.0,0.0,0.0,0.0,0.0,6160.0,0.0,3040.0,3040.0,0.0,0.0,0.0,0.0,3320.0,0.0,0.0,0.0,0.0,0.0,0.0,0.0,0.0,6160.0,0.0,77400.0,143439.0,0.0,0.0,0.0,0.0,283760.0,0.0,0.0,0.0,0.0,0.0,0.0,0.0
2026-02-13T02:00:00+01:00,25240.0,3880.0,0.0,14320.0,24240.0,0.0,0.0,0.0,16239.0,24440.0,0.0,0.0,0.0,0.0,0.0,7720.0,0.0,3240.0,3880.0,0.0,3200.0,3440.0,0.0,0.0,0.0,6160.0,3120.0,0.0,0.0,0.0,0.0,0.0,6720.0,0.0,163560.0,3880.0,0.0,134680.0,320520.0,0.0,0.0,0.0,43279.0,991918.0,0.0,0.0,0.0,0.0,0.0,14440.0,0.0
2026-02-13T03:00:00+01:00,4840.0,0.0,0.0,11840.0,15160.0,0.0,0.0,0.0,0.0,23320.0,0.0,0.0,14880.0,0.0,0.0,24280.0,0.0,3040.0,0.0,0.0,3320.0,3040.0,0.0,0.0,0.0,0.0,3040.0,0.0,0.0,5120.0,0.0,0.0,4000.0,0.0,16440.0,0.0,0.0,46400.0,30640.0,0.0,0.0,0.0,0.0,1074035.0,0.0,0.0,27400.0,0.0,0.0,40040.0,0.0
2026-02-13T04:00:00+01:00,0.0,4680.0,19240.0,18000.0,21040.0,0.0,0.0,10640.0,0.0,24040.0,0.0,0.0,8760.0,0.0,0.0,0.0,0.0,0.0,4680.0,13240.0,3060.0,3240.0,0.0,0.0,10640.0,0.0,3040.0,0.0,0.0,5440.0,0.0,0.0,0.0,0.0,0.0,4680.0,32480.0,151360.0,370159.0,0.0,0.0,10640.0,0.0,653199.0,0.0,0.0,14200.0,0.0,0.0,0.0,0.0
2026-02-13T05:00:00+01:00,3960.0,0.0,0.0,23240.0,12320.0,0.0,0.0,3080.0,0.0,24480.0,0.0,0.0,0.0,0.0,21400.0,0.0,0.0,3600.0,0.0,0.0,3040.0,7320.0,0.0,0.0,3080.0,0.0,3080.0,0.0,0.0,0.0,0.0,3440.0,0.0,0.0,11400.0,0.0,0.0,260680.0,39680.0,0.0,0.0,3080.0,0.0,604280.0,0.0,0.0,0.0,0.0,248319.0,0.0,0.0
2026-02-13T06:00:00+01:00,0.0,0.0,0.0,14360.0,0.0,0.0,0.0,23240.0,0.0,21440.0,0.0,0.0,0.0,0.0,15840.0,18200.0,0.0,0.0,0.0,0.0,3040.0,0.0,0.0,0.0,3760.0,0.0,3040.0,0.0,0.0,0.0,0.0,3120.0,3080.0,0.0,0.0,0.0,0.0,342030.0,0.0,0.0,0.0,77320.0,0.0,268360.0,0.0,0.0,0.0,0.0,223320.0,52760.0,0.0
2026-02-13T07:00:00+01:00,18000.0,8640.0,22880.0,24000.0,0.0,0.0,0.0,15040.0,8160.0,24840.0,0.0,0.0,0.0,0.0,20360.0,23760.0,0.0,3040.0,3920.0,22880.0,3040.0,0.0,0.0,0.0,3120.0,3880.0,3040.0,0.0,0.0,0.0,0.0,3040.0,3520.0,0.0,245560.0,37120.0,22880.0,385040.0,0.0,0.0,0.0,55120.0,12040.0,887379.0,0.0,0.0,0.0,0.0,126639.0,199320.0,0.0
2026-02-13T08:00:00+01:00,13760.0,8280.0,0.0,24040.0,0.0,0.0,0.0,18040.0,16960.0,24360.0,14040.0,3640.0,0.0,0.0,0.0,22000.0,0.0,3040.0,8280.0,0.0,3040.0,0.0,0.0,0.0,3280.0,3040.0,3040.0,3040.0,3640.0,0.0,0.0,0.0,3040.0,0.0,177440.0,8280.0,0.0,703838.0,0.0,0.0,0.0,56200.0,117680.0,2813995.0,109960.0,3640.0,0.0,0.0,0.0,557280.0,0.0
2026-02-13T09:00:00+01:00,22000.0,0.0,0.0,24000.0,0.0,0.0,0.0,4800.0,6040.0,24520.0,18000.0,4440.0,0.0,0.0,0.0,18440.0,20120.0,3480.0,0.0,0.0,3040.0,0.0,0.0,0.0,3880.0,3200.0,3040.0,3360.0,3240.0,0.0,0.0,0.0,3200.0,20120.0,232800.0,0.0,0.0,1028160.0,0.0,0.0,0.0,8680.0,28480.0,5261743.0,190240.0,17800.0,0.0,0.0,0.0,842919.0,20120.0
2026-02-13T10:00:00+01:00,22000.0,18920.0,0.0,22040.0,0.0,0.0,0.0,9760.0,7640.0,24160.0,3720.0,10880.0,0.0,0.0,0.0,19520.0,0.0,3040.0,3160.0,0.0,3040.0,0.0,0.0,0.0,3240.0,3480.0,3040.0,3720.0,3240.0,0.0,0.0,0.0,3040.0,0.0,790599.0,101000.0,0.0,381790.0,0.0,0.0,0.0,31920.0,33440.0,5852644.0,3720.0,27200.0,0.0,0.0,0.0,544919.0,0.0
2026-02-13T11:00:00+01:00,23480.0,12440.0,0.0,18000.0,0.0,0.0,0.0,15720.0,8400.0,24280.0,3320.0,20240.0,0.0,0.0,0.0,23680.0,0.0,3040.0,3320.0,0.0,3040.0,0.0,0.0,0.0,4160.0,8400.0,3040.0,3080.0,3200.0,0.0,0.0,0.0,3080.0,0.0,664720.0,24200.0,0.0,196000.0,0.0,0.0,0.0,62320.0,8400.0,5580666.0,6400.0,209720.0,0.0,0.0,0.0,757320.0,0.0
2026-02-13T12:00:00+01:00,14280.0,13200.0,0.0,16079.0,0.0,0.0,0.0,8480.0,13920.0,24090.0,10840.0,19000.0,0.0,0.0,0.0,19760.0,0.0,3120.0,3120.0,0.0,3040.0,0.0,0.0,0.0,3520.0,3280.0,3040.0,3440.0,3040.0,0.0,0.0,0.0,3120.0,0.0,81640.0,108599.0,0.0,132519.0,0.0,0.0,0.0,16880.0,64680.0,4677208.0,23760.0,80120.0,0.0,0.0,0.0,260480.0,0.0
2026-02-13T13:00:00+01:00,15040.0,7040.0,0.0,14910.0,0.0,0.0,0.0,9440.0,3600.0,23400.0,5480.0,18880.0,0.0,0.0,0.0,14440.0,0.0,4320.0,3200.0,0.0,3080.0,0.0,0.0,0.0,3240.0,3560.0,3040.0,5480.0,3040.0,0.0,0.0,0.0,3560.0,0.0,45960.0,13560.0,0.0,149380.0,0.0,0.0,0.0,12680.0,7160.0,2032487.0,5480.0,77000.0,0.0,0.0,0.0,61160.0,0.0
2026-02-13T14:00:00+01:00,17440.0,18640.0,0.0,17920.0,0.0,0.0,0.0,0.0,7800.0,23640.0,0.0,6120.0,0.0,0.0,0.0,4720.0,0.0,3240.0,6920.0,0.0,3080.0,0.0,0.0,0.0,0.0,3360.0,3040.0,0.0,3960.0,0.0,0.0,0.0,3640.0,0.0,64320.0,64720.0,0.0,180830.0,0.0,0.0,0.0,0.0,22000.0,3107345.0,0.0,10080.0,0.0,0.0,0.0,19920.0,0.0
2026-02-13T15:00:00+01:00,16160.0,19320.0,0.0,17520.0,0.0,0.0,0.0,0.0,7160.0,23720.0,22720.0,10520.0,0.0,0.0,0.0,20000.0,0.0,3440.0,4120.0,0.0,3040.0,0.0,0.0,0.0,0.0,4720.0,3040.0,3120.0,3760.0,0.0,0.0,0.0,3120.0,0.0,41400.0,82640.0,0.0,178780.0,0.0,0.0,0.0,0.0,18800.0,8346736.0,183680.0,19800.0,0.0,0.0,0.0,405850.0,0.0
2026-02-13T16:00:00+01:00,12520.0,19600.0,0.0,23000.0,13680.0,0.0,0.0,22800.0,0.0,23640.0,20600.0,13840.0,0.0,0.0,0.0,22080.0,11560.0,3240.0,3200.0,0.0,3040.0,13680.0,0.0,0.0,8280.0,0.0,3040.0,3040.0,4680.0,0.0,0.0,0.0,3040.0,10160.0,36920.0,84120.0,0.0,246580.0,13680.0,0.0,0.0,44320.0,0.0,7250655.0,108039.0,38399.0,0.0,0.0,0.0,244040.0,21720.0
2026-02-13T17:00:00+01:00,11200.0,17640.0,0.0,22640.0,0.0,0.0,0.0,17840.0,5920.0,23280.0,6120.0,9360.0,0.0,0.0,0.0,23480.0,0.0,3920.0,3480.0,0.0,3040.0,0.0,0.0,0.0,3760.0,3200.0,3040.0,6120.0,3120.0,0.0,0.0,0.0,3600.0,0.0,44080.0,84880.0,0.0,339600.0,0.0,0.0,0.0,133800.0,19360.0,5537886.0,6120.0,15680.0,0.0,0.0,0.0,331559.0,0.0
2026-02-13T18:00:00+01:00,16239.0,5760.0,6480.0,15840.0,8240.0,0.0,0.0,9880.0,3920.0,22920.0,0.0,0.0,0.0,0.0,0.0,0.0,21160.0,3040.0,3600.0,4000.0,3040.0,4920.0,0.0,0.0,3200.0,3040.0,3040.0,0.0,0.0,0.0,0.0,0.0,0.0,3280.0,69119.0,25400.0,14520.0,393029.0,19200.0,0.0,0.0,79640.0,6960.0,1763784.0,0.0,0.0,0.0,0.0,0.0,0.0,323240.0
2026-02-13T19:00:00+01:00,4040.0,6560.0,4000.0,18000.0,4040.0,0.0,0.0,0.0,0.0,22800.0,0.0,0.0,0.0,0.0,0.0,0.0,23160.0,4040.0,6560.0,4000.0,3160.0,3280.0,0.0,0.0,0.0,0.0,3040.0,0.0,0.0,0.0,0.0,0.0,0.0,3080.0,4040.0,6560.0,4000.0,431000.0,7320.0,0.0,0.0,0.0,0.0,893600.0,0.0,0.0,0.0,0.0,0.0,0.0,553080.0
2026-02-13T20:00:00+01:00,12240.0,0.0,0.0,22000.0,8840.0,0.0,0.0,0.0,0.0,23040.0,0.0,6560.0,0.0,0.0,0.0,0.0,22080.0,3240.0,0.0,0.0,3120.0,3080.0,0.0,0.0,0.0,0.0,3040.0,0.0,4680.0,0.0,0.0,0.0,0.0,3120.0,37680.0,0.0,0.0,1226030.0,48400.0,0.0,0.0,0.0,0.0,1908000.0,0.0,11240.0,0.0,0.0,0.0,0.0,764799.0
2026-02-13T21:00:00+01:00,14360.0,4960.0,22520.0,18640.0,0.0,0.0,0.0,22760.0,0.0,20880.0,0.0,10640.0,0.0,0.0,0.0,4120.0,20080.0,14360.0,3680.0,3240.0,3480.0,0.0,0.0,0.0,3200.0,0.0,3040.0,0.0,7640.0,0.0,0.0,0.0,4120.0,3040.0,14360.0,12640.0,85920.0,306920.0,0.0,0.0,0.0,495920.0,0.0,1056678.0,0.0,18280.0,0.0,0.0,0.0,4120.0,761200.0
2026-02-13T22:00:00+01:00,4000.0,10760.0,0.0,6960.0,0.0,0.0,0.0,0.0,0.0,21920.0,0.0,0.0,0.0,0.0,0.0,0.0,21120.0,4000.0,3360.0,0.0,3040.0,0.0,0.0,0.0,0.0,0.0,3040.0,0.0,0.0,0.0,0.0,0.0,0.0,19960.0,4000.0,28080.0,0.0,48040.0,0.0,0.0,0.0,0.0,0.0,1268080.0,0.0,0.0,0.0,0.0,0.0,0.0,41080.0
2026-02-13T23:00:00+01:00,11920.0,5200.0,0.0,17860.0,0.0,0.0,0.0,0.0,0.0,20320.0,0.0,0.0,0.0,0.0,0.0,0.0,0.0,3840.0,3600.0,0.0,3040.0,0.0,0.0,0.0,0.0,0.0,3040.0,0.0,0.0,0.0,0.0,0.0,0.0,0.0,60320.0,20840.0,0.0,245570.0,0.0,0.0,0.0,0.0,0.0,651317.0,0.0,0.0,0.0,0.0,0.0,0.0,0.0
2026-02-14T00:00:00+01:00,21480.0,8640.0,0.0,18400.0,0.0,0.0,0.0,0.0,6520.0,22600.0,6040.0,0.0,0.0,0.0,0.0,0.0,0.0,3240.0,3520.0,0.0,3120.0,0.0,0.0,0.0,0.0,6520.0,3040.0,3280.0,0.0,0.0,0.0,0.0,0.0,0.0,44480.0,36880.0,0.0,109920.0,0.0,0.0,0.0,0.0,6520.0,2801546.0,27480.0,0.0,0.0,0.0,0.0,0.0,0.0
2026-02-14T01:00:00+01:00,10200.0,11480.0,0.0,21080.0,0.0,0.0,0.0,0.0,5440.0,22800.0,4040.0,0.0,0.0,0.0,0.0,0.0,0.0,3120.0,8280.0,0.0,3440.0,0.0,0.0,0.0,0.0,5440.0,3040.0,3920.0,0.0,0.0,0.0,0.0,0.0,0.0,35080.0,19760.0,0.0,165780.0,0.0,0.0,0.0,0.0,5440.0,6276956.0,7960.0,0.0,0.0,0.0,0.0,0.0,0.0
2026-02-14T02:00:00+01:00,6800.0,12240.0,0.0,19320.0,0.0,0.0,0.0,3880.0,13240.0,22720.0,5680.0,0.0,0.0,0.0,0.0,4040.0,0.0,3200.0,8400.0,0.0,3080.0,0.0,0.0,0.0,3880.0,3120.0,3040.0,5680.0,0.0,0.0,0.0,0.0,4040.0,0.0,32320.0,20640.0,0.0,176119.0,0.0,0.0,0.0,3880.0,49840.0,5803677.0,5680.0,0.0,0.0,0.0,0.0,4040.0,0.0
2026-02-14T03:00:00+01:00,16680.0,0.0,0.0,6200.0,0.0,0.0,0.0,0.0,0.0,22440.0,0.0,0.0,0.0,0.0,0.0,0.0,0.0,3320.0,0.0,0.0,3040.0,0.0,0.0,0.0,0.0,0.0,3040.0,0.0,0.0,0.0,0.0,0.0,0.0,0.0,44480.0,0.0,0.0,23000.0,0.0,0.0,0.0,0.0,0.0,2439758.0,0.0,0.0,0.0,0.0,0.0,0.0,0.0
2026-02-14T04:00:00+01:00,12600.0,0.0,0.0,18960.0,0.0,0.0,0.0,21440.0,11120.0,22440.0,7480.0,0.0,0.0,0.0,0.0,0.0,0.0,3320.0,0.0,0.0,3080.0,0.0,0.0,0.0,3440.0,11120.0,3040.0,5760.0,0.0,0.0,0.0,0.0,0.0,0.0,37240.0,0.0,0.0,92640.0,0.0,0.0,0.0,227360.0,11120.0,1839237.0,13240.0,0.0,0.0,0.0,0.0,0.0,0.0
2026-02-14T05:00:00+01:00,17480.0,4040.0,0.0,18890.0,0.0,0.0,0.0,22280.0,0.0,22000.0,0.0,0.0,12400.0,0.0,0.0,0.0,0.0,17480.0,4040.0,0.0,3720.0,0.0,0.0,0.0,3560.0,0.0,3040.0,0.0,0.0,7840.0,0.0,0.0,0.0,0.0,17480.0,4040.0,0.0,63270.0,0.0,0.0,0.0,70480.0,0.0,995078.0,0.0,0.0,20240.0,0.0,0.0,0.0,0.0
2026-02-14T06:00:00+01:00,0.0,3480.0,0.0,0.0,0.0,0.0,0.0,0.0,0.0,22160.0,0.0,0.0,0.0,0.0,0.0,0.0,0.0,0.0,3480.0,0.0,0.0,0.0,0.0,0.0,0.0,0.0,3040.0,0.0,0.0,0.0,0.0,0.0,0.0,0.0,0.0,3480.0,0.0,0.0,0.0,0.0,0.0,0.0,0.0,983120.0,0.0,0.0,0.0,0.0,0.0,0.0,0.0
2026-02-14T07:00:00+01:00,0.0,10840.0,0.0,16040.0,0.0,0.0,0.0,0.0,13960.0,22040.0,0.0,0.0,0.0,0.0,0.0,13560.0,0.0,0.0,7760.0,0.0,3320.0,0.0,0.0,0.0,0.0,3560.0,3040.0,0.0,0.0,0.0,0.0,0.0,3560.0,0.0,0.0,27800.0,0.0,157760.0,0.0,0.0,0.0,0.0,73040.0,1073433.0,0.0,0.0,0.0,0.0,0.0,21120.0,0.0
2026-02-14T08:00:00+01:00,19200.0,0.0,0.0,15600.0,0.0,0.0,0.0,14240.0,0.0,22200.0,0.0,0.0,0.0,0.0,0.0,3920.0,0.0,3360.0,0.0,0.0,3040.0,0.0,0.0,0.0,4520.0,0.0,3040.0,0.0,0.0,0.0,0.0,0.0,3040.0,0.0,149080.0,0.0,0.0,278280.0,0.0,0.0,0.0,26560.0,0.0,1188558.0,0.0,0.0,0.0,0.0,0.0,10040.0,0.0
2026-02-14T09:00:00+01:00,15480.0,10800.0,0.0,22000.0,0.0,0.0,0.0,5320.0,9240.0,22080.0,6840.0,0.0,0.0,0.0,0.0,19920.0,0.0,3080.0,3520.0,0.0,3040.0,0.0,0.0,0.0,3800.0,9240.0,3040.0,3840.0,0.0,0.0,0.0,0.0,3320.0,0.0,224760.0,18520.0,0.0,1242559.0,0.0,0.0,0.0,9120.0,9240.0,2012439.0,10680.0,0.0,0.0,0.0,0.0,62440.0,0.0
2026-02-14T10:00:00+01:00,21640.0,20000.0,0.0,20000.0,0.0,0.0,0.0,13000.0,0.0,22280.0,15400.0,4560.0,0.0,0.0,0.0,13400.0,0.0,3440.0,3080.0,0.0,3120.0,0.0,0.0,0.0,5200.0,0.0,3040.0,4560.0,4560.0,0.0,0.0,0.0,3040.0,0.0,166040.0,117080.0,0.0,686000.0,0.0,0.0,0.0,18200.0,0.0,2985438.0,47960.0,4560.0,0.0,0.0,0.0,207880.0,0.0
2026-02-14T11:00:00+01:00,17480.0,14000.0,0.0,20000.0,0.0,0.0,0.0,17320.0,0.0,22280.0,3360.0,0.0,0.0,0.0,0.0,18760.0,0.0,5800.0,3360.0,0.0,3040.0,0.0,0.0,0.0,3120.0,0.0,3040.0,3360.0,0.0,0.0,0.0,0.0,4040.0,0.0,52839.0,69400.0,0.0,340470.0,0.0,0.0,0.0,141640.0,0.0,4172752.0,3360.0,0.0,0.0,0.0,0.0,59680.0,0.0
2026-02-14T12:00:00+01:00,15000.0,12480.0,8960.0,21720.0,0.0,0.0,0.0,8640.0,0.0,21800.0,15280.0,0.0,0.0,0.0,0.0,15960.0,0.0,3400.0,5720.0,3120.0,3040.0,0.0,0.0,0.0,3520.0,0.0,3040.0,3440.0,0.0,0.0,0.0,0.0,3160.0,0.0,103440.0,50120.0,44600.0,297349.0,0.0,0.0,0.0,16600.0,0.0,2621437.0,99440.0,0.0,0.0,0.0,0.0,150600.0,0.0
2026-02-14T13:00:00+01:00,13160.0,11640.0,0.0,20560.0,0.0,0.0,0.0,0.0,0.0,22080.0,11040.0,8360.0,0.0,0.0,0.0,18040.0,0.0,3240.0,3800.0,0.0,3040.0,0.0,0.0,0.0,0.0,0.0,3040.0,5720.0,8360.0,0.0,0.0,0.0,3120.0,0.0,59440.0,60840.0,0.0,440060.0,0.0,0.0,0.0,0.0,0.0,8347743.0,31720.0,8360.0,0.0,0.0,0.0,188358.0,0.0
2026-02-14T14:00:00+01:00,13800.0,15000.0,0.0,21280.0,0.0,0.0,0.0,14400.0,0.0,22040.0,8400.0,6080.0,0.0,0.0,0.0,22000.0,0.0,3040.0,4320.0,0.0,3040.0,0.0,0.0,0.0,3120.0,0.0,3040.0,3760.0,4160.0,0.0,0.0,0.0,3040.0,0.0,121600.0,89360.0,0.0,708019.0,0.0,0.0,0.0,17520.0,0.0,7511244.0,67640.0,10240.0,0.0,0.0,0.0,442000.0,0.0
2026-02-14T15:00:00+01:00,14280.0,8760.0,0.0,21680.0,0.0,0.0,0.0,14520.0,0.0,21960.0,10640.0,8080.0,0.0,0.0,0.0,19680.0,0.0,3040.0,3320.0,0.0,3080.0,0.0,0.0,0.0,3920.0,0.0,3040.0,3080.0,5040.0,0.0,0.0,0.0,3640.0,0.0,49120.0,71520.0,0.0,718770.0,0.0,0.0,0.0,57480.0,0.0,5997346.0,29960.0,13120.0,0.0,0.0,0.0,77640.0,0.0
2026-02-14T16:00:00+01:00,16560.0,14760.0,0.0,19960.0,0.0,0.0,0.0,0.0,0.0,21440.0,17040.0,5400.0,0.0,0.0,0.0,13560.0,0.0,3280.0,5040.0,0.0,3040.0,0.0,0.0,0.0,0.0,0.0,3040.0,3440.0,5400.0,0.0,0.0,0.0,3920.0,0.0,26520.0,43720.0,0.0,604720.0,0.0,0.0,0.0,0.0,0.0,3556087.0,46560.0,5400.0,0.0,0.0,0.0,26080.0,0.0
2026-02-14T17:00:00+01:00,15840.0,12040.0,0.0,21680.0,0.0,0.0,0.0,0.0,0.0,21520.0,6640.0,4320.0,0.0,0.0,0.0,0.0,5040.0,3040.0,3440.0,0.0,3160.0,0.0,0.0,0.0,0.0,0.0,3040.0,3280.0,4320.0,0.0,0.0,0.0,0.0,5040.0,88040.0,62600.0,0.0,287520.0,0.0,0.0,0.0,0.0,0.0,1918959.0,28800.0,4320.0,0.0,0.0,0.0,0.0,5040.0
2026-02-14T18:00:00+01:00,14920.0,5160.0,0.0,21120.0,0.0,0.0,0.0,0.0,0.0,21480.0,0.0,0.0,0.0,0.0,0.0,0.0,0.0,3120.0,3160.0,0.0,3040.0,0.0,0.0,0.0,0.0,0.0,3040.0,0.0,0.0,0.0,0.0,0.0,0.0,0.0,222920.0,16400.0,0.0,640120.0,0.0,0.0,0.0,0.0,0.0,1914318.0,0.0,0.0,0.0,0.0,0.0,0.0,0.0
2026-02-14T19:00:00+01:00,19840.0,8400.0,0.0,18960.0,0.0,0.0,0.0,0.0,0.0,21680.0,0.0,0.0,0.0,0.0,0.0,0.0,0.0,3120.0,3240.0,0.0,3040.0,0.0,0.0,0.0,0.0,0.0,3040.0,0.0,0.0,0.0,0.0,0.0,0.0,0.0,151680.0,46920.0,0.0,955440.0,0.0,0.0,0.0,0.0,0.0,5066660.0,0.0,0.0,0.0,0.0,0.0,0.0,0.0
2026-02-14T20:00:00+01:00,19320.0,20320.0,0.0,18750.0,0.0,0.0,0.0,0.0,0.0,21560.0,16760.0,0.0,0.0,0.0,0.0,0.0,0.0,3080.0,3200.0,0.0,3040.0,0.0,0.0,0.0,0.0,0.0,3040.0,16760.0,0.0,0.0,0.0,0.0,0.0,0.0,75680.0,128040.0,0.0,278870.0,0.0,0.0,0.0,0.0,0.0,2943147.0,16760.0,0.0,0.0,0.0,0.0,0.0,0.0
2026-02-14T21:00:00+01:00,9640.0,10840.0,0.0,15940.0,0.0,0.0,0.0,21600.0,0.0,21560.0,0.0,0.0,0.0,0.0,0.0,0.0,0.0,6440.0,5400.0,0.0,3160.0,0.0,0.0,0.0,3040.0,0.0,3040.0,0.0,0.0,0.0,0.0,0.0,0.0,0.0,23440.0,36920.0,0.0,125820.0,0.0,0.0,0.0,101880.0,0.0,1295639.0,0.0,0.0,0.0,0.0,0.0,0.0,0.0
2026-02-14T22:00:00+01:00,13800.0,7960.0,0.0,7280.0,0.0,0.0,0.0,18040.0,0.0,21280.0,0.0,0.0,0.0,0.0,0.0,0.0,0.0,5480.0,3040.0,0.0,3040.0,0.0,0.0,0.0,3440.0,0.0,3040.0,0.0,0.0,0.0,0.0,0.0,0.0,0.0,24920.0,17720.0,0.0,69440.0,0.0,0.0,0.0,187800.0,0.0,1089959.0,0.0,0.0,0.0,0.0,0.0,0.0,0.0
2026-02-14T23:00:00+01:00,10400.0,9640.0,0.0,17880.0,0.0,0.0,0.0,11840.0,3280.0,21120.0,10920.0,0.0,0.0,0.0,0.0,4120.0,0.0,3440.0,3040.0,0.0,3040.0,0.0,0.0,0.0,3080.0,3280.0,3040.0,3360.0,0.0,0.0,0.0,0.0,4120.0,0.0,27680.0,37360.0,0.0,104520.0,0.0,0.0,0.0,95960.0,3280.0,862480.0,19880.0,0.0,0.0,0.0,0.0,4120.0,0.0
2026-02-15T00:00:00+01:00,7480.0,3960.0,0.0,16040.0,0.0,0.0,0.0,21200.0,0.0,21080.0,0.0,0.0,0.0,0.0,0.0,10480.0,0.0,7480.0,3760.0,0.0,3040.0,0.0,0.0,0.0,3160.0,0.0,3040.0,0.0,0.0,0.0,0.0,0.0,10480.0,0.0,7480.0,7720.0,0.0,143030.0,0.0,0.0,0.0,1124840.0,0.0,2491519.0,0.0,0.0,0.0,0.0,0.0,10480.0,0.0
2026-02-15T01:00:00+01:00,17960.0,9440.0,0.0,19280.0,0.0,0.0,0.0,21200.0,0.0,21240.0,3720.0,5480.0,0.0,0.0,0.0,18000.0,0.0,5200.0,7240.0,0.0,3400.0,0.0,0.0,0.0,3040.0,0.0,3040.0,3720.0,5480.0,0.0,0.0,0.0,18000.0,0.0,23160.0,25760.0,0.0,236139.0,0.0,0.0,0.0,719800.0,0.0,3959033.0,3720.0,5480.0,0.0,0.0,0.0,18000.0,0.0
2026-02-15T02:00:00+01:00,18640.0,9840.0,0.0,15200.0,0.0,0.0,0.0,19000.0,0.0,21240.0,6480.0,0.0,0.0,0.0,0.0,0.0,0.0,4280.0,3040.0,0.0,3120.0,0.0,0.0,0.0,3040.0,0.0,3040.0,3280.0,0.0,0.0,0.0,0.0,0.0,0.0,50120.0,58760.0,0.0,35240.0,0.0,0.0,0.0,877079.0,0.0,3079479.0,15120.0,0.0,0.0,0.0,0.0,0.0,0.0
2026-02-15T03:00:00+01:00,3840.0,13000.0,5440.0,20440.0,0.0,0.0,0.0,20360.0,0.0,21160.0,5560.0,0.0,0.0,0.0,0.0,0.0,0.0,3840.0,3040.0,5440.0,3040.0,0.0,0.0,0.0,3040.0,0.0,3040.0,3440.0,0.0,0.0,0.0,0.0,0.0,0.0,3840.0,48920.0,5440.0,163180.0,0.0,0.0,0.0,478720.0,0.0,1728475.0,14240.0,0.0,0.0,0.0,0.0,0.0,0.0
2026-02-15T04:00:00+01:00,12320.0,10520.0,0.0,18880.0,0.0,0.0,0.0,20840.0,0.0,20440.0,12040.0,0.0,0.0,0.0,0.0,8240.0,0.0,3360.0,3040.0,0.0,3040.0,0.0,0.0,0.0,3040.0,0.0,3040.0,11520.0,0.0,0.0,0.0,0.0,3320.0,0.0,20120.0,80200.0,0.0,141239.0,0.0,0.0,0.0,293240.0,0.0,1694239.0,23560.0,0.0,0.0,0.0,0.0,18280.0,0.0
2026-02-15T05:00:00+01:00,20840.0,5600.0,0.0,7040.0,0.0,0.0,0.0,20560.0,12280.0,20840.0,11600.0,0.0,18200.0,0.0,0.0,11760.0,0.0,3520.0,4560.0,0.0,5480.0,0.0,0.0,0.0,3120.0,5560.0,3040.0,3960.0,0.0,3400.0,0.0,0.0,6800.0,0.0,87760.0,10160.0,0.0,18480.0,0.0,0.0,0.0,84040.0,17840.0,915698.0,15560.0,0.0,35320.0,0.0,0.0,18560.0,0.0
2026-02-15T06:00:00+01:00,0.0,0.0,3720.0,4040.0,0.0,0.0,0.0,0.0,0.0,18440.0,0.0,0.0,0.0,0.0,0.0,0.0,0.0,0.0,0.0,3720.0,3040.0,0.0,0.0,0.0,0.0,0.0,3040.0,0.0,0.0,0.0,0.0,0.0,0.0,0.0,0.0,0.0,3720.0,70720.0,0.0,0.0,0.0,0.0,0.0,265160.0,0.0,0.0,0.0,0.0,0.0,0.0,0.0
2026-02-15T07:00:00+01:00,4240.0,11880.0,0.0,20000.0,0.0,0.0,0.0,0.0,0.0,19320.0,0.0,9560.0,0.0,0.0,0.0,12560.0,0.0,4240.0,9040.0,0.0,3040.0,0.0,0.0,0.0,0.0,0.0,3040.0,0.0,9560.0,0.0,0.0,0.0,4760.0,0.0,4240.0,20920.0,0.0,1070060.0,0.0,0.0,0.0,0.0,0.0,976920.0,0.0,9560.0,0.0,0.0,0.0,17320.0,0.0
2026-02-15T08:00:00+01:00,15360.0,9400.0,0.0,18040.0,0.0,0.0,0.0,4400.0,0.0,21040.0,18440.0,0.0,0.0,0.0,0.0,0.0,0.0,3520.0,3320.0,0.0,3040.0,0.0,0.0,0.0,4400.0,0.0,3040.0,18440.0,0.0,0.0,0.0,0.0,0.0,0.0,23720.0,20720.0,0.0,1011079.0,0.0,0.0,0.0,4400.0,0.0,975298.0,18440.0,0.0,0.0,0.0,0.0,0.0,0.0
2026-02-15T09:00:00+01:00,16440.0,13960.0,0.0,16040.0,0.0,0.0,0.0,0.0,4680.0,18640.0,3040.0,0.0,0.0,0.0,0.0,0.0,0.0,3560.0,3280.0,0.0,3280.0,0.0,0.0,0.0,0.0,4680.0,3040.0,3040.0,0.0,0.0,0.0,0.0,0.0,0.0,47360.0,17240.0,0.0,651720.0,0.0,0.0,0.0,0.0,4680.0,1286118.0,3040.0,0.0,0.0,0.0,0.0,0.0,0.0
2026-02-15T10:00:00+01:00,20480.0,12640.0,0.0,20000.0,0.0,0.0,0.0,0.0,6240.0,20800.0,18080.0,17520.0,0.0,0.0,0.0,6880.0,10720.0,3040.0,3200.0,0.0,3040.0,0.0,0.0,0.0,0.0,6240.0,3040.0,3440.0,3400.0,0.0,0.0,0.0,4200.0,3720.0,196639.0,61239.0,0.0,399390.0,0.0,0.0,0.0,0.0,6240.0,1206540.0,72800.0,95040.0,0.0,0.0,0.0,11080.0,14440.0
2026-02-15T11:00:00+01:00,14880.0,13360.0,0.0,16040.0,0.0,0.0,0.0,0.0,0.0,20560.0,11080.0,13600.0,0.0,0.0,0.0,6000.0,0.0,4800.0,8600.0,0.0,3240.0,0.0,0.0,0.0,0.0,0.0,3040.0,3240.0,4200.0,0.0,0.0,0.0,3040.0,0.0,43320.0,33360.0,0.0,176670.0,0.0,0.0,0.0,0.0,0.0,812879.0,22880.0,17800.0,0.0,0.0,0.0,29280.0,0.0
2026-02-15T12:00:00+01:00,16600.0,13160.0,0.0,7440.0,0.0,0.0,0.0,0.0,8640.0,20720.0,19240.0,14160.0,0.0,0.0,0.0,6760.0,16600.0,3240.0,3280.0,0.0,3040.0,0.0,0.0,0.0,0.0,3360.0,3040.0,5040.0,3520.0,0.0,0.0,0.0,3360.0,16600.0,80760.0,85760.0,0.0,118000.0,0.0,0.0,0.0,0.0,19800.0,3246149.0,155360.0,23440.0,0.0,0.0,0.0,50200.0,16600.0
2026-02-15T13:00:00+01:00,13360.0,9760.0,0.0,11440.0,0.0,0.0,0.0,0.0,8560.0,20800.0,8840.0,0.0,0.0,0.0,0.0,4160.0,3200.0,3120.0,3120.0,0.0,3040.0,0.0,0.0,0.0,0.0,8560.0,3040.0,7000.0,0.0,0.0,0.0,0.0,3280.0,3200.0,78630.0,55000.0,0.0,143560.0,0.0,0.0,0.0,0.0,8560.0,5727945.0,23120.0,0.0,0.0,0.0,0.0,11240.0,3200.0
2026-02-15T14:00:00+01:00,18120.0,10880.0,0.0,16520.0,13480.0,0.0,0.0,0.0,10640.0,20710.0,16160.0,10160.0,0.0,0.0,0.0,3840.0,0.0,4000.0,3160.0,0.0,3040.0,5640.0,0.0,0.0,0.0,4040.0,3040.0,3440.0,3600.0,0.0,0.0,0.0,3840.0,0.0,26920.0,105560.0,0.0,231079.0,19120.0,0.0,0.0,0.0,14680.0,3724775.0,97359.0,18160.0,0.0,0.0,0.0,3840.0,0.0
2026-02-15T15:00:00+01:00,5760.0,17800.0,0.0,12800.0,0.0,0.0,0.0,0.0,3160.0,20520.0,18640.0,4920.0,0.0,0.0,0.0,11800.0,0.0,4240.0,3320.0,0.0,3160.0,0.0,0.0,0.0,0.0,3160.0,3040.0,3280.0,4720.0,0.0,0.0,0.0,3640.0,0.0,20040.0,68800.0,0.0,145440.0,0.0,0.0,0.0,0.0,3160.0,2554288.0,28400.0,9640.0,0.0,0.0,0.0,28200.0,0.0
2026-02-15T16:00:00+01:00,11360.0,12320.0,0.0,16720.0,0.0,0.0,0.0,0.0,8560.0,20480.0,11640.0,3720.0,0.0,0.0,0.0,7760.0,0.0,3320.0,3680.0,0.0,3360.0,0.0,0.0,0.0,0.0,8560.0,3040.0,3520.0,3720.0,0.0,0.0,0.0,3280.0,0.0,25240.0,75159.0,0.0,155250.0,0.0,0.0,0.0,0.0,8560.0,2099718.0,58400.0,3720.0,0.0,0.0,0.0,24440.0,0.0
2026-02-15T17:00:00+01:00,11520.0,18720.0,0.0,16440.0,0.0,0.0,0.0,0.0,0.0,20480.0,14200.0,7160.0,0.0,0.0,0.0,6240.0,0.0,3040.0,3120.0,0.0,3040.0,0.0,0.0,0.0,0.0,0.0,3040.0,3560.0,4360.0,0.0,0.0,0.0,6240.0,0.0,66000.0,104680.0,0.0,282690.0,0.0,0.0,0.0,0.0,0.0,885988.0,53720.0,11520.0,0.0,0.0,0.0,6240.0,0.0
2026-02-15T18:00:00+01:00,10240.0,16440.0,9720.0,15840.0,0.0,0.0,0.0,0.0,18760.0,20440.0,0.0,0.0,0.0,0.0,0.0,0.0,0.0,3160.0,3040.0,3080.0,3040.0,0.0,0.0,0.0,0.0,4560.0,3040.0,0.0,0.0,0.0,0.0,0.0,0.0,0.0,47120.0,163920.0,34520.0,463639.0,0.0,0.0,0.0,0.0,32400.0,2066638.0,0.0,0.0,0.0,0.0,0.0,0.0,0.0
2026-02-15T19:00:00+01:00,12400.0,19560.0,10000.0,18080.0,0.0,0.0,0.0,0.0,4960.0,20120.0,9080.0,0.0,0.0,0.0,0.0,0.0,0.0,3080.0,3040.0,3320.0,3040.0,0.0,0.0,0.0,0.0,3320.0,3040.0,9080.0,0.0,0.0,0.0,0.0,0.0,0.0,63120.0,370079.0,110480.0,593940.0,0.0,0.0,0.0,0.0,8280.0,1939320.0,9080.0,0.0,0.0,0.0,0.0,0.0,0.0
2026-02-15T20:00:00+01:00,6760.0,18440.0,7920.0,16040.0,0.0,0.0,0.0,0.0,8000.0,19000.0,0.0,0.0,0.0,0.0,0.0,0.0,0.0,3080.0,3200.0,3240.0,3080.0,0.0,0.0,0.0,0.0,4640.0,3040.0,0.0,0.0,0.0,0.0,0.0,0.0,0.0,22360.0,179200.0,92800.0,600040.0,0.0,0.0,0.0,0.0,20080.0,1184317.0,0.0,0.0,0.0,0.0,0.0,0.0,0.0
2026-02-15T21:00:00+01:00,17240.0,9440.0,6160.0,15440.0,0.0,0.0,0.0,0.0,0.0,18640.0,0.0,0.0,0.0,0.0,0.0,0.0,0.0,3240.0,3800.0,3400.0,3040.0,0.0,0.0,0.0,0.0,0.0,3040.0,0.0,0.0,0.0,0.0,0.0,0.0,0.0,31640.0,18000.0,66520.0,460120.0,0.0,0.0,0.0,0.0,0.0,480360.0,0.0,0.0,0.0,0.0,0.0,0.0,0.0
2026-02-15T22:00:00+01:00,6240.0,4800.0,11800.0,14360.0,0.0,0.0,0.0,0.0,0.0,17840.0,0.0,0.0,0.0,0.0,0.0,0.0,0.0,5240.0,4800.0,3080.0,3160.0,0.0,0.0,0.0,0.0,0.0,3040.0,0.0,0.0,0.0,0.0,0.0,0.0,0.0,17440.0,4800.0,130839.0,373720.0,0.0,0.0,0.0,0.0,0.0,206080.0,0.0,0.0,0.0,0.0,0.0,0.0,0.0
2026-02-15T23:00:00+01:00,0.0,0.0,12240.0,17960.0,0.0,0.0,0.0,3200.0,0.0,13920.0,0.0,0.0,0.0,0.0,0.0,0.0,0.0,0.0,0.0,3080.0,3600.0,0.0,0.0,0.0,3040.0,0.0,3040.0,0.0,0.0,0.0,0.0,0.0,0.0,0.0,0.0,0.0,97520.0,294879.0,0.0,0.0,0.0,6240.0,0.0,274910.0,0.0,0.0,0.0,0.0,0.0,0.0,0.0
2026-02-16T00:00:00+01:00,8760.0,0.0,4000.0,7960.0,0.0,0.0,0.0,0.0,5400.0,19280.0,0.0,0.0,0.0,0.0,0.0,0.0,0.0,3080.0,0.0,4000.0,3160.0,0.0,0.0,0.0,0.0,5400.0,3040.0,0.0,0.0,0.0,0.0,0.0,0.0,0.0,137680.0,0.0,8000.0,94760.0,0.0,0.0,0.0,0.0,5400.0,1356000.0,0.0,0.0,0.0,0.0,0.0,0.0,0.0
2026-02-16T01:00:00+01:00,7920.0,0.0,0.0,15360.0,6400.0,0.0,0.0,6400.0,0.0,18040.0,0.0,0.0,0.0,0.0,0.0,0.0,0.0,3080.0,0.0,0.0,3040.0,3880.0,0.0,0.0,6400.0,0.0,3040.0,0.0,0.0,0.0,0.0,0.0,0.0,0.0,74440.0,0.0,0.0,134510.0,10280.0,0.0,0.0,6400.0,0.0,867518.0,0.0,0.0,0.0,0.0,0.0,0.0,0.0
2026-02-16T02:00:00+01:00,6240.0,0.0,0.0,10840.0,0.0,0.0,0.0,0.0,0.0,14000.0,0.0,0.0,0.0,0.0,0.0,0.0,0.0,3040.0,0.0,0.0,3040.0,0.0,0.0,0.0,0.0,0.0,3080.0,0.0,0.0,0.0,0.0,0.0,0.0,0.0,17640.0,0.0,0.0,299880.0,0.0,0.0,0.0,0.0,0.0,428920.0,0.0,0.0,0.0,0.0,0.0,0.0,0.0
2026-02-16T03:00:00+01:00,0.0,4240.0,10000.0,14440.0,4800.0,0.0,0.0,10240.0,0.0,18920.0,0.0,0.0,0.0,0.0,0.0,0.0,0.0,0.0,4240.0,3800.0,3080.0,3280.0,0.0,0.0,3120.0,0.0,3040.0,0.0,0.0,0.0,0.0,0.0,0.0,0.0,0.0,4240.0,13800.0,222640.0,20200.0,0.0,0.0,35080.0,0.0,329478.0,0.0,0.0,0.0,0.0,0.0,0.0,0.0
2026-02-16T04:00:00+01:00,0.0,0.0,0.0,7960.0,5720.0,0.0,0.0,0.0,0.0,14160.0,0.0,0.0,0.0,0.0,0.0,0.0,0.0,0.0,0.0,0.0,3160.0,3280.0,0.0,0.0,0.0,0.0,3120.0,0.0,0.0,0.0,0.0,0.0,0.0,0.0,0.0,0.0,0.0,89370.0,12320.0,0.0,0.0,0.0,0.0,246279.0,0.0,0.0,0.0,0.0,0.0,0.0,0.0
2026-02-16T05:00:00+01:00,0.0,3960.0,0.0,8160.0,5360.0,0.0,0.0,12560.0,0.0,20000.0,0.0,0.0,0.0,0.0,0.0,0.0,0.0,0.0,3960.0,0.0,3160.0,4040.0,0.0,0.0,3120.0,0.0,3120.0,0.0,0.0,0.0,0.0,0.0,0.0,0.0,0.0,3960.0,0.0,134950.0,9400.0,0.0,0.0,61640.0,0.0,498840.0,0.0,0.0,0.0,0.0,0.0,0.0,0.0
2026-02-16T06:00:00+01:00,11080.0,7840.0,16920.0,19640.0,0.0,0.0,0.0,15320.0,0.0,19240.0,0.0,0.0,0.0,0.0,0.0,9320.0,0.0,5440.0,7840.0,3160.0,3040.0,0.0,0.0,0.0,4600.0,0.0,3040.0,0.0,0.0,0.0,0.0,0.0,4080.0,0.0,23480.0,7840.0,602720.0,1627476.0,0.0,0.0,0.0,47040.0,0.0,696679.0,0.0,0.0,0.0,0.0,0.0,21000.0,0.0
2026-02-16T07:00:00+01:00,5640.0,16600.0,12280.0,18840.0,0.0,0.0,0.0,12840.0,6680.0,19840.0,16920.0,0.0,9840.0,0.0,0.0,17440.0,4160.0,4080.0,3520.0,3120.0,3040.0,0.0,0.0,0.0,3760.0,6680.0,3040.0,3760.0,0.0,3280.0,0.0,0.0,3120.0,4160.0,14760.0,144680.0,72800.0,496858.0,0.0,0.0,0.0,28240.0,6680.0,2157197.0,95200.0,0.0,17960.0,0.0,0.0,222840.0,4160.0
2026-02-16T08:00:00+01:00,9760.0,15200.0,0.0,18040.0,0.0,0.0,0.0,17560.0,0.0,19680.0,10840.0,0.0,0.0,0.0,0.0,14440.0,0.0,9680.0,5080.0,0.0,3040.0,0.0,0.0,0.0,4320.0,0.0,3040.0,3080.0,0.0,0.0,0.0,0.0,3120.0,0.0,19440.0,78280.0,0.0,215000.0,0.0,0.0,0.0,38040.0,0.0,3457247.0,37120.0,0.0,0.0,0.0,0.0,86220.0,0.0
2026-02-16T09:00:00+01:00,10760.0,17680.0,0.0,19480.0,0.0,0.0,0.0,0.0,0.0,19640.0,8840.0,5560.0,0.0,0.0,0.0,19000.0,0.0,3640.0,5000.0,0.0,3030.0,0.0,0.0,0.0,0.0,0.0,3040.0,3280.0,4760.0,0.0,0.0,0.0,3520.0,0.0,30280.0,82480.0,0.0,148360.0,0.0,0.0,0.0,0.0,0.0,2394345.0,31240.0,10320.0,0.0,0.0,0.0,102880.0,0.0
2026-02-16T10:00:00+01:00,6920.0,14040.0,0.0,19640.0,0.0,0.0,0.0,11120.0,6760.0,19760.0,15120.0,13840.0,0.0,0.0,0.0,17600.0,0.0,4040.0,3080.0,0.0,3040.0,0.0,0.0,0.0,3200.0,3560.0,3040.0,3600.0,3120.0,0.0,0.0,0.0,3040.0,0.0,27320.0,48320.0,0.0,255420.0,0.0,0.0,0.0,49600.0,14760.0,1389868.0,38800.0,167480.0,0.0,0.0,0.0,126640.0,0.0
2026-02-16T11:00:00+01:00,9840.0,15080.0,0.0,17760.0,0.0,0.0,0.0,9480.0,17880.0,19600.0,7760.0,15280.0,0.0,0.0,0.0,16720.0,9040.0,3520.0,3560.0,0.0,3120.0,0.0,0.0,0.0,3160.0,3040.0,3040.0,3400.0,15280.0,0.0,0.0,0.0,3040.0,9040.0,29920.0,125200.0,0.0,178850.0,0.0,0.0,0.0,27600.0,25080.0,880899.0,16640.0,15280.0,0.0,0.0,0.0,85920.0,9040.0
2026-02-16T12:00:00+01:00,18040.0,17560.0,0.0,19040.0,0.0,0.0,0.0,6040.0,0.0,19520.0,13520.0,3680.0,0.0,0.0,0.0,19440.0,0.0,3040.0,4040.0,0.0,3040.0,0.0,0.0,0.0,6040.0,0.0,3040.0,3240.0,3040.0,0.0,0.0,0.0,3560.0,0.0,514680.0,85480.0,0.0,1143699.0,0.0,0.0,0.0,6040.0,0.0,2928095.0,45200.0,10280.0,0.0,0.0,0.0,164920.0,0.0
2026-02-16T13:00:00+01:00,13640.0,18840.0,0.0,18000.0,0.0,0.0,0.0,0.0,12360.0,19400.0,15240.0,5000.0,0.0,0.0,0.0,16239.0,14680.0,3040.0,3160.0,0.0,3040.0,0.0,0.0,0.0,0.0,12360.0,3040.0,3360.0,5000.0,0.0,0.0,0.0,3280.0,14680.0,583480.0,93480.0,0.0,611850.0,0.0,0.0,0.0,0.0,12360.0,3461653.0,89480.0,5000.0,0.0,0.0,0.0,98639.0,14680.0
2026-02-16T14:00:00+01:00,12360.0,16920.0,0.0,19360.0,0.0,0.0,0.0,5360.0,3680.0,19280.0,7440.0,4240.0,0.0,0.0,0.0,16720.0,0.0,3080.0,3320.0,0.0,3040.0,0.0,0.0,0.0,5360.0,3680.0,3040.0,3280.0,4240.0,0.0,0.0,0.0,3960.0,0.0,298879.0,123160.0,0.0,540858.0,0.0,0.0,0.0,5360.0,3680.0,2180545.0,48720.0,4240.0,0.0,0.0,0.0,62280.0,0.0
2026-02-16T15:00:00+01:00,14080.0,16040.0,0.0,18000.0,0.0,0.0,0.0,0.0,0.0,18240.0,14720.0,3840.0,0.0,0.0,0.0,7440.0,13160.0,3040.0,3200.0,0.0,3040.0,0.0,0.0,0.0,0.0,0.0,3040.0,3080.0,3840.0,0.0,0.0,0.0,3080.0,7840.0,176440.0,172040.0,0.0,422020.0,0.0,0.0,0.0,0.0,0.0,774790.0,109440.0,3840.0,0.0,0.0,0.0,59080.0,21000.0
2026-02-16T16:00:00+01:00,10680.0,12920.0,9080.0,18440.0,0.0,0.0,0.0,8840.0,9040.0,19360.0,13440.0,16600.0,0.0,0.0,0.0,18000.0,0.0,3040.0,4640.0,9080.0,3040.0,0.0,0.0,0.0,4480.0,9040.0,3040.0,3080.0,3040.0,0.0,0.0,0.0,3200.0,0.0,155680.0,128240.0,9080.0,741176.0,0.0,0.0,0.0,25120.0,9040.0,4664893.0,266160.0,217240.0,0.0,0.0,0.0,300000.0,0.0
2026-02-16T17:00:00+01:00,15920.0,17280.0,3920.0,19120.0,9960.0,0.0,0.0,0.0,4560.0,19120.0,13480.0,14040.0,0.0,0.0,0.0,18000.0,0.0,3040.0,3120.0,3920.0,3040.0,9960.0,0.0,0.0,0.0,4560.0,3040.0,3280.0,3080.0,0.0,0.0,0.0,3240.0,0.0,301520.0,82960.0,3920.0,931388.0,9960.0,0.0,0.0,0.0,4560.0,4500237.0,204479.0,147960.0,0.0,0.0,0.0,339600.0,0.0
2026-02-16T18:00:00+01:00,12240.0,16239.0,19240.0,17720.0,4040.0,0.0,0.0,6320.0,0.0,19040.0,0.0,0.0,0.0,0.0,0.0,0.0,0.0,3080.0,3040.0,3120.0,3040.0,3040.0,0.0,0.0,4720.0,0.0,3040.0,0.0,0.0,0.0,0.0,0.0,0.0,0.0,73080.0,83279.0,182077.0,297210.0,7080.0,0.0,0.0,11040.0,0.0,3079154.0,0.0,0.0,0.0,0.0,0.0,0.0,0.0
2026-02-16T19:00:00+01:00,9560.0,9840.0,0.0,10720.0,13320.0,0.0,0.0,13720.0,0.0,19200.0,18640.0,5920.0,0.0,0.0,0.0,0.0,0.0,3200.0,3160.0,0.0,3320.0,3560.0,0.0,0.0,3160.0,0.0,3040.0,5680.0,5920.0,0.0,0.0,0.0,0.0,0.0,27760.0,78880.0,0.0,50800.0,71440.0,0.0,0.0,26640.0,0.0,2359876.0,24320.0,5920.0,0.0,0.0,0.0,0.0,0.0
2026-02-16T20:00:00+01:00,14600.0,4480.0,0.0,13040.0,4360.0,0.0,0.0,0.0,0.0,18000.0,0.0,0.0,0.0,0.0,0.0,3080.0,0.0,4920.0,3080.0,0.0,3040.0,3840.0,0.0,0.0,0.0,0.0,3040.0,0.0,0.0,0.0,0.0,0.0,3080.0,0.0,26640.0,14920.0,0.0,82230.0,8200.0,0.0,0.0,0.0,0.0,866279.0,0.0,0.0,0.0,0.0,0.0,3080.0,0.0
2026-02-16T21:00:00+01:00,4880.0,9520.0,0.0,7840.0,0.0,0.0,0.0,0.0,0.0,19080.0,0.0,0.0,0.0,0.0,0.0,4560.0,0.0,3160.0,3880.0,0.0,3040.0,0.0,0.0,0.0,0.0,0.0,3040.0,0.0,0.0,0.0,0.0,0.0,4560.0,0.0,8040.0,19920.0,0.0,52970.0,0.0,0.0,0.0,0.0,0.0,518040.0,0.0,0.0,0.0,0.0,0.0,4560.0,0.0
2026-02-16T22:00:00+01:00,5800.0,0.0,0.0,6480.0,0.0,0.0,0.0,0.0,0.0,19080.0,0.0,0.0,0.0,0.0,0.0,0.0,0.0,4160.0,0.0,0.0,3080.0,0.0,0.0,0.0,0.0,0.0,3040.0,0.0,0.0,0.0,0.0,0.0,0.0,0.0,9960.0,0.0,0.0,113840.0,0.0,0.0,0.0,0.0,0.0,3025556.0,0.0,0.0,0.0,0.0,0.0,0.0,0.0
2026-02-16T23:00:00+01:00,0.0,5800.0,0.0,6080.0,0.0,0.0,0.0,0.0,0.0,18080.0,0.0,0.0,0.0,0.0,0.0,0.0,0.0,0.0,5800.0,0.0,3400.0,0.0,0.0,0.0,0.0,0.0,3040.0,0.0,0.0,0.0,0.0,0.0,0.0,0.0,0.0,5800.0,0.0,31980.0,0.0,0.0,0.0,0.0,0.0,2345360.0,0.0,0.0,0.0,0.0,0.0,0.0,0.0
2026-02-17T00:00:00+01:00,4000.0,0.0,0.0,7760.0,0.0,0.0,0.0,0.0,0.0,18920.0,0.0,0.0,0.0,0.0,0.0,0.0,0.0,4000.0,0.0,0.0,3120.0,0.0,0.0,0.0,0.0,0.0,3040.0,0.0,0.0,0.0,0.0,0.0,0.0,0.0,4000.0,0.0,0.0,126040.0,0.0,0.0,0.0,0.0,0.0,1348519.0,0.0,0.0,0.0,0.0,0.0,0.0,0.0
2026-02-17T01:00:00+01:00,0.0,5280.0,0.0,10000.0,0.0,0.0,0.0,0.0,0.0,16560.0,0.0,0.0,0.0,0.0,0.0,0.0,0.0,0.0,5280.0,0.0,3160.0,0.0,0.0,0.0,0.0,0.0,3040.0,0.0,0.0,0.0,0.0,0.0,0.0,0.0,0.0,5280.0,0.0,86330.0,0.0,0.0,0.0,0.0,0.0,995040.0,0.0,0.0,0.0,0.0,0.0,0.0,0.0
2026-02-17T02:00:00+01:00,0.0,0.0,3960.0,10280.0,0.0,0.0,0.0,0.0,0.0,18360.0,0.0,0.0,0.0,0.0,0.0,0.0,0.0,0.0,0.0,3960.0,3040.0,0.0,0.0,0.0,0.0,0.0,3040.0,0.0,0.0,0.0,0.0,0.0,0.0,0.0,0.0,0.0,3960.0,153960.0,0.0,0.0,0.0,0.0,0.0,760594.0,0.0,0.0,0.0,0.0,0.0,0.0,0.0
2026-02-17T03:00:00+01:00,0.0,0.0,3920.0,12840.0,4280.0,0.0,0.0,0.0,0.0,18440.0,0.0,0.0,0.0,0.0,0.0,0.0,0.0,0.0,0.0,3920.0,3040.0,4240.0,0.0,0.0,0.0,0.0,3040.0,0.0,0.0,0.0,0.0,0.0,0.0,0.0,0.0,0.0,3920.0,275860.0,8520.0,0.0,0.0,0.0,0.0,942720.0,0.0,0.0,0.0,0.0,0.0,0.0,0.0
2026-02-17T04:00:00+01:00,0.0,0.0,10440.0,16880.0,9640.0,0.0,0.0,13240.0,0.0,18320.0,0.0,0.0,0.0,0.0,0.0,0.0,0.0,0.0,0.0,10440.0,3040.0,3040.0,0.0,0.0,4280.0,0.0,3040.0,0.0,0.0,0.0,0.0,0.0,0.0,0.0,0.0,0.0,10440.0,577480.0,47360.0,0.0,0.0,22760.0,0.0,2434391.0,0.0,0.0,0.0,0.0,0.0,0.0,0.0
2026-02-17T05:00:00+01:00,6040.0,0.0,0.0,11640.0,0.0,0.0,0.0,17080.0,0.0,18920.0,0.0,0.0,8119.0,0.0,18640.0,0.0,0.0,3040.0,0.0,0.0,3040.0,0.0,0.0,0.0,3720.0,0.0,3040.0,0.0,0.0,3480.0,0.0,3360.0,0.0,0.0,51960.0,0.0,0.0,191560.0,0.0,0.0,0.0,45960.0,0.0,1610478.0,0.0,0.0,17439.0,0.0,594399.0,0.0,0.0
2026-02-17T06:00:00+01:00,5880.0,0.0,0.0,9840.0,0.0,0.0,0.0,6160.0,0.0,18000.0,0.0,0.0,0.0,0.0,17400.0,11440.0,0.0,3440.0,0.0,0.0,3080.0,0.0,0.0,0.0,3440.0,0.0,3040.0,0.0,0.0,0.0,0.0,4160.0,4160.0,0.0,20840.0,0.0,0.0,98240.0,0.0,0.0,0.0,20920.0,0.0,738919.0,0.0,0.0,0.0,0.0,403000.0,15600.0,0.0
2026-02-17T07:00:00+01:00,15160.0,5240.0,8000.0,16000.0,0.0,0.0,0.0,13000.0,3600.0,18080.0,7800.0,0.0,0.0,0.0,17920.0,15560.0,4040.0,8240.0,3040.0,3120.0,3150.0,0.0,0.0,0.0,4120.0,3600.0,3040.0,6320.0,0.0,0.0,0.0,3560.0,3160.0,3760.0,23400.0,26680.0,49800.0,657027.0,0.0,0.0,0.0,22360.0,3600.0,1056920.0,14120.0,0.0,0.0,0.0,290799.0,75120.0,7800.0
2026-02-17T08:00:00+01:00,0.0,11680.0,0.0,15040.0,16280.0,0.0,0.0,15080.0,3240.0,18360.0,7040.0,0.0,0.0,0.0,18320.0,17080.0,0.0,0.0,3720.0,0.0,3040.0,7560.0,0.0,0.0,3120.0,3240.0,3040.0,3160.0,0.0,0.0,0.0,3160.0,3040.0,0.0,0.0,41840.0,0.0,465600.0,34480.0,0.0,0.0,86200.0,3240.0,1093839.0,14160.0,0.0,0.0,0.0,157680.0,102160.0,0.0
2026-02-17T09:00:00+01:00,10200.0,4640.0,0.0,8240.0,5040.0,0.0,0.0,4560.0,9640.0,18040.0,9640.0,11440.0,0.0,0.0,0.0,17840.0,0.0,4120.0,3960.0,0.0,3040.0,4800.0,0.0,0.0,4560.0,3120.0,3040.0,3440.0,3120.0,0.0,0.0,0.0,3040.0,0.0,20160.0,21280.0,0.0,212418.0,9840.0,0.0,0.0,4560.0,58200.0,1360755.0,23880.0,72600.0,0.0,0.0,0.0,532679.0,0.0
2026-02-17T10:00:00+01:00,11000.0,6040.0,0.0,14040.0,10960.0,0.0,4440.0,9800.0,13520.0,18680.0,14200.0,15680.0,0.0,0.0,0.0,18440.0,0.0,3040.0,4120.0,0.0,3040.0,10960.0,0.0,4440.0,3040.0,3120.0,3040.0,3480.0,3200.0,0.0,0.0,0.0,3040.0,0.0,343560.0,24920.0,0.0,280799.0,10960.0,0.0,4440.0,39840.0,55080.0,4588156.0,107919.0,99560.0,0.0,0.0,0.0,1207596.0,0.0
2026-02-17T11:00:00+01:00,17880.0,8080.0,0.0,13360.0,0.0,0.0,0.0,14360.0,0.0,18440.0,4000.0,16040.0,0.0,0.0,0.0,18080.0,0.0,3040.0,3040.0,0.0,3040.0,0.0,0.0,0.0,4440.0,0.0,3040.0,3920.0,3040.0,0.0,0.0,0.0,3040.0,0.0,869799.0,35160.0,0.0,283850.0,0.0,0.0,0.0,73600.0,0.0,2953859.0,15840.0,177280.0,0.0,0.0,0.0,601000.0,0.0
2026-02-17T12:00:00+01:00,9040.0,12920.0,0.0,17480.0,0.0,0.0,0.0,18560.0,7200.0,17480.0,6080.0,16560.0,0.0,0.0,3800.0,18360.0,0.0,3120.0,4240.0,0.0,3040.0,0.0,0.0,0.0,3280.0,5720.0,3040.0,3160.0,3400.0,0.0,0.0,3800.0,3040.0,0.0,84520.0,42720.0,0.0,524068.0,0.0,0.0,0.0,325840.0,19240.0,3059998.0,9240.0,250599.0,0.0,0.0,3800.0,84840.0,0.0
2026-02-17T13:00:00+01:00,14000.0,3040.0,0.0,10760.0,0.0,0.0,0.0,9920.0,0.0,18480.0,5800.0,17400.0,13840.0,0.0,4120.0,15680.0,0.0,3040.0,3040.0,0.0,3200.0,0.0,0.0,0.0,3840.0,0.0,3040.0,4680.0,3160.0,3240.0,0.0,3280.0,3840.0,0.0,186920.0,3040.0,0.0,130890.0,0.0,0.0,0.0,13760.0,0.0,2327189.0,10480.0,70920.0,26680.0,0.0,7400.0,71480.0,0.0
2026-02-17T14:00:00+01:00,15920.0,16840.0,0.0,13480.0,0.0,0.0,0.0,0.0,0.0,18400.0,6200.0,17560.0,0.0,0.0,0.0,7080.0,0.0,3040.0,3160.0,0.0,3040.0,0.0,0.0,0.0,0.0,0.0,3040.0,3200.0,3360.0,0.0,0.0,0.0,3280.0,0.0,256920.0,77480.0,0.0,105080.0,0.0,0.0,0.0,0.0,0.0,1199919.0,34080.0,163239.0,0.0,0.0,0.0,60200.0,0.0
2026-02-17T15:00:00+01:00,18000.0,14680.0,0.0,9160.0,0.0,0.0,0.0,0.0,0.0,18120.0,11400.0,17200.0,0.0,0.0,0.0,11920.0,0.0,3400.0,3240.0,0.0,3200.0,0.0,0.0,0.0,0.0,0.0,3040.0,3040.0,3080.0,0.0,0.0,0.0,3120.0,0.0,397879.0,144960.0,0.0,101530.0,0.0,0.0,0.0,0.0,0.0,1283659.0,131960.0,516120.0,0.0,0.0,0.0,151170.0,0.0
2026-02-17T16:00:00+01:00,18200.0,16560.0,0.0,10240.0,0.0,0.0,0.0,5400.0,0.0,18320.0,12440.0,17840.0,0.0,0.0,0.0,9960.0,0.0,3040.0,3080.0,0.0,3040.0,0.0,0.0,0.0,5280.0,0.0,3040.0,3200.0,3040.0,0.0,0.0,0.0,3840.0,0.0,923837.0,174920.0,0.0,225839.0,0.0,0.0,0.0,10680.0,0.0,4744403.0,79440.0,393200.0,0.0,0.0,0.0,74520.0,0.0
2026-02-17T17:00:00+01:00,18240.0,13600.0,0.0,14880.0,0.0,0.0,0.0,0.0,0.0,18320.0,7920.0,18240.0,0.0,0.0,0.0,5640.0,0.0,3040.0,3040.0,0.0,3080.0,0.0,0.0,0.0,0.0,0.0,3040.0,3080.0,3120.0,0.0,0.0,0.0,4040.0,0.0,1461911.0,158880.0,0.0,362810.0,0.0,0.0,0.0,0.0,0.0,3839229.0,154720.0,135760.0,0.0,0.0,0.0,9680.0,0.0
2026-02-17T18:00:00+01:00,16440.0,10840.0,6480.0,15440.0,13800.0,0.0,0.0,16320.0,0.0,17640.0,5120.0,0.0,4480.0,0.0,0.0,4000.0,0.0,3360.0,3520.0,3600.0,3040.0,3160.0,0.0,0.0,6200.0,0.0,3040.0,5120.0,0.0,4480.0,0.0,0.0,3640.0,0.0,178120.0,89598.0,44160.0,187720.0,84360.0,0.0,0.0,22520.0,0.0,1895707.0,5120.0,0.0,4480.0,0.0,0.0,7640.0,0.0
2026-02-17T19:00:00+01:00,10520.0,16360.0,7800.0,13640.0,14680.0,0.0,0.0,0.0,6000.0,17480.0,9960.0,0.0,0.0,0.0,0.0,0.0,0.0,3400.0,3040.0,3240.0,3040.0,3400.0,0.0,0.0,0.0,4400.0,3040.0,9960.0,0.0,0.0,0.0,0.0,0.0,0.0,75640.0,122160.0,37400.0,150560.0,92280.0,0.0,0.0,0.0,15000.0,1063119.0,9960.0,0.0,0.0,0.0,0.0,0.0,0.0
2026-02-17T20:00:00+01:00,14160.0,13160.0,0.0,9360.0,6120.0,0.0,0.0,0.0,0.0,17680.0,0.0,0.0,0.0,0.0,0.0,0.0,0.0,3040.0,3480.0,0.0,3040.0,5640.0,0.0,0.0,0.0,0.0,3040.0,0.0,0.0,0.0,0.0,0.0,0.0,0.0,63800.0,51600.0,0.0,224600.0,17560.0,0.0,0.0,0.0,0.0,963758.0,0.0,0.0,0.0,0.0,0.0,0.0,0.0
2026-02-17T21:00:00+01:00,11720.0,6480.0,0.0,16239.0,0.0,0.0,0.0,0.0,7360.0,18120.0,0.0,0.0,0.0,0.0,0.0,0.0,3040.0,3520.0,3680.0,0.0,3360.0,0.0,0.0,0.0,0.0,7360.0,3040.0,0.0,0.0,0.0,0.0,0.0,0.0,3040.0,60560.0,20080.0,0.0,205535.0,0.0,0.0,0.0,0.0,7360.0,1711913.0,0.0,0.0,0.0,0.0,0.0,0.0,3040.0
2026-02-17T22:00:00+01:00,18000.0,4920.0,0.0,13560.0,0.0,0.0,0.0,0.0,0.0,16200.0,0.0,0.0,0.0,0.0,0.0,0.0,0.0,3040.0,3160.0,0.0,4800.0,0.0,0.0,0.0,0.0,0.0,3040.0,0.0,0.0,0.0,0.0,0.0,0.0,0.0,934960.0,8080.0,0.0,30560.0,0.0,0.0,0.0,0.0,0.0,1015079.0,0.0,0.0,0.0,0.0,0.0,0.0,0.0
2026-02-17T23:00:00+01:00,18040.0,0.0,0.0,10400.0,0.0,0.0,0.0,0.0,0.0,16160.0,0.0,0.0,0.0,0.0,0.0,0.0,0.0,3040.0,0.0,0.0,4440.0,0.0,0.0,0.0,0.0,0.0,3160.0,0.0,0.0,0.0,0.0,0.0,0.0,0.0,1230479.0,0.0,0.0,14840.0,0.0,0.0,0.0,0.0,0.0,428999.0,0.0,0.0,0.0,0.0,0.0,0.0,0.0
2026-02-18T00:00:00+01:00,18000.0,0.0,0.0,4960.0,0.0,0.0,0.0,0.0,3640.0,18000.0,0.0,4080.0,0.0,0.0,0.0,0.0,0.0,3040.0,0.0,0.0,3160.0,0.0,0.0,0.0,0.0,3280.0,3040.0,0.0,4080.0,0.0,0.0,0.0,0.0,0.0,635359.0,0.0,0.0,27720.0,0.0,0.0,0.0,0.0,10480.0,876670.0,0.0,4080.0,0.0,0.0,0.0,0.0,0.0
2026-02-18T01:00:00+01:00,10000.0,6760.0,0.0,10360.0,0.0,0.0,0.0,0.0,17360.0,18000.0,0.0,0.0,0.0,0.0,0.0,0.0,0.0,3160.0,6760.0,0.0,3280.0,0.0,0.0,0.0,0.0,3160.0,3560.0,0.0,0.0,0.0,0.0,0.0,0.0,0.0,211160.0,6760.0,0.0,56240.0,0.0,0.0,0.0,0.0,101720.0,541480.0,0.0,0.0,0.0,0.0,0.0,0.0,0.0
2026-02-18T02:00:00+01:00,13560.0,0.0,0.0,12800.0,0.0,0.0,0.0,0.0,13160.0,12000.0,0.0,0.0,0.0,0.0,0.0,0.0,0.0,3040.0,0.0,0.0,3160.0,0.0,0.0,0.0,0.0,3040.0,3480.0,0.0,0.0,0.0,0.0,0.0,0.0,0.0,190240.0,0.0,0.0,110080.0,0.0,0.0,0.0,0.0,223400.0,204679.0,0.0,0.0,0.0,0.0,0.0,0.0,0.0
2026-02-18T03:00:00+01:00,12000.0,0.0,0.0,14640.0,0.0,0.0,0.0,0.0,6720.0,16040.0,0.0,0.0,0.0,0.0,0.0,0.0,0.0,3040.0,0.0,0.0,3080.0,0.0,0.0,0.0,0.0,3240.0,3040.0,0.0,0.0,0.0,0.0,0.0,0.0,0.0,478240.0,0.0,0.0,208640.0,0.0,0.0,0.0,0.0,9960.0,1190750.0,0.0,0.0,0.0,0.0,0.0,0.0,0.0
2026-02-18T04:00:00+01:00,8000.0,3840.0,0.0,7760.0,0.0,0.0,0.0,0.0,0.0,17680.0,0.0,0.0,0.0,0.0,0.0,0.0,0.0,3080.0,3520.0,0.0,3360.0,0.0,0.0,0.0,0.0,0.0,3040.0,0.0,0.0,0.0,0.0,0.0,0.0,0.0,346760.0,11160.0,0.0,121480.0,0.0,0.0,0.0,0.0,0.0,1417791.0,0.0,0.0,0.0,0.0,0.0,0.0,0.0
2026-02-18T05:00:00+01:00,10000.0,3240.0,0.0,12560.0,14640.0,0.0,0.0,3720.0,4240.0,16040.0,0.0,0.0,14840.0,0.0,11360.0,7360.0,0.0,3040.0,3240.0,0.0,3040.0,14640.0,0.0,0.0,3720.0,4240.0,3040.0,0.0,0.0,3880.0,0.0,11360.0,7360.0,0.0,204999.0,3240.0,0.0,187960.0,14640.0,0.0,0.0,3720.0,4240.0,1532757.0,0.0,0.0,30760.0,0.0,11360.0,7360.0,0.0
2026-02-18T06:00:00+01:00,16280.0,4880.0,0.0,13400.0,0.0,0.0,0.0,7600.0,0.0,17760.0,0.0,0.0,0.0,0.0,0.0,17840.0,0.0,3240.0,4880.0,0.0,3240.0,0.0,0.0,0.0,3080.0,0.0,3040.0,0.0,0.0,0.0,0.0,0.0,3080.0,0.0,280359.0,4880.0,0.0,119000.0,0.0,0.0,0.0,14320.0,0.0,565799.0,0.0,0.0,0.0,0.0,0.0,20920.0,0.0
2026-02-18T07:00:00+01:00,16840.0,16760.0,3960.0,17600.0,5360.0,0.0,0.0,11440.0,0.0,17480.0,7920.0,3640.0,0.0,0.0,0.0,16960.0,5480.0,3040.0,3240.0,3960.0,3040.0,5120.0,0.0,0.0,11440.0,0.0,3040.0,3200.0,3640.0,0.0,0.0,0.0,3200.0,3080.0,165159.0,97080.0,3960.0,342560.0,10480.0,0.0,0.0,11440.0,0.0,713080.0,39400.0,3640.0,0.0,0.0,0.0,126200.0,13480.0
2026-02-18T08:00:00+01:00,16000.0,12200.0,0.0,16000.0,10440.0,0.0,3160.0,11440.0,0.0,17560.0,14400.0,0.0,0.0,0.0,0.0,14400.0,0.0,3200.0,4480.0,0.0,3040.0,10440.0,0.0,3160.0,3800.0,0.0,3040.0,3040.0,0.0,0.0,0.0,0.0,3200.0,0.0,144800.0,72760.0,0.0,621410.0,10440.0,0.0,3160.0,23320.0,0.0,962570.0,396759.0,0.0,0.0,0.0,0.0,129680.0,0.0
2026-02-18T09:00:00+01:00,8039.0,13840.0,0.0,17000.0,0.0,0.0,0.0,15040.0,4040.0,17680.0,10720.0,4520.0,0.0,0.0,0.0,17560.0,9760.0,3040.0,4280.0,0.0,3040.0,0.0,0.0,0.0,3920.0,4040.0,3040.0,3080.0,4520.0,0.0,0.0,0.0,3040.0,8160.0,195599.0,98320.0,0.0,1104766.0,0.0,0.0,0.0,38840.0,4040.0,2336048.0,262919.0,4520.0,0.0,0.0,0.0,187480.0,17920.0
2026-02-18T10:00:00+01:00,15360.0,11880.0,0.0,16040.0,0.0,0.0,0.0,11280.0,0.0,17680.0,15440.0,0.0,0.0,0.0,0.0,16960.0,3120.0,3040.0,3240.0,0.0,3080.0,0.0,0.0,0.0,4040.0,0.0,3040.0,3760.0,0.0,0.0,0.0,0.0,3040.0,3120.0,124500.0,38040.0,0.0,407059.0,0.0,0.0,0.0,26080.0,0.0,2907274.0,58120.0,0.0,0.0,0.0,0.0,586474.0,3120.0
2026-02-18T11:00:00+01:00,11480.0,10920.0,0.0,16000.0,10560.0,0.0,0.0,9920.0,12840.0,17440.0,15760.0,0.0,0.0,0.0,0.0,17600.0,0.0,3120.0,4240.0,0.0,3120.0,3720.0,0.0,0.0,3760.0,12840.0,3040.0,3400.0,0.0,0.0,0.0,0.0,3120.0,0.0,68160.0,33960.0,0.0,190539.0,29320.0,0.0,0.0,19520.0,12840.0,3201466.0,23720.0,0.0,0.0,0.0,0.0,238800.0,0.0
2026-02-18T12:00:00+01:00,13640.0,10120.0,0.0,11680.0,0.0,0.0,0.0,7640.0,0.0,17360.0,9640.0,10640.0,0.0,0.0,0.0,12080.0,0.0,3160.0,4280.0,0.0,3200.0,0.0,0.0,0.0,3440.0,0.0,3040.0,3400.0,10640.0,0.0,0.0,0.0,3760.0,0.0,74840.0,36320.0,0.0,113020.0,0.0,0.0,0.0,19960.0,0.0,2323577.0,47840.0,10640.0,0.0,0.0,0.0,21920.0,0.0
2026-02-18T13:00:00+01:00,15800.0,11720.0,0.0,17320.0,0.0,0.0,0.0,7120.0,3080.0,17600.0,12480.0,0.0,0.0,0.0,0.0,10240.0,0.0,4480.0,3640.0,0.0,3040.0,0.0,0.0,0.0,3720.0,3080.0,3040.0,3040.0,0.0,0.0,0.0,0.0,3200.0,0.0,64720.0,55879.0,0.0,225720.0,0.0,0.0,0.0,15000.0,3080.0,1274349.0,107760.0,0.0,0.0,0.0,0.0,65679.0,0.0
2026-02-18T14:00:00+01:00,10760.0,10200.0,0.0,16000.0,0.0,0.0,0.0,0.0,0.0,17360.0,0.0,0.0,0.0,0.0,0.0,16000.0,0.0,10760.0,10200.0,0.0,3160.0,0.0,0.0,0.0,0.0,0.0,3040.0,0.0,0.0,0.0,0.0,0.0,3320.0,0.0,10760.0,10200.0,0.0,109880.0,0.0,0.0,0.0,0.0,0.0,426479.0,0.0,0.0,0.0,0.0,0.0,140680.0,0.0
2026-02-18T15:00:00+01:00,3720.0,16480.0,0.0,17200.0,0.0,0.0,0.0,15640.0,3280.0,17560.0,11600.0,3120.0,0.0,0.0,0.0,6800.0,0.0,3160.0,3160.0,0.0,3040.0,0.0,0.0,0.0,3080.0,3280.0,3040.0,3920.0,3120.0,0.0,0.0,0.0,3480.0,0.0,6880.0,87640.0,0.0,826640.0,0.0,0.0,0.0,257000.0,3280.0,3428557.0,56080.0,3120.0,0.0,0.0,0.0,52360.0,0.0
2026-02-18T16:00:00+01:00,13600.0,15960.0,0.0,16760.0,0.0,0.0,0.0,16480.0,0.0,17440.0,9320.0,6000.0,0.0,0.0,0.0,8960.0,8560.0,5680.0,3040.0,0.0,3040.0,0.0,0.0,0.0,3080.0,0.0,3040.0,3760.0,5000.0,0.0,0.0,0.0,4760.0,6240.0,44560.0,150520.0,0.0,530080.0,0.0,0.0,0.0,213239.0,0.0,4052714.0,38960.0,11000.0,0.0,0.0,0.0,19320.0,14800.0
2026-02-18T17:00:00+01:00,15080.0,15600.0,15760.0,17480.0,0.0,0.0,0.0,17080.0,0.0,17320.0,9920.0,0.0,0.0,5920.0,0.0,6840.0,0.0,3320.0,3360.0,3040.0,3040.0,0.0,0.0,0.0,17080.0,0.0,3040.0,9920.0,0.0,0.0,5920.0,0.0,4720.0,0.0,158960.0,102600.0,67360.0,241560.0,0.0,0.0,0.0,17080.0,0.0,3095996.0,9920.0,0.0,0.0,5920.0,0.0,11560.0,0.0
2026-02-18T18:00:00+01:00,10240.0,10440.0,6000.0,16040.0,0.0,0.0,0.0,0.0,0.0,17440.0,5280.0,0.0,0.0,0.0,0.0,0.0,0.0,3040.0,3800.0,3120.0,3040.0,0.0,0.0,0.0,0.0,0.0,3040.0,5280.0,0.0,0.0,0.0,0.0,0.0,0.0,40160.0,41320.0,17880.0,386440.0,0.0,0.0,0.0,0.0,0.0,1633659.0,5280.0,0.0,0.0,0.0,0.0,0.0,0.0
2026-02-18T19:00:00+01:00,6720.0,9320.0,0.0,14800.0,4640.0,0.0,0.0,0.0,0.0,16800.0,0.0,0.0,0.0,0.0,0.0,6960.0,0.0,3240.0,3360.0,0.0,3040.0,4640.0,0.0,0.0,0.0,0.0,3200.0,0.0,0.0,0.0,0.0,0.0,3320.0,0.0,17160.0,48680.0,0.0,113720.0,4640.0,0.0,0.0,0.0,0.0,405519.0,0.0,0.0,0.0,0.0,0.0,16440.0,0.0
2026-02-18T20:00:00+01:00,9280.0,5640.0,0.0,11920.0,0.0,0.0,0.0,0.0,0.0,17440.0,0.0,0.0,0.0,0.0,0.0,0.0,0.0,3440.0,5640.0,0.0,3040.0,0.0,0.0,0.0,0.0,0.0,3040.0,0.0,0.0,0.0,0.0,0.0,0.0,0.0,25680.0,5640.0,0.0,147640.0,0.0,0.0,0.0,0.0,0.0,2324559.0,0.0,0.0,0.0,0.0,0.0,0.0,0.0
2026-02-18T21:00:00+01:00,5840.0,6720.0,0.0,9160.0,0.0,0.0,0.0,0.0,0.0,17400.0,0.0,0.0,0.0,0.0,0.0,5680.0,0.0,3400.0,3480.0,0.0,3080.0,0.0,0.0,0.0,0.0,0.0,3040.0,0.0,0.0,0.0,0.0,0.0,5680.0,0.0,81480.0,21640.0,0.0,63240.0,0.0,0.0,0.0,0.0,0.0,2301837.0,0.0,0.0,0.0,0.0,0.0,5680.0,0.0
2026-02-18T22:00:00+01:00,14000.0,0.0,0.0,7240.0,0.0,0.0,0.0,0.0,0.0,17400.0,0.0,0.0,0.0,0.0,0.0,5240.0,0.0,3160.0,0.0,0.0,3080.0,0.0,0.0,0.0,0.0,0.0,3040.0,0.0,0.0,0.0,0.0,0.0,3040.0,0.0,350360.0,0.0,0.0,50120.0,0.0,0.0,0.0,0.0,0.0,1718880.0,0.0,0.0,0.0,0.0,0.0,17000.0,0.0
2026-02-18T23:00:00+01:00,13640.0,3200.0,0.0,13320.0,0.0,0.0,0.0,0.0,0.0,17240.0,0.0,0.0,0.0,0.0,0.0,0.0,0.0,3040.0,3200.0,0.0,3040.0,0.0,0.0,0.0,0.0,0.0,3080.0,0.0,0.0,0.0,0.0,0.0,0.0,0.0,333840.0,3200.0,0.0,44560.0,0.0,0.0,0.0,0.0,0.0,1096159.0,0.0,0.0,0.0,0.0,0.0,0.0,0.0
2026-02-19T00:00:00+01:00,16920.0,0.0,0.0,16360.0,0.0,0.0,0.0,0.0,0.0,16000.0,0.0,0.0,0.0,0.0,0.0,0.0,0.0,3360.0,0.0,0.0,3280.0,0.0,0.0,0.0,0.0,0.0,3040.0,0.0,0.0,0.0,0.0,0.0,0.0,0.0,353280.0,0.0,0.0,237719.0,0.0,0.0,0.0,0.0,0.0,476919.0,0.0,0.0,0.0,0.0,0.0,0.0,0.0
2026-02-19T01:00:00+01:00,13160.0,0.0,0.0,16800.0,0.0,0.0,0.0,0.0,0.0,16320.0,0.0,0.0,0.0,0.0,0.0,0.0,0.0,3080.0,0.0,0.0,3960.0,0.0,0.0,0.0,0.0,0.0,3200.0,0.0,0.0,0.0,0.0,0.0,0.0,0.0,291200.0,0.0,0.0,248600.0,0.0,0.0,0.0,0.0,0.0,510119.0,0.0,0.0,0.0,0.0,0.0,0.0,0.0
2026-02-19T02:00:00+01:00,12320.0,0.0,0.0,16760.0,0.0,0.0,0.0,0.0,7360.0,16960.0,0.0,0.0,0.0,0.0,0.0,0.0,0.0,3120.0,0.0,0.0,3120.0,0.0,0.0,0.0,0.0,7360.0,3040.0,0.0,0.0,0.0,0.0,0.0,0.0,0.0,421160.0,0.0,0.0,489400.0,0.0,0.0,0.0,0.0,7360.0,1529039.0,0.0,0.0,0.0,0.0,0.0,0.0,0.0
2026-02-19T03:00:00+01:00,8119.0,0.0,0.0,16800.0,0.0,0.0,0.0,0.0,0.0,17280.0,0.0,0.0,0.0,0.0,0.0,0.0,0.0,3080.0,0.0,0.0,3120.0,0.0,0.0,0.0,0.0,0.0,3080.0,0.0,0.0,0.0,0.0,0.0,0.0,0.0,143199.0,0.0,0.0,555879.0,0.0,0.0,0.0,0.0,0.0,1150499.0,0.0,0.0,0.0,0.0,0.0,0.0,0.0
2026-02-19T04:00:00+01:00,4000.0,6560.0,0.0,16239.0,4920.0,0.0,0.0,0.0,0.0,16960.0,0.0,0.0,0.0,0.0,0.0,0.0,0.0,3760.0,3040.0,0.0,3080.0,4920.0,0.0,0.0,0.0,0.0,3040.0,0.0,0.0,0.0,0.0,0.0,0.0,0.0,19480.0,9600.0,0.0,457159.0,4920.0,0.0,0.0,0.0,0.0,1017358.0,0.0,0.0,0.0,0.0,0.0,0.0,0.0
2026-02-19T05:00:00+01:00,8400.0,0.0,0.0,15920.0,14400.0,0.0,0.0,11000.0,3920.0,16480.0,4320.0,0.0,14160.0,0.0,0.0,0.0,0.0,3280.0,0.0,0.0,3040.0,14400.0,0.0,0.0,5240.0,3920.0,3040.0,4320.0,0.0,4000.0,0.0,0.0,0.0,0.0,26960.0,0.0,0.0,345480.0,14400.0,0.0,0.0,16240.0,3920.0,760959.0,4320.0,0.0,26800.0,0.0,0.0,0.0,0.0
2026-02-19T06:00:00+01:00,13520.0,3280.0,4840.0,9600.0,0.0,0.0,3840.0,11520.0,0.0,16400.0,0.0,0.0,0.0,0.0,0.0,12920.0,0.0,4000.0,3200.0,4840.0,4200.0,0.0,0.0,3840.0,5040.0,0.0,3120.0,0.0,0.0,0.0,0.0,0.0,12920.0,0.0,17520.0,6480.0,4840.0,86360.0,0.0,0.0,3840.0,27360.0,0.0,440198.0,0.0,0.0,0.0,0.0,0.0,12920.0,0.0
2026-02-19T07:00:00+01:00,10040.0,11360.0,4000.0,16800.0,0.0,0.0,0.0,16360.0,6720.0,17040.0,8960.0,0.0,0.0,0.0,0.0,15480.0,9760.0,3040.0,3560.0,3040.0,3040.0,0.0,0.0,0.0,4360.0,4240.0,3040.0,3440.0,0.0,0.0,0.0,0.0,3160.0,9760.0,18400.0,144518.0,10960.0,348279.0,0.0,0.0,0.0,68160.0,16080.0,1126399.0,28720.0,0.0,0.0,0.0,0.0,148840.0,9760.0
2026-02-19T08:00:00+01:00,15280.0,14520.0,0.0,17160.0,7160.0,0.0,6320.0,7120.0,6240.0,17040.0,11200.0,9240.0,0.0,0.0,0.0,16640.0,6400.0,4400.0,4080.0,0.0,3040.0,7160.0,0.0,6320.0,3480.0,6000.0,3040.0,5040.0,3200.0,0.0,0.0,0.0,3160.0,5480.0,38080.0,122280.0,0.0,341700.0,7160.0,0.0,6320.0,19920.0,12240.0,1611556.0,16240.0,12440.0,0.0,0.0,0.0,163760.0,11880.0
2026-02-19T09:00:00+01:00,13960.0,13040.0,0.0,15640.0,14000.0,0.0,6480.0,7360.0,13600.0,16800.0,16320.0,12240.0,0.0,0.0,0.0,16160.0,15640.0,3640.0,3160.0,0.0,3040.0,3640.0,0.0,6480.0,3480.0,4520.0,3040.0,4720.0,3640.0,0.0,0.0,0.0,3160.0,15640.0,54160.0,94639.0,0.0,691049.0,23680.0,0.0,6480.0,22960.0,18120.0,2185678.0,39160.0,15880.0,0.0,0.0,0.0,253717.0,15640.0
2026-02-19T10:00:00+01:00,9040.0,15160.0,0.0,16000.0,0.0,0.0,0.0,16440.0,15840.0,17040.0,10960.0,0.0,0.0,0.0,0.0,13880.0,0.0,3640.0,3120.0,0.0,3040.0,0.0,0.0,0.0,3600.0,4480.0,3080.0,9880.0,0.0,0.0,0.0,0.0,3040.0,0.0,30560.0,124120.0,0.0,173160.0,0.0,0.0,0.0,48080.0,33880.0,1979795.0,20840.0,0.0,0.0,0.0,0.0,129440.0,0.0
2026-02-19T11:00:00+01:00,12720.0,15360.0,0.0,15320.0,0.0,0.0,0.0,14160.0,15880.0,16920.0,9360.0,15120.0,0.0,0.0,0.0,16720.0,0.0,3040.0,4040.0,0.0,3040.0,0.0,0.0,0.0,3160.0,3520.0,3040.0,3400.0,3040.0,0.0,0.0,0.0,3040.0,0.0,56320.0,65399.0,0.0,220320.0,0.0,0.0,0.0,41640.0,63240.0,1926438.0,75280.0,61880.0,0.0,0.0,0.0,98840.0,0.0
2026-02-19T12:00:00+01:00,11760.0,9320.0,8240.0,12080.0,0.0,0.0,0.0,0.0,0.0,16760.0,11600.0,16520.0,0.0,0.0,0.0,9640.0,0.0,3240.0,3680.0,3360.0,3080.0,0.0,0.0,0.0,0.0,0.0,3040.0,3160.0,3280.0,0.0,0.0,0.0,3440.0,0.0,98840.0,60240.0,35680.0,120880.0,0.0,0.0,0.0,0.0,0.0,1161320.0,39600.0,72240.0,0.0,0.0,0.0,32000.0,0.0
2026-02-19T13:00:00+01:00,14360.0,12120.0,14000.0,13800.0,15880.0,0.0,0.0,15680.0,13800.0,16960.0,13320.0,15520.0,14520.0,5160.0,7480.0,13840.0,8440.0,3640.0,3360.0,3600.0,3040.0,3840.0,0.0,0.0,3040.0,9040.0,3040.0,3120.0,3320.0,4640.0,4840.0,7480.0,3440.0,4040.0,30640.0,107360.0,49080.0,266200.0,73800.0,0.0,0.0,264800.0,22840.0,1793078.0,91680.0,177080.0,39480.0,10000.0,7480.0,279440.0,19280.0
2026-02-19T14:00:00+01:00,13640.0,15320.0,6280.0,15840.0,11240.0,0.0,0.0,15520.0,12840.0,16920.0,10840.0,13960.0,12000.0,0.0,0.0,15960.0,0.0,3400.0,3040.0,3200.0,3040.0,3080.0,0.0,0.0,3040.0,3680.0,3040.0,4360.0,3480.0,6840.0,0.0,0.0,3080.0,0.0,98119.0,201039.0,9480.0,1299598.0,54680.0,0.0,0.0,298320.0,24920.0,4251876.0,41960.0,63920.0,28000.0,0.0,0.0,229960.0,0.0
2026-02-19T15:00:00+01:00,5480.0,15720.0,0.0,16840.0,0.0,0.0,0.0,16520.0,0.0,16920.0,14600.0,13400.0,0.0,0.0,0.0,9760.0,0.0,3280.0,3440.0,0.0,3040.0,0.0,0.0,0.0,3040.0,0.0,3040.0,3160.0,3120.0,0.0,0.0,0.0,4880.0,0.0,16840.0,203838.0,0.0,969200.0,0.0,0.0,0.0,232120.0,0.0,4296923.0,48800.0,193640.0,0.0,0.0,0.0,14640.0,0.0
2026-02-19T16:00:00+01:00,5840.0,14360.0,0.0,16560.0,0.0,0.0,0.0,16720.0,0.0,16840.0,13760.0,6720.0,0.0,0.0,0.0,10720.0,0.0,3200.0,3200.0,0.0,3040.0,0.0,0.0,0.0,3280.0,0.0,3040.0,5160.0,4920.0,0.0,0.0,0.0,3400.0,0.0,21320.0,203360.0,0.0,838679.0,0.0,0.0,0.0,60760.0,0.0,3796875.0,48920.0,21920.0,0.0,0.0,0.0,25480.0,0.0
2026-02-19T17:00:00+01:00,16760.0,16239.0,0.0,16760.0,0.0,0.0,0.0,0.0,10080.0,16840.0,14160.0,12280.0,0.0,0.0,0.0,0.0,0.0,3520.0,3440.0,0.0,3080.0,0.0,0.0,0.0,0.0,10080.0,3080.0,3400.0,3040.0,0.0,0.0,0.0,0.0,0.0,67480.0,92399.0,0.0,299800.0,0.0,0.0,0.0,0.0,10080.0,2260235.0,54640.0,43320.0,0.0,0.0,0.0,0.0,0.0
2026-02-19T18:00:00+01:00,11640.0,12600.0,13760.0,16440.0,5320.0,0.0,0.0,4040.0,5520.0,16480.0,4520.0,0.0,0.0,0.0,0.0,0.0,0.0,4640.0,3600.0,3680.0,3160.0,3640.0,0.0,0.0,4040.0,3400.0,3080.0,4120.0,0.0,0.0,0.0,0.0,0.0,0.0,45000.0,37280.0,114520.0,280360.0,8960.0,0.0,0.0,4040.0,22000.0,859359.0,12840.0,0.0,0.0,0.0,0.0,0.0,0.0
2026-02-19T19:00:00+01:00,14680.0,9960.0,0.0,15880.0,0.0,0.0,0.0,0.0,0.0,16200.0,0.0,0.0,0.0,0.0,0.0,3680.0,11840.0,3080.0,3120.0,0.0,3040.0,0.0,0.0,0.0,0.0,0.0,3040.0,0.0,0.0,0.0,0.0,0.0,3680.0,11840.0,55360.0,88719.0,0.0,373920.0,0.0,0.0,0.0,0.0,0.0,1219185.0,0.0,0.0,0.0,0.0,0.0,3680.0,11840.0
2026-02-19T20:00:00+01:00,11640.0,14040.0,0.0,16560.0,0.0,0.0,0.0,0.0,5640.0,16520.0,10680.0,0.0,0.0,0.0,0.0,5280.0,0.0,3200.0,3560.0,0.0,3040.0,0.0,0.0,0.0,0.0,4000.0,3040.0,5280.0,0.0,0.0,0.0,0.0,5280.0,0.0,98760.0,127280.0,0.0,458370.0,0.0,0.0,0.0,0.0,9640.0,4291910.0,26000.0,0.0,0.0,0.0,0.0,5280.0,0.0
2026-02-19T21:00:00+01:00,6680.0,5640.0,0.0,14920.0,0.0,0.0,0.0,0.0,0.0,16320.0,7640.0,0.0,0.0,0.0,0.0,0.0,0.0,6680.0,3240.0,0.0,3040.0,0.0,0.0,0.0,0.0,0.0,3040.0,4880.0,0.0,0.0,0.0,0.0,0.0,0.0,6680.0,13320.0,0.0,485639.0,0.0,0.0,0.0,0.0,0.0,3271268.0,12520.0,0.0,0.0,0.0,0.0,0.0,0.0
2026-02-19T22:00:00+01:00,3960.0,4560.0,0.0,15120.0,0.0,0.0,0.0,0.0,3840.0,16520.0,3840.0,0.0,0.0,0.0,0.0,8840.0,0.0,3360.0,3080.0,0.0,3160.0,0.0,0.0,0.0,0.0,3840.0,3040.0,3840.0,0.0,0.0,0.0,0.0,8840.0,0.0,11040.0,14720.0,0.0,480920.0,0.0,0.0,0.0,0.0,3840.0,1271959.0,3840.0,0.0,0.0,0.0,0.0,8840.0,0.0
2026-02-19T23:00:00+01:00,3760.0,0.0,0.0,7800.0,0.0,0.0,0.0,0.0,0.0,16480.0,0.0,0.0,0.0,0.0,0.0,0.0,0.0,3760.0,0.0,0.0,3560.0,0.0,0.0,0.0,0.0,0.0,3120.0,0.0,0.0,0.0,0.0,0.0,0.0,0.0,3760.0,0.0,0.0,68520.0,0.0,0.0,0.0,0.0,0.0,823880.0,0.0,0.0,0.0,0.0,0.0,0.0,0.0
2026-02-20T00:00:00+01:00,0.0,0.0,0.0,15960.0,0.0,0.0,0.0,0.0,0.0,16079.0,0.0,0.0,0.0,0.0,0.0,0.0,0.0,0.0,0.0,0.0,3080.0,0.0,0.0,0.0,0.0,0.0,3240.0,0.0,0.0,0.0,0.0,0.0,0.0,0.0,0.0,0.0,0.0,228919.0,0.0,0.0,0.0,0.0,0.0,449877.0,0.0,0.0,0.0,0.0,0.0,0.0,0.0
2026-02-20T01:00:00+01:00,13040.0,3560.0,0.0,16440.0,0.0,0.0,0.0,0.0,0.0,16600.0,8640.0,0.0,0.0,0.0,0.0,0.0,0.0,4240.0,3560.0,0.0,3760.0,0.0,0.0,0.0,0.0,0.0,3040.0,3440.0,0.0,0.0,0.0,0.0,0.0,0.0,47320.0,3560.0,0.0,643920.0,0.0,0.0,0.0,0.0,0.0,1129957.0,12080.0,0.0,0.0,0.0,0.0,0.0,0.0
2026-02-20T02:00:00+01:00,12840.0,5200.0,0.0,16000.0,0.0,0.0,0.0,0.0,0.0,16640.0,12560.0,0.0,0.0,0.0,0.0,0.0,0.0,3480.0,5200.0,0.0,3280.0,0.0,0.0,0.0,0.0,0.0,3040.0,3400.0,0.0,0.0,0.0,0.0,0.0,0.0,51360.0,5200.0,0.0,668960.0,0.0,0.0,0.0,0.0,0.0,2341557.0,15960.0,0.0,0.0,0.0,0.0,0.0,0.0
2026-02-20T03:00:00+01:00,4080.0,0.0,0.0,14200.0,0.0,0.0,0.0,0.0,0.0,16520.0,0.0,0.0,0.0,0.0,0.0,0.0,0.0,3760.0,0.0,0.0,3480.0,0.0,0.0,0.0,0.0,0.0,3120.0,0.0,0.0,0.0,0.0,0.0,0.0,0.0,7840.0,0.0,0.0,166360.0,0.0,0.0,0.0,0.0,0.0,1903065.0,0.0,0.0,0.0,0.0,0.0,0.0,0.0
2026-02-20T04:00:00+01:00,7040.0,6080.0,0.0,16040.0,0.0,0.0,0.0,0.0,0.0,16000.0,0.0,0.0,0.0,0.0,5040.0,0.0,0.0,3040.0,6080.0,0.0,3200.0,0.0,0.0,0.0,0.0,0.0,3040.0,0.0,0.0,0.0,0.0,3880.0,0.0,0.0,10080.0,6080.0,0.0,212360.0,0.0,0.0,0.0,0.0,0.0,1251760.0,0.0,0.0,0.0,0.0,8920.0,0.0,0.0
2026-02-20T05:00:00+01:00,9280.0,12040.0,0.0,16160.0,0.0,0.0,0.0,0.0,6760.0,16440.0,0.0,0.0,0.0,0.0,0.0,0.0,0.0,4040.0,3200.0,0.0,3840.0,0.0,0.0,0.0,0.0,5080.0,3160.0,0.0,0.0,0.0,0.0,0.0,0.0,0.0,58480.0,129160.0,0.0,263079.0,0.0,0.0,0.0,0.0,11840.0,1116879.0,0.0,0.0,0.0,0.0,0.0,0.0,0.0
2026-02-20T06:00:00+01:00,4160.0,4880.0,0.0,15440.0,0.0,0.0,0.0,14160.0,0.0,16000.0,0.0,0.0,0.0,0.0,14040.0,4920.0,0.0,4160.0,3840.0,0.0,3080.0,0.0,0.0,0.0,3040.0,0.0,3360.0,0.0,0.0,0.0,0.0,3120.0,4480.0,0.0,4160.0,13280.0,0.0,302799.0,0.0,0.0,0.0,64840.0,0.0,506760.0,0.0,0.0,0.0,0.0,51720.0,14000.0,0.0
2026-02-20T07:00:00+01:00,12960.0,12480.0,0.0,14810.0,0.0,0.0,0.0,9880.0,3920.0,16200.0,6720.0,3480.0,0.0,0.0,0.0,15880.0,0.0,3240.0,3360.0,0.0,3160.0,0.0,0.0,0.0,4080.0,3440.0,3040.0,3840.0,3480.0,0.0,0.0,0.0,3040.0,0.0,28440.0,83160.0,0.0,484510.0,0.0,0.0,0.0,36360.0,7360.0,1342678.0,15280.0,3480.0,0.0,0.0,0.0,94040.0,0.0
2026-02-20T08:00:00+01:00,11440.0,14800.0,0.0,16000.0,4400.0,0.0,0.0,10080.0,11240.0,16360.0,5280.0,7840.0,0.0,0.0,0.0,13520.0,3040.0,5240.0,3040.0,0.0,3080.0,3520.0,0.0,0.0,4160.0,3120.0,3040.0,4920.0,3800.0,0.0,0.0,0.0,3480.0,3040.0,16680.0,131840.0,0.0,845400.0,7920.0,0.0,0.0,52920.0,77280.0,3374389.0,20080.0,11640.0,0.0,0.0,0.0,108840.0,3040.0
2026-02-20T09:00:00+01:00,10920.0,15880.0,0.0,16440.0,13960.0,0.0,0.0,13640.0,8119.0,16480.0,8039.0,13710.0,10680.0,0.0,11000.0,10880.0,6240.0,3440.0,3480.0,0.0,3020.0,3080.0,0.0,0.0,3600.0,3040.0,3040.0,3760.0,3040.0,4160.0,0.0,5320.0,3080.0,6240.0,42480.0,109359.0,0.0,984118.0,202360.0,0.0,0.0,32280.0,85799.0,3092166.0,25319.0,16750.0,24920.0,0.0,16320.0,77840.0,6240.0
2026-02-20T10:00:00+01:00,15240.0,16160.0,10000.0,16400.0,15400.0,0.0,0.0,12520.0,15880.0,16480.0,8840.0,6000.0,11800.0,0.0,0.0,11920.0,0.0,3040.0,3080.0,3720.0,3160.0,3040.0,0.0,0.0,3160.0,3160.0,3040.0,4560.0,4200.0,3280.0,0.0,0.0,3360.0,0.0,73240.0,96280.0,94240.0,790099.0,385360.0,0.0,0.0,121960.0,293320.0,3728212.0,20040.0,10200.0,18480.0,0.0,0.0,54480.0,0.0
2026-02-20T11:00:00+01:00,4440.0,9000.0,6640.0,16160.0,14720.0,0.0,0.0,14960.0,15320.0,16440.0,13920.0,11120.0,4840.0,0.0,15480.0,15240.0,0.0,3240.0,3120.0,3120.0,3040.0,3320.0,0.0,0.0,3040.0,3040.0,3040.0,3120.0,11120.0,4840.0,0.0,6360.0,3240.0,0.0,7680.0,57960.0,14560.0,873479.0,117480.0,0.0,0.0,101840.0,260440.0,3133165.0,68720.0,11120.0,4840.0,0.0,21840.0,148240.0,0.0
2026-02-20T12:00:00+01:00,0.0,15320.0,0.0,15760.0,11880.0,0.0,0.0,14240.0,13360.0,16000.0,10440.0,10440.0,0.0,12080.0,13240.0,11440.0,5200.0,0.0,3040.0,0.0,3040.0,3280.0,0.0,0.0,3040.0,3040.0,3040.0,3200.0,10240.0,0.0,12080.0,3200.0,3120.0,5200.0,0.0,104480.0,0.0,369260.0,61400.0,0.0,0.0,98480.0,224600.0,1676299.0,38240.0,20680.0,0.0,12080.0,53720.0,43680.0,5200.0
2026-02-20T13:00:00+01:00,5520.0,14150.0,0.0,16280.0,16280.0,0.0,0.0,15600.0,8920.0,16280.0,5240.0,12640.0,3760.0,5320.0,0.0,15960.0,0.0,5520.0,3800.0,0.0,3040.0,3040.0,0.0,0.0,3080.0,3240.0,3040.0,3040.0,6840.0,3760.0,3640.0,0.0,3280.0,0.0,5520.0,48430.0,0.0,789278.0,183880.0,0.0,0.0,389680.0,33680.0,1510559.0,12680.0,19480.0,3760.0,8960.0,0.0,57599.0,0.0
2026-02-20T14:00:00+01:00,8840.0,14040.0,0.0,15640.0,0.0,0.0,0.0,0.0,13280.0,16280.0,12840.0,9880.0,0.0,0.0,0.0,12840.0,0.0,3840.0,3040.0,0.0,3040.0,0.0,0.0,0.0,0.0,3840.0,3040.0,4440.0,5120.0,0.0,0.0,0.0,5160.0,0.0,25280.0,158360.0,0.0,1264994.0,0.0,0.0,0.0,0.0,22720.0,5011996.0,33080.0,15000.0,0.0,0.0,0.0,18000.0,0.0
2026-02-20T15:00:00+01:00,14200.0,15600.0,0.0,16000.0,0.0,0.0,0.0,10280.0,0.0,16280.0,15160.0,14040.0,0.0,13600.0,0.0,9640.0,0.0,3240.0,3760.0,0.0,3040.0,0.0,0.0,0.0,10280.0,0.0,3040.0,3280.0,3240.0,0.0,4880.0,0.0,3440.0,0.0,103440.0,180160.0,0.0,1319749.0,0.0,0.0,0.0,10280.0,0.0,3869274.0,126360.0,123760.0,0.0,46000.0,0.0,13080.0,0.0
2026-02-20T16:00:00+01:00,15960.0,13040.0,0.0,15680.0,0.0,0.0,0.0,12880.0,5840.0,16280.0,13960.0,0.0,0.0,15000.0,0.0,6600.0,10920.0,3040.0,3280.0,0.0,3040.0,0.0,0.0,0.0,9520.0,3120.0,3040.0,3440.0,0.0,0.0,4880.0,0.0,3320.0,6920.0,118680.0,91840.0,0.0,283080.0,0.0,0.0,0.0,22400.0,12920.0,2314639.0,273240.0,0.0,0.0,19880.0,0.0,33520.0,17840.0
2026-02-20T17:00:00+01:00,16160.0,11040.0,0.0,16120.0,7680.0,0.0,0.0,5200.0,10000.0,16239.0,16040.0,0.0,14960.0,0.0,0.0,9280.0,13880.0,3520.0,3040.0,0.0,3040.0,7680.0,0.0,0.0,5200.0,3200.0,3040.0,3040.0,0.0,4400.0,0.0,0.0,3520.0,3440.0,101480.0,74320.0,0.0,425999.0,7680.0,0.0,0.0,5200.0,90360.0,1875235.0,425359.0,0.0,29080.0,0.0,0.0,113840.0,58840.0
2026-02-20T18:00:00+01:00,13840.0,4720.0,0.0,15120.0,3520.0,0.0,0.0,0.0,11840.0,16040.0,8680.0,6720.0,7040.0,0.0,0.0,0.0,0.0,3040.0,3320.0,0.0,3040.0,3520.0,0.0,0.0,0.0,3120.0,3040.0,3360.0,6720.0,7040.0,0.0,0.0,0.0,0.0,392520.0,20520.0,0.0,239749.0,3520.0,0.0,0.0,0.0,91640.0,1194000.0,83680.0,6720.0,7040.0,0.0,0.0,0.0,0.0
2026-02-20T19:00:00+01:00,16040.0,11040.0,0.0,15840.0,0.0,0.0,0.0,6440.0,8000.0,16160.0,16040.0,0.0,0.0,0.0,0.0,0.0,0.0,3080.0,6240.0,0.0,3040.0,0.0,0.0,0.0,6440.0,3120.0,3040.0,3480.0,0.0,0.0,0.0,0.0,0.0,0.0,1329920.0,37280.0,0.0,571650.0,0.0,0.0,0.0,6440.0,56720.0,2904514.0,62480.0,0.0,0.0,0.0,0.0,0.0,0.0
2026-02-20T20:00:00+01:00,16120.0,9000.0,0.0,14960.0,0.0,0.0,0.0,0.0,6560.0,16120.0,15480.0,4840.0,0.0,0.0,0.0,0.0,0.0,3080.0,3040.0,0.0,3040.0,0.0,0.0,0.0,0.0,3240.0,3040.0,3200.0,4840.0,0.0,0.0,0.0,0.0,0.0,1784840.0,42360.0,0.0,487600.0,0.0,0.0,0.0,0.0,22000.0,3030238.0,429960.0,4840.0,0.0,0.0,0.0,0.0,0.0
2026-02-20T21:00:00+01:00,15920.0,9120.0,0.0,15400.0,0.0,0.0,0.0,0.0,4680.0,16000.0,7320.0,0.0,0.0,0.0,0.0,0.0,0.0,3080.0,9120.0,0.0,3160.0,0.0,0.0,0.0,0.0,3200.0,3040.0,3200.0,0.0,0.0,0.0,0.0,0.0,0.0,662000.0,9120.0,0.0,248200.0,0.0,0.0,0.0,0.0,19720.0,2624839.0,31320.0,0.0,0.0,0.0,0.0,0.0,0.0
2026-02-20T22:00:00+01:00,7280.0,3600.0,4800.0,16079.0,0.0,0.0,0.0,15720.0,12000.0,15520.0,0.0,0.0,0.0,0.0,0.0,12160.0,0.0,3520.0,3600.0,4000.0,3040.0,0.0,0.0,0.0,3320.0,3280.0,3040.0,0.0,0.0,0.0,0.0,0.0,5760.0,0.0,34560.0,3600.0,8800.0,734299.0,0.0,0.0,0.0,296000.0,33960.0,1239595.0,0.0,0.0,0.0,0.0,0.0,29760.0,0.0
2026-02-20T23:00:00+01:00,6320.0,7440.0,0.0,14600.0,0.0,0.0,0.0,15680.0,0.0,15960.0,4360.0,0.0,0.0,0.0,0.0,0.0,0.0,3040.0,3200.0,0.0,3080.0,0.0,0.0,0.0,4120.0,0.0,3040.0,3960.0,0.0,0.0,0.0,0.0,0.0,0.0,37640.0,16720.0,0.0,330999.0,0.0,0.0,0.0,188320.0,0.0,1879675.0,12640.0,0.0,0.0,0.0,0.0,0.0,0.0
2026-02-21T00:00:00+01:00,10520.0,6520.0,0.0,10280.0,0.0,0.0,0.0,15640.0,0.0,15520.0,4680.0,0.0,0.0,0.0,0.0,0.0,0.0,3640.0,3520.0,0.0,3080.0,0.0,0.0,0.0,3600.0,0.0,3040.0,4040.0,0.0,0.0,0.0,0.0,0.0,0.0,23000.0,15000.0,0.0,190078.0,0.0,0.0,0.0,442918.0,0.0,966038.0,8720.0,0.0,0.0,0.0,0.0,0.0,0.0
2026-02-21T01:00:00+01:00,9520.0,4800.0,0.0,12240.0,0.0,0.0,0.0,16079.0,3200.0,16040.0,10920.0,0.0,0.0,0.0,0.0,0.0,0.0,3480.0,3040.0,0.0,3080.0,0.0,0.0,0.0,5400.0,3200.0,3040.0,4240.0,0.0,0.0,0.0,0.0,0.0,0.0,43440.0,11800.0,0.0,111680.0,0.0,0.0,0.0,571558.0,3200.0,4574834.0,25960.0,0.0,0.0,0.0,0.0,0.0,0.0
2026-02-21T02:00:00+01:00,10600.0,6240.0,0.0,15880.0,0.0,0.0,0.0,15280.0,0.0,16079.0,3360.0,0.0,0.0,0.0,0.0,0.0,0.0,3240.0,6240.0,0.0,3080.0,0.0,0.0,0.0,4440.0,0.0,3040.0,3360.0,0.0,0.0,0.0,0.0,0.0,0.0,27360.0,6240.0,0.0,249480.0,0.0,0.0,0.0,296840.0,0.0,5179633.0,3360.0,0.0,0.0,0.0,0.0,0.0,0.0
2026-02-21T03:00:00+01:00,14280.0,0.0,0.0,15640.0,0.0,0.0,0.0,16000.0,0.0,15960.0,4760.0,0.0,0.0,0.0,0.0,0.0,0.0,3120.0,0.0,0.0,3080.0,0.0,0.0,0.0,3120.0,0.0,3040.0,3800.0,0.0,0.0,0.0,0.0,0.0,0.0,35360.0,0.0,0.0,401718.0,0.0,0.0,0.0,364640.0,0.0,2434398.0,12920.0,0.0,0.0,0.0,0.0,0.0,0.0
2026-02-21T04:00:00+01:00,15160.0,5360.0,0.0,15560.0,0.0,0.0,0.0,15800.0,0.0,16000.0,9440.0,0.0,0.0,0.0,0.0,0.0,0.0,3400.0,3880.0,0.0,3080.0,0.0,0.0,0.0,3320.0,0.0,3040.0,4120.0,0.0,0.0,0.0,0.0,0.0,0.0,22120.0,14120.0,0.0,564760.0,0.0,0.0,0.0,121360.0,0.0,1909008.0,19120.0,0.0,0.0,0.0,0.0,0.0,0.0
2026-02-21T05:00:00+01:00,3880.0,7400.0,0.0,16000.0,0.0,0.0,0.0,14640.0,0.0,14520.0,0.0,0.0,0.0,0.0,0.0,0.0,0.0,3360.0,7400.0,0.0,3040.0,0.0,0.0,0.0,5440.0,0.0,3040.0,0.0,0.0,0.0,0.0,0.0,0.0,0.0,7240.0,7400.0,0.0,492960.0,0.0,0.0,0.0,28280.0,0.0,435640.0,0.0,0.0,0.0,0.0,0.0,0.0,0.0
2026-02-21T06:00:00+01:00,5800.0,4360.0,8560.0,15120.0,0.0,0.0,0.0,0.0,0.0,14040.0,8920.0,0.0,0.0,0.0,0.0,0.0,0.0,3960.0,4360.0,3280.0,3240.0,0.0,0.0,0.0,0.0,0.0,3040.0,8920.0,0.0,0.0,0.0,0.0,0.0,0.0,18320.0,4360.0,29520.0,168519.0,0.0,0.0,0.0,0.0,0.0,181640.0,8920.0,0.0,0.0,0.0,0.0,0.0,0.0
2026-02-21T07:00:00+01:00,13240.0,6520.0,15480.0,16000.0,0.0,0.0,0.0,3160.0,0.0,15720.0,14360.0,0.0,0.0,0.0,0.0,15000.0,0.0,3400.0,6520.0,3320.0,3040.0,0.0,0.0,0.0,3160.0,0.0,3040.0,3040.0,0.0,0.0,0.0,0.0,3960.0,0.0,33680.0,6520.0,180600.0,827560.0,0.0,0.0,0.0,3160.0,0.0,551479.0,188880.0,0.0,0.0,0.0,0.0,48080.0,0.0
2026-02-21T08:00:00+01:00,10800.0,14160.0,0.0,15840.0,0.0,0.0,0.0,10920.0,0.0,15960.0,15640.0,3240.0,0.0,0.0,0.0,10040.0,0.0,3320.0,4360.0,0.0,3040.0,0.0,0.0,0.0,4000.0,0.0,3040.0,3040.0,3240.0,0.0,0.0,0.0,6480.0,0.0,24880.0,43440.0,0.0,602320.0,0.0,0.0,0.0,14920.0,0.0,1360396.0,466479.0,3240.0,0.0,0.0,0.0,31479.0,0.0
2026-02-21T09:00:00+01:00,12760.0,10160.0,0.0,15960.0,0.0,0.0,0.0,9520.0,8520.0,15840.0,15880.0,10240.0,0.0,0.0,0.0,13040.0,0.0,3160.0,3240.0,0.0,3040.0,0.0,0.0,0.0,5320.0,8520.0,3040.0,3040.0,3760.0,0.0,0.0,0.0,7920.0,0.0,93960.0,27079.0,0.0,684839.0,0.0,0.0,0.0,14840.0,8520.0,1721382.0,391160.0,31920.0,0.0,0.0,0.0,29160.0,0.0
2026-02-21T10:00:00+01:00,14720.0,13160.0,0.0,15560.0,0.0,0.0,0.0,11640.0,0.0,15960.0,15400.0,9120.0,0.0,0.0,0.0,12600.0,0.0,3360.0,3480.0,0.0,3040.0,0.0,0.0,0.0,3640.0,0.0,3040.0,3360.0,3040.0,0.0,0.0,0.0,5760.0,0.0,67320.0,40680.0,0.0,793198.0,0.0,0.0,0.0,15280.0,0.0,2685208.0,101480.0,24960.0,0.0,0.0,0.0,18360.0,0.0
2026-02-21T11:00:00+01:00,15000.0,15080.0,0.0,15360.0,0.0,0.0,0.0,13400.0,0.0,15920.0,14160.0,8640.0,0.0,0.0,0.0,14960.0,0.0,3360.0,3040.0,0.0,3040.0,0.0,0.0,0.0,3360.0,0.0,3040.0,3720.0,5360.0,0.0,0.0,0.0,3360.0,0.0,63520.0,61840.0,0.0,579918.0,0.0,0.0,0.0,57240.0,0.0,2223277.0,52760.0,14000.0,0.0,0.0,0.0,28800.0,0.0
2026-02-21T12:00:00+01:00,6360.0,15440.0,0.0,15760.0,0.0,0.0,0.0,14960.0,14480.0,15720.0,12160.0,10320.0,0.0,0.0,0.0,12440.0,0.0,4120.0,3840.0,0.0,3120.0,0.0,0.0,0.0,3280.0,3760.0,3040.0,4120.0,3160.0,0.0,0.0,0.0,3200.0,0.0,10480.0,80680.0,0.0,348360.0,0.0,0.0,0.0,295119.0,44080.0,1272037.0,70520.0,25680.0,0.0,0.0,0.0,67960.0,0.0
2026-02-21T13:00:00+01:00,8440.0,15760.0,0.0,15600.0,0.0,0.0,0.0,15520.0,6880.0,15840.0,15640.0,15160.0,0.0,0.0,0.0,12000.0,0.0,3200.0,3320.0,0.0,3040.0,0.0,0.0,0.0,3040.0,6880.0,3040.0,3040.0,3520.0,0.0,0.0,0.0,3720.0,0.0,49760.0,247079.0,0.0,631760.0,0.0,0.0,0.0,299560.0,6880.0,3418357.0,100400.0,42280.0,0.0,0.0,0.0,42400.0,0.0
2026-02-21T14:00:00+01:00,11640.0,14640.0,0.0,14960.0,3360.0,0.0,0.0,15400.0,13240.0,15800.0,12840.0,0.0,0.0,0.0,0.0,4400.0,0.0,3080.0,3040.0,0.0,3080.0,3360.0,0.0,0.0,3240.0,3280.0,3040.0,3120.0,0.0,0.0,0.0,0.0,3720.0,0.0,84040.0,379199.0,0.0,581040.0,3360.0,0.0,0.0,621159.0,28120.0,4300236.0,138520.0,0.0,0.0,0.0,0.0,8120.0,0.0
2026-02-21T15:00:00+01:00,5640.0,15800.0,0.0,15320.0,0.0,0.0,0.0,15640.0,0.0,15680.0,15160.0,4280.0,0.0,0.0,0.0,0.0,12040.0,5160.0,3440.0,0.0,3040.0,0.0,0.0,0.0,3040.0,0.0,3040.0,3920.0,3200.0,0.0,0.0,0.0,0.0,12040.0,10800.0,299360.0,0.0,326040.0,0.0,0.0,0.0,412919.0,0.0,3450194.0,66360.0,7480.0,0.0,0.0,0.0,0.0,12040.0
2026-02-21T16:00:00+01:00,13240.0,14080.0,0.0,14800.0,8960.0,0.0,0.0,14840.0,3240.0,15760.0,8800.0,10320.0,0.0,0.0,0.0,9040.0,0.0,3320.0,3040.0,0.0,3040.0,8960.0,0.0,0.0,3040.0,3200.0,3040.0,3040.0,7720.0,0.0,0.0,0.0,3920.0,0.0,79760.0,188400.0,0.0,551199.0,8960.0,0.0,0.0,195519.0,6440.0,2384400.0,32920.0,18040.0,0.0,0.0,0.0,54120.0,0.0
2026-02-21T17:00:00+01:00,10880.0,14040.0,0.0,14880.0,6720.0,0.0,0.0,7800.0,0.0,15480.0,14800.0,10360.0,0.0,0.0,0.0,10000.0,0.0,3040.0,3040.0,0.0,3040.0,6360.0,0.0,0.0,7800.0,0.0,3120.0,3040.0,6240.0,0.0,0.0,0.0,3160.0,0.0,21000.0,159880.0,0.0,320679.0,13080.0,0.0,0.0,7800.0,0.0,1505556.0,89640.0,16600.0,0.0,0.0,0.0,86360.0,0.0
2026-02-21T18:00:00+01:00,10440.0,14280.0,12240.0,15720.0,11440.0,0.0,0.0,0.0,6600.0,15760.0,6360.0,6400.0,0.0,0.0,0.0,0.0,0.0,3240.0,3280.0,3560.0,3040.0,3640.0,0.0,0.0,0.0,3280.0,3040.0,3240.0,3280.0,0.0,0.0,0.0,0.0,0.0,78000.0,66120.0,42360.0,391720.0,15080.0,0.0,0.0,0.0,15680.0,1154760.0,41440.0,26680.0,0.0,0.0,0.0,0.0,0.0
2026-02-21T19:00:00+01:00,10040.0,14320.0,4000.0,15240.0,0.0,0.0,0.0,0.0,6000.0,15600.0,6320.0,5120.0,0.0,0.0,0.0,0.0,0.0,3040.0,3040.0,4000.0,3040.0,0.0,0.0,0.0,0.0,3920.0,3040.0,3040.0,5120.0,0.0,0.0,0.0,0.0,0.0,81960.0,131720.0,4000.0,511600.0,0.0,0.0,0.0,0.0,19400.0,2860995.0,40800.0,5120.0,0.0,0.0,0.0,0.0,0.0
2026-02-21T20:00:00+01:00,13680.0,14160.0,0.0,15440.0,0.0,0.0,0.0,11760.0,4800.0,15720.0,15160.0,14640.0,0.0,0.0,0.0,0.0,0.0,3080.0,3920.0,0.0,3040.0,0.0,0.0,0.0,3920.0,4800.0,3040.0,3040.0,14640.0,0.0,0.0,0.0,0.0,0.0,69040.0,136080.0,0.0,391000.0,0.0,0.0,0.0,15680.0,4800.0,2727676.0,38560.0,14640.0,0.0,0.0,0.0,0.0,0.0
2026-02-21T21:00:00+01:00,7680.0,5840.0,11920.0,14720.0,0.0,0.0,0.0,8000.0,5360.0,15560.0,5440.0,0.0,0.0,0.0,0.0,6320.0,0.0,4240.0,3720.0,3640.0,3040.0,0.0,0.0,0.0,3200.0,3360.0,3040.0,3200.0,0.0,0.0,0.0,0.0,3920.0,0.0,27840.0,14320.0,54120.0,719699.0,0.0,0.0,0.0,45000.0,12480.0,2107719.0,8640.0,0.0,0.0,0.0,0.0,10240.0,0.0
2026-02-21T22:00:00+01:00,14200.0,14960.0,0.0,15000.0,0.0,0.0,0.0,14440.0,0.0,15640.0,5840.0,0.0,0.0,0.0,0.0,0.0,0.0,3040.0,3040.0,0.0,3040.0,0.0,0.0,0.0,3040.0,0.0,3040.0,3120.0,0.0,0.0,0.0,0.0,0.0,0.0,35120.0,544238.0,0.0,384919.0,0.0,0.0,0.0,185400.0,0.0,2344676.0,14800.0,0.0,0.0,0.0,0.0,0.0,0.0
2026-02-21T23:00:00+01:00,10560.0,10640.0,0.0,14240.0,0.0,0.0,0.0,14920.0,4000.0,15640.0,3280.0,0.0,0.0,0.0,0.0,0.0,0.0,3040.0,3040.0,0.0,3040.0,0.0,0.0,0.0,4200.0,3240.0,3040.0,3280.0,0.0,0.0,0.0,0.0,0.0,0.0,36600.0,45280.0,0.0,413640.0,0.0,0.0,0.0,289800.0,7240.0,1171437.0,3280.0,0.0,0.0,0.0,0.0,0.0,0.0
2026-02-22T00:00:00+01:00,15160.0,12800.0,0.0,15040.0,0.0,0.0,0.0,14320.0,14000.0,15320.0,3360.0,0.0,0.0,0.0,0.0,0.0,0.0,3040.0,3160.0,0.0,3040.0,0.0,0.0,0.0,3320.0,3440.0,3040.0,3240.0,0.0,0.0,0.0,0.0,0.0,0.0,80200.0,169640.0,0.0,468400.0,0.0,0.0,0.0,160280.0,116040.0,819879.0,6600.0,0.0,0.0,0.0,0.0,0.0,0.0
2026-02-22T01:00:00+01:00,14520.0,13960.0,0.0,14080.0,0.0,0.0,0.0,15480.0,9240.0,15600.0,3360.0,0.0,0.0,0.0,0.0,0.0,0.0,3040.0,3040.0,0.0,3040.0,0.0,0.0,0.0,3160.0,3240.0,3040.0,3360.0,0.0,0.0,0.0,0.0,0.0,0.0,169560.0,342159.0,0.0,360240.0,0.0,0.0,0.0,749560.0,39400.0,1602399.0,3360.0,0.0,0.0,0.0,0.0,0.0,0.0
2026-02-22T02:00:00+01:00,14000.0,14240.0,0.0,15040.0,0.0,0.0,0.0,15320.0,5400.0,15560.0,0.0,0.0,0.0,0.0,0.0,0.0,0.0,3400.0,3600.0,0.0,3040.0,0.0,0.0,0.0,3040.0,3720.0,3040.0,0.0,0.0,0.0,0.0,0.0,0.0,0.0,52760.0,34640.0,0.0,579078.0,0.0,0.0,0.0,240360.0,9120.0,2389158.0,0.0,0.0,0.0,0.0,0.0,0.0,0.0
2026-02-22T03:00:00+01:00,3360.0,3040.0,0.0,15440.0,0.0,0.0,0.0,15440.0,0.0,15360.0,0.0,0.0,0.0,0.0,0.0,0.0,0.0,3360.0,3040.0,0.0,3160.0,0.0,0.0,0.0,3040.0,0.0,3040.0,0.0,0.0,0.0,0.0,0.0,0.0,0.0,3360.0,3040.0,0.0,239359.0,0.0,0.0,0.0,266959.0,0.0,1304399.0,0.0,0.0,0.0,0.0,0.0,0.0,0.0
2026-02-22T04:00:00+01:00,11520.0,4640.0,0.0,14240.0,0.0,0.0,0.0,14240.0,0.0,13520.0,0.0,0.0,5080.0,0.0,0.0,0.0,0.0,3040.0,4160.0,0.0,3560.0,0.0,0.0,0.0,3040.0,0.0,3040.0,0.0,0.0,4040.0,0.0,0.0,0.0,0.0,33400.0,8800.0,0.0,28080.0,0.0,0.0,0.0,270880.0,0.0,561639.0,0.0,0.0,9120.0,0.0,0.0,0.0,0.0
2026-02-22T05:00:00+01:00,14040.0,0.0,0.0,14720.0,0.0,0.0,0.0,13040.0,0.0,14760.0,0.0,0.0,0.0,0.0,0.0,0.0,0.0,3440.0,0.0,0.0,3200.0,0.0,0.0,0.0,3840.0,0.0,3080.0,0.0,0.0,0.0,0.0,0.0,0.0,0.0,36080.0,0.0,0.0,120039.0,0.0,0.0,0.0,87000.0,0.0,680359.0,0.0,0.0,0.0,0.0,0.0,0.0,0.0
2026-02-22T06:00:00+01:00,3680.0,0.0,0.0,15240.0,0.0,0.0,0.0,3040.0,0.0,13640.0,3560.0,0.0,0.0,0.0,0.0,7240.0,0.0,3680.0,0.0,0.0,3080.0,0.0,0.0,0.0,3040.0,0.0,3040.0,3560.0,0.0,0.0,0.0,0.0,3200.0,0.0,3680.0,0.0,0.0,159480.0,0.0,0.0,0.0,3040.0,0.0,431640.0,3560.0,0.0,0.0,0.0,0.0,35320.0,0.0
2026-02-22T07:00:00+01:00,9160.0,9040.0,0.0,15520.0,0.0,0.0,0.0,5800.0,4040.0,14400.0,0.0,12600.0,0.0,0.0,0.0,13320.0,0.0,3960.0,9040.0,0.0,3040.0,0.0,0.0,0.0,5800.0,3280.0,3040.0,0.0,3080.0,0.0,0.0,0.0,3840.0,0.0,45360.0,9040.0,0.0,519079.0,0.0,0.0,0.0,5800.0,7320.0,421757.0,0.0,15680.0,0.0,0.0,0.0,42360.0,0.0
2026-02-22T08:00:00+01:00,4120.0,12440.0,0.0,14000.0,0.0,0.0,0.0,5840.0,3960.0,14920.0,0.0,0.0,0.0,0.0,0.0,4680.0,0.0,4120.0,3360.0,0.0,3040.0,0.0,0.0,0.0,5840.0,3160.0,3080.0,0.0,0.0,0.0,0.0,0.0,3560.0,0.0,4120.0,77000.0,0.0,691920.0,0.0,0.0,0.0,5840.0,10480.0,436039.0,0.0,0.0,0.0,0.0,0.0,8240.0,0.0
2026-02-22T09:00:00+01:00,9400.0,13880.0,0.0,15440.0,0.0,0.0,0.0,6080.0,4000.0,15400.0,14360.0,3720.0,0.0,0.0,0.0,0.0,0.0,3600.0,4040.0,0.0,3080.0,0.0,0.0,0.0,6080.0,3240.0,3040.0,4640.0,3040.0,0.0,0.0,0.0,0.0,0.0,40520.0,22160.0,0.0,1164999.0,0.0,0.0,0.0,6080.0,11200.0,611000.0,49720.0,6760.0,0.0,0.0,0.0,0.0,0.0
2026-02-22T10:00:00+01:00,8160.0,9400.0,0.0,13320.0,0.0,0.0,0.0,0.0,5920.0,15360.0,13480.0,3360.0,0.0,0.0,0.0,3520.0,0.0,3520.0,5200.0,0.0,3080.0,0.0,0.0,0.0,0.0,5920.0,3040.0,3480.0,3360.0,0.0,0.0,0.0,3520.0,0.0,31120.0,39480.0,0.0,490240.0,0.0,0.0,0.0,0.0,5920.0,820040.0,93080.0,3360.0,0.0,0.0,0.0,3520.0,0.0
2026-02-22T11:00:00+01:00,12920.0,12440.0,0.0,14440.0,0.0,0.0,0.0,0.0,3440.0,15360.0,15240.0,0.0,0.0,0.0,0.0,6160.0,0.0,3240.0,5000.0,0.0,3280.0,0.0,0.0,0.0,0.0,3440.0,3040.0,5040.0,0.0,0.0,0.0,0.0,6160.0,0.0,43520.0,48480.0,0.0,183280.0,0.0,0.0,0.0,0.0,3440.0,846559.0,34640.0,0.0,0.0,0.0,0.0,6160.0,0.0
2026-02-22T12:00:00+01:00,12240.0,10880.0,0.0,14080.0,0.0,0.0,0.0,0.0,0.0,15440.0,12320.0,0.0,0.0,0.0,0.0,6800.0,0.0,3080.0,3040.0,0.0,3280.0,0.0,0.0,0.0,0.0,0.0,3080.0,4040.0,0.0,0.0,0.0,0.0,4640.0,0.0,44480.0,29680.0,0.0,197760.0,0.0,0.0,0.0,0.0,0.0,902238.0,51000.0,0.0,0.0,0.0,0.0,16640.0,0.0
2026-02-22T13:00:00+01:00,11480.0,13560.0,0.0,15400.0,0.0,0.0,0.0,0.0,0.0,15360.0,14600.0,6560.0,0.0,0.0,0.0,10840.0,0.0,3080.0,3360.0,0.0,3120.0,0.0,0.0,0.0,0.0,0.0,3040.0,3400.0,6560.0,0.0,0.0,0.0,3440.0,0.0,22160.0,107239.0,0.0,307438.0,0.0,0.0,0.0,0.0,0.0,2678078.0,113440.0,6560.0,0.0,0.0,0.0,48080.0,0.0
2026-02-22T14:00:00+01:00,13840.0,13760.0,0.0,14920.0,0.0,0.0,0.0,0.0,4000.0,15360.0,5840.0,10960.0,0.0,0.0,0.0,11520.0,4960.0,3040.0,3560.0,0.0,3160.0,0.0,0.0,0.0,0.0,3440.0,3040.0,3360.0,5080.0,0.0,0.0,0.0,4040.0,4960.0,120640.0,38280.0,0.0,438320.0,0.0,0.0,0.0,0.0,26760.0,2615796.0,14840.0,16040.0,0.0,0.0,0.0,31960.0,4960.0
2026-02-22T15:00:00+01:00,15040.0,10640.0,0.0,14000.0,0.0,0.0,0.0,0.0,12000.0,15400.0,14000.0,5240.0,0.0,0.0,0.0,6960.0,6480.0,3400.0,3200.0,0.0,3200.0,0.0,0.0,0.0,0.0,3240.0,3040.0,3200.0,5240.0,0.0,0.0,0.0,3280.0,5640.0,125199.0,45240.0,0.0,411120.0,0.0,0.0,0.0,0.0,90800.0,1465479.0,71240.0,5240.0,0.0,0.0,0.0,10240.0,18280.0
2026-02-22T16:00:00+01:00,15240.0,11080.0,0.0,14000.0,0.0,0.0,0.0,0.0,8039.0,15200.0,9000.0,3960.0,0.0,0.0,0.0,0.0,0.0,3200.0,3280.0,0.0,3040.0,0.0,0.0,0.0,0.0,3240.0,3040.0,9000.0,3960.0,0.0,0.0,0.0,0.0,0.0,161959.0,66400.0,0.0,687200.0,0.0,0.0,0.0,0.0,85718.0,896558.0,9000.0,3960.0,0.0,0.0,0.0,0.0,0.0
2026-02-22T17:00:00+01:00,14240.0,11400.0,0.0,15360.0,0.0,0.0,0.0,0.0,4160.0,15120.0,3840.0,7880.0,0.0,0.0,0.0,13120.0,0.0,3040.0,3160.0,0.0,3240.0,0.0,0.0,0.0,0.0,3040.0,3040.0,3840.0,7880.0,0.0,0.0,0.0,5200.0,0.0,210879.0,32880.0,0.0,194000.0,0.0,0.0,0.0,0.0,7200.0,513960.0,3840.0,7880.0,0.0,0.0,0.0,49320.0,0.0
2026-02-22T18:00:00+01:00,13600.0,15200.0,0.0,14000.0,0.0,0.0,0.0,0.0,0.0,15240.0,3960.0,0.0,0.0,0.0,0.0,12000.0,0.0,3040.0,3120.0,0.0,3200.0,0.0,0.0,0.0,0.0,0.0,3040.0,3960.0,0.0,0.0,0.0,0.0,3520.0,0.0,247999.0,50880.0,0.0,208640.0,0.0,0.0,0.0,0.0,0.0,628200.0,3960.0,0.0,0.0,0.0,0.0,41840.0,0.0
2026-02-22T19:00:00+01:00,14000.0,6840.0,0.0,13280.0,0.0,0.0,0.0,0.0,10600.0,15040.0,0.0,0.0,0.0,0.0,0.0,0.0,0.0,3080.0,3160.0,0.0,3080.0,0.0,0.0,0.0,0.0,10600.0,3040.0,0.0,0.0,0.0,0.0,0.0,0.0,0.0,205040.0,20520.0,0.0,320160.0,0.0,0.0,0.0,0.0,10600.0,2853638.0,0.0,0.0,0.0,0.0,0.0,0.0,0.0
2026-02-22T20:00:00+01:00,14840.0,9360.0,0.0,14040.0,0.0,0.0,0.0,9600.0,0.0,15040.0,0.0,0.0,0.0,0.0,0.0,0.0,0.0,3040.0,3840.0,0.0,3040.0,0.0,0.0,0.0,9600.0,0.0,3040.0,0.0,0.0,0.0,0.0,0.0,0.0,0.0,593999.0,13200.0,0.0,295560.0,0.0,0.0,0.0,9600.0,0.0,1308117.0,0.0,0.0,0.0,0.0,0.0,0.0,0.0
2026-02-22T21:00:00+01:00,14000.0,4520.0,0.0,14560.0,0.0,0.0,0.0,0.0,0.0,14480.0,3360.0,0.0,0.0,0.0,0.0,0.0,0.0,3080.0,4520.0,0.0,3040.0,0.0,0.0,0.0,0.0,0.0,3040.0,3360.0,0.0,0.0,0.0,0.0,0.0,0.0,636478.0,4520.0,0.0,186840.0,0.0,0.0,0.0,0.0,0.0,1074600.0,3360.0,0.0,0.0,0.0,0.0,0.0,0.0
2026-02-22T22:00:00+01:00,14240.0,0.0,0.0,13280.0,0.0,0.0,0.0,0.0,0.0,15200.0,0.0,0.0,0.0,0.0,0.0,0.0,0.0,3080.0,0.0,0.0,3120.0,0.0,0.0,0.0,0.0,0.0,3040.0,0.0,0.0,0.0,0.0,0.0,0.0,0.0,553239.0,0.0,0.0,163480.0,0.0,0.0,0.0,0.0,0.0,685800.0,0.0,0.0,0.0,0.0,0.0,0.0,0.0
2026-02-22T23:00:00+01:00,5600.0,3240.0,0.0,12000.0,0.0,0.0,0.0,0.0,0.0,10560.0,0.0,0.0,0.0,0.0,0.0,0.0,0.0,3320.0,3240.0,0.0,3040.0,0.0,0.0,0.0,0.0,0.0,3040.0,0.0,0.0,0.0,0.0,0.0,0.0,0.0,42080.0,3240.0,0.0,98160.0,0.0,0.0,0.0,0.0,0.0,215759.0,0.0,0.0,0.0,0.0,0.0,0.0,0.0
2026-02-23T00:00:00+01:00,7240.0,0.0,0.0,15080.0,0.0,0.0,0.0,0.0,0.0,14000.0,0.0,0.0,0.0,0.0,0.0,0.0,0.0,4000.0,0.0,0.0,3040.0,0.0,0.0,0.0,0.0,0.0,3040.0,0.0,0.0,0.0,0.0,0.0,0.0,0.0,11240.0,0.0,0.0,717519.0,0.0,0.0,0.0,0.0,0.0,290719.0,0.0,0.0,0.0,0.0,0.0,0.0,0.0
2026-02-23T01:00:00+01:00,3760.0,7240.0,0.0,14840.0,0.0,0.0,0.0,0.0,0.0,14600.0,0.0,0.0,0.0,0.0,0.0,0.0,0.0,3760.0,3440.0,0.0,3040.0,0.0,0.0,0.0,0.0,0.0,3040.0,0.0,0.0,0.0,0.0,0.0,0.0,0.0,3760.0,20680.0,0.0,1117559.0,0.0,0.0,0.0,0.0,0.0,668900.0,0.0,0.0,0.0,0.0,0.0,0.0,0.0
2026-02-23T02:00:00+01:00,0.0,0.0,0.0,15080.0,0.0,0.0,0.0,0.0,0.0,14000.0,0.0,0.0,0.0,0.0,0.0,0.0,0.0,0.0,0.0,0.0,3040.0,0.0,0.0,0.0,0.0,0.0,3120.0,0.0,0.0,0.0,0.0,0.0,0.0,0.0,0.0,0.0,0.0,1328078.0,0.0,0.0,0.0,0.0,0.0,379920.0,0.0,0.0,0.0,0.0,0.0,0.0,0.0
2026-02-23T03:00:00+01:00,8119.0,14560.0,0.0,14240.0,0.0,0.0,0.0,0.0,0.0,8720.0,0.0,0.0,0.0,0.0,0.0,0.0,0.0,8119.0,14560.0,0.0,3040.0,0.0,0.0,0.0,0.0,0.0,3040.0,0.0,0.0,0.0,0.0,0.0,0.0,0.0,8119.0,14560.0,0.0,771760.0,0.0,0.0,0.0,0.0,0.0,64600.0,0.0,0.0,0.0,0.0,0.0,0.0,0.0
2026-02-23T04:00:00+01:00,0.0,0.0,0.0,14160.0,0.0,0.0,0.0,0.0,5600.0,14360.0,0.0,0.0,0.0,0.0,0.0,0.0,0.0,0.0,0.0,0.0,3040.0,0.0,0.0,0.0,0.0,5600.0,3040.0,0.0,0.0,0.0,0.0,0.0,0.0,0.0,0.0,0.0,0.0,604119.0,0.0,0.0,0.0,0.0,5600.0,36640.0,0.0,0.0,0.0,0.0,0.0,0.0,0.0
2026-02-23T05:00:00+01:00,6160.0,0.0,0.0,12520.0,0.0,0.0,0.0,0.0,0.0,12320.0,0.0,0.0,0.0,0.0,0.0,0.0,0.0,3040.0,0.0,0.0,3440.0,0.0,0.0,0.0,0.0,0.0,3040.0,0.0,0.0,0.0,0.0,0.0,0.0,0.0,33720.0,0.0,0.0,268880.0,0.0,0.0,0.0,0.0,0.0,108880.0,0.0,0.0,0.0,0.0,0.0,0.0,0.0
2026-02-23T06:00:00+01:00,14640.0,11720.0,0.0,14640.0,0.0,0.0,0.0,7000.0,3480.0,15120.0,8840.0,5240.0,0.0,0.0,0.0,13240.0,0.0,3080.0,11720.0,0.0,3040.0,0.0,0.0,0.0,3280.0,3480.0,3040.0,8840.0,5240.0,0.0,0.0,0.0,3040.0,0.0,640879.0,11720.0,0.0,441719.0,0.0,0.0,0.0,16320.0,3480.0,961079.0,8840.0,5240.0,0.0,0.0,0.0,142880.0,0.0
2026-02-23T07:00:00+01:00,14000.0,12720.0,0.0,15200.0,4640.0,0.0,0.0,6000.0,15040.0,14920.0,12320.0,10200.0,0.0,0.0,0.0,14000.0,0.0,3040.0,3560.0,0.0,3040.0,3440.0,0.0,0.0,3600.0,3200.0,3040.0,4880.0,4320.0,0.0,0.0,0.0,3120.0,0.0,716560.0,150960.0,0.0,796120.0,8080.0,0.0,0.0,25120.0,742840.0,1574837.0,57160.0,33840.0,0.0,0.0,0.0,325680.0,0.0
2026-02-23T08:00:00+01:00,14960.0,14040.0,0.0,14640.0,0.0,0.0,0.0,5800.0,14680.0,15080.0,8160.0,3600.0,0.0,0.0,0.0,14600.0,0.0,3080.0,3560.0,0.0,3120.0,0.0,0.0,0.0,3680.0,3120.0,3040.0,4760.0,3360.0,0.0,0.0,0.0,3080.0,0.0,434000.0,160000.0,0.0,528159.0,0.0,0.0,0.0,27040.0,679959.0,1304879.0,48240.0,6960.0,0.0,0.0,0.0,500239.0,0.0
2026-02-23T09:00:00+01:00,14480.0,13760.0,0.0,15120.0,0.0,0.0,0.0,12000.0,14000.0,14960.0,14560.0,8880.0,0.0,0.0,0.0,14000.0,0.0,3360.0,3040.0,0.0,3040.0,0.0,0.0,0.0,3040.0,3200.0,3040.0,3640.0,3920.0,0.0,0.0,0.0,3040.0,0.0,476760.0,108480.0,0.0,572320.0,0.0,0.0,0.0,68320.0,424640.0,1417797.0,52920.0,19040.0,0.0,0.0,0.0,511480.0,0.0
2026-02-23T10:00:00+01:00,14440.0,12640.0,0.0,15000.0,0.0,0.0,0.0,14080.0,14000.0,15000.0,13680.0,11920.0,0.0,0.0,0.0,12200.0,0.0,3080.0,6760.0,0.0,3040.0,0.0,0.0,0.0,3200.0,3080.0,3040.0,3880.0,3120.0,0.0,0.0,0.0,3040.0,0.0,488120.0,28880.0,0.0,557518.0,0.0,0.0,0.0,58040.0,100360.0,1451838.0,72400.0,39920.0,0.0,0.0,0.0,68280.0,0.0
2026-02-23T11:00:00+01:00,12920.0,12440.0,0.0,14040.0,0.0,0.0,0.0,14560.0,12600.0,15040.0,13440.0,4120.0,0.0,5040.0,0.0,13240.0,12880.0,3040.0,4000.0,0.0,3040.0,0.0,0.0,0.0,3840.0,3160.0,3040.0,3840.0,3640.0,0.0,5040.0,0.0,3640.0,6040.0,283040.0,52360.0,0.0,476120.0,0.0,0.0,0.0,153640.0,122000.0,1277867.0,85560.0,11480.0,0.0,10080.0,0.0,72400.0,18920.0
2026-02-23T12:00:00+01:00,14040.0,15040.0,0.0,12640.0,0.0,0.0,0.0,9160.0,14000.0,14840.0,5520.0,13080.0,0.0,0.0,0.0,7760.0,0.0,3080.0,3200.0,0.0,3040.0,0.0,0.0,0.0,4040.0,3040.0,3040.0,4160.0,4720.0,0.0,0.0,0.0,7760.0,0.0,407319.0,205078.0,0.0,326440.0,0.0,0.0,0.0,13200.0,417999.0,1100799.0,13920.0,24280.0,0.0,0.0,0.0,7760.0,0.0
2026-02-23T13:00:00+01:00,14800.0,13440.0,0.0,14240.0,8920.0,0.0,0.0,5960.0,14000.0,15040.0,12360.0,15040.0,0.0,0.0,0.0,10640.0,14840.0,3120.0,3640.0,0.0,3120.0,3520.0,0.0,0.0,3440.0,3040.0,3040.0,5440.0,3320.0,0.0,0.0,0.0,3200.0,14840.0,509760.0,109640.0,0.0,247399.0,31200.0,0.0,0.0,26160.0,506920.0,3276716.0,59160.0,51720.0,0.0,0.0,0.0,60879.0,14840.0
2026-02-23T14:00:00+01:00,14120.0,14880.0,0.0,14640.0,0.0,0.0,0.0,0.0,14720.0,15000.0,11680.0,11160.0,0.0,0.0,0.0,12000.0,9040.0,3040.0,3560.0,0.0,3360.0,0.0,0.0,0.0,0.0,3400.0,3040.0,3200.0,3240.0,0.0,0.0,0.0,3280.0,7640.0,859960.0,209640.0,0.0,553119.0,0.0,0.0,0.0,0.0,375640.0,2868517.0,48040.0,39520.0,0.0,0.0,0.0,113400.0,16680.0
2026-02-23T15:00:00+01:00,14840.0,14680.0,0.0,14240.0,4800.0,0.0,0.0,0.0,14560.0,14920.0,14480.0,8840.0,0.0,0.0,0.0,10000.0,7240.0,3040.0,3240.0,0.0,3120.0,4800.0,0.0,0.0,0.0,3200.0,3040.0,4720.0,3040.0,0.0,0.0,0.0,3960.0,4160.0,630120.0,147640.0,0.0,676319.0,4800.0,0.0,0.0,0.0,323680.0,2331279.0,86400.0,87440.0,0.0,0.0,0.0,76280.0,11400.0
2026-02-23T16:00:00+01:00,14680.0,14360.0,0.0,14560.0,0.0,0.0,0.0,14040.0,14560.0,14840.0,13760.0,6840.0,0.0,0.0,0.0,13960.0,0.0,3160.0,3080.0,0.0,3040.0,0.0,0.0,0.0,3040.0,3040.0,3040.0,5360.0,3080.0,0.0,0.0,0.0,3360.0,0.0,330440.0,131240.0,0.0,547679.0,0.0,0.0,0.0,209000.0,374080.0,1699999.0,96840.0,48520.0,0.0,0.0,0.0,157039.0,0.0
2026-02-23T17:00:00+01:00,12920.0,10640.0,0.0,14760.0,0.0,0.0,0.0,8920.0,12160.0,14840.0,14480.0,7240.0,0.0,0.0,0.0,14320.0,0.0,3080.0,3040.0,0.0,3080.0,0.0,0.0,0.0,4000.0,3080.0,3040.0,6560.0,3080.0,0.0,0.0,0.0,3160.0,0.0,149600.0,108760.0,0.0,330640.0,0.0,0.0,0.0,19720.0,139640.0,783320.0,29760.0,36120.0,0.0,0.0,0.0,315680.0,0.0
2026-02-23T18:00:00+01:00,14480.0,11640.0,3600.0,14880.0,0.0,0.0,0.0,0.0,3400.0,14520.0,0.0,0.0,0.0,0.0,0.0,8400.0,0.0,3040.0,3120.0,3600.0,3080.0,0.0,0.0,0.0,0.0,3400.0,3040.0,0.0,0.0,0.0,0.0,0.0,8400.0,0.0,490158.0,41360.0,3600.0,640800.0,0.0,0.0,0.0,0.0,3400.0,1363199.0,0.0,0.0,0.0,0.0,0.0,8400.0,0.0
2026-02-23T19:00:00+01:00,14040.0,14800.0,0.0,14800.0,0.0,0.0,0.0,0.0,6440.0,14840.0,3120.0,0.0,0.0,0.0,0.0,0.0,0.0,3040.0,3120.0,0.0,3040.0,0.0,0.0,0.0,0.0,5920.0,3040.0,3040.0,0.0,0.0,0.0,0.0,0.0,0.0,1134833.0,41600.0,0.0,556158.0,0.0,0.0,0.0,0.0,18680.0,2355278.0,6160.0,0.0,0.0,0.0,0.0,0.0,0.0
2026-02-23T20:00:00+01:00,14240.0,11280.0,0.0,14680.0,0.0,0.0,0.0,0.0,0.0,14840.0,12760.0,0.0,0.0,0.0,0.0,0.0,0.0,3040.0,5640.0,0.0,3240.0,0.0,0.0,0.0,0.0,0.0,3040.0,3160.0,0.0,0.0,0.0,0.0,0.0,0.0,316719.0,23160.0,0.0,506480.0,0.0,0.0,0.0,0.0,0.0,1437999.0,19480.0,0.0,0.0,0.0,0.0,0.0,0.0
2026-02-23T21:00:00+01:00,12920.0,4520.0,0.0,14880.0,0.0,0.0,0.0,0.0,5960.0,14640.0,7160.0,0.0,0.0,0.0,0.0,0.0,0.0,3080.0,4480.0,0.0,3160.0,0.0,0.0,0.0,0.0,3440.0,3040.0,3040.0,0.0,0.0,0.0,0.0,0.0,0.0,300840.0,9000.0,0.0,621600.0,0.0,0.0,0.0,0.0,9400.0,829759.0,63040.0,0.0,0.0,0.0,0.0,0.0,0.0
2026-02-23T22:00:00+01:00,14000.0,5640.0,0.0,14240.0,0.0,0.0,0.0,0.0,0.0,14280.0,4240.0,0.0,0.0,0.0,0.0,0.0,0.0,3280.0,3240.0,0.0,3080.0,0.0,0.0,0.0,0.0,0.0,3240.0,4240.0,0.0,0.0,0.0,0.0,0.0,0.0,507999.0,31600.0,0.0,245520.0,0.0,0.0,0.0,0.0,0.0,284680.0,4240.0,0.0,0.0,0.0,0.0,0.0,0.0
2026-02-23T23:00:00+01:00,14040.0,0.0,0.0,10560.0,0.0,0.0,0.0,0.0,0.0,13840.0,0.0,0.0,0.0,0.0,0.0,0.0,0.0,3080.0,0.0,0.0,3080.0,0.0,0.0,0.0,0.0,0.0,3040.0,0.0,0.0,0.0,0.0,0.0,0.0,0.0,466159.0,0.0,0.0,154880.0,0.0,0.0,0.0,0.0,0.0,195120.0,0.0,0.0,0.0,0.0,0.0,0.0,0.0
2026-02-24T00:00:00+01:00,14680.0,0.0,0.0,12960.0,0.0,0.0,0.0,0.0,0.0,13200.0,0.0,0.0,0.0,0.0,0.0,4800.0,0.0,3080.0,0.0,0.0,3040.0,0.0,0.0,0.0,0.0,0.0,3040.0,0.0,0.0,0.0,0.0,0.0,4800.0,0.0,579720.0,0.0,0.0,411520.0,0.0,0.0,0.0,0.0,0.0,130360.0,0.0,0.0,0.0,0.0,0.0,4800.0,0.0
2026-02-24T01:00:00+01:00,12000.0,0.0,0.0,14600.0,0.0,0.0,0.0,0.0,0.0,8960.0,0.0,0.0,0.0,0.0,0.0,0.0,0.0,3040.0,0.0,0.0,3040.0,0.0,0.0,0.0,0.0,0.0,3040.0,0.0,0.0,0.0,0.0,0.0,0.0,0.0,855000.0,0.0,0.0,1485599.0,0.0,0.0,0.0,0.0,0.0,90480.0,0.0,0.0,0.0,0.0,0.0,0.0,0.0
2026-02-24T02:00:00+01:00,14560.0,0.0,0.0,14160.0,0.0,0.0,0.0,0.0,0.0,10360.0,0.0,0.0,0.0,0.0,0.0,0.0,0.0,3040.0,0.0,0.0,3040.0,0.0,0.0,0.0,0.0,0.0,3040.0,0.0,0.0,0.0,0.0,0.0,0.0,0.0,807720.0,0.0,0.0,823880.0,0.0,0.0,0.0,0.0,0.0,202920.0,0.0,0.0,0.0,0.0,0.0,0.0,0.0
2026-02-24T03:00:00+01:00,8000.0,0.0,0.0,14000.0,0.0,0.0,0.0,0.0,0.0,9920.0,0.0,0.0,0.0,0.0,0.0,0.0,0.0,3040.0,0.0,0.0,3040.0,0.0,0.0,0.0,0.0,0.0,3040.0,0.0,0.0,0.0,0.0,0.0,0.0,0.0,262480.0,0.0,0.0,470600.0,0.0,0.0,0.0,0.0,0.0,164400.0,0.0,0.0,0.0,0.0,0.0,0.0,0.0
2026-02-24T04:00:00+01:00,11120.0,0.0,4640.0,14120.0,0.0,0.0,0.0,3320.0,5920.0,11360.0,0.0,0.0,0.0,0.0,5120.0,0.0,0.0,3240.0,0.0,4640.0,3160.0,0.0,0.0,0.0,3320.0,5920.0,3040.0,0.0,0.0,0.0,0.0,3560.0,0.0,0.0,241716.0,0.0,4640.0,467919.0,0.0,0.0,0.0,3320.0,5920.0,131240.0,0.0,0.0,0.0,0.0,8680.0,0.0,0.0
2026-02-24T05:00:00+01:00,14000.0,6440.0,0.0,14760.0,0.0,0.0,0.0,0.0,0.0,11880.0,0.0,0.0,0.0,0.0,5520.0,0.0,0.0,3040.0,6440.0,0.0,3920.0,0.0,0.0,0.0,0.0,0.0,3080.0,0.0,0.0,0.0,0.0,3440.0,0.0,0.0,326280.0,6440.0,0.0,140360.0,0.0,0.0,0.0,0.0,0.0,239200.0,0.0,0.0,0.0,0.0,17600.0,0.0,0.0
2026-02-24T06:00:00+01:00,13600.0,5080.0,0.0,14240.0,0.0,0.0,0.0,7400.0,0.0,14520.0,4000.0,0.0,0.0,0.0,0.0,6000.0,0.0,3080.0,3800.0,0.0,3040.0,0.0,0.0,0.0,4000.0,0.0,3040.0,3640.0,0.0,0.0,0.0,0.0,3120.0,0.0,322400.0,8880.0,0.0,367840.0,0.0,0.0,0.0,21000.0,0.0,782360.0,11640.0,0.0,0.0,0.0,0.0,14320.0,0.0
2026-02-24T07:00:00+01:00,8039.0,10160.0,0.0,14320.0,0.0,0.0,0.0,10680.0,7600.0,14760.0,11440.0,6520.0,0.0,0.0,0.0,13960.0,6840.0,3040.0,3040.0,0.0,3040.0,0.0,0.0,0.0,3200.0,3560.0,3040.0,3600.0,3800.0,0.0,0.0,0.0,3520.0,6840.0,103319.0,111760.0,0.0,741679.0,0.0,0.0,0.0,140760.0,20120.0,1730879.0,35920.0,14560.0,0.0,0.0,0.0,249880.0,6840.0
2026-02-24T08:00:00+01:00,8240.0,12240.0,0.0,14120.0,0.0,0.0,0.0,13840.0,3440.0,14640.0,8960.0,0.0,0.0,0.0,0.0,12040.0,0.0,3040.0,3440.0,0.0,3040.0,0.0,0.0,0.0,3840.0,3440.0,3040.0,4280.0,0.0,0.0,0.0,0.0,3480.0,0.0,76480.0,100320.0,0.0,1666116.0,0.0,0.0,0.0,109440.0,3440.0,1693316.0,52240.0,0.0,0.0,0.0,0.0,110160.0,0.0
2026-02-24T09:00:00+01:00,13840.0,6280.0,0.0,14360.0,0.0,0.0,0.0,12440.0,0.0,14640.0,5720.0,0.0,0.0,0.0,0.0,14560.0,9720.0,3040.0,3240.0,0.0,3040.0,0.0,0.0,0.0,3640.0,0.0,3040.0,3200.0,0.0,0.0,0.0,0.0,3040.0,9720.0,374160.0,19280.0,0.0,1623878.0,0.0,0.0,0.0,112960.0,0.0,1646678.0,8920.0,0.0,0.0,0.0,0.0,363319.0,9720.0
2026-02-24T10:00:00+01:00,6280.0,8720.0,0.0,14520.0,0.0,0.0,0.0,13560.0,10960.0,14640.0,12480.0,0.0,0.0,0.0,0.0,9760.0,0.0,3120.0,3480.0,0.0,3080.0,0.0,0.0,0.0,4480.0,3080.0,3040.0,7920.0,0.0,0.0,0.0,0.0,3120.0,0.0,55560.0,38960.0,0.0,1314078.0,0.0,0.0,0.0,50080.0,41600.0,1615367.0,28519.0,0.0,0.0,0.0,0.0,104519.0,0.0
2026-02-24T11:00:00+01:00,11520.0,7840.0,0.0,14000.0,0.0,0.0,0.0,9920.0,12880.0,14640.0,7360.0,0.0,0.0,0.0,0.0,10160.0,0.0,3040.0,3960.0,0.0,3240.0,0.0,0.0,0.0,5240.0,3120.0,3040.0,3840.0,0.0,0.0,0.0,0.0,3360.0,0.0,22920.0,37760.0,0.0,646038.0,0.0,0.0,0.0,39520.0,228920.0,1767277.0,11200.0,0.0,0.0,0.0,0.0,170400.0,0.0
2026-02-24T12:00:00+01:00,4040.0,13360.0,0.0,14000.0,0.0,0.0,0.0,12200.0,12000.0,14680.0,11600.0,3680.0,0.0,0.0,0.0,10600.0,0.0,3040.0,3160.0,0.0,3160.0,0.0,0.0,0.0,3040.0,3080.0,3040.0,3720.0,3320.0,0.0,0.0,0.0,3840.0,0.0,14680.0,102680.0,0.0,325120.0,0.0,0.0,0.0,111800.0,270440.0,1329160.0,45640.0,7000.0,0.0,0.0,0.0,106880.0,0.0
2026-02-24T13:00:00+01:00,8520.0,14600.0,0.0,12720.0,5240.0,0.0,0.0,14560.0,14040.0,14640.0,10040.0,10480.0,0.0,0.0,0.0,13640.0,0.0,3040.0,4880.0,0.0,3040.0,5240.0,0.0,0.0,3440.0,3040.0,3040.0,3240.0,3200.0,0.0,0.0,0.0,3040.0,0.0,30880.0,108360.0,0.0,376040.0,5240.0,0.0,0.0,103479.0,242880.0,4698956.0,104319.0,40800.0,0.0,0.0,0.0,268080.0,0.0
2026-02-24T14:00:00+01:00,10360.0,13120.0,0.0,13840.0,0.0,0.0,0.0,14120.0,11640.0,14600.0,14200.0,13640.0,0.0,0.0,0.0,7760.0,0.0,3200.0,3640.0,0.0,3120.0,0.0,0.0,0.0,3040.0,3200.0,3040.0,3160.0,3040.0,0.0,0.0,0.0,3240.0,0.0,27080.0,98560.0,0.0,366878.0,0.0,0.0,0.0,313559.0,206679.0,4072391.0,118400.0,270360.0,0.0,0.0,0.0,45560.0,0.0
2026-02-24T15:00:00+01:00,6200.0,14080.0,0.0,11920.0,0.0,0.0,0.0,13920.0,8440.0,14520.0,6880.0,14120.0,0.0,0.0,0.0,9320.0,0.0,6200.0,3320.0,0.0,3040.0,0.0,0.0,0.0,3040.0,3120.0,3040.0,3240.0,3200.0,0.0,0.0,0.0,3480.0,0.0,6200.0,224479.0,0.0,335920.0,0.0,0.0,0.0,366520.0,81600.0,4030876.0,51160.0,114920.0,0.0,0.0,0.0,141759.0,0.0
2026-02-24T16:00:00+01:00,5960.0,13880.0,0.0,12880.0,0.0,0.0,0.0,11360.0,13680.0,14560.0,13080.0,13200.0,0.0,0.0,0.0,13040.0,14040.0,5960.0,3040.0,0.0,3120.0,0.0,0.0,0.0,3520.0,3120.0,3040.0,6120.0,3040.0,0.0,0.0,0.0,3080.0,14040.0,5960.0,250400.0,0.0,276160.0,0.0,0.0,0.0,125518.0,81480.0,3280075.0,28040.0,154400.0,0.0,0.0,0.0,161600.0,14040.0
2026-02-24T17:00:00+01:00,3280.0,13200.0,0.0,10240.0,0.0,0.0,0.0,12840.0,9640.0,14200.0,10200.0,13760.0,0.0,0.0,0.0,13440.0,6120.0,3280.0,3280.0,0.0,3120.0,0.0,0.0,0.0,3440.0,3040.0,3080.0,3720.0,3040.0,0.0,0.0,0.0,3160.0,3360.0,3280.0,172720.0,0.0,179559.0,0.0,0.0,0.0,27800.0,51160.0,768750.0,30680.0,266640.0,0.0,0.0,0.0,170480.0,9480.0
2026-02-24T18:00:00+01:00,14000.0,11640.0,0.0,14040.0,0.0,0.0,0.0,0.0,4720.0,13960.0,12000.0,0.0,0.0,0.0,0.0,3040.0,0.0,3040.0,3200.0,0.0,3040.0,0.0,0.0,0.0,0.0,3080.0,3040.0,3160.0,0.0,0.0,0.0,0.0,3040.0,0.0,586357.0,87440.0,0.0,695480.0,0.0,0.0,0.0,0.0,10960.0,563480.0,59160.0,0.0,0.0,0.0,0.0,3040.0,0.0
2026-02-24T19:00:00+01:00,14440.0,13360.0,0.0,14440.0,0.0,0.0,0.0,0.0,7520.0,14440.0,4880.0,0.0,0.0,0.0,0.0,0.0,0.0,3040.0,3040.0,0.0,3040.0,0.0,0.0,0.0,0.0,4240.0,3040.0,3040.0,0.0,0.0,0.0,0.0,0.0,0.0,674838.0,67760.0,0.0,1860198.0,0.0,0.0,0.0,0.0,29640.0,3042716.0,7920.0,0.0,0.0,0.0,0.0,0.0,0.0
2026-02-24T20:00:00+01:00,13640.0,7160.0,0.0,14320.0,0.0,0.0,0.0,5960.0,6280.0,14440.0,0.0,0.0,0.0,0.0,0.0,3440.0,0.0,3200.0,3280.0,0.0,3040.0,0.0,0.0,0.0,3400.0,3040.0,3040.0,0.0,0.0,0.0,0.0,0.0,3440.0,0.0,90880.0,27160.0,0.0,1808755.0,0.0,0.0,0.0,9360.0,17120.0,3081671.0,0.0,0.0,0.0,0.0,0.0,3440.0,0.0
2026-02-24T21:00:00+01:00,14000.0,8920.0,0.0,14440.0,0.0,0.0,0.0,10360.0,10640.0,14200.0,0.0,3240.0,0.0,0.0,0.0,0.0,0.0,3240.0,3080.0,0.0,3040.0,0.0,0.0,0.0,4000.0,3840.0,3040.0,0.0,3240.0,0.0,0.0,0.0,0.0,0.0,189560.0,59800.0,0.0,634520.0,0.0,0.0,0.0,18360.0,20240.0,1202919.0,0.0,3240.0,0.0,0.0,0.0,0.0,0.0
2026-02-24T22:00:00+01:00,14120.0,3720.0,0.0,14200.0,0.0,0.0,0.0,7920.0,0.0,14360.0,0.0,0.0,0.0,0.0,0.0,0.0,0.0,3040.0,3720.0,0.0,3040.0,0.0,0.0,0.0,3800.0,0.0,3120.0,0.0,0.0,0.0,0.0,0.0,0.0,0.0,118120.0,3720.0,0.0,864920.0,0.0,0.0,0.0,11720.0,0.0,318080.0,0.0,0.0,0.0,0.0,0.0,0.0,0.0
2026-02-24T23:00:00+01:00,13160.0,3040.0,0.0,13920.0,0.0,0.0,0.0,14160.0,0.0,13200.0,0.0,0.0,0.0,0.0,0.0,0.0,0.0,3160.0,3040.0,0.0,3040.0,0.0,0.0,0.0,3120.0,0.0,3040.0,0.0,0.0,0.0,0.0,0.0,0.0,0.0,74880.0,3040.0,0.0,398400.0,0.0,0.0,0.0,619999.0,0.0,358840.0,0.0,0.0,0.0,0.0,0.0,0.0,0.0
2026-02-25T00:00:00+01:00,14440.0,4760.0,0.0,14320.0,0.0,0.0,0.0,5880.0,0.0,12600.0,0.0,0.0,0.0,0.0,0.0,0.0,0.0,3080.0,4760.0,0.0,3040.0,0.0,0.0,0.0,3240.0,0.0,3080.0,0.0,0.0,0.0,0.0,0.0,0.0,0.0,82760.0,4760.0,0.0,1011119.0,0.0,0.0,0.0,25200.0,0.0,324158.0,0.0,0.0,0.0,0.0,0.0,0.0,0.0
2026-02-25T01:00:00+01:00,12320.0,4160.0,0.0,14000.0,0.0,0.0,0.0,0.0,0.0,11240.0,0.0,0.0,0.0,0.0,0.0,0.0,0.0,3040.0,3800.0,0.0,3160.0,0.0,0.0,0.0,0.0,0.0,3040.0,0.0,0.0,0.0,0.0,0.0,0.0,0.0,186480.0,7960.0,0.0,778840.0,0.0,0.0,0.0,0.0,0.0,164960.0,0.0,0.0,0.0,0.0,0.0,0.0,0.0
2026-02-25T02:00:00+01:00,7560.0,3400.0,0.0,13960.0,0.0,0.0,0.0,4800.0,0.0,14400.0,0.0,0.0,0.0,0.0,0.0,0.0,0.0,3040.0,3400.0,0.0,3040.0,0.0,0.0,0.0,3280.0,0.0,3040.0,0.0,0.0,0.0,0.0,0.0,0.0,0.0,146160.0,3400.0,0.0,509199.0,0.0,0.0,0.0,8080.0,0.0,423040.0,0.0,0.0,0.0,0.0,0.0,0.0,0.0
2026-02-25T03:00:00+01:00,8119.0,4840.0,0.0,14280.0,0.0,0.0,0.0,0.0,8480.0,14240.0,0.0,0.0,0.0,0.0,0.0,0.0,0.0,3360.0,3440.0,0.0,3120.0,0.0,0.0,0.0,0.0,8480.0,3120.0,0.0,0.0,0.0,0.0,0.0,0.0,0.0,133199.0,20120.0,0.0,288239.0,0.0,0.0,0.0,0.0,8480.0,389000.0,0.0,0.0,0.0,0.0,0.0,0.0,0.0
2026-02-25T04:00:00+01:00,12840.0,3320.0,0.0,12760.0,0.0,0.0,0.0,0.0,0.0,14000.0,0.0,0.0,0.0,0.0,0.0,0.0,0.0,3200.0,3320.0,0.0,3200.0,0.0,0.0,0.0,0.0,0.0,3200.0,0.0,0.0,0.0,0.0,0.0,0.0,0.0,215000.0,3320.0,0.0,187640.0,0.0,0.0,0.0,0.0,0.0,409400.0,0.0,0.0,0.0,0.0,0.0,0.0,0.0
2026-02-25T05:00:00+01:00,14200.0,4240.0,0.0,14040.0,0.0,0.0,0.0,9080.0,0.0,14360.0,0.0,0.0,0.0,0.0,0.0,0.0,0.0,3040.0,4240.0,0.0,3120.0,0.0,0.0,0.0,4480.0,0.0,3040.0,0.0,0.0,0.0,0.0,0.0,0.0,0.0,842760.0,4240.0,0.0,360000.0,0.0,0.0,0.0,13560.0,0.0,400199.0,0.0,0.0,0.0,0.0,0.0,0.0,0.0
2026-02-25T06:00:00+01:00,13960.0,9840.0,0.0,14080.0,11480.0,0.0,0.0,13240.0,5680.0,14280.0,0.0,0.0,0.0,0.0,0.0,12080.0,0.0,3040.0,5360.0,0.0,3040.0,3240.0,0.0,0.0,3200.0,5680.0,3040.0,0.0,0.0,0.0,0.0,0.0,4680.0,0.0,702960.0,15200.0,0.0,615280.0,77320.0,0.0,0.0,20080.0,5680.0,904640.0,0.0,0.0,0.0,0.0,0.0,26480.0,0.0
2026-02-25T07:00:00+01:00,13520.0,12000.0,0.0,13960.0,9120.0,0.0,0.0,5120.0,12400.0,14280.0,7000.0,4880.0,0.0,0.0,0.0,14000.0,9600.0,3040.0,3040.0,0.0,3080.0,4160.0,0.0,0.0,5120.0,3040.0,3040.0,3040.0,4280.0,0.0,0.0,0.0,3440.0,8119.0,334040.0,120720.0,0.0,704439.0,17760.0,0.0,0.0,5120.0,391680.0,1254879.0,23160.0,13840.0,0.0,0.0,0.0,208440.0,27119.0
2026-02-25T08:00:00+01:00,10240.0,13440.0,0.0,14040.0,0.0,0.0,0.0,7200.0,6800.0,14080.0,12760.0,8840.0,0.0,0.0,0.0,14000.0,12320.0,3280.0,4440.0,0.0,3040.0,0.0,0.0,0.0,4160.0,3080.0,3040.0,3560.0,5560.0,0.0,0.0,0.0,3160.0,6200.0,107280.0,115240.0,0.0,522999.0,0.0,0.0,0.0,11360.0,98200.0,939898.0,43999.0,33920.0,0.0,0.0,0.0,331439.0,18520.0
2026-02-25T09:00:00+01:00,12560.0,14280.0,0.0,14000.0,12440.0,0.0,0.0,14240.0,6880.0,14320.0,11600.0,7680.0,0.0,0.0,0.0,13960.0,4400.0,3400.0,3400.0,0.0,3200.0,9640.0,0.0,0.0,5240.0,3280.0,3040.0,5200.0,3920.0,0.0,0.0,0.0,3080.0,3600.0,220280.0,190240.0,0.0,389920.0,22080.0,0.0,0.0,39680.0,16880.0,792429.0,66160.0,16160.0,0.0,0.0,0.0,311997.0,8000.0
2026-02-25T10:00:00+01:00,8000.0,13560.0,0.0,14000.0,9040.0,0.0,0.0,9920.0,13040.0,14120.0,10440.0,13360.0,0.0,0.0,0.0,14080.0,0.0,3080.0,4240.0,0.0,3040.0,9040.0,0.0,0.0,3960.0,3040.0,3040.0,3480.0,3640.0,0.0,0.0,0.0,3400.0,0.0,105720.0,126200.0,0.0,331356.0,9040.0,0.0,0.0,17960.0,73360.0,821239.0,69240.0,66640.0,0.0,0.0,0.0,199640.0,0.0
2026-02-25T11:00:00+01:00,4880.0,12000.0,0.0,14000.0,0.0,0.0,0.0,7640.0,12000.0,14280.0,13160.0,7920.0,0.0,0.0,0.0,14000.0,4360.0,3200.0,5200.0,0.0,3040.0,0.0,0.0,0.0,5000.0,3160.0,3040.0,6240.0,3040.0,0.0,0.0,0.0,3200.0,4360.0,11880.0,52080.0,0.0,959639.0,0.0,0.0,0.0,12640.0,148359.0,1532679.0,77559.0,45640.0,0.0,0.0,0.0,577200.0,4360.0
2026-02-25T12:00:00+01:00,13840.0,11880.0,0.0,14040.0,13240.0,0.0,0.0,14120.0,11960.0,14240.0,12480.0,9120.0,0.0,0.0,0.0,14200.0,0.0,3200.0,3280.0,0.0,3040.0,10800.0,0.0,0.0,3120.0,3040.0,3040.0,3640.0,3040.0,0.0,0.0,0.0,3240.0,0.0,141800.0,97360.0,0.0,1542111.0,24040.0,0.0,0.0,728795.0,250160.0,2455799.0,48720.0,58000.0,0.0,0.0,0.0,169240.0,0.0
2026-02-25T13:00:00+01:00,11720.0,13080.0,0.0,14120.0,0.0,0.0,0.0,14000.0,10680.0,14240.0,12360.0,13520.0,0.0,0.0,0.0,13840.0,0.0,3080.0,3120.0,0.0,3120.0,0.0,0.0,0.0,3040.0,3040.0,3040.0,4200.0,3040.0,0.0,0.0,0.0,3120.0,0.0,234040.0,104800.0,0.0,500200.0,0.0,0.0,0.0,600560.0,72560.0,2831079.0,76960.0,90240.0,0.0,0.0,0.0,215520.0,0.0
2026-02-25T14:00:00+01:00,12360.0,13600.0,0.0,12000.0,0.0,0.0,0.0,12920.0,11720.0,14240.0,9400.0,8080.0,0.0,0.0,0.0,7680.0,0.0,3280.0,3120.0,0.0,3040.0,0.0,0.0,0.0,3040.0,3080.0,3040.0,5680.0,5120.0,0.0,0.0,0.0,3720.0,0.0,153280.0,237640.0,0.0,399160.0,0.0,0.0,0.0,473920.0,85480.0,2388277.0,23240.0,25320.0,0.0,0.0,0.0,71320.0,0.0
2026-02-25T15:00:00+01:00,11760.0,13360.0,0.0,9360.0,4400.0,0.0,0.0,13760.0,13080.0,14160.0,12560.0,12840.0,0.0,0.0,0.0,13760.0,6680.0,3480.0,3400.0,0.0,3200.0,4400.0,0.0,0.0,3160.0,3720.0,3080.0,3360.0,3080.0,0.0,0.0,0.0,3080.0,4360.0,87280.0,165240.0,0.0,142120.0,4400.0,0.0,0.0,207719.0,57640.0,1578198.0,68600.0,70600.0,0.0,0.0,0.0,173760.0,11040.0
2026-02-25T16:00:00+01:00,11160.0,13440.0,0.0,14000.0,0.0,0.0,0.0,8320.0,13760.0,13640.0,11840.0,12320.0,0.0,0.0,0.0,12600.0,6200.0,3040.0,3280.0,0.0,3040.0,0.0,0.0,0.0,8320.0,4840.0,3120.0,3680.0,3040.0,0.0,0.0,0.0,6560.0,6200.0,58200.0,207720.0,0.0,406518.0,0.0,0.0,0.0,8320.0,18600.0,601320.0,70720.0,222800.0,0.0,0.0,0.0,25920.0,6200.0
2026-02-25T17:00:00+01:00,7200.0,14160.0,7560.0,14000.0,0.0,0.0,0.0,0.0,7600.0,14160.0,13160.0,13560.0,0.0,0.0,0.0,14000.0,7320.0,3400.0,3720.0,7560.0,3040.0,0.0,0.0,0.0,0.0,7080.0,3040.0,3080.0,3040.0,0.0,0.0,0.0,3080.0,5400.0,34080.0,107560.0,7560.0,604480.0,0.0,0.0,0.0,0.0,14680.0,2390839.0,93680.0,343520.0,0.0,0.0,0.0,201479.0,12720.0
2026-02-25T18:00:00+01:00,14040.0,13120.0,0.0,14160.0,8000.0,0.0,0.0,0.0,7040.0,14080.0,10840.0,0.0,0.0,0.0,0.0,4240.0,0.0,3040.0,3120.0,0.0,3040.0,3840.0,0.0,0.0,0.0,5000.0,3040.0,10840.0,0.0,0.0,0.0,0.0,3080.0,0.0,614800.0,83600.0,0.0,1769636.0,31680.0,0.0,0.0,0.0,18800.0,2831116.0,10840.0,0.0,0.0,0.0,0.0,7320.0,0.0
2026-02-25T19:00:00+01:00,14000.0,12280.0,0.0,14040.0,0.0,0.0,0.0,0.0,5240.0,13960.0,3560.0,0.0,0.0,0.0,0.0,9840.0,3640.0,3040.0,3760.0,0.0,3040.0,0.0,0.0,0.0,0.0,3440.0,3040.0,3560.0,0.0,0.0,0.0,0.0,9520.0,3640.0,794800.0,40320.0,0.0,1664279.0,0.0,0.0,0.0,0.0,8680.0,2518440.0,3560.0,0.0,0.0,0.0,0.0,19360.0,3640.0
2026-02-25T20:00:00+01:00,13960.0,8360.0,0.0,14040.0,0.0,0.0,0.0,0.0,4760.0,14040.0,3640.0,0.0,0.0,0.0,0.0,8000.0,0.0,3040.0,3240.0,0.0,3040.0,0.0,0.0,0.0,0.0,4760.0,3040.0,3640.0,0.0,0.0,0.0,0.0,4000.0,0.0,524998.0,34480.0,0.0,1162119.0,0.0,0.0,0.0,0.0,4760.0,1737116.0,3640.0,0.0,0.0,0.0,0.0,12000.0,0.0
2026-02-25T21:00:00+01:00,8000.0,10120.0,6720.0,14040.0,0.0,0.0,0.0,0.0,5120.0,13760.0,0.0,0.0,0.0,0.0,0.0,13640.0,0.0,3160.0,3400.0,4760.0,3040.0,0.0,0.0,0.0,0.0,3840.0,3040.0,0.0,0.0,0.0,0.0,0.0,4000.0,0.0,35480.0,38080.0,11480.0,739560.0,0.0,0.0,0.0,0.0,8960.0,592399.0,0.0,0.0,0.0,0.0,0.0,69560.0,0.0
2026-02-25T22:00:00+01:00,11800.0,4480.0,0.0,14080.0,0.0,0.0,0.0,0.0,0.0,14000.0,0.0,0.0,0.0,0.0,0.0,0.0,0.0,3040.0,4480.0,0.0,3200.0,0.0,0.0,0.0,0.0,0.0,3080.0,0.0,0.0,0.0,0.0,0.0,0.0,0.0,34520.0,4480.0,0.0,783877.0,0.0,0.0,0.0,0.0,0.0,489600.0,0.0,0.0,0.0,0.0,0.0,0.0,0.0
2026-02-25T23:00:00+01:00,12040.0,0.0,0.0,14080.0,0.0,0.0,0.0,0.0,4280.0,14000.0,0.0,0.0,0.0,0.0,0.0,0.0,0.0,4000.0,0.0,0.0,3160.0,0.0,0.0,0.0,0.0,4280.0,3120.0,0.0,0.0,0.0,0.0,0.0,0.0,0.0,16040.0,0.0,0.0,1007995.0,0.0,0.0,0.0,0.0,4280.0,489959.0,0.0,0.0,0.0,0.0,0.0,0.0,0.0
2026-02-26T00:00:00+01:00,4040.0,0.0,0.0,14040.0,0.0,0.0,0.0,0.0,0.0,14040.0,0.0,0.0,0.0,0.0,0.0,0.0,0.0,3840.0,0.0,0.0,3040.0,0.0,0.0,0.0,0.0,0.0,3120.0,0.0,0.0,0.0,0.0,0.0,0.0,0.0,7880.0,0.0,0.0,960877.0,0.0,0.0,0.0,0.0,0.0,811237.0,0.0,0.0,0.0,0.0,0.0,0.0,0.0
2026-02-26T01:00:00+01:00,11320.0,0.0,0.0,14000.0,0.0,0.0,0.0,0.0,0.0,14000.0,0.0,0.0,0.0,0.0,0.0,0.0,0.0,3040.0,0.0,0.0,3320.0,0.0,0.0,0.0,0.0,0.0,3240.0,0.0,0.0,0.0,0.0,0.0,0.0,0.0,85680.0,0.0,0.0,640520.0,0.0,0.0,0.0,0.0,0.0,487360.0,0.0,0.0,0.0,0.0,0.0,0.0,0.0
2026-02-26T02:00:00+01:00,8000.0,0.0,0.0,14000.0,0.0,0.0,0.0,4000.0,0.0,14040.0,0.0,0.0,0.0,0.0,0.0,0.0,0.0,4000.0,0.0,0.0,3040.0,0.0,0.0,0.0,4000.0,0.0,3040.0,0.0,0.0,0.0,0.0,0.0,0.0,0.0,18400.0,0.0,0.0,351758.0,0.0,0.0,0.0,4000.0,0.0,436718.0,0.0,0.0,0.0,0.0,0.0,0.0,0.0
2026-02-26T03:00:00+01:00,0.0,0.0,0.0,10440.0,0.0,0.0,0.0,0.0,0.0,12400.0,0.0,0.0,0.0,0.0,0.0,0.0,0.0,0.0,0.0,0.0,3120.0,0.0,0.0,0.0,0.0,0.0,3440.0,0.0,0.0,0.0,0.0,0.0,0.0,0.0,0.0,0.0,0.0,96840.0,0.0,0.0,0.0,0.0,0.0,204279.0,0.0,0.0,0.0,0.0,0.0,0.0,0.0
2026-02-26T04:00:00+01:00,0.0,3800.0,0.0,12000.0,0.0,0.0,0.0,0.0,0.0,14000.0,0.0,0.0,0.0,0.0,0.0,0.0,0.0,0.0,3800.0,0.0,3120.0,0.0,0.0,0.0,0.0,0.0,3080.0,0.0,0.0,0.0,0.0,0.0,0.0,0.0,0.0,3800.0,0.0,198120.0,0.0,0.0,0.0,0.0,0.0,633439.0,0.0,0.0,0.0,0.0,0.0,0.0,0.0
2026-02-26T05:00:00+01:00,5160.0,0.0,0.0,13440.0,0.0,0.0,0.0,0.0,0.0,14000.0,0.0,0.0,0.0,0.0,0.0,0.0,0.0,3040.0,0.0,0.0,3080.0,0.0,0.0,0.0,0.0,0.0,3040.0,0.0,0.0,0.0,0.0,0.0,0.0,0.0,17400.0,0.0,0.0,260640.0,0.0,0.0,0.0,0.0,0.0,893800.0,0.0,0.0,0.0,0.0,0.0,0.0,0.0
2026-02-26T06:00:00+01:00,12800.0,5640.0,0.0,14000.0,0.0,0.0,0.0,11440.0,0.0,13880.0,7960.0,0.0,0.0,0.0,0.0,5680.0,0.0,3320.0,3840.0,0.0,3160.0,0.0,0.0,0.0,3480.0,0.0,3080.0,7960.0,0.0,0.0,0.0,0.0,5240.0,0.0,106520.0,18560.0,0.0,523159.0,0.0,0.0,0.0,69120.0,0.0,647800.0,7960.0,0.0,0.0,0.0,0.0,10920.0,0.0
2026-02-26T07:00:00+01:00,13560.0,9640.0,0.0,14000.0,10200.0,0.0,0.0,11040.0,14000.0,14040.0,13600.0,8360.0,0.0,0.0,0.0,14000.0,5200.0,3080.0,3960.0,0.0,3280.0,10200.0,0.0,0.0,3040.0,3120.0,3040.0,3480.0,3240.0,0.0,0.0,0.0,4040.0,5200.0,683080.0,46040.0,0.0,484040.0,10200.0,0.0,0.0,78120.0,608919.0,727200.0,158040.0,11600.0,0.0,0.0,0.0,145119.0,5200.0
2026-02-26T08:00:00+01:00,8000.0,13160.0,0.0,14000.0,0.0,0.0,0.0,12760.0,14000.0,13760.0,13960.0,0.0,0.0,0.0,0.0,13920.0,7160.0,3040.0,3280.0,0.0,3240.0,0.0,0.0,0.0,3480.0,3040.0,3040.0,3080.0,0.0,0.0,0.0,0.0,3280.0,7160.0,64120.0,63080.0,0.0,812439.0,0.0,0.0,0.0,102960.0,686838.0,549879.0,180360.0,0.0,0.0,0.0,0.0,139840.0,7160.0
2026-02-26T09:00:00+01:00,12400.0,11040.0,0.0,14000.0,11760.0,0.0,0.0,10720.0,14000.0,13600.0,12000.0,7440.0,0.0,0.0,0.0,12240.0,11600.0,3080.0,5640.0,0.0,3480.0,11760.0,0.0,0.0,3120.0,3120.0,3240.0,3920.0,4320.0,0.0,0.0,0.0,3440.0,11600.0,228720.0,47000.0,0.0,333720.0,11760.0,0.0,0.0,35720.0,327560.0,444440.0,38880.0,17120.0,0.0,0.0,0.0,107320.0,11600.0
2026-02-26T10:00:00+01:00,12880.0,12760.0,0.0,13800.0,11240.0,0.0,0.0,10080.0,13400.0,13920.0,12400.0,13800.0,0.0,0.0,0.0,13080.0,3200.0,3040.0,3040.0,0.0,3040.0,4640.0,0.0,0.0,3040.0,3040.0,3040.0,3080.0,3160.0,0.0,0.0,0.0,3800.0,3200.0,446679.0,58080.0,0.0,703959.0,15880.0,0.0,0.0,53400.0,786516.0,1421560.0,153120.0,89320.0,0.0,0.0,0.0,152599.0,3200.0
2026-02-26T11:00:00+01:00,13080.0,13240.0,0.0,13720.0,4280.0,0.0,0.0,9480.0,13960.0,13720.0,12840.0,13040.0,0.0,0.0,0.0,12000.0,0.0,3160.0,4360.0,0.0,3160.0,4280.0,0.0,0.0,3040.0,3080.0,3040.0,3200.0,3560.0,0.0,0.0,0.0,3240.0,0.0,447720.0,95280.0,0.0,1041560.0,4280.0,0.0,0.0,137640.0,862120.0,1829597.0,130320.0,127960.0,0.0,0.0,0.0,104160.0,0.0
2026-02-26T12:00:00+01:00,12960.0,13720.0,0.0,13720.0,5800.0,0.0,0.0,13360.0,13520.0,13880.0,12840.0,9080.0,0.0,0.0,0.0,11800.0,0.0,3200.0,3240.0,0.0,3040.0,5800.0,0.0,0.0,3040.0,3040.0,3040.0,3360.0,3240.0,0.0,0.0,0.0,3600.0,0.0,374320.0,88080.0,0.0,824598.0,5800.0,0.0,0.0,147519.0,1000437.0,1609918.0,129840.0,51800.0,0.0,0.0,0.0,69760.0,0.0
2026-02-26T13:00:00+01:00,13040.0,13840.0,0.0,12640.0,0.0,0.0,0.0,12920.0,13800.0,13920.0,10040.0,10120.0,0.0,0.0,0.0,9440.0,12160.0,3040.0,4640.0,0.0,3200.0,0.0,0.0,0.0,3200.0,3080.0,3040.0,3040.0,3040.0,0.0,0.0,0.0,3760.0,5480.0,260400.0,110080.0,0.0,812039.0,0.0,0.0,0.0,148560.0,827120.0,2352638.0,104880.0,111160.0,0.0,0.0,0.0,92360.0,17640.0
2026-02-26T14:00:00+01:00,12360.0,13440.0,0.0,13640.0,0.0,0.0,0.0,12360.0,13840.0,13880.0,13240.0,13080.0,0.0,0.0,0.0,9360.0,0.0,3040.0,3120.0,0.0,3040.0,0.0,0.0,0.0,3040.0,3040.0,3040.0,3240.0,3040.0,0.0,0.0,0.0,3600.0,0.0,251200.0,125040.0,0.0,818479.0,0.0,0.0,0.0,189360.0,587439.0,2982876.0,100800.0,266840.0,0.0,0.0,0.0,58320.0,0.0
2026-02-26T15:00:00+01:00,5560.0,13800.0,0.0,13560.0,0.0,0.0,0.0,0.0,13760.0,13840.0,10840.0,13400.0,0.0,3120.0,0.0,10000.0,0.0,3320.0,3840.0,0.0,3040.0,0.0,0.0,0.0,0.0,3080.0,3040.0,5120.0,3040.0,0.0,3120.0,0.0,3240.0,0.0,20720.0,126760.0,0.0,965798.0,0.0,0.0,0.0,0.0,875040.0,2107397.0,42359.0,204240.0,0.0,3120.0,0.0,83399.0,0.0
2026-02-26T16:00:00+01:00,7560.0,13440.0,0.0,13600.0,0.0,0.0,0.0,13160.0,13800.0,13760.0,11880.0,13640.0,0.0,0.0,0.0,10400.0,0.0,3760.0,3440.0,0.0,3080.0,0.0,0.0,0.0,13160.0,3040.0,3040.0,3040.0,3160.0,0.0,0.0,0.0,10400.0,0.0,24840.0,100800.0,0.0,659519.0,0.0,0.0,0.0,13160.0,538880.0,1845558.0,101840.0,132000.0,0.0,0.0,0.0,10400.0,0.0
2026-02-26T17:00:00+01:00,13280.0,10440.0,0.0,13840.0,0.0,0.0,0.0,9000.0,13680.0,13440.0,8800.0,13440.0,0.0,0.0,0.0,13200.0,10440.0,3320.0,3480.0,0.0,3160.0,0.0,0.0,0.0,9000.0,3200.0,3040.0,3560.0,3160.0,0.0,0.0,0.0,3440.0,4320.0,45520.0,139519.0,0.0,175199.0,0.0,0.0,0.0,9000.0,133880.0,805960.0,29480.0,141000.0,0.0,0.0,0.0,100760.0,14760.0
2026-02-26T18:00:00+01:00,13440.0,7640.0,0.0,13760.0,0.0,0.0,0.0,11520.0,0.0,13800.0,11920.0,0.0,0.0,0.0,0.0,12000.0,0.0,3160.0,3040.0,0.0,3040.0,0.0,0.0,0.0,10840.0,0.0,3040.0,5240.0,0.0,0.0,0.0,0.0,4000.0,0.0,465320.0,94200.0,0.0,1265198.0,0.0,0.0,0.0,22360.0,0.0,2550234.0,57839.0,0.0,0.0,0.0,0.0,41520.0,0.0
2026-02-26T19:00:00+01:00,12880.0,13000.0,0.0,13360.0,0.0,0.0,0.0,0.0,3840.0,13760.0,7680.0,0.0,0.0,0.0,0.0,5760.0,0.0,3040.0,4240.0,0.0,3040.0,0.0,0.0,0.0,0.0,3840.0,3040.0,3560.0,0.0,0.0,0.0,0.0,5760.0,0.0,1334559.0,48440.0,0.0,1092039.0,0.0,0.0,0.0,0.0,3840.0,2502756.0,15920.0,0.0,0.0,0.0,0.0,5760.0,0.0
2026-02-26T20:00:00+01:00,13640.0,11840.0,0.0,13800.0,0.0,0.0,0.0,6120.0,0.0,13800.0,0.0,0.0,0.0,0.0,0.0,0.0,0.0,3040.0,3400.0,0.0,3200.0,0.0,0.0,0.0,6120.0,0.0,3040.0,0.0,0.0,0.0,0.0,0.0,0.0,0.0,1222476.0,45800.0,0.0,794519.0,0.0,0.0,0.0,6120.0,0.0,2523317.0,0.0,0.0,0.0,0.0,0.0,0.0,0.0
2026-02-26T21:00:00+01:00,12360.0,11160.0,0.0,13800.0,0.0,0.0,0.0,0.0,0.0,13680.0,5480.0,0.0,0.0,0.0,0.0,7600.0,0.0,3160.0,3080.0,0.0,3040.0,0.0,0.0,0.0,0.0,0.0,3040.0,5480.0,0.0,0.0,0.0,0.0,6000.0,0.0,465158.0,52080.0,0.0,508400.0,0.0,0.0,0.0,0.0,0.0,1221757.0,5480.0,0.0,0.0,0.0,0.0,13600.0,0.0
2026-02-26T22:00:00+01:00,12000.0,6000.0,3440.0,13480.0,11520.0,0.0,0.0,0.0,0.0,13640.0,11800.0,0.0,0.0,0.0,0.0,0.0,0.0,3080.0,4000.0,3440.0,3040.0,3040.0,0.0,0.0,0.0,0.0,3040.0,11800.0,0.0,0.0,0.0,0.0,0.0,0.0,106000.0,19720.0,3440.0,319560.0,87920.0,0.0,0.0,0.0,0.0,465919.0,11800.0,0.0,0.0,0.0,0.0,0.0,0.0
2026-02-26T23:00:00+01:00,5840.0,0.0,0.0,13480.0,9320.0,0.0,0.0,0.0,0.0,13560.0,4520.0,0.0,0.0,0.0,0.0,0.0,0.0,3040.0,0.0,0.0,3040.0,9320.0,0.0,0.0,0.0,0.0,3080.0,4520.0,0.0,0.0,0.0,0.0,0.0,0.0,60880.0,0.0,0.0,730280.0,9320.0,0.0,0.0,0.0,0.0,458680.0,4520.0,0.0,0.0,0.0,0.0,0.0,0.0
2026-02-27T00:00:00+01:00,9960.0,0.0,0.0,13600.0,6880.0,0.0,0.0,0.0,7680.0,13240.0,12600.0,0.0,0.0,0.0,0.0,0.0,0.0,3040.0,0.0,0.0,3040.0,3280.0,0.0,0.0,0.0,7680.0,3160.0,3520.0,0.0,0.0,0.0,0.0,0.0,0.0,287280.0,0.0,0.0,1576438.0,10160.0,0.0,0.0,0.0,7680.0,587439.0,44240.0,0.0,0.0,0.0,0.0,0.0,0.0
2026-02-27T01:00:00+01:00,12000.0,0.0,0.0,13440.0,0.0,0.0,0.0,0.0,0.0,13600.0,0.0,0.0,0.0,0.0,0.0,0.0,0.0,3040.0,0.0,0.0,3040.0,0.0,0.0,0.0,0.0,0.0,3040.0,0.0,0.0,0.0,0.0,0.0,0.0,0.0,528960.0,0.0,0.0,1254640.0,0.0,0.0,0.0,0.0,0.0,497680.0,0.0,0.0,0.0,0.0,0.0,0.0,0.0
2026-02-27T02:00:00+01:00,11960.0,8560.0,0.0,13360.0,0.0,0.0,0.0,0.0,11040.0,13280.0,0.0,0.0,0.0,0.0,0.0,0.0,0.0,3040.0,5360.0,0.0,3080.0,0.0,0.0,0.0,0.0,3480.0,3040.0,0.0,0.0,0.0,0.0,0.0,0.0,0.0,303920.0,13920.0,0.0,1029113.0,0.0,0.0,0.0,0.0,14520.0,452680.0,0.0,0.0,0.0,0.0,0.0,0.0,0.0
2026-02-27T03:00:00+01:00,10000.0,0.0,0.0,13600.0,3640.0,0.0,0.0,0.0,0.0,9720.0,0.0,0.0,0.0,0.0,0.0,4760.0,0.0,3120.0,0.0,0.0,3120.0,3640.0,0.0,0.0,0.0,0.0,3160.0,0.0,0.0,0.0,0.0,0.0,4760.0,0.0,276600.0,0.0,0.0,760640.0,3640.0,0.0,0.0,0.0,0.0,150880.0,0.0,0.0,0.0,0.0,0.0,4760.0,0.0
2026-02-27T04:00:00+01:00,10280.0,3120.0,0.0,13120.0,0.0,0.0,0.0,0.0,0.0,12480.0,0.0,0.0,10920.0,0.0,0.0,0.0,0.0,3560.0,3120.0,0.0,3040.0,0.0,0.0,0.0,0.0,0.0,3040.0,0.0,0.0,6760.0,0.0,0.0,0.0,0.0,171120.0,3120.0,0.0,246600.0,0.0,0.0,0.0,0.0,0.0,226640.0,0.0,0.0,17680.0,0.0,0.0,0.0,0.0
2026-02-27T05:00:00+01:00,12000.0,0.0,0.0,13720.0,0.0,0.0,0.0,0.0,4000.0,10840.0,0.0,0.0,0.0,0.0,0.0,0.0,0.0,3160.0,0.0,0.0,3040.0,0.0,0.0,0.0,0.0,4000.0,3120.0,0.0,0.0,0.0,0.0,0.0,0.0,0.0,252159.0,0.0,0.0,1128159.0,0.0,0.0,0.0,0.0,4000.0,203720.0,0.0,0.0,0.0,0.0,0.0,0.0,0.0
2026-02-27T06:00:00+01:00,12680.0,0.0,0.0,13400.0,0.0,0.0,0.0,12560.0,3240.0,13160.0,0.0,0.0,0.0,0.0,0.0,0.0,0.0,3120.0,0.0,0.0,3040.0,0.0,0.0,0.0,3640.0,3240.0,3040.0,0.0,0.0,0.0,0.0,0.0,0.0,0.0,143639.0,0.0,0.0,1151839.0,0.0,0.0,0.0,48960.0,3240.0,437439.0,0.0,0.0,0.0,0.0,0.0,0.0,0.0
2026-02-27T07:00:00+01:00,12040.0,7240.0,0.0,13320.0,9200.0,0.0,0.0,10120.0,10440.0,13640.0,4920.0,0.0,0.0,0.0,0.0,13560.0,3840.0,3360.0,3120.0,0.0,3040.0,3480.0,0.0,0.0,3440.0,3080.0,3040.0,3880.0,0.0,0.0,0.0,0.0,3080.0,3840.0,103280.0,46360.0,0.0,662553.0,36520.0,0.0,0.0,77239.0,216478.0,1834948.0,8800.0,0.0,0.0,0.0,0.0,550078.0,3840.0
2026-02-27T08:00:00+01:00,3160.0,9640.0,0.0,13440.0,11200.0,0.0,0.0,9480.0,12040.0,13640.0,9840.0,0.0,0.0,0.0,0.0,12640.0,0.0,3160.0,3280.0,0.0,3040.0,3120.0,0.0,0.0,3080.0,3040.0,3040.0,6240.0,0.0,0.0,0.0,0.0,3200.0,0.0,3160.0,73040.0,0.0,617359.0,179520.0,0.0,0.0,125000.0,120600.0,1004118.0,53080.0,0.0,0.0,0.0,0.0,187320.0,0.0
2026-02-27T09:00:00+01:00,6200.0,13440.0,0.0,11960.0,12560.0,0.0,0.0,12960.0,12640.0,13680.0,7120.0,0.0,0.0,0.0,0.0,12960.0,0.0,3440.0,3080.0,0.0,3040.0,3080.0,0.0,0.0,3080.0,3320.0,3040.0,3040.0,0.0,0.0,0.0,0.0,3440.0,0.0,18520.0,125760.0,0.0,234040.0,214520.0,0.0,0.0,189200.0,417560.0,1027519.0,27880.0,0.0,0.0,0.0,0.0,213400.0,0.0
2026-02-27T10:00:00+01:00,6920.0,11640.0,0.0,13040.0,13360.0,0.0,0.0,11960.0,13320.0,13640.0,13440.0,0.0,0.0,0.0,0.0,12280.0,0.0,3720.0,4240.0,0.0,3080.0,4000.0,0.0,0.0,3600.0,3320.0,3040.0,3160.0,0.0,0.0,0.0,0.0,3440.0,0.0,10640.0,40520.0,0.0,292400.0,71360.0,0.0,0.0,45440.0,248760.0,1182479.0,67160.0,0.0,0.0,0.0,0.0,171040.0,0.0
2026-02-27T11:00:00+01:00,4640.0,9880.0,0.0,13200.0,10880.0,0.0,0.0,4840.0,13040.0,13560.0,9760.0,0.0,0.0,0.0,0.0,12960.0,0.0,3200.0,3240.0,0.0,3040.0,3040.0,0.0,0.0,4840.0,3080.0,3040.0,3040.0,0.0,0.0,0.0,0.0,3240.0,0.0,7840.0,39320.0,0.0,635780.0,86160.0,0.0,0.0,4840.0,458840.0,3203778.0,54400.0,0.0,0.0,0.0,0.0,313320.0,0.0
2026-02-27T12:00:00+01:00,0.0,7920.0,9280.0,13560.0,12160.0,0.0,0.0,12840.0,13440.0,13600.0,9520.0,0.0,0.0,0.0,0.0,12160.0,0.0,0.0,3080.0,9280.0,3040.0,3360.0,0.0,0.0,4400.0,3080.0,3040.0,3480.0,0.0,0.0,0.0,0.0,3040.0,0.0,0.0,55720.0,9280.0,1002078.0,115319.0,0.0,0.0,65040.0,468839.0,3499994.0,72880.0,0.0,0.0,0.0,0.0,226440.0,0.0
2026-02-27T13:00:00+01:00,10120.0,6480.0,0.0,12960.0,3960.0,0.0,0.0,12040.0,10800.0,13560.0,11800.0,0.0,0.0,0.0,0.0,13200.0,0.0,3040.0,3080.0,0.0,3040.0,3240.0,0.0,0.0,3320.0,3040.0,3040.0,3440.0,0.0,0.0,0.0,0.0,4000.0,0.0,25880.0,58840.0,0.0,946000.0,7200.0,0.0,0.0,139280.0,411520.0,2797953.0,96880.0,0.0,0.0,0.0,0.0,145519.0,0.0
2026-02-27T14:00:00+01:00,11040.0,11200.0,0.0,13520.0,9440.0,0.0,0.0,10040.0,12800.0,13560.0,10760.0,5280.0,0.0,0.0,0.0,13520.0,9720.0,3240.0,4280.0,0.0,3040.0,5840.0,0.0,0.0,3440.0,3040.0,3040.0,3040.0,3440.0,0.0,0.0,0.0,3240.0,9720.0,18840.0,40240.0,0.0,713475.0,15280.0,0.0,0.0,58000.0,498798.0,2529359.0,92280.0,8720.0,0.0,0.0,0.0,256760.0,9720.0
2026-02-27T15:00:00+01:00,3840.0,9760.0,0.0,12280.0,5120.0,0.0,0.0,11240.0,10000.0,13560.0,10720.0,11560.0,0.0,0.0,0.0,12800.0,0.0,3840.0,4320.0,0.0,3120.0,5120.0,0.0,0.0,4000.0,3040.0,3040.0,3160.0,4400.0,0.0,0.0,0.0,3040.0,0.0,3840.0,95880.0,0.0,285520.0,5120.0,0.0,0.0,86159.0,257720.0,1483959.0,189200.0,27680.0,0.0,0.0,0.0,264800.0,0.0
2026-02-27T16:00:00+01:00,11240.0,13360.0,0.0,10960.0,3600.0,0.0,0.0,13520.0,10520.0,13480.0,13040.0,13360.0,0.0,0.0,0.0,12040.0,5480.0,8760.0,4160.0,0.0,3520.0,3600.0,0.0,0.0,3800.0,3040.0,3080.0,3080.0,4240.0,0.0,0.0,0.0,3640.0,5480.0,20000.0,96400.0,0.0,189440.0,3600.0,0.0,0.0,110360.0,210520.0,1229559.0,66600.0,47280.0,0.0,0.0,0.0,107320.0,5480.0
2026-02-27T17:00:00+01:00,8119.0,13160.0,0.0,13280.0,0.0,0.0,0.0,0.0,10000.0,13520.0,11360.0,13240.0,0.0,0.0,0.0,12800.0,8920.0,3040.0,3480.0,0.0,3080.0,0.0,0.0,0.0,0.0,3120.0,3040.0,3480.0,3160.0,0.0,0.0,0.0,3080.0,8920.0,34159.0,159360.0,0.0,573479.0,0.0,0.0,0.0,0.0,124920.0,3446718.0,73400.0,179959.0,0.0,0.0,0.0,142320.0,8920.0
2026-02-27T18:00:00+01:00,10440.0,13000.0,12000.0,13480.0,7320.0,0.0,0.0,0.0,0.0,13520.0,0.0,0.0,0.0,0.0,0.0,6240.0,0.0,3040.0,3200.0,3040.0,3040.0,7320.0,0.0,0.0,0.0,0.0,3040.0,0.0,0.0,0.0,0.0,0.0,4000.0,0.0,44280.0,74640.0,152119.0,1694998.0,7320.0,0.0,0.0,0.0,0.0,2400117.0,0.0,0.0,0.0,0.0,0.0,10240.0,0.0
2026-02-27T19:00:00+01:00,7240.0,13440.0,4000.0,13320.0,3640.0,0.0,0.0,0.0,0.0,13440.0,0.0,0.0,0.0,0.0,0.0,0.0,0.0,3040.0,3080.0,3200.0,3040.0,3240.0,0.0,0.0,0.0,0.0,3040.0,0.0,0.0,0.0,0.0,0.0,0.0,0.0,67800.0,58120.0,7200.0,1222558.0,13680.0,0.0,0.0,0.0,0.0,1349879.0,0.0,0.0,0.0,0.0,0.0,0.0,0.0
2026-02-27T20:00:00+01:00,4840.0,13040.0,6040.0,13400.0,8760.0,0.0,0.0,13160.0,0.0,13360.0,9040.0,0.0,0.0,0.0,0.0,0.0,0.0,3040.0,3120.0,4040.0,3040.0,4040.0,0.0,0.0,6640.0,0.0,3040.0,4040.0,0.0,0.0,0.0,0.0,0.0,0.0,64640.0,70360.0,10080.0,703200.0,17120.0,0.0,0.0,19800.0,0.0,1221799.0,13080.0,0.0,0.0,0.0,0.0,0.0,0.0
2026-02-27T21:00:00+01:00,8039.0,5680.0,12320.0,13240.0,8119.0,0.0,0.0,13440.0,0.0,13120.0,5320.0,0.0,0.0,0.0,0.0,10760.0,0.0,3040.0,3480.0,6000.0,3040.0,3240.0,0.0,0.0,3280.0,0.0,3040.0,3200.0,0.0,0.0,0.0,0.0,10760.0,0.0,122639.0,29840.0,42360.0,421080.0,44519.0,0.0,0.0,333839.0,0.0,687960.0,21800.0,0.0,0.0,0.0,0.0,10760.0,0.0
2026-02-27T22:00:00+01:00,12200.0,8960.0,0.0,13400.0,0.0,0.0,0.0,12640.0,0.0,13200.0,8840.0,0.0,0.0,0.0,0.0,11200.0,0.0,3040.0,3640.0,0.0,3080.0,0.0,0.0,0.0,3040.0,0.0,3040.0,4000.0,0.0,0.0,0.0,0.0,4000.0,0.0,375400.0,49440.0,0.0,745799.0,0.0,0.0,0.0,256920.0,0.0,774159.0,12840.0,0.0,0.0,0.0,0.0,20160.0,0.0
2026-02-27T23:00:00+01:00,13000.0,10040.0,0.0,12280.0,0.0,0.0,0.0,9880.0,4320.0,13440.0,3520.0,8520.0,0.0,0.0,0.0,7520.0,0.0,3040.0,3040.0,0.0,3040.0,0.0,0.0,0.0,3040.0,3200.0,3040.0,3040.0,8520.0,0.0,0.0,0.0,7520.0,0.0,720360.0,57800.0,0.0,205360.0,0.0,0.0,0.0,83480.0,7520.0,3514791.0,9880.0,8520.0,0.0,0.0,0.0,7520.0,0.0
2026-02-28T00:00:00+01:00,11300.0,7440.0,0.0,12600.0,0.0,0.0,0.0,8960.0,0.0,13440.0,9280.0,3040.0,0.0,0.0,0.0,9440.0,0.0,3040.0,3040.0,0.0,3040.0,0.0,0.0,0.0,3160.0,0.0,3040.0,3320.0,3040.0,0.0,0.0,0.0,3160.0,0.0,154700.0,16320.0,0.0,134840.0,0.0,0.0,0.0,23680.0,0.0,4322592.0,51480.0,3040.0,0.0,0.0,0.0,12600.0,0.0
2026-02-28T01:00:00+01:00,12000.0,11400.0,0.0,11120.0,5040.0,0.0,0.0,13360.0,5880.0,13360.0,10160.0,0.0,0.0,0.0,0.0,9040.0,0.0,3040.0,3840.0,0.0,3080.0,5040.0,0.0,0.0,3200.0,3240.0,3040.0,3040.0,0.0,0.0,0.0,0.0,3120.0,0.0,399320.0,15240.0,0.0,188240.0,5040.0,0.0,0.0,121800.0,18280.0,4274390.0,48080.0,0.0,0.0,0.0,0.0,53560.0,0.0
2026-02-28T02:00:00+01:00,12880.0,11520.0,0.0,11520.0,0.0,0.0,0.0,5520.0,3160.0,13240.0,7680.0,0.0,0.0,0.0,0.0,8119.0,0.0,3040.0,3080.0,0.0,3040.0,0.0,0.0,0.0,3280.0,3160.0,3040.0,3120.0,0.0,0.0,0.0,0.0,8119.0,0.0,102760.0,130800.0,0.0,273040.0,0.0,0.0,0.0,8800.0,3160.0,3076996.0,26200.0,0.0,0.0,0.0,0.0,8119.0,0.0
2026-02-28T03:00:00+01:00,13400.0,12120.0,0.0,10560.0,0.0,0.0,0.0,4200.0,0.0,12680.0,8480.0,11960.0,0.0,0.0,0.0,9320.0,0.0,3240.0,3120.0,0.0,3040.0,0.0,0.0,0.0,4200.0,0.0,3080.0,3360.0,3720.0,0.0,0.0,0.0,9320.0,0.0,82400.0,139000.0,0.0,212320.0,0.0,0.0,0.0,4200.0,0.0,829319.0,15280.0,15680.0,0.0,0.0,0.0,9320.0,0.0
2026-02-28T04:00:00+01:00,12080.0,9280.0,0.0,13280.0,0.0,0.0,0.0,4040.0,0.0,12920.0,5240.0,0.0,0.0,0.0,0.0,0.0,0.0,4120.0,3160.0,0.0,3040.0,0.0,0.0,0.0,4040.0,0.0,3040.0,3040.0,0.0,0.0,0.0,0.0,0.0,0.0,53320.0,38280.0,0.0,458960.0,0.0,0.0,0.0,4040.0,0.0,1566859.0,8280.0,0.0,0.0,0.0,0.0,0.0,0.0
2026-02-28T05:00:00+01:00,6440.0,7720.0,0.0,12440.0,3240.0,0.0,0.0,0.0,0.0,13280.0,6160.0,0.0,0.0,0.0,0.0,0.0,0.0,3080.0,4080.0,0.0,3080.0,3240.0,0.0,0.0,0.0,0.0,3040.0,3120.0,0.0,0.0,0.0,0.0,0.0,0.0,24560.0,18040.0,0.0,162800.0,3240.0,0.0,0.0,0.0,0.0,1880836.0,23800.0,0.0,0.0,0.0,0.0,0.0,0.0
2026-02-28T06:00:00+01:00,10040.0,0.0,0.0,11920.0,0.0,0.0,0.0,0.0,0.0,13200.0,0.0,6920.0,0.0,0.0,0.0,0.0,0.0,3640.0,0.0,0.0,3040.0,0.0,0.0,0.0,0.0,0.0,3040.0,0.0,3320.0,0.0,0.0,0.0,0.0,0.0,70719.0,0.0,0.0,495318.0,0.0,0.0,0.0,0.0,0.0,1305599.0,0.0,10240.0,0.0,0.0,0.0,0.0,0.0
2026-02-28T07:00:00+01:00,13040.0,0.0,0.0,13360.0,0.0,0.0,0.0,8680.0,5120.0,13120.0,10880.0,9200.0,0.0,0.0,0.0,12640.0,0.0,3160.0,0.0,0.0,3040.0,0.0,0.0,0.0,5040.0,5120.0,3040.0,10880.0,3200.0,0.0,0.0,0.0,3080.0,0.0,53480.0,0.0,0.0,188760.0,0.0,0.0,0.0,13720.0,5120.0,266400.0,10880.0,16640.0,0.0,0.0,0.0,330119.0,0.0
2026-02-28T08:00:00+01:00,6560.0,9240.0,0.0,11640.0,0.0,0.0,0.0,3360.0,4040.0,13320.0,4560.0,4840.0,0.0,0.0,0.0,11240.0,0.0,6560.0,3320.0,0.0,3440.0,0.0,0.0,0.0,3360.0,3800.0,3040.0,4000.0,4840.0,0.0,0.0,0.0,3360.0,0.0,6560.0,18800.0,0.0,82040.0,0.0,0.0,0.0,3360.0,7840.0,362680.0,12920.0,4840.0,0.0,0.0,0.0,389958.0,0.0
2026-02-28T09:00:00+01:00,12200.0,12040.0,0.0,10200.0,0.0,0.0,0.0,3800.0,5640.0,12400.0,12280.0,11440.0,0.0,0.0,0.0,12600.0,0.0,3920.0,5520.0,0.0,3080.0,0.0,0.0,0.0,3800.0,3800.0,3040.0,3160.0,11440.0,0.0,0.0,0.0,3240.0,0.0,66040.0,42240.0,0.0,102120.0,0.0,0.0,0.0,3800.0,19520.0,349120.0,28000.0,11440.0,0.0,0.0,0.0,297680.0,0.0
2026-02-28T10:00:00+01:00,10320.0,13360.0,0.0,13240.0,0.0,0.0,0.0,11680.0,3200.0,13240.0,12720.0,0.0,0.0,0.0,0.0,12800.0,0.0,3080.0,3480.0,0.0,3160.0,0.0,0.0,0.0,3520.0,3200.0,3040.0,3040.0,0.0,0.0,0.0,0.0,3440.0,0.0,33040.0,81400.0,0.0,287840.0,0.0,0.0,0.0,15200.0,3200.0,1282960.0,65360.0,0.0,0.0,0.0,0.0,349760.0,0.0
2026-02-28T11:00:00+01:00,6000.0,10560.0,0.0,13320.0,0.0,0.0,0.0,12760.0,11800.0,13360.0,11280.0,10440.0,0.0,0.0,0.0,12840.0,0.0,4440.0,3120.0,0.0,3240.0,0.0,0.0,0.0,3320.0,3800.0,3040.0,3640.0,10440.0,0.0,0.0,0.0,3040.0,0.0,10440.0,60320.0,0.0,313720.0,0.0,0.0,0.0,110560.0,89360.0,3970476.0,111160.0,10440.0,0.0,0.0,0.0,325239.0,0.0
2026-02-28T12:00:00+01:00,9040.0,9240.0,0.0,13280.0,13200.0,0.0,0.0,9320.0,12880.0,13360.0,12600.0,11800.0,0.0,0.0,0.0,12640.0,0.0,3200.0,3360.0,0.0,3160.0,3160.0,0.0,0.0,3160.0,3400.0,3040.0,3120.0,5640.0,0.0,0.0,0.0,3080.0,0.0,83160.0,63480.0,0.0,288880.0,28280.0,0.0,0.0,153440.0,129480.0,3785914.0,91679.0,17440.0,0.0,0.0,0.0,288560.0,0.0
2026-02-28T13:00:00+01:00,12000.0,12560.0,0.0,13120.0,5800.0,0.0,0.0,12640.0,9800.0,13320.0,9240.0,9040.0,0.0,0.0,0.0,13320.0,0.0,4040.0,3120.0,0.0,3040.0,3360.0,0.0,0.0,3040.0,3200.0,3040.0,3080.0,9040.0,0.0,0.0,0.0,3040.0,0.0,44840.0,75080.0,0.0,319640.0,13680.0,0.0,0.0,244240.0,59200.0,3171837.0,110480.0,9040.0,0.0,0.0,0.0,346159.0,0.0
2026-02-28T14:00:00+01:00,12640.0,12920.0,0.0,9760.0,3800.0,0.0,0.0,7800.0,9840.0,13320.0,7760.0,7520.0,0.0,6000.0,0.0,12360.0,0.0,3560.0,3440.0,0.0,3240.0,3800.0,0.0,0.0,3200.0,3840.0,3040.0,3040.0,4440.0,0.0,6000.0,0.0,3040.0,0.0,84680.0,151800.0,0.0,242599.0,3800.0,0.0,0.0,75880.0,42920.0,2252678.0,22760.0,11960.0,0.0,6000.0,0.0,176520.0,0.0
2026-02-28T15:00:00+01:00,4840.0,9400.0,0.0,13040.0,0.0,0.0,0.0,8400.0,9720.0,13280.0,10800.0,6880.0,0.0,0.0,0.0,11320.0,0.0,3040.0,3200.0,0.0,3240.0,0.0,0.0,0.0,3120.0,3080.0,3040.0,3240.0,4240.0,0.0,0.0,0.0,3040.0,0.0,36200.0,72160.0,0.0,488678.0,0.0,0.0,0.0,44119.0,89200.0,1318080.0,118120.0,20680.0,0.0,0.0,0.0,195639.0,0.0
2026-02-28T16:00:00+01:00,11040.0,9360.0,0.0,11960.0,12760.0,0.0,0.0,13200.0,9680.0,13240.0,9640.0,10320.0,0.0,0.0,0.0,12960.0,0.0,3480.0,3920.0,0.0,3280.0,3040.0,0.0,0.0,3120.0,3040.0,3040.0,3640.0,4040.0,0.0,0.0,0.0,3480.0,0.0,49120.0,53400.0,0.0,389000.0,61000.0,0.0,0.0,132720.0,87360.0,1520558.0,72079.0,21280.0,0.0,0.0,0.0,243240.0,0.0
2026-02-28T17:00:00+01:00,10840.0,10720.0,0.0,13240.0,5120.0,0.0,0.0,0.0,4400.0,13240.0,11840.0,8360.0,0.0,0.0,0.0,13000.0,0.0,3080.0,3080.0,0.0,3080.0,5120.0,0.0,0.0,0.0,3040.0,3040.0,3040.0,3080.0,0.0,0.0,0.0,3040.0,0.0,41200.0,48200.0,0.0,545399.0,5120.0,0.0,0.0,0.0,25520.0,3627876.0,191240.0,25360.0,0.0,0.0,0.0,419360.0,0.0
2026-02-28T18:00:00+01:00,12560.0,10920.0,9960.0,13200.0,12920.0,0.0,0.0,0.0,4840.0,13160.0,9240.0,8880.0,0.0,0.0,0.0,7640.0,0.0,3040.0,3120.0,3400.0,3040.0,3040.0,0.0,0.0,0.0,4840.0,3040.0,6640.0,7440.0,0.0,0.0,0.0,3360.0,0.0,318680.0,71240.0,39960.0,891838.0,98720.0,0.0,0.0,0.0,4840.0,2903556.0,15880.0,16320.0,0.0,0.0,0.0,53680.0,0.0
2026-02-28T19:00:00+01:00,12280.0,11920.0,7720.0,13040.0,0.0,0.0,0.0,5120.0,5440.0,13080.0,5920.0,0.0,0.0,0.0,0.0,3480.0,0.0,3040.0,3560.0,4960.0,3040.0,0.0,0.0,0.0,5120.0,3920.0,3040.0,3240.0,0.0,0.0,0.0,0.0,3480.0,0.0,427756.0,54880.0,12680.0,488638.0,0.0,0.0,0.0,5120.0,9360.0,1723436.0,9160.0,0.0,0.0,0.0,0.0,3480.0,0.0
2026-02-28T20:00:00+01:00,12560.0,8039.0,3120.0,12520.0,0.0,0.0,0.0,0.0,0.0,13240.0,0.0,0.0,0.0,0.0,0.0,0.0,0.0,3040.0,3080.0,3120.0,3040.0,0.0,0.0,0.0,0.0,0.0,3040.0,0.0,0.0,0.0,0.0,0.0,0.0,0.0,314798.0,40959.0,3120.0,528398.0,0.0,0.0,0.0,0.0,0.0,1110760.0,0.0,0.0,0.0,0.0,0.0,0.0,0.0
2026-02-28T21:00:00+01:00,11440.0,11440.0,7840.0,12520.0,4440.0,0.0,0.0,3280.0,0.0,13200.0,5040.0,0.0,0.0,0.0,0.0,10080.0,0.0,3040.0,3760.0,7840.0,3120.0,3160.0,0.0,0.0,3120.0,0.0,3040.0,5040.0,0.0,0.0,0.0,0.0,3120.0,0.0,382679.0,28200.0,7840.0,429117.0,7600.0,0.0,0.0,6400.0,0.0,754840.0,5040.0,0.0,0.0,0.0,0.0,13200.0,0.0
2026-02-28T22:00:00+01:00,10000.0,5640.0,11480.0,13000.0,0.0,0.0,0.0,13080.0,0.0,13160.0,7520.0,0.0,0.0,0.0,0.0,0.0,0.0,3080.0,3840.0,3040.0,3080.0,0.0,0.0,0.0,3200.0,0.0,3040.0,3480.0,0.0,0.0,0.0,0.0,0.0,0.0,134080.0,14320.0,117840.0,634839.0,0.0,0.0,0.0,533199.0,0.0,1433999.0,18080.0,0.0,0.0,0.0,0.0,0.0,0.0
2026-02-28T23:00:00+01:00,12320.0,7040.0,4000.0,12720.0,0.0,0.0,0.0,13160.0,0.0,13200.0,10240.0,8880.0,0.0,0.0,0.0,0.0,0.0,3240.0,3840.0,3040.0,3040.0,0.0,0.0,0.0,3200.0,0.0,3040.0,3320.0,8880.0,0.0,0.0,0.0,0.0,0.0,93840.0,38640.0,17840.0,1094198.0,0.0,0.0,0.0,320040.0,0.0,4016354.0,20440.0,8880.0,0.0,0.0,0.0,0.0,0.0
2026-03-01T00:00:00+01:00,12240.0,8360.0,6040.0,12920.0,0.0,0.0,0.0,13040.0,0.0,13200.0,13000.0,3440.0,0.0,0.0,0.0,0.0,0.0,3120.0,3080.0,3120.0,3080.0,0.0,0.0,0.0,3280.0,0.0,3040.0,4800.0,3440.0,0.0,0.0,0.0,0.0,0.0,317840.0,11440.0,27760.0,725000.0,0.0,0.0,0.0,394079.0,0.0,3412320.0,39000.0,3440.0,0.0,0.0,0.0,0.0,0.0
2026-03-01T01:00:00+01:00,8000.0,6160.0,10360.0,12840.0,0.0,0.0,0.0,13120.0,0.0,13200.0,11920.0,0.0,0.0,0.0,0.0,0.0,0.0,3120.0,3640.0,3080.0,3040.0,0.0,0.0,0.0,3120.0,0.0,3040.0,3480.0,0.0,0.0,0.0,0.0,0.0,0.0,54720.0,9800.0,221280.0,333680.0,0.0,0.0,0.0,455560.0,0.0,3614475.0,35800.0,0.0,0.0,0.0,0.0,0.0,0.0
2026-03-01T02:00:00+01:00,8840.0,11920.0,7520.0,11240.0,0.0,0.0,0.0,12240.0,4920.0,13160.0,4160.0,0.0,0.0,0.0,0.0,7240.0,0.0,3840.0,4160.0,3200.0,3040.0,0.0,0.0,0.0,3120.0,4920.0,3040.0,3160.0,0.0,0.0,0.0,0.0,7240.0,0.0,17440.0,22080.0,31560.0,281480.0,0.0,0.0,0.0,167600.0,4920.0,2520758.0,14040.0,0.0,0.0,0.0,0.0,7240.0,0.0
2026-03-01T03:00:00+01:00,10000.0,10440.0,0.0,9400.0,0.0,0.0,0.0,12960.0,0.0,12680.0,11200.0,0.0,0.0,0.0,0.0,0.0,0.0,6240.0,4120.0,0.0,3080.0,0.0,0.0,0.0,3680.0,0.0,3040.0,4200.0,0.0,0.0,0.0,0.0,0.0,0.0,16240.0,29200.0,0.0,95680.0,0.0,0.0,0.0,79320.0,0.0,746519.0,34520.0,0.0,0.0,0.0,0.0,0.0,0.0
2026-03-01T04:00:00+01:00,9640.0,0.0,3720.0,12200.0,0.0,0.0,0.0,13160.0,0.0,12880.0,12120.0,0.0,0.0,0.0,0.0,5560.0,0.0,3120.0,0.0,3720.0,3240.0,0.0,0.0,0.0,3360.0,0.0,3040.0,3040.0,0.0,0.0,0.0,0.0,3600.0,0.0,61840.0,0.0,3720.0,64280.0,0.0,0.0,0.0,293280.0,0.0,1685038.0,39480.0,0.0,0.0,0.0,0.0,9160.0,0.0
2026-03-01T05:00:00+01:00,10520.0,0.0,6840.0,9920.0,6080.0,0.0,0.0,11880.0,0.0,13160.0,0.0,0.0,0.0,0.0,0.0,0.0,0.0,10520.0,0.0,3720.0,3040.0,3240.0,0.0,0.0,4440.0,0.0,3040.0,0.0,0.0,0.0,0.0,0.0,0.0,0.0,10520.0,0.0,10560.0,60120.0,12640.0,0.0,0.0,58440.0,0.0,757039.0,0.0,0.0,0.0,0.0,0.0,0.0,0.0
2026-03-01T06:00:00+01:00,12440.0,0.0,3600.0,12040.0,10040.0,0.0,0.0,0.0,0.0,13000.0,0.0,0.0,0.0,0.0,0.0,12000.0,0.0,3240.0,0.0,3600.0,3200.0,3320.0,0.0,0.0,0.0,0.0,3080.0,0.0,0.0,0.0,0.0,0.0,3040.0,0.0,55439.0,0.0,3600.0,340920.0,73760.0,0.0,0.0,0.0,0.0,196720.0,0.0,0.0,0.0,0.0,0.0,70039.0,0.0
2026-03-01T07:00:00+01:00,10040.0,0.0,0.0,12760.0,0.0,0.0,0.0,0.0,7120.0,12400.0,0.0,0.0,0.0,0.0,0.0,0.0,0.0,3080.0,0.0,0.0,3160.0,0.0,0.0,0.0,0.0,5680.0,3160.0,0.0,0.0,0.0,0.0,0.0,0.0,0.0,26920.0,0.0,0.0,717119.0,0.0,0.0,0.0,0.0,12800.0,159960.0,0.0,0.0,0.0,0.0,0.0,0.0,0.0
2026-03-01T08:00:00+01:00,8960.0,7040.0,0.0,12840.0,0.0,0.0,0.0,6040.0,6040.0,12440.0,0.0,0.0,0.0,0.0,0.0,9960.0,0.0,3160.0,7040.0,0.0,3200.0,0.0,0.0,0.0,6040.0,3640.0,3040.0,0.0,0.0,0.0,0.0,0.0,3840.0,0.0,117200.0,7040.0,0.0,425998.0,0.0,0.0,0.0,6040.0,22560.0,227879.0,0.0,0.0,0.0,0.0,0.0,53840.0,0.0
2026-03-01T09:00:00+01:00,12000.0,0.0,0.0,8080.0,13040.0,0.0,0.0,0.0,6000.0,12840.0,0.0,0.0,0.0,0.0,0.0,13000.0,0.0,3680.0,0.0,0.0,3040.0,11760.0,0.0,0.0,0.0,4000.0,3120.0,0.0,0.0,0.0,0.0,0.0,3960.0,0.0,126720.0,0.0,0.0,192800.0,24800.0,0.0,0.0,0.0,48440.0,294280.0,0.0,0.0,0.0,0.0,0.0,68120.0,0.0
2026-03-01T10:00:00+01:00,12440.0,10640.0,0.0,12200.0,0.0,0.0,0.0,0.0,12600.0,12760.0,12480.0,0.0,0.0,0.0,0.0,12840.0,4240.0,3040.0,6640.0,0.0,3040.0,0.0,0.0,0.0,0.0,3040.0,3040.0,3960.0,0.0,0.0,0.0,0.0,3200.0,4240.0,86840.0,35440.0,0.0,533040.0,0.0,0.0,0.0,0.0,291320.0,982439.0,86480.0,0.0,0.0,0.0,0.0,257400.0,4240.0
2026-03-01T11:00:00+01:00,7400.0,9160.0,0.0,9600.0,0.0,0.0,0.0,5000.0,0.0,13040.0,12920.0,0.0,0.0,0.0,0.0,12760.0,0.0,3040.0,3120.0,0.0,3240.0,0.0,0.0,0.0,3640.0,0.0,3080.0,3080.0,0.0,0.0,0.0,0.0,3280.0,0.0,50200.0,34920.0,0.0,172280.0,0.0,0.0,0.0,16840.0,0.0,982679.0,42440.0,0.0,0.0,0.0,0.0,459800.0,0.0
2026-03-01T12:00:00+01:00,12320.0,6840.0,0.0,12280.0,0.0,0.0,0.0,0.0,0.0,13040.0,8039.0,0.0,0.0,0.0,0.0,12840.0,0.0,3080.0,3360.0,0.0,3280.0,0.0,0.0,0.0,0.0,0.0,3040.0,8039.0,0.0,0.0,0.0,0.0,3160.0,0.0,340399.0,44680.0,0.0,166240.0,0.0,0.0,0.0,0.0,0.0,1473356.0,8039.0,0.0,0.0,0.0,0.0,303557.0,0.0
2026-03-01T13:00:00+01:00,12880.0,12720.0,0.0,11520.0,0.0,0.0,0.0,0.0,3440.0,13040.0,6240.0,0.0,0.0,0.0,0.0,12720.0,0.0,3280.0,3120.0,0.0,3320.0,0.0,0.0,0.0,0.0,3440.0,3040.0,3240.0,0.0,0.0,0.0,0.0,3040.0,0.0,203440.0,48840.0,0.0,188560.0,0.0,0.0,0.0,0.0,3440.0,1113079.0,12840.0,0.0,0.0,0.0,0.0,242759.0,0.0
2026-03-01T14:00:00+01:00,12000.0,12080.0,0.0,12480.0,0.0,0.0,0.0,0.0,0.0,12840.0,5240.0,0.0,0.0,0.0,0.0,11920.0,0.0,3920.0,3800.0,0.0,3160.0,0.0,0.0,0.0,0.0,0.0,3040.0,3840.0,0.0,0.0,0.0,0.0,3640.0,0.0,81960.0,34520.0,0.0,245680.0,0.0,0.0,0.0,0.0,0.0,1001519.0,12960.0,0.0,0.0,0.0,0.0,85480.0,0.0
2026-03-01T15:00:00+01:00,11600.0,9600.0,0.0,12560.0,0.0,0.0,0.0,0.0,12160.0,13000.0,8800.0,0.0,0.0,0.0,0.0,12000.0,0.0,3040.0,3320.0,0.0,3080.0,0.0,0.0,0.0,0.0,3360.0,3240.0,5360.0,0.0,0.0,0.0,0.0,3120.0,0.0,105519.0,92120.0,0.0,202680.0,0.0,0.0,0.0,0.0,81680.0,762640.0,14160.0,0.0,0.0,0.0,0.0,161400.0,0.0
2026-03-01T16:00:00+01:00,12560.0,11520.0,0.0,11920.0,0.0,0.0,0.0,0.0,10000.0,12920.0,11800.0,0.0,0.0,0.0,0.0,13000.0,0.0,3040.0,3400.0,0.0,3040.0,0.0,0.0,0.0,0.0,3040.0,3040.0,3480.0,0.0,0.0,0.0,0.0,3280.0,0.0,69640.0,84800.0,0.0,276360.0,0.0,0.0,0.0,0.0,120760.0,1672719.0,48440.0,0.0,0.0,0.0,0.0,611360.0,0.0
2026-03-01T17:00:00+01:00,9840.0,13000.0,0.0,12760.0,0.0,0.0,0.0,0.0,5960.0,13040.0,6800.0,0.0,0.0,0.0,0.0,12320.0,0.0,3520.0,3520.0,0.0,3120.0,0.0,0.0,0.0,0.0,4000.0,3040.0,3800.0,0.0,0.0,0.0,0.0,3160.0,0.0,49400.0,60600.0,0.0,252480.0,0.0,0.0,0.0,0.0,9960.0,1580159.0,34320.0,0.0,0.0,0.0,0.0,377038.0,0.0
2026-03-01T18:00:00+01:00,11840.0,9800.0,0.0,12280.0,0.0,0.0,0.0,0.0,0.0,12880.0,11400.0,0.0,0.0,0.0,0.0,12360.0,0.0,3240.0,4440.0,0.0,3040.0,0.0,0.0,0.0,0.0,0.0,3040.0,3760.0,0.0,0.0,0.0,0.0,3240.0,0.0,61560.0,30800.0,0.0,395160.0,0.0,0.0,0.0,0.0,0.0,566120.0,24600.0,0.0,0.0,0.0,0.0,103240.0,0.0
2026-03-01T19:00:00+01:00,10760.0,12360.0,0.0,12120.0,0.0,0.0,0.0,0.0,3720.0,13000.0,0.0,0.0,0.0,0.0,0.0,8000.0,0.0,3920.0,3040.0,0.0,3080.0,0.0,0.0,0.0,0.0,3600.0,3120.0,0.0,0.0,0.0,0.0,0.0,3640.0,0.0,19160.0,86240.0,0.0,136480.0,0.0,0.0,0.0,0.0,7320.0,364840.0,0.0,0.0,0.0,0.0,0.0,25400.0,0.0
2026-03-01T20:00:00+01:00,7800.0,0.0,0.0,10840.0,0.0,0.0,0.0,0.0,4360.0,12880.0,0.0,0.0,0.0,0.0,0.0,0.0,0.0,3560.0,0.0,0.0,3040.0,0.0,0.0,0.0,0.0,4360.0,3120.0,0.0,0.0,0.0,0.0,0.0,0.0,0.0,11360.0,0.0,0.0,82240.0,0.0,0.0,0.0,0.0,4360.0,318080.0,0.0,0.0,0.0,0.0,0.0,0.0,0.0
2026-03-01T21:00:00+01:00,9840.0,0.0,0.0,9360.0,0.0,0.0,0.0,0.0,0.0,10880.0,0.0,0.0,0.0,0.0,0.0,0.0,0.0,3320.0,0.0,0.0,3080.0,0.0,0.0,0.0,0.0,0.0,3080.0,0.0,0.0,0.0,0.0,0.0,0.0,0.0,58920.0,0.0,0.0,111520.0,0.0,0.0,0.0,0.0,0.0,253320.0,0.0,0.0,0.0,0.0,0.0,0.0,0.0
2026-03-01T22:00:00+01:00,0.0,6040.0,0.0,6000.0,0.0,0.0,0.0,0.0,0.0,12920.0,0.0,0.0,0.0,0.0,0.0,0.0,0.0,0.0,4120.0,0.0,3240.0,0.0,0.0,0.0,0.0,0.0,3080.0,0.0,0.0,0.0,0.0,0.0,0.0,0.0,0.0,14400.0,0.0,49920.0,0.0,0.0,0.0,0.0,0.0,209760.0,0.0,0.0,0.0,0.0,0.0,0.0,0.0
2026-03-01T23:00:00+01:00,8160.0,0.0,0.0,5880.0,0.0,0.0,0.0,0.0,0.0,11160.0,0.0,0.0,0.0,0.0,0.0,0.0,0.0,3800.0,0.0,0.0,3040.0,0.0,0.0,0.0,0.0,0.0,3760.0,0.0,0.0,0.0,0.0,0.0,0.0,0.0,11960.0,0.0,0.0,66240.0,0.0,0.0,0.0,0.0,0.0,52120.0,0.0,0.0,0.0,0.0,0.0,0.0,0.0
2026-03-02T00:00:00+01:00,0.0,0.0,0.0,11880.0,10080.0,0.0,0.0,0.0,0.0,12520.0,0.0,0.0,0.0,0.0,0.0,0.0,0.0,0.0,0.0,0.0,3040.0,3280.0,0.0,0.0,0.0,0.0,3040.0,0.0,0.0,0.0,0.0,0.0,0.0,0.0,0.0,0.0,0.0,208760.0,26200.0,0.0,0.0,0.0,0.0,118119.0,0.0,0.0,0.0,0.0,0.0,0.0,0.0
2026-03-02T01:00:00+01:00,0.0,0.0,0.0,12240.0,0.0,0.0,0.0,0.0,0.0,12040.0,0.0,0.0,0.0,0.0,0.0,0.0,0.0,0.0,0.0,0.0,3040.0,0.0,0.0,0.0,0.0,0.0,3600.0,0.0,0.0,0.0,0.0,0.0,0.0,0.0,0.0,0.0,0.0,95440.0,0.0,0.0,0.0,0.0,0.0,202800.0,0.0,0.0,0.0,0.0,0.0,0.0,0.0
2026-03-02T02:00:00+01:00,0.0,0.0,0.0,11960.0,0.0,0.0,0.0,0.0,0.0,11440.0,0.0,0.0,0.0,0.0,0.0,0.0,0.0,0.0,0.0,0.0,3160.0,0.0,0.0,0.0,0.0,0.0,3240.0,0.0,0.0,0.0,0.0,0.0,0.0,0.0,0.0,0.0,0.0,177560.0,0.0,0.0,0.0,0.0,0.0,111479.0,0.0,0.0,0.0,0.0,0.0,0.0,0.0
2026-03-02T03:00:00+01:00,0.0,0.0,0.0,11760.0,0.0,0.0,0.0,0.0,0.0,11520.0,0.0,0.0,0.0,0.0,0.0,0.0,0.0,0.0,0.0,0.0,3240.0,0.0,0.0,0.0,0.0,0.0,3040.0,0.0,0.0,0.0,0.0,0.0,0.0,0.0,0.0,0.0,0.0,201280.0,0.0,0.0,0.0,0.0,0.0,94840.0,0.0,0.0,0.0,0.0,0.0,0.0,0.0
2026-03-02T04:00:00+01:00,0.0,0.0,0.0,12840.0,0.0,0.0,0.0,0.0,0.0,9920.0,0.0,0.0,0.0,0.0,0.0,0.0,0.0,0.0,0.0,0.0,3080.0,0.0,0.0,0.0,0.0,0.0,3360.0,0.0,0.0,0.0,0.0,0.0,0.0,0.0,0.0,0.0,0.0,770517.0,0.0,0.0,0.0,0.0,0.0,61319.0,0.0,0.0,0.0,0.0,0.0,0.0,0.0
2026-03-02T05:00:00+01:00,8920.0,0.0,0.0,12600.0,0.0,0.0,0.0,0.0,5000.0,12640.0,0.0,0.0,0.0,0.0,0.0,0.0,0.0,8920.0,0.0,0.0,3120.0,0.0,0.0,0.0,0.0,5000.0,3040.0,0.0,0.0,0.0,0.0,0.0,0.0,0.0,8920.0,0.0,0.0,332600.0,0.0,0.0,0.0,0.0,5000.0,293160.0,0.0,0.0,0.0,0.0,0.0,0.0,0.0
2026-03-02T06:00:00+01:00,7040.0,7040.0,0.0,12200.0,0.0,0.0,0.0,6640.0,0.0,12880.0,0.0,0.0,0.0,0.0,0.0,11640.0,0.0,4000.0,3760.0,0.0,3040.0,0.0,0.0,0.0,3920.0,0.0,3040.0,0.0,0.0,0.0,0.0,0.0,11640.0,0.0,22200.0,10800.0,0.0,384399.0,0.0,0.0,0.0,18520.0,0.0,973158.0,0.0,0.0,0.0,0.0,0.0,11640.0,0.0
2026-03-02T07:00:00+01:00,7480.0,9360.0,0.0,10640.0,0.0,0.0,0.0,9040.0,7960.0,12960.0,10560.0,12360.0,0.0,0.0,0.0,12000.0,0.0,3200.0,3040.0,0.0,3040.0,0.0,0.0,0.0,3520.0,3040.0,3040.0,3160.0,3080.0,0.0,0.0,0.0,3040.0,0.0,10680.0,101520.0,0.0,143640.0,0.0,0.0,0.0,59400.0,31080.0,973237.0,124120.0,234240.0,0.0,0.0,0.0,419039.0,0.0
2026-03-02T08:00:00+01:00,8680.0,12640.0,0.0,12720.0,0.0,0.0,0.0,4200.0,6520.0,12840.0,8640.0,8560.0,0.0,0.0,0.0,12000.0,0.0,4600.0,3080.0,0.0,3240.0,0.0,0.0,0.0,3160.0,3440.0,3040.0,3160.0,3120.0,0.0,0.0,0.0,3200.0,0.0,18480.0,137999.0,0.0,163280.0,0.0,0.0,0.0,14840.0,9960.0,568479.0,62080.0,60840.0,0.0,0.0,0.0,261560.0,0.0
2026-03-02T09:00:00+01:00,12000.0,12000.0,0.0,11720.0,0.0,0.0,0.0,12920.0,12680.0,12840.0,6360.0,5560.0,0.0,0.0,0.0,11840.0,0.0,3040.0,3040.0,0.0,3160.0,0.0,0.0,0.0,3800.0,3440.0,3040.0,4160.0,4760.0,0.0,0.0,0.0,3240.0,0.0,144320.0,104240.0,0.0,374880.0,0.0,0.0,0.0,31040.0,64760.0,1435000.0,10520.0,10320.0,0.0,0.0,0.0,350040.0,0.0
2026-03-02T10:00:00+01:00,12160.0,12920.0,0.0,12600.0,7640.0,0.0,0.0,12160.0,4280.0,12960.0,12720.0,10640.0,0.0,0.0,0.0,12920.0,0.0,3080.0,3120.0,0.0,3080.0,3760.0,0.0,0.0,3240.0,4280.0,3040.0,3040.0,3200.0,0.0,0.0,0.0,3040.0,0.0,283520.0,52720.0,0.0,872560.0,11400.0,0.0,0.0,22640.0,4280.0,2808087.0,180639.0,119919.0,0.0,0.0,0.0,161760.0,0.0
2026-03-02T11:00:00+01:00,12360.0,7720.0,7440.0,12360.0,0.0,0.0,0.0,10800.0,11360.0,12960.0,10720.0,12840.0,0.0,10000.0,0.0,11360.0,12280.0,3040.0,3640.0,3120.0,3080.0,0.0,0.0,0.0,3080.0,3120.0,3040.0,3280.0,3920.0,0.0,10000.0,0.0,3040.0,12280.0,168880.0,62000.0,10560.0,490280.0,0.0,0.0,0.0,91840.0,99920.0,3400388.0,124960.0,135800.0,0.0,10000.0,0.0,77040.0,12280.0
2026-03-02T12:00:00+01:00,12000.0,12560.0,7840.0,12960.0,0.0,0.0,0.0,12120.0,10040.0,12920.0,12280.0,12960.0,0.0,9920.0,0.0,5800.0,9680.0,3040.0,3200.0,3240.0,3160.0,0.0,0.0,0.0,3040.0,3080.0,3040.0,3440.0,3200.0,0.0,9920.0,0.0,4560.0,4120.0,275199.0,132720.0,15760.0,366840.0,0.0,0.0,0.0,72359.0,100840.0,2871594.0,200720.0,164200.0,0.0,9920.0,0.0,10360.0,50800.0
2026-03-02T13:00:00+01:00,10840.0,12200.0,0.0,12200.0,0.0,0.0,0.0,12480.0,5360.0,12840.0,12520.0,10040.0,0.0,0.0,0.0,12000.0,0.0,3120.0,3320.0,0.0,3160.0,0.0,0.0,0.0,3040.0,3400.0,3040.0,3120.0,3280.0,0.0,0.0,0.0,3440.0,0.0,66560.0,77760.0,0.0,166240.0,0.0,0.0,0.0,179200.0,12760.0,1762118.0,89800.0,127680.0,0.0,0.0,0.0,123920.0,0.0
2026-03-02T14:00:00+01:00,4360.0,12000.0,0.0,12520.0,0.0,0.0,0.0,9920.0,0.0,12920.0,11800.0,11160.0,0.0,0.0,0.0,12640.0,7160.0,3680.0,3280.0,0.0,3200.0,0.0,0.0,0.0,3200.0,0.0,3040.0,3040.0,3040.0,0.0,0.0,0.0,3200.0,7160.0,8040.0,122480.0,0.0,148160.0,0.0,0.0,0.0,64280.0,0.0,1021349.0,144199.0,99439.0,0.0,0.0,0.0,158679.0,7160.0
2026-03-02T15:00:00+01:00,10440.0,11720.0,0.0,12560.0,0.0,0.0,0.0,11080.0,3240.0,12920.0,12800.0,11840.0,0.0,0.0,0.0,0.0,3120.0,3240.0,3280.0,0.0,3040.0,0.0,0.0,0.0,4440.0,3240.0,3040.0,3040.0,3120.0,0.0,0.0,0.0,0.0,3120.0,38360.0,83239.0,0.0,572640.0,0.0,0.0,0.0,39320.0,3240.0,3208079.0,259840.0,168160.0,0.0,0.0,0.0,0.0,3120.0
2026-03-02T16:00:00+01:00,11160.0,11960.0,0.0,11960.0,0.0,0.0,0.0,5440.0,11240.0,12880.0,11240.0,11920.0,0.0,0.0,0.0,8440.0,11520.0,3120.0,3280.0,0.0,3040.0,0.0,0.0,0.0,3640.0,3120.0,3040.0,3040.0,3080.0,0.0,0.0,0.0,3480.0,11520.0,100880.0,290160.0,0.0,843716.0,0.0,0.0,0.0,17000.0,49519.0,3434198.0,204159.0,123320.0,0.0,0.0,0.0,33800.0,11520.0
2026-03-02T17:00:00+01:00,9080.0,12440.0,0.0,12840.0,0.0,0.0,0.0,0.0,9200.0,12880.0,11600.0,10000.0,0.0,0.0,0.0,12040.0,11720.0,3040.0,3040.0,0.0,3080.0,0.0,0.0,0.0,0.0,3240.0,3040.0,3040.0,3040.0,0.0,0.0,0.0,3640.0,11720.0,68120.0,148360.0,0.0,545280.0,0.0,0.0,0.0,0.0,81280.0,2726806.0,158920.0,48920.0,0.0,0.0,0.0,41760.0,11720.0
2026-03-02T18:00:00+01:00,9960.0,12000.0,12400.0,12040.0,0.0,0.0,0.0,0.0,12400.0,12800.0,8560.0,0.0,0.0,0.0,0.0,3880.0,0.0,3040.0,5280.0,12400.0,3040.0,0.0,0.0,0.0,0.0,3120.0,3040.0,3440.0,0.0,0.0,0.0,0.0,3880.0,0.0,158719.0,34320.0,12400.0,488319.0,0.0,0.0,0.0,0.0,31400.0,1845193.0,74680.0,0.0,0.0,0.0,0.0,3880.0,0.0
2026-03-02T19:00:00+01:00,10000.0,11760.0,0.0,12800.0,0.0,0.0,0.0,0.0,8200.0,12680.0,12560.0,0.0,0.0,0.0,0.0,12160.0,0.0,3040.0,3240.0,0.0,3120.0,0.0,0.0,0.0,0.0,3040.0,3040.0,3320.0,0.0,0.0,0.0,0.0,12160.0,0.0,151880.0,44720.0,0.0,305880.0,0.0,0.0,0.0,0.0,39520.0,627920.0,65120.0,0.0,0.0,0.0,0.0,12160.0,0.0
2026-03-02T20:00:00+01:00,12000.0,10080.0,0.0,12080.0,0.0,0.0,0.0,0.0,0.0,12800.0,10080.0,0.0,0.0,0.0,0.0,0.0,0.0,3040.0,3360.0,0.0,3040.0,0.0,0.0,0.0,0.0,0.0,3080.0,3240.0,0.0,0.0,0.0,0.0,0.0,0.0,677999.0,57280.0,0.0,766560.0,0.0,0.0,0.0,0.0,0.0,1313440.0,25800.0,0.0,0.0,0.0,0.0,0.0,0.0
2026-03-02T21:00:00+01:00,10000.0,10440.0,0.0,11880.0,0.0,0.0,0.0,0.0,0.0,12840.0,12480.0,0.0,0.0,0.0,0.0,0.0,0.0,3040.0,4920.0,0.0,3120.0,0.0,0.0,0.0,0.0,0.0,3040.0,3040.0,0.0,0.0,0.0,0.0,0.0,0.0,298280.0,43760.0,0.0,826200.0,0.0,0.0,0.0,0.0,0.0,1169719.0,133438.0,0.0,0.0,0.0,0.0,0.0,0.0
2026-03-02T22:00:00+01:00,3760.0,7640.0,0.0,12720.0,0.0,0.0,0.0,0.0,0.0,12720.0,12160.0,0.0,0.0,0.0,0.0,0.0,0.0,3760.0,5040.0,0.0,3040.0,0.0,0.0,0.0,0.0,0.0,3080.0,3520.0,0.0,0.0,0.0,0.0,0.0,0.0,3760.0,20160.0,0.0,917999.0,0.0,0.0,0.0,0.0,0.0,697999.0,107720.0,0.0,0.0,0.0,0.0,0.0,0.0
2026-03-02T23:00:00+01:00,5560.0,0.0,0.0,12600.0,0.0,0.0,0.0,0.0,0.0,12040.0,11000.0,4040.0,0.0,0.0,0.0,4040.0,0.0,5560.0,0.0,0.0,3040.0,0.0,0.0,0.0,0.0,0.0,3040.0,3040.0,4040.0,0.0,0.0,0.0,3160.0,0.0,5560.0,0.0,0.0,876478.0,0.0,0.0,0.0,0.0,0.0,450760.0,182000.0,4040.0,0.0,0.0,0.0,7200.0,0.0
2026-03-03T00:00:00+01:00,3760.0,0.0,0.0,12440.0,0.0,0.0,0.0,0.0,0.0,12640.0,12280.0,0.0,0.0,0.0,0.0,0.0,0.0,3760.0,0.0,0.0,3200.0,0.0,0.0,0.0,0.0,0.0,3040.0,3040.0,0.0,0.0,0.0,0.0,0.0,0.0,3760.0,0.0,0.0,503839.0,0.0,0.0,0.0,0.0,0.0,325720.0,288400.0,0.0,0.0,0.0,0.0,0.0,0.0
2026-03-03T01:00:00+01:00,5960.0,0.0,0.0,12040.0,0.0,0.0,0.0,0.0,0.0,11880.0,12520.0,0.0,0.0,0.0,0.0,0.0,0.0,4000.0,0.0,0.0,3080.0,0.0,0.0,0.0,0.0,0.0,3040.0,3040.0,0.0,0.0,0.0,0.0,0.0,0.0,9960.0,0.0,0.0,381920.0,0.0,0.0,0.0,0.0,0.0,279400.0,325240.0,0.0,0.0,0.0,0.0,0.0,0.0
2026-03-03T02:00:00+01:00,4600.0,5960.0,0.0,12000.0,6920.0,0.0,0.0,0.0,3800.0,12000.0,12440.0,0.0,0.0,0.0,0.0,0.0,0.0,3520.0,5960.0,0.0,3080.0,6920.0,0.0,0.0,0.0,3800.0,3040.0,3040.0,0.0,0.0,0.0,0.0,0.0,0.0,31640.0,5960.0,0.0,1038639.0,6920.0,0.0,0.0,0.0,3800.0,922079.0,723960.0,0.0,0.0,0.0,0.0,0.0,0.0
2026-03-03T03:00:00+01:00,12000.0,4400.0,0.0,12200.0,0.0,0.0,0.0,0.0,0.0,11600.0,12440.0,0.0,0.0,0.0,0.0,0.0,0.0,3080.0,4400.0,0.0,3040.0,0.0,0.0,0.0,0.0,0.0,3040.0,3040.0,0.0,0.0,0.0,0.0,0.0,0.0,421880.0,4400.0,0.0,1036080.0,0.0,0.0,0.0,0.0,0.0,534920.0,366280.0,0.0,0.0,0.0,0.0,0.0,0.0
2026-03-03T04:00:00+01:00,12000.0,3800.0,0.0,12000.0,5040.0,0.0,0.0,0.0,0.0,12760.0,9640.0,0.0,0.0,0.0,0.0,0.0,0.0,3040.0,3800.0,0.0,3120.0,3880.0,0.0,0.0,0.0,0.0,3240.0,3120.0,0.0,0.0,0.0,0.0,0.0,0.0,657920.0,3800.0,0.0,574039.0,8920.0,0.0,0.0,0.0,0.0,468920.0,88320.0,0.0,0.0,0.0,0.0,0.0,0.0
2026-03-03T05:00:00+01:00,10000.0,0.0,0.0,11720.0,0.0,0.0,0.0,0.0,0.0,11240.0,10960.0,0.0,0.0,0.0,0.0,0.0,0.0,3040.0,0.0,0.0,3120.0,0.0,0.0,0.0,0.0,0.0,3280.0,3040.0,0.0,0.0,0.0,0.0,0.0,0.0,338519.0,0.0,0.0,286039.0,0.0,0.0,0.0,0.0,0.0,314517.0,153079.0,0.0,0.0,0.0,0.0,0.0,0.0
2026-03-03T06:00:00+01:00,11200.0,0.0,0.0,9960.0,4240.0,0.0,0.0,11120.0,0.0,12440.0,7240.0,7880.0,0.0,0.0,0.0,11760.0,0.0,3160.0,0.0,0.0,3080.0,4240.0,0.0,0.0,3520.0,0.0,3040.0,3320.0,4080.0,0.0,0.0,0.0,4000.0,0.0,99480.0,0.0,0.0,170559.0,4240.0,0.0,0.0,52199.0,0.0,421239.0,45960.0,11960.0,0.0,0.0,0.0,64557.0,0.0
2026-03-03T07:00:00+01:00,11800.0,12800.0,0.0,12040.0,12680.0,0.0,0.0,12000.0,11880.0,12640.0,6880.0,5240.0,0.0,0.0,0.0,9600.0,10000.0,3240.0,3040.0,0.0,3040.0,3040.0,0.0,0.0,3400.0,3160.0,3040.0,4760.0,5240.0,0.0,0.0,0.0,3040.0,10000.0,200880.0,202079.0,0.0,725191.0,119520.0,0.0,0.0,283720.0,144440.0,1911546.0,17080.0,5240.0,0.0,0.0,0.0,162920.0,10000.0
2026-03-03T08:00:00+01:00,5280.0,12120.0,0.0,12680.0,4040.0,0.0,0.0,11440.0,5160.0,12560.0,10440.0,4160.0,0.0,0.0,0.0,12000.0,0.0,3560.0,3040.0,0.0,3040.0,3080.0,0.0,0.0,3080.0,3680.0,3040.0,5440.0,4160.0,0.0,0.0,0.0,3240.0,0.0,18040.0,119640.0,0.0,1666359.0,7120.0,0.0,0.0,143360.0,8840.0,2340953.0,45040.0,4160.0,0.0,0.0,0.0,348880.0,0.0
2026-03-03T09:00:00+01:00,8000.0,11680.0,4600.0,12280.0,12240.0,0.0,0.0,10800.0,6120.0,12760.0,8039.0,6240.0,0.0,0.0,0.0,12240.0,0.0,3160.0,3040.0,4600.0,3120.0,11400.0,0.0,0.0,3040.0,6120.0,3040.0,3640.0,6240.0,0.0,0.0,0.0,3240.0,0.0,60280.0,80120.0,4600.0,442520.0,23640.0,0.0,0.0,199240.0,6120.0,2105519.0,46479.0,6240.0,0.0,0.0,0.0,322880.0,0.0
2026-03-03T10:00:00+01:00,3240.0,8440.0,0.0,12680.0,0.0,0.0,0.0,11240.0,12160.0,12600.0,7840.0,0.0,0.0,0.0,0.0,12720.0,0.0,3240.0,3400.0,0.0,3040.0,0.0,0.0,0.0,3080.0,12160.0,3040.0,3320.0,0.0,0.0,0.0,0.0,3280.0,0.0,3240.0,52879.0,0.0,692879.0,0.0,0.0,0.0,313840.0,12160.0,1781358.0,56960.0,0.0,0.0,0.0,0.0,277520.0,0.0
2026-03-03T11:00:00+01:00,11520.0,11360.0,0.0,12720.0,0.0,0.0,0.0,11400.0,4920.0,12680.0,9880.0,9880.0,0.0,0.0,0.0,11320.0,3960.0,3200.0,3720.0,0.0,3040.0,0.0,0.0,0.0,3040.0,4040.0,3040.0,3240.0,3600.0,0.0,0.0,0.0,3040.0,3960.0,169440.0,46440.0,0.0,408639.0,0.0,0.0,0.0,132440.0,8960.0,1644440.0,59240.0,17640.0,0.0,0.0,0.0,45000.0,3960.0
2026-03-03T12:00:00+01:00,6800.0,11800.0,0.0,12680.0,4920.0,0.0,9800.0,12080.0,11040.0,12720.0,9960.0,5960.0,0.0,11960.0,0.0,11880.0,0.0,3040.0,4600.0,0.0,3040.0,4920.0,0.0,4480.0,3120.0,3040.0,3040.0,3160.0,3240.0,0.0,3040.0,0.0,3040.0,0.0,50440.0,64160.0,0.0,329680.0,4920.0,0.0,21240.0,121040.0,73120.0,1245278.0,83200.0,29800.0,0.0,113800.0,0.0,75120.0,0.0
2026-03-03T13:00:00+01:00,12280.0,12280.0,5240.0,10840.0,0.0,0.0,0.0,11840.0,4760.0,12720.0,12360.0,12240.0,0.0,12200.0,0.0,8320.0,7880.0,3040.0,3120.0,5240.0,3040.0,0.0,0.0,0.0,3880.0,4760.0,3040.0,3120.0,3040.0,0.0,3120.0,0.0,3040.0,7880.0,288518.0,236640.0,5240.0,339720.0,0.0,0.0,0.0,69320.0,4760.0,3620437.0,137200.0,164760.0,0.0,68720.0,0.0,61760.0,7880.0
2026-03-03T14:00:00+01:00,4800.0,10840.0,0.0,11840.0,0.0,0.0,0.0,11840.0,9280.0,12680.0,10440.0,12520.0,0.0,0.0,0.0,12400.0,0.0,3160.0,3120.0,0.0,3040.0,0.0,0.0,0.0,3120.0,3240.0,3040.0,3040.0,3240.0,0.0,0.0,0.0,3120.0,0.0,11200.0,127600.0,0.0,248480.0,0.0,0.0,0.0,166280.0,29440.0,3603519.0,106480.0,253480.0,0.0,0.0,0.0,479400.0,0.0
2026-03-03T15:00:00+01:00,0.0,11040.0,0.0,12560.0,0.0,0.0,0.0,12040.0,9440.0,12680.0,12000.0,6240.0,0.0,0.0,0.0,12040.0,0.0,0.0,3440.0,0.0,3040.0,0.0,0.0,0.0,3240.0,9440.0,3040.0,3040.0,3840.0,0.0,0.0,0.0,4320.0,0.0,0.0,127119.0,0.0,739393.0,0.0,0.0,0.0,260359.0,9440.0,3342363.0,186680.0,24360.0,0.0,0.0,0.0,50320.0,0.0
2026-03-03T16:00:00+01:00,10840.0,12240.0,0.0,12000.0,8360.0,0.0,0.0,12000.0,8039.0,12680.0,12000.0,12280.0,0.0,0.0,0.0,12440.0,0.0,3600.0,3040.0,0.0,3040.0,8360.0,0.0,0.0,3640.0,5360.0,3040.0,3120.0,4560.0,0.0,0.0,0.0,3200.0,0.0,65440.0,106120.0,0.0,324800.0,8360.0,0.0,0.0,192599.0,13399.0,2330570.0,212320.0,37680.0,0.0,0.0,0.0,52200.0,0.0
2026-03-03T17:00:00+01:00,5000.0,11040.0,0.0,11960.0,0.0,0.0,0.0,0.0,10720.0,12560.0,12680.0,0.0,0.0,0.0,0.0,12040.0,6160.0,3040.0,3720.0,0.0,3040.0,0.0,0.0,0.0,0.0,3360.0,3040.0,3040.0,0.0,0.0,0.0,0.0,3440.0,6160.0,26560.0,118760.0,0.0,443480.0,0.0,0.0,0.0,0.0,56360.0,878440.0,187599.0,0.0,0.0,0.0,0.0,43040.0,6160.0
2026-03-03T18:00:00+01:00,12000.0,12440.0,4800.0,12440.0,0.0,0.0,0.0,0.0,9440.0,12680.0,12560.0,6920.0,7600.0,0.0,0.0,10120.0,0.0,3560.0,3320.0,4800.0,3160.0,0.0,0.0,0.0,0.0,3200.0,3040.0,3040.0,3200.0,3560.0,0.0,0.0,3200.0,0.0,138870.0,129799.0,4800.0,535840.0,0.0,0.0,0.0,0.0,16560.0,2499776.0,237080.0,13640.0,11160.0,0.0,0.0,22920.0,0.0
2026-03-03T19:00:00+01:00,10320.0,10520.0,0.0,12560.0,7800.0,0.0,0.0,0.0,10200.0,12600.0,10960.0,0.0,0.0,0.0,0.0,0.0,0.0,3720.0,3040.0,0.0,3080.0,3080.0,0.0,0.0,0.0,3400.0,3040.0,3040.0,0.0,0.0,0.0,0.0,0.0,0.0,18520.0,76320.0,0.0,1084869.0,16560.0,0.0,0.0,0.0,39520.0,2572199.0,36160.0,0.0,0.0,0.0,0.0,0.0,0.0
2026-03-03T20:00:00+01:00,7040.0,11880.0,0.0,12000.0,0.0,0.0,0.0,0.0,4560.0,12640.0,12640.0,0.0,0.0,0.0,0.0,0.0,0.0,3840.0,3240.0,0.0,3160.0,0.0,0.0,0.0,0.0,4560.0,3040.0,3040.0,0.0,0.0,0.0,0.0,0.0,0.0,25880.0,48960.0,0.0,470979.0,0.0,0.0,0.0,0.0,4560.0,1536678.0,356919.0,0.0,0.0,0.0,0.0,0.0,0.0
2026-03-03T21:00:00+01:00,9160.0,10560.0,0.0,12000.0,4600.0,0.0,0.0,0.0,4400.0,12520.0,12560.0,0.0,0.0,0.0,0.0,0.0,0.0,6240.0,3200.0,0.0,3120.0,4600.0,0.0,0.0,0.0,4400.0,3040.0,3040.0,0.0,0.0,0.0,0.0,0.0,0.0,15400.0,47560.0,0.0,318040.0,4600.0,0.0,0.0,0.0,4400.0,958755.0,137920.0,0.0,0.0,0.0,0.0,0.0,0.0
2026-03-03T22:00:00+01:00,11480.0,3240.0,0.0,10960.0,0.0,0.0,0.0,0.0,0.0,12560.0,9840.0,0.0,0.0,0.0,0.0,0.0,0.0,7560.0,3120.0,0.0,3160.0,0.0,0.0,0.0,0.0,0.0,3040.0,3120.0,0.0,0.0,0.0,0.0,0.0,0.0,47800.0,6360.0,0.0,114690.0,0.0,0.0,0.0,0.0,0.0,450520.0,64960.0,0.0,0.0,0.0,0.0,0.0,0.0
2026-03-03T23:00:00+01:00,10440.0,0.0,0.0,12440.0,0.0,0.0,0.0,0.0,5560.0,12480.0,6480.0,0.0,0.0,0.0,0.0,5080.0,0.0,7320.0,0.0,0.0,3040.0,0.0,0.0,0.0,0.0,5560.0,3080.0,3320.0,0.0,0.0,0.0,0.0,4720.0,0.0,17760.0,0.0,0.0,454758.0,0.0,0.0,0.0,0.0,5560.0,272280.0,9800.0,0.0,0.0,0.0,0.0,9800.0,0.0
2026-03-04T00:00:00+01:00,4600.0,0.0,0.0,12000.0,0.0,0.0,0.0,0.0,0.0,12520.0,6920.0,0.0,0.0,0.0,0.0,0.0,0.0,4600.0,0.0,0.0,3040.0,0.0,0.0,0.0,0.0,0.0,3120.0,6040.0,0.0,0.0,0.0,0.0,0.0,0.0,4600.0,0.0,0.0,418448.0,0.0,0.0,0.0,0.0,0.0,162680.0,12960.0,0.0,0.0,0.0,0.0,0.0,0.0
2026-03-04T01:00:00+01:00,6680.0,0.0,0.0,12000.0,0.0,0.0,0.0,0.0,0.0,10840.0,5560.0,0.0,0.0,0.0,0.0,0.0,0.0,6040.0,0.0,0.0,3240.0,0.0,0.0,0.0,0.0,0.0,3400.0,4120.0,0.0,0.0,0.0,0.0,0.0,0.0,12720.0,0.0,0.0,571168.0,0.0,0.0,0.0,0.0,0.0,129480.0,9680.0,0.0,0.0,0.0,0.0,0.0,0.0
2026-03-04T02:00:00+01:00,3880.0,0.0,0.0,12120.0,0.0,0.0,0.0,0.0,0.0,12560.0,0.0,0.0,0.0,0.0,0.0,0.0,0.0,3760.0,0.0,0.0,3080.0,0.0,0.0,0.0,0.0,0.0,3160.0,0.0,0.0,0.0,0.0,0.0,0.0,0.0,7640.0,0.0,0.0,597799.0,0.0,0.0,0.0,0.0,0.0,338280.0,0.0,0.0,0.0,0.0,0.0,0.0,0.0
2026-03-04T03:00:00+01:00,0.0,0.0,0.0,12000.0,0.0,0.0,0.0,0.0,0.0,11960.0,0.0,0.0,0.0,0.0,0.0,0.0,0.0,0.0,0.0,0.0,3360.0,0.0,0.0,0.0,0.0,0.0,3040.0,0.0,0.0,0.0,0.0,0.0,0.0,0.0,0.0,0.0,0.0,416160.0,0.0,0.0,0.0,0.0,0.0,209080.0,0.0,0.0,0.0,0.0,0.0,0.0,0.0
2026-03-04T04:00:00+01:00,0.0,3720.0,0.0,12000.0,0.0,0.0,0.0,9520.0,0.0,9840.0,0.0,0.0,0.0,0.0,0.0,4720.0,0.0,0.0,3720.0,0.0,3040.0,0.0,0.0,0.0,6200.0,0.0,3160.0,0.0,0.0,0.0,0.0,0.0,4720.0,0.0,0.0,3720.0,0.0,454439.0,0.0,0.0,0.0,15720.0,0.0,73560.0,0.0,0.0,0.0,0.0,0.0,4720.0,0.0
2026-03-04T05:00:00+01:00,0.0,0.0,7640.0,12360.0,0.0,0.0,0.0,5040.0,0.0,12440.0,7520.0,0.0,0.0,0.0,0.0,10360.0,0.0,0.0,0.0,4640.0,3040.0,0.0,0.0,0.0,5040.0,0.0,3040.0,3760.0,0.0,0.0,0.0,0.0,5960.0,0.0,0.0,0.0,17320.0,1411049.0,0.0,0.0,0.0,5040.0,0.0,341600.0,16320.0,0.0,0.0,0.0,0.0,23280.0,0.0
2026-03-04T06:00:00+01:00,0.0,4800.0,0.0,12440.0,0.0,0.0,0.0,8200.0,8320.0,12480.0,6600.0,3280.0,0.0,0.0,0.0,12000.0,0.0,0.0,4480.0,0.0,3040.0,0.0,0.0,0.0,6240.0,3920.0,3040.0,3640.0,3280.0,0.0,0.0,0.0,3840.0,0.0,0.0,9280.0,0.0,1404197.0,0.0,0.0,0.0,14440.0,24439.0,673957.0,34160.0,3280.0,0.0,0.0,0.0,208720.0,0.0
2026-03-04T07:00:00+01:00,12040.0,12360.0,0.0,12560.0,6800.0,0.0,0.0,4160.0,10880.0,12520.0,8880.0,3240.0,0.0,0.0,0.0,12320.0,0.0,3360.0,3800.0,0.0,3040.0,3240.0,0.0,0.0,3240.0,3520.0,3040.0,3360.0,3240.0,0.0,0.0,0.0,3040.0,0.0,48320.0,152920.0,0.0,559940.0,50080.0,0.0,0.0,11000.0,34560.0,1324996.0,29080.0,3240.0,0.0,0.0,0.0,220640.0,0.0
2026-03-04T08:00:00+01:00,3640.0,10760.0,0.0,12440.0,9640.0,0.0,0.0,0.0,10880.0,12480.0,10200.0,11720.0,0.0,0.0,0.0,11960.0,0.0,3640.0,3200.0,0.0,3040.0,4280.0,0.0,0.0,0.0,3320.0,3040.0,5720.0,5280.0,0.0,0.0,0.0,3080.0,0.0,3640.0,96640.0,0.0,392478.0,13920.0,0.0,0.0,0.0,24720.0,1365875.0,51800.0,17000.0,0.0,0.0,0.0,163080.0,0.0
2026-03-04T09:00:00+01:00,11240.0,11160.0,0.0,12000.0,0.0,0.0,0.0,6400.0,12000.0,12400.0,7640.0,3640.0,0.0,0.0,0.0,12040.0,0.0,3040.0,3640.0,0.0,3040.0,0.0,0.0,0.0,5520.0,3360.0,3040.0,4640.0,3640.0,0.0,0.0,0.0,3040.0,0.0,50760.0,82520.0,0.0,490970.0,0.0,0.0,0.0,11920.0,322920.0,841518.0,31920.0,3640.0,0.0,0.0,0.0,129120.0,0.0
2026-03-04T10:00:00+01:00,10320.0,10960.0,0.0,12520.0,0.0,8480.0,0.0,12160.0,12440.0,12560.0,10320.0,12040.0,0.0,0.0,0.0,12000.0,0.0,3040.0,3480.0,0.0,3120.0,0.0,5120.0,0.0,3240.0,3160.0,3040.0,3400.0,3040.0,0.0,0.0,0.0,3840.0,0.0,186956.0,80800.0,0.0,479560.0,0.0,13600.0,0.0,56440.0,155840.0,1407710.0,84920.0,96679.0,0.0,0.0,0.0,74920.0,0.0
2026-03-04T11:00:00+01:00,12000.0,12240.0,0.0,12280.0,0.0,0.0,0.0,12040.0,10000.0,12480.0,12040.0,0.0,0.0,0.0,0.0,6000.0,4000.0,3080.0,3240.0,0.0,3040.0,0.0,0.0,0.0,3120.0,3160.0,3040.0,3080.0,0.0,0.0,0.0,0.0,3440.0,4000.0,384320.0,119920.0,0.0,635460.0,0.0,0.0,0.0,144880.0,105760.0,3411438.0,201160.0,0.0,0.0,0.0,0.0,19720.0,4000.0
2026-03-04T12:00:00+01:00,11960.0,8039.0,0.0,9840.0,0.0,0.0,0.0,12040.0,12360.0,12480.0,12000.0,8640.0,0.0,0.0,0.0,9840.0,0.0,3160.0,3520.0,0.0,3040.0,0.0,0.0,0.0,3080.0,3200.0,3040.0,3480.0,4160.0,0.0,0.0,0.0,3080.0,0.0,133320.0,85719.0,0.0,274176.0,0.0,0.0,0.0,384480.0,233595.0,3259194.0,240959.0,18840.0,0.0,0.0,0.0,58840.0,0.0
2026-03-04T13:00:00+01:00,8840.0,11880.0,3960.0,12000.0,0.0,0.0,0.0,12120.0,0.0,12560.0,12240.0,11560.0,0.0,0.0,0.0,9640.0,6600.0,3280.0,3040.0,3960.0,3040.0,0.0,0.0,0.0,3120.0,0.0,3040.0,3040.0,3040.0,0.0,0.0,0.0,3080.0,6600.0,39760.0,153399.0,3960.0,258628.0,0.0,0.0,0.0,61800.0,0.0,2731078.0,341080.0,45280.0,0.0,0.0,0.0,143640.0,6600.0
2026-03-04T14:00:00+01:00,10240.0,12320.0,0.0,12000.0,0.0,0.0,0.0,12000.0,11480.0,12360.0,12000.0,10360.0,0.0,0.0,0.0,12520.0,0.0,3920.0,3160.0,0.0,3240.0,0.0,0.0,0.0,3040.0,3520.0,3040.0,3080.0,3120.0,0.0,0.0,0.0,3240.0,0.0,22199.0,318360.0,0.0,145360.0,0.0,0.0,0.0,186479.0,23440.0,2294437.0,228040.0,30160.0,0.0,0.0,0.0,272920.0,0.0
2026-03-04T15:00:00+01:00,8560.0,11680.0,0.0,11040.0,0.0,0.0,0.0,10600.0,0.0,12320.0,12320.0,8600.0,0.0,0.0,0.0,11200.0,4000.0,3160.0,3040.0,0.0,3040.0,0.0,0.0,0.0,3160.0,0.0,3040.0,3160.0,3720.0,0.0,0.0,0.0,3040.0,4000.0,15720.0,108960.0,0.0,236720.0,0.0,0.0,0.0,109920.0,0.0,950238.0,161440.0,43199.0,0.0,0.0,0.0,69600.0,4000.0
2026-03-04T16:00:00+01:00,11840.0,12200.0,0.0,12040.0,0.0,0.0,0.0,11920.0,11640.0,12480.0,9440.0,6560.0,0.0,0.0,0.0,5560.0,0.0,3240.0,3040.0,0.0,3020.0,0.0,0.0,0.0,3040.0,3040.0,3040.0,3120.0,3320.0,0.0,0.0,0.0,5560.0,0.0,47520.0,220320.0,0.0,711958.0,0.0,0.0,0.0,151479.0,59160.0,2645077.0,38360.0,26720.0,0.0,0.0,0.0,5560.0,0.0
2026-03-04T17:00:00+01:00,10120.0,11240.0,0.0,12520.0,0.0,0.0,0.0,0.0,7360.0,12480.0,12280.0,0.0,0.0,0.0,0.0,10640.0,7760.0,3640.0,3680.0,0.0,3040.0,0.0,0.0,0.0,0.0,4240.0,3040.0,3240.0,0.0,0.0,0.0,0.0,4000.0,7760.0,70360.0,166359.0,0.0,601119.0,0.0,0.0,0.0,0.0,17640.0,3777856.0,95880.0,0.0,0.0,0.0,0.0,60200.0,7760.0
2026-03-04T18:00:00+01:00,12000.0,11480.0,5320.0,11480.0,0.0,0.0,0.0,0.0,4680.0,12480.0,12080.0,3160.0,0.0,0.0,0.0,0.0,0.0,3160.0,3040.0,4000.0,3080.0,0.0,0.0,0.0,0.0,3840.0,3040.0,3680.0,3160.0,0.0,0.0,0.0,0.0,0.0,56520.0,158759.0,9320.0,396700.0,0.0,0.0,0.0,0.0,8520.0,2793495.0,20200.0,3160.0,0.0,0.0,0.0,0.0,0.0
2026-03-04T19:00:00+01:00,10400.0,10040.0,0.0,11920.0,0.0,0.0,0.0,0.0,7240.0,12440.0,4760.0,5560.0,0.0,0.0,0.0,0.0,0.0,3040.0,3240.0,0.0,3600.0,0.0,0.0,0.0,0.0,3680.0,3040.0,4760.0,5560.0,0.0,0.0,0.0,0.0,0.0,43680.0,81360.0,0.0,153090.0,0.0,0.0,0.0,0.0,29400.0,1202077.0,4760.0,5560.0,0.0,0.0,0.0,0.0,0.0
2026-03-04T20:00:00+01:00,8200.0,9240.0,0.0,11120.0,0.0,0.0,0.0,0.0,6200.0,12360.0,0.0,0.0,0.0,0.0,0.0,0.0,0.0,3040.0,3560.0,0.0,3040.0,0.0,0.0,0.0,0.0,6200.0,3040.0,0.0,0.0,0.0,0.0,0.0,0.0,0.0,32760.0,40440.0,0.0,172630.0,0.0,0.0,0.0,0.0,6200.0,576279.0,0.0,0.0,0.0,0.0,0.0,0.0,0.0
2026-03-04T21:00:00+01:00,8720.0,11240.0,0.0,11630.0,0.0,0.0,0.0,0.0,5080.0,12360.0,0.0,0.0,0.0,0.0,0.0,0.0,0.0,3640.0,3760.0,0.0,3080.0,0.0,0.0,0.0,0.0,4880.0,3040.0,0.0,0.0,0.0,0.0,0.0,0.0,0.0,54920.0,63160.0,0.0,148419.0,0.0,0.0,0.0,0.0,9960.0,995479.0,0.0,0.0,0.0,0.0,0.0,0.0,0.0
2026-03-04T22:00:00+01:00,7680.0,10040.0,0.0,12290.0,0.0,0.0,0.0,0.0,0.0,12480.0,0.0,0.0,0.0,0.0,0.0,0.0,0.0,4360.0,3240.0,0.0,3040.0,0.0,0.0,0.0,0.0,0.0,3040.0,0.0,0.0,0.0,0.0,0.0,0.0,0.0,21600.0,64000.0,0.0,449459.0,0.0,0.0,0.0,0.0,0.0,1328237.0,0.0,0.0,0.0,0.0,0.0,0.0,0.0
2026-03-04T23:00:00+01:00,4560.0,4000.0,0.0,10040.0,0.0,0.0,0.0,0.0,0.0,12320.0,0.0,0.0,0.0,0.0,0.0,0.0,0.0,4440.0,3040.0,0.0,3040.0,0.0,0.0,0.0,0.0,0.0,3040.0,0.0,0.0,0.0,0.0,0.0,0.0,0.0,9000.0,10720.0,0.0,531328.0,0.0,0.0,0.0,0.0,0.0,914198.0,0.0,0.0,0.0,0.0,0.0,0.0,0.0
2026-03-05T00:00:00+01:00,0.0,3400.0,0.0,12060.0,0.0,0.0,0.0,0.0,0.0,12120.0,0.0,0.0,0.0,0.0,0.0,0.0,0.0,0.0,3040.0,0.0,3360.0,0.0,0.0,0.0,0.0,0.0,3040.0,0.0,0.0,0.0,0.0,0.0,0.0,0.0,0.0,6440.0,0.0,734290.0,0.0,0.0,0.0,0.0,0.0,507160.0,0.0,0.0,0.0,0.0,0.0,0.0,0.0
2026-03-05T01:00:00+01:00,0.0,3840.0,0.0,12480.0,0.0,0.0,0.0,0.0,0.0,12200.0,0.0,0.0,0.0,0.0,0.0,0.0,0.0,0.0,3760.0,0.0,3160.0,0.0,0.0,0.0,0.0,0.0,3040.0,0.0,0.0,0.0,0.0,0.0,0.0,0.0,0.0,7600.0,0.0,475599.0,0.0,0.0,0.0,0.0,0.0,296599.0,0.0,0.0,0.0,0.0,0.0,0.0,0.0
2026-03-05T02:00:00+01:00,3440.0,0.0,0.0,12200.0,0.0,0.0,0.0,0.0,5320.0,11400.0,0.0,0.0,0.0,0.0,0.0,0.0,0.0,3440.0,0.0,0.0,3160.0,0.0,0.0,0.0,0.0,5320.0,3040.0,0.0,0.0,0.0,0.0,0.0,0.0,0.0,3440.0,0.0,0.0,130580.0,0.0,0.0,0.0,0.0,5320.0,157720.0,0.0,0.0,0.0,0.0,0.0,0.0,0.0
2026-03-05T03:00:00+01:00,0.0,0.0,0.0,9610.0,0.0,0.0,0.0,0.0,0.0,11560.0,0.0,0.0,0.0,0.0,0.0,0.0,0.0,0.0,0.0,0.0,3320.0,0.0,0.0,0.0,0.0,0.0,11000.0,0.0,0.0,0.0,0.0,0.0,0.0,0.0,0.0,0.0,0.0,98560.0,0.0,0.0,0.0,0.0,0.0,22560.0,0.0,0.0,0.0,0.0,0.0,0.0,0.0
2026-03-05T04:00:00+01:00,0.0,3840.0,0.0,11620.0,0.0,0.0,0.0,0.0,0.0,11120.0,0.0,0.0,0.0,0.0,0.0,0.0,0.0,0.0,3240.0,0.0,3040.0,0.0,0.0,0.0,0.0,0.0,4040.0,0.0,0.0,0.0,0.0,0.0,0.0,0.0,0.0,7080.0,0.0,59030.0,0.0,0.0,0.0,0.0,0.0,47760.0,0.0,0.0,0.0,0.0,0.0,0.0,0.0
2026-03-05T05:00:00+01:00,8280.0,0.0,0.0,11960.0,0.0,0.0,0.0,0.0,0.0,12120.0,0.0,0.0,0.0,0.0,0.0,0.0,0.0,3840.0,0.0,0.0,3040.0,0.0,0.0,0.0,0.0,0.0,3400.0,0.0,0.0,0.0,0.0,0.0,0.0,0.0,12120.0,0.0,0.0,133960.0,0.0,0.0,0.0,0.0,0.0,162400.0,0.0,0.0,0.0,0.0,0.0,0.0,0.0
2026-03-05T06:00:00+01:00,3160.0,10120.0,0.0,11720.0,0.0,0.0,0.0,12040.0,5200.0,12360.0,0.0,8520.0,0.0,0.0,0.0,10840.0,0.0,3160.0,5400.0,0.0,3080.0,0.0,0.0,0.0,4040.0,5200.0,3040.0,0.0,3560.0,0.0,0.0,0.0,3200.0,0.0,3160.0,15520.0,0.0,159520.0,0.0,0.0,0.0,34240.0,5200.0,574319.0,0.0,25680.0,0.0,0.0,0.0,86238.0,0.0
2026-03-05T07:00:00+01:00,6240.0,11760.0,0.0,11840.0,0.0,0.0,0.0,10440.0,6240.0,12000.0,9680.0,4240.0,0.0,0.0,0.0,12000.0,0.0,4560.0,3040.0,0.0,3040.0,0.0,0.0,0.0,4600.0,3680.0,3040.0,4520.0,4240.0,0.0,0.0,0.0,3680.0,0.0,10800.0,155520.0,0.0,185760.0,0.0,0.0,0.0,31760.0,9920.0,452679.0,49320.0,4240.0,0.0,0.0,0.0,64440.0,0.0
2026-03-05T08:00:00+01:00,8080.0,9680.0,0.0,12040.0,0.0,0.0,0.0,9960.0,12360.0,12240.0,8119.0,3480.0,0.0,0.0,0.0,9840.0,11120.0,4480.0,3240.0,0.0,3120.0,0.0,0.0,0.0,3080.0,3160.0,3040.0,4240.0,3480.0,0.0,0.0,0.0,3080.0,8840.0,12560.0,91480.0,0.0,622358.0,0.0,0.0,0.0,62680.0,94600.0,1156040.0,12359.0,3480.0,0.0,0.0,0.0,115240.0,19960.0
2026-03-05T09:00:00+01:00,6320.0,10520.0,0.0,12000.0,4000.0,0.0,0.0,11560.0,9640.0,12400.0,10440.0,5160.0,0.0,10000.0,0.0,12240.0,0.0,3240.0,3160.0,0.0,3040.0,3120.0,0.0,0.0,3640.0,5880.0,3040.0,3560.0,3440.0,0.0,3160.0,0.0,3120.0,0.0,30920.0,73600.0,0.0,735100.0,18240.0,0.0,0.0,94120.0,32720.0,3191673.0,29200.0,8600.0,0.0,35920.0,0.0,488520.0,0.0
2026-03-05T10:00:00+01:00,10720.0,12440.0,6760.0,12000.0,8320.0,0.0,0.0,11280.0,6960.0,12440.0,11960.0,5240.0,0.0,12000.0,0.0,11920.0,0.0,3040.0,3040.0,6760.0,3040.0,3560.0,0.0,0.0,3040.0,6960.0,3040.0,3280.0,3920.0,0.0,3120.0,0.0,3040.0,0.0,80960.0,345999.0,6760.0,740059.0,54960.0,0.0,0.0,135360.0,6960.0,2862537.0,99800.0,14200.0,0.0,127240.0,0.0,316959.0,0.0
2026-03-05T11:00:00+01:00,12000.0,11240.0,10040.0,12360.0,0.0,0.0,0.0,11040.0,11560.0,12360.0,12000.0,11440.0,0.0,3480.0,0.0,10840.0,0.0,3160.0,3040.0,3960.0,3040.0,0.0,0.0,0.0,3320.0,3680.0,3040.0,3400.0,3960.0,0.0,3320.0,0.0,3120.0,0.0,237639.0,61440.0,47760.0,365239.0,0.0,0.0,0.0,67200.0,67480.0,2614438.0,120320.0,33200.0,0.0,6800.0,0.0,32800.0,0.0
2026-03-05T12:00:00+01:00,10400.0,12360.0,11880.0,11600.0,0.0,0.0,0.0,8880.0,5760.0,12320.0,12240.0,11880.0,0.0,0.0,0.0,4560.0,0.0,3240.0,3120.0,3800.0,3040.0,0.0,0.0,0.0,3840.0,3960.0,3040.0,3120.0,4440.0,0.0,0.0,0.0,4560.0,0.0,63880.0,82360.0,118000.0,77280.0,0.0,0.0,0.0,12720.0,14320.0,1044759.0,138960.0,46720.0,0.0,0.0,0.0,4560.0,0.0
2026-03-05T13:00:00+01:00,10880.0,11400.0,11720.0,11000.0,11280.0,0.0,0.0,10800.0,8520.0,12400.0,11760.0,12320.0,0.0,0.0,0.0,11160.0,0.0,3200.0,3080.0,3360.0,3040.0,6680.0,0.0,0.0,3080.0,7760.0,3040.0,3160.0,3480.0,0.0,0.0,0.0,3080.0,0.0,83480.0,189759.0,163440.0,217250.0,17960.0,0.0,0.0,104240.0,24760.0,3264113.0,266559.0,61360.0,0.0,0.0,0.0,73080.0,0.0
2026-03-05T14:00:00+01:00,9520.0,12040.0,3040.0,12160.0,0.0,0.0,0.0,6760.0,11960.0,12400.0,11960.0,10400.0,0.0,0.0,0.0,12360.0,0.0,3480.0,3080.0,3040.0,3120.0,0.0,0.0,0.0,3640.0,3840.0,3040.0,3360.0,3720.0,0.0,0.0,0.0,3040.0,0.0,13000.0,187280.0,3040.0,222280.0,0.0,0.0,0.0,31080.0,84080.0,3609573.0,162200.0,94760.0,0.0,0.0,0.0,450878.0,0.0
2026-03-05T15:00:00+01:00,10000.0,11920.0,0.0,12160.0,0.0,0.0,0.0,11400.0,4080.0,12360.0,11560.0,10000.0,0.0,0.0,0.0,11120.0,0.0,3640.0,3240.0,0.0,3120.0,0.0,0.0,0.0,3640.0,3440.0,3040.0,3760.0,3320.0,0.0,0.0,0.0,3040.0,0.0,40440.0,237880.0,0.0,595439.0,0.0,0.0,0.0,59240.0,7520.0,3298558.0,191399.0,30400.0,0.0,0.0,0.0,80320.0,0.0
2026-03-05T16:00:00+01:00,10120.0,11240.0,8039.0,12120.0,0.0,0.0,0.0,11600.0,9480.0,12320.0,11720.0,9160.0,0.0,12040.0,0.0,12320.0,0.0,3320.0,3040.0,3080.0,3040.0,0.0,0.0,0.0,3120.0,3160.0,3040.0,3120.0,3120.0,0.0,3760.0,0.0,3280.0,0.0,84000.0,277560.0,59519.0,358240.0,0.0,0.0,0.0,81480.0,46400.0,2807063.0,147000.0,34360.0,0.0,22520.0,0.0,36760.0,0.0
2026-03-05T17:00:00+01:00,10440.0,10640.0,0.0,10440.0,0.0,0.0,0.0,0.0,8039.0,12360.0,12080.0,11000.0,0.0,0.0,0.0,9400.0,0.0,3120.0,3320.0,0.0,3280.0,0.0,0.0,0.0,0.0,3720.0,3040.0,3040.0,3040.0,0.0,0.0,0.0,7160.0,0.0,120879.0,120920.0,0.0,123199.0,0.0,0.0,0.0,0.0,34239.0,1513918.0,54200.0,43520.0,0.0,0.0,0.0,49440.0,0.0
2026-03-05T18:00:00+01:00,5880.0,12160.0,3960.0,12160.0,0.0,0.0,0.0,0.0,3880.0,12320.0,6960.0,9360.0,0.0,0.0,0.0,4240.0,0.0,3080.0,3160.0,3960.0,3040.0,0.0,0.0,0.0,0.0,3880.0,3040.0,3040.0,3320.0,0.0,0.0,0.0,4240.0,0.0,45040.0,122120.0,3960.0,480280.0,0.0,0.0,0.0,0.0,3880.0,1786876.0,19400.0,27680.0,0.0,0.0,0.0,4240.0,0.0
2026-03-05T19:00:00+01:00,10280.0,10480.0,0.0,11800.0,0.0,0.0,0.0,0.0,7840.0,12280.0,5960.0,6760.0,0.0,0.0,0.0,3680.0,0.0,6880.0,3240.0,0.0,3040.0,0.0,0.0,0.0,0.0,4240.0,3040.0,3640.0,6760.0,0.0,0.0,0.0,3680.0,0.0,31440.0,85360.0,0.0,250689.0,0.0,0.0,0.0,0.0,12080.0,3223631.0,9600.0,6760.0,0.0,0.0,0.0,3680.0,0.0
2026-03-05T20:00:00+01:00,9520.0,9760.0,0.0,12240.0,0.0,0.0,0.0,0.0,6960.0,12320.0,6880.0,0.0,0.0,0.0,0.0,4480.0,0.0,3120.0,3040.0,0.0,3080.0,0.0,0.0,0.0,0.0,3920.0,3040.0,6880.0,0.0,0.0,0.0,0.0,3640.0,0.0,37360.0,86519.0,0.0,442480.0,0.0,0.0,0.0,0.0,10880.0,1577918.0,6880.0,0.0,0.0,0.0,0.0,8120.0,0.0
2026-03-05T21:00:00+01:00,9880.0,12200.0,0.0,12320.0,0.0,0.0,0.0,0.0,8280.0,12280.0,3320.0,0.0,0.0,0.0,0.0,0.0,0.0,9880.0,3040.0,0.0,3040.0,0.0,0.0,0.0,0.0,5280.0,3040.0,3320.0,0.0,0.0,0.0,0.0,0.0,0.0,9880.0,62680.0,0.0,375720.0,0.0,0.0,0.0,0.0,13560.0,1249480.0,3320.0,0.0,0.0,0.0,0.0,0.0,0.0
2026-03-05T22:00:00+01:00,12000.0,12000.0,0.0,12000.0,0.0,0.0,0.0,0.0,0.0,12320.0,6120.0,0.0,0.0,0.0,0.0,4280.0,0.0,3320.0,3520.0,0.0,3040.0,0.0,0.0,0.0,0.0,0.0,3040.0,6120.0,0.0,0.0,0.0,0.0,4280.0,0.0,192119.0,75280.0,0.0,276519.0,0.0,0.0,0.0,0.0,0.0,388639.0,6120.0,0.0,0.0,0.0,0.0,4280.0,0.0
2026-03-05T23:00:00+01:00,12120.0,10000.0,0.0,12040.0,0.0,0.0,0.0,0.0,0.0,12160.0,0.0,0.0,0.0,0.0,0.0,0.0,0.0,3960.0,3040.0,0.0,3160.0,0.0,0.0,0.0,0.0,0.0,3040.0,0.0,0.0,0.0,0.0,0.0,0.0,0.0,194160.0,150400.0,0.0,259080.0,0.0,0.0,0.0,0.0,0.0,425919.0,0.0,0.0,0.0,0.0,0.0,0.0,0.0
2026-03-06T00:00:00+01:00,12040.0,8000.0,0.0,12240.0,0.0,0.0,0.0,7440.0,0.0,12280.0,0.0,9960.0,0.0,0.0,0.0,0.0,0.0,3040.0,3200.0,0.0,3040.0,0.0,0.0,0.0,3280.0,0.0,3040.0,0.0,3560.0,0.0,0.0,0.0,0.0,0.0,613439.0,61160.0,0.0,694477.0,0.0,0.0,0.0,23560.0,0.0,680117.0,0.0,86320.0,0.0,0.0,0.0,0.0,0.0
2026-03-06T01:00:00+01:00,12120.0,8039.0,0.0,11960.0,4040.0,0.0,0.0,0.0,0.0,12280.0,0.0,10040.0,0.0,0.0,0.0,0.0,0.0,3040.0,3040.0,0.0,3040.0,3880.0,0.0,0.0,0.0,0.0,3040.0,0.0,3400.0,0.0,0.0,0.0,0.0,0.0,341560.0,276479.0,0.0,346239.0,7920.0,0.0,0.0,0.0,0.0,549959.0,0.0,141039.0,0.0,0.0,0.0,0.0,0.0
2026-03-06T02:00:00+01:00,12040.0,12120.0,0.0,11760.0,0.0,0.0,0.0,0.0,10280.0,12280.0,0.0,11960.0,0.0,0.0,0.0,0.0,0.0,3120.0,3360.0,0.0,3440.0,0.0,0.0,0.0,0.0,8640.0,3040.0,0.0,3040.0,0.0,0.0,0.0,0.0,0.0,162079.0,161279.0,0.0,165660.0,0.0,0.0,0.0,0.0,18920.0,664920.0,0.0,85360.0,0.0,0.0,0.0,0.0,0.0
2026-03-06T03:00:00+01:00,8000.0,9440.0,0.0,3640.0,0.0,0.0,0.0,5440.0,0.0,12040.0,0.0,0.0,0.0,0.0,0.0,4000.0,0.0,3040.0,3360.0,0.0,3520.0,0.0,0.0,0.0,4000.0,0.0,3040.0,0.0,0.0,0.0,0.0,0.0,4000.0,0.0,161880.0,36360.0,0.0,7160.0,0.0,0.0,0.0,9440.0,0.0,274600.0,0.0,0.0,0.0,0.0,0.0,4000.0,0.0
2026-03-06T04:00:00+01:00,12000.0,11720.0,0.0,11600.0,5960.0,0.0,0.0,12000.0,6800.0,9920.0,0.0,11840.0,0.0,0.0,3560.0,3920.0,0.0,3080.0,11720.0,0.0,3040.0,5960.0,0.0,0.0,3120.0,6800.0,3040.0,0.0,3280.0,0.0,0.0,3560.0,3920.0,0.0,190080.0,11720.0,0.0,129600.0,5960.0,0.0,0.0,47320.0,6800.0,177280.0,0.0,29720.0,0.0,0.0,3560.0,3920.0,0.0
2026-03-06T05:00:00+01:00,11520.0,8640.0,0.0,12160.0,0.0,0.0,4880.0,12120.0,0.0,12160.0,5960.0,9120.0,0.0,0.0,3200.0,12000.0,0.0,3040.0,3400.0,0.0,3200.0,0.0,0.0,4880.0,4120.0,0.0,3040.0,3840.0,3240.0,0.0,0.0,3200.0,12000.0,0.0,206240.0,46240.0,0.0,588610.0,0.0,0.0,4880.0,42760.0,0.0,760197.0,9800.0,12360.0,0.0,0.0,3200.0,12000.0,0.0
2026-03-06T06:00:00+01:00,6560.0,10240.0,0.0,11160.0,0.0,0.0,0.0,12080.0,4000.0,12120.0,0.0,4920.0,0.0,0.0,0.0,5880.0,0.0,3440.0,7840.0,0.0,3120.0,0.0,0.0,0.0,3120.0,3120.0,3200.0,0.0,4920.0,0.0,0.0,0.0,3240.0,0.0,28760.0,18080.0,0.0,418159.0,0.0,0.0,0.0,398640.0,13800.0,679840.0,0.0,4920.0,0.0,0.0,0.0,22000.0,0.0
2026-03-06T07:00:00+01:00,0.0,11160.0,0.0,12040.0,11960.0,0.0,0.0,12080.0,4160.0,12160.0,4520.0,5480.0,0.0,0.0,0.0,10080.0,0.0,0.0,3320.0,0.0,3040.0,5160.0,0.0,0.0,3040.0,4000.0,3040.0,4520.0,5480.0,0.0,0.0,0.0,5360.0,0.0,0.0,68000.0,0.0,403400.0,17120.0,0.0,0.0,738117.0,8160.0,881434.0,4520.0,5480.0,0.0,0.0,0.0,22840.0,0.0
2026-03-06T08:00:00+01:00,11240.0,7040.0,0.0,11960.0,0.0,0.0,0.0,8680.0,11960.0,12240.0,4280.0,0.0,0.0,0.0,0.0,11640.0,0.0,3840.0,3200.0,0.0,3200.0,0.0,0.0,0.0,3280.0,3360.0,3080.0,4280.0,0.0,0.0,0.0,0.0,6920.0,0.0,80440.0,26160.0,0.0,251400.0,0.0,0.0,0.0,57640.0,71360.0,794997.0,4280.0,0.0,0.0,0.0,0.0,29120.0,0.0
2026-03-06T09:00:00+01:00,8000.0,7920.0,7960.0,11880.0,4120.0,0.0,0.0,11960.0,5640.0,12160.0,8920.0,0.0,0.0,0.0,0.0,11480.0,7200.0,3200.0,3160.0,3080.0,3120.0,4120.0,0.0,0.0,3840.0,5640.0,3040.0,6920.0,0.0,0.0,0.0,0.0,3440.0,7200.0,100040.0,33280.0,18280.0,315800.0,4120.0,0.0,0.0,95960.0,5640.0,656240.0,15840.0,0.0,0.0,0.0,0.0,98200.0,7200.0
2026-03-06T10:00:00+01:00,11840.0,8280.0,0.0,12040.0,0.0,0.0,0.0,11320.0,9640.0,12200.0,11360.0,0.0,0.0,0.0,0.0,9880.0,0.0,3040.0,3160.0,0.0,3040.0,0.0,0.0,0.0,3240.0,9640.0,3160.0,3040.0,0.0,0.0,0.0,0.0,3640.0,0.0,174920.0,59720.0,0.0,278759.0,0.0,0.0,0.0,107800.0,9640.0,640199.0,161480.0,0.0,0.0,0.0,0.0,64320.0,0.0
2026-03-06T11:00:00+01:00,10520.0,6640.0,0.0,12000.0,8000.0,0.0,0.0,11560.0,9720.0,12200.0,10160.0,0.0,0.0,0.0,0.0,6600.0,0.0,3040.0,3040.0,0.0,3080.0,3560.0,0.0,0.0,3120.0,3200.0,3040.0,3480.0,0.0,0.0,0.0,0.0,3720.0,0.0,229719.0,21800.0,0.0,628319.0,29560.0,0.0,0.0,321560.0,114400.0,3131956.0,86360.0,0.0,0.0,0.0,0.0,27840.0,0.0
2026-03-06T12:00:00+01:00,12160.0,12160.0,8000.0,11040.0,8440.0,0.0,0.0,10440.0,11960.0,12200.0,12080.0,0.0,0.0,0.0,7640.0,10320.0,0.0,3040.0,3480.0,3120.0,3040.0,3960.0,0.0,0.0,3040.0,3440.0,3040.0,3200.0,0.0,0.0,0.0,3080.0,3240.0,0.0,431438.0,41080.0,14600.0,352160.0,36720.0,0.0,0.0,371399.0,131840.0,3655512.0,170880.0,0.0,0.0,0.0,13800.0,46800.0,0.0
2026-03-06T13:00:00+01:00,12080.0,11680.0,9960.0,11880.0,6720.0,0.0,0.0,11960.0,10040.0,12200.0,7920.0,0.0,0.0,0.0,0.0,11640.0,0.0,3040.0,3160.0,4320.0,3040.0,3640.0,0.0,0.0,3120.0,4040.0,3040.0,3040.0,0.0,0.0,0.0,0.0,3040.0,0.0,421200.0,102520.0,21640.0,294240.0,17880.0,0.0,0.0,214080.0,22760.0,2266473.0,57720.0,0.0,0.0,0.0,0.0,134840.0,0.0
2026-03-06T14:00:00+01:00,8760.0,11640.0,0.0,12000.0,0.0,0.0,0.0,12000.0,5360.0,12200.0,10000.0,0.0,0.0,0.0,0.0,10720.0,0.0,3040.0,3120.0,0.0,3040.0,0.0,0.0,0.0,4320.0,3720.0,3040.0,3200.0,0.0,0.0,0.0,0.0,3200.0,0.0,30760.0,136680.0,0.0,306240.0,0.0,0.0,0.0,29360.0,13120.0,1901718.0,137960.0,0.0,0.0,0.0,0.0,146800.0,0.0
2026-03-06T15:00:00+01:00,11040.0,11720.0,0.0,12080.0,0.0,0.0,0.0,0.0,5160.0,12120.0,11120.0,0.0,0.0,0.0,0.0,3440.0,0.0,3200.0,3160.0,0.0,3040.0,0.0,0.0,0.0,0.0,4120.0,3040.0,3040.0,0.0,0.0,0.0,0.0,3440.0,0.0,45440.0,53200.0,0.0,348080.0,0.0,0.0,0.0,0.0,14240.0,1732397.0,90480.0,0.0,0.0,0.0,0.0,3440.0,0.0
2026-03-06T16:00:00+01:00,7920.0,10600.0,0.0,12000.0,0.0,0.0,0.0,0.0,0.0,12120.0,12000.0,0.0,0.0,0.0,0.0,9480.0,8000.0,3080.0,3560.0,0.0,3040.0,0.0,0.0,0.0,0.0,0.0,3040.0,3400.0,0.0,0.0,0.0,0.0,4000.0,3920.0,62840.0,108680.0,0.0,579320.0,0.0,0.0,0.0,0.0,0.0,1738599.0,181640.0,0.0,0.0,0.0,0.0,44720.0,20000.0
2026-03-06T17:00:00+01:00,9720.0,11960.0,0.0,11920.0,0.0,0.0,0.0,0.0,7040.0,12160.0,12120.0,0.0,0.0,0.0,0.0,8280.0,0.0,3040.0,3880.0,0.0,3040.0,0.0,0.0,0.0,0.0,7040.0,3040.0,3120.0,0.0,0.0,0.0,0.0,5040.0,0.0,96680.0,119440.0,0.0,615600.0,0.0,0.0,0.0,0.0,7040.0,3851753.0,192239.0,0.0,0.0,0.0,0.0,25320.0,0.0
2026-03-06T18:00:00+01:00,12040.0,12200.0,11680.0,12000.0,6240.0,0.0,0.0,0.0,10000.0,12160.0,3760.0,8520.0,0.0,0.0,0.0,0.0,0.0,3640.0,3760.0,3240.0,3040.0,3440.0,0.0,0.0,0.0,3240.0,3040.0,3040.0,4880.0,0.0,0.0,0.0,0.0,0.0,106280.0,93720.0,52880.0,969999.0,33640.0,0.0,0.0,0.0,23920.0,3017236.0,10240.0,18360.0,0.0,0.0,0.0,0.0,0.0
2026-03-06T19:00:00+01:00,11960.0,11840.0,0.0,12040.0,0.0,0.0,0.0,0.0,5840.0,12160.0,5640.0,0.0,0.0,0.0,0.0,0.0,0.0,3200.0,3360.0,0.0,3040.0,0.0,0.0,0.0,0.0,3720.0,3040.0,3080.0,0.0,0.0,0.0,0.0,0.0,0.0,313240.0,116360.0,0.0,1057839.0,0.0,0.0,0.0,0.0,9560.0,1759634.0,13760.0,0.0,0.0,0.0,0.0,0.0,0.0
2026-03-06T20:00:00+01:00,12040.0,10280.0,0.0,12000.0,0.0,0.0,0.0,0.0,6160.0,12040.0,0.0,0.0,0.0,0.0,0.0,0.0,0.0,3040.0,3760.0,0.0,3080.0,0.0,0.0,0.0,0.0,6160.0,3120.0,0.0,0.0,0.0,0.0,0.0,0.0,0.0,105120.0,31000.0,0.0,543959.0,0.0,0.0,0.0,0.0,6160.0,967198.0,0.0,0.0,0.0,0.0,0.0,0.0,0.0
2026-03-06T21:00:00+01:00,8640.0,7720.0,3360.0,12000.0,0.0,0.0,0.0,0.0,3240.0,12000.0,0.0,0.0,0.0,0.0,0.0,4360.0,0.0,3240.0,3800.0,3360.0,3200.0,0.0,0.0,0.0,0.0,3240.0,3080.0,0.0,0.0,0.0,0.0,0.0,4360.0,0.0,154520.0,34280.0,3360.0,238040.0,0.0,0.0,0.0,0.0,3240.0,538040.0,0.0,0.0,0.0,0.0,0.0,4360.0,0.0
2026-03-06T22:00:00+01:00,9800.0,4520.0,0.0,9360.0,0.0,0.0,0.0,9800.0,0.0,11920.0,0.0,0.0,0.0,0.0,0.0,5840.0,0.0,3280.0,4520.0,0.0,3280.0,0.0,0.0,0.0,3080.0,0.0,3040.0,0.0,0.0,0.0,0.0,0.0,5840.0,0.0,22240.0,4520.0,0.0,144560.0,0.0,0.0,0.0,118400.0,0.0,762879.0,0.0,0.0,0.0,0.0,0.0,5840.0,0.0
2026-03-06T23:00:00+01:00,11440.0,11240.0,0.0,10240.0,0.0,0.0,0.0,12000.0,0.0,11600.0,0.0,6120.0,0.0,0.0,0.0,0.0,0.0,3520.0,3200.0,0.0,3080.0,0.0,0.0,0.0,3120.0,0.0,3040.0,0.0,6120.0,0.0,0.0,0.0,0.0,0.0,62080.0,41160.0,0.0,104520.0,0.0,0.0,0.0,278440.0,0.0,904160.0,0.0,6120.0,0.0,0.0,0.0,0.0,0.0
2026-03-07T00:00:00+01:00,12000.0,7640.0,0.0,7920.0,0.0,0.0,0.0,12160.0,0.0,12160.0,0.0,0.0,0.0,0.0,0.0,0.0,0.0,3160.0,3560.0,0.0,3120.0,0.0,0.0,0.0,3080.0,0.0,3040.0,0.0,0.0,0.0,0.0,0.0,0.0,0.0,224320.0,17600.0,0.0,87480.0,0.0,0.0,0.0,427999.0,0.0,724240.0,0.0,0.0,0.0,0.0,0.0,0.0,0.0
2026-03-07T01:00:00+01:00,7880.0,10640.0,0.0,12000.0,0.0,0.0,0.0,12000.0,4000.0,11040.0,4440.0,0.0,0.0,0.0,0.0,0.0,0.0,3040.0,4040.0,0.0,3040.0,0.0,0.0,0.0,3560.0,4000.0,3160.0,3640.0,0.0,0.0,0.0,0.0,0.0,0.0,123680.0,37919.0,0.0,73280.0,0.0,0.0,0.0,272759.0,4000.0,379840.0,16080.0,0.0,0.0,0.0,0.0,0.0,0.0
2026-03-07T02:00:00+01:00,11080.0,10200.0,0.0,10560.0,0.0,0.0,0.0,12000.0,5800.0,11920.0,7640.0,0.0,0.0,0.0,0.0,0.0,0.0,3440.0,3680.0,0.0,3040.0,0.0,0.0,0.0,3200.0,5800.0,3080.0,7640.0,0.0,0.0,0.0,0.0,0.0,0.0,130720.0,44680.0,0.0,42640.0,0.0,0.0,0.0,137760.0,5800.0,260320.0,7640.0,0.0,0.0,0.0,0.0,0.0,0.0
2026-03-07T03:00:00+01:00,12120.0,6600.0,0.0,11840.0,0.0,0.0,0.0,11240.0,3560.0,11840.0,5640.0,0.0,0.0,0.0,0.0,4200.0,0.0,3040.0,3400.0,0.0,3040.0,0.0,0.0,0.0,3040.0,3560.0,3040.0,4960.0,0.0,0.0,0.0,0.0,4200.0,0.0,647400.0,14120.0,0.0,58640.0,0.0,0.0,0.0,261839.0,3560.0,456240.0,10600.0,0.0,0.0,0.0,0.0,4200.0,0.0
2026-03-07T04:00:00+01:00,12120.0,5600.0,0.0,11440.0,0.0,0.0,0.0,12080.0,0.0,11560.0,0.0,0.0,0.0,0.0,0.0,0.0,0.0,3200.0,5600.0,0.0,3240.0,0.0,0.0,0.0,3160.0,0.0,3120.0,0.0,0.0,0.0,0.0,0.0,0.0,0.0,875120.0,5600.0,0.0,63600.0,0.0,0.0,0.0,619840.0,0.0,256880.0,0.0,0.0,0.0,0.0,0.0,0.0,0.0
2026-03-07T05:00:00+01:00,12000.0,0.0,0.0,8160.0,0.0,0.0,0.0,10000.0,0.0,9280.0,0.0,0.0,0.0,0.0,0.0,0.0,0.0,3080.0,0.0,0.0,8160.0,0.0,0.0,0.0,4000.0,0.0,3120.0,0.0,0.0,0.0,0.0,0.0,0.0,0.0,815959.0,0.0,0.0,8160.0,0.0,0.0,0.0,37960.0,0.0,139678.0,0.0,0.0,0.0,0.0,0.0,0.0,0.0
2026-03-07T06:00:00+01:00,12040.0,0.0,0.0,11520.0,0.0,0.0,0.0,0.0,8000.0,12040.0,0.0,0.0,0.0,0.0,0.0,0.0,0.0,3360.0,0.0,0.0,3120.0,0.0,0.0,0.0,0.0,3400.0,3400.0,0.0,0.0,0.0,0.0,0.0,0.0,0.0,240800.0,0.0,0.0,109479.0,0.0,0.0,0.0,0.0,23240.0,201279.0,0.0,0.0,0.0,0.0,0.0,0.0,0.0
2026-03-07T07:00:00+01:00,0.0,0.0,0.0,12000.0,0.0,0.0,0.0,6240.0,12000.0,12040.0,0.0,6760.0,0.0,0.0,0.0,0.0,0.0,0.0,0.0,0.0,3240.0,0.0,0.0,0.0,6240.0,3040.0,3040.0,0.0,5200.0,0.0,0.0,0.0,0.0,0.0,0.0,0.0,0.0,352640.0,0.0,0.0,0.0,6240.0,220119.0,394279.0,0.0,11960.0,0.0,0.0,0.0,0.0,0.0
2026-03-07T08:00:00+01:00,4320.0,6280.0,0.0,10040.0,0.0,0.0,0.0,0.0,12040.0,12000.0,0.0,11720.0,0.0,0.0,0.0,0.0,0.0,4120.0,6280.0,0.0,3040.0,0.0,0.0,0.0,0.0,3400.0,3040.0,0.0,11720.0,0.0,0.0,0.0,0.0,0.0,8440.0,6280.0,0.0,196797.0,0.0,0.0,0.0,0.0,262880.0,310080.0,0.0,11720.0,0.0,0.0,0.0,0.0,0.0
2026-03-07T09:00:00+01:00,11960.0,8240.0,0.0,12000.0,0.0,0.0,0.0,8119.0,12040.0,12040.0,10600.0,3840.0,0.0,0.0,0.0,0.0,0.0,3760.0,3960.0,0.0,3040.0,0.0,0.0,0.0,4840.0,3040.0,3080.0,5080.0,3840.0,0.0,0.0,0.0,0.0,0.0,143200.0,29680.0,0.0,813919.0,0.0,0.0,0.0,12959.0,294079.0,1136598.0,25120.0,3840.0,0.0,0.0,0.0,0.0,0.0
2026-03-07T10:00:00+01:00,12000.0,10240.0,0.0,12000.0,0.0,0.0,0.0,0.0,12000.0,12080.0,10880.0,5640.0,0.0,0.0,0.0,12000.0,0.0,3040.0,4440.0,0.0,3040.0,0.0,0.0,0.0,0.0,3080.0,3040.0,3200.0,3680.0,0.0,0.0,0.0,6960.0,0.0,90600.0,33760.0,0.0,642240.0,0.0,0.0,0.0,0.0,537880.0,2296439.0,87680.0,13320.0,0.0,0.0,0.0,38280.0,0.0
2026-03-07T11:00:00+01:00,9640.0,11920.0,0.0,12000.0,0.0,0.0,0.0,5960.0,12000.0,12000.0,10520.0,3240.0,0.0,0.0,0.0,0.0,0.0,4680.0,3480.0,0.0,3040.0,0.0,0.0,0.0,5960.0,3040.0,3040.0,3120.0,3240.0,0.0,0.0,0.0,0.0,0.0,38040.0,60280.0,0.0,1066040.0,0.0,0.0,0.0,5960.0,849360.0,2187958.0,30920.0,3240.0,0.0,0.0,0.0,0.0,0.0
2026-03-07T12:00:00+01:00,11440.0,9400.0,0.0,12000.0,0.0,0.0,0.0,9480.0,12040.0,12000.0,11960.0,0.0,4600.0,0.0,0.0,9640.0,0.0,3240.0,4240.0,0.0,3040.0,0.0,0.0,0.0,9480.0,3040.0,3040.0,3080.0,0.0,4600.0,0.0,0.0,9640.0,0.0,35680.0,27040.0,0.0,784840.0,0.0,0.0,0.0,9480.0,456278.0,1919319.0,183520.0,0.0,4600.0,0.0,0.0,9640.0,0.0
2026-03-07T13:00:00+01:00,10040.0,10480.0,3880.0,10440.0,0.0,0.0,0.0,11560.0,12000.0,12000.0,10000.0,0.0,0.0,0.0,0.0,5640.0,0.0,3040.0,3200.0,3880.0,3080.0,0.0,0.0,0.0,3920.0,3200.0,3040.0,3080.0,0.0,0.0,0.0,0.0,5640.0,0.0,52800.0,77680.0,3880.0,531438.0,0.0,0.0,0.0,45760.0,172839.0,790679.0,68440.0,0.0,0.0,0.0,0.0,5640.0,0.0
2026-03-07T14:00:00+01:00,5040.0,11840.0,0.0,12000.0,0.0,0.0,0.0,11960.0,7240.0,12040.0,10560.0,0.0,0.0,0.0,0.0,11040.0,0.0,3600.0,3120.0,0.0,3040.0,0.0,0.0,0.0,11960.0,3600.0,3040.0,3240.0,0.0,0.0,0.0,0.0,5440.0,0.0,25000.0,80640.0,0.0,889200.0,0.0,0.0,0.0,11960.0,65760.0,1487198.0,71360.0,0.0,0.0,0.0,0.0,25000.0,0.0
2026-03-07T15:00:00+01:00,8320.0,12080.0,0.0,12040.0,0.0,0.0,0.0,0.0,7960.0,12040.0,9280.0,0.0,0.0,0.0,0.0,5200.0,0.0,3120.0,3160.0,0.0,3040.0,0.0,0.0,0.0,0.0,3080.0,3040.0,3360.0,0.0,0.0,0.0,0.0,4440.0,0.0,22600.0,57040.0,0.0,1638756.0,0.0,0.0,0.0,0.0,143400.0,2016119.0,40720.0,0.0,0.0,0.0,0.0,9640.0,0.0
2026-03-07T16:00:00+01:00,10360.0,10440.0,0.0,12000.0,0.0,0.0,0.0,0.0,7360.0,12000.0,7840.0,0.0,0.0,0.0,0.0,7360.0,0.0,3240.0,3320.0,0.0,3040.0,0.0,0.0,0.0,0.0,3080.0,3040.0,3120.0,0.0,0.0,0.0,0.0,7360.0,0.0,81600.0,60400.0,0.0,951520.0,0.0,0.0,0.0,0.0,58360.0,1531079.0,43480.0,0.0,0.0,0.0,0.0,7360.0,0.0
2026-03-07T17:00:00+01:00,10680.0,9920.0,0.0,12000.0,0.0,0.0,0.0,0.0,5200.0,12000.0,11240.0,3320.0,0.0,0.0,0.0,0.0,4200.0,3040.0,3680.0,0.0,3040.0,0.0,0.0,0.0,0.0,5200.0,3080.0,3680.0,3320.0,0.0,0.0,0.0,0.0,4200.0,46160.0,65000.0,0.0,823119.0,0.0,0.0,0.0,0.0,5200.0,1382357.0,40120.0,3320.0,0.0,0.0,0.0,0.0,4200.0
2026-03-07T18:00:00+01:00,10760.0,11200.0,0.0,11960.0,0.0,0.0,0.0,0.0,7320.0,11960.0,0.0,0.0,0.0,0.0,0.0,6720.0,0.0,3280.0,3960.0,0.0,3120.0,0.0,0.0,0.0,0.0,4520.0,3040.0,0.0,0.0,0.0,0.0,0.0,4400.0,0.0,34360.0,92960.0,0.0,437239.0,0.0,0.0,0.0,0.0,11840.0,953000.0,0.0,0.0,0.0,0.0,0.0,23000.0,0.0
2026-03-07T19:00:00+01:00,8119.0,11200.0,0.0,11160.0,0.0,0.0,0.0,0.0,4760.0,11840.0,0.0,0.0,0.0,0.0,0.0,0.0,0.0,3360.0,3560.0,0.0,3040.0,0.0,0.0,0.0,0.0,4760.0,3080.0,0.0,0.0,0.0,0.0,0.0,0.0,0.0,29679.0,78120.0,0.0,159399.0,0.0,0.0,0.0,0.0,4760.0,595520.0,0.0,0.0,0.0,0.0,0.0,0.0,0.0
2026-03-07T20:00:00+01:00,9320.0,10960.0,0.0,11640.0,0.0,0.0,0.0,0.0,8119.0,12040.0,3400.0,0.0,0.0,0.0,0.0,0.0,0.0,3200.0,3720.0,0.0,3640.0,0.0,0.0,0.0,0.0,8119.0,3040.0,3400.0,0.0,0.0,0.0,0.0,0.0,0.0,32120.0,25720.0,0.0,132960.0,0.0,0.0,0.0,0.0,8119.0,1100717.0,3400.0,0.0,0.0,0.0,0.0,0.0,0.0
2026-03-07T21:00:00+01:00,8320.0,8560.0,0.0,11240.0,0.0,0.0,0.0,11440.0,0.0,11720.0,11240.0,0.0,0.0,0.0,0.0,0.0,0.0,3120.0,4320.0,0.0,3160.0,0.0,0.0,0.0,3040.0,0.0,3120.0,3280.0,0.0,0.0,0.0,0.0,0.0,0.0,48120.0,19280.0,0.0,118559.0,0.0,0.0,0.0,232559.0,0.0,734398.0,50920.0,0.0,0.0,0.0,0.0,0.0,0.0
2026-03-07T22:00:00+01:00,12000.0,12040.0,0.0,11720.0,0.0,0.0,0.0,11040.0,6200.0,12040.0,0.0,0.0,0.0,0.0,0.0,0.0,0.0,3040.0,3120.0,0.0,3040.0,0.0,0.0,0.0,3520.0,6000.0,3080.0,0.0,0.0,0.0,0.0,0.0,0.0,0.0,499359.0,356120.0,0.0,343800.0,0.0,0.0,0.0,71680.0,12200.0,355479.0,0.0,0.0,0.0,0.0,0.0,0.0,0.0
2026-03-07T23:00:00+01:00,11960.0,11800.0,0.0,12000.0,0.0,0.0,0.0,4920.0,0.0,9960.0,0.0,0.0,0.0,0.0,0.0,0.0,0.0,3360.0,3160.0,0.0,3840.0,0.0,0.0,0.0,3440.0,0.0,3040.0,0.0,0.0,0.0,0.0,0.0,0.0,0.0,131159.0,141280.0,0.0,183720.0,0.0,0.0,0.0,12360.0,0.0,232717.0,0.0,0.0,0.0,0.0,0.0,0.0,0.0
2026-03-08T00:00:00+01:00,9120.0,4880.0,0.0,8039.0,8000.0,0.0,0.0,10440.0,0.0,10880.0,0.0,0.0,0.0,0.0,0.0,0.0,0.0,3760.0,3040.0,0.0,3280.0,3240.0,0.0,0.0,3040.0,0.0,3040.0,0.0,0.0,0.0,0.0,0.0,0.0,0.0,35880.0,7920.0,0.0,52559.0,53760.0,0.0,0.0,271840.0,0.0,218639.0,0.0,0.0,0.0,0.0,0.0,0.0,0.0
2026-03-08T01:00:00+01:00,10400.0,10000.0,0.0,9400.0,4000.0,0.0,0.0,12000.0,0.0,12000.0,0.0,0.0,0.0,0.0,0.0,0.0,0.0,3080.0,4000.0,0.0,3160.0,3200.0,0.0,0.0,3040.0,0.0,3040.0,0.0,0.0,0.0,0.0,0.0,0.0,0.0,33800.0,31440.0,0.0,57600.0,14680.0,0.0,0.0,360599.0,0.0,374479.0,0.0,0.0,0.0,0.0,0.0,0.0,0.0
2026-03-08T02:00:00+01:00,8960.0,7400.0,0.0,12000.0,4040.0,0.0,0.0,11840.0,8000.0,12000.0,0.0,0.0,0.0,0.0,0.0,0.0,0.0,3040.0,6000.0,0.0,3120.0,3240.0,0.0,0.0,3040.0,3200.0,3320.0,0.0,0.0,0.0,0.0,0.0,0.0,0.0,85000.0,13400.0,0.0,778352.0,7280.0,0.0,0.0,92440.0,17840.0,384680.0,0.0,0.0,0.0,0.0,0.0,0.0,0.0
2026-03-08T03:00:00+01:00,11120.0,5240.0,0.0,11360.0,0.0,0.0,0.0,11960.0,3640.0,11920.0,0.0,0.0,0.0,0.0,0.0,0.0,0.0,3120.0,3600.0,0.0,3040.0,0.0,0.0,0.0,3120.0,3240.0,3040.0,0.0,0.0,0.0,0.0,0.0,0.0,0.0,84840.0,12720.0,0.0,259119.0,0.0,0.0,0.0,305240.0,6880.0,785560.0,0.0,0.0,0.0,0.0,0.0,0.0,0.0
2026-03-08T04:00:00+01:00,10000.0,11320.0,0.0,10200.0,0.0,0.0,0.0,8080.0,0.0,11680.0,0.0,0.0,0.0,0.0,0.0,0.0,0.0,3120.0,3120.0,0.0,3120.0,0.0,0.0,0.0,3160.0,0.0,3040.0,0.0,0.0,0.0,0.0,0.0,0.0,0.0,112880.0,184600.0,0.0,348359.0,0.0,0.0,0.0,18760.0,0.0,449480.0,0.0,0.0,0.0,0.0,0.0,0.0,0.0
2026-03-08T05:00:00+01:00,10680.0,0.0,0.0,5800.0,0.0,0.0,0.0,0.0,0.0,11880.0,0.0,0.0,0.0,0.0,0.0,0.0,0.0,3040.0,0.0,0.0,3120.0,0.0,0.0,0.0,0.0,0.0,3200.0,0.0,0.0,0.0,0.0,0.0,0.0,0.0,161200.0,0.0,0.0,34480.0,0.0,0.0,0.0,0.0,0.0,301760.0,0.0,0.0,0.0,0.0,0.0,0.0,0.0
2026-03-08T06:00:00+01:00,11800.0,3880.0,0.0,10040.0,0.0,0.0,0.0,0.0,6000.0,11880.0,4120.0,0.0,0.0,0.0,0.0,10000.0,0.0,3080.0,3880.0,0.0,3040.0,0.0,0.0,0.0,0.0,3520.0,3040.0,4120.0,0.0,0.0,0.0,0.0,3840.0,0.0,78120.0,3880.0,0.0,341118.0,0.0,0.0,0.0,0.0,33000.0,364358.0,4120.0,0.0,0.0,0.0,0.0,38120.0,0.0
2026-03-08T07:00:00+01:00,0.0,0.0,0.0,11960.0,0.0,0.0,0.0,0.0,0.0,11840.0,0.0,0.0,0.0,0.0,0.0,7840.0,0.0,0.0,0.0,0.0,3040.0,0.0,0.0,0.0,0.0,0.0,3040.0,0.0,0.0,0.0,0.0,0.0,3240.0,0.0,0.0,0.0,0.0,1777019.0,0.0,0.0,0.0,0.0,0.0,479236.0,0.0,0.0,0.0,0.0,0.0,39920.0,0.0
2026-03-08T08:00:00+01:00,0.0,8640.0,0.0,11960.0,0.0,0.0,0.0,6640.0,3960.0,11440.0,8440.0,7120.0,0.0,0.0,0.0,0.0,0.0,0.0,4120.0,0.0,3040.0,0.0,0.0,0.0,3520.0,3520.0,3600.0,6720.0,7120.0,0.0,0.0,0.0,0.0,0.0,0.0,12760.0,0.0,1108196.0,0.0,0.0,0.0,18720.0,11040.0,143880.0,15160.0,7120.0,0.0,0.0,0.0,0.0,0.0
2026-03-08T09:00:00+01:00,5160.0,4760.0,0.0,11960.0,0.0,0.0,0.0,0.0,10360.0,11760.0,8360.0,0.0,0.0,0.0,0.0,0.0,0.0,3480.0,3760.0,0.0,3040.0,0.0,0.0,0.0,0.0,3040.0,3360.0,8360.0,0.0,0.0,0.0,0.0,0.0,0.0,12640.0,8520.0,0.0,812880.0,0.0,0.0,0.0,0.0,253400.0,452080.0,8360.0,0.0,0.0,0.0,0.0,0.0,0.0
2026-03-08T10:00:00+01:00,4680.0,9280.0,0.0,11640.0,0.0,0.0,0.0,0.0,11840.0,11920.0,5720.0,0.0,0.0,0.0,0.0,0.0,0.0,3040.0,5680.0,0.0,3040.0,0.0,0.0,0.0,0.0,3160.0,3040.0,5720.0,0.0,0.0,0.0,0.0,0.0,0.0,26960.0,27400.0,0.0,584040.0,0.0,0.0,0.0,0.0,348440.0,710679.0,5720.0,0.0,0.0,0.0,0.0,0.0,0.0
2026-03-08T11:00:00+01:00,8440.0,7040.0,0.0,11840.0,0.0,0.0,0.0,0.0,11440.0,11960.0,11920.0,4760.0,0.0,0.0,0.0,11440.0,0.0,3040.0,3640.0,0.0,3440.0,0.0,0.0,0.0,0.0,3120.0,3080.0,3040.0,4760.0,0.0,0.0,0.0,3880.0,0.0,79360.0,19960.0,0.0,398920.0,0.0,0.0,0.0,0.0,179720.0,497920.0,73400.0,4760.0,0.0,0.0,0.0,38000.0,0.0
2026-03-08T12:00:00+01:00,9000.0,9040.0,0.0,11920.0,0.0,0.0,0.0,4840.0,11960.0,11920.0,11480.0,0.0,0.0,0.0,0.0,10040.0,0.0,3160.0,3200.0,0.0,3040.0,0.0,0.0,0.0,3640.0,3080.0,3160.0,3640.0,0.0,0.0,0.0,0.0,4440.0,0.0,75159.0,119520.0,0.0,742277.0,0.0,0.0,0.0,12400.0,393117.0,1388514.0,38320.0,0.0,0.0,0.0,0.0,33720.0,0.0
2026-03-08T13:00:00+01:00,11880.0,10640.0,0.0,11840.0,5680.0,0.0,0.0,0.0,11800.0,11960.0,11960.0,0.0,0.0,0.0,0.0,11080.0,0.0,3160.0,3080.0,0.0,3040.0,5680.0,0.0,0.0,0.0,3200.0,3040.0,5920.0,0.0,0.0,0.0,0.0,3840.0,0.0,169399.0,83480.0,0.0,706639.0,5680.0,0.0,0.0,0.0,153240.0,1853077.0,68200.0,0.0,0.0,0.0,0.0,190480.0,0.0
2026-03-08T14:00:00+01:00,8760.0,10640.0,0.0,11960.0,0.0,0.0,0.0,0.0,10440.0,11920.0,10040.0,0.0,0.0,0.0,0.0,9840.0,0.0,3760.0,3080.0,0.0,3160.0,0.0,0.0,0.0,0.0,3040.0,3040.0,4400.0,0.0,0.0,0.0,0.0,3040.0,0.0,24880.0,78160.0,0.0,619039.0,0.0,0.0,0.0,0.0,325719.0,1718554.0,22800.0,0.0,0.0,0.0,0.0,176160.0,0.0
2026-03-08T15:00:00+01:00,4680.0,11040.0,0.0,11840.0,0.0,0.0,0.0,0.0,6440.0,11920.0,9640.0,0.0,0.0,0.0,0.0,5520.0,0.0,3120.0,3160.0,0.0,3040.0,0.0,0.0,0.0,0.0,3760.0,3040.0,3080.0,0.0,0.0,0.0,0.0,3200.0,0.0,23320.0,63880.0,0.0,694160.0,0.0,0.0,0.0,0.0,29720.0,1178679.0,32360.0,0.0,0.0,0.0,0.0,23520.0,0.0
2026-03-08T16:00:00+01:00,11280.0,11400.0,0.0,11600.0,0.0,0.0,0.0,0.0,9640.0,11920.0,11560.0,0.0,0.0,0.0,0.0,6040.0,6080.0,3360.0,3720.0,0.0,3200.0,0.0,0.0,0.0,0.0,3040.0,3040.0,3240.0,0.0,0.0,0.0,0.0,3080.0,6080.0,111600.0,75000.0,0.0,221200.0,0.0,0.0,0.0,0.0,87280.0,794518.0,44600.0,0.0,0.0,0.0,0.0,29800.0,6080.0
2026-03-08T17:00:00+01:00,7320.0,11360.0,0.0,10880.0,0.0,0.0,0.0,0.0,11920.0,11680.0,8760.0,0.0,0.0,0.0,0.0,7520.0,0.0,3080.0,3440.0,0.0,3120.0,0.0,0.0,0.0,0.0,3080.0,3040.0,3560.0,0.0,0.0,0.0,0.0,3520.0,0.0,27920.0,84160.0,0.0,122800.0,0.0,0.0,0.0,0.0,393359.0,756157.0,24360.0,0.0,0.0,0.0,0.0,19880.0,0.0
2026-03-08T18:00:00+01:00,10560.0,8840.0,6000.0,11640.0,8000.0,0.0,0.0,4000.0,9760.0,11920.0,0.0,0.0,0.0,0.0,0.0,0.0,0.0,3240.0,3120.0,3800.0,3040.0,3440.0,0.0,0.0,4000.0,3200.0,3040.0,0.0,0.0,0.0,0.0,0.0,0.0,0.0,78160.0,71280.0,29560.0,719160.0,117800.0,0.0,0.0,8000.0,62080.0,1644958.0,0.0,0.0,0.0,0.0,0.0,0.0,0.0
2026-03-08T19:00:00+01:00,11840.0,11920.0,0.0,11840.0,6400.0,0.0,0.0,0.0,0.0,11800.0,0.0,6040.0,0.0,0.0,0.0,0.0,0.0,3080.0,3040.0,0.0,3040.0,3120.0,0.0,0.0,0.0,0.0,3040.0,0.0,6040.0,0.0,0.0,0.0,0.0,0.0,262079.0,171000.0,0.0,807796.0,9520.0,0.0,0.0,0.0,0.0,818640.0,0.0,6040.0,0.0,0.0,0.0,0.0,0.0
2026-03-08T20:00:00+01:00,11120.0,11920.0,0.0,11880.0,4000.0,0.0,0.0,3480.0,0.0,11120.0,0.0,0.0,0.0,0.0,0.0,0.0,0.0,3080.0,3440.0,0.0,3040.0,3320.0,0.0,0.0,3480.0,0.0,3040.0,0.0,0.0,0.0,0.0,0.0,0.0,0.0,106640.0,186000.0,0.0,437280.0,7320.0,0.0,0.0,3480.0,0.0,864160.0,0.0,0.0,0.0,0.0,0.0,0.0,0.0
2026-03-08T21:00:00+01:00,10680.0,10000.0,0.0,11120.0,5400.0,0.0,0.0,8000.0,0.0,10160.0,0.0,0.0,0.0,0.0,0.0,0.0,0.0,3480.0,3080.0,0.0,3120.0,5400.0,0.0,0.0,3040.0,0.0,3240.0,0.0,0.0,0.0,0.0,0.0,0.0,0.0,43560.0,219480.0,0.0,295479.0,5400.0,0.0,0.0,47320.0,0.0,418800.0,0.0,0.0,0.0,0.0,0.0,0.0,0.0
2026-03-08T22:00:00+01:00,5000.0,8880.0,0.0,9400.0,4000.0,0.0,0.0,0.0,0.0,10560.0,0.0,8119.0,0.0,0.0,0.0,0.0,0.0,3880.0,3840.0,0.0,3040.0,3920.0,0.0,0.0,0.0,0.0,3160.0,0.0,3520.0,0.0,0.0,0.0,0.0,0.0,8880.0,84400.0,0.0,209918.0,7920.0,0.0,0.0,0.0,0.0,247280.0,0.0,117239.0,0.0,0.0,0.0,0.0,0.0
2026-03-08T23:00:00+01:00,0.0,5960.0,0.0,11000.0,0.0,0.0,0.0,0.0,0.0,10040.0,0.0,11880.0,0.0,0.0,0.0,0.0,0.0,0.0,3200.0,0.0,3040.0,0.0,0.0,0.0,0.0,0.0,3080.0,0.0,3240.0,0.0,0.0,0.0,0.0,0.0,0.0,64160.0,0.0,1539786.0,0.0,0.0,0.0,0.0,0.0,137319.0,0.0,379840.0,0.0,0.0,0.0,0.0,0.0
2026-03-09T00:00:00+01:00,0.0,4000.0,0.0,11880.0,0.0,0.0,0.0,3800.0,0.0,10000.0,0.0,11760.0,0.0,0.0,0.0,0.0,0.0,0.0,3440.0,0.0,3040.0,0.0,0.0,0.0,3800.0,0.0,3160.0,0.0,3120.0,0.0,0.0,0.0,0.0,0.0,0.0,15240.0,0.0,1951799.0,0.0,0.0,0.0,3800.0,0.0,102880.0,0.0,356280.0,0.0,0.0,0.0,0.0,0.0
2026-03-09T01:00:00+01:00,0.0,8800.0,0.0,11800.0,3960.0,0.0,0.0,0.0,0.0,5960.0,0.0,10120.0,0.0,0.0,0.0,0.0,0.0,0.0,3240.0,0.0,3040.0,3880.0,0.0,0.0,0.0,0.0,3320.0,0.0,3040.0,0.0,0.0,0.0,0.0,0.0,0.0,41240.0,0.0,1000759.0,7840.0,0.0,0.0,0.0,0.0,44400.0,0.0,428400.0,0.0,0.0,0.0,0.0,0.0
2026-03-09T02:00:00+01:00,3360.0,0.0,0.0,11600.0,0.0,0.0,0.0,0.0,0.0,8000.0,0.0,7800.0,0.0,0.0,0.0,0.0,0.0,3360.0,0.0,0.0,3080.0,0.0,0.0,0.0,0.0,0.0,3080.0,0.0,3160.0,0.0,0.0,0.0,0.0,0.0,3360.0,0.0,0.0,505440.0,0.0,0.0,0.0,0.0,0.0,28480.0,0.0,84920.0,0.0,0.0,0.0,0.0,0.0
2026-03-09T03:00:00+01:00,3240.0,0.0,0.0,10000.0,4000.0,0.0,0.0,0.0,0.0,4800.0,0.0,6000.0,0.0,0.0,0.0,0.0,0.0,3240.0,0.0,0.0,3040.0,3440.0,0.0,0.0,0.0,0.0,3040.0,0.0,3080.0,0.0,0.0,0.0,0.0,0.0,3240.0,0.0,0.0,352120.0,23240.0,0.0,0.0,0.0,0.0,11720.0,0.0,92320.0,0.0,0.0,0.0,0.0,0.0
2026-03-09T04:00:00+01:00,6040.0,0.0,0.0,11560.0,0.0,0.0,0.0,0.0,0.0,6600.0,0.0,8000.0,0.0,0.0,0.0,7320.0,0.0,6040.0,0.0,0.0,3120.0,0.0,0.0,0.0,0.0,0.0,3200.0,0.0,3320.0,0.0,0.0,0.0,7320.0,0.0,6040.0,0.0,0.0,644514.0,0.0,0.0,0.0,0.0,0.0,24440.0,0.0,34160.0,0.0,0.0,0.0,7320.0,0.0
2026-03-09T05:00:00+01:00,3280.0,4000.0,0.0,11640.0,6000.0,0.0,0.0,0.0,0.0,7880.0,0.0,4040.0,0.0,0.0,0.0,0.0,0.0,3240.0,4000.0,0.0,3040.0,4000.0,0.0,0.0,0.0,0.0,3160.0,0.0,3560.0,0.0,0.0,0.0,0.0,0.0,6520.0,8000.0,0.0,912309.0,20960.0,0.0,0.0,0.0,0.0,46160.0,0.0,27640.0,0.0,0.0,0.0,0.0,0.0
2026-03-09T06:00:00+01:00,6720.0,10600.0,0.0,11560.0,0.0,0.0,0.0,11160.0,6040.0,11160.0,0.0,9240.0,0.0,0.0,0.0,5160.0,0.0,3200.0,7360.0,0.0,3280.0,0.0,0.0,0.0,4000.0,3160.0,3040.0,0.0,9240.0,0.0,0.0,0.0,3960.0,0.0,79920.0,17960.0,0.0,279079.0,0.0,0.0,0.0,61720.0,13200.0,790518.0,0.0,9240.0,0.0,0.0,0.0,13720.0,0.0
2026-03-09T07:00:00+01:00,6400.0,8000.0,0.0,11480.0,0.0,0.0,0.0,5240.0,6080.0,11520.0,10360.0,5320.0,0.0,0.0,0.0,4800.0,0.0,3360.0,3920.0,0.0,3040.0,0.0,0.0,0.0,3400.0,3400.0,3040.0,5200.0,5320.0,0.0,0.0,0.0,4080.0,0.0,18560.0,56200.0,0.0,342120.0,0.0,0.0,0.0,25520.0,15280.0,746479.0,22200.0,5320.0,0.0,0.0,0.0,13400.0,0.0
2026-03-09T08:00:00+01:00,10240.0,11800.0,0.0,11520.0,0.0,0.0,0.0,0.0,6640.0,11760.0,9200.0,6000.0,8480.0,0.0,0.0,11200.0,0.0,3280.0,3440.0,0.0,3080.0,0.0,0.0,0.0,0.0,6640.0,3040.0,6600.0,6000.0,8480.0,0.0,0.0,3040.0,0.0,164920.0,68480.0,0.0,443439.0,0.0,0.0,0.0,0.0,6640.0,725200.0,38520.0,6000.0,8480.0,0.0,0.0,50840.0,0.0
2026-03-09T09:00:00+01:00,11000.0,7720.0,0.0,11280.0,0.0,0.0,0.0,6560.0,0.0,11840.0,11000.0,0.0,0.0,0.0,0.0,11840.0,0.0,3040.0,3400.0,0.0,3080.0,0.0,0.0,0.0,6560.0,0.0,3280.0,11000.0,0.0,0.0,0.0,0.0,3040.0,0.0,324640.0,15920.0,0.0,303800.0,0.0,0.0,0.0,6560.0,0.0,370640.0,11000.0,0.0,0.0,0.0,0.0,121400.0,0.0
2026-03-09T10:00:00+01:00,11680.0,11520.0,0.0,11640.0,0.0,0.0,0.0,8000.0,10240.0,11640.0,10960.0,4400.0,0.0,0.0,0.0,9120.0,0.0,3560.0,3320.0,0.0,3040.0,0.0,0.0,0.0,3760.0,10240.0,3080.0,3080.0,4400.0,0.0,0.0,0.0,3040.0,0.0,51799.0,86719.0,0.0,794359.0,0.0,0.0,0.0,35880.0,10240.0,1944759.0,218360.0,4400.0,0.0,0.0,0.0,54520.0,0.0
2026-03-09T11:00:00+01:00,7120.0,11720.0,0.0,11680.0,0.0,0.0,0.0,11840.0,0.0,11720.0,11680.0,4280.0,4240.0,0.0,0.0,8200.0,9920.0,3080.0,3280.0,0.0,3040.0,0.0,0.0,0.0,3040.0,0.0,3040.0,3200.0,4280.0,3840.0,0.0,0.0,4360.0,8400.0,54320.0,222480.0,0.0,818278.0,0.0,0.0,0.0,119640.0,0.0,2234635.0,162160.0,4280.0,8080.0,0.0,0.0,57080.0,18320.0
2026-03-09T12:00:00+01:00,10400.0,11280.0,0.0,11760.0,0.0,0.0,0.0,10000.0,6040.0,11800.0,11720.0,0.0,3120.0,0.0,0.0,10120.0,0.0,3160.0,3080.0,0.0,3200.0,0.0,0.0,0.0,3040.0,3080.0,3080.0,3040.0,0.0,3120.0,0.0,0.0,3840.0,0.0,151680.0,78760.0,0.0,132640.0,0.0,0.0,0.0,79960.0,28320.0,2033837.0,120120.0,0.0,3120.0,0.0,0.0,38960.0,0.0
2026-03-09T13:00:00+01:00,10080.0,10520.0,0.0,11640.0,7600.0,0.0,0.0,10280.0,7640.0,11800.0,11520.0,4040.0,0.0,0.0,0.0,10080.0,3760.0,3280.0,3440.0,0.0,3160.0,7600.0,0.0,0.0,3040.0,7640.0,3040.0,3160.0,4040.0,0.0,0.0,0.0,3080.0,3760.0,68760.0,89960.0,0.0,149040.0,7600.0,0.0,0.0,156200.0,7640.0,1592915.0,172800.0,4040.0,0.0,0.0,0.0,121280.0,3760.0
2026-03-09T14:00:00+01:00,7640.0,10280.0,0.0,10000.0,0.0,0.0,0.0,10480.0,8960.0,11800.0,10240.0,0.0,0.0,0.0,0.0,10200.0,0.0,4000.0,3040.0,0.0,3240.0,0.0,0.0,0.0,3080.0,3120.0,3040.0,3160.0,0.0,0.0,0.0,0.0,3120.0,0.0,17640.0,101719.0,0.0,165400.0,0.0,0.0,0.0,71599.0,43680.0,900399.0,138479.0,0.0,0.0,0.0,0.0,67200.0,0.0
2026-03-09T15:00:00+01:00,7480.0,9240.0,0.0,11480.0,0.0,0.0,0.0,11040.0,11600.0,11760.0,11440.0,6000.0,0.0,0.0,0.0,7680.0,10000.0,3440.0,3840.0,0.0,3040.0,0.0,0.0,0.0,3120.0,3080.0,3040.0,3040.0,3760.0,0.0,0.0,0.0,5560.0,4000.0,43120.0,61200.0,0.0,323157.0,0.0,0.0,0.0,153800.0,51000.0,1489357.0,155400.0,13760.0,0.0,0.0,0.0,13240.0,21120.0
2026-03-09T16:00:00+01:00,4840.0,11680.0,0.0,11800.0,0.0,0.0,0.0,11320.0,10800.0,11760.0,11080.0,10840.0,0.0,0.0,0.0,5320.0,0.0,4000.0,3040.0,0.0,3080.0,0.0,0.0,0.0,3440.0,3600.0,3040.0,3160.0,10840.0,0.0,0.0,0.0,5320.0,0.0,8840.0,99000.0,0.0,551920.0,0.0,0.0,0.0,88280.0,115679.0,2995273.0,185799.0,10840.0,0.0,0.0,0.0,5320.0,0.0
2026-03-09T17:00:00+01:00,10000.0,11680.0,0.0,9760.0,7520.0,0.0,0.0,0.0,8000.0,11560.0,7320.0,4040.0,0.0,0.0,0.0,0.0,10320.0,3080.0,3160.0,0.0,3240.0,6440.0,0.0,0.0,0.0,3240.0,3040.0,3680.0,4040.0,0.0,0.0,0.0,0.0,6000.0,45360.0,136360.0,0.0,204119.0,13960.0,0.0,0.0,0.0,11240.0,2415796.0,11000.0,4040.0,0.0,0.0,0.0,0.0,22320.0
2026-03-09T18:00:00+01:00,7880.0,11200.0,8680.0,11400.0,0.0,0.0,0.0,0.0,5600.0,11720.0,6160.0,0.0,0.0,0.0,0.0,5040.0,0.0,3040.0,3120.0,3480.0,3040.0,0.0,0.0,0.0,0.0,3120.0,3040.0,3120.0,0.0,0.0,0.0,0.0,3960.0,0.0,36200.0,75000.0,96120.0,514120.0,0.0,0.0,0.0,0.0,12160.0,1517838.0,41680.0,0.0,0.0,0.0,0.0,9000.0,0.0
2026-03-09T19:00:00+01:00,11720.0,5600.0,0.0,11720.0,0.0,0.0,0.0,0.0,11760.0,11280.0,6000.0,0.0,0.0,0.0,0.0,3560.0,0.0,3040.0,3120.0,0.0,3240.0,0.0,0.0,0.0,0.0,5560.0,3080.0,4000.0,0.0,0.0,0.0,0.0,3560.0,0.0,282959.0,28960.0,0.0,228200.0,0.0,0.0,0.0,0.0,17320.0,414920.0,10000.0,0.0,0.0,0.0,0.0,3560.0,0.0
2026-03-09T20:00:00+01:00,11240.0,6600.0,0.0,11040.0,0.0,0.0,0.0,0.0,0.0,11760.0,0.0,4000.0,0.0,0.0,0.0,0.0,0.0,3120.0,3040.0,0.0,3080.0,0.0,0.0,0.0,0.0,0.0,3040.0,0.0,3840.0,0.0,0.0,0.0,0.0,0.0,260960.0,61080.0,0.0,276320.0,0.0,0.0,0.0,0.0,0.0,286999.0,0.0,19840.0,0.0,0.0,0.0,0.0,0.0
2026-03-09T21:00:00+01:00,10160.0,11560.0,3320.0,11680.0,0.0,0.0,0.0,0.0,0.0,10000.0,0.0,10000.0,0.0,0.0,0.0,0.0,0.0,3240.0,3120.0,3320.0,3080.0,0.0,0.0,0.0,0.0,0.0,3120.0,0.0,3160.0,0.0,0.0,0.0,0.0,0.0,207599.0,269880.0,3320.0,757439.0,0.0,0.0,0.0,0.0,0.0,320040.0,0.0,304520.0,0.0,0.0,0.0,0.0,0.0
2026-03-09T22:00:00+01:00,10000.0,11240.0,0.0,10640.0,0.0,0.0,0.0,0.0,0.0,7760.0,0.0,11080.0,0.0,0.0,0.0,0.0,0.0,3080.0,3120.0,0.0,3280.0,0.0,0.0,0.0,0.0,0.0,3280.0,0.0,3080.0,0.0,0.0,0.0,0.0,0.0,281960.0,166760.0,0.0,364277.0,0.0,0.0,0.0,0.0,0.0,68520.0,0.0,458233.0,0.0,0.0,0.0,0.0,0.0
2026-03-09T23:00:00+01:00,11040.0,3920.0,0.0,11400.0,0.0,0.0,0.0,0.0,0.0,6680.0,0.0,10000.0,0.0,0.0,0.0,0.0,0.0,3040.0,3920.0,0.0,3440.0,0.0,0.0,0.0,0.0,0.0,3080.0,0.0,3480.0,0.0,0.0,0.0,0.0,0.0,404080.0,3920.0,0.0,204919.0,0.0,0.0,0.0,0.0,0.0,36040.0,0.0,190640.0,0.0,0.0,0.0,0.0,0.0
2026-03-10T00:00:00+01:00,9320.0,3800.0,0.0,10000.0,0.0,0.0,0.0,0.0,0.0,8000.0,0.0,7920.0,0.0,0.0,0.0,0.0,0.0,3040.0,3240.0,0.0,3560.0,0.0,0.0,0.0,0.0,0.0,3200.0,0.0,3400.0,0.0,0.0,0.0,0.0,0.0,175840.0,7040.0,0.0,110720.0,0.0,0.0,0.0,0.0,0.0,67280.0,0.0,39680.0,0.0,0.0,0.0,0.0,0.0
2026-03-10T01:00:00+01:00,11080.0,0.0,0.0,10000.0,0.0,0.0,0.0,0.0,0.0,8039.0,0.0,4000.0,0.0,0.0,0.0,0.0,0.0,3040.0,0.0,0.0,4000.0,0.0,0.0,0.0,0.0,0.0,3080.0,0.0,3120.0,0.0,0.0,0.0,0.0,0.0,240040.0,0.0,0.0,86000.0,0.0,0.0,0.0,0.0,0.0,83639.0,0.0,33400.0,0.0,0.0,0.0,0.0,0.0
2026-03-10T02:00:00+01:00,10280.0,0.0,0.0,11640.0,0.0,0.0,0.0,0.0,0.0,9040.0,0.0,11080.0,0.0,0.0,0.0,0.0,0.0,3080.0,0.0,0.0,3240.0,0.0,0.0,0.0,0.0,0.0,3120.0,0.0,3040.0,0.0,0.0,0.0,0.0,0.0,134560.0,0.0,0.0,586999.0,0.0,0.0,0.0,0.0,0.0,70320.0,0.0,681479.0,0.0,0.0,0.0,0.0,0.0
2026-03-10T03:00:00+01:00,11160.0,3600.0,0.0,11480.0,0.0,0.0,0.0,0.0,0.0,8840.0,0.0,10120.0,0.0,0.0,0.0,0.0,0.0,3200.0,3600.0,0.0,3040.0,0.0,0.0,0.0,0.0,0.0,3040.0,0.0,3040.0,0.0,0.0,0.0,0.0,0.0,220840.0,3600.0,0.0,478795.0,0.0,0.0,0.0,0.0,0.0,211920.0,0.0,538833.0,0.0,0.0,0.0,0.0,0.0
2026-03-10T04:00:00+01:00,11320.0,9440.0,0.0,11640.0,0.0,0.0,0.0,0.0,0.0,11680.0,0.0,5440.0,0.0,0.0,0.0,0.0,0.0,3040.0,3200.0,0.0,3040.0,0.0,0.0,0.0,0.0,0.0,3040.0,0.0,3600.0,0.0,0.0,0.0,0.0,0.0,717919.0,83200.0,0.0,447277.0,0.0,0.0,0.0,0.0,0.0,866319.0,0.0,21080.0,0.0,0.0,0.0,0.0,0.0
2026-03-10T05:00:00+01:00,11600.0,10000.0,0.0,11440.0,0.0,0.0,0.0,4000.0,0.0,11160.0,0.0,11360.0,0.0,0.0,0.0,0.0,0.0,3040.0,3040.0,0.0,3040.0,0.0,0.0,0.0,4000.0,0.0,3040.0,0.0,3040.0,0.0,0.0,0.0,0.0,0.0,408440.0,92760.0,0.0,164520.0,0.0,0.0,0.0,4000.0,0.0,708319.0,0.0,159600.0,0.0,0.0,0.0,0.0,0.0
2026-03-10T06:00:00+01:00,4000.0,7640.0,0.0,11680.0,0.0,0.0,0.0,10120.0,10000.0,11640.0,0.0,0.0,0.0,0.0,0.0,10640.0,0.0,3080.0,3360.0,0.0,3120.0,0.0,0.0,0.0,8119.0,3240.0,3040.0,0.0,0.0,0.0,0.0,0.0,5520.0,0.0,7080.0,19120.0,0.0,355119.0,0.0,0.0,0.0,18239.0,72560.0,503757.0,0.0,0.0,0.0,0.0,0.0,28160.0,0.0
2026-03-10T07:00:00+01:00,4000.0,11520.0,0.0,11360.0,0.0,0.0,0.0,6120.0,6040.0,11600.0,7280.0,9120.0,0.0,0.0,0.0,10680.0,0.0,3280.0,3040.0,0.0,3080.0,0.0,0.0,0.0,3880.0,3040.0,3040.0,7280.0,9120.0,0.0,0.0,0.0,3840.0,0.0,7280.0,110680.0,0.0,1036360.0,0.0,0.0,0.0,25400.0,70920.0,865879.0,7280.0,9120.0,0.0,0.0,0.0,41680.0,0.0
2026-03-10T08:00:00+01:00,3400.0,11560.0,6440.0,11680.0,0.0,0.0,0.0,6880.0,11480.0,11720.0,0.0,0.0,0.0,0.0,0.0,9280.0,0.0,3400.0,3240.0,3880.0,3040.0,0.0,0.0,0.0,5480.0,3320.0,3040.0,0.0,0.0,0.0,0.0,0.0,3720.0,0.0,3400.0,41720.0,14320.0,1231760.0,0.0,0.0,0.0,12360.0,122960.0,1612760.0,0.0,0.0,0.0,0.0,0.0,31920.0,0.0
2026-03-10T09:00:00+01:00,4240.0,8320.0,6760.0,11480.0,0.0,0.0,0.0,6120.0,7880.0,11640.0,5760.0,0.0,0.0,0.0,0.0,11360.0,0.0,4240.0,3160.0,3160.0,3040.0,0.0,0.0,0.0,3720.0,3160.0,3040.0,3120.0,0.0,0.0,0.0,0.0,4600.0,0.0,4240.0,72360.0,54680.0,551919.0,0.0,0.0,0.0,14040.0,97000.0,1609237.0,13240.0,0.0,0.0,0.0,0.0,52400.0,0.0
2026-03-10T10:00:00+01:00,4640.0,8360.0,5640.0,10400.0,0.0,0.0,0.0,9480.0,8720.0,11480.0,8039.0,0.0,0.0,0.0,0.0,11000.0,0.0,3880.0,3360.0,3640.0,3080.0,0.0,0.0,0.0,5040.0,3040.0,3040.0,3120.0,0.0,0.0,0.0,0.0,6160.0,0.0,8520.0,61640.0,26760.0,274359.0,0.0,0.0,0.0,14520.0,105880.0,1241877.0,37318.0,0.0,0.0,0.0,0.0,36200.0,0.0
2026-03-10T11:00:00+01:00,9680.0,8800.0,0.0,8960.0,0.0,0.0,0.0,8080.0,11640.0,11680.0,10000.0,0.0,0.0,0.0,0.0,11240.0,0.0,3080.0,4280.0,0.0,3120.0,0.0,0.0,0.0,4480.0,3080.0,3040.0,3360.0,0.0,0.0,0.0,0.0,3440.0,0.0,23640.0,34760.0,0.0,154680.0,0.0,0.0,0.0,30600.0,153720.0,1164238.0,59760.0,0.0,0.0,0.0,0.0,41640.0,0.0
2026-03-10T12:00:00+01:00,8880.0,9880.0,0.0,11680.0,6160.0,0.0,0.0,7840.0,7360.0,11640.0,7360.0,0.0,0.0,0.0,0.0,6640.0,0.0,3600.0,3400.0,0.0,3040.0,3200.0,0.0,0.0,7840.0,4000.0,3080.0,3560.0,0.0,0.0,0.0,0.0,3480.0,0.0,106758.0,63560.0,0.0,280639.0,20080.0,0.0,0.0,7840.0,24800.0,1152037.0,42360.0,0.0,0.0,0.0,0.0,25160.0,0.0
2026-03-10T13:00:00+01:00,10360.0,11520.0,0.0,11320.0,4280.0,0.0,0.0,8720.0,7760.0,11600.0,9360.0,0.0,0.0,0.0,0.0,9160.0,11600.0,3080.0,3160.0,0.0,3200.0,4280.0,0.0,0.0,3760.0,3400.0,3040.0,5720.0,0.0,0.0,0.0,0.0,3280.0,4000.0,49920.0,41480.0,0.0,412599.0,4280.0,0.0,0.0,27320.0,22840.0,3254833.0,45640.0,0.0,0.0,0.0,0.0,30760.0,43320.0
2026-03-10T14:00:00+01:00,11200.0,11200.0,0.0,10280.0,0.0,0.0,0.0,5960.0,10880.0,11680.0,10480.0,0.0,0.0,0.0,0.0,3400.0,4320.0,3560.0,3120.0,0.0,3040.0,0.0,0.0,0.0,3160.0,3040.0,3040.0,3040.0,0.0,0.0,0.0,0.0,3080.0,3640.0,45360.0,85199.0,0.0,271960.0,0.0,0.0,0.0,25560.0,94000.0,2873396.0,70800.0,0.0,0.0,0.0,0.0,6480.0,7960.0
2026-03-10T15:00:00+01:00,8440.0,10240.0,0.0,11120.0,3320.0,0.0,0.0,10240.0,7120.0,11680.0,10240.0,3800.0,0.0,0.0,0.0,10040.0,0.0,3120.0,3280.0,0.0,3120.0,3320.0,0.0,0.0,4000.0,3440.0,3040.0,5320.0,3760.0,0.0,0.0,0.0,3120.0,0.0,53640.0,107120.0,0.0,321640.0,3320.0,0.0,0.0,69240.0,26880.0,2382713.0,29600.0,7560.0,0.0,0.0,0.0,101159.0,0.0
2026-03-10T16:00:00+01:00,5920.0,10920.0,0.0,8520.0,0.0,0.0,0.0,0.0,10000.0,11680.0,10680.0,7440.0,0.0,0.0,0.0,6600.0,9440.0,3600.0,3040.0,0.0,3240.0,0.0,0.0,0.0,0.0,3400.0,3040.0,3040.0,7440.0,0.0,0.0,0.0,6600.0,3560.0,18160.0,105960.0,0.0,134959.0,0.0,0.0,0.0,0.0,67320.0,1706319.0,89520.0,7440.0,0.0,0.0,0.0,6600.0,16920.0
2026-03-10T17:00:00+01:00,5280.0,11600.0,0.0,11520.0,0.0,0.0,0.0,0.0,6440.0,11600.0,6840.0,0.0,0.0,0.0,0.0,5160.0,8000.0,3840.0,3080.0,0.0,3040.0,0.0,0.0,0.0,0.0,3120.0,3440.0,3280.0,0.0,0.0,0.0,0.0,3440.0,4160.0,9120.0,123040.0,0.0,223840.0,0.0,0.0,0.0,0.0,89360.0,767479.0,10120.0,0.0,0.0,0.0,0.0,13680.0,12160.0
2026-03-10T18:00:00+01:00,0.0,11640.0,10000.0,11520.0,0.0,0.0,0.0,0.0,3960.0,11560.0,10200.0,3720.0,0.0,0.0,0.0,0.0,0.0,0.0,3840.0,3120.0,3040.0,0.0,0.0,0.0,0.0,3440.0,3040.0,3640.0,3720.0,0.0,0.0,0.0,0.0,0.0,0.0,102880.0,101560.0,625399.0,0.0,0.0,0.0,0.0,7400.0,1608398.0,44560.0,3720.0,0.0,0.0,0.0,0.0,0.0
2026-03-10T19:00:00+01:00,11000.0,4200.0,0.0,11440.0,0.0,0.0,0.0,0.0,8080.0,11640.0,0.0,0.0,0.0,0.0,0.0,0.0,0.0,3040.0,4200.0,0.0,3040.0,0.0,0.0,0.0,0.0,4480.0,3040.0,0.0,0.0,0.0,0.0,0.0,0.0,0.0,316280.0,4200.0,0.0,943799.0,0.0,0.0,0.0,0.0,12560.0,1438160.0,0.0,0.0,0.0,0.0,0.0,0.0,0.0
2026-03-10T20:00:00+01:00,11000.0,10000.0,0.0,11360.0,0.0,0.0,0.0,0.0,0.0,10920.0,0.0,0.0,0.0,0.0,0.0,0.0,0.0,3080.0,4720.0,0.0,3080.0,0.0,0.0,0.0,0.0,0.0,3040.0,0.0,0.0,0.0,0.0,0.0,0.0,0.0,159320.0,33560.0,0.0,398719.0,0.0,0.0,0.0,0.0,0.0,956200.0,0.0,0.0,0.0,0.0,0.0,0.0,0.0
2026-03-10T21:00:00+01:00,11400.0,6160.0,0.0,10440.0,0.0,0.0,0.0,0.0,0.0,11120.0,0.0,0.0,0.0,0.0,0.0,0.0,0.0,3960.0,3440.0,0.0,3320.0,0.0,0.0,0.0,0.0,0.0,3040.0,0.0,0.0,0.0,0.0,0.0,0.0,0.0,104680.0,9600.0,0.0,300400.0,0.0,0.0,0.0,0.0,0.0,599520.0,0.0,0.0,0.0,0.0,0.0,0.0,0.0
2026-03-10T22:00:00+01:00,8360.0,4200.0,0.0,11400.0,0.0,0.0,0.0,0.0,0.0,10040.0,0.0,0.0,0.0,0.0,0.0,0.0,0.0,3240.0,4200.0,0.0,3040.0,0.0,0.0,0.0,0.0,0.0,3120.0,0.0,0.0,0.0,0.0,0.0,0.0,0.0,78519.0,4200.0,0.0,208920.0,0.0,0.0,0.0,0.0,0.0,260998.0,0.0,0.0,0.0,0.0,0.0,0.0,0.0
2026-03-10T23:00:00+01:00,3680.0,0.0,0.0,6720.0,0.0,0.0,0.0,0.0,0.0,10440.0,0.0,6840.0,0.0,0.0,0.0,0.0,0.0,3680.0,0.0,0.0,3920.0,0.0,0.0,0.0,0.0,0.0,3160.0,0.0,4000.0,0.0,0.0,0.0,0.0,0.0,3680.0,0.0,0.0,22600.0,0.0,0.0,0.0,0.0,0.0,68720.0,0.0,10840.0,0.0,0.0,0.0,0.0,0.0
2026-03-11T00:00:00+01:00,0.0,0.0,0.0,3240.0,0.0,0.0,0.0,0.0,0.0,9200.0,0.0,0.0,0.0,0.0,0.0,0.0,0.0,0.0,0.0,0.0,3120.0,0.0,0.0,0.0,0.0,0.0,3080.0,0.0,0.0,0.0,0.0,0.0,0.0,0.0,0.0,0.0,0.0,6360.0,0.0,0.0,0.0,0.0,0.0,16920.0,0.0,0.0,0.0,0.0,0.0,0.0,0.0
2026-03-11T01:00:00+01:00,10360.0,10360.0,4000.0,4760.0,0.0,0.0,0.0,7440.0,0.0,11560.0,0.0,0.0,0.0,0.0,0.0,0.0,0.0,10360.0,3280.0,4000.0,3280.0,0.0,0.0,0.0,3920.0,0.0,3400.0,0.0,0.0,0.0,0.0,0.0,0.0,0.0,10360.0,52640.0,4000.0,8040.0,0.0,0.0,0.0,21160.0,0.0,152079.0,0.0,0.0,0.0,0.0,0.0,0.0,0.0
2026-03-11T02:00:00+01:00,6280.0,8840.0,0.0,11040.0,0.0,0.0,0.0,5800.0,0.0,9640.0,0.0,6920.0,0.0,0.0,0.0,0.0,0.0,3400.0,3960.0,0.0,3160.0,0.0,0.0,0.0,5800.0,0.0,3080.0,0.0,3920.0,0.0,0.0,0.0,0.0,0.0,18280.0,20240.0,0.0,105800.0,0.0,0.0,0.0,5800.0,0.0,168440.0,0.0,10840.0,0.0,0.0,0.0,0.0,0.0
2026-03-11T03:00:00+01:00,11200.0,10960.0,0.0,5240.0,0.0,0.0,0.0,0.0,0.0,7840.0,0.0,9760.0,0.0,0.0,0.0,0.0,0.0,3120.0,3280.0,0.0,3440.0,0.0,0.0,0.0,0.0,0.0,3040.0,0.0,3440.0,0.0,0.0,0.0,0.0,0.0,212560.0,38920.0,0.0,32760.0,0.0,0.0,0.0,0.0,0.0,104720.0,0.0,76960.0,0.0,0.0,0.0,0.0,0.0
2026-03-11T04:00:00+01:00,11360.0,0.0,0.0,4200.0,0.0,0.0,0.0,0.0,0.0,10040.0,0.0,11440.0,0.0,0.0,0.0,0.0,0.0,3440.0,0.0,0.0,3640.0,0.0,0.0,0.0,0.0,0.0,3080.0,0.0,3080.0,0.0,0.0,0.0,0.0,0.0,288119.0,0.0,0.0,15400.0,0.0,0.0,0.0,0.0,0.0,182120.0,0.0,160440.0,0.0,0.0,0.0,0.0,0.0
2026-03-11T05:00:00+01:00,11240.0,0.0,0.0,11040.0,0.0,0.0,0.0,0.0,0.0,10720.0,0.0,11480.0,0.0,0.0,0.0,10200.0,0.0,3080.0,0.0,0.0,3040.0,0.0,0.0,0.0,0.0,0.0,3040.0,0.0,3040.0,0.0,0.0,0.0,10200.0,0.0,318000.0,0.0,0.0,241239.0,0.0,0.0,0.0,0.0,0.0,287600.0,0.0,609280.0,0.0,0.0,0.0,10200.0,0.0
2026-03-11T06:00:00+01:00,8520.0,7680.0,0.0,11600.0,5520.0,0.0,0.0,3640.0,0.0,11040.0,0.0,9480.0,0.0,0.0,0.0,7800.0,0.0,3360.0,3480.0,0.0,3120.0,5520.0,0.0,0.0,3600.0,0.0,3120.0,0.0,3200.0,0.0,0.0,0.0,3960.0,0.0,77920.0,15360.0,0.0,723359.0,5520.0,0.0,0.0,7240.0,0.0,780800.0,0.0,47520.0,0.0,0.0,0.0,64400.0,0.0
2026-03-11T07:00:00+01:00,6000.0,11200.0,0.0,10000.0,10240.0,0.0,0.0,6280.0,4000.0,11520.0,9280.0,0.0,0.0,0.0,0.0,6640.0,0.0,3680.0,3160.0,0.0,3040.0,3080.0,0.0,0.0,4080.0,4000.0,3160.0,5760.0,0.0,0.0,0.0,0.0,3480.0,0.0,39720.0,72560.0,0.0,359080.0,179080.0,0.0,0.0,24360.0,4000.0,975640.0,45560.0,0.0,0.0,0.0,0.0,26120.0,0.0
2026-03-11T08:00:00+01:00,4440.0,10840.0,6920.0,10280.0,4840.0,0.0,0.0,4840.0,4000.0,11560.0,8240.0,3760.0,0.0,0.0,0.0,9040.0,8760.0,3040.0,3960.0,6920.0,3040.0,3520.0,0.0,0.0,4840.0,4000.0,3040.0,5640.0,3760.0,0.0,0.0,0.0,3760.0,8760.0,7480.0,50120.0,6920.0,281000.0,12360.0,0.0,0.0,4840.0,4000.0,758920.0,13880.0,3760.0,0.0,0.0,0.0,35400.0,8760.0
2026-03-11T09:00:00+01:00,9520.0,7320.0,7040.0,7440.0,0.0,0.0,0.0,7480.0,7320.0,11600.0,5040.0,0.0,0.0,0.0,0.0,6280.0,0.0,3040.0,4440.0,7040.0,3080.0,0.0,0.0,0.0,3880.0,7320.0,3040.0,5040.0,0.0,0.0,0.0,0.0,3800.0,0.0,99080.0,28160.0,7040.0,139880.0,0.0,0.0,0.0,23160.0,7320.0,725119.0,5040.0,0.0,0.0,0.0,0.0,14280.0,0.0
2026-03-11T10:00:00+01:00,8320.0,10360.0,0.0,10920.0,5920.0,0.0,0.0,6240.0,5960.0,11520.0,10240.0,0.0,0.0,0.0,0.0,10480.0,0.0,3160.0,3120.0,0.0,3040.0,3320.0,0.0,0.0,3400.0,3120.0,3040.0,3240.0,0.0,0.0,0.0,0.0,3360.0,0.0,42200.0,91920.0,0.0,517840.0,16520.0,0.0,0.0,18080.0,31200.0,1564996.0,28880.0,0.0,0.0,0.0,0.0,48640.0,0.0
2026-03-11T11:00:00+01:00,8360.0,10280.0,0.0,11480.0,8920.0,0.0,0.0,8960.0,11440.0,11600.0,7760.0,0.0,0.0,0.0,0.0,5720.0,0.0,3120.0,3360.0,0.0,3040.0,3120.0,0.0,0.0,4400.0,3040.0,3040.0,3080.0,0.0,0.0,0.0,0.0,5400.0,0.0,30480.0,55800.0,0.0,820919.0,68880.0,0.0,0.0,43400.0,693600.0,2892196.0,29080.0,0.0,0.0,0.0,0.0,11120.0,0.0
2026-03-11T12:00:00+01:00,5080.0,10280.0,0.0,11360.0,10000.0,0.0,0.0,11480.0,10960.0,11320.0,8280.0,0.0,0.0,0.0,0.0,9360.0,4240.0,3080.0,3120.0,0.0,3040.0,3640.0,0.0,0.0,3080.0,3120.0,3040.0,3160.0,0.0,0.0,0.0,0.0,3880.0,4240.0,16520.0,100319.0,0.0,637599.0,17640.0,0.0,0.0,182520.0,242960.0,1681397.0,11440.0,0.0,0.0,0.0,0.0,33120.0,4240.0
2026-03-11T13:00:00+01:00,5760.0,9320.0,0.0,11440.0,9760.0,0.0,0.0,10560.0,8000.0,11320.0,11560.0,0.0,0.0,0.0,0.0,7040.0,0.0,4720.0,3520.0,0.0,3040.0,3640.0,0.0,0.0,3720.0,3080.0,3040.0,5000.0,0.0,0.0,0.0,0.0,5120.0,0.0,10480.0,71040.0,0.0,778040.0,35320.0,0.0,0.0,135120.0,138240.0,1385038.0,59239.0,0.0,0.0,0.0,0.0,23840.0,0.0
2026-03-11T14:00:00+01:00,8400.0,11480.0,0.0,11480.0,10840.0,0.0,0.0,10360.0,5440.0,11560.0,9120.0,0.0,0.0,0.0,0.0,6000.0,0.0,3520.0,3400.0,0.0,3080.0,3320.0,0.0,0.0,4000.0,5440.0,3040.0,3840.0,0.0,0.0,0.0,0.0,5560.0,0.0,44280.0,52800.0,0.0,734879.0,58320.0,0.0,0.0,22880.0,5440.0,1299197.0,42480.0,0.0,0.0,0.0,0.0,11560.0,0.0
2026-03-11T15:00:00+01:00,7800.0,10640.0,0.0,11040.0,8080.0,0.0,0.0,10040.0,5080.0,11480.0,9200.0,0.0,4000.0,0.0,0.0,7480.0,3400.0,3880.0,3240.0,0.0,3040.0,3360.0,0.0,0.0,3080.0,3160.0,3040.0,3120.0,0.0,4000.0,0.0,0.0,5520.0,3400.0,38320.0,81680.0,0.0,437277.0,78880.0,0.0,0.0,52000.0,24320.0,571639.0,37440.0,0.0,4000.0,0.0,0.0,19640.0,3400.0
2026-03-11T16:00:00+01:00,4360.0,9760.0,0.0,11480.0,9000.0,0.0,0.0,10000.0,5920.0,11520.0,10600.0,0.0,0.0,0.0,0.0,6440.0,0.0,3440.0,3640.0,0.0,3040.0,3160.0,0.0,0.0,3040.0,3080.0,3040.0,4640.0,0.0,0.0,0.0,0.0,6440.0,0.0,11800.0,68280.0,0.0,897037.0,176640.0,0.0,0.0,149719.0,43520.0,1321559.0,33600.0,0.0,0.0,0.0,0.0,6440.0,0.0
2026-03-11T17:00:00+01:00,10760.0,10800.0,0.0,10400.0,6200.0,0.0,0.0,6440.0,7720.0,11560.0,8800.0,0.0,0.0,0.0,0.0,5600.0,0.0,3040.0,6280.0,0.0,3080.0,3040.0,0.0,0.0,4000.0,3320.0,3040.0,3600.0,0.0,0.0,0.0,0.0,4040.0,0.0,21240.0,31320.0,0.0,436399.0,13240.0,0.0,0.0,14440.0,63320.0,1119839.0,12400.0,0.0,0.0,0.0,0.0,9640.0,0.0
2026-03-11T18:00:00+01:00,8440.0,10240.0,8000.0,11440.0,10480.0,0.0,0.0,8000.0,9800.0,11480.0,0.0,0.0,0.0,0.0,0.0,6840.0,0.0,6320.0,5000.0,3600.0,3160.0,10480.0,0.0,0.0,3800.0,3440.0,3120.0,0.0,0.0,0.0,0.0,0.0,6840.0,0.0,21400.0,26400.0,11600.0,359800.0,10480.0,0.0,0.0,33000.0,26440.0,908640.0,0.0,0.0,0.0,0.0,0.0,6840.0,0.0
2026-03-11T19:00:00+01:00,7600.0,10320.0,0.0,9640.0,6000.0,0.0,0.0,0.0,0.0,10240.0,0.0,0.0,0.0,0.0,0.0,7680.0,0.0,3040.0,3040.0,0.0,3160.0,3040.0,0.0,0.0,0.0,0.0,3040.0,0.0,0.0,0.0,0.0,0.0,3400.0,0.0,47760.0,20880.0,0.0,225160.0,92480.0,0.0,0.0,0.0,0.0,175559.0,0.0,0.0,0.0,0.0,0.0,28400.0,0.0
2026-03-11T20:00:00+01:00,11280.0,9560.0,0.0,11400.0,0.0,0.0,0.0,0.0,0.0,11200.0,0.0,0.0,0.0,0.0,0.0,0.0,0.0,3160.0,3400.0,0.0,3040.0,0.0,0.0,0.0,0.0,0.0,3040.0,0.0,0.0,0.0,0.0,0.0,0.0,0.0,434879.0,32800.0,0.0,534879.0,0.0,0.0,0.0,0.0,0.0,628360.0,0.0,0.0,0.0,0.0,0.0,0.0,0.0
2026-03-11T21:00:00+01:00,11520.0,4920.0,0.0,10200.0,0.0,0.0,0.0,0.0,10040.0,11520.0,0.0,0.0,0.0,0.0,0.0,5840.0,10920.0,3040.0,3080.0,0.0,3080.0,0.0,0.0,0.0,0.0,10040.0,3040.0,0.0,0.0,0.0,0.0,0.0,3480.0,10920.0,340600.0,29800.0,0.0,679480.0,0.0,0.0,0.0,0.0,10040.0,1912436.0,0.0,0.0,0.0,0.0,0.0,21160.0,10920.0
2026-03-11T22:00:00+01:00,11320.0,3480.0,0.0,10720.0,0.0,0.0,0.0,0.0,6640.0,9600.0,0.0,0.0,0.0,0.0,0.0,0.0,0.0,3240.0,3480.0,0.0,3040.0,0.0,0.0,0.0,0.0,6640.0,3040.0,0.0,0.0,0.0,0.0,0.0,0.0,0.0,125640.0,3480.0,0.0,622875.0,0.0,0.0,0.0,0.0,6640.0,94280.0,0.0,0.0,0.0,0.0,0.0,0.0,0.0
2026-03-11T23:00:00+01:00,7240.0,0.0,0.0,6000.0,0.0,0.0,0.0,0.0,0.0,8640.0,0.0,0.0,0.0,0.0,0.0,0.0,0.0,3560.0,0.0,0.0,3200.0,0.0,0.0,0.0,0.0,0.0,3120.0,0.0,0.0,0.0,0.0,0.0,0.0,0.0,14800.0,0.0,0.0,67720.0,0.0,0.0,0.0,0.0,0.0,15040.0,0.0,0.0,0.0,0.0,0.0,0.0,0.0
2026-03-12T00:00:00+01:00,6520.0,0.0,0.0,5320.0,0.0,0.0,0.0,0.0,0.0,5000.0,0.0,0.0,0.0,0.0,0.0,0.0,0.0,3840.0,0.0,0.0,3640.0,0.0,0.0,0.0,0.0,0.0,3120.0,0.0,0.0,0.0,0.0,0.0,0.0,0.0,26320.0,0.0,0.0,12760.0,0.0,0.0,0.0,0.0,0.0,8120.0,0.0,0.0,0.0,0.0,0.0,0.0,0.0
2026-03-12T01:00:00+01:00,4120.0,0.0,0.0,0.0,0.0,0.0,0.0,0.0,0.0,7240.0,0.0,0.0,0.0,0.0,0.0,0.0,0.0,3760.0,0.0,0.0,0.0,0.0,0.0,0.0,0.0,0.0,3640.0,0.0,0.0,0.0,0.0,0.0,0.0,0.0,31920.0,0.0,0.0,0.0,0.0,0.0,0.0,0.0,0.0,10880.0,0.0,0.0,0.0,0.0,0.0,0.0,0.0
2026-03-12T02:00:00+01:00,3240.0,0.0,0.0,6000.0,0.0,0.0,0.0,0.0,3680.0,0.0,0.0,0.0,0.0,0.0,0.0,0.0,0.0,3160.0,0.0,0.0,3040.0,0.0,0.0,0.0,0.0,3680.0,0.0,0.0,0.0,0.0,0.0,0.0,0.0,0.0,6400.0,0.0,0.0,51840.0,0.0,0.0,0.0,0.0,3680.0,0.0,0.0,0.0,0.0,0.0,0.0,0.0,0.0
2026-03-12T03:00:00+01:00,0.0,0.0,0.0,6000.0,0.0,0.0,0.0,0.0,0.0,0.0,0.0,0.0,0.0,0.0,0.0,0.0,0.0,0.0,0.0,0.0,3480.0,0.0,0.0,0.0,0.0,0.0,0.0,0.0,0.0,0.0,0.0,0.0,0.0,0.0,0.0,0.0,0.0,65880.0,0.0,0.0,0.0,0.0,0.0,0.0,0.0,0.0,0.0,0.0,0.0,0.0,0.0
2026-03-12T04:00:00+01:00,0.0,0.0,0.0,6000.0,0.0,0.0,0.0,0.0,0.0,0.0,0.0,0.0,0.0,0.0,0.0,0.0,0.0,0.0,0.0,0.0,3240.0,0.0,0.0,0.0,0.0,0.0,0.0,0.0,0.0,0.0,0.0,0.0,0.0,0.0,0.0,0.0,0.0,148680.0,0.0,0.0,0.0,0.0,0.0,0.0,0.0,0.0,0.0,0.0,0.0,0.0,0.0
2026-03-12T05:00:00+01:00,10080.0,3040.0,3720.0,9560.0,0.0,0.0,0.0,9400.0,0.0,8039.0,0.0,0.0,0.0,0.0,0.0,8920.0,0.0,3360.0,3040.0,3720.0,3400.0,0.0,0.0,0.0,3520.0,0.0,3280.0,0.0,0.0,0.0,0.0,0.0,8920.0,0.0,107080.0,3040.0,3720.0,135160.0,0.0,0.0,0.0,19280.0,0.0,37559.0,0.0,0.0,0.0,0.0,0.0,8920.0,0.0
2026-03-12T06:00:00+01:00,9400.0,7000.0,0.0,10920.0,3880.0,0.0,0.0,3120.0,5560.0,9000.0,0.0,3840.0,0.0,0.0,0.0,5880.0,0.0,5600.0,3040.0,0.0,3040.0,3880.0,0.0,0.0,3120.0,5560.0,3040.0,0.0,3840.0,0.0,0.0,0.0,5880.0,0.0,21680.0,43560.0,0.0,609600.0,3880.0,0.0,0.0,3120.0,5560.0,387960.0,0.0,3840.0,0.0,0.0,0.0,5880.0,0.0
2026-03-12T07:00:00+01:00,3440.0,9840.0,0.0,11280.0,0.0,0.0,0.0,7080.0,4560.0,11160.0,5680.0,0.0,0.0,0.0,0.0,5440.0,0.0,3440.0,3200.0,0.0,3040.0,0.0,0.0,0.0,3480.0,4040.0,3040.0,5480.0,0.0,0.0,0.0,0.0,4200.0,0.0,3440.0,91320.0,0.0,306479.0,0.0,0.0,0.0,26680.0,8600.0,329519.0,16720.0,0.0,0.0,0.0,0.0,19520.0,0.0
2026-03-12T08:00:00+01:00,10520.0,10520.0,0.0,10040.0,4040.0,0.0,0.0,9880.0,5360.0,11520.0,8160.0,6480.0,0.0,0.0,0.0,11320.0,8520.0,8240.0,3240.0,0.0,3280.0,4040.0,0.0,0.0,4720.0,5360.0,3040.0,8160.0,6480.0,0.0,0.0,0.0,4880.0,8520.0,29160.0,97480.0,0.0,297160.0,4040.0,0.0,0.0,21480.0,5360.0,794760.0,8160.0,6480.0,0.0,0.0,0.0,46360.0,8520.0
2026-03-12T09:00:00+01:00,11440.0,10040.0,0.0,11520.0,0.0,0.0,0.0,6600.0,3040.0,11520.0,10480.0,0.0,0.0,0.0,0.0,10680.0,7000.0,3160.0,3200.0,0.0,3240.0,0.0,0.0,0.0,3840.0,3040.0,3040.0,10480.0,0.0,0.0,0.0,0.0,3480.0,7000.0,346120.0,63720.0,0.0,747840.0,0.0,0.0,0.0,20000.0,3040.0,1486118.0,10480.0,0.0,0.0,0.0,0.0,187478.0,7000.0
2026-03-12T10:00:00+01:00,8280.0,10280.0,0.0,11400.0,0.0,0.0,0.0,6920.0,6360.0,11480.0,10440.0,7400.0,0.0,0.0,0.0,10120.0,0.0,3040.0,3360.0,0.0,3120.0,0.0,0.0,0.0,5800.0,6360.0,3040.0,3480.0,3040.0,0.0,0.0,0.0,3200.0,0.0,65360.0,56360.0,0.0,339440.0,0.0,0.0,0.0,12720.0,6360.0,1545794.0,53040.0,23960.0,0.0,0.0,0.0,221479.0,0.0
2026-03-12T11:00:00+01:00,10080.0,10480.0,0.0,11440.0,0.0,0.0,0.0,11040.0,8760.0,11480.0,11440.0,0.0,0.0,0.0,0.0,7080.0,0.0,3080.0,3520.0,0.0,3040.0,0.0,0.0,0.0,3040.0,3320.0,3040.0,4080.0,0.0,0.0,0.0,0.0,3800.0,0.0,299080.0,81880.0,0.0,800279.0,0.0,0.0,0.0,124960.0,29800.0,1310438.0,40520.0,0.0,0.0,0.0,0.0,40480.0,0.0
2026-03-12T12:00:00+01:00,9240.0,11120.0,0.0,11120.0,0.0,0.0,0.0,10280.0,9840.0,11440.0,11120.0,0.0,0.0,0.0,0.0,5560.0,0.0,3040.0,3200.0,0.0,3080.0,0.0,0.0,0.0,3240.0,3440.0,3080.0,3640.0,0.0,0.0,0.0,0.0,3880.0,0.0,43680.0,101040.0,0.0,577320.0,0.0,0.0,0.0,203760.0,154640.0,1116920.0,105759.0,0.0,0.0,0.0,0.0,26680.0,0.0
2026-03-12T13:00:00+01:00,11160.0,10040.0,0.0,10400.0,0.0,0.0,0.0,10160.0,11360.0,11440.0,10360.0,0.0,0.0,0.0,0.0,9800.0,0.0,3240.0,3280.0,0.0,3240.0,0.0,0.0,0.0,3480.0,3040.0,3200.0,3200.0,0.0,0.0,0.0,0.0,3960.0,0.0,68880.0,111240.0,0.0,467838.0,0.0,0.0,0.0,159519.0,243240.0,590518.0,116640.0,0.0,0.0,0.0,0.0,40600.0,0.0
2026-03-12T14:00:00+01:00,9080.0,11320.0,0.0,11040.0,4000.0,0.0,0.0,10760.0,11040.0,11480.0,10440.0,0.0,0.0,0.0,0.0,7800.0,0.0,4080.0,3040.0,0.0,3040.0,4000.0,0.0,0.0,3080.0,3080.0,3040.0,3200.0,0.0,0.0,0.0,0.0,3280.0,0.0,28520.0,98600.0,0.0,453958.0,4000.0,0.0,0.0,230640.0,356480.0,1081639.0,25400.0,0.0,0.0,0.0,0.0,46960.0,0.0
2026-03-12T15:00:00+01:00,10640.0,8640.0,0.0,11320.0,6000.0,0.0,0.0,10800.0,11160.0,11440.0,10040.0,5280.0,0.0,0.0,0.0,8320.0,5240.0,3280.0,3400.0,0.0,3040.0,3640.0,0.0,0.0,3040.0,3080.0,3040.0,3760.0,5280.0,0.0,0.0,0.0,3920.0,5240.0,183079.0,61480.0,0.0,728439.0,15600.0,0.0,0.0,319720.0,551720.0,2626915.0,101319.0,5280.0,0.0,0.0,0.0,60159.0,5240.0
2026-03-12T16:00:00+01:00,7000.0,10400.0,0.0,11440.0,10000.0,0.0,0.0,11400.0,11400.0,11440.0,10920.0,5560.0,0.0,0.0,0.0,9240.0,0.0,4000.0,3480.0,0.0,3040.0,3120.0,0.0,0.0,3320.0,3040.0,3040.0,3080.0,5560.0,0.0,0.0,0.0,3400.0,0.0,17320.0,109400.0,0.0,771878.0,31240.0,0.0,0.0,112000.0,780000.0,1993596.0,286920.0,5560.0,0.0,0.0,0.0,33240.0,0.0
2026-03-12T17:00:00+01:00,7120.0,10160.0,0.0,10840.0,0.0,0.0,0.0,0.0,11320.0,11400.0,11360.0,8920.0,0.0,0.0,0.0,5720.0,0.0,3080.0,3120.0,0.0,3040.0,0.0,0.0,0.0,0.0,3040.0,3080.0,3360.0,8920.0,0.0,0.0,0.0,3200.0,0.0,16200.0,64440.0,0.0,495880.0,0.0,0.0,0.0,0.0,856479.0,2098676.0,208800.0,8920.0,0.0,0.0,0.0,18960.0,0.0
2026-03-12T18:00:00+01:00,10040.0,7560.0,0.0,11280.0,0.0,0.0,0.0,0.0,11440.0,11440.0,10800.0,0.0,0.0,0.0,0.0,8039.0,0.0,3440.0,3800.0,0.0,3040.0,0.0,0.0,0.0,0.0,3040.0,3040.0,3040.0,0.0,0.0,0.0,0.0,4000.0,0.0,43200.0,36520.0,0.0,564718.0,0.0,0.0,0.0,0.0,556119.0,1217918.0,174680.0,0.0,0.0,0.0,0.0,24439.0,0.0
2026-03-12T19:00:00+01:00,9120.0,8000.0,0.0,11440.0,0.0,0.0,0.0,0.0,3120.0,10840.0,0.0,0.0,0.0,0.0,0.0,0.0,0.0,3160.0,4000.0,0.0,3040.0,0.0,0.0,0.0,0.0,3120.0,3120.0,0.0,0.0,0.0,0.0,0.0,0.0,0.0,98680.0,22400.0,0.0,299759.0,0.0,0.0,0.0,0.0,3120.0,438120.0,0.0,0.0,0.0,0.0,0.0,0.0,0.0
2026-03-12T20:00:00+01:00,10240.0,3880.0,0.0,11440.0,0.0,0.0,0.0,0.0,3400.0,10960.0,0.0,0.0,0.0,0.0,0.0,0.0,0.0,3520.0,3880.0,0.0,3080.0,0.0,0.0,0.0,0.0,3400.0,3040.0,0.0,0.0,0.0,0.0,0.0,0.0,0.0,77080.0,3880.0,0.0,304718.0,0.0,0.0,0.0,0.0,3400.0,507280.0,0.0,0.0,0.0,0.0,0.0,0.0,0.0
2026-03-12T21:00:00+01:00,8600.0,8280.0,0.0,10960.0,0.0,0.0,0.0,0.0,4000.0,11280.0,0.0,0.0,0.0,0.0,0.0,5520.0,0.0,3040.0,4000.0,0.0,3160.0,0.0,0.0,0.0,0.0,3280.0,3040.0,0.0,0.0,0.0,0.0,0.0,5520.0,0.0,180960.0,32760.0,0.0,550279.0,0.0,0.0,0.0,0.0,7280.0,1165200.0,0.0,0.0,0.0,0.0,0.0,5520.0,0.0
2026-03-12T22:00:00+01:00,11120.0,0.0,0.0,9480.0,0.0,0.0,0.0,0.0,0.0,11440.0,0.0,3880.0,0.0,0.0,0.0,0.0,0.0,3160.0,0.0,0.0,3080.0,0.0,0.0,0.0,0.0,0.0,3080.0,0.0,3880.0,0.0,0.0,0.0,0.0,0.0,455080.0,0.0,0.0,166319.0,0.0,0.0,0.0,0.0,0.0,1552478.0,0.0,3880.0,0.0,0.0,0.0,0.0,0.0
2026-03-12T23:00:00+01:00,10640.0,8680.0,0.0,8560.0,0.0,0.0,0.0,0.0,0.0,11160.0,0.0,0.0,0.0,0.0,0.0,0.0,0.0,3040.0,5160.0,0.0,3320.0,0.0,0.0,0.0,0.0,0.0,3040.0,0.0,0.0,0.0,0.0,0.0,0.0,0.0,637039.0,13840.0,0.0,43040.0,0.0,0.0,0.0,0.0,0.0,1395280.0,0.0,0.0,0.0,0.0,0.0,0.0,0.0
2026-03-13T00:00:00+01:00,10840.0,0.0,0.0,10680.0,0.0,0.0,0.0,0.0,0.0,10880.0,0.0,0.0,0.0,0.0,0.0,0.0,0.0,3040.0,0.0,0.0,3080.0,0.0,0.0,0.0,0.0,0.0,3040.0,0.0,0.0,0.0,0.0,0.0,0.0,0.0,416560.0,0.0,0.0,224720.0,0.0,0.0,0.0,0.0,0.0,838359.0,0.0,0.0,0.0,0.0,0.0,0.0,0.0
2026-03-13T01:00:00+01:00,10960.0,4840.0,0.0,9800.0,0.0,0.0,0.0,6000.0,5960.0,11240.0,0.0,0.0,10000.0,0.0,0.0,0.0,0.0,3120.0,4840.0,0.0,3040.0,0.0,0.0,0.0,6000.0,5960.0,3040.0,0.0,0.0,4440.0,0.0,0.0,0.0,0.0,295760.0,4840.0,0.0,170600.0,0.0,0.0,0.0,6000.0,5960.0,714240.0,0.0,0.0,28800.0,0.0,0.0,0.0,0.0
2026-03-13T02:00:00+01:00,9040.0,3040.0,0.0,10600.0,0.0,0.0,0.0,0.0,4400.0,10000.0,0.0,0.0,0.0,0.0,0.0,0.0,0.0,3040.0,3040.0,0.0,3160.0,0.0,0.0,0.0,0.0,4400.0,3080.0,0.0,0.0,0.0,0.0,0.0,0.0,0.0,160040.0,6080.0,0.0,141480.0,0.0,0.0,0.0,0.0,4400.0,409160.0,0.0,0.0,0.0,0.0,0.0,0.0,0.0
2026-03-13T03:00:00+01:00,8240.0,4240.0,0.0,6000.0,0.0,0.0,0.0,0.0,0.0,11360.0,0.0,0.0,0.0,0.0,0.0,0.0,0.0,3040.0,4240.0,0.0,3200.0,0.0,0.0,0.0,0.0,0.0,3040.0,0.0,0.0,0.0,0.0,0.0,0.0,0.0,166280.0,4240.0,0.0,45960.0,0.0,0.0,0.0,0.0,0.0,1481879.0,0.0,0.0,0.0,0.0,0.0,0.0,0.0
2026-03-13T04:00:00+01:00,10280.0,0.0,0.0,0.0,0.0,0.0,0.0,0.0,0.0,10840.0,0.0,0.0,0.0,0.0,0.0,0.0,0.0,3080.0,0.0,0.0,0.0,0.0,0.0,0.0,0.0,0.0,3040.0,0.0,0.0,0.0,0.0,0.0,0.0,0.0,265840.0,0.0,0.0,0.0,0.0,0.0,0.0,0.0,0.0,1482480.0,0.0,0.0,0.0,0.0,0.0,0.0,0.0
2026-03-13T05:00:00+01:00,5800.0,0.0,0.0,7840.0,0.0,0.0,0.0,0.0,0.0,9960.0,0.0,0.0,0.0,0.0,0.0,0.0,0.0,3080.0,0.0,0.0,3040.0,0.0,0.0,0.0,0.0,0.0,3040.0,0.0,0.0,0.0,0.0,0.0,0.0,0.0,45320.0,0.0,0.0,30440.0,0.0,0.0,0.0,0.0,0.0,142840.0,0.0,0.0,0.0,0.0,0.0,0.0,0.0
2026-03-13T06:00:00+01:00,0.0,8039.0,6040.0,11000.0,8800.0,0.0,0.0,8160.0,10280.0,10320.0,10000.0,4000.0,0.0,0.0,0.0,7000.0,0.0,0.0,3760.0,5160.0,3080.0,3320.0,0.0,0.0,3960.0,3040.0,3040.0,3160.0,3080.0,0.0,0.0,0.0,3120.0,0.0,0.0,24998.0,11200.0,485117.0,39480.0,0.0,0.0,26320.0,514199.0,325760.0,90400.0,7080.0,0.0,0.0,0.0,20640.0,0.0
2026-03-13T07:00:00+01:00,0.0,7640.0,0.0,10840.0,9520.0,0.0,0.0,10560.0,10840.0,10840.0,5400.0,0.0,0.0,0.0,0.0,8800.0,7840.0,0.0,3040.0,0.0,3080.0,3400.0,0.0,0.0,3360.0,3040.0,3040.0,3120.0,0.0,0.0,0.0,0.0,3800.0,7840.0,0.0,63520.0,0.0,483239.0,37320.0,0.0,0.0,23800.0,427440.0,329479.0,11760.0,0.0,0.0,0.0,0.0,53640.0,7840.0
2026-03-13T08:00:00+01:00,5720.0,5800.0,0.0,10280.0,6040.0,0.0,0.0,8800.0,11000.0,10280.0,7160.0,0.0,0.0,0.0,0.0,6240.0,0.0,3960.0,3120.0,0.0,3040.0,3040.0,0.0,0.0,3040.0,3040.0,3160.0,3240.0,0.0,0.0,0.0,0.0,3520.0,0.0,9680.0,13320.0,0.0,180320.0,37240.0,0.0,0.0,42240.0,419200.0,327159.0,61200.0,0.0,0.0,0.0,0.0,25720.0,0.0
2026-03-13T09:00:00+01:00,4800.0,8760.0,0.0,10880.0,10000.0,0.0,0.0,7600.0,10160.0,11080.0,8000.0,0.0,0.0,0.0,0.0,7560.0,0.0,3160.0,3040.0,0.0,3040.0,3040.0,0.0,0.0,3280.0,3160.0,3080.0,4000.0,0.0,0.0,0.0,0.0,5120.0,0.0,7960.0,48280.0,0.0,545720.0,167640.0,0.0,0.0,29600.0,311039.0,727118.0,39280.0,0.0,0.0,0.0,0.0,32200.0,0.0
2026-03-13T10:00:00+01:00,4000.0,10640.0,0.0,11240.0,10000.0,0.0,0.0,10240.0,11200.0,11360.0,0.0,0.0,0.0,0.0,0.0,8320.0,0.0,4000.0,3160.0,0.0,3080.0,3080.0,0.0,0.0,4000.0,3080.0,3080.0,0.0,0.0,0.0,0.0,0.0,3040.0,0.0,4000.0,24200.0,0.0,941759.0,183880.0,0.0,0.0,23040.0,393080.0,1268278.0,0.0,0.0,0.0,0.0,0.0,51640.0,0.0
2026-03-13T11:00:00+01:00,10640.0,7800.0,0.0,11320.0,10680.0,0.0,0.0,0.0,10760.0,11360.0,8640.0,0.0,0.0,0.0,0.0,7720.0,0.0,4000.0,3880.0,0.0,3080.0,3080.0,0.0,0.0,0.0,3120.0,3040.0,3160.0,0.0,0.0,0.0,0.0,4800.0,0.0,59680.0,31160.0,0.0,1260997.0,294080.0,0.0,0.0,0.0,565320.0,1910958.0,33599.0,0.0,0.0,0.0,0.0,31840.0,0.0
2026-03-13T12:00:00+01:00,3720.0,5640.0,0.0,11280.0,7280.0,0.0,0.0,8720.0,11000.0,11360.0,3800.0,0.0,0.0,0.0,0.0,11160.0,0.0,3720.0,3440.0,0.0,3040.0,3240.0,0.0,0.0,5440.0,3080.0,3040.0,3040.0,0.0,0.0,0.0,0.0,4600.0,0.0,3720.0,21840.0,0.0,1543957.0,23200.0,0.0,0.0,29760.0,590798.0,2063356.0,6840.0,0.0,0.0,0.0,0.0,70280.0,0.0
2026-03-13T13:00:00+01:00,9160.0,9760.0,0.0,11240.0,0.0,0.0,0.0,5480.0,10640.0,11280.0,8400.0,0.0,0.0,0.0,0.0,8960.0,0.0,3400.0,3400.0,0.0,3080.0,0.0,0.0,0.0,3280.0,3040.0,3040.0,3160.0,0.0,0.0,0.0,0.0,6640.0,0.0,20200.0,111640.0,0.0,1289476.0,0.0,0.0,0.0,13680.0,854995.0,1026718.0,21640.0,0.0,0.0,0.0,0.0,22480.0,0.0
2026-03-13T14:00:00+01:00,7240.0,10640.0,0.0,10120.0,0.0,0.0,0.0,8760.0,9160.0,11280.0,10800.0,0.0,0.0,0.0,0.0,6600.0,10440.0,3040.0,3240.0,0.0,3040.0,0.0,0.0,0.0,3320.0,3200.0,3160.0,3320.0,0.0,0.0,0.0,0.0,5640.0,3240.0,14480.0,79760.0,0.0,711397.0,0.0,0.0,0.0,51840.0,299320.0,705839.0,37000.0,0.0,0.0,0.0,0.0,12240.0,13680.0
2026-03-13T15:00:00+01:00,9720.0,8520.0,0.0,10000.0,0.0,0.0,0.0,10040.0,10840.0,11040.0,9600.0,0.0,0.0,0.0,0.0,7280.0,0.0,3120.0,3040.0,0.0,3040.0,0.0,0.0,0.0,3440.0,3160.0,3080.0,3560.0,0.0,0.0,0.0,0.0,6000.0,0.0,25080.0,101240.0,0.0,299960.0,0.0,0.0,0.0,68160.0,266000.0,497400.0,50840.0,0.0,0.0,0.0,0.0,13280.0,0.0
2026-03-13T16:00:00+01:00,11120.0,10840.0,0.0,11240.0,0.0,0.0,0.0,8000.0,11160.0,11280.0,8240.0,10400.0,0.0,0.0,0.0,5680.0,6040.0,4520.0,3920.0,0.0,3040.0,0.0,0.0,0.0,4840.0,3080.0,3040.0,6080.0,3960.0,0.0,0.0,0.0,3120.0,5880.0,26600.0,54880.0,0.0,624839.0,0.0,0.0,0.0,27160.0,407120.0,1614080.0,14320.0,35400.0,0.0,0.0,0.0,8800.0,11920.0
2026-03-13T17:00:00+01:00,5360.0,11040.0,0.0,11120.0,0.0,0.0,0.0,8000.0,10600.0,11320.0,11080.0,6040.0,0.0,0.0,0.0,8800.0,0.0,3160.0,3320.0,0.0,3040.0,0.0,0.0,0.0,4000.0,3040.0,3040.0,11080.0,3240.0,0.0,0.0,0.0,4840.0,0.0,8520.0,205600.0,0.0,1178679.0,0.0,0.0,0.0,22720.0,462600.0,2736477.0,11080.0,9280.0,0.0,0.0,0.0,13640.0,0.0
2026-03-13T18:00:00+01:00,6440.0,9040.0,7520.0,11160.0,0.0,0.0,0.0,10040.0,11240.0,11320.0,8440.0,10040.0,0.0,0.0,0.0,7200.0,0.0,4360.0,3040.0,7520.0,3040.0,0.0,0.0,0.0,3480.0,3240.0,3040.0,8440.0,5000.0,0.0,0.0,0.0,3160.0,0.0,17040.0,64359.0,7520.0,710280.0,0.0,0.0,0.0,52200.0,117198.0,2542032.0,8440.0,15040.0,0.0,0.0,0.0,14400.0,0.0
2026-03-13T19:00:00+01:00,11200.0,9080.0,0.0,10040.0,0.0,0.0,0.0,0.0,11080.0,11240.0,4080.0,0.0,0.0,0.0,0.0,0.0,0.0,8039.0,3640.0,0.0,3640.0,0.0,0.0,0.0,0.0,3960.0,3080.0,3360.0,0.0,0.0,0.0,0.0,0.0,0.0,29519.0,29440.0,0.0,144520.0,0.0,0.0,0.0,0.0,15040.0,788520.0,11160.0,0.0,0.0,0.0,0.0,0.0,0.0
2026-03-13T20:00:00+01:00,11200.0,9960.0,0.0,9520.0,0.0,0.0,0.0,0.0,3280.0,11200.0,0.0,0.0,0.0,0.0,0.0,0.0,0.0,3280.0,3400.0,0.0,3240.0,0.0,0.0,0.0,0.0,3280.0,3040.0,0.0,0.0,0.0,0.0,0.0,0.0,0.0,36680.0,55360.0,0.0,75640.0,0.0,0.0,0.0,0.0,3280.0,385200.0,0.0,0.0,0.0,0.0,0.0,0.0,0.0
2026-03-13T21:00:00+01:00,10160.0,9520.0,0.0,10000.0,0.0,0.0,0.0,8880.0,0.0,10960.0,0.0,0.0,0.0,0.0,0.0,10600.0,0.0,10160.0,3280.0,0.0,3080.0,0.0,0.0,0.0,3600.0,0.0,3280.0,0.0,0.0,0.0,0.0,0.0,5440.0,0.0,10160.0,36080.0,0.0,121240.0,0.0,0.0,0.0,27000.0,0.0,330640.0,0.0,0.0,0.0,0.0,0.0,16040.0,0.0
2026-03-13T22:00:00+01:00,8280.0,10000.0,0.0,11280.0,0.0,0.0,0.0,7600.0,10360.0,11200.0,0.0,0.0,0.0,0.0,0.0,0.0,0.0,3240.0,3080.0,0.0,3320.0,0.0,0.0,0.0,3040.0,3120.0,3040.0,0.0,0.0,0.0,0.0,0.0,0.0,0.0,73880.0,286040.0,0.0,252280.0,0.0,0.0,0.0,105800.0,43280.0,723319.0,0.0,0.0,0.0,0.0,0.0,0.0,0.0
2026-03-13T23:00:00+01:00,10000.0,9360.0,4240.0,9040.0,0.0,0.0,0.0,11280.0,11120.0,11000.0,0.0,0.0,0.0,0.0,0.0,0.0,0.0,3240.0,3320.0,4240.0,3240.0,0.0,0.0,0.0,3040.0,3040.0,3040.0,0.0,0.0,0.0,0.0,0.0,0.0,0.0,106480.0,85040.0,4240.0,101680.0,0.0,0.0,0.0,163560.0,276240.0,491159.0,0.0,0.0,0.0,0.0,0.0,0.0,0.0
2026-03-14T00:00:00+01:00,7080.0,8039.0,0.0,9880.0,0.0,0.0,0.0,10760.0,10680.0,11280.0,0.0,0.0,0.0,0.0,0.0,0.0,0.0,3280.0,4160.0,0.0,3280.0,0.0,0.0,0.0,3160.0,3040.0,3120.0,0.0,0.0,0.0,0.0,0.0,0.0,0.0,37080.0,19319.0,0.0,113760.0,0.0,0.0,0.0,65160.0,118800.0,432080.0,0.0,0.0,0.0,0.0,0.0,0.0,0.0
2026-03-14T01:00:00+01:00,10600.0,8480.0,0.0,8240.0,0.0,0.0,0.0,5000.0,10320.0,9840.0,4040.0,0.0,0.0,0.0,0.0,0.0,0.0,3120.0,3040.0,0.0,3200.0,0.0,0.0,0.0,3800.0,3320.0,3040.0,4040.0,0.0,0.0,0.0,0.0,0.0,0.0,90440.0,47120.0,0.0,73720.0,0.0,0.0,0.0,8800.0,110800.0,145520.0,4040.0,0.0,0.0,0.0,0.0,0.0,0.0
2026-03-14T02:00:00+01:00,9080.0,10840.0,0.0,9240.0,0.0,0.0,0.0,5640.0,9760.0,11160.0,0.0,0.0,0.0,0.0,0.0,0.0,0.0,4040.0,3200.0,0.0,3320.0,0.0,0.0,0.0,5640.0,3040.0,3040.0,0.0,0.0,0.0,0.0,0.0,0.0,0.0,115440.0,88200.0,0.0,38600.0,0.0,0.0,0.0,5640.0,91520.0,338359.0,0.0,0.0,0.0,0.0,0.0,0.0,0.0
2026-03-14T03:00:00+01:00,10960.0,8280.0,0.0,11160.0,0.0,0.0,0.0,3920.0,10000.0,10560.0,10760.0,0.0,0.0,0.0,0.0,0.0,0.0,3160.0,3240.0,0.0,3160.0,0.0,0.0,0.0,3920.0,4000.0,3040.0,3560.0,0.0,0.0,0.0,0.0,0.0,0.0,70880.0,19400.0,0.0,77080.0,0.0,0.0,0.0,3920.0,44840.0,295640.0,24560.0,0.0,0.0,0.0,0.0,0.0,0.0
2026-03-14T04:00:00+01:00,10560.0,8320.0,0.0,10240.0,0.0,0.0,0.0,4640.0,8920.0,10920.0,0.0,0.0,0.0,0.0,0.0,0.0,0.0,3440.0,4160.0,0.0,3040.0,0.0,0.0,0.0,3200.0,3040.0,3040.0,0.0,0.0,0.0,0.0,0.0,0.0,0.0,150600.0,16720.0,0.0,53720.0,0.0,0.0,0.0,7840.0,75440.0,306760.0,0.0,0.0,0.0,0.0,0.0,0.0,0.0
2026-03-14T05:00:00+01:00,8200.0,6200.0,4880.0,10040.0,0.0,0.0,0.0,5920.0,11240.0,11200.0,0.0,0.0,0.0,0.0,0.0,0.0,0.0,3520.0,3320.0,4880.0,3080.0,0.0,0.0,0.0,4240.0,3960.0,3080.0,0.0,0.0,0.0,0.0,0.0,0.0,0.0,60200.0,9520.0,4880.0,414040.0,0.0,0.0,0.0,15320.0,133240.0,373440.0,0.0,0.0,0.0,0.0,0.0,0.0,0.0
2026-03-14T06:00:00+01:00,7960.0,9280.0,3600.0,10080.0,0.0,0.0,0.0,11200.0,10440.0,11240.0,0.0,0.0,0.0,0.0,0.0,11000.0,0.0,3960.0,3200.0,3600.0,3120.0,0.0,0.0,0.0,3200.0,3800.0,3080.0,0.0,0.0,0.0,0.0,0.0,3160.0,0.0,19920.0,50040.0,3600.0,341400.0,0.0,0.0,0.0,178960.0,136520.0,536277.0,0.0,0.0,0.0,0.0,0.0,244678.0,0.0
2026-03-14T07:00:00+01:00,5800.0,8039.0,0.0,9400.0,0.0,0.0,0.0,9400.0,5160.0,11040.0,0.0,0.0,0.0,0.0,0.0,10440.0,0.0,5800.0,3400.0,0.0,3360.0,0.0,0.0,0.0,4000.0,3040.0,4160.0,0.0,0.0,0.0,0.0,0.0,3080.0,0.0,5800.0,11439.0,0.0,102640.0,0.0,0.0,0.0,33120.0,42840.0,117040.0,0.0,0.0,0.0,0.0,0.0,385000.0,0.0
2026-03-14T08:00:00+01:00,8560.0,0.0,0.0,8800.0,0.0,0.0,0.0,3960.0,3680.0,11280.0,6320.0,0.0,0.0,0.0,0.0,11280.0,3600.0,3440.0,0.0,0.0,3080.0,0.0,0.0,0.0,3960.0,3040.0,3160.0,6320.0,0.0,0.0,0.0,0.0,3320.0,3600.0,28280.0,0.0,0.0,100920.0,0.0,0.0,0.0,3960.0,17520.0,242680.0,6320.0,0.0,0.0,0.0,0.0,279798.0,3600.0
2026-03-14T09:00:00+01:00,4480.0,10920.0,0.0,10560.0,0.0,0.0,0.0,0.0,10440.0,11120.0,4640.0,0.0,0.0,0.0,0.0,8760.0,0.0,3840.0,6800.0,0.0,3080.0,0.0,0.0,0.0,0.0,3160.0,3440.0,4640.0,0.0,0.0,0.0,0.0,3320.0,0.0,12320.0,17720.0,0.0,275360.0,0.0,0.0,0.0,0.0,197520.0,274240.0,4640.0,0.0,0.0,0.0,0.0,60360.0,0.0
2026-03-14T10:00:00+01:00,9200.0,9080.0,0.0,10360.0,0.0,0.0,0.0,7520.0,9960.0,11240.0,5560.0,0.0,0.0,0.0,0.0,9720.0,0.0,3320.0,3120.0,0.0,3320.0,0.0,0.0,0.0,4720.0,3160.0,3080.0,3120.0,0.0,0.0,0.0,0.0,5000.0,0.0,43879.0,47080.0,0.0,177840.0,0.0,0.0,0.0,23800.0,137840.0,684519.0,8680.0,0.0,0.0,0.0,0.0,37560.0,0.0
2026-03-14T11:00:00+01:00,10680.0,9880.0,8560.0,10520.0,4880.0,0.0,0.0,9520.0,10040.0,11200.0,10920.0,7520.0,0.0,0.0,0.0,4840.0,0.0,3080.0,3120.0,8560.0,3080.0,4880.0,0.0,0.0,3960.0,3040.0,3040.0,3560.0,7520.0,0.0,0.0,0.0,4840.0,0.0,79280.0,24600.0,8560.0,731000.0,4880.0,0.0,0.0,35480.0,250920.0,2534916.0,87000.0,7520.0,0.0,0.0,0.0,4840.0,0.0
2026-03-14T12:00:00+01:00,9960.0,9880.0,0.0,10040.0,0.0,0.0,0.0,10920.0,10240.0,11240.0,10400.0,0.0,0.0,0.0,0.0,10040.0,0.0,3040.0,3880.0,0.0,3840.0,0.0,0.0,0.0,3560.0,3120.0,3040.0,3240.0,0.0,0.0,0.0,0.0,10040.0,0.0,80320.0,44320.0,0.0,156280.0,0.0,0.0,0.0,46400.0,544520.0,2363716.0,61840.0,0.0,0.0,0.0,0.0,10040.0,0.0
2026-03-14T13:00:00+01:00,10680.0,7280.0,0.0,11040.0,0.0,0.0,0.0,6280.0,11200.0,11240.0,10840.0,4040.0,0.0,0.0,0.0,11240.0,0.0,3240.0,3400.0,0.0,3040.0,0.0,0.0,0.0,3520.0,3120.0,3040.0,3280.0,4040.0,0.0,0.0,0.0,3040.0,0.0,68840.0,51400.0,0.0,434000.0,0.0,0.0,0.0,21440.0,511159.0,1926394.0,89399.0,4040.0,0.0,0.0,0.0,77400.0,0.0
2026-03-14T14:00:00+01:00,10440.0,9480.0,0.0,10000.0,3480.0,0.0,0.0,0.0,11240.0,11240.0,11240.0,0.0,0.0,0.0,0.0,9120.0,0.0,4600.0,4080.0,0.0,3040.0,3480.0,0.0,0.0,0.0,3080.0,3040.0,3080.0,0.0,0.0,0.0,0.0,4960.0,0.0,20000.0,44360.0,0.0,409119.0,3480.0,0.0,0.0,0.0,324359.0,1140720.0,127880.0,0.0,0.0,0.0,0.0,38160.0,0.0
2026-03-14T15:00:00+01:00,9560.0,9000.0,0.0,11200.0,3960.0,0.0,0.0,8320.0,11160.0,11000.0,9600.0,6240.0,0.0,0.0,0.0,9600.0,0.0,3520.0,4720.0,0.0,3360.0,3960.0,0.0,0.0,8320.0,3560.0,3040.0,3520.0,4840.0,0.0,0.0,0.0,3120.0,0.0,44600.0,55520.0,0.0,336000.0,3960.0,0.0,0.0,8320.0,255720.0,756597.0,39920.0,11080.0,0.0,0.0,0.0,65320.0,0.0
2026-03-14T16:00:00+01:00,7760.0,10840.0,0.0,10000.0,9800.0,0.0,0.0,7120.0,10000.0,11240.0,0.0,0.0,0.0,0.0,0.0,8440.0,0.0,3720.0,7320.0,0.0,3240.0,3280.0,0.0,0.0,7120.0,3040.0,3080.0,0.0,0.0,0.0,0.0,0.0,3080.0,0.0,25480.0,36440.0,0.0,324200.0,60280.0,0.0,0.0,7120.0,385840.0,561839.0,0.0,0.0,0.0,0.0,0.0,26320.0,0.0
2026-03-14T17:00:00+01:00,9120.0,8840.0,0.0,10520.0,0.0,0.0,0.0,0.0,11000.0,11160.0,5840.0,0.0,0.0,0.0,0.0,9360.0,0.0,4480.0,3040.0,0.0,3040.0,0.0,0.0,0.0,0.0,3080.0,3040.0,5280.0,0.0,0.0,0.0,0.0,3720.0,0.0,19560.0,77919.0,0.0,489159.0,0.0,0.0,0.0,0.0,1107674.0,2389592.0,11120.0,0.0,0.0,0.0,0.0,25760.0,0.0
2026-03-14T18:00:00+01:00,6000.0,10600.0,10040.0,10680.0,3960.0,0.0,0.0,0.0,11160.0,11200.0,0.0,0.0,0.0,0.0,0.0,0.0,0.0,3640.0,3400.0,3240.0,3240.0,3440.0,0.0,0.0,0.0,3040.0,3040.0,0.0,0.0,0.0,0.0,0.0,0.0,0.0,13400.0,80199.0,78240.0,490800.0,7400.0,0.0,0.0,0.0,337640.0,2201073.0,0.0,0.0,0.0,0.0,0.0,0.0,0.0
2026-03-14T19:00:00+01:00,6480.0,10000.0,0.0,10880.0,0.0,0.0,0.0,0.0,5200.0,11200.0,10000.0,8240.0,0.0,0.0,0.0,8680.0,8000.0,4040.0,3080.0,0.0,3040.0,0.0,0.0,0.0,0.0,3640.0,3040.0,3720.0,3680.0,0.0,0.0,0.0,3760.0,5400.0,38880.0,166720.0,0.0,892840.0,0.0,0.0,0.0,0.0,8840.0,967598.0,137920.0,11920.0,0.0,0.0,0.0,20840.0,21080.0
2026-03-14T20:00:00+01:00,7720.0,6600.0,0.0,10440.0,0.0,0.0,0.0,0.0,5040.0,11040.0,0.0,0.0,0.0,0.0,0.0,6280.0,0.0,3080.0,3120.0,0.0,3040.0,0.0,0.0,0.0,0.0,5040.0,3040.0,0.0,0.0,0.0,0.0,0.0,6280.0,0.0,26800.0,75320.0,0.0,448120.0,0.0,0.0,0.0,0.0,5040.0,766198.0,0.0,0.0,0.0,0.0,0.0,6280.0,0.0
2026-03-14T21:00:00+01:00,4680.0,10400.0,0.0,11160.0,0.0,0.0,0.0,10000.0,3400.0,11200.0,0.0,0.0,0.0,0.0,0.0,8400.0,0.0,3640.0,3280.0,0.0,3200.0,0.0,0.0,0.0,3080.0,3400.0,3040.0,0.0,0.0,0.0,0.0,0.0,3920.0,0.0,8320.0,197798.0,0.0,198720.0,0.0,0.0,0.0,172240.0,3400.0,460520.0,0.0,0.0,0.0,0.0,0.0,12320.0,0.0
2026-03-14T22:00:00+01:00,8640.0,8920.0,0.0,9520.0,0.0,0.0,0.0,9560.0,5800.0,11080.0,3320.0,0.0,0.0,0.0,0.0,0.0,0.0,6000.0,5560.0,0.0,3200.0,0.0,0.0,0.0,3040.0,5800.0,3040.0,3320.0,0.0,0.0,0.0,0.0,0.0,0.0,22759.0,14480.0,0.0,175920.0,0.0,0.0,0.0,197400.0,5800.0,580039.0,3320.0,0.0,0.0,0.0,0.0,0.0,0.0
2026-03-14T23:00:00+01:00,10920.0,3240.0,0.0,9600.0,0.0,0.0,0.0,9760.0,0.0,11120.0,0.0,0.0,0.0,0.0,0.0,0.0,0.0,3040.0,3240.0,0.0,3520.0,0.0,0.0,0.0,3080.0,0.0,3040.0,0.0,0.0,0.0,0.0,0.0,0.0,0.0,500680.0,3240.0,0.0,84479.0,0.0,0.0,0.0,115959.0,0.0,858718.0,0.0,0.0,0.0,0.0,0.0,0.0,0.0
2026-03-15T00:00:00+01:00,9640.0,0.0,0.0,9600.0,0.0,0.0,0.0,10800.0,0.0,11200.0,0.0,0.0,0.0,0.0,0.0,0.0,0.0,3040.0,0.0,0.0,3400.0,0.0,0.0,0.0,3040.0,0.0,3040.0,0.0,0.0,0.0,0.0,0.0,0.0,0.0,388360.0,0.0,0.0,92240.0,0.0,0.0,0.0,205119.0,0.0,1159119.0,0.0,0.0,0.0,0.0,0.0,0.0,0.0
2026-03-15T01:00:00+01:00,9960.0,3240.0,0.0,10000.0,0.0,0.0,0.0,9480.0,3680.0,10680.0,0.0,0.0,0.0,0.0,0.0,3320.0,0.0,3040.0,3240.0,0.0,3040.0,0.0,0.0,0.0,3120.0,3680.0,3040.0,0.0,0.0,0.0,0.0,0.0,3320.0,0.0,418400.0,6480.0,0.0,64960.0,0.0,0.0,0.0,176519.0,3680.0,1174753.0,0.0,0.0,0.0,0.0,0.0,3320.0,0.0
2026-03-15T02:00:00+01:00,10720.0,0.0,0.0,7320.0,0.0,0.0,0.0,9800.0,0.0,11000.0,0.0,0.0,0.0,0.0,0.0,0.0,0.0,3040.0,0.0,0.0,3120.0,0.0,0.0,0.0,3360.0,0.0,3040.0,0.0,0.0,0.0,0.0,0.0,0.0,0.0,331079.0,0.0,0.0,44160.0,0.0,0.0,0.0,86160.0,0.0,924080.0,0.0,0.0,0.0,0.0,0.0,0.0,0.0
2026-03-15T03:00:00+01:00,10000.0,0.0,0.0,8000.0,0.0,0.0,0.0,10800.0,0.0,11120.0,0.0,0.0,0.0,0.0,0.0,0.0,0.0,3680.0,0.0,0.0,3080.0,0.0,0.0,0.0,3080.0,0.0,3160.0,0.0,0.0,0.0,0.0,0.0,0.0,0.0,327920.0,0.0,0.0,74960.0,0.0,0.0,0.0,121240.0,0.0,417158.0,0.0,0.0,0.0,0.0,0.0,0.0,0.0
2026-03-15T04:00:00+01:00,10160.0,0.0,0.0,10160.0,0.0,0.0,0.0,10400.0,0.0,10000.0,0.0,0.0,0.0,0.0,0.0,6840.0,0.0,3640.0,0.0,0.0,4440.0,0.0,0.0,0.0,3440.0,0.0,3040.0,0.0,0.0,0.0,0.0,0.0,6840.0,0.0,239040.0,0.0,0.0,25080.0,0.0,0.0,0.0,87480.0,0.0,471720.0,0.0,0.0,0.0,0.0,0.0,6840.0,0.0
2026-03-15T05:00:00+01:00,10920.0,0.0,0.0,10000.0,0.0,0.0,0.0,0.0,0.0,10040.0,0.0,0.0,0.0,0.0,0.0,8039.0,0.0,3040.0,0.0,0.0,3880.0,0.0,0.0,0.0,0.0,0.0,3080.0,0.0,0.0,0.0,0.0,0.0,3320.0,0.0,651239.0,0.0,0.0,19560.0,0.0,0.0,0.0,0.0,0.0,727360.0,0.0,0.0,0.0,0.0,0.0,35639.0,0.0
2026-03-15T06:00:00+01:00,11000.0,4240.0,0.0,8880.0,0.0,0.0,0.0,10000.0,8000.0,10000.0,7040.0,0.0,0.0,0.0,0.0,10040.0,0.0,3200.0,3640.0,0.0,3040.0,0.0,0.0,0.0,3560.0,3040.0,3120.0,3160.0,0.0,0.0,0.0,0.0,3040.0,0.0,153198.0,7880.0,0.0,203356.0,0.0,0.0,0.0,29280.0,190320.0,278999.0,36840.0,0.0,0.0,0.0,0.0,290079.0,0.0
2026-03-15T07:00:00+01:00,0.0,11080.0,0.0,6000.0,0.0,0.0,0.0,8039.0,8000.0,10640.0,0.0,0.0,0.0,0.0,0.0,6000.0,0.0,0.0,11080.0,0.0,3240.0,0.0,0.0,0.0,3800.0,3040.0,3080.0,0.0,0.0,0.0,0.0,0.0,3360.0,0.0,0.0,11080.0,0.0,28720.0,0.0,0.0,0.0,16679.0,287320.0,254800.0,0.0,0.0,0.0,0.0,0.0,13200.0,0.0
2026-03-15T08:00:00+01:00,5160.0,0.0,0.0,11080.0,0.0,0.0,0.0,5200.0,11040.0,10560.0,5760.0,0.0,0.0,0.0,0.0,10560.0,0.0,4760.0,0.0,0.0,3120.0,0.0,0.0,0.0,3280.0,3520.0,3160.0,5760.0,0.0,0.0,0.0,0.0,3280.0,0.0,9920.0,0.0,0.0,283518.0,0.0,0.0,0.0,35440.0,259079.0,575760.0,11520.0,0.0,0.0,0.0,0.0,279360.0,0.0
2026-03-15T09:00:00+01:00,9480.0,5360.0,0.0,10000.0,0.0,0.0,0.0,0.0,10000.0,11080.0,10400.0,0.0,8000.0,0.0,0.0,10000.0,0.0,4320.0,5360.0,0.0,3040.0,0.0,0.0,0.0,0.0,3400.0,3360.0,6000.0,0.0,8000.0,0.0,0.0,3160.0,0.0,74480.0,5360.0,0.0,300440.0,0.0,0.0,0.0,0.0,123840.0,343360.0,16400.0,0.0,8000.0,0.0,0.0,205800.0,0.0
2026-03-15T10:00:00+01:00,6080.0,10920.0,0.0,9040.0,10760.0,0.0,0.0,0.0,10000.0,11120.0,6880.0,10000.0,0.0,0.0,0.0,5280.0,0.0,3040.0,3480.0,0.0,3120.0,4000.0,0.0,0.0,0.0,3200.0,3120.0,4320.0,3760.0,0.0,0.0,0.0,4000.0,0.0,18760.0,48040.0,0.0,190080.0,19240.0,0.0,0.0,0.0,169800.0,475799.0,11200.0,76840.0,0.0,0.0,0.0,14280.0,0.0
2026-03-15T11:00:00+01:00,8920.0,10240.0,0.0,11000.0,10440.0,0.0,0.0,7520.0,10040.0,11160.0,4080.0,10000.0,0.0,0.0,0.0,5680.0,0.0,3240.0,3080.0,0.0,3040.0,3640.0,0.0,0.0,4040.0,3040.0,3040.0,4080.0,3040.0,0.0,0.0,0.0,4000.0,0.0,55239.0,55640.0,0.0,803720.0,41920.0,0.0,0.0,11560.0,522917.0,1362157.0,4080.0,114360.0,0.0,0.0,0.0,17680.0,0.0
2026-03-15T12:00:00+01:00,7280.0,8039.0,0.0,11040.0,5880.0,0.0,0.0,0.0,10600.0,11120.0,10000.0,0.0,0.0,0.0,0.0,7840.0,7400.0,3160.0,3040.0,0.0,3080.0,5880.0,0.0,0.0,0.0,3040.0,3040.0,3280.0,0.0,0.0,0.0,0.0,3040.0,7400.0,49560.0,38719.0,0.0,837598.0,5880.0,0.0,0.0,0.0,795839.0,2189836.0,17280.0,0.0,0.0,0.0,0.0,40320.0,7400.0
2026-03-15T13:00:00+01:00,8119.0,4560.0,0.0,10840.0,0.0,0.0,0.0,0.0,10960.0,11120.0,10280.0,0.0,0.0,0.0,0.0,10000.0,10720.0,3040.0,3640.0,0.0,3040.0,0.0,0.0,0.0,0.0,3040.0,3040.0,3040.0,0.0,0.0,0.0,0.0,3560.0,3280.0,141278.0,8200.0,0.0,957718.0,0.0,0.0,0.0,0.0,317479.0,1781076.0,61880.0,0.0,0.0,0.0,0.0,49760.0,14000.0
2026-03-15T14:00:00+01:00,9200.0,9960.0,0.0,11120.0,0.0,0.0,0.0,0.0,10600.0,11040.0,9040.0,8000.0,0.0,0.0,0.0,5600.0,0.0,3160.0,3520.0,0.0,3040.0,0.0,0.0,0.0,0.0,3480.0,3040.0,3280.0,3400.0,0.0,0.0,0.0,3160.0,0.0,25480.0,40200.0,0.0,788240.0,0.0,0.0,0.0,0.0,256600.0,1527438.0,46720.0,34840.0,0.0,0.0,0.0,27480.0,0.0
2026-03-15T15:00:00+01:00,0.0,7360.0,0.0,10000.0,0.0,0.0,0.0,0.0,8000.0,11120.0,10440.0,0.0,0.0,0.0,0.0,3200.0,0.0,0.0,3360.0,0.0,3320.0,0.0,0.0,0.0,0.0,3240.0,3120.0,3560.0,0.0,0.0,0.0,0.0,3200.0,0.0,0.0,35520.0,0.0,266760.0,0.0,0.0,0.0,0.0,97560.0,1026119.0,61920.0,0.0,0.0,0.0,0.0,3200.0,0.0
2026-03-15T16:00:00+01:00,10920.0,9800.0,0.0,11040.0,3960.0,0.0,0.0,6040.0,8039.0,11080.0,8640.0,0.0,0.0,0.0,0.0,7800.0,0.0,3080.0,3200.0,0.0,3160.0,3960.0,0.0,0.0,4000.0,3040.0,3240.0,4200.0,0.0,0.0,0.0,0.0,5960.0,0.0,33520.0,56240.0,0.0,268279.0,3960.0,0.0,0.0,20040.0,146159.0,435078.0,21080.0,0.0,0.0,0.0,0.0,13760.0,0.0
2026-03-15T17:00:00+01:00,4080.0,11120.0,0.0,10080.0,0.0,0.0,0.0,10000.0,10960.0,11120.0,8840.0,3680.0,0.0,0.0,0.0,3600.0,0.0,3040.0,3240.0,0.0,3240.0,0.0,0.0,0.0,3920.0,3040.0,3040.0,4000.0,3680.0,0.0,0.0,0.0,3600.0,0.0,10800.0,59640.0,0.0,257720.0,0.0,0.0,0.0,27600.0,425160.0,983517.0,24680.0,3680.0,0.0,0.0,0.0,3600.0,0.0
2026-03-15T18:00:00+01:00,6240.0,10960.0,0.0,10520.0,0.0,0.0,0.0,4960.0,9440.0,11120.0,0.0,0.0,0.0,0.0,0.0,0.0,0.0,4800.0,3640.0,0.0,3040.0,0.0,0.0,0.0,4000.0,3080.0,3040.0,0.0,0.0,0.0,0.0,0.0,0.0,0.0,11040.0,32600.0,0.0,441278.0,0.0,0.0,0.0,12960.0,192880.0,1520958.0,0.0,0.0,0.0,0.0,0.0,0.0,0.0
2026-03-15T19:00:00+01:00,4360.0,3840.0,0.0,10640.0,0.0,0.0,0.0,0.0,8240.0,11040.0,9400.0,0.0,0.0,0.0,0.0,0.0,0.0,4360.0,3240.0,0.0,3200.0,0.0,0.0,0.0,0.0,3160.0,3080.0,9400.0,0.0,0.0,0.0,0.0,0.0,0.0,4360.0,7080.0,0.0,93400.0,0.0,0.0,0.0,0.0,22680.0,790960.0,9400.0,0.0,0.0,0.0,0.0,0.0,0.0
2026-03-15T20:00:00+01:00,9800.0,9840.0,0.0,10760.0,0.0,0.0,0.0,0.0,7480.0,11040.0,9400.0,0.0,0.0,0.0,0.0,0.0,0.0,3600.0,3040.0,0.0,3560.0,0.0,0.0,0.0,0.0,3960.0,3040.0,3120.0,0.0,0.0,0.0,0.0,0.0,0.0,37440.0,40200.0,0.0,148280.0,0.0,0.0,0.0,0.0,24640.0,468919.0,88800.0,0.0,0.0,0.0,0.0,0.0,0.0
2026-03-15T21:00:00+01:00,8560.0,5480.0,0.0,7480.0,0.0,0.0,0.0,0.0,0.0,10880.0,0.0,0.0,0.0,0.0,0.0,0.0,0.0,3200.0,3440.0,0.0,3080.0,0.0,0.0,0.0,0.0,0.0,3080.0,0.0,0.0,0.0,0.0,0.0,0.0,0.0,11760.0,8920.0,0.0,32960.0,0.0,0.0,0.0,0.0,0.0,232120.0,0.0,0.0,0.0,0.0,0.0,0.0,0.0
2026-03-15T22:00:00+01:00,0.0,6120.0,0.0,8600.0,0.0,0.0,0.0,0.0,0.0,10680.0,0.0,0.0,0.0,0.0,0.0,0.0,0.0,0.0,4000.0,0.0,3200.0,0.0,0.0,0.0,0.0,0.0,3040.0,0.0,0.0,0.0,0.0,0.0,0.0,0.0,0.0,14760.0,0.0,32800.0,0.0,0.0,0.0,0.0,0.0,138720.0,0.0,0.0,0.0,0.0,0.0,0.0,0.0
2026-03-15T23:00:00+01:00,9040.0,3960.0,0.0,7960.0,0.0,0.0,0.0,0.0,0.0,10840.0,0.0,0.0,0.0,0.0,0.0,0.0,0.0,9040.0,3640.0,0.0,4920.0,0.0,0.0,0.0,0.0,0.0,3120.0,0.0,0.0,0.0,0.0,0.0,0.0,0.0,9040.0,11360.0,0.0,30680.0,0.0,0.0,0.0,0.0,0.0,160000.0,0.0,0.0,0.0,0.0,0.0,0.0,0.0
2026-03-16T00:00:00+01:00,0.0,3920.0,0.0,7640.0,0.0,0.0,0.0,0.0,0.0,9960.0,0.0,0.0,0.0,0.0,0.0,7920.0,0.0,0.0,3920.0,0.0,3840.0,0.0,0.0,0.0,0.0,0.0,3200.0,0.0,0.0,0.0,0.0,0.0,7640.0,0.0,0.0,3920.0,0.0,15480.0,0.0,0.0,0.0,0.0,0.0,82000.0,0.0,0.0,0.0,0.0,0.0,15560.0,0.0
2026-03-16T01:00:00+01:00,3120.0,5920.0,0.0,0.0,0.0,0.0,0.0,0.0,0.0,10880.0,0.0,0.0,0.0,0.0,0.0,0.0,0.0,3120.0,3240.0,0.0,0.0,0.0,0.0,0.0,0.0,0.0,8200.0,0.0,0.0,0.0,0.0,0.0,0.0,0.0,3120.0,12960.0,0.0,0.0,0.0,0.0,0.0,0.0,0.0,19080.0,0.0,0.0,0.0,0.0,0.0,0.0,0.0
2026-03-16T02:00:00+01:00,0.0,6000.0,0.0,3920.0,0.0,0.0,0.0,0.0,0.0,9760.0,0.0,0.0,0.0,0.0,0.0,0.0,0.0,0.0,3040.0,0.0,3920.0,0.0,0.0,0.0,0.0,0.0,3480.0,0.0,0.0,0.0,0.0,0.0,0.0,0.0,0.0,67440.0,0.0,3920.0,0.0,0.0,0.0,0.0,0.0,30640.0,0.0,0.0,0.0,0.0,0.0,0.0,0.0
2026-03-16T03:00:00+01:00,3080.0,7440.0,0.0,0.0,0.0,0.0,0.0,0.0,0.0,8800.0,0.0,0.0,0.0,0.0,0.0,11040.0,0.0,3080.0,3200.0,0.0,0.0,0.0,0.0,0.0,0.0,0.0,3040.0,0.0,0.0,0.0,0.0,0.0,3440.0,0.0,3080.0,66680.0,0.0,0.0,0.0,0.0,0.0,0.0,0.0,119320.0,0.0,0.0,0.0,0.0,0.0,64040.0,0.0
2026-03-16T04:00:00+01:00,0.0,0.0,0.0,4480.0,0.0,0.0,0.0,0.0,0.0,10960.0,0.0,0.0,0.0,0.0,0.0,9760.0,0.0,0.0,0.0,0.0,3360.0,0.0,0.0,0.0,0.0,0.0,3200.0,0.0,0.0,0.0,0.0,0.0,3120.0,0.0,0.0,0.0,0.0,19120.0,0.0,0.0,0.0,0.0,0.0,144720.0,0.0,0.0,0.0,0.0,0.0,77920.0,0.0
2026-03-16T05:00:00+01:00,9080.0,0.0,0.0,6440.0,0.0,0.0,0.0,0.0,0.0,10000.0,0.0,0.0,0.0,0.0,0.0,9960.0,0.0,6440.0,0.0,0.0,3200.0,0.0,0.0,0.0,0.0,0.0,3040.0,0.0,0.0,0.0,0.0,0.0,3440.0,0.0,15520.0,0.0,0.0,39960.0,0.0,0.0,0.0,0.0,0.0,146040.0,0.0,0.0,0.0,0.0,0.0,117319.0,0.0
2026-03-16T06:00:00+01:00,4960.0,9520.0,0.0,11040.0,9440.0,0.0,0.0,10440.0,10240.0,11080.0,0.0,0.0,0.0,0.0,0.0,10800.0,0.0,3480.0,5480.0,0.0,3080.0,3280.0,0.0,0.0,4000.0,3040.0,3040.0,0.0,0.0,0.0,0.0,0.0,3040.0,0.0,8440.0,20960.0,0.0,1052514.0,147240.0,0.0,0.0,19800.0,431919.0,992993.0,0.0,0.0,0.0,0.0,0.0,41560.0,0.0
2026-03-16T07:00:00+01:00,5560.0,9280.0,0.0,10800.0,10160.0,0.0,0.0,4000.0,10760.0,10880.0,0.0,0.0,0.0,0.0,0.0,8240.0,0.0,5560.0,3320.0,0.0,3040.0,3040.0,0.0,0.0,3560.0,3040.0,3080.0,0.0,0.0,0.0,0.0,0.0,3960.0,0.0,5560.0,66440.0,0.0,1435835.0,295720.0,0.0,0.0,11360.0,619360.0,1128039.0,0.0,0.0,0.0,0.0,0.0,31320.0,0.0
2026-03-16T08:00:00+01:00,0.0,7680.0,0.0,10840.0,9760.0,0.0,0.0,0.0,10640.0,10920.0,9720.0,4000.0,0.0,0.0,0.0,6800.0,6120.0,0.0,3280.0,0.0,3040.0,3040.0,0.0,0.0,0.0,3080.0,3040.0,3600.0,4000.0,0.0,0.0,0.0,5120.0,6120.0,0.0,15680.0,0.0,925633.0,141520.0,0.0,0.0,0.0,397316.0,1048872.0,26400.0,4000.0,0.0,0.0,0.0,11920.0,6120.0
2026-03-16T09:00:00+01:00,10680.0,7480.0,0.0,10720.0,8000.0,0.0,0.0,10960.0,10680.0,11080.0,0.0,0.0,0.0,0.0,0.0,6960.0,0.0,3160.0,5880.0,0.0,3200.0,3200.0,0.0,0.0,3200.0,3040.0,3160.0,0.0,0.0,0.0,0.0,0.0,4000.0,0.0,19680.0,26440.0,0.0,465080.0,90160.0,0.0,0.0,28360.0,263240.0,1160798.0,0.0,0.0,0.0,0.0,0.0,33160.0,0.0
2026-03-16T10:00:00+01:00,3920.0,9240.0,0.0,10640.0,6360.0,0.0,0.0,11040.0,10000.0,10920.0,3360.0,9680.0,0.0,0.0,0.0,10760.0,0.0,3240.0,3040.0,0.0,3080.0,3600.0,0.0,0.0,3680.0,3040.0,3040.0,3200.0,3240.0,0.0,0.0,0.0,4800.0,0.0,7160.0,71760.0,0.0,418640.0,37840.0,0.0,0.0,32680.0,336720.0,791640.0,6560.0,17440.0,0.0,0.0,0.0,40040.0,0.0
2026-03-16T11:00:00+01:00,8080.0,10040.0,0.0,10760.0,0.0,0.0,0.0,10640.0,10240.0,10840.0,8160.0,7320.0,0.0,0.0,0.0,8720.0,0.0,3200.0,3200.0,0.0,3080.0,0.0,0.0,0.0,3440.0,3040.0,3080.0,8160.0,7320.0,0.0,0.0,0.0,3720.0,0.0,21320.0,56680.0,0.0,296239.0,0.0,0.0,0.0,27440.0,290120.0,333879.0,8160.0,7320.0,0.0,0.0,0.0,32120.0,0.0
2026-03-16T12:00:00+01:00,8640.0,8760.0,0.0,10760.0,0.0,0.0,0.0,10160.0,10680.0,11000.0,11000.0,0.0,0.0,0.0,0.0,10840.0,0.0,3040.0,3440.0,0.0,3040.0,0.0,0.0,0.0,3960.0,3040.0,3040.0,3080.0,0.0,0.0,0.0,0.0,3440.0,0.0,31920.0,83840.0,0.0,1016434.0,0.0,0.0,0.0,106960.0,536520.0,1572916.0,95200.0,0.0,0.0,0.0,0.0,44480.0,0.0
2026-03-16T13:00:00+01:00,11040.0,10320.0,0.0,10920.0,0.0,0.0,0.0,10600.0,9360.0,11040.0,11040.0,0.0,0.0,0.0,0.0,9960.0,0.0,3040.0,3440.0,0.0,3040.0,0.0,0.0,0.0,3040.0,3040.0,3040.0,3280.0,0.0,0.0,0.0,0.0,4720.0,0.0,300516.0,142719.0,0.0,1107679.0,0.0,0.0,0.0,209600.0,356520.0,2004316.0,173000.0,0.0,0.0,0.0,0.0,52800.0,0.0
2026-03-16T14:00:00+01:00,5080.0,6720.0,0.0,11000.0,0.0,0.0,0.0,10120.0,8080.0,11040.0,11040.0,3120.0,0.0,0.0,0.0,10240.0,5480.0,3160.0,3320.0,0.0,3040.0,0.0,0.0,0.0,3040.0,3280.0,3040.0,3240.0,3120.0,0.0,0.0,0.0,3720.0,5480.0,18720.0,58880.0,0.0,1093477.0,0.0,0.0,0.0,310320.0,153560.0,1563712.0,74200.0,3120.0,0.0,0.0,0.0,119638.0,5480.0
2026-03-16T15:00:00+01:00,6760.0,10200.0,0.0,11040.0,5040.0,0.0,0.0,10600.0,10000.0,11040.0,9040.0,0.0,0.0,0.0,0.0,5920.0,0.0,6760.0,3160.0,0.0,3040.0,5040.0,0.0,0.0,3080.0,3040.0,3040.0,3840.0,0.0,0.0,0.0,0.0,4240.0,0.0,6760.0,128280.0,0.0,682839.0,5040.0,0.0,0.0,193080.0,78320.0,1505478.0,68199.0,0.0,0.0,0.0,0.0,20600.0,0.0
2026-03-16T16:00:00+01:00,8480.0,10120.0,0.0,10720.0,0.0,0.0,0.0,10720.0,10000.0,11040.0,7400.0,0.0,0.0,0.0,0.0,8080.0,0.0,3520.0,3040.0,0.0,3040.0,0.0,0.0,0.0,3200.0,3960.0,3160.0,3480.0,0.0,0.0,0.0,0.0,3760.0,0.0,24759.0,145920.0,0.0,440079.0,0.0,0.0,0.0,170280.0,43440.0,984677.0,23280.0,0.0,0.0,0.0,0.0,33280.0,0.0
2026-03-16T17:00:00+01:00,9960.0,8480.0,0.0,10000.0,0.0,0.0,0.0,9200.0,10000.0,10760.0,10160.0,0.0,0.0,0.0,0.0,0.0,0.0,3160.0,3040.0,0.0,3080.0,0.0,0.0,0.0,3200.0,3360.0,3040.0,3200.0,0.0,0.0,0.0,0.0,0.0,0.0,51200.0,30120.0,0.0,330600.0,0.0,0.0,0.0,53080.0,143480.0,491479.0,58360.0,0.0,0.0,0.0,0.0,0.0,0.0
2026-03-16T18:00:00+01:00,10400.0,8400.0,3840.0,10040.0,0.0,0.0,0.0,4160.0,5680.0,10840.0,5800.0,0.0,0.0,0.0,0.0,0.0,0.0,3840.0,3120.0,3200.0,3240.0,0.0,0.0,0.0,4160.0,3920.0,3440.0,5800.0,0.0,0.0,0.0,0.0,0.0,0.0,26680.0,60280.0,10640.0,288800.0,0.0,0.0,0.0,4160.0,21480.0,553200.0,5800.0,0.0,0.0,0.0,0.0,0.0,0.0
2026-03-16T19:00:00+01:00,10040.0,7880.0,0.0,10360.0,0.0,0.0,0.0,0.0,7280.0,11040.0,4560.0,0.0,0.0,0.0,0.0,0.0,0.0,3160.0,4080.0,0.0,3160.0,0.0,0.0,0.0,0.0,7280.0,3040.0,4120.0,0.0,0.0,0.0,0.0,0.0,0.0,26840.0,21240.0,0.0,96440.0,0.0,0.0,0.0,0.0,7280.0,1064957.0,8680.0,0.0,0.0,0.0,0.0,0.0,0.0
2026-03-16T20:00:00+01:00,10360.0,9800.0,0.0,8640.0,0.0,0.0,0.0,0.0,0.0,11040.0,0.0,6320.0,0.0,0.0,0.0,0.0,4000.0,5320.0,3840.0,0.0,3120.0,0.0,0.0,0.0,0.0,0.0,3040.0,0.0,6320.0,0.0,0.0,0.0,0.0,4000.0,40920.0,21520.0,0.0,104760.0,0.0,0.0,0.0,0.0,0.0,848760.0,0.0,6320.0,0.0,0.0,0.0,0.0,4000.0
2026-03-16T21:00:00+01:00,6720.0,5480.0,0.0,8000.0,0.0,0.0,0.0,0.0,0.0,11000.0,0.0,0.0,0.0,0.0,0.0,0.0,0.0,6000.0,5480.0,0.0,3040.0,0.0,0.0,0.0,0.0,0.0,3080.0,0.0,0.0,0.0,0.0,0.0,0.0,0.0,12720.0,5480.0,0.0,63480.0,0.0,0.0,0.0,0.0,0.0,395680.0,0.0,0.0,0.0,0.0,0.0,0.0,0.0
2026-03-16T22:00:00+01:00,0.0,4000.0,0.0,7360.0,0.0,0.0,0.0,0.0,0.0,10960.0,0.0,0.0,0.0,0.0,0.0,0.0,0.0,0.0,4000.0,0.0,3360.0,0.0,0.0,0.0,0.0,0.0,3160.0,0.0,0.0,0.0,0.0,0.0,0.0,0.0,0.0,4000.0,0.0,44680.0,0.0,0.0,0.0,0.0,0.0,276480.0,0.0,0.0,0.0,0.0,0.0,0.0,0.0
2026-03-16T23:00:00+01:00,3280.0,0.0,0.0,10560.0,0.0,0.0,0.0,0.0,0.0,9280.0,0.0,0.0,0.0,0.0,0.0,0.0,0.0,3280.0,0.0,0.0,3360.0,0.0,0.0,0.0,0.0,0.0,3040.0,0.0,0.0,0.0,0.0,0.0,0.0,0.0,3280.0,0.0,0.0,60720.0,0.0,0.0,0.0,0.0,0.0,117960.0,0.0,0.0,0.0,0.0,0.0,0.0,0.0
2026-03-17T00:00:00+01:00,0.0,0.0,0.0,8000.0,0.0,0.0,0.0,0.0,0.0,9440.0,0.0,0.0,0.0,0.0,0.0,0.0,0.0,0.0,0.0,0.0,3160.0,0.0,0.0,0.0,0.0,0.0,3440.0,0.0,0.0,0.0,0.0,0.0,0.0,0.0,0.0,0.0,0.0,161480.0,0.0,0.0,0.0,0.0,0.0,75600.0,0.0,0.0,0.0,0.0,0.0,0.0,0.0
2026-03-17T01:00:00+01:00,7040.0,0.0,0.0,4000.0,0.0,0.0,0.0,0.0,0.0,0.0,0.0,0.0,0.0,0.0,0.0,4480.0,0.0,7040.0,0.0,0.0,3160.0,0.0,0.0,0.0,0.0,0.0,0.0,0.0,0.0,0.0,0.0,0.0,4480.0,0.0,7040.0,0.0,0.0,36320.0,0.0,0.0,0.0,0.0,0.0,0.0,0.0,0.0,0.0,0.0,0.0,4480.0,0.0
2026-03-17T02:00:00+01:00,4000.0,3960.0,0.0,5960.0,0.0,0.0,0.0,0.0,0.0,0.0,0.0,0.0,0.0,0.0,0.0,6800.0,0.0,4000.0,3960.0,0.0,3520.0,0.0,0.0,0.0,0.0,0.0,0.0,0.0,0.0,0.0,0.0,0.0,3760.0,0.0,4000.0,3960.0,0.0,31120.0,0.0,0.0,0.0,0.0,0.0,0.0,0.0,0.0,0.0,0.0,0.0,14360.0,0.0
2026-03-17T03:00:00+01:00,0.0,0.0,0.0,6000.0,0.0,0.0,0.0,0.0,0.0,0.0,0.0,0.0,0.0,0.0,0.0,0.0,0.0,0.0,0.0,0.0,3200.0,0.0,0.0,0.0,0.0,0.0,0.0,0.0,0.0,0.0,0.0,0.0,0.0,0.0,0.0,0.0,0.0,50440.0,0.0,0.0,0.0,0.0,0.0,0.0,0.0,0.0,0.0,0.0,0.0,0.0,0.0
2026-03-17T04:00:00+01:00,0.0,3480.0,8920.0,5880.0,0.0,0.0,0.0,4240.0,0.0,0.0,0.0,0.0,6720.0,0.0,0.0,0.0,0.0,0.0,3480.0,8920.0,3680.0,0.0,0.0,0.0,4240.0,0.0,0.0,0.0,0.0,6720.0,0.0,0.0,0.0,0.0,0.0,3480.0,8920.0,31120.0,0.0,0.0,0.0,4240.0,0.0,0.0,0.0,0.0,6720.0,0.0,0.0,0.0,0.0
2026-03-17T05:00:00+01:00,3960.0,0.0,0.0,6000.0,0.0,0.0,0.0,3960.0,0.0,8960.0,0.0,0.0,0.0,0.0,0.0,0.0,0.0,3960.0,0.0,0.0,3680.0,0.0,0.0,0.0,3600.0,0.0,3120.0,0.0,0.0,0.0,0.0,0.0,0.0,0.0,3960.0,0.0,0.0,30080.0,0.0,0.0,0.0,7560.0,0.0,52960.0,0.0,0.0,0.0,0.0,0.0,0.0,0.0
2026-03-17T06:00:00+01:00,6400.0,7280.0,3960.0,9960.0,4000.0,0.0,0.0,7120.0,5600.0,9200.0,0.0,0.0,0.0,0.0,0.0,10200.0,0.0,6400.0,3200.0,3960.0,3200.0,3240.0,0.0,0.0,4000.0,3960.0,3120.0,0.0,0.0,0.0,0.0,0.0,3080.0,0.0,6400.0,21080.0,3960.0,134400.0,7240.0,0.0,0.0,25880.0,13600.0,184119.0,0.0,0.0,0.0,0.0,0.0,29160.0,0.0
2026-03-17T07:00:00+01:00,7880.0,9240.0,9960.0,9680.0,9960.0,0.0,0.0,10040.0,6000.0,11000.0,5600.0,6400.0,0.0,0.0,0.0,10840.0,3560.0,3960.0,3080.0,3080.0,3040.0,3280.0,0.0,0.0,3880.0,3800.0,3080.0,3880.0,3080.0,0.0,0.0,0.0,3480.0,3560.0,26040.0,142600.0,158839.0,354280.0,33480.0,0.0,0.0,162957.0,26320.0,1166835.0,14720.0,9480.0,0.0,0.0,0.0,515999.0,3560.0
2026-03-17T08:00:00+01:00,4040.0,8039.0,0.0,10560.0,5840.0,0.0,0.0,10520.0,8440.0,10920.0,10160.0,0.0,0.0,0.0,0.0,11000.0,0.0,3360.0,3040.0,0.0,3040.0,5840.0,0.0,0.0,3280.0,3120.0,3040.0,8039.0,0.0,0.0,0.0,0.0,3040.0,0.0,29840.0,34559.0,0.0,740598.0,5840.0,0.0,0.0,522957.0,79760.0,1121839.0,18199.0,0.0,0.0,0.0,0.0,404918.0,0.0
2026-03-17T09:00:00+01:00,0.0,8840.0,0.0,10960.0,0.0,0.0,6560.0,10000.0,10200.0,10880.0,9920.0,3920.0,0.0,0.0,0.0,10640.0,0.0,0.0,3080.0,0.0,3080.0,0.0,0.0,6560.0,3160.0,3040.0,3040.0,3720.0,3920.0,0.0,0.0,0.0,3040.0,0.0,0.0,37560.0,0.0,873559.0,0.0,0.0,6560.0,345239.0,274680.0,1296677.0,38480.0,3920.0,0.0,0.0,0.0,470560.0,0.0
2026-03-17T10:00:00+01:00,6840.0,8039.0,0.0,10800.0,0.0,0.0,8000.0,10240.0,10560.0,10960.0,10040.0,0.0,0.0,4000.0,0.0,10000.0,0.0,6000.0,3080.0,0.0,3040.0,0.0,0.0,8000.0,3200.0,3040.0,3040.0,3080.0,0.0,0.0,3920.0,0.0,3280.0,0.0,12840.0,31439.0,0.0,1179480.0,0.0,0.0,8000.0,320600.0,372400.0,1426639.0,70040.0,0.0,0.0,7920.0,0.0,99040.0,0.0
2026-03-17T11:00:00+01:00,6000.0,8840.0,0.0,10720.0,0.0,0.0,0.0,11000.0,10040.0,10960.0,5280.0,0.0,0.0,7960.0,0.0,10680.0,0.0,3240.0,3160.0,0.0,3040.0,0.0,0.0,0.0,3040.0,3160.0,3040.0,3520.0,0.0,0.0,3960.0,0.0,3400.0,0.0,23080.0,43680.0,0.0,785520.0,0.0,0.0,0.0,429920.0,244479.0,974517.0,8800.0,0.0,0.0,51840.0,0.0,68120.0,0.0
2026-03-17T12:00:00+01:00,0.0,7160.0,0.0,10880.0,0.0,0.0,0.0,10000.0,10160.0,10920.0,9520.0,0.0,0.0,0.0,0.0,8240.0,0.0,0.0,3040.0,0.0,3040.0,0.0,0.0,0.0,3200.0,3200.0,3040.0,3040.0,0.0,0.0,0.0,0.0,3840.0,0.0,0.0,53920.0,0.0,236880.0,0.0,0.0,0.0,252560.0,236320.0,574600.0,22600.0,0.0,0.0,0.0,0.0,29800.0,0.0
2026-03-17T13:00:00+01:00,8760.0,10200.0,0.0,10440.0,0.0,0.0,0.0,10000.0,10000.0,10960.0,10560.0,0.0,0.0,0.0,0.0,9560.0,4200.0,3040.0,3080.0,0.0,3080.0,0.0,0.0,0.0,3040.0,3320.0,3080.0,5640.0,0.0,0.0,0.0,0.0,3160.0,4200.0,18880.0,83040.0,0.0,497159.0,0.0,0.0,0.0,300200.0,286040.0,1319438.0,23800.0,0.0,0.0,0.0,0.0,34760.0,4200.0
2026-03-17T14:00:00+01:00,10960.0,10440.0,0.0,10960.0,0.0,0.0,0.0,3400.0,10760.0,10960.0,10800.0,3200.0,0.0,0.0,0.0,9160.0,0.0,3200.0,3600.0,0.0,3040.0,0.0,0.0,0.0,3400.0,3160.0,3040.0,3280.0,3200.0,0.0,0.0,0.0,6280.0,0.0,88720.0,155400.0,0.0,1434839.0,0.0,0.0,0.0,3400.0,446560.0,1997234.0,50840.0,3200.0,0.0,0.0,0.0,54160.0,0.0
2026-03-17T15:00:00+01:00,10560.0,10280.0,0.0,10800.0,0.0,0.0,0.0,9960.0,10080.0,10920.0,9200.0,0.0,0.0,0.0,0.0,8480.0,3200.0,4160.0,3040.0,0.0,3040.0,0.0,0.0,0.0,3080.0,3160.0,3040.0,3080.0,0.0,0.0,0.0,0.0,6080.0,3200.0,37240.0,102120.0,0.0,893560.0,0.0,0.0,0.0,124120.0,551600.0,2088238.0,62760.0,0.0,0.0,0.0,0.0,29600.0,3200.0
2026-03-17T16:00:00+01:00,6360.0,9640.0,0.0,10240.0,5720.0,0.0,0.0,0.0,10960.0,10960.0,10840.0,4040.0,0.0,0.0,0.0,10720.0,0.0,4760.0,3360.0,0.0,3080.0,5720.0,0.0,0.0,0.0,3040.0,3040.0,3320.0,3160.0,0.0,0.0,0.0,6040.0,0.0,16280.0,105280.0,0.0,277360.0,5720.0,0.0,0.0,0.0,561520.0,1313597.0,54440.0,7200.0,0.0,0.0,0.0,42240.0,0.0
2026-03-17T17:00:00+01:00,7080.0,9840.0,0.0,8280.0,0.0,0.0,0.0,10040.0,10720.0,10760.0,9960.0,3440.0,0.0,0.0,0.0,3480.0,0.0,4040.0,3200.0,0.0,3320.0,0.0,0.0,0.0,4600.0,3040.0,3040.0,3240.0,3440.0,0.0,0.0,0.0,3120.0,0.0,31520.0,74520.0,0.0,163159.0,0.0,0.0,0.0,28280.0,421717.0,769998.0,66520.0,3440.0,0.0,0.0,0.0,6600.0,0.0
2026-03-17T18:00:00+01:00,8600.0,8200.0,0.0,9840.0,0.0,0.0,0.0,8720.0,9960.0,10840.0,10920.0,4520.0,0.0,0.0,0.0,5840.0,3640.0,3560.0,3320.0,0.0,3080.0,0.0,0.0,0.0,3680.0,3040.0,3560.0,3040.0,3440.0,0.0,0.0,0.0,3800.0,3640.0,35439.0,55200.0,0.0,134520.0,0.0,0.0,0.0,38720.0,195720.0,392440.0,42000.0,7960.0,0.0,0.0,0.0,13440.0,3640.0
2026-03-17T19:00:00+01:00,6920.0,7440.0,3920.0,10960.0,0.0,0.0,0.0,0.0,8840.0,10880.0,9760.0,0.0,0.0,0.0,0.0,0.0,0.0,3040.0,3040.0,3920.0,3240.0,0.0,0.0,0.0,0.0,3160.0,3040.0,3080.0,0.0,0.0,0.0,0.0,0.0,0.0,33960.0,34040.0,3920.0,177880.0,0.0,0.0,0.0,0.0,25440.0,903080.0,16840.0,0.0,0.0,0.0,0.0,0.0,0.0
2026-03-17T20:00:00+01:00,6680.0,7400.0,0.0,9160.0,0.0,0.0,0.0,0.0,3960.0,10960.0,0.0,0.0,0.0,0.0,0.0,0.0,0.0,3720.0,3600.0,0.0,3040.0,0.0,0.0,0.0,0.0,3960.0,3040.0,0.0,0.0,0.0,0.0,0.0,0.0,0.0,16120.0,20680.0,0.0,121880.0,0.0,0.0,0.0,0.0,3960.0,903158.0,0.0,0.0,0.0,0.0,0.0,0.0,0.0
2026-03-17T21:00:00+01:00,8680.0,4640.0,0.0,8200.0,0.0,0.0,0.0,0.0,3600.0,10760.0,0.0,0.0,0.0,0.0,0.0,0.0,0.0,6600.0,3160.0,0.0,3040.0,0.0,0.0,0.0,0.0,3600.0,3040.0,0.0,0.0,0.0,0.0,0.0,0.0,0.0,15280.0,11040.0,0.0,85400.0,0.0,0.0,0.0,0.0,3600.0,332480.0,0.0,0.0,0.0,0.0,0.0,0.0,0.0
2026-03-17T22:00:00+01:00,3400.0,0.0,0.0,9640.0,0.0,0.0,0.0,0.0,0.0,9040.0,0.0,0.0,0.0,0.0,0.0,4280.0,0.0,3400.0,0.0,0.0,3480.0,0.0,0.0,0.0,0.0,0.0,3120.0,0.0,0.0,0.0,0.0,0.0,4280.0,0.0,3400.0,0.0,0.0,52360.0,0.0,0.0,0.0,0.0,0.0,143560.0,0.0,0.0,0.0,0.0,0.0,4280.0,0.0
2026-03-17T23:00:00+01:00,0.0,0.0,0.0,9840.0,0.0,0.0,0.0,0.0,0.0,10760.0,0.0,0.0,0.0,0.0,0.0,0.0,0.0,0.0,0.0,0.0,3880.0,0.0,0.0,0.0,0.0,0.0,3520.0,0.0,0.0,0.0,0.0,0.0,0.0,0.0,0.0,0.0,0.0,24840.0,0.0,0.0,0.0,0.0,0.0,169439.0,0.0,0.0,0.0,0.0,0.0,0.0,0.0
2026-03-18T00:00:00+01:00,0.0,0.0,0.0,5760.0,0.0,0.0,0.0,0.0,0.0,10480.0,0.0,0.0,0.0,0.0,0.0,0.0,0.0,0.0,0.0,0.0,3200.0,0.0,0.0,0.0,0.0,0.0,3320.0,0.0,0.0,0.0,0.0,0.0,0.0,0.0,0.0,0.0,0.0,8960.0,0.0,0.0,0.0,0.0,0.0,61480.0,0.0,0.0,0.0,0.0,0.0,0.0,0.0
2026-03-18T01:00:00+01:00,0.0,0.0,0.0,3400.0,0.0,0.0,0.0,0.0,0.0,9920.0,0.0,0.0,0.0,0.0,0.0,0.0,0.0,0.0,0.0,0.0,3400.0,0.0,0.0,0.0,0.0,0.0,3680.0,0.0,0.0,0.0,0.0,0.0,0.0,0.0,0.0,0.0,0.0,3400.0,0.0,0.0,0.0,0.0,0.0,49240.0,0.0,0.0,0.0,0.0,0.0,0.0,0.0
2026-03-18T02:00:00+01:00,0.0,8000.0,0.0,0.0,0.0,0.0,0.0,0.0,4080.0,6320.0,0.0,0.0,0.0,0.0,0.0,0.0,0.0,0.0,3480.0,0.0,0.0,0.0,0.0,0.0,0.0,4080.0,3240.0,0.0,0.0,0.0,0.0,0.0,0.0,0.0,0.0,40360.0,0.0,0.0,0.0,0.0,0.0,0.0,4080.0,20360.0,0.0,0.0,0.0,0.0,0.0,0.0,0.0
2026-03-18T03:00:00+01:00,0.0,6000.0,0.0,0.0,0.0,0.0,0.0,0.0,0.0,6000.0,0.0,0.0,0.0,0.0,0.0,0.0,0.0,0.0,3640.0,0.0,0.0,0.0,0.0,0.0,0.0,0.0,4000.0,0.0,0.0,0.0,0.0,0.0,0.0,0.0,0.0,36240.0,0.0,0.0,0.0,0.0,0.0,0.0,0.0,15560.0,0.0,0.0,0.0,0.0,0.0,0.0,0.0
2026-03-18T04:00:00+01:00,0.0,0.0,0.0,0.0,0.0,0.0,0.0,0.0,0.0,3880.0,0.0,0.0,0.0,0.0,0.0,0.0,0.0,0.0,0.0,0.0,0.0,0.0,0.0,0.0,0.0,0.0,3880.0,0.0,0.0,0.0,0.0,0.0,0.0,0.0,0.0,0.0,0.0,0.0,0.0,0.0,0.0,0.0,0.0,3880.0,0.0,0.0,0.0,0.0,0.0,0.0,0.0
2026-03-18T05:00:00+01:00,0.0,0.0,0.0,8640.0,0.0,0.0,0.0,6080.0,0.0,7680.0,0.0,0.0,0.0,0.0,0.0,5240.0,0.0,0.0,0.0,0.0,3440.0,0.0,0.0,0.0,6080.0,0.0,3160.0,0.0,0.0,0.0,0.0,0.0,5240.0,0.0,0.0,0.0,0.0,28440.0,0.0,0.0,0.0,6080.0,0.0,68960.0,0.0,0.0,0.0,0.0,0.0,5240.0,0.0
2026-03-18T06:00:00+01:00,6880.0,8080.0,0.0,10280.0,0.0,0.0,0.0,0.0,0.0,10280.0,9640.0,0.0,0.0,0.0,0.0,7960.0,0.0,3800.0,3840.0,0.0,3160.0,0.0,0.0,0.0,0.0,0.0,3040.0,6600.0,0.0,0.0,0.0,0.0,3040.0,0.0,38560.0,19880.0,0.0,167079.0,0.0,0.0,0.0,0.0,0.0,284760.0,25080.0,0.0,0.0,0.0,0.0,50480.0,0.0
2026-03-18T07:00:00+01:00,0.0,8200.0,0.0,10000.0,6400.0,0.0,0.0,3360.0,3360.0,10840.0,9240.0,0.0,0.0,0.0,0.0,10800.0,0.0,0.0,3120.0,0.0,3040.0,6400.0,0.0,0.0,3360.0,3360.0,3080.0,6120.0,0.0,0.0,0.0,0.0,3400.0,0.0,0.0,51319.0,0.0,309840.0,6400.0,0.0,0.0,3360.0,3360.0,462599.0,15360.0,0.0,0.0,0.0,0.0,233400.0,0.0
2026-03-18T08:00:00+01:00,7960.0,10040.0,0.0,10880.0,0.0,0.0,0.0,6440.0,10160.0,10800.0,8440.0,0.0,0.0,0.0,0.0,10000.0,0.0,3240.0,3160.0,0.0,3040.0,0.0,0.0,0.0,4520.0,3080.0,3040.0,3120.0,0.0,0.0,0.0,0.0,3080.0,0.0,56600.0,60960.0,0.0,1208800.0,0.0,0.0,0.0,16400.0,478679.0,1008240.0,39040.0,0.0,0.0,0.0,0.0,233239.0,0.0
2026-03-18T09:00:00+01:00,9480.0,9920.0,0.0,10840.0,4040.0,0.0,0.0,9560.0,8760.0,10880.0,4040.0,10000.0,0.0,0.0,0.0,10000.0,0.0,3120.0,3040.0,0.0,3080.0,4040.0,0.0,0.0,5720.0,3040.0,3040.0,4040.0,3520.0,0.0,0.0,0.0,3320.0,0.0,62559.0,108480.0,0.0,1187959.0,4040.0,0.0,0.0,28920.0,214880.0,1184198.0,4040.0,148559.0,0.0,0.0,0.0,56200.0,0.0
2026-03-18T10:00:00+01:00,3920.0,10680.0,0.0,10840.0,7960.0,0.0,0.0,4800.0,10160.0,10800.0,9240.0,4840.0,0.0,0.0,0.0,9800.0,0.0,3920.0,3320.0,0.0,3080.0,5520.0,0.0,0.0,4800.0,3040.0,3040.0,3960.0,4840.0,0.0,0.0,0.0,3120.0,0.0,7840.0,94000.0,0.0,1114799.0,13480.0,0.0,0.0,4800.0,573199.0,815119.0,18000.0,4840.0,0.0,0.0,0.0,74400.0,0.0
2026-03-18T11:00:00+01:00,9560.0,10040.0,8200.0,10800.0,10000.0,0.0,0.0,10000.0,10920.0,10800.0,7040.0,0.0,8039.0,0.0,0.0,8840.0,3600.0,3080.0,3800.0,8200.0,3200.0,4000.0,0.0,0.0,3320.0,3080.0,3080.0,3560.0,0.0,5120.0,0.0,0.0,3480.0,3600.0,54520.0,55440.0,8200.0,730439.0,14000.0,0.0,0.0,86360.0,376040.0,1226075.0,21080.0,0.0,13159.0,0.0,0.0,75800.0,3600.0
2026-03-18T12:00:00+01:00,5960.0,8600.0,10640.0,10560.0,3160.0,0.0,0.0,9960.0,9960.0,10880.0,10720.0,0.0,10280.0,0.0,0.0,5480.0,0.0,4480.0,4000.0,10640.0,3360.0,3160.0,0.0,0.0,3560.0,3040.0,3040.0,3160.0,0.0,3280.0,0.0,0.0,3280.0,0.0,10440.0,30360.0,10640.0,229960.0,3160.0,0.0,0.0,118000.0,203760.0,808959.0,112439.0,0.0,23120.0,0.0,0.0,26200.0,0.0
2026-03-18T13:00:00+01:00,10000.0,10280.0,0.0,10880.0,9680.0,0.0,0.0,9640.0,9560.0,10520.0,10360.0,0.0,0.0,0.0,0.0,8080.0,3800.0,3080.0,3560.0,0.0,3040.0,3080.0,0.0,0.0,3240.0,3080.0,3040.0,3080.0,0.0,0.0,0.0,0.0,3400.0,3600.0,105599.0,44599.0,0.0,273320.0,141160.0,0.0,0.0,51120.0,150999.0,518760.0,134000.0,0.0,0.0,0.0,0.0,62720.0,7400.0
2026-03-18T14:00:00+01:00,8000.0,10040.0,0.0,9960.0,10000.0,0.0,0.0,10000.0,9880.0,10880.0,10760.0,3680.0,0.0,0.0,0.0,10000.0,4360.0,3040.0,3080.0,0.0,3040.0,3200.0,0.0,0.0,3040.0,3200.0,3040.0,3040.0,3680.0,0.0,0.0,0.0,3400.0,4360.0,114520.0,301240.0,0.0,287879.0,153040.0,0.0,0.0,421320.0,63960.0,2875359.0,222920.0,3680.0,0.0,0.0,0.0,125679.0,4360.0
2026-03-18T15:00:00+01:00,8119.0,10640.0,0.0,10400.0,5840.0,0.0,0.0,10000.0,10840.0,10880.0,10680.0,0.0,0.0,0.0,0.0,8080.0,0.0,8119.0,3040.0,0.0,3080.0,5840.0,0.0,0.0,3600.0,3160.0,3040.0,3040.0,0.0,0.0,0.0,0.0,4000.0,0.0,8119.0,409039.0,0.0,435600.0,5840.0,0.0,0.0,129200.0,54480.0,3416151.0,164920.0,0.0,0.0,0.0,0.0,23800.0,0.0
2026-03-18T16:00:00+01:00,8080.0,10480.0,0.0,10280.0,0.0,0.0,0.0,10840.0,10000.0,10880.0,8560.0,0.0,0.0,0.0,0.0,10720.0,0.0,4680.0,3320.0,0.0,3120.0,0.0,0.0,0.0,3400.0,3160.0,3040.0,3840.0,0.0,0.0,0.0,0.0,3720.0,0.0,20760.0,123760.0,0.0,593280.0,0.0,0.0,0.0,174320.0,116320.0,2345195.0,56200.0,0.0,0.0,0.0,0.0,89399.0,0.0
2026-03-18T17:00:00+01:00,3600.0,8920.0,0.0,10000.0,0.0,0.0,0.0,0.0,5880.0,10880.0,8920.0,0.0,0.0,0.0,0.0,9440.0,0.0,3600.0,3200.0,0.0,3080.0,0.0,0.0,0.0,0.0,4000.0,3040.0,3320.0,0.0,0.0,0.0,0.0,3480.0,0.0,3600.0,67200.0,0.0,323680.0,0.0,0.0,0.0,0.0,9880.0,1487360.0,84799.0,0.0,0.0,0.0,0.0,59920.0,0.0
2026-03-18T18:00:00+01:00,10840.0,10360.0,0.0,10560.0,0.0,0.0,0.0,0.0,9480.0,10320.0,8039.0,4840.0,0.0,0.0,0.0,10120.0,0.0,3320.0,3120.0,0.0,3040.0,0.0,0.0,0.0,0.0,3160.0,3040.0,3080.0,4840.0,0.0,0.0,0.0,3360.0,0.0,64920.0,100200.0,0.0,363279.0,0.0,0.0,0.0,0.0,81560.0,485120.0,29239.0,4840.0,0.0,0.0,0.0,17880.0,0.0
2026-03-18T19:00:00+01:00,9480.0,6920.0,0.0,10080.0,0.0,0.0,0.0,0.0,8200.0,10280.0,0.0,0.0,0.0,0.0,0.0,0.0,0.0,3680.0,3200.0,0.0,3160.0,0.0,0.0,0.0,0.0,8200.0,3040.0,0.0,0.0,0.0,0.0,0.0,0.0,0.0,26080.0,56080.0,0.0,496678.0,0.0,0.0,0.0,0.0,8200.0,761520.0,0.0,0.0,0.0,0.0,0.0,0.0,0.0
2026-03-18T20:00:00+01:00,6760.0,5680.0,0.0,9760.0,0.0,0.0,0.0,0.0,7280.0,10800.0,0.0,0.0,0.0,0.0,0.0,0.0,0.0,3600.0,3360.0,0.0,3400.0,0.0,0.0,0.0,0.0,7280.0,3040.0,0.0,0.0,0.0,0.0,0.0,0.0,0.0,35720.0,65240.0,0.0,107800.0,0.0,0.0,0.0,0.0,7280.0,706679.0,0.0,0.0,0.0,0.0,0.0,0.0,0.0
2026-03-18T21:00:00+01:00,7240.0,7440.0,0.0,10480.0,0.0,0.0,0.0,0.0,5240.0,10600.0,0.0,0.0,0.0,0.0,0.0,4000.0,0.0,3480.0,3400.0,0.0,3040.0,0.0,0.0,0.0,0.0,5240.0,3120.0,0.0,0.0,0.0,0.0,0.0,3200.0,0.0,29640.0,26800.0,0.0,68280.0,0.0,0.0,0.0,0.0,5240.0,357880.0,0.0,0.0,0.0,0.0,0.0,7200.0,0.0
2026-03-18T22:00:00+01:00,4120.0,7640.0,0.0,7480.0,0.0,0.0,0.0,0.0,0.0,10640.0,0.0,0.0,0.0,0.0,0.0,0.0,0.0,4120.0,3360.0,0.0,3160.0,0.0,0.0,0.0,0.0,0.0,3040.0,0.0,0.0,0.0,0.0,0.0,0.0,0.0,4120.0,22040.0,0.0,33880.0,0.0,0.0,0.0,0.0,0.0,267959.0,0.0,0.0,0.0,0.0,0.0,0.0,0.0
2026-03-18T23:00:00+01:00,4160.0,4680.0,0.0,10280.0,0.0,0.0,0.0,0.0,0.0,9560.0,0.0,0.0,0.0,0.0,0.0,0.0,0.0,4160.0,3840.0,0.0,3600.0,0.0,0.0,0.0,0.0,0.0,3040.0,0.0,0.0,0.0,0.0,0.0,0.0,0.0,4160.0,20320.0,0.0,26880.0,0.0,0.0,0.0,0.0,0.0,238280.0,0.0,0.0,0.0,0.0,0.0,0.0,0.0
2026-03-19T00:00:00+01:00,8640.0,4000.0,0.0,8000.0,0.0,0.0,0.0,0.0,0.0,10120.0,0.0,0.0,0.0,0.0,0.0,0.0,0.0,8640.0,3080.0,0.0,3480.0,0.0,0.0,0.0,0.0,0.0,3040.0,0.0,0.0,0.0,0.0,0.0,0.0,0.0,8640.0,48480.0,0.0,42720.0,0.0,0.0,0.0,0.0,0.0,226960.0,0.0,0.0,0.0,0.0,0.0,0.0,0.0
2026-03-19T01:00:00+01:00,0.0,6000.0,0.0,0.0,0.0,0.0,0.0,0.0,0.0,4760.0,0.0,0.0,0.0,0.0,0.0,0.0,0.0,0.0,3360.0,0.0,0.0,0.0,0.0,0.0,0.0,0.0,3400.0,0.0,0.0,0.0,0.0,0.0,0.0,0.0,0.0,91360.0,0.0,0.0,0.0,0.0,0.0,0.0,0.0,31560.0,0.0,0.0,0.0,0.0,0.0,0.0,0.0
2026-03-19T02:00:00+01:00,7760.0,10320.0,0.0,0.0,0.0,0.0,0.0,0.0,5160.0,10720.0,0.0,0.0,0.0,0.0,0.0,3400.0,0.0,7760.0,3320.0,0.0,0.0,0.0,0.0,0.0,0.0,5160.0,3480.0,0.0,0.0,0.0,0.0,0.0,3400.0,0.0,7760.0,404918.0,0.0,0.0,0.0,0.0,0.0,0.0,5160.0,69200.0,0.0,0.0,0.0,0.0,0.0,3400.0,0.0
2026-03-19T03:00:00+01:00,0.0,10040.0,0.0,0.0,0.0,0.0,0.0,0.0,0.0,0.0,0.0,0.0,0.0,0.0,0.0,0.0,0.0,0.0,3080.0,0.0,0.0,0.0,0.0,0.0,0.0,0.0,0.0,0.0,0.0,0.0,0.0,0.0,0.0,0.0,0.0,364079.0,0.0,0.0,0.0,0.0,0.0,0.0,0.0,0.0,0.0,0.0,0.0,0.0,0.0,0.0,0.0
2026-03-19T04:00:00+01:00,0.0,10240.0,0.0,0.0,0.0,0.0,0.0,0.0,0.0,7720.0,0.0,0.0,0.0,0.0,0.0,0.0,0.0,0.0,3240.0,0.0,0.0,0.0,0.0,0.0,0.0,0.0,7720.0,0.0,0.0,0.0,0.0,0.0,0.0,0.0,0.0,322598.0,0.0,0.0,0.0,0.0,0.0,0.0,0.0,7720.0,0.0,0.0,0.0,0.0,0.0,0.0,0.0
2026-03-19T05:00:00+01:00,0.0,10000.0,5720.0,9680.0,0.0,0.0,0.0,8000.0,0.0,10000.0,0.0,0.0,0.0,0.0,0.0,7520.0,0.0,0.0,3040.0,5720.0,3240.0,0.0,0.0,0.0,3360.0,0.0,3320.0,0.0,0.0,0.0,0.0,0.0,3440.0,0.0,0.0,330520.0,5720.0,100480.0,0.0,0.0,0.0,20440.0,0.0,70240.0,0.0,0.0,0.0,0.0,0.0,31800.0,0.0
2026-03-19T06:00:00+01:00,4320.0,8840.0,0.0,10360.0,3320.0,0.0,0.0,7240.0,10000.0,10840.0,0.0,5960.0,0.0,0.0,0.0,9040.0,0.0,3960.0,3560.0,0.0,3080.0,3320.0,0.0,0.0,3080.0,3160.0,3240.0,0.0,3280.0,0.0,0.0,0.0,4520.0,0.0,8280.0,41960.0,0.0,727558.0,3320.0,0.0,0.0,35480.0,217239.0,801239.0,0.0,40960.0,0.0,0.0,0.0,26280.0,0.0
2026-03-19T07:00:00+01:00,3080.0,7080.0,0.0,10320.0,0.0,0.0,0.0,6000.0,7960.0,10840.0,0.0,0.0,0.0,0.0,0.0,7000.0,0.0,3080.0,3080.0,0.0,3080.0,0.0,0.0,0.0,4360.0,3880.0,3040.0,0.0,0.0,0.0,0.0,0.0,3120.0,0.0,3080.0,56280.0,0.0,787599.0,0.0,0.0,0.0,15240.0,17440.0,601840.0,0.0,0.0,0.0,0.0,0.0,37240.0,0.0
2026-03-19T08:00:00+01:00,0.0,9080.0,0.0,10840.0,8000.0,0.0,0.0,5080.0,10000.0,10680.0,0.0,4000.0,0.0,0.0,0.0,10000.0,8200.0,0.0,3240.0,0.0,3040.0,3760.0,0.0,0.0,4240.0,3120.0,3120.0,0.0,3720.0,0.0,0.0,0.0,3520.0,8200.0,0.0,84840.0,0.0,422959.0,45320.0,0.0,0.0,13560.0,134600.0,315757.0,0.0,15720.0,0.0,0.0,0.0,109200.0,8200.0
2026-03-19T09:00:00+01:00,9960.0,8200.0,0.0,10400.0,8000.0,0.0,0.0,5880.0,8680.0,10840.0,7280.0,0.0,0.0,0.0,0.0,10320.0,8640.0,3080.0,3640.0,0.0,3040.0,3640.0,0.0,0.0,5040.0,3760.0,3080.0,7280.0,0.0,0.0,0.0,0.0,3560.0,8640.0,127839.0,40080.0,0.0,545395.0,15640.0,0.0,0.0,10920.0,85280.0,441278.0,7280.0,0.0,0.0,0.0,0.0,134679.0,8640.0
2026-03-19T10:00:00+01:00,7800.0,10000.0,0.0,10840.0,0.0,0.0,0.0,9840.0,9160.0,10760.0,10160.0,10000.0,0.0,0.0,0.0,9880.0,0.0,3040.0,3120.0,0.0,3080.0,0.0,0.0,0.0,3080.0,3040.0,3040.0,3240.0,6000.0,0.0,0.0,0.0,3040.0,0.0,53280.0,35760.0,0.0,301920.0,0.0,0.0,0.0,53560.0,99239.0,540640.0,48880.0,25400.0,0.0,0.0,0.0,151640.0,0.0
2026-03-19T11:00:00+01:00,8000.0,10560.0,0.0,10760.0,7240.0,0.0,0.0,10080.0,10720.0,10840.0,10000.0,5320.0,0.0,0.0,0.0,10080.0,0.0,3160.0,3960.0,0.0,3040.0,3760.0,0.0,0.0,3920.0,3040.0,3040.0,3040.0,3640.0,0.0,0.0,0.0,3040.0,0.0,33600.0,78920.0,0.0,995182.0,25920.0,0.0,0.0,39480.0,637760.0,1775791.0,173239.0,14040.0,0.0,0.0,0.0,42520.0,0.0
2026-03-19T12:00:00+01:00,9880.0,4720.0,0.0,10480.0,10200.0,0.0,0.0,9960.0,10720.0,10800.0,10000.0,0.0,0.0,0.0,0.0,7000.0,0.0,3560.0,3400.0,0.0,3040.0,3400.0,0.0,0.0,3680.0,3040.0,3040.0,3040.0,0.0,0.0,0.0,0.0,3440.0,0.0,47440.0,8120.0,0.0,602999.0,128040.0,0.0,0.0,132920.0,672359.0,2764118.0,270560.0,0.0,0.0,0.0,0.0,24320.0,0.0
2026-03-19T13:00:00+01:00,9200.0,10440.0,0.0,10040.0,6320.0,0.0,0.0,3960.0,10040.0,10840.0,9880.0,4400.0,0.0,0.0,0.0,10240.0,0.0,3160.0,3320.0,0.0,3040.0,3520.0,0.0,0.0,3960.0,3080.0,3040.0,3120.0,4400.0,0.0,0.0,0.0,3600.0,0.0,27880.0,112080.0,0.0,429480.0,21520.0,0.0,0.0,3960.0,469359.0,1096638.0,165680.0,4400.0,0.0,0.0,0.0,92999.0,0.0
2026-03-19T14:00:00+01:00,8560.0,10360.0,0.0,10400.0,3840.0,0.0,0.0,5640.0,10160.0,10760.0,9320.0,0.0,0.0,0.0,0.0,8920.0,0.0,5240.0,3520.0,0.0,3080.0,3840.0,0.0,0.0,5040.0,3040.0,3040.0,3480.0,0.0,0.0,0.0,0.0,3360.0,0.0,19240.0,37920.0,0.0,309519.0,3840.0,0.0,0.0,10680.0,460520.0,1093880.0,26040.0,0.0,0.0,0.0,0.0,102719.0,0.0
2026-03-19T15:00:00+01:00,7160.0,10600.0,0.0,10000.0,0.0,0.0,0.0,5960.0,9960.0,10600.0,10640.0,4040.0,0.0,0.0,0.0,8119.0,0.0,7160.0,3680.0,0.0,3040.0,0.0,0.0,0.0,5960.0,3200.0,3040.0,3600.0,3160.0,0.0,0.0,0.0,3960.0,0.0,7160.0,75520.0,0.0,241999.0,0.0,0.0,0.0,5960.0,196080.0,429877.0,93398.0,7200.0,0.0,0.0,0.0,53718.0,0.0
2026-03-19T16:00:00+01:00,10240.0,10720.0,0.0,10760.0,0.0,0.0,0.0,10160.0,10000.0,10720.0,10160.0,3120.0,0.0,0.0,0.0,8000.0,0.0,3080.0,3240.0,0.0,3040.0,0.0,0.0,0.0,3800.0,3120.0,3040.0,3840.0,3120.0,0.0,0.0,0.0,3080.0,0.0,49920.0,63640.0,0.0,714399.0,0.0,0.0,0.0,97760.0,172560.0,1421718.0,48080.0,3120.0,0.0,0.0,0.0,59440.0,0.0
2026-03-19T17:00:00+01:00,10640.0,10720.0,0.0,10800.0,0.0,0.0,0.0,10000.0,7920.0,10760.0,7960.0,3480.0,0.0,0.0,0.0,7080.0,0.0,3240.0,3040.0,0.0,3040.0,0.0,0.0,0.0,4000.0,3320.0,3040.0,3360.0,3240.0,0.0,0.0,0.0,3440.0,0.0,23240.0,105120.0,0.0,958599.0,0.0,0.0,0.0,64920.0,26560.0,2462433.0,27760.0,6720.0,0.0,0.0,0.0,51120.0,0.0
2026-03-19T18:00:00+01:00,8039.0,10440.0,0.0,10000.0,0.0,0.0,0.0,0.0,6480.0,10720.0,9160.0,0.0,0.0,0.0,0.0,0.0,0.0,5240.0,3160.0,0.0,3160.0,0.0,0.0,0.0,0.0,6480.0,3040.0,3440.0,0.0,0.0,0.0,0.0,0.0,0.0,19359.0,164600.0,0.0,470439.0,0.0,0.0,0.0,0.0,6480.0,1635715.0,24240.0,0.0,0.0,0.0,0.0,0.0,0.0
2026-03-19T19:00:00+01:00,5040.0,10480.0,9960.0,9960.0,0.0,0.0,0.0,0.0,6520.0,10760.0,3840.0,0.0,0.0,0.0,0.0,0.0,0.0,3240.0,3640.0,5880.0,3040.0,0.0,0.0,0.0,0.0,6520.0,3040.0,3840.0,0.0,0.0,0.0,0.0,0.0,0.0,22080.0,28920.0,15840.0,238880.0,0.0,0.0,0.0,0.0,6520.0,613958.0,3840.0,0.0,0.0,0.0,0.0,0.0,0.0
2026-03-19T20:00:00+01:00,10240.0,7240.0,0.0,10000.0,0.0,0.0,0.0,0.0,8960.0,10520.0,8039.0,0.0,0.0,0.0,0.0,0.0,0.0,4720.0,3080.0,0.0,3040.0,0.0,0.0,0.0,0.0,4040.0,3040.0,8039.0,0.0,0.0,0.0,0.0,0.0,0.0,33600.0,10320.0,0.0,98960.0,0.0,0.0,0.0,0.0,103959.0,459199.0,8039.0,0.0,0.0,0.0,0.0,0.0,0.0
2026-03-19T21:00:00+01:00,5920.0,3160.0,0.0,9240.0,0.0,0.0,0.0,0.0,0.0,10320.0,0.0,0.0,0.0,0.0,0.0,0.0,0.0,5920.0,3160.0,0.0,3160.0,0.0,0.0,0.0,0.0,0.0,3040.0,0.0,0.0,0.0,0.0,0.0,0.0,0.0,5920.0,3160.0,0.0,98080.0,0.0,0.0,0.0,0.0,0.0,200240.0,0.0,0.0,0.0,0.0,0.0,0.0,0.0
2026-03-19T22:00:00+01:00,9880.0,10000.0,0.0,10000.0,5280.0,0.0,0.0,0.0,0.0,10160.0,0.0,0.0,0.0,0.0,0.0,3480.0,0.0,3080.0,3080.0,0.0,3120.0,3760.0,0.0,0.0,0.0,0.0,3040.0,0.0,0.0,0.0,0.0,0.0,3480.0,0.0,180160.0,58040.0,0.0,738199.0,13000.0,0.0,0.0,0.0,0.0,312280.0,0.0,0.0,0.0,0.0,0.0,3480.0,0.0
2026-03-19T23:00:00+01:00,10400.0,0.0,0.0,10200.0,0.0,0.0,0.0,0.0,0.0,9840.0,0.0,0.0,0.0,0.0,0.0,0.0,0.0,3080.0,0.0,0.0,3040.0,0.0,0.0,0.0,0.0,0.0,3080.0,0.0,0.0,0.0,0.0,0.0,0.0,0.0,362280.0,0.0,0.0,1810719.0,0.0,0.0,0.0,0.0,0.0,112479.0,0.0,0.0,0.0,0.0,0.0,0.0,0.0
2026-03-20T00:00:00+01:00,10240.0,9080.0,0.0,10160.0,0.0,0.0,0.0,0.0,5440.0,9320.0,0.0,0.0,0.0,0.0,0.0,0.0,0.0,3040.0,3600.0,0.0,3040.0,0.0,0.0,0.0,0.0,5440.0,3320.0,0.0,0.0,0.0,0.0,0.0,0.0,0.0,289920.0,16680.0,0.0,1205278.0,0.0,0.0,0.0,0.0,5440.0,79040.0,0.0,0.0,0.0,0.0,0.0,0.0,0.0
2026-03-20T01:00:00+01:00,10080.0,10320.0,0.0,10040.0,0.0,0.0,0.0,0.0,0.0,10000.0,0.0,0.0,0.0,0.0,0.0,0.0,0.0,3040.0,3960.0,0.0,3120.0,0.0,0.0,0.0,0.0,0.0,3040.0,0.0,0.0,0.0,0.0,0.0,0.0,0.0,177679.0,21400.0,0.0,557119.0,0.0,0.0,0.0,0.0,0.0,181800.0,0.0,0.0,0.0,0.0,0.0,0.0,0.0
2026-03-20T02:00:00+01:00,10000.0,0.0,0.0,10000.0,0.0,0.0,0.0,0.0,0.0,10440.0,0.0,0.0,0.0,0.0,0.0,0.0,0.0,3040.0,0.0,0.0,3080.0,0.0,0.0,0.0,0.0,0.0,3200.0,0.0,0.0,0.0,0.0,0.0,0.0,0.0,220720.0,0.0,0.0,103160.0,0.0,0.0,0.0,0.0,0.0,111039.0,0.0,0.0,0.0,0.0,0.0,0.0,0.0
2026-03-20T03:00:00+01:00,6000.0,4040.0,0.0,3720.0,0.0,0.0,0.0,0.0,0.0,9760.0,0.0,0.0,0.0,0.0,0.0,0.0,0.0,3080.0,4040.0,0.0,3720.0,0.0,0.0,0.0,0.0,0.0,3160.0,0.0,0.0,0.0,0.0,0.0,0.0,0.0,44240.0,4040.0,0.0,3720.0,0.0,0.0,0.0,0.0,0.0,50120.0,0.0,0.0,0.0,0.0,0.0,0.0,0.0
2026-03-20T04:00:00+01:00,7520.0,6720.0,0.0,9560.0,0.0,0.0,0.0,0.0,0.0,10720.0,0.0,0.0,0.0,0.0,0.0,0.0,0.0,3040.0,6400.0,0.0,3560.0,0.0,0.0,0.0,0.0,0.0,3320.0,0.0,0.0,0.0,0.0,0.0,0.0,0.0,67080.0,13120.0,0.0,40640.0,0.0,0.0,0.0,0.0,0.0,60160.0,0.0,0.0,0.0,0.0,0.0,0.0,0.0
2026-03-20T05:00:00+01:00,10040.0,0.0,0.0,10680.0,0.0,0.0,0.0,10560.0,0.0,4280.0,0.0,0.0,6720.0,0.0,0.0,0.0,0.0,3320.0,0.0,0.0,3080.0,0.0,0.0,0.0,3240.0,0.0,3040.0,0.0,0.0,6160.0,0.0,0.0,0.0,0.0,157320.0,0.0,0.0,733360.0,0.0,0.0,0.0,177560.0,0.0,25200.0,0.0,0.0,12880.0,0.0,0.0,0.0,0.0
2026-03-20T06:00:00+01:00,0.0,7600.0,0.0,10640.0,10160.0,0.0,0.0,10040.0,10000.0,10400.0,0.0,0.0,0.0,0.0,0.0,8000.0,0.0,0.0,3320.0,0.0,3040.0,10160.0,0.0,0.0,3120.0,3240.0,3400.0,0.0,0.0,0.0,0.0,0.0,3160.0,0.0,0.0,28480.0,0.0,341359.0,10160.0,0.0,0.0,256200.0,76640.0,185119.0,0.0,0.0,0.0,0.0,0.0,45520.0,0.0
2026-03-20T07:00:00+01:00,3040.0,8960.0,0.0,10440.0,10560.0,0.0,0.0,6800.0,7800.0,10760.0,9160.0,0.0,0.0,0.0,0.0,10200.0,0.0,3040.0,3080.0,0.0,3240.0,3120.0,0.0,0.0,4080.0,3160.0,3040.0,4760.0,0.0,0.0,0.0,0.0,3160.0,0.0,3040.0,72040.0,0.0,169160.0,264320.0,0.0,0.0,45200.0,49720.0,715518.0,26480.0,0.0,0.0,0.0,0.0,301280.0,0.0
2026-03-20T08:00:00+01:00,9440.0,10440.0,0.0,10640.0,9960.0,0.0,0.0,5520.0,9480.0,10400.0,0.0,0.0,0.0,0.0,0.0,10200.0,0.0,4000.0,3560.0,0.0,3040.0,3440.0,0.0,0.0,3240.0,3080.0,3040.0,0.0,0.0,0.0,0.0,0.0,3200.0,0.0,29680.0,33520.0,0.0,336640.0,158759.0,0.0,0.0,16520.0,92880.0,522120.0,0.0,0.0,0.0,0.0,0.0,86440.0,0.0
2026-03-20T09:00:00+01:00,5960.0,7560.0,9920.0,10200.0,10240.0,0.0,3040.0,7960.0,10040.0,10640.0,10480.0,10240.0,0.0,0.0,0.0,9800.0,7000.0,3720.0,3600.0,3960.0,3080.0,4040.0,0.0,3040.0,3560.0,3640.0,3040.0,4960.0,3120.0,0.0,0.0,0.0,3040.0,3120.0,31480.0,18320.0,98920.0,328880.0,78200.0,0.0,3040.0,32080.0,93400.0,825518.0,15440.0,53560.0,0.0,0.0,0.0,92518.0,10120.0
2026-03-20T10:00:00+01:00,0.0,10000.0,10720.0,10760.0,8000.0,0.0,0.0,4480.0,9280.0,10640.0,10000.0,0.0,0.0,0.0,0.0,10560.0,3480.0,0.0,4000.0,3560.0,3040.0,4000.0,0.0,0.0,4480.0,3360.0,3040.0,3040.0,0.0,0.0,0.0,0.0,3240.0,3480.0,0.0,83800.0,182320.0,420080.0,38760.0,0.0,0.0,4480.0,114760.0,905400.0,270520.0,0.0,0.0,0.0,0.0,68800.0,3480.0
2026-03-20T11:00:00+01:00,5960.0,10040.0,7480.0,10680.0,4960.0,0.0,0.0,9240.0,10280.0,10760.0,10280.0,0.0,0.0,0.0,0.0,4360.0,0.0,3040.0,3520.0,4960.0,3080.0,3040.0,0.0,0.0,4720.0,3040.0,3040.0,3080.0,0.0,0.0,0.0,0.0,3320.0,0.0,13800.0,31400.0,12440.0,373200.0,15280.0,0.0,0.0,22120.0,301519.0,3197154.0,212079.0,0.0,0.0,0.0,0.0,7680.0,0.0
2026-03-20T12:00:00+01:00,10320.0,8800.0,0.0,10720.0,10400.0,0.0,0.0,9400.0,10160.0,10720.0,8920.0,0.0,0.0,0.0,0.0,3680.0,0.0,3200.0,4000.0,0.0,3040.0,3280.0,0.0,0.0,7120.0,3040.0,3040.0,3280.0,0.0,0.0,0.0,0.0,3680.0,0.0,64440.0,47280.0,0.0,449919.0,171720.0,0.0,0.0,16520.0,386480.0,3609754.0,79840.0,0.0,0.0,0.0,0.0,3680.0,0.0
2026-03-20T13:00:00+01:00,9920.0,10280.0,0.0,10040.0,10480.0,0.0,0.0,10680.0,10040.0,10760.0,9120.0,0.0,0.0,0.0,0.0,5680.0,0.0,3040.0,3160.0,0.0,3040.0,3880.0,0.0,0.0,3200.0,3120.0,3040.0,3080.0,0.0,0.0,0.0,0.0,5440.0,0.0,69480.0,68720.0,0.0,331519.0,31840.0,0.0,0.0,89360.0,169159.0,3127031.0,99200.0,0.0,0.0,0.0,0.0,11120.0,0.0
2026-03-20T14:00:00+01:00,7280.0,9360.0,0.0,10320.0,0.0,0.0,0.0,10440.0,10120.0,10720.0,9960.0,0.0,0.0,0.0,0.0,8000.0,4000.0,3120.0,3040.0,0.0,3040.0,0.0,0.0,0.0,5240.0,3200.0,3040.0,3160.0,0.0,0.0,0.0,0.0,3200.0,3360.0,70680.0,90959.0,0.0,229560.0,0.0,0.0,0.0,23520.0,38160.0,2070639.0,233800.0,0.0,0.0,0.0,0.0,86440.0,7360.0
2026-03-20T15:00:00+01:00,9520.0,9720.0,0.0,10720.0,0.0,0.0,0.0,0.0,10000.0,10520.0,9760.0,0.0,0.0,0.0,0.0,10000.0,7440.0,4000.0,3160.0,0.0,3360.0,0.0,0.0,0.0,0.0,3320.0,3040.0,3400.0,0.0,0.0,0.0,0.0,3480.0,3440.0,23840.0,67560.0,0.0,192120.0,0.0,0.0,0.0,0.0,73400.0,2039239.0,166399.0,0.0,0.0,0.0,0.0,83680.0,15120.0
2026-03-20T16:00:00+01:00,8080.0,9960.0,0.0,10360.0,10000.0,0.0,0.0,0.0,10400.0,10680.0,9240.0,0.0,3880.0,0.0,0.0,7160.0,5320.0,3800.0,3160.0,0.0,3040.0,3320.0,0.0,0.0,0.0,3440.0,3040.0,3360.0,0.0,3040.0,0.0,0.0,3720.0,5320.0,38240.0,84560.0,0.0,233999.0,19760.0,0.0,0.0,0.0,68680.0,939517.0,81880.0,0.0,6920.0,0.0,0.0,19000.0,5320.0
2026-03-20T17:00:00+01:00,10680.0,10320.0,0.0,10720.0,3960.0,0.0,0.0,0.0,7040.0,10720.0,9960.0,0.0,0.0,0.0,0.0,9440.0,0.0,3160.0,3080.0,0.0,3080.0,3960.0,0.0,0.0,0.0,3240.0,3040.0,3080.0,0.0,0.0,0.0,0.0,3320.0,0.0,148440.0,106320.0,0.0,420200.0,3960.0,0.0,0.0,0.0,75320.0,3106838.0,139720.0,0.0,0.0,0.0,0.0,39640.0,0.0
2026-03-20T18:00:00+01:00,8640.0,9480.0,0.0,10040.0,0.0,0.0,0.0,0.0,10360.0,10720.0,10640.0,3840.0,0.0,0.0,0.0,6640.0,0.0,3040.0,3080.0,0.0,3200.0,0.0,0.0,0.0,0.0,3080.0,3040.0,3440.0,3840.0,0.0,0.0,0.0,4040.0,0.0,65200.0,63960.0,0.0,554598.0,0.0,0.0,0.0,0.0,170518.0,1945954.0,96439.0,3840.0,0.0,0.0,0.0,24600.0,0.0
2026-03-20T19:00:00+01:00,7840.0,8000.0,4000.0,10000.0,0.0,0.0,0.0,0.0,10720.0,10720.0,0.0,0.0,0.0,0.0,0.0,0.0,0.0,3040.0,3040.0,4000.0,3080.0,0.0,0.0,0.0,0.0,4640.0,3040.0,0.0,0.0,0.0,0.0,0.0,0.0,0.0,51960.0,80520.0,8000.0,499000.0,0.0,0.0,0.0,0.0,22720.0,1880357.0,0.0,0.0,0.0,0.0,0.0,0.0,0.0
2026-03-20T20:00:00+01:00,9920.0,9320.0,0.0,10560.0,0.0,0.0,0.0,0.0,6360.0,10720.0,0.0,0.0,0.0,0.0,0.0,3040.0,0.0,3040.0,3080.0,0.0,3160.0,0.0,0.0,0.0,0.0,6360.0,3040.0,0.0,0.0,0.0,0.0,0.0,3040.0,0.0,43840.0,67920.0,0.0,457880.0,0.0,0.0,0.0,0.0,6360.0,606397.0,0.0,0.0,0.0,0.0,0.0,3040.0,0.0
2026-03-20T21:00:00+01:00,6640.0,3600.0,0.0,10320.0,3600.0,0.0,0.0,0.0,8000.0,10560.0,0.0,0.0,0.0,0.0,0.0,3920.0,0.0,3040.0,3240.0,0.0,3040.0,3600.0,0.0,0.0,0.0,5320.0,3040.0,0.0,0.0,0.0,0.0,0.0,3920.0,0.0,43760.0,6840.0,0.0,337878.0,3600.0,0.0,0.0,0.0,13320.0,473000.0,0.0,0.0,0.0,0.0,0.0,3920.0,0.0
2026-03-20T22:00:00+01:00,7160.0,8480.0,0.0,10640.0,0.0,0.0,0.0,7520.0,0.0,10240.0,0.0,0.0,0.0,0.0,0.0,0.0,0.0,4000.0,3040.0,0.0,3040.0,0.0,0.0,0.0,3440.0,0.0,3080.0,0.0,0.0,0.0,0.0,0.0,0.0,0.0,15360.0,63360.0,0.0,153360.0,0.0,0.0,0.0,28640.0,0.0,294598.0,0.0,0.0,0.0,0.0,0.0,0.0,0.0
2026-03-20T23:00:00+01:00,0.0,10000.0,0.0,9560.0,0.0,0.0,0.0,10680.0,0.0,10360.0,0.0,0.0,0.0,0.0,0.0,0.0,0.0,0.0,3160.0,0.0,3040.0,0.0,0.0,0.0,3040.0,0.0,3080.0,0.0,0.0,0.0,0.0,0.0,0.0,0.0,0.0,433840.0,0.0,82360.0,0.0,0.0,0.0,471839.0,0.0,801879.0,0.0,0.0,0.0,0.0,0.0,0.0,0.0
2026-03-21T00:00:00+01:00,4640.0,10280.0,0.0,10480.0,0.0,0.0,0.0,10640.0,0.0,10400.0,0.0,0.0,0.0,0.0,0.0,0.0,0.0,3120.0,3080.0,0.0,3120.0,0.0,0.0,0.0,3240.0,0.0,3040.0,0.0,0.0,0.0,0.0,0.0,0.0,0.0,11520.0,388359.0,0.0,83920.0,0.0,0.0,0.0,268799.0,0.0,1177880.0,0.0,0.0,0.0,0.0,0.0,0.0,0.0
2026-03-21T01:00:00+01:00,10480.0,9440.0,0.0,9920.0,0.0,0.0,0.0,10000.0,0.0,10680.0,6800.0,0.0,0.0,0.0,0.0,0.0,0.0,3080.0,3040.0,0.0,3080.0,0.0,0.0,0.0,3040.0,0.0,3040.0,3080.0,0.0,0.0,0.0,0.0,0.0,0.0,195480.0,249240.0,0.0,70440.0,0.0,0.0,0.0,129920.0,0.0,1143599.0,36040.0,0.0,0.0,0.0,0.0,0.0,0.0
2026-03-21T02:00:00+01:00,7680.0,10000.0,0.0,8720.0,0.0,0.0,0.0,9720.0,3880.0,10680.0,0.0,3080.0,0.0,0.0,0.0,0.0,0.0,3200.0,3080.0,0.0,3600.0,0.0,0.0,0.0,3080.0,3880.0,3080.0,0.0,3080.0,0.0,0.0,0.0,0.0,0.0,58960.0,251038.0,0.0,84000.0,0.0,0.0,0.0,225440.0,3880.0,633679.0,0.0,3080.0,0.0,0.0,0.0,0.0,0.0
2026-03-21T03:00:00+01:00,6000.0,10000.0,0.0,10600.0,0.0,0.0,0.0,10320.0,0.0,10440.0,0.0,0.0,0.0,0.0,0.0,0.0,0.0,3080.0,3160.0,0.0,3160.0,0.0,0.0,0.0,3040.0,0.0,3040.0,0.0,0.0,0.0,0.0,0.0,0.0,0.0,40600.0,213120.0,0.0,37600.0,0.0,0.0,0.0,89000.0,0.0,168840.0,0.0,0.0,0.0,0.0,0.0,0.0,0.0
2026-03-21T04:00:00+01:00,5960.0,10000.0,0.0,7400.0,0.0,0.0,0.0,7920.0,0.0,10680.0,3920.0,0.0,0.0,0.0,0.0,0.0,0.0,3200.0,3040.0,0.0,3080.0,0.0,0.0,0.0,3120.0,0.0,3040.0,3920.0,0.0,0.0,0.0,0.0,0.0,0.0,17240.0,378600.0,0.0,75280.0,0.0,0.0,0.0,85760.0,0.0,214680.0,3920.0,0.0,0.0,0.0,0.0,0.0,0.0
2026-03-21T05:00:00+01:00,6480.0,10000.0,0.0,10080.0,0.0,0.0,0.0,3960.0,0.0,10440.0,3240.0,0.0,0.0,0.0,0.0,0.0,5840.0,3080.0,3720.0,0.0,3280.0,0.0,0.0,0.0,3960.0,0.0,3120.0,3240.0,0.0,0.0,0.0,0.0,0.0,5840.0,47400.0,245840.0,0.0,170880.0,0.0,0.0,0.0,3960.0,0.0,110840.0,3240.0,0.0,0.0,0.0,0.0,0.0,5840.0
2026-03-21T06:00:00+01:00,8400.0,0.0,0.0,10040.0,0.0,0.0,0.0,5560.0,10040.0,10000.0,0.0,0.0,0.0,0.0,0.0,9480.0,0.0,6080.0,0.0,0.0,3120.0,0.0,0.0,0.0,5560.0,3240.0,3120.0,0.0,0.0,0.0,0.0,0.0,4040.0,0.0,14480.0,0.0,0.0,399638.0,0.0,0.0,0.0,5560.0,317960.0,150240.0,0.0,0.0,0.0,0.0,0.0,23560.0,0.0
2026-03-21T07:00:00+01:00,4240.0,0.0,0.0,8640.0,0.0,0.0,0.0,0.0,10040.0,9680.0,8200.0,4120.0,0.0,0.0,0.0,6080.0,0.0,3720.0,0.0,0.0,3440.0,0.0,0.0,0.0,0.0,3080.0,3240.0,8200.0,3480.0,0.0,0.0,0.0,6080.0,0.0,7960.0,0.0,0.0,30120.0,0.0,0.0,0.0,0.0,595193.0,104840.0,8200.0,7600.0,0.0,0.0,0.0,6080.0,0.0
2026-03-21T08:00:00+01:00,5880.0,0.0,0.0,8720.0,0.0,0.0,0.0,3680.0,10440.0,10640.0,8360.0,0.0,0.0,0.0,0.0,9840.0,0.0,3440.0,0.0,0.0,3160.0,0.0,0.0,0.0,3680.0,3120.0,3040.0,8360.0,0.0,0.0,0.0,0.0,5320.0,0.0,13480.0,0.0,0.0,86080.0,0.0,0.0,0.0,3680.0,591720.0,328079.0,8360.0,0.0,0.0,0.0,0.0,15160.0,0.0
2026-03-21T09:00:00+01:00,6280.0,7040.0,0.0,9320.0,0.0,0.0,0.0,7640.0,10040.0,10520.0,10000.0,0.0,0.0,0.0,0.0,0.0,0.0,4560.0,6120.0,0.0,3080.0,0.0,0.0,0.0,6840.0,3040.0,3040.0,3200.0,0.0,0.0,0.0,0.0,0.0,0.0,15600.0,19760.0,0.0,147560.0,0.0,0.0,0.0,14480.0,383919.0,293240.0,20440.0,0.0,0.0,0.0,0.0,0.0,0.0
2026-03-21T10:00:00+01:00,9560.0,7840.0,0.0,10040.0,0.0,0.0,0.0,8080.0,10000.0,10680.0,7560.0,0.0,0.0,0.0,0.0,9400.0,10000.0,4080.0,5480.0,0.0,3320.0,0.0,0.0,0.0,5080.0,3080.0,3040.0,3080.0,0.0,0.0,0.0,0.0,5080.0,3400.0,18120.0,24680.0,0.0,174040.0,0.0,0.0,0.0,13160.0,266479.0,909240.0,35200.0,0.0,0.0,0.0,0.0,19800.0,47400.0
2026-03-21T11:00:00+01:00,9040.0,8400.0,0.0,9960.0,0.0,0.0,0.0,7440.0,10480.0,10440.0,8960.0,0.0,0.0,0.0,0.0,0.0,0.0,3200.0,3200.0,0.0,3320.0,0.0,0.0,0.0,7440.0,3360.0,3040.0,3200.0,0.0,0.0,0.0,0.0,0.0,0.0,33039.0,110680.0,0.0,166119.0,0.0,0.0,0.0,7440.0,130679.0,892918.0,93759.0,0.0,0.0,0.0,0.0,0.0,0.0
2026-03-21T12:00:00+01:00,10040.0,8480.0,0.0,10000.0,0.0,0.0,0.0,4640.0,10560.0,10640.0,10560.0,0.0,0.0,0.0,0.0,0.0,0.0,3240.0,3440.0,0.0,3040.0,0.0,0.0,0.0,4640.0,3080.0,3040.0,3240.0,0.0,0.0,0.0,0.0,0.0,0.0,62600.0,80560.0,0.0,338000.0,0.0,0.0,0.0,4640.0,443920.0,2110873.0,202198.0,0.0,0.0,0.0,0.0,0.0,0.0
2026-03-21T13:00:00+01:00,10200.0,8680.0,0.0,9600.0,0.0,0.0,0.0,5600.0,10240.0,10640.0,10640.0,6760.0,0.0,0.0,0.0,3560.0,0.0,3400.0,3320.0,0.0,3200.0,0.0,0.0,0.0,3640.0,3040.0,3040.0,3080.0,6760.0,0.0,0.0,0.0,3560.0,0.0,110879.0,132160.0,0.0,365120.0,0.0,0.0,0.0,9240.0,214880.0,2825597.0,90280.0,6760.0,0.0,0.0,0.0,3560.0,0.0
2026-03-21T14:00:00+01:00,10000.0,9760.0,0.0,10640.0,6880.0,0.0,0.0,8200.0,9200.0,10640.0,10320.0,0.0,0.0,0.0,0.0,0.0,0.0,3160.0,3200.0,0.0,3040.0,3640.0,0.0,0.0,8200.0,3040.0,3040.0,3040.0,0.0,0.0,0.0,0.0,0.0,0.0,237080.0,72640.0,0.0,450279.0,10520.0,0.0,0.0,8200.0,159400.0,2079556.0,228799.0,0.0,0.0,0.0,0.0,0.0,0.0
2026-03-21T15:00:00+01:00,8840.0,10600.0,0.0,10520.0,0.0,0.0,0.0,0.0,9080.0,10520.0,9480.0,0.0,0.0,0.0,0.0,8119.0,0.0,3040.0,3320.0,0.0,3280.0,0.0,0.0,0.0,0.0,3400.0,3040.0,3400.0,0.0,0.0,0.0,0.0,8119.0,0.0,45560.0,72480.0,0.0,410557.0,0.0,0.0,0.0,0.0,168560.0,1439998.0,59719.0,0.0,0.0,0.0,0.0,8119.0,0.0
2026-03-21T16:00:00+01:00,8039.0,9520.0,0.0,10600.0,0.0,0.0,0.0,0.0,10000.0,10560.0,10040.0,7160.0,0.0,0.0,0.0,8840.0,0.0,3320.0,3200.0,0.0,3040.0,0.0,0.0,0.0,0.0,3080.0,3080.0,3160.0,3320.0,0.0,0.0,0.0,5960.0,0.0,72919.0,37360.0,0.0,331679.0,0.0,0.0,0.0,0.0,184160.0,893639.0,88760.0,28040.0,0.0,0.0,0.0,14800.0,0.0
2026-03-21T17:00:00+01:00,4600.0,10000.0,0.0,9560.0,0.0,0.0,0.0,0.0,10040.0,10600.0,9160.0,0.0,0.0,0.0,0.0,0.0,6400.0,3080.0,3320.0,0.0,3040.0,0.0,0.0,0.0,0.0,3080.0,3040.0,3440.0,0.0,0.0,0.0,0.0,0.0,6400.0,15000.0,56240.0,0.0,206720.0,0.0,0.0,0.0,0.0,232080.0,501280.0,89079.0,0.0,0.0,0.0,0.0,0.0,6400.0
2026-03-21T18:00:00+01:00,10520.0,10360.0,0.0,10080.0,0.0,0.0,0.0,0.0,10040.0,10560.0,8840.0,0.0,0.0,0.0,0.0,0.0,8400.0,3600.0,3080.0,0.0,3160.0,0.0,0.0,0.0,0.0,3040.0,3040.0,3800.0,0.0,0.0,0.0,0.0,0.0,8400.0,46080.0,111040.0,0.0,261159.0,0.0,0.0,0.0,0.0,125800.0,451519.0,36359.0,0.0,0.0,0.0,0.0,0.0,8400.0
2026-03-21T19:00:00+01:00,8320.0,9440.0,8000.0,10480.0,0.0,0.0,0.0,0.0,0.0,10600.0,0.0,0.0,0.0,0.0,0.0,7120.0,0.0,6240.0,3120.0,3280.0,3120.0,0.0,0.0,0.0,0.0,0.0,3040.0,0.0,0.0,0.0,0.0,0.0,7120.0,0.0,21000.0,179600.0,15160.0,390559.0,0.0,0.0,0.0,0.0,0.0,1583636.0,0.0,0.0,0.0,0.0,0.0,7120.0,0.0
2026-03-21T20:00:00+01:00,7320.0,10000.0,0.0,10200.0,0.0,0.0,0.0,0.0,0.0,10560.0,5080.0,0.0,0.0,0.0,0.0,0.0,0.0,7320.0,3120.0,0.0,3240.0,0.0,0.0,0.0,0.0,0.0,3040.0,5080.0,0.0,0.0,0.0,0.0,0.0,0.0,7320.0,215080.0,0.0,317879.0,0.0,0.0,0.0,0.0,0.0,788158.0,5080.0,0.0,0.0,0.0,0.0,0.0,0.0
2026-03-21T21:00:00+01:00,6640.0,9880.0,0.0,7320.0,0.0,0.0,0.0,9960.0,0.0,10600.0,0.0,0.0,0.0,0.0,0.0,8640.0,0.0,3800.0,3040.0,0.0,3040.0,0.0,0.0,0.0,4000.0,0.0,3120.0,0.0,0.0,0.0,0.0,0.0,8640.0,0.0,10440.0,222120.0,0.0,93240.0,0.0,0.0,0.0,52440.0,0.0,395640.0,0.0,0.0,0.0,0.0,0.0,8640.0,0.0
2026-03-21T22:00:00+01:00,5320.0,8760.0,0.0,10000.0,8560.0,0.0,0.0,9480.0,10160.0,10440.0,0.0,0.0,0.0,0.0,0.0,9000.0,0.0,3040.0,3080.0,0.0,3200.0,3320.0,0.0,0.0,3480.0,3080.0,3040.0,0.0,0.0,0.0,0.0,0.0,5320.0,0.0,26960.0,128760.0,0.0,258240.0,89520.0,0.0,0.0,77440.0,22160.0,315040.0,0.0,0.0,0.0,0.0,0.0,14320.0,0.0
2026-03-21T23:00:00+01:00,8119.0,9960.0,0.0,10080.0,5000.0,0.0,0.0,6240.0,10560.0,10440.0,0.0,0.0,3920.0,0.0,0.0,0.0,6840.0,3160.0,3440.0,0.0,3240.0,3960.0,0.0,0.0,3080.0,3080.0,3040.0,0.0,0.0,3160.0,0.0,0.0,0.0,6840.0,67039.0,125400.0,0.0,121039.0,8960.0,0.0,0.0,66880.0,116999.0,245160.0,0.0,0.0,7080.0,0.0,0.0,0.0,6840.0
2026-03-22T00:00:00+01:00,10600.0,10200.0,0.0,10000.0,0.0,0.0,0.0,8320.0,6640.0,10320.0,0.0,0.0,0.0,0.0,0.0,0.0,0.0,3040.0,10200.0,0.0,3080.0,0.0,0.0,0.0,3480.0,4720.0,3400.0,0.0,0.0,0.0,0.0,0.0,0.0,0.0,145240.0,10200.0,0.0,209240.0,0.0,0.0,0.0,52240.0,17320.0,158680.0,0.0,0.0,0.0,0.0,0.0,0.0,0.0
2026-03-22T01:00:00+01:00,10040.0,0.0,0.0,10040.0,0.0,0.0,0.0,9320.0,5320.0,10600.0,0.0,0.0,0.0,0.0,0.0,0.0,0.0,3040.0,0.0,0.0,3120.0,0.0,0.0,0.0,3040.0,3080.0,3040.0,0.0,0.0,0.0,0.0,0.0,0.0,0.0,73440.0,0.0,0.0,676559.0,0.0,0.0,0.0,120879.0,21000.0,329760.0,0.0,0.0,0.0,0.0,0.0,0.0,0.0
2026-03-22T02:00:00+01:00,10560.0,5720.0,0.0,9960.0,0.0,0.0,0.0,4400.0,0.0,10000.0,0.0,0.0,0.0,0.0,0.0,0.0,0.0,3040.0,4000.0,0.0,3120.0,0.0,0.0,0.0,3360.0,0.0,3040.0,0.0,0.0,0.0,0.0,0.0,0.0,0.0,160760.0,9720.0,0.0,380797.0,0.0,0.0,0.0,22840.0,0.0,147799.0,0.0,0.0,0.0,0.0,0.0,0.0,0.0
2026-03-22T03:00:00+01:00,8920.0,9880.0,0.0,10400.0,0.0,0.0,0.0,8680.0,6280.0,10400.0,0.0,0.0,0.0,0.0,0.0,0.0,0.0,3240.0,4000.0,0.0,3480.0,0.0,0.0,0.0,3040.0,6280.0,3080.0,0.0,0.0,0.0,0.0,0.0,0.0,0.0,38160.0,33640.0,0.0,74120.0,0.0,0.0,0.0,58720.0,6280.0,183120.0,0.0,0.0,0.0,0.0,0.0,0.0,0.0
2026-03-22T04:00:00+01:00,8440.0,7960.0,0.0,9360.0,0.0,0.0,0.0,4320.0,0.0,10600.0,0.0,0.0,0.0,0.0,0.0,0.0,0.0,3920.0,3960.0,0.0,3120.0,0.0,0.0,0.0,4320.0,0.0,3240.0,0.0,0.0,0.0,0.0,0.0,0.0,0.0,38680.0,20520.0,0.0,55760.0,0.0,0.0,0.0,4320.0,0.0,96040.0,0.0,0.0,0.0,0.0,0.0,0.0,0.0
2026-03-22T05:00:00+01:00,8400.0,3640.0,3320.0,10000.0,0.0,0.0,0.0,10000.0,0.0,10000.0,0.0,0.0,6040.0,8240.0,0.0,0.0,0.0,3320.0,3640.0,3320.0,3720.0,0.0,0.0,0.0,6000.0,0.0,3240.0,0.0,0.0,6040.0,3840.0,0.0,0.0,0.0,79079.0,3640.0,3320.0,126520.0,0.0,0.0,0.0,53120.0,0.0,153799.0,0.0,0.0,6040.0,41560.0,0.0,0.0,0.0
2026-03-22T06:00:00+01:00,3280.0,0.0,0.0,7960.0,0.0,0.0,0.0,0.0,0.0,8200.0,0.0,0.0,0.0,0.0,0.0,0.0,0.0,3280.0,0.0,0.0,3640.0,0.0,0.0,0.0,0.0,0.0,6280.0,0.0,0.0,0.0,0.0,0.0,0.0,0.0,3280.0,0.0,0.0,53440.0,0.0,0.0,0.0,0.0,0.0,21800.0,0.0,0.0,0.0,0.0,0.0,0.0,0.0
2026-03-22T07:00:00+01:00,3760.0,3920.0,0.0,10080.0,0.0,0.0,0.0,0.0,0.0,9920.0,0.0,0.0,0.0,0.0,0.0,0.0,0.0,3040.0,3920.0,0.0,3080.0,0.0,0.0,0.0,0.0,0.0,3120.0,0.0,0.0,0.0,0.0,0.0,0.0,0.0,9840.0,3920.0,0.0,277760.0,0.0,0.0,0.0,0.0,0.0,93600.0,0.0,0.0,0.0,0.0,0.0,0.0,0.0
2026-03-22T08:00:00+01:00,4040.0,6560.0,0.0,10480.0,0.0,0.0,0.0,0.0,10000.0,10440.0,4360.0,4040.0,0.0,0.0,0.0,6040.0,0.0,4040.0,6560.0,0.0,3040.0,0.0,0.0,0.0,0.0,3960.0,3200.0,4360.0,3240.0,0.0,0.0,0.0,6040.0,0.0,4040.0,6560.0,0.0,644239.0,0.0,0.0,0.0,0.0,53719.0,102640.0,4360.0,10720.0,0.0,0.0,0.0,6040.0,0.0
2026-03-22T09:00:00+01:00,10040.0,8840.0,0.0,10440.0,0.0,0.0,0.0,0.0,10000.0,10320.0,9400.0,3440.0,0.0,0.0,0.0,10000.0,0.0,3320.0,4800.0,0.0,3080.0,0.0,0.0,0.0,0.0,3240.0,3040.0,4000.0,3440.0,0.0,0.0,0.0,6000.0,0.0,47560.0,19040.0,0.0,858920.0,0.0,0.0,0.0,0.0,302800.0,385159.0,37000.0,3440.0,0.0,0.0,0.0,37680.0,0.0
2026-03-22T10:00:00+01:00,8039.0,9920.0,0.0,10000.0,6440.0,0.0,0.0,0.0,9640.0,10600.0,10240.0,0.0,0.0,0.0,0.0,0.0,4840.0,3080.0,3600.0,0.0,3040.0,4000.0,0.0,0.0,0.0,3560.0,3040.0,3080.0,0.0,0.0,0.0,0.0,0.0,4840.0,185519.0,24400.0,0.0,457239.0,14440.0,0.0,0.0,0.0,47240.0,941119.0,87678.0,0.0,0.0,0.0,0.0,0.0,4840.0
2026-03-22T11:00:00+01:00,10520.0,8520.0,0.0,10000.0,0.0,0.0,0.0,0.0,8440.0,10480.0,8160.0,0.0,0.0,0.0,0.0,6800.0,0.0,3080.0,3680.0,0.0,3040.0,0.0,0.0,0.0,0.0,3840.0,3040.0,3320.0,0.0,0.0,0.0,0.0,4240.0,0.0,90160.0,50320.0,0.0,632000.0,0.0,0.0,0.0,0.0,70400.0,1030359.0,65040.0,0.0,0.0,0.0,0.0,11040.0,0.0
2026-03-22T12:00:00+01:00,7760.0,10000.0,0.0,10040.0,0.0,0.0,0.0,5320.0,10600.0,10560.0,9000.0,0.0,0.0,0.0,0.0,6680.0,0.0,3240.0,3040.0,0.0,3040.0,0.0,0.0,0.0,5320.0,3040.0,3040.0,3640.0,0.0,0.0,0.0,0.0,4840.0,0.0,78240.0,119480.0,0.0,324399.0,0.0,0.0,0.0,5320.0,134840.0,1291679.0,72120.0,0.0,0.0,0.0,0.0,17760.0,0.0
2026-03-22T13:00:00+01:00,10000.0,10040.0,0.0,10440.0,5080.0,0.0,0.0,0.0,10240.0,10560.0,10400.0,0.0,0.0,0.0,0.0,9640.0,0.0,3160.0,4000.0,0.0,3480.0,5080.0,0.0,0.0,0.0,3320.0,3040.0,3040.0,0.0,0.0,0.0,0.0,3120.0,0.0,91040.0,100120.0,0.0,186280.0,5080.0,0.0,0.0,0.0,41520.0,1155519.0,219039.0,0.0,0.0,0.0,0.0,17120.0,0.0
2026-03-22T14:00:00+01:00,8280.0,9960.0,4760.0,8080.0,0.0,0.0,0.0,0.0,9920.0,10600.0,10400.0,0.0,0.0,0.0,0.0,10280.0,9560.0,3240.0,3200.0,4760.0,3080.0,0.0,0.0,0.0,0.0,3080.0,3040.0,3120.0,0.0,0.0,0.0,0.0,4200.0,3240.0,35000.0,62399.0,4760.0,100120.0,0.0,0.0,0.0,0.0,19360.0,1844355.0,243280.0,0.0,0.0,0.0,0.0,96320.0,51360.0
2026-03-22T15:00:00+01:00,3760.0,9840.0,0.0,10240.0,0.0,0.0,0.0,0.0,0.0,10600.0,10520.0,0.0,0.0,0.0,0.0,10000.0,0.0,3760.0,3080.0,0.0,3120.0,0.0,0.0,0.0,0.0,0.0,3040.0,3240.0,0.0,0.0,0.0,0.0,3520.0,0.0,3760.0,89680.0,0.0,369720.0,0.0,0.0,0.0,0.0,0.0,3148997.0,177200.0,0.0,0.0,0.0,0.0,107080.0,0.0
2026-03-22T16:00:00+01:00,6000.0,10000.0,0.0,10560.0,0.0,0.0,0.0,10440.0,3840.0,10560.0,10160.0,0.0,0.0,0.0,0.0,8000.0,0.0,3880.0,3040.0,0.0,3120.0,0.0,0.0,0.0,3160.0,3840.0,3040.0,3360.0,0.0,0.0,0.0,0.0,3280.0,0.0,18160.0,183680.0,0.0,384920.0,0.0,0.0,0.0,38000.0,3840.0,2381557.0,45320.0,0.0,0.0,0.0,0.0,29880.0,0.0
2026-03-22T17:00:00+01:00,9000.0,9880.0,0.0,9960.0,0.0,0.0,0.0,10000.0,9240.0,10480.0,7040.0,6360.0,0.0,0.0,0.0,8880.0,0.0,3040.0,3760.0,0.0,3040.0,0.0,0.0,0.0,3480.0,3080.0,3040.0,7040.0,6360.0,0.0,0.0,0.0,8880.0,0.0,71680.0,51040.0,0.0,377198.0,0.0,0.0,0.0,118520.0,47200.0,1191879.0,7040.0,6360.0,0.0,0.0,0.0,8880.0,0.0
2026-03-22T18:00:00+01:00,9720.0,9280.0,0.0,9280.0,0.0,0.0,0.0,10400.0,4800.0,10480.0,4600.0,0.0,0.0,0.0,0.0,6840.0,0.0,3200.0,3400.0,0.0,3120.0,0.0,0.0,0.0,3040.0,3400.0,3040.0,4000.0,0.0,0.0,0.0,0.0,6840.0,0.0,142240.0,87960.0,0.0,187600.0,0.0,0.0,0.0,378399.0,20840.0,765998.0,8600.0,0.0,0.0,0.0,0.0,6840.0,0.0
2026-03-22T19:00:00+01:00,9800.0,7600.0,0.0,10000.0,0.0,0.0,0.0,7200.0,0.0,10520.0,4200.0,0.0,0.0,0.0,0.0,4000.0,0.0,3160.0,3160.0,0.0,3040.0,0.0,0.0,0.0,4000.0,0.0,3040.0,4200.0,0.0,0.0,0.0,0.0,3080.0,0.0,69079.0,84120.0,0.0,227239.0,0.0,0.0,0.0,21200.0,0.0,367000.0,4200.0,0.0,0.0,0.0,0.0,7080.0,0.0
2026-03-22T20:00:00+01:00,10240.0,7440.0,0.0,10000.0,0.0,0.0,0.0,0.0,0.0,10560.0,4480.0,0.0,0.0,0.0,0.0,0.0,4080.0,3040.0,3080.0,0.0,3440.0,0.0,0.0,0.0,0.0,0.0,3160.0,4480.0,0.0,0.0,0.0,0.0,0.0,4080.0,88080.0,78440.0,0.0,107320.0,0.0,0.0,0.0,0.0,0.0,413839.0,4480.0,0.0,0.0,0.0,0.0,0.0,4080.0
2026-03-22T21:00:00+01:00,10440.0,4480.0,0.0,7760.0,0.0,0.0,0.0,0.0,0.0,10240.0,0.0,0.0,0.0,0.0,0.0,0.0,0.0,4040.0,3120.0,0.0,3160.0,0.0,0.0,0.0,0.0,0.0,3040.0,0.0,0.0,0.0,0.0,0.0,0.0,0.0,44720.0,16040.0,0.0,48240.0,0.0,0.0,0.0,0.0,0.0,446040.0,0.0,0.0,0.0,0.0,0.0,0.0,0.0
2026-03-22T22:00:00+01:00,5840.0,3360.0,0.0,4800.0,0.0,0.0,0.0,0.0,0.0,10160.0,0.0,0.0,0.0,0.0,0.0,0.0,0.0,3280.0,3360.0,0.0,3520.0,0.0,0.0,0.0,0.0,0.0,3040.0,0.0,0.0,0.0,0.0,0.0,0.0,0.0,9120.0,3360.0,0.0,8320.0,0.0,0.0,0.0,0.0,0.0,432279.0,0.0,0.0,0.0,0.0,0.0,0.0,0.0
2026-03-22T23:00:00+01:00,0.0,0.0,0.0,7640.0,0.0,0.0,0.0,0.0,0.0,10200.0,0.0,0.0,0.0,0.0,0.0,0.0,0.0,0.0,0.0,0.0,5280.0,0.0,0.0,0.0,0.0,0.0,3040.0,0.0,0.0,0.0,0.0,0.0,0.0,0.0,0.0,0.0,0.0,12920.0,0.0,0.0,0.0,0.0,0.0,380440.0,0.0,0.0,0.0,0.0,0.0,0.0,0.0
2026-03-23T00:00:00+01:00,0.0,8039.0,0.0,6240.0,0.0,0.0,0.0,0.0,0.0,9920.0,0.0,0.0,0.0,0.0,0.0,0.0,0.0,0.0,3280.0,0.0,4360.0,0.0,0.0,0.0,0.0,0.0,3040.0,0.0,0.0,0.0,0.0,0.0,0.0,0.0,0.0,28319.0,0.0,15280.0,0.0,0.0,0.0,0.0,0.0,180800.0,0.0,0.0,0.0,0.0,0.0,0.0,0.0
2026-03-23T01:00:00+01:00,0.0,9480.0,0.0,4280.0,0.0,0.0,0.0,0.0,0.0,9840.0,0.0,0.0,0.0,0.0,0.0,0.0,0.0,0.0,3160.0,0.0,3920.0,0.0,0.0,0.0,0.0,0.0,3240.0,0.0,0.0,0.0,0.0,0.0,0.0,0.0,0.0,79240.0,0.0,8200.0,0.0,0.0,0.0,0.0,0.0,152320.0,0.0,0.0,0.0,0.0,0.0,0.0,0.0
2026-03-23T02:00:00+01:00,4760.0,8039.0,0.0,3480.0,0.0,0.0,0.0,7360.0,0.0,10040.0,0.0,0.0,0.0,0.0,0.0,0.0,0.0,3600.0,4000.0,0.0,3480.0,0.0,0.0,0.0,6400.0,0.0,3040.0,0.0,0.0,0.0,0.0,0.0,0.0,0.0,12400.0,19839.0,0.0,3480.0,0.0,0.0,0.0,13760.0,0.0,233080.0,0.0,0.0,0.0,0.0,0.0,0.0,0.0
2026-03-23T03:00:00+01:00,0.0,4000.0,0.0,0.0,0.0,0.0,0.0,0.0,0.0,10480.0,0.0,0.0,0.0,0.0,0.0,0.0,0.0,0.0,4000.0,0.0,0.0,0.0,0.0,0.0,0.0,0.0,3040.0,0.0,0.0,0.0,0.0,0.0,0.0,0.0,0.0,4000.0,0.0,0.0,0.0,0.0,0.0,0.0,0.0,571200.0,0.0,0.0,0.0,0.0,0.0,0.0,0.0
2026-03-23T04:00:00+01:00,0.0,5280.0,0.0,0.0,0.0,0.0,0.0,0.0,0.0,9320.0,0.0,0.0,0.0,0.0,0.0,0.0,0.0,0.0,3480.0,0.0,0.0,0.0,0.0,0.0,0.0,0.0,3040.0,0.0,0.0,0.0,0.0,0.0,0.0,0.0,0.0,8760.0,0.0,0.0,0.0,0.0,0.0,0.0,0.0,406476.0,0.0,0.0,0.0,0.0,0.0,0.0,0.0
2026-03-23T05:00:00+01:00,0.0,3240.0,7480.0,10040.0,5000.0,0.0,0.0,10040.0,0.0,10000.0,0.0,0.0,0.0,0.0,0.0,0.0,0.0,0.0,3240.0,3320.0,3240.0,4000.0,0.0,0.0,4000.0,0.0,3040.0,0.0,0.0,0.0,0.0,0.0,0.0,0.0,0.0,3240.0,64760.0,281997.0,9000.0,0.0,0.0,172680.0,0.0,206639.0,0.0,0.0,0.0,0.0,0.0,0.0,0.0
2026-03-23T06:00:00+01:00,4000.0,7640.0,0.0,10040.0,0.0,0.0,0.0,0.0,10000.0,10200.0,0.0,0.0,0.0,0.0,0.0,4040.0,0.0,3040.0,6240.0,0.0,3040.0,0.0,0.0,0.0,0.0,3360.0,3120.0,0.0,0.0,0.0,0.0,0.0,4040.0,0.0,7040.0,13880.0,0.0,306757.0,0.0,0.0,0.0,0.0,30440.0,101720.0,0.0,0.0,0.0,0.0,0.0,4040.0,0.0
2026-03-23T07:00:00+01:00,6400.0,8880.0,0.0,7360.0,0.0,0.0,0.0,0.0,6000.0,10560.0,6120.0,0.0,0.0,0.0,0.0,5760.0,0.0,6400.0,3280.0,0.0,3040.0,0.0,0.0,0.0,0.0,3760.0,3160.0,6120.0,0.0,0.0,0.0,0.0,4000.0,0.0,6400.0,67320.0,0.0,131840.0,0.0,0.0,0.0,0.0,26320.0,248160.0,6120.0,0.0,0.0,0.0,0.0,20440.0,0.0
2026-03-23T08:00:00+01:00,6440.0,9280.0,0.0,10080.0,0.0,0.0,0.0,4520.0,10120.0,10160.0,10120.0,0.0,0.0,0.0,0.0,8720.0,0.0,3360.0,3520.0,0.0,3080.0,0.0,0.0,0.0,4240.0,3160.0,3160.0,4720.0,0.0,0.0,0.0,0.0,3160.0,0.0,15040.0,101160.0,0.0,86640.0,0.0,0.0,0.0,8760.0,189640.0,243520.0,37120.0,0.0,0.0,0.0,0.0,39600.0,0.0
2026-03-23T09:00:00+01:00,7040.0,9320.0,0.0,8840.0,0.0,0.0,0.0,5360.0,10000.0,10520.0,8440.0,7920.0,0.0,0.0,0.0,10520.0,0.0,4080.0,3160.0,0.0,3640.0,0.0,0.0,0.0,4480.0,3040.0,3040.0,3240.0,7920.0,0.0,0.0,0.0,3400.0,0.0,36400.0,70440.0,0.0,183880.0,0.0,0.0,0.0,9840.0,222640.0,897479.0,40480.0,7920.0,0.0,0.0,0.0,40640.0,0.0
2026-03-23T10:00:00+01:00,7000.0,9520.0,0.0,10240.0,4840.0,0.0,0.0,10480.0,10000.0,10520.0,8240.0,0.0,0.0,0.0,0.0,8680.0,0.0,3360.0,3320.0,0.0,3040.0,3320.0,0.0,0.0,3120.0,3120.0,3080.0,3680.0,0.0,0.0,0.0,0.0,3240.0,0.0,27160.0,50240.0,0.0,499720.0,11920.0,0.0,0.0,17520.0,460159.0,899677.0,33320.0,0.0,0.0,0.0,0.0,47320.0,0.0
2026-03-23T11:00:00+01:00,10000.0,8680.0,0.0,10000.0,0.0,0.0,0.0,10400.0,10000.0,10520.0,9400.0,0.0,3280.0,0.0,0.0,6600.0,0.0,3720.0,3320.0,0.0,3080.0,0.0,0.0,0.0,3360.0,3200.0,3040.0,3160.0,0.0,3280.0,0.0,0.0,5040.0,0.0,85640.0,74960.0,0.0,288040.0,0.0,0.0,0.0,179160.0,505999.0,1960277.0,145359.0,0.0,3280.0,0.0,0.0,17640.0,0.0
2026-03-23T12:00:00+01:00,9560.0,9240.0,0.0,6960.0,0.0,0.0,0.0,10480.0,10360.0,10520.0,10040.0,0.0,0.0,0.0,0.0,3680.0,4720.0,3240.0,3960.0,0.0,3960.0,0.0,0.0,0.0,3080.0,3120.0,3040.0,3080.0,0.0,0.0,0.0,0.0,3680.0,4720.0,38240.0,57080.0,0.0,59840.0,0.0,0.0,0.0,186200.0,490119.0,2323034.0,156719.0,0.0,0.0,0.0,0.0,3680.0,4720.0
2026-03-23T13:00:00+01:00,9960.0,10080.0,0.0,9680.0,0.0,0.0,0.0,10480.0,9880.0,10480.0,4200.0,0.0,0.0,0.0,0.0,10200.0,0.0,3040.0,3960.0,0.0,3040.0,0.0,0.0,0.0,3160.0,3440.0,3040.0,3680.0,0.0,0.0,0.0,0.0,3120.0,0.0,73200.0,154560.0,0.0,113000.0,0.0,0.0,0.0,257320.0,75840.0,1402518.0,7880.0,0.0,0.0,0.0,0.0,53200.0,0.0
2026-03-23T14:00:00+01:00,6360.0,9440.0,0.0,9560.0,0.0,0.0,0.0,10000.0,10080.0,10520.0,10120.0,0.0,0.0,0.0,0.0,5840.0,7400.0,6280.0,4040.0,0.0,3120.0,0.0,0.0,0.0,3240.0,3120.0,3040.0,3120.0,0.0,0.0,0.0,0.0,3800.0,3680.0,12640.0,74440.0,0.0,192160.0,0.0,0.0,0.0,84280.0,382199.0,835238.0,77039.0,0.0,0.0,0.0,0.0,15360.0,17480.0
2026-03-23T15:00:00+01:00,9840.0,6600.0,0.0,10000.0,0.0,0.0,0.0,9960.0,8680.0,10440.0,8000.0,0.0,0.0,0.0,0.0,6560.0,0.0,3120.0,3280.0,0.0,3080.0,0.0,0.0,0.0,3560.0,3080.0,3080.0,3040.0,0.0,0.0,0.0,0.0,3440.0,0.0,54280.0,44960.0,0.0,168719.0,0.0,0.0,0.0,93160.0,40600.0,560399.0,44760.0,0.0,0.0,0.0,0.0,10000.0,0.0
2026-03-23T16:00:00+01:00,10520.0,9960.0,0.0,9880.0,0.0,0.0,0.0,10320.0,7600.0,10520.0,9360.0,5120.0,0.0,0.0,0.0,9240.0,0.0,3160.0,3560.0,0.0,3200.0,0.0,0.0,0.0,3520.0,3120.0,3040.0,3240.0,5120.0,0.0,0.0,0.0,4440.0,0.0,146720.0,200200.0,0.0,180480.0,0.0,0.0,0.0,319000.0,39760.0,2621226.0,41960.0,5120.0,0.0,0.0,0.0,42800.0,0.0
2026-03-23T17:00:00+01:00,6480.0,10240.0,0.0,10000.0,0.0,0.0,0.0,4240.0,5680.0,10520.0,9840.0,0.0,0.0,0.0,0.0,5560.0,0.0,3240.0,3080.0,0.0,3040.0,0.0,0.0,0.0,4240.0,3400.0,3040.0,4200.0,0.0,0.0,0.0,0.0,4840.0,0.0,25520.0,133919.0,0.0,480520.0,0.0,0.0,0.0,4240.0,67000.0,1546718.0,39920.0,0.0,0.0,0.0,0.0,10400.0,0.0
2026-03-23T18:00:00+01:00,9080.0,10320.0,0.0,9960.0,0.0,0.0,0.0,0.0,8600.0,10400.0,9440.0,9200.0,0.0,0.0,0.0,9720.0,0.0,3200.0,3040.0,0.0,3120.0,0.0,0.0,0.0,0.0,3120.0,3040.0,3400.0,5560.0,0.0,0.0,0.0,3240.0,0.0,41039.0,97000.0,0.0,313720.0,0.0,0.0,0.0,0.0,159400.0,1015839.0,46960.0,14760.0,0.0,0.0,0.0,20160.0,0.0
2026-03-23T19:00:00+01:00,7240.0,10040.0,0.0,8360.0,3960.0,0.0,0.0,6880.0,4080.0,10360.0,4360.0,7040.0,0.0,0.0,0.0,0.0,0.0,3080.0,3320.0,0.0,3040.0,3280.0,0.0,0.0,6880.0,4080.0,3080.0,3040.0,3640.0,0.0,0.0,0.0,0.0,0.0,23680.0,105080.0,0.0,168638.0,10560.0,0.0,0.0,6880.0,4080.0,843676.0,23240.0,28960.0,0.0,0.0,0.0,0.0,0.0
2026-03-23T20:00:00+01:00,7320.0,9960.0,0.0,9440.0,5880.0,0.0,0.0,0.0,0.0,10000.0,0.0,0.0,0.0,0.0,0.0,0.0,0.0,3080.0,4000.0,0.0,3160.0,3320.0,0.0,0.0,0.0,0.0,3680.0,0.0,0.0,0.0,0.0,0.0,0.0,0.0,47360.0,35480.0,0.0,97440.0,28400.0,0.0,0.0,0.0,0.0,183598.0,0.0,0.0,0.0,0.0,0.0,0.0,0.0
2026-03-23T21:00:00+01:00,9240.0,0.0,0.0,9040.0,4080.0,0.0,0.0,0.0,5960.0,10200.0,0.0,7040.0,0.0,0.0,0.0,0.0,0.0,3240.0,0.0,0.0,4040.0,3240.0,0.0,0.0,0.0,5960.0,3040.0,0.0,7040.0,0.0,0.0,0.0,0.0,0.0,38800.0,0.0,0.0,41280.0,30040.0,0.0,0.0,0.0,5960.0,397520.0,0.0,7040.0,0.0,0.0,0.0,0.0,0.0
2026-03-23T22:00:00+01:00,9560.0,3600.0,0.0,5840.0,0.0,0.0,0.0,0.0,0.0,10520.0,0.0,0.0,0.0,0.0,0.0,0.0,0.0,3720.0,3600.0,0.0,3280.0,0.0,0.0,0.0,0.0,0.0,3080.0,0.0,0.0,0.0,0.0,0.0,0.0,0.0,114760.0,3600.0,0.0,25840.0,0.0,0.0,0.0,0.0,0.0,736399.0,0.0,0.0,0.0,0.0,0.0,0.0,0.0
2026-03-23T23:00:00+01:00,6480.0,3440.0,0.0,8800.0,0.0,0.0,0.0,0.0,0.0,10440.0,0.0,0.0,0.0,0.0,0.0,0.0,0.0,3160.0,3320.0,0.0,3200.0,0.0,0.0,0.0,0.0,0.0,3120.0,0.0,0.0,0.0,0.0,0.0,0.0,0.0,37880.0,6760.0,0.0,20640.0,0.0,0.0,0.0,0.0,0.0,735360.0,0.0,0.0,0.0,0.0,0.0,0.0,0.0
2026-03-24T00:00:00+01:00,6400.0,8280.0,0.0,6000.0,0.0,0.0,0.0,0.0,0.0,10520.0,0.0,0.0,0.0,0.0,0.0,0.0,0.0,3320.0,3080.0,0.0,3240.0,0.0,0.0,0.0,0.0,0.0,3080.0,0.0,0.0,0.0,0.0,0.0,0.0,0.0,32280.0,59520.0,0.0,29160.0,0.0,0.0,0.0,0.0,0.0,530117.0,0.0,0.0,0.0,0.0,0.0,0.0,0.0
2026-03-24T01:00:00+01:00,7440.0,6960.0,0.0,6040.0,0.0,0.0,0.0,0.0,0.0,10200.0,0.0,0.0,0.0,0.0,0.0,0.0,0.0,3160.0,3040.0,0.0,3200.0,0.0,0.0,0.0,0.0,0.0,3080.0,0.0,0.0,0.0,0.0,0.0,0.0,0.0,35600.0,28040.0,0.0,12680.0,0.0,0.0,0.0,0.0,0.0,258040.0,0.0,0.0,0.0,0.0,0.0,0.0,0.0
2026-03-24T02:00:00+01:00,4000.0,4640.0,0.0,0.0,0.0,0.0,0.0,0.0,8039.0,10280.0,0.0,0.0,0.0,0.0,0.0,0.0,0.0,3800.0,4000.0,0.0,0.0,0.0,0.0,0.0,0.0,8039.0,3280.0,0.0,0.0,0.0,0.0,0.0,0.0,0.0,15760.0,12800.0,0.0,0.0,0.0,0.0,0.0,0.0,8039.0,188920.0,0.0,0.0,0.0,0.0,0.0,0.0,0.0
2026-03-24T03:00:00+01:00,4440.0,5040.0,0.0,6080.0,0.0,0.0,0.0,0.0,0.0,10440.0,0.0,0.0,0.0,0.0,0.0,0.0,0.0,4440.0,3600.0,0.0,3120.0,0.0,0.0,0.0,0.0,0.0,3040.0,0.0,0.0,0.0,0.0,0.0,0.0,0.0,4440.0,8640.0,0.0,19600.0,0.0,0.0,0.0,0.0,0.0,268797.0,0.0,0.0,0.0,0.0,0.0,0.0,0.0
2026-03-24T04:00:00+01:00,3440.0,8000.0,0.0,10160.0,0.0,0.0,0.0,0.0,0.0,10440.0,0.0,0.0,0.0,0.0,0.0,0.0,0.0,3160.0,3720.0,0.0,3920.0,0.0,0.0,0.0,0.0,0.0,3040.0,0.0,0.0,0.0,0.0,0.0,0.0,0.0,6600.0,27720.0,0.0,38840.0,0.0,0.0,0.0,0.0,0.0,535680.0,0.0,0.0,0.0,0.0,0.0,0.0,0.0
2026-03-24T05:00:00+01:00,10080.0,9760.0,0.0,10000.0,4000.0,0.0,0.0,6920.0,10000.0,9520.0,4000.0,0.0,0.0,0.0,0.0,0.0,0.0,3040.0,3840.0,0.0,3080.0,4000.0,0.0,0.0,5240.0,3160.0,3040.0,4000.0,0.0,0.0,0.0,0.0,0.0,0.0,88320.0,88280.0,0.0,285679.0,4000.0,0.0,0.0,12160.0,90200.0,195680.0,4000.0,0.0,0.0,0.0,0.0,0.0,0.0
2026-03-24T06:00:00+01:00,0.0,9640.0,0.0,10480.0,0.0,0.0,0.0,3720.0,10360.0,10200.0,4000.0,0.0,0.0,0.0,0.0,4960.0,0.0,0.0,3920.0,0.0,3120.0,0.0,0.0,0.0,3720.0,3240.0,3280.0,3360.0,0.0,0.0,0.0,0.0,3600.0,0.0,0.0,20000.0,0.0,169559.0,0.0,0.0,0.0,3720.0,360639.0,140159.0,18720.0,0.0,0.0,0.0,0.0,12840.0,0.0
2026-03-24T07:00:00+01:00,0.0,8880.0,3320.0,10240.0,0.0,0.0,0.0,6400.0,10000.0,10400.0,8600.0,0.0,0.0,0.0,0.0,7760.0,0.0,0.0,3160.0,3320.0,3200.0,0.0,0.0,0.0,4400.0,3120.0,3320.0,3800.0,0.0,0.0,0.0,0.0,3680.0,0.0,0.0,73880.0,3320.0,192120.0,0.0,0.0,0.0,21920.0,260840.0,416679.0,12400.0,0.0,0.0,0.0,0.0,41400.0,0.0
2026-03-24T08:00:00+01:00,3760.0,5120.0,0.0,10080.0,0.0,0.0,0.0,9280.0,10400.0,10440.0,9720.0,5880.0,0.0,0.0,0.0,10000.0,0.0,3760.0,3960.0,0.0,3720.0,0.0,0.0,0.0,4000.0,3120.0,3040.0,4000.0,5880.0,0.0,0.0,0.0,3360.0,0.0,3760.0,13720.0,0.0,200160.0,0.0,0.0,0.0,48080.0,274719.0,335159.0,25440.0,5880.0,0.0,0.0,0.0,96360.0,0.0
2026-03-24T09:00:00+01:00,0.0,5920.0,0.0,10040.0,6800.0,0.0,0.0,5160.0,10040.0,10280.0,8320.0,0.0,0.0,0.0,0.0,8360.0,0.0,0.0,3920.0,0.0,3280.0,3240.0,0.0,0.0,5160.0,3040.0,3120.0,6000.0,0.0,0.0,0.0,0.0,4120.0,0.0,0.0,15040.0,0.0,152879.0,30640.0,0.0,0.0,5160.0,367315.0,370758.0,14320.0,0.0,0.0,0.0,0.0,48160.0,0.0
2026-03-24T10:00:00+01:00,3120.0,6560.0,0.0,10320.0,10240.0,0.0,0.0,9680.0,10440.0,10360.0,9840.0,0.0,0.0,0.0,0.0,9840.0,0.0,3120.0,3240.0,0.0,3040.0,3120.0,0.0,0.0,4440.0,3040.0,3040.0,3160.0,0.0,0.0,0.0,0.0,4680.0,0.0,3120.0,36520.0,0.0,427520.0,68760.0,0.0,0.0,25920.0,1436119.0,1253355.0,35000.0,0.0,0.0,0.0,0.0,37000.0,0.0
2026-03-24T11:00:00+01:00,5960.0,10480.0,6000.0,9640.0,0.0,0.0,0.0,0.0,10440.0,10440.0,10360.0,0.0,0.0,0.0,0.0,9720.0,0.0,3960.0,3040.0,6000.0,3120.0,0.0,0.0,0.0,0.0,3040.0,3080.0,4000.0,0.0,0.0,0.0,0.0,3160.0,0.0,9920.0,86319.0,6000.0,327640.0,0.0,0.0,0.0,0.0,1257879.0,1318358.0,70319.0,0.0,0.0,0.0,0.0,76560.0,0.0
2026-03-24T12:00:00+01:00,0.0,9280.0,0.0,6240.0,0.0,0.0,0.0,0.0,10360.0,8080.0,0.0,0.0,0.0,0.0,0.0,0.0,0.0,0.0,9280.0,0.0,3880.0,0.0,0.0,0.0,0.0,3360.0,3200.0,0.0,0.0,0.0,0.0,0.0,0.0,0.0,0.0,9280.0,0.0,24760.0,0.0,0.0,0.0,0.0,203960.0,38160.0,0.0,0.0,0.0,0.0,0.0,0.0,0.0
2026-03-24T13:00:00+01:00,5840.0,8960.0,0.0,10280.0,0.0,0.0,0.0,9240.0,10040.0,10480.0,0.0,0.0,0.0,0.0,0.0,9920.0,7520.0,5840.0,3120.0,0.0,3120.0,0.0,0.0,0.0,3240.0,3040.0,3040.0,0.0,0.0,0.0,0.0,0.0,3720.0,3640.0,5840.0,49160.0,0.0,217840.0,0.0,0.0,0.0,69078.0,1594035.0,847918.0,0.0,0.0,0.0,0.0,0.0,36000.0,17080.0
2026-03-24T14:00:00+01:00,4600.0,6440.0,0.0,10000.0,7880.0,0.0,0.0,0.0,10360.0,10440.0,10240.0,3560.0,0.0,0.0,0.0,7000.0,0.0,4600.0,4680.0,0.0,3120.0,3320.0,0.0,0.0,0.0,3080.0,3120.0,3240.0,3160.0,0.0,0.0,0.0,5240.0,0.0,4600.0,20960.0,0.0,231640.0,46200.0,0.0,0.0,0.0,834475.0,611040.0,52920.0,6720.0,0.0,0.0,0.0,25480.0,0.0
2026-03-24T15:00:00+01:00,0.0,8440.0,0.0,10040.0,10040.0,0.0,0.0,0.0,10440.0,10280.0,6800.0,3760.0,0.0,0.0,0.0,5640.0,0.0,0.0,3080.0,0.0,3160.0,3360.0,0.0,0.0,0.0,3280.0,3040.0,6000.0,3760.0,0.0,0.0,0.0,4760.0,0.0,0.0,74560.0,0.0,184760.0,58480.0,0.0,0.0,0.0,364760.0,444840.0,12800.0,3760.0,0.0,0.0,0.0,10400.0,0.0
2026-03-24T16:00:00+01:00,0.0,6440.0,0.0,10040.0,6440.0,0.0,0.0,5840.0,10000.0,10360.0,10000.0,10400.0,0.0,0.0,0.0,0.0,0.0,0.0,3160.0,0.0,3040.0,4000.0,0.0,0.0,3520.0,3040.0,3040.0,3040.0,3040.0,0.0,0.0,0.0,0.0,0.0,0.0,18880.0,0.0,590197.0,14440.0,0.0,0.0,9360.0,1123078.0,1012120.0,420718.0,314119.0,0.0,0.0,0.0,0.0,0.0
2026-03-24T17:00:00+01:00,5160.0,8720.0,0.0,10040.0,4800.0,0.0,0.0,0.0,10440.0,10360.0,9960.0,6000.0,0.0,0.0,0.0,5080.0,0.0,4440.0,3200.0,0.0,3040.0,3200.0,0.0,0.0,0.0,3120.0,3040.0,3680.0,3200.0,0.0,0.0,0.0,5080.0,0.0,9600.0,17080.0,0.0,713597.0,12000.0,0.0,0.0,0.0,1262957.0,1549875.0,202320.0,52880.0,0.0,0.0,0.0,5080.0,0.0
2026-03-24T18:00:00+01:00,6000.0,8440.0,0.0,10040.0,3960.0,0.0,0.0,0.0,10080.0,10440.0,10000.0,5880.0,0.0,0.0,0.0,0.0,0.0,3160.0,3800.0,0.0,3040.0,3960.0,0.0,0.0,0.0,3040.0,3040.0,3040.0,5880.0,0.0,0.0,0.0,0.0,0.0,20240.0,28440.0,0.0,780919.0,3960.0,0.0,0.0,0.0,1330673.0,1112278.0,36720.0,5880.0,0.0,0.0,0.0,0.0,0.0
2026-03-24T19:00:00+01:00,10040.0,10000.0,0.0,10040.0,0.0,0.0,0.0,0.0,10000.0,10200.0,8720.0,0.0,0.0,0.0,0.0,0.0,0.0,3200.0,3120.0,0.0,3040.0,0.0,0.0,0.0,0.0,3080.0,3040.0,5080.0,0.0,0.0,0.0,0.0,0.0,0.0,115520.0,310877.0,0.0,620116.0,0.0,0.0,0.0,0.0,232199.0,365919.0,42840.0,0.0,0.0,0.0,0.0,0.0,0.0
2026-03-24T20:00:00+01:00,10040.0,10000.0,0.0,10160.0,4240.0,0.0,0.0,0.0,3160.0,10360.0,0.0,0.0,0.0,0.0,0.0,3760.0,0.0,3120.0,3080.0,0.0,3160.0,4240.0,0.0,0.0,0.0,3160.0,3040.0,0.0,0.0,0.0,0.0,0.0,3760.0,0.0,129240.0,229680.0,0.0,189400.0,4240.0,0.0,0.0,0.0,3160.0,345600.0,0.0,0.0,0.0,0.0,0.0,3760.0,0.0
2026-03-24T21:00:00+01:00,7200.0,10000.0,0.0,9520.0,0.0,0.0,0.0,0.0,9320.0,10120.0,0.0,0.0,0.0,0.0,0.0,10000.0,0.0,3160.0,3080.0,0.0,3040.0,0.0,0.0,0.0,0.0,3040.0,3040.0,0.0,0.0,0.0,0.0,0.0,3080.0,0.0,54760.0,276240.0,0.0,310400.0,0.0,0.0,0.0,0.0,109480.0,254560.0,0.0,0.0,0.0,0.0,0.0,13080.0,0.0
2026-03-24T22:00:00+01:00,9360.0,10000.0,4520.0,9240.0,0.0,0.0,0.0,0.0,3960.0,10120.0,0.0,0.0,0.0,0.0,0.0,0.0,0.0,3040.0,3080.0,4520.0,3040.0,0.0,0.0,0.0,0.0,3960.0,3040.0,0.0,0.0,0.0,0.0,0.0,0.0,0.0,149640.0,143478.0,4520.0,70000.0,0.0,0.0,0.0,0.0,3960.0,665037.0,0.0,0.0,0.0,0.0,0.0,0.0,0.0
2026-03-24T23:00:00+01:00,10000.0,8000.0,0.0,0.0,0.0,0.0,0.0,0.0,0.0,10400.0,0.0,0.0,0.0,0.0,0.0,0.0,0.0,3040.0,3280.0,0.0,0.0,0.0,0.0,0.0,0.0,0.0,3120.0,0.0,0.0,0.0,0.0,0.0,0.0,0.0,354360.0,52320.0,0.0,0.0,0.0,0.0,0.0,0.0,0.0,438879.0,0.0,0.0,0.0,0.0,0.0,0.0,0.0
2026-03-25T00:00:00+01:00,10040.0,5880.0,0.0,0.0,0.0,0.0,0.0,0.0,0.0,10040.0,4320.0,0.0,0.0,0.0,0.0,0.0,0.0,3200.0,3080.0,0.0,0.0,0.0,0.0,0.0,0.0,0.0,3120.0,4000.0,0.0,0.0,0.0,0.0,0.0,0.0,313720.0,36400.0,0.0,0.0,0.0,0.0,0.0,0.0,0.0,344960.0,8320.0,0.0,0.0,0.0,0.0,0.0,0.0
2026-03-25T01:00:00+01:00,9040.0,6640.0,0.0,5320.0,0.0,0.0,0.0,0.0,0.0,10440.0,3960.0,0.0,0.0,0.0,0.0,0.0,0.0,3040.0,3120.0,0.0,5320.0,0.0,0.0,0.0,0.0,0.0,3160.0,3600.0,0.0,0.0,0.0,0.0,0.0,0.0,138960.0,47880.0,0.0,10640.0,0.0,0.0,0.0,0.0,0.0,276040.0,7560.0,0.0,0.0,0.0,0.0,0.0,0.0
2026-03-25T02:00:00+01:00,5440.0,6720.0,0.0,10000.0,0.0,0.0,0.0,0.0,6000.0,9680.0,3800.0,4320.0,0.0,0.0,0.0,0.0,0.0,3080.0,3040.0,0.0,3040.0,0.0,0.0,0.0,0.0,4960.0,3240.0,3800.0,3880.0,0.0,0.0,0.0,0.0,0.0,33640.0,104800.0,0.0,77280.0,0.0,0.0,0.0,0.0,10960.0,111640.0,3800.0,8200.0,0.0,0.0,0.0,0.0,0.0
2026-03-25T03:00:00+01:00,8440.0,4880.0,0.0,10440.0,0.0,0.0,0.0,0.0,0.0,8280.0,0.0,0.0,0.0,0.0,0.0,0.0,0.0,3040.0,3080.0,0.0,3240.0,0.0,0.0,0.0,0.0,0.0,3040.0,0.0,0.0,0.0,0.0,0.0,0.0,0.0,80320.0,36320.0,0.0,69600.0,0.0,0.0,0.0,0.0,0.0,76960.0,0.0,0.0,0.0,0.0,0.0,0.0,0.0
2026-03-25T04:00:00+01:00,6200.0,6040.0,0.0,5920.0,0.0,0.0,0.0,0.0,0.0,9280.0,0.0,0.0,0.0,0.0,0.0,0.0,0.0,3160.0,3120.0,0.0,3160.0,0.0,0.0,0.0,0.0,0.0,3240.0,0.0,0.0,0.0,0.0,0.0,0.0,0.0,70280.0,65040.0,0.0,31640.0,0.0,0.0,0.0,0.0,0.0,31440.0,0.0,0.0,0.0,0.0,0.0,0.0,0.0
2026-03-25T05:00:00+01:00,6000.0,10000.0,0.0,10000.0,0.0,0.0,0.0,10240.0,10000.0,9920.0,0.0,0.0,0.0,0.0,0.0,0.0,0.0,3160.0,3320.0,0.0,3040.0,0.0,0.0,0.0,10240.0,3120.0,3040.0,0.0,0.0,0.0,0.0,0.0,0.0,0.0,36920.0,168160.0,0.0,368920.0,0.0,0.0,0.0,10240.0,315039.0,166200.0,0.0,0.0,0.0,0.0,0.0,0.0,0.0
2026-03-25T06:00:00+01:00,10000.0,10160.0,0.0,10000.0,8000.0,0.0,0.0,8520.0,10000.0,10040.0,0.0,0.0,0.0,0.0,0.0,9920.0,0.0,3280.0,8800.0,0.0,3080.0,3720.0,0.0,0.0,5400.0,3040.0,3120.0,0.0,0.0,0.0,0.0,0.0,3960.0,0.0,28320.0,28120.0,0.0,666478.0,94400.0,0.0,0.0,13920.0,832553.0,172960.0,0.0,0.0,0.0,0.0,0.0,50240.0,0.0
2026-03-25T07:00:00+01:00,8160.0,9040.0,0.0,10040.0,9800.0,0.0,0.0,5160.0,10000.0,10080.0,9240.0,3440.0,0.0,0.0,0.0,9680.0,0.0,3880.0,3120.0,0.0,3080.0,3240.0,0.0,0.0,4000.0,3120.0,3400.0,3400.0,3440.0,0.0,0.0,0.0,4000.0,0.0,27520.0,58440.0,0.0,281240.0,162520.0,0.0,0.0,9160.0,604440.0,277120.0,26440.0,3440.0,0.0,0.0,0.0,106040.0,0.0
2026-03-25T08:00:00+01:00,3760.0,6720.0,0.0,10000.0,10280.0,0.0,0.0,8039.0,10360.0,10320.0,0.0,0.0,0.0,0.0,0.0,7800.0,6520.0,3760.0,3600.0,0.0,3040.0,3080.0,0.0,0.0,3720.0,3080.0,3040.0,0.0,0.0,0.0,0.0,0.0,4760.0,6520.0,3760.0,35040.0,0.0,161880.0,139560.0,0.0,0.0,22479.0,541920.0,330918.0,0.0,0.0,0.0,0.0,0.0,29840.0,6520.0
2026-03-25T09:00:00+01:00,10240.0,8480.0,0.0,10400.0,10000.0,0.0,0.0,8800.0,10040.0,10400.0,8600.0,0.0,0.0,0.0,0.0,9680.0,0.0,3640.0,6040.0,0.0,3280.0,3120.0,0.0,0.0,3640.0,3040.0,3040.0,8600.0,0.0,0.0,0.0,0.0,4560.0,0.0,18920.0,38199.0,0.0,369680.0,162400.0,0.0,0.0,34880.0,1995112.0,507038.0,8600.0,0.0,0.0,0.0,0.0,49080.0,0.0
2026-03-25T10:00:00+01:00,6680.0,6120.0,0.0,10000.0,3600.0,0.0,0.0,4840.0,10360.0,10320.0,10200.0,0.0,0.0,0.0,0.0,10080.0,0.0,3720.0,6120.0,0.0,3040.0,3600.0,0.0,0.0,3880.0,3040.0,3080.0,10200.0,0.0,0.0,0.0,0.0,4840.0,0.0,10400.0,6120.0,0.0,651478.0,3600.0,0.0,0.0,22520.0,1673634.0,721959.0,10200.0,0.0,0.0,0.0,0.0,48040.0,0.0
2026-03-25T11:00:00+01:00,3960.0,10000.0,0.0,10080.0,7480.0,0.0,5680.0,6040.0,10360.0,10400.0,0.0,0.0,0.0,0.0,0.0,7200.0,0.0,3040.0,3320.0,0.0,3040.0,3160.0,0.0,5680.0,4000.0,3040.0,3040.0,0.0,0.0,0.0,0.0,0.0,4800.0,0.0,10040.0,47440.0,0.0,547200.0,70560.0,0.0,5680.0,26480.0,945559.0,1045919.0,0.0,0.0,0.0,0.0,0.0,12000.0,0.0
2026-03-25T12:00:00+01:00,9440.0,5560.0,0.0,10280.0,5040.0,0.0,0.0,8720.0,10000.0,10320.0,9640.0,0.0,0.0,0.0,0.0,6160.0,0.0,3320.0,3920.0,0.0,3200.0,3920.0,0.0,0.0,3040.0,3160.0,3080.0,3360.0,0.0,0.0,0.0,0.0,5560.0,0.0,75360.0,9480.0,0.0,418358.0,13160.0,0.0,0.0,64000.0,592918.0,1557235.0,13000.0,0.0,0.0,0.0,0.0,11720.0,0.0
2026-03-25T13:00:00+01:00,8280.0,8600.0,0.0,10080.0,0.0,0.0,0.0,10040.0,10000.0,10320.0,9400.0,0.0,0.0,0.0,0.0,9760.0,0.0,3160.0,3440.0,0.0,3160.0,0.0,0.0,0.0,3080.0,3120.0,3080.0,3160.0,0.0,0.0,0.0,0.0,3080.0,0.0,20840.0,22240.0,0.0,350120.0,0.0,0.0,0.0,148480.0,455559.0,957678.0,19880.0,0.0,0.0,0.0,0.0,46960.0,0.0
2026-03-25T14:00:00+01:00,9880.0,7760.0,0.0,10320.0,0.0,0.0,0.0,10000.0,9960.0,10400.0,9920.0,3840.0,0.0,0.0,0.0,6320.0,0.0,3040.0,3280.0,0.0,3120.0,0.0,0.0,0.0,3200.0,3120.0,3040.0,4160.0,3840.0,0.0,0.0,0.0,3680.0,0.0,57680.0,46560.0,0.0,619440.0,0.0,0.0,0.0,188640.0,119120.0,587239.0,33200.0,3840.0,0.0,0.0,0.0,21080.0,0.0
2026-03-25T15:00:00+01:00,3960.0,9360.0,6280.0,10360.0,0.0,0.0,0.0,10080.0,6000.0,10400.0,9800.0,0.0,0.0,0.0,0.0,9760.0,0.0,3960.0,3080.0,6280.0,3040.0,0.0,0.0,0.0,3200.0,3520.0,3040.0,9360.0,0.0,0.0,0.0,0.0,3200.0,0.0,3960.0,74760.0,6280.0,1428280.0,0.0,0.0,0.0,389760.0,22440.0,1743878.0,19160.0,0.0,0.0,0.0,0.0,20280.0,0.0
2026-03-25T16:00:00+01:00,3280.0,9640.0,7600.0,10240.0,9480.0,0.0,0.0,10000.0,10000.0,10200.0,9240.0,0.0,0.0,0.0,0.0,7440.0,0.0,3280.0,3120.0,7600.0,3040.0,9480.0,0.0,0.0,3040.0,3040.0,3120.0,7800.0,0.0,0.0,0.0,0.0,3200.0,0.0,3280.0,101760.0,7600.0,979199.0,9480.0,0.0,0.0,194599.0,124400.0,1077280.0,17040.0,0.0,0.0,0.0,0.0,32960.0,0.0
2026-03-25T17:00:00+01:00,3920.0,9280.0,0.0,10320.0,5960.0,0.0,0.0,0.0,10240.0,10200.0,9960.0,0.0,0.0,0.0,0.0,8920.0,0.0,3920.0,3400.0,0.0,3080.0,5960.0,0.0,0.0,0.0,3360.0,3040.0,4040.0,0.0,0.0,0.0,0.0,3480.0,0.0,3920.0,84800.0,0.0,767880.0,5960.0,0.0,0.0,0.0,138000.0,671238.0,32119.0,0.0,0.0,0.0,0.0,32319.0,0.0
2026-03-25T18:00:00+01:00,8360.0,10160.0,0.0,10040.0,6040.0,0.0,0.0,0.0,4000.0,10320.0,8000.0,0.0,0.0,0.0,0.0,0.0,0.0,6040.0,3040.0,0.0,3040.0,3760.0,0.0,0.0,0.0,4000.0,3040.0,3080.0,0.0,0.0,0.0,0.0,0.0,0.0,21440.0,54560.0,0.0,554639.0,9800.0,0.0,0.0,0.0,4000.0,426120.0,108480.0,0.0,0.0,0.0,0.0,0.0,0.0
2026-03-25T19:00:00+01:00,8600.0,8800.0,5000.0,8480.0,0.0,0.0,0.0,4480.0,5160.0,10160.0,7520.0,3160.0,0.0,0.0,0.0,8440.0,0.0,3320.0,3080.0,4360.0,3480.0,0.0,0.0,0.0,4480.0,3720.0,3280.0,5120.0,3160.0,0.0,0.0,0.0,7960.0,0.0,93840.0,33880.0,9360.0,197400.0,0.0,0.0,0.0,4480.0,16760.0,317000.0,12640.0,3160.0,0.0,0.0,0.0,16400.0,0.0
2026-03-25T20:00:00+01:00,7760.0,9120.0,0.0,10280.0,0.0,0.0,0.0,0.0,0.0,10280.0,0.0,0.0,0.0,0.0,0.0,9000.0,0.0,3040.0,4600.0,0.0,3040.0,0.0,0.0,0.0,0.0,0.0,3040.0,0.0,0.0,0.0,0.0,0.0,9000.0,0.0,119680.0,25800.0,0.0,671920.0,0.0,0.0,0.0,0.0,0.0,715040.0,0.0,0.0,0.0,0.0,0.0,9000.0,0.0
2026-03-25T21:00:00+01:00,8400.0,9640.0,0.0,10120.0,0.0,0.0,0.0,0.0,0.0,10280.0,0.0,0.0,0.0,0.0,0.0,6280.0,0.0,3240.0,4000.0,0.0,3040.0,0.0,0.0,0.0,0.0,0.0,3040.0,0.0,0.0,0.0,0.0,0.0,6280.0,0.0,195599.0,42920.0,0.0,809279.0,0.0,0.0,0.0,0.0,0.0,639120.0,0.0,0.0,0.0,0.0,0.0,6280.0,0.0
2026-03-25T22:00:00+01:00,5800.0,0.0,0.0,10080.0,0.0,0.0,0.0,0.0,0.0,10000.0,0.0,0.0,0.0,0.0,0.0,0.0,0.0,3680.0,0.0,0.0,3040.0,0.0,0.0,0.0,0.0,0.0,3040.0,0.0,0.0,0.0,0.0,0.0,0.0,0.0,9480.0,0.0,0.0,524113.0,0.0,0.0,0.0,0.0,0.0,407118.0,0.0,0.0,0.0,0.0,0.0,0.0,0.0
2026-03-25T23:00:00+01:00,9040.0,0.0,0.0,10040.0,0.0,0.0,0.0,0.0,0.0,8440.0,0.0,0.0,0.0,0.0,0.0,0.0,0.0,3160.0,0.0,0.0,3120.0,0.0,0.0,0.0,0.0,0.0,3040.0,0.0,0.0,0.0,0.0,0.0,0.0,0.0,119680.0,0.0,0.0,298919.0,0.0,0.0,0.0,0.0,0.0,295357.0,0.0,0.0,0.0,0.0,0.0,0.0,0.0
2026-03-26T00:00:00+01:00,10000.0,4840.0,0.0,10320.0,0.0,0.0,0.0,0.0,0.0,10000.0,0.0,0.0,0.0,0.0,0.0,0.0,0.0,3160.0,4840.0,0.0,3320.0,0.0,0.0,0.0,0.0,0.0,3120.0,0.0,0.0,0.0,0.0,0.0,0.0,0.0,248160.0,4840.0,0.0,216719.0,0.0,0.0,0.0,0.0,0.0,258279.0,0.0,0.0,0.0,0.0,0.0,0.0,0.0
2026-03-26T01:00:00+01:00,10000.0,3400.0,0.0,10040.0,0.0,0.0,0.0,0.0,0.0,10120.0,0.0,0.0,0.0,0.0,0.0,0.0,0.0,3120.0,3400.0,0.0,3120.0,0.0,0.0,0.0,0.0,0.0,3280.0,0.0,0.0,0.0,0.0,0.0,0.0,0.0,181040.0,3400.0,0.0,621638.0,0.0,0.0,0.0,0.0,0.0,157520.0,0.0,0.0,0.0,0.0,0.0,0.0,0.0
2026-03-26T02:00:00+01:00,5880.0,0.0,0.0,10280.0,0.0,0.0,0.0,0.0,7040.0,10320.0,0.0,0.0,0.0,0.0,0.0,0.0,0.0,3560.0,0.0,0.0,3200.0,0.0,0.0,0.0,0.0,7040.0,3280.0,0.0,0.0,0.0,0.0,0.0,0.0,0.0,36360.0,0.0,0.0,726040.0,0.0,0.0,0.0,0.0,7040.0,83400.0,0.0,0.0,0.0,0.0,0.0,0.0,0.0
2026-03-26T03:00:00+01:00,8520.0,5760.0,0.0,10240.0,0.0,0.0,0.0,0.0,0.0,7560.0,0.0,0.0,0.0,0.0,0.0,0.0,0.0,3040.0,5760.0,0.0,3040.0,0.0,0.0,0.0,0.0,0.0,3120.0,0.0,0.0,0.0,0.0,0.0,0.0,0.0,101200.0,5760.0,0.0,694880.0,0.0,0.0,0.0,0.0,0.0,74920.0,0.0,0.0,0.0,0.0,0.0,0.0,0.0
2026-03-26T04:00:00+01:00,6040.0,3760.0,0.0,10000.0,0.0,0.0,0.0,0.0,0.0,8600.0,0.0,0.0,0.0,0.0,0.0,0.0,0.0,3080.0,3360.0,0.0,3040.0,0.0,0.0,0.0,0.0,0.0,3440.0,0.0,0.0,0.0,0.0,0.0,0.0,0.0,82480.0,7120.0,0.0,354399.0,0.0,0.0,0.0,0.0,0.0,128960.0,0.0,0.0,0.0,0.0,0.0,0.0,0.0
2026-03-26T05:00:00+01:00,9080.0,0.0,0.0,10240.0,0.0,0.0,0.0,0.0,9200.0,6120.0,0.0,0.0,0.0,0.0,0.0,10040.0,0.0,3200.0,0.0,0.0,3040.0,0.0,0.0,0.0,0.0,3160.0,3160.0,0.0,0.0,0.0,0.0,0.0,3840.0,0.0,65800.0,0.0,0.0,268039.0,0.0,0.0,0.0,0.0,166078.0,89440.0,0.0,0.0,0.0,0.0,0.0,66280.0,0.0
2026-03-26T06:00:00+01:00,8200.0,7200.0,0.0,10240.0,10000.0,0.0,0.0,9000.0,9600.0,10280.0,0.0,3760.0,0.0,0.0,0.0,9920.0,0.0,4520.0,3640.0,0.0,3040.0,3120.0,0.0,0.0,4800.0,3600.0,3040.0,0.0,3760.0,0.0,0.0,0.0,3040.0,0.0,18760.0,76400.0,0.0,368640.0,331600.0,0.0,0.0,41720.0,93600.0,401078.0,0.0,3760.0,0.0,0.0,0.0,62400.0,0.0
2026-03-26T07:00:00+01:00,7840.0,10120.0,0.0,10200.0,10040.0,0.0,0.0,9760.0,0.0,10240.0,9600.0,0.0,0.0,0.0,0.0,10240.0,0.0,3320.0,3080.0,0.0,3040.0,3080.0,0.0,0.0,3080.0,0.0,3040.0,4840.0,0.0,0.0,0.0,0.0,3200.0,0.0,15160.0,246839.0,0.0,145719.0,392759.0,0.0,0.0,33240.0,0.0,603560.0,14440.0,0.0,0.0,0.0,0.0,380116.0,0.0
2026-03-26T08:00:00+01:00,3880.0,6960.0,0.0,10360.0,10000.0,0.0,0.0,9400.0,0.0,10040.0,8080.0,0.0,0.0,0.0,0.0,9720.0,5600.0,3400.0,3160.0,0.0,3080.0,3160.0,0.0,0.0,9400.0,0.0,3040.0,4640.0,0.0,0.0,0.0,0.0,3160.0,3880.0,7280.0,74640.0,0.0,381279.0,202960.0,0.0,0.0,9400.0,0.0,662157.0,36880.0,0.0,0.0,0.0,0.0,251040.0,9480.0
2026-03-26T09:00:00+01:00,9760.0,8880.0,0.0,10200.0,8000.0,0.0,0.0,7200.0,9960.0,10320.0,9920.0,4000.0,0.0,0.0,0.0,10000.0,8680.0,3240.0,3080.0,0.0,3080.0,3320.0,0.0,0.0,7200.0,4000.0,3080.0,3280.0,4000.0,0.0,0.0,0.0,4000.0,8680.0,36080.0,83680.0,0.0,301760.0,30960.0,0.0,0.0,7200.0,126360.0,576439.0,38880.0,4000.0,0.0,0.0,0.0,129039.0,8680.0
2026-03-26T10:00:00+01:00,8960.0,10240.0,0.0,10000.0,5400.0,0.0,0.0,10040.0,10120.0,10280.0,7360.0,7200.0,0.0,0.0,0.0,9520.0,0.0,5920.0,4640.0,0.0,3040.0,3920.0,0.0,0.0,3400.0,3080.0,3040.0,7360.0,7200.0,0.0,0.0,0.0,3120.0,0.0,21920.0,90560.0,0.0,813237.0,18320.0,0.0,0.0,129220.0,157319.0,931960.0,7360.0,7200.0,0.0,0.0,0.0,123439.0,0.0
2026-03-26T11:00:00+01:00,6800.0,10120.0,4160.0,10160.0,0.0,0.0,0.0,10280.0,8880.0,10360.0,10200.0,5640.0,0.0,5280.0,0.0,7520.0,7280.0,3440.0,4200.0,4160.0,3040.0,0.0,0.0,0.0,3080.0,3040.0,3040.0,3120.0,5640.0,0.0,3120.0,0.0,4000.0,7280.0,16200.0,67960.0,4160.0,1445319.0,0.0,0.0,0.0,260880.0,202600.0,1622158.0,32440.0,5640.0,0.0,15840.0,0.0,41880.0,7280.0
2026-03-26T12:00:00+01:00,5400.0,9560.0,0.0,10120.0,4200.0,0.0,0.0,10040.0,10000.0,10240.0,10120.0,10000.0,0.0,0.0,0.0,8680.0,0.0,5400.0,3840.0,0.0,3120.0,4200.0,0.0,0.0,3040.0,3040.0,3040.0,3240.0,4240.0,0.0,0.0,0.0,4000.0,0.0,5400.0,67360.0,0.0,988715.0,4200.0,0.0,0.0,234477.0,388720.0,1583518.0,85560.0,25640.0,0.0,0.0,0.0,41520.0,0.0
2026-03-26T13:00:00+01:00,6400.0,5720.0,0.0,9960.0,3040.0,0.0,0.0,10000.0,10000.0,10240.0,9440.0,0.0,0.0,0.0,0.0,7640.0,0.0,3640.0,4360.0,0.0,3040.0,3040.0,0.0,0.0,3040.0,3240.0,3040.0,3040.0,0.0,0.0,0.0,0.0,4560.0,0.0,10040.0,20360.0,0.0,664478.0,3040.0,0.0,0.0,204520.0,225520.0,1057157.0,73800.0,0.0,0.0,0.0,0.0,12200.0,0.0
2026-03-26T14:00:00+01:00,6160.0,9040.0,0.0,10200.0,6400.0,0.0,0.0,10000.0,10000.0,10280.0,10120.0,0.0,0.0,0.0,0.0,5320.0,0.0,3840.0,4120.0,0.0,3200.0,6400.0,0.0,0.0,3400.0,3080.0,3160.0,4040.0,0.0,0.0,0.0,0.0,5320.0,0.0,14280.0,70960.0,0.0,424800.0,6400.0,0.0,0.0,165160.0,329680.0,687278.0,44000.0,0.0,0.0,0.0,0.0,5320.0,0.0
2026-03-26T15:00:00+01:00,7800.0,6520.0,0.0,10120.0,0.0,0.0,0.0,10040.0,7960.0,10320.0,10160.0,3920.0,0.0,0.0,0.0,8640.0,7520.0,5760.0,3040.0,0.0,3040.0,0.0,0.0,0.0,3040.0,3240.0,3040.0,3320.0,3920.0,0.0,0.0,0.0,6400.0,7520.0,19520.0,49280.0,0.0,203678.0,0.0,0.0,0.0,232639.0,49200.0,332680.0,98720.0,3920.0,0.0,0.0,0.0,43400.0,7520.0
2026-03-26T16:00:00+01:00,7320.0,9640.0,0.0,10080.0,4720.0,0.0,0.0,9920.0,10200.0,10240.0,9920.0,0.0,0.0,0.0,0.0,8720.0,0.0,3240.0,3120.0,0.0,3080.0,3040.0,0.0,0.0,3080.0,3120.0,3040.0,3200.0,0.0,0.0,0.0,0.0,8039.0,0.0,29680.0,84680.0,0.0,1569037.0,7760.0,0.0,0.0,398840.0,249440.0,1364518.0,70080.0,0.0,0.0,0.0,0.0,16759.0,0.0
2026-03-26T17:00:00+01:00,10040.0,8680.0,0.0,10040.0,0.0,0.0,0.0,10040.0,10040.0,10120.0,9400.0,0.0,0.0,0.0,0.0,4800.0,0.0,3240.0,4160.0,0.0,3040.0,0.0,0.0,0.0,3440.0,3240.0,3040.0,3280.0,0.0,0.0,0.0,0.0,4800.0,0.0,13280.0,52760.0,0.0,1251837.0,0.0,0.0,0.0,192877.0,116280.0,983478.0,40440.0,0.0,0.0,0.0,0.0,4800.0,0.0
2026-03-26T18:00:00+01:00,5160.0,7840.0,0.0,10280.0,0.0,0.0,0.0,0.0,10000.0,10160.0,4760.0,0.0,0.0,0.0,0.0,3720.0,0.0,5160.0,3120.0,0.0,3040.0,0.0,0.0,0.0,0.0,3440.0,3040.0,3360.0,0.0,0.0,0.0,0.0,3720.0,0.0,5160.0,81880.0,0.0,1256196.0,0.0,0.0,0.0,0.0,110240.0,1186198.0,15600.0,0.0,0.0,0.0,0.0,3720.0,0.0
2026-03-26T19:00:00+01:00,10120.0,7560.0,0.0,10040.0,0.0,0.0,0.0,0.0,3680.0,10280.0,0.0,0.0,0.0,0.0,0.0,7440.0,0.0,3120.0,3880.0,0.0,3040.0,0.0,0.0,0.0,0.0,3680.0,3040.0,0.0,0.0,0.0,0.0,0.0,7320.0,0.0,78400.0,44160.0,0.0,518320.0,0.0,0.0,0.0,0.0,3680.0,500560.0,0.0,0.0,0.0,0.0,0.0,14760.0,0.0
2026-03-26T20:00:00+01:00,8000.0,6840.0,0.0,10200.0,0.0,0.0,0.0,0.0,6880.0,10240.0,10000.0,0.0,0.0,0.0,0.0,0.0,0.0,3120.0,3160.0,0.0,3040.0,0.0,0.0,0.0,0.0,6880.0,3160.0,3520.0,0.0,0.0,0.0,0.0,0.0,0.0,165200.0,22640.0,0.0,526480.0,0.0,0.0,0.0,0.0,6880.0,419920.0,72520.0,0.0,0.0,0.0,0.0,0.0,0.0
2026-03-26T21:00:00+01:00,10000.0,8000.0,0.0,10160.0,0.0,0.0,0.0,0.0,8039.0,9680.0,7040.0,0.0,0.0,0.0,0.0,7440.0,0.0,3040.0,3040.0,0.0,3040.0,0.0,0.0,0.0,0.0,3640.0,3080.0,3680.0,0.0,0.0,0.0,0.0,7440.0,0.0,424399.0,35600.0,0.0,710679.0,0.0,0.0,0.0,0.0,11679.0,242840.0,10720.0,0.0,0.0,0.0,0.0,7440.0,0.0
2026-03-26T22:00:00+01:00,10080.0,9240.0,0.0,10000.0,0.0,0.0,0.0,0.0,8640.0,10280.0,0.0,5280.0,0.0,0.0,0.0,6840.0,0.0,3080.0,3520.0,0.0,3080.0,0.0,0.0,0.0,0.0,8640.0,3040.0,0.0,5280.0,0.0,0.0,0.0,6840.0,0.0,1569477.0,47200.0,0.0,598119.0,0.0,0.0,0.0,0.0,8640.0,672479.0,0.0,5280.0,0.0,0.0,0.0,6840.0,0.0
2026-03-26T23:00:00+01:00,10120.0,3080.0,0.0,9920.0,0.0,0.0,0.0,0.0,4360.0,8240.0,0.0,3600.0,0.0,0.0,0.0,0.0,0.0,3040.0,3080.0,0.0,3040.0,0.0,0.0,0.0,0.0,3160.0,3040.0,0.0,3600.0,0.0,0.0,0.0,0.0,0.0,1041193.0,3080.0,0.0,309439.0,0.0,0.0,0.0,0.0,7520.0,310878.0,0.0,3600.0,0.0,0.0,0.0,0.0,0.0
2026-03-27T00:00:00+01:00,10040.0,4800.0,0.0,10000.0,0.0,0.0,0.0,0.0,0.0,10040.0,0.0,0.0,0.0,0.0,0.0,0.0,0.0,3040.0,3640.0,0.0,3080.0,0.0,0.0,0.0,0.0,0.0,3040.0,0.0,0.0,0.0,0.0,0.0,0.0,0.0,611039.0,12840.0,0.0,418436.0,0.0,0.0,0.0,0.0,0.0,238760.0,0.0,0.0,0.0,0.0,0.0,0.0,0.0
2026-03-27T01:00:00+01:00,10000.0,4760.0,0.0,9600.0,0.0,0.0,0.0,0.0,4080.0,9040.0,0.0,0.0,0.0,0.0,0.0,0.0,0.0,3040.0,3120.0,0.0,3040.0,0.0,0.0,0.0,0.0,4080.0,3120.0,0.0,0.0,0.0,0.0,0.0,0.0,0.0,449199.0,22160.0,0.0,173000.0,0.0,0.0,0.0,0.0,4080.0,212400.0,0.0,0.0,0.0,0.0,0.0,0.0,0.0
2026-03-27T02:00:00+01:00,10000.0,10000.0,0.0,10000.0,0.0,0.0,0.0,0.0,0.0,9920.0,0.0,0.0,0.0,0.0,0.0,0.0,0.0,3160.0,3040.0,0.0,3040.0,0.0,0.0,0.0,0.0,0.0,3120.0,0.0,0.0,0.0,0.0,0.0,0.0,0.0,179040.0,177080.0,0.0,192320.0,0.0,0.0,0.0,0.0,0.0,226399.0,0.0,0.0,0.0,0.0,0.0,0.0,0.0
2026-03-27T03:00:00+01:00,6000.0,7440.0,0.0,10000.0,0.0,0.0,0.0,0.0,0.0,10040.0,0.0,0.0,0.0,0.0,0.0,4400.0,0.0,3120.0,3560.0,0.0,3040.0,0.0,0.0,0.0,0.0,0.0,3040.0,0.0,0.0,0.0,0.0,0.0,3160.0,0.0,90760.0,34400.0,0.0,616080.0,0.0,0.0,0.0,0.0,0.0,207559.0,0.0,0.0,0.0,0.0,0.0,14760.0,0.0
2026-03-27T04:00:00+01:00,10000.0,0.0,0.0,10000.0,0.0,0.0,0.0,0.0,0.0,7520.0,0.0,0.0,0.0,0.0,0.0,0.0,0.0,3040.0,0.0,0.0,3040.0,0.0,0.0,0.0,0.0,0.0,3040.0,0.0,0.0,0.0,0.0,0.0,0.0,0.0,125320.0,0.0,0.0,666040.0,0.0,0.0,0.0,0.0,0.0,49680.0,0.0,0.0,0.0,0.0,0.0,0.0,0.0
2026-03-27T05:00:00+01:00,10000.0,8480.0,0.0,9960.0,0.0,0.0,0.0,8440.0,3960.0,10200.0,8600.0,0.0,0.0,0.0,0.0,0.0,10040.0,3040.0,3280.0,0.0,3040.0,0.0,0.0,0.0,4480.0,3960.0,3120.0,3160.0,0.0,0.0,0.0,0.0,0.0,3080.0,52160.0,60119.0,0.0,336278.0,0.0,0.0,0.0,26160.0,3960.0,393280.0,48520.0,0.0,0.0,0.0,0.0,0.0,100680.0
2026-03-27T06:00:00+01:00,5400.0,10240.0,0.0,10040.0,10000.0,0.0,0.0,10240.0,6040.0,10000.0,0.0,0.0,0.0,8600.0,0.0,9920.0,0.0,5400.0,10240.0,0.0,3040.0,3240.0,0.0,0.0,4640.0,6040.0,3200.0,0.0,0.0,0.0,8600.0,0.0,3040.0,0.0,10800.0,10240.0,0.0,783920.0,82560.0,0.0,0.0,25200.0,6040.0,106960.0,0.0,0.0,0.0,8600.0,0.0,118160.0,0.0
2026-03-27T07:00:00+01:00,3360.0,6840.0,0.0,10200.0,6200.0,0.0,0.0,10200.0,7120.0,10200.0,9280.0,0.0,0.0,0.0,0.0,10040.0,3240.0,3200.0,3800.0,0.0,3080.0,3040.0,0.0,0.0,3280.0,3720.0,3200.0,6000.0,0.0,0.0,0.0,0.0,3280.0,3240.0,6560.0,24760.0,0.0,138080.0,52200.0,0.0,0.0,50400.0,28560.0,366760.0,30480.0,0.0,0.0,0.0,0.0,270239.0,3240.0
2026-03-27T08:00:00+01:00,3960.0,5760.0,0.0,10080.0,0.0,0.0,8039.0,9360.0,3960.0,10080.0,8320.0,0.0,0.0,0.0,0.0,9560.0,0.0,3960.0,3720.0,0.0,3040.0,0.0,0.0,8039.0,5160.0,3960.0,3160.0,4440.0,0.0,0.0,0.0,0.0,3120.0,0.0,3960.0,23560.0,0.0,204440.0,0.0,0.0,8039.0,19920.0,3960.0,289880.0,34840.0,0.0,0.0,0.0,0.0,116640.0,0.0
2026-03-27T09:00:00+01:00,9200.0,6640.0,0.0,10200.0,0.0,0.0,0.0,7160.0,10000.0,10160.0,5520.0,4480.0,0.0,0.0,0.0,9360.0,0.0,3360.0,3040.0,0.0,3120.0,0.0,0.0,0.0,5960.0,3040.0,3040.0,5520.0,4480.0,0.0,0.0,0.0,3240.0,0.0,83280.0,37200.0,0.0,1197758.0,0.0,0.0,0.0,13120.0,226400.0,1437557.0,5520.0,4480.0,0.0,0.0,0.0,45240.0,0.0
2026-03-27T10:00:00+01:00,6480.0,8240.0,0.0,10280.0,0.0,0.0,0.0,4360.0,10160.0,10280.0,7440.0,9280.0,0.0,0.0,0.0,10120.0,8119.0,3040.0,3480.0,0.0,3040.0,0.0,0.0,0.0,4360.0,3040.0,3040.0,3440.0,6480.0,0.0,0.0,0.0,5080.0,8119.0,12760.0,30040.0,0.0,1455998.0,0.0,0.0,0.0,4360.0,487359.0,2142677.0,19400.0,23160.0,0.0,0.0,0.0,57840.0,8119.0
2026-03-27T11:00:00+01:00,5960.0,7200.0,0.0,10240.0,0.0,0.0,0.0,5400.0,10280.0,10280.0,9560.0,0.0,0.0,0.0,0.0,9160.0,0.0,3240.0,3120.0,0.0,3040.0,0.0,0.0,0.0,4960.0,3040.0,3040.0,3040.0,0.0,0.0,0.0,0.0,4000.0,0.0,15000.0,37600.0,0.0,684080.0,0.0,0.0,0.0,10360.0,902480.0,2127316.0,38800.0,0.0,0.0,0.0,0.0,39240.0,0.0
2026-03-27T12:00:00+01:00,8000.0,10280.0,0.0,10040.0,8000.0,0.0,0.0,9960.0,10200.0,10240.0,8800.0,0.0,0.0,0.0,0.0,7600.0,0.0,3800.0,3840.0,0.0,3040.0,3400.0,0.0,0.0,3280.0,3040.0,3040.0,4000.0,0.0,0.0,0.0,0.0,3760.0,0.0,34360.0,41120.0,0.0,478478.0,14880.0,0.0,0.0,113719.0,872278.0,1488438.0,27120.0,0.0,0.0,0.0,0.0,38480.0,0.0
2026-03-27T13:00:00+01:00,9360.0,9960.0,0.0,10280.0,0.0,0.0,0.0,9520.0,10000.0,10280.0,10000.0,0.0,0.0,0.0,0.0,5760.0,0.0,3440.0,3040.0,0.0,3040.0,0.0,0.0,0.0,3200.0,3160.0,3040.0,3240.0,0.0,0.0,0.0,0.0,3960.0,0.0,53640.0,65600.0,0.0,455438.0,0.0,0.0,0.0,73120.0,74200.0,1004198.0,139440.0,0.0,0.0,0.0,0.0,13720.0,0.0
2026-03-27T14:00:00+01:00,10160.0,7120.0,0.0,10000.0,0.0,0.0,0.0,9320.0,8440.0,10160.0,8039.0,8360.0,0.0,0.0,0.0,4960.0,0.0,3120.0,3240.0,0.0,3040.0,0.0,0.0,0.0,3040.0,3720.0,3160.0,3280.0,4000.0,0.0,0.0,0.0,4320.0,0.0,50240.0,67360.0,0.0,250480.0,0.0,0.0,0.0,102560.0,57600.0,516400.0,88239.0,44639.0,0.0,0.0,0.0,9280.0,0.0
2026-03-27T15:00:00+01:00,10000.0,6400.0,0.0,10040.0,7920.0,0.0,0.0,10120.0,10000.0,10160.0,10040.0,4560.0,0.0,0.0,0.0,10080.0,0.0,3040.0,3120.0,0.0,3040.0,7920.0,0.0,0.0,3120.0,3040.0,3040.0,3720.0,3760.0,0.0,0.0,0.0,3320.0,0.0,181640.0,50560.0,0.0,1009079.0,7920.0,0.0,0.0,221360.0,394760.0,2682432.0,90920.0,12560.0,0.0,0.0,0.0,24680.0,0.0
2026-03-27T16:00:00+01:00,10040.0,7400.0,4720.0,10200.0,0.0,0.0,0.0,9840.0,10000.0,10240.0,8880.0,0.0,0.0,0.0,0.0,7800.0,0.0,3040.0,3240.0,4720.0,3040.0,0.0,0.0,0.0,3200.0,3160.0,3040.0,3240.0,0.0,0.0,0.0,0.0,5680.0,0.0,532879.0,66560.0,4720.0,1032199.0,0.0,0.0,0.0,224560.0,377080.0,1708638.0,53160.0,0.0,0.0,0.0,0.0,20000.0,0.0
2026-03-27T17:00:00+01:00,9440.0,8960.0,0.0,10160.0,0.0,0.0,0.0,8840.0,10160.0,10240.0,4440.0,3440.0,0.0,0.0,0.0,3560.0,0.0,3040.0,4200.0,0.0,3040.0,0.0,0.0,0.0,3040.0,3040.0,3040.0,3480.0,3440.0,0.0,0.0,0.0,3560.0,0.0,169520.0,64920.0,0.0,871799.0,0.0,0.0,0.0,62440.0,459318.0,1183637.0,31120.0,3440.0,0.0,0.0,0.0,3560.0,0.0
2026-03-27T18:00:00+01:00,4960.0,6800.0,0.0,10160.0,0.0,0.0,0.0,0.0,10000.0,10200.0,10000.0,0.0,0.0,0.0,0.0,0.0,0.0,3240.0,4600.0,0.0,3040.0,0.0,0.0,0.0,0.0,3080.0,3040.0,3080.0,0.0,0.0,0.0,0.0,0.0,0.0,16880.0,27640.0,0.0,842320.0,0.0,0.0,0.0,0.0,792359.0,725799.0,153480.0,0.0,0.0,0.0,0.0,0.0,0.0
2026-03-27T19:00:00+01:00,9800.0,9480.0,0.0,10080.0,0.0,0.0,0.0,0.0,6000.0,10200.0,8039.0,3760.0,0.0,0.0,0.0,6840.0,0.0,3040.0,3520.0,0.0,3200.0,0.0,0.0,0.0,0.0,3240.0,3040.0,3080.0,3760.0,0.0,0.0,0.0,4480.0,0.0,50520.0,36120.0,0.0,349720.0,0.0,0.0,0.0,0.0,83400.0,414559.0,21519.0,3760.0,0.0,0.0,0.0,11320.0,0.0
2026-03-27T20:00:00+01:00,10000.0,10080.0,0.0,10160.0,0.0,0.0,0.0,0.0,5000.0,10160.0,4520.0,0.0,0.0,0.0,0.0,0.0,0.0,3040.0,3040.0,0.0,3040.0,0.0,0.0,0.0,0.0,5000.0,3040.0,3040.0,0.0,0.0,0.0,0.0,0.0,0.0,494000.0,97760.0,0.0,483039.0,0.0,0.0,0.0,0.0,5000.0,816199.0,14320.0,0.0,0.0,0.0,0.0,0.0,0.0
2026-03-27T21:00:00+01:00,10040.0,9720.0,0.0,10200.0,0.0,0.0,0.0,9160.0,0.0,10200.0,0.0,0.0,0.0,0.0,0.0,4160.0,0.0,3040.0,4480.0,0.0,3040.0,0.0,0.0,0.0,3040.0,0.0,3040.0,0.0,0.0,0.0,0.0,0.0,4160.0,0.0,653719.0,34000.0,0.0,620516.0,0.0,0.0,0.0,70800.0,0.0,742958.0,0.0,0.0,0.0,0.0,0.0,4160.0,0.0
2026-03-27T22:00:00+01:00,9680.0,5240.0,0.0,10000.0,0.0,0.0,0.0,7680.0,0.0,10120.0,0.0,0.0,0.0,0.0,0.0,9520.0,0.0,3040.0,5240.0,0.0,3040.0,0.0,0.0,0.0,3640.0,0.0,3040.0,0.0,0.0,0.0,0.0,0.0,7840.0,0.0,225000.0,5240.0,0.0,570199.0,0.0,0.0,0.0,53280.0,0.0,344960.0,0.0,0.0,0.0,0.0,0.0,17360.0,0.0
2026-03-27T23:00:00+01:00,5480.0,7560.0,10000.0,10120.0,0.0,0.0,0.0,10040.0,0.0,9920.0,0.0,0.0,0.0,0.0,0.0,5200.0,0.0,3080.0,3080.0,10000.0,3080.0,0.0,0.0,0.0,3080.0,0.0,3120.0,0.0,0.0,0.0,0.0,0.0,5200.0,0.0,31520.0,15560.0,10000.0,618919.0,0.0,0.0,0.0,298480.0,0.0,244440.0,0.0,0.0,0.0,0.0,0.0,5200.0,0.0
2026-03-28T00:00:00+01:00,8600.0,6880.0,0.0,10240.0,0.0,0.0,0.0,10000.0,0.0,10000.0,3840.0,0.0,0.0,0.0,0.0,0.0,0.0,3200.0,4080.0,0.0,3040.0,0.0,0.0,0.0,3120.0,0.0,3040.0,3840.0,0.0,0.0,0.0,0.0,0.0,0.0,180880.0,15480.0,0.0,651239.0,0.0,0.0,0.0,199200.0,0.0,383357.0,3840.0,0.0,0.0,0.0,0.0,0.0,0.0
2026-03-28T01:00:00+01:00,6120.0,5040.0,0.0,10000.0,0.0,0.0,0.0,10000.0,0.0,9800.0,0.0,3760.0,0.0,0.0,0.0,0.0,0.0,3200.0,3920.0,0.0,3080.0,0.0,0.0,0.0,3040.0,0.0,3080.0,0.0,3760.0,0.0,0.0,0.0,0.0,0.0,64760.0,8960.0,0.0,341520.0,0.0,0.0,0.0,222480.0,0.0,267520.0,0.0,3760.0,0.0,0.0,0.0,0.0,0.0
2026-03-28T02:00:00+01:00,6360.0,9680.0,0.0,10000.0,4360.0,0.0,0.0,10000.0,6000.0,10160.0,0.0,0.0,0.0,0.0,0.0,0.0,0.0,3120.0,9680.0,0.0,3080.0,3520.0,0.0,0.0,3160.0,3240.0,3080.0,0.0,0.0,0.0,0.0,0.0,0.0,0.0,30160.0,9680.0,0.0,1267080.0,7880.0,0.0,0.0,688720.0,25400.0,375360.0,0.0,0.0,0.0,0.0,0.0,0.0,0.0
2026-03-28T03:00:00+01:00,9000.0,4640.0,0.0,10040.0,0.0,0.0,0.0,10080.0,0.0,9920.0,0.0,0.0,0.0,0.0,0.0,0.0,0.0,3720.0,3200.0,0.0,3200.0,0.0,0.0,0.0,3040.0,0.0,3040.0,0.0,0.0,0.0,0.0,0.0,0.0,0.0,36840.0,11280.0,0.0,820800.0,0.0,0.0,0.0,629398.0,0.0,222640.0,0.0,0.0,0.0,0.0,0.0,0.0,0.0
2026-03-28T04:00:00+01:00,0.0,0.0,0.0,10040.0,0.0,0.0,0.0,10000.0,0.0,9200.0,0.0,0.0,0.0,0.0,0.0,0.0,0.0,0.0,0.0,0.0,3040.0,0.0,0.0,0.0,3240.0,0.0,3320.0,0.0,0.0,0.0,0.0,0.0,0.0,0.0,0.0,0.0,0.0,1293839.0,0.0,0.0,0.0,534280.0,0.0,91600.0,0.0,0.0,0.0,0.0,0.0,0.0,0.0
2026-03-28T05:00:00+01:00,5040.0,3040.0,0.0,10040.0,0.0,0.0,0.0,10080.0,10000.0,10040.0,3280.0,0.0,0.0,0.0,0.0,3640.0,0.0,3280.0,3040.0,0.0,3040.0,0.0,0.0,0.0,4000.0,3120.0,3080.0,3280.0,0.0,0.0,0.0,0.0,3640.0,0.0,25600.0,3040.0,0.0,387918.0,0.0,0.0,0.0,24800.0,215158.0,325999.0,3280.0,0.0,0.0,0.0,0.0,3640.0,0.0
2026-03-28T06:00:00+01:00,9920.0,7960.0,0.0,10040.0,0.0,0.0,0.0,0.0,9800.0,10040.0,6000.0,0.0,0.0,0.0,0.0,0.0,0.0,3160.0,4000.0,0.0,3040.0,0.0,0.0,0.0,0.0,3600.0,3680.0,4040.0,0.0,0.0,0.0,0.0,0.0,0.0,75520.0,16800.0,0.0,577635.0,0.0,0.0,0.0,0.0,245400.0,261639.0,18120.0,0.0,0.0,0.0,0.0,0.0,0.0
2026-03-28T07:00:00+01:00,8640.0,3960.0,0.0,10040.0,9880.0,0.0,0.0,0.0,10160.0,10120.0,6000.0,0.0,0.0,0.0,0.0,5840.0,0.0,3080.0,3960.0,0.0,3120.0,3200.0,0.0,0.0,0.0,3360.0,3080.0,3440.0,0.0,0.0,0.0,0.0,3760.0,0.0,49600.0,7920.0,0.0,548360.0,97560.0,0.0,0.0,0.0,225680.0,495880.0,27160.0,0.0,0.0,0.0,0.0,15040.0,0.0
2026-03-28T08:00:00+01:00,9560.0,9920.0,0.0,10000.0,10000.0,0.0,0.0,0.0,10000.0,10160.0,8800.0,0.0,0.0,0.0,0.0,10000.0,0.0,3040.0,3280.0,0.0,3040.0,3200.0,0.0,0.0,0.0,3320.0,3040.0,8800.0,0.0,0.0,0.0,0.0,3520.0,0.0,100240.0,55920.0,0.0,1245240.0,101080.0,0.0,0.0,0.0,239600.0,860798.0,8800.0,0.0,0.0,0.0,0.0,253160.0,0.0
2026-03-28T09:00:00+01:00,10040.0,7080.0,0.0,10040.0,0.0,0.0,0.0,8480.0,8039.0,10120.0,4200.0,4560.0,0.0,0.0,0.0,10000.0,0.0,3120.0,3440.0,0.0,3120.0,0.0,0.0,0.0,3640.0,3560.0,3040.0,3280.0,3120.0,0.0,0.0,0.0,3280.0,0.0,391598.0,27120.0,0.0,672914.0,0.0,0.0,0.0,38400.0,47518.0,767077.0,23080.0,7680.0,0.0,0.0,0.0,98600.0,0.0
2026-03-28T10:00:00+01:00,8039.0,9440.0,0.0,10040.0,3400.0,0.0,0.0,10040.0,9680.0,10200.0,10000.0,3400.0,0.0,0.0,0.0,8280.0,0.0,3280.0,3920.0,0.0,3040.0,3400.0,0.0,0.0,3240.0,3440.0,3040.0,3240.0,3400.0,0.0,0.0,0.0,3320.0,0.0,51879.0,30960.0,0.0,874638.0,3400.0,0.0,0.0,164520.0,119440.0,1361640.0,70400.0,3400.0,0.0,0.0,0.0,59800.0,0.0
2026-03-28T11:00:00+01:00,8200.0,8160.0,0.0,10040.0,0.0,0.0,0.0,8000.0,9800.0,10200.0,10120.0,0.0,0.0,0.0,0.0,9920.0,0.0,3920.0,3040.0,0.0,3040.0,0.0,0.0,0.0,3040.0,3040.0,3040.0,9320.0,0.0,0.0,0.0,0.0,3360.0,0.0,23240.0,42680.0,0.0,743599.0,0.0,0.0,0.0,88240.0,137040.0,1302199.0,29200.0,0.0,0.0,0.0,0.0,19160.0,0.0
2026-03-28T12:00:00+01:00,9840.0,10000.0,0.0,10080.0,0.0,0.0,0.0,10160.0,10200.0,10200.0,9280.0,0.0,0.0,0.0,0.0,0.0,0.0,3320.0,3800.0,0.0,3200.0,0.0,0.0,0.0,3280.0,3080.0,3040.0,3920.0,0.0,0.0,0.0,0.0,0.0,0.0,85320.0,68160.0,0.0,243319.0,0.0,0.0,0.0,113959.0,292840.0,649320.0,66600.0,0.0,0.0,0.0,0.0,0.0,0.0
2026-03-28T13:00:00+01:00,9960.0,7480.0,0.0,10000.0,9960.0,0.0,0.0,7760.0,10000.0,10120.0,9960.0,0.0,0.0,0.0,0.0,0.0,9760.0,3120.0,3440.0,0.0,3080.0,4000.0,0.0,0.0,3280.0,3160.0,3040.0,3640.0,0.0,0.0,0.0,0.0,0.0,9760.0,98560.0,43400.0,0.0,498719.0,20520.0,0.0,0.0,53080.0,115560.0,1616434.0,128440.0,0.0,0.0,0.0,0.0,0.0,9760.0
2026-03-28T14:00:00+01:00,9520.0,9840.0,0.0,10040.0,5800.0,0.0,0.0,6480.0,9960.0,10200.0,9800.0,9480.0,0.0,0.0,0.0,6600.0,0.0,3440.0,3040.0,0.0,3040.0,4000.0,0.0,0.0,3600.0,3120.0,3040.0,3040.0,6040.0,0.0,0.0,0.0,6520.0,0.0,110880.0,107800.0,0.0,973717.0,9800.0,0.0,0.0,17880.0,52440.0,2519714.0,56160.0,15520.0,0.0,0.0,0.0,13120.0,0.0
2026-03-28T15:00:00+01:00,7440.0,8600.0,0.0,9560.0,0.0,0.0,0.0,9840.0,8039.0,10120.0,9680.0,6000.0,0.0,0.0,0.0,6320.0,0.0,3080.0,3360.0,0.0,3040.0,0.0,0.0,0.0,3040.0,3080.0,3040.0,3080.0,3440.0,0.0,0.0,0.0,6320.0,0.0,42440.0,70200.0,0.0,682596.0,0.0,0.0,0.0,98080.0,141039.0,1679674.0,73239.0,13880.0,0.0,0.0,0.0,6320.0,0.0
2026-03-28T16:00:00+01:00,10000.0,6560.0,0.0,10120.0,3720.0,0.0,0.0,10000.0,7520.0,10080.0,10040.0,8560.0,0.0,0.0,0.0,0.0,0.0,3040.0,3800.0,0.0,3080.0,3720.0,0.0,0.0,3560.0,3080.0,3040.0,3320.0,4400.0,0.0,0.0,0.0,0.0,0.0,185920.0,35440.0,0.0,546640.0,3720.0,0.0,0.0,57640.0,26480.0,1330437.0,101920.0,12960.0,0.0,0.0,0.0,0.0,0.0
2026-03-28T17:00:00+01:00,6720.0,9520.0,0.0,10000.0,3560.0,0.0,0.0,0.0,8000.0,10160.0,10000.0,0.0,0.0,0.0,0.0,4800.0,0.0,3040.0,3400.0,0.0,3200.0,3560.0,0.0,0.0,0.0,3120.0,3080.0,4160.0,0.0,0.0,0.0,0.0,3240.0,0.0,56800.0,53080.0,0.0,235680.0,3560.0,0.0,0.0,0.0,15120.0,656599.0,44520.0,0.0,0.0,0.0,0.0,8040.0,0.0
2026-03-28T18:00:00+01:00,10080.0,8760.0,0.0,10000.0,0.0,0.0,0.0,0.0,8039.0,10160.0,0.0,0.0,0.0,0.0,0.0,0.0,0.0,3240.0,3200.0,0.0,3120.0,0.0,0.0,0.0,0.0,3040.0,3040.0,0.0,0.0,0.0,0.0,0.0,0.0,0.0,219999.0,49720.0,0.0,259000.0,0.0,0.0,0.0,0.0,91758.0,734760.0,0.0,0.0,0.0,0.0,0.0,0.0,0.0
2026-03-28T19:00:00+01:00,10000.0,9560.0,0.0,10040.0,0.0,0.0,0.0,0.0,8800.0,10160.0,8880.0,0.0,0.0,0.0,0.0,0.0,0.0,3160.0,3360.0,0.0,3040.0,0.0,0.0,0.0,0.0,3560.0,3040.0,6280.0,0.0,0.0,0.0,0.0,0.0,0.0,198160.0,78520.0,0.0,827959.0,0.0,0.0,0.0,0.0,36360.0,1655238.0,22400.0,0.0,0.0,0.0,0.0,0.0,0.0
2026-03-28T20:00:00+01:00,9440.0,6800.0,0.0,10160.0,0.0,0.0,0.0,9520.0,5800.0,10120.0,0.0,3080.0,0.0,0.0,0.0,3760.0,0.0,3040.0,3960.0,0.0,3080.0,0.0,0.0,0.0,3280.0,5800.0,3040.0,0.0,3080.0,0.0,0.0,0.0,3760.0,0.0,87759.0,10760.0,0.0,626879.0,0.0,0.0,0.0,47160.0,5800.0,938239.0,0.0,3080.0,0.0,0.0,0.0,3760.0,0.0
2026-03-28T21:00:00+01:00,10120.0,8840.0,0.0,10040.0,0.0,0.0,0.0,8400.0,0.0,10000.0,0.0,0.0,0.0,0.0,0.0,7520.0,0.0,3080.0,3840.0,0.0,3120.0,0.0,0.0,0.0,3240.0,0.0,3240.0,0.0,0.0,0.0,0.0,0.0,7520.0,0.0,117239.0,16680.0,0.0,504759.0,0.0,0.0,0.0,44480.0,0.0,344640.0,0.0,0.0,0.0,0.0,0.0,7520.0,0.0
2026-03-28T22:00:00+01:00,9760.0,9960.0,0.0,10120.0,0.0,0.0,0.0,7160.0,4160.0,10000.0,0.0,0.0,0.0,0.0,0.0,0.0,0.0,3120.0,3400.0,0.0,3280.0,0.0,0.0,0.0,3240.0,4160.0,3160.0,0.0,0.0,0.0,0.0,0.0,0.0,0.0,54480.0,36080.0,0.0,158200.0,0.0,0.0,0.0,32320.0,4160.0,340440.0,0.0,0.0,0.0,0.0,0.0,0.0,0.0
2026-03-28T23:00:00+01:00,8600.0,4960.0,0.0,10080.0,0.0,0.0,0.0,9600.0,0.0,10120.0,0.0,0.0,0.0,0.0,0.0,0.0,0.0,3200.0,3280.0,0.0,3080.0,0.0,0.0,0.0,3480.0,0.0,3040.0,0.0,0.0,0.0,0.0,0.0,0.0,0.0,109120.0,18920.0,0.0,162040.0,0.0,0.0,0.0,116920.0,0.0,362840.0,0.0,0.0,0.0,0.0,0.0,0.0,0.0
2026-03-29T00:00:00+01:00,10000.0,6000.0,0.0,10000.0,0.0,0.0,0.0,10000.0,0.0,10040.0,0.0,0.0,0.0,0.0,0.0,0.0,0.0,3040.0,3040.0,0.0,3120.0,0.0,0.0,0.0,3400.0,0.0,3040.0,0.0,0.0,0.0,0.0,0.0,0.0,0.0,438999.0,54240.0,0.0,535840.0,0.0,0.0,0.0,140280.0,0.0,640998.0,0.0,0.0,0.0,0.0,0.0,0.0,0.0
2026-03-29T01:00:00+01:00,9960.0,7240.0,0.0,10000.0,0.0,0.0,0.0,7960.0,0.0,9920.0,0.0,0.0,0.0,0.0,0.0,0.0,0.0,3120.0,3200.0,0.0,3040.0,0.0,0.0,0.0,3080.0,0.0,3040.0,0.0,0.0,0.0,0.0,0.0,0.0,0.0,459720.0,24080.0,0.0,781720.0,0.0,0.0,0.0,68880.0,0.0,436360.0,0.0,0.0,0.0,0.0,0.0,0.0,0.0
2026-03-29T03:00:00+02:00,9680.0,8560.0,0.0,10080.0,0.0,0.0,0.0,10000.0,0.0,10160.0,0.0,0.0,0.0,0.0,0.0,9000.0,0.0,3040.0,3040.0,0.0,3040.0,0.0,0.0,0.0,3280.0,0.0,3040.0,0.0,0.0,0.0,0.0,0.0,9000.0,0.0,121440.0,34520.0,0.0,678880.0,0.0,0.0,0.0,98480.0,0.0,320040.0,0.0,0.0,0.0,0.0,0.0,9000.0,0.0
2026-03-29T04:00:00+02:00,9920.0,6600.0,0.0,10000.0,0.0,0.0,0.0,9280.0,0.0,10040.0,4480.0,3560.0,0.0,0.0,0.0,0.0,0.0,3760.0,6600.0,0.0,3040.0,0.0,0.0,0.0,3040.0,0.0,3200.0,4480.0,3560.0,0.0,0.0,0.0,0.0,0.0,52840.0,6600.0,0.0,512919.0,0.0,0.0,0.0,145080.0,0.0,338400.0,4480.0,3560.0,0.0,0.0,0.0,0.0,0.0
2026-03-29T05:00:00+02:00,5560.0,5040.0,0.0,8400.0,0.0,0.0,0.0,8840.0,6360.0,9480.0,6080.0,0.0,0.0,0.0,0.0,0.0,0.0,3080.0,3440.0,0.0,3080.0,0.0,0.0,0.0,3160.0,3280.0,3080.0,6080.0,0.0,0.0,0.0,0.0,0.0,0.0,55840.0,8480.0,0.0,215680.0,0.0,0.0,0.0,112120.0,9640.0,269158.0,6080.0,0.0,0.0,0.0,0.0,0.0,0.0
2026-03-29T06:00:00+02:00,0.0,6000.0,0.0,10000.0,5640.0,0.0,0.0,0.0,8000.0,9720.0,0.0,0.0,0.0,0.0,0.0,9400.0,0.0,0.0,3720.0,0.0,3360.0,3600.0,0.0,0.0,0.0,3160.0,3560.0,0.0,0.0,0.0,0.0,0.0,3960.0,0.0,0.0,17720.0,0.0,165920.0,9240.0,0.0,0.0,0.0,37160.0,113840.0,0.0,0.0,0.0,0.0,0.0,25360.0,0.0
2026-03-29T07:00:00+02:00,8440.0,6200.0,0.0,10000.0,5640.0,0.0,0.0,0.0,6360.0,8880.0,7440.0,0.0,0.0,0.0,0.0,8000.0,0.0,3160.0,3280.0,0.0,3040.0,3120.0,0.0,0.0,0.0,3360.0,3040.0,3120.0,0.0,0.0,0.0,0.0,4000.0,0.0,32480.0,9480.0,0.0,1297680.0,31000.0,0.0,0.0,0.0,23840.0,143360.0,10560.0,0.0,0.0,0.0,0.0,20000.0,0.0
2026-03-29T08:00:00+02:00,10120.0,7360.0,0.0,10000.0,0.0,0.0,0.0,8320.0,3760.0,10000.0,0.0,0.0,0.0,0.0,0.0,10000.0,0.0,3080.0,3200.0,0.0,3120.0,0.0,0.0,0.0,3160.0,3760.0,3040.0,0.0,0.0,0.0,0.0,0.0,3080.0,0.0,29760.0,18040.0,0.0,411519.0,0.0,0.0,0.0,11480.0,3760.0,345240.0,0.0,0.0,0.0,0.0,0.0,220279.0,0.0
2026-03-29T09:00:00+02:00,8000.0,4680.0,0.0,10040.0,0.0,0.0,0.0,0.0,7520.0,9960.0,5520.0,0.0,0.0,0.0,0.0,10040.0,0.0,3200.0,3240.0,0.0,3080.0,0.0,0.0,0.0,0.0,3760.0,3040.0,3440.0,0.0,0.0,0.0,0.0,3080.0,0.0,29480.0,16000.0,0.0,378800.0,0.0,0.0,0.0,0.0,35000.0,745360.0,34800.0,0.0,0.0,0.0,0.0,321918.0,0.0
2026-03-29T10:00:00+02:00,7920.0,5880.0,0.0,10000.0,0.0,0.0,0.0,0.0,10000.0,10080.0,3880.0,0.0,0.0,0.0,0.0,9920.0,0.0,3240.0,5880.0,0.0,3040.0,0.0,0.0,0.0,0.0,3040.0,3040.0,3880.0,0.0,0.0,0.0,0.0,3080.0,0.0,56960.0,5880.0,0.0,637558.0,0.0,0.0,0.0,0.0,136840.0,482879.0,3880.0,0.0,0.0,0.0,0.0,55600.0,0.0
2026-03-29T11:00:00+02:00,7480.0,8560.0,0.0,10000.0,3480.0,0.0,0.0,3920.0,10000.0,10120.0,4640.0,8240.0,0.0,0.0,0.0,8000.0,0.0,3320.0,3960.0,0.0,3080.0,3480.0,0.0,0.0,3920.0,3120.0,3240.0,3200.0,4600.0,0.0,0.0,0.0,3160.0,0.0,37040.0,29920.0,0.0,505879.0,3480.0,0.0,0.0,3920.0,184320.0,325680.0,11360.0,12840.0,0.0,0.0,0.0,14800.0,0.0
2026-03-29T12:00:00+02:00,7040.0,10040.0,0.0,10080.0,0.0,0.0,0.0,0.0,10040.0,10040.0,0.0,5080.0,0.0,0.0,0.0,4200.0,0.0,3080.0,3160.0,0.0,3040.0,0.0,0.0,0.0,0.0,3160.0,3040.0,0.0,5080.0,0.0,0.0,0.0,4000.0,0.0,50440.0,39320.0,0.0,611438.0,0.0,0.0,0.0,0.0,498397.0,649317.0,0.0,5080.0,0.0,0.0,0.0,12200.0,0.0
2026-03-29T13:00:00+02:00,9640.0,9160.0,0.0,10120.0,3880.0,0.0,0.0,0.0,10040.0,10080.0,5160.0,0.0,0.0,0.0,0.0,4240.0,0.0,3040.0,3200.0,0.0,3040.0,3880.0,0.0,0.0,0.0,3040.0,3040.0,3040.0,0.0,0.0,0.0,0.0,4240.0,0.0,160760.0,101640.0,0.0,1287080.0,3880.0,0.0,0.0,0.0,598640.0,1470557.0,14520.0,0.0,0.0,0.0,0.0,4240.0,0.0
2026-03-29T14:00:00+02:00,10040.0,10080.0,0.0,10040.0,10000.0,0.0,0.0,0.0,10000.0,10120.0,10000.0,6600.0,0.0,0.0,0.0,6000.0,0.0,3040.0,3800.0,0.0,3040.0,3600.0,0.0,0.0,0.0,3080.0,3040.0,3440.0,6600.0,0.0,0.0,0.0,3560.0,0.0,196758.0,34040.0,0.0,1457273.0,27360.0,0.0,0.0,0.0,277919.0,1174358.0,65680.0,6600.0,0.0,0.0,0.0,9560.0,0.0
2026-03-29T15:00:00+02:00,9040.0,9200.0,0.0,10000.0,9960.0,0.0,0.0,0.0,10000.0,10080.0,9520.0,0.0,0.0,0.0,0.0,8360.0,0.0,3960.0,3200.0,0.0,3040.0,3520.0,0.0,0.0,0.0,3120.0,3040.0,3280.0,0.0,0.0,0.0,0.0,3440.0,0.0,26640.0,28040.0,0.0,1309278.0,52320.0,0.0,0.0,0.0,431040.0,796678.0,93280.0,0.0,0.0,0.0,0.0,23320.0,0.0
2026-03-29T16:00:00+02:00,9840.0,8080.0,0.0,10000.0,0.0,0.0,0.0,0.0,9960.0,10000.0,6480.0,0.0,0.0,0.0,0.0,8400.0,0.0,3320.0,3200.0,0.0,3040.0,0.0,0.0,0.0,0.0,3200.0,3040.0,3360.0,0.0,0.0,0.0,0.0,3480.0,0.0,49800.0,42400.0,0.0,590040.0,0.0,0.0,0.0,0.0,94480.0,658760.0,30320.0,0.0,0.0,0.0,0.0,29959.0,0.0
2026-03-29T17:00:00+02:00,8760.0,8640.0,0.0,10040.0,6320.0,0.0,0.0,0.0,9840.0,10040.0,9040.0,8520.0,0.0,0.0,0.0,7440.0,0.0,3560.0,5560.0,0.0,3080.0,3320.0,0.0,0.0,0.0,3120.0,3320.0,3840.0,5880.0,0.0,0.0,0.0,6000.0,0.0,17840.0,27520.0,0.0,347480.0,9640.0,0.0,0.0,0.0,78040.0,299998.0,69200.0,14400.0,0.0,0.0,0.0,25480.0,0.0
2026-03-29T18:00:00+02:00,7680.0,7600.0,0.0,10000.0,0.0,0.0,0.0,0.0,6040.0,10040.0,7880.0,0.0,0.0,0.0,0.0,6000.0,0.0,3240.0,3040.0,0.0,3040.0,0.0,0.0,0.0,0.0,3240.0,3040.0,3120.0,0.0,0.0,0.0,0.0,3720.0,0.0,27840.0,34560.0,0.0,491476.0,0.0,0.0,0.0,0.0,55560.0,1190713.0,71280.0,0.0,0.0,0.0,0.0,14560.0,0.0
2026-03-29T19:00:00+02:00,7480.0,9640.0,0.0,10040.0,0.0,0.0,0.0,0.0,9840.0,10080.0,6000.0,3560.0,0.0,0.0,0.0,6040.0,0.0,3160.0,3240.0,0.0,3040.0,0.0,0.0,0.0,0.0,3400.0,3040.0,6000.0,3560.0,0.0,0.0,0.0,3040.0,0.0,33720.0,41080.0,0.0,1640675.0,0.0,0.0,0.0,0.0,78040.0,1453795.0,6000.0,3560.0,0.0,0.0,0.0,24840.0,0.0
2026-03-29T20:00:00+02:00,10120.0,8600.0,0.0,10040.0,0.0,0.0,0.0,0.0,7840.0,10040.0,0.0,0.0,0.0,0.0,0.0,9200.0,0.0,3240.0,4840.0,0.0,3040.0,0.0,0.0,0.0,0.0,3040.0,3200.0,0.0,0.0,0.0,0.0,0.0,3440.0,0.0,60320.0,13440.0,0.0,482435.0,0.0,0.0,0.0,0.0,46000.0,734951.0,0.0,0.0,0.0,0.0,0.0,89280.0,0.0
2026-03-29T21:00:00+02:00,5840.0,4480.0,0.0,10000.0,0.0,0.0,0.0,0.0,0.0,9920.0,0.0,7240.0,0.0,0.0,0.0,0.0,0.0,3040.0,4480.0,0.0,3120.0,0.0,0.0,0.0,0.0,0.0,3400.0,0.0,3600.0,0.0,0.0,0.0,0.0,0.0,38040.0,4480.0,0.0,203120.0,0.0,0.0,0.0,0.0,0.0,138400.0,0.0,37520.0,0.0,0.0,0.0,0.0,0.0
2026-03-29T22:00:00+02:00,10000.0,0.0,0.0,8000.0,0.0,0.0,0.0,0.0,0.0,10040.0,0.0,0.0,0.0,0.0,0.0,0.0,0.0,3200.0,0.0,0.0,3080.0,0.0,0.0,0.0,0.0,0.0,3080.0,0.0,0.0,0.0,0.0,0.0,0.0,0.0,170679.0,0.0,0.0,92240.0,0.0,0.0,0.0,0.0,0.0,176640.0,0.0,0.0,0.0,0.0,0.0,0.0,0.0
2026-03-29T23:00:00+02:00,10000.0,0.0,0.0,7640.0,0.0,0.0,0.0,0.0,0.0,9240.0,0.0,0.0,0.0,0.0,0.0,6960.0,0.0,3080.0,0.0,0.0,3040.0,0.0,0.0,0.0,0.0,0.0,3560.0,0.0,0.0,0.0,0.0,0.0,6960.0,0.0,286560.0,0.0,0.0,38360.0,0.0,0.0,0.0,0.0,0.0,28400.0,0.0,0.0,0.0,0.0,0.0,6960.0,0.0
2026-03-30T00:00:00+02:00,10040.0,0.0,0.0,4040.0,0.0,0.0,0.0,0.0,0.0,8039.0,0.0,0.0,0.0,0.0,0.0,0.0,0.0,3040.0,0.0,0.0,3160.0,0.0,0.0,0.0,0.0,0.0,3360.0,0.0,0.0,0.0,0.0,0.0,0.0,0.0,587516.0,0.0,0.0,34440.0,0.0,0.0,0.0,0.0,0.0,38399.0,0.0,0.0,0.0,0.0,0.0,0.0,0.0
2026-03-30T01:00:00+02:00,8840.0,0.0,0.0,3800.0,0.0,0.0,0.0,0.0,0.0,9680.0,4000.0,0.0,0.0,0.0,0.0,0.0,0.0,3280.0,0.0,0.0,3800.0,0.0,0.0,0.0,0.0,0.0,3200.0,4000.0,0.0,0.0,0.0,0.0,0.0,0.0,154760.0,0.0,0.0,3800.0,0.0,0.0,0.0,0.0,0.0,83280.0,4000.0,0.0,0.0,0.0,0.0,0.0,0.0
2026-03-30T02:00:00+02:00,8000.0,0.0,0.0,9560.0,0.0,0.0,0.0,0.0,0.0,9400.0,4000.0,0.0,0.0,0.0,0.0,0.0,0.0,3040.0,0.0,0.0,3040.0,0.0,0.0,0.0,0.0,0.0,3160.0,3080.0,0.0,0.0,0.0,0.0,0.0,0.0,163040.0,0.0,0.0,116240.0,0.0,0.0,0.0,0.0,0.0,67400.0,11040.0,0.0,0.0,0.0,0.0,0.0,0.0
2026-03-30T03:00:00+02:00,5720.0,0.0,0.0,10000.0,0.0,0.0,0.0,0.0,0.0,6000.0,5520.0,0.0,0.0,0.0,0.0,0.0,0.0,3160.0,0.0,0.0,3400.0,0.0,0.0,0.0,0.0,0.0,3480.0,3560.0,0.0,0.0,0.0,0.0,0.0,0.0,33920.0,0.0,0.0,208440.0,0.0,0.0,0.0,0.0,0.0,17040.0,17320.0,0.0,0.0,0.0,0.0,0.0,0.0
2026-03-30T04:00:00+02:00,3960.0,0.0,0.0,8400.0,0.0,0.0,0.0,0.0,0.0,0.0,0.0,0.0,0.0,0.0,0.0,0.0,0.0,3960.0,0.0,0.0,3160.0,0.0,0.0,0.0,0.0,0.0,0.0,0.0,0.0,0.0,0.0,0.0,0.0,0.0,3960.0,0.0,0.0,167320.0,0.0,0.0,0.0,0.0,0.0,0.0,0.0,0.0,0.0,0.0,0.0,0.0,0.0
2026-03-30T05:00:00+02:00,5640.0,0.0,0.0,8000.0,0.0,0.0,0.0,4560.0,0.0,9760.0,0.0,0.0,0.0,0.0,0.0,0.0,0.0,3920.0,0.0,0.0,3120.0,0.0,0.0,0.0,3520.0,0.0,3080.0,0.0,0.0,0.0,0.0,0.0,0.0,0.0,9560.0,0.0,0.0,149120.0,0.0,0.0,0.0,8080.0,0.0,75199.0,0.0,0.0,0.0,0.0,0.0,0.0,0.0
2026-03-30T06:00:00+02:00,10000.0,5760.0,0.0,10000.0,0.0,0.0,0.0,8280.0,5920.0,10000.0,0.0,0.0,0.0,0.0,0.0,6000.0,0.0,3120.0,3520.0,0.0,3040.0,0.0,0.0,0.0,3880.0,3200.0,3040.0,0.0,0.0,0.0,0.0,0.0,3560.0,0.0,202400.0,19040.0,0.0,581999.0,0.0,0.0,0.0,32280.0,48200.0,446480.0,0.0,0.0,0.0,0.0,0.0,73600.0,0.0
2026-03-30T07:00:00+02:00,6720.0,9520.0,0.0,10040.0,10040.0,0.0,0.0,3960.0,9440.0,10040.0,6840.0,0.0,0.0,0.0,0.0,9520.0,0.0,3080.0,3040.0,0.0,3040.0,3400.0,0.0,0.0,3960.0,3360.0,3120.0,3360.0,0.0,0.0,0.0,0.0,4000.0,0.0,33720.0,29800.0,0.0,762438.0,139239.0,0.0,0.0,3960.0,24760.0,605919.0,10200.0,0.0,0.0,0.0,0.0,31680.0,0.0
2026-03-30T08:00:00+02:00,9600.0,8640.0,0.0,10000.0,5880.0,0.0,0.0,10000.0,9760.0,10000.0,3880.0,0.0,0.0,0.0,0.0,10000.0,0.0,4000.0,3640.0,0.0,3160.0,3160.0,0.0,0.0,3480.0,3080.0,3080.0,3440.0,0.0,0.0,0.0,0.0,3520.0,0.0,21280.0,36280.0,0.0,906080.0,24840.0,0.0,0.0,51760.0,134160.0,416800.0,14560.0,0.0,0.0,0.0,0.0,132160.0,0.0
2026-03-30T09:00:00+02:00,6200.0,7440.0,0.0,10000.0,4000.0,0.0,7560.0,6000.0,10000.0,10000.0,7640.0,4360.0,0.0,0.0,0.0,10040.0,0.0,3360.0,3640.0,0.0,3080.0,4000.0,0.0,3920.0,3640.0,3120.0,3240.0,3160.0,4360.0,0.0,0.0,0.0,3440.0,0.0,9560.0,46120.0,0.0,437640.0,4000.0,0.0,11480.0,17640.0,139079.0,393440.0,62560.0,4360.0,0.0,0.0,0.0,128680.0,0.0
2026-03-30T10:00:00+02:00,8000.0,9600.0,0.0,9680.0,0.0,0.0,0.0,7160.0,4000.0,10040.0,6680.0,0.0,0.0,0.0,0.0,9200.0,0.0,3040.0,3800.0,0.0,3040.0,0.0,0.0,0.0,4120.0,3560.0,3240.0,3200.0,0.0,0.0,0.0,0.0,3040.0,0.0,65080.0,51200.0,0.0,232480.0,0.0,0.0,0.0,23800.0,15160.0,490999.0,21000.0,0.0,0.0,0.0,0.0,74200.0,0.0
2026-03-30T11:00:00+02:00,6920.0,5640.0,0.0,10040.0,0.0,0.0,0.0,6760.0,10000.0,10000.0,7800.0,0.0,0.0,0.0,0.0,9840.0,0.0,3160.0,4120.0,0.0,3080.0,0.0,0.0,0.0,3040.0,3160.0,3040.0,4960.0,0.0,0.0,0.0,0.0,3320.0,0.0,52720.0,24280.0,0.0,960080.0,0.0,0.0,0.0,15720.0,132160.0,1053440.0,17920.0,0.0,0.0,0.0,0.0,183519.0,0.0
2026-03-30T12:00:00+02:00,8160.0,9520.0,0.0,10040.0,0.0,0.0,0.0,10040.0,10000.0,10080.0,8720.0,5520.0,0.0,0.0,0.0,10040.0,0.0,3920.0,3040.0,0.0,3040.0,0.0,0.0,0.0,3120.0,3320.0,3040.0,3760.0,5520.0,0.0,0.0,0.0,3080.0,0.0,27640.0,111760.0,0.0,1247876.0,0.0,0.0,0.0,103479.0,160600.0,1969554.0,37600.0,5520.0,0.0,0.0,0.0,104120.0,0.0
2026-03-30T13:00:00+02:00,9320.0,7880.0,0.0,10040.0,0.0,0.0,5960.0,9720.0,9840.0,10080.0,8880.0,0.0,0.0,0.0,0.0,0.0,0.0,3560.0,4760.0,0.0,3040.0,0.0,0.0,4200.0,3040.0,3200.0,3040.0,3240.0,0.0,0.0,0.0,0.0,0.0,0.0,50640.0,41800.0,0.0,883440.0,0.0,0.0,10160.0,183360.0,160519.0,1904559.0,150120.0,0.0,0.0,0.0,0.0,0.0,0.0
2026-03-30T14:00:00+02:00,9280.0,9520.0,0.0,10080.0,0.0,0.0,0.0,7520.0,10000.0,10040.0,9680.0,3640.0,0.0,0.0,0.0,7960.0,0.0,3560.0,3040.0,0.0,3040.0,0.0,0.0,0.0,3200.0,3240.0,3040.0,3400.0,3640.0,0.0,0.0,0.0,3840.0,0.0,29080.0,60640.0,0.0,1009679.0,0.0,0.0,0.0,91960.0,110800.0,1232036.0,76920.0,3640.0,0.0,0.0,0.0,26920.0,0.0
2026-03-30T15:00:00+02:00,8000.0,9160.0,0.0,10080.0,0.0,0.0,0.0,9280.0,10000.0,10000.0,9960.0,4840.0,0.0,0.0,0.0,7920.0,5440.0,3560.0,3040.0,0.0,3040.0,0.0,0.0,0.0,3360.0,3200.0,3080.0,3720.0,4840.0,0.0,0.0,0.0,5840.0,5440.0,24560.0,64840.0,0.0,813719.0,0.0,0.0,0.0,81760.0,79160.0,692040.0,48120.0,4840.0,0.0,0.0,0.0,13760.0,5440.0
2026-03-30T16:00:00+02:00,7920.0,6360.0,0.0,10000.0,0.0,0.0,0.0,10000.0,6000.0,9720.0,8400.0,0.0,0.0,0.0,0.0,5640.0,0.0,3040.0,3160.0,0.0,3120.0,0.0,0.0,0.0,3200.0,4160.0,3040.0,4080.0,0.0,0.0,0.0,0.0,4160.0,0.0,27280.0,57360.0,0.0,342799.0,0.0,0.0,0.0,98559.0,10160.0,423719.0,22880.0,0.0,0.0,0.0,0.0,9800.0,0.0
2026-03-30T17:00:00+02:00,7720.0,9320.0,0.0,10000.0,10000.0,0.0,0.0,9080.0,4320.0,10040.0,0.0,0.0,0.0,0.0,0.0,7400.0,0.0,3280.0,3240.0,0.0,3040.0,8000.0,0.0,0.0,3200.0,3320.0,3040.0,0.0,0.0,0.0,0.0,0.0,4160.0,0.0,27960.0,74520.0,0.0,973120.0,18000.0,0.0,0.0,152359.0,15640.0,908359.0,0.0,0.0,0.0,0.0,0.0,28560.0,0.0
2026-03-30T18:00:00+02:00,0.0,7280.0,0.0,10040.0,0.0,0.0,0.0,0.0,4800.0,10000.0,7040.0,0.0,0.0,0.0,0.0,9640.0,0.0,0.0,3040.0,0.0,3040.0,0.0,0.0,0.0,0.0,4800.0,3040.0,7040.0,0.0,0.0,0.0,0.0,3240.0,0.0,0.0,27880.0,0.0,1231507.0,0.0,0.0,0.0,0.0,4800.0,1055758.0,7040.0,0.0,0.0,0.0,0.0,65200.0,0.0
2026-03-30T19:00:00+02:00,9520.0,10040.0,0.0,10040.0,0.0,0.0,0.0,0.0,8119.0,9960.0,0.0,8000.0,0.0,0.0,0.0,8039.0,0.0,3240.0,4320.0,0.0,3040.0,0.0,0.0,0.0,0.0,3560.0,3040.0,0.0,3080.0,0.0,0.0,0.0,3320.0,0.0,45120.0,64519.0,0.0,727078.0,0.0,0.0,0.0,0.0,11679.0,755159.0,0.0,22520.0,0.0,0.0,0.0,61239.0,0.0
2026-03-30T20:00:00+02:00,7480.0,6480.0,0.0,10040.0,0.0,0.0,0.0,0.0,4360.0,9920.0,4680.0,3360.0,0.0,0.0,0.0,9560.0,0.0,3160.0,4000.0,0.0,3040.0,0.0,0.0,0.0,0.0,4360.0,3080.0,4680.0,3360.0,0.0,0.0,0.0,3360.0,0.0,59920.0,20080.0,0.0,509479.0,0.0,0.0,0.0,0.0,4360.0,564479.0,4680.0,3360.0,0.0,0.0,0.0,58880.0,0.0
2026-03-30T21:00:00+02:00,10000.0,10000.0,0.0,10000.0,0.0,0.0,0.0,0.0,0.0,9960.0,0.0,0.0,0.0,0.0,0.0,3520.0,0.0,3400.0,8560.0,0.0,3040.0,0.0,0.0,0.0,0.0,0.0,3080.0,0.0,0.0,0.0,0.0,0.0,3520.0,0.0,189440.0,18560.0,0.0,249280.0,0.0,0.0,0.0,0.0,0.0,241040.0,0.0,0.0,0.0,0.0,0.0,3520.0,0.0
2026-03-30T22:00:00+02:00,10000.0,7120.0,0.0,10000.0,0.0,0.0,0.0,0.0,0.0,10000.0,0.0,0.0,0.0,0.0,0.0,0.0,0.0,3080.0,4040.0,0.0,3120.0,0.0,0.0,0.0,0.0,0.0,3040.0,0.0,0.0,0.0,0.0,0.0,0.0,0.0,199000.0,11160.0,0.0,424519.0,0.0,0.0,0.0,0.0,0.0,382200.0,0.0,0.0,0.0,0.0,0.0,0.0,0.0
2026-03-30T23:00:00+02:00,10040.0,0.0,0.0,10000.0,0.0,0.0,0.0,0.0,0.0,10040.0,0.0,0.0,0.0,0.0,0.0,0.0,0.0,3120.0,0.0,0.0,3240.0,0.0,0.0,0.0,0.0,0.0,3080.0,0.0,0.0,0.0,0.0,0.0,0.0,0.0,495119.0,0.0,0.0,357920.0,0.0,0.0,0.0,0.0,0.0,1064080.0,0.0,0.0,0.0,0.0,0.0,0.0,0.0
2026-03-31T00:00:00+02:00,10040.0,5640.0,0.0,9320.0,0.0,0.0,0.0,0.0,0.0,10040.0,0.0,0.0,0.0,0.0,0.0,0.0,0.0,3040.0,5640.0,0.0,3480.0,0.0,0.0,0.0,0.0,0.0,3080.0,0.0,0.0,0.0,0.0,0.0,0.0,0.0,268160.0,5640.0,0.0,83480.0,0.0,0.0,0.0,0.0,0.0,979157.0,0.0,0.0,0.0,0.0,0.0,0.0,0.0
2026-03-31T01:00:00+02:00,10040.0,0.0,0.0,7960.0,0.0,0.0,0.0,0.0,8440.0,10000.0,0.0,0.0,0.0,0.0,0.0,0.0,0.0,3200.0,0.0,0.0,3560.0,0.0,0.0,0.0,0.0,8440.0,3120.0,0.0,0.0,0.0,0.0,0.0,0.0,0.0,266438.0,0.0,0.0,63600.0,0.0,0.0,0.0,0.0,8440.0,693117.0,0.0,0.0,0.0,0.0,0.0,0.0,0.0
2026-03-31T02:00:00+02:00,10000.0,0.0,0.0,6040.0,0.0,0.0,0.0,0.0,0.0,10000.0,0.0,0.0,0.0,0.0,0.0,0.0,0.0,3040.0,0.0,0.0,3040.0,0.0,0.0,0.0,0.0,0.0,3320.0,0.0,0.0,0.0,0.0,0.0,0.0,0.0,133000.0,0.0,0.0,60560.0,0.0,0.0,0.0,0.0,0.0,235840.0,0.0,0.0,0.0,0.0,0.0,0.0,0.0
2026-03-31T03:00:00+02:00,9800.0,0.0,0.0,6320.0,0.0,0.0,0.0,0.0,0.0,9520.0,0.0,0.0,0.0,0.0,0.0,0.0,0.0,3360.0,0.0,0.0,3160.0,0.0,0.0,0.0,0.0,0.0,3120.0,0.0,0.0,0.0,0.0,0.0,0.0,0.0,114600.0,0.0,0.0,57040.0,0.0,0.0,0.0,0.0,0.0,16560.0,0.0,0.0,0.0,0.0,0.0,0.0,0.0
2026-03-31T04:00:00+02:00,7280.0,0.0,0.0,6000.0,0.0,0.0,0.0,0.0,0.0,3960.0,0.0,0.0,0.0,0.0,0.0,0.0,0.0,3080.0,0.0,0.0,3320.0,0.0,0.0,0.0,0.0,0.0,3240.0,0.0,0.0,0.0,0.0,0.0,0.0,0.0,69080.0,0.0,0.0,82800.0,0.0,0.0,0.0,0.0,0.0,18320.0,0.0,0.0,0.0,0.0,0.0,0.0,0.0
2026-03-31T05:00:00+02:00,4440.0,0.0,0.0,5840.0,0.0,0.0,0.0,8000.0,0.0,9280.0,0.0,0.0,0.0,0.0,0.0,0.0,0.0,3920.0,0.0,0.0,3080.0,0.0,0.0,0.0,8000.0,0.0,3440.0,0.0,0.0,0.0,0.0,0.0,0.0,0.0,12480.0,0.0,0.0,110000.0,0.0,0.0,0.0,8000.0,0.0,99679.0,0.0,0.0,0.0,0.0,0.0,0.0,0.0
2026-03-31T06:00:00+02:00,10000.0,8880.0,0.0,10000.0,0.0,0.0,0.0,9040.0,9920.0,10000.0,10000.0,0.0,0.0,0.0,0.0,7080.0,0.0,3040.0,3040.0,0.0,3040.0,0.0,0.0,0.0,3400.0,3280.0,3040.0,3800.0,0.0,0.0,0.0,0.0,3840.0,0.0,123960.0,58440.0,0.0,404959.0,0.0,0.0,0.0,78960.0,114600.0,491277.0,50119.0,0.0,0.0,0.0,0.0,31440.0,0.0
2026-03-31T07:00:00+02:00,6400.0,8920.0,0.0,10000.0,0.0,0.0,0.0,6360.0,10000.0,10040.0,6000.0,0.0,0.0,0.0,0.0,3840.0,0.0,3560.0,3440.0,0.0,3120.0,0.0,0.0,0.0,3600.0,3160.0,3120.0,4000.0,0.0,0.0,0.0,0.0,3840.0,0.0,9960.0,38240.0,0.0,1149039.0,0.0,0.0,0.0,25760.0,411519.0,630239.0,14240.0,0.0,0.0,0.0,0.0,3840.0,0.0
2026-03-31T08:00:00+02:00,4520.0,6480.0,0.0,10000.0,3320.0,0.0,9560.0,7440.0,10000.0,10040.0,8400.0,0.0,0.0,0.0,0.0,10040.0,0.0,4200.0,3560.0,0.0,3280.0,3320.0,0.0,8000.0,3480.0,3280.0,3160.0,5320.0,0.0,0.0,0.0,0.0,3160.0,0.0,8720.0,37240.0,0.0,550759.0,3320.0,0.0,17560.0,26320.0,70320.0,535600.0,21160.0,0.0,0.0,0.0,0.0,96960.0,0.0
2026-03-31T09:00:00+02:00,7840.0,4920.0,0.0,10000.0,3360.0,0.0,0.0,9360.0,9200.0,10000.0,8240.0,0.0,0.0,0.0,0.0,10000.0,0.0,4480.0,3240.0,0.0,3040.0,3360.0,0.0,0.0,3760.0,3040.0,3040.0,7080.0,0.0,0.0,0.0,0.0,4760.0,0.0,18640.0,8160.0,0.0,334800.0,3360.0,0.0,0.0,32240.0,139199.0,410319.0,15320.0,0.0,0.0,0.0,0.0,87560.0,0.0
2026-03-31T10:00:00+02:00,6760.0,9360.0,0.0,10040.0,0.0,0.0,0.0,9440.0,8000.0,10040.0,9640.0,0.0,0.0,0.0,0.0,10040.0,5360.0,5480.0,3120.0,0.0,3040.0,0.0,0.0,0.0,3240.0,3160.0,3040.0,3040.0,0.0,0.0,0.0,0.0,3160.0,5360.0,12240.0,121520.0,0.0,953919.0,0.0,0.0,0.0,16320.0,63840.0,1575879.0,24960.0,0.0,0.0,0.0,0.0,143560.0,5360.0
2026-03-31T11:00:00+02:00,8440.0,10000.0,0.0,10040.0,0.0,0.0,0.0,8320.0,9920.0,10040.0,9200.0,6720.0,0.0,0.0,0.0,10040.0,0.0,3200.0,3320.0,0.0,3040.0,0.0,0.0,0.0,6960.0,3200.0,3040.0,3160.0,6720.0,0.0,0.0,0.0,3040.0,0.0,26720.0,73400.0,0.0,933399.0,0.0,0.0,0.0,23200.0,113000.0,2574914.0,84520.0,6720.0,0.0,0.0,0.0,159079.0,0.0
2026-03-31T12:00:00+02:00,7440.0,9440.0,0.0,10040.0,0.0,0.0,0.0,9240.0,10040.0,10040.0,5960.0,0.0,0.0,0.0,0.0,8119.0,0.0,4800.0,4000.0,0.0,3160.0,0.0,0.0,0.0,3240.0,3240.0,3040.0,3960.0,0.0,0.0,0.0,0.0,6440.0,0.0,22720.0,69960.0,0.0,1384595.0,0.0,0.0,0.0,67040.0,231078.0,1881995.0,17920.0,0.0,0.0,0.0,0.0,21199.0,0.0
2026-03-31T13:00:00+02:00,8840.0,9200.0,0.0,10040.0,0.0,0.0,7920.0,10000.0,10000.0,10000.0,9840.0,0.0,0.0,0.0,0.0,7960.0,0.0,3200.0,3040.0,0.0,3240.0,0.0,0.0,3240.0,3760.0,3080.0,3040.0,3560.0,0.0,0.0,0.0,0.0,7960.0,0.0,30520.0,46240.0,0.0,823720.0,0.0,0.0,19920.0,39200.0,218639.0,1609797.0,145039.0,0.0,0.0,0.0,0.0,7960.0,0.0
2026-03-31T14:00:00+02:00,6800.0,8360.0,0.0,10000.0,0.0,0.0,0.0,10000.0,9720.0,10000.0,8280.0,0.0,0.0,0.0,0.0,9520.0,0.0,3280.0,3240.0,0.0,3040.0,0.0,0.0,0.0,3200.0,3080.0,3040.0,4000.0,0.0,0.0,0.0,0.0,3280.0,0.0,45240.0,56320.0,0.0,502280.0,0.0,0.0,0.0,148519.0,247040.0,1230998.0,42480.0,0.0,0.0,0.0,0.0,26120.0,0.0
2026-03-31T15:00:00+02:00,7640.0,9880.0,0.0,10000.0,3440.0,0.0,0.0,5920.0,10000.0,9960.0,9760.0,0.0,0.0,0.0,0.0,6000.0,9480.0,4000.0,3360.0,0.0,3080.0,3440.0,0.0,0.0,3320.0,3040.0,3040.0,3160.0,0.0,0.0,0.0,0.0,3440.0,4000.0,26680.0,61840.0,0.0,349158.0,3440.0,0.0,0.0,23360.0,66680.0,859916.0,135880.0,0.0,0.0,0.0,0.0,26040.0,64159.0
2026-03-31T16:00:00+02:00,6080.0,7480.0,0.0,10000.0,7320.0,0.0,0.0,8800.0,9960.0,10000.0,8960.0,6680.0,0.0,0.0,0.0,5960.0,0.0,3240.0,3160.0,0.0,3040.0,4000.0,0.0,0.0,3120.0,3040.0,3040.0,3120.0,6680.0,0.0,0.0,0.0,5960.0,0.0,52360.0,43040.0,0.0,712633.0,11320.0,0.0,0.0,107438.0,284080.0,2318433.0,49520.0,6680.0,0.0,0.0,0.0,5960.0,0.0
2026-03-31T17:00:00+02:00,6000.0,8280.0,0.0,10000.0,8400.0,0.0,0.0,8039.0,10000.0,10000.0,8000.0,0.0,0.0,0.0,0.0,9760.0,0.0,3680.0,3240.0,0.0,3040.0,3360.0,0.0,0.0,3160.0,3040.0,3040.0,3640.0,0.0,0.0,0.0,0.0,5880.0,0.0,45240.0,97840.0,0.0,1040718.0,29840.0,0.0,0.0,32399.0,420199.0,2690953.0,78920.0,0.0,0.0,0.0,0.0,40200.0,0.0
2026-03-31T18:00:00+02:00,9280.0,9920.0,0.0,10000.0,6000.0,0.0,0.0,0.0,10000.0,10000.0,8160.0,0.0,0.0,0.0,0.0,3960.0,0.0,3520.0,3160.0,0.0,3080.0,3080.0,0.0,0.0,0.0,3080.0,3040.0,3120.0,0.0,0.0,0.0,0.0,3960.0,0.0,86960.0,128080.0,0.0,1052678.0,25000.0,0.0,0.0,0.0,148040.0,1049038.0,50360.0,0.0,0.0,0.0,0.0,3960.0,0.0
2026-03-31T19:00:00+02:00,8720.0,7560.0,0.0,10000.0,6520.0,0.0,0.0,0.0,10000.0,9960.0,6000.0,0.0,0.0,0.0,0.0,7920.0,0.0,3360.0,3080.0,0.0,3080.0,6520.0,0.0,0.0,0.0,3480.0,3240.0,5800.0,0.0,0.0,0.0,0.0,4440.0,0.0,89920.0,53320.0,0.0,640877.0,6520.0,0.0,0.0,0.0,79279.0,523480.0,11800.0,0.0,0.0,0.0,0.0,12360.0,0.0
2026-03-31T20:00:00+02:00,9760.0,8640.0,0.0,10000.0,0.0,0.0,0.0,0.0,8920.0,9760.0,9640.0,8960.0,0.0,0.0,0.0,7720.0,0.0,3720.0,3800.0,0.0,3160.0,0.0,0.0,0.0,0.0,6840.0,3040.0,8200.0,4160.0,0.0,0.0,0.0,4080.0,0.0,40880.0,31000.0,0.0,189480.0,0.0,0.0,0.0,0.0,15760.0,413478.0,17840.0,22560.0,0.0,0.0,0.0,11800.0,0.0
2026-03-31T21:00:00+02:00,8240.0,8400.0,0.0,10000.0,0.0,0.0,0.0,0.0,0.0,10000.0,0.0,0.0,0.0,0.0,0.0,6160.0,0.0,5680.0,3080.0,0.0,3160.0,0.0,0.0,0.0,0.0,0.0,3280.0,0.0,0.0,0.0,0.0,0.0,6160.0,0.0,13920.0,36240.0,0.0,224000.0,0.0,0.0,0.0,0.0,0.0,522440.0,0.0,0.0,0.0,0.0,0.0,6160.0,0.0
2026-03-31T22:00:00+02:00,10000.0,8119.0,0.0,10000.0,0.0,0.0,0.0,0.0,0.0,9640.0,0.0,0.0,0.0,0.0,0.0,0.0,0.0,3120.0,3240.0,0.0,3040.0,0.0,0.0,0.0,0.0,0.0,3040.0,0.0,0.0,0.0,0.0,0.0,0.0,0.0,172519.0,17799.0,0.0,649116.0,0.0,0.0,0.0,0.0,0.0,235679.0,0.0,0.0,0.0,0.0,0.0,0.0,0.0
2026-03-31T23:00:00+02:00,10000.0,0.0,0.0,9960.0,0.0,0.0,0.0,0.0,4480.0,9640.0,0.0,0.0,0.0,0.0,0.0,0.0,0.0,3160.0,0.0,0.0,3080.0,0.0,0.0,0.0,0.0,3560.0,3280.0,0.0,0.0,0.0,0.0,0.0,0.0,0.0,413800.0,0.0,0.0,397957.0,0.0,0.0,0.0,0.0,8040.0,200319.0,0.0,0.0,0.0,0.0,0.0,0.0,0.0
2026-04-01T00:00:00+02:00,10000.0,0.0,0.0,10000.0,0.0,0.0,0.0,0.0,0.0,7800.0,0.0,0.0,0.0,0.0,0.0,0.0,0.0,3120.0,0.0,0.0,3040.0,0.0,0.0,0.0,0.0,0.0,3360.0,0.0,0.0,0.0,0.0,0.0,0.0,0.0,517399.0,0.0,0.0,558399.0,0.0,0.0,0.0,0.0,0.0,53080.0,0.0,0.0,0.0,0.0,0.0,0.0,0.0
2026-04-01T01:00:00+02:00,10000.0,3680.0,0.0,10000.0,0.0,0.0,0.0,0.0,0.0,7680.0,0.0,0.0,0.0,0.0,0.0,0.0,0.0,3040.0,3680.0,0.0,3080.0,0.0,0.0,0.0,0.0,0.0,4200.0,0.0,0.0,0.0,0.0,0.0,0.0,0.0,391199.0,3680.0,0.0,328639.0,0.0,0.0,0.0,0.0,0.0,19560.0,0.0,0.0,0.0,0.0,0.0,0.0,0.0
2026-04-01T02:00:00+02:00,10000.0,0.0,0.0,9840.0,0.0,0.0,0.0,0.0,0.0,9560.0,0.0,0.0,0.0,0.0,0.0,0.0,0.0,3040.0,0.0,0.0,3080.0,0.0,0.0,0.0,0.0,0.0,3040.0,0.0,0.0,0.0,0.0,0.0,0.0,0.0,347079.0,0.0,0.0,214200.0,0.0,0.0,0.0,0.0,0.0,83640.0,0.0,0.0,0.0,0.0,0.0,0.0,0.0
2026-04-01T03:00:00+02:00,9960.0,0.0,0.0,10000.0,0.0,0.0,0.0,0.0,6240.0,6600.0,0.0,0.0,0.0,0.0,0.0,0.0,0.0,3040.0,0.0,0.0,3080.0,0.0,0.0,0.0,0.0,6240.0,4920.0,0.0,0.0,0.0,0.0,0.0,0.0,0.0,749157.0,0.0,0.0,695235.0,0.0,0.0,0.0,0.0,6240.0,24520.0,0.0,0.0,0.0,0.0,0.0,0.0,0.0
2026-04-01T04:00:00+02:00,9560.0,0.0,0.0,9960.0,0.0,0.0,0.0,0.0,0.0,9680.0,0.0,0.0,0.0,0.0,0.0,0.0,0.0,3040.0,0.0,0.0,3120.0,0.0,0.0,0.0,0.0,0.0,5200.0,0.0,0.0,0.0,0.0,0.0,0.0,0.0,464520.0,0.0,0.0,601199.0,0.0,0.0,0.0,0.0,0.0,28520.0,0.0,0.0,0.0,0.0,0.0,0.0,0.0
2026-04-01T05:00:00+02:00,9720.0,0.0,0.0,10000.0,0.0,0.0,0.0,0.0,0.0,8080.0,0.0,3280.0,0.0,0.0,0.0,0.0,0.0,3160.0,0.0,0.0,3080.0,0.0,0.0,0.0,0.0,0.0,3440.0,0.0,3280.0,0.0,0.0,0.0,0.0,0.0,159920.0,0.0,0.0,589840.0,0.0,0.0,0.0,0.0,0.0,78480.0,0.0,3280.0,0.0,0.0,0.0,0.0,0.0
2026-04-01T06:00:00+02:00,7920.0,8840.0,0.0,10000.0,4800.0,0.0,0.0,4040.0,10000.0,8800.0,6000.0,6000.0,0.0,0.0,0.0,9960.0,0.0,3240.0,3480.0,0.0,3160.0,4800.0,0.0,0.0,4040.0,3040.0,3040.0,4000.0,6000.0,0.0,0.0,0.0,4000.0,0.0,94520.0,17440.0,0.0,718400.0,4800.0,0.0,0.0,4040.0,89240.0,117400.0,51440.0,6000.0,0.0,0.0,0.0,19560.0,0.0
2026-04-01T07:00:00+02:00,6880.0,9320.0,0.0,10000.0,0.0,0.0,0.0,9600.0,10000.0,9920.0,10000.0,0.0,0.0,0.0,0.0,7720.0,0.0,6880.0,9320.0,0.0,3040.0,0.0,0.0,0.0,4160.0,3080.0,3080.0,3600.0,0.0,0.0,0.0,0.0,6440.0,0.0,6880.0,9320.0,0.0,694640.0,0.0,0.0,0.0,22960.0,54560.0,93720.0,168559.0,0.0,0.0,0.0,0.0,14160.0,0.0
2026-04-01T08:00:00+02:00,7600.0,5800.0,0.0,10000.0,0.0,0.0,0.0,8680.0,10000.0,10000.0,9400.0,0.0,0.0,0.0,0.0,9520.0,0.0,5000.0,3960.0,0.0,3040.0,0.0,0.0,0.0,3920.0,3240.0,3080.0,3080.0,0.0,0.0,0.0,0.0,3160.0,0.0,18000.0,9760.0,0.0,449439.0,0.0,0.0,0.0,36800.0,297880.0,234280.0,173959.0,0.0,0.0,0.0,0.0,188559.0,0.0
2026-04-01T09:00:00+02:00,9680.0,9880.0,0.0,9960.0,0.0,0.0,0.0,4840.0,9960.0,9920.0,9640.0,0.0,0.0,0.0,0.0,9800.0,4200.0,3840.0,3880.0,0.0,3040.0,0.0,0.0,0.0,4040.0,3040.0,3040.0,3080.0,0.0,0.0,0.0,0.0,3320.0,4200.0,66480.0,45520.0,0.0,1205875.0,0.0,0.0,0.0,13720.0,617200.0,833678.0,128760.0,0.0,0.0,0.0,0.0,26120.0,4200.0
2026-04-01T10:00:00+02:00,5960.0,9440.0,0.0,9960.0,0.0,0.0,0.0,5440.0,8039.0,9960.0,9280.0,7040.0,0.0,0.0,0.0,9920.0,0.0,3800.0,3040.0,0.0,3040.0,0.0,0.0,0.0,4160.0,3080.0,3040.0,3720.0,7040.0,0.0,0.0,0.0,3240.0,0.0,28120.0,61360.0,0.0,979117.0,0.0,0.0,0.0,13840.0,215959.0,1160639.0,87560.0,7040.0,0.0,0.0,0.0,55200.0,0.0
2026-04-01T11:00:00+02:00,6240.0,7280.0,0.0,9840.0,8000.0,0.0,0.0,5160.0,9520.0,9720.0,9840.0,0.0,0.0,0.0,0.0,9160.0,0.0,3200.0,3640.0,0.0,3040.0,3200.0,0.0,0.0,4920.0,3120.0,3040.0,3440.0,0.0,0.0,0.0,0.0,3040.0,0.0,21040.0,31800.0,0.0,699639.0,83520.0,0.0,0.0,10080.0,285959.0,1456517.0,132400.0,0.0,0.0,0.0,0.0,44360.0,0.0
2026-04-01T12:00:00+02:00,5360.0,8280.0,0.0,9960.0,0.0,0.0,0.0,0.0,9960.0,9960.0,9880.0,0.0,0.0,0.0,0.0,8640.0,0.0,3840.0,3160.0,0.0,3080.0,0.0,0.0,0.0,0.0,3040.0,3080.0,4520.0,0.0,0.0,0.0,0.0,4680.0,0.0,13640.0,31560.0,0.0,445639.0,0.0,0.0,0.0,0.0,718879.0,1444599.0,57280.0,0.0,0.0,0.0,0.0,34160.0,0.0
2026-04-01T13:00:00+02:00,8680.0,8039.0,0.0,9880.0,0.0,0.0,0.0,0.0,9800.0,9960.0,6560.0,0.0,0.0,0.0,0.0,9680.0,5640.0,3800.0,3720.0,0.0,3080.0,0.0,0.0,0.0,0.0,3080.0,3040.0,3640.0,0.0,0.0,0.0,0.0,7040.0,3280.0,65960.0,27759.0,0.0,262040.0,0.0,0.0,0.0,0.0,438520.0,888679.0,16080.0,0.0,0.0,0.0,0.0,16720.0,8920.0
2026-04-01T14:00:00+02:00,9240.0,9000.0,0.0,9840.0,6000.0,0.0,0.0,0.0,9960.0,9880.0,8880.0,0.0,0.0,0.0,0.0,3520.0,0.0,3320.0,3080.0,0.0,3040.0,3880.0,0.0,0.0,0.0,3120.0,3040.0,3040.0,0.0,0.0,0.0,0.0,3520.0,0.0,74440.0,61440.0,0.0,356678.0,28920.0,0.0,0.0,0.0,497794.0,784239.0,68080.0,0.0,0.0,0.0,0.0,3520.0,0.0
2026-04-01T15:00:00+02:00,9640.0,9720.0,0.0,9800.0,8240.0,0.0,0.0,0.0,9960.0,9960.0,8880.0,3200.0,0.0,0.0,0.0,4520.0,9160.0,3040.0,3480.0,0.0,3160.0,3160.0,0.0,0.0,0.0,3080.0,3040.0,3040.0,3200.0,0.0,0.0,0.0,3680.0,9160.0,92400.0,37640.0,0.0,551078.0,62800.0,0.0,0.0,0.0,1035316.0,1546755.0,70240.0,3200.0,0.0,0.0,0.0,8200.0,9160.0
2026-04-01T16:00:00+02:00,7480.0,9880.0,0.0,9960.0,0.0,0.0,0.0,8800.0,9960.0,9880.0,9600.0,9880.0,0.0,0.0,0.0,0.0,7880.0,3240.0,3280.0,0.0,3040.0,0.0,0.0,0.0,6360.0,3080.0,3040.0,3480.0,3080.0,0.0,0.0,0.0,0.0,3520.0,32080.0,199440.0,0.0,684997.0,0.0,0.0,0.0,15160.0,888837.0,1259799.0,104440.0,84440.0,0.0,0.0,0.0,0.0,15400.0
2026-04-01T17:00:00+02:00,9240.0,8800.0,0.0,9920.0,3040.0,0.0,0.0,5440.0,9840.0,9960.0,7320.0,9880.0,0.0,0.0,0.0,7560.0,0.0,3160.0,3120.0,0.0,3040.0,3040.0,0.0,0.0,5440.0,3040.0,3080.0,7320.0,3840.0,0.0,0.0,0.0,3080.0,0.0,70440.0,50000.0,0.0,745238.0,3040.0,0.0,0.0,5440.0,610760.0,1289198.0,7320.0,64720.0,0.0,0.0,0.0,14280.0,0.0
2026-04-01T18:00:00+02:00,8640.0,7840.0,0.0,9480.0,4880.0,0.0,0.0,0.0,9960.0,9960.0,9040.0,0.0,0.0,0.0,0.0,5040.0,5640.0,3360.0,3120.0,0.0,3040.0,3880.0,0.0,0.0,0.0,3040.0,3040.0,3440.0,0.0,0.0,0.0,0.0,3240.0,5640.0,54040.0,129520.0,0.0,450600.0,13120.0,0.0,0.0,0.0,192680.0,575039.0,86360.0,0.0,0.0,0.0,0.0,11760.0,5640.0
2026-04-01T19:00:00+02:00,5880.0,7640.0,0.0,9960.0,7520.0,0.0,0.0,3880.0,8039.0,9920.0,0.0,0.0,0.0,0.0,0.0,8560.0,0.0,5880.0,4400.0,0.0,3040.0,3160.0,0.0,0.0,3520.0,3040.0,3040.0,0.0,0.0,0.0,0.0,0.0,8560.0,0.0,5880.0,38800.0,0.0,345359.0,33280.0,0.0,0.0,10960.0,135839.0,374479.0,0.0,0.0,0.0,0.0,0.0,8560.0,0.0
2026-04-01T20:00:00+02:00,8000.0,8360.0,0.0,9920.0,0.0,0.0,0.0,0.0,9640.0,9880.0,7720.0,0.0,0.0,0.0,0.0,8840.0,0.0,3480.0,3800.0,0.0,3040.0,0.0,0.0,0.0,0.0,3880.0,3040.0,3400.0,0.0,0.0,0.0,0.0,8840.0,0.0,51280.0,16520.0,0.0,624998.0,0.0,0.0,0.0,0.0,34840.0,1705713.0,34360.0,0.0,0.0,0.0,0.0,8840.0,0.0
2026-04-01T21:00:00+02:00,9440.0,9120.0,0.0,9880.0,7240.0,0.0,0.0,0.0,0.0,9920.0,0.0,0.0,0.0,0.0,0.0,0.0,0.0,3520.0,3040.0,0.0,3240.0,5960.0,0.0,0.0,0.0,0.0,3040.0,0.0,0.0,0.0,0.0,0.0,0.0,0.0,47160.0,25560.0,0.0,261000.0,13200.0,0.0,0.0,0.0,0.0,582159.0,0.0,0.0,0.0,0.0,0.0,0.0,0.0
2026-04-01T22:00:00+02:00,5200.0,0.0,0.0,9800.0,0.0,0.0,0.0,0.0,0.0,9840.0,0.0,0.0,0.0,0.0,0.0,0.0,0.0,3080.0,0.0,0.0,4000.0,0.0,0.0,0.0,0.0,0.0,3040.0,0.0,0.0,0.0,0.0,0.0,0.0,0.0,21560.0,0.0,0.0,206520.0,0.0,0.0,0.0,0.0,0.0,326359.0,0.0,0.0,0.0,0.0,0.0,0.0,0.0
2026-04-01T23:00:00+02:00,7840.0,0.0,0.0,9960.0,0.0,0.0,0.0,0.0,0.0,9640.0,0.0,0.0,0.0,0.0,0.0,0.0,0.0,3040.0,0.0,0.0,3080.0,0.0,0.0,0.0,0.0,0.0,3280.0,0.0,0.0,0.0,0.0,0.0,0.0,0.0,141280.0,0.0,0.0,132440.0,0.0,0.0,0.0,0.0,0.0,142280.0,0.0,0.0,0.0,0.0,0.0,0.0,0.0
2026-04-02T00:00:00+02:00,6040.0,0.0,0.0,9480.0,0.0,0.0,0.0,0.0,0.0,9720.0,0.0,0.0,0.0,0.0,0.0,0.0,0.0,3280.0,0.0,0.0,3040.0,0.0,0.0,0.0,0.0,0.0,3160.0,0.0,0.0,0.0,0.0,0.0,0.0,0.0,81680.0,0.0,0.0,168720.0,0.0,0.0,0.0,0.0,0.0,124720.0,0.0,0.0,0.0,0.0,0.0,0.0,0.0
2026-04-02T01:00:00+02:00,9640.0,9440.0,0.0,9840.0,0.0,0.0,0.0,0.0,0.0,9840.0,0.0,3640.0,0.0,0.0,0.0,0.0,0.0,3040.0,3040.0,0.0,3040.0,0.0,0.0,0.0,0.0,0.0,3040.0,0.0,3640.0,0.0,0.0,0.0,0.0,0.0,238960.0,20519.0,0.0,568039.0,0.0,0.0,0.0,0.0,0.0,184600.0,0.0,3640.0,0.0,0.0,0.0,0.0,0.0
2026-04-02T02:00:00+02:00,7240.0,0.0,0.0,9680.0,0.0,0.0,0.0,0.0,6720.0,9880.0,0.0,0.0,0.0,0.0,0.0,0.0,0.0,3360.0,0.0,0.0,3040.0,0.0,0.0,0.0,0.0,3760.0,3040.0,0.0,0.0,0.0,0.0,0.0,0.0,0.0,125120.0,0.0,0.0,618519.0,0.0,0.0,0.0,0.0,18880.0,298199.0,0.0,0.0,0.0,0.0,0.0,0.0,0.0
2026-04-02T03:00:00+02:00,0.0,3200.0,0.0,8480.0,0.0,0.0,0.0,0.0,3400.0,9480.0,0.0,8119.0,0.0,0.0,0.0,0.0,0.0,0.0,3200.0,0.0,3320.0,0.0,0.0,0.0,0.0,3400.0,3080.0,0.0,4080.0,0.0,0.0,0.0,0.0,0.0,0.0,3200.0,0.0,264160.0,0.0,0.0,0.0,0.0,3400.0,191000.0,0.0,12199.0,0.0,0.0,0.0,0.0,0.0
2026-04-02T04:00:00+02:00,9440.0,0.0,0.0,7640.0,0.0,0.0,0.0,0.0,0.0,9880.0,0.0,8200.0,0.0,0.0,0.0,0.0,0.0,3960.0,0.0,0.0,7640.0,0.0,0.0,0.0,0.0,0.0,3280.0,0.0,3840.0,0.0,0.0,0.0,0.0,0.0,24640.0,0.0,0.0,7640.0,0.0,0.0,0.0,0.0,0.0,201880.0,0.0,84000.0,0.0,0.0,0.0,0.0,0.0
2026-04-02T05:00:00+02:00,8800.0,0.0,0.0,7240.0,0.0,0.0,0.0,3520.0,0.0,8200.0,0.0,9120.0,0.0,0.0,0.0,0.0,0.0,8800.0,0.0,0.0,3440.0,0.0,0.0,0.0,3520.0,0.0,3160.0,0.0,3960.0,0.0,0.0,0.0,0.0,0.0,8800.0,0.0,0.0,27200.0,0.0,0.0,0.0,3520.0,0.0,80360.0,0.0,45360.0,0.0,0.0,0.0,0.0,0.0
2026-04-02T06:00:00+02:00,5000.0,9440.0,0.0,8039.0,7880.0,0.0,0.0,0.0,9640.0,8000.0,4000.0,8000.0,0.0,0.0,0.0,6000.0,0.0,4000.0,3920.0,0.0,3120.0,3960.0,0.0,0.0,0.0,3360.0,3120.0,4000.0,4000.0,0.0,0.0,0.0,3280.0,0.0,9000.0,22400.0,0.0,244319.0,22640.0,0.0,0.0,0.0,169560.0,96600.0,8000.0,12000.0,0.0,0.0,0.0,38880.0,0.0
2026-04-02T07:00:00+02:00,0.0,0.0,0.0,8960.0,0.0,0.0,0.0,5480.0,9840.0,9160.0,9640.0,4000.0,0.0,0.0,0.0,0.0,0.0,0.0,0.0,0.0,3160.0,0.0,0.0,0.0,4000.0,3040.0,3160.0,9640.0,4000.0,0.0,0.0,0.0,0.0,0.0,0.0,0.0,0.0,855314.0,0.0,0.0,0.0,22440.0,1724591.0,687438.0,9640.0,4000.0,0.0,0.0,0.0,0.0,0.0
2026-04-02T08:00:00+02:00,8360.0,7120.0,0.0,9840.0,3440.0,0.0,0.0,4320.0,9920.0,8960.0,9720.0,7960.0,0.0,0.0,0.0,3480.0,0.0,3080.0,4040.0,0.0,3240.0,3440.0,0.0,0.0,3200.0,3040.0,3200.0,3920.0,4040.0,0.0,0.0,0.0,3440.0,0.0,11440.0,22720.0,0.0,1301833.0,3440.0,0.0,0.0,30160.0,1734993.0,403357.0,34879.0,12000.0,0.0,0.0,0.0,6920.0,0.0
2026-04-02T09:00:00+02:00,8280.0,0.0,0.0,9920.0,0.0,0.0,0.0,0.0,9920.0,9920.0,9280.0,9480.0,0.0,0.0,0.0,0.0,0.0,4960.0,0.0,0.0,3040.0,0.0,0.0,0.0,0.0,3040.0,3080.0,4000.0,3480.0,0.0,0.0,0.0,0.0,0.0,31120.0,0.0,0.0,1080520.0,0.0,0.0,0.0,0.0,1304320.0,824120.0,90280.0,35920.0,0.0,0.0,0.0,0.0,0.0
2026-04-02T10:00:00+02:00,6280.0,8720.0,0.0,9840.0,0.0,0.0,0.0,0.0,8000.0,9680.0,9760.0,3880.0,0.0,0.0,0.0,0.0,0.0,3240.0,3840.0,0.0,3040.0,0.0,0.0,0.0,0.0,3240.0,3080.0,3200.0,3560.0,0.0,0.0,0.0,0.0,0.0,13520.0,22320.0,0.0,1018558.0,0.0,0.0,0.0,0.0,300240.0,328360.0,210840.0,11200.0,0.0,0.0,0.0,0.0,0.0
2026-04-02T11:00:00+02:00,7400.0,9280.0,0.0,9920.0,0.0,0.0,0.0,0.0,9040.0,9680.0,9920.0,7640.0,0.0,0.0,0.0,0.0,0.0,3240.0,3560.0,0.0,3040.0,0.0,0.0,0.0,0.0,3040.0,3120.0,3080.0,3400.0,0.0,0.0,0.0,0.0,0.0,41600.0,86240.0,0.0,697354.0,0.0,0.0,0.0,0.0,180040.0,381118.0,198800.0,46880.0,0.0,0.0,0.0,0.0,0.0
2026-04-02T12:00:00+02:00,4640.0,9520.0,0.0,9840.0,6000.0,0.0,0.0,0.0,8960.0,9880.0,8560.0,8039.0,0.0,0.0,0.0,6920.0,7880.0,4480.0,4000.0,0.0,3200.0,3280.0,0.0,0.0,0.0,3040.0,3040.0,3040.0,3280.0,0.0,0.0,0.0,6920.0,3600.0,9120.0,54640.0,0.0,561714.0,16760.0,0.0,0.0,0.0,134760.0,509276.0,230798.0,54679.0,0.0,0.0,0.0,6920.0,29400.0
2026-04-02T13:00:00+02:00,8680.0,9560.0,0.0,9760.0,0.0,0.0,0.0,0.0,9600.0,9840.0,9920.0,9600.0,0.0,0.0,0.0,6800.0,0.0,3160.0,4080.0,0.0,3040.0,0.0,0.0,0.0,0.0,3200.0,3040.0,3120.0,3040.0,0.0,0.0,0.0,5400.0,0.0,68400.0,45399.0,0.0,1374916.0,0.0,0.0,0.0,0.0,234999.0,1482637.0,429920.0,126440.0,0.0,0.0,0.0,12200.0,0.0
2026-04-02T14:00:00+02:00,6840.0,8320.0,0.0,9800.0,4160.0,0.0,0.0,0.0,9800.0,9920.0,8360.0,9680.0,0.0,0.0,0.0,7240.0,0.0,3640.0,3880.0,0.0,3040.0,3600.0,0.0,0.0,0.0,3560.0,3040.0,3200.0,4000.0,0.0,0.0,0.0,7240.0,0.0,31640.0,12200.0,0.0,988959.0,7760.0,0.0,0.0,0.0,436800.0,1372158.0,170520.0,27520.0,0.0,0.0,0.0,7240.0,0.0
2026-04-02T15:00:00+02:00,6440.0,9600.0,0.0,9880.0,0.0,0.0,0.0,0.0,9760.0,9920.0,8000.0,0.0,0.0,0.0,0.0,0.0,0.0,3080.0,4840.0,0.0,3040.0,0.0,0.0,0.0,0.0,3040.0,3080.0,3240.0,0.0,0.0,0.0,0.0,0.0,0.0,23480.0,20720.0,0.0,796960.0,0.0,0.0,0.0,0.0,937518.0,1004039.0,82920.0,0.0,0.0,0.0,0.0,0.0,0.0
2026-04-02T16:00:00+02:00,9800.0,8039.0,0.0,9880.0,0.0,0.0,0.0,0.0,9840.0,9880.0,9040.0,3960.0,0.0,0.0,0.0,0.0,0.0,3520.0,3120.0,0.0,3040.0,0.0,0.0,0.0,0.0,3120.0,3040.0,3240.0,3960.0,0.0,0.0,0.0,0.0,0.0,21560.0,26119.0,0.0,812877.0,0.0,0.0,0.0,0.0,397317.0,415159.0,68600.0,3960.0,0.0,0.0,0.0,0.0,0.0
2026-04-02T17:00:00+02:00,9760.0,8560.0,0.0,9200.0,0.0,0.0,0.0,0.0,9560.0,9760.0,7840.0,0.0,0.0,0.0,0.0,0.0,0.0,3200.0,3640.0,0.0,3040.0,0.0,0.0,0.0,0.0,3040.0,3160.0,4000.0,0.0,0.0,0.0,0.0,0.0,0.0,161080.0,33200.0,0.0,293920.0,0.0,0.0,0.0,0.0,116240.0,313438.0,23680.0,0.0,0.0,0.0,0.0,0.0,0.0
2026-04-02T18:00:00+02:00,8039.0,9400.0,0.0,9280.0,0.0,0.0,0.0,0.0,5240.0,9840.0,7240.0,0.0,0.0,0.0,0.0,5920.0,0.0,3040.0,3040.0,0.0,3040.0,0.0,0.0,0.0,0.0,3120.0,3040.0,3200.0,0.0,0.0,0.0,0.0,4200.0,0.0,378839.0,75120.0,0.0,836559.0,0.0,0.0,0.0,0.0,12440.0,1363717.0,24200.0,0.0,0.0,0.0,0.0,10120.0,0.0
2026-04-02T19:00:00+02:00,5040.0,9880.0,0.0,9680.0,0.0,0.0,0.0,0.0,5520.0,9880.0,4800.0,0.0,0.0,0.0,0.0,0.0,0.0,3080.0,6560.0,0.0,3040.0,0.0,0.0,0.0,0.0,4520.0,3040.0,3880.0,0.0,0.0,0.0,0.0,0.0,0.0,20480.0,66160.0,0.0,889317.0,0.0,0.0,0.0,0.0,10040.0,1259399.0,8680.0,0.0,0.0,0.0,0.0,0.0,0.0
2026-04-02T20:00:00+02:00,8680.0,7560.0,0.0,9680.0,0.0,0.0,0.0,0.0,4360.0,9800.0,7560.0,0.0,0.0,0.0,0.0,0.0,0.0,3040.0,3880.0,0.0,3040.0,0.0,0.0,0.0,0.0,3200.0,3040.0,7560.0,0.0,0.0,0.0,0.0,0.0,0.0,64160.0,25160.0,0.0,438680.0,0.0,0.0,0.0,0.0,15280.0,883556.0,7560.0,0.0,0.0,0.0,0.0,0.0,0.0
2026-04-02T21:00:00+02:00,7840.0,5200.0,0.0,9680.0,0.0,0.0,0.0,0.0,4800.0,9880.0,4360.0,0.0,0.0,0.0,0.0,6160.0,0.0,5920.0,4120.0,0.0,3040.0,0.0,0.0,0.0,0.0,3360.0,3040.0,3360.0,0.0,0.0,0.0,0.0,4040.0,0.0,13760.0,9320.0,0.0,257039.0,0.0,0.0,0.0,0.0,8160.0,373077.0,12040.0,0.0,0.0,0.0,0.0,10200.0,0.0
2026-04-02T22:00:00+02:00,5920.0,5880.0,0.0,9760.0,0.0,0.0,0.0,0.0,0.0,9680.0,0.0,0.0,0.0,0.0,0.0,0.0,0.0,5920.0,5880.0,0.0,3400.0,0.0,0.0,0.0,0.0,0.0,3040.0,0.0,0.0,0.0,0.0,0.0,0.0,0.0,5920.0,5880.0,0.0,262400.0,0.0,0.0,0.0,0.0,0.0,196640.0,0.0,0.0,0.0,0.0,0.0,0.0,0.0
2026-04-02T23:00:00+02:00,7400.0,5800.0,0.0,9040.0,0.0,0.0,0.0,0.0,7640.0,9320.0,0.0,6400.0,0.0,0.0,0.0,0.0,0.0,3240.0,5800.0,0.0,3080.0,0.0,0.0,0.0,0.0,3080.0,3040.0,0.0,6400.0,0.0,0.0,0.0,0.0,0.0,38600.0,5800.0,0.0,336118.0,0.0,0.0,0.0,0.0,23120.0,453640.0,0.0,6400.0,0.0,0.0,0.0,0.0,0.0
2026-04-03T00:00:00+02:00,8480.0,5440.0,0.0,9880.0,0.0,0.0,0.0,0.0,9800.0,9240.0,7080.0,6840.0,0.0,0.0,0.0,0.0,0.0,3080.0,3960.0,0.0,3040.0,0.0,0.0,0.0,0.0,3040.0,3040.0,4800.0,3920.0,0.0,0.0,0.0,0.0,0.0,220520.0,13360.0,0.0,793879.0,0.0,0.0,0.0,0.0,108160.0,619079.0,22680.0,27400.0,0.0,0.0,0.0,0.0,0.0
2026-04-03T01:00:00+02:00,8840.0,7720.0,0.0,9640.0,0.0,0.0,0.0,0.0,6440.0,9840.0,0.0,8000.0,0.0,0.0,0.0,0.0,0.0,3040.0,5080.0,0.0,3040.0,0.0,0.0,0.0,0.0,3160.0,3040.0,0.0,3040.0,0.0,0.0,0.0,0.0,0.0,82320.0,20440.0,0.0,523558.0,0.0,0.0,0.0,0.0,22280.0,316399.0,0.0,194240.0,0.0,0.0,0.0,0.0,0.0
2026-04-03T02:00:00+02:00,5840.0,5360.0,0.0,9880.0,0.0,0.0,0.0,0.0,7160.0,9760.0,0.0,7840.0,0.0,0.0,0.0,0.0,0.0,3120.0,3360.0,0.0,3040.0,0.0,0.0,0.0,0.0,3560.0,3080.0,0.0,3320.0,0.0,0.0,0.0,0.0,0.0,50000.0,8720.0,0.0,395000.0,0.0,0.0,0.0,0.0,18200.0,490478.0,0.0,42240.0,0.0,0.0,0.0,0.0,0.0
2026-04-03T03:00:00+02:00,3720.0,5280.0,0.0,9280.0,0.0,0.0,0.0,0.0,4280.0,9880.0,7640.0,8840.0,0.0,0.0,0.0,0.0,4480.0,3720.0,3480.0,0.0,3120.0,0.0,0.0,0.0,0.0,3240.0,3040.0,3920.0,3720.0,0.0,0.0,0.0,0.0,4440.0,3720.0,8760.0,0.0,199279.0,0.0,0.0,0.0,0.0,11200.0,410800.0,25760.0,118720.0,0.0,0.0,0.0,0.0,8920.0
2026-04-03T04:00:00+02:00,0.0,3320.0,0.0,9720.0,0.0,0.0,0.0,0.0,9400.0,9880.0,0.0,8840.0,0.0,0.0,0.0,0.0,0.0,0.0,3320.0,0.0,3440.0,0.0,0.0,0.0,0.0,3960.0,3080.0,0.0,3800.0,0.0,0.0,0.0,0.0,0.0,0.0,3320.0,0.0,178196.0,0.0,0.0,0.0,0.0,30960.0,214119.0,0.0,41760.0,0.0,0.0,0.0,0.0,0.0
2026-04-03T05:00:00+02:00,0.0,0.0,0.0,9840.0,0.0,0.0,0.0,0.0,0.0,9840.0,0.0,0.0,0.0,0.0,0.0,0.0,0.0,0.0,0.0,0.0,3040.0,0.0,0.0,0.0,0.0,0.0,4480.0,0.0,0.0,0.0,0.0,0.0,0.0,0.0,0.0,0.0,0.0,539115.0,0.0,0.0,0.0,0.0,0.0,38640.0,0.0,0.0,0.0,0.0,0.0,0.0,0.0
2026-04-03T06:00:00+02:00,3960.0,3680.0,0.0,9880.0,0.0,0.0,0.0,6160.0,4560.0,9280.0,6440.0,4640.0,0.0,0.0,0.0,8720.0,0.0,3960.0,3680.0,0.0,3040.0,0.0,0.0,0.0,5240.0,3280.0,3040.0,3160.0,3960.0,0.0,0.0,0.0,8720.0,0.0,3960.0,3680.0,0.0,814036.0,0.0,0.0,0.0,17440.0,31640.0,224600.0,59280.0,12600.0,0.0,0.0,0.0,8720.0,0.0
2026-04-03T07:00:00+02:00,8920.0,0.0,0.0,9800.0,0.0,0.0,0.0,3840.0,3160.0,9040.0,3960.0,3960.0,0.0,0.0,0.0,6040.0,0.0,3040.0,0.0,0.0,3040.0,0.0,0.0,0.0,3840.0,3160.0,3160.0,3960.0,3680.0,0.0,0.0,0.0,5400.0,0.0,19440.0,0.0,0.0,657077.0,0.0,0.0,0.0,3840.0,3160.0,211960.0,7920.0,7640.0,0.0,0.0,0.0,11440.0,0.0
2026-04-03T08:00:00+02:00,8600.0,9280.0,0.0,9880.0,0.0,0.0,0.0,0.0,8080.0,9080.0,7000.0,0.0,0.0,0.0,0.0,4400.0,0.0,3320.0,7240.0,0.0,3080.0,0.0,0.0,0.0,0.0,3920.0,3120.0,3040.0,0.0,0.0,0.0,0.0,4400.0,0.0,24120.0,16520.0,0.0,616480.0,0.0,0.0,0.0,0.0,18840.0,75280.0,46800.0,0.0,0.0,0.0,0.0,4400.0,0.0
2026-04-03T09:00:00+02:00,6640.0,7080.0,0.0,8480.0,0.0,0.0,0.0,0.0,8000.0,9840.0,8480.0,0.0,0.0,0.0,0.0,9720.0,0.0,3960.0,3520.0,0.0,3040.0,0.0,0.0,0.0,0.0,3080.0,3120.0,3160.0,0.0,0.0,0.0,0.0,7520.0,0.0,10600.0,10600.0,0.0,408600.0,0.0,0.0,0.0,0.0,136640.0,201440.0,154720.0,0.0,0.0,0.0,0.0,17240.0,0.0
2026-04-03T10:00:00+02:00,8800.0,8760.0,0.0,9600.0,0.0,0.0,0.0,0.0,9840.0,9760.0,9760.0,0.0,0.0,0.0,0.0,9600.0,0.0,3440.0,6560.0,0.0,3160.0,0.0,0.0,0.0,0.0,3120.0,3240.0,3240.0,0.0,0.0,0.0,0.0,7440.0,0.0,58400.0,15320.0,0.0,436038.0,0.0,0.0,0.0,0.0,289719.0,470880.0,136480.0,0.0,0.0,0.0,0.0,25040.0,0.0
2026-04-03T11:00:00+02:00,9640.0,8080.0,0.0,9880.0,0.0,0.0,0.0,0.0,9760.0,9880.0,8000.0,0.0,0.0,0.0,0.0,9640.0,0.0,3040.0,3240.0,0.0,3040.0,0.0,0.0,0.0,0.0,3080.0,3040.0,3400.0,0.0,0.0,0.0,0.0,3040.0,0.0,186040.0,23760.0,0.0,959197.0,0.0,0.0,0.0,0.0,678480.0,1663960.0,128960.0,0.0,0.0,0.0,0.0,26000.0,0.0
2026-04-03T12:00:00+02:00,8000.0,6840.0,0.0,9760.0,0.0,0.0,0.0,0.0,9080.0,9880.0,9360.0,0.0,0.0,0.0,0.0,8600.0,4000.0,3320.0,4160.0,0.0,3040.0,0.0,0.0,0.0,0.0,3040.0,3040.0,3080.0,0.0,0.0,0.0,0.0,5640.0,4000.0,32640.0,26320.0,0.0,618438.0,0.0,0.0,0.0,0.0,919679.0,1781876.0,166280.0,0.0,0.0,0.0,0.0,22440.0,4000.0
2026-04-03T13:00:00+02:00,9800.0,7520.0,0.0,9360.0,0.0,0.0,0.0,0.0,9760.0,9840.0,9400.0,0.0,0.0,0.0,0.0,0.0,0.0,3040.0,3960.0,0.0,3080.0,0.0,0.0,0.0,0.0,3040.0,3040.0,3120.0,0.0,0.0,0.0,0.0,0.0,0.0,208719.0,55440.0,0.0,234600.0,0.0,0.0,0.0,0.0,584679.0,2324238.0,124520.0,0.0,0.0,0.0,0.0,0.0,0.0
2026-04-03T14:00:00+02:00,9360.0,7400.0,0.0,9520.0,0.0,0.0,0.0,0.0,9760.0,9840.0,9720.0,4200.0,0.0,0.0,0.0,0.0,0.0,3040.0,3600.0,0.0,3040.0,0.0,0.0,0.0,0.0,3160.0,3040.0,3040.0,4200.0,0.0,0.0,0.0,0.0,0.0,285159.0,40120.0,0.0,322079.0,0.0,0.0,0.0,0.0,316880.0,1701519.0,104880.0,4200.0,0.0,0.0,0.0,0.0,0.0
2026-04-03T15:00:00+02:00,6640.0,9120.0,0.0,9320.0,0.0,0.0,0.0,0.0,9560.0,9840.0,4840.0,0.0,0.0,0.0,0.0,9040.0,6000.0,5320.0,4000.0,0.0,3040.0,0.0,0.0,0.0,0.0,3040.0,3040.0,3120.0,0.0,0.0,0.0,0.0,6120.0,6000.0,18160.0,19440.0,0.0,386640.0,0.0,0.0,0.0,0.0,253999.0,675520.0,42720.0,0.0,0.0,0.0,0.0,30040.0,6000.0
2026-04-03T16:00:00+02:00,9040.0,9600.0,0.0,9520.0,0.0,0.0,0.0,0.0,9800.0,9840.0,8760.0,5840.0,0.0,0.0,0.0,9000.0,4200.0,3160.0,4120.0,0.0,3040.0,0.0,0.0,0.0,0.0,3040.0,3040.0,3160.0,5840.0,0.0,0.0,0.0,9000.0,4200.0,83640.0,38280.0,0.0,511520.0,0.0,0.0,0.0,0.0,378120.0,729439.0,64040.0,5840.0,0.0,0.0,0.0,9000.0,4200.0
2026-04-03T17:00:00+02:00,9840.0,8480.0,0.0,9840.0,0.0,0.0,0.0,0.0,9800.0,9840.0,8000.0,3560.0,0.0,0.0,0.0,8600.0,5640.0,3200.0,3080.0,0.0,3040.0,0.0,0.0,0.0,0.0,3040.0,3040.0,3520.0,3080.0,0.0,0.0,0.0,5760.0,3040.0,141200.0,33400.0,0.0,744520.0,0.0,0.0,0.0,0.0,430599.0,1613717.0,136080.0,6640.0,0.0,0.0,0.0,14360.0,11920.0
2026-04-03T18:00:00+02:00,9760.0,7960.0,0.0,9640.0,7840.0,0.0,0.0,0.0,9640.0,9840.0,9680.0,7040.0,0.0,0.0,0.0,4000.0,7040.0,3120.0,3520.0,0.0,3240.0,3360.0,0.0,0.0,0.0,3040.0,3040.0,3320.0,3480.0,0.0,0.0,0.0,4000.0,5680.0,259319.0,30720.0,0.0,591520.0,11200.0,0.0,0.0,0.0,307918.0,1835712.0,163120.0,15200.0,0.0,0.0,0.0,4000.0,12720.0
2026-04-03T19:00:00+02:00,8640.0,7120.0,0.0,9480.0,0.0,0.0,0.0,7720.0,9520.0,9600.0,6000.0,8000.0,0.0,0.0,0.0,0.0,0.0,3520.0,3040.0,0.0,3080.0,0.0,0.0,0.0,5120.0,3120.0,3040.0,3360.0,3560.0,0.0,0.0,0.0,0.0,0.0,49400.0,15920.0,0.0,464720.0,0.0,0.0,0.0,12840.0,686360.0,665839.0,9360.0,73320.0,0.0,0.0,0.0,0.0,0.0
2026-04-03T20:00:00+02:00,6600.0,9360.0,0.0,9760.0,7920.0,0.0,0.0,8200.0,7720.0,9440.0,0.0,4600.0,0.0,0.0,0.0,0.0,0.0,6600.0,3920.0,0.0,3120.0,3160.0,0.0,0.0,3240.0,4560.0,3040.0,0.0,4600.0,0.0,0.0,0.0,0.0,0.0,6600.0,17600.0,0.0,258080.0,33320.0,0.0,0.0,40800.0,12280.0,358800.0,0.0,4600.0,0.0,0.0,0.0,0.0,0.0
2026-04-03T21:00:00+02:00,6720.0,0.0,0.0,8280.0,0.0,0.0,0.0,6680.0,0.0,9560.0,0.0,0.0,0.0,0.0,0.0,5400.0,0.0,6720.0,0.0,0.0,3080.0,0.0,0.0,0.0,3760.0,0.0,3200.0,0.0,0.0,0.0,0.0,0.0,5400.0,0.0,6720.0,0.0,0.0,103120.0,0.0,0.0,0.0,32120.0,0.0,316879.0,0.0,0.0,0.0,0.0,0.0,5400.0,0.0
2026-04-03T22:00:00+02:00,8240.0,0.0,0.0,9640.0,0.0,0.0,0.0,3960.0,0.0,9840.0,0.0,0.0,0.0,0.0,0.0,0.0,0.0,6080.0,0.0,0.0,3240.0,0.0,0.0,0.0,3960.0,0.0,3080.0,0.0,0.0,0.0,0.0,0.0,0.0,0.0,14320.0,0.0,0.0,252880.0,0.0,0.0,0.0,7920.0,0.0,702839.0,0.0,0.0,0.0,0.0,0.0,0.0,0.0
2026-04-03T23:00:00+02:00,3120.0,3840.0,0.0,8840.0,0.0,0.0,0.0,0.0,3200.0,9600.0,3880.0,0.0,0.0,0.0,0.0,0.0,0.0,3040.0,3240.0,0.0,3400.0,0.0,0.0,0.0,0.0,3200.0,3040.0,3880.0,0.0,0.0,0.0,0.0,0.0,0.0,6160.0,7080.0,0.0,52080.0,0.0,0.0,0.0,0.0,3200.0,206799.0,3880.0,0.0,0.0,0.0,0.0,0.0,0.0
2026-04-04T00:00:00+02:00,7960.0,6800.0,0.0,9800.0,0.0,0.0,0.0,0.0,0.0,9800.0,3040.0,0.0,0.0,0.0,0.0,0.0,0.0,3480.0,6800.0,0.0,3240.0,0.0,0.0,0.0,0.0,0.0,3040.0,3040.0,0.0,0.0,0.0,0.0,0.0,0.0,11440.0,6800.0,0.0,208360.0,0.0,0.0,0.0,0.0,0.0,207280.0,3040.0,0.0,0.0,0.0,0.0,0.0,0.0
2026-04-04T01:00:00+02:00,9760.0,0.0,0.0,7920.0,0.0,0.0,0.0,0.0,0.0,9240.0,0.0,0.0,0.0,0.0,0.0,0.0,0.0,3240.0,0.0,0.0,3200.0,0.0,0.0,0.0,0.0,0.0,3160.0,0.0,0.0,0.0,0.0,0.0,0.0,0.0,37480.0,0.0,0.0,35680.0,0.0,0.0,0.0,0.0,0.0,222960.0,0.0,0.0,0.0,0.0,0.0,0.0,0.0
2026-04-04T02:00:00+02:00,9040.0,6920.0,0.0,8640.0,0.0,0.0,0.0,7880.0,0.0,9600.0,0.0,0.0,0.0,0.0,0.0,0.0,0.0,3520.0,6920.0,0.0,3240.0,0.0,0.0,0.0,3200.0,0.0,3240.0,0.0,0.0,0.0,0.0,0.0,0.0,0.0,80039.0,6920.0,0.0,59520.0,0.0,0.0,0.0,11080.0,0.0,155279.0,0.0,0.0,0.0,0.0,0.0,0.0,0.0
2026-04-04T03:00:00+02:00,8400.0,0.0,0.0,8160.0,0.0,0.0,0.0,7880.0,0.0,9800.0,0.0,0.0,0.0,0.0,0.0,6680.0,0.0,3040.0,0.0,0.0,3040.0,0.0,0.0,0.0,3040.0,0.0,3080.0,0.0,0.0,0.0,0.0,0.0,6680.0,0.0,294360.0,0.0,0.0,24360.0,0.0,0.0,0.0,58760.0,0.0,378439.0,0.0,0.0,0.0,0.0,0.0,6680.0,0.0
2026-04-04T04:00:00+02:00,9800.0,3840.0,0.0,9400.0,0.0,0.0,0.0,6960.0,0.0,9840.0,0.0,0.0,0.0,0.0,0.0,0.0,0.0,3040.0,3840.0,0.0,3200.0,0.0,0.0,0.0,3960.0,0.0,3120.0,0.0,0.0,0.0,0.0,0.0,0.0,0.0,771997.0,3840.0,0.0,92080.0,0.0,0.0,0.0,31320.0,0.0,326359.0,0.0,0.0,0.0,0.0,0.0,0.0,0.0
2026-04-04T05:00:00+02:00,9840.0,3480.0,0.0,9800.0,0.0,0.0,0.0,7920.0,4000.0,8760.0,0.0,0.0,0.0,0.0,0.0,0.0,0.0,3080.0,3480.0,0.0,3040.0,0.0,0.0,0.0,3080.0,3280.0,3040.0,0.0,0.0,0.0,0.0,0.0,0.0,0.0,415760.0,3480.0,0.0,320800.0,0.0,0.0,0.0,26440.0,7280.0,69560.0,0.0,0.0,0.0,0.0,0.0,0.0,0.0
2026-04-04T06:00:00+02:00,8000.0,9560.0,0.0,8880.0,0.0,0.0,0.0,0.0,6000.0,9120.0,4000.0,3920.0,0.0,0.0,0.0,0.0,0.0,3040.0,3320.0,0.0,3040.0,0.0,0.0,0.0,0.0,3840.0,3040.0,3040.0,3920.0,0.0,0.0,0.0,0.0,0.0,37480.0,25840.0,0.0,519000.0,0.0,0.0,0.0,0.0,34760.0,235240.0,7040.0,3920.0,0.0,0.0,0.0,0.0,0.0
2026-04-04T07:00:00+02:00,0.0,5920.0,0.0,9800.0,0.0,0.0,0.0,0.0,4000.0,8000.0,9760.0,3960.0,0.0,0.0,0.0,0.0,0.0,0.0,5920.0,0.0,3080.0,0.0,0.0,0.0,0.0,4000.0,3120.0,3040.0,3880.0,0.0,0.0,0.0,0.0,0.0,0.0,5920.0,0.0,440400.0,0.0,0.0,0.0,0.0,4000.0,243800.0,28320.0,7840.0,0.0,0.0,0.0,0.0,0.0
2026-04-04T08:00:00+02:00,9720.0,7120.0,0.0,9160.0,8480.0,0.0,0.0,3480.0,3600.0,9040.0,0.0,0.0,0.0,0.0,0.0,8000.0,0.0,3240.0,7120.0,0.0,3480.0,3120.0,0.0,0.0,3480.0,3600.0,3080.0,0.0,0.0,0.0,0.0,0.0,4040.0,0.0,122679.0,7120.0,0.0,165159.0,75840.0,0.0,0.0,3480.0,3600.0,143600.0,0.0,0.0,0.0,0.0,0.0,35560.0,0.0
2026-04-04T09:00:00+02:00,9640.0,4960.0,0.0,9400.0,6680.0,0.0,0.0,9520.0,9720.0,9800.0,9320.0,0.0,0.0,0.0,0.0,8600.0,5240.0,3040.0,3760.0,0.0,3040.0,3280.0,0.0,0.0,3160.0,3080.0,3080.0,3240.0,0.0,0.0,0.0,0.0,3560.0,5240.0,461279.0,8720.0,0.0,370639.0,9960.0,0.0,0.0,43920.0,199199.0,958479.0,69720.0,0.0,0.0,0.0,0.0,35360.0,5240.0
2026-04-04T10:00:00+02:00,8000.0,7600.0,0.0,9720.0,0.0,0.0,0.0,4960.0,9080.0,9520.0,8039.0,0.0,0.0,0.0,0.0,8440.0,9440.0,3080.0,4760.0,0.0,3080.0,0.0,0.0,0.0,4960.0,3040.0,3080.0,3040.0,0.0,0.0,0.0,0.0,3280.0,9440.0,190760.0,29920.0,0.0,428638.0,0.0,0.0,0.0,4960.0,80960.0,1322638.0,88239.0,0.0,0.0,0.0,0.0,129079.0,9440.0
2026-04-04T11:00:00+02:00,9000.0,9160.0,0.0,9680.0,4000.0,0.0,0.0,8000.0,8360.0,9800.0,8960.0,6400.0,0.0,0.0,0.0,9680.0,3320.0,3280.0,3160.0,0.0,3160.0,4000.0,0.0,0.0,3800.0,3040.0,3040.0,3160.0,6400.0,0.0,0.0,0.0,3280.0,3320.0,50880.0,38720.0,0.0,565360.0,4000.0,0.0,0.0,44160.0,202959.0,1477399.0,37880.0,6400.0,0.0,0.0,0.0,57640.0,3320.0
2026-04-04T12:00:00+02:00,8920.0,9560.0,0.0,9480.0,0.0,0.0,0.0,9600.0,9240.0,9800.0,9200.0,0.0,0.0,0.0,0.0,9680.0,6760.0,3040.0,3400.0,0.0,3040.0,0.0,0.0,0.0,4000.0,3080.0,3040.0,3160.0,0.0,0.0,0.0,0.0,3520.0,3240.0,51040.0,23240.0,0.0,468440.0,0.0,0.0,0.0,125200.0,467360.0,1666359.0,132479.0,0.0,0.0,0.0,0.0,30640.0,20000.0
2026-04-04T13:00:00+02:00,9400.0,0.0,0.0,8440.0,0.0,0.0,0.0,9560.0,9720.0,9720.0,9360.0,9080.0,0.0,0.0,0.0,0.0,7040.0,3240.0,0.0,0.0,3240.0,0.0,0.0,0.0,3120.0,3040.0,3040.0,3040.0,3320.0,0.0,0.0,0.0,0.0,6400.0,87920.0,0.0,0.0,190959.0,0.0,0.0,0.0,94920.0,528199.0,1802835.0,197439.0,22840.0,0.0,0.0,0.0,0.0,20000.0
2026-04-04T14:00:00+02:00,8600.0,8200.0,0.0,9720.0,0.0,0.0,0.0,9680.0,9400.0,9680.0,9240.0,6200.0,0.0,0.0,0.0,0.0,9040.0,3080.0,3120.0,0.0,3040.0,0.0,0.0,0.0,3320.0,3080.0,3040.0,3160.0,3640.0,0.0,0.0,0.0,0.0,3680.0,71640.0,47520.0,0.0,238718.0,0.0,0.0,0.0,52919.0,223959.0,822998.0,108359.0,13720.0,0.0,0.0,0.0,0.0,29080.0
2026-04-04T15:00:00+02:00,7200.0,9200.0,0.0,9640.0,0.0,0.0,0.0,7160.0,9640.0,9760.0,9360.0,0.0,0.0,0.0,0.0,7640.0,0.0,3200.0,3200.0,0.0,3160.0,0.0,0.0,0.0,3080.0,3200.0,3040.0,3120.0,0.0,0.0,0.0,0.0,3480.0,0.0,112160.0,170080.0,0.0,431480.0,0.0,0.0,0.0,189120.0,374120.0,2359153.0,106840.0,0.0,0.0,0.0,0.0,17160.0,0.0
2026-04-04T16:00:00+02:00,7760.0,9120.0,0.0,9760.0,0.0,0.0,0.0,8600.0,6000.0,9760.0,9360.0,3400.0,0.0,0.0,0.0,8280.0,0.0,3240.0,3400.0,0.0,3080.0,0.0,0.0,0.0,3400.0,3040.0,3040.0,3240.0,3400.0,0.0,0.0,0.0,4440.0,0.0,59080.0,115200.0,0.0,373520.0,0.0,0.0,0.0,140240.0,26000.0,1606998.0,94320.0,3400.0,0.0,0.0,0.0,19760.0,0.0
2026-04-04T17:00:00+02:00,8000.0,9440.0,3960.0,9720.0,4000.0,0.0,0.0,8000.0,8520.0,9720.0,9600.0,0.0,0.0,0.0,0.0,5400.0,0.0,3160.0,3800.0,3960.0,3080.0,3280.0,0.0,0.0,3920.0,3280.0,3040.0,3600.0,0.0,0.0,0.0,0.0,5400.0,0.0,96200.0,30760.0,3960.0,579518.0,14400.0,0.0,0.0,46920.0,119960.0,1290356.0,99520.0,0.0,0.0,0.0,0.0,5400.0,0.0
2026-04-04T18:00:00+02:00,9760.0,8760.0,0.0,9600.0,4000.0,0.0,0.0,0.0,9640.0,9760.0,4080.0,3120.0,0.0,0.0,0.0,8080.0,0.0,3160.0,3600.0,0.0,3080.0,4000.0,0.0,0.0,0.0,3040.0,3040.0,4080.0,3080.0,0.0,0.0,0.0,4560.0,0.0,203198.0,42360.0,0.0,206120.0,4000.0,0.0,0.0,0.0,96960.0,475800.0,4080.0,6200.0,0.0,0.0,0.0,12640.0,0.0
2026-04-04T19:00:00+02:00,9120.0,7400.0,0.0,8000.0,3600.0,0.0,0.0,0.0,6320.0,9680.0,6040.0,0.0,0.0,0.0,0.0,0.0,0.0,3280.0,3600.0,0.0,3200.0,3600.0,0.0,0.0,0.0,4640.0,3040.0,4680.0,0.0,0.0,0.0,0.0,0.0,0.0,97920.0,17920.0,0.0,118600.0,3600.0,0.0,0.0,0.0,16960.0,389600.0,10720.0,0.0,0.0,0.0,0.0,0.0,0.0
2026-04-04T20:00:00+02:00,9440.0,6880.0,0.0,9680.0,3280.0,0.0,0.0,0.0,7360.0,9800.0,9040.0,5920.0,0.0,0.0,0.0,3560.0,3240.0,3040.0,3040.0,0.0,3040.0,3280.0,0.0,0.0,0.0,4560.0,3040.0,3640.0,3400.0,0.0,0.0,0.0,3560.0,3240.0,137398.0,26600.0,0.0,373918.0,3280.0,0.0,0.0,0.0,30360.0,1141318.0,26160.0,9320.0,0.0,0.0,0.0,3560.0,3240.0
2026-04-04T21:00:00+02:00,0.0,6480.0,0.0,9720.0,0.0,0.0,0.0,0.0,0.0,9720.0,0.0,4680.0,0.0,0.0,0.0,0.0,0.0,0.0,4680.0,0.0,3200.0,0.0,0.0,0.0,0.0,0.0,3040.0,0.0,4680.0,0.0,0.0,0.0,0.0,0.0,0.0,16120.0,0.0,255479.0,0.0,0.0,0.0,0.0,0.0,975519.0,0.0,4680.0,0.0,0.0,0.0,0.0,0.0
2026-04-04T22:00:00+02:00,8640.0,0.0,0.0,9760.0,0.0,0.0,0.0,8320.0,0.0,9680.0,7720.0,0.0,0.0,0.0,0.0,0.0,7040.0,3360.0,0.0,0.0,3320.0,0.0,0.0,0.0,3160.0,0.0,3040.0,7720.0,0.0,0.0,0.0,0.0,0.0,7040.0,21480.0,0.0,0.0,300759.0,0.0,0.0,0.0,78920.0,0.0,619159.0,7720.0,0.0,0.0,0.0,0.0,0.0,7040.0
2026-04-04T23:00:00+02:00,7960.0,0.0,0.0,9440.0,0.0,0.0,0.0,5600.0,6040.0,9800.0,0.0,5800.0,0.0,0.0,0.0,6040.0,9600.0,3600.0,0.0,0.0,3080.0,0.0,0.0,0.0,3440.0,3520.0,3160.0,0.0,3040.0,0.0,0.0,0.0,5880.0,4000.0,11560.0,0.0,0.0,297920.0,0.0,0.0,0.0,26760.0,13120.0,425800.0,0.0,32120.0,0.0,0.0,0.0,11920.0,26560.0
2026-04-05T00:00:00+02:00,9760.0,9080.0,0.0,8000.0,0.0,0.0,0.0,9560.0,0.0,8080.0,0.0,8440.0,0.0,0.0,0.0,5120.0,0.0,3240.0,3800.0,0.0,3040.0,0.0,0.0,0.0,3200.0,0.0,3400.0,0.0,3040.0,0.0,0.0,0.0,4000.0,0.0,49120.0,45480.0,0.0,173400.0,0.0,0.0,0.0,35160.0,0.0,236117.0,0.0,91760.0,0.0,0.0,0.0,9120.0,0.0
2026-04-05T01:00:00+02:00,8480.0,9640.0,0.0,8480.0,0.0,0.0,0.0,8160.0,0.0,9720.0,4040.0,6160.0,0.0,0.0,0.0,0.0,0.0,4000.0,9640.0,0.0,3080.0,0.0,0.0,0.0,3240.0,0.0,3040.0,3160.0,3040.0,0.0,0.0,0.0,0.0,0.0,36000.0,9640.0,0.0,81400.0,0.0,0.0,0.0,28840.0,0.0,393600.0,10640.0,91920.0,0.0,0.0,0.0,0.0,0.0
2026-04-05T02:00:00+02:00,6720.0,7080.0,0.0,9640.0,0.0,0.0,0.0,8560.0,7160.0,9760.0,7240.0,6040.0,0.0,0.0,0.0,0.0,0.0,3200.0,4680.0,0.0,3120.0,0.0,0.0,0.0,3040.0,3240.0,3040.0,3440.0,3640.0,0.0,0.0,0.0,0.0,0.0,20560.0,11760.0,0.0,156039.0,0.0,0.0,0.0,109360.0,21000.0,1274076.0,26960.0,40040.0,0.0,0.0,0.0,0.0,0.0
2026-04-05T03:00:00+02:00,6000.0,4640.0,0.0,9240.0,0.0,0.0,0.0,4520.0,0.0,9640.0,9080.0,8000.0,0.0,0.0,0.0,4480.0,8640.0,3520.0,4640.0,0.0,3160.0,0.0,0.0,0.0,4040.0,0.0,3040.0,4000.0,3160.0,0.0,0.0,0.0,4480.0,8640.0,17400.0,4640.0,0.0,110240.0,0.0,0.0,0.0,12600.0,0.0,861277.0,47840.0,133320.0,0.0,0.0,0.0,4480.0,8640.0
2026-04-05T04:00:00+02:00,4600.0,0.0,0.0,6280.0,0.0,0.0,0.0,9720.0,6360.0,9640.0,9640.0,7880.0,0.0,0.0,0.0,5560.0,0.0,3320.0,0.0,0.0,3240.0,0.0,0.0,0.0,3120.0,4880.0,3040.0,9640.0,3480.0,0.0,0.0,0.0,3600.0,0.0,11520.0,0.0,0.0,87920.0,0.0,0.0,0.0,70720.0,11240.0,673120.0,9640.0,166480.0,0.0,0.0,0.0,9160.0,0.0
2026-04-05T05:00:00+02:00,4960.0,0.0,0.0,0.0,0.0,0.0,0.0,0.0,5160.0,9280.0,7400.0,8600.0,0.0,0.0,0.0,0.0,0.0,3680.0,0.0,0.0,0.0,0.0,0.0,0.0,0.0,3280.0,3440.0,3560.0,3040.0,0.0,0.0,0.0,0.0,0.0,8640.0,0.0,0.0,0.0,0.0,0.0,0.0,0.0,27040.0,204439.0,26400.0,248320.0,0.0,0.0,0.0,0.0,0.0
2026-04-05T06:00:00+02:00,8039.0,6880.0,0.0,9600.0,7520.0,0.0,0.0,0.0,6040.0,9200.0,0.0,0.0,0.0,0.0,0.0,8320.0,0.0,3040.0,3800.0,0.0,3360.0,7520.0,0.0,0.0,0.0,3400.0,3040.0,0.0,0.0,0.0,0.0,0.0,3680.0,0.0,65919.0,24920.0,0.0,275118.0,7520.0,0.0,0.0,0.0,17480.0,201117.0,0.0,0.0,0.0,0.0,0.0,79360.0,0.0
2026-04-05T07:00:00+02:00,8800.0,4440.0,0.0,8920.0,9160.0,0.0,0.0,0.0,9680.0,9680.0,0.0,0.0,0.0,0.0,0.0,8000.0,0.0,3080.0,4440.0,0.0,3080.0,3040.0,0.0,0.0,0.0,3520.0,3040.0,0.0,0.0,0.0,0.0,0.0,3720.0,0.0,197080.0,4440.0,0.0,745759.0,132680.0,0.0,0.0,0.0,74840.0,557200.0,0.0,0.0,0.0,0.0,0.0,42040.0,0.0
2026-04-05T08:00:00+02:00,8000.0,0.0,0.0,9360.0,5800.0,0.0,0.0,5360.0,5440.0,9520.0,0.0,0.0,0.0,0.0,0.0,8400.0,0.0,3440.0,0.0,0.0,3040.0,3840.0,0.0,0.0,5360.0,3160.0,3040.0,0.0,0.0,0.0,0.0,0.0,3040.0,0.0,30840.0,0.0,0.0,899398.0,13600.0,0.0,0.0,5360.0,16800.0,821957.0,0.0,0.0,0.0,0.0,0.0,140160.0,0.0
2026-04-05T09:00:00+02:00,8000.0,6680.0,0.0,9760.0,9320.0,0.0,0.0,0.0,9480.0,9640.0,6400.0,0.0,0.0,0.0,0.0,9520.0,0.0,3120.0,3400.0,0.0,3040.0,3200.0,0.0,0.0,0.0,3480.0,3160.0,3800.0,0.0,0.0,0.0,0.0,3080.0,0.0,81960.0,36760.0,0.0,839120.0,76080.0,0.0,0.0,0.0,70520.0,288120.0,44640.0,0.0,0.0,0.0,0.0,76560.0,0.0
2026-04-05T10:00:00+02:00,9240.0,9360.0,0.0,9640.0,5960.0,0.0,0.0,0.0,8240.0,9760.0,5600.0,5880.0,0.0,0.0,0.0,8200.0,0.0,3040.0,3760.0,0.0,3040.0,4040.0,0.0,0.0,0.0,3080.0,3040.0,5600.0,5880.0,0.0,0.0,0.0,3400.0,0.0,137958.0,13120.0,0.0,625840.0,10000.0,0.0,0.0,0.0,54040.0,424959.0,5600.0,5880.0,0.0,0.0,0.0,43720.0,0.0
2026-04-05T11:00:00+02:00,7880.0,7400.0,0.0,9440.0,3800.0,0.0,0.0,0.0,9720.0,9480.0,8000.0,0.0,0.0,0.0,0.0,9560.0,0.0,3160.0,4560.0,0.0,3040.0,3800.0,0.0,0.0,0.0,3040.0,3080.0,3320.0,0.0,0.0,0.0,0.0,3600.0,0.0,150400.0,29120.0,0.0,458200.0,3800.0,0.0,0.0,0.0,134800.0,454440.0,75280.0,0.0,0.0,0.0,0.0,22760.0,0.0
2026-04-05T12:00:00+02:00,9320.0,8840.0,0.0,9640.0,0.0,0.0,0.0,0.0,8760.0,9520.0,7200.0,7640.0,0.0,0.0,0.0,8600.0,0.0,3160.0,4080.0,0.0,3120.0,0.0,0.0,0.0,0.0,3080.0,3080.0,3040.0,7640.0,0.0,0.0,0.0,8600.0,0.0,192480.0,53560.0,0.0,472957.0,0.0,0.0,0.0,0.0,84280.0,271959.0,45600.0,7640.0,0.0,0.0,0.0,8600.0,0.0
2026-04-05T13:00:00+02:00,9680.0,9640.0,0.0,9560.0,7160.0,0.0,0.0,0.0,8960.0,9760.0,9160.0,4920.0,0.0,0.0,0.0,5560.0,7800.0,3200.0,3480.0,0.0,3040.0,3840.0,0.0,0.0,0.0,3080.0,3040.0,3040.0,4920.0,0.0,0.0,0.0,3760.0,7800.0,234799.0,71040.0,0.0,989392.0,11000.0,0.0,0.0,0.0,176038.0,1330358.0,189598.0,4920.0,0.0,0.0,0.0,9320.0,7800.0
2026-04-05T14:00:00+02:00,9680.0,6400.0,5280.0,9600.0,0.0,0.0,0.0,0.0,0.0,9720.0,9600.0,8400.0,0.0,0.0,0.0,4880.0,0.0,3120.0,3200.0,5280.0,3120.0,0.0,0.0,0.0,0.0,0.0,3040.0,3040.0,3040.0,0.0,0.0,0.0,3080.0,0.0,280719.0,37760.0,5280.0,621639.0,0.0,0.0,0.0,0.0,0.0,1425599.0,85240.0,49800.0,0.0,0.0,0.0,7960.0,0.0
2026-04-05T15:00:00+02:00,9040.0,7600.0,8320.0,9480.0,0.0,0.0,0.0,0.0,3640.0,9600.0,8840.0,0.0,0.0,0.0,0.0,8840.0,0.0,3840.0,3280.0,8320.0,3040.0,0.0,0.0,0.0,0.0,3480.0,3120.0,3240.0,0.0,0.0,0.0,0.0,6760.0,0.0,176880.0,20480.0,8320.0,759720.0,0.0,0.0,0.0,0.0,7120.0,822880.0,44880.0,0.0,0.0,0.0,0.0,23080.0,0.0
2026-04-05T16:00:00+02:00,9680.0,9080.0,0.0,9720.0,0.0,0.0,0.0,0.0,8320.0,9640.0,7720.0,6240.0,0.0,0.0,0.0,7760.0,0.0,3040.0,3240.0,0.0,3040.0,0.0,0.0,0.0,0.0,8160.0,3040.0,3680.0,6240.0,0.0,0.0,0.0,4840.0,0.0,302600.0,54280.0,0.0,619840.0,0.0,0.0,0.0,0.0,16480.0,430239.0,31200.0,6240.0,0.0,0.0,0.0,20280.0,0.0
2026-04-05T17:00:00+02:00,8280.0,9560.0,0.0,9760.0,7920.0,0.0,0.0,0.0,9200.0,9520.0,6880.0,7120.0,0.0,0.0,0.0,9160.0,0.0,3160.0,3440.0,0.0,3040.0,3080.0,0.0,0.0,0.0,3360.0,3040.0,3360.0,3520.0,0.0,0.0,0.0,6480.0,0.0,218360.0,51960.0,0.0,386480.0,21280.0,0.0,0.0,0.0,28600.0,361120.0,21120.0,40040.0,0.0,0.0,0.0,22360.0,0.0
2026-04-05T18:00:00+02:00,9480.0,9640.0,0.0,8920.0,8480.0,0.0,0.0,0.0,8680.0,9720.0,7320.0,9560.0,0.0,0.0,0.0,0.0,0.0,3120.0,3960.0,0.0,3040.0,3080.0,0.0,0.0,0.0,3280.0,3080.0,3120.0,3200.0,0.0,0.0,0.0,0.0,0.0,472520.0,44080.0,0.0,664598.0,95400.0,0.0,0.0,0.0,24520.0,849996.0,52240.0,44639.0,0.0,0.0,0.0,0.0,0.0
2026-04-05T19:00:00+02:00,9360.0,8400.0,0.0,9640.0,0.0,0.0,0.0,0.0,0.0,9600.0,5800.0,5440.0,0.0,0.0,0.0,3520.0,0.0,3160.0,3480.0,0.0,3080.0,0.0,0.0,0.0,0.0,0.0,3080.0,3280.0,4000.0,0.0,0.0,0.0,3520.0,0.0,428720.0,93320.0,0.0,1554156.0,0.0,0.0,0.0,0.0,0.0,833318.0,41280.0,9440.0,0.0,0.0,0.0,3520.0,0.0
2026-04-05T20:00:00+02:00,9480.0,7960.0,0.0,9720.0,0.0,0.0,0.0,0.0,0.0,9480.0,8880.0,0.0,0.0,0.0,0.0,7000.0,0.0,3040.0,3640.0,0.0,3040.0,0.0,0.0,0.0,0.0,0.0,3040.0,3800.0,0.0,0.0,0.0,0.0,3640.0,0.0,147640.0,51240.0,0.0,419880.0,0.0,0.0,0.0,0.0,0.0,611159.0,42320.0,0.0,0.0,0.0,0.0,40520.0,0.0
2026-04-05T21:00:00+02:00,9600.0,9440.0,0.0,9520.0,0.0,0.0,0.0,0.0,0.0,9720.0,3280.0,0.0,0.0,0.0,0.0,0.0,0.0,3240.0,6440.0,0.0,3120.0,0.0,0.0,0.0,0.0,0.0,3120.0,3280.0,0.0,0.0,0.0,0.0,0.0,0.0,78200.0,15880.0,0.0,386599.0,0.0,0.0,0.0,0.0,0.0,404639.0,3280.0,0.0,0.0,0.0,0.0,0.0,0.0
2026-04-05T22:00:00+02:00,8840.0,3320.0,0.0,9480.0,0.0,0.0,0.0,0.0,5920.0,9080.0,7440.0,0.0,0.0,0.0,0.0,0.0,0.0,3480.0,3320.0,0.0,3040.0,0.0,0.0,0.0,0.0,3120.0,3160.0,4360.0,0.0,0.0,0.0,0.0,0.0,0.0,79480.0,3320.0,0.0,261560.0,0.0,0.0,0.0,0.0,27480.0,345718.0,45760.0,0.0,0.0,0.0,0.0,0.0,0.0
2026-04-05T23:00:00+02:00,8440.0,0.0,0.0,9640.0,0.0,0.0,0.0,0.0,5960.0,9240.0,7960.0,5240.0,0.0,0.0,0.0,0.0,0.0,3040.0,0.0,0.0,3040.0,0.0,0.0,0.0,0.0,4360.0,3040.0,3040.0,5240.0,0.0,0.0,0.0,0.0,0.0,181920.0,0.0,0.0,199760.0,0.0,0.0,0.0,0.0,10320.0,332718.0,11000.0,5240.0,0.0,0.0,0.0,0.0,0.0
2026-04-06T00:00:00+02:00,9360.0,0.0,0.0,9560.0,0.0,0.0,0.0,0.0,0.0,9000.0,0.0,0.0,0.0,0.0,0.0,0.0,0.0,3080.0,0.0,0.0,3040.0,0.0,0.0,0.0,0.0,0.0,3160.0,0.0,0.0,0.0,0.0,0.0,0.0,0.0,492840.0,0.0,0.0,405480.0,0.0,0.0,0.0,0.0,0.0,332479.0,0.0,0.0,0.0,0.0,0.0,0.0,0.0
2026-04-06T01:00:00+02:00,9640.0,6000.0,0.0,9280.0,0.0,0.0,0.0,0.0,0.0,9680.0,0.0,0.0,0.0,0.0,0.0,0.0,0.0,3080.0,4760.0,0.0,3080.0,0.0,0.0,0.0,0.0,0.0,3080.0,0.0,0.0,0.0,0.0,0.0,0.0,0.0,448720.0,16520.0,0.0,246960.0,0.0,0.0,0.0,0.0,0.0,455680.0,0.0,0.0,0.0,0.0,0.0,0.0,0.0
2026-04-06T02:00:00+02:00,8560.0,5080.0,0.0,9640.0,0.0,0.0,0.0,0.0,8480.0,9160.0,0.0,3080.0,0.0,0.0,0.0,0.0,0.0,3080.0,4760.0,0.0,3040.0,0.0,0.0,0.0,0.0,3040.0,3280.0,0.0,3080.0,0.0,0.0,0.0,0.0,0.0,163360.0,9840.0,0.0,442759.0,0.0,0.0,0.0,0.0,37080.0,360838.0,0.0,3080.0,0.0,0.0,0.0,0.0,0.0
2026-04-06T03:00:00+02:00,9680.0,0.0,0.0,9640.0,0.0,0.0,0.0,0.0,0.0,8440.0,0.0,0.0,0.0,0.0,0.0,0.0,0.0,3040.0,0.0,0.0,3040.0,0.0,0.0,0.0,0.0,0.0,3040.0,0.0,0.0,0.0,0.0,0.0,0.0,0.0,418559.0,0.0,0.0,633796.0,0.0,0.0,0.0,0.0,0.0,265479.0,0.0,0.0,0.0,0.0,0.0,0.0,0.0
2026-04-06T04:00:00+02:00,6040.0,0.0,0.0,8039.0,0.0,0.0,0.0,7480.0,0.0,9360.0,0.0,0.0,0.0,0.0,0.0,0.0,0.0,3120.0,0.0,0.0,3080.0,0.0,0.0,0.0,7360.0,0.0,3080.0,0.0,0.0,0.0,0.0,0.0,0.0,0.0,62360.0,0.0,0.0,168519.0,0.0,0.0,0.0,14840.0,0.0,195600.0,0.0,0.0,0.0,0.0,0.0,0.0,0.0
2026-04-06T05:00:00+02:00,9720.0,0.0,0.0,9720.0,0.0,0.0,0.0,4000.0,0.0,8640.0,0.0,0.0,0.0,0.0,0.0,0.0,0.0,3040.0,0.0,0.0,3040.0,0.0,0.0,0.0,4000.0,0.0,3080.0,0.0,0.0,0.0,0.0,0.0,0.0,0.0,624999.0,0.0,0.0,687519.0,0.0,0.0,0.0,4000.0,0.0,338599.0,0.0,0.0,0.0,0.0,0.0,0.0,0.0
2026-04-06T06:00:00+02:00,9480.0,0.0,0.0,9720.0,8039.0,0.0,0.0,0.0,0.0,9680.0,0.0,0.0,0.0,0.0,0.0,6000.0,0.0,3040.0,0.0,0.0,3120.0,3160.0,0.0,0.0,0.0,0.0,3080.0,0.0,0.0,0.0,0.0,0.0,3920.0,0.0,666920.0,0.0,0.0,634640.0,99359.0,0.0,0.0,0.0,0.0,474959.0,0.0,0.0,0.0,0.0,0.0,19920.0,0.0
2026-04-06T07:00:00+02:00,9720.0,0.0,0.0,8880.0,9480.0,0.0,0.0,8600.0,0.0,9000.0,4000.0,0.0,0.0,0.0,0.0,0.0,0.0,3240.0,0.0,0.0,3040.0,3080.0,0.0,0.0,8600.0,0.0,3400.0,4000.0,0.0,0.0,0.0,0.0,0.0,0.0,553000.0,0.0,0.0,459120.0,283000.0,0.0,0.0,8600.0,0.0,170280.0,4000.0,0.0,0.0,0.0,0.0,0.0,0.0
2026-04-06T08:00:00+02:00,9360.0,5040.0,0.0,9000.0,8000.0,0.0,0.0,0.0,3360.0,9680.0,0.0,0.0,0.0,0.0,0.0,6600.0,0.0,3040.0,3160.0,0.0,3080.0,3160.0,0.0,0.0,0.0,3360.0,3160.0,0.0,0.0,0.0,0.0,0.0,3720.0,0.0,547560.0,12280.0,0.0,324560.0,128200.0,0.0,0.0,0.0,3360.0,431680.0,0.0,0.0,0.0,0.0,0.0,19120.0,0.0
2026-04-06T09:00:00+02:00,8360.0,5720.0,0.0,8000.0,7960.0,0.0,0.0,0.0,9280.0,8039.0,6960.0,0.0,0.0,0.0,0.0,6000.0,0.0,3120.0,3040.0,0.0,3040.0,3840.0,0.0,0.0,0.0,3040.0,3200.0,3120.0,0.0,0.0,0.0,0.0,4000.0,0.0,79599.0,18000.0,0.0,313720.0,93960.0,0.0,0.0,0.0,355358.0,122438.0,21800.0,0.0,0.0,0.0,0.0,15960.0,0.0
2026-04-06T10:00:00+02:00,4880.0,5680.0,0.0,8200.0,9720.0,0.0,0.0,0.0,8000.0,9440.0,4840.0,0.0,0.0,0.0,0.0,6000.0,0.0,3040.0,3560.0,0.0,3040.0,3160.0,0.0,0.0,0.0,3080.0,3080.0,4840.0,0.0,0.0,0.0,0.0,6000.0,0.0,12280.0,14440.0,0.0,222520.0,210959.0,0.0,0.0,0.0,419400.0,217960.0,4840.0,0.0,0.0,0.0,0.0,6000.0,0.0
2026-04-06T11:00:00+02:00,6000.0,8840.0,0.0,9640.0,8039.0,0.0,0.0,0.0,9400.0,9680.0,7520.0,0.0,0.0,0.0,0.0,0.0,6280.0,3240.0,3280.0,0.0,3080.0,3200.0,0.0,0.0,0.0,3040.0,3040.0,3040.0,0.0,0.0,0.0,0.0,0.0,6280.0,24360.0,51000.0,0.0,904556.0,97199.0,0.0,0.0,0.0,415679.0,515919.0,19280.0,0.0,0.0,0.0,0.0,0.0,6280.0
2026-04-06T12:00:00+02:00,6000.0,9680.0,0.0,9600.0,3440.0,0.0,0.0,0.0,9600.0,9680.0,8000.0,0.0,0.0,0.0,0.0,8039.0,0.0,3040.0,3120.0,0.0,3040.0,3440.0,0.0,0.0,0.0,3080.0,3040.0,3560.0,0.0,0.0,0.0,0.0,4000.0,0.0,46400.0,109039.0,0.0,857640.0,3440.0,0.0,0.0,0.0,666640.0,1032117.0,61000.0,0.0,0.0,0.0,0.0,38839.0,0.0
2026-04-06T13:00:00+02:00,8119.0,8240.0,0.0,9560.0,8000.0,0.0,0.0,0.0,9680.0,9600.0,9120.0,6200.0,0.0,0.0,0.0,4200.0,7760.0,5680.0,5160.0,0.0,3080.0,3640.0,0.0,0.0,0.0,3080.0,3040.0,3160.0,3760.0,0.0,0.0,0.0,4200.0,3600.0,47559.0,39800.0,0.0,501880.0,41800.0,0.0,0.0,0.0,703920.0,937198.0,73920.0,9960.0,0.0,0.0,0.0,4200.0,11360.0
2026-04-06T14:00:00+02:00,8240.0,9040.0,0.0,9640.0,0.0,0.0,0.0,7880.0,9520.0,9640.0,9160.0,0.0,0.0,0.0,0.0,3720.0,3240.0,3040.0,3640.0,0.0,3040.0,0.0,0.0,0.0,4520.0,3040.0,3080.0,3040.0,0.0,0.0,0.0,0.0,3720.0,3160.0,120960.0,53680.0,0.0,665880.0,0.0,0.0,0.0,12400.0,176920.0,529480.0,121880.0,0.0,0.0,0.0,0.0,3720.0,6400.0
2026-04-06T15:00:00+02:00,8000.0,8520.0,0.0,9600.0,9120.0,0.0,0.0,0.0,9560.0,9560.0,9680.0,0.0,0.0,0.0,0.0,0.0,4360.0,3040.0,3440.0,0.0,3080.0,3120.0,0.0,0.0,0.0,3040.0,3040.0,3960.0,0.0,0.0,0.0,0.0,0.0,4360.0,132600.0,74079.0,0.0,458279.0,75600.0,0.0,0.0,0.0,163480.0,475599.0,51920.0,0.0,0.0,0.0,0.0,0.0,4360.0
2026-04-06T16:00:00+02:00,8200.0,6000.0,0.0,9640.0,9160.0,0.0,0.0,0.0,8480.0,9640.0,8000.0,8360.0,0.0,0.0,0.0,3960.0,6200.0,3680.0,3840.0,0.0,3120.0,3480.0,0.0,0.0,0.0,3440.0,3040.0,3080.0,7920.0,0.0,0.0,0.0,3960.0,3680.0,167599.0,44640.0,0.0,539999.0,84080.0,0.0,0.0,0.0,107280.0,498238.0,84560.0,16280.0,0.0,0.0,0.0,3960.0,9880.0
2026-04-06T17:00:00+02:00,8880.0,7480.0,0.0,9480.0,8720.0,0.0,0.0,4200.0,9120.0,9640.0,9240.0,3640.0,0.0,0.0,0.0,0.0,0.0,3360.0,3440.0,0.0,3040.0,3120.0,0.0,0.0,4200.0,3360.0,3040.0,3440.0,3640.0,0.0,0.0,0.0,0.0,0.0,156200.0,55840.0,0.0,1400196.0,174840.0,0.0,0.0,4200.0,89880.0,1530560.0,16800.0,3640.0,0.0,0.0,0.0,0.0,0.0
2026-04-06T18:00:00+02:00,8400.0,6200.0,0.0,9680.0,9640.0,0.0,0.0,5360.0,9600.0,9480.0,5960.0,3280.0,0.0,0.0,0.0,4480.0,6000.0,3480.0,3360.0,0.0,3080.0,3120.0,0.0,0.0,5360.0,3080.0,3040.0,3440.0,3280.0,0.0,0.0,0.0,4480.0,6000.0,345519.0,19000.0,0.0,1146640.0,406320.0,0.0,0.0,5360.0,229439.0,1184440.0,9400.0,3280.0,0.0,0.0,0.0,4480.0,6000.0
2026-04-06T19:00:00+02:00,9680.0,7840.0,0.0,9040.0,8039.0,0.0,0.0,0.0,8600.0,9600.0,6000.0,5840.0,0.0,0.0,0.0,3400.0,0.0,3240.0,3120.0,0.0,3040.0,3040.0,0.0,0.0,0.0,3440.0,3040.0,3280.0,5840.0,0.0,0.0,0.0,3400.0,0.0,435519.0,115000.0,0.0,757875.0,294079.0,0.0,0.0,0.0,80760.0,365080.0,21880.0,5840.0,0.0,0.0,0.0,3400.0,0.0
2026-04-06T20:00:00+02:00,9680.0,5720.0,0.0,9640.0,7920.0,0.0,0.0,0.0,6240.0,9480.0,8240.0,0.0,0.0,0.0,0.0,8360.0,0.0,3360.0,3720.0,0.0,3040.0,3480.0,0.0,0.0,0.0,3280.0,3040.0,5160.0,0.0,0.0,0.0,0.0,4040.0,0.0,228920.0,22240.0,0.0,568959.0,90680.0,0.0,0.0,0.0,19120.0,348879.0,26640.0,0.0,0.0,0.0,0.0,12400.0,0.0
2026-04-06T21:00:00+02:00,8200.0,7600.0,0.0,9040.0,0.0,0.0,0.0,0.0,0.0,8240.0,6360.0,0.0,0.0,0.0,0.0,0.0,0.0,3080.0,4000.0,0.0,3040.0,0.0,0.0,0.0,0.0,0.0,3080.0,5040.0,0.0,0.0,0.0,0.0,0.0,0.0,223158.0,32080.0,0.0,153120.0,0.0,0.0,0.0,0.0,0.0,221600.0,11400.0,0.0,0.0,0.0,0.0,0.0,0.0
2026-04-06T22:00:00+02:00,9600.0,4360.0,0.0,8680.0,0.0,0.0,0.0,0.0,0.0,9680.0,7160.0,0.0,0.0,0.0,0.0,0.0,0.0,3080.0,4000.0,0.0,3080.0,0.0,0.0,0.0,0.0,0.0,3040.0,3280.0,0.0,0.0,0.0,0.0,0.0,0.0,729999.0,8360.0,0.0,231840.0,0.0,0.0,0.0,0.0,0.0,784318.0,17600.0,0.0,0.0,0.0,0.0,0.0,0.0
2026-04-06T23:00:00+02:00,9680.0,5280.0,0.0,5040.0,0.0,0.0,0.0,0.0,0.0,9400.0,0.0,0.0,0.0,0.0,0.0,0.0,0.0,3120.0,5280.0,0.0,3080.0,0.0,0.0,0.0,0.0,0.0,3080.0,0.0,0.0,0.0,0.0,0.0,0.0,0.0,836837.0,5280.0,0.0,60240.0,0.0,0.0,0.0,0.0,0.0,961560.0,0.0,0.0,0.0,0.0,0.0,0.0,0.0
2026-04-07T00:00:00+02:00,8600.0,4000.0,0.0,9120.0,0.0,0.0,0.0,0.0,0.0,8039.0,0.0,0.0,0.0,0.0,0.0,0.0,0.0,3160.0,4000.0,0.0,4440.0,0.0,0.0,0.0,0.0,0.0,3040.0,0.0,0.0,0.0,0.0,0.0,0.0,0.0,201200.0,4000.0,0.0,32760.0,0.0,0.0,0.0,0.0,0.0,396319.0,0.0,0.0,0.0,0.0,0.0,0.0,0.0
2026-04-07T01:00:00+02:00,9640.0,0.0,0.0,5120.0,0.0,0.0,0.0,0.0,0.0,9600.0,4000.0,0.0,0.0,0.0,0.0,0.0,0.0,3080.0,0.0,0.0,3240.0,0.0,0.0,0.0,0.0,0.0,3040.0,4000.0,0.0,0.0,0.0,0.0,0.0,0.0,637439.0,0.0,0.0,28680.0,0.0,0.0,0.0,0.0,0.0,513758.0,4000.0,0.0,0.0,0.0,0.0,0.0,0.0
2026-04-07T02:00:00+02:00,9640.0,4080.0,0.0,8000.0,0.0,0.0,0.0,0.0,0.0,9440.0,4000.0,0.0,0.0,0.0,0.0,3960.0,0.0,3120.0,4080.0,0.0,3240.0,0.0,0.0,0.0,0.0,0.0,3080.0,4000.0,0.0,0.0,0.0,0.0,3040.0,0.0,377799.0,4080.0,0.0,124360.0,0.0,0.0,0.0,0.0,0.0,271200.0,4000.0,0.0,0.0,0.0,0.0,7000.0,0.0
2026-04-07T03:00:00+02:00,9280.0,0.0,0.0,8520.0,0.0,0.0,0.0,0.0,0.0,9640.0,0.0,0.0,0.0,0.0,0.0,0.0,0.0,3160.0,0.0,0.0,3160.0,0.0,0.0,0.0,0.0,0.0,3240.0,0.0,0.0,0.0,0.0,0.0,0.0,0.0,261800.0,0.0,0.0,225360.0,0.0,0.0,0.0,0.0,0.0,163040.0,0.0,0.0,0.0,0.0,0.0,0.0,0.0
2026-04-07T04:00:00+02:00,9480.0,0.0,0.0,8640.0,0.0,0.0,0.0,8520.0,0.0,9640.0,0.0,0.0,0.0,0.0,0.0,0.0,0.0,3040.0,0.0,0.0,3040.0,0.0,0.0,0.0,8520.0,0.0,3080.0,0.0,0.0,0.0,0.0,0.0,0.0,0.0,918957.0,0.0,0.0,532720.0,0.0,0.0,0.0,8520.0,0.0,627559.0,0.0,0.0,0.0,0.0,0.0,0.0,0.0
2026-04-07T05:00:00+02:00,9280.0,0.0,0.0,9000.0,0.0,0.0,0.0,0.0,0.0,8000.0,0.0,0.0,0.0,0.0,0.0,0.0,0.0,3040.0,0.0,0.0,3160.0,0.0,0.0,0.0,0.0,0.0,3040.0,0.0,0.0,0.0,0.0,0.0,0.0,0.0,689720.0,0.0,0.0,371680.0,0.0,0.0,0.0,0.0,0.0,335720.0,0.0,0.0,0.0,0.0,0.0,0.0,0.0
2026-04-07T06:00:00+02:00,8000.0,0.0,0.0,9600.0,8000.0,0.0,0.0,6160.0,9640.0,9560.0,6000.0,0.0,0.0,0.0,0.0,8000.0,0.0,4000.0,0.0,0.0,3080.0,3800.0,0.0,0.0,4920.0,3240.0,3320.0,6000.0,0.0,0.0,0.0,0.0,3960.0,0.0,88440.0,0.0,0.0,822719.0,157800.0,0.0,0.0,11080.0,226800.0,491800.0,6000.0,0.0,0.0,0.0,0.0,43520.0,0.0
2026-04-07T07:00:00+02:00,8000.0,9600.0,0.0,9440.0,8039.0,0.0,0.0,6200.0,9200.0,9520.0,9280.0,0.0,0.0,0.0,0.0,5240.0,0.0,3080.0,3160.0,0.0,3080.0,3120.0,0.0,0.0,6200.0,3960.0,3240.0,3160.0,0.0,0.0,0.0,0.0,5240.0,0.0,91800.0,78480.0,0.0,417119.0,75159.0,0.0,0.0,6200.0,83720.0,245559.0,117159.0,0.0,0.0,0.0,0.0,5240.0,0.0
2026-04-07T08:00:00+02:00,7840.0,7760.0,3680.0,9520.0,8600.0,0.0,0.0,0.0,5920.0,9320.0,3080.0,0.0,0.0,0.0,0.0,9040.0,0.0,3080.0,3440.0,3680.0,3040.0,3400.0,0.0,0.0,0.0,3600.0,3040.0,3080.0,0.0,0.0,0.0,0.0,3240.0,0.0,44480.0,83760.0,3680.0,403197.0,39080.0,0.0,0.0,0.0,9520.0,259520.0,3080.0,0.0,0.0,0.0,0.0,217840.0,0.0
2026-04-07T09:00:00+02:00,8000.0,6720.0,0.0,9640.0,8600.0,0.0,0.0,8480.0,9480.0,9600.0,8039.0,0.0,0.0,0.0,0.0,9280.0,0.0,3040.0,3120.0,0.0,3040.0,3400.0,0.0,0.0,3240.0,3480.0,3040.0,3040.0,0.0,0.0,0.0,0.0,3040.0,0.0,46280.0,31680.0,0.0,1173199.0,70920.0,0.0,0.0,41240.0,107040.0,1215079.0,129398.0,0.0,0.0,0.0,0.0,137160.0,0.0
2026-04-07T10:00:00+02:00,7960.0,3280.0,0.0,9440.0,7160.0,0.0,0.0,9480.0,8160.0,9640.0,9480.0,4800.0,0.0,0.0,0.0,6760.0,0.0,3440.0,3280.0,0.0,3040.0,3880.0,0.0,0.0,3120.0,4320.0,3040.0,3280.0,4800.0,0.0,0.0,0.0,4800.0,0.0,73800.0,3280.0,0.0,946639.0,11040.0,0.0,0.0,55080.0,30280.0,2003516.0,205040.0,4800.0,0.0,0.0,0.0,60640.0,0.0
2026-04-07T11:00:00+02:00,8119.0,8440.0,0.0,9640.0,0.0,0.0,0.0,7000.0,9480.0,9600.0,9320.0,3960.0,0.0,0.0,0.0,0.0,7560.0,3080.0,3200.0,0.0,3080.0,0.0,0.0,0.0,3880.0,3080.0,3040.0,3160.0,3960.0,0.0,0.0,0.0,0.0,7560.0,86759.0,33760.0,0.0,855558.0,0.0,0.0,0.0,41080.0,356160.0,2132357.0,71600.0,3960.0,0.0,0.0,0.0,0.0,7560.0
2026-04-07T12:00:00+02:00,4240.0,7520.0,0.0,9640.0,0.0,0.0,0.0,9560.0,9600.0,9640.0,8000.0,6040.0,0.0,0.0,0.0,7520.0,0.0,3640.0,3320.0,0.0,3040.0,0.0,0.0,0.0,4000.0,3040.0,3040.0,3200.0,6040.0,0.0,0.0,0.0,5800.0,0.0,23560.0,39800.0,0.0,410598.0,0.0,0.0,0.0,76080.0,674996.0,2006157.0,64320.0,6040.0,0.0,0.0,0.0,25120.0,0.0
2026-04-07T13:00:00+02:00,0.0,9200.0,0.0,9000.0,0.0,0.0,0.0,0.0,9520.0,9640.0,8880.0,0.0,0.0,0.0,0.0,7040.0,3720.0,0.0,3240.0,0.0,3040.0,0.0,0.0,0.0,0.0,3040.0,3040.0,3160.0,0.0,0.0,0.0,0.0,5520.0,3720.0,0.0,66360.0,0.0,135360.0,0.0,0.0,0.0,0.0,363279.0,1363478.0,65520.0,0.0,0.0,0.0,0.0,18240.0,3720.0
2026-04-07T14:00:00+02:00,7280.0,6440.0,0.0,8039.0,0.0,0.0,0.0,0.0,9240.0,9600.0,9440.0,8000.0,0.0,0.0,0.0,8640.0,6440.0,5920.0,4480.0,0.0,3320.0,0.0,0.0,0.0,0.0,3040.0,3040.0,3040.0,8000.0,0.0,0.0,0.0,3640.0,3520.0,13200.0,26120.0,0.0,136079.0,0.0,0.0,0.0,0.0,156280.0,649959.0,146079.0,8000.0,0.0,0.0,0.0,30359.0,9960.0
2026-04-07T15:00:00+02:00,9440.0,8039.0,0.0,8039.0,4000.0,0.0,0.0,6000.0,8840.0,9640.0,9640.0,0.0,0.0,0.0,0.0,4400.0,0.0,3080.0,3240.0,0.0,3080.0,4000.0,0.0,0.0,3560.0,3600.0,3040.0,3120.0,0.0,0.0,0.0,0.0,3040.0,0.0,281200.0,124119.0,0.0,258959.0,4000.0,0.0,0.0,9560.0,85440.0,2887158.0,307320.0,0.0,0.0,0.0,0.0,15320.0,0.0
2026-04-07T16:00:00+02:00,8960.0,7160.0,0.0,9640.0,8600.0,0.0,0.0,4600.0,9240.0,9640.0,8920.0,0.0,0.0,0.0,0.0,5240.0,0.0,3080.0,4240.0,0.0,3160.0,3680.0,0.0,0.0,3040.0,3040.0,3040.0,3200.0,0.0,0.0,0.0,0.0,4520.0,0.0,233599.0,44120.0,0.0,337680.0,32880.0,0.0,0.0,17840.0,41360.0,2796798.0,80320.0,0.0,0.0,0.0,0.0,19720.0,0.0
2026-04-07T17:00:00+02:00,9400.0,9600.0,0.0,9640.0,3560.0,0.0,0.0,0.0,6200.0,9440.0,8080.0,0.0,0.0,0.0,0.0,4480.0,0.0,3240.0,3120.0,0.0,3040.0,3560.0,0.0,0.0,0.0,3840.0,3040.0,4640.0,0.0,0.0,0.0,0.0,4480.0,0.0,259918.0,49040.0,0.0,581319.0,3560.0,0.0,0.0,0.0,19080.0,911319.0,23960.0,0.0,0.0,0.0,0.0,4480.0,0.0
2026-04-07T18:00:00+02:00,8039.0,8440.0,0.0,8640.0,3400.0,0.0,0.0,0.0,5640.0,9560.0,5720.0,3680.0,0.0,0.0,0.0,6040.0,0.0,3360.0,4000.0,0.0,3040.0,3040.0,0.0,0.0,0.0,5640.0,3040.0,3280.0,3680.0,0.0,0.0,0.0,3560.0,0.0,97039.0,33840.0,0.0,240279.0,6440.0,0.0,0.0,0.0,5640.0,462879.0,37880.0,3680.0,0.0,0.0,0.0,49000.0,0.0
2026-04-07T19:00:00+02:00,9480.0,9120.0,0.0,8000.0,3160.0,0.0,0.0,0.0,8440.0,9280.0,9360.0,7600.0,0.0,0.0,0.0,4000.0,0.0,3080.0,3120.0,0.0,3400.0,3160.0,0.0,0.0,0.0,3040.0,3120.0,3120.0,4280.0,0.0,0.0,0.0,4000.0,0.0,140640.0,111320.0,0.0,173680.0,3160.0,0.0,0.0,0.0,60040.0,241200.0,37920.0,17920.0,0.0,0.0,0.0,8000.0,0.0
2026-04-07T20:00:00+02:00,9560.0,6600.0,0.0,9440.0,0.0,0.0,0.0,0.0,9200.0,9400.0,6000.0,4080.0,0.0,0.0,0.0,4000.0,0.0,3040.0,3520.0,0.0,3160.0,0.0,0.0,0.0,0.0,3080.0,3080.0,3040.0,4080.0,0.0,0.0,0.0,3520.0,0.0,346520.0,31840.0,0.0,290200.0,0.0,0.0,0.0,0.0,128520.0,723718.0,40200.0,4080.0,0.0,0.0,0.0,14760.0,0.0
2026-04-07T21:00:00+02:00,4240.0,8000.0,0.0,9520.0,0.0,0.0,0.0,0.0,0.0,9600.0,0.0,0.0,0.0,0.0,0.0,0.0,0.0,3120.0,3160.0,0.0,3120.0,0.0,0.0,0.0,0.0,0.0,3040.0,0.0,0.0,0.0,0.0,0.0,0.0,0.0,41880.0,20080.0,0.0,624796.0,0.0,0.0,0.0,0.0,0.0,361199.0,0.0,0.0,0.0,0.0,0.0,0.0,0.0
2026-04-07T22:00:00+02:00,6800.0,8080.0,0.0,9080.0,0.0,0.0,0.0,0.0,0.0,8880.0,5160.0,6240.0,0.0,0.0,0.0,0.0,6960.0,3240.0,5760.0,0.0,3040.0,0.0,0.0,0.0,0.0,0.0,3160.0,4360.0,6240.0,0.0,0.0,0.0,0.0,5360.0,97480.0,13840.0,0.0,184996.0,0.0,0.0,0.0,0.0,0.0,252960.0,9520.0,6240.0,0.0,0.0,0.0,0.0,12320.0
2026-04-07T23:00:00+02:00,9560.0,0.0,0.0,6760.0,0.0,0.0,0.0,0.0,0.0,8920.0,0.0,0.0,0.0,0.0,0.0,0.0,4280.0,3040.0,0.0,0.0,3080.0,0.0,0.0,0.0,0.0,0.0,3400.0,0.0,0.0,0.0,0.0,0.0,0.0,4280.0,447638.0,0.0,0.0,17840.0,0.0,0.0,0.0,0.0,0.0,109240.0,0.0,0.0,0.0,0.0,0.0,0.0,4280.0
2026-04-08T00:00:00+02:00,8960.0,0.0,0.0,3960.0,0.0,0.0,0.0,0.0,0.0,7840.0,0.0,0.0,0.0,0.0,0.0,0.0,0.0,3160.0,0.0,0.0,3960.0,0.0,0.0,0.0,0.0,0.0,3040.0,0.0,0.0,0.0,0.0,0.0,0.0,0.0,240480.0,0.0,0.0,3960.0,0.0,0.0,0.0,0.0,0.0,101920.0,0.0,0.0,0.0,0.0,0.0,0.0,0.0
2026-04-08T01:00:00+02:00,9080.0,3120.0,0.0,3240.0,0.0,0.0,0.0,0.0,3080.0,9360.0,0.0,0.0,0.0,0.0,0.0,0.0,0.0,3200.0,3120.0,0.0,3240.0,0.0,0.0,0.0,0.0,3080.0,3120.0,0.0,0.0,0.0,0.0,0.0,0.0,0.0,156160.0,3120.0,0.0,3240.0,0.0,0.0,0.0,0.0,3080.0,275960.0,0.0,0.0,0.0,0.0,0.0,0.0,0.0
2026-04-08T02:00:00+02:00,8840.0,3560.0,0.0,3960.0,0.0,0.0,0.0,6560.0,0.0,9400.0,0.0,0.0,0.0,0.0,0.0,0.0,0.0,3040.0,3560.0,0.0,3520.0,0.0,0.0,0.0,3560.0,0.0,3080.0,0.0,0.0,0.0,0.0,0.0,0.0,0.0,412720.0,3560.0,0.0,22360.0,0.0,0.0,0.0,23480.0,0.0,562879.0,0.0,0.0,0.0,0.0,0.0,0.0,0.0
2026-04-08T03:00:00+02:00,5960.0,0.0,0.0,9160.0,0.0,0.0,0.0,0.0,0.0,9080.0,0.0,0.0,0.0,0.0,0.0,0.0,0.0,3040.0,0.0,0.0,3040.0,0.0,0.0,0.0,0.0,0.0,3080.0,0.0,0.0,0.0,0.0,0.0,0.0,0.0,27920.0,0.0,0.0,164880.0,0.0,0.0,0.0,0.0,0.0,304120.0,0.0,0.0,0.0,0.0,0.0,0.0,0.0
2026-04-08T04:00:00+02:00,4000.0,0.0,0.0,6040.0,0.0,0.0,0.0,0.0,0.0,8600.0,0.0,0.0,0.0,0.0,0.0,0.0,0.0,3760.0,0.0,0.0,3080.0,0.0,0.0,0.0,0.0,0.0,3040.0,0.0,0.0,0.0,0.0,0.0,0.0,0.0,7760.0,0.0,0.0,93440.0,0.0,0.0,0.0,0.0,0.0,200160.0,0.0,0.0,0.0,0.0,0.0,0.0,0.0
2026-04-08T05:00:00+02:00,6000.0,6000.0,0.0,7720.0,0.0,0.0,0.0,7160.0,0.0,8440.0,0.0,0.0,0.0,0.0,0.0,7440.0,0.0,3240.0,4000.0,0.0,3080.0,0.0,0.0,0.0,3920.0,0.0,3160.0,0.0,0.0,0.0,0.0,0.0,7440.0,0.0,19480.0,19040.0,0.0,95160.0,0.0,0.0,0.0,16720.0,0.0,172999.0,0.0,0.0,0.0,0.0,0.0,7440.0,0.0
2026-04-08T06:00:00+02:00,8360.0,6400.0,0.0,8000.0,0.0,0.0,0.0,0.0,4000.0,9440.0,8119.0,0.0,0.0,0.0,0.0,8000.0,0.0,3160.0,3800.0,0.0,3400.0,0.0,0.0,0.0,0.0,3080.0,3080.0,3120.0,0.0,0.0,0.0,0.0,3200.0,0.0,75960.0,42000.0,0.0,120920.0,0.0,0.0,0.0,0.0,14480.0,85160.0,132359.0,0.0,0.0,0.0,0.0,43160.0,0.0
2026-04-08T07:00:00+02:00,8960.0,8880.0,0.0,9520.0,0.0,0.0,0.0,6640.0,0.0,9560.0,9000.0,0.0,0.0,0.0,0.0,9600.0,0.0,3240.0,3080.0,0.0,3040.0,0.0,0.0,0.0,5840.0,0.0,3160.0,3160.0,0.0,0.0,0.0,0.0,3880.0,0.0,265360.0,340880.0,0.0,453439.0,0.0,0.0,0.0,12480.0,0.0,394959.0,23360.0,0.0,0.0,0.0,0.0,69280.0,0.0
2026-04-08T08:00:00+02:00,7760.0,8520.0,0.0,9480.0,5120.0,0.0,0.0,8280.0,0.0,9600.0,8240.0,0.0,0.0,0.0,0.0,9160.0,0.0,3120.0,3240.0,0.0,3080.0,3760.0,0.0,0.0,3800.0,0.0,3200.0,4760.0,0.0,0.0,0.0,0.0,3400.0,0.0,28280.0,150799.0,0.0,150000.0,12960.0,0.0,0.0,16040.0,0.0,442159.0,32160.0,0.0,0.0,0.0,0.0,300360.0,0.0
2026-04-08T09:00:00+02:00,0.0,5280.0,0.0,9600.0,8600.0,0.0,0.0,8000.0,8000.0,9600.0,6000.0,0.0,0.0,0.0,0.0,9400.0,6000.0,0.0,3080.0,0.0,3080.0,3040.0,0.0,0.0,3040.0,3040.0,3080.0,3080.0,0.0,0.0,0.0,0.0,3360.0,6000.0,0.0,35680.0,0.0,759680.0,113959.0,0.0,0.0,58240.0,91440.0,883078.0,13080.0,0.0,0.0,0.0,0.0,66760.0,6000.0
2026-04-08T10:00:00+02:00,6640.0,8000.0,0.0,9240.0,8039.0,0.0,0.0,9160.0,9400.0,9600.0,7840.0,0.0,0.0,0.0,0.0,8200.0,0.0,3840.0,3040.0,0.0,3040.0,3160.0,0.0,0.0,3040.0,3960.0,3040.0,3920.0,0.0,0.0,0.0,0.0,3080.0,0.0,38960.0,41720.0,0.0,541678.0,112758.0,0.0,0.0,83599.0,45640.0,965518.0,17960.0,0.0,0.0,0.0,0.0,63720.0,0.0
2026-04-08T11:00:00+02:00,3800.0,8720.0,0.0,9480.0,7080.0,0.0,0.0,6000.0,9200.0,9560.0,8320.0,7880.0,0.0,0.0,0.0,9520.0,7160.0,3640.0,3800.0,0.0,3040.0,6640.0,0.0,0.0,3640.0,3080.0,3080.0,5120.0,7880.0,0.0,0.0,0.0,3240.0,5720.0,11160.0,57439.0,0.0,513999.0,20600.0,0.0,0.0,22520.0,324240.0,523079.0,63280.0,7880.0,0.0,0.0,0.0,36960.0,18880.0
2026-04-08T12:00:00+02:00,7120.0,9040.0,0.0,9560.0,0.0,0.0,0.0,6920.0,9520.0,9480.0,9160.0,0.0,0.0,0.0,0.0,6800.0,6400.0,3480.0,4000.0,0.0,3120.0,0.0,0.0,0.0,3040.0,3120.0,3040.0,3520.0,0.0,0.0,0.0,0.0,5720.0,4440.0,32720.0,43560.0,0.0,221560.0,0.0,0.0,0.0,74480.0,364080.0,434599.0,94280.0,0.0,0.0,0.0,0.0,12520.0,10840.0
2026-04-08T13:00:00+02:00,8000.0,8480.0,0.0,9280.0,0.0,0.0,0.0,8360.0,9440.0,9520.0,9280.0,0.0,0.0,0.0,0.0,6560.0,0.0,3360.0,3760.0,0.0,3080.0,0.0,0.0,0.0,3560.0,3040.0,3040.0,3040.0,0.0,0.0,0.0,0.0,4880.0,0.0,101600.0,38480.0,0.0,399479.0,0.0,0.0,0.0,38320.0,1050760.0,1401079.0,177920.0,0.0,0.0,0.0,0.0,29720.0,0.0
2026-04-08T14:00:00+02:00,8480.0,8320.0,0.0,9520.0,0.0,0.0,0.0,9440.0,9440.0,9560.0,9000.0,0.0,3720.0,0.0,0.0,8920.0,6200.0,3080.0,3080.0,0.0,3120.0,0.0,0.0,0.0,3120.0,3120.0,3040.0,3080.0,0.0,3120.0,0.0,0.0,3160.0,6200.0,75320.0,106999.0,0.0,481435.0,0.0,0.0,0.0,155080.0,178159.0,2411550.0,208200.0,0.0,6840.0,0.0,0.0,32120.0,6200.0
2026-04-08T15:00:00+02:00,8039.0,8360.0,0.0,9520.0,4880.0,0.0,0.0,8039.0,9200.0,9520.0,9080.0,8920.0,7040.0,0.0,0.0,8320.0,5400.0,4040.0,3080.0,0.0,3040.0,4880.0,0.0,0.0,3720.0,3200.0,3040.0,3040.0,4320.0,3680.0,0.0,0.0,7560.0,3360.0,17519.0,148119.0,0.0,280599.0,4880.0,0.0,0.0,53879.0,40840.0,2582349.0,212040.0,13240.0,20720.0,0.0,0.0,15880.0,16960.0
2026-04-08T16:00:00+02:00,8480.0,8160.0,4520.0,8840.0,0.0,0.0,0.0,9200.0,8000.0,9560.0,9400.0,8440.0,0.0,0.0,0.0,7800.0,0.0,3160.0,3040.0,4520.0,3120.0,0.0,0.0,0.0,3120.0,3080.0,3040.0,3200.0,8440.0,0.0,0.0,0.0,4080.0,0.0,22680.0,139640.0,4520.0,239000.0,0.0,0.0,0.0,81360.0,96920.0,1321078.0,103360.0,8440.0,0.0,0.0,0.0,24480.0,0.0
2026-04-08T17:00:00+02:00,9160.0,9360.0,0.0,9360.0,8000.0,0.0,0.0,6840.0,8560.0,9560.0,9440.0,0.0,0.0,0.0,0.0,7760.0,0.0,3840.0,3040.0,0.0,3080.0,3240.0,0.0,0.0,3760.0,3320.0,3040.0,3200.0,0.0,0.0,0.0,0.0,7760.0,0.0,33680.0,74240.0,0.0,328480.0,65200.0,0.0,0.0,36920.0,87640.0,617919.0,27800.0,0.0,0.0,0.0,0.0,7760.0,0.0
2026-04-08T18:00:00+02:00,3960.0,8440.0,0.0,9240.0,0.0,0.0,0.0,0.0,9240.0,9560.0,0.0,4000.0,0.0,0.0,0.0,7240.0,0.0,3960.0,3040.0,0.0,3040.0,0.0,0.0,0.0,0.0,3240.0,3040.0,0.0,4000.0,0.0,0.0,0.0,3240.0,0.0,3960.0,85240.0,0.0,613240.0,0.0,0.0,0.0,0.0,378557.0,657478.0,0.0,4000.0,0.0,0.0,0.0,72960.0,0.0
2026-04-08T19:00:00+02:00,9400.0,9440.0,0.0,9480.0,0.0,0.0,0.0,0.0,8680.0,9520.0,7640.0,0.0,0.0,0.0,0.0,9000.0,0.0,3040.0,3280.0,0.0,3040.0,0.0,0.0,0.0,0.0,3040.0,3040.0,7640.0,0.0,0.0,0.0,0.0,3160.0,0.0,86000.0,68360.0,0.0,1517598.0,0.0,0.0,0.0,0.0,220199.0,1114278.0,7640.0,0.0,0.0,0.0,0.0,153398.0,0.0
2026-04-08T20:00:00+02:00,5560.0,8039.0,0.0,9520.0,0.0,0.0,0.0,0.0,7840.0,9480.0,5160.0,0.0,0.0,0.0,0.0,9400.0,5960.0,3240.0,4440.0,0.0,3040.0,0.0,0.0,0.0,0.0,3400.0,3080.0,4080.0,0.0,0.0,0.0,0.0,3880.0,5960.0,17000.0,28639.0,0.0,1135755.0,0.0,0.0,0.0,0.0,75280.0,914837.0,9240.0,0.0,0.0,0.0,0.0,98440.0,5960.0
2026-04-08T21:00:00+02:00,6240.0,6880.0,0.0,9480.0,0.0,0.0,0.0,0.0,9080.0,9360.0,0.0,0.0,0.0,0.0,0.0,0.0,0.0,3440.0,4240.0,0.0,3040.0,0.0,0.0,0.0,0.0,3800.0,3040.0,0.0,0.0,0.0,0.0,0.0,0.0,0.0,19520.0,11120.0,0.0,211718.0,0.0,0.0,0.0,0.0,12880.0,550719.0,0.0,0.0,0.0,0.0,0.0,0.0,0.0
2026-04-08T22:00:00+02:00,8039.0,7480.0,0.0,9480.0,0.0,0.0,0.0,0.0,0.0,8680.0,0.0,0.0,0.0,0.0,0.0,0.0,0.0,8039.0,3760.0,0.0,3040.0,0.0,0.0,0.0,0.0,0.0,3080.0,0.0,0.0,0.0,0.0,0.0,0.0,0.0,8039.0,11240.0,0.0,198839.0,0.0,0.0,0.0,0.0,0.0,266640.0,0.0,0.0,0.0,0.0,0.0,0.0,0.0
2026-04-08T23:00:00+02:00,6120.0,0.0,0.0,8000.0,0.0,0.0,0.0,0.0,3960.0,9240.0,0.0,0.0,0.0,0.0,0.0,0.0,0.0,3240.0,0.0,0.0,3040.0,0.0,0.0,0.0,0.0,3960.0,3120.0,0.0,0.0,0.0,0.0,0.0,0.0,0.0,16760.0,0.0,0.0,100000.0,0.0,0.0,0.0,0.0,3960.0,314200.0,0.0,0.0,0.0,0.0,0.0,0.0,0.0
2026-04-09T00:00:00+02:00,5200.0,0.0,0.0,8000.0,0.0,0.0,0.0,0.0,3200.0,9360.0,0.0,6360.0,0.0,0.0,0.0,0.0,0.0,3800.0,0.0,0.0,3560.0,0.0,0.0,0.0,0.0,3200.0,3040.0,0.0,6360.0,0.0,0.0,0.0,0.0,0.0,13000.0,0.0,0.0,42360.0,0.0,0.0,0.0,0.0,3200.0,452159.0,0.0,6360.0,0.0,0.0,0.0,0.0,0.0
2026-04-09T01:00:00+02:00,0.0,0.0,0.0,9200.0,0.0,0.0,0.0,0.0,0.0,9440.0,0.0,0.0,0.0,0.0,0.0,0.0,0.0,0.0,0.0,0.0,3040.0,0.0,0.0,0.0,0.0,0.0,3240.0,0.0,0.0,0.0,0.0,0.0,0.0,0.0,0.0,0.0,0.0,83440.0,0.0,0.0,0.0,0.0,0.0,533159.0,0.0,0.0,0.0,0.0,0.0,0.0,0.0
2026-04-09T02:00:00+02:00,0.0,0.0,0.0,9440.0,0.0,0.0,0.0,0.0,3720.0,8840.0,0.0,0.0,0.0,0.0,0.0,0.0,0.0,0.0,0.0,0.0,3040.0,0.0,0.0,0.0,0.0,3720.0,3320.0,0.0,0.0,0.0,0.0,0.0,0.0,0.0,0.0,0.0,0.0,424439.0,0.0,0.0,0.0,0.0,3720.0,280798.0,0.0,0.0,0.0,0.0,0.0,0.0,0.0
2026-04-09T03:00:00+02:00,0.0,0.0,0.0,7840.0,0.0,0.0,0.0,0.0,0.0,8160.0,0.0,0.0,0.0,0.0,0.0,3120.0,0.0,0.0,0.0,0.0,3160.0,0.0,0.0,0.0,0.0,0.0,3200.0,0.0,0.0,0.0,0.0,0.0,3120.0,0.0,0.0,0.0,0.0,262200.0,0.0,0.0,0.0,0.0,0.0,159200.0,0.0,0.0,0.0,0.0,0.0,3120.0,0.0
2026-04-09T04:00:00+02:00,0.0,0.0,0.0,8000.0,0.0,0.0,0.0,0.0,0.0,9200.0,0.0,0.0,0.0,0.0,0.0,3760.0,0.0,0.0,0.0,0.0,3040.0,0.0,0.0,0.0,0.0,0.0,3840.0,0.0,0.0,0.0,0.0,0.0,3720.0,0.0,0.0,0.0,0.0,113320.0,0.0,0.0,0.0,0.0,0.0,109440.0,0.0,0.0,0.0,0.0,0.0,7480.0,0.0
2026-04-09T05:00:00+02:00,0.0,8039.0,0.0,6000.0,0.0,0.0,0.0,3800.0,0.0,9440.0,0.0,0.0,0.0,0.0,0.0,0.0,0.0,0.0,3200.0,0.0,3040.0,0.0,0.0,0.0,3800.0,0.0,3240.0,0.0,0.0,0.0,0.0,0.0,0.0,0.0,0.0,38999.0,0.0,72760.0,0.0,0.0,0.0,3800.0,0.0,186680.0,0.0,0.0,0.0,0.0,0.0,0.0,0.0
2026-04-09T06:00:00+02:00,0.0,8039.0,0.0,9520.0,0.0,0.0,0.0,0.0,9240.0,9160.0,0.0,8039.0,0.0,0.0,0.0,4040.0,0.0,0.0,4040.0,0.0,3040.0,0.0,0.0,0.0,0.0,3160.0,3360.0,0.0,8039.0,0.0,0.0,0.0,4040.0,0.0,0.0,86038.0,0.0,2067583.0,0.0,0.0,0.0,0.0,910036.0,122518.0,0.0,8039.0,0.0,0.0,0.0,4040.0,0.0
2026-04-09T07:00:00+02:00,7200.0,8880.0,0.0,9440.0,3280.0,0.0,0.0,5280.0,9560.0,9360.0,0.0,4000.0,0.0,0.0,0.0,8640.0,0.0,4920.0,3960.0,0.0,3040.0,3280.0,0.0,0.0,3600.0,3040.0,3080.0,0.0,4000.0,0.0,0.0,0.0,3960.0,0.0,19000.0,62240.0,0.0,1758995.0,3280.0,0.0,0.0,22880.0,672478.0,402880.0,0.0,4000.0,0.0,0.0,0.0,42560.0,0.0
2026-04-09T08:00:00+02:00,5440.0,7520.0,0.0,9440.0,7640.0,0.0,0.0,9560.0,5200.0,9560.0,4400.0,3920.0,0.0,0.0,0.0,8000.0,5040.0,3120.0,3560.0,0.0,3120.0,3760.0,0.0,0.0,3360.0,4000.0,3040.0,4400.0,3400.0,0.0,0.0,0.0,3400.0,5040.0,27640.0,52600.0,0.0,492960.0,24280.0,0.0,0.0,44600.0,9200.0,513039.0,4400.0,7320.0,0.0,0.0,0.0,113120.0,5040.0
2026-04-09T09:00:00+02:00,8880.0,8520.0,0.0,9280.0,8000.0,0.0,0.0,9560.0,9480.0,9560.0,7360.0,0.0,0.0,0.0,0.0,6600.0,0.0,4000.0,3120.0,0.0,3080.0,3560.0,0.0,0.0,3120.0,3360.0,3040.0,3240.0,0.0,0.0,0.0,0.0,3800.0,0.0,29160.0,38360.0,0.0,356760.0,37360.0,0.0,0.0,24840.0,30400.0,615239.0,14560.0,0.0,0.0,0.0,0.0,20440.0,0.0
2026-04-09T10:00:00+02:00,8760.0,8800.0,0.0,9320.0,7800.0,0.0,0.0,4800.0,9000.0,9520.0,7760.0,6440.0,0.0,0.0,0.0,6960.0,0.0,3480.0,3240.0,0.0,3040.0,3240.0,0.0,0.0,4240.0,3240.0,3040.0,6120.0,6440.0,0.0,0.0,0.0,3960.0,0.0,27480.0,42280.0,0.0,417880.0,11040.0,0.0,0.0,9040.0,92480.0,262240.0,21480.0,6440.0,0.0,0.0,0.0,47200.0,0.0
2026-04-09T11:00:00+02:00,8600.0,8960.0,0.0,9080.0,0.0,0.0,0.0,7040.0,9320.0,9520.0,8039.0,3400.0,0.0,0.0,0.0,8160.0,9440.0,3040.0,3200.0,0.0,3040.0,0.0,0.0,0.0,4000.0,3120.0,3040.0,3240.0,3400.0,0.0,0.0,0.0,3960.0,9440.0,72560.0,92400.0,0.0,756399.0,0.0,0.0,0.0,31560.0,592199.0,1159117.0,77839.0,3400.0,0.0,0.0,0.0,41800.0,9440.0
2026-04-09T12:00:00+02:00,5440.0,9240.0,0.0,9360.0,0.0,0.0,0.0,4920.0,9440.0,9560.0,8480.0,0.0,0.0,0.0,0.0,6040.0,0.0,5200.0,3120.0,0.0,3040.0,0.0,0.0,0.0,3240.0,3040.0,3040.0,3080.0,0.0,0.0,0.0,0.0,3160.0,0.0,10640.0,99080.0,0.0,563240.0,0.0,0.0,0.0,19880.0,635918.0,1892078.0,96480.0,0.0,0.0,0.0,0.0,18080.0,0.0
2026-04-09T13:00:00+02:00,6000.0,7920.0,0.0,9440.0,0.0,0.0,0.0,0.0,9400.0,9520.0,9400.0,0.0,0.0,0.0,0.0,7080.0,5680.0,3480.0,3200.0,0.0,3040.0,0.0,0.0,0.0,0.0,3040.0,3040.0,3040.0,0.0,0.0,0.0,0.0,3960.0,5680.0,41640.0,58240.0,0.0,502758.0,0.0,0.0,0.0,0.0,583717.0,1910838.0,126480.0,0.0,0.0,0.0,0.0,42080.0,5680.0
2026-04-09T14:00:00+02:00,8640.0,7920.0,0.0,8920.0,0.0,0.0,0.0,7920.0,9120.0,9520.0,9520.0,0.0,6440.0,0.0,0.0,8960.0,5280.0,3280.0,3480.0,0.0,3080.0,0.0,0.0,0.0,3280.0,3080.0,3040.0,3120.0,0.0,3800.0,0.0,0.0,3880.0,5280.0,97680.0,48560.0,0.0,333200.0,0.0,0.0,0.0,42680.0,33920.0,1865836.0,214720.0,0.0,15280.0,0.0,0.0,49080.0,5280.0
2026-04-09T15:00:00+02:00,8920.0,9440.0,0.0,9440.0,0.0,0.0,0.0,8000.0,6640.0,9480.0,8920.0,0.0,7280.0,0.0,0.0,6720.0,0.0,3880.0,3040.0,0.0,3120.0,0.0,0.0,0.0,3160.0,4440.0,3080.0,3040.0,0.0,5000.0,0.0,0.0,3640.0,0.0,31720.0,94160.0,0.0,356680.0,0.0,0.0,0.0,162240.0,15840.0,1066640.0,112359.0,0.0,12280.0,0.0,0.0,20200.0,0.0
2026-04-09T16:00:00+02:00,4320.0,7120.0,0.0,9520.0,0.0,0.0,0.0,8720.0,7960.0,9480.0,6720.0,0.0,0.0,0.0,0.0,4040.0,3120.0,3560.0,3160.0,0.0,3120.0,0.0,0.0,0.0,3280.0,3080.0,3040.0,3640.0,0.0,0.0,0.0,0.0,3080.0,3120.0,19600.0,26880.0,0.0,209200.0,0.0,0.0,0.0,84760.0,69920.0,627559.0,32880.0,0.0,0.0,0.0,0.0,7120.0,3120.0
2026-04-09T17:00:00+02:00,9440.0,9520.0,9040.0,9480.0,8600.0,0.0,0.0,6080.0,8520.0,9520.0,8440.0,0.0,0.0,0.0,0.0,8320.0,0.0,3240.0,3200.0,3920.0,3040.0,3240.0,0.0,0.0,3520.0,3080.0,3040.0,8440.0,0.0,0.0,0.0,0.0,6640.0,0.0,222080.0,54600.0,32040.0,1256911.0,200118.0,0.0,0.0,34600.0,315439.0,1383073.0,8440.0,0.0,0.0,0.0,0.0,14960.0,0.0
2026-04-09T18:00:00+02:00,8680.0,8840.0,0.0,9520.0,6240.0,0.0,0.0,8000.0,9320.0,9520.0,7880.0,0.0,0.0,0.0,0.0,0.0,0.0,3160.0,3160.0,0.0,3040.0,3600.0,0.0,0.0,3040.0,3080.0,3040.0,7400.0,0.0,0.0,0.0,0.0,0.0,0.0,236199.0,37800.0,0.0,1625358.0,77000.0,0.0,0.0,103400.0,499040.0,1063357.0,15280.0,0.0,0.0,0.0,0.0,0.0,0.0
2026-04-09T19:00:00+02:00,8880.0,9440.0,0.0,9160.0,8000.0,0.0,0.0,8840.0,9400.0,9520.0,7600.0,5640.0,0.0,0.0,0.0,4920.0,8640.0,3160.0,3560.0,0.0,3040.0,3080.0,0.0,0.0,3320.0,3120.0,3040.0,7600.0,3680.0,0.0,0.0,0.0,4920.0,8640.0,16760.0,103920.0,0.0,1356399.0,42200.0,0.0,0.0,268480.0,673160.0,721920.0,7600.0,13280.0,0.0,0.0,0.0,4920.0,8640.0
2026-04-09T20:00:00+02:00,8000.0,6920.0,0.0,9280.0,3960.0,0.0,0.0,9400.0,9520.0,9320.0,0.0,3280.0,0.0,0.0,0.0,0.0,8560.0,3160.0,3160.0,0.0,3040.0,3600.0,0.0,0.0,3360.0,3160.0,3040.0,0.0,3280.0,0.0,0.0,0.0,0.0,8560.0,68520.0,21160.0,0.0,934759.0,7560.0,0.0,0.0,111720.0,553080.0,460919.0,0.0,3280.0,0.0,0.0,0.0,0.0,8560.0
2026-04-09T21:00:00+02:00,6640.0,8680.0,0.0,9320.0,0.0,0.0,0.0,0.0,8720.0,8480.0,5960.0,0.0,0.0,0.0,0.0,4440.0,0.0,3120.0,6520.0,0.0,3040.0,0.0,0.0,0.0,0.0,3640.0,3040.0,5960.0,0.0,0.0,0.0,0.0,4440.0,0.0,26080.0,30040.0,0.0,168680.0,0.0,0.0,0.0,0.0,31760.0,177840.0,5960.0,0.0,0.0,0.0,0.0,4440.0,0.0
2026-04-09T22:00:00+02:00,0.0,0.0,0.0,8960.0,0.0,0.0,0.0,0.0,3280.0,9400.0,0.0,0.0,0.0,0.0,0.0,0.0,0.0,0.0,0.0,0.0,3440.0,0.0,0.0,0.0,0.0,3280.0,3040.0,0.0,0.0,0.0,0.0,0.0,0.0,0.0,0.0,0.0,0.0,356996.0,0.0,0.0,0.0,0.0,3280.0,549120.0,0.0,0.0,0.0,0.0,0.0,0.0,0.0
2026-04-09T23:00:00+02:00,0.0,0.0,0.0,9440.0,0.0,0.0,0.0,0.0,0.0,9280.0,0.0,0.0,0.0,0.0,0.0,0.0,0.0,0.0,0.0,0.0,3360.0,0.0,0.0,0.0,0.0,0.0,3120.0,0.0,0.0,0.0,0.0,0.0,0.0,0.0,0.0,0.0,0.0,433358.0,0.0,0.0,0.0,0.0,0.0,579278.0,0.0,0.0,0.0,0.0,0.0,0.0,0.0
2026-04-10T00:00:00+02:00,0.0,8080.0,0.0,9080.0,0.0,0.0,0.0,0.0,0.0,9480.0,0.0,0.0,0.0,0.0,0.0,0.0,0.0,0.0,8080.0,0.0,3040.0,0.0,0.0,0.0,0.0,0.0,3080.0,0.0,0.0,0.0,0.0,0.0,0.0,0.0,0.0,8080.0,0.0,331680.0,0.0,0.0,0.0,0.0,0.0,520840.0,0.0,0.0,0.0,0.0,0.0,0.0,0.0
2026-04-10T01:00:00+02:00,3760.0,0.0,0.0,9200.0,0.0,0.0,0.0,0.0,0.0,9520.0,0.0,0.0,0.0,0.0,0.0,0.0,0.0,3760.0,0.0,0.0,3160.0,0.0,0.0,0.0,0.0,0.0,3200.0,0.0,0.0,0.0,0.0,0.0,0.0,0.0,3760.0,0.0,0.0,241998.0,0.0,0.0,0.0,0.0,0.0,261120.0,0.0,0.0,0.0,0.0,0.0,0.0,0.0
2026-04-10T02:00:00+02:00,0.0,0.0,0.0,8840.0,0.0,0.0,0.0,0.0,0.0,8080.0,0.0,0.0,0.0,0.0,0.0,0.0,0.0,0.0,0.0,0.0,3080.0,0.0,0.0,0.0,0.0,0.0,3080.0,0.0,0.0,0.0,0.0,0.0,0.0,0.0,0.0,0.0,0.0,222280.0,0.0,0.0,0.0,0.0,0.0,186720.0,0.0,0.0,0.0,0.0,0.0,0.0,0.0
2026-04-10T03:00:00+02:00,0.0,0.0,0.0,9320.0,0.0,0.0,0.0,0.0,0.0,6000.0,0.0,0.0,0.0,0.0,0.0,0.0,0.0,0.0,0.0,0.0,3120.0,0.0,0.0,0.0,0.0,0.0,3200.0,0.0,0.0,0.0,0.0,0.0,0.0,0.0,0.0,0.0,0.0,221640.0,0.0,0.0,0.0,0.0,0.0,27320.0,0.0,0.0,0.0,0.0,0.0,0.0,0.0
2026-04-10T04:00:00+02:00,3200.0,0.0,0.0,9400.0,0.0,0.0,0.0,3760.0,0.0,9520.0,0.0,0.0,4960.0,0.0,0.0,0.0,0.0,3200.0,0.0,0.0,3120.0,0.0,0.0,0.0,3760.0,0.0,3080.0,0.0,0.0,3880.0,0.0,0.0,0.0,0.0,3200.0,0.0,0.0,461160.0,0.0,0.0,0.0,3760.0,0.0,544400.0,0.0,0.0,8840.0,0.0,0.0,0.0,0.0
2026-04-10T05:00:00+02:00,0.0,4240.0,0.0,8360.0,0.0,0.0,0.0,0.0,0.0,9400.0,0.0,0.0,0.0,0.0,0.0,0.0,0.0,0.0,3600.0,0.0,3080.0,0.0,0.0,0.0,0.0,0.0,3040.0,0.0,0.0,0.0,0.0,0.0,0.0,0.0,0.0,15560.0,0.0,329719.0,0.0,0.0,0.0,0.0,0.0,1003792.0,0.0,0.0,0.0,0.0,0.0,0.0,0.0
2026-04-10T06:00:00+02:00,7640.0,7680.0,0.0,9240.0,7080.0,0.0,0.0,4520.0,9160.0,9480.0,0.0,0.0,0.0,0.0,0.0,7080.0,0.0,3280.0,3960.0,0.0,3080.0,3040.0,0.0,0.0,3880.0,3080.0,3040.0,0.0,0.0,0.0,0.0,0.0,5560.0,0.0,20640.0,11640.0,0.0,1233268.0,70800.0,0.0,0.0,8400.0,226516.0,637516.0,0.0,0.0,0.0,0.0,0.0,19680.0,0.0
2026-04-10T07:00:00+02:00,0.0,7520.0,0.0,9440.0,9480.0,0.0,0.0,0.0,8920.0,9400.0,5560.0,0.0,0.0,0.0,0.0,8600.0,0.0,0.0,4520.0,0.0,3040.0,3040.0,0.0,0.0,0.0,3040.0,3040.0,5560.0,0.0,0.0,0.0,0.0,3120.0,0.0,0.0,12040.0,0.0,1348558.0,151360.0,0.0,0.0,0.0,171800.0,378160.0,5560.0,0.0,0.0,0.0,0.0,20040.0,0.0
2026-04-10T08:00:00+02:00,0.0,8760.0,0.0,9240.0,0.0,0.0,0.0,7080.0,8039.0,8760.0,8160.0,0.0,0.0,0.0,0.0,9080.0,0.0,0.0,8760.0,0.0,3080.0,0.0,0.0,0.0,6920.0,3040.0,3040.0,5680.0,0.0,0.0,0.0,0.0,5640.0,0.0,0.0,8760.0,0.0,698478.0,0.0,0.0,0.0,14000.0,208837.0,285479.0,20200.0,0.0,0.0,0.0,0.0,22960.0,0.0
2026-04-10T09:00:00+02:00,4560.0,7360.0,0.0,9000.0,5960.0,0.0,0.0,5040.0,8480.0,9160.0,0.0,0.0,0.0,0.0,0.0,9360.0,0.0,4560.0,3800.0,0.0,3120.0,3360.0,0.0,0.0,5040.0,3520.0,3080.0,0.0,0.0,0.0,0.0,0.0,5320.0,0.0,4560.0,11160.0,0.0,303600.0,9320.0,0.0,0.0,5040.0,149480.0,247760.0,0.0,0.0,0.0,0.0,0.0,41120.0,0.0
2026-04-10T10:00:00+02:00,6360.0,7720.0,6840.0,9480.0,8119.0,0.0,0.0,8119.0,9400.0,9480.0,8240.0,0.0,0.0,0.0,0.0,9400.0,0.0,3920.0,3280.0,3960.0,3040.0,3040.0,0.0,0.0,4000.0,3040.0,3080.0,6560.0,0.0,0.0,0.0,0.0,3840.0,0.0,10280.0,39120.0,10800.0,1715078.0,138199.0,0.0,0.0,35519.0,367640.0,896758.0,22600.0,0.0,0.0,0.0,0.0,61680.0,0.0
2026-04-10T11:00:00+02:00,6400.0,9360.0,0.0,9400.0,8000.0,0.0,0.0,0.0,9480.0,9480.0,7840.0,0.0,0.0,0.0,0.0,7160.0,0.0,3040.0,5040.0,0.0,3040.0,3760.0,0.0,0.0,0.0,3080.0,3040.0,7840.0,0.0,0.0,0.0,0.0,3120.0,0.0,18520.0,34679.0,0.0,1437356.0,52280.0,0.0,0.0,0.0,268039.0,1704677.0,7840.0,0.0,0.0,0.0,0.0,10280.0,0.0
2026-04-10T12:00:00+02:00,0.0,0.0,8600.0,9480.0,9480.0,0.0,0.0,9360.0,9400.0,9400.0,8960.0,0.0,0.0,0.0,0.0,9240.0,0.0,0.0,0.0,8600.0,3040.0,3960.0,0.0,0.0,3720.0,3080.0,3040.0,7200.0,0.0,0.0,0.0,0.0,5560.0,0.0,0.0,0.0,8600.0,1829197.0,37200.0,0.0,0.0,111880.0,357879.0,913677.0,23400.0,0.0,0.0,0.0,0.0,29800.0,0.0
2026-04-10T13:00:00+02:00,8840.0,9200.0,0.0,9360.0,5840.0,0.0,0.0,8400.0,8600.0,9480.0,9280.0,0.0,0.0,0.0,0.0,5640.0,3760.0,3240.0,3040.0,0.0,3120.0,3280.0,0.0,0.0,3760.0,3480.0,3040.0,3200.0,0.0,0.0,0.0,0.0,5040.0,3760.0,119399.0,33200.0,0.0,710879.0,21120.0,0.0,0.0,25160.0,206680.0,756157.0,67920.0,0.0,0.0,0.0,0.0,10680.0,3760.0
2026-04-10T14:00:00+02:00,7200.0,8880.0,0.0,9360.0,4440.0,0.0,0.0,9480.0,7840.0,9200.0,7720.0,0.0,0.0,0.0,0.0,6080.0,5880.0,3680.0,3280.0,0.0,3040.0,4440.0,0.0,0.0,3120.0,3600.0,3120.0,3320.0,0.0,0.0,0.0,0.0,4240.0,5880.0,30200.0,83000.0,0.0,574917.0,4440.0,0.0,0.0,160680.0,74200.0,430558.0,34240.0,0.0,0.0,0.0,0.0,16240.0,5880.0
2026-04-10T15:00:00+02:00,8400.0,5920.0,0.0,9120.0,8039.0,0.0,0.0,9240.0,7880.0,9440.0,8760.0,0.0,0.0,0.0,0.0,6280.0,0.0,4280.0,3720.0,0.0,3120.0,4000.0,0.0,0.0,3080.0,3080.0,3080.0,3360.0,0.0,0.0,0.0,0.0,4240.0,0.0,58800.0,23120.0,0.0,400800.0,12039.0,0.0,0.0,164520.0,68520.0,408400.0,47120.0,0.0,0.0,0.0,0.0,16160.0,0.0
2026-04-10T16:00:00+02:00,4000.0,7160.0,0.0,9400.0,6000.0,0.0,0.0,9120.0,8480.0,9480.0,6920.0,0.0,0.0,0.0,0.0,0.0,0.0,4000.0,3040.0,0.0,3080.0,3640.0,0.0,0.0,3080.0,3280.0,3080.0,4880.0,0.0,0.0,0.0,0.0,0.0,0.0,4000.0,88720.0,0.0,1284236.0,15520.0,0.0,0.0,163439.0,154120.0,1615314.0,23800.0,0.0,0.0,0.0,0.0,0.0,0.0
2026-04-10T17:00:00+02:00,0.0,8600.0,0.0,9480.0,0.0,0.0,0.0,9360.0,4040.0,9480.0,6960.0,0.0,0.0,0.0,0.0,5520.0,0.0,0.0,3680.0,0.0,3080.0,0.0,0.0,0.0,3240.0,3400.0,3040.0,6960.0,0.0,0.0,0.0,0.0,3360.0,0.0,0.0,38600.0,0.0,1716477.0,0.0,0.0,0.0,216560.0,34640.0,1280075.0,6960.0,0.0,0.0,0.0,0.0,8880.0,0.0
2026-04-10T18:00:00+02:00,8000.0,7400.0,0.0,9480.0,3960.0,0.0,0.0,6240.0,8840.0,9480.0,0.0,0.0,0.0,0.0,0.0,7640.0,0.0,3440.0,7400.0,0.0,3080.0,3480.0,0.0,0.0,6240.0,3040.0,3040.0,0.0,0.0,0.0,0.0,0.0,3160.0,0.0,77480.0,7400.0,0.0,1019792.0,11400.0,0.0,0.0,6240.0,304197.0,949717.0,0.0,0.0,0.0,0.0,0.0,37360.0,0.0
2026-04-10T19:00:00+02:00,8560.0,6280.0,0.0,9280.0,0.0,0.0,0.0,0.0,3920.0,9440.0,0.0,0.0,0.0,0.0,0.0,0.0,0.0,3400.0,3640.0,0.0,3080.0,0.0,0.0,0.0,0.0,3840.0,3040.0,0.0,0.0,0.0,0.0,0.0,0.0,0.0,90920.0,36000.0,0.0,873680.0,0.0,0.0,0.0,0.0,7760.0,386519.0,0.0,0.0,0.0,0.0,0.0,0.0,0.0
2026-04-10T20:00:00+02:00,8280.0,5920.0,0.0,9400.0,0.0,0.0,0.0,0.0,0.0,9440.0,5160.0,3440.0,0.0,0.0,0.0,3480.0,0.0,3160.0,3080.0,0.0,3040.0,0.0,0.0,0.0,0.0,0.0,3080.0,5160.0,3440.0,0.0,0.0,0.0,3480.0,0.0,164600.0,9000.0,0.0,395040.0,0.0,0.0,0.0,0.0,0.0,344480.0,5160.0,3440.0,0.0,0.0,0.0,3480.0,0.0
2026-04-10T21:00:00+02:00,8840.0,9000.0,0.0,8680.0,0.0,0.0,0.0,8560.0,0.0,9440.0,0.0,0.0,0.0,0.0,0.0,0.0,0.0,3120.0,9000.0,0.0,3200.0,0.0,0.0,0.0,3040.0,0.0,3040.0,0.0,0.0,0.0,0.0,0.0,0.0,0.0,49920.0,9000.0,0.0,196240.0,0.0,0.0,0.0,19480.0,0.0,662239.0,0.0,0.0,0.0,0.0,0.0,0.0,0.0
2026-04-10T22:00:00+02:00,7480.0,5640.0,0.0,9240.0,0.0,0.0,0.0,9360.0,0.0,9480.0,0.0,0.0,0.0,0.0,0.0,4480.0,0.0,3120.0,4040.0,0.0,3040.0,0.0,0.0,0.0,3040.0,0.0,3040.0,0.0,0.0,0.0,0.0,0.0,4480.0,0.0,49560.0,9680.0,0.0,69720.0,0.0,0.0,0.0,109000.0,0.0,883479.0,0.0,0.0,0.0,0.0,0.0,4480.0,0.0
2026-04-10T23:00:00+02:00,6760.0,7000.0,0.0,5600.0,0.0,0.0,0.0,5360.0,0.0,8800.0,0.0,0.0,0.0,0.0,0.0,0.0,0.0,3320.0,7000.0,0.0,3840.0,0.0,0.0,0.0,4240.0,0.0,3040.0,0.0,0.0,0.0,0.0,0.0,0.0,0.0,26440.0,7000.0,0.0,18280.0,0.0,0.0,0.0,9600.0,0.0,480080.0,0.0,0.0,0.0,0.0,0.0,0.0,0.0
2026-04-11T00:00:00+02:00,9440.0,5080.0,0.0,9360.0,0.0,0.0,0.0,4960.0,0.0,9480.0,0.0,3040.0,0.0,0.0,0.0,0.0,0.0,3160.0,4320.0,0.0,3040.0,0.0,0.0,0.0,3280.0,0.0,3120.0,0.0,3040.0,0.0,0.0,0.0,0.0,0.0,68280.0,13960.0,0.0,100839.0,0.0,0.0,0.0,11640.0,0.0,392039.0,0.0,3040.0,0.0,0.0,0.0,0.0,0.0
2026-04-11T01:00:00+02:00,8480.0,4560.0,0.0,9360.0,0.0,0.0,0.0,6600.0,0.0,9280.0,0.0,0.0,0.0,0.0,0.0,0.0,0.0,3040.0,4560.0,0.0,4080.0,0.0,0.0,0.0,3560.0,0.0,3040.0,0.0,0.0,0.0,0.0,0.0,0.0,0.0,86440.0,4560.0,0.0,82480.0,0.0,0.0,0.0,31000.0,0.0,235520.0,0.0,0.0,0.0,0.0,0.0,0.0,0.0
2026-04-11T02:00:00+02:00,9040.0,5400.0,0.0,8680.0,0.0,0.0,0.0,8240.0,0.0,9480.0,7560.0,0.0,0.0,0.0,0.0,0.0,0.0,3280.0,3640.0,0.0,3360.0,0.0,0.0,0.0,3080.0,0.0,3040.0,3960.0,0.0,0.0,0.0,0.0,0.0,0.0,106840.0,9040.0,0.0,168719.0,0.0,0.0,0.0,37000.0,0.0,548559.0,11520.0,0.0,0.0,0.0,0.0,0.0,0.0
2026-04-11T03:00:00+02:00,0.0,6160.0,0.0,8200.0,0.0,0.0,0.0,0.0,0.0,9360.0,0.0,0.0,0.0,0.0,0.0,0.0,0.0,0.0,3560.0,0.0,3080.0,0.0,0.0,0.0,0.0,0.0,3040.0,0.0,0.0,0.0,0.0,0.0,0.0,0.0,0.0,27200.0,0.0,92320.0,0.0,0.0,0.0,0.0,0.0,533040.0,0.0,0.0,0.0,0.0,0.0,0.0,0.0
2026-04-11T04:00:00+02:00,0.0,0.0,0.0,7960.0,0.0,0.0,0.0,0.0,0.0,9120.0,0.0,0.0,0.0,0.0,0.0,0.0,0.0,0.0,0.0,0.0,3120.0,0.0,0.0,0.0,0.0,0.0,3040.0,0.0,0.0,0.0,0.0,0.0,0.0,0.0,0.0,0.0,0.0,86120.0,0.0,0.0,0.0,0.0,0.0,503919.0,0.0,0.0,0.0,0.0,0.0,0.0,0.0
2026-04-11T05:00:00+02:00,8520.0,3640.0,0.0,9240.0,0.0,0.0,0.0,0.0,0.0,9440.0,0.0,0.0,0.0,0.0,0.0,0.0,0.0,3880.0,3640.0,0.0,3040.0,0.0,0.0,0.0,0.0,0.0,3120.0,0.0,0.0,0.0,0.0,0.0,0.0,0.0,20680.0,3640.0,0.0,417080.0,0.0,0.0,0.0,0.0,0.0,318760.0,0.0,0.0,0.0,0.0,0.0,0.0,0.0
2026-04-11T06:00:00+02:00,0.0,8039.0,0.0,8960.0,0.0,0.0,0.0,4000.0,8039.0,9440.0,0.0,0.0,0.0,0.0,0.0,6880.0,0.0,0.0,4040.0,0.0,3080.0,0.0,0.0,0.0,4000.0,3680.0,3040.0,0.0,0.0,0.0,0.0,0.0,6880.0,0.0,0.0,34599.0,0.0,519476.0,0.0,0.0,0.0,4000.0,76238.0,155720.0,0.0,0.0,0.0,0.0,0.0,6880.0,0.0
2026-04-11T07:00:00+02:00,0.0,8760.0,0.0,9280.0,0.0,0.0,0.0,0.0,9200.0,9440.0,0.0,0.0,0.0,0.0,0.0,8000.0,3200.0,0.0,3080.0,0.0,3040.0,0.0,0.0,0.0,0.0,3120.0,3040.0,0.0,0.0,0.0,0.0,0.0,3400.0,3200.0,0.0,18080.0,0.0,2028719.0,0.0,0.0,0.0,0.0,340319.0,408357.0,0.0,0.0,0.0,0.0,0.0,43280.0,3200.0
2026-04-11T08:00:00+02:00,4000.0,0.0,4000.0,8960.0,0.0,0.0,0.0,0.0,0.0,9400.0,0.0,0.0,0.0,0.0,0.0,8000.0,0.0,4000.0,0.0,3160.0,3040.0,0.0,0.0,0.0,0.0,0.0,3040.0,0.0,0.0,0.0,0.0,0.0,3240.0,0.0,4000.0,0.0,10680.0,485000.0,0.0,0.0,0.0,0.0,0.0,226120.0,0.0,0.0,0.0,0.0,0.0,181720.0,0.0
2026-04-11T09:00:00+02:00,5920.0,7960.0,0.0,8960.0,0.0,4040.0,0.0,8000.0,8000.0,9320.0,7000.0,8280.0,0.0,0.0,0.0,8840.0,0.0,3360.0,4560.0,0.0,3040.0,0.0,4040.0,0.0,3520.0,3720.0,3040.0,6680.0,8280.0,0.0,0.0,0.0,3040.0,0.0,22000.0,12520.0,0.0,936638.0,0.0,4040.0,0.0,31960.0,31240.0,1070477.0,27280.0,8280.0,0.0,0.0,0.0,180920.0,0.0
2026-04-11T10:00:00+02:00,9000.0,5760.0,0.0,9320.0,0.0,0.0,0.0,9280.0,8400.0,9400.0,9400.0,9240.0,0.0,0.0,0.0,6720.0,3520.0,3120.0,3600.0,0.0,3160.0,0.0,0.0,0.0,3840.0,3280.0,3040.0,3160.0,9000.0,0.0,0.0,0.0,3360.0,3520.0,334480.0,23320.0,0.0,568358.0,0.0,0.0,0.0,18920.0,64360.0,1532037.0,54360.0,18240.0,0.0,0.0,0.0,27080.0,3520.0
2026-04-11T11:00:00+02:00,8160.0,9280.0,0.0,9040.0,0.0,0.0,0.0,0.0,9080.0,9440.0,9240.0,4280.0,0.0,0.0,0.0,9360.0,7160.0,3320.0,3360.0,0.0,3080.0,0.0,0.0,0.0,0.0,3640.0,3040.0,3040.0,4280.0,0.0,0.0,0.0,3040.0,7160.0,139640.0,56600.0,0.0,381758.0,0.0,0.0,0.0,0.0,212000.0,1388958.0,120200.0,4280.0,0.0,0.0,0.0,80360.0,7160.0
2026-04-11T12:00:00+02:00,3880.0,8880.0,0.0,9120.0,0.0,0.0,0.0,7440.0,9040.0,9360.0,9080.0,3240.0,0.0,0.0,0.0,8039.0,0.0,3880.0,3720.0,0.0,3600.0,0.0,0.0,0.0,7440.0,3080.0,3040.0,3120.0,3240.0,0.0,0.0,0.0,3280.0,0.0,3880.0,77680.0,0.0,103560.0,0.0,0.0,0.0,7440.0,214599.0,495320.0,196280.0,3240.0,0.0,0.0,0.0,11319.0,0.0
2026-04-11T13:00:00+02:00,9240.0,7200.0,0.0,9120.0,0.0,0.0,0.0,0.0,9200.0,9400.0,9440.0,0.0,0.0,0.0,0.0,0.0,6960.0,3160.0,3880.0,0.0,3080.0,0.0,0.0,0.0,0.0,3040.0,3040.0,3240.0,0.0,0.0,0.0,0.0,0.0,5960.0,80040.0,16160.0,0.0,398520.0,0.0,0.0,0.0,0.0,692200.0,1852758.0,179079.0,0.0,0.0,0.0,0.0,0.0,12920.0
2026-04-11T14:00:00+02:00,5760.0,9400.0,0.0,9400.0,0.0,0.0,0.0,8000.0,9200.0,9440.0,9040.0,0.0,0.0,0.0,0.0,6720.0,0.0,3640.0,3040.0,0.0,3040.0,0.0,0.0,0.0,3040.0,3600.0,3040.0,3040.0,0.0,0.0,0.0,0.0,6720.0,0.0,9400.0,97360.0,0.0,847319.0,0.0,0.0,0.0,41920.0,102120.0,2313516.0,207760.0,0.0,0.0,0.0,0.0,6720.0,0.0
2026-04-11T15:00:00+02:00,8720.0,7000.0,0.0,9440.0,6040.0,0.0,0.0,8000.0,8800.0,9440.0,8160.0,0.0,0.0,0.0,0.0,9160.0,8440.0,3880.0,3080.0,0.0,3040.0,3240.0,0.0,0.0,3200.0,3760.0,3040.0,3240.0,0.0,0.0,0.0,0.0,3600.0,8440.0,28680.0,32920.0,0.0,947276.0,21480.0,0.0,0.0,167600.0,17840.0,2249435.0,56479.0,0.0,0.0,0.0,0.0,24200.0,8440.0
2026-04-11T16:00:00+02:00,8039.0,7320.0,0.0,9400.0,3920.0,0.0,0.0,5880.0,9280.0,9440.0,8800.0,0.0,0.0,0.0,0.0,0.0,0.0,5480.0,3640.0,0.0,3040.0,3920.0,0.0,0.0,5880.0,3400.0,3040.0,3040.0,0.0,0.0,0.0,0.0,0.0,0.0,13519.0,38240.0,0.0,921119.0,3920.0,0.0,0.0,5880.0,207519.0,1359720.0,70280.0,0.0,0.0,0.0,0.0,0.0,0.0
2026-04-11T17:00:00+02:00,3040.0,8400.0,0.0,9320.0,3440.0,0.0,0.0,0.0,9320.0,9360.0,8119.0,0.0,0.0,0.0,0.0,0.0,0.0,3040.0,4040.0,0.0,3040.0,3440.0,0.0,0.0,0.0,3160.0,3080.0,6200.0,0.0,0.0,0.0,0.0,0.0,0.0,3040.0,52320.0,0.0,564679.0,3440.0,0.0,0.0,0.0,184640.0,460319.0,14319.0,0.0,0.0,0.0,0.0,0.0,0.0
2026-04-11T18:00:00+02:00,7680.0,8240.0,0.0,9360.0,7560.0,0.0,0.0,0.0,9440.0,9440.0,9000.0,0.0,0.0,0.0,0.0,9320.0,0.0,3160.0,4000.0,0.0,3080.0,3840.0,0.0,0.0,0.0,3040.0,3040.0,5720.0,0.0,0.0,0.0,0.0,3160.0,0.0,17120.0,31640.0,0.0,761278.0,45840.0,0.0,0.0,0.0,358080.0,746159.0,21200.0,0.0,0.0,0.0,0.0,87120.0,0.0
2026-04-11T19:00:00+02:00,8039.0,8640.0,0.0,9440.0,7960.0,0.0,0.0,0.0,9440.0,9400.0,6480.0,0.0,0.0,0.0,0.0,9120.0,9080.0,8039.0,3240.0,0.0,3040.0,3640.0,0.0,0.0,0.0,3040.0,3040.0,6480.0,0.0,0.0,0.0,0.0,3240.0,9080.0,8039.0,51080.0,0.0,2287591.0,26520.0,0.0,0.0,0.0,669916.0,784238.0,6480.0,0.0,0.0,0.0,0.0,94840.0,9080.0
2026-04-11T20:00:00+02:00,5520.0,8119.0,0.0,9400.0,7880.0,0.0,0.0,6320.0,8640.0,9320.0,0.0,6800.0,0.0,0.0,0.0,7680.0,0.0,5520.0,4160.0,0.0,3040.0,3880.0,0.0,0.0,3320.0,3040.0,3080.0,0.0,6800.0,0.0,0.0,0.0,3120.0,0.0,5520.0,35319.0,0.0,1166439.0,11760.0,0.0,0.0,13640.0,677760.0,811360.0,0.0,6800.0,0.0,0.0,0.0,54960.0,0.0
2026-04-11T21:00:00+02:00,8600.0,9080.0,0.0,8920.0,0.0,0.0,0.0,8240.0,3560.0,9440.0,0.0,5920.0,0.0,0.0,0.0,0.0,0.0,4640.0,3840.0,0.0,3240.0,0.0,0.0,0.0,3960.0,3560.0,3040.0,0.0,5920.0,0.0,0.0,0.0,0.0,0.0,13240.0,31920.0,0.0,100320.0,0.0,0.0,0.0,36200.0,3560.0,526118.0,0.0,5920.0,0.0,0.0,0.0,0.0,0.0
2026-04-11T22:00:00+02:00,6680.0,3080.0,0.0,9440.0,0.0,0.0,0.0,7880.0,5160.0,9360.0,7280.0,0.0,0.0,0.0,0.0,0.0,8960.0,3040.0,3080.0,0.0,3280.0,0.0,0.0,0.0,3280.0,5160.0,3120.0,3360.0,0.0,0.0,0.0,0.0,0.0,3280.0,29280.0,3080.0,0.0,190400.0,0.0,0.0,0.0,30000.0,5160.0,439079.0,10640.0,0.0,0.0,0.0,0.0,0.0,63560.0
2026-04-11T23:00:00+02:00,7320.0,5720.0,0.0,8920.0,0.0,0.0,0.0,8680.0,4120.0,9360.0,3200.0,0.0,0.0,0.0,0.0,3560.0,6000.0,3240.0,3480.0,0.0,3120.0,0.0,0.0,0.0,4000.0,3560.0,3120.0,3200.0,0.0,0.0,0.0,0.0,3560.0,3960.0,30880.0,14320.0,0.0,244638.0,0.0,0.0,0.0,12680.0,7680.0,229359.0,3200.0,0.0,0.0,0.0,0.0,3560.0,19720.0
2026-04-12T00:00:00+02:00,5200.0,0.0,0.0,9320.0,0.0,0.0,0.0,4880.0,5880.0,9280.0,6400.0,0.0,0.0,0.0,0.0,0.0,7720.0,3080.0,0.0,0.0,3040.0,0.0,0.0,0.0,4880.0,5880.0,3040.0,3320.0,0.0,0.0,0.0,0.0,0.0,4560.0,16800.0,0.0,0.0,768360.0,0.0,0.0,0.0,4880.0,5880.0,608880.0,25280.0,0.0,0.0,0.0,0.0,0.0,25000.0
2026-04-12T01:00:00+02:00,7520.0,9000.0,0.0,8840.0,0.0,0.0,0.0,8000.0,7920.0,9240.0,3640.0,0.0,0.0,0.0,0.0,9360.0,0.0,3800.0,3600.0,0.0,3080.0,0.0,0.0,0.0,3040.0,4400.0,3040.0,3640.0,0.0,0.0,0.0,0.0,4040.0,0.0,11320.0,34000.0,0.0,146480.0,0.0,0.0,0.0,161320.0,12320.0,832477.0,3640.0,0.0,0.0,0.0,0.0,19560.0,0.0
2026-04-12T02:00:00+02:00,7200.0,0.0,0.0,8000.0,0.0,0.0,0.0,7640.0,5120.0,8240.0,0.0,0.0,0.0,0.0,0.0,0.0,0.0,3920.0,0.0,0.0,3040.0,0.0,0.0,0.0,3120.0,5120.0,3040.0,0.0,0.0,0.0,0.0,0.0,0.0,0.0,22920.0,0.0,0.0,59080.0,0.0,0.0,0.0,29600.0,5120.0,517399.0,0.0,0.0,0.0,0.0,0.0,0.0,0.0
2026-04-12T03:00:00+02:00,8760.0,4560.0,0.0,9040.0,0.0,0.0,0.0,4040.0,0.0,9160.0,0.0,0.0,0.0,0.0,0.0,0.0,0.0,3040.0,4560.0,0.0,3400.0,0.0,0.0,0.0,3400.0,0.0,3040.0,0.0,0.0,0.0,0.0,0.0,0.0,0.0,11800.0,4560.0,0.0,61720.0,0.0,0.0,0.0,10880.0,0.0,536397.0,0.0,0.0,0.0,0.0,0.0,0.0,0.0
2026-04-12T04:00:00+02:00,0.0,0.0,0.0,9360.0,0.0,0.0,0.0,3320.0,0.0,6240.0,0.0,0.0,0.0,0.0,0.0,0.0,0.0,0.0,0.0,0.0,3320.0,0.0,0.0,0.0,3320.0,0.0,3040.0,0.0,0.0,0.0,0.0,0.0,0.0,0.0,0.0,0.0,0.0,37600.0,0.0,0.0,0.0,3320.0,0.0,164160.0,0.0,0.0,0.0,0.0,0.0,0.0,0.0
2026-04-12T05:00:00+02:00,6200.0,0.0,0.0,9240.0,0.0,0.0,0.0,0.0,8000.0,9440.0,0.0,0.0,0.0,0.0,0.0,0.0,0.0,3120.0,0.0,0.0,3080.0,0.0,0.0,0.0,0.0,4000.0,3040.0,0.0,0.0,0.0,0.0,0.0,0.0,0.0,16240.0,0.0,0.0,173600.0,0.0,0.0,0.0,0.0,36280.0,332640.0,0.0,0.0,0.0,0.0,0.0,0.0,0.0
2026-04-12T06:00:00+02:00,0.0,7800.0,0.0,9080.0,0.0,0.0,0.0,0.0,9200.0,9440.0,0.0,0.0,0.0,0.0,0.0,9400.0,0.0,0.0,7800.0,0.0,3080.0,0.0,0.0,0.0,0.0,3080.0,3080.0,0.0,0.0,0.0,0.0,0.0,3040.0,0.0,0.0,7800.0,0.0,1175280.0,0.0,0.0,0.0,0.0,1384039.0,524880.0,0.0,0.0,0.0,0.0,0.0,84400.0,0.0
2026-04-12T07:00:00+02:00,9040.0,4400.0,0.0,8720.0,7000.0,0.0,0.0,0.0,9320.0,9240.0,0.0,3400.0,0.0,0.0,0.0,0.0,0.0,9040.0,4400.0,0.0,3080.0,3640.0,0.0,0.0,0.0,3040.0,3040.0,0.0,3400.0,0.0,0.0,0.0,0.0,0.0,9040.0,4400.0,0.0,613071.0,35680.0,0.0,0.0,0.0,1265939.0,290038.0,0.0,3400.0,0.0,0.0,0.0,0.0,0.0
2026-04-12T08:00:00+02:00,0.0,0.0,0.0,9280.0,6080.0,0.0,0.0,5120.0,9280.0,9040.0,0.0,0.0,0.0,0.0,0.0,0.0,0.0,0.0,0.0,0.0,3040.0,3480.0,0.0,0.0,5120.0,3040.0,3040.0,0.0,0.0,0.0,0.0,0.0,0.0,0.0,0.0,0.0,0.0,669639.0,21520.0,0.0,0.0,5120.0,721039.0,282399.0,0.0,0.0,0.0,0.0,0.0,0.0,0.0
2026-04-12T09:00:00+02:00,8840.0,7480.0,0.0,8680.0,3040.0,0.0,0.0,7520.0,9240.0,9320.0,7840.0,0.0,0.0,0.0,0.0,8720.0,0.0,8840.0,3280.0,0.0,3040.0,3040.0,0.0,0.0,3280.0,3040.0,3040.0,3040.0,0.0,0.0,0.0,0.0,4160.0,0.0,8840.0,25760.0,0.0,430559.0,3040.0,0.0,0.0,30400.0,246040.0,190440.0,26200.0,0.0,0.0,0.0,0.0,51879.0,0.0
2026-04-12T10:00:00+02:00,0.0,0.0,9240.0,9280.0,0.0,0.0,0.0,0.0,7960.0,9360.0,0.0,0.0,0.0,0.0,0.0,8720.0,0.0,0.0,0.0,8760.0,3040.0,0.0,0.0,0.0,0.0,3040.0,3040.0,0.0,0.0,0.0,0.0,0.0,3360.0,0.0,0.0,0.0,18000.0,210318.0,0.0,0.0,0.0,0.0,18640.0,324960.0,0.0,0.0,0.0,0.0,0.0,26680.0,0.0
2026-04-12T11:00:00+02:00,0.0,9320.0,6640.0,9320.0,0.0,0.0,0.0,0.0,9320.0,9400.0,9240.0,3200.0,0.0,0.0,0.0,0.0,0.0,0.0,3040.0,6320.0,3080.0,0.0,0.0,0.0,0.0,3040.0,3040.0,4000.0,3200.0,0.0,0.0,0.0,0.0,0.0,0.0,43080.0,12960.0,562279.0,0.0,0.0,0.0,0.0,692198.0,1623398.0,74760.0,3200.0,0.0,0.0,0.0,0.0,0.0
2026-04-12T12:00:00+02:00,0.0,8520.0,0.0,9200.0,4560.0,0.0,0.0,5360.0,9320.0,9360.0,8160.0,0.0,0.0,0.0,0.0,5880.0,6800.0,0.0,3400.0,0.0,3040.0,4560.0,0.0,0.0,3840.0,3040.0,3080.0,4000.0,0.0,0.0,0.0,0.0,3960.0,6800.0,0.0,55399.0,0.0,659760.0,4560.0,0.0,0.0,9200.0,1319115.0,1137557.0,34360.0,0.0,0.0,0.0,0.0,20960.0,6800.0
2026-04-12T13:00:00+02:00,9280.0,8960.0,0.0,9360.0,0.0,0.0,0.0,0.0,9400.0,9360.0,9000.0,8360.0,0.0,0.0,0.0,9360.0,0.0,3120.0,3960.0,0.0,3240.0,0.0,0.0,0.0,0.0,3040.0,3040.0,3160.0,3400.0,0.0,0.0,0.0,4000.0,0.0,70680.0,46960.0,0.0,317760.0,0.0,0.0,0.0,0.0,1039599.0,1458519.0,43520.0,74920.0,0.0,0.0,0.0,30480.0,0.0
2026-04-12T14:00:00+02:00,8240.0,6920.0,0.0,8840.0,0.0,0.0,0.0,5960.0,9000.0,9280.0,5640.0,0.0,0.0,0.0,0.0,9320.0,0.0,3960.0,3240.0,0.0,3040.0,0.0,0.0,0.0,3800.0,3080.0,3040.0,3440.0,0.0,0.0,0.0,0.0,3480.0,0.0,36840.0,53880.0,0.0,399519.0,0.0,0.0,0.0,15600.0,369360.0,1240319.0,44560.0,0.0,0.0,0.0,0.0,69800.0,0.0
2026-04-12T15:00:00+02:00,8000.0,7240.0,0.0,9200.0,0.0,0.0,0.0,0.0,8920.0,9400.0,7160.0,0.0,0.0,0.0,0.0,8560.0,0.0,3160.0,3120.0,0.0,3040.0,0.0,0.0,0.0,0.0,3080.0,3040.0,3280.0,0.0,0.0,0.0,0.0,3160.0,0.0,72520.0,44160.0,0.0,272360.0,0.0,0.0,0.0,0.0,349720.0,734319.0,58680.0,0.0,0.0,0.0,0.0,97400.0,0.0
2026-04-12T16:00:00+02:00,8280.0,8560.0,0.0,9240.0,8000.0,0.0,0.0,0.0,9120.0,9320.0,7680.0,3720.0,0.0,0.0,0.0,7120.0,0.0,3320.0,3080.0,0.0,3200.0,3240.0,0.0,0.0,0.0,3160.0,3040.0,3400.0,3720.0,0.0,0.0,0.0,3600.0,0.0,56640.0,84960.0,0.0,329159.0,64280.0,0.0,0.0,0.0,179880.0,426799.0,20080.0,3720.0,0.0,0.0,0.0,75120.0,0.0
2026-04-12T17:00:00+02:00,9160.0,8440.0,0.0,9320.0,8840.0,0.0,0.0,0.0,9400.0,9240.0,6720.0,4320.0,0.0,0.0,0.0,7360.0,0.0,3400.0,3040.0,0.0,3040.0,3040.0,0.0,0.0,0.0,3040.0,3040.0,3640.0,3080.0,0.0,0.0,0.0,5880.0,0.0,67000.0,51080.0,0.0,906758.0,446397.0,0.0,0.0,0.0,465439.0,1246836.0,10360.0,7400.0,0.0,0.0,0.0,73080.0,0.0
2026-04-12T18:00:00+02:00,9160.0,8600.0,0.0,9120.0,9320.0,0.0,0.0,6800.0,8840.0,9360.0,0.0,7880.0,0.0,0.0,0.0,8000.0,0.0,3800.0,4200.0,0.0,3040.0,3160.0,0.0,0.0,3680.0,3040.0,3040.0,0.0,3760.0,0.0,0.0,0.0,4240.0,0.0,55040.0,22880.0,0.0,912756.0,301240.0,0.0,0.0,23640.0,333800.0,1039198.0,0.0,17000.0,0.0,0.0,0.0,24800.0,0.0
2026-04-12T19:00:00+02:00,5120.0,6920.0,0.0,9240.0,9120.0,0.0,0.0,7040.0,8640.0,9400.0,7800.0,4440.0,0.0,0.0,0.0,9120.0,0.0,3560.0,3320.0,0.0,3040.0,3280.0,0.0,0.0,3440.0,3120.0,3040.0,6040.0,3520.0,0.0,0.0,0.0,3040.0,0.0,8680.0,42200.0,0.0,787355.0,67280.0,0.0,0.0,14400.0,382759.0,801757.0,13840.0,16040.0,0.0,0.0,0.0,82320.0,0.0
2026-04-12T20:00:00+02:00,0.0,8800.0,0.0,9040.0,6680.0,0.0,0.0,0.0,8000.0,9200.0,7920.0,0.0,0.0,0.0,0.0,8800.0,0.0,0.0,3160.0,0.0,3360.0,3160.0,0.0,0.0,0.0,3040.0,3040.0,7920.0,0.0,0.0,0.0,0.0,4160.0,0.0,0.0,48480.0,0.0,314600.0,50280.0,0.0,0.0,0.0,254720.0,210360.0,7920.0,0.0,0.0,0.0,0.0,20960.0,0.0
2026-04-12T21:00:00+02:00,3160.0,3280.0,0.0,9120.0,0.0,0.0,0.0,0.0,0.0,8760.0,0.0,9200.0,0.0,0.0,0.0,0.0,0.0,3160.0,3280.0,0.0,3200.0,0.0,0.0,0.0,0.0,0.0,3120.0,0.0,9200.0,0.0,0.0,0.0,0.0,0.0,6320.0,3280.0,0.0,221639.0,0.0,0.0,0.0,0.0,0.0,184360.0,0.0,9200.0,0.0,0.0,0.0,0.0,0.0
2026-04-12T22:00:00+02:00,0.0,0.0,0.0,8640.0,0.0,0.0,0.0,0.0,0.0,9200.0,0.0,0.0,0.0,0.0,0.0,0.0,0.0,0.0,0.0,0.0,3040.0,0.0,0.0,0.0,0.0,0.0,3120.0,0.0,0.0,0.0,0.0,0.0,0.0,0.0,0.0,0.0,0.0,106840.0,0.0,0.0,0.0,0.0,0.0,148640.0,0.0,0.0,0.0,0.0,0.0,0.0,0.0
2026-04-12T23:00:00+02:00,0.0,0.0,0.0,5960.0,0.0,0.0,0.0,0.0,0.0,8920.0,0.0,0.0,0.0,0.0,0.0,0.0,0.0,0.0,0.0,0.0,3280.0,0.0,0.0,0.0,0.0,0.0,3080.0,0.0,0.0,0.0,0.0,0.0,0.0,0.0,0.0,0.0,0.0,28040.0,0.0,0.0,0.0,0.0,0.0,70680.0,0.0,0.0,0.0,0.0,0.0,0.0,0.0
2026-04-13T00:00:00+02:00,0.0,0.0,0.0,3240.0,0.0,0.0,0.0,0.0,0.0,7320.0,0.0,0.0,0.0,0.0,0.0,0.0,0.0,0.0,0.0,0.0,3040.0,0.0,0.0,0.0,0.0,0.0,4640.0,0.0,0.0,0.0,0.0,0.0,0.0,0.0,0.0,0.0,0.0,6280.0,0.0,0.0,0.0,0.0,0.0,49240.0,0.0,0.0,0.0,0.0,0.0,0.0,0.0
2026-04-13T01:00:00+02:00,7520.0,0.0,0.0,4200.0,0.0,0.0,0.0,0.0,0.0,8320.0,0.0,0.0,0.0,0.0,0.0,0.0,0.0,7520.0,0.0,0.0,3280.0,0.0,0.0,0.0,0.0,0.0,3280.0,0.0,0.0,0.0,0.0,0.0,0.0,0.0,7520.0,0.0,0.0,11480.0,0.0,0.0,0.0,0.0,0.0,44800.0,0.0,0.0,0.0,0.0,0.0,0.0,0.0
2026-04-13T02:00:00+02:00,0.0,0.0,0.0,3600.0,0.0,0.0,0.0,0.0,0.0,8000.0,0.0,0.0,0.0,0.0,0.0,0.0,0.0,0.0,0.0,0.0,3360.0,0.0,0.0,0.0,0.0,0.0,3280.0,0.0,0.0,0.0,0.0,0.0,0.0,0.0,0.0,0.0,0.0,6960.0,0.0,0.0,0.0,0.0,0.0,57520.0,0.0,0.0,0.0,0.0,0.0,0.0,0.0
2026-04-13T03:00:00+02:00,0.0,0.0,0.0,8200.0,0.0,0.0,0.0,0.0,0.0,7960.0,0.0,0.0,0.0,0.0,0.0,6360.0,0.0,0.0,0.0,0.0,3200.0,0.0,0.0,0.0,0.0,0.0,3040.0,0.0,0.0,0.0,0.0,0.0,4680.0,0.0,0.0,0.0,0.0,119600.0,0.0,0.0,0.0,0.0,0.0,47840.0,0.0,0.0,0.0,0.0,0.0,11040.0,0.0
2026-04-13T04:00:00+02:00,0.0,0.0,0.0,8560.0,0.0,0.0,0.0,0.0,0.0,6240.0,0.0,0.0,0.0,0.0,0.0,0.0,0.0,0.0,0.0,0.0,3080.0,0.0,0.0,0.0,0.0,0.0,3720.0,0.0,0.0,0.0,0.0,0.0,0.0,0.0,0.0,0.0,0.0,361680.0,0.0,0.0,0.0,0.0,0.0,18040.0,0.0,0.0,0.0,0.0,0.0,0.0,0.0
2026-04-13T05:00:00+02:00,0.0,3400.0,0.0,8000.0,0.0,0.0,0.0,4080.0,8440.0,9040.0,7520.0,0.0,0.0,0.0,0.0,0.0,0.0,0.0,3400.0,0.0,3120.0,0.0,0.0,0.0,3840.0,3040.0,3120.0,4800.0,0.0,0.0,0.0,0.0,0.0,0.0,0.0,3400.0,0.0,118480.0,0.0,0.0,0.0,7920.0,111080.0,90440.0,17960.0,0.0,0.0,0.0,0.0,0.0,0.0
2026-04-13T06:00:00+02:00,0.0,8960.0,0.0,9280.0,7960.0,0.0,0.0,8760.0,9400.0,9280.0,0.0,0.0,0.0,0.0,0.0,5400.0,0.0,0.0,3320.0,0.0,3040.0,3160.0,0.0,0.0,3760.0,3080.0,3040.0,0.0,0.0,0.0,0.0,0.0,4000.0,0.0,0.0,31760.0,0.0,1189916.0,183920.0,0.0,0.0,43879.0,967914.0,297320.0,0.0,0.0,0.0,0.0,0.0,9400.0,0.0
2026-04-13T07:00:00+02:00,0.0,6880.0,0.0,9280.0,8000.0,0.0,0.0,7760.0,8720.0,9400.0,7760.0,0.0,0.0,0.0,0.0,4600.0,0.0,0.0,3240.0,0.0,3040.0,3720.0,0.0,0.0,3480.0,3040.0,3040.0,7760.0,0.0,0.0,0.0,0.0,4600.0,0.0,0.0,13600.0,0.0,907520.0,91200.0,0.0,0.0,16280.0,631720.0,300480.0,7760.0,0.0,0.0,0.0,0.0,4600.0,0.0
2026-04-13T08:00:00+02:00,3920.0,5120.0,0.0,8840.0,8400.0,0.0,0.0,9040.0,8960.0,9120.0,7600.0,8080.0,0.0,0.0,0.0,3840.0,0.0,3920.0,3480.0,0.0,3040.0,3400.0,0.0,0.0,3160.0,3160.0,3200.0,5920.0,8080.0,0.0,0.0,0.0,3840.0,0.0,3920.0,12640.0,0.0,519320.0,125398.0,0.0,0.0,36240.0,247000.0,302840.0,20720.0,8080.0,0.0,0.0,0.0,3840.0,0.0
2026-04-13T09:00:00+02:00,0.0,7240.0,0.0,9200.0,9320.0,0.0,0.0,7120.0,8039.0,9200.0,0.0,0.0,0.0,0.0,0.0,8119.0,0.0,0.0,4680.0,0.0,3080.0,3040.0,0.0,0.0,3440.0,3040.0,3080.0,0.0,0.0,0.0,0.0,0.0,3240.0,0.0,0.0,47200.0,0.0,584118.0,365398.0,0.0,0.0,19440.0,522198.0,957519.0,0.0,0.0,0.0,0.0,0.0,67159.0,0.0
2026-04-13T10:00:00+02:00,6280.0,8840.0,0.0,9240.0,9320.0,0.0,0.0,8000.0,8039.0,8880.0,8920.0,8000.0,0.0,0.0,0.0,6440.0,0.0,6280.0,3680.0,0.0,3040.0,3120.0,0.0,0.0,3280.0,3040.0,3040.0,5880.0,3920.0,0.0,0.0,0.0,6440.0,0.0,6280.0,24080.0,0.0,889915.0,261680.0,0.0,0.0,74600.0,731039.0,990836.0,21720.0,57080.0,0.0,0.0,0.0,6440.0,0.0
2026-04-13T11:00:00+02:00,0.0,9360.0,0.0,8920.0,8600.0,0.0,0.0,8480.0,8760.0,9360.0,9360.0,6840.0,0.0,0.0,0.0,0.0,0.0,0.0,4440.0,0.0,3080.0,3320.0,0.0,0.0,3680.0,3040.0,3040.0,4680.0,3240.0,0.0,0.0,0.0,0.0,0.0,0.0,45119.0,0.0,549880.0,414719.0,0.0,0.0,91600.0,940518.0,897440.0,53040.0,45360.0,0.0,0.0,0.0,0.0,0.0
2026-04-13T12:00:00+02:00,4920.0,7160.0,0.0,8240.0,8000.0,0.0,0.0,0.0,8840.0,9240.0,3720.0,4000.0,0.0,0.0,0.0,6000.0,0.0,3760.0,3160.0,0.0,3040.0,3240.0,0.0,0.0,0.0,3160.0,3040.0,3720.0,4000.0,0.0,0.0,0.0,3400.0,0.0,8680.0,39400.0,0.0,73880.0,103920.0,0.0,0.0,0.0,491880.0,830837.0,3720.0,4000.0,0.0,0.0,0.0,17120.0,0.0
2026-04-13T13:00:00+02:00,8840.0,8640.0,0.0,8960.0,7760.0,0.0,0.0,8600.0,8400.0,9160.0,9080.0,8000.0,0.0,0.0,0.0,8920.0,8920.0,3320.0,4720.0,0.0,3120.0,3200.0,0.0,0.0,3200.0,3200.0,3040.0,3160.0,3320.0,0.0,0.0,0.0,4000.0,3320.0,36880.0,42520.0,0.0,145880.0,94440.0,0.0,0.0,189640.0,319440.0,390079.0,70840.0,18840.0,0.0,0.0,0.0,56880.0,55280.0
2026-04-13T14:00:00+02:00,7920.0,8920.0,0.0,9160.0,8039.0,0.0,0.0,8000.0,8680.0,9160.0,8320.0,0.0,0.0,0.0,0.0,9040.0,0.0,3880.0,3800.0,0.0,3040.0,3160.0,0.0,0.0,3600.0,3440.0,3040.0,3240.0,0.0,0.0,0.0,0.0,3040.0,0.0,32360.0,54000.0,0.0,314039.0,113477.0,0.0,0.0,44800.0,335399.0,342040.0,23440.0,0.0,0.0,0.0,0.0,174398.0,0.0
2026-04-13T15:00:00+02:00,3680.0,7080.0,0.0,8720.0,8640.0,0.0,0.0,9040.0,9280.0,9360.0,7920.0,5680.0,0.0,0.0,0.0,9040.0,0.0,3680.0,3880.0,0.0,3040.0,3040.0,0.0,0.0,3160.0,3040.0,3040.0,5280.0,5680.0,0.0,0.0,0.0,3440.0,0.0,3680.0,53960.0,0.0,670474.0,265438.0,0.0,0.0,183120.0,826314.0,977358.0,13200.0,5680.0,0.0,0.0,0.0,115279.0,0.0
2026-04-13T16:00:00+02:00,0.0,9200.0,0.0,8880.0,9240.0,0.0,0.0,9000.0,9040.0,9320.0,8119.0,3920.0,0.0,0.0,0.0,9040.0,0.0,0.0,3080.0,0.0,3160.0,3040.0,0.0,0.0,3520.0,3080.0,3040.0,3280.0,3040.0,0.0,0.0,0.0,4040.0,0.0,0.0,95560.0,0.0,669920.0,335279.0,0.0,0.0,214080.0,803116.0,869078.0,24759.0,10480.0,0.0,0.0,0.0,55200.0,0.0
2026-04-13T17:00:00+02:00,6280.0,9200.0,0.0,9320.0,9000.0,0.0,0.0,4200.0,9360.0,9360.0,3520.0,0.0,0.0,0.0,0.0,8000.0,5920.0,3240.0,3480.0,0.0,3040.0,3040.0,0.0,0.0,4200.0,3040.0,3040.0,3520.0,0.0,0.0,0.0,0.0,3960.0,3960.0,27160.0,59360.0,0.0,573437.0,378360.0,0.0,0.0,4200.0,994037.0,815398.0,3520.0,0.0,0.0,0.0,0.0,17960.0,9880.0
2026-04-13T18:00:00+02:00,0.0,8000.0,0.0,8560.0,9320.0,0.0,0.0,6600.0,9280.0,9280.0,8280.0,0.0,0.0,0.0,0.0,0.0,0.0,0.0,4240.0,0.0,3040.0,3040.0,0.0,0.0,6600.0,3040.0,3040.0,4480.0,0.0,0.0,0.0,0.0,0.0,0.0,0.0,43680.0,0.0,302040.0,231200.0,0.0,0.0,6600.0,711840.0,420439.0,12760.0,0.0,0.0,0.0,0.0,0.0,0.0
2026-04-13T19:00:00+02:00,0.0,7160.0,0.0,8720.0,8840.0,0.0,0.0,7960.0,9040.0,9200.0,0.0,4000.0,0.0,0.0,0.0,7960.0,0.0,0.0,3120.0,0.0,3040.0,3680.0,0.0,0.0,7960.0,3120.0,3040.0,0.0,3840.0,0.0,0.0,0.0,5160.0,0.0,0.0,18160.0,0.0,164320.0,161480.0,0.0,0.0,7960.0,219278.0,387798.0,0.0,7840.0,0.0,0.0,0.0,32080.0,0.0
2026-04-13T20:00:00+02:00,0.0,6920.0,6440.0,9200.0,7640.0,0.0,0.0,0.0,8960.0,9360.0,5880.0,0.0,0.0,0.0,0.0,8960.0,0.0,0.0,4000.0,6440.0,3040.0,3600.0,0.0,0.0,0.0,3040.0,3080.0,5880.0,0.0,0.0,0.0,0.0,3560.0,0.0,0.0,10920.0,6440.0,593760.0,68200.0,0.0,0.0,0.0,510839.0,519959.0,5880.0,0.0,0.0,0.0,0.0,45360.0,0.0
2026-04-13T21:00:00+02:00,6440.0,3040.0,0.0,9160.0,4320.0,0.0,0.0,0.0,0.0,9240.0,0.0,0.0,0.0,0.0,0.0,0.0,0.0,3040.0,3040.0,0.0,3120.0,3840.0,0.0,0.0,0.0,0.0,3040.0,0.0,0.0,0.0,0.0,0.0,0.0,0.0,73760.0,3040.0,0.0,155240.0,8160.0,0.0,0.0,0.0,0.0,226720.0,0.0,0.0,0.0,0.0,0.0,0.0,0.0
2026-04-13T22:00:00+02:00,7880.0,0.0,0.0,8560.0,0.0,0.0,0.0,3480.0,0.0,9000.0,0.0,0.0,0.0,0.0,0.0,0.0,0.0,3080.0,0.0,0.0,3040.0,0.0,0.0,0.0,3480.0,0.0,3040.0,0.0,0.0,0.0,0.0,0.0,0.0,0.0,72040.0,0.0,0.0,45480.0,0.0,0.0,0.0,3480.0,0.0,101040.0,0.0,0.0,0.0,0.0,0.0,0.0,0.0
2026-04-13T23:00:00+02:00,6960.0,0.0,0.0,6960.0,0.0,0.0,0.0,0.0,0.0,6240.0,0.0,0.0,0.0,0.0,0.0,0.0,0.0,3240.0,0.0,0.0,3760.0,0.0,0.0,0.0,0.0,0.0,3280.0,0.0,0.0,0.0,0.0,0.0,0.0,0.0,86720.0,0.0,0.0,10720.0,0.0,0.0,0.0,0.0,0.0,73960.0,0.0,0.0,0.0,0.0,0.0,0.0,0.0
2026-04-14T00:00:00+02:00,7880.0,0.0,0.0,4000.0,0.0,0.0,0.0,0.0,0.0,8000.0,0.0,0.0,0.0,0.0,0.0,0.0,0.0,3040.0,0.0,0.0,3040.0,0.0,0.0,0.0,0.0,0.0,3040.0,0.0,0.0,0.0,0.0,0.0,0.0,0.0,124440.0,0.0,0.0,17560.0,0.0,0.0,0.0,0.0,0.0,88320.0,0.0,0.0,0.0,0.0,0.0,0.0,0.0
2026-04-14T01:00:00+02:00,8280.0,3520.0,0.0,4000.0,3640.0,0.0,0.0,0.0,0.0,8000.0,0.0,0.0,0.0,0.0,0.0,0.0,0.0,3240.0,3520.0,0.0,4000.0,3640.0,0.0,0.0,0.0,0.0,3040.0,0.0,0.0,0.0,0.0,0.0,0.0,0.0,154800.0,3520.0,0.0,4000.0,3640.0,0.0,0.0,0.0,0.0,171360.0,0.0,0.0,0.0,0.0,0.0,0.0,0.0
2026-04-14T02:00:00+02:00,8160.0,0.0,0.0,9040.0,3760.0,0.0,0.0,0.0,3800.0,8480.0,0.0,0.0,0.0,0.0,0.0,0.0,0.0,3080.0,0.0,0.0,3080.0,3760.0,0.0,0.0,0.0,3800.0,3040.0,0.0,0.0,0.0,0.0,0.0,0.0,0.0,322840.0,0.0,0.0,97800.0,3760.0,0.0,0.0,0.0,3800.0,351400.0,0.0,0.0,0.0,0.0,0.0,0.0,0.0
2026-04-14T03:00:00+02:00,5960.0,0.0,0.0,7120.0,9160.0,0.0,0.0,0.0,0.0,9080.0,0.0,0.0,0.0,0.0,0.0,0.0,0.0,3040.0,0.0,0.0,3080.0,3080.0,0.0,0.0,0.0,0.0,3040.0,0.0,0.0,0.0,0.0,0.0,0.0,0.0,30360.0,0.0,0.0,42080.0,380319.0,0.0,0.0,0.0,0.0,645316.0,0.0,0.0,0.0,0.0,0.0,0.0,0.0
2026-04-14T04:00:00+02:00,7760.0,0.0,0.0,8000.0,8480.0,0.0,0.0,0.0,0.0,9240.0,0.0,0.0,0.0,0.0,0.0,0.0,0.0,3320.0,0.0,0.0,3240.0,3040.0,0.0,0.0,0.0,0.0,3040.0,0.0,0.0,0.0,0.0,0.0,0.0,0.0,40680.0,0.0,0.0,43000.0,217159.0,0.0,0.0,0.0,0.0,370998.0,0.0,0.0,0.0,0.0,0.0,0.0,0.0
2026-04-14T05:00:00+02:00,7440.0,0.0,0.0,6560.0,8000.0,0.0,0.0,7800.0,8000.0,9280.0,0.0,0.0,0.0,0.0,0.0,0.0,0.0,3280.0,0.0,0.0,3440.0,3240.0,0.0,0.0,5360.0,3840.0,3040.0,0.0,0.0,0.0,0.0,0.0,0.0,0.0,43360.0,0.0,0.0,45640.0,70920.0,0.0,0.0,13160.0,41680.0,193240.0,0.0,0.0,0.0,0.0,0.0,0.0,0.0
2026-04-14T06:00:00+02:00,0.0,4640.0,0.0,8880.0,8200.0,0.0,0.0,7960.0,8000.0,9200.0,0.0,0.0,0.0,0.0,0.0,8440.0,0.0,0.0,4640.0,0.0,3200.0,3120.0,0.0,0.0,4000.0,3280.0,3160.0,0.0,0.0,0.0,0.0,0.0,3040.0,0.0,0.0,4640.0,0.0,316920.0,103440.0,0.0,0.0,28240.0,216560.0,311719.0,0.0,0.0,0.0,0.0,0.0,52600.0,0.0
2026-04-14T07:00:00+02:00,0.0,8360.0,0.0,9240.0,8000.0,0.0,0.0,6640.0,8000.0,9280.0,8360.0,3200.0,0.0,0.0,0.0,9200.0,0.0,0.0,3560.0,0.0,3120.0,3040.0,0.0,0.0,5640.0,3120.0,3080.0,3360.0,3200.0,0.0,0.0,0.0,3160.0,0.0,0.0,44360.0,0.0,538317.0,127760.0,0.0,0.0,18640.0,214280.0,780159.0,22960.0,3200.0,0.0,0.0,0.0,237280.0,0.0
2026-04-14T08:00:00+02:00,5840.0,7040.0,0.0,9120.0,9080.0,0.0,0.0,6920.0,8280.0,9240.0,5680.0,0.0,0.0,0.0,0.0,9200.0,0.0,5840.0,3160.0,0.0,3040.0,3080.0,0.0,0.0,3080.0,3040.0,3040.0,3760.0,0.0,0.0,0.0,0.0,3040.0,0.0,5840.0,23960.0,0.0,789758.0,257600.0,0.0,0.0,42000.0,341157.0,1457872.0,14280.0,0.0,0.0,0.0,0.0,409239.0,0.0
2026-04-14T09:00:00+02:00,5480.0,5840.0,0.0,8800.0,9320.0,0.0,0.0,8400.0,9240.0,9320.0,3920.0,0.0,0.0,0.0,0.0,8800.0,0.0,5480.0,5240.0,0.0,3040.0,3040.0,0.0,0.0,3280.0,3040.0,3040.0,3240.0,0.0,0.0,0.0,0.0,3040.0,0.0,5480.0,11080.0,0.0,579679.0,241599.0,0.0,0.0,28920.0,517520.0,1125035.0,14240.0,0.0,0.0,0.0,0.0,80120.0,0.0
2026-04-14T10:00:00+02:00,0.0,3880.0,0.0,9280.0,9000.0,0.0,0.0,7880.0,9080.0,9280.0,6280.0,0.0,0.0,0.0,0.0,8640.0,0.0,0.0,3880.0,0.0,3280.0,3320.0,0.0,0.0,3480.0,3240.0,3040.0,4400.0,0.0,0.0,0.0,0.0,3400.0,0.0,0.0,3880.0,0.0,487479.0,204280.0,0.0,0.0,58600.0,317720.0,1234838.0,16840.0,0.0,0.0,0.0,0.0,46680.0,0.0
2026-04-14T11:00:00+02:00,4880.0,6440.0,0.0,8960.0,9320.0,0.0,0.0,9080.0,9080.0,9320.0,4920.0,0.0,0.0,0.0,0.0,8840.0,0.0,4880.0,3440.0,0.0,3320.0,3320.0,0.0,0.0,3360.0,3040.0,3040.0,4920.0,0.0,0.0,0.0,0.0,3080.0,0.0,4880.0,19440.0,0.0,276200.0,183997.0,0.0,0.0,49000.0,274680.0,872117.0,4920.0,0.0,0.0,0.0,0.0,91680.0,0.0
2026-04-14T12:00:00+02:00,3760.0,6080.0,0.0,9040.0,8600.0,0.0,0.0,5400.0,8720.0,8680.0,8080.0,3880.0,0.0,0.0,0.0,7920.0,0.0,3760.0,3120.0,0.0,3240.0,3280.0,0.0,0.0,5400.0,3240.0,3040.0,3800.0,3880.0,0.0,0.0,0.0,3720.0,0.0,3760.0,19600.0,0.0,278960.0,193360.0,0.0,0.0,5400.0,154480.0,439559.0,24240.0,3880.0,0.0,0.0,0.0,41840.0,0.0
2026-04-14T13:00:00+02:00,7080.0,6560.0,0.0,9320.0,8640.0,0.0,0.0,6000.0,9160.0,9080.0,7600.0,0.0,0.0,0.0,0.0,9240.0,7920.0,5280.0,6560.0,0.0,3080.0,3040.0,0.0,0.0,5960.0,3040.0,3040.0,5200.0,0.0,0.0,0.0,0.0,3080.0,7920.0,18880.0,6560.0,0.0,837836.0,214760.0,0.0,0.0,11960.0,782038.0,945598.0,12800.0,0.0,0.0,0.0,0.0,242680.0,7920.0
2026-04-14T14:00:00+02:00,6840.0,7400.0,0.0,9320.0,5600.0,0.0,0.0,3840.0,9240.0,9320.0,8600.0,3120.0,0.0,0.0,0.0,8240.0,0.0,6840.0,3080.0,0.0,3160.0,3200.0,0.0,0.0,3840.0,3040.0,3040.0,3440.0,3120.0,0.0,0.0,0.0,3040.0,0.0,6840.0,39400.0,0.0,901597.0,56440.0,0.0,0.0,3840.0,798118.0,1092395.0,40960.0,3120.0,0.0,0.0,0.0,177640.0,0.0
2026-04-14T15:00:00+02:00,5480.0,7880.0,0.0,9280.0,8000.0,0.0,0.0,6000.0,9200.0,9320.0,8240.0,4120.0,0.0,0.0,0.0,9240.0,0.0,5480.0,3800.0,0.0,3080.0,3040.0,0.0,0.0,5000.0,3040.0,3040.0,3840.0,3200.0,0.0,0.0,0.0,3080.0,0.0,5480.0,35040.0,0.0,531799.0,172760.0,0.0,0.0,16880.0,619755.0,1055037.0,25120.0,11040.0,0.0,0.0,0.0,200717.0,0.0
2026-04-14T16:00:00+02:00,0.0,7800.0,0.0,9280.0,8039.0,0.0,0.0,0.0,8680.0,9320.0,8840.0,0.0,0.0,0.0,0.0,8840.0,0.0,0.0,3320.0,0.0,3040.0,3760.0,0.0,0.0,0.0,3080.0,3040.0,3040.0,0.0,0.0,0.0,0.0,3520.0,0.0,0.0,48240.0,0.0,634594.0,164876.0,0.0,0.0,0.0,387436.0,1102914.0,49720.0,0.0,0.0,0.0,0.0,61840.0,0.0
2026-04-14T17:00:00+02:00,4440.0,8000.0,0.0,9080.0,9240.0,0.0,0.0,6040.0,8000.0,9280.0,6960.0,0.0,0.0,0.0,0.0,8400.0,0.0,3720.0,3680.0,0.0,3040.0,3320.0,0.0,0.0,4000.0,3160.0,3080.0,3200.0,0.0,0.0,0.0,0.0,3640.0,0.0,12280.0,47360.0,0.0,550079.0,126440.0,0.0,0.0,14040.0,265400.0,359558.0,33040.0,0.0,0.0,0.0,0.0,82400.0,0.0
2026-04-14T18:00:00+02:00,3920.0,7720.0,0.0,9240.0,9080.0,0.0,0.0,0.0,9240.0,9120.0,7680.0,0.0,0.0,0.0,0.0,8000.0,0.0,3920.0,4120.0,0.0,3040.0,3120.0,0.0,0.0,0.0,3080.0,3080.0,3960.0,0.0,0.0,0.0,0.0,3040.0,0.0,3920.0,17760.0,0.0,774435.0,188919.0,0.0,0.0,0.0,334360.0,819878.0,67040.0,0.0,0.0,0.0,0.0,87200.0,0.0
2026-04-14T19:00:00+02:00,5680.0,8880.0,0.0,9000.0,8840.0,0.0,0.0,0.0,8000.0,9240.0,8000.0,4720.0,0.0,0.0,0.0,9120.0,0.0,3840.0,4000.0,0.0,3080.0,3080.0,0.0,0.0,0.0,3040.0,3040.0,3160.0,4720.0,0.0,0.0,0.0,3160.0,0.0,14160.0,70840.0,0.0,1556238.0,336799.0,0.0,0.0,0.0,186480.0,854277.0,58440.0,4720.0,0.0,0.0,0.0,134760.0,0.0
2026-04-14T20:00:00+02:00,7680.0,8080.0,0.0,9120.0,8000.0,0.0,0.0,0.0,8680.0,9240.0,8920.0,6840.0,0.0,0.0,0.0,9080.0,0.0,3280.0,3400.0,0.0,3040.0,3960.0,0.0,0.0,0.0,3080.0,3040.0,3840.0,6840.0,0.0,0.0,0.0,3240.0,0.0,39120.0,41280.0,0.0,1136877.0,37960.0,0.0,0.0,0.0,241280.0,939994.0,45480.0,6840.0,0.0,0.0,0.0,156719.0,0.0
2026-04-14T21:00:00+02:00,7840.0,9160.0,8760.0,8440.0,0.0,0.0,0.0,0.0,7960.0,9240.0,8160.0,0.0,0.0,0.0,0.0,0.0,0.0,3440.0,3160.0,4560.0,3040.0,0.0,0.0,0.0,0.0,3640.0,3040.0,3520.0,0.0,0.0,0.0,0.0,0.0,0.0,29080.0,36800.0,17960.0,327759.0,0.0,0.0,0.0,0.0,15240.0,232679.0,26640.0,0.0,0.0,0.0,0.0,0.0,0.0
2026-04-14T22:00:00+02:00,0.0,0.0,0.0,8920.0,0.0,0.0,0.0,0.0,5280.0,9160.0,0.0,0.0,0.0,0.0,0.0,0.0,0.0,0.0,0.0,0.0,3320.0,0.0,0.0,0.0,0.0,3160.0,3160.0,0.0,0.0,0.0,0.0,0.0,0.0,0.0,0.0,0.0,0.0,36920.0,0.0,0.0,0.0,0.0,8440.0,433759.0,0.0,0.0,0.0,0.0,0.0,0.0,0.0
2026-04-14T23:00:00+02:00,0.0,3920.0,0.0,7840.0,0.0,0.0,0.0,0.0,0.0,9280.0,0.0,0.0,0.0,0.0,0.0,0.0,0.0,0.0,3640.0,0.0,3080.0,0.0,0.0,0.0,0.0,0.0,3080.0,0.0,0.0,0.0,0.0,0.0,0.0,0.0,0.0,7560.0,0.0,65320.0,0.0,0.0,0.0,0.0,0.0,350360.0,0.0,0.0,0.0,0.0,0.0,0.0,0.0
2026-04-15T00:00:00+02:00,3680.0,3040.0,0.0,0.0,0.0,0.0,0.0,0.0,0.0,7000.0,0.0,0.0,0.0,0.0,0.0,0.0,0.0,3280.0,3040.0,0.0,0.0,0.0,0.0,0.0,0.0,0.0,3120.0,0.0,0.0,0.0,0.0,0.0,0.0,0.0,6960.0,3040.0,0.0,0.0,0.0,0.0,0.0,0.0,0.0,86440.0,0.0,0.0,0.0,0.0,0.0,0.0,0.0
2026-04-15T01:00:00+02:00,0.0,0.0,0.0,3760.0,0.0,0.0,0.0,0.0,0.0,8160.0,0.0,3880.0,0.0,0.0,0.0,0.0,0.0,0.0,0.0,0.0,3760.0,0.0,0.0,0.0,0.0,0.0,3240.0,0.0,3880.0,0.0,0.0,0.0,0.0,0.0,0.0,0.0,0.0,3760.0,0.0,0.0,0.0,0.0,0.0,156799.0,0.0,3880.0,0.0,0.0,0.0,0.0,0.0
2026-04-15T02:00:00+02:00,0.0,0.0,0.0,7760.0,0.0,0.0,0.0,0.0,0.0,9080.0,0.0,0.0,0.0,0.0,0.0,0.0,0.0,0.0,0.0,0.0,3160.0,0.0,0.0,0.0,0.0,0.0,3480.0,0.0,0.0,0.0,0.0,0.0,0.0,0.0,0.0,0.0,0.0,26520.0,0.0,0.0,0.0,0.0,0.0,30320.0,0.0,0.0,0.0,0.0,0.0,0.0,0.0
2026-04-15T03:00:00+02:00,0.0,0.0,0.0,7200.0,0.0,0.0,0.0,0.0,0.0,0.0,0.0,0.0,0.0,0.0,0.0,0.0,0.0,0.0,0.0,0.0,3680.0,0.0,0.0,0.0,0.0,0.0,0.0,0.0,0.0,0.0,0.0,0.0,0.0,0.0,0.0,0.0,0.0,93840.0,0.0,0.0,0.0,0.0,0.0,0.0,0.0,0.0,0.0,0.0,0.0,0.0,0.0
2026-04-15T04:00:00+02:00,5280.0,0.0,0.0,9160.0,0.0,0.0,0.0,0.0,0.0,0.0,0.0,0.0,0.0,0.0,0.0,0.0,0.0,3720.0,0.0,0.0,3080.0,0.0,0.0,0.0,0.0,0.0,0.0,0.0,0.0,0.0,0.0,0.0,0.0,0.0,20520.0,0.0,0.0,231880.0,0.0,0.0,0.0,0.0,0.0,0.0,0.0,0.0,0.0,0.0,0.0,0.0,0.0
2026-04-15T05:00:00+02:00,6000.0,4040.0,0.0,9080.0,0.0,0.0,0.0,5240.0,8039.0,9200.0,3960.0,0.0,0.0,0.0,0.0,8039.0,0.0,3240.0,3080.0,0.0,3160.0,0.0,0.0,0.0,3840.0,3280.0,3320.0,3960.0,0.0,0.0,0.0,0.0,5680.0,0.0,57400.0,10480.0,0.0,248119.0,0.0,0.0,0.0,14160.0,147516.0,94920.0,3960.0,0.0,0.0,0.0,0.0,13719.0,0.0
2026-04-15T06:00:00+02:00,3080.0,9040.0,0.0,9240.0,8160.0,0.0,0.0,6960.0,8039.0,9280.0,0.0,8119.0,0.0,0.0,0.0,0.0,0.0,3080.0,3120.0,0.0,3080.0,3640.0,0.0,0.0,6400.0,3120.0,3040.0,0.0,3200.0,0.0,0.0,0.0,0.0,0.0,3080.0,12160.0,0.0,1446034.0,71839.0,0.0,0.0,13360.0,888513.0,590878.0,0.0,80879.0,0.0,0.0,0.0,0.0,0.0
2026-04-15T07:00:00+02:00,8000.0,8240.0,0.0,8160.0,8480.0,0.0,0.0,6640.0,9040.0,9280.0,0.0,0.0,0.0,0.0,0.0,0.0,3960.0,8000.0,3440.0,0.0,3120.0,4040.0,0.0,0.0,6640.0,3080.0,3040.0,0.0,0.0,0.0,0.0,0.0,0.0,3960.0,8000.0,46400.0,0.0,1036385.0,20600.0,0.0,0.0,6640.0,707231.0,1088390.0,0.0,0.0,0.0,0.0,0.0,0.0,3960.0
2026-04-15T08:00:00+02:00,6720.0,6600.0,0.0,9040.0,8000.0,0.0,0.0,5440.0,9160.0,9160.0,9120.0,8920.0,0.0,0.0,0.0,4800.0,0.0,5360.0,3640.0,0.0,3040.0,3760.0,0.0,0.0,3040.0,3040.0,3080.0,5240.0,3440.0,0.0,0.0,0.0,3200.0,0.0,12080.0,30040.0,0.0,693798.0,70680.0,0.0,0.0,12880.0,410279.0,857280.0,42280.0,30760.0,0.0,0.0,0.0,11360.0,0.0
2026-04-15T09:00:00+02:00,0.0,8760.0,0.0,8800.0,8119.0,0.0,0.0,3760.0,8440.0,9240.0,0.0,0.0,0.0,0.0,0.0,8280.0,0.0,0.0,4160.0,0.0,3240.0,3760.0,0.0,0.0,3760.0,3200.0,3160.0,0.0,0.0,0.0,0.0,0.0,3600.0,0.0,0.0,38640.0,0.0,302999.0,127559.0,0.0,0.0,3760.0,293360.0,280640.0,0.0,0.0,0.0,0.0,0.0,55680.0,0.0
2026-04-15T10:00:00+02:00,6920.0,8960.0,0.0,9120.0,9040.0,0.0,0.0,6160.0,8160.0,8800.0,9200.0,0.0,0.0,0.0,0.0,8840.0,3960.0,4120.0,3520.0,0.0,3320.0,3120.0,0.0,0.0,4160.0,3240.0,3080.0,4240.0,0.0,0.0,0.0,0.0,3040.0,3440.0,27320.0,56600.0,0.0,179360.0,131520.0,0.0,0.0,10320.0,342959.0,278680.0,29560.0,0.0,0.0,0.0,0.0,230960.0,7400.0
2026-04-15T11:00:00+02:00,5360.0,9080.0,0.0,8960.0,7240.0,0.0,0.0,9280.0,9120.0,9280.0,7360.0,0.0,0.0,0.0,0.0,8960.0,0.0,5360.0,3280.0,0.0,3040.0,3080.0,0.0,0.0,3360.0,3040.0,3040.0,4040.0,0.0,0.0,0.0,0.0,3160.0,0.0,5360.0,42760.0,0.0,502440.0,129480.0,0.0,0.0,48320.0,525798.0,1671239.0,18160.0,0.0,0.0,0.0,0.0,86640.0,0.0
2026-04-15T12:00:00+02:00,3680.0,9200.0,0.0,8880.0,5520.0,0.0,0.0,8640.0,9280.0,9280.0,7680.0,0.0,0.0,0.0,0.0,9200.0,0.0,3040.0,3840.0,0.0,3080.0,5520.0,0.0,0.0,3280.0,3040.0,3040.0,4800.0,0.0,0.0,0.0,0.0,3080.0,0.0,13440.0,51640.0,0.0,1012038.0,5520.0,0.0,0.0,66800.0,705678.0,1033958.0,12480.0,0.0,0.0,0.0,0.0,224000.0,0.0
2026-04-15T13:00:00+02:00,5320.0,6840.0,0.0,8119.0,4000.0,0.0,0.0,8200.0,9160.0,9240.0,9120.0,0.0,0.0,0.0,0.0,6800.0,7480.0,3080.0,4960.0,0.0,3120.0,4000.0,0.0,0.0,3400.0,3080.0,3040.0,3320.0,0.0,0.0,0.0,0.0,3520.0,3200.0,38720.0,28280.0,0.0,349119.0,4000.0,0.0,0.0,203200.0,718393.0,1324389.0,116519.0,0.0,0.0,0.0,0.0,20320.0,10680.0
2026-04-15T14:00:00+02:00,5960.0,8080.0,0.0,9280.0,6000.0,0.0,0.0,8000.0,9160.0,9240.0,7520.0,0.0,0.0,0.0,0.0,8240.0,0.0,3040.0,3520.0,0.0,3040.0,3480.0,0.0,0.0,3040.0,3040.0,3120.0,5880.0,0.0,0.0,0.0,0.0,3040.0,0.0,42960.0,37560.0,0.0,331999.0,42120.0,0.0,0.0,112520.0,591599.0,1039797.0,13400.0,0.0,0.0,0.0,0.0,123520.0,0.0
2026-04-15T15:00:00+02:00,5560.0,9280.0,0.0,9200.0,8960.0,0.0,0.0,9240.0,8080.0,9280.0,6360.0,7440.0,0.0,0.0,0.0,8280.0,0.0,3240.0,3640.0,0.0,3120.0,3320.0,0.0,0.0,3320.0,3160.0,3240.0,3280.0,7440.0,0.0,0.0,0.0,3560.0,0.0,25720.0,68440.0,0.0,288280.0,85360.0,0.0,0.0,86320.0,232280.0,581678.0,28000.0,7440.0,0.0,0.0,0.0,66640.0,0.0
2026-04-15T16:00:00+02:00,7440.0,8640.0,0.0,9000.0,8760.0,0.0,0.0,8000.0,8800.0,9280.0,9040.0,0.0,0.0,0.0,0.0,9240.0,0.0,3360.0,3600.0,0.0,3080.0,3200.0,0.0,0.0,3200.0,3040.0,3040.0,5480.0,0.0,0.0,0.0,0.0,3080.0,0.0,15600.0,42000.0,0.0,408119.0,318840.0,0.0,0.0,99240.0,662713.0,777594.0,30280.0,0.0,0.0,0.0,0.0,231279.0,0.0
2026-04-15T17:00:00+02:00,3840.0,9000.0,0.0,9200.0,8039.0,0.0,0.0,8760.0,8920.0,9240.0,7080.0,9040.0,0.0,0.0,0.0,8600.0,0.0,3680.0,3040.0,0.0,3040.0,3040.0,0.0,0.0,3240.0,3080.0,3040.0,7080.0,3640.0,0.0,0.0,0.0,3120.0,0.0,7520.0,82760.0,0.0,709757.0,241359.0,0.0,0.0,100480.0,663075.0,1297795.0,7080.0,30080.0,0.0,0.0,0.0,142797.0,0.0
2026-04-15T18:00:00+02:00,5880.0,9000.0,0.0,9240.0,9280.0,0.0,0.0,0.0,9000.0,9280.0,3680.0,9240.0,0.0,0.0,0.0,8720.0,0.0,3640.0,3640.0,0.0,3040.0,3080.0,0.0,0.0,0.0,3080.0,3040.0,3680.0,3560.0,0.0,0.0,0.0,3080.0,0.0,17240.0,37280.0,0.0,808598.0,321799.0,0.0,0.0,0.0,871915.0,1090758.0,3680.0,42400.0,0.0,0.0,0.0,68080.0,0.0
2026-04-15T19:00:00+02:00,6000.0,6080.0,0.0,9080.0,8000.0,0.0,0.0,0.0,9040.0,9120.0,0.0,0.0,0.0,0.0,0.0,6560.0,0.0,6000.0,3240.0,0.0,3160.0,3200.0,0.0,0.0,0.0,3080.0,3040.0,0.0,0.0,0.0,0.0,0.0,3080.0,0.0,6000.0,37040.0,0.0,954997.0,125640.0,0.0,0.0,0.0,905439.0,817599.0,0.0,0.0,0.0,0.0,0.0,30800.0,0.0
2026-04-15T20:00:00+02:00,5000.0,6840.0,0.0,8840.0,8000.0,0.0,0.0,0.0,8480.0,9240.0,0.0,0.0,0.0,0.0,0.0,9240.0,0.0,5000.0,3960.0,0.0,3160.0,3560.0,0.0,0.0,0.0,3320.0,3040.0,0.0,0.0,0.0,0.0,0.0,3400.0,0.0,5000.0,10800.0,0.0,652115.0,109760.0,0.0,0.0,0.0,422276.0,393959.0,0.0,0.0,0.0,0.0,0.0,26160.0,0.0
2026-04-15T21:00:00+02:00,5640.0,5280.0,0.0,8960.0,0.0,0.0,0.0,0.0,0.0,9040.0,0.0,0.0,0.0,0.0,0.0,0.0,0.0,3240.0,3480.0,0.0,3040.0,0.0,0.0,0.0,0.0,0.0,3120.0,0.0,0.0,0.0,0.0,0.0,0.0,0.0,16440.0,16640.0,0.0,269519.0,0.0,0.0,0.0,0.0,0.0,402280.0,0.0,0.0,0.0,0.0,0.0,0.0,0.0
2026-04-15T22:00:00+02:00,0.0,0.0,0.0,4440.0,0.0,0.0,0.0,0.0,6400.0,8920.0,0.0,0.0,0.0,0.0,0.0,0.0,0.0,0.0,0.0,0.0,3680.0,0.0,0.0,0.0,0.0,5240.0,3040.0,0.0,0.0,0.0,0.0,0.0,0.0,0.0,0.0,0.0,0.0,12120.0,0.0,0.0,0.0,0.0,11640.0,707120.0,0.0,0.0,0.0,0.0,0.0,0.0,0.0
2026-04-15T23:00:00+02:00,0.0,0.0,0.0,7680.0,0.0,0.0,0.0,0.0,0.0,9240.0,0.0,3640.0,0.0,0.0,0.0,0.0,0.0,0.0,0.0,0.0,3040.0,0.0,0.0,0.0,0.0,0.0,3040.0,0.0,3640.0,0.0,0.0,0.0,0.0,0.0,0.0,0.0,0.0,41800.0,0.0,0.0,0.0,0.0,0.0,432400.0,0.0,3640.0,0.0,0.0,0.0,0.0,0.0
2026-04-16T00:00:00+02:00,0.0,0.0,0.0,0.0,0.0,0.0,0.0,0.0,0.0,9040.0,0.0,3240.0,0.0,0.0,0.0,0.0,0.0,0.0,0.0,0.0,0.0,0.0,0.0,0.0,0.0,0.0,3080.0,0.0,3240.0,0.0,0.0,0.0,0.0,0.0,0.0,0.0,0.0,0.0,0.0,0.0,0.0,0.0,0.0,195999.0,0.0,3240.0,0.0,0.0,0.0,0.0,0.0
2026-04-16T01:00:00+02:00,9040.0,0.0,0.0,7960.0,0.0,0.0,0.0,0.0,0.0,9120.0,0.0,3960.0,0.0,0.0,0.0,0.0,0.0,3080.0,0.0,0.0,5920.0,0.0,0.0,0.0,0.0,0.0,3200.0,0.0,3960.0,0.0,0.0,0.0,0.0,0.0,109440.0,0.0,0.0,13880.0,0.0,0.0,0.0,0.0,0.0,150079.0,0.0,3960.0,0.0,0.0,0.0,0.0,0.0
2026-04-16T02:00:00+02:00,9160.0,0.0,0.0,4800.0,4000.0,0.0,0.0,0.0,5200.0,8800.0,0.0,5240.0,0.0,0.0,0.0,0.0,0.0,3040.0,0.0,0.0,3960.0,3320.0,0.0,0.0,0.0,5200.0,3240.0,0.0,3560.0,0.0,0.0,0.0,0.0,0.0,194320.0,0.0,0.0,8760.0,7320.0,0.0,0.0,0.0,5200.0,209640.0,0.0,29680.0,0.0,0.0,0.0,0.0,0.0
2026-04-16T03:00:00+02:00,9040.0,0.0,0.0,0.0,0.0,0.0,0.0,0.0,0.0,8920.0,0.0,8000.0,0.0,0.0,0.0,0.0,0.0,3080.0,0.0,0.0,0.0,0.0,0.0,0.0,0.0,0.0,3040.0,0.0,3040.0,0.0,0.0,0.0,0.0,0.0,194520.0,0.0,0.0,0.0,0.0,0.0,0.0,0.0,0.0,833680.0,0.0,156480.0,0.0,0.0,0.0,0.0,0.0
2026-04-16T04:00:00+02:00,8360.0,0.0,0.0,0.0,0.0,0.0,0.0,0.0,0.0,8840.0,0.0,0.0,0.0,0.0,0.0,0.0,0.0,3440.0,0.0,0.0,0.0,0.0,0.0,0.0,0.0,0.0,3120.0,0.0,0.0,0.0,0.0,0.0,0.0,0.0,81840.0,0.0,0.0,0.0,0.0,0.0,0.0,0.0,0.0,444360.0,0.0,0.0,0.0,0.0,0.0,0.0,0.0
2026-04-16T05:00:00+02:00,3320.0,0.0,0.0,8000.0,0.0,0.0,0.0,0.0,8000.0,8039.0,4480.0,0.0,0.0,0.0,0.0,0.0,0.0,3040.0,0.0,0.0,3120.0,0.0,0.0,0.0,0.0,3520.0,3240.0,4480.0,0.0,0.0,0.0,0.0,0.0,0.0,6360.0,0.0,0.0,84240.0,0.0,0.0,0.0,0.0,93480.0,208439.0,4480.0,0.0,0.0,0.0,0.0,0.0,0.0
2026-04-16T06:00:00+02:00,8640.0,9120.0,0.0,9040.0,8000.0,0.0,0.0,8000.0,9200.0,8640.0,0.0,0.0,0.0,0.0,0.0,8080.0,0.0,6000.0,7640.0,0.0,3040.0,3320.0,0.0,0.0,4000.0,3040.0,3160.0,0.0,0.0,0.0,0.0,0.0,3920.0,0.0,14640.0,16760.0,0.0,671399.0,102320.0,0.0,0.0,17400.0,882400.0,434800.0,0.0,0.0,0.0,0.0,0.0,12000.0,0.0
2026-04-16T07:00:00+02:00,8800.0,9200.0,0.0,9040.0,8000.0,0.0,0.0,3960.0,8840.0,8960.0,6600.0,0.0,0.0,0.0,0.0,8720.0,0.0,3760.0,4800.0,0.0,3160.0,3680.0,0.0,0.0,3960.0,3120.0,3120.0,4920.0,0.0,0.0,0.0,0.0,3400.0,0.0,41280.0,59080.0,0.0,346160.0,215120.0,0.0,0.0,3960.0,454279.0,202879.0,16480.0,0.0,0.0,0.0,0.0,81480.0,0.0
2026-04-16T08:00:00+02:00,0.0,7800.0,0.0,9240.0,8640.0,0.0,0.0,0.0,9240.0,9240.0,8119.0,0.0,0.0,0.0,0.0,8840.0,4240.0,0.0,4080.0,0.0,3120.0,3280.0,0.0,0.0,0.0,3040.0,3040.0,8119.0,0.0,0.0,0.0,0.0,3920.0,4240.0,0.0,17480.0,0.0,570479.0,197440.0,0.0,0.0,0.0,741676.0,349960.0,8119.0,0.0,0.0,0.0,0.0,59440.0,4240.0
2026-04-16T09:00:00+02:00,7840.0,8240.0,0.0,9080.0,8760.0,0.0,0.0,0.0,9080.0,9240.0,7400.0,0.0,0.0,0.0,0.0,7560.0,0.0,3240.0,4080.0,0.0,3040.0,3080.0,0.0,0.0,0.0,3040.0,3040.0,6240.0,0.0,0.0,0.0,0.0,3840.0,0.0,72120.0,49480.0,0.0,1187719.0,390679.0,0.0,0.0,0.0,991358.0,800960.0,20200.0,0.0,0.0,0.0,0.0,18080.0,0.0
2026-04-16T10:00:00+02:00,8000.0,8000.0,0.0,9200.0,8000.0,0.0,0.0,0.0,9080.0,9200.0,0.0,0.0,0.0,0.0,0.0,6040.0,0.0,3800.0,3040.0,0.0,3040.0,3880.0,0.0,0.0,0.0,3040.0,3040.0,0.0,0.0,0.0,0.0,0.0,3080.0,0.0,64800.0,22120.0,0.0,1095357.0,154240.0,0.0,0.0,0.0,872639.0,1063557.0,0.0,0.0,0.0,0.0,0.0,28160.0,0.0
2026-04-16T11:00:00+02:00,7440.0,0.0,0.0,9200.0,8039.0,0.0,0.0,9240.0,9000.0,9160.0,8720.0,0.0,0.0,0.0,0.0,9120.0,8960.0,3040.0,0.0,0.0,3040.0,3160.0,0.0,0.0,3200.0,3280.0,3040.0,3280.0,0.0,0.0,0.0,0.0,3760.0,8960.0,111320.0,0.0,0.0,800119.0,96799.0,0.0,0.0,58920.0,611079.0,1250318.0,54040.0,0.0,0.0,0.0,0.0,56760.0,8960.0
2026-04-16T12:00:00+02:00,8039.0,8200.0,0.0,8960.0,5440.0,0.0,0.0,8840.0,8880.0,9240.0,8600.0,5520.0,0.0,8119.0,0.0,0.0,0.0,3040.0,3640.0,0.0,3080.0,3600.0,0.0,0.0,3840.0,3080.0,3040.0,3600.0,5520.0,0.0,8119.0,0.0,0.0,0.0,65919.0,40360.0,0.0,307880.0,18360.0,0.0,0.0,122040.0,515480.0,855799.0,42160.0,5520.0,0.0,8119.0,0.0,0.0,0.0
2026-04-16T13:00:00+02:00,5640.0,6120.0,0.0,9160.0,9040.0,0.0,0.0,8200.0,8039.0,9240.0,7080.0,6040.0,0.0,0.0,0.0,0.0,6280.0,3120.0,4240.0,0.0,3080.0,4000.0,0.0,0.0,3400.0,3080.0,3040.0,3680.0,4000.0,0.0,0.0,0.0,0.0,3520.0,8760.0,15000.0,0.0,230880.0,25160.0,0.0,0.0,79760.0,352758.0,398596.0,47440.0,16040.0,0.0,0.0,0.0,0.0,9800.0
2026-04-16T14:00:00+02:00,7800.0,9080.0,0.0,8880.0,9120.0,0.0,0.0,8039.0,9240.0,9240.0,8840.0,0.0,0.0,0.0,0.0,0.0,0.0,3680.0,3120.0,0.0,3040.0,3120.0,0.0,0.0,3280.0,3040.0,3040.0,3040.0,0.0,0.0,0.0,0.0,0.0,0.0,19520.0,77080.0,0.0,688839.0,81880.0,0.0,0.0,38559.0,313439.0,1369799.0,112040.0,0.0,0.0,0.0,0.0,0.0,0.0
2026-04-16T15:00:00+02:00,4640.0,8960.0,0.0,9160.0,0.0,0.0,0.0,9160.0,9240.0,9120.0,8840.0,0.0,4560.0,0.0,0.0,0.0,3520.0,3560.0,3040.0,0.0,3080.0,0.0,0.0,0.0,3160.0,3120.0,3040.0,3040.0,0.0,4560.0,0.0,0.0,0.0,3520.0,8200.0,108080.0,0.0,1192392.0,0.0,0.0,0.0,389837.0,118200.0,1677597.0,82880.0,0.0,4560.0,0.0,0.0,0.0,3520.0
2026-04-16T16:00:00+02:00,8760.0,9160.0,4880.0,9240.0,0.0,0.0,0.0,8760.0,7920.0,9240.0,9120.0,0.0,7600.0,0.0,7320.0,0.0,0.0,3240.0,3200.0,4880.0,3040.0,0.0,0.0,0.0,3120.0,3200.0,3040.0,3200.0,0.0,7600.0,0.0,7320.0,0.0,0.0,16000.0,146480.0,4880.0,922640.0,0.0,0.0,0.0,79599.0,155880.0,2320635.0,76800.0,0.0,7600.0,0.0,7320.0,0.0,0.0
2026-04-16T17:00:00+02:00,6840.0,8119.0,0.0,9040.0,5840.0,0.0,0.0,9120.0,8160.0,9160.0,7920.0,0.0,0.0,0.0,6720.0,0.0,5000.0,5960.0,3240.0,0.0,3080.0,3280.0,0.0,0.0,3120.0,3040.0,3040.0,3160.0,0.0,0.0,0.0,6720.0,0.0,3760.0,19600.0,64679.0,0.0,793158.0,25080.0,0.0,0.0,195600.0,86840.0,2094799.0,55800.0,0.0,0.0,0.0,6720.0,0.0,8760.0
2026-04-16T18:00:00+02:00,7160.0,7680.0,0.0,9200.0,7040.0,0.0,0.0,7480.0,5520.0,9120.0,8840.0,0.0,0.0,0.0,0.0,4960.0,5600.0,3360.0,3240.0,0.0,3040.0,4520.0,0.0,0.0,3040.0,3560.0,3040.0,3080.0,0.0,0.0,0.0,0.0,3280.0,4000.0,14600.0,106840.0,0.0,295720.0,22000.0,0.0,0.0,51920.0,9080.0,1262476.0,94640.0,0.0,0.0,0.0,0.0,12640.0,9600.0
2026-04-16T19:00:00+02:00,3720.0,8960.0,0.0,8440.0,6120.0,0.0,0.0,9080.0,9040.0,9080.0,8480.0,0.0,0.0,0.0,0.0,0.0,4040.0,3240.0,3440.0,0.0,3120.0,6120.0,0.0,0.0,3320.0,3360.0,3080.0,3040.0,0.0,0.0,0.0,0.0,0.0,3600.0,13960.0,46560.0,0.0,365559.0,6120.0,0.0,0.0,159280.0,47360.0,602559.0,76840.0,0.0,0.0,0.0,0.0,0.0,7640.0
2026-04-16T20:00:00+02:00,8000.0,8720.0,6360.0,9040.0,0.0,0.0,0.0,6000.0,8480.0,9200.0,8119.0,0.0,0.0,0.0,8000.0,9080.0,0.0,3200.0,3280.0,5400.0,3120.0,0.0,0.0,0.0,3240.0,4120.0,3040.0,3440.0,0.0,0.0,0.0,6000.0,3160.0,0.0,75760.0,62440.0,11760.0,683080.0,0.0,0.0,0.0,69920.0,12600.0,2167080.0,27479.0,0.0,0.0,0.0,14000.0,30160.0,0.0
2026-04-16T21:00:00+02:00,3480.0,6000.0,3920.0,9080.0,0.0,0.0,0.0,8880.0,9080.0,9080.0,8320.0,0.0,0.0,0.0,0.0,0.0,8640.0,3480.0,6000.0,3160.0,3080.0,0.0,0.0,0.0,3080.0,3080.0,3040.0,3160.0,0.0,0.0,0.0,0.0,0.0,3760.0,3480.0,6000.0,7080.0,560158.0,0.0,0.0,0.0,28320.0,151800.0,1161278.0,57960.0,0.0,0.0,0.0,0.0,0.0,24760.0
2026-04-16T22:00:00+02:00,5240.0,6840.0,7640.0,8360.0,0.0,0.0,0.0,8960.0,8840.0,8920.0,5920.0,0.0,0.0,0.0,0.0,0.0,0.0,3240.0,3520.0,3040.0,3080.0,0.0,0.0,0.0,3680.0,3960.0,3080.0,3080.0,0.0,0.0,0.0,0.0,0.0,0.0,16040.0,22560.0,67240.0,255280.0,0.0,0.0,0.0,37320.0,33000.0,606359.0,21360.0,0.0,0.0,0.0,0.0,0.0,0.0
2026-04-16T23:00:00+02:00,5640.0,0.0,8800.0,8440.0,0.0,0.0,0.0,6000.0,8680.0,9080.0,6120.0,0.0,0.0,0.0,0.0,5040.0,0.0,3160.0,0.0,3240.0,3040.0,0.0,0.0,0.0,3880.0,4440.0,3040.0,6120.0,0.0,0.0,0.0,0.0,5040.0,0.0,12600.0,0.0,59080.0,153838.0,0.0,0.0,0.0,18080.0,51640.0,254119.0,6120.0,0.0,0.0,0.0,0.0,5040.0,0.0
2026-04-17T00:00:00+02:00,6680.0,0.0,8000.0,8000.0,4240.0,0.0,0.0,6040.0,8760.0,8960.0,7280.0,0.0,0.0,0.0,0.0,0.0,0.0,3320.0,0.0,3840.0,3160.0,4240.0,0.0,0.0,3480.0,4000.0,3120.0,3440.0,0.0,0.0,0.0,0.0,0.0,0.0,23400.0,0.0,60920.0,69680.0,4240.0,0.0,0.0,13520.0,38600.0,259640.0,19960.0,0.0,0.0,0.0,0.0,0.0,0.0
2026-04-17T01:00:00+02:00,7960.0,0.0,8800.0,8520.0,0.0,0.0,0.0,3080.0,8000.0,9000.0,8560.0,8000.0,0.0,0.0,0.0,0.0,0.0,4640.0,0.0,3080.0,3120.0,0.0,0.0,0.0,3080.0,3400.0,3040.0,3120.0,3600.0,0.0,0.0,0.0,0.0,0.0,24360.0,0.0,170480.0,149039.0,0.0,0.0,0.0,3080.0,241960.0,511319.0,104320.0,45400.0,0.0,0.0,0.0,0.0,0.0
2026-04-17T02:00:00+02:00,5800.0,6920.0,8600.0,8160.0,0.0,0.0,0.0,8000.0,8800.0,9200.0,6160.0,0.0,0.0,0.0,0.0,0.0,0.0,3040.0,5840.0,3200.0,3120.0,0.0,0.0,0.0,3040.0,3200.0,3040.0,6160.0,0.0,0.0,0.0,0.0,0.0,0.0,20880.0,19480.0,304240.0,173599.0,0.0,0.0,0.0,43680.0,122800.0,701918.0,6160.0,0.0,0.0,0.0,0.0,0.0,0.0
2026-04-17T03:00:00+02:00,8039.0,3720.0,7880.0,8240.0,0.0,0.0,0.0,4920.0,7560.0,8920.0,6240.0,4800.0,0.0,0.0,0.0,3840.0,0.0,3840.0,3320.0,3240.0,3240.0,0.0,0.0,0.0,4440.0,3200.0,3040.0,4280.0,4040.0,0.0,0.0,0.0,3840.0,0.0,49519.0,7040.0,66800.0,165880.0,0.0,0.0,0.0,9360.0,43080.0,285439.0,10520.0,13320.0,0.0,0.0,0.0,3840.0,0.0
2026-04-17T04:00:00+02:00,8000.0,0.0,8440.0,8080.0,7600.0,0.0,0.0,8000.0,4040.0,8960.0,8280.0,3760.0,0.0,0.0,0.0,0.0,0.0,4000.0,0.0,3120.0,3280.0,6560.0,0.0,0.0,4000.0,3880.0,3040.0,3840.0,3040.0,0.0,0.0,0.0,0.0,0.0,53560.0,0.0,150719.0,152759.0,14160.0,0.0,0.0,16520.0,15920.0,229599.0,35160.0,6800.0,0.0,0.0,0.0,0.0,0.0
2026-04-17T05:00:00+02:00,0.0,0.0,8920.0,8720.0,0.0,0.0,0.0,8520.0,0.0,8119.0,0.0,0.0,0.0,0.0,0.0,0.0,0.0,0.0,0.0,3160.0,3160.0,0.0,0.0,0.0,3440.0,0.0,3120.0,0.0,0.0,0.0,0.0,0.0,0.0,0.0,0.0,0.0,100479.0,196319.0,0.0,0.0,0.0,74160.0,0.0,224119.0,0.0,0.0,0.0,0.0,0.0,0.0,0.0
2026-04-17T06:00:00+02:00,0.0,3200.0,0.0,8840.0,8000.0,0.0,0.0,8000.0,6360.0,9120.0,0.0,0.0,0.0,0.0,4000.0,0.0,0.0,0.0,3200.0,0.0,3160.0,3800.0,0.0,0.0,3280.0,3880.0,3120.0,0.0,0.0,0.0,0.0,4000.0,0.0,0.0,0.0,3200.0,0.0,865240.0,60320.0,0.0,0.0,201640.0,33960.0,186800.0,0.0,0.0,0.0,0.0,4000.0,0.0,0.0
2026-04-17T07:00:00+02:00,0.0,4680.0,0.0,8960.0,8080.0,0.0,0.0,9120.0,7920.0,9200.0,0.0,0.0,0.0,0.0,0.0,0.0,0.0,0.0,3320.0,0.0,3040.0,3040.0,0.0,0.0,3040.0,3240.0,3040.0,0.0,0.0,0.0,0.0,0.0,0.0,0.0,0.0,8000.0,0.0,2496476.0,201520.0,0.0,0.0,303319.0,52800.0,432718.0,0.0,0.0,0.0,0.0,0.0,0.0,0.0
2026-04-17T08:00:00+02:00,4120.0,7120.0,0.0,9040.0,8000.0,0.0,0.0,8160.0,6040.0,8960.0,7840.0,0.0,0.0,0.0,0.0,0.0,0.0,3120.0,3680.0,0.0,3040.0,3280.0,0.0,0.0,3040.0,3560.0,3040.0,6880.0,0.0,0.0,0.0,0.0,0.0,0.0,11080.0,24320.0,0.0,2240055.0,113480.0,0.0,0.0,287397.0,59480.0,498758.0,14720.0,0.0,0.0,0.0,0.0,0.0,0.0
2026-04-17T09:00:00+02:00,3400.0,7160.0,0.0,9200.0,8280.0,0.0,0.0,9040.0,8840.0,9200.0,8720.0,0.0,0.0,0.0,0.0,0.0,0.0,3400.0,5040.0,0.0,3040.0,3080.0,0.0,0.0,3160.0,3040.0,3040.0,4640.0,0.0,0.0,0.0,0.0,0.0,0.0,3400.0,12200.0,0.0,2191429.0,171040.0,0.0,0.0,403356.0,128600.0,603519.0,13360.0,0.0,0.0,0.0,0.0,0.0,0.0
2026-04-17T10:00:00+02:00,5960.0,5400.0,0.0,9160.0,8720.0,0.0,0.0,8600.0,9040.0,9160.0,5920.0,0.0,0.0,0.0,0.0,6080.0,0.0,3320.0,3960.0,0.0,3080.0,3160.0,0.0,0.0,3040.0,3040.0,3040.0,3840.0,0.0,0.0,0.0,0.0,4640.0,0.0,9280.0,18160.0,0.0,1585506.0,121040.0,0.0,0.0,282039.0,162040.0,1090396.0,15640.0,0.0,0.0,0.0,0.0,10720.0,0.0
2026-04-17T11:00:00+02:00,7000.0,8240.0,8600.0,8960.0,4720.0,0.0,0.0,8880.0,8000.0,9120.0,7560.0,0.0,0.0,0.0,4000.0,0.0,0.0,3520.0,3720.0,3440.0,3040.0,4000.0,0.0,0.0,3520.0,3960.0,3040.0,5600.0,0.0,0.0,0.0,4000.0,0.0,0.0,19480.0,69440.0,58480.0,413280.0,17280.0,0.0,0.0,80240.0,32040.0,732040.0,13160.0,0.0,0.0,0.0,4000.0,0.0,0.0
2026-04-17T12:00:00+02:00,0.0,8960.0,8000.0,8840.0,0.0,0.0,0.0,9120.0,8080.0,9120.0,6920.0,0.0,0.0,0.0,7000.0,0.0,0.0,0.0,3760.0,6240.0,3040.0,0.0,0.0,0.0,3120.0,3240.0,3040.0,4880.0,0.0,0.0,0.0,3360.0,0.0,0.0,0.0,40440.0,14240.0,735039.0,0.0,0.0,0.0,242240.0,125360.0,1680836.0,11800.0,0.0,0.0,0.0,29160.0,0.0,0.0
2026-04-17T13:00:00+02:00,6440.0,8240.0,0.0,8000.0,0.0,0.0,0.0,8520.0,8400.0,9160.0,9000.0,0.0,0.0,0.0,6040.0,0.0,0.0,6440.0,3040.0,0.0,3040.0,0.0,0.0,0.0,3040.0,3160.0,3040.0,3920.0,0.0,0.0,0.0,4040.0,0.0,0.0,6440.0,66120.0,0.0,305600.0,0.0,0.0,0.0,345560.0,116039.0,2570755.0,43960.0,0.0,0.0,0.0,15840.0,0.0,0.0
2026-04-17T14:00:00+02:00,5000.0,4680.0,5880.0,8680.0,0.0,0.0,0.0,8640.0,8680.0,9160.0,8800.0,0.0,9120.0,0.0,0.0,0.0,0.0,3040.0,3880.0,3840.0,3120.0,0.0,0.0,0.0,3160.0,3160.0,3040.0,4240.0,0.0,5440.0,0.0,0.0,0.0,0.0,8040.0,12640.0,9720.0,263557.0,0.0,0.0,0.0,279318.0,94280.0,3062992.0,25840.0,0.0,14560.0,0.0,0.0,0.0,0.0
2026-04-17T15:00:00+02:00,6240.0,7760.0,0.0,8920.0,0.0,0.0,0.0,8960.0,9160.0,9160.0,8320.0,0.0,0.0,0.0,0.0,0.0,0.0,3040.0,3400.0,0.0,3040.0,0.0,0.0,0.0,3160.0,3120.0,3040.0,3360.0,0.0,0.0,0.0,0.0,0.0,0.0,9280.0,49040.0,0.0,442360.0,0.0,0.0,0.0,182520.0,269198.0,2196116.0,27160.0,0.0,0.0,0.0,0.0,0.0,0.0
2026-04-17T16:00:00+02:00,5280.0,5400.0,0.0,9120.0,0.0,0.0,0.0,8920.0,9080.0,9120.0,8520.0,3320.0,0.0,0.0,0.0,0.0,0.0,5280.0,3040.0,0.0,3080.0,0.0,0.0,0.0,3280.0,3240.0,3040.0,8119.0,3320.0,0.0,0.0,0.0,0.0,0.0,5280.0,17720.0,0.0,535760.0,0.0,0.0,0.0,258200.0,281320.0,935079.0,16639.0,3320.0,0.0,0.0,0.0,0.0,0.0
2026-04-17T17:00:00+02:00,6760.0,9000.0,0.0,8240.0,0.0,0.0,0.0,9080.0,8760.0,9120.0,8880.0,0.0,0.0,0.0,0.0,0.0,0.0,3120.0,3560.0,0.0,3120.0,0.0,0.0,0.0,3160.0,3040.0,3040.0,4200.0,0.0,0.0,0.0,0.0,0.0,0.0,17280.0,55760.0,0.0,480160.0,0.0,0.0,0.0,91760.0,90359.0,587039.0,24160.0,0.0,0.0,0.0,0.0,0.0,0.0
2026-04-17T18:00:00+02:00,0.0,7600.0,0.0,9040.0,0.0,0.0,0.0,8920.0,8600.0,9120.0,8880.0,0.0,0.0,0.0,0.0,4960.0,0.0,0.0,4240.0,0.0,3040.0,0.0,0.0,0.0,3240.0,3040.0,3080.0,3400.0,0.0,0.0,0.0,0.0,4960.0,0.0,0.0,44280.0,0.0,1168599.0,0.0,0.0,0.0,231799.0,95160.0,1640720.0,16840.0,0.0,0.0,0.0,0.0,4960.0,0.0
2026-04-17T19:00:00+02:00,9080.0,8520.0,0.0,8680.0,0.0,0.0,0.0,8640.0,5840.0,9160.0,0.0,0.0,0.0,0.0,0.0,4680.0,0.0,5240.0,3320.0,0.0,3040.0,0.0,0.0,0.0,3320.0,3600.0,3040.0,0.0,0.0,0.0,0.0,0.0,4680.0,0.0,14320.0,32000.0,0.0,1563237.0,0.0,0.0,0.0,367119.0,35960.0,1380712.0,0.0,0.0,0.0,0.0,0.0,4680.0,0.0
2026-04-17T20:00:00+02:00,0.0,7120.0,0.0,9160.0,0.0,0.0,0.0,8640.0,4000.0,9160.0,5520.0,0.0,0.0,0.0,0.0,4560.0,0.0,0.0,3200.0,0.0,3040.0,0.0,0.0,0.0,3040.0,4000.0,3040.0,4400.0,0.0,0.0,0.0,0.0,4560.0,0.0,0.0,37320.0,0.0,1577679.0,0.0,0.0,0.0,269200.0,8000.0,1591838.0,14360.0,0.0,0.0,0.0,0.0,4560.0,0.0
2026-04-17T21:00:00+02:00,4120.0,6000.0,8480.0,8880.0,0.0,0.0,0.0,7520.0,8680.0,9080.0,6160.0,0.0,0.0,0.0,0.0,0.0,0.0,4120.0,3360.0,3040.0,3080.0,0.0,0.0,0.0,3080.0,3040.0,3040.0,3360.0,0.0,0.0,0.0,0.0,0.0,0.0,4120.0,38760.0,140479.0,200360.0,0.0,0.0,0.0,26200.0,160480.0,1403838.0,28720.0,0.0,0.0,0.0,0.0,0.0,0.0
2026-04-17T22:00:00+02:00,8360.0,6960.0,4000.0,8840.0,0.0,0.0,0.0,0.0,8480.0,8840.0,8360.0,0.0,0.0,0.0,0.0,0.0,0.0,3320.0,4280.0,3040.0,3040.0,0.0,0.0,0.0,0.0,3040.0,3040.0,3080.0,0.0,0.0,0.0,0.0,0.0,0.0,89400.0,11240.0,21160.0,397918.0,0.0,0.0,0.0,0.0,175120.0,443560.0,103960.0,0.0,0.0,0.0,0.0,0.0,0.0
2026-04-17T23:00:00+02:00,8400.0,8760.0,9000.0,8920.0,0.0,0.0,0.0,0.0,8960.0,9160.0,9160.0,0.0,0.0,0.0,0.0,0.0,0.0,3160.0,3320.0,3480.0,3080.0,0.0,0.0,0.0,0.0,3240.0,3040.0,3640.0,0.0,0.0,0.0,0.0,0.0,0.0,79960.0,111920.0,36440.0,474717.0,0.0,0.0,0.0,0.0,136679.0,1795755.0,134719.0,0.0,0.0,0.0,0.0,0.0,0.0
2026-04-18T00:00:00+02:00,8039.0,0.0,8920.0,8920.0,0.0,0.0,0.0,0.0,9040.0,9120.0,7240.0,0.0,0.0,0.0,0.0,0.0,0.0,3120.0,0.0,3160.0,3040.0,0.0,0.0,0.0,0.0,3040.0,3040.0,4640.0,0.0,0.0,0.0,0.0,0.0,0.0,38119.0,0.0,44440.0,978559.0,0.0,0.0,0.0,0.0,208720.0,2026878.0,18960.0,0.0,0.0,0.0,0.0,0.0,0.0
2026-04-18T01:00:00+02:00,7320.0,7480.0,8320.0,8880.0,0.0,0.0,0.0,7280.0,9080.0,9160.0,4880.0,0.0,0.0,0.0,0.0,0.0,0.0,3160.0,3560.0,3600.0,3040.0,0.0,0.0,0.0,7280.0,3040.0,3040.0,3280.0,0.0,0.0,0.0,0.0,0.0,0.0,55760.0,15000.0,57360.0,1227916.0,0.0,0.0,0.0,7280.0,308320.0,1718077.0,8160.0,0.0,0.0,0.0,0.0,0.0,0.0
2026-04-18T02:00:00+02:00,6800.0,9080.0,9120.0,8640.0,0.0,0.0,0.0,5400.0,8480.0,8960.0,4360.0,0.0,0.0,0.0,0.0,0.0,3320.0,3080.0,3440.0,3080.0,3080.0,0.0,0.0,0.0,3880.0,3080.0,3040.0,4360.0,0.0,0.0,0.0,0.0,0.0,3320.0,57240.0,55120.0,262160.0,878639.0,0.0,0.0,0.0,21240.0,193080.0,1133719.0,4360.0,0.0,0.0,0.0,0.0,0.0,3320.0
2026-04-18T03:00:00+02:00,7920.0,8720.0,9040.0,8840.0,0.0,0.0,0.0,6000.0,8440.0,9000.0,0.0,3360.0,0.0,0.0,0.0,4000.0,0.0,3320.0,3200.0,3040.0,3120.0,0.0,0.0,0.0,4000.0,3400.0,3040.0,0.0,3360.0,0.0,0.0,0.0,4000.0,0.0,44440.0,53280.0,130840.0,410998.0,0.0,0.0,0.0,10000.0,142520.0,495720.0,0.0,3360.0,0.0,0.0,0.0,4000.0,0.0
2026-04-18T04:00:00+02:00,5240.0,8800.0,8720.0,8000.0,0.0,0.0,0.0,8880.0,8400.0,9120.0,0.0,8840.0,0.0,0.0,0.0,7680.0,0.0,3240.0,4000.0,3960.0,3080.0,0.0,0.0,0.0,3040.0,3200.0,3040.0,0.0,3080.0,0.0,0.0,0.0,4000.0,0.0,37160.0,26680.0,60880.0,374200.0,0.0,0.0,0.0,157520.0,132760.0,777557.0,0.0,27560.0,0.0,0.0,0.0,11680.0,0.0
2026-04-18T05:00:00+02:00,7640.0,7840.0,0.0,9120.0,0.0,0.0,0.0,7800.0,0.0,9120.0,0.0,0.0,0.0,0.0,0.0,8880.0,0.0,3080.0,7840.0,0.0,3040.0,0.0,0.0,0.0,3040.0,0.0,3040.0,0.0,0.0,0.0,0.0,0.0,3400.0,0.0,65480.0,7840.0,0.0,1674595.0,0.0,0.0,0.0,32520.0,0.0,1159558.0,0.0,0.0,0.0,0.0,0.0,142239.0,0.0
2026-04-18T06:00:00+02:00,6280.0,0.0,0.0,8200.0,0.0,0.0,0.0,8520.0,4320.0,8920.0,0.0,0.0,0.0,0.0,9160.0,0.0,0.0,6280.0,0.0,0.0,3040.0,0.0,0.0,0.0,3280.0,4000.0,3280.0,0.0,0.0,0.0,0.0,3040.0,0.0,0.0,6280.0,0.0,0.0,1428880.0,0.0,0.0,0.0,161720.0,12320.0,174680.0,0.0,0.0,0.0,0.0,115640.0,0.0,0.0
2026-04-18T07:00:00+02:00,0.0,0.0,0.0,8680.0,0.0,0.0,0.0,8920.0,8000.0,8920.0,6320.0,0.0,0.0,0.0,3240.0,5600.0,0.0,0.0,0.0,0.0,3080.0,0.0,0.0,0.0,3200.0,3360.0,3080.0,6320.0,0.0,0.0,0.0,3240.0,5600.0,0.0,0.0,0.0,0.0,1576600.0,0.0,0.0,0.0,203640.0,83840.0,357800.0,6320.0,0.0,0.0,0.0,3240.0,5600.0,0.0
2026-04-18T08:00:00+02:00,0.0,8000.0,3200.0,8680.0,0.0,0.0,5560.0,6680.0,6120.0,8840.0,8640.0,0.0,0.0,0.0,6000.0,0.0,0.0,0.0,3640.0,3200.0,3040.0,0.0,0.0,5560.0,3080.0,3280.0,3040.0,4000.0,0.0,0.0,0.0,3040.0,0.0,0.0,0.0,52360.0,3200.0,1039119.0,0.0,0.0,5560.0,83880.0,32760.0,311000.0,37840.0,0.0,0.0,0.0,65720.0,0.0,0.0
2026-04-18T09:00:00+02:00,0.0,8760.0,0.0,8840.0,0.0,0.0,8039.0,8320.0,8000.0,8880.0,7840.0,0.0,0.0,0.0,4000.0,0.0,0.0,0.0,3720.0,0.0,3040.0,0.0,0.0,8039.0,3120.0,3240.0,3040.0,4000.0,0.0,0.0,0.0,4000.0,0.0,0.0,0.0,25440.0,0.0,479519.0,0.0,0.0,8039.0,92080.0,161840.0,334200.0,16640.0,0.0,0.0,0.0,4000.0,0.0,0.0
2026-04-18T10:00:00+02:00,4520.0,9080.0,0.0,8840.0,0.0,0.0,0.0,8920.0,8720.0,9000.0,5880.0,0.0,0.0,0.0,0.0,0.0,0.0,3200.0,3880.0,0.0,3040.0,0.0,0.0,0.0,3080.0,3040.0,3040.0,3480.0,0.0,0.0,0.0,0.0,0.0,0.0,18720.0,27720.0,0.0,769237.0,0.0,0.0,0.0,147760.0,159678.0,939480.0,9360.0,0.0,0.0,0.0,0.0,0.0,0.0
2026-04-18T11:00:00+02:00,6520.0,8560.0,0.0,8520.0,0.0,0.0,0.0,7960.0,8000.0,9120.0,7840.0,0.0,0.0,0.0,3840.0,0.0,0.0,4920.0,3240.0,0.0,3120.0,0.0,0.0,0.0,3040.0,3040.0,3040.0,3520.0,0.0,0.0,0.0,3840.0,0.0,0.0,11440.0,60360.0,0.0,1109119.0,0.0,0.0,0.0,121720.0,178320.0,1691595.0,11360.0,0.0,0.0,0.0,3840.0,0.0,0.0
2026-04-18T12:00:00+02:00,9040.0,4120.0,0.0,9080.0,0.0,0.0,0.0,8000.0,8000.0,9120.0,9000.0,0.0,0.0,0.0,3040.0,0.0,0.0,3480.0,3040.0,0.0,3040.0,0.0,0.0,0.0,3080.0,3120.0,3040.0,3880.0,0.0,0.0,0.0,3040.0,0.0,0.0,20240.0,10760.0,0.0,624480.0,0.0,0.0,0.0,207440.0,233840.0,2085557.0,60760.0,0.0,0.0,0.0,3040.0,0.0,0.0
2026-04-18T13:00:00+02:00,4880.0,9000.0,0.0,8960.0,0.0,0.0,0.0,8680.0,8520.0,9120.0,7640.0,7720.0,0.0,0.0,0.0,0.0,0.0,3840.0,3280.0,0.0,3040.0,0.0,0.0,0.0,3120.0,3200.0,3040.0,3680.0,7720.0,0.0,0.0,0.0,0.0,0.0,20840.0,44359.0,0.0,450278.0,0.0,0.0,0.0,149960.0,159919.0,1796117.0,37640.0,7720.0,0.0,0.0,0.0,0.0,0.0
2026-04-18T14:00:00+02:00,8119.0,8640.0,0.0,8800.0,3280.0,0.0,0.0,8960.0,8760.0,9080.0,0.0,0.0,0.0,0.0,0.0,0.0,8640.0,3360.0,3800.0,0.0,3120.0,3280.0,0.0,0.0,3040.0,3120.0,3040.0,0.0,0.0,0.0,0.0,0.0,0.0,8640.0,64439.0,25960.0,0.0,437199.0,3280.0,0.0,0.0,176800.0,253399.0,1258518.0,0.0,0.0,0.0,0.0,0.0,0.0,8640.0
2026-04-18T15:00:00+02:00,8000.0,6240.0,0.0,9120.0,0.0,0.0,0.0,7960.0,8240.0,9120.0,7040.0,0.0,0.0,0.0,0.0,7400.0,0.0,3240.0,5040.0,0.0,3040.0,0.0,0.0,0.0,3400.0,3680.0,3040.0,4000.0,0.0,0.0,0.0,0.0,3840.0,0.0,37440.0,11280.0,0.0,386600.0,0.0,0.0,0.0,56720.0,151200.0,577879.0,22160.0,0.0,0.0,0.0,0.0,17120.0,0.0
2026-04-18T16:00:00+02:00,8160.0,8960.0,0.0,8960.0,6680.0,0.0,0.0,8680.0,8960.0,9120.0,8200.0,0.0,0.0,0.0,0.0,4680.0,0.0,3360.0,3240.0,0.0,3040.0,3320.0,0.0,0.0,3920.0,3080.0,3040.0,3520.0,0.0,0.0,0.0,0.0,4680.0,0.0,65280.0,29400.0,0.0,658598.0,18040.0,0.0,0.0,117640.0,161160.0,1247958.0,128840.0,0.0,0.0,0.0,0.0,4680.0,0.0
2026-04-18T17:00:00+02:00,5080.0,5720.0,0.0,9040.0,9080.0,0.0,0.0,0.0,8600.0,9080.0,8720.0,0.0,0.0,0.0,0.0,3120.0,0.0,4120.0,3440.0,0.0,3040.0,3240.0,0.0,0.0,0.0,3040.0,3040.0,3360.0,0.0,0.0,0.0,0.0,3120.0,0.0,18480.0,14160.0,0.0,925680.0,205520.0,0.0,0.0,0.0,472160.0,1369035.0,40000.0,0.0,0.0,0.0,0.0,3120.0,0.0
2026-04-18T18:00:00+02:00,8000.0,8119.0,0.0,8840.0,8920.0,0.0,0.0,0.0,8440.0,9080.0,8680.0,0.0,0.0,0.0,0.0,0.0,0.0,3160.0,3120.0,0.0,3040.0,3800.0,0.0,0.0,0.0,3080.0,3040.0,3200.0,0.0,0.0,0.0,0.0,0.0,0.0,127360.0,32439.0,0.0,539519.0,97399.0,0.0,0.0,0.0,168879.0,1398036.0,57000.0,0.0,0.0,0.0,0.0,0.0,0.0
2026-04-18T19:00:00+02:00,4400.0,8320.0,0.0,9120.0,4120.0,0.0,0.0,0.0,8000.0,9040.0,8560.0,5960.0,0.0,0.0,0.0,5760.0,0.0,3120.0,3400.0,0.0,3200.0,4120.0,0.0,0.0,0.0,3080.0,3080.0,3080.0,5960.0,0.0,0.0,0.0,3200.0,0.0,19080.0,47040.0,0.0,334040.0,4120.0,0.0,0.0,0.0,134560.0,968159.0,60680.0,5960.0,0.0,0.0,0.0,34120.0,0.0
2026-04-18T20:00:00+02:00,6720.0,6160.0,0.0,9000.0,0.0,0.0,0.0,5040.0,7800.0,9120.0,7520.0,6560.0,0.0,0.0,0.0,0.0,0.0,3160.0,3360.0,0.0,3080.0,0.0,0.0,0.0,5040.0,3120.0,3040.0,3080.0,6560.0,0.0,0.0,0.0,0.0,0.0,14960.0,28560.0,0.0,248879.0,0.0,0.0,0.0,5040.0,90720.0,336239.0,34440.0,6560.0,0.0,0.0,0.0,0.0,0.0
2026-04-18T21:00:00+02:00,8760.0,9040.0,0.0,8000.0,0.0,0.0,0.0,8720.0,3680.0,9080.0,7480.0,0.0,0.0,0.0,0.0,0.0,0.0,3040.0,3360.0,0.0,3040.0,0.0,0.0,0.0,3400.0,3680.0,3120.0,4760.0,0.0,0.0,0.0,0.0,0.0,0.0,389040.0,23200.0,0.0,159760.0,0.0,0.0,0.0,109560.0,3680.0,442077.0,12240.0,0.0,0.0,0.0,0.0,0.0,0.0
2026-04-18T22:00:00+02:00,8760.0,8560.0,0.0,9120.0,0.0,0.0,0.0,8840.0,3680.0,8880.0,0.0,0.0,0.0,0.0,0.0,0.0,0.0,3040.0,3320.0,0.0,3080.0,0.0,0.0,0.0,3400.0,3440.0,3040.0,0.0,0.0,0.0,0.0,0.0,0.0,0.0,507520.0,15840.0,0.0,437040.0,0.0,0.0,0.0,126999.0,7120.0,741318.0,0.0,0.0,0.0,0.0,0.0,0.0,0.0
2026-04-18T23:00:00+02:00,8000.0,4040.0,0.0,7720.0,0.0,0.0,0.0,6640.0,0.0,9120.0,0.0,4440.0,0.0,0.0,0.0,3600.0,0.0,3040.0,4040.0,0.0,3200.0,0.0,0.0,0.0,3040.0,0.0,3040.0,0.0,4440.0,0.0,0.0,0.0,3600.0,0.0,124840.0,8080.0,0.0,50480.0,0.0,0.0,0.0,90280.0,0.0,456720.0,0.0,4440.0,0.0,0.0,0.0,3600.0,0.0
2026-04-19T00:00:00+02:00,8000.0,8520.0,0.0,5800.0,0.0,0.0,0.0,8880.0,0.0,9120.0,0.0,0.0,0.0,0.0,0.0,0.0,0.0,3080.0,8160.0,0.0,3440.0,0.0,0.0,0.0,3040.0,0.0,3040.0,0.0,0.0,0.0,0.0,0.0,0.0,0.0,76880.0,16680.0,0.0,26240.0,0.0,0.0,0.0,60920.0,0.0,344119.0,0.0,0.0,0.0,0.0,0.0,0.0,0.0
2026-04-19T01:00:00+02:00,8039.0,0.0,0.0,4240.0,0.0,0.0,0.0,8240.0,0.0,9040.0,0.0,8680.0,0.0,0.0,0.0,0.0,0.0,3160.0,0.0,0.0,3480.0,0.0,0.0,0.0,3080.0,0.0,3200.0,0.0,8680.0,0.0,0.0,0.0,0.0,0.0,149119.0,0.0,0.0,22880.0,0.0,0.0,0.0,50639.0,0.0,313679.0,0.0,8680.0,0.0,0.0,0.0,0.0,0.0
2026-04-19T02:00:00+02:00,8640.0,8160.0,0.0,6280.0,0.0,0.0,0.0,6880.0,5040.0,8520.0,4640.0,6400.0,0.0,0.0,0.0,0.0,0.0,3480.0,7800.0,0.0,3080.0,0.0,0.0,0.0,3480.0,5040.0,3120.0,4640.0,3640.0,0.0,0.0,0.0,0.0,0.0,99759.0,15960.0,0.0,56480.0,0.0,0.0,0.0,56480.0,5040.0,296598.0,4640.0,28000.0,0.0,0.0,0.0,0.0,0.0
2026-04-19T03:00:00+02:00,9000.0,6680.0,0.0,8800.0,0.0,0.0,0.0,7560.0,6000.0,8800.0,5720.0,4680.0,0.0,0.0,0.0,0.0,4000.0,3040.0,3240.0,0.0,3280.0,0.0,0.0,0.0,3360.0,6000.0,3040.0,3120.0,3280.0,0.0,0.0,0.0,0.0,3760.0,631159.0,44640.0,0.0,115080.0,0.0,0.0,0.0,39440.0,6000.0,975158.0,35760.0,30600.0,0.0,0.0,0.0,0.0,7760.0
2026-04-19T04:00:00+02:00,8960.0,4840.0,0.0,8840.0,0.0,0.0,0.0,8039.0,0.0,8960.0,4920.0,4560.0,0.0,0.0,0.0,0.0,0.0,3040.0,3400.0,0.0,3040.0,0.0,0.0,0.0,4040.0,0.0,3040.0,4920.0,3040.0,0.0,0.0,0.0,0.0,0.0,375079.0,16960.0,0.0,381397.0,0.0,0.0,0.0,42918.0,0.0,847438.0,4920.0,14600.0,0.0,0.0,0.0,0.0,0.0
2026-04-19T05:00:00+02:00,7160.0,0.0,0.0,8760.0,3080.0,0.0,0.0,6000.0,8000.0,8720.0,8000.0,0.0,0.0,0.0,0.0,8000.0,0.0,3120.0,0.0,0.0,3040.0,3080.0,0.0,0.0,3240.0,3280.0,3040.0,3640.0,0.0,0.0,0.0,0.0,3040.0,0.0,84480.0,0.0,0.0,512960.0,3080.0,0.0,0.0,51000.0,321240.0,183560.0,39240.0,0.0,0.0,0.0,0.0,60880.0,0.0
2026-04-19T06:00:00+02:00,8440.0,0.0,0.0,8760.0,0.0,0.0,0.0,0.0,8840.0,8760.0,3920.0,0.0,0.0,0.0,0.0,0.0,0.0,5840.0,0.0,0.0,3080.0,0.0,0.0,0.0,0.0,3320.0,3640.0,3920.0,0.0,0.0,0.0,0.0,0.0,0.0,14280.0,0.0,0.0,613718.0,0.0,0.0,0.0,0.0,326320.0,90560.0,3920.0,0.0,0.0,0.0,0.0,0.0,0.0
2026-04-19T07:00:00+02:00,0.0,0.0,0.0,8840.0,0.0,0.0,0.0,0.0,8720.0,8760.0,0.0,4400.0,0.0,0.0,0.0,5800.0,0.0,0.0,0.0,0.0,3040.0,0.0,0.0,0.0,0.0,3240.0,3080.0,0.0,4400.0,0.0,0.0,0.0,3320.0,0.0,0.0,0.0,0.0,294720.0,0.0,0.0,0.0,0.0,280880.0,87480.0,0.0,4400.0,0.0,0.0,0.0,12480.0,0.0
2026-04-19T08:00:00+02:00,8960.0,5320.0,0.0,8480.0,0.0,0.0,0.0,0.0,8720.0,9040.0,6360.0,0.0,0.0,0.0,0.0,6000.0,0.0,3040.0,5160.0,0.0,3080.0,0.0,0.0,0.0,0.0,3040.0,3040.0,3840.0,0.0,0.0,0.0,0.0,3160.0,0.0,43480.0,10480.0,0.0,363400.0,0.0,0.0,0.0,0.0,289200.0,179600.0,19240.0,0.0,0.0,0.0,0.0,30720.0,0.0
2026-04-19T09:00:00+02:00,8119.0,7240.0,0.0,9040.0,0.0,0.0,0.0,0.0,8640.0,8880.0,8600.0,0.0,0.0,0.0,0.0,0.0,0.0,3040.0,3240.0,0.0,3040.0,0.0,0.0,0.0,0.0,3080.0,3040.0,3160.0,0.0,0.0,0.0,0.0,0.0,0.0,198517.0,13800.0,0.0,1315146.0,0.0,0.0,0.0,0.0,685753.0,762958.0,43599.0,0.0,0.0,0.0,0.0,0.0,0.0
2026-04-19T10:00:00+02:00,8320.0,8520.0,0.0,8920.0,0.0,0.0,0.0,0.0,8000.0,8960.0,8400.0,0.0,0.0,0.0,0.0,3440.0,0.0,3280.0,3800.0,0.0,3040.0,0.0,0.0,0.0,0.0,3080.0,3040.0,3440.0,0.0,0.0,0.0,0.0,3440.0,0.0,92080.0,42400.0,0.0,572800.0,0.0,0.0,0.0,0.0,160800.0,1160356.0,26800.0,0.0,0.0,0.0,0.0,3440.0,0.0
2026-04-19T11:00:00+02:00,8039.0,8880.0,0.0,8840.0,7600.0,0.0,0.0,0.0,8920.0,8960.0,7960.0,5160.0,0.0,0.0,0.0,0.0,0.0,5640.0,4000.0,0.0,3040.0,3880.0,0.0,0.0,0.0,3120.0,3040.0,3640.0,5160.0,0.0,0.0,0.0,0.0,0.0,27879.0,37720.0,0.0,654958.0,17120.0,0.0,0.0,0.0,547439.0,1104959.0,63800.0,5160.0,0.0,0.0,0.0,0.0,0.0
2026-04-19T12:00:00+02:00,5640.0,7320.0,0.0,8000.0,4680.0,0.0,0.0,0.0,9080.0,9080.0,7440.0,0.0,0.0,0.0,0.0,0.0,0.0,3760.0,6120.0,0.0,3240.0,4680.0,0.0,0.0,0.0,3080.0,3040.0,3120.0,0.0,0.0,0.0,0.0,0.0,0.0,20000.0,27280.0,0.0,180280.0,4680.0,0.0,0.0,0.0,614879.0,1356039.0,36480.0,0.0,0.0,0.0,0.0,0.0,0.0
2026-04-19T13:00:00+02:00,9040.0,7880.0,0.0,8640.0,0.0,0.0,0.0,0.0,8119.0,9080.0,6040.0,7320.0,0.0,0.0,0.0,4440.0,7840.0,3160.0,3400.0,0.0,3120.0,0.0,0.0,0.0,0.0,3120.0,3040.0,3440.0,3440.0,0.0,0.0,0.0,3320.0,3160.0,48880.0,11280.0,0.0,255599.0,0.0,0.0,0.0,0.0,480436.0,851713.0,15320.0,30520.0,0.0,0.0,0.0,7760.0,22680.0
2026-04-19T14:00:00+02:00,6480.0,0.0,0.0,8280.0,7960.0,0.0,0.0,0.0,8400.0,8960.0,6320.0,4440.0,0.0,0.0,0.0,6840.0,8000.0,3120.0,0.0,0.0,3040.0,6040.0,0.0,0.0,0.0,3160.0,3040.0,6320.0,4440.0,0.0,0.0,0.0,5360.0,3680.0,56600.0,0.0,0.0,279360.0,14000.0,0.0,0.0,0.0,441038.0,744355.0,6320.0,4440.0,0.0,0.0,0.0,12200.0,20640.0
2026-04-19T15:00:00+02:00,9040.0,8880.0,0.0,8720.0,8000.0,0.0,0.0,0.0,8640.0,9080.0,7880.0,0.0,0.0,0.0,0.0,6880.0,0.0,3040.0,4840.0,0.0,3240.0,3840.0,0.0,0.0,0.0,3040.0,3040.0,4040.0,0.0,0.0,0.0,0.0,3160.0,0.0,197359.0,57120.0,0.0,244758.0,26560.0,0.0,0.0,0.0,795316.0,1449632.0,40600.0,0.0,0.0,0.0,0.0,45560.0,0.0
2026-04-19T16:00:00+02:00,7880.0,7600.0,0.0,8880.0,7800.0,0.0,0.0,0.0,8960.0,9000.0,8080.0,0.0,0.0,0.0,0.0,0.0,0.0,3040.0,5360.0,0.0,3320.0,5280.0,0.0,0.0,0.0,3040.0,3040.0,3200.0,0.0,0.0,0.0,0.0,0.0,0.0,55280.0,12960.0,0.0,184960.0,30400.0,0.0,0.0,0.0,659199.0,1461078.0,52640.0,0.0,0.0,0.0,0.0,0.0,0.0
2026-04-19T17:00:00+02:00,4120.0,8320.0,0.0,8880.0,8760.0,0.0,0.0,0.0,8640.0,9040.0,8720.0,6840.0,0.0,0.0,0.0,8039.0,0.0,4000.0,3680.0,0.0,3040.0,3080.0,0.0,0.0,0.0,3040.0,3040.0,6000.0,3120.0,0.0,0.0,0.0,5800.0,0.0,12160.0,30440.0,0.0,348000.0,84880.0,0.0,0.0,0.0,953117.0,998598.0,21960.0,15000.0,0.0,0.0,0.0,39959.0,0.0
2026-04-19T18:00:00+02:00,5240.0,6360.0,0.0,8960.0,7960.0,0.0,0.0,0.0,8640.0,8920.0,0.0,4320.0,0.0,0.0,0.0,8480.0,5760.0,3680.0,5560.0,0.0,3040.0,3520.0,0.0,0.0,0.0,3040.0,3040.0,0.0,4320.0,0.0,0.0,0.0,3240.0,5760.0,8920.0,11920.0,0.0,271400.0,84400.0,0.0,0.0,0.0,600760.0,671999.0,0.0,4320.0,0.0,0.0,0.0,70960.0,5760.0
2026-04-19T19:00:00+02:00,4840.0,8320.0,0.0,8039.0,8000.0,0.0,0.0,0.0,8640.0,8360.0,8720.0,8800.0,0.0,0.0,0.0,4000.0,0.0,4840.0,5240.0,0.0,3160.0,8000.0,0.0,0.0,0.0,3160.0,3040.0,8720.0,3120.0,0.0,0.0,0.0,3760.0,0.0,4840.0,32920.0,0.0,278276.0,8000.0,0.0,0.0,0.0,354358.0,179400.0,8720.0,91520.0,0.0,0.0,0.0,15760.0,0.0
2026-04-19T20:00:00+02:00,6720.0,7760.0,0.0,9000.0,5800.0,0.0,0.0,0.0,8600.0,9040.0,0.0,9080.0,0.0,0.0,0.0,0.0,0.0,3640.0,3360.0,0.0,3120.0,3440.0,0.0,0.0,0.0,3120.0,3200.0,0.0,3280.0,0.0,0.0,0.0,0.0,0.0,10360.0,32640.0,0.0,482277.0,17240.0,0.0,0.0,0.0,775755.0,510399.0,0.0,41600.0,0.0,0.0,0.0,0.0,0.0
2026-04-19T21:00:00+02:00,8240.0,0.0,0.0,8000.0,0.0,0.0,0.0,0.0,0.0,9000.0,0.0,0.0,0.0,0.0,0.0,0.0,0.0,3080.0,0.0,0.0,3040.0,0.0,0.0,0.0,0.0,0.0,3040.0,0.0,0.0,0.0,0.0,0.0,0.0,0.0,159000.0,0.0,0.0,234920.0,0.0,0.0,0.0,0.0,0.0,448680.0,0.0,0.0,0.0,0.0,0.0,0.0,0.0
2026-04-19T22:00:00+02:00,8440.0,0.0,0.0,6320.0,0.0,0.0,0.0,0.0,5160.0,8720.0,0.0,0.0,0.0,0.0,0.0,0.0,0.0,3040.0,0.0,0.0,3200.0,0.0,0.0,0.0,0.0,5160.0,3080.0,0.0,0.0,0.0,0.0,0.0,0.0,0.0,187120.0,0.0,0.0,41400.0,0.0,0.0,0.0,0.0,5160.0,414240.0,0.0,0.0,0.0,0.0,0.0,0.0,0.0
2026-04-19T23:00:00+02:00,9000.0,0.0,0.0,0.0,0.0,0.0,0.0,0.0,0.0,8280.0,0.0,0.0,0.0,0.0,0.0,0.0,0.0,3040.0,0.0,0.0,0.0,0.0,0.0,0.0,0.0,0.0,4200.0,0.0,0.0,0.0,0.0,0.0,0.0,0.0,522920.0,0.0,0.0,0.0,0.0,0.0,0.0,0.0,0.0,50800.0,0.0,0.0,0.0,0.0,0.0,0.0,0.0
2026-04-20T00:00:00+02:00,9080.0,0.0,0.0,0.0,0.0,0.0,0.0,0.0,0.0,7440.0,0.0,0.0,0.0,0.0,0.0,0.0,0.0,3160.0,0.0,0.0,0.0,0.0,0.0,0.0,0.0,0.0,3120.0,0.0,0.0,0.0,0.0,0.0,0.0,0.0,363998.0,0.0,0.0,0.0,0.0,0.0,0.0,0.0,0.0,26520.0,0.0,0.0,0.0,0.0,0.0,0.0,0.0
2026-04-20T01:00:00+02:00,8960.0,0.0,0.0,0.0,0.0,0.0,0.0,0.0,0.0,5560.0,0.0,0.0,0.0,0.0,0.0,0.0,0.0,3040.0,0.0,0.0,0.0,0.0,0.0,0.0,0.0,0.0,3160.0,0.0,0.0,0.0,0.0,0.0,0.0,0.0,283000.0,0.0,0.0,0.0,0.0,0.0,0.0,0.0,0.0,48560.0,0.0,0.0,0.0,0.0,0.0,0.0,0.0
2026-04-20T02:00:00+02:00,8920.0,0.0,0.0,8000.0,0.0,0.0,0.0,0.0,4560.0,7920.0,0.0,0.0,0.0,0.0,0.0,0.0,0.0,3040.0,0.0,0.0,3040.0,0.0,0.0,0.0,0.0,4560.0,3040.0,0.0,0.0,0.0,0.0,0.0,0.0,0.0,650560.0,0.0,0.0,180120.0,0.0,0.0,0.0,0.0,4560.0,131840.0,0.0,0.0,0.0,0.0,0.0,0.0,0.0
2026-04-20T03:00:00+02:00,9040.0,0.0,0.0,8520.0,0.0,0.0,0.0,0.0,0.0,8000.0,0.0,0.0,0.0,0.0,0.0,0.0,0.0,3120.0,0.0,0.0,3080.0,0.0,0.0,0.0,0.0,0.0,3040.0,0.0,0.0,0.0,0.0,0.0,0.0,0.0,654640.0,0.0,0.0,587680.0,0.0,0.0,0.0,0.0,0.0,370680.0,0.0,0.0,0.0,0.0,0.0,0.0,0.0
2026-04-20T04:00:00+02:00,8600.0,0.0,0.0,8880.0,0.0,0.0,0.0,0.0,0.0,8760.0,0.0,0.0,0.0,0.0,0.0,0.0,0.0,3040.0,0.0,0.0,3240.0,0.0,0.0,0.0,0.0,0.0,3040.0,0.0,0.0,0.0,0.0,0.0,0.0,0.0,539879.0,0.0,0.0,299440.0,0.0,0.0,0.0,0.0,0.0,413840.0,0.0,0.0,0.0,0.0,0.0,0.0,0.0
2026-04-20T05:00:00+02:00,8039.0,8000.0,4640.0,8160.0,0.0,0.0,0.0,0.0,8080.0,9080.0,0.0,8000.0,0.0,0.0,0.0,6120.0,0.0,3160.0,3640.0,4640.0,3080.0,0.0,0.0,0.0,0.0,3440.0,3040.0,0.0,3800.0,0.0,0.0,0.0,3520.0,0.0,156318.0,53600.0,4640.0,286720.0,0.0,0.0,0.0,0.0,228640.0,277760.0,0.0,24160.0,0.0,0.0,0.0,37320.0,0.0
2026-04-20T06:00:00+02:00,0.0,8560.0,0.0,9000.0,0.0,0.0,0.0,3920.0,8039.0,8400.0,0.0,8720.0,0.0,0.0,0.0,8080.0,0.0,0.0,3080.0,0.0,3080.0,0.0,0.0,0.0,3480.0,3080.0,3080.0,0.0,3040.0,0.0,0.0,0.0,3760.0,0.0,0.0,17760.0,0.0,109440.0,0.0,0.0,0.0,7400.0,210519.0,138920.0,0.0,135160.0,0.0,0.0,0.0,34600.0,0.0
2026-04-20T07:00:00+02:00,5960.0,8760.0,0.0,9000.0,3960.0,0.0,0.0,8240.0,8800.0,9080.0,6920.0,6000.0,0.0,0.0,0.0,0.0,0.0,4040.0,3440.0,0.0,3040.0,3960.0,0.0,0.0,3440.0,3040.0,3040.0,6920.0,3520.0,0.0,0.0,0.0,0.0,0.0,10000.0,53880.0,0.0,559029.0,3960.0,0.0,0.0,11680.0,906346.0,429879.0,6920.0,42440.0,0.0,0.0,0.0,0.0,0.0
2026-04-20T08:00:00+02:00,7000.0,8400.0,0.0,9040.0,8000.0,0.0,0.0,0.0,8920.0,9080.0,8000.0,6000.0,0.0,0.0,0.0,4320.0,0.0,7000.0,4000.0,0.0,3040.0,3920.0,0.0,0.0,0.0,3040.0,3040.0,3520.0,3520.0,0.0,0.0,0.0,3960.0,0.0,7000.0,56840.0,0.0,748558.0,23320.0,0.0,0.0,0.0,1499679.0,705518.0,15960.0,23360.0,0.0,0.0,0.0,24400.0,0.0
2026-04-20T09:00:00+02:00,0.0,8520.0,0.0,8920.0,0.0,0.0,0.0,4320.0,9000.0,9040.0,7120.0,0.0,0.0,0.0,0.0,6000.0,8039.0,0.0,3840.0,0.0,3080.0,0.0,0.0,0.0,4320.0,3200.0,3040.0,4800.0,0.0,0.0,0.0,0.0,3080.0,8039.0,0.0,21320.0,0.0,788477.0,0.0,0.0,0.0,4320.0,1020600.0,858520.0,11920.0,0.0,0.0,0.0,0.0,13080.0,8039.0
2026-04-20T10:00:00+02:00,5000.0,6480.0,0.0,9040.0,0.0,0.0,0.0,0.0,8000.0,9080.0,8760.0,0.0,0.0,0.0,0.0,7560.0,0.0,5000.0,3240.0,0.0,3240.0,0.0,0.0,0.0,0.0,3360.0,3080.0,4400.0,0.0,0.0,0.0,0.0,3080.0,0.0,5000.0,19120.0,0.0,528837.0,0.0,0.0,0.0,0.0,191640.0,711599.0,24520.0,0.0,0.0,0.0,0.0,36320.0,0.0
2026-04-20T11:00:00+02:00,8920.0,8560.0,0.0,8000.0,0.0,0.0,0.0,0.0,7880.0,9000.0,9040.0,0.0,0.0,0.0,0.0,0.0,5800.0,3200.0,3080.0,0.0,3040.0,0.0,0.0,0.0,0.0,3080.0,3040.0,4040.0,0.0,0.0,0.0,0.0,0.0,4680.0,60200.0,74240.0,0.0,624960.0,0.0,0.0,0.0,0.0,253280.0,533240.0,55880.0,0.0,0.0,0.0,0.0,0.0,10480.0
2026-04-20T12:00:00+02:00,8480.0,8119.0,0.0,8000.0,0.0,0.0,0.0,0.0,8000.0,8880.0,6800.0,0.0,0.0,0.0,0.0,5840.0,0.0,3120.0,3680.0,0.0,3200.0,0.0,0.0,0.0,0.0,3160.0,3040.0,3040.0,0.0,0.0,0.0,0.0,5600.0,0.0,34520.0,28879.0,0.0,221520.0,0.0,0.0,0.0,0.0,300120.0,374559.0,9840.0,0.0,0.0,0.0,0.0,11440.0,0.0
2026-04-20T13:00:00+02:00,5280.0,8960.0,0.0,8400.0,0.0,0.0,0.0,0.0,8440.0,8960.0,7520.0,0.0,0.0,0.0,0.0,0.0,0.0,3560.0,3080.0,0.0,3080.0,0.0,0.0,0.0,0.0,3040.0,3040.0,3080.0,0.0,0.0,0.0,0.0,0.0,0.0,12680.0,111520.0,0.0,494759.0,0.0,0.0,0.0,0.0,563040.0,1492919.0,64920.0,0.0,0.0,0.0,0.0,0.0,0.0
2026-04-20T14:00:00+02:00,6040.0,8560.0,0.0,9000.0,0.0,0.0,0.0,8920.0,8920.0,9040.0,9040.0,0.0,0.0,0.0,0.0,7480.0,0.0,3640.0,3040.0,0.0,3160.0,0.0,0.0,0.0,3240.0,3040.0,3040.0,3080.0,0.0,0.0,0.0,0.0,7480.0,0.0,46120.0,164000.0,0.0,265080.0,0.0,0.0,0.0,140079.0,214400.0,2381597.0,340360.0,0.0,0.0,0.0,0.0,7480.0,0.0
2026-04-20T15:00:00+02:00,8760.0,7240.0,0.0,8520.0,0.0,0.0,0.0,8520.0,7960.0,9040.0,8880.0,0.0,3600.0,0.0,0.0,0.0,0.0,3440.0,3040.0,0.0,3800.0,0.0,0.0,0.0,3040.0,3040.0,3040.0,3200.0,0.0,3600.0,0.0,0.0,0.0,0.0,74280.0,75400.0,0.0,75200.0,0.0,0.0,0.0,161400.0,47120.0,2143675.0,84040.0,0.0,3600.0,0.0,0.0,0.0,0.0
2026-04-20T16:00:00+02:00,6000.0,8039.0,0.0,8640.0,0.0,0.0,0.0,8800.0,9000.0,9040.0,8840.0,0.0,0.0,0.0,0.0,0.0,0.0,3200.0,3200.0,0.0,3040.0,0.0,0.0,0.0,3040.0,3040.0,3040.0,3040.0,0.0,0.0,0.0,0.0,0.0,0.0,31120.0,46199.0,0.0,87880.0,0.0,0.0,0.0,74600.0,137480.0,1288273.0,212719.0,0.0,0.0,0.0,0.0,0.0,0.0
2026-04-20T17:00:00+02:00,5400.0,9040.0,0.0,8640.0,0.0,0.0,0.0,8080.0,8560.0,9040.0,5440.0,0.0,0.0,0.0,0.0,7440.0,0.0,3440.0,3040.0,0.0,3040.0,0.0,0.0,0.0,3880.0,3120.0,3080.0,4360.0,0.0,0.0,0.0,0.0,7440.0,0.0,8840.0,125280.0,0.0,245280.0,0.0,0.0,0.0,29000.0,68760.0,443399.0,9800.0,0.0,0.0,0.0,0.0,7440.0,0.0
2026-04-20T18:00:00+02:00,7360.0,7560.0,0.0,9000.0,0.0,0.0,0.0,0.0,8000.0,8960.0,5720.0,0.0,0.0,0.0,0.0,0.0,6000.0,3120.0,3720.0,0.0,3040.0,0.0,0.0,0.0,0.0,3040.0,3120.0,3320.0,0.0,0.0,0.0,0.0,0.0,6000.0,79000.0,15520.0,0.0,623878.0,0.0,0.0,0.0,0.0,219200.0,435159.0,17640.0,0.0,0.0,0.0,0.0,0.0,6000.0
2026-04-20T19:00:00+02:00,7400.0,5440.0,0.0,8440.0,0.0,0.0,0.0,0.0,8440.0,9040.0,7280.0,5520.0,0.0,0.0,0.0,8000.0,0.0,3280.0,3200.0,0.0,3040.0,0.0,0.0,0.0,0.0,3040.0,3040.0,4560.0,3600.0,0.0,0.0,0.0,3160.0,0.0,44200.0,16000.0,0.0,818519.0,0.0,0.0,0.0,0.0,239719.0,1253279.0,27640.0,21440.0,0.0,0.0,0.0,47960.0,0.0
2026-04-20T20:00:00+02:00,8880.0,7560.0,0.0,8039.0,0.0,0.0,0.0,0.0,8200.0,8960.0,3840.0,8560.0,0.0,0.0,0.0,8360.0,0.0,3680.0,4640.0,0.0,3080.0,0.0,0.0,0.0,0.0,3040.0,3040.0,3840.0,3600.0,0.0,0.0,0.0,3640.0,0.0,51040.0,17880.0,0.0,322678.0,0.0,0.0,0.0,0.0,454720.0,820318.0,3840.0,69200.0,0.0,0.0,0.0,79800.0,0.0
2026-04-20T21:00:00+02:00,8480.0,8039.0,0.0,8039.0,0.0,0.0,0.0,0.0,5520.0,8920.0,4440.0,0.0,0.0,0.0,0.0,8480.0,7880.0,3120.0,3760.0,0.0,3040.0,0.0,0.0,0.0,0.0,3080.0,3040.0,4440.0,0.0,0.0,0.0,0.0,3560.0,4000.0,177760.0,80597.0,0.0,218199.0,0.0,0.0,0.0,0.0,13880.0,384759.0,4440.0,0.0,0.0,0.0,0.0,12040.0,17880.0
2026-04-20T22:00:00+02:00,8039.0,7400.0,0.0,8039.0,0.0,0.0,0.0,0.0,0.0,8480.0,0.0,0.0,0.0,0.0,0.0,0.0,0.0,3040.0,7400.0,0.0,3080.0,0.0,0.0,0.0,0.0,0.0,3040.0,0.0,0.0,0.0,0.0,0.0,0.0,0.0,273278.0,7400.0,0.0,70759.0,0.0,0.0,0.0,0.0,0.0,186319.0,0.0,0.0,0.0,0.0,0.0,0.0,0.0
2026-04-20T23:00:00+02:00,8800.0,0.0,0.0,5360.0,0.0,0.0,0.0,0.0,0.0,8480.0,0.0,3840.0,0.0,0.0,0.0,0.0,0.0,3080.0,0.0,0.0,3680.0,0.0,0.0,0.0,0.0,0.0,3080.0,0.0,3200.0,0.0,0.0,0.0,0.0,0.0,182120.0,0.0,0.0,12840.0,0.0,0.0,0.0,0.0,0.0,232199.0,0.0,7040.0,0.0,0.0,0.0,0.0,0.0
2026-04-21T00:00:00+02:00,9040.0,0.0,0.0,0.0,0.0,0.0,0.0,0.0,0.0,8920.0,0.0,8000.0,0.0,0.0,0.0,0.0,0.0,3040.0,0.0,0.0,0.0,0.0,0.0,0.0,0.0,0.0,3040.0,0.0,3360.0,0.0,0.0,0.0,0.0,0.0,632720.0,0.0,0.0,0.0,0.0,0.0,0.0,0.0,0.0,777320.0,0.0,84800.0,0.0,0.0,0.0,0.0,0.0
2026-04-21T01:00:00+02:00,9000.0,0.0,0.0,0.0,0.0,0.0,0.0,0.0,0.0,8960.0,0.0,4840.0,0.0,0.0,0.0,0.0,0.0,3040.0,0.0,0.0,0.0,0.0,0.0,0.0,0.0,0.0,3040.0,0.0,3440.0,0.0,0.0,0.0,0.0,0.0,690200.0,0.0,0.0,0.0,0.0,0.0,0.0,0.0,0.0,887400.0,0.0,35040.0,0.0,0.0,0.0,0.0,0.0
2026-04-21T02:00:00+02:00,9040.0,0.0,0.0,6000.0,0.0,0.0,0.0,0.0,0.0,8000.0,0.0,0.0,0.0,0.0,0.0,0.0,0.0,3240.0,0.0,0.0,3640.0,0.0,0.0,0.0,0.0,0.0,3040.0,0.0,0.0,0.0,0.0,0.0,0.0,0.0,411000.0,0.0,0.0,14880.0,0.0,0.0,0.0,0.0,0.0,492840.0,0.0,0.0,0.0,0.0,0.0,0.0,0.0
2026-04-21T03:00:00+02:00,8400.0,0.0,0.0,0.0,0.0,0.0,0.0,0.0,0.0,8920.0,0.0,0.0,0.0,0.0,0.0,0.0,0.0,3080.0,0.0,0.0,0.0,0.0,0.0,0.0,0.0,0.0,3040.0,0.0,0.0,0.0,0.0,0.0,0.0,0.0,218640.0,0.0,0.0,0.0,0.0,0.0,0.0,0.0,0.0,256799.0,0.0,0.0,0.0,0.0,0.0,0.0,0.0
2026-04-21T04:00:00+02:00,8800.0,0.0,0.0,0.0,0.0,0.0,0.0,0.0,0.0,9040.0,0.0,4040.0,0.0,0.0,0.0,0.0,0.0,3160.0,0.0,0.0,0.0,0.0,0.0,0.0,0.0,0.0,3040.0,0.0,3160.0,0.0,0.0,0.0,0.0,0.0,194080.0,0.0,0.0,0.0,0.0,0.0,0.0,0.0,0.0,339478.0,0.0,10360.0,0.0,0.0,0.0,0.0,0.0
2026-04-21T05:00:00+02:00,4120.0,6000.0,0.0,8160.0,0.0,0.0,0.0,4640.0,8000.0,7600.0,6680.0,0.0,0.0,0.0,0.0,6000.0,0.0,3240.0,3280.0,0.0,3120.0,0.0,0.0,0.0,4640.0,3120.0,3280.0,4000.0,0.0,0.0,0.0,0.0,3680.0,0.0,11200.0,24560.0,0.0,176200.0,0.0,0.0,0.0,4640.0,370680.0,94720.0,14680.0,0.0,0.0,0.0,0.0,62840.0,0.0
2026-04-21T06:00:00+02:00,4000.0,5920.0,0.0,8960.0,0.0,0.0,0.0,8440.0,9040.0,8560.0,0.0,0.0,0.0,0.0,0.0,7360.0,0.0,4000.0,3560.0,0.0,3040.0,0.0,0.0,0.0,3320.0,3080.0,3080.0,0.0,0.0,0.0,0.0,0.0,3160.0,0.0,4000.0,9480.0,0.0,935760.0,0.0,0.0,0.0,18280.0,1156880.0,353480.0,0.0,0.0,0.0,0.0,0.0,74440.0,0.0
2026-04-21T07:00:00+02:00,8000.0,7320.0,0.0,8039.0,8440.0,0.0,0.0,7920.0,5520.0,9000.0,0.0,0.0,0.0,0.0,0.0,8039.0,0.0,3480.0,3200.0,0.0,3200.0,3200.0,0.0,0.0,3800.0,5520.0,3080.0,0.0,0.0,0.0,0.0,0.0,3080.0,0.0,96240.0,27080.0,0.0,132919.0,75640.0,0.0,0.0,73200.0,5520.0,531640.0,0.0,0.0,0.0,0.0,0.0,181719.0,0.0
2026-04-21T08:00:00+02:00,4000.0,8240.0,0.0,8320.0,8000.0,0.0,0.0,8760.0,8039.0,9040.0,5640.0,0.0,0.0,0.0,0.0,8880.0,0.0,3080.0,3040.0,0.0,3040.0,3080.0,0.0,0.0,3440.0,3240.0,3080.0,4720.0,0.0,0.0,0.0,0.0,3200.0,0.0,18720.0,34040.0,0.0,359154.0,107280.0,0.0,0.0,103080.0,42878.0,633155.0,10360.0,0.0,0.0,0.0,0.0,205679.0,0.0
2026-04-21T09:00:00+02:00,6720.0,8680.0,0.0,8840.0,5080.0,0.0,0.0,8640.0,5880.0,9000.0,8039.0,3640.0,0.0,0.0,0.0,8320.0,0.0,6720.0,3320.0,0.0,3200.0,4000.0,0.0,0.0,3200.0,3120.0,3040.0,3240.0,3640.0,0.0,0.0,0.0,3360.0,0.0,6720.0,23000.0,0.0,286840.0,18320.0,0.0,0.0,118719.0,16640.0,655119.0,81839.0,3640.0,0.0,0.0,0.0,38480.0,0.0
2026-04-21T10:00:00+02:00,7840.0,5640.0,0.0,8600.0,5920.0,0.0,0.0,8640.0,8080.0,8720.0,7560.0,0.0,0.0,0.0,0.0,5640.0,0.0,3040.0,3240.0,0.0,3080.0,5640.0,0.0,0.0,3240.0,3040.0,3040.0,4400.0,0.0,0.0,0.0,0.0,3600.0,0.0,90040.0,8880.0,0.0,215640.0,11560.0,0.0,0.0,74480.0,96400.0,383239.0,24560.0,0.0,0.0,0.0,0.0,9240.0,0.0
2026-04-21T11:00:00+02:00,8160.0,8240.0,0.0,8440.0,3600.0,0.0,0.0,8960.0,8960.0,9000.0,9040.0,0.0,0.0,0.0,0.0,0.0,8440.0,3280.0,3400.0,0.0,3080.0,3600.0,0.0,0.0,3360.0,3120.0,3040.0,3480.0,0.0,0.0,0.0,0.0,0.0,4760.0,30560.0,40880.0,0.0,152600.0,3600.0,0.0,0.0,12320.0,637799.0,1056918.0,82640.0,0.0,0.0,0.0,0.0,0.0,18400.0
2026-04-21T12:00:00+02:00,4800.0,6480.0,5400.0,8000.0,0.0,0.0,0.0,6280.0,8960.0,9040.0,8920.0,5800.0,0.0,0.0,0.0,7040.0,8400.0,4800.0,3160.0,5400.0,3040.0,0.0,0.0,0.0,3040.0,3040.0,3040.0,3440.0,5800.0,0.0,0.0,0.0,4280.0,8400.0,4800.0,48120.0,5400.0,213920.0,0.0,0.0,0.0,23160.0,971279.0,2044676.0,114920.0,5800.0,0.0,0.0,0.0,17720.0,8400.0
2026-04-21T13:00:00+02:00,0.0,8680.0,3920.0,8880.0,0.0,0.0,0.0,4080.0,8840.0,9000.0,8720.0,0.0,0.0,0.0,0.0,0.0,0.0,0.0,3720.0,3920.0,3040.0,0.0,0.0,0.0,4040.0,3040.0,3040.0,3040.0,0.0,0.0,0.0,0.0,0.0,0.0,0.0,42480.0,3920.0,445198.0,0.0,0.0,0.0,8120.0,653434.0,1715598.0,330760.0,0.0,0.0,0.0,0.0,0.0,0.0
2026-04-21T14:00:00+02:00,8039.0,8640.0,0.0,8640.0,0.0,0.0,0.0,0.0,7920.0,9000.0,8920.0,3560.0,0.0,0.0,0.0,7040.0,8240.0,3440.0,3960.0,0.0,3080.0,0.0,0.0,0.0,0.0,3080.0,3040.0,3040.0,3560.0,0.0,0.0,0.0,7040.0,3040.0,29359.0,109599.0,0.0,111480.0,0.0,0.0,0.0,0.0,96320.0,1555997.0,328598.0,3560.0,0.0,0.0,0.0,7040.0,65040.0
2026-04-21T15:00:00+02:00,7600.0,9000.0,0.0,7880.0,0.0,0.0,0.0,0.0,7080.0,8920.0,8440.0,5120.0,0.0,0.0,0.0,0.0,6000.0,4000.0,3160.0,0.0,3080.0,0.0,0.0,0.0,0.0,3120.0,3040.0,3040.0,5120.0,0.0,0.0,0.0,0.0,4000.0,33520.0,149800.0,0.0,35840.0,0.0,0.0,0.0,0.0,64200.0,1157957.0,116400.0,5120.0,0.0,0.0,0.0,0.0,14080.0
2026-04-21T16:00:00+02:00,8000.0,7840.0,0.0,8440.0,0.0,0.0,0.0,0.0,7840.0,8840.0,8920.0,0.0,0.0,0.0,0.0,0.0,0.0,3480.0,3040.0,0.0,3040.0,0.0,0.0,0.0,0.0,3200.0,3040.0,3040.0,0.0,0.0,0.0,0.0,0.0,0.0,48280.0,88400.0,0.0,181920.0,0.0,0.0,0.0,0.0,42440.0,586999.0,179439.0,0.0,0.0,0.0,0.0,0.0,0.0
2026-04-21T17:00:00+02:00,8000.0,8720.0,0.0,8680.0,0.0,0.0,0.0,4720.0,8039.0,9000.0,8600.0,0.0,0.0,0.0,0.0,0.0,0.0,3040.0,3040.0,0.0,3040.0,0.0,0.0,0.0,4720.0,3040.0,3040.0,3880.0,0.0,0.0,0.0,0.0,0.0,0.0,38960.0,142720.0,0.0,657117.0,0.0,0.0,0.0,4720.0,116199.0,1201797.0,37480.0,0.0,0.0,0.0,0.0,0.0,0.0
2026-04-21T18:00:00+02:00,3400.0,8880.0,0.0,8840.0,0.0,0.0,0.0,0.0,8640.0,8960.0,8039.0,0.0,0.0,0.0,0.0,0.0,0.0,3400.0,3280.0,0.0,3080.0,0.0,0.0,0.0,0.0,3040.0,3040.0,3040.0,0.0,0.0,0.0,0.0,0.0,0.0,3400.0,137800.0,0.0,941478.0,0.0,0.0,0.0,0.0,106799.0,1364877.0,21559.0,0.0,0.0,0.0,0.0,0.0,0.0
2026-04-21T19:00:00+02:00,0.0,8760.0,0.0,9000.0,0.0,0.0,0.0,0.0,8880.0,9000.0,8400.0,0.0,0.0,0.0,0.0,3400.0,0.0,0.0,3680.0,0.0,3040.0,0.0,0.0,0.0,0.0,3040.0,3040.0,7280.0,0.0,0.0,0.0,0.0,3160.0,0.0,0.0,154399.0,0.0,903958.0,0.0,0.0,0.0,0.0,881598.0,969917.0,23120.0,0.0,0.0,0.0,0.0,9880.0,0.0
2026-04-21T20:00:00+02:00,0.0,6880.0,0.0,8440.0,0.0,0.0,0.0,0.0,8400.0,9000.0,6440.0,0.0,0.0,0.0,0.0,3600.0,0.0,0.0,3120.0,0.0,3040.0,0.0,0.0,0.0,0.0,3040.0,3120.0,6440.0,0.0,0.0,0.0,0.0,3600.0,0.0,0.0,83880.0,0.0,917239.0,0.0,0.0,0.0,0.0,688200.0,466679.0,6440.0,0.0,0.0,0.0,0.0,3600.0,0.0
2026-04-21T21:00:00+02:00,5640.0,8039.0,0.0,8000.0,0.0,0.0,0.0,0.0,8000.0,8760.0,0.0,4040.0,0.0,0.0,0.0,0.0,0.0,5640.0,3120.0,0.0,3120.0,0.0,0.0,0.0,0.0,3320.0,3040.0,0.0,4040.0,0.0,0.0,0.0,0.0,0.0,5640.0,30719.0,0.0,207520.0,0.0,0.0,0.0,0.0,45240.0,340920.0,0.0,4040.0,0.0,0.0,0.0,0.0,0.0
2026-04-21T22:00:00+02:00,4200.0,0.0,0.0,8080.0,0.0,0.0,0.0,0.0,0.0,8760.0,0.0,0.0,0.0,0.0,0.0,0.0,0.0,4200.0,0.0,0.0,3080.0,0.0,0.0,0.0,0.0,0.0,3040.0,0.0,0.0,0.0,0.0,0.0,0.0,0.0,4200.0,0.0,0.0,385720.0,0.0,0.0,0.0,0.0,0.0,298240.0,0.0,0.0,0.0,0.0,0.0,0.0,0.0
2026-04-21T23:00:00+02:00,0.0,7600.0,0.0,8039.0,0.0,0.0,0.0,0.0,0.0,8720.0,0.0,5920.0,0.0,0.0,0.0,0.0,0.0,0.0,7000.0,0.0,3240.0,0.0,0.0,0.0,0.0,0.0,3040.0,0.0,3120.0,0.0,0.0,0.0,0.0,0.0,0.0,14600.0,0.0,133359.0,0.0,0.0,0.0,0.0,0.0,243199.0,0.0,59800.0,0.0,0.0,0.0,0.0,0.0
2026-04-22T00:00:00+02:00,0.0,0.0,0.0,0.0,0.0,0.0,0.0,0.0,0.0,8320.0,0.0,8640.0,0.0,0.0,0.0,0.0,0.0,0.0,0.0,0.0,0.0,0.0,0.0,0.0,0.0,0.0,3040.0,0.0,3080.0,0.0,0.0,0.0,0.0,0.0,0.0,0.0,0.0,0.0,0.0,0.0,0.0,0.0,0.0,99880.0,0.0,93120.0,0.0,0.0,0.0,0.0,0.0
2026-04-22T01:00:00+02:00,3120.0,0.0,0.0,0.0,0.0,0.0,0.0,0.0,0.0,6400.0,0.0,8000.0,0.0,0.0,0.0,0.0,0.0,3120.0,0.0,0.0,0.0,0.0,0.0,0.0,0.0,0.0,3560.0,0.0,3680.0,0.0,0.0,0.0,0.0,0.0,3120.0,0.0,0.0,0.0,0.0,0.0,0.0,0.0,0.0,58840.0,0.0,83560.0,0.0,0.0,0.0,0.0,0.0
2026-04-22T02:00:00+02:00,0.0,0.0,0.0,4000.0,0.0,0.0,0.0,0.0,3680.0,4760.0,0.0,0.0,0.0,0.0,0.0,0.0,0.0,0.0,0.0,0.0,3520.0,0.0,0.0,0.0,0.0,3680.0,3040.0,0.0,0.0,0.0,0.0,0.0,0.0,0.0,0.0,0.0,0.0,15320.0,0.0,0.0,0.0,0.0,3680.0,45120.0,0.0,0.0,0.0,0.0,0.0,0.0,0.0
2026-04-22T03:00:00+02:00,0.0,0.0,0.0,8720.0,0.0,0.0,0.0,0.0,0.0,6160.0,0.0,0.0,0.0,0.0,0.0,0.0,0.0,0.0,0.0,0.0,3040.0,0.0,0.0,0.0,0.0,0.0,3080.0,0.0,0.0,0.0,0.0,0.0,0.0,0.0,0.0,0.0,0.0,113160.0,0.0,0.0,0.0,0.0,0.0,42520.0,0.0,0.0,0.0,0.0,0.0,0.0,0.0
2026-04-22T04:00:00+02:00,0.0,0.0,0.0,8000.0,0.0,0.0,0.0,0.0,0.0,8520.0,0.0,0.0,0.0,0.0,0.0,0.0,0.0,0.0,0.0,0.0,3080.0,0.0,0.0,0.0,0.0,0.0,3160.0,0.0,0.0,0.0,0.0,0.0,0.0,0.0,0.0,0.0,0.0,286200.0,0.0,0.0,0.0,0.0,0.0,11680.0,0.0,0.0,0.0,0.0,0.0,0.0,0.0
2026-04-22T05:00:00+02:00,4280.0,0.0,0.0,8800.0,0.0,0.0,0.0,0.0,8039.0,8039.0,0.0,0.0,0.0,0.0,0.0,6040.0,0.0,4280.0,0.0,0.0,3040.0,0.0,0.0,0.0,0.0,3280.0,3120.0,0.0,0.0,0.0,0.0,0.0,4040.0,0.0,4280.0,0.0,0.0,998945.0,0.0,0.0,0.0,0.0,333557.0,366158.0,0.0,0.0,0.0,0.0,0.0,26160.0,0.0
2026-04-22T06:00:00+02:00,5680.0,6000.0,0.0,9000.0,0.0,0.0,0.0,0.0,8039.0,9000.0,0.0,0.0,0.0,0.0,0.0,8000.0,0.0,3160.0,3400.0,0.0,3040.0,0.0,0.0,0.0,0.0,3080.0,3160.0,0.0,0.0,0.0,0.0,0.0,3480.0,0.0,18760.0,34640.0,0.0,1096360.0,0.0,0.0,0.0,0.0,270759.0,374279.0,0.0,0.0,0.0,0.0,0.0,39760.0,0.0
2026-04-22T07:00:00+02:00,7600.0,8360.0,0.0,9000.0,6000.0,0.0,0.0,5960.0,3320.0,9000.0,0.0,0.0,0.0,0.0,0.0,9000.0,0.0,3120.0,3080.0,0.0,3040.0,4320.0,0.0,0.0,5960.0,3320.0,3040.0,0.0,0.0,0.0,0.0,0.0,3160.0,0.0,32560.0,77080.0,0.0,210800.0,15440.0,0.0,0.0,5960.0,3320.0,468560.0,0.0,0.0,0.0,0.0,0.0,214920.0,0.0
2026-04-22T08:00:00+02:00,6040.0,8600.0,0.0,8480.0,8039.0,0.0,0.0,0.0,8000.0,8119.0,0.0,0.0,0.0,0.0,0.0,8240.0,0.0,4000.0,3280.0,0.0,3040.0,3160.0,0.0,0.0,0.0,3200.0,3240.0,0.0,0.0,0.0,0.0,0.0,3640.0,0.0,10040.0,88400.0,0.0,39560.0,84599.0,0.0,0.0,0.0,90560.0,257359.0,0.0,0.0,0.0,0.0,0.0,118360.0,0.0
2026-04-22T09:00:00+02:00,5440.0,3760.0,0.0,8840.0,8960.0,0.0,0.0,0.0,8000.0,9000.0,6280.0,0.0,0.0,0.0,0.0,8280.0,0.0,5440.0,3440.0,0.0,3040.0,3320.0,0.0,0.0,0.0,3080.0,3040.0,3560.0,0.0,0.0,0.0,0.0,3040.0,0.0,5440.0,7200.0,0.0,391679.0,152000.0,0.0,0.0,0.0,52880.0,651237.0,23440.0,0.0,0.0,0.0,0.0,228920.0,0.0
2026-04-22T10:00:00+02:00,8920.0,6880.0,0.0,8800.0,7960.0,0.0,0.0,8600.0,8039.0,9000.0,8600.0,0.0,0.0,0.0,0.0,8039.0,0.0,3400.0,3200.0,0.0,3040.0,3960.0,0.0,0.0,3040.0,3160.0,3040.0,3040.0,0.0,0.0,0.0,0.0,3040.0,0.0,115840.0,59200.0,0.0,746117.0,47640.0,0.0,0.0,130760.0,137799.0,1616073.0,151239.0,0.0,0.0,0.0,0.0,143439.0,0.0
2026-04-22T11:00:00+02:00,4240.0,8240.0,3120.0,8520.0,0.0,0.0,0.0,0.0,8960.0,9000.0,8720.0,6480.0,0.0,0.0,0.0,0.0,8360.0,3440.0,3280.0,3120.0,3040.0,0.0,0.0,0.0,0.0,3040.0,3040.0,3080.0,3880.0,0.0,0.0,0.0,0.0,3920.0,7680.0,66120.0,3120.0,600319.0,0.0,0.0,0.0,0.0,597958.0,1753438.0,182080.0,10360.0,0.0,0.0,0.0,0.0,33640.0
2026-04-22T12:00:00+02:00,5400.0,7960.0,0.0,9000.0,0.0,0.0,0.0,7880.0,9000.0,9000.0,8480.0,7840.0,0.0,0.0,0.0,0.0,7680.0,5400.0,3080.0,0.0,3080.0,0.0,0.0,0.0,3440.0,3040.0,3040.0,3040.0,4000.0,0.0,0.0,0.0,0.0,3200.0,5400.0,102600.0,0.0,99880.0,0.0,0.0,0.0,47960.0,931560.0,1528598.0,210160.0,36120.0,0.0,0.0,0.0,0.0,71560.0
2026-04-22T13:00:00+02:00,8039.0,8880.0,0.0,8000.0,4040.0,0.0,0.0,5840.0,8840.0,8840.0,8000.0,8680.0,0.0,0.0,0.0,0.0,6400.0,3800.0,3040.0,0.0,3040.0,3840.0,0.0,0.0,5840.0,3040.0,3040.0,3400.0,8680.0,0.0,0.0,0.0,0.0,6400.0,53439.0,93000.0,0.0,85000.0,11800.0,0.0,0.0,5840.0,514119.0,1193678.0,70680.0,8680.0,0.0,0.0,0.0,0.0,6400.0
2026-04-22T14:00:00+02:00,4880.0,8000.0,0.0,8920.0,0.0,0.0,0.0,7960.0,8840.0,8920.0,8600.0,0.0,0.0,0.0,0.0,0.0,0.0,3400.0,3360.0,0.0,3040.0,0.0,0.0,0.0,3480.0,3400.0,3040.0,3040.0,0.0,0.0,0.0,0.0,0.0,0.0,8280.0,72280.0,0.0,211039.0,0.0,0.0,0.0,107400.0,108039.0,553919.0,238557.0,0.0,0.0,0.0,0.0,0.0,0.0
2026-04-22T15:00:00+02:00,4320.0,8920.0,0.0,8039.0,0.0,0.0,0.0,8160.0,8720.0,8960.0,8960.0,0.0,0.0,0.0,0.0,0.0,5120.0,3760.0,3120.0,0.0,3120.0,0.0,0.0,0.0,3320.0,3240.0,3040.0,3240.0,0.0,0.0,0.0,0.0,0.0,3440.0,12040.0,118840.0,0.0,38719.0,0.0,0.0,0.0,131559.0,180199.0,1750759.0,332559.0,0.0,0.0,0.0,0.0,0.0,8560.0
2026-04-22T16:00:00+02:00,4920.0,8760.0,0.0,8720.0,0.0,0.0,0.0,8160.0,8960.0,8920.0,8360.0,0.0,0.0,0.0,0.0,0.0,8800.0,3080.0,3080.0,0.0,3040.0,0.0,0.0,0.0,4000.0,3120.0,3040.0,3320.0,0.0,0.0,0.0,0.0,0.0,4080.0,23920.0,69000.0,0.0,153600.0,0.0,0.0,0.0,21080.0,152000.0,3258715.0,153480.0,0.0,0.0,0.0,0.0,0.0,32680.0
2026-04-22T17:00:00+02:00,7920.0,7360.0,0.0,8039.0,0.0,0.0,0.0,8440.0,8840.0,9000.0,8960.0,0.0,0.0,0.0,0.0,4760.0,8000.0,3040.0,3360.0,0.0,3040.0,0.0,0.0,0.0,3040.0,3200.0,3040.0,3040.0,0.0,0.0,0.0,0.0,4760.0,4360.0,15480.0,60000.0,0.0,328999.0,0.0,0.0,0.0,78600.0,363480.0,2134877.0,117079.0,0.0,0.0,0.0,0.0,4760.0,35480.0
2026-04-22T18:00:00+02:00,8960.0,7400.0,0.0,8840.0,0.0,0.0,0.0,5880.0,8000.0,9000.0,8800.0,0.0,0.0,0.0,0.0,3440.0,3800.0,3400.0,4600.0,0.0,3040.0,0.0,0.0,0.0,5880.0,3360.0,3040.0,3360.0,0.0,0.0,0.0,0.0,3440.0,3800.0,46480.0,34280.0,0.0,427639.0,0.0,0.0,0.0,5880.0,80800.0,1193720.0,67880.0,0.0,0.0,0.0,0.0,3440.0,3800.0
2026-04-22T19:00:00+02:00,8560.0,8600.0,0.0,8400.0,0.0,0.0,0.0,0.0,8240.0,8920.0,6000.0,7440.0,0.0,0.0,0.0,0.0,0.0,3560.0,3280.0,0.0,3040.0,0.0,0.0,0.0,0.0,3320.0,3040.0,3240.0,7440.0,0.0,0.0,0.0,0.0,0.0,46680.0,48760.0,0.0,236159.0,0.0,0.0,0.0,0.0,128560.0,740358.0,17240.0,7440.0,0.0,0.0,0.0,0.0,0.0
2026-04-22T20:00:00+02:00,8480.0,8720.0,0.0,8000.0,0.0,0.0,0.0,3760.0,8520.0,8960.0,4440.0,0.0,0.0,0.0,0.0,7760.0,7960.0,3160.0,3280.0,0.0,3040.0,0.0,0.0,0.0,3760.0,3040.0,3040.0,4440.0,0.0,0.0,0.0,0.0,7760.0,4000.0,105320.0,68600.0,0.0,395640.0,0.0,0.0,0.0,3760.0,506480.0,621999.0,4440.0,0.0,0.0,0.0,0.0,7760.0,21960.0
2026-04-22T21:00:00+02:00,6760.0,8840.0,0.0,8960.0,0.0,0.0,0.0,0.0,8760.0,8920.0,8000.0,0.0,0.0,0.0,0.0,3040.0,0.0,3320.0,3080.0,0.0,3040.0,0.0,0.0,0.0,0.0,3360.0,3080.0,8000.0,0.0,0.0,0.0,0.0,3040.0,0.0,24360.0,165880.0,0.0,655240.0,0.0,0.0,0.0,0.0,126000.0,791160.0,8000.0,0.0,0.0,0.0,0.0,3040.0,0.0
2026-04-22T22:00:00+02:00,3680.0,6400.0,0.0,8560.0,0.0,0.0,0.0,0.0,3240.0,8760.0,0.0,0.0,0.0,0.0,0.0,0.0,0.0,3360.0,6400.0,0.0,3040.0,0.0,0.0,0.0,0.0,3240.0,3120.0,0.0,0.0,0.0,0.0,0.0,0.0,0.0,10640.0,6400.0,0.0,649319.0,0.0,0.0,0.0,0.0,3240.0,213920.0,0.0,0.0,0.0,0.0,0.0,0.0,0.0
2026-04-22T23:00:00+02:00,5520.0,0.0,0.0,8360.0,0.0,0.0,0.0,0.0,0.0,8800.0,0.0,3800.0,0.0,0.0,0.0,3800.0,0.0,3400.0,0.0,0.0,3560.0,0.0,0.0,0.0,0.0,0.0,3160.0,0.0,3280.0,0.0,0.0,0.0,3800.0,0.0,34760.0,0.0,0.0,116479.0,0.0,0.0,0.0,0.0,0.0,106719.0,0.0,10520.0,0.0,0.0,0.0,3800.0,0.0
2026-04-23T00:00:00+02:00,4000.0,4320.0,0.0,0.0,0.0,0.0,0.0,0.0,0.0,8400.0,0.0,4000.0,0.0,0.0,0.0,0.0,0.0,3200.0,4320.0,0.0,0.0,0.0,0.0,0.0,0.0,0.0,3320.0,0.0,3120.0,0.0,0.0,0.0,0.0,0.0,34160.0,4320.0,0.0,0.0,0.0,0.0,0.0,0.0,0.0,81400.0,0.0,7120.0,0.0,0.0,0.0,0.0,0.0
2026-04-23T01:00:00+02:00,4000.0,0.0,0.0,0.0,0.0,0.0,0.0,0.0,0.0,8000.0,0.0,0.0,0.0,0.0,0.0,0.0,0.0,3080.0,0.0,0.0,0.0,0.0,0.0,0.0,0.0,0.0,3200.0,0.0,0.0,0.0,0.0,0.0,0.0,0.0,43720.0,0.0,0.0,0.0,0.0,0.0,0.0,0.0,0.0,67760.0,0.0,0.0,0.0,0.0,0.0,0.0,0.0
2026-04-23T02:00:00+02:00,8000.0,7360.0,0.0,7680.0,0.0,0.0,0.0,0.0,4840.0,8800.0,0.0,0.0,0.0,0.0,0.0,0.0,0.0,3080.0,7360.0,0.0,3040.0,0.0,0.0,0.0,0.0,4840.0,3080.0,0.0,0.0,0.0,0.0,0.0,0.0,0.0,202080.0,7360.0,0.0,187400.0,0.0,0.0,0.0,0.0,4840.0,326560.0,0.0,0.0,0.0,0.0,0.0,0.0,0.0
2026-04-23T03:00:00+02:00,0.0,0.0,0.0,8000.0,0.0,0.0,0.0,0.0,0.0,8960.0,0.0,0.0,0.0,0.0,0.0,0.0,0.0,0.0,0.0,0.0,3040.0,0.0,0.0,0.0,0.0,0.0,3080.0,0.0,0.0,0.0,0.0,0.0,0.0,0.0,0.0,0.0,0.0,289080.0,0.0,0.0,0.0,0.0,0.0,669680.0,0.0,0.0,0.0,0.0,0.0,0.0,0.0
2026-04-23T04:00:00+02:00,0.0,0.0,0.0,4000.0,0.0,0.0,0.0,0.0,0.0,8640.0,0.0,3800.0,0.0,0.0,0.0,0.0,0.0,0.0,0.0,0.0,3040.0,0.0,0.0,0.0,0.0,0.0,3240.0,0.0,3240.0,0.0,0.0,0.0,0.0,0.0,0.0,0.0,0.0,42560.0,0.0,0.0,0.0,0.0,0.0,342400.0,0.0,7040.0,0.0,0.0,0.0,0.0,0.0
2026-04-23T05:00:00+02:00,0.0,8000.0,0.0,8080.0,0.0,0.0,0.0,0.0,8920.0,8560.0,4000.0,0.0,0.0,0.0,0.0,8000.0,0.0,0.0,3040.0,0.0,3360.0,0.0,0.0,0.0,0.0,3160.0,3320.0,4000.0,0.0,0.0,0.0,0.0,3720.0,0.0,0.0,58960.0,0.0,447600.0,0.0,0.0,0.0,0.0,609560.0,100600.0,4000.0,0.0,0.0,0.0,0.0,115000.0,0.0
2026-04-23T06:00:00+02:00,3560.0,7080.0,0.0,8760.0,0.0,0.0,0.0,3120.0,8960.0,8640.0,0.0,7200.0,0.0,0.0,0.0,3920.0,0.0,3560.0,7080.0,0.0,3240.0,0.0,0.0,0.0,3120.0,3240.0,3040.0,0.0,3960.0,0.0,0.0,0.0,3360.0,0.0,3560.0,7080.0,0.0,387678.0,0.0,0.0,0.0,3120.0,355119.0,103680.0,0.0,11160.0,0.0,0.0,0.0,7280.0,0.0
2026-04-23T07:00:00+02:00,4240.0,8400.0,0.0,8320.0,0.0,0.0,0.0,0.0,8840.0,8960.0,8800.0,8000.0,0.0,0.0,0.0,8160.0,0.0,4240.0,3480.0,0.0,3040.0,0.0,0.0,0.0,0.0,3040.0,3040.0,7800.0,3600.0,0.0,0.0,0.0,3680.0,0.0,4240.0,63800.0,0.0,663880.0,0.0,0.0,0.0,0.0,1346079.0,274920.0,16600.0,25360.0,0.0,0.0,0.0,79440.0,0.0
2026-04-23T08:00:00+02:00,5840.0,5840.0,0.0,8840.0,0.0,0.0,0.0,4880.0,8440.0,8960.0,7600.0,7640.0,0.0,0.0,0.0,8000.0,0.0,3480.0,3800.0,0.0,3120.0,0.0,0.0,0.0,4880.0,3040.0,3320.0,5760.0,5960.0,0.0,0.0,0.0,3200.0,0.0,13240.0,22440.0,0.0,605640.0,0.0,0.0,0.0,4880.0,1002319.0,442479.0,19600.0,13600.0,0.0,0.0,0.0,192960.0,0.0
2026-04-23T09:00:00+02:00,6240.0,8039.0,0.0,8039.0,0.0,0.0,0.0,8960.0,8600.0,8600.0,6520.0,8080.0,0.0,0.0,0.0,0.0,3080.0,3280.0,3040.0,0.0,3240.0,0.0,0.0,0.0,3120.0,3040.0,3040.0,5560.0,4520.0,0.0,0.0,0.0,0.0,3080.0,26680.0,125559.0,0.0,210679.0,0.0,0.0,0.0,12080.0,158200.0,254680.0,18280.0,18560.0,0.0,0.0,0.0,0.0,3080.0
2026-04-23T10:00:00+02:00,6640.0,8480.0,0.0,8880.0,0.0,0.0,0.0,0.0,8039.0,8880.0,8800.0,0.0,0.0,0.0,0.0,8800.0,8320.0,3400.0,3520.0,0.0,3040.0,0.0,0.0,0.0,0.0,4720.0,3080.0,3200.0,0.0,0.0,0.0,0.0,3520.0,3640.0,37760.0,49440.0,0.0,820877.0,0.0,0.0,0.0,0.0,36999.0,1559717.0,163600.0,0.0,0.0,0.0,0.0,105880.0,58720.0
2026-04-23T11:00:00+02:00,4000.0,4440.0,0.0,8640.0,0.0,0.0,0.0,5360.0,8880.0,8960.0,8240.0,0.0,0.0,0.0,0.0,8840.0,0.0,3320.0,3920.0,0.0,3040.0,0.0,0.0,0.0,5360.0,3040.0,3040.0,3280.0,0.0,0.0,0.0,0.0,5960.0,0.0,7320.0,12440.0,0.0,637438.0,0.0,0.0,0.0,5360.0,567077.0,1761957.0,45239.0,0.0,0.0,0.0,0.0,28240.0,0.0
2026-04-23T12:00:00+02:00,5360.0,8600.0,0.0,8520.0,0.0,0.0,0.0,0.0,8920.0,8960.0,8400.0,6360.0,0.0,0.0,0.0,8280.0,5720.0,3120.0,3040.0,0.0,3120.0,0.0,0.0,0.0,0.0,3040.0,3040.0,3280.0,6360.0,0.0,0.0,0.0,4000.0,3160.0,11720.0,81760.0,0.0,145960.0,0.0,0.0,0.0,0.0,1145958.0,1713557.0,106480.0,6360.0,0.0,0.0,0.0,18960.0,16720.0
2026-04-23T13:00:00+02:00,6280.0,8119.0,0.0,8840.0,0.0,0.0,0.0,0.0,8680.0,8960.0,8640.0,0.0,0.0,0.0,0.0,0.0,4960.0,3800.0,3080.0,0.0,3040.0,0.0,0.0,0.0,0.0,3040.0,3080.0,3040.0,0.0,0.0,0.0,0.0,0.0,4160.0,14800.0,88039.0,0.0,268080.0,0.0,0.0,0.0,0.0,602879.0,1279197.0,105440.0,0.0,0.0,0.0,0.0,0.0,9120.0
2026-04-23T14:00:00+02:00,4480.0,8680.0,0.0,8440.0,0.0,0.0,0.0,7960.0,8800.0,8960.0,8000.0,0.0,5920.0,0.0,0.0,7560.0,5600.0,3160.0,3160.0,0.0,3440.0,0.0,0.0,0.0,3240.0,3040.0,3040.0,3080.0,0.0,5920.0,0.0,0.0,6040.0,3880.0,7640.0,137400.0,0.0,174000.0,0.0,0.0,0.0,59480.0,363480.0,1204598.0,77800.0,0.0,5920.0,0.0,0.0,13600.0,13880.0
2026-04-23T15:00:00+02:00,0.0,8039.0,0.0,8840.0,0.0,0.0,0.0,8280.0,8360.0,8840.0,8640.0,0.0,8240.0,0.0,0.0,0.0,7760.0,0.0,3040.0,0.0,3040.0,0.0,0.0,0.0,5200.0,3080.0,3040.0,3440.0,0.0,4040.0,0.0,0.0,0.0,4040.0,0.0,117119.0,0.0,173559.0,0.0,0.0,0.0,32720.0,160760.0,798638.0,109640.0,0.0,30000.0,0.0,0.0,0.0,29560.0
2026-04-23T16:00:00+02:00,8840.0,7960.0,0.0,8760.0,0.0,0.0,0.0,7920.0,8920.0,8960.0,8280.0,5520.0,0.0,0.0,0.0,0.0,5280.0,3080.0,3040.0,0.0,3120.0,0.0,0.0,0.0,3480.0,3120.0,3040.0,3200.0,5520.0,0.0,0.0,0.0,0.0,3680.0,65720.0,156280.0,0.0,490920.0,0.0,0.0,0.0,51240.0,154600.0,2490516.0,148599.0,5520.0,0.0,0.0,0.0,0.0,8960.0
2026-04-23T17:00:00+02:00,8920.0,7400.0,0.0,8760.0,0.0,0.0,0.0,8760.0,8800.0,8920.0,8720.0,4000.0,0.0,0.0,0.0,0.0,0.0,4920.0,3080.0,0.0,3040.0,0.0,0.0,0.0,3520.0,3080.0,3040.0,4840.0,3120.0,0.0,0.0,0.0,0.0,0.0,13840.0,90920.0,0.0,1241040.0,0.0,0.0,0.0,97200.0,340880.0,1524677.0,20280.0,7120.0,0.0,0.0,0.0,0.0,0.0
2026-04-23T18:00:00+02:00,3880.0,8039.0,0.0,8960.0,0.0,0.0,0.0,0.0,8600.0,8880.0,0.0,0.0,0.0,0.0,0.0,0.0,3240.0,3440.0,3240.0,0.0,3080.0,0.0,0.0,0.0,0.0,3040.0,3040.0,0.0,0.0,0.0,0.0,0.0,0.0,3240.0,7320.0,117919.0,0.0,950997.0,0.0,0.0,0.0,0.0,151840.0,829040.0,0.0,0.0,0.0,0.0,0.0,0.0,3240.0
2026-04-23T19:00:00+02:00,4520.0,7840.0,0.0,8880.0,0.0,0.0,0.0,0.0,6000.0,8920.0,8840.0,0.0,0.0,0.0,0.0,0.0,3960.0,3080.0,3680.0,0.0,3040.0,0.0,0.0,0.0,0.0,3400.0,3040.0,3640.0,0.0,0.0,0.0,0.0,0.0,3120.0,11760.0,34400.0,0.0,681797.0,0.0,0.0,0.0,0.0,29520.0,349479.0,57400.0,0.0,0.0,0.0,0.0,0.0,7080.0
2026-04-23T20:00:00+02:00,0.0,8600.0,0.0,8560.0,0.0,0.0,0.0,0.0,5760.0,8920.0,0.0,3240.0,0.0,0.0,0.0,6080.0,0.0,0.0,3360.0,0.0,3120.0,0.0,0.0,0.0,0.0,3200.0,3160.0,0.0,3240.0,0.0,0.0,0.0,3280.0,0.0,0.0,30680.0,0.0,384039.0,0.0,0.0,0.0,0.0,27800.0,246559.0,0.0,3240.0,0.0,0.0,0.0,13280.0,0.0
2026-04-23T21:00:00+02:00,7840.0,7280.0,0.0,8960.0,0.0,0.0,0.0,0.0,4000.0,8960.0,0.0,8000.0,0.0,0.0,0.0,0.0,0.0,3280.0,4160.0,0.0,3240.0,0.0,0.0,0.0,0.0,3080.0,3040.0,0.0,3880.0,0.0,0.0,0.0,0.0,0.0,89400.0,18240.0,0.0,503439.0,0.0,0.0,0.0,0.0,7080.0,1898554.0,0.0,17720.0,0.0,0.0,0.0,0.0,0.0
2026-04-23T22:00:00+02:00,7240.0,8039.0,0.0,8760.0,0.0,0.0,0.0,0.0,3800.0,8880.0,8160.0,0.0,0.0,0.0,0.0,0.0,0.0,3040.0,3640.0,0.0,3040.0,0.0,0.0,0.0,0.0,3200.0,3040.0,8160.0,0.0,0.0,0.0,0.0,0.0,0.0,151880.0,16439.0,0.0,552797.0,0.0,0.0,0.0,0.0,7000.0,1030636.0,8160.0,0.0,0.0,0.0,0.0,0.0,0.0
2026-04-23T23:00:00+02:00,7960.0,0.0,0.0,8000.0,0.0,0.0,0.0,0.0,0.0,8720.0,0.0,0.0,0.0,0.0,0.0,0.0,0.0,3040.0,0.0,0.0,3280.0,0.0,0.0,0.0,0.0,0.0,3040.0,0.0,0.0,0.0,0.0,0.0,0.0,0.0,141320.0,0.0,0.0,41600.0,0.0,0.0,0.0,0.0,0.0,227480.0,0.0,0.0,0.0,0.0,0.0,0.0,0.0
2026-04-24T00:00:00+02:00,6040.0,6000.0,0.0,4040.0,0.0,0.0,0.0,0.0,7720.0,8960.0,8680.0,8000.0,0.0,0.0,0.0,0.0,4920.0,3240.0,3200.0,0.0,3560.0,0.0,0.0,0.0,0.0,4360.0,3040.0,3080.0,3600.0,0.0,0.0,0.0,0.0,3120.0,43040.0,27680.0,0.0,14880.0,0.0,0.0,0.0,0.0,41800.0,715157.0,102920.0,55640.0,0.0,0.0,0.0,0.0,16200.0
2026-04-24T01:00:00+02:00,6000.0,0.0,0.0,7240.0,0.0,0.0,0.0,0.0,0.0,8840.0,0.0,6000.0,0.0,0.0,0.0,3280.0,0.0,3680.0,0.0,0.0,7240.0,0.0,0.0,0.0,0.0,0.0,3040.0,0.0,3360.0,0.0,0.0,0.0,3280.0,0.0,25680.0,0.0,0.0,7240.0,0.0,0.0,0.0,0.0,0.0,655076.0,0.0,44440.0,0.0,0.0,0.0,3280.0,0.0
2026-04-24T02:00:00+02:00,8800.0,7560.0,0.0,8800.0,0.0,0.0,0.0,0.0,4640.0,8880.0,7240.0,8000.0,0.0,0.0,0.0,0.0,0.0,8800.0,3360.0,0.0,3040.0,0.0,0.0,0.0,0.0,4000.0,3040.0,3920.0,3160.0,0.0,0.0,0.0,0.0,0.0,8800.0,19400.0,0.0,479238.0,0.0,0.0,0.0,0.0,8640.0,825280.0,15160.0,66200.0,0.0,0.0,0.0,0.0,0.0
2026-04-24T03:00:00+02:00,3400.0,7120.0,0.0,8680.0,0.0,0.0,0.0,0.0,0.0,8880.0,0.0,4280.0,0.0,0.0,0.0,0.0,0.0,3200.0,3640.0,0.0,3080.0,0.0,0.0,0.0,0.0,0.0,3040.0,0.0,3720.0,0.0,0.0,0.0,0.0,0.0,6600.0,66040.0,0.0,679959.0,0.0,0.0,0.0,0.0,0.0,1776040.0,0.0,8000.0,0.0,0.0,0.0,0.0,0.0
2026-04-24T04:00:00+02:00,7800.0,0.0,0.0,8560.0,0.0,0.0,0.0,0.0,0.0,8880.0,0.0,4040.0,0.0,0.0,0.0,0.0,0.0,3360.0,0.0,0.0,3040.0,0.0,0.0,0.0,0.0,0.0,3080.0,0.0,4040.0,0.0,0.0,0.0,0.0,0.0,70720.0,0.0,0.0,337840.0,0.0,0.0,0.0,0.0,0.0,766193.0,0.0,4040.0,0.0,0.0,0.0,0.0,0.0
2026-04-24T05:00:00+02:00,5640.0,6000.0,0.0,8920.0,0.0,0.0,0.0,0.0,8760.0,8880.0,0.0,0.0,0.0,0.0,0.0,3960.0,0.0,3360.0,3960.0,0.0,3040.0,0.0,0.0,0.0,0.0,3080.0,3040.0,0.0,0.0,0.0,0.0,0.0,3440.0,0.0,40280.0,9960.0,0.0,393359.0,0.0,0.0,0.0,0.0,297800.0,459799.0,0.0,0.0,0.0,0.0,0.0,18960.0,0.0
2026-04-24T06:00:00+02:00,0.0,8880.0,0.0,8840.0,6480.0,0.0,0.0,3400.0,8039.0,8640.0,0.0,0.0,0.0,0.0,0.0,8039.0,0.0,0.0,3320.0,0.0,3040.0,3680.0,0.0,0.0,3280.0,3360.0,3080.0,0.0,0.0,0.0,0.0,0.0,3400.0,0.0,0.0,43080.0,0.0,348478.0,14160.0,0.0,0.0,6680.0,166799.0,133600.0,0.0,0.0,0.0,0.0,0.0,84879.0,0.0
2026-04-24T07:00:00+02:00,7480.0,8800.0,0.0,8920.0,8640.0,0.0,3240.0,4600.0,7640.0,8880.0,0.0,0.0,0.0,0.0,0.0,8000.0,0.0,3920.0,3040.0,0.0,3080.0,3520.0,0.0,3080.0,4360.0,3320.0,3200.0,0.0,0.0,0.0,0.0,0.0,3120.0,0.0,11400.0,195680.0,0.0,590039.0,98400.0,0.0,6320.0,13480.0,40240.0,354480.0,0.0,0.0,0.0,0.0,0.0,185480.0,0.0
2026-04-24T08:00:00+02:00,6000.0,8000.0,0.0,8000.0,8000.0,0.0,0.0,8880.0,6240.0,8920.0,4200.0,0.0,0.0,0.0,0.0,8360.0,0.0,4760.0,3720.0,0.0,3040.0,3040.0,0.0,0.0,3560.0,3240.0,3040.0,3640.0,0.0,0.0,0.0,0.0,3720.0,0.0,22760.0,137840.0,0.0,249000.0,298720.0,0.0,0.0,67640.0,27200.0,1044038.0,7840.0,0.0,0.0,0.0,0.0,25720.0,0.0
2026-04-24T09:00:00+02:00,4600.0,7000.0,0.0,8760.0,8000.0,0.0,0.0,8840.0,8680.0,8920.0,4720.0,0.0,0.0,0.0,0.0,8000.0,0.0,4600.0,3920.0,0.0,3040.0,4000.0,0.0,0.0,3040.0,3080.0,3040.0,3240.0,0.0,0.0,0.0,0.0,3040.0,0.0,4600.0,38760.0,0.0,598878.0,24320.0,0.0,0.0,320919.0,30640.0,1091957.0,15640.0,0.0,0.0,0.0,0.0,147120.0,0.0
2026-04-24T10:00:00+02:00,8000.0,8640.0,0.0,8800.0,4000.0,0.0,0.0,0.0,8680.0,8920.0,8400.0,0.0,0.0,0.0,0.0,8400.0,8560.0,3080.0,3200.0,0.0,3080.0,4000.0,0.0,0.0,0.0,3800.0,3040.0,4560.0,0.0,0.0,0.0,0.0,3160.0,3040.0,46480.0,86999.0,0.0,210320.0,4000.0,0.0,0.0,0.0,20960.0,1118919.0,48160.0,0.0,0.0,0.0,0.0,123000.0,97320.0
2026-04-24T11:00:00+02:00,4320.0,7160.0,0.0,8000.0,8039.0,0.0,0.0,0.0,8920.0,8880.0,8360.0,3760.0,0.0,0.0,0.0,8440.0,7960.0,4320.0,3080.0,0.0,3160.0,3360.0,0.0,0.0,0.0,3080.0,3040.0,3040.0,3760.0,0.0,0.0,0.0,3040.0,3320.0,4320.0,37000.0,0.0,172760.0,26319.0,0.0,0.0,0.0,310840.0,1823238.0,119080.0,3760.0,0.0,0.0,0.0,105959.0,78120.0
2026-04-24T12:00:00+02:00,7040.0,8080.0,0.0,7880.0,7160.0,0.0,0.0,7600.0,8880.0,8880.0,8800.0,0.0,0.0,0.0,0.0,8000.0,0.0,3960.0,5040.0,0.0,3040.0,4000.0,0.0,0.0,5200.0,3080.0,3040.0,3960.0,0.0,0.0,0.0,0.0,3080.0,0.0,15440.0,13120.0,0.0,110000.0,11160.0,0.0,0.0,12800.0,317999.0,857159.0,60520.0,0.0,0.0,0.0,0.0,30000.0,0.0
2026-04-24T13:00:00+02:00,0.0,6680.0,0.0,8800.0,8400.0,0.0,0.0,4640.0,8920.0,8920.0,7840.0,0.0,0.0,0.0,0.0,0.0,0.0,0.0,3080.0,0.0,3040.0,3240.0,0.0,0.0,3040.0,3040.0,3080.0,5040.0,0.0,0.0,0.0,0.0,0.0,0.0,0.0,33560.0,0.0,132600.0,32880.0,0.0,0.0,15760.0,1097474.0,1453232.0,18120.0,0.0,0.0,0.0,0.0,0.0,0.0
2026-04-24T14:00:00+02:00,8400.0,7120.0,0.0,8800.0,0.0,0.0,0.0,8600.0,8760.0,8920.0,7160.0,0.0,8680.0,0.0,0.0,0.0,5680.0,3240.0,3360.0,0.0,3160.0,0.0,0.0,0.0,3880.0,3040.0,3040.0,3320.0,0.0,3600.0,0.0,0.0,0.0,5680.0,52480.0,34080.0,0.0,137040.0,0.0,0.0,0.0,59160.0,717960.0,2782237.0,57640.0,0.0,58760.0,0.0,0.0,0.0,5680.0
2026-04-24T15:00:00+02:00,5880.0,8400.0,0.0,6000.0,0.0,0.0,0.0,8640.0,8440.0,8920.0,8920.0,3440.0,7360.0,0.0,0.0,8840.0,0.0,3680.0,3320.0,0.0,3040.0,0.0,0.0,0.0,3080.0,3120.0,3040.0,3040.0,3440.0,5640.0,0.0,0.0,4000.0,0.0,17760.0,64360.0,0.0,41320.0,0.0,0.0,0.0,130799.0,252957.0,2480633.0,206959.0,3440.0,13000.0,0.0,0.0,63840.0,0.0
2026-04-24T16:00:00+02:00,8880.0,6560.0,4720.0,8840.0,0.0,0.0,0.0,8480.0,8680.0,8920.0,8640.0,0.0,0.0,0.0,0.0,0.0,6000.0,3480.0,3160.0,4720.0,3080.0,0.0,0.0,0.0,3520.0,3080.0,3040.0,3040.0,0.0,0.0,0.0,0.0,0.0,5800.0,19600.0,43480.0,4720.0,296840.0,0.0,0.0,0.0,39160.0,337120.0,2219836.0,142920.0,0.0,0.0,0.0,0.0,0.0,11800.0
2026-04-24T17:00:00+02:00,6520.0,8119.0,0.0,8000.0,0.0,0.0,0.0,6000.0,8440.0,8840.0,4040.0,0.0,0.0,0.0,0.0,0.0,0.0,6520.0,3560.0,0.0,3160.0,0.0,0.0,0.0,3440.0,3120.0,3120.0,3840.0,0.0,0.0,0.0,0.0,0.0,0.0,6520.0,70839.0,0.0,280400.0,0.0,0.0,0.0,41080.0,261880.0,732518.0,7880.0,0.0,0.0,0.0,0.0,0.0,0.0
2026-04-24T18:00:00+02:00,4800.0,8640.0,0.0,8520.0,0.0,0.0,0.0,0.0,8280.0,8800.0,3080.0,0.0,0.0,0.0,0.0,0.0,0.0,3600.0,3880.0,0.0,3040.0,0.0,0.0,0.0,0.0,3160.0,3040.0,3080.0,0.0,0.0,0.0,0.0,0.0,0.0,8400.0,46760.0,0.0,248436.0,0.0,0.0,0.0,0.0,390080.0,885077.0,3080.0,0.0,0.0,0.0,0.0,0.0,0.0
2026-04-24T19:00:00+02:00,7840.0,4920.0,0.0,8920.0,0.0,0.0,0.0,0.0,8840.0,8920.0,8000.0,4360.0,0.0,0.0,0.0,0.0,0.0,3400.0,4880.0,0.0,3040.0,0.0,0.0,0.0,0.0,3040.0,3040.0,3680.0,3160.0,0.0,0.0,0.0,0.0,0.0,21320.0,9800.0,0.0,554279.0,0.0,0.0,0.0,0.0,822358.0,1463636.0,78680.0,7520.0,0.0,0.0,0.0,0.0,0.0
2026-04-24T20:00:00+02:00,7240.0,8640.0,0.0,8920.0,0.0,0.0,0.0,0.0,8920.0,8920.0,0.0,3800.0,0.0,0.0,0.0,0.0,0.0,3520.0,3480.0,0.0,3080.0,0.0,0.0,0.0,0.0,3040.0,3040.0,0.0,3800.0,0.0,0.0,0.0,0.0,0.0,15200.0,90480.0,0.0,655999.0,0.0,0.0,0.0,0.0,671440.0,1218718.0,0.0,3800.0,0.0,0.0,0.0,0.0,0.0
2026-04-24T21:00:00+02:00,6000.0,7280.0,0.0,8920.0,0.0,0.0,0.0,8039.0,8720.0,8920.0,8000.0,4000.0,0.0,0.0,0.0,0.0,0.0,6000.0,3480.0,0.0,3080.0,0.0,0.0,0.0,3240.0,3040.0,3040.0,3560.0,4000.0,0.0,0.0,0.0,0.0,0.0,6000.0,51360.0,0.0,464440.0,0.0,0.0,0.0,87759.0,309080.0,748839.0,24000.0,8000.0,0.0,0.0,0.0,0.0,0.0
2026-04-24T22:00:00+02:00,6520.0,7920.0,0.0,8000.0,0.0,0.0,0.0,4640.0,4800.0,8920.0,0.0,0.0,0.0,0.0,0.0,0.0,0.0,4600.0,3320.0,0.0,3120.0,0.0,0.0,0.0,3040.0,3160.0,3040.0,0.0,0.0,0.0,0.0,0.0,0.0,0.0,27440.0,22760.0,0.0,276440.0,0.0,0.0,0.0,19240.0,7960.0,377520.0,0.0,0.0,0.0,0.0,0.0,0.0,0.0
2026-04-24T23:00:00+02:00,5040.0,8800.0,0.0,8000.0,0.0,0.0,0.0,6000.0,8640.0,8880.0,0.0,0.0,0.0,0.0,0.0,0.0,0.0,4200.0,3440.0,0.0,3040.0,0.0,0.0,0.0,3280.0,3480.0,3040.0,0.0,0.0,0.0,0.0,0.0,0.0,0.0,9240.0,35560.0,0.0,90160.0,0.0,0.0,0.0,22720.0,26800.0,377759.0,0.0,0.0,0.0,0.0,0.0,0.0,0.0
2026-04-25T00:00:00+02:00,7880.0,8880.0,0.0,6000.0,0.0,0.0,0.0,8000.0,8000.0,8880.0,7120.0,3160.0,0.0,0.0,0.0,0.0,0.0,3640.0,3240.0,0.0,3920.0,0.0,0.0,0.0,3240.0,3280.0,3040.0,3040.0,3160.0,0.0,0.0,0.0,0.0,0.0,35920.0,26880.0,0.0,47000.0,0.0,0.0,0.0,52480.0,38280.0,691760.0,19960.0,3160.0,0.0,0.0,0.0,0.0,0.0
2026-04-25T01:00:00+02:00,0.0,6840.0,0.0,7520.0,0.0,0.0,0.0,8440.0,4120.0,8880.0,0.0,0.0,0.0,0.0,0.0,0.0,0.0,0.0,3040.0,0.0,3480.0,0.0,0.0,0.0,3040.0,4120.0,3040.0,0.0,0.0,0.0,0.0,0.0,0.0,0.0,0.0,49600.0,0.0,30040.0,0.0,0.0,0.0,285556.0,4120.0,490640.0,0.0,0.0,0.0,0.0,0.0,0.0,0.0
2026-04-25T02:00:00+02:00,5720.0,0.0,0.0,5000.0,0.0,0.0,0.0,8119.0,3320.0,8880.0,3120.0,0.0,0.0,0.0,0.0,0.0,0.0,3880.0,0.0,0.0,3200.0,0.0,0.0,0.0,3120.0,3320.0,3040.0,3120.0,0.0,0.0,0.0,0.0,0.0,0.0,18760.0,0.0,0.0,30840.0,0.0,0.0,0.0,110079.0,3320.0,324320.0,3120.0,0.0,0.0,0.0,0.0,0.0,0.0
2026-04-25T03:00:00+02:00,5280.0,6160.0,0.0,5160.0,0.0,0.0,0.0,7800.0,0.0,8560.0,0.0,0.0,0.0,0.0,0.0,0.0,0.0,4000.0,6160.0,0.0,3160.0,0.0,0.0,0.0,3040.0,0.0,3240.0,0.0,0.0,0.0,0.0,0.0,0.0,0.0,14440.0,6160.0,0.0,37480.0,0.0,0.0,0.0,96280.0,0.0,277920.0,0.0,0.0,0.0,0.0,0.0,0.0,0.0
2026-04-25T04:00:00+02:00,0.0,0.0,0.0,8840.0,0.0,0.0,0.0,8000.0,0.0,8760.0,0.0,0.0,0.0,0.0,0.0,0.0,0.0,0.0,0.0,0.0,3040.0,0.0,0.0,0.0,3120.0,0.0,3120.0,0.0,0.0,0.0,0.0,0.0,0.0,0.0,0.0,0.0,0.0,88880.0,0.0,0.0,0.0,129560.0,0.0,261399.0,0.0,0.0,0.0,0.0,0.0,0.0,0.0
2026-04-25T05:00:00+02:00,7920.0,0.0,0.0,8680.0,0.0,0.0,0.0,8400.0,8840.0,8480.0,0.0,0.0,0.0,0.0,0.0,8039.0,0.0,3280.0,0.0,0.0,3080.0,0.0,0.0,0.0,3520.0,3080.0,3240.0,0.0,0.0,0.0,0.0,0.0,3480.0,0.0,11200.0,0.0,0.0,656556.0,0.0,0.0,0.0,65479.0,1051746.0,259839.0,0.0,0.0,0.0,0.0,0.0,145239.0,0.0
2026-04-25T06:00:00+02:00,3320.0,8640.0,0.0,8920.0,0.0,0.0,0.0,0.0,8680.0,8360.0,0.0,0.0,0.0,0.0,0.0,8000.0,0.0,3320.0,7800.0,0.0,3200.0,0.0,0.0,0.0,0.0,3080.0,3480.0,0.0,0.0,0.0,0.0,0.0,3240.0,0.0,3320.0,24640.0,0.0,1191062.0,0.0,0.0,0.0,0.0,1899309.0,98600.0,0.0,0.0,0.0,0.0,0.0,243120.0,0.0
2026-04-25T07:00:00+02:00,7440.0,8560.0,0.0,8240.0,0.0,0.0,0.0,7240.0,8880.0,8800.0,0.0,3840.0,0.0,0.0,0.0,8039.0,0.0,7440.0,8560.0,0.0,3040.0,0.0,0.0,0.0,7240.0,3040.0,3680.0,0.0,3840.0,0.0,0.0,0.0,3480.0,0.0,7440.0,8560.0,0.0,1040395.0,0.0,0.0,0.0,7240.0,651197.0,203640.0,0.0,3840.0,0.0,0.0,0.0,84719.0,0.0
2026-04-25T08:00:00+02:00,5400.0,6800.0,0.0,8440.0,0.0,0.0,0.0,7240.0,8880.0,8600.0,8000.0,0.0,0.0,0.0,0.0,6080.0,0.0,5400.0,3760.0,0.0,3120.0,0.0,0.0,0.0,7240.0,3080.0,3040.0,6080.0,0.0,0.0,0.0,0.0,3040.0,0.0,5400.0,14520.0,0.0,555720.0,0.0,0.0,0.0,7240.0,512359.0,191198.0,14080.0,0.0,0.0,0.0,0.0,12680.0,0.0
2026-04-25T09:00:00+02:00,8200.0,3720.0,0.0,8880.0,4000.0,0.0,0.0,0.0,8520.0,8880.0,8520.0,0.0,0.0,0.0,0.0,7200.0,0.0,3440.0,3120.0,0.0,3040.0,4000.0,0.0,0.0,0.0,3080.0,3120.0,5280.0,0.0,0.0,0.0,0.0,3360.0,0.0,46039.0,6840.0,0.0,513279.0,4000.0,0.0,0.0,0.0,509517.0,396680.0,26240.0,0.0,0.0,0.0,0.0,34280.0,0.0
2026-04-25T10:00:00+02:00,7160.0,8840.0,0.0,8200.0,4000.0,0.0,0.0,0.0,8800.0,8800.0,7240.0,6000.0,0.0,0.0,0.0,7240.0,0.0,3440.0,3520.0,0.0,3320.0,4000.0,0.0,0.0,0.0,3040.0,3240.0,3720.0,6000.0,0.0,0.0,0.0,7240.0,0.0,40960.0,36440.0,0.0,283598.0,4000.0,0.0,0.0,0.0,309477.0,458956.0,25920.0,6000.0,0.0,0.0,0.0,7240.0,0.0
2026-04-25T11:00:00+02:00,8640.0,8440.0,0.0,8400.0,6000.0,0.0,0.0,0.0,8600.0,8880.0,7720.0,0.0,0.0,0.0,0.0,5280.0,0.0,3120.0,3600.0,0.0,3120.0,5120.0,0.0,0.0,0.0,3040.0,3040.0,3840.0,0.0,0.0,0.0,0.0,3520.0,0.0,119200.0,29760.0,0.0,371080.0,16360.0,0.0,0.0,0.0,409319.0,1268319.0,32280.0,0.0,0.0,0.0,0.0,13800.0,0.0
2026-04-25T12:00:00+02:00,8000.0,7400.0,0.0,8360.0,0.0,0.0,0.0,7800.0,8160.0,8880.0,8720.0,0.0,0.0,0.0,0.0,4400.0,0.0,3040.0,4480.0,0.0,3080.0,0.0,0.0,0.0,3240.0,3080.0,3040.0,3160.0,0.0,0.0,0.0,0.0,4400.0,0.0,117880.0,21840.0,0.0,71880.0,0.0,0.0,0.0,30200.0,382880.0,1587036.0,56680.0,0.0,0.0,0.0,0.0,4400.0,0.0
2026-04-25T13:00:00+02:00,8360.0,7760.0,0.0,8000.0,4000.0,0.0,0.0,8000.0,8840.0,8880.0,8560.0,0.0,0.0,0.0,0.0,0.0,0.0,3120.0,3800.0,0.0,3240.0,3200.0,0.0,0.0,3120.0,3040.0,3040.0,4880.0,0.0,0.0,0.0,0.0,0.0,0.0,284000.0,32720.0,0.0,177480.0,7200.0,0.0,0.0,46560.0,627520.0,1421596.0,27080.0,0.0,0.0,0.0,0.0,0.0,0.0
2026-04-25T14:00:00+02:00,8080.0,7680.0,0.0,8320.0,0.0,0.0,0.0,8760.0,8880.0,8880.0,7720.0,5200.0,0.0,0.0,0.0,8039.0,5640.0,3120.0,3880.0,0.0,3240.0,0.0,0.0,0.0,3240.0,3040.0,3040.0,3400.0,5200.0,0.0,0.0,0.0,8039.0,5640.0,141440.0,16200.0,0.0,264438.0,0.0,0.0,0.0,143000.0,536959.0,1170078.0,52640.0,5200.0,0.0,0.0,0.0,8039.0,5640.0
2026-04-25T15:00:00+02:00,5960.0,7320.0,3320.0,8000.0,0.0,0.0,0.0,7440.0,8360.0,8840.0,7040.0,0.0,0.0,0.0,0.0,0.0,5040.0,5960.0,3640.0,3320.0,3040.0,0.0,0.0,0.0,3760.0,3160.0,3040.0,4000.0,0.0,0.0,0.0,0.0,0.0,5040.0,5960.0,34240.0,3320.0,116480.0,0.0,0.0,0.0,28600.0,169000.0,1617758.0,56400.0,0.0,0.0,0.0,0.0,0.0,5040.0
2026-04-25T16:00:00+02:00,3640.0,4880.0,0.0,8400.0,0.0,0.0,0.0,5960.0,7960.0,8880.0,6320.0,0.0,0.0,0.0,0.0,5920.0,6120.0,3240.0,4400.0,0.0,3040.0,0.0,0.0,0.0,5240.0,3280.0,3040.0,3120.0,0.0,0.0,0.0,0.0,3920.0,6120.0,6880.0,9280.0,0.0,781319.0,0.0,0.0,0.0,11200.0,72200.0,1244756.0,48720.0,0.0,0.0,0.0,0.0,21880.0,6120.0
2026-04-25T17:00:00+02:00,8080.0,8520.0,0.0,8280.0,4560.0,0.0,0.0,7880.0,8640.0,8880.0,8600.0,0.0,0.0,5360.0,0.0,0.0,0.0,3080.0,3200.0,0.0,3040.0,3880.0,0.0,0.0,3120.0,3200.0,3040.0,3840.0,0.0,0.0,5360.0,0.0,0.0,0.0,38920.0,59720.0,0.0,996080.0,8440.0,0.0,0.0,46000.0,248078.0,1855276.0,29440.0,0.0,0.0,5360.0,0.0,0.0,0.0
2026-04-25T18:00:00+02:00,6680.0,8560.0,0.0,8600.0,8000.0,0.0,0.0,5920.0,8000.0,8880.0,7280.0,0.0,0.0,0.0,0.0,0.0,0.0,3040.0,3160.0,0.0,3200.0,3120.0,0.0,0.0,3520.0,3040.0,3040.0,7280.0,0.0,0.0,0.0,0.0,0.0,0.0,92000.0,95000.0,0.0,711918.0,61600.0,0.0,0.0,9440.0,232560.0,2111597.0,7280.0,0.0,0.0,0.0,0.0,0.0,0.0
2026-04-25T19:00:00+02:00,7920.0,8840.0,0.0,8200.0,8400.0,0.0,0.0,0.0,7960.0,8880.0,7040.0,0.0,0.0,0.0,0.0,4320.0,6760.0,3200.0,3040.0,0.0,3120.0,3240.0,0.0,0.0,0.0,3280.0,3040.0,3360.0,0.0,0.0,0.0,0.0,4320.0,3160.0,86560.0,48080.0,0.0,538160.0,71640.0,0.0,0.0,0.0,208800.0,1485434.0,10400.0,0.0,0.0,0.0,0.0,4320.0,14440.0
2026-04-25T20:00:00+02:00,8560.0,7720.0,0.0,8840.0,3560.0,0.0,0.0,0.0,8360.0,8840.0,5080.0,4080.0,0.0,0.0,0.0,0.0,0.0,3040.0,3120.0,0.0,3040.0,3560.0,0.0,0.0,0.0,3120.0,3040.0,5080.0,3440.0,0.0,0.0,0.0,0.0,0.0,171640.0,47200.0,0.0,488918.0,3560.0,0.0,0.0,0.0,450079.0,615760.0,5080.0,11400.0,0.0,0.0,0.0,0.0,0.0
2026-04-25T21:00:00+02:00,4000.0,7600.0,0.0,8760.0,0.0,0.0,0.0,7640.0,8160.0,8840.0,8119.0,4600.0,0.0,0.0,0.0,0.0,0.0,3240.0,3760.0,0.0,3040.0,0.0,0.0,0.0,3040.0,3040.0,3040.0,3680.0,4000.0,0.0,0.0,0.0,0.0,0.0,29720.0,36440.0,0.0,298079.0,0.0,0.0,0.0,72760.0,117520.0,428717.0,22679.0,12920.0,0.0,0.0,0.0,0.0,0.0
2026-04-25T22:00:00+02:00,7120.0,6720.0,0.0,8720.0,0.0,0.0,0.0,8880.0,0.0,8880.0,0.0,0.0,0.0,0.0,0.0,0.0,0.0,5520.0,5120.0,0.0,3040.0,0.0,0.0,0.0,3040.0,0.0,3040.0,0.0,0.0,0.0,0.0,0.0,0.0,0.0,19520.0,23880.0,0.0,475640.0,0.0,0.0,0.0,52360.0,0.0,419199.0,0.0,0.0,0.0,0.0,0.0,0.0,0.0
2026-04-25T23:00:00+02:00,5960.0,6360.0,0.0,5840.0,0.0,0.0,0.0,7960.0,0.0,8880.0,0.0,0.0,0.0,0.0,0.0,0.0,0.0,4000.0,6360.0,0.0,3120.0,0.0,0.0,0.0,3120.0,0.0,3040.0,0.0,0.0,0.0,0.0,0.0,0.0,0.0,15840.0,6360.0,0.0,31920.0,0.0,0.0,0.0,280000.0,0.0,404917.0,0.0,0.0,0.0,0.0,0.0,0.0,0.0
2026-04-26T00:00:00+02:00,8440.0,6960.0,0.0,8080.0,0.0,0.0,0.0,8800.0,0.0,8880.0,0.0,0.0,0.0,0.0,0.0,0.0,0.0,8440.0,6960.0,0.0,3680.0,0.0,0.0,0.0,3040.0,0.0,3080.0,0.0,0.0,0.0,0.0,0.0,0.0,0.0,8440.0,6960.0,0.0,26360.0,0.0,0.0,0.0,293720.0,0.0,245760.0,0.0,0.0,0.0,0.0,0.0,0.0,0.0
2026-04-26T01:00:00+02:00,8840.0,0.0,0.0,8119.0,0.0,0.0,0.0,7960.0,0.0,8880.0,0.0,0.0,0.0,0.0,0.0,0.0,0.0,3880.0,0.0,0.0,3840.0,0.0,0.0,0.0,3040.0,0.0,3080.0,0.0,0.0,0.0,0.0,0.0,0.0,0.0,49560.0,0.0,0.0,31318.0,0.0,0.0,0.0,146560.0,0.0,347920.0,0.0,0.0,0.0,0.0,0.0,0.0,0.0
2026-04-26T02:00:00+02:00,0.0,4720.0,0.0,8600.0,0.0,0.0,0.0,8000.0,0.0,8720.0,0.0,0.0,0.0,0.0,0.0,0.0,0.0,0.0,3880.0,0.0,3480.0,0.0,0.0,0.0,3080.0,0.0,3240.0,0.0,0.0,0.0,0.0,0.0,0.0,0.0,0.0,8600.0,0.0,46640.0,0.0,0.0,0.0,189600.0,0.0,227760.0,0.0,0.0,0.0,0.0,0.0,0.0,0.0
2026-04-26T03:00:00+02:00,0.0,0.0,0.0,8560.0,0.0,0.0,0.0,8840.0,0.0,8560.0,0.0,0.0,0.0,0.0,0.0,0.0,0.0,0.0,0.0,0.0,3160.0,0.0,0.0,0.0,3080.0,0.0,3040.0,0.0,0.0,0.0,0.0,0.0,0.0,0.0,0.0,0.0,0.0,54000.0,0.0,0.0,0.0,404877.0,0.0,461040.0,0.0,0.0,0.0,0.0,0.0,0.0,0.0
2026-04-26T04:00:00+02:00,6200.0,6120.0,0.0,8039.0,0.0,0.0,0.0,8000.0,7720.0,8720.0,5360.0,4480.0,0.0,0.0,0.0,0.0,0.0,6200.0,3480.0,0.0,3200.0,0.0,0.0,0.0,3080.0,3360.0,3040.0,5360.0,4480.0,0.0,0.0,0.0,0.0,0.0,6200.0,14040.0,0.0,130039.0,0.0,0.0,0.0,133200.0,40760.0,338240.0,5360.0,4480.0,0.0,0.0,0.0,0.0,0.0
2026-04-26T05:00:00+02:00,8320.0,0.0,0.0,8760.0,6000.0,0.0,0.0,7040.0,8640.0,8760.0,0.0,3720.0,0.0,0.0,0.0,8039.0,0.0,3160.0,0.0,0.0,3040.0,4000.0,0.0,0.0,3800.0,3080.0,3160.0,0.0,3720.0,0.0,0.0,0.0,3800.0,0.0,211960.0,0.0,0.0,776039.0,10000.0,0.0,0.0,10840.0,1078639.0,474000.0,0.0,3720.0,0.0,0.0,0.0,32719.0,0.0
2026-04-26T06:00:00+02:00,8039.0,8000.0,0.0,8840.0,0.0,0.0,0.0,0.0,8000.0,8039.0,8000.0,0.0,0.0,0.0,0.0,5960.0,0.0,3080.0,3080.0,0.0,3080.0,0.0,0.0,0.0,0.0,3040.0,3160.0,3520.0,0.0,0.0,0.0,0.0,5960.0,0.0,370559.0,34440.0,0.0,971479.0,0.0,0.0,0.0,0.0,145560.0,179239.0,106240.0,0.0,0.0,0.0,0.0,5960.0,0.0
2026-04-26T07:00:00+02:00,8039.0,8000.0,0.0,8640.0,0.0,0.0,0.0,0.0,3720.0,8400.0,0.0,0.0,0.0,0.0,0.0,8000.0,0.0,3280.0,3960.0,0.0,3080.0,0.0,0.0,0.0,0.0,3720.0,3160.0,0.0,0.0,0.0,0.0,0.0,3760.0,0.0,192439.0,23960.0,0.0,385839.0,0.0,0.0,0.0,0.0,3720.0,129480.0,0.0,0.0,0.0,0.0,0.0,47360.0,0.0
2026-04-26T08:00:00+02:00,8000.0,0.0,0.0,8440.0,0.0,0.0,0.0,8240.0,8000.0,8000.0,6040.0,0.0,0.0,0.0,0.0,8039.0,0.0,3240.0,0.0,0.0,3160.0,0.0,0.0,0.0,8240.0,3240.0,3040.0,6040.0,0.0,0.0,0.0,0.0,3320.0,0.0,92600.0,0.0,0.0,421440.0,0.0,0.0,0.0,8240.0,144200.0,301280.0,6040.0,0.0,0.0,0.0,0.0,254559.0,0.0
2026-04-26T09:00:00+02:00,0.0,7240.0,0.0,8880.0,0.0,0.0,0.0,6880.0,5960.0,8720.0,4360.0,0.0,0.0,0.0,0.0,7960.0,0.0,0.0,4000.0,0.0,3080.0,0.0,0.0,0.0,3360.0,3320.0,3040.0,3160.0,0.0,0.0,0.0,0.0,3080.0,0.0,0.0,28040.0,0.0,1553356.0,0.0,0.0,0.0,29240.0,27480.0,785638.0,10960.0,0.0,0.0,0.0,0.0,86960.0,0.0
2026-04-26T10:00:00+02:00,8000.0,4360.0,0.0,8840.0,0.0,0.0,0.0,0.0,8640.0,8800.0,8760.0,0.0,0.0,0.0,0.0,7080.0,4000.0,3040.0,4360.0,0.0,3080.0,0.0,0.0,0.0,0.0,3360.0,3040.0,3120.0,0.0,0.0,0.0,0.0,3440.0,4000.0,76280.0,4360.0,0.0,746160.0,0.0,0.0,0.0,0.0,23520.0,830759.0,66640.0,0.0,0.0,0.0,0.0,34120.0,8000.0
2026-04-26T11:00:00+02:00,7360.0,8039.0,0.0,8840.0,0.0,0.0,0.0,0.0,8760.0,8880.0,8560.0,4520.0,0.0,0.0,0.0,0.0,0.0,3600.0,3200.0,0.0,3120.0,0.0,0.0,0.0,0.0,3040.0,3040.0,3040.0,4520.0,0.0,0.0,0.0,0.0,0.0,16040.0,51599.0,0.0,284039.0,0.0,0.0,0.0,0.0,357798.0,1372557.0,173119.0,4520.0,0.0,0.0,0.0,0.0,0.0
2026-04-26T12:00:00+02:00,3240.0,7920.0,0.0,7520.0,0.0,0.0,0.0,0.0,8800.0,8840.0,8840.0,0.0,0.0,0.0,0.0,0.0,5760.0,3240.0,3360.0,0.0,3080.0,0.0,0.0,0.0,0.0,3040.0,3040.0,3160.0,0.0,0.0,0.0,0.0,0.0,3280.0,3240.0,67360.0,0.0,40640.0,0.0,0.0,0.0,0.0,535758.0,1277835.0,79640.0,0.0,0.0,0.0,0.0,0.0,38560.0
2026-04-26T13:00:00+02:00,3240.0,8760.0,0.0,8840.0,0.0,0.0,0.0,0.0,8680.0,8720.0,7760.0,5000.0,0.0,0.0,0.0,6000.0,3400.0,3240.0,3080.0,0.0,3160.0,0.0,0.0,0.0,0.0,3040.0,3040.0,3320.0,5000.0,0.0,0.0,0.0,6000.0,3400.0,3240.0,144479.0,0.0,159960.0,0.0,0.0,0.0,0.0,287960.0,567520.0,116440.0,5000.0,0.0,0.0,0.0,6000.0,3400.0
2026-04-26T14:00:00+02:00,6000.0,8760.0,0.0,8640.0,3640.0,0.0,0.0,0.0,8640.0,8840.0,8520.0,0.0,0.0,0.0,0.0,6000.0,6600.0,3560.0,3040.0,0.0,3040.0,3640.0,0.0,0.0,0.0,3040.0,3040.0,3200.0,0.0,0.0,0.0,0.0,3880.0,3960.0,30560.0,84320.0,0.0,245960.0,3640.0,0.0,0.0,0.0,899319.0,1481434.0,83480.0,0.0,0.0,0.0,0.0,24080.0,16240.0
2026-04-26T15:00:00+02:00,8000.0,7440.0,0.0,8840.0,0.0,0.0,0.0,0.0,8640.0,8800.0,8600.0,6320.0,0.0,0.0,0.0,0.0,0.0,3400.0,3040.0,0.0,3080.0,0.0,0.0,0.0,0.0,3160.0,3040.0,3040.0,5520.0,0.0,0.0,0.0,0.0,0.0,46640.0,71200.0,0.0,97640.0,0.0,0.0,0.0,0.0,114000.0,1585876.0,79680.0,11840.0,0.0,0.0,0.0,0.0,0.0
2026-04-26T16:00:00+02:00,7320.0,8000.0,0.0,8360.0,0.0,0.0,0.0,0.0,8240.0,8840.0,8680.0,0.0,0.0,0.0,0.0,0.0,0.0,4000.0,3080.0,0.0,3320.0,0.0,0.0,0.0,0.0,3600.0,3040.0,3120.0,0.0,0.0,0.0,0.0,0.0,0.0,23360.0,60040.0,0.0,92040.0,0.0,0.0,0.0,0.0,123400.0,1743634.0,122600.0,0.0,0.0,0.0,0.0,0.0,0.0
2026-04-26T17:00:00+02:00,6960.0,7760.0,0.0,8600.0,0.0,0.0,0.0,0.0,8240.0,8760.0,6440.0,3640.0,0.0,0.0,0.0,0.0,0.0,3400.0,3040.0,0.0,3040.0,0.0,0.0,0.0,0.0,3320.0,3080.0,3160.0,3640.0,0.0,0.0,0.0,0.0,0.0,31120.0,49120.0,0.0,271118.0,0.0,0.0,0.0,0.0,124839.0,748879.0,13240.0,3640.0,0.0,0.0,0.0,0.0,0.0
2026-04-26T18:00:00+02:00,8000.0,8680.0,0.0,8720.0,0.0,0.0,0.0,0.0,8000.0,8720.0,0.0,0.0,0.0,0.0,0.0,0.0,0.0,3040.0,3920.0,0.0,3040.0,0.0,0.0,0.0,0.0,3320.0,3080.0,0.0,0.0,0.0,0.0,0.0,0.0,0.0,122200.0,30800.0,0.0,272160.0,0.0,0.0,0.0,0.0,100760.0,454198.0,0.0,0.0,0.0,0.0,0.0,0.0,0.0
2026-04-26T19:00:00+02:00,5920.0,8280.0,0.0,8640.0,4520.0,0.0,0.0,0.0,8640.0,8840.0,8080.0,7960.0,0.0,0.0,0.0,4400.0,8039.0,3480.0,3080.0,0.0,3160.0,4520.0,0.0,0.0,0.0,3080.0,3040.0,3040.0,3520.0,0.0,0.0,0.0,3080.0,8039.0,26160.0,43720.0,0.0,545078.0,4520.0,0.0,0.0,0.0,115000.0,680520.0,38880.0,52720.0,0.0,0.0,0.0,15440.0,8039.0
2026-04-26T20:00:00+02:00,3600.0,8640.0,0.0,8680.0,0.0,0.0,0.0,0.0,8039.0,8840.0,0.0,7440.0,0.0,0.0,0.0,6040.0,0.0,3160.0,4200.0,0.0,3040.0,0.0,0.0,0.0,0.0,3040.0,3040.0,0.0,3200.0,0.0,0.0,0.0,3840.0,0.0,6760.0,60560.0,0.0,2304547.0,0.0,0.0,0.0,0.0,526554.0,559159.0,0.0,90120.0,0.0,0.0,0.0,14120.0,0.0
2026-04-26T21:00:00+02:00,5800.0,7960.0,0.0,8720.0,0.0,0.0,0.0,0.0,7240.0,8640.0,0.0,8000.0,0.0,0.0,0.0,8640.0,0.0,5800.0,3040.0,0.0,3040.0,0.0,0.0,0.0,0.0,3440.0,3200.0,0.0,3400.0,0.0,0.0,0.0,3680.0,0.0,5800.0,46160.0,0.0,598834.0,0.0,0.0,0.0,0.0,128320.0,213080.0,0.0,76960.0,0.0,0.0,0.0,24160.0,0.0
2026-04-26T22:00:00+02:00,6520.0,6640.0,0.0,5840.0,0.0,0.0,0.0,0.0,5960.0,8480.0,4360.0,0.0,0.0,0.0,0.0,0.0,0.0,6520.0,6640.0,0.0,3280.0,0.0,0.0,0.0,0.0,5960.0,3040.0,4360.0,0.0,0.0,0.0,0.0,0.0,0.0,6520.0,6640.0,0.0,29960.0,0.0,0.0,0.0,0.0,5960.0,201240.0,4360.0,0.0,0.0,0.0,0.0,0.0,0.0
2026-04-26T23:00:00+02:00,0.0,0.0,0.0,8000.0,0.0,0.0,0.0,0.0,0.0,8360.0,0.0,0.0,0.0,0.0,0.0,0.0,0.0,0.0,0.0,0.0,3200.0,0.0,0.0,0.0,0.0,0.0,3760.0,0.0,0.0,0.0,0.0,0.0,0.0,0.0,0.0,0.0,0.0,59800.0,0.0,0.0,0.0,0.0,0.0,71000.0,0.0,0.0,0.0,0.0,0.0,0.0,0.0
2026-04-27T00:00:00+02:00,0.0,0.0,0.0,4720.0,0.0,0.0,0.0,0.0,0.0,7440.0,0.0,0.0,0.0,0.0,0.0,0.0,0.0,0.0,0.0,0.0,3040.0,0.0,0.0,0.0,0.0,0.0,6800.0,0.0,0.0,0.0,0.0,0.0,0.0,0.0,0.0,0.0,0.0,73200.0,0.0,0.0,0.0,0.0,0.0,28240.0,0.0,0.0,0.0,0.0,0.0,0.0,0.0
2026-04-27T01:00:00+02:00,0.0,0.0,0.0,8360.0,0.0,0.0,0.0,0.0,0.0,8119.0,0.0,0.0,0.0,0.0,0.0,0.0,0.0,0.0,0.0,0.0,3040.0,0.0,0.0,0.0,0.0,0.0,3400.0,0.0,0.0,0.0,0.0,0.0,0.0,0.0,0.0,0.0,0.0,295960.0,0.0,0.0,0.0,0.0,0.0,18159.0,0.0,0.0,0.0,0.0,0.0,0.0,0.0
2026-04-27T02:00:00+02:00,3360.0,0.0,0.0,7960.0,0.0,0.0,0.0,0.0,0.0,3560.0,0.0,0.0,0.0,0.0,0.0,0.0,0.0,3200.0,0.0,0.0,3080.0,0.0,0.0,0.0,0.0,0.0,3200.0,0.0,0.0,0.0,0.0,0.0,0.0,0.0,6560.0,0.0,0.0,57840.0,0.0,0.0,0.0,0.0,0.0,6760.0,0.0,0.0,0.0,0.0,0.0,0.0,0.0
2026-04-27T03:00:00+02:00,3120.0,0.0,0.0,4000.0,0.0,0.0,0.0,0.0,0.0,7080.0,0.0,0.0,0.0,0.0,0.0,0.0,0.0,3120.0,0.0,0.0,3360.0,0.0,0.0,0.0,0.0,0.0,3240.0,0.0,0.0,0.0,0.0,0.0,0.0,0.0,3120.0,0.0,0.0,14720.0,0.0,0.0,0.0,0.0,0.0,42400.0,0.0,0.0,0.0,0.0,0.0,0.0,0.0
2026-04-27T04:00:00+02:00,4040.0,5040.0,0.0,4040.0,0.0,0.0,0.0,0.0,0.0,4040.0,0.0,0.0,0.0,0.0,0.0,0.0,0.0,3720.0,5040.0,0.0,4040.0,0.0,0.0,0.0,0.0,0.0,3120.0,0.0,0.0,0.0,0.0,0.0,0.0,0.0,19520.0,5040.0,0.0,4040.0,0.0,0.0,0.0,0.0,0.0,17520.0,0.0,0.0,0.0,0.0,0.0,0.0,0.0
2026-04-27T05:00:00+02:00,6000.0,0.0,0.0,8000.0,4440.0,0.0,0.0,0.0,8840.0,8680.0,0.0,0.0,0.0,0.0,0.0,8080.0,0.0,3840.0,0.0,0.0,3040.0,4440.0,0.0,0.0,0.0,3120.0,3360.0,0.0,0.0,0.0,0.0,0.0,8080.0,0.0,15680.0,0.0,0.0,307440.0,4440.0,0.0,0.0,0.0,711960.0,220240.0,0.0,0.0,0.0,0.0,0.0,8080.0,0.0
2026-04-27T06:00:00+02:00,3680.0,4040.0,8000.0,8840.0,0.0,0.0,0.0,3040.0,8640.0,8520.0,0.0,0.0,0.0,0.0,0.0,8000.0,0.0,3680.0,3640.0,3120.0,3320.0,0.0,0.0,0.0,3040.0,3200.0,3040.0,0.0,0.0,0.0,0.0,0.0,3440.0,0.0,3680.0,7680.0,11120.0,282520.0,0.0,0.0,0.0,3040.0,970760.0,191600.0,0.0,0.0,0.0,0.0,0.0,76840.0,0.0
2026-04-27T07:00:00+02:00,7680.0,7920.0,8440.0,7960.0,3640.0,0.0,0.0,8360.0,8520.0,8840.0,4560.0,0.0,0.0,0.0,0.0,8440.0,5840.0,3280.0,3240.0,5600.0,3240.0,3640.0,0.0,0.0,3080.0,3040.0,3080.0,4560.0,0.0,0.0,0.0,0.0,3040.0,3440.0,49840.0,17000.0,21560.0,525880.0,3640.0,0.0,0.0,39360.0,1810304.0,721677.0,4560.0,0.0,0.0,0.0,0.0,229598.0,12920.0
2026-04-27T08:00:00+02:00,6320.0,8680.0,0.0,8800.0,0.0,0.0,0.0,8000.0,8080.0,8840.0,5200.0,7360.0,0.0,0.0,0.0,8640.0,0.0,3240.0,3240.0,0.0,3120.0,0.0,0.0,0.0,3120.0,3040.0,3040.0,4320.0,3960.0,0.0,0.0,0.0,3240.0,0.0,17720.0,119280.0,0.0,337519.0,0.0,0.0,0.0,41160.0,361680.0,532720.0,13960.0,15640.0,0.0,0.0,0.0,218959.0,0.0
2026-04-27T09:00:00+02:00,0.0,8640.0,0.0,8640.0,0.0,0.0,0.0,0.0,8840.0,8840.0,8360.0,3920.0,0.0,0.0,0.0,8080.0,0.0,0.0,6920.0,0.0,3120.0,0.0,0.0,0.0,0.0,3040.0,3040.0,8360.0,3240.0,0.0,0.0,0.0,3080.0,0.0,0.0,23840.0,0.0,816797.0,0.0,0.0,0.0,0.0,796958.0,603157.0,8360.0,10600.0,0.0,0.0,0.0,98040.0,0.0
2026-04-27T10:00:00+02:00,7680.0,3840.0,0.0,8840.0,0.0,0.0,0.0,3480.0,8720.0,8720.0,8280.0,3480.0,0.0,0.0,0.0,7360.0,3800.0,3440.0,3840.0,0.0,3040.0,0.0,0.0,0.0,3480.0,3080.0,3080.0,3040.0,3320.0,0.0,0.0,0.0,3960.0,3800.0,23600.0,3840.0,0.0,417760.0,0.0,0.0,0.0,3480.0,239960.0,529958.0,53400.0,10240.0,0.0,0.0,0.0,22000.0,3800.0
2026-04-27T11:00:00+02:00,7160.0,0.0,4280.0,8080.0,0.0,0.0,0.0,8000.0,8840.0,8520.0,7760.0,4880.0,0.0,0.0,0.0,8080.0,0.0,3960.0,0.0,4280.0,3160.0,0.0,0.0,0.0,3080.0,3240.0,3080.0,3560.0,3200.0,0.0,0.0,0.0,3080.0,0.0,25720.0,0.0,4280.0,191560.0,0.0,0.0,0.0,35640.0,249039.0,298479.0,80520.0,12320.0,0.0,0.0,0.0,83640.0,0.0
2026-04-27T12:00:00+02:00,6520.0,8640.0,0.0,8440.0,0.0,0.0,0.0,3640.0,8360.0,8800.0,6600.0,4640.0,0.0,0.0,0.0,7400.0,4400.0,3320.0,3320.0,0.0,3080.0,0.0,0.0,0.0,3640.0,3040.0,3040.0,3320.0,4640.0,0.0,0.0,0.0,3480.0,4400.0,31280.0,45600.0,0.0,323999.0,0.0,0.0,0.0,3640.0,1080000.0,827399.0,46720.0,4640.0,0.0,0.0,0.0,39000.0,4400.0
2026-04-27T13:00:00+02:00,6080.0,8360.0,0.0,8760.0,0.0,0.0,0.0,6560.0,8840.0,8800.0,3800.0,3320.0,0.0,0.0,0.0,8640.0,4240.0,3240.0,3040.0,0.0,3040.0,0.0,0.0,0.0,4000.0,3040.0,3040.0,3480.0,3320.0,0.0,0.0,0.0,3040.0,4240.0,29040.0,30600.0,0.0,223000.0,0.0,0.0,0.0,27240.0,1425599.0,1224399.0,10960.0,3320.0,0.0,0.0,0.0,50680.0,4240.0
2026-04-27T14:00:00+02:00,7520.0,6840.0,0.0,8680.0,0.0,0.0,0.0,7720.0,8400.0,8840.0,8000.0,0.0,0.0,0.0,0.0,5080.0,0.0,3160.0,3120.0,0.0,3040.0,0.0,0.0,0.0,3200.0,3040.0,3040.0,3200.0,0.0,0.0,0.0,0.0,4880.0,0.0,31560.0,29960.0,0.0,391560.0,0.0,0.0,0.0,43200.0,549200.0,1839559.0,44040.0,0.0,0.0,0.0,0.0,9960.0,0.0
2026-04-27T15:00:00+02:00,5520.0,7640.0,0.0,6560.0,6840.0,0.0,0.0,8720.0,7360.0,8760.0,7960.0,0.0,0.0,0.0,0.0,0.0,0.0,4560.0,3080.0,0.0,3560.0,3040.0,0.0,0.0,3320.0,3240.0,3040.0,3120.0,0.0,0.0,0.0,0.0,0.0,0.0,10080.0,65040.0,0.0,49360.0,40680.0,0.0,0.0,127800.0,21560.0,1372397.0,102760.0,0.0,0.0,0.0,0.0,0.0,0.0
2026-04-27T16:00:00+02:00,0.0,7840.0,0.0,7920.0,0.0,0.0,0.0,8600.0,8000.0,8840.0,8840.0,0.0,0.0,0.0,0.0,0.0,0.0,0.0,3120.0,0.0,3040.0,0.0,0.0,0.0,3880.0,3040.0,3040.0,3800.0,0.0,0.0,0.0,0.0,0.0,0.0,0.0,55800.0,0.0,131120.0,0.0,0.0,0.0,34560.0,25720.0,721998.0,86320.0,0.0,0.0,0.0,0.0,0.0,0.0
2026-04-27T17:00:00+02:00,4400.0,7200.0,0.0,8400.0,0.0,0.0,0.0,8039.0,8000.0,8360.0,7440.0,0.0,0.0,0.0,0.0,0.0,0.0,4400.0,3240.0,0.0,3040.0,0.0,0.0,0.0,3080.0,3080.0,3200.0,3160.0,0.0,0.0,0.0,0.0,0.0,0.0,4400.0,57840.0,0.0,257239.0,0.0,0.0,0.0,167279.0,49840.0,371079.0,16040.0,0.0,0.0,0.0,0.0,0.0,0.0
2026-04-27T18:00:00+02:00,8800.0,7280.0,0.0,8680.0,0.0,0.0,0.0,8520.0,8840.0,8840.0,8240.0,4200.0,0.0,0.0,0.0,0.0,0.0,3160.0,3840.0,0.0,3080.0,0.0,0.0,0.0,3040.0,3040.0,3040.0,3160.0,4200.0,0.0,0.0,0.0,0.0,0.0,29439.0,57480.0,0.0,794080.0,0.0,0.0,0.0,205600.0,413800.0,1140999.0,54119.0,4200.0,0.0,0.0,0.0,0.0,0.0
2026-04-27T19:00:00+02:00,4440.0,5960.0,0.0,8840.0,0.0,0.0,0.0,8000.0,8000.0,8800.0,0.0,0.0,0.0,0.0,0.0,4680.0,0.0,3600.0,3520.0,0.0,3080.0,0.0,0.0,0.0,3240.0,3080.0,3120.0,0.0,0.0,0.0,0.0,0.0,4000.0,0.0,8040.0,13760.0,0.0,762760.0,0.0,0.0,0.0,108480.0,112400.0,841397.0,0.0,0.0,0.0,0.0,0.0,8680.0,0.0
2026-04-27T20:00:00+02:00,7600.0,7920.0,0.0,8160.0,0.0,0.0,0.0,5720.0,8480.0,8840.0,0.0,4000.0,0.0,0.0,0.0,8360.0,0.0,3880.0,3200.0,0.0,3080.0,0.0,0.0,0.0,5720.0,3040.0,3040.0,0.0,4000.0,0.0,0.0,0.0,3400.0,0.0,34960.0,37880.0,0.0,387916.0,0.0,0.0,0.0,5720.0,1075359.0,541519.0,0.0,4000.0,0.0,0.0,0.0,30680.0,0.0
2026-04-27T21:00:00+02:00,7040.0,8840.0,0.0,8119.0,0.0,0.0,0.0,0.0,8000.0,8560.0,4000.0,0.0,0.0,0.0,0.0,5920.0,0.0,7040.0,7120.0,0.0,3040.0,0.0,0.0,0.0,0.0,3040.0,3040.0,4000.0,0.0,0.0,0.0,0.0,5200.0,0.0,7040.0,15960.0,0.0,279758.0,0.0,0.0,0.0,0.0,121400.0,277120.0,4000.0,0.0,0.0,0.0,0.0,11120.0,0.0
2026-04-27T22:00:00+02:00,0.0,0.0,0.0,6120.0,0.0,0.0,0.0,0.0,0.0,8800.0,0.0,0.0,0.0,0.0,0.0,6040.0,0.0,0.0,0.0,0.0,3040.0,0.0,0.0,0.0,0.0,0.0,3240.0,0.0,0.0,0.0,0.0,0.0,6040.0,0.0,0.0,0.0,0.0,115320.0,0.0,0.0,0.0,0.0,0.0,92960.0,0.0,0.0,0.0,0.0,0.0,6040.0,0.0
2026-04-27T23:00:00+02:00,0.0,8720.0,0.0,7640.0,0.0,0.0,0.0,0.0,0.0,7520.0,0.0,0.0,0.0,0.0,0.0,0.0,0.0,0.0,8720.0,0.0,3080.0,0.0,0.0,0.0,0.0,0.0,3760.0,0.0,0.0,0.0,0.0,0.0,0.0,0.0,0.0,8720.0,0.0,219320.0,0.0,0.0,0.0,0.0,0.0,77320.0,0.0,0.0,0.0,0.0,0.0,0.0,0.0
2026-04-28T00:00:00+02:00,0.0,0.0,0.0,6000.0,0.0,0.0,0.0,0.0,0.0,4480.0,0.0,0.0,0.0,0.0,0.0,0.0,0.0,0.0,0.0,0.0,3480.0,0.0,0.0,0.0,0.0,0.0,3280.0,0.0,0.0,0.0,0.0,0.0,0.0,0.0,0.0,0.0,0.0,36360.0,0.0,0.0,0.0,0.0,0.0,18800.0,0.0,0.0,0.0,0.0,0.0,0.0,0.0
2026-04-28T01:00:00+02:00,0.0,0.0,0.0,8000.0,0.0,0.0,0.0,0.0,0.0,7520.0,0.0,0.0,0.0,0.0,0.0,0.0,0.0,0.0,0.0,0.0,3120.0,0.0,0.0,0.0,0.0,0.0,3680.0,0.0,0.0,0.0,0.0,0.0,0.0,0.0,0.0,0.0,0.0,121760.0,0.0,0.0,0.0,0.0,0.0,15200.0,0.0,0.0,0.0,0.0,0.0,0.0,0.0
2026-04-28T02:00:00+02:00,0.0,8560.0,0.0,6000.0,0.0,0.0,0.0,0.0,0.0,5000.0,0.0,0.0,0.0,0.0,0.0,0.0,0.0,0.0,8560.0,0.0,3120.0,0.0,0.0,0.0,0.0,0.0,3640.0,0.0,0.0,0.0,0.0,0.0,0.0,0.0,0.0,8560.0,0.0,53400.0,0.0,0.0,0.0,0.0,0.0,8640.0,0.0,0.0,0.0,0.0,0.0,0.0,0.0
2026-04-28T03:00:00+02:00,0.0,0.0,0.0,7040.0,0.0,0.0,0.0,0.0,6160.0,6920.0,0.0,4240.0,0.0,0.0,0.0,0.0,0.0,0.0,0.0,0.0,3400.0,0.0,0.0,0.0,0.0,6160.0,3520.0,0.0,4240.0,0.0,0.0,0.0,0.0,0.0,0.0,0.0,0.0,45760.0,0.0,0.0,0.0,0.0,6160.0,19320.0,0.0,4240.0,0.0,0.0,0.0,0.0,0.0
2026-04-28T04:00:00+02:00,0.0,0.0,0.0,3440.0,0.0,0.0,0.0,0.0,0.0,6000.0,0.0,0.0,0.0,0.0,0.0,0.0,0.0,0.0,0.0,0.0,3440.0,0.0,0.0,0.0,0.0,0.0,3040.0,0.0,0.0,0.0,0.0,0.0,0.0,0.0,0.0,0.0,0.0,3440.0,0.0,0.0,0.0,0.0,0.0,26120.0,0.0,0.0,0.0,0.0,0.0,0.0,0.0
2026-04-28T05:00:00+02:00,6040.0,3600.0,0.0,8720.0,0.0,0.0,0.0,4080.0,8760.0,8039.0,0.0,0.0,0.0,0.0,0.0,8039.0,0.0,6040.0,3600.0,0.0,3040.0,0.0,0.0,0.0,4080.0,3040.0,3040.0,0.0,0.0,0.0,0.0,0.0,3240.0,0.0,6040.0,3600.0,0.0,687594.0,0.0,0.0,0.0,4080.0,1819500.0,198998.0,0.0,0.0,0.0,0.0,0.0,102639.0,0.0
2026-04-28T06:00:00+02:00,0.0,8360.0,0.0,8800.0,5760.0,0.0,0.0,6800.0,8400.0,8760.0,0.0,0.0,0.0,0.0,0.0,8680.0,0.0,0.0,4680.0,0.0,3120.0,3040.0,0.0,0.0,6800.0,3040.0,3120.0,0.0,0.0,0.0,0.0,0.0,4000.0,0.0,0.0,20840.0,0.0,888599.0,28720.0,0.0,0.0,6800.0,539719.0,317119.0,0.0,0.0,0.0,0.0,0.0,29760.0,0.0
2026-04-28T07:00:00+02:00,4320.0,6600.0,0.0,8760.0,0.0,0.0,0.0,7960.0,8000.0,8680.0,0.0,5920.0,0.0,0.0,0.0,8080.0,0.0,4320.0,3360.0,0.0,3160.0,0.0,0.0,0.0,3720.0,3120.0,3080.0,0.0,3880.0,0.0,0.0,0.0,3080.0,0.0,4320.0,38240.0,0.0,642480.0,0.0,0.0,0.0,40360.0,141320.0,566638.0,0.0,9800.0,0.0,0.0,0.0,96040.0,0.0
2026-04-28T08:00:00+02:00,3840.0,8000.0,0.0,8039.0,0.0,0.0,0.0,5480.0,8160.0,8640.0,5120.0,5800.0,0.0,0.0,0.0,8440.0,0.0,3840.0,3280.0,0.0,3360.0,0.0,0.0,0.0,3280.0,3600.0,3040.0,4200.0,3480.0,0.0,0.0,0.0,3080.0,0.0,3840.0,44840.0,0.0,196479.0,0.0,0.0,0.0,20960.0,55880.0,471480.0,13880.0,21280.0,0.0,0.0,0.0,242519.0,0.0
2026-04-28T09:00:00+02:00,5240.0,8520.0,0.0,8119.0,0.0,0.0,0.0,6360.0,5800.0,8480.0,4600.0,0.0,0.0,0.0,0.0,8039.0,0.0,5240.0,3120.0,0.0,3280.0,0.0,0.0,0.0,3640.0,3880.0,3040.0,4120.0,0.0,0.0,0.0,0.0,3120.0,0.0,5240.0,43080.0,0.0,243959.0,0.0,0.0,0.0,14400.0,48360.0,537759.0,12880.0,0.0,0.0,0.0,0.0,147159.0,0.0
2026-04-28T10:00:00+02:00,8000.0,8000.0,0.0,8760.0,0.0,0.0,0.0,5080.0,8280.0,8560.0,4960.0,0.0,0.0,0.0,0.0,5720.0,0.0,3440.0,3040.0,0.0,3240.0,0.0,0.0,0.0,3360.0,3480.0,3040.0,4960.0,0.0,0.0,0.0,0.0,3240.0,0.0,47680.0,67160.0,0.0,573594.0,0.0,0.0,0.0,12720.0,154520.0,1034639.0,4960.0,0.0,0.0,0.0,0.0,22760.0,0.0
2026-04-28T11:00:00+02:00,4600.0,8360.0,0.0,8640.0,0.0,0.0,0.0,8000.0,8800.0,8760.0,6000.0,0.0,0.0,0.0,0.0,6840.0,0.0,3120.0,3120.0,0.0,3080.0,0.0,0.0,0.0,3040.0,3040.0,3040.0,3120.0,0.0,0.0,0.0,0.0,6840.0,0.0,11080.0,114000.0,0.0,558319.0,0.0,0.0,0.0,78840.0,860840.0,1679999.0,39200.0,0.0,0.0,0.0,0.0,6840.0,0.0
2026-04-28T12:00:00+02:00,3640.0,8640.0,0.0,7880.0,0.0,0.0,0.0,0.0,8720.0,8720.0,6400.0,6720.0,0.0,0.0,0.0,0.0,0.0,3120.0,3040.0,0.0,3080.0,0.0,0.0,0.0,0.0,3080.0,3040.0,4960.0,3640.0,0.0,0.0,0.0,0.0,0.0,6760.0,68520.0,0.0,159000.0,0.0,0.0,0.0,0.0,1069436.0,2062827.0,11360.0,42480.0,0.0,0.0,0.0,0.0,0.0
2026-04-28T13:00:00+02:00,5200.0,8600.0,0.0,8000.0,0.0,0.0,0.0,6040.0,8560.0,8800.0,8480.0,3840.0,0.0,0.0,0.0,0.0,4840.0,5200.0,3400.0,0.0,3280.0,0.0,0.0,0.0,3800.0,3040.0,3040.0,3240.0,3840.0,0.0,0.0,0.0,0.0,4840.0,5200.0,38400.0,0.0,135360.0,0.0,0.0,0.0,9840.0,796716.0,1921035.0,162240.0,3840.0,0.0,0.0,0.0,0.0,4840.0
2026-04-28T14:00:00+02:00,4080.0,8520.0,0.0,6800.0,0.0,0.0,0.0,7920.0,8240.0,8760.0,8720.0,7600.0,0.0,0.0,0.0,5400.0,3200.0,3080.0,3720.0,0.0,3120.0,0.0,0.0,0.0,3520.0,3040.0,3040.0,3200.0,7120.0,0.0,0.0,0.0,5400.0,3200.0,21120.0,40120.0,0.0,93880.0,0.0,0.0,0.0,29880.0,228757.0,1040994.0,127280.0,14720.0,0.0,0.0,0.0,5400.0,3200.0
2026-04-28T15:00:00+02:00,6360.0,8000.0,0.0,7920.0,0.0,0.0,0.0,6720.0,8360.0,8640.0,8000.0,0.0,0.0,0.0,0.0,0.0,5120.0,3040.0,3080.0,0.0,3120.0,0.0,0.0,0.0,3480.0,3840.0,3040.0,3280.0,0.0,0.0,0.0,0.0,0.0,3200.0,40440.0,216840.0,0.0,108080.0,0.0,0.0,0.0,21240.0,68479.0,717199.0,79200.0,0.0,0.0,0.0,0.0,0.0,8320.0
2026-04-28T16:00:00+02:00,8400.0,8039.0,0.0,8600.0,7600.0,0.0,0.0,8480.0,8520.0,8680.0,7960.0,0.0,0.0,0.0,0.0,7960.0,0.0,3200.0,3200.0,0.0,3040.0,7600.0,0.0,0.0,3200.0,3200.0,3040.0,3240.0,0.0,0.0,0.0,0.0,3280.0,0.0,77880.0,66639.0,0.0,616040.0,7600.0,0.0,0.0,260639.0,197040.0,1601638.0,53920.0,0.0,0.0,0.0,0.0,38600.0,0.0
2026-04-28T17:00:00+02:00,6280.0,7760.0,0.0,8800.0,8000.0,0.0,0.0,7680.0,8760.0,8760.0,6920.0,0.0,0.0,0.0,0.0,5760.0,0.0,3280.0,3120.0,0.0,3040.0,3320.0,0.0,0.0,6000.0,3080.0,3040.0,3600.0,0.0,0.0,0.0,0.0,5760.0,0.0,55800.0,68440.0,0.0,885558.0,68200.0,0.0,0.0,31680.0,523880.0,1594674.0,26160.0,0.0,0.0,0.0,0.0,5760.0,0.0
2026-04-28T18:00:00+02:00,8800.0,8039.0,0.0,8720.0,6000.0,0.0,0.0,0.0,7040.0,8800.0,6640.0,0.0,0.0,0.0,0.0,7800.0,4760.0,3040.0,3280.0,0.0,3040.0,3160.0,0.0,0.0,0.0,3240.0,3040.0,3040.0,0.0,0.0,0.0,0.0,5880.0,4760.0,65720.0,36999.0,0.0,1006595.0,24320.0,0.0,0.0,0.0,163400.0,1005357.0,19760.0,0.0,0.0,0.0,0.0,13680.0,4760.0
2026-04-28T19:00:00+02:00,5280.0,8520.0,0.0,8440.0,3880.0,0.0,0.0,0.0,8000.0,8800.0,8560.0,8039.0,0.0,0.0,0.0,7200.0,0.0,3240.0,3120.0,0.0,3040.0,3880.0,0.0,0.0,0.0,3280.0,3040.0,3120.0,3600.0,0.0,0.0,0.0,3040.0,0.0,29360.0,51640.0,0.0,671917.0,3880.0,0.0,0.0,0.0,111360.0,693358.0,47480.0,27999.0,0.0,0.0,0.0,51200.0,0.0
2026-04-28T20:00:00+02:00,5000.0,8400.0,0.0,8720.0,0.0,3840.0,0.0,0.0,8640.0,8720.0,8440.0,0.0,0.0,0.0,0.0,8200.0,0.0,3080.0,3440.0,0.0,3080.0,0.0,3840.0,0.0,0.0,3080.0,3040.0,3280.0,0.0,0.0,0.0,0.0,3120.0,0.0,8080.0,51000.0,0.0,426960.0,0.0,3840.0,0.0,0.0,158480.0,377240.0,11720.0,0.0,0.0,0.0,0.0,78440.0,0.0
2026-04-28T21:00:00+02:00,8480.0,8000.0,0.0,8039.0,3040.0,0.0,0.0,0.0,8160.0,8480.0,8680.0,5320.0,0.0,0.0,0.0,7640.0,0.0,3040.0,3080.0,0.0,3040.0,3040.0,0.0,0.0,0.0,3080.0,3120.0,5360.0,3040.0,0.0,0.0,0.0,6880.0,0.0,31840.0,69000.0,0.0,383958.0,3040.0,0.0,0.0,0.0,226120.0,707559.0,63120.0,16280.0,0.0,0.0,0.0,14520.0,0.0
2026-04-28T22:00:00+02:00,6160.0,8520.0,0.0,8000.0,0.0,0.0,0.0,0.0,0.0,8800.0,0.0,0.0,0.0,0.0,0.0,0.0,0.0,3560.0,8520.0,0.0,3040.0,0.0,0.0,0.0,0.0,0.0,3040.0,0.0,0.0,0.0,0.0,0.0,0.0,0.0,20680.0,8520.0,0.0,169720.0,0.0,0.0,0.0,0.0,0.0,248080.0,0.0,0.0,0.0,0.0,0.0,0.0,0.0
2026-04-28T23:00:00+02:00,0.0,5520.0,0.0,8039.0,0.0,0.0,0.0,0.0,4560.0,8520.0,0.0,0.0,0.0,0.0,0.0,0.0,0.0,0.0,5520.0,0.0,3200.0,0.0,0.0,0.0,0.0,4560.0,3280.0,0.0,0.0,0.0,0.0,0.0,0.0,0.0,0.0,5520.0,0.0,69038.0,0.0,0.0,0.0,0.0,4560.0,177560.0,0.0,0.0,0.0,0.0,0.0,0.0,0.0
2026-04-29T00:00:00+02:00,0.0,0.0,0.0,3640.0,0.0,0.0,0.0,0.0,0.0,7720.0,0.0,0.0,0.0,0.0,0.0,0.0,0.0,0.0,0.0,0.0,3640.0,0.0,0.0,0.0,0.0,0.0,3320.0,0.0,0.0,0.0,0.0,0.0,0.0,0.0,0.0,0.0,0.0,3640.0,0.0,0.0,0.0,0.0,0.0,21680.0,0.0,0.0,0.0,0.0,0.0,0.0,0.0
2026-04-29T01:00:00+02:00,0.0,0.0,0.0,3920.0,0.0,0.0,0.0,0.0,0.0,6640.0,0.0,0.0,0.0,0.0,0.0,0.0,0.0,0.0,0.0,0.0,3920.0,0.0,0.0,0.0,0.0,0.0,6640.0,0.0,0.0,0.0,0.0,0.0,0.0,0.0,0.0,0.0,0.0,3920.0,0.0,0.0,0.0,0.0,0.0,6640.0,0.0,0.0,0.0,0.0,0.0,0.0,0.0
2026-04-29T02:00:00+02:00,0.0,0.0,0.0,6040.0,0.0,0.0,0.0,0.0,0.0,3800.0,0.0,0.0,0.0,0.0,0.0,0.0,0.0,0.0,0.0,0.0,3040.0,0.0,0.0,0.0,0.0,0.0,3080.0,0.0,0.0,0.0,0.0,0.0,0.0,0.0,0.0,0.0,0.0,29680.0,0.0,0.0,0.0,0.0,0.0,13360.0,0.0,0.0,0.0,0.0,0.0,0.0,0.0
2026-04-29T03:00:00+02:00,4000.0,0.0,0.0,5880.0,0.0,0.0,0.0,0.0,8000.0,5280.0,0.0,0.0,0.0,0.0,0.0,0.0,0.0,3960.0,0.0,0.0,3280.0,0.0,0.0,0.0,0.0,6800.0,3040.0,0.0,0.0,0.0,0.0,0.0,0.0,0.0,7960.0,0.0,0.0,30440.0,0.0,0.0,0.0,0.0,14800.0,30920.0,0.0,0.0,0.0,0.0,0.0,0.0,0.0
2026-04-29T04:00:00+02:00,8160.0,0.0,0.0,0.0,0.0,0.0,0.0,8000.0,7080.0,8000.0,0.0,0.0,0.0,0.0,0.0,8000.0,0.0,3040.0,0.0,0.0,0.0,0.0,0.0,0.0,6000.0,4000.0,3080.0,0.0,0.0,0.0,0.0,0.0,3040.0,0.0,92080.0,0.0,0.0,0.0,0.0,0.0,0.0,20000.0,11080.0,176880.0,0.0,0.0,0.0,0.0,0.0,90040.0,0.0
2026-04-29T05:00:00+02:00,5960.0,0.0,0.0,8039.0,0.0,0.0,0.0,8000.0,8160.0,8600.0,0.0,0.0,0.0,0.0,0.0,8000.0,0.0,3320.0,0.0,0.0,3080.0,0.0,0.0,0.0,3400.0,3040.0,3240.0,0.0,0.0,0.0,0.0,0.0,3240.0,0.0,17120.0,0.0,0.0,314718.0,0.0,0.0,0.0,18880.0,851598.0,58319.0,0.0,0.0,0.0,0.0,0.0,240280.0,0.0
2026-04-29T06:00:00+02:00,8039.0,7720.0,0.0,8320.0,0.0,0.0,0.0,8480.0,8000.0,8760.0,0.0,0.0,0.0,0.0,0.0,8480.0,0.0,3920.0,3240.0,0.0,3040.0,0.0,0.0,0.0,4000.0,3160.0,3080.0,0.0,0.0,0.0,0.0,0.0,3320.0,0.0,21479.0,29440.0,0.0,529878.0,0.0,0.0,0.0,56240.0,213880.0,169840.0,0.0,0.0,0.0,0.0,0.0,193320.0,0.0
2026-04-29T07:00:00+02:00,5840.0,8640.0,0.0,8760.0,0.0,0.0,0.0,7800.0,8000.0,8480.0,0.0,5960.0,0.0,0.0,0.0,8360.0,0.0,4000.0,3240.0,0.0,3080.0,0.0,0.0,0.0,3480.0,3080.0,3120.0,0.0,3320.0,0.0,0.0,0.0,3480.0,0.0,18880.0,72760.0,0.0,371160.0,0.0,0.0,0.0,30360.0,97720.0,195480.0,0.0,13280.0,0.0,0.0,0.0,131960.0,0.0
2026-04-29T08:00:00+02:00,8640.0,8640.0,0.0,8360.0,0.0,0.0,0.0,8000.0,3040.0,8760.0,7600.0,0.0,0.0,0.0,0.0,8000.0,0.0,3120.0,4240.0,0.0,3040.0,0.0,0.0,0.0,4000.0,3040.0,3040.0,3280.0,0.0,0.0,0.0,0.0,3080.0,0.0,97880.0,29560.0,0.0,190720.0,0.0,0.0,0.0,26320.0,3040.0,1005796.0,30320.0,0.0,0.0,0.0,0.0,116440.0,0.0
2026-04-29T09:00:00+02:00,6680.0,8360.0,0.0,8520.0,0.0,0.0,0.0,3200.0,8000.0,8760.0,8000.0,0.0,0.0,0.0,0.0,8640.0,0.0,3040.0,3040.0,0.0,3120.0,0.0,0.0,0.0,3200.0,3200.0,3040.0,3280.0,0.0,0.0,0.0,0.0,3040.0,0.0,23520.0,47000.0,0.0,530317.0,0.0,0.0,0.0,3200.0,192920.0,1694994.0,37400.0,0.0,0.0,0.0,0.0,137959.0,0.0
2026-04-29T10:00:00+02:00,0.0,8560.0,3840.0,8320.0,0.0,0.0,0.0,8800.0,7120.0,8760.0,8560.0,0.0,0.0,0.0,0.0,8000.0,0.0,0.0,3760.0,3840.0,3040.0,0.0,0.0,0.0,3040.0,3160.0,3040.0,3040.0,0.0,0.0,0.0,0.0,3040.0,0.0,0.0,12320.0,3840.0,326320.0,0.0,0.0,0.0,85080.0,36160.0,1205319.0,69000.0,0.0,0.0,0.0,0.0,129800.0,0.0
2026-04-29T11:00:00+02:00,8000.0,7200.0,0.0,8320.0,0.0,0.0,0.0,8440.0,8520.0,8720.0,8560.0,0.0,0.0,0.0,0.0,8000.0,0.0,3080.0,3360.0,0.0,3040.0,0.0,0.0,0.0,3040.0,3040.0,3040.0,3040.0,0.0,0.0,0.0,0.0,3280.0,0.0,78520.0,39040.0,0.0,423559.0,0.0,0.0,0.0,80680.0,187880.0,1748277.0,164880.0,0.0,0.0,0.0,0.0,62800.0,0.0
2026-04-29T12:00:00+02:00,0.0,7760.0,0.0,8800.0,3920.0,0.0,0.0,6040.0,8600.0,8800.0,8720.0,4360.0,0.0,0.0,0.0,5960.0,0.0,0.0,3880.0,0.0,3600.0,3560.0,0.0,0.0,4040.0,3040.0,3040.0,3640.0,3560.0,0.0,0.0,0.0,4080.0,0.0,0.0,29600.0,0.0,116000.0,7480.0,0.0,0.0,19640.0,358119.0,1317194.0,72880.0,11920.0,0.0,0.0,0.0,10040.0,0.0
2026-04-29T13:00:00+02:00,6000.0,7960.0,0.0,7920.0,0.0,0.0,0.0,8080.0,8680.0,8760.0,7120.0,7880.0,0.0,0.0,0.0,0.0,0.0,3280.0,3040.0,0.0,3400.0,0.0,0.0,0.0,4040.0,3120.0,3040.0,3080.0,7880.0,0.0,0.0,0.0,0.0,0.0,22560.0,32400.0,0.0,58440.0,0.0,0.0,0.0,16760.0,369320.0,698278.0,56440.0,7880.0,0.0,0.0,0.0,0.0,0.0
2026-04-29T14:00:00+02:00,5880.0,6640.0,0.0,8760.0,0.0,0.0,0.0,8320.0,8480.0,8760.0,8280.0,0.0,0.0,0.0,0.0,0.0,6000.0,3080.0,3400.0,0.0,3160.0,0.0,0.0,0.0,3120.0,3400.0,3040.0,3080.0,0.0,0.0,0.0,0.0,0.0,4040.0,43160.0,50560.0,0.0,264600.0,0.0,0.0,0.0,107598.0,70960.0,1856354.0,174679.0,0.0,0.0,0.0,0.0,0.0,10040.0
2026-04-29T15:00:00+02:00,5960.0,7960.0,0.0,8720.0,3320.0,0.0,0.0,8520.0,8360.0,8720.0,8600.0,0.0,4000.0,0.0,0.0,0.0,6000.0,3080.0,3080.0,0.0,3040.0,3320.0,0.0,0.0,3160.0,3480.0,3040.0,3360.0,0.0,4000.0,0.0,0.0,0.0,6000.0,33200.0,85320.0,0.0,429839.0,3320.0,0.0,0.0,182080.0,113800.0,2293634.0,214799.0,0.0,4000.0,0.0,0.0,0.0,6000.0
2026-04-29T16:00:00+02:00,8000.0,4800.0,0.0,8760.0,0.0,0.0,0.0,7000.0,8680.0,8720.0,8680.0,0.0,0.0,0.0,0.0,0.0,5840.0,8000.0,3040.0,0.0,3080.0,0.0,0.0,0.0,4000.0,3280.0,3040.0,3160.0,0.0,0.0,0.0,0.0,0.0,5840.0,8000.0,15440.0,0.0,304680.0,0.0,0.0,0.0,65120.0,160960.0,1713237.0,187760.0,0.0,0.0,0.0,0.0,0.0,5840.0
2026-04-29T17:00:00+02:00,8360.0,7920.0,8520.0,8039.0,0.0,0.0,0.0,3240.0,8400.0,8760.0,6400.0,0.0,0.0,0.0,0.0,0.0,4000.0,3040.0,3360.0,8520.0,3080.0,0.0,0.0,0.0,3240.0,3160.0,3040.0,4000.0,0.0,0.0,0.0,0.0,0.0,4000.0,72680.0,122360.0,8520.0,175198.0,0.0,0.0,0.0,3240.0,311600.0,1136836.0,19320.0,0.0,0.0,0.0,0.0,0.0,4000.0
2026-04-29T18:00:00+02:00,8560.0,8400.0,0.0,8600.0,5920.0,0.0,0.0,0.0,8360.0,8720.0,7560.0,0.0,3440.0,0.0,0.0,0.0,4720.0,3280.0,3160.0,0.0,3160.0,3240.0,0.0,0.0,0.0,3200.0,3080.0,6440.0,0.0,3440.0,0.0,0.0,0.0,4720.0,107360.0,48640.0,0.0,306800.0,48240.0,0.0,0.0,0.0,55279.0,538800.0,14000.0,0.0,3440.0,0.0,0.0,0.0,4720.0
2026-04-29T19:00:00+02:00,8000.0,8200.0,0.0,8520.0,6440.0,0.0,0.0,0.0,8640.0,8760.0,8200.0,0.0,0.0,0.0,0.0,3840.0,0.0,3280.0,3360.0,0.0,3040.0,3400.0,0.0,0.0,0.0,3320.0,3040.0,3040.0,0.0,0.0,0.0,0.0,3840.0,0.0,52240.0,53600.0,0.0,467719.0,32360.0,0.0,0.0,0.0,164000.0,679756.0,32160.0,0.0,0.0,0.0,0.0,3840.0,0.0
2026-04-29T20:00:00+02:00,7560.0,8560.0,0.0,8680.0,8119.0,0.0,0.0,0.0,8000.0,8760.0,4600.0,8000.0,0.0,0.0,0.0,0.0,8760.0,3200.0,3240.0,0.0,3080.0,3280.0,0.0,0.0,0.0,3040.0,3040.0,4600.0,3200.0,0.0,0.0,0.0,0.0,3520.0,49720.0,116439.0,0.0,666320.0,173159.0,0.0,0.0,0.0,490400.0,1143397.0,4600.0,168680.0,0.0,0.0,0.0,0.0,49360.0
2026-04-29T21:00:00+02:00,8520.0,7680.0,0.0,8039.0,7960.0,0.0,0.0,0.0,8039.0,8680.0,8160.0,7960.0,0.0,0.0,0.0,5040.0,0.0,5880.0,3440.0,0.0,3040.0,3240.0,0.0,0.0,0.0,3280.0,3120.0,3120.0,3560.0,0.0,0.0,0.0,5040.0,0.0,27320.0,92720.0,0.0,431837.0,68320.0,0.0,0.0,0.0,150079.0,416600.0,29320.0,83720.0,0.0,0.0,0.0,5040.0,0.0
2026-04-29T22:00:00+02:00,0.0,6520.0,0.0,8000.0,0.0,0.0,0.0,0.0,5040.0,8640.0,0.0,4280.0,0.0,0.0,0.0,0.0,0.0,0.0,3480.0,0.0,3080.0,0.0,0.0,0.0,0.0,5040.0,3080.0,0.0,3840.0,0.0,0.0,0.0,0.0,0.0,0.0,10000.0,0.0,164000.0,0.0,0.0,0.0,0.0,5040.0,215559.0,0.0,8120.0,0.0,0.0,0.0,0.0,0.0
2026-04-29T23:00:00+02:00,0.0,6040.0,0.0,7840.0,0.0,0.0,0.0,0.0,0.0,8440.0,0.0,3680.0,0.0,0.0,0.0,0.0,0.0,0.0,3600.0,0.0,3200.0,0.0,0.0,0.0,0.0,0.0,3120.0,0.0,3680.0,0.0,0.0,0.0,0.0,0.0,0.0,9640.0,0.0,21760.0,0.0,0.0,0.0,0.0,0.0,73280.0,0.0,3680.0,0.0,0.0,0.0,0.0,0.0
2026-04-30T00:00:00+02:00,0.0,3200.0,0.0,8400.0,0.0,0.0,0.0,0.0,0.0,8200.0,0.0,3680.0,0.0,0.0,0.0,0.0,0.0,0.0,3200.0,0.0,3040.0,0.0,0.0,0.0,0.0,0.0,3400.0,0.0,3680.0,0.0,0.0,0.0,0.0,0.0,0.0,3200.0,0.0,376919.0,0.0,0.0,0.0,0.0,0.0,97720.0,0.0,3680.0,0.0,0.0,0.0,0.0,0.0
2026-04-30T01:00:00+02:00,0.0,0.0,0.0,8720.0,0.0,0.0,0.0,0.0,0.0,8760.0,0.0,3240.0,0.0,0.0,0.0,0.0,0.0,0.0,0.0,0.0,3040.0,0.0,0.0,0.0,0.0,0.0,3280.0,0.0,3240.0,0.0,0.0,0.0,0.0,0.0,0.0,0.0,0.0,704795.0,0.0,0.0,0.0,0.0,0.0,98480.0,0.0,3240.0,0.0,0.0,0.0,0.0,0.0
2026-04-30T02:00:00+02:00,0.0,0.0,0.0,8280.0,0.0,0.0,0.0,0.0,0.0,6280.0,0.0,0.0,0.0,0.0,0.0,0.0,0.0,0.0,0.0,0.0,3080.0,0.0,0.0,0.0,0.0,0.0,3320.0,0.0,0.0,0.0,0.0,0.0,0.0,0.0,0.0,0.0,0.0,629680.0,0.0,0.0,0.0,0.0,0.0,13640.0,0.0,0.0,0.0,0.0,0.0,0.0,0.0
2026-04-30T03:00:00+02:00,0.0,6480.0,0.0,8320.0,0.0,0.0,0.0,0.0,7920.0,7960.0,0.0,0.0,0.0,0.0,0.0,0.0,0.0,0.0,4440.0,0.0,3160.0,0.0,0.0,0.0,0.0,3120.0,3040.0,0.0,0.0,0.0,0.0,0.0,0.0,0.0,0.0,15520.0,0.0,220680.0,0.0,0.0,0.0,0.0,20200.0,62040.0,0.0,0.0,0.0,0.0,0.0,0.0,0.0
2026-04-30T04:00:00+02:00,0.0,5240.0,0.0,8400.0,0.0,0.0,0.0,0.0,4280.0,6000.0,0.0,0.0,0.0,0.0,0.0,5400.0,0.0,0.0,3280.0,0.0,3040.0,0.0,0.0,0.0,0.0,4280.0,3080.0,0.0,0.0,0.0,0.0,0.0,3120.0,0.0,0.0,12520.0,0.0,221320.0,0.0,0.0,0.0,0.0,4280.0,44960.0,0.0,0.0,0.0,0.0,0.0,12560.0,0.0
2026-04-30T05:00:00+02:00,6880.0,4000.0,0.0,8000.0,8000.0,0.0,0.0,3200.0,8640.0,8440.0,0.0,0.0,0.0,0.0,0.0,8000.0,0.0,3440.0,3640.0,0.0,3280.0,3040.0,0.0,0.0,3040.0,3040.0,3680.0,0.0,0.0,0.0,0.0,0.0,3120.0,0.0,36360.0,11640.0,0.0,192800.0,122560.0,0.0,0.0,6240.0,417520.0,128320.0,0.0,0.0,0.0,0.0,0.0,83760.0,0.0
2026-04-30T06:00:00+02:00,5840.0,8000.0,0.0,8320.0,8080.0,0.0,0.0,7520.0,8119.0,8720.0,8320.0,0.0,0.0,0.0,0.0,8119.0,0.0,4000.0,3080.0,0.0,3080.0,3040.0,0.0,0.0,3400.0,3400.0,3080.0,5880.0,0.0,0.0,0.0,0.0,3080.0,0.0,9840.0,210720.0,0.0,464200.0,80640.0,0.0,0.0,33920.0,83799.0,387997.0,14200.0,0.0,0.0,0.0,0.0,307999.0,0.0
2026-04-30T07:00:00+02:00,5680.0,8440.0,0.0,8039.0,0.0,0.0,0.0,0.0,7720.0,8720.0,7840.0,5960.0,0.0,0.0,0.0,8440.0,0.0,5680.0,3040.0,0.0,3040.0,0.0,0.0,0.0,0.0,3400.0,3040.0,3960.0,3640.0,0.0,0.0,0.0,3240.0,0.0,5680.0,143000.0,0.0,368798.0,0.0,0.0,0.0,0.0,19760.0,823676.0,18560.0,23400.0,0.0,0.0,0.0,114960.0,0.0
2026-04-30T08:00:00+02:00,6000.0,6840.0,0.0,8400.0,7840.0,0.0,0.0,8720.0,8480.0,8400.0,4000.0,0.0,0.0,0.0,0.0,8280.0,0.0,3560.0,3440.0,0.0,3040.0,3680.0,0.0,0.0,3200.0,3040.0,3080.0,3640.0,0.0,0.0,0.0,0.0,3160.0,0.0,13560.0,90480.0,0.0,451720.0,15520.0,0.0,0.0,65360.0,369040.0,434680.0,23200.0,0.0,0.0,0.0,0.0,162040.0,0.0
2026-04-30T09:00:00+02:00,7560.0,6960.0,0.0,8280.0,5760.0,0.0,0.0,8560.0,7840.0,8680.0,8560.0,0.0,0.0,0.0,0.0,8520.0,0.0,3520.0,3080.0,0.0,3120.0,5760.0,0.0,0.0,3320.0,3040.0,3040.0,3200.0,0.0,0.0,0.0,0.0,3240.0,0.0,16920.0,48240.0,0.0,374632.0,5760.0,0.0,0.0,69400.0,173640.0,361678.0,74640.0,0.0,0.0,0.0,0.0,93400.0,0.0
2026-04-30T10:00:00+02:00,4000.0,6960.0,0.0,8280.0,0.0,0.0,0.0,6000.0,8400.0,8760.0,8640.0,4760.0,6320.0,0.0,0.0,8000.0,0.0,3600.0,3040.0,0.0,3040.0,0.0,0.0,0.0,3680.0,3040.0,3040.0,3080.0,4760.0,3040.0,0.0,0.0,3440.0,0.0,15520.0,68880.0,0.0,192680.0,0.0,0.0,0.0,18480.0,168160.0,920037.0,83320.0,4760.0,51400.0,0.0,0.0,58760.0,0.0
2026-04-30T11:00:00+02:00,0.0,8200.0,0.0,8320.0,0.0,0.0,0.0,4000.0,8760.0,8760.0,8760.0,0.0,0.0,0.0,0.0,0.0,5920.0,0.0,3320.0,0.0,3040.0,0.0,0.0,0.0,4000.0,3040.0,3040.0,3040.0,0.0,0.0,0.0,0.0,0.0,5920.0,0.0,39080.0,0.0,330199.0,0.0,0.0,0.0,4000.0,805519.0,1445398.0,211239.0,0.0,0.0,0.0,0.0,0.0,5920.0
2026-04-30T12:00:00+02:00,3040.0,8520.0,0.0,8000.0,0.0,0.0,0.0,6520.0,8640.0,8760.0,8039.0,0.0,0.0,0.0,0.0,6560.0,0.0,3040.0,3280.0,0.0,3200.0,0.0,0.0,0.0,3200.0,3040.0,3040.0,3040.0,0.0,0.0,0.0,0.0,4760.0,0.0,3040.0,44520.0,0.0,83400.0,0.0,0.0,0.0,100640.0,690199.0,2016316.0,205519.0,0.0,0.0,0.0,0.0,11320.0,0.0
2026-04-30T13:00:00+02:00,5200.0,7840.0,0.0,8119.0,0.0,0.0,0.0,6680.0,8720.0,8760.0,8400.0,0.0,0.0,0.0,0.0,0.0,3200.0,5200.0,3480.0,0.0,3800.0,0.0,0.0,0.0,3640.0,3080.0,3040.0,3640.0,0.0,0.0,0.0,0.0,0.0,3200.0,5200.0,15360.0,0.0,85439.0,0.0,0.0,0.0,44520.0,850716.0,1584476.0,129719.0,0.0,0.0,0.0,0.0,0.0,3200.0
2026-04-30T14:00:00+02:00,6200.0,7720.0,0.0,8080.0,0.0,0.0,0.0,8480.0,8680.0,8760.0,8640.0,0.0,0.0,0.0,0.0,0.0,0.0,3080.0,3240.0,0.0,3160.0,0.0,0.0,0.0,3120.0,3040.0,3040.0,3720.0,0.0,0.0,0.0,0.0,0.0,0.0,18200.0,56800.0,0.0,128760.0,0.0,0.0,0.0,34000.0,348960.0,1172797.0,103480.0,0.0,0.0,0.0,0.0,0.0,0.0
2026-04-30T15:00:00+02:00,6320.0,8640.0,0.0,8720.0,4000.0,0.0,0.0,8039.0,6560.0,8760.0,8680.0,0.0,4000.0,0.0,0.0,8280.0,8400.0,3360.0,3800.0,0.0,3080.0,3480.0,0.0,0.0,3320.0,3040.0,3040.0,3120.0,0.0,4000.0,0.0,0.0,8280.0,3600.0,40720.0,142159.0,0.0,212640.0,7480.0,0.0,0.0,28599.0,35680.0,553599.0,122840.0,0.0,4000.0,0.0,0.0,8280.0,54600.0
2026-04-30T16:00:00+02:00,7960.0,8160.0,0.0,8560.0,0.0,0.0,0.0,7080.0,7880.0,8760.0,8600.0,4440.0,8440.0,0.0,0.0,0.0,8360.0,4000.0,3520.0,0.0,3040.0,0.0,0.0,0.0,7080.0,3280.0,3040.0,3160.0,3640.0,8440.0,0.0,0.0,0.0,3280.0,16480.0,102920.0,0.0,550758.0,0.0,0.0,0.0,7080.0,109160.0,1813072.0,215279.0,11880.0,8440.0,0.0,0.0,0.0,64040.0
2026-04-30T17:00:00+02:00,4160.0,8160.0,0.0,8640.0,0.0,0.0,0.0,6520.0,6960.0,8760.0,8600.0,0.0,0.0,0.0,0.0,0.0,0.0,4160.0,3080.0,0.0,3040.0,0.0,0.0,0.0,3240.0,3200.0,3040.0,3240.0,0.0,0.0,0.0,0.0,0.0,0.0,4160.0,74320.0,0.0,447960.0,0.0,0.0,0.0,62720.0,44560.0,2304956.0,36080.0,0.0,0.0,0.0,0.0,0.0,0.0
2026-04-30T18:00:00+02:00,4440.0,8480.0,0.0,8440.0,0.0,0.0,0.0,0.0,7840.0,8760.0,8000.0,6920.0,0.0,0.0,0.0,0.0,0.0,3160.0,3480.0,0.0,3080.0,0.0,0.0,0.0,0.0,3080.0,3040.0,5000.0,3400.0,0.0,0.0,0.0,0.0,0.0,7600.0,63520.0,0.0,669559.0,0.0,0.0,0.0,0.0,72600.0,1663958.0,36320.0,10320.0,0.0,0.0,0.0,0.0,0.0
2026-04-30T19:00:00+02:00,5720.0,7760.0,0.0,8360.0,3960.0,0.0,0.0,0.0,8520.0,8560.0,6240.0,4040.0,8640.0,0.0,0.0,0.0,7960.0,3240.0,4560.0,0.0,3080.0,3960.0,0.0,0.0,0.0,3200.0,3040.0,3200.0,4040.0,5440.0,0.0,0.0,0.0,4080.0,12520.0,43560.0,0.0,300320.0,3960.0,0.0,0.0,0.0,170759.0,1504959.0,32840.0,4040.0,33720.0,0.0,0.0,0.0,45560.0
2026-04-30T20:00:00+02:00,7560.0,8600.0,0.0,8000.0,4680.0,0.0,0.0,0.0,8360.0,8560.0,7720.0,6120.0,5400.0,0.0,0.0,0.0,0.0,3600.0,3760.0,0.0,3080.0,3280.0,0.0,0.0,0.0,3160.0,3040.0,7720.0,3120.0,5400.0,0.0,0.0,0.0,0.0,33600.0,61840.0,0.0,224080.0,19600.0,0.0,0.0,0.0,236559.0,565758.0,7720.0,21760.0,5400.0,0.0,0.0,0.0,0.0
2026-04-30T21:00:00+02:00,8039.0,8000.0,0.0,8520.0,0.0,0.0,0.0,0.0,8080.0,8720.0,6240.0,8560.0,0.0,0.0,0.0,0.0,0.0,3200.0,3200.0,0.0,3120.0,0.0,0.0,0.0,0.0,3360.0,3080.0,6240.0,3840.0,0.0,0.0,0.0,0.0,0.0,74719.0,87240.0,0.0,264800.0,0.0,0.0,0.0,0.0,134320.0,899193.0,6240.0,65239.0,0.0,0.0,0.0,0.0,0.0
2026-04-30T22:00:00+02:00,3600.0,7600.0,0.0,8520.0,0.0,0.0,0.0,0.0,5520.0,8520.0,6080.0,0.0,0.0,0.0,0.0,0.0,0.0,3600.0,3840.0,0.0,3040.0,0.0,0.0,0.0,0.0,5520.0,3080.0,6080.0,0.0,0.0,0.0,0.0,0.0,0.0,3600.0,21360.0,0.0,218720.0,0.0,0.0,0.0,0.0,5520.0,1109998.0,6080.0,0.0,0.0,0.0,0.0,0.0,0.0
2026-04-30T23:00:00+02:00,0.0,7040.0,0.0,8000.0,0.0,0.0,0.0,0.0,5040.0,8720.0,0.0,0.0,0.0,0.0,0.0,0.0,0.0,0.0,4160.0,0.0,3120.0,0.0,0.0,0.0,0.0,5040.0,3080.0,0.0,0.0,0.0,0.0,0.0,0.0,0.0,0.0,11200.0,0.0,196400.0,0.0,0.0,0.0,0.0,5040.0,606079.0,0.0,0.0,0.0,0.0,0.0,0.0,0.0
2026-05-01T00:00:00+02:00,3840.0,0.0,0.0,7120.0,0.0,0.0,0.0,0.0,3040.0,8520.0,0.0,0.0,0.0,0.0,0.0,0.0,0.0,3440.0,0.0,0.0,3280.0,0.0,0.0,0.0,0.0,3040.0,3040.0,0.0,0.0,0.0,0.0,0.0,0.0,0.0,7280.0,0.0,0.0,79120.0,0.0,0.0,0.0,0.0,3040.0,558560.0,0.0,0.0,0.0,0.0,0.0,0.0,0.0
2026-05-01T01:00:00+02:00,0.0,6520.0,0.0,8160.0,0.0,0.0,0.0,0.0,8000.0,8560.0,0.0,0.0,0.0,0.0,0.0,0.0,0.0,0.0,3080.0,0.0,3240.0,0.0,0.0,0.0,0.0,3840.0,3040.0,0.0,0.0,0.0,0.0,0.0,0.0,0.0,0.0,9600.0,0.0,74120.0,0.0,0.0,0.0,0.0,45040.0,421038.0,0.0,0.0,0.0,0.0,0.0,0.0,0.0
2026-05-01T02:00:00+02:00,0.0,0.0,0.0,6000.0,0.0,0.0,0.0,0.0,5440.0,8320.0,4440.0,5320.0,0.0,0.0,0.0,0.0,0.0,0.0,0.0,0.0,3120.0,0.0,0.0,0.0,0.0,5440.0,3040.0,4440.0,3440.0,0.0,0.0,0.0,0.0,0.0,0.0,0.0,0.0,114080.0,0.0,0.0,0.0,0.0,5440.0,187640.0,4440.0,12240.0,0.0,0.0,0.0,0.0,0.0
2026-05-01T03:00:00+02:00,7800.0,4040.0,0.0,8680.0,0.0,0.0,0.0,0.0,8280.0,8720.0,6280.0,0.0,0.0,0.0,0.0,0.0,0.0,7800.0,4040.0,0.0,3040.0,0.0,0.0,0.0,0.0,3240.0,3120.0,6280.0,0.0,0.0,0.0,0.0,0.0,0.0,7800.0,4040.0,0.0,870160.0,0.0,0.0,0.0,0.0,90720.0,1524715.0,6280.0,0.0,0.0,0.0,0.0,0.0,0.0
2026-05-01T04:00:00+02:00,0.0,5880.0,4600.0,8520.0,0.0,0.0,0.0,6440.0,8000.0,8600.0,0.0,0.0,0.0,0.0,0.0,8480.0,0.0,0.0,5880.0,4600.0,3040.0,0.0,0.0,0.0,6440.0,3160.0,3040.0,0.0,0.0,0.0,0.0,0.0,3160.0,0.0,0.0,5880.0,4600.0,372720.0,0.0,0.0,0.0,6440.0,175200.0,1054680.0,0.0,0.0,0.0,0.0,0.0,113480.0,0.0
2026-05-01T05:00:00+02:00,0.0,8440.0,0.0,8160.0,8000.0,0.0,0.0,0.0,8360.0,8480.0,0.0,0.0,0.0,0.0,0.0,8039.0,0.0,0.0,3840.0,0.0,3040.0,3160.0,0.0,0.0,0.0,3040.0,3040.0,0.0,0.0,0.0,0.0,0.0,3640.0,0.0,0.0,26760.0,0.0,567478.0,299480.0,0.0,0.0,0.0,1435359.0,359440.0,0.0,0.0,0.0,0.0,0.0,56358.0,0.0
2026-05-01T06:00:00+02:00,0.0,8000.0,0.0,8600.0,7960.0,0.0,0.0,7000.0,8039.0,8600.0,0.0,0.0,0.0,0.0,0.0,6240.0,0.0,0.0,3400.0,0.0,3200.0,3320.0,0.0,0.0,7000.0,3040.0,3040.0,0.0,0.0,0.0,0.0,0.0,4080.0,0.0,0.0,53800.0,0.0,684117.0,60560.0,0.0,0.0,7000.0,101519.0,426399.0,0.0,0.0,0.0,0.0,0.0,19720.0,0.0
2026-05-01T07:00:00+02:00,8000.0,8360.0,0.0,8000.0,8000.0,0.0,0.0,4440.0,6000.0,8680.0,7560.0,0.0,0.0,0.0,0.0,6000.0,0.0,4040.0,3840.0,0.0,3200.0,3360.0,0.0,0.0,3720.0,3640.0,3040.0,7560.0,0.0,0.0,0.0,0.0,3120.0,0.0,12040.0,64720.0,0.0,687040.0,108320.0,0.0,0.0,8160.0,37200.0,342559.0,7560.0,0.0,0.0,0.0,0.0,53680.0,0.0
2026-05-01T08:00:00+02:00,6000.0,8039.0,6000.0,8640.0,8000.0,0.0,0.0,8000.0,8680.0,8680.0,6960.0,3880.0,0.0,0.0,0.0,8160.0,0.0,3720.0,3120.0,3960.0,3040.0,3320.0,0.0,0.0,3040.0,3040.0,3040.0,5320.0,3440.0,0.0,0.0,0.0,3040.0,0.0,9720.0,80279.0,19120.0,365240.0,163600.0,0.0,0.0,227040.0,128160.0,1086717.0,18400.0,7320.0,0.0,0.0,0.0,88600.0,0.0
2026-05-01T09:00:00+02:00,6000.0,6760.0,8440.0,8520.0,5880.0,0.0,0.0,8000.0,8720.0,8520.0,8560.0,0.0,0.0,0.0,0.0,6240.0,5040.0,5800.0,3800.0,3400.0,3080.0,3640.0,0.0,0.0,3040.0,3280.0,3040.0,4120.0,0.0,0.0,0.0,0.0,3800.0,5040.0,17760.0,18320.0,124720.0,579600.0,13400.0,0.0,0.0,18640.0,158360.0,1710637.0,41040.0,0.0,0.0,0.0,0.0,26800.0,5040.0
2026-05-01T10:00:00+02:00,6000.0,6000.0,8400.0,8119.0,4240.0,0.0,0.0,8039.0,8320.0,8720.0,8560.0,0.0,0.0,0.0,0.0,7840.0,3680.0,6000.0,3840.0,8400.0,3040.0,3240.0,0.0,0.0,3080.0,3040.0,3040.0,3440.0,0.0,0.0,0.0,0.0,5040.0,3680.0,6000.0,9840.0,8400.0,482037.0,11520.0,0.0,0.0,113559.0,223319.0,1816799.0,56440.0,0.0,0.0,0.0,0.0,12880.0,3680.0
2026-05-01T11:00:00+02:00,3680.0,7400.0,0.0,8360.0,7480.0,0.0,0.0,7440.0,8640.0,8640.0,6480.0,7400.0,0.0,0.0,0.0,0.0,3400.0,3680.0,3280.0,0.0,3120.0,3400.0,0.0,0.0,4000.0,3080.0,3040.0,3040.0,3160.0,0.0,0.0,0.0,0.0,3400.0,3680.0,28600.0,0.0,323920.0,26400.0,0.0,0.0,40920.0,411760.0,2059636.0,90600.0,28920.0,0.0,0.0,0.0,0.0,3400.0
2026-05-01T12:00:00+02:00,5000.0,7720.0,0.0,8280.0,8039.0,0.0,0.0,6640.0,8680.0,8720.0,8080.0,5720.0,0.0,0.0,0.0,0.0,0.0,5000.0,4640.0,0.0,3200.0,3440.0,0.0,0.0,3400.0,3040.0,3040.0,3320.0,3240.0,0.0,0.0,0.0,0.0,0.0,5000.0,12360.0,0.0,230359.0,47919.0,0.0,0.0,21480.0,576396.0,1804916.0,102320.0,25400.0,0.0,0.0,0.0,0.0,0.0
2026-05-01T13:00:00+02:00,0.0,4880.0,0.0,8600.0,7920.0,0.0,0.0,0.0,8560.0,8640.0,7920.0,6000.0,0.0,0.0,0.0,5160.0,8080.0,0.0,4000.0,0.0,3520.0,3800.0,0.0,0.0,0.0,3040.0,3040.0,4280.0,3080.0,0.0,0.0,0.0,3920.0,4760.0,0.0,8880.0,0.0,93560.0,24000.0,0.0,0.0,0.0,346400.0,665359.0,54680.0,19040.0,0.0,0.0,0.0,13760.0,18320.0
2026-05-01T14:00:00+02:00,8360.0,8119.0,0.0,7720.0,0.0,0.0,0.0,0.0,8520.0,8680.0,7240.0,8000.0,0.0,0.0,0.0,0.0,4600.0,3040.0,3040.0,0.0,3120.0,0.0,0.0,0.0,0.0,3040.0,3040.0,3120.0,3160.0,0.0,0.0,0.0,0.0,4600.0,26960.0,104439.0,0.0,107120.0,0.0,0.0,0.0,0.0,548160.0,2803429.0,57880.0,66600.0,0.0,0.0,0.0,0.0,4600.0
2026-05-01T15:00:00+02:00,8360.0,8080.0,0.0,8000.0,0.0,0.0,0.0,0.0,8440.0,8720.0,8480.0,6000.0,0.0,0.0,0.0,0.0,6360.0,3120.0,3040.0,0.0,3040.0,0.0,0.0,0.0,0.0,3120.0,3040.0,3080.0,6000.0,0.0,0.0,0.0,0.0,3560.0,84480.0,94880.0,0.0,160840.0,0.0,0.0,0.0,0.0,49760.0,2900952.0,220600.0,6000.0,0.0,0.0,0.0,0.0,36000.0
2026-05-01T16:00:00+02:00,7720.0,8680.0,0.0,8400.0,0.0,0.0,0.0,5800.0,8400.0,8720.0,8320.0,0.0,3440.0,0.0,0.0,0.0,0.0,7400.0,3080.0,0.0,3240.0,0.0,0.0,0.0,5800.0,3040.0,3040.0,3040.0,0.0,3440.0,0.0,0.0,0.0,0.0,15120.0,206840.0,0.0,103359.0,0.0,0.0,0.0,5800.0,403640.0,2728835.0,136920.0,0.0,6880.0,0.0,0.0,0.0,0.0
2026-05-01T17:00:00+02:00,7480.0,6400.0,0.0,8680.0,0.0,0.0,0.0,0.0,8560.0,8720.0,8680.0,0.0,0.0,0.0,0.0,0.0,8000.0,3480.0,3200.0,0.0,3040.0,0.0,0.0,0.0,0.0,3040.0,3040.0,3320.0,0.0,0.0,0.0,0.0,0.0,8000.0,20720.0,44080.0,0.0,227520.0,0.0,0.0,0.0,0.0,583158.0,2028639.0,58040.0,0.0,0.0,0.0,0.0,0.0,8000.0
2026-05-01T18:00:00+02:00,6240.0,6760.0,0.0,8039.0,0.0,0.0,0.0,6800.0,8600.0,8720.0,7200.0,5320.0,0.0,0.0,0.0,0.0,7040.0,3760.0,3240.0,0.0,3160.0,0.0,0.0,0.0,3400.0,3040.0,3040.0,3200.0,4200.0,0.0,0.0,0.0,0.0,3280.0,18520.0,45880.0,0.0,220759.0,0.0,0.0,0.0,16560.0,343038.0,1188276.0,58600.0,9520.0,0.0,0.0,0.0,0.0,10320.0
2026-05-01T19:00:00+02:00,6400.0,7840.0,0.0,8600.0,0.0,0.0,0.0,6000.0,8360.0,8720.0,7560.0,4680.0,0.0,0.0,0.0,7160.0,0.0,3280.0,3080.0,0.0,3120.0,0.0,0.0,0.0,3680.0,3040.0,3040.0,3400.0,3320.0,0.0,0.0,0.0,7160.0,0.0,60880.0,86840.0,0.0,263640.0,0.0,0.0,0.0,13680.0,341840.0,1431557.0,65400.0,12520.0,0.0,0.0,0.0,7160.0,0.0
2026-05-01T20:00:00+02:00,7280.0,8360.0,0.0,8160.0,4680.0,0.0,0.0,0.0,8640.0,8720.0,7680.0,6920.0,0.0,0.0,0.0,3480.0,0.0,3360.0,3160.0,0.0,3080.0,4680.0,0.0,0.0,0.0,3040.0,3040.0,4440.0,3400.0,0.0,0.0,0.0,3480.0,0.0,31360.0,142758.0,0.0,129440.0,4680.0,0.0,0.0,0.0,454919.0,1940354.0,18760.0,27640.0,0.0,0.0,0.0,3480.0,0.0
2026-05-01T21:00:00+02:00,8000.0,7200.0,0.0,8640.0,0.0,0.0,0.0,6680.0,8560.0,8720.0,5160.0,7960.0,0.0,0.0,0.0,0.0,0.0,3080.0,3720.0,0.0,3040.0,0.0,0.0,0.0,5920.0,3080.0,3040.0,3280.0,4000.0,0.0,0.0,0.0,0.0,0.0,72120.0,25320.0,0.0,234520.0,0.0,0.0,0.0,25400.0,343720.0,1188279.0,8440.0,50600.0,0.0,0.0,0.0,0.0,0.0
2026-05-01T22:00:00+02:00,8640.0,5880.0,0.0,8520.0,0.0,0.0,0.0,8720.0,7840.0,8680.0,0.0,0.0,0.0,0.0,0.0,0.0,0.0,6040.0,5560.0,0.0,3080.0,0.0,0.0,0.0,3320.0,3760.0,3040.0,0.0,0.0,0.0,0.0,0.0,0.0,0.0,21000.0,11440.0,0.0,172560.0,0.0,0.0,0.0,64880.0,11600.0,518358.0,0.0,0.0,0.0,0.0,0.0,0.0,0.0
2026-05-01T23:00:00+02:00,7120.0,8240.0,0.0,8039.0,0.0,0.0,0.0,8320.0,6040.0,8640.0,0.0,0.0,0.0,0.0,0.0,3280.0,5840.0,3320.0,3080.0,0.0,3400.0,0.0,0.0,0.0,3040.0,6040.0,3080.0,0.0,0.0,0.0,0.0,0.0,3280.0,3040.0,40040.0,32680.0,0.0,124639.0,0.0,0.0,0.0,152160.0,6040.0,388560.0,0.0,0.0,0.0,0.0,0.0,3280.0,12080.0
2026-05-02T00:00:00+02:00,8600.0,5360.0,0.0,8000.0,0.0,0.0,0.0,8480.0,6400.0,8720.0,0.0,0.0,0.0,0.0,0.0,7280.0,0.0,3880.0,5360.0,0.0,3040.0,0.0,0.0,0.0,3040.0,3720.0,3040.0,0.0,0.0,0.0,0.0,0.0,3040.0,0.0,61160.0,5360.0,0.0,146440.0,0.0,0.0,0.0,278198.0,22400.0,538720.0,0.0,0.0,0.0,0.0,0.0,26280.0,0.0
2026-05-02T01:00:00+02:00,8600.0,6000.0,0.0,5680.0,0.0,0.0,0.0,8600.0,4440.0,8720.0,0.0,0.0,0.0,0.0,0.0,0.0,4280.0,4120.0,3040.0,0.0,4000.0,0.0,0.0,0.0,3120.0,4440.0,3040.0,0.0,0.0,0.0,0.0,0.0,0.0,3720.0,46400.0,23880.0,0.0,15280.0,0.0,0.0,0.0,346759.0,4440.0,1671516.0,0.0,0.0,0.0,0.0,0.0,0.0,8000.0
2026-05-02T02:00:00+02:00,7840.0,5440.0,0.0,6600.0,0.0,0.0,0.0,8560.0,6480.0,8720.0,6840.0,0.0,0.0,0.0,0.0,0.0,4000.0,3200.0,3160.0,0.0,3960.0,0.0,0.0,0.0,3120.0,6480.0,3040.0,4920.0,0.0,0.0,0.0,0.0,0.0,4000.0,69960.0,8600.0,0.0,10560.0,0.0,0.0,0.0,297400.0,6480.0,947400.0,18200.0,0.0,0.0,0.0,0.0,0.0,4000.0
2026-05-02T03:00:00+02:00,8440.0,4680.0,0.0,8000.0,3400.0,0.0,0.0,8600.0,5600.0,8640.0,7880.0,0.0,0.0,0.0,0.0,8480.0,0.0,4000.0,3560.0,0.0,3400.0,3400.0,0.0,0.0,3040.0,4640.0,3040.0,4000.0,0.0,0.0,0.0,0.0,4920.0,0.0,29200.0,8240.0,0.0,33200.0,3400.0,0.0,0.0,204200.0,10240.0,596559.0,21880.0,0.0,0.0,0.0,0.0,19560.0,0.0
2026-05-02T04:00:00+02:00,7800.0,0.0,0.0,8000.0,4000.0,0.0,0.0,7920.0,8000.0,8400.0,7440.0,6200.0,0.0,0.0,0.0,0.0,8280.0,3200.0,0.0,0.0,3120.0,4000.0,0.0,0.0,3240.0,3240.0,3040.0,4000.0,6200.0,0.0,0.0,0.0,0.0,3040.0,32200.0,0.0,0.0,59880.0,4000.0,0.0,0.0,66800.0,55680.0,318559.0,11440.0,6200.0,0.0,0.0,0.0,0.0,102840.0
2026-05-02T05:00:00+02:00,7520.0,0.0,0.0,8039.0,0.0,0.0,0.0,7840.0,8039.0,8440.0,0.0,8000.0,0.0,0.0,0.0,6520.0,0.0,3280.0,0.0,0.0,3360.0,0.0,0.0,0.0,3440.0,3040.0,3040.0,0.0,3160.0,0.0,0.0,0.0,3120.0,0.0,10800.0,0.0,0.0,195958.0,0.0,0.0,0.0,11280.0,202519.0,322400.0,0.0,75080.0,0.0,0.0,0.0,43160.0,0.0
2026-05-02T06:00:00+02:00,4000.0,5520.0,0.0,8000.0,0.0,0.0,0.0,0.0,3560.0,8640.0,0.0,0.0,0.0,0.0,0.0,8680.0,0.0,3040.0,3360.0,0.0,3200.0,0.0,0.0,0.0,0.0,3560.0,3600.0,0.0,0.0,0.0,0.0,0.0,3160.0,0.0,14320.0,42480.0,0.0,280760.0,0.0,0.0,0.0,0.0,3560.0,317399.0,0.0,0.0,0.0,0.0,0.0,263080.0,0.0
2026-05-02T07:00:00+02:00,5080.0,8560.0,0.0,8119.0,8160.0,0.0,0.0,6800.0,3720.0,8440.0,0.0,8039.0,0.0,0.0,0.0,8400.0,0.0,3280.0,3520.0,0.0,3040.0,8160.0,0.0,0.0,4280.0,3720.0,3240.0,0.0,4000.0,0.0,0.0,0.0,3240.0,0.0,21080.0,23480.0,0.0,1266199.0,8160.0,0.0,0.0,11080.0,3720.0,443000.0,0.0,25879.0,0.0,0.0,0.0,132280.0,0.0
2026-05-02T08:00:00+02:00,6640.0,5960.0,0.0,8680.0,0.0,0.0,0.0,4000.0,6000.0,8600.0,0.0,6520.0,0.0,0.0,0.0,8400.0,0.0,3560.0,3040.0,0.0,3120.0,0.0,0.0,0.0,3640.0,6000.0,3040.0,0.0,3800.0,0.0,0.0,0.0,3240.0,0.0,10200.0,14320.0,0.0,405680.0,0.0,0.0,0.0,11480.0,6000.0,402560.0,0.0,34320.0,0.0,0.0,0.0,231800.0,0.0
2026-05-02T09:00:00+02:00,8440.0,5240.0,0.0,8320.0,0.0,0.0,0.0,0.0,3840.0,8560.0,7560.0,0.0,0.0,0.0,0.0,8039.0,0.0,3680.0,3600.0,0.0,3040.0,0.0,0.0,0.0,0.0,3720.0,3120.0,4400.0,0.0,0.0,0.0,0.0,3440.0,0.0,50680.0,8840.0,0.0,126280.0,0.0,0.0,0.0,0.0,7560.0,703797.0,34880.0,0.0,0.0,0.0,0.0,167679.0,0.0
2026-05-02T10:00:00+02:00,5280.0,6960.0,0.0,7600.0,0.0,0.0,0.0,0.0,6280.0,8680.0,8039.0,0.0,0.0,0.0,0.0,8240.0,0.0,3560.0,3640.0,0.0,3080.0,0.0,0.0,0.0,0.0,4960.0,3040.0,3280.0,0.0,0.0,0.0,0.0,3200.0,0.0,27080.0,33160.0,0.0,127080.0,0.0,0.0,0.0,0.0,16600.0,1699710.0,54519.0,0.0,0.0,0.0,0.0,100279.0,0.0
2026-05-02T11:00:00+02:00,0.0,3200.0,0.0,8280.0,0.0,0.0,0.0,5920.0,8600.0,8640.0,8280.0,0.0,0.0,0.0,0.0,0.0,8039.0,0.0,3200.0,0.0,3040.0,0.0,0.0,0.0,4160.0,3040.0,3040.0,3120.0,0.0,0.0,0.0,0.0,0.0,3160.0,0.0,3200.0,0.0,85280.0,0.0,0.0,0.0,14720.0,251399.0,962318.0,108839.0,0.0,0.0,0.0,0.0,0.0,19879.0
2026-05-02T12:00:00+02:00,4160.0,8280.0,0.0,6880.0,0.0,0.0,0.0,7640.0,8640.0,8640.0,8200.0,0.0,0.0,0.0,0.0,4640.0,0.0,3440.0,3160.0,0.0,3040.0,0.0,0.0,0.0,3240.0,3040.0,3040.0,3760.0,0.0,0.0,0.0,0.0,4640.0,0.0,7600.0,32720.0,0.0,65960.0,0.0,0.0,0.0,63840.0,321720.0,2154433.0,74360.0,0.0,0.0,0.0,0.0,4640.0,0.0
2026-05-02T13:00:00+02:00,3440.0,8640.0,0.0,7080.0,0.0,0.0,0.0,4720.0,8680.0,8680.0,8480.0,7600.0,0.0,0.0,0.0,0.0,8240.0,3440.0,3520.0,0.0,3040.0,0.0,0.0,0.0,3200.0,3040.0,3040.0,3040.0,5760.0,0.0,0.0,0.0,0.0,6000.0,3440.0,40480.0,0.0,127240.0,0.0,0.0,0.0,16360.0,784399.0,1859717.0,120240.0,13360.0,0.0,0.0,0.0,0.0,14240.0
2026-05-02T14:00:00+02:00,8600.0,6200.0,0.0,8039.0,0.0,0.0,0.0,8000.0,8520.0,8680.0,8640.0,0.0,0.0,0.0,0.0,5320.0,0.0,3040.0,3080.0,0.0,3080.0,0.0,0.0,0.0,3040.0,3160.0,3040.0,3040.0,0.0,0.0,0.0,0.0,5320.0,0.0,57320.0,45560.0,0.0,238079.0,0.0,0.0,0.0,32200.0,378360.0,2223714.0,305159.0,0.0,0.0,0.0,0.0,5320.0,0.0
2026-05-02T15:00:00+02:00,8000.0,6880.0,0.0,8560.0,0.0,0.0,0.0,8400.0,8039.0,8640.0,8680.0,0.0,0.0,0.0,0.0,0.0,0.0,3200.0,3040.0,0.0,3120.0,0.0,0.0,0.0,3320.0,3040.0,3040.0,3160.0,0.0,0.0,0.0,0.0,0.0,0.0,115240.0,76760.0,0.0,157200.0,0.0,0.0,0.0,90000.0,245839.0,2235996.0,201080.0,0.0,0.0,0.0,0.0,0.0,0.0
2026-05-02T16:00:00+02:00,7960.0,7560.0,3560.0,8119.0,0.0,0.0,0.0,7800.0,8039.0,8640.0,8560.0,0.0,0.0,0.0,0.0,5280.0,0.0,3040.0,3600.0,3560.0,3200.0,0.0,0.0,0.0,3200.0,3160.0,3040.0,6440.0,0.0,0.0,0.0,0.0,5280.0,0.0,87040.0,82640.0,3560.0,177399.0,0.0,0.0,0.0,43600.0,131838.0,845600.0,21960.0,0.0,0.0,0.0,0.0,5280.0,0.0
2026-05-02T17:00:00+02:00,8039.0,8400.0,0.0,8480.0,7600.0,0.0,0.0,0.0,8560.0,8680.0,8200.0,0.0,0.0,0.0,0.0,6240.0,0.0,3200.0,3360.0,0.0,3040.0,7600.0,0.0,0.0,0.0,3040.0,3040.0,3040.0,0.0,0.0,0.0,0.0,6240.0,0.0,55959.0,42600.0,0.0,404399.0,7600.0,0.0,0.0,0.0,465120.0,765600.0,54080.0,0.0,0.0,0.0,0.0,6240.0,0.0
2026-05-02T18:00:00+02:00,6480.0,8360.0,0.0,8200.0,0.0,0.0,0.0,0.0,8160.0,8680.0,7040.0,8000.0,0.0,0.0,0.0,0.0,6680.0,3040.0,3720.0,0.0,3040.0,0.0,0.0,0.0,0.0,3160.0,3040.0,3320.0,3040.0,0.0,0.0,0.0,0.0,3840.0,39240.0,57640.0,0.0,538800.0,0.0,0.0,0.0,0.0,844559.0,1469078.0,31120.0,31880.0,0.0,0.0,0.0,0.0,19200.0
2026-05-02T19:00:00+02:00,6200.0,6480.0,0.0,8320.0,0.0,0.0,0.0,0.0,8680.0,8680.0,4960.0,8200.0,0.0,0.0,0.0,7480.0,0.0,3160.0,3520.0,0.0,3080.0,0.0,0.0,0.0,0.0,3040.0,3040.0,4720.0,3320.0,0.0,0.0,0.0,3120.0,0.0,39680.0,36000.0,0.0,282240.0,0.0,0.0,0.0,0.0,236800.0,1477320.0,9680.0,127400.0,0.0,0.0,0.0,112240.0,0.0
2026-05-02T20:00:00+02:00,8480.0,8680.0,3600.0,8520.0,0.0,0.0,0.0,5920.0,8440.0,8680.0,4360.0,8160.0,0.0,0.0,0.0,8640.0,0.0,3360.0,3320.0,3600.0,3200.0,0.0,0.0,0.0,5920.0,3040.0,3040.0,3880.0,3400.0,0.0,0.0,0.0,3080.0,0.0,29399.0,61160.0,3600.0,403520.0,0.0,0.0,0.0,5920.0,478358.0,1195955.0,8240.0,73440.0,0.0,0.0,0.0,222039.0,0.0
2026-05-02T21:00:00+02:00,5600.0,7440.0,0.0,8240.0,0.0,0.0,0.0,8320.0,8000.0,8480.0,6560.0,6560.0,0.0,0.0,0.0,8000.0,0.0,4280.0,3680.0,0.0,3120.0,0.0,0.0,0.0,3280.0,3040.0,3040.0,6560.0,3960.0,0.0,0.0,0.0,3720.0,0.0,9880.0,52040.0,0.0,322078.0,0.0,0.0,0.0,135480.0,119280.0,599998.0,6560.0,14840.0,0.0,0.0,0.0,41840.0,0.0
2026-05-02T22:00:00+02:00,8280.0,6680.0,0.0,8400.0,0.0,0.0,0.0,8560.0,6520.0,8680.0,0.0,0.0,0.0,0.0,0.0,0.0,0.0,3440.0,6280.0,0.0,3040.0,0.0,0.0,0.0,4000.0,4000.0,3080.0,0.0,0.0,0.0,0.0,0.0,0.0,0.0,30320.0,12960.0,0.0,219319.0,0.0,0.0,0.0,31160.0,10520.0,489318.0,0.0,0.0,0.0,0.0,0.0,0.0,0.0
2026-05-02T23:00:00+02:00,7040.0,5000.0,0.0,8600.0,0.0,0.0,0.0,8080.0,3040.0,8640.0,0.0,0.0,0.0,0.0,0.0,0.0,0.0,3240.0,5000.0,0.0,3280.0,0.0,0.0,0.0,3160.0,3040.0,3040.0,0.0,0.0,0.0,0.0,0.0,0.0,0.0,18800.0,5000.0,0.0,335759.0,0.0,0.0,0.0,105840.0,3040.0,510880.0,0.0,0.0,0.0,0.0,0.0,0.0,0.0
2026-05-03T00:00:00+02:00,4960.0,7040.0,0.0,8000.0,0.0,0.0,0.0,8000.0,6880.0,8680.0,8440.0,0.0,0.0,0.0,0.0,0.0,0.0,3240.0,4880.0,0.0,3160.0,0.0,0.0,0.0,3280.0,3600.0,3040.0,4360.0,0.0,0.0,0.0,0.0,0.0,0.0,32240.0,11920.0,0.0,176520.0,0.0,0.0,0.0,96840.0,16920.0,988757.0,20640.0,0.0,0.0,0.0,0.0,0.0,0.0
2026-05-03T01:00:00+02:00,8560.0,7920.0,0.0,7160.0,0.0,0.0,0.0,8480.0,8039.0,8680.0,7880.0,0.0,0.0,0.0,0.0,0.0,0.0,3080.0,5880.0,0.0,3120.0,0.0,0.0,0.0,3040.0,3600.0,3040.0,7880.0,0.0,0.0,0.0,0.0,0.0,0.0,340720.0,13800.0,0.0,39360.0,0.0,0.0,0.0,223959.0,35719.0,1406158.0,7880.0,0.0,0.0,0.0,0.0,0.0,0.0
2026-05-03T02:00:00+02:00,8039.0,8000.0,0.0,8200.0,0.0,0.0,0.0,8360.0,5600.0,8320.0,8360.0,0.0,0.0,0.0,0.0,0.0,4040.0,3040.0,3240.0,0.0,3840.0,0.0,0.0,0.0,3080.0,3840.0,3080.0,3040.0,0.0,0.0,0.0,0.0,0.0,3240.0,147799.0,35840.0,0.0,22120.0,0.0,0.0,0.0,130320.0,9440.0,582678.0,74399.0,0.0,0.0,0.0,0.0,0.0,11080.0
2026-05-03T03:00:00+02:00,8039.0,8240.0,0.0,6000.0,0.0,0.0,0.0,8119.0,5440.0,8640.0,8240.0,0.0,0.0,0.0,0.0,0.0,4880.0,3040.0,4120.0,0.0,6000.0,0.0,0.0,0.0,3560.0,5440.0,3040.0,4400.0,0.0,0.0,0.0,0.0,0.0,4880.0,182077.0,31399.0,0.0,6000.0,0.0,0.0,0.0,88878.0,5440.0,296800.0,20480.0,0.0,0.0,0.0,0.0,0.0,4880.0
2026-05-03T04:00:00+02:00,8000.0,0.0,0.0,8000.0,0.0,0.0,0.0,8680.0,4480.0,8680.0,5360.0,0.0,0.0,0.0,0.0,0.0,0.0,3080.0,0.0,0.0,3280.0,0.0,0.0,0.0,3160.0,3480.0,3120.0,3520.0,0.0,0.0,0.0,0.0,0.0,0.0,325280.0,0.0,0.0,59640.0,0.0,0.0,0.0,228760.0,12200.0,499279.0,8880.0,0.0,0.0,0.0,0.0,0.0,0.0
2026-05-03T05:00:00+02:00,7200.0,7920.0,0.0,8560.0,0.0,0.0,0.0,6000.0,8520.0,8680.0,8000.0,0.0,0.0,0.0,0.0,8000.0,0.0,3240.0,4000.0,0.0,3080.0,0.0,0.0,0.0,3320.0,3080.0,3040.0,3200.0,0.0,0.0,0.0,0.0,3160.0,0.0,28400.0,11920.0,0.0,673038.0,0.0,0.0,0.0,28440.0,491359.0,1365636.0,55360.0,0.0,0.0,0.0,0.0,253000.0,0.0
2026-05-03T06:00:00+02:00,0.0,8440.0,0.0,8360.0,0.0,0.0,0.0,0.0,8600.0,8680.0,8160.0,0.0,0.0,0.0,0.0,8640.0,0.0,0.0,3400.0,0.0,3160.0,0.0,0.0,0.0,0.0,3080.0,3040.0,6520.0,0.0,0.0,0.0,0.0,3040.0,0.0,0.0,15520.0,0.0,885071.0,0.0,0.0,0.0,0.0,606825.0,1301269.0,22200.0,0.0,0.0,0.0,0.0,139760.0,0.0
2026-05-03T07:00:00+02:00,4720.0,5480.0,0.0,8360.0,0.0,0.0,0.0,6440.0,8520.0,8680.0,0.0,0.0,0.0,0.0,0.0,8640.0,0.0,3320.0,3360.0,0.0,3040.0,0.0,0.0,0.0,6440.0,3120.0,3160.0,0.0,0.0,0.0,0.0,0.0,3040.0,0.0,16960.0,8840.0,0.0,582437.0,0.0,0.0,0.0,6440.0,459512.0,1238588.0,0.0,0.0,0.0,0.0,0.0,119439.0,0.0
2026-05-03T08:00:00+02:00,7200.0,6480.0,0.0,8160.0,0.0,0.0,0.0,0.0,8520.0,8560.0,0.0,4000.0,0.0,0.0,0.0,8400.0,0.0,7200.0,3400.0,0.0,3440.0,0.0,0.0,0.0,0.0,3200.0,3080.0,0.0,3360.0,0.0,0.0,0.0,3280.0,0.0,7200.0,46920.0,0.0,523559.0,0.0,0.0,0.0,0.0,159600.0,547195.0,0.0,7360.0,0.0,0.0,0.0,186720.0,0.0
2026-05-03T09:00:00+02:00,8000.0,8000.0,0.0,8280.0,0.0,0.0,0.0,0.0,8640.0,8680.0,0.0,8000.0,0.0,0.0,0.0,8000.0,0.0,3600.0,3640.0,0.0,3040.0,0.0,0.0,0.0,0.0,3040.0,3040.0,0.0,3360.0,0.0,0.0,0.0,3240.0,0.0,46680.0,67640.0,0.0,358440.0,0.0,0.0,0.0,0.0,504560.0,250960.0,0.0,88400.0,0.0,0.0,0.0,172120.0,0.0
2026-05-03T10:00:00+02:00,7520.0,6600.0,0.0,8480.0,0.0,0.0,0.0,0.0,8200.0,8600.0,0.0,8680.0,0.0,0.0,0.0,8560.0,0.0,3520.0,3440.0,0.0,3040.0,0.0,0.0,0.0,0.0,3040.0,3040.0,0.0,3320.0,0.0,0.0,0.0,3160.0,0.0,16520.0,25600.0,0.0,1203196.0,0.0,0.0,0.0,0.0,751395.0,556919.0,0.0,232040.0,0.0,0.0,0.0,307000.0,0.0
2026-05-03T11:00:00+02:00,8080.0,7840.0,0.0,8640.0,0.0,0.0,0.0,0.0,8520.0,8680.0,6760.0,0.0,0.0,0.0,0.0,8200.0,0.0,3960.0,3480.0,0.0,3040.0,0.0,0.0,0.0,0.0,3040.0,3040.0,3640.0,0.0,0.0,0.0,0.0,3040.0,0.0,24080.0,33160.0,0.0,1281036.0,0.0,0.0,0.0,0.0,881678.0,809920.0,17080.0,0.0,0.0,0.0,0.0,161918.0,0.0
2026-05-03T12:00:00+02:00,5640.0,8000.0,0.0,8039.0,0.0,0.0,0.0,0.0,8039.0,8640.0,8640.0,0.0,0.0,0.0,0.0,7240.0,0.0,3720.0,3440.0,0.0,3080.0,0.0,0.0,0.0,0.0,3040.0,3040.0,3160.0,0.0,0.0,0.0,0.0,3640.0,0.0,19240.0,50080.0,0.0,673036.0,0.0,0.0,0.0,0.0,375997.0,562920.0,57679.0,0.0,0.0,0.0,0.0,24920.0,0.0
2026-05-03T13:00:00+02:00,8160.0,6920.0,0.0,8520.0,0.0,0.0,0.0,0.0,8600.0,8560.0,8080.0,5440.0,0.0,0.0,0.0,5160.0,0.0,3040.0,3240.0,0.0,3080.0,0.0,0.0,0.0,0.0,3080.0,3040.0,3520.0,3840.0,0.0,0.0,0.0,5160.0,0.0,130840.0,63800.0,0.0,316440.0,0.0,0.0,0.0,0.0,373078.0,753958.0,49320.0,9280.0,0.0,0.0,0.0,5160.0,0.0
2026-05-03T14:00:00+02:00,6920.0,8560.0,0.0,8039.0,7480.0,0.0,0.0,0.0,8240.0,8640.0,5960.0,3240.0,0.0,0.0,0.0,7960.0,0.0,3200.0,3840.0,0.0,3320.0,7480.0,0.0,0.0,0.0,3040.0,3080.0,3880.0,3240.0,0.0,0.0,0.0,3560.0,0.0,30080.0,63320.0,0.0,218279.0,7480.0,0.0,0.0,0.0,281958.0,509840.0,9840.0,3240.0,0.0,0.0,0.0,18920.0,0.0
2026-05-03T15:00:00+02:00,7160.0,8440.0,0.0,8640.0,0.0,0.0,0.0,0.0,8400.0,8600.0,6640.0,8000.0,0.0,0.0,0.0,4640.0,4200.0,3040.0,3120.0,0.0,3080.0,0.0,0.0,0.0,0.0,3160.0,3040.0,5640.0,3080.0,0.0,0.0,0.0,4640.0,4200.0,96600.0,83920.0,0.0,466560.0,0.0,0.0,0.0,0.0,444560.0,1335438.0,24240.0,65960.0,0.0,0.0,0.0,4640.0,4200.0
2026-05-03T16:00:00+02:00,8560.0,8000.0,0.0,8280.0,0.0,0.0,0.0,0.0,8640.0,8640.0,7960.0,0.0,0.0,0.0,0.0,4840.0,3520.0,3240.0,3400.0,0.0,3040.0,0.0,0.0,0.0,0.0,3040.0,3040.0,4360.0,0.0,0.0,0.0,0.0,3200.0,3520.0,121760.0,36640.0,0.0,570119.0,0.0,0.0,0.0,0.0,625678.0,1674514.0,27840.0,0.0,0.0,0.0,0.0,34240.0,3520.0
2026-05-03T17:00:00+02:00,6280.0,8039.0,0.0,8480.0,0.0,0.0,0.0,8000.0,8160.0,8640.0,8240.0,0.0,0.0,0.0,0.0,8039.0,8440.0,3640.0,3480.0,0.0,3080.0,0.0,0.0,0.0,3400.0,3040.0,3040.0,4840.0,0.0,0.0,0.0,0.0,3360.0,3080.0,64080.0,51199.0,0.0,627637.0,0.0,0.0,0.0,68600.0,738239.0,1217358.0,41759.0,0.0,0.0,0.0,0.0,218159.0,78600.0
2026-05-03T18:00:00+02:00,3760.0,8039.0,0.0,8039.0,5560.0,0.0,0.0,8000.0,8560.0,8640.0,0.0,0.0,0.0,0.0,0.0,8000.0,0.0,3120.0,3280.0,0.0,3120.0,3880.0,0.0,0.0,7240.0,3080.0,3040.0,0.0,0.0,0.0,0.0,0.0,3400.0,0.0,13600.0,43159.0,0.0,631157.0,9440.0,0.0,0.0,15240.0,510879.0,510120.0,0.0,0.0,0.0,0.0,0.0,131440.0,0.0
2026-05-03T19:00:00+02:00,5440.0,8160.0,0.0,8200.0,0.0,0.0,0.0,0.0,8000.0,8640.0,0.0,0.0,0.0,0.0,0.0,8640.0,0.0,4080.0,3520.0,0.0,3040.0,0.0,0.0,0.0,0.0,3040.0,3040.0,0.0,0.0,0.0,0.0,0.0,3040.0,0.0,19160.0,30160.0,0.0,567916.0,0.0,0.0,0.0,0.0,202560.0,376960.0,0.0,0.0,0.0,0.0,0.0,115400.0,0.0
2026-05-03T20:00:00+02:00,5040.0,6320.0,0.0,8560.0,0.0,0.0,0.0,0.0,8440.0,8440.0,0.0,0.0,0.0,0.0,0.0,8560.0,0.0,3480.0,4840.0,0.0,3040.0,0.0,0.0,0.0,0.0,3040.0,3320.0,0.0,0.0,0.0,0.0,0.0,3280.0,0.0,12480.0,22080.0,0.0,448637.0,0.0,0.0,0.0,0.0,545679.0,166959.0,0.0,0.0,0.0,0.0,0.0,172078.0,0.0
2026-05-03T21:00:00+02:00,7680.0,0.0,0.0,8440.0,0.0,0.0,0.0,0.0,8600.0,8520.0,0.0,0.0,0.0,0.0,0.0,8320.0,0.0,3080.0,0.0,0.0,3040.0,0.0,0.0,0.0,0.0,3040.0,3120.0,0.0,0.0,0.0,0.0,0.0,3200.0,0.0,29080.0,0.0,0.0,1000519.0,0.0,0.0,0.0,0.0,543839.0,168840.0,0.0,0.0,0.0,0.0,0.0,97680.0,0.0
2026-05-03T22:00:00+02:00,6280.0,4720.0,0.0,6000.0,0.0,0.0,0.0,0.0,0.0,7600.0,0.0,0.0,0.0,0.0,0.0,0.0,0.0,3200.0,3360.0,0.0,3080.0,0.0,0.0,0.0,0.0,0.0,3080.0,0.0,0.0,0.0,0.0,0.0,0.0,0.0,31720.0,8080.0,0.0,91200.0,0.0,0.0,0.0,0.0,0.0,218480.0,0.0,0.0,0.0,0.0,0.0,0.0,0.0
2026-05-03T23:00:00+02:00,5280.0,0.0,0.0,4640.0,0.0,0.0,0.0,0.0,0.0,7880.0,0.0,0.0,0.0,0.0,0.0,0.0,0.0,3800.0,0.0,0.0,3160.0,0.0,0.0,0.0,0.0,0.0,3640.0,0.0,0.0,0.0,0.0,0.0,0.0,0.0,9080.0,0.0,0.0,26320.0,0.0,0.0,0.0,0.0,0.0,24720.0,0.0,0.0,0.0,0.0,0.0,0.0,0.0
2026-05-04T00:00:00+02:00,5880.0,0.0,0.0,6760.0,0.0,0.0,0.0,0.0,0.0,6400.0,0.0,0.0,0.0,0.0,0.0,0.0,0.0,3080.0,0.0,0.0,3120.0,0.0,0.0,0.0,0.0,0.0,3600.0,0.0,0.0,0.0,0.0,0.0,0.0,0.0,52800.0,0.0,0.0,113680.0,0.0,0.0,0.0,0.0,0.0,36840.0,0.0,0.0,0.0,0.0,0.0,0.0,0.0
2026-05-04T01:00:00+02:00,7720.0,0.0,0.0,5840.0,0.0,0.0,0.0,0.0,0.0,7960.0,0.0,0.0,0.0,0.0,0.0,0.0,0.0,3560.0,0.0,0.0,3800.0,0.0,0.0,0.0,0.0,0.0,3040.0,0.0,0.0,0.0,0.0,0.0,0.0,0.0,59320.0,0.0,0.0,13680.0,0.0,0.0,0.0,0.0,0.0,50720.0,0.0,0.0,0.0,0.0,0.0,0.0,0.0
2026-05-04T02:00:00+02:00,5960.0,0.0,0.0,8000.0,0.0,0.0,0.0,0.0,0.0,8000.0,0.0,0.0,0.0,0.0,0.0,0.0,0.0,3440.0,0.0,0.0,3320.0,0.0,0.0,0.0,0.0,0.0,3040.0,0.0,0.0,0.0,0.0,0.0,0.0,0.0,72720.0,0.0,0.0,49320.0,0.0,0.0,0.0,0.0,0.0,97720.0,0.0,0.0,0.0,0.0,0.0,0.0,0.0
2026-05-04T03:00:00+02:00,4000.0,0.0,0.0,8280.0,0.0,0.0,0.0,0.0,0.0,7400.0,0.0,0.0,0.0,0.0,0.0,4000.0,0.0,3080.0,0.0,0.0,3040.0,0.0,0.0,0.0,0.0,0.0,3040.0,0.0,0.0,0.0,0.0,0.0,4000.0,0.0,40320.0,0.0,0.0,551200.0,0.0,0.0,0.0,0.0,0.0,39480.0,0.0,0.0,0.0,0.0,0.0,4000.0,0.0
2026-05-04T04:00:00+02:00,7520.0,0.0,0.0,8039.0,0.0,0.0,0.0,0.0,0.0,7760.0,0.0,0.0,0.0,0.0,0.0,8240.0,0.0,3040.0,0.0,0.0,3040.0,0.0,0.0,0.0,0.0,0.0,3160.0,0.0,0.0,0.0,0.0,0.0,3160.0,0.0,60440.0,0.0,0.0,521879.0,0.0,0.0,0.0,0.0,0.0,123600.0,0.0,0.0,0.0,0.0,0.0,126999.0,0.0
2026-05-04T05:00:00+02:00,0.0,7840.0,0.0,8280.0,0.0,0.0,0.0,0.0,8039.0,8520.0,0.0,0.0,0.0,0.0,0.0,8320.0,0.0,0.0,3240.0,0.0,3040.0,0.0,0.0,0.0,0.0,3040.0,3240.0,0.0,0.0,0.0,0.0,0.0,3280.0,0.0,0.0,11080.0,0.0,610878.0,0.0,0.0,0.0,0.0,242435.0,234080.0,0.0,0.0,0.0,0.0,0.0,207999.0,0.0
2026-05-04T06:00:00+02:00,5840.0,8360.0,0.0,8000.0,3920.0,0.0,0.0,0.0,8640.0,8200.0,0.0,0.0,0.0,0.0,0.0,8000.0,0.0,3200.0,3520.0,0.0,3040.0,3360.0,0.0,0.0,0.0,3080.0,3120.0,0.0,0.0,0.0,0.0,0.0,3200.0,0.0,70920.0,16840.0,0.0,357720.0,7280.0,0.0,0.0,0.0,224719.0,261960.0,0.0,0.0,0.0,0.0,0.0,214160.0,0.0
2026-05-04T07:00:00+02:00,8000.0,8039.0,0.0,8360.0,0.0,0.0,0.0,5800.0,8000.0,8600.0,4200.0,8000.0,0.0,0.0,0.0,8400.0,0.0,3040.0,3240.0,0.0,3320.0,0.0,0.0,0.0,4720.0,4000.0,3040.0,4200.0,3400.0,0.0,0.0,0.0,3160.0,0.0,57080.0,55479.0,0.0,227240.0,0.0,0.0,0.0,15520.0,33800.0,405479.0,4200.0,78920.0,0.0,0.0,0.0,63280.0,0.0
2026-05-04T08:00:00+02:00,0.0,8000.0,0.0,8000.0,0.0,0.0,0.0,4880.0,7920.0,8480.0,0.0,6040.0,0.0,0.0,0.0,8360.0,0.0,0.0,3160.0,0.0,3080.0,0.0,0.0,0.0,4880.0,3120.0,3040.0,0.0,3680.0,0.0,0.0,0.0,3040.0,0.0,0.0,128120.0,0.0,223760.0,0.0,0.0,0.0,4880.0,95480.0,635960.0,0.0,9720.0,0.0,0.0,0.0,317959.0,0.0
2026-05-04T09:00:00+02:00,6000.0,7520.0,0.0,8039.0,0.0,0.0,0.0,5960.0,0.0,8640.0,7200.0,4640.0,0.0,0.0,0.0,8640.0,0.0,3080.0,3520.0,0.0,3080.0,0.0,0.0,0.0,3240.0,0.0,3040.0,3920.0,4640.0,0.0,0.0,0.0,3200.0,0.0,44440.0,14680.0,0.0,260678.0,0.0,0.0,0.0,36560.0,0.0,1316879.0,21840.0,4640.0,0.0,0.0,0.0,146999.0,0.0
2026-05-04T10:00:00+02:00,7440.0,8080.0,0.0,8520.0,0.0,0.0,0.0,0.0,8400.0,8600.0,6600.0,7160.0,0.0,0.0,0.0,8400.0,5760.0,3640.0,5000.0,0.0,3040.0,0.0,0.0,0.0,0.0,3240.0,3040.0,3800.0,3200.0,0.0,0.0,0.0,3720.0,4280.0,33800.0,18200.0,0.0,593960.0,0.0,0.0,0.0,0.0,274039.0,1182114.0,10400.0,27520.0,0.0,0.0,0.0,113040.0,10040.0
2026-05-04T11:00:00+02:00,6600.0,7640.0,0.0,8039.0,0.0,0.0,0.0,3360.0,8000.0,8560.0,8320.0,6120.0,0.0,0.0,0.0,7320.0,0.0,3280.0,3200.0,0.0,3040.0,0.0,0.0,0.0,3360.0,3080.0,3040.0,3320.0,3880.0,0.0,0.0,0.0,3400.0,0.0,51080.0,23760.0,0.0,494439.0,0.0,0.0,0.0,3360.0,341760.0,776557.0,32320.0,10000.0,0.0,0.0,0.0,101160.0,0.0
2026-05-04T12:00:00+02:00,5440.0,6960.0,0.0,8320.0,0.0,0.0,0.0,8600.0,8480.0,8480.0,6320.0,0.0,0.0,0.0,0.0,7280.0,0.0,5440.0,3520.0,0.0,3040.0,0.0,0.0,0.0,4320.0,3040.0,3040.0,3520.0,0.0,0.0,0.0,0.0,4000.0,0.0,5440.0,28320.0,0.0,202200.0,0.0,0.0,0.0,24800.0,310280.0,413518.0,33080.0,0.0,0.0,0.0,0.0,18000.0,0.0
2026-05-04T13:00:00+02:00,6440.0,6800.0,0.0,8520.0,0.0,0.0,0.0,5840.0,8600.0,8640.0,8480.0,7040.0,0.0,0.0,0.0,8640.0,0.0,3640.0,5160.0,0.0,3160.0,0.0,0.0,0.0,3320.0,3280.0,3040.0,3040.0,3680.0,0.0,0.0,0.0,5480.0,0.0,20120.0,23520.0,0.0,214439.0,0.0,0.0,0.0,24760.0,425156.0,1427716.0,42840.0,15480.0,0.0,0.0,0.0,21160.0,0.0
2026-05-04T14:00:00+02:00,6040.0,8640.0,0.0,8640.0,0.0,0.0,0.0,8119.0,8520.0,8600.0,7920.0,4000.0,0.0,0.0,0.0,5400.0,0.0,3200.0,3040.0,0.0,3040.0,0.0,0.0,0.0,3080.0,3080.0,3040.0,3520.0,3520.0,0.0,0.0,0.0,4880.0,0.0,40320.0,77120.0,0.0,500479.0,0.0,0.0,0.0,111958.0,259800.0,1646556.0,139280.0,7520.0,0.0,0.0,0.0,10280.0,0.0
2026-05-04T15:00:00+02:00,3640.0,6920.0,0.0,8600.0,0.0,0.0,0.0,8000.0,7360.0,8640.0,8000.0,0.0,0.0,0.0,0.0,7720.0,0.0,3640.0,3200.0,0.0,3040.0,0.0,0.0,0.0,3040.0,3080.0,3080.0,3040.0,0.0,0.0,0.0,0.0,7720.0,0.0,3640.0,59440.0,0.0,532599.0,0.0,0.0,0.0,203400.0,37680.0,1262438.0,78680.0,0.0,0.0,0.0,0.0,7720.0,0.0
2026-05-04T16:00:00+02:00,5560.0,6760.0,0.0,8480.0,0.0,0.0,0.0,8039.0,4120.0,8560.0,6400.0,3320.0,0.0,0.0,0.0,0.0,0.0,5560.0,3440.0,0.0,3080.0,0.0,0.0,0.0,3360.0,4120.0,3040.0,3480.0,3320.0,0.0,0.0,0.0,0.0,0.0,5560.0,42000.0,0.0,955518.0,0.0,0.0,0.0,65279.0,4120.0,849680.0,22240.0,3320.0,0.0,0.0,0.0,0.0,0.0
2026-05-04T17:00:00+02:00,7880.0,8160.0,0.0,8640.0,0.0,0.0,0.0,8240.0,8000.0,8400.0,5920.0,4720.0,0.0,0.0,0.0,0.0,0.0,5000.0,3400.0,0.0,3080.0,0.0,0.0,0.0,3080.0,4640.0,3080.0,3120.0,4720.0,0.0,0.0,0.0,0.0,0.0,18480.0,45880.0,0.0,374320.0,0.0,0.0,0.0,11320.0,39440.0,376880.0,40120.0,4720.0,0.0,0.0,0.0,0.0,0.0
2026-05-04T18:00:00+02:00,8119.0,8640.0,0.0,8440.0,0.0,0.0,0.0,0.0,3960.0,8640.0,4560.0,6000.0,0.0,0.0,0.0,0.0,0.0,4440.0,3520.0,0.0,3240.0,0.0,0.0,0.0,0.0,3640.0,3040.0,3120.0,3920.0,0.0,0.0,0.0,0.0,0.0,73559.0,63080.0,0.0,500280.0,0.0,0.0,0.0,0.0,7600.0,536160.0,23640.0,14840.0,0.0,0.0,0.0,0.0,0.0
2026-05-04T19:00:00+02:00,8039.0,8640.0,0.0,8640.0,0.0,0.0,0.0,0.0,4040.0,8520.0,4040.0,4040.0,0.0,0.0,0.0,8640.0,0.0,3040.0,3040.0,0.0,3040.0,0.0,0.0,0.0,0.0,3560.0,3040.0,4040.0,3240.0,0.0,0.0,0.0,3080.0,0.0,156799.0,73000.0,0.0,1677633.0,0.0,0.0,0.0,0.0,30320.0,851637.0,4040.0,18840.0,0.0,0.0,0.0,87040.0,0.0
2026-05-04T20:00:00+02:00,8240.0,7600.0,0.0,8600.0,0.0,0.0,0.0,0.0,4240.0,8600.0,3640.0,0.0,0.0,0.0,0.0,8400.0,0.0,3040.0,4000.0,0.0,3120.0,0.0,0.0,0.0,0.0,4240.0,3040.0,3640.0,0.0,0.0,0.0,0.0,3240.0,0.0,512360.0,64280.0,0.0,1117920.0,0.0,0.0,0.0,0.0,4240.0,359639.0,3640.0,0.0,0.0,0.0,0.0,321640.0,0.0
2026-05-04T21:00:00+02:00,8160.0,7640.0,0.0,8440.0,0.0,0.0,0.0,0.0,0.0,8640.0,4000.0,5000.0,0.0,0.0,0.0,8640.0,0.0,3040.0,3040.0,0.0,3040.0,0.0,0.0,0.0,0.0,0.0,3040.0,4000.0,5000.0,0.0,0.0,0.0,3080.0,0.0,149280.0,31440.0,0.0,1054957.0,0.0,0.0,0.0,0.0,0.0,208320.0,4000.0,5000.0,0.0,0.0,0.0,263759.0,0.0
2026-05-04T22:00:00+02:00,6000.0,7800.0,0.0,8560.0,0.0,0.0,0.0,0.0,4000.0,8640.0,4440.0,0.0,0.0,0.0,0.0,0.0,8000.0,3080.0,3160.0,0.0,3080.0,0.0,0.0,0.0,0.0,4000.0,3080.0,4440.0,0.0,0.0,0.0,0.0,0.0,4200.0,57040.0,37160.0,0.0,651000.0,0.0,0.0,0.0,0.0,4000.0,230559.0,4440.0,0.0,0.0,0.0,0.0,0.0,24320.0
2026-05-04T23:00:00+02:00,7600.0,6520.0,0.0,8000.0,0.0,0.0,0.0,0.0,8119.0,8280.0,7040.0,6840.0,0.0,0.0,0.0,0.0,0.0,4000.0,3040.0,0.0,3120.0,0.0,0.0,0.0,0.0,4240.0,3040.0,3080.0,3880.0,0.0,0.0,0.0,0.0,0.0,30880.0,14120.0,0.0,216760.0,0.0,0.0,0.0,0.0,23679.0,119120.0,24840.0,10720.0,0.0,0.0,0.0,0.0,0.0
2026-05-05T00:00:00+02:00,8000.0,0.0,0.0,8560.0,0.0,0.0,0.0,0.0,0.0,8240.0,0.0,0.0,0.0,0.0,0.0,0.0,0.0,3040.0,0.0,0.0,3040.0,0.0,0.0,0.0,0.0,0.0,4760.0,0.0,0.0,0.0,0.0,0.0,0.0,0.0,134040.0,0.0,0.0,1190196.0,0.0,0.0,0.0,0.0,0.0,32759.0,0.0,0.0,0.0,0.0,0.0,0.0,0.0
2026-05-05T01:00:00+02:00,8200.0,0.0,0.0,8240.0,0.0,0.0,0.0,0.0,0.0,0.0,0.0,0.0,0.0,0.0,0.0,0.0,0.0,3040.0,0.0,0.0,3040.0,0.0,0.0,0.0,0.0,0.0,0.0,0.0,0.0,0.0,0.0,0.0,0.0,0.0,230080.0,0.0,0.0,776439.0,0.0,0.0,0.0,0.0,0.0,0.0,0.0,0.0,0.0,0.0,0.0,0.0,0.0
2026-05-05T02:00:00+02:00,8119.0,0.0,0.0,8440.0,0.0,0.0,0.0,0.0,0.0,8560.0,0.0,0.0,0.0,0.0,0.0,0.0,0.0,3040.0,0.0,0.0,3200.0,0.0,0.0,0.0,0.0,0.0,4560.0,0.0,0.0,0.0,0.0,0.0,0.0,0.0,431039.0,0.0,0.0,343357.0,0.0,0.0,0.0,0.0,0.0,54360.0,0.0,0.0,0.0,0.0,0.0,0.0,0.0
2026-05-05T03:00:00+02:00,8600.0,0.0,0.0,5720.0,0.0,0.0,0.0,0.0,3200.0,0.0,0.0,0.0,0.0,0.0,0.0,0.0,0.0,3040.0,0.0,0.0,3120.0,0.0,0.0,0.0,0.0,3200.0,0.0,0.0,0.0,0.0,0.0,0.0,0.0,0.0,524638.0,0.0,0.0,8840.0,0.0,0.0,0.0,0.0,3200.0,0.0,0.0,0.0,0.0,0.0,0.0,0.0,0.0
2026-05-05T04:00:00+02:00,8000.0,0.0,0.0,8240.0,0.0,0.0,0.0,0.0,0.0,5800.0,0.0,0.0,0.0,0.0,0.0,5880.0,0.0,3360.0,0.0,0.0,3360.0,0.0,0.0,0.0,0.0,0.0,3400.0,0.0,0.0,0.0,0.0,0.0,3200.0,0.0,109240.0,0.0,0.0,218680.0,0.0,0.0,0.0,0.0,0.0,21280.0,0.0,0.0,0.0,0.0,0.0,52320.0,0.0
2026-05-05T05:00:00+02:00,5960.0,0.0,0.0,8000.0,0.0,0.0,0.0,0.0,0.0,8560.0,0.0,0.0,0.0,0.0,0.0,8039.0,0.0,3840.0,0.0,0.0,3080.0,0.0,0.0,0.0,0.0,0.0,3360.0,0.0,0.0,0.0,0.0,0.0,3080.0,0.0,13760.0,0.0,0.0,491320.0,0.0,0.0,0.0,0.0,0.0,41880.0,0.0,0.0,0.0,0.0,0.0,107439.0,0.0
2026-05-05T06:00:00+02:00,7960.0,4640.0,0.0,8280.0,0.0,0.0,0.0,0.0,0.0,8480.0,4360.0,0.0,0.0,0.0,0.0,8000.0,0.0,4040.0,4600.0,0.0,3040.0,0.0,0.0,0.0,0.0,0.0,3320.0,3440.0,0.0,0.0,0.0,0.0,3040.0,0.0,12000.0,9240.0,0.0,335720.0,0.0,0.0,0.0,0.0,0.0,115520.0,7800.0,0.0,0.0,0.0,0.0,272680.0,0.0
2026-05-05T07:00:00+02:00,3240.0,6720.0,0.0,8600.0,0.0,0.0,0.0,4040.0,8000.0,8440.0,0.0,0.0,0.0,0.0,0.0,8280.0,0.0,3240.0,3720.0,0.0,3040.0,0.0,0.0,0.0,4040.0,4000.0,3080.0,0.0,0.0,0.0,0.0,0.0,3040.0,0.0,3240.0,14200.0,0.0,1269877.0,0.0,0.0,0.0,4040.0,18040.0,517560.0,0.0,0.0,0.0,0.0,0.0,109120.0,0.0
2026-05-05T08:00:00+02:00,7560.0,6400.0,0.0,8160.0,0.0,0.0,0.0,0.0,8000.0,8440.0,5800.0,5880.0,0.0,0.0,0.0,8560.0,3720.0,3120.0,3080.0,0.0,3040.0,0.0,0.0,0.0,0.0,3120.0,3200.0,3040.0,3280.0,0.0,0.0,0.0,3960.0,3720.0,20360.0,34520.0,0.0,761680.0,0.0,0.0,0.0,0.0,76680.0,382278.0,17120.0,12440.0,0.0,0.0,0.0,78280.0,3720.0
2026-05-05T09:00:00+02:00,8400.0,7160.0,0.0,8480.0,0.0,0.0,0.0,0.0,7600.0,8600.0,5360.0,0.0,0.0,0.0,0.0,7200.0,0.0,3120.0,3880.0,0.0,3120.0,0.0,0.0,0.0,0.0,3120.0,3080.0,3320.0,0.0,0.0,0.0,0.0,3440.0,0.0,144480.0,56360.0,0.0,760079.0,0.0,0.0,0.0,0.0,132600.0,308160.0,16360.0,0.0,0.0,0.0,0.0,14440.0,0.0
2026-05-05T10:00:00+02:00,6760.0,8039.0,0.0,8480.0,4160.0,0.0,0.0,8600.0,8240.0,8600.0,7480.0,0.0,0.0,0.0,0.0,7920.0,0.0,3200.0,4960.0,0.0,3320.0,4160.0,0.0,0.0,3560.0,3040.0,3080.0,3200.0,0.0,0.0,0.0,0.0,3680.0,0.0,40600.0,39639.0,0.0,147238.0,4160.0,0.0,0.0,18880.0,185239.0,501158.0,103120.0,0.0,0.0,0.0,0.0,80680.0,0.0
2026-05-05T11:00:00+02:00,8560.0,7640.0,0.0,8560.0,0.0,0.0,0.0,7400.0,8400.0,8520.0,7720.0,0.0,0.0,0.0,0.0,8200.0,7920.0,3840.0,3240.0,0.0,3040.0,0.0,0.0,0.0,3800.0,3040.0,3040.0,3920.0,0.0,0.0,0.0,0.0,3720.0,5920.0,56600.0,38840.0,0.0,328876.0,0.0,0.0,0.0,11200.0,1030468.0,990357.0,44880.0,0.0,0.0,0.0,0.0,19040.0,13840.0
2026-05-05T12:00:00+02:00,0.0,7960.0,0.0,8320.0,0.0,0.0,0.0,6000.0,8320.0,8600.0,8200.0,0.0,0.0,0.0,0.0,0.0,5520.0,0.0,3160.0,0.0,3040.0,0.0,0.0,0.0,3120.0,3040.0,3040.0,4760.0,0.0,0.0,0.0,0.0,0.0,5520.0,0.0,115040.0,0.0,499279.0,0.0,0.0,0.0,20920.0,921953.0,1346556.0,41400.0,0.0,0.0,0.0,0.0,0.0,5520.0
2026-05-05T13:00:00+02:00,6200.0,8039.0,0.0,8480.0,4640.0,0.0,0.0,0.0,8000.0,8600.0,8000.0,8000.0,0.0,0.0,0.0,6840.0,0.0,5640.0,3200.0,0.0,3080.0,4640.0,0.0,0.0,0.0,3040.0,3040.0,3240.0,3600.0,0.0,0.0,0.0,6840.0,0.0,17760.0,115119.0,0.0,622119.0,4640.0,0.0,0.0,0.0,462320.0,1534559.0,55760.0,66240.0,0.0,0.0,0.0,6840.0,0.0
2026-05-05T14:00:00+02:00,8039.0,7160.0,0.0,8000.0,0.0,0.0,0.0,7640.0,8280.0,8600.0,8600.0,6120.0,0.0,0.0,0.0,0.0,0.0,4000.0,3840.0,0.0,3240.0,0.0,0.0,0.0,3800.0,3240.0,3040.0,3040.0,4000.0,0.0,0.0,0.0,0.0,0.0,34999.0,28760.0,0.0,224960.0,0.0,0.0,0.0,61880.0,303319.0,1827478.0,69320.0,26080.0,0.0,0.0,0.0,0.0,0.0
2026-05-05T15:00:00+02:00,6800.0,8160.0,0.0,8400.0,0.0,0.0,0.0,6040.0,8600.0,8560.0,8440.0,0.0,0.0,0.0,0.0,0.0,4960.0,3480.0,3560.0,0.0,3080.0,0.0,0.0,0.0,3840.0,3040.0,3040.0,3840.0,0.0,0.0,0.0,0.0,0.0,4960.0,42440.0,16200.0,0.0,301117.0,0.0,0.0,0.0,18480.0,285838.0,1535796.0,119600.0,0.0,0.0,0.0,0.0,0.0,4960.0
2026-05-05T16:00:00+02:00,4960.0,5120.0,0.0,8440.0,0.0,0.0,0.0,6120.0,8080.0,8520.0,8520.0,0.0,0.0,0.0,0.0,0.0,0.0,3080.0,4160.0,0.0,3040.0,0.0,0.0,0.0,3160.0,3040.0,3040.0,3040.0,0.0,0.0,0.0,0.0,0.0,0.0,19240.0,9280.0,0.0,367919.0,0.0,0.0,0.0,22000.0,137960.0,820878.0,58480.0,0.0,0.0,0.0,0.0,0.0,0.0
2026-05-05T17:00:00+02:00,6080.0,7680.0,0.0,8520.0,0.0,0.0,0.0,5440.0,8039.0,8560.0,4640.0,0.0,8400.0,0.0,0.0,0.0,8600.0,4480.0,3240.0,0.0,3040.0,0.0,0.0,0.0,5440.0,3040.0,3040.0,3960.0,0.0,8400.0,0.0,0.0,0.0,8600.0,15960.0,78240.0,0.0,2057913.0,0.0,0.0,0.0,5440.0,131559.0,891519.0,8600.0,0.0,8400.0,0.0,0.0,0.0,8600.0
2026-05-05T18:00:00+02:00,6000.0,6400.0,0.0,8360.0,7560.0,0.0,0.0,7920.0,7160.0,8520.0,5200.0,5040.0,8000.0,0.0,0.0,0.0,6000.0,3440.0,3480.0,0.0,3080.0,3040.0,0.0,0.0,3960.0,3560.0,3040.0,5200.0,5040.0,3240.0,0.0,0.0,0.0,6000.0,14120.0,35120.0,0.0,2113759.0,79280.0,0.0,0.0,27080.0,55040.0,608960.0,5200.0,5040.0,52400.0,0.0,0.0,0.0,6000.0
2026-05-05T19:00:00+02:00,7000.0,8240.0,0.0,8480.0,6000.0,0.0,0.0,3720.0,4000.0,8560.0,0.0,6600.0,0.0,0.0,0.0,0.0,0.0,3600.0,4080.0,0.0,3040.0,3240.0,0.0,0.0,3720.0,3600.0,3080.0,0.0,3200.0,0.0,0.0,0.0,0.0,0.0,42640.0,57120.0,0.0,1719034.0,35640.0,0.0,0.0,3720.0,7600.0,550918.0,0.0,9800.0,0.0,0.0,0.0,0.0,0.0
2026-05-05T20:00:00+02:00,4800.0,6600.0,0.0,8480.0,0.0,0.0,0.0,0.0,3640.0,8480.0,8039.0,6960.0,0.0,0.0,0.0,0.0,0.0,3200.0,5000.0,0.0,3200.0,0.0,0.0,0.0,0.0,3640.0,3080.0,3680.0,3240.0,0.0,0.0,0.0,0.0,0.0,8000.0,22120.0,0.0,698434.0,0.0,0.0,0.0,0.0,3640.0,321118.0,23439.0,19640.0,0.0,0.0,0.0,0.0,0.0
2026-05-05T21:00:00+02:00,5600.0,7200.0,0.0,8600.0,0.0,0.0,0.0,0.0,5960.0,8600.0,3960.0,0.0,0.0,0.0,0.0,0.0,0.0,5600.0,3480.0,0.0,3160.0,0.0,0.0,0.0,0.0,3280.0,3160.0,3960.0,0.0,0.0,0.0,0.0,0.0,0.0,5600.0,16600.0,0.0,334278.0,0.0,0.0,0.0,0.0,9240.0,181798.0,3960.0,0.0,0.0,0.0,0.0,0.0,0.0
2026-05-05T22:00:00+02:00,0.0,5640.0,0.0,8600.0,0.0,0.0,0.0,0.0,0.0,8560.0,3960.0,0.0,0.0,0.0,0.0,0.0,0.0,0.0,5640.0,0.0,3120.0,0.0,0.0,0.0,0.0,0.0,3160.0,3960.0,0.0,0.0,0.0,0.0,0.0,0.0,0.0,5640.0,0.0,712560.0,0.0,0.0,0.0,0.0,0.0,171280.0,3960.0,0.0,0.0,0.0,0.0,0.0,0.0
2026-05-05T23:00:00+02:00,0.0,0.0,0.0,8039.0,0.0,0.0,0.0,0.0,0.0,7680.0,0.0,0.0,0.0,0.0,0.0,0.0,0.0,0.0,0.0,0.0,3040.0,0.0,0.0,0.0,0.0,0.0,3400.0,0.0,0.0,0.0,0.0,0.0,0.0,0.0,0.0,0.0,0.0,1045359.0,0.0,0.0,0.0,0.0,0.0,72240.0,0.0,0.0,0.0,0.0,0.0,0.0,0.0
2026-05-06T00:00:00+02:00,3520.0,0.0,0.0,8600.0,0.0,0.0,0.0,0.0,0.0,7840.0,0.0,0.0,0.0,0.0,0.0,0.0,0.0,3520.0,0.0,0.0,3040.0,0.0,0.0,0.0,0.0,0.0,3920.0,0.0,0.0,0.0,0.0,0.0,0.0,0.0,3520.0,0.0,0.0,796879.0,0.0,0.0,0.0,0.0,0.0,50160.0,0.0,0.0,0.0,0.0,0.0,0.0,0.0
2026-05-06T01:00:00+02:00,0.0,0.0,0.0,8520.0,0.0,0.0,0.0,0.0,0.0,8560.0,0.0,0.0,0.0,0.0,0.0,0.0,0.0,0.0,0.0,0.0,3040.0,0.0,0.0,0.0,0.0,0.0,7600.0,0.0,0.0,0.0,0.0,0.0,0.0,0.0,0.0,0.0,0.0,670000.0,0.0,0.0,0.0,0.0,0.0,24360.0,0.0,0.0,0.0,0.0,0.0,0.0,0.0
2026-05-06T02:00:00+02:00,3880.0,0.0,0.0,8000.0,0.0,0.0,0.0,0.0,4560.0,0.0,0.0,0.0,0.0,0.0,0.0,0.0,0.0,3440.0,0.0,0.0,3040.0,0.0,0.0,0.0,0.0,4560.0,0.0,0.0,0.0,0.0,0.0,0.0,0.0,0.0,7320.0,0.0,0.0,265360.0,0.0,0.0,0.0,0.0,4560.0,0.0,0.0,0.0,0.0,0.0,0.0,0.0,0.0
2026-05-06T03:00:00+02:00,4000.0,0.0,0.0,8000.0,0.0,0.0,0.0,0.0,0.0,0.0,0.0,0.0,0.0,0.0,0.0,0.0,0.0,3880.0,0.0,0.0,3560.0,0.0,0.0,0.0,0.0,0.0,0.0,0.0,0.0,0.0,0.0,0.0,0.0,0.0,7880.0,0.0,0.0,225640.0,0.0,0.0,0.0,0.0,0.0,0.0,0.0,0.0,0.0,0.0,0.0,0.0,0.0
2026-05-06T04:00:00+02:00,4200.0,0.0,0.0,8600.0,0.0,0.0,0.0,0.0,8000.0,6000.0,0.0,0.0,0.0,0.0,0.0,8000.0,0.0,4200.0,0.0,0.0,3040.0,0.0,0.0,0.0,0.0,3120.0,3160.0,0.0,0.0,0.0,0.0,0.0,3240.0,0.0,4200.0,0.0,0.0,936120.0,0.0,0.0,0.0,0.0,205160.0,78840.0,0.0,0.0,0.0,0.0,0.0,173280.0,0.0
2026-05-06T05:00:00+02:00,0.0,5640.0,0.0,8520.0,0.0,0.0,0.0,0.0,8000.0,4840.0,0.0,0.0,0.0,0.0,0.0,8000.0,0.0,0.0,3280.0,0.0,3040.0,0.0,0.0,0.0,0.0,3120.0,3840.0,0.0,0.0,0.0,0.0,0.0,3400.0,0.0,0.0,20800.0,0.0,1165560.0,0.0,0.0,0.0,0.0,509480.0,13200.0,0.0,0.0,0.0,0.0,0.0,42440.0,0.0
2026-05-06T06:00:00+02:00,0.0,3880.0,0.0,8039.0,6920.0,0.0,0.0,4840.0,4000.0,8119.0,0.0,0.0,0.0,0.0,0.0,8320.0,0.0,0.0,3040.0,0.0,3120.0,3680.0,0.0,0.0,4840.0,4000.0,3120.0,0.0,0.0,0.0,0.0,0.0,5560.0,0.0,0.0,10760.0,0.0,162398.0,28200.0,0.0,0.0,4840.0,4000.0,81079.0,0.0,0.0,0.0,0.0,0.0,21520.0,0.0
2026-05-06T07:00:00+02:00,7920.0,5800.0,0.0,8440.0,0.0,0.0,0.0,6040.0,0.0,8480.0,5440.0,0.0,0.0,0.0,0.0,7800.0,0.0,3160.0,3600.0,0.0,3040.0,0.0,0.0,0.0,5800.0,0.0,3120.0,5120.0,0.0,0.0,0.0,0.0,3880.0,0.0,27200.0,37520.0,0.0,454235.0,0.0,0.0,0.0,17680.0,0.0,494878.0,15960.0,0.0,0.0,0.0,0.0,15640.0,0.0
2026-05-06T08:00:00+02:00,0.0,4480.0,0.0,8520.0,5800.0,0.0,0.0,8600.0,8440.0,8200.0,6360.0,0.0,0.0,0.0,0.0,7800.0,3800.0,0.0,3640.0,0.0,3080.0,3440.0,0.0,0.0,3040.0,3400.0,3040.0,5520.0,0.0,0.0,0.0,0.0,3720.0,3800.0,0.0,12040.0,0.0,205040.0,13200.0,0.0,0.0,85159.0,111720.0,259400.0,11880.0,0.0,0.0,0.0,0.0,60840.0,3800.0
2026-05-06T09:00:00+02:00,5280.0,7520.0,0.0,8160.0,3680.0,0.0,0.0,7040.0,5960.0,8560.0,5560.0,0.0,0.0,0.0,0.0,7760.0,0.0,3640.0,3040.0,0.0,3040.0,3680.0,0.0,0.0,3200.0,5960.0,3040.0,5560.0,0.0,0.0,0.0,0.0,3120.0,0.0,16680.0,90280.0,0.0,733600.0,3680.0,0.0,0.0,72240.0,5960.0,995955.0,5560.0,0.0,0.0,0.0,0.0,36200.0,0.0
2026-05-06T10:00:00+02:00,3680.0,7560.0,0.0,8520.0,0.0,0.0,0.0,8360.0,6000.0,8600.0,8600.0,0.0,0.0,0.0,0.0,7800.0,5120.0,3040.0,3120.0,0.0,3040.0,0.0,0.0,0.0,3080.0,3240.0,3040.0,3040.0,0.0,0.0,0.0,0.0,3440.0,5120.0,10280.0,60280.0,0.0,625558.0,0.0,0.0,0.0,161599.0,24000.0,1976036.0,143400.0,0.0,0.0,0.0,0.0,27600.0,5120.0
2026-05-06T11:00:00+02:00,6920.0,6800.0,0.0,8360.0,0.0,0.0,0.0,8280.0,8240.0,8600.0,8240.0,0.0,0.0,0.0,0.0,7480.0,6120.0,3040.0,3040.0,0.0,3040.0,0.0,0.0,0.0,3040.0,3040.0,3040.0,3120.0,0.0,0.0,0.0,0.0,7440.0,6120.0,39480.0,41680.0,0.0,1440719.0,0.0,0.0,0.0,167400.0,228998.0,1234396.0,72920.0,0.0,0.0,0.0,0.0,14920.0,6120.0
2026-05-06T12:00:00+02:00,7760.0,6760.0,0.0,8360.0,0.0,0.0,0.0,8000.0,8320.0,8600.0,8039.0,4880.0,0.0,0.0,0.0,7600.0,0.0,7760.0,3040.0,0.0,3040.0,0.0,0.0,0.0,3040.0,3400.0,3040.0,4400.0,4880.0,0.0,0.0,0.0,3680.0,0.0,7760.0,88440.0,0.0,339320.0,0.0,0.0,0.0,85320.0,430640.0,1492835.0,33799.0,4880.0,0.0,0.0,0.0,11280.0,0.0
2026-05-06T13:00:00+02:00,0.0,7720.0,0.0,8480.0,0.0,0.0,0.0,6640.0,8119.0,8560.0,8000.0,6200.0,0.0,0.0,0.0,7960.0,0.0,0.0,3040.0,0.0,3040.0,0.0,0.0,0.0,3040.0,3160.0,3040.0,3520.0,4560.0,0.0,0.0,0.0,3880.0,0.0,0.0,31280.0,0.0,274598.0,0.0,0.0,0.0,28880.0,293677.0,982915.0,26360.0,10760.0,0.0,0.0,0.0,19520.0,0.0
2026-05-06T14:00:00+02:00,6440.0,5720.0,0.0,7400.0,0.0,0.0,0.0,5960.0,8400.0,8600.0,7920.0,0.0,0.0,0.0,0.0,0.0,0.0,3360.0,3240.0,0.0,3040.0,0.0,0.0,0.0,3160.0,3080.0,3040.0,3080.0,0.0,0.0,0.0,0.0,0.0,0.0,22840.0,40080.0,0.0,96360.0,0.0,0.0,0.0,20160.0,177840.0,889079.0,130840.0,0.0,0.0,0.0,0.0,0.0,0.0
2026-05-06T15:00:00+02:00,0.0,6280.0,0.0,8440.0,0.0,0.0,0.0,8039.0,8039.0,8560.0,8000.0,0.0,0.0,0.0,0.0,7400.0,7080.0,0.0,3120.0,0.0,3160.0,0.0,0.0,0.0,3200.0,3920.0,3040.0,3040.0,0.0,0.0,0.0,0.0,7400.0,3160.0,0.0,51960.0,0.0,411197.0,0.0,0.0,0.0,100239.0,52959.0,2067357.0,87160.0,0.0,0.0,0.0,0.0,7400.0,19080.0
2026-05-06T16:00:00+02:00,5280.0,8360.0,0.0,8240.0,0.0,0.0,0.0,5800.0,8400.0,8520.0,8160.0,0.0,4480.0,0.0,0.0,0.0,0.0,4000.0,3040.0,0.0,3040.0,0.0,0.0,0.0,5800.0,3160.0,3040.0,4960.0,0.0,4480.0,0.0,0.0,0.0,0.0,9280.0,17120.0,0.0,1100640.0,0.0,0.0,0.0,5800.0,50760.0,2416674.0,18720.0,0.0,4480.0,0.0,0.0,0.0,0.0
2026-05-06T17:00:00+02:00,6920.0,8360.0,0.0,8600.0,0.0,0.0,0.0,0.0,7960.0,8600.0,8000.0,3960.0,5720.0,0.0,0.0,0.0,6040.0,3040.0,3320.0,0.0,3040.0,0.0,0.0,0.0,0.0,3040.0,3040.0,3960.0,3960.0,5720.0,0.0,0.0,0.0,6040.0,52880.0,31120.0,0.0,818799.0,0.0,0.0,0.0,0.0,182680.0,1505917.0,99520.0,3960.0,5720.0,0.0,0.0,0.0,6040.0
2026-05-06T18:00:00+02:00,8320.0,8160.0,0.0,8400.0,7720.0,0.0,0.0,0.0,7880.0,8560.0,7480.0,6080.0,0.0,0.0,0.0,6080.0,6360.0,3040.0,3520.0,0.0,3040.0,4040.0,0.0,0.0,0.0,3640.0,3040.0,3200.0,6080.0,0.0,0.0,0.0,6080.0,3960.0,186400.0,23320.0,0.0,234399.0,32400.0,0.0,0.0,0.0,48120.0,1529997.0,76360.0,6080.0,0.0,0.0,0.0,6080.0,10320.0
2026-05-06T19:00:00+02:00,8000.0,7400.0,0.0,8280.0,4440.0,0.0,0.0,0.0,8160.0,8560.0,0.0,6000.0,0.0,0.0,0.0,0.0,0.0,3200.0,4640.0,0.0,3240.0,4440.0,0.0,0.0,0.0,3160.0,3080.0,0.0,4040.0,0.0,0.0,0.0,0.0,0.0,64320.0,44400.0,0.0,185000.0,4440.0,0.0,0.0,0.0,104999.0,644118.0,0.0,10040.0,0.0,0.0,0.0,0.0,0.0
2026-05-06T20:00:00+02:00,7600.0,8240.0,0.0,8520.0,4800.0,0.0,0.0,3520.0,8560.0,8440.0,8000.0,4400.0,0.0,0.0,0.0,0.0,0.0,3040.0,3520.0,0.0,3040.0,4800.0,0.0,0.0,3520.0,3080.0,3040.0,8000.0,4400.0,0.0,0.0,0.0,0.0,0.0,128240.0,58439.0,0.0,783600.0,4800.0,0.0,0.0,3520.0,319880.0,507520.0,16000.0,4400.0,0.0,0.0,0.0,0.0,0.0
2026-05-06T21:00:00+02:00,5440.0,7000.0,0.0,8440.0,7960.0,0.0,0.0,7840.0,8440.0,8560.0,8160.0,0.0,0.0,0.0,0.0,0.0,0.0,3320.0,3080.0,0.0,3040.0,3280.0,0.0,0.0,3280.0,3040.0,3080.0,3160.0,0.0,0.0,0.0,0.0,0.0,0.0,12760.0,28360.0,0.0,2048917.0,15040.0,0.0,0.0,60560.0,428840.0,468558.0,43200.0,0.0,0.0,0.0,0.0,0.0,0.0
2026-05-06T22:00:00+02:00,5960.0,0.0,0.0,8039.0,0.0,0.0,0.0,0.0,5960.0,8200.0,6600.0,0.0,0.0,0.0,0.0,0.0,0.0,3440.0,0.0,0.0,3040.0,0.0,0.0,0.0,0.0,4320.0,3080.0,3400.0,0.0,0.0,0.0,0.0,0.0,0.0,51360.0,0.0,0.0,360798.0,0.0,0.0,0.0,0.0,20520.0,167360.0,17440.0,0.0,0.0,0.0,0.0,0.0,0.0
2026-05-06T23:00:00+02:00,8039.0,5440.0,0.0,8240.0,0.0,0.0,0.0,0.0,4360.0,7320.0,7960.0,0.0,0.0,0.0,0.0,0.0,0.0,3040.0,5440.0,0.0,3080.0,0.0,0.0,0.0,0.0,4360.0,3080.0,3880.0,0.0,0.0,0.0,0.0,0.0,0.0,190958.0,5440.0,0.0,153840.0,0.0,0.0,0.0,0.0,4360.0,154640.0,15800.0,0.0,0.0,0.0,0.0,0.0,0.0
2026-05-07T00:00:00+02:00,7960.0,0.0,0.0,6440.0,0.0,0.0,0.0,0.0,0.0,7640.0,0.0,0.0,0.0,0.0,0.0,0.0,0.0,3040.0,0.0,0.0,3080.0,0.0,0.0,0.0,0.0,0.0,3240.0,0.0,0.0,0.0,0.0,0.0,0.0,0.0,222120.0,0.0,0.0,24280.0,0.0,0.0,0.0,0.0,0.0,57200.0,0.0,0.0,0.0,0.0,0.0,0.0,0.0
2026-05-07T01:00:00+02:00,8000.0,3440.0,0.0,4000.0,0.0,0.0,0.0,0.0,0.0,8400.0,0.0,0.0,0.0,0.0,0.0,0.0,0.0,3160.0,3440.0,0.0,3040.0,0.0,0.0,0.0,0.0,0.0,8400.0,0.0,0.0,0.0,0.0,0.0,0.0,0.0,100040.0,3440.0,0.0,21880.0,0.0,0.0,0.0,0.0,0.0,8400.0,0.0,0.0,0.0,0.0,0.0,0.0,0.0
2026-05-07T02:00:00+02:00,5840.0,0.0,0.0,8000.0,3640.0,0.0,0.0,0.0,3200.0,5960.0,0.0,0.0,0.0,0.0,0.0,0.0,0.0,3160.0,0.0,0.0,3040.0,3640.0,0.0,0.0,0.0,3200.0,5320.0,0.0,0.0,0.0,0.0,0.0,0.0,0.0,71560.0,0.0,0.0,106200.0,3640.0,0.0,0.0,0.0,3200.0,11280.0,0.0,0.0,0.0,0.0,0.0,0.0,0.0
2026-05-07T03:00:00+02:00,7720.0,0.0,0.0,8480.0,5680.0,0.0,0.0,0.0,0.0,3960.0,0.0,0.0,0.0,0.0,0.0,0.0,0.0,3040.0,0.0,0.0,3040.0,3840.0,0.0,0.0,0.0,0.0,3960.0,0.0,0.0,0.0,0.0,0.0,0.0,0.0,80160.0,0.0,0.0,481320.0,18760.0,0.0,0.0,0.0,0.0,3960.0,0.0,0.0,0.0,0.0,0.0,0.0,0.0
2026-05-07T04:00:00+02:00,0.0,0.0,0.0,8440.0,3240.0,0.0,0.0,8000.0,8000.0,7880.0,0.0,5800.0,0.0,0.0,0.0,6240.0,0.0,0.0,0.0,0.0,3040.0,3240.0,0.0,0.0,4000.0,3560.0,3200.0,0.0,3840.0,0.0,0.0,0.0,3840.0,0.0,0.0,0.0,0.0,930560.0,3240.0,0.0,0.0,30000.0,298800.0,85320.0,0.0,9640.0,0.0,0.0,0.0,21760.0,0.0
2026-05-07T05:00:00+02:00,3800.0,0.0,0.0,8280.0,8000.0,0.0,0.0,8000.0,8039.0,8000.0,0.0,0.0,0.0,0.0,0.0,0.0,0.0,3440.0,0.0,0.0,3200.0,3200.0,0.0,0.0,3280.0,3040.0,3280.0,0.0,0.0,0.0,0.0,0.0,0.0,0.0,10840.0,0.0,0.0,1228518.0,147920.0,0.0,0.0,130760.0,1121439.0,15480.0,0.0,0.0,0.0,0.0,0.0,0.0,0.0
2026-05-07T06:00:00+02:00,7240.0,8320.0,0.0,8480.0,8039.0,0.0,0.0,8440.0,8560.0,8000.0,0.0,0.0,0.0,0.0,0.0,0.0,0.0,3120.0,8320.0,0.0,3040.0,3040.0,0.0,0.0,3160.0,3040.0,3120.0,0.0,0.0,0.0,0.0,0.0,0.0,0.0,14240.0,8320.0,0.0,828675.0,201158.0,0.0,0.0,29720.0,515877.0,109640.0,0.0,0.0,0.0,0.0,0.0,0.0,0.0
2026-05-07T07:00:00+02:00,7960.0,8039.0,0.0,8480.0,8240.0,0.0,0.0,5680.0,8280.0,8520.0,6720.0,0.0,0.0,0.0,0.0,7920.0,6960.0,3360.0,3800.0,0.0,3080.0,3040.0,0.0,0.0,5680.0,3720.0,3080.0,6240.0,0.0,0.0,0.0,0.0,7920.0,6960.0,30360.0,37679.0,0.0,263480.0,248679.0,0.0,0.0,5680.0,82080.0,280919.0,12960.0,0.0,0.0,0.0,0.0,7920.0,6960.0
2026-05-07T08:00:00+02:00,8560.0,8000.0,0.0,8320.0,7480.0,0.0,0.0,6440.0,8000.0,8520.0,7520.0,4960.0,0.0,0.0,0.0,0.0,0.0,3080.0,5320.0,0.0,3040.0,4000.0,0.0,0.0,6440.0,3080.0,3040.0,3160.0,4960.0,0.0,0.0,0.0,0.0,0.0,254720.0,19360.0,0.0,1323356.0,17480.0,0.0,0.0,12880.0,407840.0,768837.0,56160.0,4960.0,0.0,0.0,0.0,0.0,0.0
2026-05-07T09:00:00+02:00,0.0,4200.0,0.0,8039.0,0.0,0.0,0.0,0.0,5640.0,8560.0,8520.0,0.0,0.0,0.0,0.0,0.0,0.0,0.0,4200.0,0.0,3040.0,0.0,0.0,0.0,0.0,3040.0,3040.0,3040.0,0.0,0.0,0.0,0.0,0.0,0.0,0.0,4200.0,0.0,144517.0,0.0,0.0,0.0,0.0,24320.0,985917.0,66838.0,0.0,0.0,0.0,0.0,0.0,0.0
2026-05-07T10:00:00+02:00,3040.0,7800.0,0.0,7440.0,0.0,0.0,0.0,5960.0,6000.0,8480.0,7960.0,0.0,0.0,0.0,0.0,7000.0,0.0,3040.0,3040.0,0.0,3240.0,0.0,0.0,0.0,3680.0,3880.0,3040.0,3160.0,0.0,0.0,0.0,0.0,3960.0,0.0,3040.0,44400.0,0.0,116360.0,0.0,0.0,0.0,13640.0,19080.0,2328196.0,33200.0,0.0,0.0,0.0,0.0,15680.0,0.0
2026-05-07T11:00:00+02:00,0.0,8000.0,0.0,8200.0,0.0,0.0,0.0,6000.0,8000.0,8480.0,8240.0,0.0,0.0,0.0,0.0,7400.0,6560.0,0.0,3080.0,0.0,3080.0,0.0,0.0,0.0,3920.0,3400.0,3040.0,3080.0,0.0,0.0,0.0,0.0,5080.0,3960.0,0.0,35720.0,0.0,252719.0,0.0,0.0,0.0,9920.0,50120.0,1842797.0,124240.0,0.0,0.0,0.0,0.0,12480.0,19560.0
2026-05-07T12:00:00+02:00,4240.0,7320.0,0.0,8000.0,0.0,0.0,0.0,5800.0,8039.0,8560.0,8480.0,5920.0,0.0,0.0,0.0,0.0,7600.0,4240.0,3080.0,0.0,3040.0,0.0,0.0,0.0,4640.0,3080.0,3080.0,3160.0,4280.0,0.0,0.0,0.0,0.0,5400.0,4240.0,18200.0,0.0,270200.0,0.0,0.0,0.0,15520.0,141839.0,730279.0,81600.0,10200.0,0.0,0.0,0.0,0.0,13000.0
2026-05-07T13:00:00+02:00,3200.0,8000.0,0.0,8400.0,0.0,0.0,0.0,7400.0,8440.0,8560.0,6480.0,6840.0,0.0,0.0,0.0,8039.0,6440.0,3200.0,3040.0,0.0,3240.0,0.0,0.0,0.0,3080.0,3040.0,3040.0,3040.0,3080.0,0.0,0.0,0.0,4800.0,4480.0,3200.0,127240.0,0.0,290158.0,0.0,0.0,0.0,15040.0,506719.0,1418875.0,34920.0,30600.0,0.0,0.0,0.0,19879.0,10920.0
2026-05-07T14:00:00+02:00,0.0,7600.0,0.0,8039.0,0.0,0.0,0.0,8000.0,8000.0,8480.0,8080.0,5240.0,0.0,0.0,0.0,7960.0,0.0,0.0,3600.0,0.0,3120.0,0.0,0.0,0.0,3280.0,3040.0,3040.0,3040.0,5240.0,0.0,0.0,0.0,5960.0,0.0,0.0,73520.0,0.0,239999.0,0.0,0.0,0.0,128080.0,459960.0,2013157.0,143200.0,5240.0,0.0,0.0,0.0,28120.0,0.0
2026-05-07T15:00:00+02:00,8480.0,7680.0,0.0,8520.0,0.0,0.0,0.0,8119.0,8560.0,8560.0,8440.0,0.0,0.0,0.0,0.0,0.0,0.0,3320.0,3080.0,0.0,3040.0,0.0,0.0,0.0,3840.0,3040.0,3040.0,3240.0,0.0,0.0,0.0,0.0,0.0,0.0,19320.0,51440.0,0.0,484080.0,0.0,0.0,0.0,107599.0,219239.0,1812118.0,164960.0,0.0,0.0,0.0,0.0,0.0,0.0
2026-05-07T16:00:00+02:00,8240.0,6760.0,0.0,8480.0,0.0,0.0,0.0,7960.0,3560.0,8560.0,8520.0,0.0,0.0,0.0,0.0,5600.0,0.0,3280.0,3600.0,0.0,3040.0,0.0,0.0,0.0,3200.0,3560.0,3040.0,3280.0,0.0,0.0,0.0,0.0,5600.0,0.0,39040.0,15600.0,0.0,681318.0,0.0,0.0,0.0,22120.0,3560.0,1706115.0,33040.0,0.0,0.0,0.0,0.0,5600.0,0.0
2026-05-07T17:00:00+02:00,8440.0,8080.0,0.0,8440.0,0.0,0.0,0.0,6000.0,8240.0,8560.0,8000.0,5280.0,0.0,0.0,0.0,0.0,0.0,3720.0,3080.0,0.0,3040.0,0.0,0.0,0.0,3480.0,3120.0,3040.0,3160.0,4560.0,0.0,0.0,0.0,0.0,0.0,101600.0,39200.0,0.0,377319.0,0.0,0.0,0.0,27120.0,104240.0,1027357.0,45640.0,9840.0,0.0,0.0,0.0,0.0,0.0
2026-05-07T18:00:00+02:00,7200.0,8160.0,0.0,7800.0,0.0,0.0,0.0,8480.0,8039.0,8560.0,8039.0,3800.0,0.0,0.0,0.0,8440.0,0.0,3840.0,3200.0,0.0,3040.0,0.0,0.0,0.0,4000.0,3040.0,3080.0,3080.0,3800.0,0.0,0.0,0.0,6720.0,0.0,50000.0,57918.0,0.0,175120.0,0.0,0.0,0.0,32000.0,131439.0,459239.0,49199.0,3800.0,0.0,0.0,0.0,29840.0,0.0
2026-05-07T19:00:00+02:00,6000.0,7320.0,0.0,8400.0,3920.0,0.0,0.0,8360.0,7440.0,8480.0,4000.0,0.0,0.0,0.0,0.0,7160.0,0.0,3080.0,3360.0,0.0,3040.0,3920.0,0.0,0.0,3400.0,3240.0,3040.0,3960.0,0.0,0.0,0.0,0.0,4840.0,0.0,17080.0,58640.0,0.0,593160.0,3920.0,0.0,0.0,73240.0,106720.0,1395157.0,7960.0,0.0,0.0,0.0,0.0,18680.0,0.0
2026-05-07T20:00:00+02:00,8400.0,8360.0,0.0,8520.0,3880.0,0.0,0.0,0.0,4000.0,8520.0,8000.0,0.0,0.0,0.0,0.0,0.0,0.0,3120.0,3240.0,0.0,3040.0,3680.0,0.0,0.0,0.0,3120.0,3040.0,3520.0,0.0,0.0,0.0,0.0,0.0,0.0,551040.0,68080.0,0.0,444480.0,7560.0,0.0,0.0,0.0,22400.0,1647635.0,138760.0,0.0,0.0,0.0,0.0,0.0,0.0
2026-05-07T21:00:00+02:00,8400.0,8000.0,0.0,8560.0,0.0,0.0,0.0,0.0,7960.0,8520.0,6120.0,0.0,0.0,0.0,0.0,0.0,8240.0,3040.0,3040.0,0.0,3040.0,0.0,0.0,0.0,0.0,3040.0,3040.0,4800.0,0.0,0.0,0.0,0.0,0.0,4200.0,256960.0,61640.0,0.0,757160.0,0.0,0.0,0.0,0.0,50920.0,1151680.0,10920.0,0.0,0.0,0.0,0.0,0.0,12440.0
2026-05-07T22:00:00+02:00,7920.0,7680.0,0.0,8480.0,0.0,0.0,0.0,6080.0,4920.0,8520.0,8360.0,3240.0,0.0,0.0,0.0,0.0,5680.0,3120.0,3360.0,0.0,3160.0,0.0,0.0,0.0,6080.0,3440.0,3040.0,3320.0,3240.0,0.0,0.0,0.0,0.0,3800.0,87200.0,41520.0,0.0,203519.0,0.0,0.0,0.0,6080.0,12040.0,377959.0,75920.0,3240.0,0.0,0.0,0.0,0.0,17280.0
2026-05-07T23:00:00+02:00,7760.0,5120.0,0.0,8039.0,0.0,0.0,0.0,0.0,0.0,8520.0,0.0,0.0,0.0,0.0,0.0,0.0,0.0,3760.0,5120.0,0.0,3040.0,0.0,0.0,0.0,0.0,0.0,3080.0,0.0,0.0,0.0,0.0,0.0,0.0,0.0,19400.0,5120.0,0.0,536879.0,0.0,0.0,0.0,0.0,0.0,200480.0,0.0,0.0,0.0,0.0,0.0,0.0,0.0
2026-05-08T00:00:00+02:00,4000.0,0.0,0.0,8240.0,0.0,0.0,0.0,0.0,7320.0,8560.0,5320.0,0.0,0.0,0.0,0.0,0.0,4160.0,3120.0,0.0,0.0,3040.0,0.0,0.0,0.0,0.0,3080.0,3040.0,5320.0,0.0,0.0,0.0,0.0,0.0,4160.0,21320.0,0.0,0.0,769800.0,0.0,0.0,0.0,0.0,53000.0,339920.0,5320.0,0.0,0.0,0.0,0.0,0.0,4160.0
2026-05-08T01:00:00+02:00,6400.0,0.0,0.0,8520.0,0.0,0.0,0.0,0.0,8200.0,8520.0,3080.0,0.0,0.0,0.0,0.0,0.0,0.0,3080.0,0.0,0.0,3040.0,0.0,0.0,0.0,0.0,3080.0,3080.0,3080.0,0.0,0.0,0.0,0.0,0.0,0.0,52480.0,0.0,0.0,2235000.0,0.0,0.0,0.0,0.0,59680.0,291599.0,3080.0,0.0,0.0,0.0,0.0,0.0,0.0
2026-05-08T02:00:00+02:00,7560.0,8000.0,0.0,8520.0,0.0,0.0,0.0,0.0,0.0,7560.0,5200.0,0.0,0.0,0.0,0.0,0.0,0.0,3360.0,3680.0,0.0,3040.0,0.0,0.0,0.0,0.0,0.0,3080.0,5200.0,0.0,0.0,0.0,0.0,0.0,0.0,28240.0,17680.0,0.0,1324158.0,0.0,0.0,0.0,0.0,0.0,129640.0,5200.0,0.0,0.0,0.0,0.0,0.0,0.0
2026-05-08T03:00:00+02:00,7240.0,0.0,0.0,8039.0,0.0,0.0,0.0,0.0,6040.0,8400.0,8000.0,0.0,0.0,0.0,0.0,0.0,0.0,3280.0,0.0,0.0,3040.0,0.0,0.0,0.0,0.0,3040.0,3040.0,5280.0,0.0,0.0,0.0,0.0,0.0,0.0,41520.0,0.0,0.0,443839.0,0.0,0.0,0.0,0.0,16720.0,172679.0,33000.0,0.0,0.0,0.0,0.0,0.0,0.0
2026-05-08T04:00:00+02:00,6560.0,0.0,0.0,8400.0,0.0,0.0,0.0,0.0,8000.0,8320.0,0.0,0.0,0.0,0.0,0.0,7440.0,0.0,3160.0,0.0,0.0,3160.0,0.0,0.0,0.0,0.0,3200.0,3040.0,0.0,0.0,0.0,0.0,0.0,3040.0,0.0,9720.0,0.0,0.0,265560.0,0.0,0.0,0.0,0.0,108000.0,84280.0,0.0,0.0,0.0,0.0,0.0,63920.0,0.0
2026-05-08T05:00:00+02:00,8000.0,6400.0,0.0,8440.0,0.0,0.0,0.0,6600.0,8000.0,8000.0,0.0,7960.0,0.0,0.0,0.0,4000.0,0.0,3440.0,6400.0,0.0,3120.0,0.0,0.0,0.0,6600.0,3080.0,3160.0,0.0,4000.0,0.0,0.0,0.0,3800.0,0.0,109360.0,6400.0,0.0,798359.0,0.0,0.0,0.0,6600.0,229120.0,59160.0,0.0,11960.0,0.0,0.0,0.0,15640.0,0.0
2026-05-08T06:00:00+02:00,8039.0,5040.0,0.0,8280.0,0.0,0.0,0.0,6520.0,7280.0,8400.0,7160.0,0.0,0.0,0.0,0.0,6480.0,0.0,3040.0,3080.0,0.0,3040.0,0.0,0.0,0.0,4080.0,3560.0,3680.0,5840.0,0.0,0.0,0.0,0.0,3840.0,0.0,428638.0,8120.0,0.0,710280.0,0.0,0.0,0.0,14760.0,85440.0,160000.0,13000.0,0.0,0.0,0.0,0.0,10320.0,0.0
2026-05-08T07:00:00+02:00,4840.0,3040.0,0.0,8440.0,3160.0,0.0,0.0,0.0,0.0,8520.0,0.0,0.0,0.0,0.0,0.0,8200.0,0.0,3640.0,3040.0,0.0,3080.0,3160.0,0.0,0.0,0.0,0.0,3160.0,0.0,0.0,0.0,0.0,0.0,4200.0,0.0,16480.0,3040.0,0.0,551719.0,3160.0,0.0,0.0,0.0,0.0,81760.0,0.0,0.0,0.0,0.0,0.0,17920.0,0.0
