timestamp,dur_max_ms_animal,dur_max_ms_bicycle,dur_max_ms_bus,dur_max_ms_car,dur_max_ms_car trailer,dur_max_ms_caravan,dur_max_ms_heavy,dur_max_ms_light,dur_max_ms_motorcycle,dur_max_ms_pedestrian,dur_max_ms_pram,dur_max_ms_scooter,dur_max_ms_tractor,dur_max_ms_tram,dur_max_ms_truck trailer,dur_max_ms_van,dur_max_ms_wheelchair,dur_min_ms_animal,dur_min_ms_bicycle,dur_min_ms_bus,dur_min_ms_car,dur_min_ms_car trailer,dur_min_ms_caravan,dur_min_ms_heavy,dur_min_ms_light,dur_min_ms_motorcycle,dur_min_ms_pedestrian,dur_min_ms_pram,dur_min_ms_scooter,dur_min_ms_tractor,dur_min_ms_tram,dur_min_ms_truck trailer,dur_min_ms_van,dur_min_ms_wheelchair,dur_sum_ms_animal,dur_sum_ms_bicycle,dur_sum_ms_bus,dur_sum_ms_car,dur_sum_ms_car trailer,dur_sum_ms_caravan,dur_sum_ms_heavy,dur_sum_ms_light,dur_sum_ms_motorcycle,dur_sum_ms_pedestrian,dur_sum_ms_pram,dur_sum_ms_scooter,dur_sum_ms_tractor,dur_sum_ms_tram,dur_sum_ms_truck trailer,dur_sum_ms_van,dur_sum_ms_wheelchair
2026-02-10T11:00:00+01:00,2000.0,3520.0,0.0,0.0,0.0,0.0,0.0,7760.0,0.0,24160.0,5920.0,0.0,0.0,0.0,0.0,0.0,0.0,560.0,800.0,0.0,0.0,0.0,0.0,0.0,7760.0,0.0,0.0,400.0,0.0,0.0,0.0,0.0,0.0,0.0,9400.0,17240.0,0.0,0.0,0.0,0.0,0.0,7760.0,0.0,253639.0,33600.0,0.0,0.0,0.0,0.0,0.0,0.0
2026-02-10T12:00:00+01:00,24600.0,4520.0,0.0,440.0,0.0,0.0,0.0,48760.0,4520.0,51800.0,13970.0,0.0,0.0,0.0,0.0,0.0,0.0,30.0,160.0,0.0,0.0,0.0,0.0,0.0,320.0,3120.0,0.0,120.0,0.0,0.0,0.0,0.0,0.0,0.0,61270.0,66800.0,0.0,520.0,0.0,0.0,0.0,526879.0,7640.0,1087969.0,112610.0,0.0,0.0,0.0,0.0,0.0,0.0
2026-02-10T13:00:00+01:00,3960.0,2760.0,0.0,160.0,0.0,0.0,0.0,48760.0,11920.0,41960.0,3960.0,200.0,0.0,8880.0,0.0,6640.0,0.0,120.0,240.0,0.0,0.0,0.0,0.0,0.0,240.0,240.0,10.0,160.0,200.0,0.0,800.0,0.0,80.0,0.0,56640.0,30280.0,0.0,450.0,0.0,0.0,0.0,832980.0,22320.0,2576213.0,69430.0,400.0,0.0,17240.0,0.0,10620.0,0.0
2026-02-10T14:00:00+01:00,13880.0,0.0,0.0,4200.0,47920.0,0.0,0.0,33240.0,5480.0,45600.0,16360.0,0.0,0.0,2690.0,0.0,3240.0,0.0,120.0,0.0,0.0,80.0,320.0,0.0,0.0,240.0,1440.0,0.0,80.0,0.0,0.0,320.0,0.0,320.0,0.0,404140.0,0.0,0.0,10980.0,596619.0,0.0,0.0,195480.0,8360.0,2751555.0,80560.0,0.0,0.0,4690.0,0.0,5960.0,0.0
2026-02-10T15:00:00+01:00,18000.0,5440.0,0.0,3280.0,42480.0,0.0,0.0,28680.0,480.0,39840.0,5000.0,0.0,0.0,0.0,0.0,0.0,0.0,200.0,210.0,0.0,20.0,320.0,0.0,0.0,40.0,480.0,0.0,120.0,0.0,0.0,0.0,0.0,0.0,0.0,467040.0,7940.0,0.0,5260.0,291840.0,0.0,0.0,90590.0,480.0,1423226.0,26640.0,0.0,0.0,0.0,0.0,0.0,0.0
2026-02-10T16:00:00+01:00,10000.0,3540.0,0.0,580.0,0.0,0.0,0.0,0.0,0.0,38080.0,1880.0,0.0,0.0,0.0,0.0,0.0,0.0,120.0,1440.0,0.0,10.0,0.0,0.0,0.0,0.0,0.0,10.0,480.0,0.0,0.0,0.0,0.0,0.0,0.0,278920.0,4980.0,0.0,1110.0,0.0,0.0,0.0,0.0,0.0,1018590.0,7560.0,0.0,0.0,0.0,0.0,0.0,0.0
2026-02-10T17:00:00+01:00,9840.0,0.0,0.0,9240.0,0.0,0.0,0.0,0.0,0.0,40010.0,0.0,2240.0,0.0,0.0,0.0,0.0,0.0,440.0,0.0,0.0,5720.0,0.0,0.0,0.0,0.0,0.0,0.0,0.0,230.0,0.0,0.0,0.0,0.0,0.0,93310.0,0.0,0.0,14960.0,0.0,0.0,0.0,0.0,0.0,613869.0,0.0,2840.0,0.0,0.0,0.0,0.0,0.0
2026-02-10T18:00:00+01:00,40080.0,2760.0,0.0,3800.0,0.0,0.0,0.0,0.0,0.0,38840.0,1120.0,0.0,0.0,0.0,0.0,0.0,0.0,160.0,160.0,0.0,750.0,0.0,0.0,0.0,0.0,0.0,20.0,880.0,0.0,0.0,0.0,0.0,0.0,0.0,278330.0,3800.0,0.0,4550.0,0.0,0.0,0.0,0.0,0.0,1791735.0,2000.0,0.0,0.0,0.0,0.0,0.0,0.0
2026-02-10T19:00:00+01:00,40360.0,960.0,0.0,0.0,0.0,0.0,0.0,0.0,0.0,40880.0,440.0,0.0,0.0,0.0,0.0,0.0,0.0,160.0,80.0,0.0,0.0,0.0,0.0,0.0,0.0,0.0,40.0,440.0,0.0,0.0,0.0,0.0,0.0,0.0,394209.0,1280.0,0.0,0.0,0.0,0.0,0.0,0.0,0.0,2835147.0,440.0,0.0,0.0,0.0,0.0,0.0,0.0
2026-02-10T20:00:00+01:00,10600.0,13880.0,0.0,0.0,0.0,0.0,0.0,0.0,0.0,39040.0,1440.0,0.0,0.0,0.0,0.0,0.0,0.0,160.0,160.0,0.0,0.0,0.0,0.0,0.0,0.0,0.0,40.0,1440.0,0.0,0.0,0.0,0.0,0.0,0.0,54960.0,23280.0,0.0,0.0,0.0,0.0,0.0,0.0,0.0,1342520.0,1440.0,0.0,0.0,0.0,0.0,0.0,0.0
2026-02-10T21:00:00+01:00,22360.0,360.0,0.0,0.0,0.0,0.0,0.0,0.0,0.0,35320.0,7960.0,0.0,0.0,0.0,0.0,0.0,0.0,160.0,360.0,0.0,0.0,0.0,0.0,0.0,0.0,0.0,80.0,280.0,0.0,0.0,0.0,0.0,0.0,0.0,50840.0,360.0,0.0,0.0,0.0,0.0,0.0,0.0,0.0,1278420.0,18080.0,0.0,0.0,0.0,0.0,0.0,0.0
2026-02-10T22:00:00+01:00,7840.0,0.0,0.0,0.0,0.0,0.0,0.0,0.0,0.0,34520.0,6000.0,0.0,0.0,0.0,0.0,0.0,1480.0,80.0,0.0,0.0,0.0,0.0,0.0,0.0,0.0,0.0,160.0,360.0,0.0,0.0,0.0,0.0,0.0,1480.0,72600.0,0.0,0.0,0.0,0.0,0.0,0.0,0.0,0.0,1055610.0,29280.0,0.0,0.0,0.0,0.0,0.0,1480.0
2026-02-10T23:00:00+01:00,2040.0,1200.0,0.0,0.0,0.0,0.0,0.0,0.0,0.0,28040.0,1920.0,0.0,0.0,0.0,0.0,0.0,0.0,320.0,1200.0,0.0,0.0,0.0,0.0,0.0,0.0,0.0,30.0,1920.0,0.0,0.0,0.0,0.0,0.0,0.0,30000.0,1200.0,0.0,0.0,0.0,0.0,0.0,0.0,0.0,341950.0,1920.0,0.0,0.0,0.0,0.0,0.0,0.0
2026-02-11T00:00:00+01:00,3960.0,0.0,0.0,0.0,0.0,0.0,0.0,0.0,0.0,32000.0,0.0,0.0,0.0,0.0,0.0,0.0,0.0,120.0,0.0,0.0,0.0,0.0,0.0,0.0,0.0,0.0,120.0,0.0,0.0,0.0,0.0,0.0,0.0,0.0,145960.0,0.0,0.0,0.0,0.0,0.0,0.0,0.0,0.0,1092190.0,0.0,0.0,0.0,0.0,0.0,0.0,0.0
2026-02-11T01:00:00+01:00,3920.0,0.0,0.0,0.0,0.0,0.0,0.0,0.0,0.0,36340.0,0.0,0.0,0.0,0.0,0.0,0.0,0.0,120.0,0.0,0.0,0.0,0.0,0.0,0.0,0.0,0.0,120.0,0.0,0.0,0.0,0.0,0.0,0.0,0.0,113320.0,0.0,0.0,0.0,0.0,0.0,0.0,0.0,0.0,1878019.0,0.0,0.0,0.0,0.0,0.0,0.0,0.0
2026-02-11T02:00:00+01:00,11800.0,0.0,0.0,0.0,0.0,0.0,0.0,0.0,0.0,35360.0,0.0,0.0,0.0,0.0,0.0,0.0,0.0,160.0,0.0,0.0,0.0,0.0,0.0,0.0,0.0,0.0,40.0,0.0,0.0,0.0,0.0,0.0,0.0,0.0,199640.0,0.0,0.0,0.0,0.0,0.0,0.0,0.0,0.0,2073786.0,0.0,0.0,0.0,0.0,0.0,0.0,0.0
2026-02-11T03:00:00+01:00,6280.0,0.0,0.0,0.0,0.0,0.0,0.0,0.0,0.0,37510.0,0.0,0.0,0.0,0.0,0.0,0.0,0.0,120.0,0.0,0.0,0.0,0.0,0.0,0.0,0.0,0.0,200.0,0.0,0.0,0.0,0.0,0.0,0.0,0.0,208280.0,0.0,0.0,0.0,0.0,0.0,0.0,0.0,0.0,1817359.0,0.0,0.0,0.0,0.0,0.0,0.0,0.0
2026-02-11T04:00:00+01:00,8000.0,1400.0,0.0,0.0,0.0,0.0,0.0,5680.0,1760.0,37080.0,0.0,0.0,0.0,0.0,0.0,0.0,0.0,160.0,1400.0,0.0,0.0,0.0,0.0,0.0,1240.0,840.0,160.0,0.0,0.0,0.0,0.0,0.0,0.0,0.0,146640.0,1400.0,0.0,0.0,0.0,0.0,0.0,6920.0,2600.0,1505369.0,0.0,0.0,0.0,0.0,0.0,0.0,0.0
2026-02-11T05:00:00+01:00,4880.0,0.0,0.0,0.0,0.0,0.0,0.0,0.0,0.0,36040.0,0.0,0.0,0.0,0.0,0.0,0.0,0.0,160.0,0.0,0.0,0.0,0.0,0.0,0.0,0.0,0.0,160.0,0.0,0.0,0.0,0.0,0.0,0.0,0.0,71470.0,0.0,0.0,0.0,0.0,0.0,0.0,0.0,0.0,1077400.0,0.0,0.0,0.0,0.0,0.0,0.0,0.0
2026-02-11T06:00:00+01:00,28800.0,240.0,0.0,0.0,0.0,0.0,0.0,0.0,0.0,19000.0,0.0,0.0,0.0,0.0,0.0,0.0,0.0,240.0,240.0,0.0,0.0,0.0,0.0,0.0,0.0,0.0,10.0,0.0,0.0,0.0,0.0,0.0,0.0,0.0,97920.0,240.0,0.0,0.0,0.0,0.0,0.0,0.0,0.0,515950.0,0.0,0.0,0.0,0.0,0.0,0.0,0.0
2026-02-11T07:00:00+01:00,20120.0,0.0,0.0,9800.0,0.0,0.0,0.0,1360.0,0.0,34720.0,0.0,2000.0,0.0,0.0,0.0,0.0,0.0,160.0,0.0,0.0,280.0,0.0,0.0,0.0,80.0,0.0,10.0,0.0,240.0,0.0,0.0,0.0,0.0,0.0,730240.0,0.0,0.0,11360.0,0.0,0.0,0.0,1440.0,0.0,2460326.0,0.0,4240.0,0.0,0.0,0.0,0.0,0.0
2026-02-11T08:00:00+01:00,12000.0,0.0,0.0,2120.0,0.0,0.0,0.0,0.0,31160.0,33960.0,2440.0,3960.0,0.0,0.0,0.0,0.0,160.0,160.0,0.0,0.0,2120.0,0.0,0.0,0.0,0.0,31160.0,30.0,320.0,200.0,0.0,0.0,0.0,0.0,160.0,765879.0,0.0,0.0,2120.0,0.0,0.0,0.0,0.0,31160.0,3161052.0,8120.0,45430.0,0.0,0.0,0.0,0.0,160.0
2026-02-11T09:00:00+01:00,7880.0,3690.0,0.0,0.0,0.0,0.0,0.0,0.0,0.0,34000.0,3680.0,2400.0,0.0,0.0,0.0,0.0,0.0,120.0,2490.0,0.0,0.0,0.0,0.0,0.0,0.0,0.0,10.0,840.0,2400.0,0.0,0.0,0.0,0.0,0.0,192840.0,6180.0,0.0,0.0,0.0,0.0,0.0,0.0,0.0,2191179.0,16840.0,2400.0,0.0,0.0,0.0,0.0,0.0
2026-02-11T10:00:00+01:00,3600.0,2600.0,0.0,700.0,0.0,0.0,0.0,0.0,0.0,34000.0,280.0,600.0,0.0,0.0,0.0,210.0,1880.0,200.0,30.0,0.0,700.0,0.0,0.0,0.0,0.0,0.0,10.0,30.0,600.0,0.0,0.0,0.0,210.0,1880.0,73040.0,3150.0,0.0,700.0,0.0,0.0,0.0,0.0,0.0,1225868.0,750.0,600.0,0.0,0.0,0.0,210.0,1880.0
2026-02-11T11:00:00+01:00,33600.0,280.0,0.0,440.0,0.0,0.0,0.0,13480.0,0.0,31880.0,1960.0,0.0,0.0,0.0,0.0,6480.0,0.0,120.0,280.0,0.0,10.0,0.0,0.0,0.0,40.0,0.0,20.0,1000.0,0.0,0.0,0.0,0.0,1080.0,0.0,186240.0,280.0,0.0,1240.0,0.0,0.0,0.0,35590.0,0.0,912789.0,6120.0,0.0,0.0,0.0,0.0,7560.0,0.0
2026-02-11T12:00:00+01:00,10040.0,1130.0,0.0,7040.0,520.0,0.0,0.0,30760.0,0.0,25440.0,3440.0,320.0,0.0,0.0,0.0,0.0,0.0,120.0,1130.0,0.0,20.0,520.0,0.0,0.0,200.0,0.0,20.0,200.0,280.0,0.0,0.0,0.0,0.0,0.0,78440.0,1130.0,0.0,16590.0,520.0,0.0,0.0,737560.0,0.0,314410.0,6880.0,600.0,0.0,0.0,0.0,0.0,0.0
2026-02-11T13:00:00+01:00,13920.0,2390.0,0.0,770.0,0.0,0.0,0.0,30240.0,0.0,28590.0,2000.0,0.0,0.0,0.0,0.0,860.0,0.0,200.0,2390.0,0.0,0.0,0.0,0.0,0.0,40.0,0.0,0.0,920.0,0.0,0.0,0.0,0.0,860.0,0.0,75080.0,2390.0,0.0,4640.0,0.0,0.0,0.0,1047950.0,0.0,1663157.0,7920.0,0.0,0.0,0.0,0.0,860.0,0.0
2026-02-11T14:00:00+01:00,19800.0,0.0,0.0,1400.0,0.0,0.0,0.0,24800.0,0.0,32159.0,1740.0,0.0,0.0,0.0,0.0,0.0,0.0,160.0,0.0,0.0,0.0,0.0,0.0,0.0,200.0,0.0,0.0,760.0,0.0,0.0,0.0,0.0,0.0,0.0,38120.0,0.0,0.0,3790.0,0.0,0.0,0.0,607439.0,0.0,1397035.0,2500.0,0.0,0.0,0.0,0.0,0.0,0.0
2026-02-11T15:00:00+01:00,11800.0,2630.0,0.0,1960.0,0.0,0.0,0.0,20080.0,0.0,30240.0,11720.0,3480.0,0.0,0.0,0.0,0.0,0.0,160.0,520.0,0.0,140.0,0.0,0.0,0.0,240.0,0.0,0.0,160.0,1720.0,0.0,0.0,0.0,0.0,0.0,35990.0,3150.0,0.0,5820.0,0.0,0.0,0.0,417000.0,0.0,1219493.0,21960.0,5200.0,0.0,0.0,0.0,0.0,0.0
2026-02-11T16:00:00+01:00,9520.0,16560.0,0.0,900.0,0.0,0.0,0.0,21760.0,960.0,25160.0,3340.0,2080.0,0.0,0.0,0.0,0.0,0.0,200.0,680.0,0.0,20.0,0.0,0.0,0.0,240.0,960.0,20.0,720.0,640.0,0.0,0.0,0.0,0.0,0.0,68480.0,22010.0,0.0,1950.0,0.0,0.0,0.0,73760.0,960.0,929010.0,4060.0,2720.0,0.0,0.0,0.0,0.0,0.0
2026-02-11T17:00:00+01:00,12600.0,920.0,0.0,0.0,0.0,0.0,0.0,0.0,0.0,24680.0,2800.0,0.0,0.0,0.0,0.0,0.0,0.0,160.0,320.0,0.0,0.0,0.0,0.0,0.0,0.0,0.0,10.0,2800.0,0.0,0.0,0.0,0.0,0.0,0.0,103860.0,1240.0,0.0,0.0,0.0,0.0,0.0,0.0,0.0,522760.0,2800.0,0.0,0.0,0.0,0.0,0.0,0.0
2026-02-11T18:00:00+01:00,14310.0,9960.0,0.0,6920.0,0.0,0.0,0.0,0.0,0.0,26760.0,0.0,0.0,0.0,0.0,0.0,0.0,0.0,40.0,80.0,0.0,6920.0,0.0,0.0,0.0,0.0,0.0,0.0,0.0,0.0,0.0,0.0,0.0,0.0,0.0,109270.0,27400.0,0.0,6920.0,0.0,0.0,0.0,0.0,0.0,468549.0,0.0,0.0,0.0,0.0,0.0,0.0,0.0
2026-02-11T19:00:00+01:00,10560.0,3920.0,0.0,3040.0,0.0,0.0,0.0,0.0,0.0,29120.0,0.0,0.0,0.0,0.0,0.0,4320.0,0.0,120.0,120.0,0.0,3040.0,0.0,0.0,0.0,0.0,0.0,0.0,0.0,0.0,0.0,0.0,0.0,4320.0,0.0,129200.0,20000.0,0.0,3040.0,0.0,0.0,0.0,0.0,0.0,1405069.0,0.0,0.0,0.0,0.0,0.0,4320.0,0.0
2026-02-11T20:00:00+01:00,10400.0,13740.0,0.0,0.0,0.0,0.0,0.0,0.0,0.0,18600.0,0.0,520.0,0.0,0.0,0.0,0.0,0.0,80.0,1040.0,0.0,0.0,0.0,0.0,0.0,0.0,0.0,10.0,0.0,200.0,0.0,0.0,0.0,0.0,0.0,57440.0,21220.0,0.0,0.0,0.0,0.0,0.0,0.0,0.0,571898.0,0.0,720.0,0.0,0.0,0.0,0.0,0.0
2026-02-11T21:00:00+01:00,14360.0,0.0,0.0,0.0,0.0,0.0,0.0,0.0,0.0,17560.0,0.0,0.0,0.0,0.0,0.0,0.0,0.0,240.0,0.0,0.0,0.0,0.0,0.0,0.0,0.0,0.0,10.0,0.0,0.0,0.0,0.0,0.0,0.0,0.0,93640.0,0.0,0.0,0.0,0.0,0.0,0.0,0.0,0.0,458889.0,0.0,0.0,0.0,0.0,0.0,0.0,0.0
2026-02-11T22:00:00+01:00,12240.0,720.0,0.0,0.0,0.0,0.0,0.0,0.0,0.0,26000.0,0.0,0.0,0.0,0.0,0.0,0.0,0.0,120.0,720.0,0.0,0.0,0.0,0.0,0.0,0.0,0.0,40.0,0.0,0.0,0.0,0.0,0.0,0.0,0.0,16760.0,720.0,0.0,0.0,0.0,0.0,0.0,0.0,0.0,375710.0,0.0,0.0,0.0,0.0,0.0,0.0,0.0
2026-02-11T23:00:00+01:00,2360.0,0.0,0.0,0.0,0.0,0.0,0.0,0.0,0.0,26440.0,0.0,0.0,0.0,0.0,0.0,0.0,0.0,160.0,0.0,0.0,0.0,0.0,0.0,0.0,0.0,0.0,120.0,0.0,0.0,0.0,0.0,0.0,0.0,0.0,11520.0,0.0,0.0,0.0,0.0,0.0,0.0,0.0,0.0,257340.0,0.0,0.0,0.0,0.0,0.0,0.0,0.0
2026-02-12T00:00:00+01:00,2000.0,0.0,0.0,80.0,0.0,0.0,0.0,0.0,0.0,27400.0,4040.0,0.0,0.0,0.0,0.0,0.0,0.0,960.0,0.0,0.0,80.0,0.0,0.0,0.0,0.0,0.0,200.0,440.0,0.0,0.0,0.0,0.0,0.0,0.0,13880.0,0.0,0.0,80.0,0.0,0.0,0.0,0.0,0.0,149290.0,9160.0,0.0,0.0,0.0,0.0,0.0,0.0
2026-02-12T01:00:00+01:00,3880.0,0.0,0.0,0.0,0.0,0.0,0.0,0.0,0.0,27600.0,0.0,0.0,0.0,0.0,0.0,0.0,0.0,160.0,0.0,0.0,0.0,0.0,0.0,0.0,0.0,0.0,160.0,0.0,0.0,0.0,0.0,0.0,0.0,0.0,15160.0,0.0,0.0,0.0,0.0,0.0,0.0,0.0,0.0,1630479.0,0.0,0.0,0.0,0.0,0.0,0.0,0.0
2026-02-12T02:00:00+01:00,560.0,0.0,0.0,200.0,0.0,0.0,0.0,0.0,1680.0,27520.0,680.0,0.0,0.0,0.0,0.0,0.0,0.0,280.0,0.0,0.0,200.0,0.0,0.0,0.0,0.0,1680.0,40.0,680.0,0.0,0.0,0.0,0.0,0.0,0.0,840.0,0.0,0.0,200.0,0.0,0.0,0.0,0.0,1680.0,1561398.0,680.0,0.0,0.0,0.0,0.0,0.0,0.0
2026-02-12T03:00:00+01:00,4640.0,0.0,0.0,3000.0,0.0,0.0,0.0,0.0,0.0,28080.0,1720.0,0.0,0.0,0.0,0.0,0.0,0.0,160.0,0.0,0.0,120.0,0.0,0.0,0.0,0.0,0.0,160.0,1480.0,0.0,0.0,0.0,0.0,0.0,0.0,22000.0,0.0,0.0,3540.0,0.0,0.0,0.0,0.0,0.0,396520.0,3200.0,0.0,0.0,0.0,0.0,0.0,0.0
2026-02-12T04:00:00+01:00,6000.0,0.0,0.0,2240.0,0.0,0.0,0.0,7560.0,0.0,26820.0,3680.0,0.0,0.0,0.0,0.0,0.0,0.0,120.0,0.0,0.0,240.0,0.0,0.0,0.0,7560.0,0.0,120.0,40.0,0.0,0.0,0.0,0.0,0.0,0.0,98600.0,0.0,0.0,3680.0,0.0,0.0,0.0,7560.0,0.0,355630.0,11520.0,0.0,0.0,0.0,0.0,0.0,0.0
2026-02-12T05:00:00+01:00,10000.0,0.0,0.0,0.0,840.0,0.0,0.0,0.0,0.0,25480.0,4000.0,0.0,0.0,0.0,0.0,0.0,0.0,160.0,0.0,0.0,0.0,240.0,0.0,0.0,0.0,0.0,80.0,200.0,0.0,0.0,0.0,0.0,0.0,0.0,267200.0,0.0,0.0,0.0,1080.0,0.0,0.0,0.0,0.0,234910.0,32720.0,0.0,0.0,0.0,0.0,0.0,0.0
2026-02-12T06:00:00+01:00,7840.0,0.0,0.0,0.0,240.0,0.0,0.0,0.0,0.0,4800.0,0.0,0.0,0.0,0.0,0.0,0.0,0.0,240.0,0.0,0.0,0.0,240.0,0.0,0.0,0.0,0.0,10.0,0.0,0.0,0.0,0.0,0.0,0.0,0.0,94120.0,0.0,0.0,0.0,240.0,0.0,0.0,0.0,0.0,54000.0,0.0,0.0,0.0,0.0,0.0,0.0,0.0
2026-02-12T07:00:00+01:00,25960.0,2280.0,0.0,0.0,1360.0,0.0,0.0,0.0,0.0,28040.0,0.0,0.0,0.0,0.0,0.0,0.0,0.0,120.0,2080.0,0.0,0.0,520.0,0.0,0.0,0.0,0.0,10.0,0.0,0.0,0.0,0.0,0.0,0.0,0.0,1510928.0,4360.0,0.0,0.0,1880.0,0.0,0.0,0.0,0.0,792489.0,0.0,0.0,0.0,0.0,0.0,0.0,0.0
2026-02-12T08:00:00+01:00,14000.0,360.0,0.0,0.0,0.0,0.0,0.0,0.0,0.0,26360.0,2000.0,0.0,0.0,0.0,0.0,0.0,0.0,120.0,360.0,0.0,0.0,0.0,0.0,0.0,0.0,0.0,10.0,240.0,0.0,0.0,0.0,0.0,0.0,0.0,134850.0,360.0,0.0,0.0,0.0,0.0,0.0,0.0,0.0,1088818.0,5440.0,0.0,0.0,0.0,0.0,0.0,0.0
2026-02-12T09:00:00+01:00,10920.0,0.0,0.0,0.0,0.0,0.0,0.0,0.0,0.0,27840.0,2040.0,0.0,0.0,0.0,0.0,0.0,0.0,120.0,0.0,0.0,0.0,0.0,0.0,0.0,0.0,0.0,20.0,320.0,0.0,0.0,0.0,0.0,0.0,0.0,72150.0,0.0,0.0,0.0,0.0,0.0,0.0,0.0,0.0,998557.0,9680.0,0.0,0.0,0.0,0.0,0.0,0.0
2026-02-12T10:00:00+01:00,10800.0,320.0,0.0,0.0,0.0,0.0,0.0,1100.0,0.0,21600.0,3480.0,0.0,0.0,0.0,0.0,180.0,0.0,160.0,320.0,0.0,0.0,0.0,0.0,0.0,120.0,0.0,0.0,160.0,0.0,0.0,0.0,0.0,180.0,0.0,67559.0,320.0,0.0,0.0,0.0,0.0,0.0,2050.0,0.0,502790.0,8960.0,0.0,0.0,0.0,0.0,180.0,0.0
2026-02-12T11:00:00+01:00,21160.0,0.0,0.0,27910.0,0.0,0.0,0.0,0.0,0.0,25040.0,0.0,0.0,0.0,0.0,0.0,10320.0,0.0,200.0,0.0,0.0,1320.0,0.0,0.0,0.0,0.0,0.0,10.0,0.0,0.0,0.0,0.0,0.0,400.0,0.0,130900.0,0.0,0.0,30920.0,0.0,0.0,0.0,0.0,0.0,496960.0,0.0,0.0,0.0,0.0,0.0,10720.0,0.0
2026-02-12T12:00:00+01:00,19050.0,1920.0,0.0,0.0,0.0,0.0,0.0,0.0,0.0,27040.0,4120.0,7000.0,0.0,0.0,0.0,1200.0,0.0,160.0,240.0,0.0,0.0,0.0,0.0,0.0,0.0,0.0,10.0,90.0,160.0,0.0,0.0,0.0,1200.0,0.0,158170.0,2160.0,0.0,0.0,0.0,0.0,0.0,0.0,0.0,190960.0,7210.0,8800.0,0.0,0.0,0.0,1200.0,0.0
2026-02-12T13:00:00+01:00,20600.0,1760.0,0.0,40.0,0.0,0.0,0.0,0.0,0.0,26000.0,2200.0,0.0,0.0,0.0,0.0,720.0,0.0,20.0,20.0,0.0,40.0,0.0,0.0,0.0,0.0,0.0,0.0,160.0,0.0,0.0,0.0,0.0,40.0,0.0,591050.0,3140.0,0.0,40.0,0.0,0.0,0.0,0.0,0.0,1052739.0,15080.0,0.0,0.0,0.0,0.0,1240.0,0.0
2026-02-12T14:00:00+01:00,7960.0,2360.0,0.0,100.0,0.0,0.0,0.0,0.0,0.0,18840.0,4000.0,0.0,0.0,0.0,0.0,0.0,0.0,70.0,40.0,0.0,40.0,0.0,0.0,0.0,0.0,0.0,0.0,320.0,0.0,0.0,0.0,0.0,0.0,0.0,181950.0,8000.0,0.0,140.0,0.0,0.0,0.0,0.0,0.0,501738.0,20280.0,0.0,0.0,0.0,0.0,0.0,0.0
2026-02-12T15:00:00+01:00,8800.0,5440.0,0.0,90.0,0.0,0.0,0.0,0.0,0.0,18240.0,1520.0,640.0,0.0,0.0,0.0,0.0,0.0,200.0,240.0,0.0,90.0,0.0,0.0,0.0,0.0,0.0,0.0,200.0,160.0,0.0,0.0,0.0,0.0,0.0,31920.0,19920.0,0.0,90.0,0.0,0.0,0.0,0.0,0.0,486860.0,1720.0,800.0,0.0,0.0,0.0,0.0,0.0
2026-02-12T16:00:00+01:00,9480.0,8640.0,0.0,0.0,0.0,0.0,0.0,0.0,0.0,26540.0,9910.0,6360.0,7720.0,0.0,0.0,0.0,0.0,240.0,160.0,0.0,0.0,0.0,0.0,0.0,0.0,0.0,20.0,520.0,680.0,760.0,0.0,0.0,0.0,0.0,36640.0,43450.0,0.0,0.0,0.0,0.0,0.0,0.0,0.0,639878.0,17530.0,17680.0,8480.0,0.0,0.0,0.0,0.0
2026-02-12T17:00:00+01:00,25720.0,3240.0,0.0,0.0,0.0,0.0,0.0,0.0,0.0,25600.0,4480.0,640.0,0.0,0.0,0.0,0.0,0.0,30.0,1440.0,0.0,0.0,0.0,0.0,0.0,0.0,0.0,10.0,4480.0,640.0,0.0,0.0,0.0,0.0,0.0,117250.0,10080.0,0.0,0.0,0.0,0.0,0.0,0.0,0.0,539790.0,4480.0,640.0,0.0,0.0,0.0,0.0,0.0
2026-02-12T18:00:00+01:00,13720.0,15240.0,0.0,0.0,0.0,0.0,0.0,0.0,0.0,25480.0,0.0,5240.0,0.0,0.0,0.0,0.0,0.0,30.0,200.0,0.0,0.0,0.0,0.0,0.0,0.0,0.0,30.0,0.0,240.0,0.0,0.0,0.0,0.0,0.0,130879.0,103840.0,0.0,0.0,0.0,0.0,0.0,0.0,0.0,639969.0,0.0,29600.0,0.0,0.0,0.0,0.0,0.0
2026-02-12T19:00:00+01:00,9440.0,18440.0,0.0,1000.0,0.0,0.0,0.0,0.0,0.0,26360.0,0.0,8680.0,0.0,0.0,0.0,0.0,0.0,240.0,120.0,0.0,1000.0,0.0,0.0,0.0,0.0,0.0,20.0,0.0,240.0,0.0,0.0,0.0,0.0,0.0,76260.0,301560.0,0.0,1000.0,0.0,0.0,0.0,0.0,0.0,1945749.0,0.0,63879.0,0.0,0.0,0.0,0.0,0.0
2026-02-12T20:00:00+01:00,23860.0,12000.0,0.0,680.0,0.0,0.0,0.0,0.0,0.0,25600.0,0.0,3880.0,0.0,0.0,0.0,0.0,0.0,120.0,160.0,0.0,680.0,0.0,0.0,0.0,0.0,0.0,10.0,0.0,160.0,0.0,0.0,0.0,0.0,0.0,131250.0,148980.0,0.0,680.0,0.0,0.0,0.0,0.0,0.0,1422698.0,0.0,26040.0,0.0,0.0,0.0,0.0,0.0
2026-02-12T21:00:00+01:00,10800.0,14960.0,0.0,0.0,0.0,0.0,0.0,0.0,0.0,24840.0,0.0,4960.0,0.0,0.0,0.0,0.0,0.0,240.0,240.0,0.0,0.0,0.0,0.0,0.0,0.0,0.0,10.0,0.0,840.0,0.0,0.0,0.0,0.0,0.0,67600.0,62479.0,0.0,0.0,0.0,0.0,0.0,0.0,0.0,947080.0,0.0,10520.0,0.0,0.0,0.0,0.0,0.0
2026-02-12T22:00:00+01:00,7560.0,1520.0,12000.0,760.0,0.0,0.0,0.0,0.0,0.0,22840.0,23440.0,0.0,0.0,0.0,0.0,0.0,11840.0,240.0,1520.0,160.0,760.0,0.0,0.0,0.0,0.0,0.0,10.0,440.0,0.0,0.0,0.0,0.0,0.0,480.0,50280.0,1520.0,68680.0,760.0,0.0,0.0,0.0,0.0,0.0,663578.0,127080.0,0.0,0.0,0.0,0.0,0.0,232960.0
2026-02-12T23:00:00+01:00,1240.0,0.0,11760.0,0.0,0.0,0.0,0.0,0.0,0.0,21200.0,3920.0,0.0,0.0,0.0,0.0,0.0,20480.0,240.0,0.0,160.0,0.0,0.0,0.0,0.0,0.0,0.0,40.0,240.0,0.0,0.0,0.0,0.0,0.0,240.0,2320.0,0.0,51120.0,0.0,0.0,0.0,0.0,0.0,0.0,311050.0,28360.0,0.0,0.0,0.0,0.0,0.0,274920.0
2026-02-13T00:00:00+01:00,2000.0,0.0,4280.0,0.0,9360.0,0.0,0.0,0.0,0.0,5880.0,0.0,0.0,0.0,0.0,0.0,0.0,0.0,2000.0,0.0,560.0,0.0,200.0,0.0,0.0,0.0,0.0,20.0,0.0,0.0,0.0,0.0,0.0,0.0,0.0,6000.0,0.0,13600.0,0.0,209200.0,0.0,0.0,0.0,0.0,81689.0,0.0,0.0,0.0,0.0,0.0,0.0,0.0
2026-02-13T01:00:00+01:00,0.0,0.0,1920.0,0.0,20040.0,0.0,0.0,0.0,0.0,4960.0,0.0,0.0,0.0,0.0,0.0,0.0,0.0,0.0,0.0,360.0,0.0,240.0,0.0,0.0,0.0,0.0,80.0,0.0,0.0,0.0,0.0,0.0,0.0,0.0,0.0,0.0,3120.0,0.0,157879.0,0.0,0.0,0.0,0.0,63799.0,0.0,0.0,0.0,0.0,0.0,0.0,0.0
2026-02-13T02:00:00+01:00,25240.0,0.0,2000.0,710.0,24240.0,0.0,0.0,0.0,2040.0,16480.0,0.0,0.0,0.0,0.0,0.0,0.0,1960.0,240.0,0.0,200.0,0.0,120.0,0.0,0.0,0.0,40.0,80.0,0.0,0.0,0.0,0.0,0.0,0.0,880.0,184880.0,0.0,20440.0,1170.0,260320.0,0.0,0.0,0.0,3950.0,509710.0,0.0,0.0,0.0,0.0,0.0,0.0,3840.0
2026-02-13T03:00:00+01:00,4840.0,0.0,2000.0,0.0,3040.0,0.0,0.0,0.0,1040.0,23320.0,0.0,0.0,0.0,0.0,0.0,0.0,0.0,840.0,0.0,360.0,0.0,320.0,0.0,0.0,0.0,1040.0,20.0,0.0,0.0,0.0,0.0,0.0,0.0,0.0,18920.0,0.0,18960.0,0.0,22520.0,0.0,0.0,0.0,1040.0,1003517.0,0.0,0.0,0.0,0.0,0.0,0.0,0.0
2026-02-13T04:00:00+01:00,2000.0,120.0,19240.0,5240.0,21040.0,0.0,0.0,0.0,0.0,24040.0,0.0,0.0,4880.0,0.0,0.0,0.0,0.0,1320.0,120.0,120.0,4680.0,200.0,0.0,0.0,0.0,0.0,40.0,0.0,0.0,4880.0,0.0,0.0,0.0,0.0,5200.0,120.0,42960.0,9920.0,385959.0,0.0,0.0,0.0,0.0,750020.0,0.0,0.0,4880.0,0.0,0.0,0.0,0.0
2026-02-13T05:00:00+01:00,3600.0,0.0,1600.0,0.0,12320.0,0.0,0.0,3080.0,0.0,14040.0,0.0,0.0,0.0,0.0,21400.0,0.0,0.0,120.0,0.0,240.0,0.0,1240.0,0.0,0.0,440.0,0.0,80.0,0.0,0.0,0.0,0.0,200.0,0.0,0.0,10360.0,0.0,1840.0,0.0,45400.0,0.0,0.0,5640.0,0.0,564229.0,0.0,0.0,0.0,0.0,268359.0,0.0,0.0
2026-02-13T06:00:00+01:00,240.0,0.0,640.0,5680.0,0.0,0.0,0.0,0.0,0.0,13480.0,0.0,0.0,0.0,0.0,15840.0,0.0,0.0,240.0,0.0,640.0,5680.0,0.0,0.0,0.0,0.0,0.0,160.0,0.0,0.0,0.0,0.0,240.0,0.0,0.0,240.0,0.0,640.0,5680.0,0.0,0.0,0.0,0.0,0.0,60900.0,0.0,0.0,0.0,0.0,250880.0,0.0,0.0
2026-02-13T07:00:00+01:00,10920.0,8640.0,2240.0,0.0,0.0,0.0,0.0,0.0,0.0,24200.0,640.0,0.0,0.0,0.0,20360.0,0.0,0.0,420.0,720.0,1640.0,0.0,0.0,0.0,0.0,0.0,0.0,40.0,640.0,0.0,0.0,0.0,480.0,0.0,0.0,101250.0,48880.0,5920.0,0.0,0.0,0.0,0.0,0.0,0.0,287450.0,640.0,0.0,0.0,0.0,129799.0,0.0,0.0
2026-02-13T08:00:00+01:00,2040.0,1920.0,0.0,2720.0,0.0,0.0,0.0,180.0,0.0,21080.0,2040.0,3640.0,0.0,0.0,0.0,60.0,0.0,240.0,280.0,0.0,50.0,0.0,0.0,0.0,180.0,0.0,10.0,520.0,560.0,0.0,0.0,0.0,10.0,0.0,26600.0,4240.0,0.0,5640.0,0.0,0.0,0.0,180.0,0.0,896720.0,6760.0,37160.0,0.0,0.0,0.0,120.0,0.0
2026-02-13T09:00:00+01:00,18000.0,1920.0,0.0,280.0,0.0,0.0,0.0,0.0,0.0,24000.0,2160.0,12400.0,0.0,0.0,0.0,0.0,0.0,160.0,1920.0,0.0,0.0,0.0,0.0,0.0,0.0,0.0,10.0,200.0,320.0,0.0,0.0,0.0,0.0,0.0,246959.0,3840.0,0.0,410.0,0.0,0.0,0.0,0.0,0.0,1337979.0,13520.0,75240.0,0.0,0.0,0.0,0.0,0.0
2026-02-13T10:00:00+01:00,10760.0,18920.0,0.0,140.0,0.0,0.0,0.0,0.0,0.0,23240.0,3720.0,10880.0,0.0,0.0,0.0,800.0,0.0,160.0,1040.0,0.0,10.0,0.0,0.0,0.0,0.0,0.0,0.0,600.0,240.0,0.0,0.0,0.0,800.0,0.0,469569.0,90520.0,0.0,380.0,0.0,0.0,0.0,0.0,0.0,875528.0,14240.0,58960.0,0.0,0.0,0.0,800.0,0.0
2026-02-13T11:00:00+01:00,18560.0,9640.0,0.0,120.0,0.0,0.0,0.0,0.0,0.0,23200.0,0.0,20240.0,0.0,0.0,0.0,0.0,0.0,280.0,240.0,0.0,0.0,0.0,0.0,0.0,0.0,0.0,0.0,0.0,160.0,0.0,0.0,0.0,0.0,0.0,142520.0,23160.0,0.0,330.0,0.0,0.0,0.0,0.0,0.0,1348019.0,0.0,343440.0,0.0,0.0,0.0,0.0,0.0
2026-02-13T12:00:00+01:00,12360.0,23360.0,0.0,190.0,0.0,0.0,0.0,0.0,0.0,23360.0,0.0,19000.0,0.0,0.0,0.0,0.0,0.0,200.0,280.0,0.0,190.0,0.0,0.0,0.0,0.0,0.0,0.0,0.0,560.0,0.0,0.0,0.0,0.0,0.0,45000.0,80520.0,0.0,190.0,0.0,0.0,0.0,0.0,0.0,904488.0,0.0,126520.0,0.0,0.0,0.0,0.0,0.0
2026-02-13T13:00:00+01:00,13840.0,0.0,0.0,0.0,0.0,0.0,0.0,0.0,0.0,22200.0,0.0,18880.0,0.0,0.0,0.0,40.0,0.0,120.0,0.0,0.0,0.0,0.0,0.0,0.0,0.0,0.0,0.0,0.0,240.0,0.0,0.0,0.0,40.0,0.0,66920.0,0.0,0.0,0.0,0.0,0.0,0.0,0.0,0.0,240027.0,0.0,87440.0,0.0,0.0,0.0,40.0,0.0
2026-02-13T14:00:00+01:00,11680.0,410.0,0.0,0.0,0.0,0.0,0.0,0.0,0.0,22440.0,5400.0,6120.0,0.0,0.0,0.0,0.0,0.0,200.0,410.0,0.0,0.0,0.0,0.0,0.0,0.0,0.0,0.0,520.0,160.0,0.0,0.0,0.0,0.0,0.0,52600.0,410.0,0.0,0.0,0.0,0.0,0.0,0.0,0.0,989605.0,5920.0,14840.0,0.0,0.0,0.0,0.0,0.0
2026-02-13T15:00:00+01:00,11480.0,870.0,0.0,1400.0,0.0,0.0,0.0,0.0,0.0,23400.0,12960.0,1600.0,0.0,0.0,0.0,0.0,0.0,120.0,870.0,0.0,1400.0,0.0,0.0,0.0,0.0,0.0,0.0,9840.0,200.0,0.0,0.0,0.0,0.0,0.0,24160.0,870.0,0.0,1400.0,0.0,0.0,0.0,0.0,0.0,1424624.0,22800.0,3040.0,0.0,0.0,0.0,0.0,0.0
2026-02-13T16:00:00+01:00,11200.0,0.0,0.0,0.0,0.0,0.0,0.0,0.0,0.0,23640.0,440.0,720.0,0.0,0.0,0.0,0.0,0.0,240.0,0.0,0.0,0.0,0.0,0.0,0.0,0.0,0.0,0.0,40.0,720.0,0.0,0.0,0.0,0.0,0.0,24120.0,0.0,0.0,0.0,0.0,0.0,0.0,0.0,0.0,1385507.0,480.0,720.0,0.0,0.0,0.0,0.0,0.0
2026-02-13T17:00:00+01:00,7560.0,3000.0,0.0,50.0,0.0,0.0,0.0,0.0,0.0,22800.0,880.0,0.0,0.0,0.0,0.0,0.0,0.0,160.0,3000.0,0.0,10.0,0.0,0.0,0.0,0.0,0.0,10.0,720.0,0.0,0.0,0.0,0.0,0.0,0.0,23480.0,3000.0,0.0,60.0,0.0,0.0,0.0,0.0,0.0,1116057.0,1600.0,0.0,0.0,0.0,0.0,0.0,0.0
2026-02-13T18:00:00+01:00,13680.0,920.0,4040.0,1400.0,8360.0,0.0,0.0,0.0,0.0,20520.0,920.0,400.0,0.0,0.0,0.0,0.0,21160.0,240.0,920.0,160.0,10.0,240.0,0.0,0.0,0.0,0.0,10.0,440.0,400.0,0.0,0.0,0.0,0.0,280.0,60480.0,920.0,54560.0,1870.0,48280.0,0.0,0.0,0.0,0.0,471659.0,1360.0,400.0,0.0,0.0,0.0,0.0,373520.0
2026-02-13T19:00:00+01:00,0.0,0.0,4000.0,280.0,4040.0,0.0,0.0,0.0,0.0,16760.0,0.0,0.0,0.0,0.0,0.0,0.0,23160.0,0.0,0.0,200.0,280.0,240.0,0.0,0.0,0.0,0.0,0.0,0.0,0.0,0.0,0.0,0.0,0.0,320.0,0.0,0.0,31800.0,280.0,14320.0,0.0,0.0,0.0,0.0,135130.0,0.0,0.0,0.0,0.0,0.0,0.0,573160.0
2026-02-13T20:00:00+01:00,4080.0,0.0,2000.0,2140.0,8840.0,0.0,0.0,0.0,0.0,21600.0,1640.0,6560.0,0.0,0.0,0.0,0.0,22080.0,760.0,0.0,160.0,10.0,320.0,0.0,0.0,0.0,0.0,20.0,1640.0,6560.0,0.0,0.0,0.0,0.0,240.0,13720.0,0.0,24040.0,5360.0,64640.0,0.0,0.0,0.0,0.0,446769.0,1640.0,6560.0,0.0,0.0,0.0,0.0,798239.0
2026-02-13T21:00:00+01:00,6760.0,0.0,22520.0,200.0,3960.0,0.0,0.0,22760.0,0.0,21240.0,0.0,10640.0,0.0,480.0,0.0,4120.0,20080.0,440.0,0.0,200.0,10.0,440.0,0.0,0.0,200.0,0.0,0.0,0.0,7640.0,0.0,480.0,0.0,1840.0,240.0,9200.0,0.0,138600.0,500.0,6400.0,0.0,0.0,514320.0,0.0,391190.0,0.0,18280.0,0.0,480.0,0.0,8080.0,810240.0
2026-02-13T22:00:00+01:00,4000.0,0.0,2000.0,330.0,0.0,0.0,0.0,840.0,0.0,20000.0,0.0,0.0,0.0,0.0,0.0,0.0,21120.0,1000.0,0.0,2000.0,330.0,0.0,0.0,0.0,840.0,0.0,10.0,0.0,0.0,0.0,0.0,0.0,0.0,2280.0,26240.0,0.0,2000.0,330.0,0.0,0.0,0.0,840.0,0.0,438629.0,0.0,0.0,0.0,0.0,0.0,0.0,43360.0
2026-02-13T23:00:00+01:00,7040.0,0.0,0.0,0.0,0.0,0.0,0.0,0.0,0.0,20000.0,0.0,960.0,0.0,0.0,0.0,0.0,0.0,320.0,0.0,0.0,0.0,0.0,0.0,0.0,0.0,0.0,30.0,0.0,960.0,0.0,0.0,0.0,0.0,0.0,40600.0,0.0,0.0,0.0,0.0,0.0,0.0,0.0,0.0,231717.0,0.0,960.0,0.0,0.0,0.0,0.0,0.0
2026-02-14T00:00:00+01:00,13570.0,2880.0,0.0,400.0,0.0,0.0,0.0,2560.0,0.0,17840.0,6040.0,0.0,0.0,0.0,0.0,0.0,0.0,240.0,2880.0,0.0,400.0,0.0,0.0,0.0,2560.0,0.0,0.0,160.0,0.0,0.0,0.0,0.0,0.0,0.0,52970.0,2880.0,0.0,400.0,0.0,0.0,0.0,2560.0,0.0,673708.0,48560.0,0.0,0.0,0.0,0.0,0.0,0.0
2026-02-14T01:00:00+01:00,5760.0,1480.0,0.0,0.0,0.0,0.0,0.0,720.0,0.0,18000.0,4040.0,0.0,0.0,0.0,0.0,0.0,0.0,320.0,1480.0,0.0,0.0,0.0,0.0,0.0,720.0,0.0,10.0,200.0,0.0,0.0,0.0,0.0,0.0,0.0,39520.0,1480.0,0.0,0.0,0.0,0.0,0.0,720.0,0.0,736529.0,27000.0,0.0,0.0,0.0,0.0,0.0,0.0
2026-02-14T02:00:00+01:00,6720.0,0.0,0.0,0.0,0.0,0.0,0.0,3880.0,840.0,21720.0,1000.0,0.0,0.0,0.0,0.0,0.0,0.0,120.0,0.0,0.0,0.0,0.0,0.0,0.0,240.0,840.0,10.0,1000.0,0.0,0.0,0.0,0.0,0.0,0.0,25400.0,0.0,0.0,0.0,0.0,0.0,0.0,6920.0,840.0,542980.0,1000.0,0.0,0.0,0.0,0.0,0.0,0.0
2026-02-14T03:00:00+01:00,7800.0,1680.0,0.0,0.0,0.0,0.0,0.0,0.0,0.0,13800.0,0.0,0.0,0.0,0.0,0.0,0.0,0.0,120.0,1000.0,0.0,0.0,0.0,0.0,0.0,0.0,0.0,0.0,0.0,0.0,0.0,0.0,0.0,0.0,0.0,24180.0,2680.0,0.0,0.0,0.0,0.0,0.0,0.0,0.0,108060.0,0.0,0.0,0.0,0.0,0.0,0.0,0.0
2026-02-14T04:00:00+01:00,7360.0,0.0,0.0,2600.0,0.0,0.0,0.0,21440.0,1240.0,15030.0,1400.0,1000.0,0.0,0.0,0.0,0.0,0.0,200.0,0.0,0.0,120.0,0.0,0.0,0.0,320.0,1240.0,30.0,440.0,1000.0,0.0,0.0,0.0,0.0,0.0,28640.0,0.0,0.0,3680.0,0.0,0.0,0.0,228520.0,1240.0,139920.0,1840.0,1000.0,0.0,0.0,0.0,0.0,0.0
2026-02-14T05:00:00+01:00,9680.0,160.0,0.0,0.0,0.0,0.0,0.0,6200.0,0.0,20920.0,1880.0,0.0,0.0,0.0,0.0,0.0,0.0,40.0,160.0,0.0,0.0,0.0,0.0,0.0,280.0,0.0,10.0,1880.0,0.0,0.0,0.0,0.0,0.0,0.0,15400.0,160.0,0.0,0.0,0.0,0.0,0.0,10920.0,0.0,260109.0,1880.0,0.0,0.0,0.0,0.0,0.0,0.0
2026-02-14T06:00:00+01:00,0.0,0.0,0.0,0.0,0.0,0.0,0.0,0.0,0.0,22160.0,0.0,0.0,0.0,0.0,0.0,0.0,0.0,0.0,0.0,0.0,0.0,0.0,0.0,0.0,0.0,0.0,720.0,0.0,0.0,0.0,0.0,0.0,0.0,0.0,0.0,0.0,0.0,0.0,0.0,0.0,0.0,0.0,0.0,902170.0,0.0,0.0,0.0,0.0,0.0,0.0,0.0
2026-02-14T07:00:00+01:00,0.0,0.0,0.0,0.0,0.0,0.0,0.0,0.0,0.0,22040.0,0.0,0.0,0.0,0.0,0.0,0.0,0.0,0.0,0.0,0.0,0.0,0.0,0.0,0.0,0.0,0.0,10.0,0.0,0.0,0.0,0.0,0.0,0.0,0.0,0.0,0.0,0.0,0.0,0.0,0.0,0.0,0.0,0.0,552072.0,0.0,0.0,0.0,0.0,0.0,0.0,0.0
2026-02-14T08:00:00+01:00,21640.0,0.0,0.0,0.0,0.0,0.0,0.0,0.0,0.0,22000.0,0.0,0.0,0.0,0.0,0.0,0.0,0.0,240.0,0.0,0.0,0.0,0.0,0.0,0.0,0.0,0.0,80.0,0.0,0.0,0.0,0.0,0.0,0.0,0.0,65280.0,0.0,0.0,0.0,0.0,0.0,0.0,0.0,0.0,623440.0,0.0,0.0,0.0,0.0,0.0,0.0,0.0
2026-02-14T09:00:00+01:00,13000.0,0.0,0.0,90.0,2040.0,0.0,0.0,0.0,1440.0,20000.0,1400.0,1960.0,0.0,0.0,0.0,0.0,0.0,230.0,0.0,0.0,90.0,2040.0,0.0,0.0,0.0,1440.0,10.0,1400.0,1920.0,0.0,0.0,0.0,0.0,0.0,61650.0,0.0,0.0,90.0,2040.0,0.0,0.0,0.0,1440.0,712839.0,1400.0,3880.0,0.0,0.0,0.0,0.0,0.0
2026-02-14T10:00:00+01:00,20360.0,2280.0,0.0,370.0,0.0,0.0,0.0,0.0,0.0,22330.0,15400.0,520.0,0.0,0.0,0.0,0.0,0.0,280.0,880.0,0.0,370.0,0.0,0.0,0.0,0.0,0.0,0.0,280.0,520.0,0.0,0.0,0.0,0.0,0.0,68520.0,3160.0,0.0,370.0,0.0,0.0,0.0,0.0,0.0,847660.0,31040.0,520.0,0.0,0.0,0.0,0.0,0.0
2026-02-14T11:00:00+01:00,17480.0,2680.0,640.0,1400.0,0.0,0.0,0.0,17320.0,0.0,22240.0,4360.0,0.0,0.0,0.0,0.0,0.0,120.0,30.0,1440.0,640.0,20.0,0.0,0.0,0.0,400.0,0.0,20.0,1160.0,0.0,0.0,0.0,0.0,0.0,120.0,53270.0,6590.0,640.0,13720.0,0.0,0.0,0.0,138920.0,0.0,2450864.0,5520.0,0.0,0.0,0.0,0.0,0.0,120.0
2026-02-14T12:00:00+01:00,15280.0,6280.0,8960.0,21240.0,0.0,0.0,0.0,8640.0,0.0,21520.0,10040.0,4360.0,0.0,0.0,0.0,0.0,0.0,320.0,640.0,160.0,20.0,0.0,0.0,0.0,320.0,0.0,10.0,280.0,240.0,0.0,0.0,0.0,0.0,0.0,50080.0,6920.0,119040.0,309520.0,0.0,0.0,0.0,24160.0,0.0,1157470.0,48820.0,15640.0,0.0,0.0,0.0,0.0,0.0
2026-02-14T13:00:00+01:00,16239.0,11320.0,6360.0,17360.0,0.0,0.0,0.0,0.0,0.0,22060.0,10010.0,0.0,0.0,0.0,0.0,680.0,0.0,280.0,11320.0,520.0,30.0,0.0,0.0,0.0,0.0,0.0,0.0,160.0,0.0,0.0,0.0,0.0,680.0,0.0,65518.0,11320.0,36640.0,158450.0,0.0,0.0,0.0,0.0,0.0,2077407.0,10730.0,0.0,0.0,0.0,0.0,680.0,0.0
2026-02-14T14:00:00+01:00,10080.0,1800.0,0.0,2160.0,0.0,0.0,0.0,14400.0,0.0,21920.0,19380.0,0.0,0.0,0.0,0.0,0.0,0.0,240.0,440.0,0.0,0.0,0.0,0.0,0.0,200.0,0.0,0.0,1280.0,0.0,0.0,0.0,0.0,0.0,0.0,79600.0,3760.0,0.0,3070.0,0.0,0.0,0.0,14600.0,0.0,1377458.0,24020.0,0.0,0.0,0.0,0.0,0.0,0.0
2026-02-14T15:00:00+01:00,7180.0,80.0,0.0,0.0,0.0,0.0,0.0,14520.0,0.0,20680.0,680.0,2380.0,0.0,0.0,0.0,1080.0,0.0,120.0,80.0,0.0,0.0,0.0,0.0,0.0,600.0,0.0,0.0,440.0,2380.0,0.0,0.0,0.0,1080.0,0.0,29780.0,80.0,0.0,0.0,0.0,0.0,0.0,52240.0,0.0,814039.0,1120.0,2380.0,0.0,0.0,0.0,1080.0,0.0
2026-02-14T16:00:00+01:00,10360.0,320.0,0.0,0.0,0.0,0.0,0.0,0.0,0.0,20360.0,0.0,0.0,0.0,0.0,0.0,0.0,0.0,200.0,320.0,0.0,0.0,0.0,0.0,0.0,0.0,0.0,10.0,0.0,0.0,0.0,0.0,0.0,0.0,0.0,18160.0,320.0,0.0,0.0,0.0,0.0,0.0,0.0,0.0,754838.0,0.0,0.0,0.0,0.0,0.0,0.0,0.0
2026-02-14T17:00:00+01:00,15800.0,640.0,0.0,5280.0,0.0,0.0,0.0,0.0,0.0,21840.0,1120.0,0.0,0.0,0.0,0.0,0.0,0.0,30.0,640.0,0.0,30.0,0.0,0.0,0.0,0.0,0.0,10.0,1120.0,0.0,0.0,0.0,0.0,0.0,0.0,68350.0,640.0,0.0,6380.0,0.0,0.0,0.0,0.0,0.0,471818.0,1120.0,0.0,0.0,0.0,0.0,0.0,0.0
2026-02-14T18:00:00+01:00,14920.0,0.0,0.0,4880.0,0.0,0.0,0.0,0.0,0.0,21040.0,0.0,520.0,0.0,0.0,0.0,0.0,0.0,10.0,0.0,0.0,30.0,0.0,0.0,0.0,0.0,0.0,0.0,0.0,520.0,0.0,0.0,0.0,0.0,0.0,135540.0,0.0,0.0,5370.0,0.0,0.0,0.0,0.0,0.0,1041366.0,0.0,520.0,0.0,0.0,0.0,0.0,0.0
2026-02-14T19:00:00+01:00,15370.0,1400.0,0.0,120.0,0.0,0.0,0.0,0.0,0.0,20690.0,2240.0,0.0,0.0,0.0,0.0,0.0,0.0,40.0,1400.0,0.0,80.0,0.0,0.0,0.0,0.0,0.0,0.0,960.0,0.0,0.0,0.0,0.0,0.0,0.0,108070.0,1400.0,0.0,200.0,0.0,0.0,0.0,0.0,0.0,2013946.0,4920.0,0.0,0.0,0.0,0.0,0.0,0.0
2026-02-14T20:00:00+01:00,14360.0,0.0,0.0,20.0,0.0,0.0,0.0,0.0,0.0,21560.0,0.0,0.0,0.0,0.0,0.0,0.0,0.0,40.0,0.0,0.0,20.0,0.0,0.0,0.0,0.0,0.0,0.0,0.0,0.0,0.0,0.0,0.0,0.0,0.0,55200.0,0.0,0.0,20.0,0.0,0.0,0.0,0.0,0.0,1192564.0,0.0,0.0,0.0,0.0,0.0,0.0,0.0
2026-02-14T21:00:00+01:00,9640.0,0.0,0.0,0.0,0.0,0.0,0.0,19920.0,0.0,20600.0,640.0,0.0,0.0,0.0,0.0,0.0,0.0,160.0,0.0,0.0,0.0,0.0,0.0,0.0,200.0,0.0,10.0,600.0,0.0,0.0,0.0,0.0,0.0,0.0,21880.0,0.0,0.0,0.0,0.0,0.0,0.0,87160.0,0.0,556269.0,1240.0,0.0,0.0,0.0,0.0,0.0,0.0
2026-02-14T22:00:00+01:00,9060.0,0.0,2040.0,0.0,0.0,0.0,0.0,10480.0,0.0,15090.0,0.0,0.0,0.0,0.0,0.0,0.0,0.0,120.0,0.0,1680.0,0.0,0.0,0.0,0.0,280.0,0.0,10.0,0.0,0.0,0.0,0.0,0.0,0.0,0.0,16400.0,0.0,7360.0,0.0,0.0,0.0,0.0,33920.0,0.0,157370.0,0.0,0.0,0.0,0.0,0.0,0.0,0.0
2026-02-14T23:00:00+01:00,8760.0,0.0,2000.0,880.0,0.0,0.0,0.0,11840.0,0.0,21120.0,0.0,0.0,0.0,0.0,0.0,0.0,0.0,40.0,0.0,160.0,50.0,0.0,0.0,0.0,1560.0,0.0,10.0,0.0,0.0,0.0,0.0,0.0,0.0,0.0,23640.0,0.0,14440.0,930.0,0.0,0.0,0.0,13400.0,0.0,369320.0,0.0,0.0,0.0,0.0,0.0,0.0,0.0
2026-02-15T00:00:00+01:00,2000.0,0.0,0.0,1210.0,0.0,0.0,0.0,21380.0,0.0,18560.0,0.0,0.0,0.0,0.0,0.0,10480.0,0.0,240.0,0.0,0.0,1210.0,0.0,0.0,0.0,960.0,0.0,10.0,0.0,0.0,0.0,0.0,0.0,10480.0,0.0,12680.0,0.0,0.0,1210.0,0.0,0.0,0.0,1143259.0,0.0,883988.0,0.0,0.0,0.0,0.0,0.0,10480.0,0.0
2026-02-15T01:00:00+01:00,17960.0,200.0,400.0,0.0,0.0,0.0,0.0,21200.0,0.0,20760.0,0.0,0.0,0.0,0.0,0.0,18000.0,0.0,120.0,200.0,400.0,0.0,0.0,0.0,0.0,240.0,0.0,10.0,0.0,0.0,0.0,0.0,0.0,18000.0,0.0,37320.0,200.0,400.0,0.0,0.0,0.0,0.0,731960.0,0.0,966349.0,0.0,0.0,0.0,0.0,0.0,18000.0,0.0
2026-02-15T02:00:00+01:00,15200.0,1360.0,2000.0,0.0,0.0,0.0,0.0,19000.0,0.0,16239.0,40.0,0.0,0.0,0.0,0.0,0.0,0.0,320.0,1360.0,240.0,0.0,0.0,0.0,0.0,280.0,0.0,10.0,40.0,0.0,0.0,0.0,0.0,0.0,0.0,24360.0,1360.0,13160.0,0.0,0.0,0.0,0.0,874239.0,0.0,483318.0,40.0,0.0,0.0,0.0,0.0,0.0,0.0
2026-02-15T03:00:00+01:00,600.0,0.0,5440.0,0.0,0.0,0.0,0.0,20360.0,0.0,20400.0,0.0,0.0,0.0,0.0,0.0,0.0,0.0,240.0,0.0,160.0,0.0,0.0,0.0,0.0,40.0,0.0,20.0,0.0,0.0,0.0,0.0,0.0,0.0,0.0,840.0,0.0,12880.0,0.0,0.0,0.0,0.0,483880.0,0.0,666398.0,0.0,0.0,0.0,0.0,0.0,0.0,0.0
2026-02-15T04:00:00+01:00,2180.0,0.0,2000.0,100.0,0.0,0.0,0.0,20840.0,0.0,21200.0,0.0,0.0,0.0,0.0,0.0,3320.0,0.0,2180.0,0.0,320.0,100.0,0.0,0.0,0.0,360.0,0.0,30.0,0.0,0.0,0.0,0.0,0.0,800.0,0.0,2180.0,0.0,16280.0,100.0,0.0,0.0,0.0,300440.0,0.0,542416.0,0.0,0.0,0.0,0.0,0.0,12000.0,0.0
2026-02-15T05:00:00+01:00,18880.0,4560.0,2040.0,0.0,0.0,0.0,0.0,20560.0,12280.0,20640.0,0.0,280.0,5490.0,0.0,0.0,11760.0,0.0,360.0,2160.0,760.0,0.0,0.0,0.0,0.0,360.0,5560.0,40.0,0.0,280.0,5490.0,0.0,0.0,2160.0,0.0,67800.0,6720.0,4360.0,0.0,0.0,0.0,0.0,62600.0,17840.0,690598.0,0.0,280.0,5490.0,0.0,0.0,20720.0,0.0
2026-02-15T06:00:00+01:00,0.0,0.0,3720.0,0.0,0.0,0.0,0.0,0.0,0.0,2880.0,0.0,0.0,0.0,0.0,0.0,0.0,0.0,0.0,0.0,320.0,0.0,0.0,0.0,0.0,0.0,0.0,30.0,0.0,0.0,0.0,0.0,0.0,0.0,0.0,0.0,0.0,28280.0,0.0,0.0,0.0,0.0,0.0,0.0,25310.0,0.0,0.0,0.0,0.0,0.0,0.0,0.0
2026-02-15T07:00:00+01:00,2400.0,0.0,2000.0,160.0,0.0,0.0,0.0,0.0,0.0,18000.0,2000.0,0.0,0.0,2000.0,0.0,0.0,0.0,480.0,0.0,2000.0,10.0,0.0,0.0,0.0,0.0,0.0,10.0,160.0,0.0,0.0,320.0,0.0,0.0,0.0,26160.0,0.0,4000.0,490.0,0.0,0.0,0.0,0.0,0.0,795597.0,9040.0,0.0,0.0,2320.0,0.0,0.0,0.0
2026-02-15T08:00:00+01:00,8119.0,0.0,0.0,0.0,0.0,0.0,0.0,0.0,0.0,19530.0,2000.0,240.0,0.0,0.0,0.0,0.0,0.0,160.0,0.0,0.0,0.0,0.0,0.0,0.0,0.0,0.0,140.0,160.0,240.0,0.0,0.0,0.0,0.0,0.0,10439.0,0.0,0.0,0.0,0.0,0.0,0.0,0.0,0.0,564337.0,5360.0,240.0,0.0,0.0,0.0,0.0,0.0
2026-02-15T09:00:00+01:00,14360.0,0.0,0.0,0.0,0.0,0.0,0.0,0.0,0.0,16040.0,1360.0,0.0,0.0,0.0,0.0,0.0,0.0,300.0,0.0,0.0,0.0,0.0,0.0,0.0,0.0,0.0,30.0,1360.0,0.0,0.0,0.0,0.0,0.0,0.0,33780.0,0.0,0.0,0.0,0.0,0.0,0.0,0.0,0.0,469237.0,1360.0,0.0,0.0,0.0,0.0,0.0,0.0
2026-02-15T10:00:00+01:00,20480.0,520.0,0.0,40.0,0.0,0.0,0.0,0.0,0.0,20000.0,11680.0,400.0,0.0,0.0,0.0,0.0,0.0,160.0,520.0,0.0,40.0,0.0,0.0,0.0,0.0,0.0,40.0,480.0,400.0,0.0,0.0,0.0,0.0,0.0,204359.0,520.0,0.0,80.0,0.0,0.0,0.0,0.0,0.0,308640.0,16760.0,400.0,0.0,0.0,0.0,0.0,0.0
2026-02-15T11:00:00+01:00,10320.0,9680.0,0.0,0.0,0.0,0.0,0.0,0.0,0.0,20120.0,0.0,2200.0,0.0,0.0,0.0,0.0,0.0,240.0,30.0,0.0,0.0,0.0,0.0,0.0,0.0,0.0,0.0,0.0,2200.0,0.0,0.0,0.0,0.0,0.0,18520.0,9710.0,0.0,0.0,0.0,0.0,0.0,0.0,0.0,140720.0,0.0,2200.0,0.0,0.0,0.0,0.0,0.0
2026-02-15T12:00:00+01:00,6960.0,5800.0,0.0,80.0,0.0,0.0,0.0,0.0,0.0,16860.0,1440.0,14160.0,0.0,0.0,0.0,0.0,3110.0,80.0,40.0,0.0,80.0,0.0,0.0,0.0,0.0,0.0,30.0,1440.0,2640.0,0.0,0.0,0.0,0.0,3110.0,32720.0,6160.0,0.0,80.0,0.0,0.0,0.0,0.0,0.0,800949.0,1440.0,20320.0,0.0,0.0,0.0,0.0,3110.0
2026-02-15T13:00:00+01:00,4480.0,1160.0,0.0,0.0,0.0,0.0,0.0,0.0,0.0,19960.0,1680.0,0.0,0.0,0.0,0.0,0.0,0.0,120.0,240.0,0.0,0.0,0.0,0.0,0.0,0.0,0.0,0.0,320.0,0.0,0.0,0.0,0.0,0.0,0.0,27790.0,2200.0,0.0,0.0,0.0,0.0,0.0,0.0,0.0,1343018.0,3760.0,0.0,0.0,0.0,0.0,0.0,0.0
2026-02-15T14:00:00+01:00,2000.0,6640.0,0.0,0.0,0.0,0.0,0.0,0.0,0.0,19760.0,5320.0,2720.0,0.0,0.0,0.0,0.0,0.0,120.0,600.0,0.0,0.0,0.0,0.0,0.0,0.0,0.0,10.0,240.0,400.0,0.0,0.0,0.0,0.0,0.0,4000.0,20040.0,0.0,0.0,0.0,0.0,0.0,0.0,0.0,716989.0,14730.0,3120.0,0.0,0.0,0.0,0.0,0.0
2026-02-15T15:00:00+01:00,1160.0,16050.0,0.0,0.0,0.0,0.0,0.0,0.0,0.0,16000.0,0.0,4720.0,0.0,0.0,0.0,0.0,0.0,200.0,200.0,0.0,0.0,0.0,0.0,0.0,0.0,0.0,10.0,0.0,1160.0,0.0,0.0,0.0,0.0,0.0,2720.0,19460.0,0.0,0.0,0.0,0.0,0.0,0.0,0.0,527240.0,0.0,5880.0,0.0,0.0,0.0,0.0,0.0
2026-02-15T16:00:00+01:00,2320.0,4040.0,0.0,0.0,0.0,0.0,0.0,0.0,0.0,18200.0,1930.0,240.0,0.0,0.0,0.0,0.0,0.0,240.0,360.0,0.0,0.0,0.0,0.0,0.0,0.0,0.0,10.0,320.0,240.0,0.0,0.0,0.0,0.0,0.0,6960.0,4400.0,0.0,0.0,0.0,0.0,0.0,0.0,0.0,473479.0,2250.0,240.0,0.0,0.0,0.0,0.0,0.0
2026-02-15T17:00:00+01:00,7360.0,6600.0,0.0,0.0,0.0,0.0,0.0,0.0,0.0,20560.0,1360.0,7160.0,0.0,0.0,0.0,0.0,0.0,320.0,120.0,0.0,0.0,0.0,0.0,0.0,0.0,0.0,10.0,560.0,2000.0,0.0,0.0,0.0,0.0,0.0,23880.0,9600.0,0.0,0.0,0.0,0.0,0.0,0.0,0.0,510230.0,1920.0,13240.0,0.0,0.0,0.0,0.0,0.0
2026-02-15T18:00:00+01:00,10240.0,10160.0,9720.0,2640.0,0.0,0.0,0.0,200.0,17560.0,20000.0,520.0,0.0,0.0,0.0,0.0,0.0,0.0,320.0,200.0,160.0,10.0,0.0,0.0,0.0,200.0,1680.0,20.0,520.0,0.0,0.0,0.0,0.0,0.0,0.0,15320.0,20680.0,75160.0,4870.0,0.0,0.0,0.0,200.0,19240.0,1479188.0,520.0,0.0,0.0,0.0,0.0,0.0,0.0
2026-02-15T19:00:00+01:00,480.0,2700.0,10000.0,2440.0,320.0,0.0,0.0,560.0,760.0,19500.0,0.0,0.0,0.0,0.0,0.0,0.0,0.0,40.0,200.0,160.0,30.0,240.0,0.0,0.0,560.0,760.0,10.0,0.0,0.0,0.0,0.0,0.0,0.0,0.0,1600.0,8110.0,212680.0,2470.0,560.0,0.0,0.0,560.0,760.0,851130.0,0.0,0.0,0.0,0.0,0.0,0.0,0.0
2026-02-15T20:00:00+01:00,2000.0,14000.0,7920.0,120.0,0.0,0.0,0.0,0.0,0.0,19800.0,0.0,0.0,0.0,0.0,0.0,0.0,0.0,1000.0,200.0,160.0,120.0,0.0,0.0,0.0,0.0,0.0,40.0,0.0,0.0,0.0,0.0,0.0,0.0,0.0,3000.0,63680.0,172400.0,120.0,0.0,0.0,0.0,0.0,0.0,599808.0,0.0,0.0,0.0,0.0,0.0,0.0,0.0
2026-02-15T21:00:00+01:00,7400.0,0.0,6160.0,0.0,0.0,0.0,0.0,0.0,0.0,12000.0,0.0,0.0,0.0,600.0,0.0,0.0,0.0,7400.0,0.0,160.0,0.0,0.0,0.0,0.0,0.0,0.0,30.0,0.0,0.0,0.0,600.0,0.0,0.0,0.0,7400.0,0.0,127200.0,0.0,0.0,0.0,0.0,0.0,0.0,141410.0,0.0,0.0,0.0,600.0,0.0,0.0,0.0
2026-02-15T22:00:00+01:00,5960.0,0.0,11800.0,0.0,0.0,0.0,0.0,0.0,0.0,5840.0,0.0,0.0,0.0,0.0,0.0,0.0,0.0,880.0,0.0,160.0,0.0,0.0,0.0,0.0,0.0,0.0,0.0,0.0,0.0,0.0,0.0,0.0,0.0,0.0,18560.0,0.0,127000.0,0.0,0.0,0.0,0.0,0.0,0.0,77130.0,0.0,0.0,0.0,0.0,0.0,0.0,0.0
2026-02-15T23:00:00+01:00,0.0,0.0,6000.0,1120.0,0.0,0.0,0.0,0.0,0.0,7960.0,0.0,0.0,0.0,0.0,0.0,0.0,0.0,0.0,0.0,120.0,480.0,0.0,0.0,0.0,0.0,0.0,40.0,0.0,0.0,0.0,0.0,0.0,0.0,0.0,0.0,0.0,100840.0,1600.0,0.0,0.0,0.0,0.0,0.0,152790.0,0.0,0.0,0.0,0.0,0.0,0.0,0.0
2026-02-16T00:00:00+01:00,1080.0,0.0,4000.0,280.0,1560.0,0.0,0.0,0.0,0.0,15200.0,0.0,0.0,0.0,0.0,0.0,0.0,0.0,480.0,0.0,200.0,20.0,200.0,0.0,0.0,0.0,0.0,40.0,0.0,0.0,0.0,0.0,0.0,0.0,0.0,1560.0,0.0,51640.0,1110.0,1760.0,0.0,0.0,0.0,0.0,621570.0,0.0,0.0,0.0,0.0,0.0,0.0,0.0
2026-02-16T01:00:00+01:00,0.0,0.0,2040.0,1360.0,6400.0,0.0,0.0,0.0,0.0,18000.0,0.0,0.0,0.0,0.0,0.0,0.0,0.0,0.0,0.0,120.0,0.0,200.0,0.0,0.0,0.0,0.0,40.0,0.0,0.0,0.0,0.0,0.0,0.0,0.0,0.0,0.0,20480.0,2070.0,24640.0,0.0,0.0,0.0,0.0,555380.0,0.0,0.0,0.0,0.0,0.0,0.0,0.0
2026-02-16T02:00:00+01:00,0.0,2520.0,2000.0,120.0,2920.0,0.0,0.0,0.0,0.0,10460.0,0.0,0.0,0.0,0.0,0.0,0.0,0.0,0.0,2520.0,120.0,50.0,240.0,0.0,0.0,0.0,0.0,80.0,0.0,0.0,0.0,0.0,0.0,0.0,0.0,0.0,2520.0,33240.0,170.0,11440.0,0.0,0.0,0.0,0.0,260810.0,0.0,0.0,0.0,0.0,0.0,0.0,0.0
2026-02-16T03:00:00+01:00,0.0,0.0,10000.0,120.0,4800.0,0.0,0.0,280.0,0.0,7240.0,0.0,0.0,0.0,0.0,0.0,0.0,0.0,0.0,0.0,360.0,0.0,320.0,0.0,0.0,280.0,0.0,40.0,0.0,0.0,0.0,0.0,0.0,0.0,0.0,0.0,0.0,26960.0,140.0,27680.0,0.0,0.0,280.0,0.0,121700.0,0.0,0.0,0.0,0.0,0.0,0.0,0.0
2026-02-16T04:00:00+01:00,0.0,0.0,2000.0,280.0,5720.0,0.0,0.0,0.0,0.0,14040.0,0.0,0.0,0.0,0.0,0.0,0.0,0.0,0.0,0.0,320.0,0.0,240.0,0.0,0.0,0.0,0.0,160.0,0.0,0.0,0.0,0.0,0.0,0.0,0.0,0.0,0.0,11800.0,1750.0,22000.0,0.0,0.0,0.0,0.0,102720.0,0.0,0.0,0.0,0.0,0.0,0.0,0.0
2026-02-16T05:00:00+01:00,0.0,0.0,2520.0,400.0,5360.0,0.0,0.0,0.0,0.0,14000.0,0.0,0.0,0.0,0.0,0.0,0.0,0.0,0.0,0.0,240.0,0.0,240.0,0.0,0.0,0.0,0.0,10.0,0.0,0.0,0.0,0.0,0.0,0.0,0.0,0.0,0.0,17280.0,2020.0,24120.0,0.0,0.0,0.0,0.0,128720.0,0.0,0.0,0.0,0.0,0.0,0.0,0.0
2026-02-16T06:00:00+01:00,11080.0,1880.0,16920.0,120.0,0.0,0.0,0.0,240.0,0.0,19240.0,0.0,0.0,0.0,0.0,0.0,0.0,0.0,640.0,400.0,160.0,50.0,0.0,0.0,0.0,240.0,0.0,30.0,0.0,0.0,0.0,0.0,0.0,0.0,0.0,20280.0,6520.0,871920.0,340.0,0.0,0.0,0.0,240.0,0.0,571518.0,0.0,0.0,0.0,0.0,0.0,0.0,0.0
2026-02-16T07:00:00+01:00,2000.0,1760.0,12280.0,11640.0,0.0,0.0,0.0,0.0,1120.0,19520.0,1840.0,0.0,4840.0,0.0,0.0,3070.0,0.0,560.0,130.0,160.0,10.0,0.0,0.0,0.0,0.0,1120.0,10.0,160.0,0.0,960.0,0.0,0.0,3070.0,0.0,5440.0,3890.0,129360.0,15600.0,0.0,0.0,0.0,0.0,1120.0,782317.0,8400.0,0.0,5800.0,0.0,0.0,3070.0,0.0
2026-02-16T08:00:00+01:00,2440.0,0.0,0.0,0.0,0.0,0.0,0.0,0.0,0.0,17760.0,3600.0,1000.0,0.0,0.0,0.0,0.0,0.0,160.0,0.0,0.0,0.0,0.0,0.0,0.0,0.0,0.0,10.0,160.0,200.0,0.0,0.0,0.0,0.0,0.0,3440.0,0.0,0.0,0.0,0.0,0.0,0.0,0.0,0.0,1004868.0,41280.0,2960.0,0.0,0.0,0.0,0.0,0.0
2026-02-16T09:00:00+01:00,2040.0,3170.0,0.0,0.0,0.0,0.0,0.0,0.0,0.0,18000.0,2000.0,2000.0,0.0,0.0,0.0,18120.0,0.0,40.0,320.0,0.0,0.0,0.0,0.0,0.0,0.0,0.0,0.0,880.0,680.0,0.0,0.0,0.0,7920.0,0.0,7240.0,7430.0,0.0,0.0,0.0,0.0,0.0,0.0,0.0,583947.0,11200.0,4680.0,0.0,0.0,0.0,26040.0,0.0
2026-02-16T10:00:00+01:00,6920.0,1840.0,0.0,0.0,0.0,0.0,0.0,0.0,0.0,15240.0,3920.0,0.0,0.0,0.0,0.0,2360.0,0.0,280.0,1840.0,0.0,0.0,0.0,0.0,0.0,0.0,0.0,10.0,200.0,0.0,0.0,0.0,0.0,2360.0,0.0,33400.0,1840.0,0.0,0.0,0.0,0.0,0.0,0.0,0.0,362989.0,6840.0,0.0,0.0,0.0,0.0,2360.0,0.0
2026-02-16T11:00:00+01:00,7400.0,660.0,0.0,2330.0,0.0,0.0,0.0,0.0,0.0,18880.0,2040.0,1560.0,0.0,0.0,0.0,0.0,0.0,200.0,560.0,0.0,0.0,0.0,0.0,0.0,0.0,0.0,0.0,200.0,1560.0,0.0,0.0,0.0,0.0,0.0,59880.0,1220.0,0.0,3810.0,0.0,0.0,0.0,0.0,0.0,294909.0,8680.0,1560.0,0.0,0.0,0.0,0.0,0.0
2026-02-16T12:00:00+01:00,18040.0,3980.0,0.0,90.0,0.0,0.0,0.0,0.0,0.0,18400.0,5120.0,0.0,0.0,0.0,0.0,480.0,0.0,160.0,320.0,0.0,0.0,0.0,0.0,0.0,0.0,0.0,0.0,280.0,0.0,0.0,0.0,0.0,480.0,0.0,776680.0,10440.0,0.0,870.0,0.0,0.0,0.0,0.0,0.0,799574.0,7080.0,0.0,0.0,0.0,0.0,480.0,0.0
2026-02-16T13:00:00+01:00,13640.0,1620.0,0.0,13360.0,0.0,0.0,0.0,0.0,0.0,16480.0,9640.0,5000.0,0.0,0.0,0.0,0.0,0.0,160.0,1620.0,0.0,0.0,0.0,0.0,0.0,0.0,0.0,10.0,360.0,280.0,0.0,0.0,0.0,0.0,0.0,872650.0,1620.0,0.0,14450.0,0.0,0.0,0.0,0.0,0.0,746399.0,34360.0,6520.0,0.0,0.0,0.0,0.0,0.0
2026-02-16T14:00:00+01:00,11680.0,1430.0,0.0,150.0,0.0,0.0,0.0,0.0,0.0,16040.0,6040.0,0.0,0.0,0.0,0.0,0.0,0.0,120.0,150.0,0.0,0.0,0.0,0.0,0.0,0.0,0.0,10.0,160.0,0.0,0.0,0.0,0.0,0.0,0.0,358269.0,3580.0,0.0,1480.0,0.0,0.0,0.0,0.0,0.0,420980.0,52160.0,0.0,0.0,0.0,0.0,0.0,0.0
2026-02-16T15:00:00+01:00,7920.0,2910.0,0.0,1080.0,0.0,0.0,0.0,0.0,0.0,18240.0,7960.0,3840.0,0.0,0.0,0.0,0.0,840.0,280.0,160.0,0.0,0.0,0.0,0.0,0.0,0.0,0.0,10.0,400.0,600.0,0.0,0.0,0.0,0.0,840.0,142340.0,4130.0,0.0,3090.0,0.0,0.0,0.0,0.0,0.0,237470.0,145640.0,6080.0,0.0,0.0,0.0,0.0,840.0
2026-02-16T16:00:00+01:00,10680.0,3800.0,0.0,160.0,0.0,0.0,0.0,0.0,0.0,18880.0,12040.0,0.0,0.0,0.0,0.0,0.0,0.0,120.0,20.0,0.0,0.0,0.0,0.0,0.0,0.0,0.0,0.0,120.0,0.0,0.0,0.0,0.0,0.0,0.0,453920.0,8190.0,0.0,2560.0,0.0,0.0,0.0,0.0,0.0,1611595.0,412890.0,0.0,0.0,0.0,0.0,0.0,0.0
2026-02-16T17:00:00+01:00,15920.0,4470.0,3920.0,1200.0,1200.0,0.0,0.0,0.0,0.0,18960.0,12160.0,710.0,0.0,0.0,0.0,0.0,0.0,160.0,2480.0,1440.0,10.0,1200.0,0.0,0.0,0.0,0.0,10.0,120.0,710.0,0.0,0.0,0.0,0.0,0.0,598360.0,9500.0,5360.0,4620.0,1200.0,0.0,0.0,0.0,0.0,1012879.0,304949.0,710.0,0.0,0.0,0.0,0.0,0.0
2026-02-16T18:00:00+01:00,8840.0,6360.0,19240.0,880.0,4040.0,0.0,0.0,4720.0,0.0,18000.0,0.0,0.0,0.0,0.0,0.0,0.0,0.0,160.0,6360.0,280.0,0.0,760.0,0.0,0.0,320.0,0.0,10.0,0.0,0.0,0.0,0.0,0.0,0.0,0.0,36960.0,6360.0,219957.0,2510.0,10200.0,0.0,0.0,5040.0,0.0,1690199.0,0.0,0.0,0.0,0.0,0.0,0.0,0.0
2026-02-16T19:00:00+01:00,9560.0,4040.0,1600.0,540.0,13320.0,0.0,0.0,0.0,0.0,19160.0,0.0,0.0,0.0,0.0,0.0,0.0,0.0,160.0,2040.0,160.0,0.0,240.0,0.0,0.0,0.0,0.0,0.0,0.0,0.0,0.0,0.0,0.0,0.0,0.0,32560.0,6080.0,3320.0,1140.0,81960.0,0.0,0.0,0.0,0.0,1492599.0,0.0,0.0,0.0,0.0,0.0,0.0,0.0
2026-02-16T20:00:00+01:00,9480.0,160.0,1960.0,1240.0,4360.0,0.0,0.0,0.0,0.0,16120.0,360.0,0.0,0.0,0.0,0.0,0.0,0.0,160.0,160.0,280.0,0.0,320.0,0.0,0.0,0.0,0.0,50.0,360.0,0.0,0.0,0.0,0.0,0.0,0.0,35240.0,160.0,5480.0,1240.0,12080.0,0.0,0.0,0.0,0.0,598009.0,360.0,0.0,0.0,0.0,0.0,0.0,0.0
2026-02-16T21:00:00+01:00,2160.0,0.0,1720.0,560.0,0.0,0.0,0.0,0.0,0.0,18070.0,0.0,0.0,0.0,0.0,0.0,0.0,0.0,280.0,0.0,880.0,0.0,0.0,0.0,0.0,0.0,0.0,10.0,0.0,0.0,0.0,0.0,0.0,0.0,0.0,6360.0,0.0,3840.0,1040.0,0.0,0.0,0.0,0.0,0.0,765120.0,0.0,0.0,0.0,0.0,0.0,0.0,0.0
2026-02-16T22:00:00+01:00,2000.0,0.0,1080.0,170.0,0.0,0.0,0.0,0.0,0.0,19040.0,0.0,0.0,0.0,0.0,0.0,0.0,0.0,160.0,0.0,920.0,30.0,0.0,0.0,0.0,0.0,0.0,0.0,0.0,0.0,0.0,0.0,0.0,0.0,0.0,20960.0,0.0,2000.0,200.0,0.0,0.0,0.0,0.0,0.0,2376805.0,0.0,0.0,0.0,0.0,0.0,0.0,0.0
2026-02-16T23:00:00+01:00,2000.0,0.0,640.0,160.0,0.0,0.0,0.0,0.0,0.0,18000.0,0.0,0.0,0.0,0.0,0.0,0.0,0.0,160.0,0.0,200.0,160.0,0.0,0.0,0.0,0.0,0.0,10.0,0.0,0.0,0.0,0.0,0.0,0.0,0.0,11830.0,0.0,840.0,160.0,0.0,0.0,0.0,0.0,0.0,1784808.0,0.0,0.0,0.0,0.0,0.0,0.0,0.0
2026-02-17T00:00:00+01:00,0.0,0.0,1840.0,200.0,0.0,0.0,0.0,0.0,0.0,14000.0,0.0,0.0,0.0,0.0,0.0,0.0,0.0,0.0,0.0,200.0,80.0,0.0,0.0,0.0,0.0,0.0,40.0,0.0,0.0,0.0,0.0,0.0,0.0,0.0,0.0,0.0,12240.0,280.0,0.0,0.0,0.0,0.0,0.0,1003550.0,0.0,0.0,0.0,0.0,0.0,0.0,0.0
2026-02-17T01:00:00+01:00,360.0,0.0,2000.0,2480.0,640.0,0.0,0.0,0.0,0.0,16000.0,0.0,0.0,0.0,0.0,0.0,0.0,0.0,360.0,0.0,160.0,0.0,280.0,0.0,0.0,0.0,0.0,10.0,0.0,0.0,0.0,0.0,0.0,0.0,0.0,360.0,0.0,12760.0,4290.0,920.0,0.0,0.0,0.0,0.0,733850.0,0.0,0.0,0.0,0.0,0.0,0.0,0.0
2026-02-17T02:00:00+01:00,0.0,0.0,2160.0,680.0,1320.0,0.0,0.0,0.0,2080.0,14040.0,0.0,0.0,0.0,0.0,0.0,0.0,0.0,0.0,0.0,240.0,240.0,240.0,0.0,0.0,0.0,2080.0,80.0,0.0,0.0,0.0,0.0,0.0,0.0,0.0,0.0,0.0,20560.0,920.0,2240.0,0.0,0.0,0.0,2080.0,511186.0,0.0,0.0,0.0,0.0,0.0,0.0,0.0
2026-02-17T03:00:00+01:00,1360.0,0.0,3920.0,640.0,4280.0,0.0,0.0,0.0,0.0,15360.0,0.0,0.0,0.0,0.0,0.0,0.0,0.0,1360.0,0.0,280.0,40.0,240.0,0.0,0.0,0.0,0.0,240.0,0.0,0.0,0.0,0.0,0.0,0.0,0.0,1360.0,0.0,15720.0,750.0,90080.0,0.0,0.0,0.0,0.0,444120.0,0.0,0.0,0.0,0.0,0.0,0.0,0.0
2026-02-17T04:00:00+01:00,0.0,0.0,5320.0,0.0,9640.0,0.0,0.0,0.0,0.0,18000.0,0.0,0.0,0.0,0.0,0.0,0.0,0.0,0.0,0.0,880.0,0.0,280.0,0.0,0.0,0.0,0.0,80.0,0.0,0.0,0.0,0.0,0.0,0.0,0.0,0.0,0.0,12360.0,0.0,145360.0,0.0,0.0,0.0,0.0,1779778.0,0.0,0.0,0.0,0.0,0.0,0.0,0.0
2026-02-17T05:00:00+01:00,1960.0,0.0,2040.0,1200.0,0.0,0.0,0.0,10040.0,0.0,17980.0,0.0,0.0,0.0,0.0,18640.0,0.0,0.0,720.0,0.0,120.0,80.0,0.0,0.0,0.0,10040.0,0.0,10.0,0.0,0.0,0.0,0.0,240.0,0.0,0.0,7040.0,0.0,17440.0,2340.0,0.0,0.0,0.0,10040.0,0.0,602070.0,0.0,0.0,0.0,0.0,623999.0,0.0,0.0
2026-02-17T06:00:00+01:00,5880.0,0.0,2000.0,200.0,0.0,0.0,0.0,0.0,0.0,16720.0,0.0,0.0,0.0,0.0,17400.0,0.0,0.0,160.0,0.0,680.0,20.0,0.0,0.0,0.0,0.0,0.0,30.0,0.0,0.0,0.0,0.0,320.0,0.0,0.0,30200.0,0.0,6040.0,750.0,0.0,0.0,0.0,0.0,0.0,459549.0,0.0,0.0,0.0,0.0,410280.0,0.0,0.0
2026-02-17T07:00:00+01:00,11880.0,520.0,8000.0,840.0,0.0,0.0,0.0,7540.0,0.0,17520.0,2000.0,0.0,0.0,0.0,17920.0,1920.0,0.0,240.0,360.0,200.0,0.0,0.0,0.0,0.0,280.0,0.0,20.0,1200.0,0.0,0.0,0.0,360.0,10.0,0.0,15080.0,880.0,94280.0,2190.0,0.0,0.0,0.0,14580.0,0.0,276879.0,3200.0,0.0,0.0,0.0,305479.0,1960.0,0.0
2026-02-17T08:00:00+01:00,760.0,0.0,0.0,4080.0,0.0,0.0,0.0,0.0,0.0,18140.0,3960.0,200.0,0.0,0.0,18320.0,4800.0,0.0,200.0,0.0,0.0,20.0,0.0,0.0,0.0,0.0,0.0,10.0,240.0,200.0,0.0,0.0,240.0,20.0,0.0,1440.0,0.0,0.0,14080.0,0.0,0.0,0.0,0.0,0.0,241630.0,10720.0,200.0,0.0,0.0,161760.0,5640.0,0.0
2026-02-17T09:00:00+01:00,1960.0,1680.0,0.0,3070.0,0.0,0.0,0.0,0.0,0.0,18560.0,2040.0,11440.0,0.0,0.0,0.0,20.0,0.0,160.0,1680.0,0.0,0.0,0.0,0.0,0.0,0.0,0.0,10.0,120.0,240.0,0.0,0.0,0.0,20.0,0.0,12240.0,1680.0,0.0,5770.0,0.0,0.0,0.0,0.0,0.0,663176.0,18160.0,114040.0,0.0,0.0,0.0,20.0,0.0
2026-02-17T10:00:00+01:00,11960.0,0.0,0.0,13120.0,0.0,0.0,0.0,640.0,3450.0,18480.0,14200.0,15680.0,0.0,0.0,0.0,50.0,0.0,120.0,0.0,0.0,130.0,0.0,0.0,0.0,640.0,3450.0,0.0,160.0,200.0,0.0,0.0,0.0,10.0,0.0,750960.0,0.0,0.0,13570.0,0.0,0.0,0.0,640.0,3450.0,895329.0,117009.0,129320.0,0.0,0.0,0.0,60.0,0.0
2026-02-17T11:00:00+01:00,17880.0,0.0,0.0,7240.0,0.0,0.0,0.0,12000.0,0.0,18400.0,4000.0,16040.0,0.0,0.0,0.0,14840.0,0.0,160.0,0.0,0.0,200.0,0.0,0.0,0.0,240.0,0.0,10.0,200.0,240.0,0.0,0.0,0.0,1110.0,0.0,1146809.0,0.0,0.0,67320.0,0.0,0.0,0.0,34000.0,0.0,533470.0,55760.0,212720.0,0.0,0.0,0.0,15950.0,0.0
2026-02-17T12:00:00+01:00,9040.0,4440.0,0.0,17480.0,0.0,0.0,0.0,18560.0,0.0,17680.0,1960.0,16560.0,0.0,0.0,3800.0,3720.0,0.0,160.0,2400.0,0.0,240.0,0.0,0.0,0.0,240.0,0.0,10.0,440.0,520.0,0.0,0.0,320.0,3720.0,0.0,178400.0,6840.0,0.0,428478.0,0.0,0.0,0.0,345200.0,0.0,729188.0,3280.0,297559.0,0.0,0.0,6960.0,3720.0,0.0
2026-02-17T13:00:00+01:00,14000.0,0.0,0.0,12640.0,0.0,0.0,0.0,2040.0,0.0,16320.0,4680.0,10640.0,3680.0,0.0,4120.0,0.0,0.0,160.0,0.0,0.0,1400.0,0.0,0.0,0.0,1880.0,0.0,10.0,640.0,560.0,3240.0,0.0,520.0,0.0,0.0,213800.0,0.0,0.0,50400.0,0.0,0.0,0.0,3920.0,0.0,469519.0,5320.0,64880.0,6920.0,0.0,13360.0,0.0,0.0
2026-02-17T14:00:00+01:00,15920.0,0.0,0.0,3800.0,0.0,0.0,0.0,0.0,0.0,16760.0,2000.0,2500.0,0.0,0.0,0.0,0.0,0.0,440.0,0.0,0.0,3800.0,0.0,0.0,0.0,0.0,0.0,10.0,680.0,260.0,0.0,0.0,0.0,0.0,0.0,345910.0,0.0,0.0,3800.0,0.0,0.0,0.0,0.0,0.0,184717.0,7920.0,6480.0,0.0,0.0,0.0,0.0,0.0
2026-02-17T15:00:00+01:00,18000.0,2240.0,0.0,10720.0,0.0,0.0,0.0,0.0,0.0,18320.0,4040.0,3080.0,0.0,0.0,0.0,0.0,30.0,320.0,380.0,0.0,40.0,0.0,0.0,0.0,0.0,0.0,0.0,760.0,160.0,0.0,0.0,0.0,0.0,30.0,479998.0,6840.0,0.0,16520.0,0.0,0.0,0.0,0.0,0.0,409868.0,40090.0,8530.0,0.0,0.0,0.0,0.0,30.0
2026-02-17T16:00:00+01:00,18200.0,6560.0,0.0,17160.0,0.0,0.0,0.0,0.0,0.0,18160.0,11800.0,1540.0,0.0,0.0,0.0,0.0,0.0,120.0,10.0,0.0,10.0,0.0,0.0,0.0,0.0,0.0,10.0,160.0,170.0,0.0,0.0,0.0,0.0,0.0,1396826.0,17000.0,0.0,17290.0,0.0,0.0,0.0,0.0,0.0,818858.0,49400.0,1890.0,0.0,0.0,0.0,0.0,0.0
2026-02-17T17:00:00+01:00,18240.0,5710.0,0.0,40.0,0.0,0.0,0.0,0.0,0.0,17800.0,5920.0,980.0,0.0,0.0,0.0,0.0,0.0,40.0,30.0,0.0,40.0,0.0,0.0,0.0,0.0,0.0,0.0,200.0,980.0,0.0,0.0,0.0,0.0,0.0,1890471.0,12740.0,0.0,40.0,0.0,0.0,0.0,0.0,0.0,1006369.0,46520.0,980.0,0.0,0.0,0.0,0.0,0.0
2026-02-17T18:00:00+01:00,14000.0,1560.0,6480.0,480.0,13800.0,0.0,0.0,0.0,0.0,18190.0,920.0,0.0,4480.0,0.0,0.0,0.0,0.0,160.0,400.0,200.0,200.0,240.0,0.0,0.0,0.0,0.0,10.0,520.0,0.0,4480.0,0.0,0.0,0.0,0.0,189200.0,2880.0,143360.0,680.0,103840.0,0.0,0.0,0.0,0.0,533327.0,1440.0,0.0,4480.0,0.0,0.0,0.0,0.0
2026-02-17T19:00:00+01:00,10520.0,9560.0,4000.0,1350.0,14680.0,0.0,0.0,0.0,0.0,17310.0,680.0,320.0,0.0,0.0,0.0,0.0,0.0,200.0,40.0,200.0,640.0,240.0,0.0,0.0,0.0,0.0,70.0,440.0,320.0,0.0,0.0,0.0,0.0,0.0,97640.0,26800.0,83200.0,1990.0,73360.0,0.0,0.0,0.0,0.0,312559.0,1120.0,320.0,0.0,0.0,0.0,0.0,0.0
2026-02-17T20:00:00+01:00,13480.0,0.0,2560.0,1920.0,6120.0,0.0,0.0,0.0,0.0,18080.0,0.0,0.0,0.0,0.0,0.0,0.0,1480.0,120.0,0.0,200.0,1920.0,40.0,0.0,0.0,0.0,0.0,60.0,0.0,0.0,0.0,0.0,0.0,0.0,1480.0,45560.0,0.0,20760.0,1920.0,24120.0,0.0,0.0,0.0,0.0,340618.0,0.0,0.0,0.0,0.0,0.0,0.0,1480.0
2026-02-17T21:00:00+01:00,6920.0,1200.0,200.0,0.0,2160.0,0.0,0.0,0.0,2960.0,17840.0,0.0,0.0,0.0,0.0,0.0,0.0,3040.0,160.0,40.0,120.0,0.0,640.0,0.0,0.0,0.0,2960.0,40.0,0.0,0.0,0.0,0.0,0.0,0.0,3040.0,74360.0,1240.0,320.0,0.0,2800.0,0.0,0.0,0.0,2960.0,343610.0,0.0,0.0,0.0,0.0,0.0,0.0,3040.0
2026-02-17T22:00:00+01:00,18000.0,0.0,0.0,350.0,2680.0,0.0,0.0,0.0,0.0,13800.0,0.0,0.0,0.0,0.0,0.0,0.0,0.0,160.0,0.0,0.0,350.0,2680.0,0.0,0.0,0.0,0.0,10.0,0.0,0.0,0.0,0.0,0.0,0.0,0.0,1406560.0,0.0,0.0,350.0,2680.0,0.0,0.0,0.0,0.0,334560.0,0.0,0.0,0.0,0.0,0.0,0.0,0.0
2026-02-17T23:00:00+01:00,18040.0,0.0,0.0,0.0,0.0,0.0,0.0,0.0,0.0,17720.0,0.0,0.0,0.0,0.0,0.0,0.0,0.0,160.0,0.0,0.0,0.0,0.0,0.0,0.0,0.0,0.0,40.0,0.0,0.0,0.0,0.0,0.0,0.0,0.0,1539039.0,0.0,0.0,0.0,0.0,0.0,0.0,0.0,0.0,274030.0,0.0,0.0,0.0,0.0,0.0,0.0,0.0
2026-02-18T00:00:00+01:00,18000.0,0.0,0.0,0.0,0.0,0.0,0.0,0.0,3640.0,17800.0,0.0,0.0,1240.0,0.0,0.0,0.0,0.0,160.0,0.0,0.0,0.0,0.0,0.0,0.0,0.0,320.0,40.0,0.0,0.0,1240.0,0.0,0.0,0.0,0.0,761119.0,0.0,0.0,0.0,0.0,0.0,0.0,0.0,26760.0,144980.0,0.0,0.0,1240.0,0.0,0.0,0.0,0.0
2026-02-18T01:00:00+01:00,9760.0,0.0,0.0,0.0,0.0,0.0,0.0,0.0,17360.0,5210.0,0.0,0.0,0.0,0.0,0.0,0.0,0.0,160.0,0.0,0.0,0.0,0.0,0.0,0.0,0.0,440.0,40.0,0.0,0.0,0.0,0.0,0.0,0.0,0.0,207320.0,0.0,0.0,0.0,0.0,0.0,0.0,0.0,96880.0,90780.0,0.0,0.0,0.0,0.0,0.0,0.0,0.0
2026-02-18T02:00:00+01:00,13560.0,0.0,0.0,30.0,0.0,0.0,0.0,0.0,13160.0,17920.0,0.0,0.0,0.0,0.0,0.0,0.0,0.0,160.0,0.0,0.0,30.0,0.0,0.0,0.0,0.0,560.0,40.0,0.0,0.0,0.0,0.0,0.0,0.0,0.0,143480.0,0.0,0.0,30.0,0.0,0.0,0.0,0.0,184000.0,147650.0,0.0,0.0,0.0,0.0,0.0,0.0,0.0
2026-02-18T03:00:00+01:00,12000.0,0.0,0.0,0.0,0.0,0.0,0.0,0.0,1360.0,7880.0,0.0,0.0,0.0,0.0,0.0,0.0,0.0,120.0,0.0,0.0,0.0,0.0,0.0,0.0,0.0,1360.0,10.0,0.0,0.0,0.0,0.0,0.0,0.0,0.0,796000.0,0.0,0.0,0.0,0.0,0.0,0.0,0.0,1360.0,190780.0,0.0,0.0,0.0,0.0,0.0,0.0,0.0
2026-02-18T04:00:00+01:00,8000.0,0.0,0.0,0.0,0.0,0.0,0.0,0.0,0.0,6880.0,0.0,0.0,0.0,0.0,0.0,0.0,0.0,120.0,0.0,0.0,0.0,0.0,0.0,0.0,0.0,0.0,40.0,0.0,0.0,0.0,0.0,0.0,0.0,0.0,573680.0,0.0,0.0,0.0,0.0,0.0,0.0,0.0,0.0,162800.0,0.0,0.0,0.0,0.0,0.0,0.0,0.0
2026-02-18T05:00:00+01:00,10000.0,0.0,0.0,120.0,0.0,0.0,0.0,0.0,0.0,2680.0,0.0,0.0,0.0,0.0,0.0,0.0,0.0,120.0,0.0,0.0,120.0,0.0,0.0,0.0,0.0,0.0,30.0,0.0,0.0,0.0,0.0,0.0,0.0,0.0,377839.0,0.0,0.0,120.0,0.0,0.0,0.0,0.0,0.0,94710.0,0.0,0.0,0.0,0.0,0.0,0.0,0.0
2026-02-18T06:00:00+01:00,16280.0,1040.0,0.0,7560.0,0.0,0.0,0.0,0.0,0.0,6720.0,0.0,0.0,10200.0,0.0,0.0,0.0,0.0,280.0,360.0,0.0,7560.0,0.0,0.0,0.0,0.0,0.0,10.0,0.0,0.0,10200.0,0.0,0.0,0.0,0.0,400719.0,1400.0,0.0,7560.0,0.0,0.0,0.0,0.0,0.0,40520.0,0.0,0.0,10200.0,0.0,0.0,0.0,0.0
2026-02-18T07:00:00+01:00,16840.0,1520.0,0.0,7240.0,5120.0,0.0,0.0,0.0,0.0,16239.0,4040.0,3640.0,0.0,0.0,0.0,20.0,0.0,40.0,200.0,0.0,0.0,1200.0,0.0,0.0,0.0,0.0,120.0,440.0,200.0,0.0,0.0,0.0,20.0,0.0,205439.0,1960.0,0.0,21050.0,6320.0,0.0,0.0,0.0,0.0,203559.0,60400.0,5120.0,0.0,0.0,0.0,20.0,0.0
2026-02-18T08:00:00+01:00,16000.0,1680.0,0.0,2980.0,0.0,0.0,0.0,0.0,0.0,15120.0,13960.0,1120.0,0.0,0.0,0.0,780.0,0.0,160.0,160.0,0.0,10.0,0.0,0.0,0.0,0.0,0.0,10.0,200.0,1120.0,0.0,0.0,0.0,300.0,0.0,182230.0,1840.0,0.0,34890.0,0.0,0.0,0.0,0.0,0.0,250729.0,318199.0,1120.0,0.0,0.0,0.0,1080.0,0.0
2026-02-18T09:00:00+01:00,8039.0,0.0,0.0,2370.0,0.0,0.0,0.0,0.0,0.0,15480.0,10720.0,0.0,0.0,0.0,0.0,2790.0,2360.0,160.0,0.0,0.0,20.0,0.0,0.0,0.0,0.0,0.0,0.0,120.0,0.0,0.0,0.0,0.0,2040.0,2360.0,335709.0,0.0,0.0,15680.0,0.0,0.0,0.0,0.0,0.0,464220.0,476159.0,0.0,0.0,0.0,0.0,4830.0,2360.0
2026-02-18T10:00:00+01:00,4560.0,0.0,0.0,320.0,0.0,0.0,0.0,0.0,0.0,15800.0,3760.0,0.0,0.0,0.0,0.0,0.0,0.0,160.0,0.0,0.0,280.0,0.0,0.0,0.0,0.0,0.0,10.0,240.0,0.0,0.0,0.0,0.0,0.0,0.0,111400.0,0.0,0.0,600.0,0.0,0.0,0.0,0.0,0.0,623123.0,11720.0,0.0,0.0,0.0,0.0,0.0,0.0
2026-02-18T11:00:00+01:00,7080.0,720.0,600.0,40.0,10560.0,0.0,0.0,3760.0,0.0,16920.0,0.0,0.0,0.0,0.0,0.0,0.0,0.0,200.0,10.0,200.0,40.0,200.0,0.0,0.0,480.0,0.0,10.0,0.0,0.0,0.0,0.0,0.0,0.0,0.0,34690.0,1570.0,1600.0,40.0,49120.0,0.0,0.0,4240.0,0.0,466690.0,0.0,0.0,0.0,0.0,0.0,0.0,0.0
2026-02-18T12:00:00+01:00,9840.0,680.0,520.0,400.0,2000.0,0.0,0.0,7640.0,640.0,14120.0,0.0,0.0,0.0,0.0,0.0,0.0,0.0,320.0,680.0,520.0,400.0,320.0,0.0,0.0,760.0,640.0,0.0,0.0,0.0,0.0,0.0,0.0,0.0,0.0,52240.0,680.0,520.0,800.0,5880.0,0.0,0.0,19760.0,640.0,243270.0,0.0,0.0,0.0,0.0,0.0,0.0,0.0
2026-02-18T13:00:00+01:00,12720.0,1360.0,0.0,1760.0,0.0,0.0,0.0,0.0,0.0,17040.0,0.0,1840.0,0.0,0.0,0.0,0.0,0.0,160.0,1360.0,0.0,210.0,0.0,0.0,0.0,0.0,0.0,0.0,0.0,1840.0,0.0,0.0,0.0,0.0,0.0,31640.0,1360.0,0.0,7410.0,0.0,0.0,0.0,0.0,0.0,289860.0,0.0,1840.0,0.0,0.0,0.0,0.0,0.0
2026-02-18T14:00:00+01:00,3760.0,0.0,0.0,840.0,0.0,0.0,0.0,1840.0,0.0,12640.0,0.0,640.0,0.0,0.0,0.0,0.0,0.0,200.0,0.0,0.0,210.0,0.0,0.0,0.0,640.0,0.0,20.0,0.0,640.0,0.0,0.0,0.0,0.0,0.0,3960.0,0.0,0.0,2550.0,0.0,0.0,0.0,2480.0,0.0,110910.0,0.0,640.0,0.0,0.0,0.0,0.0,0.0
2026-02-18T15:00:00+01:00,2080.0,1320.0,0.0,0.0,0.0,0.0,0.0,15640.0,0.0,17120.0,760.0,0.0,0.0,0.0,0.0,0.0,0.0,160.0,1320.0,0.0,0.0,0.0,0.0,0.0,200.0,0.0,10.0,760.0,0.0,0.0,0.0,0.0,0.0,0.0,9120.0,1320.0,0.0,0.0,0.0,0.0,0.0,329240.0,0.0,493510.0,760.0,0.0,0.0,0.0,0.0,0.0,0.0
2026-02-18T16:00:00+01:00,13290.0,7920.0,0.0,0.0,0.0,0.0,0.0,16480.0,0.0,17240.0,1400.0,440.0,0.0,0.0,0.0,0.0,0.0,560.0,160.0,0.0,0.0,0.0,0.0,0.0,800.0,0.0,40.0,160.0,440.0,0.0,0.0,0.0,0.0,0.0,40490.0,8080.0,0.0,0.0,0.0,0.0,0.0,264479.0,0.0,487710.0,3120.0,440.0,0.0,0.0,0.0,0.0,0.0
2026-02-18T17:00:00+01:00,13120.0,1040.0,15760.0,0.0,0.0,0.0,0.0,0.0,0.0,17120.0,1720.0,1080.0,0.0,2040.0,0.0,0.0,0.0,200.0,640.0,120.0,0.0,0.0,0.0,0.0,0.0,0.0,40.0,160.0,40.0,0.0,160.0,0.0,0.0,0.0,64620.0,1680.0,92440.0,0.0,0.0,0.0,0.0,0.0,0.0,518788.0,3600.0,1120.0,0.0,19960.0,0.0,0.0,0.0
2026-02-18T18:00:00+01:00,10240.0,2960.0,3160.0,0.0,0.0,0.0,0.0,0.0,0.0,13240.0,0.0,240.0,0.0,0.0,0.0,0.0,0.0,120.0,240.0,400.0,0.0,0.0,0.0,0.0,0.0,0.0,80.0,0.0,240.0,0.0,0.0,0.0,0.0,0.0,20240.0,8560.0,21040.0,0.0,0.0,0.0,0.0,0.0,0.0,161020.0,0.0,240.0,0.0,0.0,0.0,0.0,0.0
2026-02-18T19:00:00+01:00,3130.0,2600.0,2880.0,7200.0,4640.0,0.0,0.0,0.0,0.0,16560.0,0.0,0.0,0.0,0.0,0.0,0.0,0.0,160.0,720.0,400.0,5360.0,1760.0,0.0,0.0,0.0,0.0,40.0,0.0,0.0,0.0,0.0,0.0,0.0,0.0,10450.0,6960.0,11520.0,12560.0,6400.0,0.0,0.0,0.0,0.0,428030.0,0.0,0.0,0.0,0.0,0.0,0.0,0.0
2026-02-18T20:00:00+01:00,2200.0,0.0,2920.0,0.0,320.0,0.0,0.0,0.0,0.0,13040.0,0.0,0.0,0.0,0.0,0.0,0.0,0.0,120.0,0.0,160.0,0.0,320.0,0.0,0.0,0.0,0.0,80.0,0.0,0.0,0.0,0.0,0.0,0.0,0.0,8160.0,0.0,55840.0,0.0,320.0,0.0,0.0,0.0,0.0,230480.0,0.0,0.0,0.0,0.0,0.0,0.0,0.0
2026-02-18T21:00:00+01:00,5840.0,820.0,1960.0,0.0,1880.0,0.0,0.0,0.0,0.0,16640.0,0.0,0.0,0.0,0.0,0.0,0.0,0.0,160.0,820.0,160.0,0.0,240.0,0.0,0.0,0.0,0.0,30.0,0.0,0.0,0.0,0.0,0.0,0.0,0.0,219680.0,820.0,3680.0,0.0,2120.0,0.0,0.0,0.0,0.0,626430.0,0.0,0.0,0.0,0.0,0.0,0.0,0.0
2026-02-18T22:00:00+01:00,14000.0,0.0,0.0,0.0,0.0,0.0,0.0,0.0,0.0,16000.0,0.0,0.0,0.0,0.0,0.0,0.0,0.0,160.0,0.0,0.0,0.0,0.0,0.0,0.0,0.0,0.0,160.0,0.0,0.0,0.0,0.0,0.0,0.0,0.0,503320.0,0.0,0.0,0.0,0.0,0.0,0.0,0.0,0.0,764620.0,0.0,0.0,0.0,0.0,0.0,0.0,0.0
2026-02-18T23:00:00+01:00,13640.0,0.0,0.0,0.0,0.0,0.0,0.0,0.0,0.0,12400.0,0.0,0.0,0.0,0.0,0.0,0.0,0.0,160.0,0.0,0.0,0.0,0.0,0.0,0.0,0.0,0.0,160.0,0.0,0.0,0.0,0.0,0.0,0.0,0.0,478680.0,0.0,0.0,0.0,0.0,0.0,0.0,0.0,0.0,605870.0,0.0,0.0,0.0,0.0,0.0,0.0,0.0
2026-02-19T00:00:00+01:00,16920.0,0.0,0.0,280.0,1320.0,0.0,0.0,0.0,0.0,16000.0,0.0,0.0,0.0,0.0,0.0,0.0,0.0,160.0,0.0,0.0,280.0,1320.0,0.0,0.0,0.0,0.0,240.0,0.0,0.0,0.0,0.0,0.0,0.0,0.0,432200.0,0.0,0.0,280.0,1320.0,0.0,0.0,0.0,0.0,449800.0,0.0,0.0,0.0,0.0,0.0,0.0,0.0
2026-02-19T01:00:00+01:00,11200.0,0.0,520.0,0.0,1320.0,0.0,0.0,0.0,0.0,16120.0,0.0,0.0,0.0,0.0,0.0,0.0,0.0,200.0,0.0,520.0,0.0,1320.0,0.0,0.0,0.0,0.0,160.0,0.0,0.0,0.0,0.0,0.0,0.0,0.0,276040.0,0.0,520.0,0.0,1320.0,0.0,0.0,0.0,0.0,329479.0,0.0,0.0,0.0,0.0,0.0,0.0,0.0
2026-02-19T02:00:00+01:00,12320.0,2080.0,0.0,0.0,1520.0,0.0,0.0,0.0,1440.0,16960.0,200.0,0.0,0.0,0.0,0.0,0.0,0.0,160.0,2080.0,0.0,0.0,1520.0,0.0,0.0,0.0,1440.0,40.0,200.0,0.0,0.0,0.0,0.0,0.0,0.0,716320.0,2080.0,0.0,0.0,1520.0,0.0,0.0,0.0,1440.0,1352400.0,200.0,0.0,0.0,0.0,0.0,0.0,0.0
2026-02-19T03:00:00+01:00,8119.0,0.0,0.0,0.0,0.0,0.0,0.0,0.0,0.0,17280.0,0.0,0.0,0.0,0.0,0.0,0.0,0.0,160.0,0.0,0.0,0.0,0.0,0.0,0.0,0.0,0.0,20.0,0.0,0.0,0.0,0.0,0.0,0.0,0.0,345359.0,0.0,0.0,0.0,0.0,0.0,0.0,0.0,0.0,1044539.0,0.0,0.0,0.0,0.0,0.0,0.0,0.0
2026-02-19T04:00:00+01:00,4000.0,0.0,0.0,0.0,4920.0,0.0,0.0,0.0,0.0,15960.0,0.0,0.0,0.0,0.0,0.0,0.0,0.0,160.0,0.0,0.0,0.0,4920.0,0.0,0.0,0.0,0.0,40.0,0.0,0.0,0.0,0.0,0.0,0.0,0.0,77680.0,0.0,0.0,0.0,4920.0,0.0,0.0,0.0,0.0,1035758.0,0.0,0.0,0.0,0.0,0.0,0.0,0.0
2026-02-19T05:00:00+01:00,4240.0,0.0,0.0,0.0,2360.0,0.0,0.0,0.0,0.0,15640.0,0.0,0.0,0.0,0.0,0.0,0.0,0.0,240.0,0.0,0.0,0.0,240.0,0.0,0.0,0.0,0.0,160.0,0.0,0.0,0.0,0.0,0.0,0.0,0.0,49680.0,0.0,0.0,0.0,2840.0,0.0,0.0,0.0,0.0,639229.0,0.0,0.0,0.0,0.0,0.0,0.0,0.0
2026-02-19T06:00:00+01:00,2000.0,1840.0,1520.0,0.0,2120.0,0.0,0.0,0.0,0.0,14160.0,0.0,0.0,0.0,0.0,0.0,0.0,0.0,160.0,1480.0,320.0,0.0,1640.0,0.0,0.0,0.0,0.0,200.0,0.0,0.0,0.0,0.0,0.0,0.0,0.0,20000.0,4840.0,1840.0,0.0,3760.0,0.0,0.0,0.0,0.0,153819.0,0.0,0.0,0.0,0.0,0.0,0.0,0.0
2026-02-19T07:00:00+01:00,5320.0,0.0,4000.0,2000.0,0.0,0.0,0.0,15400.0,6720.0,13560.0,680.0,0.0,0.0,0.0,0.0,640.0,0.0,160.0,0.0,160.0,280.0,0.0,0.0,0.0,4360.0,240.0,40.0,680.0,0.0,0.0,0.0,0.0,640.0,0.0,6640.0,0.0,26960.0,4190.0,0.0,0.0,0.0,34320.0,14260.0,188660.0,680.0,0.0,0.0,0.0,0.0,640.0,0.0
2026-02-19T08:00:00+01:00,14520.0,0.0,0.0,0.0,0.0,0.0,0.0,0.0,480.0,14840.0,760.0,480.0,0.0,0.0,0.0,0.0,0.0,200.0,0.0,0.0,0.0,0.0,0.0,0.0,0.0,120.0,20.0,160.0,480.0,0.0,0.0,0.0,0.0,0.0,18280.0,0.0,0.0,0.0,0.0,0.0,0.0,0.0,600.0,145940.0,920.0,480.0,0.0,0.0,0.0,0.0,0.0
2026-02-19T09:00:00+01:00,13360.0,11440.0,0.0,360.0,2840.0,0.0,0.0,0.0,1720.0,16640.0,240.0,0.0,560.0,0.0,0.0,1240.0,160.0,1040.0,10640.0,0.0,360.0,520.0,0.0,0.0,0.0,1720.0,10.0,160.0,0.0,560.0,0.0,0.0,960.0,160.0,45120.0,22080.0,0.0,360.0,3360.0,0.0,0.0,0.0,1720.0,432180.0,400.0,0.0,560.0,0.0,0.0,2200.0,160.0
2026-02-19T10:00:00+01:00,4960.0,10840.0,0.0,7480.0,0.0,0.0,0.0,0.0,0.0,16800.0,560.0,0.0,0.0,0.0,0.0,0.0,0.0,200.0,1080.0,0.0,2920.0,0.0,0.0,0.0,0.0,0.0,40.0,160.0,0.0,0.0,0.0,0.0,0.0,0.0,17360.0,22120.0,0.0,10400.0,0.0,0.0,0.0,0.0,0.0,529527.0,1440.0,0.0,0.0,0.0,0.0,0.0,0.0
2026-02-19T11:00:00+01:00,8320.0,200.0,1960.0,1880.0,0.0,0.0,0.0,14160.0,15240.0,16840.0,9240.0,410.0,0.0,0.0,0.0,9520.0,0.0,160.0,200.0,1960.0,1880.0,0.0,0.0,0.0,3160.0,1040.0,80.0,200.0,410.0,0.0,0.0,0.0,280.0,0.0,37400.0,200.0,1960.0,1880.0,0.0,0.0,0.0,30840.0,30080.0,365030.0,44320.0,410.0,0.0,0.0,0.0,32000.0,0.0
2026-02-19T12:00:00+01:00,16920.0,30.0,8240.0,2440.0,0.0,0.0,0.0,0.0,0.0,16440.0,11600.0,4950.0,0.0,0.0,0.0,0.0,0.0,160.0,30.0,160.0,360.0,0.0,0.0,0.0,0.0,0.0,160.0,240.0,160.0,0.0,0.0,0.0,0.0,0.0,101560.0,30.0,33880.0,3920.0,0.0,0.0,0.0,0.0,0.0,376789.0,30960.0,8330.0,0.0,0.0,0.0,0.0,0.0
2026-02-19T13:00:00+01:00,14360.0,4280.0,14000.0,8920.0,11920.0,0.0,0.0,15680.0,12760.0,16059.0,9960.0,11600.0,14520.0,5160.0,7480.0,9240.0,15040.0,200.0,120.0,200.0,160.0,160.0,0.0,0.0,160.0,680.0,80.0,160.0,160.0,160.0,1920.0,400.0,240.0,160.0,52960.0,21540.0,67040.0,51040.0,85200.0,0.0,0.0,461680.0,13440.0,950509.0,48560.0,35290.0,50840.0,17920.0,10400.0,40880.0,37120.0
2026-02-19T14:00:00+01:00,13640.0,4760.0,6280.0,11360.0,11240.0,0.0,0.0,15520.0,4280.0,16920.0,10840.0,14870.0,12000.0,0.0,0.0,0.0,0.0,160.0,20.0,280.0,200.0,1040.0,0.0,0.0,200.0,480.0,40.0,240.0,260.0,160.0,0.0,0.0,0.0,0.0,119759.0,10640.0,21400.0,72809.0,71400.0,0.0,0.0,268760.0,20240.0,1140049.0,30840.0,34450.0,47120.0,0.0,0.0,0.0,0.0
2026-02-19T15:00:00+01:00,2960.0,40.0,0.0,0.0,0.0,0.0,0.0,16520.0,0.0,16320.0,0.0,0.0,0.0,0.0,0.0,280.0,0.0,240.0,40.0,0.0,0.0,0.0,0.0,0.0,200.0,0.0,10.0,0.0,0.0,0.0,0.0,0.0,280.0,0.0,10560.0,40.0,0.0,0.0,0.0,0.0,0.0,253000.0,0.0,565829.0,0.0,0.0,0.0,0.0,0.0,280.0,0.0
2026-02-19T16:00:00+01:00,16640.0,6520.0,0.0,0.0,0.0,0.0,0.0,16720.0,0.0,16079.0,1800.0,6720.0,0.0,960.0,0.0,0.0,0.0,160.0,80.0,0.0,0.0,0.0,0.0,0.0,880.0,0.0,10.0,400.0,6720.0,0.0,480.0,0.0,0.0,0.0,33960.0,10480.0,0.0,0.0,0.0,0.0,0.0,74880.0,0.0,986467.0,2200.0,6720.0,0.0,1440.0,0.0,0.0,0.0
2026-02-19T17:00:00+01:00,16520.0,1640.0,0.0,0.0,0.0,0.0,0.0,0.0,0.0,15680.0,3400.0,0.0,0.0,0.0,0.0,0.0,0.0,160.0,1640.0,0.0,0.0,0.0,0.0,0.0,0.0,0.0,80.0,160.0,0.0,0.0,0.0,0.0,0.0,0.0,48160.0,1640.0,0.0,0.0,0.0,0.0,0.0,0.0,0.0,868357.0,6560.0,0.0,0.0,0.0,0.0,0.0,0.0
2026-02-19T18:00:00+01:00,11640.0,7080.0,13760.0,4400.0,5320.0,0.0,0.0,4040.0,0.0,16200.0,0.0,0.0,0.0,0.0,0.0,0.0,0.0,120.0,400.0,240.0,40.0,600.0,0.0,0.0,440.0,0.0,30.0,0.0,0.0,0.0,0.0,0.0,0.0,0.0,19320.0,7480.0,152960.0,8440.0,11600.0,0.0,0.0,7800.0,0.0,203930.0,0.0,0.0,0.0,0.0,0.0,0.0,0.0
2026-02-19T19:00:00+01:00,14320.0,560.0,1480.0,5280.0,2240.0,0.0,0.0,1040.0,0.0,16079.0,0.0,0.0,0.0,0.0,0.0,0.0,0.0,120.0,560.0,200.0,80.0,1720.0,0.0,0.0,320.0,0.0,190.0,0.0,0.0,0.0,0.0,0.0,0.0,0.0,42920.0,560.0,4320.0,12320.0,6120.0,0.0,0.0,1360.0,0.0,664967.0,0.0,0.0,0.0,0.0,0.0,0.0,0.0
2026-02-19T20:00:00+01:00,6640.0,280.0,0.0,0.0,0.0,0.0,0.0,0.0,0.0,16000.0,0.0,0.0,0.0,0.0,0.0,0.0,0.0,200.0,200.0,0.0,0.0,0.0,0.0,0.0,0.0,0.0,20.0,0.0,0.0,0.0,0.0,0.0,0.0,0.0,7960.0,720.0,0.0,0.0,0.0,0.0,0.0,0.0,0.0,1828113.0,0.0,0.0,0.0,0.0,0.0,0.0,0.0
2026-02-19T21:00:00+01:00,2000.0,0.0,0.0,0.0,0.0,0.0,0.0,0.0,0.0,16000.0,0.0,0.0,0.0,0.0,0.0,0.0,0.0,200.0,0.0,0.0,0.0,0.0,0.0,0.0,0.0,0.0,10.0,0.0,0.0,0.0,0.0,0.0,0.0,0.0,9880.0,0.0,0.0,0.0,0.0,0.0,0.0,0.0,0.0,1062450.0,0.0,0.0,0.0,0.0,0.0,0.0,0.0
2026-02-19T22:00:00+01:00,3720.0,40.0,0.0,200.0,0.0,0.0,0.0,0.0,0.0,15120.0,0.0,0.0,0.0,0.0,0.0,0.0,0.0,720.0,40.0,0.0,200.0,0.0,0.0,0.0,0.0,0.0,40.0,0.0,0.0,0.0,0.0,0.0,0.0,0.0,20320.0,40.0,0.0,200.0,0.0,0.0,0.0,0.0,0.0,851090.0,0.0,0.0,0.0,0.0,0.0,0.0,0.0
2026-02-19T23:00:00+01:00,200.0,0.0,0.0,2000.0,0.0,0.0,0.0,0.0,0.0,16200.0,0.0,0.0,0.0,0.0,0.0,0.0,0.0,160.0,0.0,0.0,1800.0,0.0,0.0,0.0,0.0,0.0,200.0,0.0,0.0,0.0,0.0,0.0,0.0,0.0,360.0,0.0,0.0,5720.0,0.0,0.0,0.0,0.0,0.0,660920.0,0.0,0.0,0.0,0.0,0.0,0.0,0.0
2026-02-20T00:00:00+01:00,2040.0,0.0,0.0,9960.0,0.0,0.0,0.0,0.0,0.0,8039.0,0.0,0.0,0.0,0.0,0.0,0.0,0.0,160.0,0.0,0.0,360.0,0.0,0.0,0.0,0.0,0.0,240.0,0.0,0.0,0.0,0.0,0.0,0.0,0.0,10800.0,0.0,0.0,151759.0,0.0,0.0,0.0,0.0,0.0,136519.0,0.0,0.0,0.0,0.0,0.0,0.0,0.0
2026-02-20T01:00:00+01:00,13040.0,800.0,0.0,8000.0,0.0,0.0,0.0,0.0,0.0,13240.0,8640.0,440.0,0.0,0.0,0.0,0.0,0.0,200.0,800.0,0.0,320.0,0.0,0.0,0.0,0.0,0.0,80.0,3440.0,440.0,0.0,0.0,0.0,0.0,0.0,66280.0,800.0,0.0,225600.0,0.0,0.0,0.0,0.0,0.0,334340.0,12080.0,440.0,0.0,0.0,0.0,0.0,0.0
2026-02-20T02:00:00+01:00,12840.0,1600.0,0.0,10000.0,0.0,0.0,0.0,0.0,0.0,16640.0,0.0,0.0,0.0,0.0,0.0,0.0,0.0,200.0,1600.0,0.0,240.0,0.0,0.0,0.0,0.0,0.0,80.0,0.0,0.0,0.0,0.0,0.0,0.0,0.0,100600.0,1600.0,0.0,490560.0,0.0,0.0,0.0,0.0,0.0,1357370.0,0.0,0.0,0.0,0.0,0.0,0.0,0.0
2026-02-20T03:00:00+01:00,3760.0,0.0,0.0,6040.0,0.0,0.0,0.0,0.0,0.0,16520.0,0.0,0.0,0.0,0.0,0.0,0.0,0.0,200.0,0.0,0.0,160.0,0.0,0.0,0.0,0.0,0.0,120.0,0.0,0.0,0.0,0.0,0.0,0.0,0.0,15750.0,0.0,0.0,313040.0,0.0,0.0,0.0,0.0,0.0,1538346.0,0.0,0.0,0.0,0.0,0.0,0.0,0.0
2026-02-20T04:00:00+01:00,7040.0,0.0,0.0,7640.0,0.0,0.0,0.0,0.0,0.0,16000.0,0.0,0.0,0.0,0.0,5040.0,0.0,0.0,440.0,0.0,0.0,280.0,0.0,0.0,0.0,0.0,0.0,120.0,0.0,0.0,0.0,0.0,240.0,0.0,0.0,20560.0,0.0,0.0,175600.0,0.0,0.0,0.0,0.0,0.0,1005800.0,0.0,0.0,0.0,0.0,13400.0,0.0,0.0
2026-02-20T05:00:00+01:00,9280.0,0.0,0.0,2040.0,0.0,0.0,0.0,0.0,0.0,16280.0,0.0,0.0,0.0,0.0,360.0,0.0,0.0,240.0,0.0,0.0,160.0,0.0,0.0,0.0,0.0,0.0,160.0,0.0,0.0,0.0,0.0,160.0,0.0,0.0,79080.0,0.0,0.0,32640.0,0.0,0.0,0.0,0.0,0.0,879479.0,0.0,0.0,0.0,0.0,520.0,0.0,0.0
2026-02-20T06:00:00+01:00,4160.0,1880.0,360.0,16000.0,0.0,0.0,0.0,9760.0,200.0,16000.0,320.0,0.0,0.0,0.0,14040.0,0.0,0.0,160.0,1880.0,360.0,200.0,0.0,0.0,0.0,520.0,200.0,160.0,320.0,0.0,0.0,0.0,200.0,0.0,0.0,8680.0,1880.0,360.0,90480.0,0.0,0.0,0.0,29480.0,200.0,320880.0,320.0,0.0,0.0,0.0,60240.0,0.0,0.0
2026-02-20T07:00:00+01:00,11880.0,740.0,0.0,6560.0,0.0,0.0,0.0,0.0,1040.0,16360.0,680.0,2120.0,0.0,0.0,0.0,0.0,0.0,320.0,290.0,0.0,120.0,0.0,0.0,0.0,0.0,1040.0,160.0,280.0,400.0,0.0,0.0,0.0,0.0,0.0,30920.0,1030.0,0.0,29480.0,0.0,0.0,0.0,0.0,1040.0,1156068.0,2400.0,3560.0,0.0,0.0,0.0,0.0,0.0
2026-02-20T08:00:00+01:00,11510.0,14800.0,0.0,5600.0,4400.0,0.0,0.0,4880.0,11240.0,16360.0,1640.0,2760.0,0.0,1800.0,0.0,1080.0,0.0,160.0,360.0,0.0,240.0,3520.0,0.0,0.0,600.0,120.0,40.0,160.0,160.0,0.0,1800.0,0.0,1080.0,0.0,30190.0,60170.0,0.0,50920.0,7920.0,0.0,0.0,9300.0,98400.0,2044800.0,3080.0,8000.0,0.0,1800.0,0.0,1080.0,0.0
2026-02-20T09:00:00+01:00,16400.0,2150.0,1400.0,16440.0,12960.0,0.0,0.0,1360.0,8119.0,16280.0,1000.0,0.0,10680.0,1560.0,11000.0,3080.0,6240.0,240.0,1040.0,1400.0,160.0,200.0,0.0,0.0,520.0,80.0,40.0,200.0,0.0,4160.0,1560.0,1480.0,160.0,6240.0,69200.0,3190.0,1400.0,212710.0,265160.0,0.0,0.0,2400.0,106949.0,1062257.0,4320.0,0.0,24920.0,1560.0,25720.0,10640.0,6240.0
2026-02-20T10:00:00+01:00,8000.0,12040.0,10000.0,14000.0,15360.0,0.0,0.0,9400.0,15880.0,16320.0,15600.0,6000.0,11800.0,0.0,8560.0,4000.0,0.0,280.0,160.0,200.0,320.0,80.0,0.0,0.0,160.0,120.0,80.0,200.0,320.0,40.0,0.0,840.0,440.0,0.0,15600.0,57320.0,131960.0,93540.0,387150.0,0.0,0.0,62960.0,249440.0,1261558.0,22760.0,13960.0,18760.0,0.0,10600.0,17880.0,0.0
2026-02-20T11:00:00+01:00,4440.0,1720.0,6640.0,6240.0,14000.0,0.0,0.0,9960.0,15320.0,16440.0,9960.0,0.0,400.0,880.0,15480.0,8320.0,0.0,240.0,120.0,320.0,200.0,120.0,0.0,0.0,80.0,10.0,10.0,80.0,0.0,240.0,400.0,1200.0,240.0,0.0,13760.0,4360.0,28800.0,50160.0,123520.0,0.0,0.0,77680.0,159710.0,968588.0,48560.0,0.0,1000.0,1280.0,26200.0,28840.0,0.0
2026-02-20T12:00:00+01:00,2840.0,10560.0,0.0,9840.0,11880.0,0.0,0.0,14240.0,14160.0,16320.0,7920.0,3400.0,1640.0,12080.0,8440.0,2360.0,5200.0,240.0,1400.0,0.0,40.0,240.0,0.0,0.0,200.0,40.0,10.0,160.0,80.0,1080.0,1560.0,760.0,1640.0,5200.0,6320.0,21820.0,0.0,58630.0,93510.0,0.0,0.0,108170.0,56880.0,396409.0,33160.0,10280.0,2720.0,19760.0,13260.0,4000.0,5200.0
2026-02-20T13:00:00+01:00,5520.0,2920.0,0.0,14920.0,16280.0,0.0,0.0,15600.0,2960.0,15560.0,1000.0,2640.0,0.0,11640.0,0.0,15960.0,1040.0,120.0,200.0,0.0,240.0,120.0,0.0,0.0,240.0,640.0,40.0,200.0,240.0,0.0,1640.0,0.0,240.0,1040.0,45720.0,5480.0,0.0,208709.0,320960.0,0.0,0.0,613680.0,6720.0,739849.0,1200.0,6520.0,0.0,22240.0,0.0,34370.0,1040.0
2026-02-20T14:00:00+01:00,8840.0,110.0,0.0,0.0,0.0,0.0,0.0,15320.0,0.0,16280.0,0.0,0.0,0.0,0.0,0.0,0.0,0.0,200.0,110.0,0.0,0.0,0.0,0.0,0.0,11840.0,0.0,40.0,0.0,0.0,0.0,0.0,0.0,0.0,0.0,28160.0,110.0,0.0,0.0,0.0,0.0,0.0,27160.0,0.0,2108227.0,0.0,0.0,0.0,0.0,0.0,0.0,0.0
2026-02-20T15:00:00+01:00,11840.0,1250.0,0.0,4640.0,0.0,0.0,0.0,14560.0,0.0,16239.0,5680.0,1040.0,0.0,13600.0,0.0,0.0,0.0,200.0,1250.0,0.0,4640.0,0.0,0.0,0.0,240.0,0.0,40.0,200.0,280.0,0.0,840.0,0.0,0.0,0.0,59310.0,1250.0,0.0,4640.0,0.0,0.0,0.0,25440.0,0.0,1244878.0,22000.0,1320.0,0.0,54960.0,0.0,0.0,0.0
2026-02-20T16:00:00+01:00,10160.0,800.0,0.0,560.0,0.0,0.0,0.0,9480.0,1840.0,16000.0,5040.0,880.0,0.0,15000.0,0.0,0.0,0.0,120.0,800.0,0.0,560.0,0.0,0.0,0.0,800.0,1840.0,120.0,320.0,880.0,0.0,4880.0,0.0,0.0,0.0,33300.0,800.0,0.0,560.0,0.0,0.0,0.0,13760.0,1840.0,878869.0,19400.0,880.0,0.0,19880.0,0.0,0.0,0.0
2026-02-20T17:00:00+01:00,8240.0,3400.0,0.0,8800.0,120.0,0.0,0.0,0.0,240.0,15440.0,4120.0,3520.0,600.0,0.0,0.0,0.0,1240.0,240.0,80.0,0.0,600.0,120.0,0.0,0.0,0.0,240.0,40.0,160.0,1000.0,320.0,0.0,0.0,0.0,1240.0,14600.0,11160.0,0.0,19600.0,120.0,0.0,0.0,0.0,240.0,856889.0,20200.0,4520.0,920.0,0.0,0.0,0.0,1240.0
2026-02-20T18:00:00+01:00,6000.0,3040.0,0.0,2840.0,0.0,0.0,0.0,0.0,0.0,11800.0,6000.0,760.0,0.0,0.0,0.0,0.0,0.0,160.0,3040.0,0.0,160.0,0.0,0.0,0.0,0.0,0.0,120.0,6000.0,760.0,0.0,0.0,0.0,0.0,0.0,93880.0,3040.0,0.0,7810.0,0.0,0.0,0.0,0.0,0.0,329310.0,6000.0,760.0,0.0,0.0,0.0,0.0,0.0
2026-02-20T19:00:00+01:00,11840.0,0.0,0.0,400.0,640.0,0.0,0.0,0.0,0.0,16129.0,360.0,0.0,0.0,0.0,0.0,0.0,280.0,160.0,0.0,0.0,40.0,240.0,0.0,0.0,0.0,0.0,30.0,360.0,0.0,0.0,0.0,0.0,0.0,280.0,419690.0,0.0,0.0,640.0,880.0,0.0,0.0,0.0,0.0,980668.0,1080.0,0.0,0.0,0.0,0.0,0.0,280.0
2026-02-20T20:00:00+01:00,13240.0,1280.0,0.0,680.0,0.0,0.0,0.0,0.0,0.0,13840.0,6000.0,160.0,0.0,0.0,0.0,0.0,0.0,120.0,1280.0,0.0,680.0,0.0,0.0,0.0,0.0,0.0,40.0,6000.0,160.0,0.0,0.0,0.0,0.0,0.0,97920.0,1280.0,0.0,680.0,0.0,0.0,0.0,0.0,0.0,751149.0,6000.0,160.0,0.0,0.0,0.0,0.0,0.0
2026-02-20T21:00:00+01:00,14520.0,0.0,0.0,5040.0,0.0,0.0,0.0,0.0,0.0,16000.0,240.0,0.0,0.0,0.0,0.0,0.0,0.0,120.0,0.0,0.0,1770.0,0.0,0.0,0.0,0.0,0.0,20.0,200.0,0.0,0.0,0.0,0.0,0.0,0.0,261080.0,0.0,0.0,6810.0,0.0,0.0,0.0,0.0,0.0,983140.0,640.0,0.0,0.0,0.0,0.0,0.0,0.0
2026-02-20T22:00:00+01:00,7280.0,0.0,4800.0,3120.0,2320.0,0.0,0.0,15720.0,0.0,12120.0,0.0,0.0,0.0,0.0,0.0,12160.0,0.0,240.0,0.0,240.0,280.0,400.0,0.0,0.0,240.0,0.0,80.0,0.0,0.0,0.0,0.0,0.0,360.0,0.0,72840.0,0.0,19400.0,4560.0,5400.0,0.0,0.0,268240.0,0.0,220860.0,0.0,0.0,0.0,0.0,0.0,39080.0,0.0
2026-02-20T23:00:00+01:00,2040.0,0.0,600.0,1920.0,0.0,0.0,0.0,15680.0,0.0,15480.0,0.0,0.0,0.0,0.0,0.0,1840.0,0.0,160.0,0.0,120.0,1920.0,0.0,0.0,0.0,4120.0,0.0,120.0,0.0,0.0,0.0,0.0,0.0,1840.0,0.0,25640.0,0.0,920.0,1920.0,0.0,0.0,0.0,188320.0,0.0,287649.0,0.0,0.0,0.0,0.0,0.0,1840.0,0.0
2026-02-21T00:00:00+01:00,2040.0,0.0,0.0,0.0,240.0,0.0,0.0,15640.0,0.0,14760.0,0.0,0.0,0.0,0.0,0.0,0.0,0.0,120.0,0.0,0.0,0.0,240.0,0.0,0.0,240.0,0.0,100.0,0.0,0.0,0.0,0.0,0.0,0.0,0.0,35600.0,0.0,0.0,0.0,240.0,0.0,0.0,515598.0,0.0,210459.0,0.0,0.0,0.0,0.0,0.0,0.0,0.0
2026-02-21T01:00:00+01:00,13840.0,0.0,0.0,4400.0,0.0,0.0,0.0,16079.0,0.0,16000.0,1130.0,0.0,0.0,0.0,0.0,0.0,0.0,120.0,0.0,0.0,4400.0,0.0,0.0,0.0,160.0,0.0,0.0,1130.0,0.0,0.0,0.0,0.0,0.0,0.0,156760.0,0.0,0.0,4400.0,0.0,0.0,0.0,578478.0,0.0,1753654.0,1130.0,0.0,0.0,0.0,0.0,0.0,0.0
2026-02-21T02:00:00+01:00,10600.0,80.0,440.0,0.0,0.0,0.0,0.0,15280.0,0.0,16040.0,0.0,0.0,0.0,0.0,0.0,0.0,0.0,120.0,80.0,440.0,0.0,0.0,0.0,0.0,600.0,0.0,10.0,0.0,0.0,0.0,0.0,0.0,0.0,0.0,49320.0,80.0,440.0,0.0,0.0,0.0,0.0,300219.0,0.0,1302770.0,0.0,0.0,0.0,0.0,0.0,0.0,0.0
2026-02-21T03:00:00+01:00,3120.0,0.0,1720.0,4400.0,0.0,0.0,0.0,16000.0,0.0,14000.0,0.0,0.0,0.0,0.0,0.0,0.0,0.0,240.0,0.0,880.0,880.0,0.0,0.0,0.0,440.0,0.0,160.0,0.0,0.0,0.0,0.0,0.0,0.0,0.0,10600.0,0.0,4320.0,16880.0,0.0,0.0,0.0,373310.0,0.0,1079129.0,0.0,0.0,0.0,0.0,0.0,0.0,0.0
2026-02-21T04:00:00+01:00,2000.0,0.0,480.0,10000.0,0.0,0.0,0.0,15800.0,0.0,10640.0,0.0,0.0,0.0,0.0,0.0,0.0,0.0,160.0,0.0,360.0,40.0,0.0,0.0,0.0,280.0,0.0,0.0,0.0,0.0,0.0,0.0,0.0,0.0,0.0,15080.0,0.0,840.0,355360.0,0.0,0.0,0.0,120280.0,0.0,389989.0,0.0,0.0,0.0,0.0,0.0,0.0,0.0
2026-02-21T05:00:00+01:00,3880.0,0.0,0.0,16000.0,0.0,0.0,0.0,15480.0,0.0,11880.0,0.0,0.0,0.0,0.0,0.0,1880.0,0.0,160.0,0.0,0.0,160.0,0.0,0.0,0.0,2800.0,0.0,200.0,0.0,0.0,0.0,0.0,0.0,640.0,0.0,51400.0,0.0,0.0,241040.0,0.0,0.0,0.0,45120.0,0.0,193280.0,0.0,0.0,0.0,0.0,0.0,2520.0,0.0
2026-02-21T06:00:00+01:00,5800.0,440.0,0.0,4000.0,0.0,0.0,0.0,0.0,0.0,7920.0,0.0,0.0,0.0,0.0,0.0,0.0,0.0,160.0,440.0,0.0,160.0,0.0,0.0,0.0,0.0,0.0,240.0,0.0,0.0,0.0,0.0,0.0,0.0,0.0,86640.0,440.0,0.0,19640.0,0.0,0.0,0.0,0.0,0.0,99120.0,0.0,0.0,0.0,0.0,0.0,0.0,0.0
2026-02-21T07:00:00+01:00,3400.0,0.0,3680.0,2000.0,0.0,0.0,0.0,0.0,0.0,14400.0,760.0,0.0,0.0,0.0,0.0,0.0,0.0,240.0,0.0,120.0,160.0,0.0,0.0,0.0,0.0,0.0,160.0,440.0,0.0,0.0,0.0,0.0,0.0,0.0,15360.0,0.0,26960.0,11240.0,0.0,0.0,0.0,0.0,0.0,347280.0,1200.0,0.0,0.0,0.0,0.0,0.0,0.0
2026-02-21T08:00:00+01:00,1880.0,1040.0,0.0,0.0,0.0,0.0,0.0,0.0,0.0,15320.0,2640.0,0.0,0.0,0.0,0.0,0.0,0.0,840.0,1040.0,0.0,0.0,0.0,0.0,0.0,0.0,0.0,40.0,200.0,0.0,0.0,0.0,0.0,0.0,0.0,3960.0,1040.0,0.0,0.0,0.0,0.0,0.0,0.0,0.0,793878.0,8560.0,0.0,0.0,0.0,0.0,0.0,0.0
2026-02-21T09:00:00+01:00,14320.0,1240.0,0.0,6200.0,0.0,0.0,0.0,0.0,0.0,15840.0,4520.0,8960.0,0.0,0.0,0.0,0.0,0.0,360.0,1160.0,0.0,2640.0,0.0,0.0,0.0,0.0,0.0,40.0,160.0,8960.0,0.0,0.0,0.0,0.0,0.0,67080.0,2400.0,0.0,8840.0,0.0,0.0,0.0,0.0,0.0,912605.0,7840.0,8960.0,0.0,0.0,0.0,0.0,0.0
2026-02-21T10:00:00+01:00,14400.0,2240.0,0.0,0.0,0.0,0.0,0.0,0.0,2280.0,15960.0,2120.0,5280.0,0.0,0.0,0.0,0.0,0.0,120.0,720.0,0.0,0.0,0.0,0.0,0.0,0.0,240.0,10.0,240.0,430.0,0.0,0.0,0.0,0.0,0.0,92310.0,2960.0,0.0,0.0,0.0,0.0,0.0,0.0,4680.0,1033869.0,5440.0,10630.0,0.0,0.0,0.0,0.0,0.0
2026-02-21T11:00:00+01:00,8760.0,480.0,0.0,790.0,0.0,0.0,0.0,7240.0,0.0,15680.0,1760.0,9540.0,0.0,0.0,0.0,0.0,0.0,160.0,440.0,0.0,40.0,0.0,0.0,0.0,240.0,0.0,40.0,40.0,260.0,0.0,0.0,0.0,0.0,0.0,60880.0,920.0,0.0,830.0,0.0,0.0,0.0,30920.0,0.0,445570.0,5720.0,10880.0,0.0,0.0,0.0,0.0,0.0
2026-02-21T12:00:00+01:00,13240.0,0.0,0.0,1080.0,1560.0,0.0,0.0,14440.0,560.0,15560.0,4400.0,10320.0,0.0,0.0,0.0,2520.0,0.0,160.0,0.0,0.0,880.0,240.0,0.0,0.0,440.0,360.0,80.0,40.0,440.0,0.0,0.0,0.0,2520.0,0.0,52520.0,0.0,0.0,1960.0,1800.0,0.0,0.0,213800.0,920.0,328980.0,27440.0,15730.0,0.0,0.0,0.0,2520.0,0.0
2026-02-21T13:00:00+01:00,8000.0,7880.0,0.0,2000.0,1640.0,0.0,0.0,15520.0,880.0,15840.0,14360.0,9800.0,0.0,0.0,0.0,0.0,0.0,80.0,520.0,0.0,200.0,1640.0,0.0,0.0,240.0,320.0,40.0,40.0,440.0,0.0,0.0,0.0,0.0,0.0,66500.0,9320.0,0.0,2440.0,1640.0,0.0,0.0,624239.0,2000.0,940839.0,43620.0,10240.0,0.0,0.0,0.0,0.0,0.0
2026-02-21T14:00:00+01:00,11640.0,2890.0,0.0,12480.0,3360.0,0.0,0.0,15400.0,0.0,15800.0,8039.0,480.0,0.0,0.0,0.0,0.0,0.0,120.0,200.0,0.0,4640.0,3360.0,0.0,0.0,240.0,0.0,10.0,160.0,480.0,0.0,0.0,0.0,0.0,0.0,63760.0,6090.0,0.0,17120.0,3360.0,0.0,0.0,528679.0,0.0,614330.0,36309.0,480.0,0.0,0.0,0.0,0.0,0.0
2026-02-21T15:00:00+01:00,1840.0,1040.0,0.0,0.0,0.0,0.0,0.0,15640.0,0.0,15720.0,2960.0,240.0,0.0,0.0,0.0,0.0,0.0,200.0,1000.0,0.0,0.0,0.0,0.0,0.0,240.0,0.0,10.0,120.0,240.0,0.0,0.0,0.0,0.0,0.0,6960.0,2040.0,0.0,0.0,0.0,0.0,0.0,294559.0,0.0,443000.0,22040.0,240.0,0.0,0.0,0.0,0.0,0.0
2026-02-21T16:00:00+01:00,3320.0,4120.0,0.0,9080.0,1280.0,0.0,0.0,14840.0,0.0,15240.0,1400.0,3120.0,0.0,0.0,0.0,0.0,0.0,200.0,160.0,0.0,9080.0,1280.0,0.0,0.0,520.0,0.0,40.0,120.0,320.0,0.0,0.0,0.0,0.0,0.0,14200.0,9480.0,0.0,9080.0,1280.0,0.0,0.0,88880.0,0.0,259740.0,5400.0,6840.0,0.0,0.0,0.0,0.0,0.0
2026-02-21T17:00:00+01:00,6560.0,440.0,0.0,1680.0,1480.0,0.0,0.0,0.0,0.0,14880.0,14800.0,2440.0,0.0,0.0,0.0,0.0,0.0,160.0,120.0,0.0,1200.0,1480.0,0.0,0.0,0.0,0.0,80.0,160.0,200.0,0.0,0.0,0.0,0.0,0.0,31760.0,1240.0,0.0,2880.0,1480.0,0.0,0.0,0.0,0.0,276050.0,29850.0,6920.0,0.0,0.0,0.0,0.0,0.0
2026-02-21T18:00:00+01:00,8280.0,2920.0,6040.0,2160.0,11440.0,0.0,0.0,520.0,1640.0,15320.0,6360.0,4840.0,0.0,0.0,0.0,0.0,0.0,160.0,200.0,160.0,880.0,1640.0,0.0,0.0,520.0,140.0,20.0,40.0,160.0,0.0,0.0,0.0,0.0,0.0,85920.0,11040.0,50520.0,3040.0,18400.0,0.0,0.0,520.0,1780.0,483209.0,30240.0,30080.0,0.0,0.0,0.0,0.0,0.0
2026-02-21T19:00:00+01:00,12760.0,10640.0,4000.0,280.0,1720.0,0.0,0.0,0.0,0.0,15640.0,5440.0,160.0,0.0,0.0,0.0,0.0,0.0,160.0,200.0,880.0,40.0,240.0,0.0,0.0,0.0,0.0,40.0,240.0,160.0,0.0,0.0,0.0,0.0,0.0,56440.0,27960.0,5960.0,520.0,3320.0,0.0,0.0,0.0,0.0,904260.0,9600.0,160.0,0.0,0.0,0.0,0.0,0.0
2026-02-21T20:00:00+01:00,8530.0,12960.0,680.0,440.0,1680.0,0.0,0.0,0.0,200.0,15440.0,14320.0,0.0,0.0,0.0,0.0,0.0,0.0,160.0,40.0,160.0,30.0,800.0,0.0,0.0,0.0,200.0,40.0,4760.0,0.0,0.0,0.0,0.0,0.0,0.0,31020.0,79899.0,1320.0,470.0,6160.0,0.0,0.0,0.0,200.0,589690.0,19080.0,0.0,0.0,0.0,0.0,0.0,0.0
2026-02-21T21:00:00+01:00,7680.0,6120.0,0.0,1960.0,520.0,0.0,0.0,0.0,0.0,15560.0,1920.0,0.0,0.0,0.0,0.0,0.0,0.0,400.0,720.0,0.0,280.0,520.0,0.0,0.0,0.0,0.0,80.0,1920.0,0.0,0.0,0.0,0.0,0.0,0.0,27080.0,7600.0,0.0,3040.0,520.0,0.0,0.0,0.0,0.0,418829.0,1920.0,0.0,0.0,0.0,0.0,0.0,0.0
2026-02-21T22:00:00+01:00,8240.0,1440.0,0.0,0.0,760.0,0.0,0.0,14440.0,0.0,15520.0,0.0,80.0,0.0,0.0,0.0,0.0,0.0,120.0,80.0,0.0,0.0,760.0,0.0,0.0,240.0,0.0,40.0,0.0,80.0,0.0,0.0,0.0,0.0,0.0,15200.0,2080.0,0.0,0.0,760.0,0.0,0.0,182960.0,0.0,1317048.0,0.0,80.0,0.0,0.0,0.0,0.0,0.0
2026-02-21T23:00:00+01:00,10560.0,3360.0,0.0,0.0,0.0,0.0,0.0,14920.0,0.0,13960.0,0.0,0.0,0.0,0.0,0.0,0.0,0.0,120.0,1640.0,0.0,0.0,0.0,0.0,0.0,240.0,0.0,40.0,0.0,0.0,0.0,0.0,0.0,0.0,0.0,35620.0,5000.0,0.0,0.0,0.0,0.0,0.0,318640.0,0.0,545080.0,0.0,0.0,0.0,0.0,0.0,0.0,0.0
2026-02-22T00:00:00+01:00,12040.0,0.0,0.0,40.0,0.0,0.0,0.0,14440.0,0.0,6040.0,840.0,0.0,0.0,0.0,0.0,0.0,0.0,120.0,0.0,0.0,40.0,0.0,0.0,0.0,760.0,0.0,200.0,840.0,0.0,0.0,0.0,0.0,0.0,0.0,48520.0,0.0,0.0,40.0,0.0,0.0,0.0,183800.0,0.0,57920.0,840.0,0.0,0.0,0.0,0.0,0.0,0.0
2026-02-22T01:00:00+01:00,14120.0,880.0,0.0,0.0,0.0,0.0,0.0,15480.0,0.0,11240.0,0.0,0.0,0.0,0.0,0.0,0.0,0.0,160.0,880.0,0.0,0.0,0.0,0.0,0.0,240.0,0.0,120.0,0.0,0.0,0.0,0.0,0.0,0.0,0.0,170240.0,880.0,0.0,0.0,0.0,0.0,0.0,811960.0,0.0,347790.0,0.0,0.0,0.0,0.0,0.0,0.0,0.0
2026-02-22T02:00:00+01:00,13000.0,0.0,0.0,480.0,0.0,0.0,0.0,15320.0,0.0,15120.0,0.0,0.0,0.0,0.0,0.0,0.0,0.0,40.0,0.0,0.0,480.0,0.0,0.0,0.0,200.0,0.0,10.0,0.0,0.0,0.0,0.0,0.0,0.0,0.0,37150.0,0.0,0.0,480.0,0.0,0.0,0.0,299400.0,0.0,613970.0,0.0,0.0,0.0,0.0,0.0,0.0,0.0
2026-02-22T03:00:00+01:00,160.0,0.0,0.0,40.0,0.0,0.0,0.0,15440.0,0.0,14320.0,0.0,0.0,0.0,0.0,0.0,0.0,0.0,160.0,0.0,0.0,40.0,0.0,0.0,0.0,240.0,0.0,80.0,0.0,0.0,0.0,0.0,0.0,0.0,0.0,160.0,0.0,0.0,40.0,0.0,0.0,0.0,334959.0,0.0,834580.0,0.0,0.0,0.0,0.0,0.0,0.0,0.0
2026-02-22T04:00:00+01:00,11520.0,600.0,0.0,160.0,0.0,0.0,0.0,14240.0,0.0,14680.0,0.0,160.0,0.0,0.0,0.0,0.0,0.0,200.0,600.0,0.0,160.0,0.0,0.0,0.0,240.0,0.0,80.0,0.0,160.0,0.0,0.0,0.0,0.0,0.0,33480.0,600.0,0.0,160.0,0.0,0.0,0.0,355280.0,0.0,405680.0,0.0,160.0,0.0,0.0,0.0,0.0,0.0
2026-02-22T05:00:00+01:00,2440.0,80.0,0.0,840.0,0.0,0.0,0.0,13040.0,0.0,14760.0,0.0,0.0,0.0,0.0,0.0,0.0,0.0,2440.0,80.0,0.0,200.0,0.0,0.0,0.0,160.0,0.0,160.0,0.0,0.0,0.0,0.0,0.0,0.0,0.0,2440.0,80.0,0.0,2920.0,0.0,0.0,0.0,96230.0,0.0,429319.0,0.0,0.0,0.0,0.0,0.0,0.0,0.0
2026-02-22T06:00:00+01:00,880.0,360.0,0.0,4160.0,0.0,0.0,0.0,3040.0,0.0,13640.0,140.0,0.0,0.0,0.0,0.0,0.0,0.0,200.0,360.0,0.0,120.0,0.0,0.0,0.0,120.0,0.0,200.0,140.0,0.0,0.0,0.0,0.0,0.0,0.0,1080.0,360.0,0.0,47160.0,0.0,0.0,0.0,18200.0,0.0,105360.0,140.0,0.0,0.0,0.0,0.0,0.0,0.0
2026-02-22T07:00:00+01:00,9160.0,0.0,0.0,1320.0,0.0,0.0,0.0,5800.0,4040.0,11960.0,240.0,0.0,0.0,0.0,0.0,0.0,0.0,160.0,0.0,0.0,200.0,0.0,0.0,0.0,160.0,200.0,40.0,240.0,0.0,0.0,0.0,0.0,0.0,0.0,53720.0,0.0,0.0,3760.0,0.0,0.0,0.0,21680.0,45480.0,453758.0,240.0,0.0,0.0,0.0,0.0,0.0,0.0
2026-02-22T08:00:00+01:00,4120.0,840.0,0.0,13440.0,0.0,0.0,0.0,6720.0,2360.0,14240.0,0.0,160.0,0.0,0.0,0.0,8760.0,0.0,560.0,440.0,0.0,3720.0,0.0,0.0,0.0,120.0,120.0,120.0,0.0,160.0,0.0,0.0,0.0,8360.0,0.0,7280.0,1280.0,0.0,24320.0,0.0,0.0,0.0,6840.0,90160.0,298040.0,0.0,160.0,0.0,0.0,0.0,17120.0,0.0
2026-02-22T09:00:00+01:00,2080.0,0.0,0.0,0.0,0.0,0.0,0.0,0.0,3960.0,14240.0,13040.0,2840.0,0.0,0.0,0.0,0.0,0.0,160.0,0.0,0.0,0.0,0.0,0.0,0.0,0.0,320.0,80.0,240.0,1040.0,0.0,0.0,0.0,0.0,0.0,7000.0,0.0,0.0,0.0,0.0,0.0,0.0,0.0,49040.0,176370.0,25560.0,3880.0,0.0,0.0,0.0,0.0,0.0
2026-02-22T10:00:00+01:00,5800.0,0.0,0.0,0.0,0.0,0.0,0.0,0.0,2000.0,13960.0,1840.0,0.0,0.0,0.0,0.0,0.0,0.0,200.0,0.0,0.0,0.0,0.0,0.0,0.0,0.0,800.0,40.0,80.0,0.0,0.0,0.0,0.0,0.0,0.0,16320.0,0.0,0.0,0.0,0.0,0.0,0.0,0.0,8960.0,193520.0,3760.0,0.0,0.0,0.0,0.0,0.0,0.0
2026-02-22T11:00:00+01:00,2960.0,5880.0,0.0,720.0,0.0,0.0,0.0,0.0,1880.0,14120.0,960.0,0.0,0.0,0.0,0.0,0.0,0.0,160.0,160.0,0.0,720.0,0.0,0.0,0.0,0.0,160.0,40.0,160.0,0.0,0.0,0.0,0.0,0.0,0.0,9440.0,7720.0,0.0,720.0,0.0,0.0,0.0,0.0,5000.0,181610.0,2240.0,0.0,0.0,0.0,0.0,0.0,0.0
2026-02-22T12:00:00+01:00,8400.0,0.0,0.0,600.0,0.0,0.0,0.0,0.0,1120.0,15200.0,1080.0,2800.0,0.0,0.0,0.0,0.0,0.0,160.0,0.0,0.0,600.0,0.0,0.0,0.0,0.0,320.0,280.0,200.0,320.0,0.0,0.0,0.0,0.0,0.0,29800.0,0.0,0.0,600.0,0.0,0.0,0.0,0.0,2200.0,129920.0,3520.0,3120.0,0.0,0.0,0.0,0.0,0.0
2026-02-22T13:00:00+01:00,14280.0,160.0,0.0,0.0,0.0,0.0,0.0,0.0,1960.0,15440.0,9560.0,760.0,0.0,0.0,0.0,0.0,0.0,160.0,160.0,0.0,0.0,0.0,0.0,0.0,0.0,1800.0,40.0,8840.0,760.0,0.0,0.0,0.0,0.0,0.0,33320.0,160.0,0.0,0.0,0.0,0.0,0.0,0.0,3760.0,844739.0,18400.0,760.0,0.0,0.0,0.0,0.0,0.0
2026-02-22T14:00:00+01:00,13840.0,1800.0,0.0,4080.0,0.0,0.0,0.0,0.0,4000.0,15320.0,1960.0,320.0,0.0,0.0,0.0,0.0,0.0,160.0,1800.0,0.0,4080.0,0.0,0.0,0.0,0.0,120.0,40.0,320.0,320.0,0.0,0.0,0.0,0.0,0.0,155880.0,1800.0,0.0,4080.0,0.0,0.0,0.0,0.0,147920.0,611730.0,2280.0,320.0,0.0,0.0,0.0,0.0,0.0
2026-02-22T15:00:00+01:00,10040.0,3720.0,0.0,200.0,0.0,0.0,0.0,0.0,12000.0,13440.0,14000.0,1960.0,0.0,0.0,0.0,0.0,0.0,120.0,720.0,0.0,200.0,0.0,0.0,0.0,0.0,200.0,80.0,240.0,720.0,0.0,0.0,0.0,0.0,0.0,107960.0,10240.0,0.0,200.0,0.0,0.0,0.0,0.0,137800.0,525210.0,49160.0,3440.0,0.0,0.0,0.0,0.0,0.0
2026-02-22T16:00:00+01:00,11960.0,4760.0,0.0,2040.0,0.0,0.0,0.0,0.0,8039.0,14600.0,0.0,2320.0,0.0,0.0,0.0,0.0,840.0,120.0,400.0,0.0,320.0,0.0,0.0,0.0,0.0,120.0,40.0,0.0,720.0,0.0,0.0,0.0,0.0,840.0,105959.0,5160.0,0.0,4880.0,0.0,0.0,0.0,0.0,205239.0,374610.0,0.0,3040.0,0.0,0.0,0.0,0.0,840.0
2026-02-22T17:00:00+01:00,14240.0,3160.0,0.0,3520.0,0.0,0.0,0.0,0.0,2000.0,14600.0,2000.0,400.0,0.0,0.0,0.0,0.0,0.0,160.0,3160.0,0.0,360.0,0.0,0.0,0.0,0.0,600.0,40.0,240.0,400.0,0.0,0.0,0.0,0.0,0.0,280199.0,3160.0,0.0,9320.0,0.0,0.0,0.0,0.0,3760.0,257289.0,12680.0,400.0,0.0,0.0,0.0,0.0,0.0
2026-02-22T18:00:00+01:00,11760.0,15200.0,1680.0,0.0,440.0,0.0,0.0,0.0,0.0,14000.0,3960.0,0.0,0.0,0.0,0.0,0.0,0.0,40.0,280.0,1680.0,0.0,240.0,0.0,0.0,0.0,0.0,120.0,160.0,0.0,0.0,0.0,0.0,0.0,0.0,106580.0,36960.0,1680.0,0.0,1040.0,0.0,0.0,0.0,0.0,294649.0,7680.0,0.0,0.0,0.0,0.0,0.0,0.0
2026-02-22T19:00:00+01:00,13640.0,1200.0,0.0,4800.0,0.0,0.0,0.0,0.0,0.0,15040.0,0.0,0.0,0.0,0.0,0.0,0.0,0.0,160.0,200.0,0.0,40.0,0.0,0.0,0.0,0.0,0.0,160.0,0.0,0.0,0.0,0.0,0.0,0.0,0.0,145680.0,1400.0,0.0,9480.0,0.0,0.0,0.0,0.0,0.0,1126449.0,0.0,0.0,0.0,0.0,0.0,0.0,0.0
2026-02-22T20:00:00+01:00,9040.0,0.0,0.0,3320.0,0.0,0.0,0.0,0.0,240.0,13760.0,0.0,0.0,0.0,0.0,0.0,0.0,0.0,160.0,0.0,0.0,1720.0,0.0,0.0,0.0,0.0,240.0,160.0,0.0,0.0,0.0,0.0,0.0,0.0,0.0,37160.0,0.0,0.0,7320.0,0.0,0.0,0.0,0.0,240.0,210049.0,0.0,0.0,0.0,0.0,0.0,0.0,0.0
2026-02-22T21:00:00+01:00,8000.0,0.0,0.0,0.0,0.0,0.0,0.0,0.0,0.0,14040.0,840.0,0.0,0.0,0.0,0.0,0.0,0.0,240.0,0.0,0.0,0.0,0.0,0.0,0.0,0.0,0.0,280.0,400.0,0.0,0.0,0.0,0.0,0.0,0.0,35880.0,0.0,0.0,0.0,0.0,0.0,0.0,0.0,0.0,378810.0,1240.0,0.0,0.0,0.0,0.0,0.0,0.0
2026-02-22T22:00:00+01:00,2000.0,0.0,0.0,0.0,0.0,0.0,0.0,0.0,0.0,13960.0,0.0,0.0,0.0,0.0,0.0,0.0,0.0,120.0,0.0,0.0,0.0,0.0,0.0,0.0,0.0,0.0,280.0,0.0,0.0,0.0,0.0,0.0,0.0,0.0,26720.0,0.0,0.0,0.0,0.0,0.0,0.0,0.0,0.0,160499.0,0.0,0.0,0.0,0.0,0.0,0.0,0.0
2026-02-22T23:00:00+01:00,3440.0,0.0,0.0,0.0,0.0,0.0,0.0,0.0,0.0,10000.0,0.0,0.0,0.0,0.0,0.0,0.0,0.0,120.0,0.0,0.0,0.0,0.0,0.0,0.0,0.0,0.0,3960.0,0.0,0.0,0.0,0.0,0.0,0.0,0.0,61440.0,0.0,0.0,0.0,0.0,0.0,0.0,0.0,0.0,27920.0,0.0,0.0,0.0,0.0,0.0,0.0,0.0
2026-02-23T00:00:00+01:00,2040.0,0.0,0.0,0.0,0.0,0.0,0.0,0.0,0.0,12000.0,0.0,2000.0,0.0,0.0,0.0,0.0,0.0,160.0,0.0,0.0,0.0,0.0,0.0,0.0,0.0,0.0,840.0,0.0,2000.0,0.0,0.0,0.0,0.0,0.0,37640.0,0.0,0.0,0.0,0.0,0.0,0.0,0.0,0.0,199820.0,0.0,2000.0,0.0,0.0,0.0,0.0,0.0
2026-02-23T01:00:00+01:00,2000.0,1960.0,0.0,0.0,0.0,0.0,0.0,0.0,3600.0,14600.0,640.0,1680.0,0.0,0.0,0.0,0.0,0.0,160.0,1960.0,0.0,0.0,0.0,0.0,0.0,0.0,3600.0,760.0,640.0,1320.0,0.0,0.0,0.0,0.0,0.0,22040.0,1960.0,0.0,0.0,0.0,0.0,0.0,0.0,3600.0,340400.0,640.0,4520.0,0.0,0.0,0.0,0.0,0.0
2026-02-23T02:00:00+01:00,2000.0,2000.0,0.0,0.0,0.0,0.0,0.0,0.0,0.0,14000.0,0.0,2280.0,0.0,0.0,0.0,0.0,0.0,720.0,160.0,0.0,0.0,0.0,0.0,0.0,0.0,0.0,160.0,0.0,720.0,0.0,0.0,0.0,0.0,0.0,11680.0,4600.0,0.0,0.0,0.0,0.0,0.0,0.0,0.0,335680.0,0.0,10240.0,0.0,0.0,0.0,0.0,0.0
2026-02-23T03:00:00+01:00,2000.0,14560.0,0.0,0.0,0.0,0.0,0.0,0.0,0.0,1400.0,0.0,1400.0,0.0,0.0,0.0,0.0,0.0,120.0,200.0,0.0,0.0,0.0,0.0,0.0,0.0,0.0,920.0,0.0,200.0,0.0,0.0,0.0,0.0,0.0,21280.0,17120.0,0.0,0.0,0.0,0.0,0.0,0.0,0.0,2320.0,0.0,2080.0,0.0,0.0,0.0,0.0,0.0
2026-02-23T04:00:00+01:00,2000.0,2040.0,0.0,0.0,0.0,0.0,0.0,0.0,0.0,0.0,0.0,1800.0,0.0,0.0,0.0,0.0,0.0,280.0,560.0,0.0,0.0,0.0,0.0,0.0,0.0,0.0,0.0,0.0,1120.0,0.0,0.0,0.0,0.0,0.0,14840.0,14360.0,0.0,0.0,0.0,0.0,0.0,0.0,0.0,0.0,0.0,2920.0,0.0,0.0,0.0,0.0,0.0
2026-02-23T05:00:00+01:00,3040.0,2000.0,0.0,0.0,0.0,0.0,0.0,0.0,0.0,6000.0,0.0,1600.0,0.0,0.0,0.0,0.0,0.0,200.0,200.0,0.0,0.0,0.0,0.0,0.0,0.0,0.0,240.0,0.0,160.0,0.0,0.0,0.0,0.0,0.0,50680.0,17040.0,0.0,0.0,0.0,0.0,0.0,0.0,0.0,72240.0,0.0,5280.0,0.0,0.0,0.0,0.0,0.0
2026-02-23T06:00:00+01:00,12000.0,7480.0,0.0,1600.0,0.0,0.0,0.0,0.0,0.0,14760.0,0.0,1040.0,0.0,0.0,0.0,840.0,0.0,160.0,200.0,0.0,1600.0,0.0,0.0,0.0,0.0,0.0,40.0,0.0,560.0,0.0,0.0,0.0,840.0,0.0,282520.0,9720.0,0.0,1600.0,0.0,0.0,0.0,0.0,0.0,228660.0,0.0,1600.0,0.0,0.0,0.0,840.0,0.0
2026-02-23T07:00:00+01:00,14000.0,4080.0,0.0,4640.0,3400.0,0.0,0.0,6580.0,15040.0,14000.0,2120.0,5120.0,0.0,0.0,0.0,7360.0,0.0,160.0,280.0,0.0,280.0,3400.0,0.0,0.0,6580.0,160.0,10.0,200.0,120.0,0.0,0.0,0.0,6200.0,0.0,845360.0,8480.0,0.0,14360.0,3400.0,0.0,0.0,6580.0,880120.0,464269.0,16880.0,15600.0,0.0,0.0,0.0,13560.0,0.0
2026-02-23T08:00:00+01:00,14960.0,5960.0,0.0,1040.0,1670.0,0.0,0.0,0.0,14680.0,13640.0,1960.0,0.0,0.0,0.0,0.0,3200.0,0.0,160.0,10.0,0.0,160.0,1670.0,0.0,0.0,0.0,160.0,80.0,320.0,0.0,0.0,0.0,0.0,920.0,0.0,442280.0,14090.0,0.0,2040.0,1670.0,0.0,0.0,0.0,838039.0,185820.0,4680.0,0.0,0.0,0.0,0.0,4120.0,0.0
2026-02-23T09:00:00+01:00,14480.0,1200.0,0.0,1080.0,0.0,0.0,0.0,10480.0,14000.0,14680.0,680.0,2000.0,0.0,0.0,0.0,10080.0,0.0,160.0,400.0,0.0,480.0,0.0,0.0,0.0,240.0,160.0,40.0,120.0,2000.0,0.0,0.0,0.0,1640.0,0.0,554440.0,2360.0,0.0,2480.0,0.0,0.0,0.0,55040.0,501800.0,242240.0,2520.0,2000.0,0.0,0.0,0.0,11720.0,0.0
2026-02-23T10:00:00+01:00,14440.0,760.0,0.0,0.0,0.0,0.0,0.0,8240.0,14000.0,14520.0,3880.0,2000.0,0.0,0.0,0.0,6760.0,0.0,160.0,680.0,0.0,0.0,0.0,0.0,0.0,1080.0,120.0,10.0,160.0,480.0,0.0,0.0,0.0,2200.0,0.0,514030.0,1440.0,0.0,0.0,0.0,0.0,0.0,18080.0,205840.0,248320.0,15960.0,7680.0,0.0,0.0,0.0,8960.0,0.0
2026-02-23T11:00:00+01:00,12920.0,10960.0,0.0,3240.0,0.0,0.0,0.0,9520.0,12600.0,14800.0,13440.0,930.0,0.0,0.0,0.0,0.0,320.0,120.0,400.0,0.0,3240.0,0.0,0.0,0.0,240.0,80.0,40.0,160.0,440.0,0.0,0.0,0.0,0.0,320.0,337320.0,11360.0,0.0,3240.0,0.0,0.0,0.0,19880.0,106280.0,400670.0,56240.0,1930.0,0.0,0.0,0.0,0.0,320.0
2026-02-23T12:00:00+01:00,13560.0,10120.0,0.0,0.0,0.0,0.0,0.0,0.0,14000.0,14760.0,2960.0,5580.0,0.0,0.0,0.0,2440.0,8720.0,160.0,2520.0,0.0,0.0,0.0,0.0,0.0,0.0,320.0,0.0,120.0,200.0,0.0,0.0,0.0,1170.0,8160.0,524439.0,21160.0,0.0,0.0,0.0,0.0,0.0,0.0,597759.0,502660.0,25200.0,15280.0,0.0,0.0,0.0,3610.0,16880.0
2026-02-23T13:00:00+01:00,14800.0,1920.0,0.0,0.0,0.0,0.0,0.0,5960.0,14000.0,14680.0,10640.0,5140.0,0.0,0.0,0.0,4880.0,0.0,120.0,80.0,0.0,0.0,0.0,0.0,0.0,3440.0,120.0,40.0,280.0,920.0,0.0,0.0,0.0,4880.0,0.0,812640.0,3730.0,0.0,0.0,0.0,0.0,0.0,13360.0,722200.0,832350.0,17840.0,13350.0,0.0,0.0,0.0,4880.0,0.0
2026-02-23T14:00:00+01:00,14680.0,11080.0,0.0,0.0,0.0,0.0,0.0,5320.0,14720.0,14680.0,11680.0,160.0,0.0,0.0,0.0,1720.0,0.0,160.0,200.0,0.0,0.0,0.0,0.0,0.0,760.0,160.0,40.0,160.0,160.0,0.0,0.0,0.0,320.0,0.0,1269480.0,42000.0,0.0,0.0,0.0,0.0,0.0,6080.0,662360.0,745169.0,25920.0,160.0,0.0,0.0,0.0,2040.0,0.0
2026-02-23T15:00:00+01:00,14840.0,0.0,0.0,0.0,0.0,0.0,0.0,3680.0,14560.0,14080.0,1080.0,5370.0,0.0,0.0,0.0,0.0,0.0,120.0,0.0,0.0,0.0,0.0,0.0,0.0,520.0,160.0,10.0,320.0,5370.0,0.0,0.0,0.0,0.0,0.0,814160.0,0.0,0.0,0.0,0.0,0.0,0.0,4200.0,456640.0,406680.0,2200.0,5370.0,0.0,0.0,0.0,0.0,0.0
2026-02-23T16:00:00+01:00,14680.0,5920.0,0.0,0.0,0.0,0.0,0.0,12920.0,14560.0,14080.0,2040.0,0.0,0.0,0.0,0.0,560.0,0.0,160.0,280.0,0.0,0.0,0.0,0.0,0.0,240.0,160.0,40.0,240.0,0.0,0.0,0.0,0.0,560.0,0.0,464080.0,18960.0,0.0,0.0,0.0,0.0,0.0,131320.0,481600.0,359799.0,5280.0,0.0,0.0,0.0,0.0,560.0,0.0
2026-02-23T17:00:00+01:00,12120.0,520.0,0.0,320.0,0.0,0.0,0.0,0.0,12160.0,14800.0,3000.0,0.0,0.0,0.0,0.0,0.0,0.0,120.0,520.0,0.0,320.0,0.0,0.0,0.0,0.0,760.0,40.0,200.0,0.0,0.0,0.0,0.0,0.0,0.0,188240.0,520.0,0.0,320.0,0.0,0.0,0.0,0.0,186000.0,246230.0,5720.0,0.0,0.0,0.0,0.0,0.0,0.0
2026-02-23T18:00:00+01:00,14040.0,880.0,0.0,3480.0,0.0,0.0,0.0,200.0,2040.0,14320.0,3000.0,0.0,0.0,0.0,0.0,0.0,0.0,120.0,200.0,0.0,70.0,0.0,0.0,0.0,200.0,640.0,40.0,240.0,0.0,0.0,0.0,0.0,0.0,0.0,565519.0,1640.0,0.0,7790.0,0.0,0.0,0.0,200.0,2680.0,253270.0,4000.0,0.0,0.0,0.0,0.0,0.0,0.0
2026-02-23T19:00:00+01:00,14040.0,2520.0,0.0,0.0,1040.0,0.0,0.0,0.0,80.0,13400.0,0.0,0.0,0.0,0.0,0.0,0.0,0.0,160.0,160.0,0.0,0.0,360.0,0.0,0.0,0.0,80.0,120.0,0.0,0.0,0.0,0.0,0.0,0.0,0.0,1435733.0,2920.0,0.0,0.0,1400.0,0.0,0.0,0.0,80.0,478110.0,0.0,0.0,0.0,0.0,0.0,0.0,0.0
2026-02-23T20:00:00+01:00,14240.0,1520.0,0.0,0.0,0.0,0.0,0.0,0.0,0.0,14080.0,0.0,880.0,0.0,0.0,0.0,0.0,0.0,160.0,240.0,0.0,0.0,0.0,0.0,0.0,0.0,0.0,120.0,0.0,880.0,0.0,0.0,0.0,0.0,0.0,532969.0,1760.0,0.0,0.0,0.0,0.0,0.0,0.0,0.0,361350.0,0.0,880.0,0.0,0.0,0.0,0.0,0.0
2026-02-23T21:00:00+01:00,12760.0,400.0,0.0,0.0,0.0,0.0,0.0,0.0,0.0,11560.0,0.0,0.0,0.0,0.0,0.0,0.0,0.0,160.0,400.0,0.0,0.0,0.0,0.0,0.0,0.0,0.0,160.0,0.0,0.0,0.0,0.0,0.0,0.0,0.0,481880.0,400.0,0.0,0.0,0.0,0.0,0.0,0.0,0.0,288710.0,0.0,0.0,0.0,0.0,0.0,0.0,0.0
2026-02-23T22:00:00+01:00,14000.0,0.0,0.0,0.0,0.0,0.0,0.0,1440.0,0.0,11800.0,0.0,0.0,0.0,0.0,0.0,0.0,0.0,40.0,0.0,0.0,0.0,0.0,0.0,0.0,120.0,0.0,120.0,0.0,0.0,0.0,0.0,0.0,0.0,0.0,677519.0,0.0,0.0,0.0,0.0,0.0,0.0,3640.0,0.0,186490.0,0.0,0.0,0.0,0.0,0.0,0.0,0.0
2026-02-23T23:00:00+01:00,14040.0,0.0,0.0,0.0,0.0,0.0,0.0,0.0,0.0,2000.0,0.0,0.0,0.0,0.0,0.0,0.0,0.0,200.0,0.0,0.0,0.0,0.0,0.0,0.0,0.0,0.0,160.0,0.0,0.0,0.0,0.0,0.0,0.0,0.0,596200.0,0.0,0.0,0.0,0.0,0.0,0.0,0.0,0.0,4160.0,0.0,0.0,0.0,0.0,0.0,0.0,0.0
2026-02-24T00:00:00+01:00,14680.0,0.0,0.0,520.0,0.0,0.0,0.0,360.0,0.0,3960.0,0.0,0.0,0.0,0.0,0.0,0.0,0.0,120.0,0.0,0.0,240.0,0.0,0.0,0.0,360.0,0.0,40.0,0.0,0.0,0.0,0.0,0.0,0.0,0.0,910080.0,0.0,0.0,760.0,0.0,0.0,0.0,360.0,0.0,11960.0,0.0,0.0,0.0,0.0,0.0,0.0,0.0
2026-02-24T01:00:00+01:00,12000.0,0.0,0.0,0.0,0.0,0.0,0.0,0.0,0.0,1520.0,0.0,0.0,0.0,0.0,0.0,0.0,0.0,120.0,0.0,0.0,0.0,0.0,0.0,0.0,0.0,0.0,520.0,0.0,0.0,0.0,0.0,0.0,0.0,0.0,1397160.0,0.0,0.0,0.0,0.0,0.0,0.0,0.0,0.0,4960.0,0.0,0.0,0.0,0.0,0.0,0.0,0.0
2026-02-24T02:00:00+01:00,14560.0,0.0,0.0,0.0,280.0,0.0,0.0,800.0,0.0,10360.0,0.0,0.0,0.0,0.0,0.0,0.0,0.0,160.0,0.0,0.0,0.0,280.0,0.0,0.0,800.0,0.0,160.0,0.0,0.0,0.0,0.0,0.0,0.0,0.0,1245040.0,0.0,0.0,0.0,280.0,0.0,0.0,1600.0,0.0,287280.0,0.0,0.0,0.0,0.0,0.0,0.0,0.0
2026-02-24T03:00:00+01:00,8000.0,0.0,0.0,0.0,320.0,0.0,0.0,160.0,0.0,9920.0,0.0,0.0,0.0,0.0,0.0,0.0,0.0,160.0,0.0,0.0,0.0,320.0,0.0,0.0,160.0,0.0,160.0,0.0,0.0,0.0,0.0,0.0,0.0,0.0,513600.0,0.0,0.0,0.0,320.0,0.0,0.0,160.0,0.0,294760.0,0.0,0.0,0.0,0.0,0.0,0.0,0.0
2026-02-24T04:00:00+01:00,10040.0,1840.0,0.0,0.0,0.0,0.0,0.0,3320.0,0.0,9800.0,0.0,0.0,0.0,0.0,5120.0,0.0,320.0,80.0,440.0,0.0,0.0,0.0,0.0,0.0,160.0,0.0,120.0,0.0,0.0,0.0,0.0,840.0,0.0,320.0,339356.0,2280.0,0.0,0.0,0.0,0.0,0.0,4680.0,0.0,195800.0,0.0,0.0,0.0,0.0,9520.0,0.0,320.0
2026-02-24T05:00:00+01:00,14000.0,520.0,0.0,0.0,1600.0,0.0,0.0,240.0,0.0,11880.0,0.0,360.0,0.0,0.0,5520.0,0.0,0.0,200.0,520.0,0.0,0.0,280.0,0.0,0.0,240.0,0.0,120.0,0.0,360.0,0.0,0.0,280.0,0.0,0.0,403320.0,520.0,0.0,0.0,1880.0,0.0,0.0,240.0,0.0,164560.0,0.0,360.0,0.0,0.0,21760.0,0.0,0.0
2026-02-24T06:00:00+01:00,12160.0,1560.0,0.0,2000.0,0.0,0.0,0.0,7400.0,0.0,14200.0,1000.0,0.0,0.0,0.0,0.0,0.0,0.0,120.0,440.0,0.0,520.0,0.0,0.0,0.0,120.0,0.0,40.0,1000.0,0.0,0.0,0.0,0.0,0.0,0.0,161840.0,2000.0,0.0,7920.0,0.0,0.0,0.0,40600.0,0.0,317690.0,1000.0,0.0,0.0,0.0,0.0,0.0,0.0
2026-02-24T07:00:00+01:00,8039.0,640.0,0.0,680.0,0.0,0.0,0.0,9120.0,5320.0,14240.0,2240.0,0.0,0.0,0.0,0.0,0.0,0.0,120.0,640.0,0.0,680.0,0.0,0.0,0.0,1560.0,240.0,30.0,240.0,0.0,0.0,0.0,0.0,0.0,0.0,310999.0,640.0,0.0,680.0,0.0,0.0,0.0,15200.0,62000.0,212750.0,2480.0,0.0,0.0,0.0,0.0,0.0,0.0
2026-02-24T08:00:00+01:00,8240.0,160.0,0.0,0.0,0.0,0.0,0.0,11920.0,1840.0,13240.0,6720.0,240.0,0.0,0.0,0.0,850.0,0.0,120.0,160.0,0.0,0.0,0.0,0.0,0.0,680.0,240.0,40.0,160.0,240.0,0.0,0.0,0.0,850.0,0.0,196600.0,160.0,0.0,0.0,0.0,0.0,0.0,41440.0,4720.0,139320.0,8040.0,240.0,0.0,0.0,0.0,850.0,0.0
2026-02-24T09:00:00+01:00,13840.0,0.0,0.0,0.0,0.0,0.0,0.0,80.0,2000.0,13360.0,1000.0,0.0,0.0,0.0,0.0,2440.0,0.0,160.0,0.0,0.0,0.0,0.0,0.0,0.0,80.0,200.0,10.0,160.0,0.0,0.0,0.0,0.0,360.0,0.0,526800.0,0.0,0.0,0.0,0.0,0.0,0.0,80.0,3480.0,220100.0,2320.0,0.0,0.0,0.0,0.0,2800.0,0.0
2026-02-24T10:00:00+01:00,5880.0,0.0,0.0,0.0,0.0,0.0,0.0,1120.0,7960.0,14680.0,1960.0,0.0,0.0,0.0,0.0,0.0,0.0,160.0,0.0,0.0,0.0,0.0,0.0,0.0,1120.0,200.0,10.0,200.0,0.0,0.0,0.0,0.0,0.0,0.0,83600.0,0.0,0.0,0.0,0.0,0.0,0.0,1120.0,95120.0,186210.0,8520.0,0.0,0.0,0.0,0.0,0.0,0.0
2026-02-24T11:00:00+01:00,5320.0,0.0,0.0,160.0,440.0,0.0,0.0,360.0,11960.0,14120.0,1720.0,0.0,0.0,0.0,0.0,120.0,0.0,160.0,0.0,0.0,160.0,440.0,0.0,0.0,360.0,160.0,0.0,120.0,0.0,0.0,0.0,0.0,120.0,0.0,26840.0,0.0,0.0,160.0,440.0,0.0,0.0,360.0,250760.0,243620.0,10440.0,0.0,0.0,0.0,0.0,240.0,0.0
2026-02-24T12:00:00+01:00,3960.0,0.0,0.0,0.0,0.0,0.0,0.0,2000.0,12000.0,14560.0,2040.0,0.0,0.0,0.0,0.0,0.0,0.0,200.0,0.0,0.0,0.0,0.0,0.0,0.0,2000.0,120.0,20.0,240.0,0.0,0.0,0.0,0.0,0.0,0.0,44560.0,0.0,0.0,0.0,0.0,0.0,0.0,2000.0,408920.0,326950.0,13240.0,0.0,0.0,0.0,0.0,0.0,0.0
2026-02-24T13:00:00+01:00,6480.0,8680.0,0.0,4280.0,0.0,0.0,0.0,14560.0,14040.0,14600.0,13600.0,1840.0,0.0,0.0,0.0,3560.0,0.0,160.0,8680.0,0.0,3920.0,0.0,0.0,0.0,640.0,120.0,30.0,320.0,1840.0,0.0,0.0,0.0,280.0,0.0,55680.0,8680.0,0.0,8200.0,0.0,0.0,0.0,139359.0,688160.0,900549.0,97160.0,1840.0,0.0,0.0,0.0,8320.0,0.0
2026-02-24T14:00:00+01:00,5600.0,9960.0,0.0,0.0,0.0,0.0,0.0,14120.0,12040.0,14400.0,14200.0,5680.0,0.0,0.0,0.0,1040.0,0.0,280.0,360.0,0.0,0.0,0.0,0.0,0.0,240.0,120.0,40.0,320.0,320.0,0.0,0.0,0.0,1040.0,0.0,23840.0,20880.0,0.0,0.0,0.0,0.0,0.0,430079.0,477439.0,519949.0,78720.0,6720.0,0.0,0.0,0.0,1040.0,0.0
2026-02-24T15:00:00+01:00,3000.0,7520.0,0.0,0.0,0.0,0.0,0.0,13920.0,8440.0,14480.0,10200.0,6440.0,0.0,0.0,0.0,0.0,0.0,160.0,160.0,0.0,0.0,0.0,0.0,0.0,520.0,160.0,10.0,200.0,1120.0,0.0,0.0,0.0,0.0,0.0,11200.0,18240.0,0.0,0.0,0.0,0.0,0.0,428880.0,200600.0,676209.0,39900.0,7560.0,0.0,0.0,0.0,0.0,0.0
2026-02-24T16:00:00+01:00,5960.0,11480.0,0.0,0.0,0.0,0.0,0.0,11360.0,13680.0,14200.0,1160.0,440.0,0.0,0.0,0.0,2560.0,0.0,200.0,160.0,0.0,0.0,0.0,0.0,0.0,240.0,160.0,100.0,160.0,440.0,0.0,0.0,0.0,2560.0,0.0,11920.0,21720.0,0.0,0.0,0.0,0.0,0.0,191958.0,135720.0,708098.0,2600.0,440.0,0.0,0.0,0.0,2560.0,0.0
2026-02-24T17:00:00+01:00,4320.0,5080.0,0.0,0.0,0.0,0.0,0.0,12840.0,4640.0,14400.0,7000.0,4130.0,0.0,0.0,0.0,5440.0,0.0,160.0,40.0,0.0,0.0,0.0,0.0,0.0,840.0,120.0,120.0,160.0,4130.0,0.0,0.0,0.0,1000.0,0.0,17040.0,24100.0,0.0,0.0,0.0,0.0,0.0,28640.0,69680.0,297740.0,13920.0,4130.0,0.0,0.0,0.0,6440.0,0.0
2026-02-24T18:00:00+01:00,14160.0,11320.0,1880.0,8840.0,0.0,0.0,0.0,360.0,720.0,14530.0,5720.0,0.0,0.0,0.0,0.0,0.0,0.0,80.0,560.0,280.0,280.0,0.0,0.0,0.0,360.0,720.0,10.0,240.0,0.0,0.0,0.0,0.0,0.0,0.0,712597.0,48560.0,2160.0,62870.0,0.0,0.0,0.0,360.0,720.0,574000.0,15480.0,0.0,0.0,0.0,0.0,0.0,0.0
2026-02-24T19:00:00+01:00,14440.0,12040.0,0.0,3840.0,0.0,0.0,0.0,0.0,4240.0,14440.0,10640.0,0.0,0.0,0.0,0.0,0.0,0.0,120.0,760.0,0.0,160.0,0.0,0.0,0.0,0.0,480.0,40.0,4880.0,0.0,0.0,0.0,0.0,0.0,0.0,1032718.0,37230.0,0.0,51349.0,0.0,0.0,0.0,0.0,8000.0,1281217.0,15520.0,0.0,0.0,0.0,0.0,0.0,0.0
2026-02-24T20:00:00+01:00,13640.0,5720.0,0.0,8720.0,0.0,0.0,0.0,5960.0,6360.0,14440.0,1200.0,0.0,0.0,0.0,0.0,0.0,0.0,120.0,520.0,0.0,120.0,0.0,0.0,0.0,160.0,2760.0,30.0,600.0,0.0,0.0,0.0,0.0,0.0,0.0,90400.0,28960.0,0.0,387049.0,0.0,0.0,0.0,28480.0,13000.0,2104010.0,1800.0,0.0,0.0,0.0,0.0,0.0,0.0
2026-02-24T21:00:00+01:00,14000.0,14120.0,0.0,4000.0,0.0,0.0,0.0,4000.0,3240.0,14000.0,0.0,0.0,0.0,0.0,0.0,0.0,0.0,160.0,240.0,0.0,120.0,0.0,0.0,0.0,160.0,3240.0,40.0,0.0,0.0,0.0,0.0,0.0,0.0,0.0,174200.0,31700.0,0.0,110530.0,0.0,0.0,0.0,24560.0,3240.0,285769.0,0.0,0.0,0.0,0.0,0.0,0.0,0.0
2026-02-24T22:00:00+01:00,14120.0,3720.0,0.0,4000.0,0.0,0.0,0.0,3800.0,0.0,11160.0,0.0,0.0,0.0,0.0,0.0,0.0,0.0,160.0,320.0,0.0,160.0,0.0,0.0,0.0,200.0,0.0,120.0,0.0,0.0,0.0,0.0,0.0,0.0,0.0,126200.0,12480.0,0.0,51560.0,0.0,0.0,0.0,20040.0,0.0,78160.0,0.0,0.0,0.0,0.0,0.0,0.0,0.0
2026-02-24T23:00:00+01:00,13160.0,3040.0,0.0,6000.0,280.0,0.0,0.0,14160.0,0.0,12320.0,0.0,0.0,0.0,0.0,0.0,0.0,0.0,40.0,2000.0,0.0,160.0,280.0,0.0,0.0,160.0,0.0,160.0,0.0,0.0,0.0,0.0,0.0,0.0,0.0,156680.0,5040.0,0.0,158200.0,280.0,0.0,0.0,702599.0,0.0,450680.0,0.0,0.0,0.0,0.0,0.0,0.0,0.0
2026-02-25T00:00:00+01:00,14440.0,4760.0,0.0,4040.0,0.0,0.0,0.0,5880.0,0.0,12600.0,0.0,0.0,0.0,0.0,0.0,0.0,0.0,40.0,320.0,0.0,160.0,0.0,0.0,0.0,160.0,0.0,160.0,0.0,0.0,0.0,0.0,0.0,0.0,0.0,276760.0,7480.0,0.0,127440.0,0.0,0.0,0.0,171680.0,0.0,605518.0,0.0,0.0,0.0,0.0,0.0,0.0,0.0
2026-02-25T01:00:00+01:00,12320.0,4160.0,0.0,10000.0,0.0,0.0,0.0,2000.0,0.0,11240.0,0.0,0.0,0.0,0.0,0.0,0.0,0.0,120.0,840.0,0.0,160.0,0.0,0.0,0.0,120.0,0.0,120.0,0.0,0.0,0.0,0.0,0.0,0.0,0.0,330800.0,9760.0,0.0,198840.0,0.0,0.0,0.0,38480.0,0.0,401600.0,0.0,0.0,0.0,0.0,0.0,0.0,0.0
2026-02-25T02:00:00+01:00,7240.0,3400.0,0.0,2000.0,0.0,0.0,0.0,4800.0,0.0,14400.0,0.0,0.0,0.0,0.0,0.0,0.0,0.0,80.0,160.0,0.0,240.0,0.0,0.0,0.0,200.0,0.0,120.0,0.0,0.0,0.0,0.0,0.0,0.0,0.0,329720.0,18720.0,0.0,18200.0,0.0,0.0,0.0,21280.0,0.0,417920.0,0.0,0.0,0.0,0.0,0.0,0.0,0.0
2026-02-25T03:00:00+01:00,6600.0,4840.0,0.0,1640.0,0.0,0.0,0.0,1280.0,1160.0,14240.0,0.0,1440.0,0.0,0.0,0.0,0.0,0.0,120.0,200.0,0.0,280.0,0.0,0.0,0.0,200.0,1160.0,200.0,0.0,360.0,0.0,0.0,0.0,0.0,0.0,135680.0,28360.0,0.0,2720.0,0.0,0.0,0.0,2480.0,1160.0,341720.0,0.0,2720.0,0.0,0.0,0.0,0.0,0.0
2026-02-25T04:00:00+01:00,4480.0,3320.0,0.0,0.0,0.0,0.0,0.0,400.0,0.0,14000.0,0.0,440.0,0.0,0.0,0.0,0.0,0.0,200.0,640.0,0.0,0.0,0.0,0.0,0.0,400.0,0.0,160.0,0.0,320.0,0.0,0.0,0.0,0.0,0.0,64680.0,5960.0,0.0,0.0,0.0,0.0,0.0,400.0,0.0,125719.0,0.0,760.0,0.0,0.0,0.0,0.0,0.0
2026-02-25T05:00:00+01:00,10000.0,0.0,0.0,0.0,0.0,0.0,0.0,0.0,0.0,14160.0,0.0,200.0,0.0,0.0,0.0,0.0,0.0,120.0,0.0,0.0,0.0,0.0,0.0,0.0,0.0,0.0,160.0,0.0,160.0,0.0,0.0,0.0,0.0,0.0,439340.0,0.0,0.0,0.0,0.0,0.0,0.0,0.0,0.0,112200.0,0.0,360.0,0.0,0.0,0.0,0.0,0.0
2026-02-25T06:00:00+01:00,12440.0,1840.0,2000.0,2000.0,11480.0,0.0,0.0,3640.0,0.0,13280.0,2360.0,440.0,0.0,0.0,0.0,0.0,0.0,80.0,1840.0,2000.0,240.0,240.0,0.0,0.0,160.0,0.0,40.0,640.0,440.0,0.0,0.0,0.0,0.0,0.0,288600.0,1840.0,4000.0,8120.0,99880.0,0.0,0.0,16840.0,0.0,309890.0,4960.0,440.0,0.0,0.0,0.0,0.0,0.0
2026-02-25T07:00:00+01:00,13520.0,3040.0,0.0,2640.0,4480.0,0.0,0.0,0.0,9680.0,12800.0,4720.0,2800.0,0.0,0.0,0.0,0.0,9400.0,160.0,240.0,0.0,200.0,240.0,0.0,0.0,0.0,160.0,80.0,160.0,720.0,0.0,0.0,0.0,0.0,1320.0,477920.0,7390.0,0.0,20520.0,12480.0,0.0,0.0,0.0,628520.0,257610.0,5280.0,4800.0,0.0,0.0,0.0,0.0,22999.0
2026-02-25T08:00:00+01:00,10000.0,480.0,0.0,12840.0,2040.0,0.0,0.0,1360.0,6000.0,14280.0,2760.0,720.0,0.0,0.0,0.0,3360.0,12320.0,120.0,80.0,0.0,240.0,200.0,0.0,0.0,1360.0,160.0,80.0,200.0,720.0,0.0,0.0,0.0,3360.0,2440.0,157640.0,560.0,0.0,20000.0,8840.0,0.0,0.0,1360.0,151500.0,405509.0,10920.0,720.0,0.0,0.0,0.0,3360.0,14760.0
2026-02-25T09:00:00+01:00,12560.0,2880.0,0.0,9960.0,12440.0,0.0,0.0,0.0,6880.0,12040.0,4240.0,0.0,0.0,0.0,0.0,3760.0,3600.0,240.0,2880.0,0.0,440.0,10000.0,0.0,0.0,0.0,360.0,120.0,120.0,0.0,0.0,0.0,0.0,560.0,680.0,271600.0,2880.0,0.0,52930.0,22440.0,0.0,0.0,0.0,33560.0,173240.0,9400.0,0.0,0.0,0.0,0.0,7400.0,8400.0
2026-02-25T10:00:00+01:00,7880.0,1720.0,0.0,5320.0,1920.0,0.0,0.0,0.0,5640.0,13320.0,8960.0,2820.0,0.0,0.0,0.0,1120.0,1120.0,120.0,1360.0,0.0,200.0,1920.0,0.0,0.0,0.0,160.0,70.0,160.0,2820.0,0.0,0.0,0.0,1120.0,1120.0,76120.0,3080.0,0.0,9890.0,1920.0,0.0,0.0,0.0,68280.0,163900.0,27400.0,2820.0,0.0,0.0,0.0,1120.0,1120.0
2026-02-25T11:00:00+01:00,10040.0,0.0,0.0,2000.0,0.0,0.0,0.0,0.0,12000.0,14240.0,3880.0,10640.0,0.0,0.0,0.0,720.0,0.0,120.0,0.0,0.0,200.0,0.0,0.0,0.0,0.0,40.0,0.0,120.0,240.0,0.0,0.0,0.0,80.0,0.0,115840.0,0.0,0.0,10560.0,0.0,0.0,0.0,0.0,388800.0,648850.0,12200.0,14880.0,0.0,0.0,0.0,800.0,0.0
2026-02-25T12:00:00+01:00,11080.0,4560.0,0.0,9040.0,13240.0,640.0,0.0,14120.0,9960.0,14040.0,12680.0,2440.0,0.0,0.0,0.0,4880.0,0.0,120.0,2760.0,0.0,200.0,1120.0,640.0,0.0,240.0,120.0,40.0,40.0,2440.0,0.0,0.0,0.0,720.0,0.0,281039.0,10560.0,0.0,82320.0,48560.0,640.0,0.0,504479.0,736199.0,720800.0,39320.0,2440.0,0.0,0.0,0.0,9850.0,0.0
2026-02-25T13:00:00+01:00,11720.0,7920.0,0.0,5040.0,3280.0,0.0,0.0,12400.0,10680.0,14240.0,13320.0,0.0,0.0,0.0,0.0,8680.0,0.0,160.0,1080.0,0.0,280.0,760.0,0.0,0.0,240.0,200.0,40.0,160.0,0.0,0.0,0.0,0.0,8680.0,0.0,402120.0,9000.0,0.0,7840.0,4040.0,0.0,0.0,263960.0,151160.0,589990.0,35360.0,0.0,0.0,0.0,0.0,8680.0,0.0
2026-02-25T14:00:00+01:00,9720.0,2280.0,0.0,0.0,0.0,0.0,0.0,12080.0,7760.0,13790.0,8200.0,0.0,0.0,0.0,0.0,3000.0,0.0,160.0,80.0,0.0,0.0,0.0,0.0,0.0,240.0,160.0,40.0,160.0,0.0,0.0,0.0,0.0,3000.0,0.0,215510.0,4600.0,0.0,0.0,0.0,0.0,0.0,207680.0,142960.0,416680.0,19320.0,0.0,0.0,0.0,0.0,3000.0,0.0
2026-02-25T15:00:00+01:00,6480.0,5800.0,0.0,0.0,8240.0,0.0,0.0,9560.0,3720.0,14200.0,3440.0,0.0,0.0,0.0,0.0,1760.0,0.0,160.0,280.0,0.0,0.0,240.0,0.0,0.0,240.0,120.0,20.0,160.0,0.0,0.0,0.0,0.0,920.0,0.0,63480.0,23780.0,0.0,0.0,36320.0,0.0,0.0,43400.0,18080.0,343620.0,19080.0,0.0,0.0,0.0,0.0,3720.0,0.0
2026-02-25T16:00:00+01:00,5600.0,3640.0,0.0,9200.0,0.0,0.0,0.0,0.0,2040.0,13640.0,2360.0,1080.0,0.0,0.0,0.0,0.0,0.0,160.0,440.0,0.0,7960.0,0.0,0.0,0.0,0.0,240.0,80.0,160.0,480.0,0.0,0.0,0.0,0.0,0.0,75000.0,9200.0,0.0,17160.0,0.0,0.0,0.0,0.0,4040.0,367660.0,7600.0,1560.0,0.0,0.0,0.0,0.0,0.0
2026-02-25T17:00:00+01:00,7200.0,5560.0,0.0,5470.0,2000.0,0.0,0.0,0.0,2000.0,13880.0,13160.0,560.0,0.0,0.0,0.0,0.0,0.0,160.0,40.0,0.0,40.0,360.0,0.0,0.0,0.0,120.0,40.0,160.0,560.0,0.0,0.0,0.0,0.0,0.0,91240.0,10000.0,0.0,6350.0,8960.0,0.0,0.0,0.0,15640.0,781728.0,242680.0,560.0,0.0,0.0,0.0,0.0,0.0
2026-02-25T18:00:00+01:00,14040.0,1920.0,0.0,2840.0,8000.0,0.0,0.0,0.0,600.0,14080.0,0.0,0.0,0.0,0.0,0.0,0.0,0.0,120.0,120.0,0.0,240.0,120.0,0.0,0.0,0.0,600.0,40.0,0.0,0.0,0.0,0.0,0.0,0.0,0.0,750479.0,3680.0,0.0,5600.0,80080.0,0.0,0.0,0.0,600.0,1324889.0,0.0,0.0,0.0,0.0,0.0,0.0,0.0
2026-02-25T19:00:00+01:00,14000.0,8080.0,0.0,2840.0,1760.0,0.0,0.0,0.0,5240.0,13980.0,3560.0,0.0,0.0,0.0,0.0,0.0,0.0,40.0,760.0,0.0,160.0,1760.0,0.0,0.0,0.0,1360.0,20.0,3120.0,0.0,0.0,0.0,0.0,0.0,0.0,1077440.0,26360.0,0.0,5120.0,1760.0,0.0,0.0,0.0,6600.0,1245160.0,6680.0,0.0,0.0,0.0,0.0,0.0,0.0
2026-02-25T20:00:00+01:00,13960.0,1440.0,0.0,0.0,0.0,0.0,0.0,0.0,0.0,14040.0,0.0,0.0,0.0,0.0,0.0,0.0,0.0,40.0,1440.0,0.0,0.0,0.0,0.0,0.0,0.0,0.0,40.0,0.0,0.0,0.0,0.0,0.0,0.0,0.0,645358.0,1440.0,0.0,0.0,0.0,0.0,0.0,0.0,0.0,1008978.0,0.0,0.0,0.0,0.0,0.0,0.0,0.0
2026-02-25T21:00:00+01:00,8000.0,4560.0,0.0,160.0,0.0,0.0,0.0,0.0,0.0,12000.0,0.0,0.0,0.0,0.0,0.0,0.0,0.0,160.0,2560.0,0.0,160.0,0.0,0.0,0.0,0.0,0.0,160.0,0.0,0.0,0.0,0.0,0.0,0.0,0.0,72520.0,7120.0,0.0,160.0,0.0,0.0,0.0,0.0,0.0,291240.0,0.0,0.0,0.0,0.0,0.0,0.0,0.0
2026-02-25T22:00:00+01:00,5840.0,0.0,0.0,0.0,0.0,0.0,0.0,0.0,0.0,14000.0,0.0,0.0,0.0,0.0,0.0,0.0,0.0,160.0,0.0,0.0,0.0,0.0,0.0,0.0,0.0,0.0,440.0,0.0,0.0,0.0,0.0,0.0,0.0,0.0,75680.0,0.0,0.0,0.0,0.0,0.0,0.0,0.0,0.0,307400.0,0.0,0.0,0.0,0.0,0.0,0.0,0.0
2026-02-25T23:00:00+01:00,12040.0,0.0,0.0,0.0,0.0,0.0,0.0,0.0,0.0,14000.0,0.0,0.0,0.0,0.0,0.0,0.0,0.0,160.0,0.0,0.0,0.0,0.0,0.0,0.0,0.0,0.0,120.0,0.0,0.0,0.0,0.0,0.0,0.0,0.0,78880.0,0.0,0.0,0.0,0.0,0.0,0.0,0.0,0.0,88079.0,0.0,0.0,0.0,0.0,0.0,0.0,0.0
2026-02-26T00:00:00+01:00,2360.0,0.0,0.0,600.0,0.0,0.0,0.0,200.0,0.0,14040.0,0.0,0.0,0.0,0.0,0.0,0.0,0.0,160.0,0.0,0.0,600.0,0.0,0.0,0.0,200.0,0.0,200.0,0.0,0.0,0.0,0.0,0.0,0.0,0.0,20920.0,0.0,0.0,600.0,0.0,0.0,0.0,200.0,0.0,822037.0,0.0,0.0,0.0,0.0,0.0,0.0,0.0
2026-02-26T01:00:00+01:00,10000.0,0.0,0.0,0.0,0.0,0.0,0.0,2000.0,0.0,14000.0,0.0,0.0,0.0,0.0,0.0,0.0,0.0,280.0,0.0,0.0,0.0,0.0,0.0,0.0,280.0,0.0,200.0,0.0,0.0,0.0,0.0,0.0,0.0,0.0,69680.0,0.0,0.0,0.0,0.0,0.0,0.0,4880.0,0.0,515960.0,0.0,0.0,0.0,0.0,0.0,0.0,0.0
2026-02-26T02:00:00+01:00,2000.0,1320.0,0.0,9720.0,1160.0,0.0,0.0,2760.0,0.0,14040.0,0.0,0.0,0.0,0.0,480.0,0.0,0.0,160.0,160.0,0.0,200.0,400.0,0.0,0.0,120.0,0.0,120.0,0.0,0.0,0.0,0.0,480.0,0.0,0.0,13760.0,1840.0,0.0,177090.0,1560.0,0.0,0.0,21240.0,0.0,553558.0,0.0,0.0,0.0,0.0,480.0,0.0,0.0
2026-02-26T03:00:00+01:00,800.0,0.0,0.0,5480.0,0.0,0.0,0.0,0.0,0.0,12400.0,0.0,0.0,0.0,0.0,0.0,0.0,0.0,800.0,0.0,0.0,40.0,0.0,0.0,0.0,0.0,0.0,160.0,0.0,0.0,0.0,0.0,0.0,0.0,0.0,800.0,0.0,0.0,67040.0,0.0,0.0,0.0,0.0,0.0,212039.0,0.0,0.0,0.0,0.0,0.0,0.0,0.0
2026-02-26T04:00:00+01:00,600.0,3800.0,0.0,8740.0,1000.0,0.0,0.0,0.0,0.0,14000.0,0.0,0.0,0.0,0.0,0.0,0.0,0.0,160.0,160.0,0.0,40.0,1000.0,0.0,0.0,0.0,0.0,160.0,0.0,0.0,0.0,0.0,0.0,0.0,0.0,760.0,7760.0,0.0,307600.0,1000.0,0.0,0.0,0.0,0.0,606039.0,0.0,0.0,0.0,0.0,0.0,0.0,0.0
2026-02-26T05:00:00+01:00,5160.0,2000.0,0.0,13200.0,0.0,0.0,0.0,160.0,0.0,14000.0,1240.0,0.0,0.0,0.0,0.0,0.0,0.0,920.0,200.0,0.0,40.0,0.0,0.0,0.0,160.0,0.0,160.0,1240.0,0.0,0.0,0.0,0.0,0.0,0.0,9720.0,3160.0,0.0,394400.0,0.0,0.0,0.0,160.0,0.0,1136040.0,1240.0,0.0,0.0,0.0,0.0,0.0,0.0
2026-02-26T06:00:00+01:00,9040.0,3400.0,1960.0,9160.0,0.0,0.0,0.0,11440.0,720.0,13880.0,280.0,1440.0,2000.0,0.0,0.0,0.0,0.0,160.0,1960.0,520.0,160.0,0.0,0.0,0.0,160.0,720.0,120.0,280.0,160.0,120.0,0.0,0.0,0.0,0.0,96900.0,5360.0,4280.0,101160.0,0.0,0.0,0.0,84440.0,720.0,818320.0,280.0,1600.0,5880.0,0.0,0.0,0.0,0.0
2026-02-26T07:00:00+01:00,13560.0,1080.0,0.0,240.0,560.0,0.0,0.0,8920.0,14000.0,13000.0,6320.0,0.0,0.0,0.0,0.0,0.0,0.0,120.0,200.0,0.0,240.0,560.0,0.0,0.0,80.0,120.0,120.0,240.0,0.0,0.0,0.0,0.0,0.0,0.0,646120.0,1700.0,0.0,240.0,560.0,0.0,0.0,11280.0,656039.0,315850.0,41440.0,0.0,0.0,0.0,0.0,0.0,0.0
2026-02-26T08:00:00+01:00,8000.0,4800.0,0.0,3400.0,0.0,0.0,0.0,0.0,14000.0,13240.0,5840.0,0.0,0.0,0.0,0.0,920.0,1280.0,120.0,40.0,0.0,2000.0,0.0,0.0,0.0,0.0,120.0,80.0,200.0,0.0,0.0,0.0,0.0,920.0,1280.0,126520.0,4920.0,0.0,5400.0,0.0,0.0,0.0,0.0,794198.0,272779.0,87360.0,0.0,0.0,0.0,0.0,920.0,1280.0
2026-02-26T09:00:00+01:00,12400.0,400.0,0.0,4560.0,40.0,0.0,0.0,2160.0,14000.0,14000.0,11960.0,0.0,0.0,0.0,0.0,0.0,3080.0,400.0,400.0,0.0,40.0,40.0,0.0,0.0,120.0,320.0,40.0,160.0,0.0,0.0,0.0,0.0,0.0,2640.0,269440.0,400.0,0.0,12440.0,40.0,0.0,0.0,2280.0,413740.0,190589.0,18840.0,0.0,0.0,0.0,0.0,0.0,5720.0
2026-02-26T10:00:00+01:00,13600.0,7000.0,0.0,2760.0,0.0,0.0,0.0,9400.0,13600.0,13840.0,10400.0,0.0,0.0,0.0,0.0,5360.0,3200.0,40.0,3040.0,0.0,40.0,0.0,0.0,0.0,240.0,40.0,10.0,160.0,0.0,0.0,0.0,0.0,400.0,3200.0,619399.0,16400.0,0.0,32650.0,0.0,0.0,0.0,80480.0,1321365.0,570908.0,79620.0,0.0,0.0,0.0,0.0,15240.0,3200.0
2026-02-26T11:00:00+01:00,13080.0,1560.0,0.0,3240.0,0.0,0.0,0.0,11640.0,13920.0,13680.0,8720.0,6170.0,0.0,0.0,0.0,5640.0,0.0,160.0,160.0,0.0,800.0,0.0,0.0,0.0,240.0,40.0,10.0,160.0,6170.0,0.0,0.0,0.0,760.0,0.0,860440.0,2600.0,0.0,10160.0,0.0,0.0,0.0,291760.0,1156690.0,713349.0,90120.0,6170.0,0.0,0.0,0.0,18800.0,0.0
2026-02-26T12:00:00+01:00,12960.0,5520.0,0.0,9400.0,0.0,0.0,0.0,13360.0,13720.0,13160.0,13900.0,4430.0,0.0,0.0,0.0,2040.0,0.0,120.0,360.0,0.0,40.0,0.0,0.0,0.0,160.0,40.0,40.0,120.0,880.0,0.0,0.0,0.0,1440.0,0.0,582800.0,9760.0,0.0,58599.0,0.0,0.0,0.0,226239.0,1065988.0,486499.0,72980.0,5310.0,0.0,0.0,0.0,3480.0,0.0
2026-02-26T13:00:00+01:00,13400.0,7800.0,0.0,1560.0,0.0,0.0,0.0,12920.0,13800.0,13880.0,10040.0,2840.0,0.0,0.0,0.0,7560.0,7760.0,120.0,160.0,0.0,120.0,0.0,0.0,0.0,240.0,40.0,40.0,280.0,2840.0,0.0,0.0,0.0,720.0,7760.0,423920.0,17780.0,0.0,8360.0,0.0,0.0,0.0,312480.0,1316299.0,1005530.0,51600.0,2840.0,0.0,0.0,0.0,13920.0,7760.0
2026-02-26T14:00:00+01:00,12360.0,10000.0,0.0,1880.0,0.0,0.0,0.0,13480.0,13720.0,13680.0,13240.0,9280.0,0.0,0.0,0.0,11440.0,1240.0,120.0,240.0,0.0,120.0,0.0,0.0,0.0,320.0,40.0,40.0,200.0,320.0,0.0,0.0,0.0,200.0,1240.0,313640.0,20200.0,0.0,7800.0,0.0,0.0,0.0,217440.0,730560.0,1072250.0,33000.0,11930.0,0.0,0.0,0.0,45940.0,1240.0
2026-02-26T15:00:00+01:00,4040.0,4360.0,0.0,4760.0,0.0,0.0,0.0,1880.0,13860.0,13880.0,8039.0,1280.0,0.0,0.0,0.0,12480.0,1000.0,160.0,200.0,0.0,40.0,0.0,0.0,0.0,280.0,40.0,40.0,720.0,1280.0,0.0,0.0,0.0,240.0,1000.0,39800.0,13720.0,0.0,8820.0,0.0,0.0,0.0,9800.0,1017260.0,671530.0,21679.0,1280.0,0.0,0.0,0.0,66560.0,1000.0
2026-02-26T16:00:00+01:00,4000.0,3840.0,0.0,1000.0,0.0,0.0,0.0,4960.0,13520.0,13800.0,8640.0,4080.0,0.0,0.0,0.0,960.0,0.0,160.0,400.0,0.0,760.0,0.0,0.0,0.0,440.0,160.0,40.0,600.0,560.0,0.0,0.0,0.0,960.0,0.0,38200.0,5720.0,0.0,1760.0,0.0,0.0,0.0,15680.0,509918.0,496430.0,17760.0,14520.0,0.0,0.0,0.0,960.0,0.0
2026-02-26T17:00:00+01:00,12560.0,2680.0,0.0,2240.0,0.0,0.0,0.0,0.0,13680.0,13440.0,11590.0,4320.0,0.0,0.0,0.0,0.0,1520.0,120.0,120.0,0.0,440.0,0.0,0.0,0.0,0.0,200.0,50.0,280.0,160.0,0.0,0.0,0.0,0.0,1440.0,62960.0,15400.0,0.0,5160.0,0.0,0.0,0.0,0.0,104400.0,169670.0,47230.0,7160.0,0.0,0.0,0.0,0.0,2960.0
2026-02-26T18:00:00+01:00,12840.0,4840.0,0.0,1440.0,0.0,0.0,0.0,0.0,0.0,13680.0,10640.0,1960.0,0.0,0.0,0.0,0.0,0.0,120.0,250.0,0.0,360.0,0.0,0.0,0.0,0.0,0.0,40.0,240.0,1760.0,0.0,0.0,0.0,0.0,0.0,700480.0,7210.0,0.0,1800.0,0.0,0.0,0.0,0.0,0.0,1490068.0,38000.0,5560.0,0.0,0.0,0.0,0.0,0.0
2026-02-26T19:00:00+01:00,12880.0,13000.0,0.0,5920.0,2880.0,0.0,0.0,0.0,0.0,13560.0,7680.0,0.0,0.0,0.0,0.0,0.0,0.0,120.0,3160.0,0.0,4520.0,600.0,0.0,0.0,0.0,0.0,80.0,4680.0,0.0,0.0,0.0,0.0,0.0,0.0,1548079.0,19520.0,0.0,10440.0,3480.0,0.0,0.0,0.0,0.0,825349.0,12360.0,0.0,0.0,0.0,0.0,0.0,0.0
2026-02-26T20:00:00+01:00,13640.0,4720.0,0.0,360.0,520.0,0.0,0.0,0.0,0.0,13800.0,0.0,0.0,0.0,0.0,0.0,0.0,0.0,80.0,240.0,0.0,160.0,520.0,0.0,0.0,0.0,0.0,40.0,0.0,0.0,0.0,0.0,0.0,0.0,0.0,1081677.0,12070.0,0.0,520.0,520.0,0.0,0.0,0.0,0.0,734629.0,0.0,0.0,0.0,0.0,0.0,0.0,0.0
2026-02-26T21:00:00+01:00,12360.0,3600.0,0.0,0.0,0.0,0.0,0.0,0.0,0.0,12160.0,0.0,0.0,0.0,0.0,0.0,0.0,0.0,120.0,3600.0,0.0,0.0,0.0,0.0,0.0,0.0,0.0,40.0,0.0,0.0,0.0,0.0,0.0,0.0,0.0,492358.0,3600.0,0.0,0.0,0.0,0.0,0.0,0.0,0.0,463329.0,0.0,0.0,0.0,0.0,0.0,0.0,0.0
2026-02-26T22:00:00+01:00,12000.0,280.0,1880.0,0.0,11520.0,0.0,0.0,1520.0,0.0,9720.0,320.0,0.0,0.0,0.0,0.0,0.0,0.0,240.0,280.0,320.0,0.0,240.0,0.0,0.0,440.0,0.0,200.0,200.0,0.0,0.0,0.0,0.0,0.0,0.0,122400.0,280.0,9920.0,0.0,108960.0,0.0,0.0,1960.0,0.0,52130.0,520.0,0.0,0.0,0.0,0.0,0.0,0.0
2026-02-26T23:00:00+01:00,4000.0,1000.0,0.0,0.0,1760.0,0.0,0.0,0.0,0.0,13560.0,0.0,0.0,0.0,0.0,0.0,0.0,0.0,160.0,1000.0,0.0,0.0,360.0,0.0,0.0,0.0,0.0,40.0,0.0,0.0,0.0,0.0,0.0,0.0,0.0,154200.0,1000.0,0.0,0.0,5160.0,0.0,0.0,0.0,0.0,133160.0,0.0,0.0,0.0,0.0,0.0,0.0,0.0
2026-02-27T00:00:00+01:00,9960.0,0.0,0.0,0.0,6880.0,0.0,0.0,0.0,0.0,12480.0,0.0,0.0,0.0,0.0,0.0,0.0,0.0,120.0,0.0,0.0,0.0,1600.0,0.0,0.0,0.0,0.0,120.0,0.0,0.0,0.0,0.0,0.0,0.0,0.0,744360.0,0.0,0.0,0.0,11760.0,0.0,0.0,0.0,0.0,81120.0,0.0,0.0,0.0,0.0,0.0,0.0,0.0
2026-02-27T01:00:00+01:00,12000.0,0.0,0.0,0.0,0.0,0.0,0.0,0.0,0.0,3960.0,0.0,0.0,0.0,0.0,0.0,0.0,0.0,120.0,0.0,0.0,0.0,0.0,0.0,0.0,0.0,0.0,120.0,0.0,0.0,0.0,0.0,0.0,0.0,0.0,984360.0,0.0,0.0,0.0,0.0,0.0,0.0,0.0,0.0,13680.0,0.0,0.0,0.0,0.0,0.0,0.0,0.0
2026-02-27T02:00:00+01:00,11960.0,8560.0,0.0,1320.0,1680.0,0.0,0.0,0.0,0.0,10960.0,0.0,0.0,0.0,0.0,0.0,0.0,0.0,120.0,8560.0,0.0,800.0,1080.0,0.0,0.0,0.0,0.0,240.0,0.0,0.0,0.0,0.0,0.0,0.0,0.0,549040.0,8560.0,0.0,2120.0,5160.0,0.0,0.0,0.0,0.0,88250.0,0.0,0.0,0.0,0.0,0.0,0.0,0.0
2026-02-27T03:00:00+01:00,10000.0,0.0,0.0,0.0,3640.0,0.0,0.0,0.0,0.0,8760.0,0.0,0.0,0.0,0.0,0.0,0.0,0.0,120.0,0.0,0.0,0.0,240.0,0.0,0.0,0.0,0.0,160.0,0.0,0.0,0.0,0.0,0.0,0.0,0.0,424680.0,0.0,0.0,0.0,8160.0,0.0,0.0,0.0,0.0,55760.0,0.0,0.0,0.0,0.0,0.0,0.0,0.0
2026-02-27T04:00:00+01:00,10280.0,0.0,0.0,0.0,1240.0,0.0,0.0,0.0,0.0,11920.0,0.0,0.0,0.0,0.0,0.0,0.0,0.0,200.0,0.0,0.0,0.0,240.0,0.0,0.0,0.0,0.0,280.0,0.0,0.0,0.0,0.0,0.0,0.0,0.0,196160.0,0.0,0.0,0.0,4200.0,0.0,0.0,0.0,0.0,88320.0,0.0,0.0,0.0,0.0,0.0,0.0,0.0
2026-02-27T05:00:00+01:00,10240.0,0.0,0.0,0.0,0.0,0.0,0.0,0.0,0.0,12320.0,0.0,0.0,0.0,0.0,1960.0,0.0,0.0,160.0,0.0,0.0,0.0,0.0,0.0,0.0,0.0,0.0,160.0,0.0,0.0,0.0,0.0,1960.0,0.0,0.0,262960.0,0.0,0.0,0.0,0.0,0.0,0.0,0.0,0.0,117000.0,0.0,0.0,0.0,0.0,1960.0,0.0,0.0
2026-02-27T06:00:00+01:00,12680.0,1760.0,1520.0,520.0,0.0,0.0,0.0,8440.0,0.0,13160.0,0.0,0.0,0.0,0.0,0.0,0.0,0.0,240.0,1760.0,200.0,520.0,0.0,0.0,0.0,8440.0,0.0,80.0,0.0,0.0,0.0,0.0,0.0,0.0,0.0,264959.0,1760.0,2200.0,520.0,0.0,0.0,0.0,8440.0,0.0,253660.0,0.0,0.0,0.0,0.0,0.0,0.0,0.0
2026-02-27T07:00:00+01:00,12040.0,0.0,0.0,9000.0,3840.0,0.0,0.0,8880.0,10440.0,12800.0,2240.0,1840.0,0.0,0.0,0.0,9280.0,1680.0,120.0,0.0,0.0,40.0,120.0,0.0,0.0,360.0,120.0,40.0,200.0,1840.0,0.0,0.0,0.0,40.0,1680.0,156200.0,0.0,0.0,42030.0,10800.0,0.0,0.0,35080.0,414958.0,709179.0,2680.0,1840.0,0.0,0.0,0.0,93680.0,1680.0
2026-02-27T08:00:00+01:00,2440.0,4640.0,0.0,3760.0,2480.0,0.0,0.0,8800.0,10840.0,13360.0,2800.0,0.0,0.0,0.0,0.0,3840.0,0.0,280.0,40.0,0.0,80.0,40.0,0.0,0.0,720.0,40.0,40.0,2800.0,0.0,0.0,0.0,0.0,80.0,0.0,26000.0,19600.0,0.0,22960.0,5760.0,0.0,0.0,14360.0,97880.0,365780.0,2800.0,0.0,0.0,0.0,0.0,7000.0,0.0
2026-02-27T09:00:00+01:00,4880.0,5480.0,0.0,5920.0,5120.0,0.0,0.0,4120.0,12640.0,12880.0,3040.0,240.0,0.0,0.0,0.0,4520.0,0.0,720.0,640.0,0.0,40.0,160.0,0.0,0.0,40.0,40.0,160.0,400.0,240.0,0.0,0.0,0.0,80.0,0.0,25000.0,22520.0,0.0,28410.0,36780.0,0.0,0.0,31920.0,455780.0,312640.0,6520.0,240.0,0.0,0.0,0.0,15400.0,0.0
2026-02-27T10:00:00+01:00,3720.0,840.0,0.0,8720.0,12520.0,0.0,0.0,6600.0,8840.0,13400.0,12040.0,0.0,1640.0,0.0,0.0,3040.0,2680.0,160.0,840.0,0.0,600.0,40.0,0.0,0.0,60.0,160.0,10.0,160.0,0.0,1640.0,0.0,0.0,720.0,2680.0,11640.0,840.0,0.0,18600.0,58860.0,0.0,0.0,46300.0,161080.0,362550.0,53740.0,0.0,1640.0,0.0,0.0,6320.0,2680.0
2026-02-27T11:00:00+01:00,3200.0,7720.0,0.0,10560.0,7040.0,0.0,0.0,12920.0,12280.0,12850.0,8960.0,0.0,0.0,0.0,0.0,9920.0,0.0,200.0,160.0,0.0,40.0,200.0,0.0,0.0,80.0,80.0,20.0,360.0,0.0,0.0,0.0,0.0,40.0,0.0,21240.0,26320.0,0.0,166450.0,58570.0,0.0,0.0,77640.0,732680.0,927229.0,25000.0,0.0,0.0,0.0,0.0,79910.0,0.0
2026-02-27T12:00:00+01:00,3440.0,11560.0,0.0,13320.0,6120.0,0.0,0.0,12640.0,12920.0,13120.0,2600.0,3600.0,0.0,0.0,0.0,9640.0,160.0,280.0,640.0,0.0,160.0,120.0,0.0,0.0,320.0,120.0,10.0,240.0,3600.0,0.0,0.0,0.0,240.0,160.0,20680.0,28920.0,0.0,191469.0,27920.0,0.0,0.0,95920.0,779680.0,1000157.0,11720.0,3600.0,0.0,0.0,0.0,64600.0,160.0
2026-02-27T13:00:00+01:00,2640.0,640.0,0.0,1360.0,0.0,0.0,0.0,12040.0,8800.0,13080.0,11600.0,0.0,0.0,2000.0,0.0,0.0,0.0,280.0,640.0,0.0,1360.0,0.0,0.0,0.0,520.0,120.0,40.0,360.0,0.0,0.0,2000.0,0.0,0.0,0.0,16200.0,640.0,0.0,1360.0,0.0,0.0,0.0,135840.0,604080.0,513230.0,26480.0,0.0,0.0,2000.0,0.0,0.0,0.0
2026-02-27T14:00:00+01:00,3240.0,0.0,0.0,1960.0,0.0,0.0,0.0,10080.0,12800.0,13560.0,0.0,560.0,0.0,0.0,0.0,0.0,0.0,160.0,0.0,0.0,1000.0,0.0,0.0,0.0,1600.0,120.0,40.0,0.0,280.0,0.0,0.0,0.0,0.0,0.0,19480.0,0.0,0.0,2960.0,0.0,0.0,0.0,86039.0,521800.0,318310.0,0.0,840.0,0.0,0.0,0.0,0.0,0.0
2026-02-27T15:00:00+01:00,3840.0,3400.0,0.0,1120.0,0.0,0.0,0.0,11240.0,10000.0,13440.0,5720.0,0.0,0.0,0.0,0.0,0.0,0.0,120.0,120.0,0.0,840.0,0.0,0.0,0.0,1800.0,160.0,40.0,200.0,0.0,0.0,0.0,0.0,0.0,0.0,20320.0,10000.0,0.0,1960.0,0.0,0.0,0.0,134039.0,237200.0,211590.0,8360.0,0.0,0.0,0.0,0.0,0.0,0.0
2026-02-27T16:00:00+01:00,8760.0,10680.0,0.0,2760.0,0.0,0.0,0.0,13520.0,5960.0,12400.0,3920.0,0.0,0.0,0.0,0.0,0.0,0.0,160.0,120.0,0.0,40.0,0.0,0.0,0.0,200.0,160.0,40.0,40.0,0.0,0.0,0.0,0.0,0.0,0.0,62330.0,23810.0,0.0,3520.0,0.0,0.0,0.0,175000.0,95680.0,256569.0,5160.0,0.0,0.0,0.0,0.0,0.0,0.0
2026-02-27T17:00:00+01:00,12720.0,10600.0,0.0,1440.0,0.0,0.0,0.0,440.0,10000.0,13210.0,13080.0,2560.0,0.0,0.0,0.0,0.0,0.0,200.0,120.0,0.0,1440.0,0.0,0.0,0.0,440.0,160.0,30.0,280.0,2560.0,0.0,0.0,0.0,0.0,0.0,59279.0,27680.0,0.0,1440.0,0.0,0.0,0.0,440.0,406560.0,922619.0,44800.0,2560.0,0.0,0.0,0.0,0.0,0.0
2026-02-27T18:00:00+01:00,13160.0,11200.0,12000.0,1040.0,7320.0,0.0,0.0,1240.0,1720.0,13480.0,800.0,360.0,0.0,0.0,0.0,0.0,0.0,160.0,80.0,160.0,40.0,240.0,0.0,0.0,560.0,120.0,10.0,160.0,360.0,0.0,0.0,0.0,0.0,0.0,66720.0,31080.0,230839.0,1900.0,8520.0,0.0,0.0,2480.0,3080.0,1074979.0,960.0,360.0,0.0,0.0,0.0,0.0,0.0
2026-02-27T19:00:00+01:00,4200.0,13520.0,4000.0,0.0,3640.0,0.0,0.0,0.0,0.0,13360.0,0.0,0.0,0.0,0.0,0.0,0.0,0.0,120.0,200.0,120.0,0.0,240.0,0.0,0.0,0.0,0.0,30.0,0.0,0.0,0.0,0.0,0.0,0.0,0.0,143560.0,58360.0,35240.0,0.0,33200.0,0.0,0.0,0.0,0.0,364130.0,0.0,0.0,0.0,0.0,0.0,0.0,0.0
2026-02-27T20:00:00+01:00,4720.0,8520.0,2640.0,400.0,8760.0,0.0,0.0,7120.0,760.0,13320.0,1180.0,0.0,0.0,0.0,0.0,0.0,0.0,160.0,160.0,160.0,400.0,240.0,0.0,0.0,7120.0,760.0,40.0,1180.0,0.0,0.0,0.0,0.0,0.0,0.0,103400.0,35040.0,19200.0,400.0,25280.0,0.0,0.0,7120.0,760.0,330320.0,1180.0,0.0,0.0,0.0,0.0,0.0,0.0
2026-02-27T21:00:00+01:00,8039.0,1440.0,12320.0,3520.0,8119.0,0.0,0.0,13440.0,1840.0,13120.0,0.0,0.0,0.0,0.0,0.0,440.0,0.0,160.0,80.0,160.0,200.0,240.0,0.0,0.0,240.0,1840.0,120.0,0.0,0.0,0.0,0.0,0.0,440.0,0.0,112119.0,2320.0,85480.0,15160.0,70759.0,0.0,0.0,331519.0,1840.0,284080.0,0.0,0.0,0.0,0.0,0.0,440.0,0.0
2026-02-27T22:00:00+01:00,11040.0,4320.0,1680.0,2000.0,0.0,0.0,0.0,12640.0,0.0,13080.0,0.0,0.0,0.0,0.0,0.0,11200.0,0.0,160.0,160.0,200.0,2000.0,0.0,0.0,0.0,240.0,0.0,30.0,0.0,0.0,0.0,0.0,0.0,240.0,0.0,432680.0,9360.0,4600.0,2000.0,0.0,0.0,0.0,329800.0,0.0,416970.0,0.0,0.0,0.0,0.0,0.0,11920.0,0.0
2026-02-27T23:00:00+01:00,13000.0,0.0,0.0,0.0,0.0,0.0,0.0,9880.0,0.0,13440.0,0.0,0.0,0.0,0.0,0.0,7520.0,0.0,160.0,0.0,0.0,0.0,0.0,0.0,0.0,240.0,0.0,100.0,0.0,0.0,0.0,0.0,0.0,240.0,0.0,931080.0,0.0,0.0,0.0,0.0,0.0,0.0,142120.0,0.0,1111938.0,0.0,0.0,0.0,0.0,0.0,10640.0,0.0
2026-02-28T00:00:00+01:00,12400.0,4080.0,0.0,0.0,0.0,0.0,0.0,8960.0,0.0,12680.0,960.0,0.0,0.0,0.0,0.0,9440.0,0.0,40.0,4080.0,0.0,0.0,0.0,0.0,0.0,320.0,0.0,10.0,720.0,0.0,0.0,0.0,0.0,240.0,0.0,141770.0,4080.0,0.0,0.0,0.0,0.0,0.0,39760.0,0.0,491576.0,1680.0,0.0,0.0,0.0,0.0,28680.0,0.0
2026-02-28T01:00:00+01:00,11960.0,7080.0,0.0,0.0,5040.0,0.0,0.0,13360.0,0.0,13360.0,7320.0,0.0,1600.0,0.0,0.0,9040.0,0.0,120.0,640.0,0.0,0.0,240.0,0.0,0.0,240.0,0.0,40.0,240.0,0.0,1600.0,0.0,0.0,200.0,0.0,540250.0,20280.0,0.0,0.0,5760.0,0.0,0.0,132520.0,0.0,1824829.0,20360.0,0.0,1600.0,0.0,0.0,91400.0,0.0
2026-02-28T02:00:00+01:00,11440.0,11520.0,0.0,4440.0,0.0,0.0,0.0,5520.0,0.0,13440.0,13240.0,0.0,0.0,0.0,0.0,8119.0,0.0,120.0,40.0,0.0,120.0,0.0,0.0,0.0,560.0,0.0,40.0,640.0,0.0,0.0,0.0,0.0,1040.0,0.0,141280.0,145800.0,0.0,20520.0,0.0,0.0,0.0,29560.0,0.0,1142750.0,36900.0,0.0,0.0,0.0,0.0,10399.0,0.0
2026-02-28T03:00:00+01:00,12720.0,9520.0,0.0,2000.0,0.0,0.0,0.0,4200.0,0.0,11600.0,3360.0,0.0,0.0,0.0,0.0,2120.0,0.0,200.0,160.0,0.0,160.0,0.0,0.0,0.0,1000.0,0.0,20.0,3360.0,0.0,0.0,0.0,0.0,200.0,0.0,64210.0,65320.0,0.0,18120.0,0.0,0.0,0.0,5200.0,0.0,142340.0,3360.0,0.0,0.0,0.0,0.0,4800.0,0.0
2026-02-28T04:00:00+01:00,12080.0,4720.0,0.0,1280.0,0.0,0.0,0.0,4040.0,0.0,12560.0,0.0,0.0,0.0,0.0,0.0,0.0,0.0,240.0,160.0,0.0,720.0,0.0,0.0,0.0,4040.0,0.0,160.0,0.0,0.0,0.0,0.0,0.0,0.0,0.0,65680.0,14040.0,0.0,3000.0,0.0,0.0,0.0,4040.0,0.0,478990.0,0.0,0.0,0.0,0.0,0.0,0.0,0.0
2026-02-28T05:00:00+01:00,3880.0,6240.0,0.0,280.0,3240.0,0.0,0.0,2360.0,0.0,10360.0,0.0,0.0,0.0,0.0,0.0,0.0,0.0,3080.0,160.0,0.0,160.0,240.0,0.0,0.0,160.0,0.0,20.0,0.0,0.0,0.0,0.0,0.0,0.0,0.0,10160.0,16600.0,0.0,440.0,3480.0,0.0,0.0,10200.0,0.0,516579.0,0.0,0.0,0.0,0.0,0.0,0.0,0.0
2026-02-28T06:00:00+01:00,8000.0,1920.0,0.0,2000.0,920.0,0.0,0.0,2000.0,2040.0,12040.0,2040.0,0.0,0.0,0.0,0.0,0.0,0.0,200.0,360.0,0.0,160.0,240.0,0.0,0.0,120.0,120.0,120.0,280.0,0.0,0.0,0.0,0.0,0.0,0.0,54640.0,7040.0,0.0,2960.0,2120.0,0.0,0.0,5280.0,11560.0,285120.0,19600.0,0.0,0.0,0.0,0.0,0.0,0.0
2026-02-28T07:00:00+01:00,12360.0,0.0,0.0,6200.0,1640.0,0.0,0.0,1280.0,5120.0,12760.0,0.0,0.0,0.0,0.0,0.0,3880.0,0.0,160.0,0.0,0.0,5000.0,1640.0,0.0,0.0,440.0,120.0,80.0,0.0,0.0,0.0,0.0,0.0,1680.0,0.0,115400.0,0.0,0.0,11200.0,1640.0,0.0,0.0,1720.0,10280.0,96240.0,0.0,0.0,0.0,0.0,0.0,5560.0,0.0
2026-02-28T08:00:00+01:00,9600.0,0.0,0.0,1240.0,0.0,0.0,0.0,2040.0,4040.0,10400.0,0.0,0.0,0.0,0.0,0.0,0.0,0.0,240.0,0.0,0.0,1240.0,0.0,0.0,0.0,320.0,160.0,40.0,0.0,0.0,0.0,0.0,0.0,0.0,0.0,26640.0,0.0,0.0,1240.0,0.0,0.0,0.0,8320.0,36920.0,40239.0,0.0,0.0,0.0,0.0,0.0,0.0,0.0
2026-02-28T09:00:00+01:00,2600.0,520.0,0.0,0.0,0.0,0.0,0.0,2000.0,2000.0,13040.0,1880.0,0.0,0.0,0.0,0.0,0.0,0.0,160.0,160.0,0.0,0.0,0.0,0.0,0.0,2000.0,200.0,160.0,160.0,0.0,0.0,0.0,0.0,0.0,0.0,7400.0,680.0,0.0,0.0,0.0,0.0,0.0,2000.0,8200.0,206230.0,2360.0,0.0,0.0,0.0,0.0,0.0,0.0
2026-02-28T10:00:00+01:00,4560.0,3440.0,0.0,400.0,0.0,0.0,0.0,0.0,1840.0,13260.0,5480.0,520.0,0.0,0.0,0.0,400.0,0.0,160.0,3440.0,0.0,400.0,0.0,0.0,0.0,0.0,200.0,40.0,160.0,240.0,0.0,0.0,0.0,400.0,0.0,43760.0,3440.0,0.0,400.0,0.0,0.0,0.0,0.0,8320.0,579920.0,37000.0,760.0,0.0,0.0,0.0,400.0,0.0
2026-02-28T11:00:00+01:00,6000.0,11200.0,0.0,1720.0,0.0,2280.0,0.0,12760.0,5840.0,13240.0,11280.0,10440.0,0.0,0.0,0.0,6640.0,0.0,200.0,40.0,0.0,120.0,0.0,2280.0,0.0,760.0,120.0,40.0,160.0,240.0,0.0,0.0,0.0,520.0,0.0,63760.0,21720.0,0.0,3440.0,0.0,2280.0,0.0,37440.0,81320.0,984930.0,44270.0,14760.0,0.0,0.0,0.0,16400.0,0.0
2026-02-28T12:00:00+01:00,9040.0,5560.0,0.0,7930.0,13200.0,0.0,0.0,9320.0,1400.0,13240.0,10000.0,3240.0,0.0,0.0,0.0,0.0,0.0,200.0,160.0,0.0,360.0,640.0,0.0,0.0,240.0,280.0,40.0,120.0,3240.0,0.0,0.0,0.0,0.0,0.0,50480.0,8570.0,0.0,19530.0,34360.0,0.0,0.0,179920.0,2720.0,937559.0,56920.0,3240.0,0.0,0.0,0.0,0.0,0.0
2026-02-28T13:00:00+01:00,7880.0,7440.0,0.0,1960.0,880.0,0.0,0.0,12640.0,4320.0,12800.0,9240.0,1600.0,0.0,0.0,0.0,0.0,0.0,120.0,840.0,0.0,160.0,880.0,0.0,0.0,240.0,160.0,20.0,120.0,800.0,0.0,0.0,0.0,0.0,0.0,30160.0,16240.0,0.0,5720.0,880.0,0.0,0.0,273080.0,40720.0,826880.0,35720.0,2400.0,0.0,0.0,0.0,0.0,0.0
2026-02-28T14:00:00+01:00,12640.0,5040.0,0.0,0.0,10880.0,0.0,0.0,7800.0,3960.0,12170.0,12480.0,0.0,0.0,0.0,0.0,0.0,0.0,160.0,440.0,0.0,0.0,840.0,0.0,0.0,240.0,40.0,40.0,160.0,0.0,0.0,0.0,0.0,0.0,0.0,124200.0,12480.0,0.0,0.0,19840.0,0.0,0.0,54880.0,45760.0,375679.0,18480.0,0.0,0.0,0.0,0.0,0.0,0.0
2026-02-28T15:00:00+01:00,4520.0,5040.0,0.0,4000.0,5240.0,0.0,0.0,8400.0,9720.0,13040.0,10640.0,0.0,0.0,0.0,0.0,3040.0,0.0,160.0,1280.0,0.0,4000.0,240.0,0.0,0.0,240.0,200.0,40.0,160.0,0.0,0.0,0.0,0.0,360.0,0.0,56720.0,12520.0,0.0,4000.0,5480.0,0.0,0.0,69199.0,127200.0,385840.0,41680.0,0.0,0.0,0.0,0.0,3400.0,0.0
2026-02-28T16:00:00+01:00,7320.0,360.0,0.0,480.0,12760.0,0.0,0.0,10240.0,9680.0,11640.0,2000.0,240.0,0.0,0.0,0.0,0.0,0.0,360.0,360.0,0.0,480.0,240.0,0.0,0.0,240.0,80.0,40.0,160.0,240.0,0.0,0.0,0.0,0.0,0.0,53480.0,360.0,0.0,480.0,70400.0,0.0,0.0,135840.0,98600.0,522220.0,11320.0,240.0,0.0,0.0,0.0,0.0,0.0
2026-02-28T17:00:00+01:00,8480.0,9840.0,0.0,2200.0,0.0,0.0,0.0,0.0,4400.0,13160.0,10720.0,0.0,0.0,0.0,0.0,0.0,0.0,200.0,8200.0,0.0,120.0,0.0,0.0,0.0,0.0,40.0,20.0,120.0,0.0,0.0,0.0,0.0,0.0,0.0,86160.0,26400.0,0.0,4800.0,0.0,0.0,0.0,0.0,104520.0,1004689.0,113360.0,0.0,0.0,0.0,0.0,0.0,0.0
2026-02-28T18:00:00+01:00,12560.0,7520.0,0.0,0.0,13040.0,0.0,0.0,0.0,2280.0,13040.0,1760.0,0.0,0.0,0.0,0.0,0.0,0.0,160.0,160.0,0.0,0.0,240.0,0.0,0.0,0.0,720.0,60.0,240.0,0.0,0.0,0.0,0.0,0.0,0.0,443730.0,14040.0,0.0,0.0,164040.0,0.0,0.0,0.0,11480.0,1341449.0,7600.0,0.0,0.0,0.0,0.0,0.0,0.0
2026-02-28T19:00:00+01:00,12280.0,8200.0,0.0,6600.0,0.0,0.0,0.0,0.0,0.0,13160.0,7400.0,0.0,0.0,0.0,0.0,0.0,0.0,150.0,240.0,0.0,160.0,0.0,0.0,0.0,0.0,0.0,20.0,520.0,0.0,0.0,0.0,0.0,0.0,0.0,611746.0,30560.0,0.0,11440.0,0.0,0.0,0.0,0.0,0.0,605499.0,13840.0,0.0,0.0,0.0,0.0,0.0,0.0
2026-02-28T20:00:00+01:00,12560.0,3440.0,0.0,1960.0,0.0,0.0,0.0,0.0,0.0,12960.0,0.0,0.0,0.0,0.0,0.0,0.0,0.0,160.0,40.0,0.0,1960.0,0.0,0.0,0.0,0.0,0.0,80.0,0.0,0.0,0.0,0.0,0.0,0.0,0.0,520798.0,8640.0,0.0,1960.0,0.0,0.0,0.0,0.0,0.0,454920.0,0.0,0.0,0.0,0.0,0.0,0.0,0.0
2026-02-28T21:00:00+01:00,10000.0,11440.0,0.0,0.0,4440.0,0.0,0.0,3280.0,0.0,13200.0,0.0,160.0,0.0,0.0,0.0,0.0,0.0,160.0,1240.0,0.0,0.0,3160.0,0.0,0.0,240.0,0.0,160.0,0.0,160.0,0.0,0.0,0.0,0.0,0.0,166959.0,19320.0,0.0,0.0,7600.0,0.0,0.0,11400.0,0.0,416700.0,0.0,160.0,0.0,0.0,0.0,0.0,0.0
2026-02-28T22:00:00+01:00,5640.0,8000.0,10200.0,1720.0,1240.0,0.0,0.0,12360.0,0.0,12600.0,320.0,0.0,0.0,0.0,0.0,0.0,0.0,160.0,1200.0,160.0,120.0,240.0,0.0,0.0,320.0,0.0,40.0,320.0,0.0,0.0,0.0,0.0,0.0,0.0,45840.0,13280.0,118520.0,2480.0,3160.0,0.0,0.0,227280.0,0.0,286980.0,320.0,0.0,0.0,0.0,0.0,0.0,0.0
2026-02-28T23:00:00+01:00,9640.0,480.0,4000.0,0.0,0.0,0.0,0.0,13160.0,0.0,13120.0,0.0,8880.0,0.0,0.0,0.0,0.0,0.0,80.0,480.0,160.0,0.0,0.0,0.0,0.0,880.0,0.0,30.0,0.0,360.0,0.0,0.0,0.0,0.0,0.0,245440.0,480.0,70120.0,0.0,0.0,0.0,0.0,321080.0,0.0,674350.0,0.0,11720.0,0.0,0.0,0.0,0.0,0.0
2026-03-01T00:00:00+01:00,12240.0,1640.0,7240.0,640.0,360.0,0.0,0.0,13040.0,0.0,13080.0,0.0,0.0,0.0,0.0,0.0,0.0,0.0,120.0,320.0,120.0,640.0,360.0,0.0,0.0,1440.0,0.0,20.0,0.0,0.0,0.0,0.0,0.0,0.0,0.0,542000.0,1960.0,91000.0,1280.0,360.0,0.0,0.0,297558.0,0.0,601110.0,0.0,0.0,0.0,0.0,0.0,0.0,0.0
2026-03-01T01:00:00+01:00,8000.0,3280.0,10360.0,0.0,2440.0,0.0,0.0,13120.0,0.0,12840.0,440.0,0.0,0.0,0.0,0.0,0.0,0.0,120.0,1120.0,120.0,0.0,520.0,0.0,0.0,920.0,0.0,80.0,320.0,0.0,0.0,0.0,0.0,0.0,0.0,161040.0,4400.0,376680.0,0.0,5320.0,0.0,0.0,197400.0,0.0,566779.0,760.0,0.0,0.0,0.0,0.0,0.0,0.0
2026-03-01T02:00:00+01:00,8840.0,6000.0,6000.0,8039.0,1120.0,0.0,0.0,12240.0,0.0,12680.0,0.0,760.0,0.0,0.0,0.0,0.0,0.0,160.0,720.0,160.0,160.0,240.0,0.0,0.0,160.0,0.0,160.0,0.0,200.0,0.0,0.0,0.0,0.0,0.0,25120.0,10160.0,70160.0,9999.0,4280.0,0.0,0.0,109480.0,0.0,348750.0,0.0,960.0,0.0,0.0,0.0,0.0,0.0
2026-03-01T03:00:00+01:00,7840.0,480.0,2160.0,2000.0,2320.0,0.0,0.0,12960.0,0.0,12400.0,8240.0,0.0,0.0,0.0,0.0,0.0,0.0,160.0,200.0,160.0,280.0,1360.0,0.0,0.0,240.0,0.0,160.0,720.0,0.0,0.0,0.0,0.0,0.0,0.0,26720.0,680.0,10480.0,3640.0,3680.0,0.0,0.0,52880.0,0.0,287150.0,8960.0,0.0,0.0,0.0,0.0,0.0,0.0
2026-03-01T04:00:00+01:00,4520.0,0.0,3720.0,1400.0,1640.0,0.0,0.0,13160.0,0.0,12840.0,4520.0,0.0,0.0,0.0,0.0,0.0,0.0,160.0,0.0,160.0,1320.0,1640.0,0.0,0.0,240.0,0.0,160.0,840.0,0.0,0.0,0.0,0.0,0.0,0.0,39080.0,0.0,70240.0,2720.0,1640.0,0.0,0.0,179200.0,0.0,473010.0,11440.0,0.0,0.0,0.0,0.0,0.0,0.0
2026-03-01T05:00:00+01:00,4120.0,0.0,3720.0,2000.0,6080.0,0.0,0.0,11640.0,0.0,12360.0,0.0,0.0,0.0,0.0,0.0,1600.0,0.0,160.0,0.0,160.0,480.0,1960.0,0.0,0.0,8760.0,0.0,120.0,0.0,0.0,0.0,0.0,0.0,1600.0,0.0,23160.0,0.0,67840.0,4800.0,22120.0,0.0,0.0,31160.0,0.0,80440.0,0.0,0.0,0.0,0.0,0.0,1600.0,0.0
2026-03-01T06:00:00+01:00,12440.0,0.0,3600.0,120.0,10040.0,0.0,0.0,0.0,0.0,3520.0,0.0,0.0,0.0,0.0,0.0,0.0,0.0,160.0,0.0,160.0,120.0,240.0,0.0,0.0,0.0,0.0,680.0,0.0,0.0,0.0,0.0,0.0,0.0,0.0,109319.0,0.0,36360.0,120.0,90920.0,0.0,0.0,0.0,0.0,7360.0,0.0,0.0,0.0,0.0,0.0,0.0,0.0
2026-03-01T07:00:00+01:00,3960.0,1480.0,0.0,1440.0,0.0,0.0,0.0,0.0,0.0,9920.0,400.0,0.0,0.0,0.0,0.0,0.0,0.0,120.0,1480.0,0.0,1440.0,0.0,0.0,0.0,0.0,0.0,240.0,400.0,0.0,0.0,0.0,0.0,0.0,0.0,75600.0,1480.0,0.0,1440.0,0.0,0.0,0.0,0.0,0.0,63710.0,400.0,0.0,0.0,0.0,0.0,0.0,0.0
2026-03-01T08:00:00+01:00,8560.0,200.0,0.0,3800.0,0.0,0.0,0.0,0.0,4200.0,12080.0,0.0,0.0,0.0,0.0,0.0,4720.0,0.0,120.0,200.0,0.0,80.0,0.0,0.0,0.0,0.0,240.0,80.0,0.0,0.0,0.0,0.0,0.0,4720.0,0.0,187800.0,200.0,0.0,7440.0,0.0,0.0,0.0,0.0,15720.0,34160.0,0.0,0.0,0.0,0.0,0.0,4720.0,0.0
2026-03-01T09:00:00+01:00,6120.0,0.0,0.0,2000.0,1840.0,0.0,0.0,0.0,6000.0,10760.0,200.0,0.0,0.0,0.0,0.0,120.0,0.0,240.0,0.0,0.0,240.0,1840.0,0.0,0.0,0.0,240.0,80.0,200.0,0.0,0.0,0.0,0.0,120.0,0.0,93920.0,0.0,0.0,2240.0,1840.0,0.0,0.0,0.0,62600.0,60000.0,200.0,0.0,0.0,0.0,0.0,120.0,0.0
2026-03-01T10:00:00+01:00,12440.0,11000.0,0.0,2000.0,0.0,0.0,0.0,0.0,12120.0,13000.0,12480.0,0.0,0.0,0.0,0.0,80.0,0.0,160.0,160.0,0.0,1200.0,0.0,0.0,0.0,0.0,160.0,80.0,360.0,0.0,0.0,0.0,0.0,80.0,0.0,93760.0,11360.0,0.0,5000.0,0.0,0.0,0.0,0.0,381120.0,355040.0,16920.0,0.0,0.0,0.0,0.0,80.0,0.0
2026-03-01T11:00:00+01:00,7400.0,0.0,0.0,2000.0,0.0,0.0,0.0,0.0,2000.0,12800.0,11560.0,0.0,0.0,0.0,0.0,0.0,0.0,160.0,0.0,0.0,360.0,0.0,0.0,0.0,0.0,40.0,40.0,200.0,0.0,0.0,0.0,0.0,0.0,0.0,25400.0,0.0,0.0,6840.0,0.0,0.0,0.0,0.0,12120.0,311320.0,34200.0,0.0,0.0,0.0,0.0,0.0,0.0
2026-03-01T12:00:00+01:00,12320.0,0.0,0.0,200.0,0.0,0.0,0.0,0.0,2760.0,13000.0,240.0,0.0,0.0,0.0,0.0,320.0,0.0,160.0,0.0,0.0,200.0,0.0,0.0,0.0,0.0,160.0,80.0,240.0,0.0,0.0,0.0,0.0,320.0,0.0,354439.0,0.0,0.0,200.0,0.0,0.0,0.0,0.0,7440.0,543438.0,240.0,0.0,0.0,0.0,0.0,320.0,0.0
2026-03-01T13:00:00+01:00,12880.0,8240.0,0.0,1480.0,0.0,0.0,0.0,0.0,2840.0,12560.0,6240.0,0.0,0.0,0.0,0.0,2040.0,0.0,120.0,80.0,0.0,800.0,0.0,0.0,0.0,0.0,600.0,120.0,160.0,0.0,0.0,0.0,0.0,200.0,0.0,280680.0,19279.0,0.0,4700.0,0.0,0.0,0.0,0.0,5440.0,559440.0,17440.0,0.0,0.0,0.0,0.0,5240.0,0.0
2026-03-01T14:00:00+01:00,12000.0,4040.0,0.0,0.0,0.0,0.0,0.0,0.0,0.0,11840.0,5200.0,0.0,0.0,0.0,0.0,0.0,0.0,120.0,280.0,0.0,0.0,0.0,0.0,0.0,0.0,0.0,120.0,1120.0,0.0,0.0,0.0,0.0,0.0,0.0,93600.0,13960.0,0.0,0.0,0.0,0.0,0.0,0.0,0.0,500440.0,21440.0,0.0,0.0,0.0,0.0,0.0,0.0
2026-03-01T15:00:00+01:00,11440.0,5840.0,2000.0,1800.0,0.0,0.0,0.0,0.0,2440.0,13000.0,8800.0,0.0,0.0,0.0,0.0,0.0,0.0,160.0,80.0,2000.0,1800.0,0.0,0.0,0.0,0.0,40.0,80.0,360.0,0.0,0.0,0.0,0.0,0.0,0.0,51840.0,7680.0,2000.0,1800.0,0.0,0.0,0.0,0.0,21960.0,268680.0,10000.0,0.0,0.0,0.0,0.0,0.0,0.0
2026-03-01T16:00:00+01:00,12560.0,4640.0,0.0,0.0,0.0,0.0,0.0,0.0,1920.0,12960.0,4160.0,0.0,0.0,0.0,0.0,0.0,0.0,280.0,1080.0,0.0,0.0,0.0,0.0,0.0,0.0,160.0,40.0,200.0,0.0,0.0,0.0,0.0,0.0,0.0,40040.0,7200.0,0.0,0.0,0.0,0.0,0.0,0.0,12080.0,886080.0,7480.0,0.0,0.0,0.0,0.0,0.0,0.0
2026-03-01T17:00:00+01:00,240.0,4440.0,0.0,2180.0,0.0,0.0,0.0,0.0,480.0,12880.0,6800.0,0.0,0.0,0.0,0.0,1360.0,0.0,240.0,120.0,0.0,560.0,0.0,0.0,0.0,0.0,120.0,40.0,160.0,0.0,0.0,0.0,0.0,1360.0,0.0,240.0,4560.0,0.0,2740.0,0.0,0.0,0.0,0.0,600.0,1109240.0,36560.0,0.0,0.0,0.0,0.0,1360.0,0.0
2026-03-01T18:00:00+01:00,11840.0,8680.0,1880.0,520.0,0.0,0.0,0.0,0.0,0.0,12880.0,9920.0,0.0,0.0,0.0,0.0,0.0,0.0,120.0,720.0,280.0,520.0,0.0,0.0,0.0,0.0,0.0,80.0,120.0,0.0,0.0,0.0,0.0,0.0,0.0,45080.0,17320.0,2800.0,520.0,0.0,0.0,0.0,0.0,0.0,432030.0,16000.0,0.0,0.0,0.0,0.0,0.0,0.0
2026-03-01T19:00:00+01:00,10760.0,10000.0,0.0,0.0,0.0,0.0,0.0,0.0,3720.0,11400.0,1960.0,1040.0,0.0,0.0,0.0,0.0,1480.0,120.0,120.0,0.0,0.0,0.0,0.0,0.0,0.0,440.0,120.0,1200.0,1040.0,0.0,0.0,0.0,0.0,1480.0,26360.0,69920.0,0.0,0.0,0.0,0.0,0.0,0.0,12560.0,157680.0,3160.0,1040.0,0.0,0.0,0.0,0.0,1480.0
2026-03-01T20:00:00+01:00,4680.0,0.0,0.0,400.0,0.0,0.0,0.0,0.0,2400.0,12640.0,0.0,0.0,0.0,0.0,0.0,0.0,0.0,280.0,0.0,0.0,400.0,0.0,0.0,0.0,0.0,2400.0,120.0,0.0,0.0,0.0,0.0,0.0,0.0,0.0,5440.0,0.0,0.0,400.0,0.0,0.0,0.0,0.0,2400.0,93560.0,0.0,0.0,0.0,0.0,0.0,0.0,0.0
2026-03-01T21:00:00+01:00,4720.0,2000.0,400.0,0.0,0.0,0.0,0.0,0.0,0.0,13040.0,0.0,0.0,0.0,0.0,0.0,0.0,0.0,200.0,1840.0,400.0,0.0,0.0,0.0,0.0,0.0,0.0,280.0,0.0,0.0,0.0,0.0,0.0,0.0,0.0,11040.0,3840.0,400.0,0.0,0.0,0.0,0.0,0.0,0.0,136080.0,0.0,0.0,0.0,0.0,0.0,0.0,0.0
2026-03-01T22:00:00+01:00,2320.0,6040.0,160.0,0.0,0.0,0.0,0.0,0.0,0.0,12920.0,0.0,0.0,0.0,0.0,0.0,0.0,0.0,280.0,2720.0,160.0,0.0,0.0,0.0,0.0,0.0,0.0,200.0,0.0,0.0,0.0,0.0,0.0,0.0,0.0,5880.0,8760.0,160.0,0.0,0.0,0.0,0.0,0.0,0.0,137080.0,0.0,0.0,0.0,0.0,0.0,0.0,0.0
2026-03-01T23:00:00+01:00,800.0,0.0,0.0,0.0,0.0,0.0,0.0,0.0,0.0,1760.0,0.0,0.0,0.0,0.0,0.0,0.0,0.0,800.0,0.0,0.0,0.0,0.0,0.0,0.0,0.0,0.0,160.0,0.0,0.0,0.0,0.0,0.0,0.0,0.0,800.0,0.0,0.0,0.0,0.0,0.0,0.0,0.0,0.0,7640.0,0.0,0.0,0.0,0.0,0.0,0.0,0.0
2026-03-02T00:00:00+01:00,0.0,0.0,0.0,0.0,10080.0,0.0,0.0,0.0,0.0,6240.0,0.0,200.0,0.0,0.0,0.0,0.0,0.0,0.0,0.0,0.0,0.0,240.0,0.0,0.0,0.0,0.0,400.0,0.0,200.0,0.0,0.0,0.0,0.0,0.0,0.0,0.0,0.0,0.0,51680.0,0.0,0.0,0.0,0.0,8520.0,0.0,200.0,0.0,0.0,0.0,0.0,0.0
2026-03-02T01:00:00+01:00,1960.0,0.0,0.0,120.0,1920.0,0.0,0.0,0.0,0.0,4040.0,0.0,0.0,0.0,0.0,0.0,0.0,0.0,1960.0,0.0,0.0,120.0,240.0,0.0,0.0,0.0,0.0,120.0,0.0,0.0,0.0,0.0,0.0,0.0,0.0,1960.0,0.0,0.0,120.0,8320.0,0.0,0.0,0.0,0.0,6560.0,0.0,0.0,0.0,0.0,0.0,0.0,0.0
2026-03-02T02:00:00+01:00,2000.0,0.0,2000.0,0.0,240.0,0.0,0.0,0.0,0.0,9360.0,0.0,0.0,0.0,0.0,0.0,0.0,0.0,400.0,0.0,160.0,0.0,240.0,0.0,0.0,0.0,0.0,240.0,0.0,0.0,0.0,0.0,0.0,0.0,0.0,13680.0,0.0,10480.0,0.0,240.0,0.0,0.0,0.0,0.0,34720.0,0.0,0.0,0.0,0.0,0.0,0.0,0.0
2026-03-02T03:00:00+01:00,1960.0,0.0,1960.0,0.0,1680.0,0.0,0.0,0.0,0.0,1440.0,0.0,0.0,0.0,0.0,0.0,0.0,0.0,400.0,0.0,160.0,0.0,1680.0,0.0,0.0,0.0,0.0,320.0,0.0,0.0,0.0,0.0,0.0,0.0,0.0,8640.0,0.0,11440.0,0.0,1680.0,0.0,0.0,0.0,0.0,3080.0,0.0,0.0,0.0,0.0,0.0,0.0,0.0
2026-03-02T04:00:00+01:00,1720.0,0.0,1920.0,0.0,0.0,0.0,0.0,0.0,0.0,1880.0,0.0,0.0,0.0,0.0,0.0,0.0,0.0,1720.0,0.0,640.0,0.0,0.0,0.0,0.0,0.0,0.0,1880.0,0.0,0.0,0.0,0.0,0.0,0.0,0.0,1720.0,0.0,4280.0,0.0,0.0,0.0,0.0,0.0,0.0,1880.0,0.0,0.0,0.0,0.0,0.0,0.0,0.0
2026-03-02T05:00:00+01:00,8640.0,0.0,2000.0,0.0,0.0,0.0,0.0,0.0,0.0,6400.0,0.0,0.0,0.0,0.0,0.0,0.0,0.0,400.0,0.0,200.0,0.0,0.0,0.0,0.0,0.0,0.0,160.0,0.0,0.0,0.0,0.0,0.0,0.0,0.0,13400.0,0.0,30040.0,0.0,0.0,0.0,0.0,0.0,0.0,16080.0,0.0,0.0,0.0,0.0,0.0,0.0,0.0
2026-03-02T06:00:00+01:00,7040.0,640.0,2240.0,0.0,0.0,0.0,0.0,0.0,1560.0,12880.0,0.0,1640.0,0.0,0.0,0.0,0.0,0.0,240.0,640.0,160.0,0.0,0.0,0.0,0.0,0.0,1160.0,30.0,0.0,1240.0,0.0,0.0,0.0,0.0,0.0,19840.0,640.0,47720.0,0.0,0.0,0.0,0.0,0.0,4000.0,265770.0,0.0,2880.0,0.0,0.0,0.0,0.0,0.0
2026-03-02T07:00:00+01:00,7480.0,9600.0,0.0,560.0,0.0,0.0,0.0,0.0,0.0,12920.0,3360.0,0.0,0.0,0.0,0.0,1040.0,0.0,240.0,120.0,0.0,560.0,0.0,0.0,0.0,0.0,0.0,40.0,120.0,0.0,0.0,0.0,0.0,1040.0,0.0,10240.0,41040.0,0.0,560.0,0.0,0.0,0.0,0.0,0.0,185960.0,10800.0,0.0,0.0,0.0,0.0,1040.0,0.0
2026-03-02T08:00:00+01:00,4160.0,5120.0,0.0,0.0,0.0,0.0,0.0,0.0,1720.0,11240.0,1480.0,0.0,0.0,0.0,0.0,640.0,0.0,160.0,320.0,0.0,0.0,0.0,0.0,0.0,0.0,1720.0,40.0,160.0,0.0,0.0,0.0,0.0,640.0,0.0,9080.0,5840.0,0.0,0.0,0.0,0.0,0.0,0.0,1720.0,125520.0,7080.0,0.0,0.0,0.0,0.0,640.0,0.0
2026-03-02T09:00:00+01:00,4720.0,5080.0,0.0,2090.0,0.0,0.0,0.0,0.0,3440.0,11400.0,1880.0,0.0,0.0,0.0,0.0,0.0,0.0,240.0,200.0,0.0,1160.0,0.0,0.0,0.0,0.0,200.0,40.0,120.0,0.0,0.0,0.0,0.0,0.0,0.0,36120.0,5680.0,0.0,7770.0,0.0,0.0,0.0,0.0,19080.0,228800.0,5520.0,0.0,0.0,0.0,0.0,0.0,0.0
2026-03-02T10:00:00+01:00,12040.0,2860.0,0.0,2600.0,0.0,0.0,0.0,0.0,6960.0,12600.0,10720.0,8400.0,0.0,0.0,0.0,2960.0,10440.0,160.0,200.0,0.0,240.0,0.0,0.0,0.0,0.0,160.0,40.0,200.0,240.0,0.0,0.0,0.0,2960.0,10440.0,296000.0,3060.0,0.0,5850.0,0.0,0.0,0.0,0.0,14160.0,1187479.0,111440.0,36830.0,0.0,0.0,0.0,2960.0,10440.0
2026-03-02T11:00:00+01:00,12360.0,4170.0,0.0,5840.0,0.0,0.0,0.0,10800.0,4000.0,12960.0,11920.0,6960.0,0.0,0.0,0.0,0.0,1280.0,120.0,360.0,0.0,2000.0,0.0,0.0,0.0,280.0,200.0,20.0,240.0,1120.0,0.0,0.0,0.0,0.0,1280.0,233680.0,6810.0,0.0,7840.0,0.0,0.0,0.0,67440.0,15880.0,1657499.0,223190.0,50650.0,0.0,0.0,0.0,0.0,1280.0
2026-03-02T12:00:00+01:00,12000.0,6280.0,0.0,360.0,0.0,0.0,0.0,12120.0,7240.0,12960.0,12280.0,8840.0,0.0,0.0,0.0,560.0,9680.0,160.0,680.0,0.0,360.0,0.0,0.0,0.0,600.0,240.0,40.0,120.0,620.0,0.0,0.0,0.0,560.0,200.0,487237.0,10040.0,0.0,360.0,0.0,0.0,0.0,91479.0,69040.0,1486569.0,209040.0,35980.0,0.0,0.0,0.0,560.0,59760.0
2026-03-02T13:00:00+01:00,10840.0,11420.0,0.0,0.0,0.0,0.0,0.0,12480.0,2600.0,12120.0,5160.0,9400.0,0.0,0.0,0.0,0.0,0.0,280.0,20.0,0.0,0.0,0.0,0.0,0.0,240.0,480.0,80.0,160.0,40.0,0.0,0.0,0.0,0.0,0.0,99220.0,23080.0,0.0,0.0,0.0,0.0,0.0,210680.0,7120.0,761879.0,34840.0,66080.0,0.0,0.0,0.0,0.0,0.0
2026-03-02T14:00:00+01:00,4360.0,4360.0,0.0,2040.0,0.0,0.0,0.0,9080.0,2000.0,12520.0,4760.0,12640.0,0.0,0.0,0.0,0.0,0.0,120.0,200.0,0.0,2040.0,0.0,0.0,0.0,320.0,280.0,80.0,160.0,240.0,0.0,0.0,0.0,0.0,0.0,11160.0,17190.0,0.0,2040.0,0.0,0.0,0.0,78720.0,6360.0,434690.0,40840.0,106929.0,0.0,0.0,0.0,0.0,0.0
2026-03-02T15:00:00+01:00,7640.0,11520.0,0.0,0.0,0.0,0.0,0.0,11080.0,1080.0,12720.0,12120.0,10880.0,0.0,0.0,0.0,0.0,3120.0,80.0,400.0,0.0,0.0,0.0,0.0,0.0,240.0,320.0,20.0,280.0,240.0,0.0,0.0,0.0,0.0,3120.0,49160.0,29750.0,0.0,0.0,0.0,0.0,0.0,116360.0,3920.0,1686744.0,274300.0,132240.0,0.0,0.0,0.0,0.0,3120.0
2026-03-02T16:00:00+01:00,11160.0,11960.0,0.0,0.0,0.0,0.0,0.0,5680.0,3960.0,12800.0,10440.0,11840.0,0.0,0.0,0.0,12040.0,0.0,160.0,10.0,0.0,0.0,0.0,0.0,0.0,240.0,200.0,10.0,160.0,240.0,0.0,0.0,0.0,1200.0,0.0,106640.0,145270.0,0.0,0.0,0.0,0.0,0.0,30560.0,33440.0,1272739.0,141040.0,59430.0,0.0,0.0,0.0,13240.0,0.0
2026-03-02T17:00:00+01:00,5080.0,3960.0,0.0,0.0,0.0,0.0,0.0,0.0,8000.0,12520.0,11600.0,880.0,0.0,0.0,0.0,0.0,11720.0,160.0,1200.0,0.0,0.0,0.0,0.0,0.0,0.0,40.0,10.0,200.0,880.0,0.0,0.0,0.0,0.0,11720.0,38680.0,6760.0,0.0,0.0,0.0,0.0,0.0,0.0,64320.0,464849.0,39780.0,880.0,0.0,0.0,0.0,0.0,11720.0
2026-03-02T18:00:00+01:00,9960.0,2480.0,1360.0,0.0,640.0,0.0,0.0,0.0,2360.0,12760.0,7200.0,520.0,0.0,0.0,0.0,0.0,0.0,40.0,230.0,160.0,0.0,640.0,0.0,0.0,0.0,120.0,20.0,360.0,520.0,0.0,0.0,0.0,0.0,0.0,120360.0,9350.0,1520.0,0.0,640.0,0.0,0.0,0.0,12600.0,697628.0,49160.0,520.0,0.0,0.0,0.0,0.0,0.0
2026-03-02T19:00:00+01:00,10000.0,4520.0,2280.0,240.0,2200.0,0.0,0.0,0.0,1400.0,12760.0,0.0,0.0,0.0,0.0,0.0,40.0,0.0,120.0,1160.0,680.0,240.0,360.0,0.0,0.0,0.0,160.0,20.0,0.0,0.0,0.0,0.0,0.0,40.0,0.0,220480.0,5680.0,7520.0,240.0,8960.0,0.0,0.0,0.0,4680.0,351450.0,0.0,0.0,0.0,0.0,0.0,40.0,0.0
2026-03-02T20:00:00+01:00,12000.0,10000.0,640.0,0.0,760.0,0.0,0.0,0.0,0.0,12800.0,0.0,480.0,0.0,0.0,0.0,0.0,0.0,80.0,680.0,280.0,0.0,320.0,0.0,0.0,0.0,0.0,120.0,0.0,480.0,0.0,0.0,0.0,0.0,0.0,849959.0,13480.0,920.0,0.0,1080.0,0.0,0.0,0.0,0.0,466929.0,0.0,480.0,0.0,0.0,0.0,0.0,0.0
2026-03-02T21:00:00+01:00,10000.0,720.0,1640.0,0.0,960.0,0.0,0.0,0.0,0.0,12720.0,640.0,0.0,0.0,0.0,0.0,0.0,0.0,120.0,720.0,680.0,0.0,640.0,0.0,0.0,0.0,0.0,80.0,640.0,0.0,0.0,0.0,0.0,0.0,0.0,521240.0,1440.0,3240.0,0.0,1600.0,0.0,0.0,0.0,0.0,204990.0,640.0,0.0,0.0,0.0,0.0,0.0,0.0
2026-03-02T22:00:00+01:00,3760.0,0.0,0.0,0.0,2800.0,0.0,0.0,0.0,0.0,12360.0,0.0,0.0,0.0,0.0,0.0,0.0,0.0,400.0,0.0,0.0,0.0,2800.0,0.0,0.0,0.0,0.0,40.0,0.0,0.0,0.0,0.0,0.0,0.0,0.0,33560.0,0.0,0.0,0.0,2800.0,0.0,0.0,0.0,0.0,84320.0,0.0,0.0,0.0,0.0,0.0,0.0,0.0
2026-03-02T23:00:00+01:00,2040.0,0.0,0.0,0.0,1080.0,0.0,0.0,0.0,0.0,3720.0,0.0,0.0,0.0,0.0,0.0,0.0,0.0,600.0,0.0,0.0,0.0,440.0,0.0,0.0,0.0,0.0,160.0,0.0,0.0,0.0,0.0,0.0,0.0,0.0,8880.0,0.0,0.0,0.0,1520.0,0.0,0.0,0.0,0.0,9820.0,0.0,0.0,0.0,0.0,0.0,0.0,0.0
2026-03-03T00:00:00+01:00,3760.0,0.0,0.0,0.0,440.0,0.0,0.0,0.0,0.0,360.0,0.0,0.0,0.0,0.0,0.0,0.0,0.0,120.0,0.0,0.0,0.0,440.0,0.0,0.0,0.0,0.0,360.0,0.0,0.0,0.0,0.0,0.0,0.0,0.0,16040.0,0.0,0.0,0.0,440.0,0.0,0.0,0.0,0.0,360.0,0.0,0.0,0.0,0.0,0.0,0.0,0.0
2026-03-03T01:00:00+01:00,4000.0,880.0,0.0,0.0,920.0,0.0,0.0,0.0,0.0,3680.0,0.0,0.0,0.0,0.0,0.0,0.0,0.0,360.0,200.0,0.0,0.0,680.0,0.0,0.0,0.0,0.0,640.0,0.0,0.0,0.0,0.0,0.0,0.0,0.0,57720.0,1080.0,0.0,0.0,2440.0,0.0,0.0,0.0,0.0,7840.0,0.0,0.0,0.0,0.0,0.0,0.0,0.0
2026-03-03T02:00:00+01:00,4600.0,5960.0,0.0,40.0,6920.0,0.0,0.0,0.0,440.0,5720.0,0.0,0.0,0.0,0.0,0.0,0.0,0.0,160.0,5960.0,0.0,40.0,240.0,0.0,0.0,0.0,80.0,80.0,0.0,0.0,0.0,0.0,0.0,0.0,0.0,181720.0,5960.0,0.0,40.0,17600.0,0.0,0.0,0.0,520.0,11280.0,0.0,0.0,0.0,0.0,0.0,0.0,0.0
2026-03-03T03:00:00+01:00,12000.0,4400.0,0.0,0.0,2600.0,0.0,0.0,0.0,0.0,1920.0,0.0,0.0,0.0,0.0,0.0,0.0,0.0,160.0,440.0,0.0,0.0,1440.0,0.0,0.0,0.0,0.0,1200.0,0.0,0.0,0.0,0.0,0.0,0.0,0.0,744080.0,10200.0,0.0,0.0,5760.0,0.0,0.0,0.0,0.0,4600.0,0.0,0.0,0.0,0.0,0.0,0.0,0.0
2026-03-03T04:00:00+01:00,12000.0,0.0,0.0,0.0,5040.0,0.0,0.0,0.0,0.0,2000.0,0.0,0.0,0.0,0.0,0.0,0.0,0.0,200.0,0.0,0.0,0.0,280.0,0.0,0.0,0.0,0.0,640.0,0.0,0.0,0.0,0.0,0.0,0.0,0.0,853760.0,0.0,0.0,0.0,18520.0,0.0,0.0,0.0,0.0,11800.0,0.0,0.0,0.0,0.0,0.0,0.0,0.0
2026-03-03T05:00:00+01:00,10000.0,120.0,0.0,0.0,2640.0,0.0,0.0,0.0,0.0,5880.0,0.0,0.0,0.0,0.0,0.0,0.0,0.0,200.0,120.0,0.0,0.0,240.0,0.0,0.0,0.0,0.0,520.0,0.0,0.0,0.0,0.0,0.0,0.0,0.0,471519.0,120.0,0.0,0.0,7000.0,0.0,0.0,0.0,0.0,18700.0,0.0,0.0,0.0,0.0,0.0,0.0,0.0
2026-03-03T06:00:00+01:00,11000.0,2640.0,800.0,0.0,4240.0,0.0,0.0,1840.0,0.0,11880.0,320.0,0.0,0.0,0.0,0.0,0.0,0.0,280.0,920.0,200.0,0.0,240.0,0.0,0.0,280.0,0.0,200.0,320.0,0.0,0.0,0.0,0.0,0.0,0.0,99680.0,3560.0,1640.0,0.0,5160.0,0.0,0.0,6120.0,0.0,136850.0,320.0,0.0,0.0,0.0,0.0,0.0,0.0
2026-03-03T07:00:00+01:00,6600.0,5360.0,0.0,0.0,0.0,0.0,0.0,2040.0,10040.0,12800.0,0.0,0.0,0.0,0.0,0.0,0.0,0.0,320.0,2680.0,0.0,0.0,0.0,0.0,0.0,200.0,40.0,120.0,0.0,0.0,0.0,0.0,0.0,0.0,0.0,16680.0,11840.0,0.0,0.0,0.0,0.0,0.0,4680.0,265060.0,676858.0,0.0,0.0,0.0,0.0,0.0,0.0,0.0
2026-03-03T08:00:00+01:00,3560.0,2060.0,0.0,3920.0,1960.0,0.0,0.0,10000.0,5160.0,12600.0,0.0,0.0,0.0,0.0,0.0,6080.0,0.0,200.0,2060.0,0.0,40.0,1960.0,0.0,0.0,200.0,160.0,10.0,0.0,0.0,0.0,0.0,0.0,480.0,0.0,5960.0,2060.0,0.0,6280.0,1960.0,0.0,0.0,97610.0,41320.0,878260.0,0.0,0.0,0.0,0.0,0.0,34480.0,0.0
2026-03-03T09:00:00+01:00,2640.0,0.0,0.0,6680.0,0.0,0.0,0.0,10800.0,0.0,12720.0,2040.0,0.0,0.0,0.0,0.0,4890.0,0.0,2640.0,0.0,0.0,240.0,0.0,0.0,0.0,240.0,0.0,10.0,2040.0,0.0,0.0,0.0,0.0,4890.0,0.0,2640.0,0.0,0.0,23400.0,0.0,0.0,0.0,196480.0,0.0,390740.0,2040.0,0.0,0.0,0.0,0.0,4890.0,0.0
2026-03-03T10:00:00+01:00,2000.0,0.0,0.0,12000.0,0.0,0.0,0.0,11800.0,0.0,12000.0,3320.0,0.0,0.0,0.0,0.0,1200.0,1080.0,160.0,0.0,0.0,120.0,0.0,0.0,0.0,200.0,0.0,40.0,720.0,0.0,0.0,0.0,0.0,1200.0,1000.0,7880.0,0.0,0.0,426560.0,0.0,0.0,0.0,276160.0,0.0,210709.0,5760.0,0.0,0.0,0.0,0.0,1200.0,2080.0
2026-03-03T11:00:00+01:00,11520.0,0.0,0.0,10000.0,0.0,0.0,0.0,11400.0,0.0,11640.0,7680.0,9880.0,0.0,0.0,0.0,3040.0,3960.0,120.0,0.0,0.0,160.0,0.0,0.0,0.0,170.0,0.0,70.0,200.0,240.0,0.0,0.0,0.0,240.0,320.0,176880.0,0.0,0.0,197040.0,0.0,0.0,0.0,126330.0,0.0,308760.0,15160.0,25800.0,0.0,0.0,0.0,3280.0,13760.0
2026-03-03T12:00:00+01:00,9600.0,0.0,0.0,12480.0,280.0,0.0,0.0,12080.0,7440.0,12530.0,9960.0,9640.0,0.0,0.0,0.0,12000.0,5240.0,120.0,0.0,0.0,90.0,280.0,0.0,0.0,240.0,200.0,10.0,200.0,240.0,0.0,0.0,0.0,160.0,2560.0,172200.0,0.0,0.0,299320.0,280.0,0.0,0.0,197519.0,28360.0,564767.0,71000.0,75280.0,0.0,0.0,0.0,57320.0,7800.0
2026-03-03T13:00:00+01:00,12280.0,12280.0,0.0,7800.0,0.0,0.0,0.0,11120.0,1720.0,12400.0,12480.0,12240.0,0.0,0.0,0.0,720.0,7880.0,160.0,20.0,0.0,360.0,0.0,0.0,0.0,360.0,1000.0,10.0,160.0,40.0,0.0,0.0,0.0,240.0,1160.0,481638.0,168230.0,0.0,28360.0,0.0,0.0,0.0,47280.0,2720.0,1350698.0,119800.0,250040.0,0.0,0.0,0.0,960.0,9040.0
2026-03-03T14:00:00+01:00,4800.0,6000.0,0.0,10000.0,0.0,0.0,0.0,11840.0,3800.0,12290.0,10440.0,11960.0,0.0,0.0,0.0,3180.0,6400.0,160.0,160.0,0.0,160.0,0.0,0.0,0.0,240.0,440.0,120.0,40.0,240.0,0.0,0.0,0.0,3180.0,2000.0,17600.0,32720.0,0.0,247520.0,0.0,0.0,0.0,220120.0,10480.0,1427709.0,90760.0,215640.0,0.0,0.0,0.0,3180.0,10520.0
2026-03-03T15:00:00+01:00,2840.0,3090.0,0.0,2950.0,0.0,0.0,0.0,12640.0,0.0,12560.0,12280.0,8800.0,0.0,0.0,0.0,0.0,0.0,240.0,2440.0,0.0,200.0,0.0,0.0,0.0,240.0,0.0,0.0,200.0,320.0,0.0,0.0,0.0,0.0,0.0,12680.0,5530.0,0.0,16070.0,0.0,0.0,0.0,222040.0,0.0,1365419.0,100000.0,53280.0,0.0,0.0,0.0,0.0,0.0
2026-03-03T16:00:00+01:00,10800.0,11880.0,0.0,0.0,8360.0,0.0,0.0,8840.0,800.0,12240.0,12000.0,10720.0,0.0,0.0,0.0,10320.0,0.0,120.0,200.0,0.0,0.0,1520.0,0.0,0.0,520.0,480.0,40.0,160.0,240.0,0.0,0.0,0.0,240.0,0.0,51760.0,31890.0,0.0,0.0,9880.0,0.0,0.0,59120.0,1280.0,1000998.0,265800.0,32920.0,0.0,0.0,0.0,11520.0,0.0
2026-03-03T17:00:00+01:00,7590.0,6320.0,0.0,0.0,0.0,0.0,0.0,0.0,7880.0,12400.0,11960.0,6840.0,0.0,0.0,0.0,0.0,6160.0,120.0,80.0,0.0,0.0,0.0,0.0,0.0,0.0,160.0,80.0,120.0,360.0,0.0,0.0,0.0,0.0,1520.0,21110.0,12590.0,0.0,0.0,0.0,0.0,0.0,0.0,120240.0,234760.0,158479.0,10520.0,0.0,0.0,0.0,0.0,7680.0
2026-03-03T18:00:00+01:00,12000.0,7280.0,4800.0,0.0,240.0,0.0,0.0,0.0,9000.0,12680.0,12560.0,6920.0,7600.0,0.0,0.0,0.0,1880.0,160.0,280.0,4800.0,0.0,240.0,0.0,0.0,0.0,640.0,160.0,240.0,3200.0,3560.0,0.0,0.0,0.0,1880.0,119040.0,52640.0,4800.0,0.0,240.0,0.0,0.0,0.0,35650.0,1259429.0,208159.0,19560.0,23120.0,0.0,0.0,0.0,1880.0
2026-03-03T19:00:00+01:00,6600.0,7080.0,800.0,0.0,7040.0,0.0,0.0,0.0,1200.0,12440.0,4400.0,0.0,0.0,0.0,0.0,0.0,0.0,160.0,400.0,360.0,0.0,280.0,0.0,0.0,0.0,1200.0,40.0,4400.0,0.0,0.0,0.0,0.0,0.0,0.0,11000.0,46560.0,1160.0,0.0,25400.0,0.0,0.0,0.0,1200.0,535759.0,4400.0,0.0,0.0,0.0,0.0,0.0,0.0
2026-03-03T20:00:00+01:00,6080.0,10920.0,240.0,0.0,2960.0,0.0,0.0,0.0,0.0,12080.0,0.0,0.0,0.0,0.0,0.0,0.0,0.0,80.0,1640.0,240.0,0.0,360.0,0.0,0.0,0.0,0.0,40.0,0.0,0.0,0.0,0.0,0.0,0.0,0.0,16320.0,26280.0,240.0,0.0,8120.0,0.0,0.0,0.0,0.0,319350.0,0.0,0.0,0.0,0.0,0.0,0.0,0.0
2026-03-03T21:00:00+01:00,6320.0,4040.0,0.0,5940.0,4600.0,0.0,0.0,0.0,0.0,10560.0,0.0,0.0,0.0,0.0,0.0,0.0,0.0,160.0,200.0,0.0,5940.0,280.0,0.0,0.0,0.0,0.0,40.0,0.0,0.0,0.0,0.0,0.0,0.0,0.0,9560.0,14120.0,0.0,5940.0,9240.0,0.0,0.0,0.0,0.0,167308.0,0.0,0.0,0.0,0.0,0.0,0.0,0.0
2026-03-03T22:00:00+01:00,10600.0,0.0,0.0,0.0,0.0,0.0,0.0,0.0,120.0,11800.0,0.0,0.0,0.0,0.0,0.0,0.0,0.0,240.0,0.0,0.0,0.0,0.0,0.0,0.0,0.0,120.0,160.0,0.0,0.0,0.0,0.0,0.0,0.0,0.0,13200.0,0.0,0.0,0.0,0.0,0.0,0.0,0.0,120.0,40570.0,0.0,0.0,0.0,0.0,0.0,0.0,0.0
2026-03-03T23:00:00+01:00,0.0,0.0,0.0,0.0,0.0,0.0,0.0,0.0,0.0,11280.0,0.0,0.0,0.0,0.0,0.0,0.0,0.0,0.0,0.0,0.0,0.0,0.0,0.0,0.0,0.0,0.0,40.0,0.0,0.0,0.0,0.0,0.0,0.0,0.0,0.0,0.0,0.0,0.0,0.0,0.0,0.0,0.0,0.0,41160.0,0.0,0.0,0.0,0.0,0.0,0.0,0.0
2026-03-04T00:00:00+01:00,1560.0,1240.0,360.0,0.0,0.0,0.0,0.0,0.0,0.0,5560.0,0.0,0.0,0.0,0.0,0.0,0.0,0.0,160.0,1240.0,360.0,0.0,0.0,0.0,0.0,0.0,0.0,480.0,0.0,0.0,0.0,0.0,0.0,0.0,0.0,1720.0,1240.0,360.0,0.0,0.0,0.0,0.0,0.0,0.0,20720.0,0.0,0.0,0.0,0.0,0.0,0.0,0.0
2026-03-04T01:00:00+01:00,1720.0,0.0,0.0,40.0,0.0,0.0,0.0,0.0,0.0,3000.0,0.0,0.0,0.0,0.0,0.0,0.0,0.0,320.0,0.0,0.0,40.0,0.0,0.0,0.0,0.0,0.0,440.0,0.0,0.0,0.0,0.0,0.0,0.0,0.0,2040.0,0.0,0.0,40.0,0.0,0.0,0.0,0.0,0.0,25000.0,0.0,0.0,0.0,0.0,0.0,0.0,0.0
2026-03-04T02:00:00+01:00,880.0,0.0,0.0,0.0,0.0,0.0,0.0,0.0,0.0,6000.0,0.0,0.0,0.0,0.0,0.0,0.0,0.0,880.0,0.0,0.0,0.0,0.0,0.0,0.0,0.0,0.0,160.0,0.0,0.0,0.0,0.0,0.0,0.0,0.0,880.0,0.0,0.0,0.0,0.0,0.0,0.0,0.0,0.0,160440.0,0.0,0.0,0.0,0.0,0.0,0.0,0.0
2026-03-04T03:00:00+01:00,240.0,0.0,0.0,0.0,0.0,0.0,0.0,0.0,0.0,9040.0,0.0,0.0,0.0,0.0,0.0,0.0,0.0,240.0,0.0,0.0,0.0,0.0,0.0,0.0,0.0,0.0,120.0,0.0,0.0,0.0,0.0,0.0,0.0,0.0,240.0,0.0,0.0,0.0,0.0,0.0,0.0,0.0,0.0,128000.0,0.0,0.0,0.0,0.0,0.0,0.0,0.0
2026-03-04T04:00:00+01:00,0.0,0.0,0.0,0.0,0.0,0.0,0.0,0.0,0.0,2000.0,0.0,0.0,0.0,0.0,0.0,0.0,0.0,0.0,0.0,0.0,0.0,0.0,0.0,0.0,0.0,0.0,360.0,0.0,0.0,0.0,0.0,0.0,0.0,0.0,0.0,0.0,0.0,0.0,0.0,0.0,0.0,0.0,0.0,12160.0,0.0,0.0,0.0,0.0,0.0,0.0,0.0
2026-03-04T05:00:00+01:00,200.0,0.0,0.0,0.0,0.0,0.0,0.0,0.0,0.0,12440.0,0.0,0.0,0.0,0.0,0.0,4520.0,0.0,200.0,0.0,0.0,0.0,0.0,0.0,0.0,0.0,0.0,960.0,0.0,0.0,0.0,0.0,0.0,4520.0,0.0,200.0,0.0,0.0,0.0,0.0,0.0,0.0,0.0,0.0,49420.0,0.0,0.0,0.0,0.0,0.0,4520.0,0.0
2026-03-04T06:00:00+01:00,720.0,0.0,0.0,0.0,0.0,0.0,0.0,0.0,3920.0,10840.0,4000.0,3280.0,0.0,0.0,0.0,0.0,0.0,720.0,0.0,0.0,0.0,0.0,0.0,0.0,0.0,240.0,200.0,120.0,160.0,0.0,0.0,0.0,0.0,0.0,720.0,0.0,0.0,0.0,0.0,0.0,0.0,0.0,20120.0,199409.0,20080.0,3440.0,0.0,0.0,0.0,0.0,0.0
2026-03-04T07:00:00+01:00,6920.0,5180.0,0.0,800.0,12400.0,0.0,0.0,4160.0,3560.0,11480.0,160.0,0.0,0.0,0.0,0.0,200.0,0.0,200.0,360.0,0.0,800.0,360.0,0.0,0.0,440.0,120.0,80.0,160.0,0.0,0.0,0.0,0.0,200.0,0.0,33200.0,18590.0,0.0,800.0,83440.0,0.0,0.0,7240.0,41000.0,247510.0,160.0,0.0,0.0,0.0,0.0,200.0,0.0
2026-03-04T08:00:00+01:00,2040.0,1720.0,0.0,2880.0,9640.0,0.0,0.0,0.0,2040.0,11880.0,1360.0,0.0,0.0,0.0,0.0,0.0,0.0,640.0,600.0,0.0,2880.0,240.0,0.0,0.0,0.0,160.0,40.0,200.0,0.0,0.0,0.0,0.0,0.0,0.0,8920.0,4840.0,0.0,2880.0,11960.0,0.0,0.0,0.0,29280.0,139690.0,2800.0,0.0,0.0,0.0,0.0,0.0,0.0
2026-03-04T09:00:00+01:00,6000.0,1440.0,0.0,0.0,0.0,0.0,0.0,0.0,12000.0,11800.0,12040.0,3640.0,0.0,0.0,0.0,600.0,0.0,200.0,1440.0,0.0,0.0,0.0,0.0,0.0,0.0,160.0,80.0,160.0,1320.0,0.0,0.0,0.0,600.0,0.0,15640.0,1440.0,0.0,0.0,0.0,0.0,0.0,0.0,324560.0,117230.0,24280.0,6800.0,0.0,0.0,0.0,600.0,0.0
2026-03-04T10:00:00+01:00,11520.0,7080.0,0.0,6040.0,240.0,8480.0,0.0,8440.0,10000.0,12480.0,11320.0,0.0,0.0,0.0,0.0,8080.0,5280.0,40.0,2100.0,0.0,160.0,240.0,800.0,0.0,160.0,120.0,20.0,240.0,0.0,0.0,0.0,0.0,8080.0,200.0,232398.0,14020.0,0.0,95880.0,240.0,11880.0,0.0,27720.0,172360.0,549740.0,95760.0,0.0,0.0,0.0,0.0,8080.0,11760.0
2026-03-04T11:00:00+01:00,12000.0,8080.0,0.0,11600.0,0.0,0.0,0.0,3120.0,12040.0,12360.0,11360.0,120.0,0.0,0.0,0.0,240.0,4000.0,120.0,320.0,0.0,160.0,0.0,0.0,0.0,280.0,80.0,120.0,320.0,120.0,0.0,0.0,0.0,40.0,160.0,779640.0,15120.0,0.0,272680.0,0.0,0.0,0.0,21760.0,179479.0,1437279.0,58760.0,120.0,0.0,0.0,0.0,280.0,9600.0
2026-03-04T12:00:00+01:00,11880.0,4400.0,0.0,5600.0,0.0,0.0,0.0,920.0,12360.0,12480.0,12000.0,8640.0,0.0,0.0,0.0,9840.0,0.0,160.0,2370.0,0.0,80.0,0.0,0.0,0.0,240.0,120.0,40.0,120.0,480.0,0.0,0.0,0.0,440.0,0.0,158840.0,13210.0,0.0,13080.0,0.0,0.0,0.0,1560.0,368554.0,1624370.0,266219.0,26240.0,0.0,0.0,0.0,42600.0,0.0
2026-03-04T13:00:00+01:00,8840.0,2970.0,0.0,0.0,0.0,0.0,0.0,1680.0,0.0,12160.0,12240.0,11560.0,0.0,0.0,0.0,0.0,6600.0,160.0,1520.0,0.0,0.0,0.0,0.0,0.0,240.0,0.0,20.0,160.0,1720.0,0.0,0.0,0.0,0.0,6600.0,88160.0,6410.0,0.0,0.0,0.0,0.0,0.0,4320.0,0.0,1249768.0,310560.0,19880.0,0.0,0.0,0.0,0.0,6600.0
2026-03-04T14:00:00+01:00,6120.0,12000.0,0.0,0.0,0.0,0.0,0.0,0.0,11480.0,11880.0,12000.0,10360.0,0.0,0.0,0.0,0.0,2200.0,160.0,160.0,0.0,0.0,0.0,0.0,0.0,0.0,2040.0,20.0,160.0,440.0,0.0,0.0,0.0,0.0,360.0,16400.0,266130.0,0.0,0.0,0.0,0.0,0.0,0.0,25480.0,1025597.0,244560.0,47680.0,0.0,0.0,0.0,0.0,3280.0
2026-03-04T15:00:00+01:00,4360.0,9840.0,0.0,0.0,0.0,0.0,0.0,4040.0,2320.0,11880.0,10000.0,11240.0,0.0,0.0,0.0,4640.0,4000.0,760.0,800.0,0.0,0.0,0.0,0.0,0.0,4040.0,480.0,40.0,160.0,200.0,0.0,0.0,0.0,440.0,560.0,20480.0,67040.0,0.0,0.0,0.0,0.0,0.0,4040.0,4400.0,306979.0,200640.0,74479.0,0.0,0.0,0.0,30000.0,11280.0
2026-03-04T16:00:00+01:00,8640.0,3320.0,0.0,360.0,0.0,0.0,0.0,4040.0,0.0,12200.0,10800.0,6280.0,0.0,0.0,0.0,0.0,0.0,160.0,920.0,0.0,360.0,0.0,0.0,0.0,4040.0,0.0,20.0,200.0,240.0,0.0,0.0,0.0,0.0,0.0,139160.0,7920.0,0.0,360.0,0.0,0.0,0.0,4040.0,0.0,1416676.0,122880.0,29480.0,0.0,0.0,0.0,0.0,0.0
2026-03-04T17:00:00+01:00,11920.0,9480.0,0.0,0.0,0.0,0.0,0.0,0.0,6040.0,12200.0,12280.0,8960.0,0.0,0.0,0.0,1440.0,0.0,120.0,400.0,0.0,0.0,0.0,0.0,0.0,0.0,280.0,40.0,120.0,280.0,0.0,0.0,0.0,1440.0,0.0,140719.0,82920.0,0.0,0.0,0.0,0.0,0.0,0.0,36720.0,1636277.0,116120.0,9240.0,0.0,0.0,0.0,1440.0,0.0
2026-03-04T18:00:00+01:00,10600.0,3040.0,2160.0,4360.0,0.0,0.0,0.0,0.0,2000.0,12400.0,12080.0,1440.0,0.0,0.0,0.0,0.0,0.0,160.0,80.0,2160.0,3000.0,0.0,0.0,0.0,0.0,360.0,40.0,720.0,240.0,0.0,0.0,0.0,0.0,0.0,67760.0,8760.0,2160.0,10400.0,0.0,0.0,0.0,0.0,12040.0,728449.0,19360.0,1960.0,0.0,0.0,0.0,0.0,0.0
2026-03-04T19:00:00+01:00,7320.0,7400.0,1840.0,920.0,0.0,0.0,0.0,0.0,4840.0,12240.0,640.0,360.0,0.0,0.0,0.0,0.0,0.0,160.0,80.0,280.0,400.0,0.0,0.0,0.0,0.0,240.0,160.0,640.0,240.0,0.0,0.0,0.0,0.0,0.0,41280.0,34520.0,5120.0,1320.0,0.0,0.0,0.0,0.0,17960.0,363140.0,640.0,600.0,0.0,0.0,0.0,0.0,0.0
2026-03-04T20:00:00+01:00,1920.0,6080.0,1360.0,0.0,0.0,0.0,0.0,0.0,0.0,11200.0,0.0,0.0,0.0,0.0,0.0,0.0,0.0,40.0,80.0,440.0,0.0,0.0,0.0,0.0,0.0,0.0,160.0,0.0,0.0,0.0,0.0,0.0,0.0,0.0,9040.0,22280.0,1800.0,0.0,0.0,0.0,0.0,0.0,0.0,222860.0,0.0,0.0,0.0,0.0,0.0,0.0,0.0
2026-03-04T21:00:00+01:00,8640.0,8240.0,640.0,0.0,920.0,0.0,0.0,0.0,160.0,11760.0,0.0,0.0,0.0,0.0,0.0,0.0,0.0,120.0,40.0,120.0,0.0,920.0,0.0,0.0,0.0,80.0,40.0,0.0,0.0,0.0,0.0,0.0,0.0,0.0,14440.0,26820.0,1960.0,0.0,920.0,0.0,0.0,0.0,240.0,318420.0,0.0,0.0,0.0,0.0,0.0,0.0,0.0
2026-03-04T22:00:00+01:00,7680.0,10040.0,0.0,0.0,0.0,0.0,0.0,0.0,0.0,11720.0,0.0,0.0,0.0,0.0,0.0,0.0,0.0,280.0,120.0,0.0,0.0,0.0,0.0,0.0,0.0,0.0,160.0,0.0,0.0,0.0,0.0,0.0,0.0,0.0,33400.0,151720.0,0.0,0.0,0.0,0.0,0.0,0.0,0.0,83030.0,0.0,0.0,0.0,0.0,0.0,0.0,0.0
2026-03-04T23:00:00+01:00,2040.0,3680.0,0.0,0.0,0.0,0.0,0.0,0.0,0.0,560.0,0.0,0.0,0.0,0.0,0.0,0.0,0.0,120.0,200.0,0.0,0.0,0.0,0.0,0.0,0.0,0.0,440.0,0.0,0.0,0.0,0.0,0.0,0.0,0.0,12360.0,68160.0,0.0,0.0,0.0,0.0,0.0,0.0,0.0,1480.0,0.0,0.0,0.0,0.0,0.0,0.0,0.0
2026-03-05T00:00:00+01:00,2000.0,3400.0,0.0,0.0,0.0,0.0,0.0,0.0,0.0,0.0,0.0,0.0,0.0,0.0,0.0,0.0,0.0,200.0,120.0,0.0,0.0,0.0,0.0,0.0,0.0,0.0,0.0,0.0,0.0,0.0,0.0,0.0,0.0,0.0,10560.0,58680.0,0.0,0.0,0.0,0.0,0.0,0.0,0.0,0.0,0.0,0.0,0.0,0.0,0.0,0.0,0.0
2026-03-05T01:00:00+01:00,1960.0,2040.0,0.0,0.0,0.0,0.0,0.0,0.0,0.0,0.0,0.0,0.0,0.0,0.0,0.0,0.0,0.0,280.0,120.0,0.0,0.0,0.0,0.0,0.0,0.0,0.0,0.0,0.0,0.0,0.0,0.0,0.0,0.0,0.0,9840.0,39800.0,0.0,0.0,0.0,0.0,0.0,0.0,0.0,0.0,0.0,0.0,0.0,0.0,0.0,0.0,0.0
2026-03-05T02:00:00+01:00,2000.0,2000.0,0.0,400.0,0.0,0.0,0.0,0.0,1280.0,1520.0,0.0,0.0,0.0,0.0,0.0,0.0,0.0,240.0,160.0,0.0,400.0,0.0,0.0,0.0,0.0,1280.0,40.0,0.0,0.0,0.0,0.0,0.0,0.0,0.0,24760.0,20800.0,0.0,400.0,0.0,0.0,0.0,0.0,1280.0,2080.0,0.0,0.0,0.0,0.0,0.0,0.0,0.0
2026-03-05T03:00:00+01:00,2000.0,2000.0,0.0,0.0,0.0,0.0,0.0,0.0,0.0,11440.0,0.0,0.0,0.0,0.0,0.0,0.0,0.0,240.0,200.0,0.0,0.0,0.0,0.0,0.0,0.0,0.0,160.0,0.0,0.0,0.0,0.0,0.0,0.0,0.0,3240.0,10000.0,0.0,0.0,0.0,0.0,0.0,0.0,0.0,11600.0,0.0,0.0,0.0,0.0,0.0,0.0,0.0
2026-03-05T04:00:00+01:00,0.0,2000.0,0.0,0.0,0.0,0.0,0.0,0.0,0.0,0.0,0.0,0.0,0.0,0.0,0.0,0.0,0.0,0.0,320.0,0.0,0.0,0.0,0.0,0.0,0.0,0.0,0.0,0.0,0.0,0.0,0.0,0.0,0.0,0.0,0.0,9160.0,0.0,0.0,0.0,0.0,0.0,0.0,0.0,0.0,0.0,0.0,0.0,0.0,0.0,0.0,0.0
2026-03-05T05:00:00+01:00,8280.0,2000.0,0.0,0.0,0.0,0.0,0.0,0.0,0.0,2320.0,0.0,0.0,0.0,0.0,0.0,0.0,0.0,3840.0,280.0,0.0,0.0,0.0,0.0,0.0,0.0,0.0,640.0,0.0,0.0,0.0,0.0,0.0,0.0,0.0,12120.0,10640.0,0.0,0.0,0.0,0.0,0.0,0.0,0.0,9870.0,0.0,0.0,0.0,0.0,0.0,0.0,0.0
2026-03-05T06:00:00+01:00,3160.0,1480.0,280.0,0.0,0.0,0.0,0.0,2800.0,640.0,11480.0,2200.0,280.0,0.0,0.0,0.0,3880.0,0.0,600.0,200.0,280.0,0.0,0.0,0.0,0.0,2800.0,200.0,120.0,480.0,280.0,0.0,0.0,0.0,1880.0,0.0,7800.0,1680.0,280.0,0.0,0.0,0.0,0.0,2800.0,840.0,83590.0,2680.0,280.0,0.0,0.0,0.0,5760.0,0.0
2026-03-05T07:00:00+01:00,1640.0,5040.0,0.0,0.0,0.0,0.0,0.0,0.0,0.0,12040.0,0.0,0.0,0.0,0.0,0.0,0.0,0.0,1640.0,280.0,0.0,0.0,0.0,0.0,0.0,0.0,0.0,40.0,0.0,0.0,0.0,0.0,0.0,0.0,0.0,1640.0,15920.0,0.0,0.0,0.0,0.0,0.0,0.0,0.0,165290.0,0.0,0.0,0.0,0.0,0.0,0.0,0.0
2026-03-05T08:00:00+01:00,4480.0,4030.0,0.0,1520.0,0.0,0.0,0.0,9960.0,10080.0,12280.0,0.0,0.0,0.0,0.0,0.0,0.0,2400.0,200.0,760.0,0.0,240.0,0.0,0.0,0.0,280.0,200.0,40.0,0.0,0.0,0.0,0.0,0.0,0.0,600.0,8280.0,7230.0,0.0,1760.0,0.0,0.0,0.0,38080.0,108960.0,611580.0,0.0,0.0,0.0,0.0,0.0,0.0,3000.0
2026-03-05T09:00:00+01:00,4000.0,0.0,0.0,2000.0,4000.0,0.0,0.0,7280.0,0.0,12040.0,400.0,240.0,960.0,0.0,0.0,840.0,0.0,240.0,0.0,0.0,160.0,320.0,0.0,0.0,120.0,0.0,50.0,400.0,240.0,960.0,0.0,0.0,840.0,0.0,38320.0,0.0,0.0,21840.0,12680.0,0.0,0.0,79280.0,0.0,1079989.0,400.0,240.0,960.0,0.0,0.0,840.0,0.0
2026-03-05T10:00:00+01:00,10720.0,2000.0,0.0,5160.0,8320.0,0.0,0.0,11280.0,7880.0,12040.0,11960.0,5040.0,0.0,0.0,0.0,1040.0,0.0,160.0,200.0,0.0,200.0,200.0,0.0,0.0,240.0,7880.0,40.0,160.0,280.0,0.0,0.0,0.0,1040.0,0.0,158840.0,10140.0,0.0,74560.0,95320.0,0.0,0.0,182280.0,7880.0,1247318.0,93650.0,20520.0,0.0,0.0,0.0,1040.0,0.0
2026-03-05T11:00:00+01:00,12000.0,8880.0,0.0,2000.0,9000.0,0.0,0.0,0.0,6880.0,12200.0,12000.0,5760.0,0.0,0.0,0.0,0.0,0.0,160.0,1560.0,0.0,2000.0,9000.0,0.0,0.0,0.0,880.0,10.0,120.0,70.0,0.0,0.0,0.0,0.0,0.0,320359.0,10440.0,0.0,2000.0,9000.0,0.0,0.0,0.0,9480.0,1225308.0,120320.0,12050.0,0.0,0.0,0.0,0.0,0.0
2026-03-05T12:00:00+01:00,10040.0,4000.0,0.0,0.0,120.0,0.0,0.0,3840.0,2720.0,12080.0,12240.0,2130.0,0.0,0.0,0.0,0.0,0.0,120.0,320.0,0.0,0.0,120.0,0.0,0.0,240.0,160.0,80.0,120.0,360.0,0.0,0.0,0.0,0.0,0.0,65800.0,11360.0,0.0,0.0,120.0,0.0,0.0,17960.0,7040.0,757448.0,60740.0,3210.0,0.0,0.0,0.0,0.0,0.0
2026-03-05T13:00:00+01:00,10880.0,10720.0,0.0,1400.0,6680.0,0.0,0.0,10840.0,0.0,12120.0,10840.0,12320.0,0.0,0.0,0.0,520.0,0.0,120.0,120.0,0.0,720.0,240.0,0.0,0.0,240.0,0.0,40.0,120.0,120.0,0.0,0.0,0.0,520.0,0.0,190400.0,83258.0,0.0,2120.0,21400.0,0.0,0.0,156560.0,0.0,1792195.0,124829.0,35840.0,0.0,0.0,0.0,520.0,0.0
2026-03-05T14:00:00+01:00,9520.0,7840.0,0.0,3960.0,0.0,0.0,0.0,6760.0,11960.0,12160.0,11960.0,8440.0,0.0,0.0,0.0,0.0,3600.0,200.0,160.0,0.0,2040.0,0.0,0.0,0.0,240.0,160.0,10.0,120.0,240.0,0.0,0.0,0.0,0.0,560.0,28720.0,168330.0,0.0,6000.0,0.0,0.0,0.0,68880.0,130560.0,1631368.0,150340.0,47240.0,0.0,0.0,0.0,0.0,6160.0
2026-03-05T15:00:00+01:00,10000.0,9680.0,0.0,0.0,0.0,0.0,0.0,11400.0,0.0,12280.0,10800.0,8880.0,0.0,0.0,0.0,0.0,0.0,200.0,240.0,0.0,0.0,0.0,0.0,0.0,240.0,0.0,0.0,160.0,240.0,0.0,0.0,0.0,0.0,0.0,60480.0,77300.0,0.0,0.0,0.0,0.0,0.0,156120.0,0.0,928267.0,307688.0,32320.0,0.0,0.0,0.0,0.0,0.0
2026-03-05T16:00:00+01:00,7480.0,9440.0,0.0,0.0,0.0,1280.0,0.0,9440.0,240.0,12160.0,11720.0,11440.0,0.0,0.0,0.0,7720.0,0.0,160.0,40.0,0.0,0.0,0.0,1280.0,0.0,240.0,240.0,20.0,240.0,240.0,0.0,0.0,0.0,7720.0,0.0,49400.0,72490.0,0.0,0.0,0.0,1280.0,0.0,92360.0,240.0,567170.0,155940.0,81600.0,0.0,0.0,0.0,7720.0,0.0
2026-03-05T17:00:00+01:00,10400.0,10560.0,480.0,1040.0,0.0,0.0,0.0,0.0,4680.0,12000.0,7960.0,4710.0,0.0,0.0,0.0,0.0,0.0,160.0,40.0,480.0,600.0,0.0,0.0,0.0,0.0,1320.0,120.0,160.0,240.0,0.0,0.0,0.0,0.0,0.0,142510.0,23040.0,480.0,1640.0,0.0,0.0,0.0,0.0,17720.0,375960.0,20760.0,23870.0,0.0,0.0,0.0,0.0,0.0
2026-03-05T18:00:00+01:00,8000.0,4200.0,0.0,2520.0,0.0,0.0,0.0,0.0,2840.0,12280.0,6960.0,9360.0,0.0,0.0,0.0,0.0,0.0,160.0,200.0,0.0,2520.0,0.0,0.0,0.0,0.0,280.0,10.0,120.0,600.0,0.0,0.0,0.0,0.0,0.0,22200.0,17440.0,0.0,2520.0,0.0,0.0,0.0,0.0,11200.0,784149.0,33680.0,20200.0,0.0,0.0,0.0,0.0,0.0
2026-03-05T19:00:00+01:00,2000.0,11800.0,200.0,2960.0,2360.0,0.0,0.0,0.0,7840.0,12320.0,5960.0,0.0,0.0,0.0,0.0,0.0,0.0,120.0,200.0,200.0,880.0,2360.0,0.0,0.0,0.0,760.0,10.0,560.0,0.0,0.0,0.0,0.0,0.0,0.0,22160.0,38240.0,200.0,3840.0,2360.0,0.0,0.0,0.0,8600.0,528329.0,16800.0,0.0,0.0,0.0,0.0,0.0,0.0
2026-03-05T20:00:00+01:00,8680.0,4080.0,0.0,1800.0,0.0,0.0,0.0,0.0,3920.0,11720.0,0.0,0.0,0.0,0.0,0.0,0.0,0.0,80.0,200.0,0.0,1800.0,0.0,0.0,0.0,0.0,1360.0,120.0,0.0,0.0,0.0,0.0,0.0,0.0,0.0,40760.0,28800.0,0.0,1800.0,0.0,0.0,0.0,0.0,5280.0,342200.0,0.0,0.0,0.0,0.0,0.0,0.0,0.0
2026-03-05T21:00:00+01:00,2000.0,2000.0,680.0,12080.0,0.0,0.0,0.0,0.0,0.0,12000.0,0.0,0.0,0.0,0.0,0.0,0.0,0.0,160.0,240.0,680.0,12080.0,0.0,0.0,0.0,0.0,0.0,160.0,0.0,0.0,0.0,0.0,0.0,0.0,0.0,36360.0,8680.0,680.0,12080.0,0.0,0.0,0.0,0.0,0.0,393660.0,0.0,0.0,0.0,0.0,0.0,0.0,0.0
2026-03-05T22:00:00+01:00,11880.0,12000.0,0.0,40.0,0.0,0.0,0.0,0.0,0.0,12000.0,0.0,0.0,0.0,0.0,0.0,0.0,0.0,200.0,160.0,0.0,40.0,0.0,0.0,0.0,0.0,0.0,240.0,0.0,0.0,0.0,0.0,0.0,0.0,0.0,190519.0,33280.0,0.0,40.0,0.0,0.0,0.0,0.0,0.0,174900.0,0.0,0.0,0.0,0.0,0.0,0.0,0.0
2026-03-05T23:00:00+01:00,12120.0,2000.0,0.0,1160.0,240.0,0.0,0.0,0.0,0.0,12000.0,0.0,0.0,0.0,0.0,0.0,0.0,0.0,200.0,200.0,0.0,1160.0,240.0,0.0,0.0,0.0,0.0,160.0,0.0,0.0,0.0,0.0,0.0,0.0,0.0,225320.0,5040.0,0.0,1160.0,240.0,0.0,0.0,0.0,0.0,115840.0,0.0,0.0,0.0,0.0,0.0,0.0,0.0
2026-03-06T00:00:00+01:00,12040.0,8000.0,0.0,0.0,2040.0,0.0,0.0,7440.0,0.0,10800.0,0.0,9960.0,0.0,0.0,0.0,0.0,0.0,160.0,200.0,0.0,0.0,200.0,0.0,0.0,200.0,0.0,40.0,0.0,640.0,0.0,0.0,0.0,0.0,0.0,986719.0,29640.0,0.0,0.0,39600.0,0.0,0.0,34560.0,0.0,200350.0,0.0,110280.0,0.0,0.0,0.0,0.0,0.0
2026-03-06T01:00:00+01:00,12120.0,6040.0,0.0,0.0,4040.0,0.0,0.0,1400.0,0.0,11160.0,0.0,10040.0,0.0,0.0,0.0,0.0,0.0,160.0,200.0,0.0,0.0,440.0,0.0,0.0,200.0,0.0,200.0,0.0,160.0,0.0,0.0,0.0,0.0,0.0,484560.0,13160.0,0.0,0.0,43280.0,0.0,0.0,1600.0,0.0,174087.0,0.0,218239.0,0.0,0.0,0.0,0.0,0.0
2026-03-06T02:00:00+01:00,11880.0,12120.0,0.0,0.0,2000.0,0.0,0.0,2000.0,2200.0,12280.0,0.0,11960.0,0.0,0.0,0.0,0.0,0.0,160.0,120.0,0.0,0.0,1960.0,0.0,0.0,2000.0,200.0,120.0,0.0,120.0,0.0,0.0,0.0,0.0,0.0,334879.0,100399.0,0.0,0.0,5920.0,0.0,0.0,2000.0,2400.0,119700.0,0.0,121000.0,0.0,0.0,0.0,0.0,0.0
2026-03-06T03:00:00+01:00,8000.0,9440.0,0.0,0.0,2000.0,0.0,0.0,0.0,0.0,6000.0,1000.0,1840.0,0.0,0.0,0.0,0.0,0.0,120.0,120.0,0.0,0.0,1720.0,0.0,0.0,0.0,0.0,80.0,1000.0,1280.0,0.0,0.0,0.0,0.0,0.0,385400.0,44520.0,0.0,0.0,5640.0,0.0,0.0,0.0,0.0,36080.0,1000.0,8400.0,0.0,0.0,0.0,0.0,0.0
2026-03-06T04:00:00+01:00,12000.0,11720.0,0.0,0.0,1560.0,0.0,0.0,1040.0,0.0,4000.0,0.0,11840.0,0.0,0.0,3560.0,0.0,1280.0,160.0,200.0,0.0,0.0,1320.0,0.0,0.0,1040.0,0.0,70.0,0.0,160.0,0.0,0.0,240.0,0.0,1280.0,166800.0,22600.0,0.0,0.0,4280.0,0.0,0.0,1040.0,0.0,38520.0,0.0,46240.0,0.0,0.0,6520.0,0.0,1280.0
2026-03-06T05:00:00+01:00,11520.0,4280.0,3280.0,12120.0,1400.0,0.0,4880.0,12080.0,480.0,12160.0,0.0,1760.0,0.0,0.0,3200.0,0.0,0.0,160.0,160.0,1920.0,160.0,280.0,0.0,1570.0,160.0,160.0,160.0,0.0,400.0,0.0,0.0,1520.0,0.0,0.0,320660.0,34410.0,5200.0,222190.0,1680.0,0.0,6450.0,23480.0,640.0,445420.0,0.0,7960.0,0.0,0.0,4720.0,0.0,0.0
2026-03-06T06:00:00+01:00,6000.0,2000.0,0.0,0.0,0.0,0.0,0.0,0.0,2000.0,12000.0,0.0,0.0,0.0,0.0,0.0,0.0,0.0,240.0,40.0,0.0,0.0,0.0,0.0,0.0,0.0,400.0,120.0,0.0,0.0,0.0,0.0,0.0,0.0,0.0,85400.0,7000.0,0.0,0.0,0.0,0.0,0.0,0.0,8040.0,692640.0,0.0,0.0,0.0,0.0,0.0,0.0,0.0
2026-03-06T07:00:00+01:00,920.0,4720.0,0.0,0.0,5160.0,0.0,0.0,0.0,4160.0,12280.0,4520.0,0.0,0.0,0.0,0.0,0.0,0.0,120.0,4720.0,0.0,0.0,440.0,0.0,0.0,0.0,120.0,40.0,160.0,0.0,0.0,0.0,0.0,0.0,0.0,1920.0,4720.0,0.0,0.0,6240.0,0.0,0.0,0.0,22920.0,612355.0,12800.0,0.0,0.0,0.0,0.0,0.0,0.0
2026-03-06T08:00:00+01:00,11240.0,0.0,840.0,0.0,1840.0,0.0,0.0,8160.0,7280.0,12200.0,1040.0,0.0,0.0,0.0,0.0,0.0,0.0,120.0,0.0,400.0,0.0,120.0,0.0,0.0,80.0,120.0,40.0,200.0,0.0,0.0,0.0,0.0,0.0,0.0,122760.0,0.0,1240.0,0.0,4720.0,0.0,0.0,18200.0,123440.0,489579.0,3400.0,0.0,0.0,0.0,0.0,0.0,0.0
2026-03-06T09:00:00+01:00,8000.0,2000.0,0.0,7960.0,2000.0,0.0,0.0,4000.0,5640.0,11920.0,8920.0,880.0,2000.0,0.0,0.0,0.0,6760.0,160.0,2000.0,0.0,200.0,1600.0,0.0,0.0,320.0,240.0,40.0,320.0,880.0,280.0,0.0,0.0,0.0,6760.0,74640.0,2000.0,0.0,49480.0,3600.0,0.0,0.0,17120.0,12680.0,420160.0,21920.0,880.0,8680.0,0.0,0.0,0.0,6760.0
2026-03-06T10:00:00+01:00,10520.0,7120.0,0.0,3000.0,2000.0,0.0,0.0,10520.0,9640.0,12120.0,11360.0,200.0,0.0,0.0,0.0,0.0,0.0,160.0,360.0,0.0,160.0,640.0,0.0,0.0,40.0,1000.0,160.0,160.0,200.0,0.0,0.0,0.0,0.0,0.0,226880.0,41960.0,0.0,18900.0,2640.0,0.0,0.0,93399.0,21360.0,477158.0,146040.0,200.0,0.0,0.0,0.0,0.0,0.0
2026-03-06T11:00:00+01:00,10520.0,3240.0,0.0,6160.0,8000.0,0.0,0.0,4880.0,11960.0,12200.0,10160.0,1040.0,2000.0,0.0,0.0,0.0,0.0,160.0,320.0,0.0,200.0,320.0,0.0,0.0,80.0,200.0,40.0,160.0,160.0,320.0,0.0,0.0,0.0,0.0,268520.0,7320.0,0.0,12120.0,56960.0,0.0,0.0,24720.0,141640.0,1843369.0,95480.0,1400.0,2920.0,0.0,0.0,0.0,0.0
2026-03-06T12:00:00+01:00,12040.0,12160.0,0.0,10960.0,8440.0,0.0,0.0,8600.0,11960.0,12200.0,12080.0,0.0,2040.0,0.0,7640.0,0.0,0.0,120.0,360.0,0.0,160.0,120.0,0.0,0.0,160.0,160.0,80.0,240.0,0.0,280.0,0.0,120.0,0.0,0.0,505878.0,35240.0,0.0,70840.0,60720.0,0.0,0.0,94520.0,148160.0,1711805.0,174600.0,0.0,2680.0,0.0,14160.0,0.0,0.0
2026-03-06T13:00:00+01:00,12080.0,11640.0,4880.0,11880.0,6720.0,0.0,0.0,11960.0,10040.0,11160.0,5120.0,0.0,0.0,0.0,0.0,0.0,0.0,160.0,280.0,200.0,40.0,1440.0,0.0,0.0,160.0,400.0,40.0,160.0,0.0,0.0,0.0,0.0,0.0,0.0,444120.0,80240.0,10560.0,40370.0,20800.0,0.0,0.0,243120.0,22880.0,738559.0,38880.0,0.0,0.0,0.0,0.0,0.0,0.0
2026-03-06T14:00:00+01:00,8760.0,11640.0,0.0,4400.0,0.0,0.0,0.0,12000.0,5360.0,12200.0,10000.0,240.0,0.0,0.0,0.0,5960.0,0.0,160.0,240.0,0.0,4400.0,0.0,0.0,0.0,1000.0,480.0,80.0,200.0,240.0,0.0,0.0,0.0,800.0,0.0,36880.0,107080.0,0.0,4400.0,0.0,0.0,0.0,31360.0,12120.0,1061800.0,127760.0,240.0,0.0,0.0,0.0,20360.0,0.0
2026-03-06T15:00:00+01:00,8840.0,4400.0,0.0,1320.0,0.0,0.0,0.0,0.0,4120.0,12080.0,10000.0,0.0,0.0,0.0,0.0,0.0,960.0,200.0,280.0,0.0,1320.0,0.0,0.0,0.0,0.0,160.0,120.0,160.0,0.0,0.0,0.0,0.0,0.0,960.0,39080.0,13840.0,0.0,1320.0,0.0,0.0,0.0,0.0,12960.0,705200.0,76320.0,0.0,0.0,0.0,0.0,0.0,960.0
2026-03-06T16:00:00+01:00,2600.0,7440.0,0.0,0.0,0.0,0.0,0.0,5480.0,2480.0,12120.0,12000.0,0.0,0.0,0.0,0.0,0.0,8000.0,160.0,160.0,0.0,0.0,0.0,0.0,0.0,2080.0,160.0,40.0,120.0,0.0,0.0,0.0,0.0,0.0,160.0,24440.0,29600.0,0.0,0.0,0.0,0.0,0.0,7560.0,16600.0,986640.0,103200.0,0.0,0.0,0.0,0.0,0.0,21760.0
2026-03-06T17:00:00+01:00,4840.0,6440.0,0.0,0.0,0.0,0.0,0.0,0.0,2560.0,12040.0,12120.0,880.0,0.0,0.0,0.0,0.0,0.0,160.0,1760.0,0.0,0.0,0.0,0.0,0.0,0.0,200.0,40.0,160.0,880.0,0.0,0.0,0.0,0.0,0.0,22760.0,8200.0,0.0,0.0,0.0,0.0,0.0,0.0,6480.0,2020338.0,299719.0,880.0,0.0,0.0,0.0,0.0,0.0
2026-03-06T18:00:00+01:00,12040.0,5840.0,7320.0,0.0,6240.0,0.0,0.0,0.0,10000.0,12160.0,3760.0,0.0,0.0,0.0,0.0,0.0,0.0,120.0,440.0,40.0,0.0,280.0,0.0,0.0,0.0,160.0,120.0,200.0,0.0,0.0,0.0,0.0,0.0,0.0,129960.0,17720.0,28520.0,0.0,69920.0,0.0,0.0,0.0,17920.0,1719999.0,21560.0,0.0,0.0,0.0,0.0,0.0,0.0
2026-03-06T19:00:00+01:00,11960.0,7800.0,0.0,840.0,0.0,0.0,0.0,2000.0,0.0,12040.0,5640.0,720.0,0.0,0.0,0.0,0.0,0.0,120.0,320.0,0.0,200.0,0.0,0.0,0.0,280.0,0.0,120.0,600.0,120.0,0.0,0.0,0.0,0.0,0.0,437400.0,51640.0,0.0,1040.0,0.0,0.0,0.0,2280.0,0.0,910319.0,15960.0,840.0,0.0,0.0,0.0,0.0,0.0
2026-03-06T20:00:00+01:00,12040.0,7440.0,0.0,240.0,0.0,0.0,0.0,400.0,240.0,12040.0,0.0,0.0,0.0,0.0,0.0,0.0,0.0,160.0,160.0,0.0,240.0,0.0,0.0,0.0,400.0,240.0,120.0,0.0,0.0,0.0,0.0,0.0,0.0,0.0,165320.0,16480.0,0.0,240.0,0.0,0.0,0.0,400.0,240.0,339320.0,0.0,0.0,0.0,0.0,0.0,0.0,0.0
2026-03-06T21:00:00+01:00,10000.0,1400.0,0.0,0.0,0.0,0.0,0.0,0.0,0.0,12000.0,1640.0,0.0,0.0,0.0,0.0,0.0,0.0,160.0,1400.0,0.0,0.0,0.0,0.0,0.0,0.0,0.0,80.0,320.0,0.0,0.0,0.0,0.0,0.0,0.0,126080.0,1400.0,0.0,0.0,0.0,0.0,0.0,0.0,0.0,282740.0,2520.0,0.0,0.0,0.0,0.0,0.0,0.0
2026-03-06T22:00:00+01:00,10520.0,4520.0,0.0,0.0,0.0,0.0,0.0,8039.0,0.0,12040.0,0.0,0.0,0.0,0.0,0.0,0.0,0.0,160.0,200.0,0.0,0.0,0.0,0.0,0.0,8039.0,0.0,40.0,0.0,0.0,0.0,0.0,0.0,0.0,0.0,59800.0,19960.0,0.0,0.0,0.0,0.0,0.0,8039.0,0.0,159240.0,0.0,0.0,0.0,0.0,0.0,0.0,0.0
2026-03-06T23:00:00+01:00,11440.0,4000.0,0.0,0.0,0.0,0.0,0.0,0.0,0.0,8880.0,0.0,1280.0,0.0,0.0,0.0,0.0,0.0,160.0,280.0,0.0,0.0,0.0,0.0,0.0,0.0,0.0,40.0,0.0,1280.0,0.0,0.0,0.0,0.0,0.0,84680.0,35840.0,0.0,0.0,0.0,0.0,0.0,0.0,0.0,147680.0,0.0,1280.0,0.0,0.0,0.0,0.0,0.0
2026-03-07T00:00:00+01:00,12000.0,0.0,0.0,0.0,0.0,0.0,0.0,0.0,0.0,11800.0,0.0,0.0,0.0,0.0,0.0,0.0,0.0,120.0,0.0,0.0,0.0,0.0,0.0,0.0,0.0,0.0,120.0,0.0,0.0,0.0,0.0,0.0,0.0,0.0,434800.0,0.0,0.0,0.0,0.0,0.0,0.0,0.0,0.0,232770.0,0.0,0.0,0.0,0.0,0.0,0.0,0.0
2026-03-07T01:00:00+01:00,7880.0,1640.0,0.0,1880.0,0.0,0.0,0.0,0.0,0.0,8400.0,4440.0,0.0,0.0,0.0,0.0,0.0,0.0,120.0,120.0,0.0,1880.0,0.0,0.0,0.0,0.0,0.0,80.0,200.0,0.0,0.0,0.0,0.0,0.0,0.0,247360.0,4160.0,0.0,1880.0,0.0,0.0,0.0,0.0,0.0,71080.0,22080.0,0.0,0.0,0.0,0.0,0.0,0.0
2026-03-07T02:00:00+01:00,11080.0,2960.0,0.0,1120.0,0.0,0.0,0.0,0.0,0.0,11440.0,7640.0,0.0,0.0,0.0,0.0,0.0,1640.0,120.0,320.0,0.0,160.0,0.0,0.0,0.0,0.0,0.0,80.0,480.0,0.0,0.0,0.0,0.0,0.0,800.0,183640.0,9240.0,0.0,1800.0,0.0,0.0,0.0,0.0,0.0,232360.0,12200.0,0.0,0.0,0.0,0.0,0.0,2440.0
2026-03-07T03:00:00+01:00,12120.0,3400.0,0.0,2040.0,0.0,0.0,0.0,0.0,0.0,11360.0,5640.0,0.0,0.0,0.0,0.0,0.0,0.0,160.0,120.0,0.0,160.0,0.0,0.0,0.0,0.0,0.0,160.0,200.0,0.0,0.0,0.0,0.0,0.0,0.0,555040.0,17440.0,0.0,7080.0,0.0,0.0,0.0,0.0,0.0,337799.0,17760.0,0.0,0.0,0.0,0.0,0.0,0.0
2026-03-07T04:00:00+01:00,12120.0,2000.0,0.0,2000.0,0.0,0.0,0.0,0.0,0.0,10880.0,0.0,0.0,0.0,0.0,0.0,0.0,0.0,160.0,720.0,0.0,160.0,0.0,0.0,0.0,0.0,0.0,160.0,0.0,0.0,0.0,0.0,0.0,0.0,0.0,958720.0,5400.0,0.0,10160.0,0.0,0.0,0.0,0.0,0.0,90760.0,0.0,0.0,0.0,0.0,0.0,0.0,0.0
2026-03-07T05:00:00+01:00,12000.0,2000.0,0.0,2000.0,0.0,0.0,0.0,0.0,0.0,9440.0,0.0,0.0,0.0,0.0,0.0,0.0,0.0,160.0,160.0,0.0,160.0,0.0,0.0,0.0,0.0,0.0,920.0,0.0,0.0,0.0,0.0,0.0,0.0,0.0,1003359.0,13600.0,0.0,15160.0,0.0,0.0,0.0,0.0,0.0,29040.0,0.0,0.0,0.0,0.0,0.0,0.0,0.0
2026-03-07T06:00:00+01:00,12040.0,1640.0,0.0,0.0,0.0,0.0,0.0,0.0,8000.0,11640.0,0.0,0.0,0.0,0.0,0.0,0.0,0.0,120.0,160.0,0.0,0.0,0.0,0.0,0.0,0.0,200.0,120.0,0.0,0.0,0.0,0.0,0.0,0.0,0.0,303320.0,3280.0,0.0,0.0,0.0,0.0,0.0,0.0,65000.0,42240.0,0.0,0.0,0.0,0.0,0.0,0.0,0.0
2026-03-07T07:00:00+01:00,0.0,0.0,0.0,0.0,0.0,0.0,0.0,0.0,12000.0,12120.0,0.0,5200.0,0.0,0.0,0.0,0.0,0.0,0.0,0.0,0.0,0.0,0.0,0.0,0.0,0.0,240.0,120.0,0.0,1240.0,0.0,0.0,0.0,0.0,0.0,0.0,0.0,0.0,0.0,0.0,0.0,0.0,0.0,323879.0,43880.0,0.0,6440.0,0.0,0.0,0.0,0.0,0.0
2026-03-07T08:00:00+01:00,4320.0,0.0,0.0,0.0,0.0,0.0,0.0,0.0,12040.0,11960.0,0.0,0.0,0.0,0.0,0.0,0.0,0.0,3000.0,0.0,0.0,0.0,0.0,0.0,0.0,0.0,120.0,240.0,0.0,0.0,0.0,0.0,0.0,0.0,0.0,7320.0,0.0,0.0,0.0,0.0,0.0,0.0,0.0,166160.0,116880.0,0.0,0.0,0.0,0.0,0.0,0.0,0.0
2026-03-07T09:00:00+01:00,11960.0,3840.0,0.0,320.0,0.0,0.0,0.0,0.0,10040.0,12040.0,240.0,800.0,0.0,0.0,0.0,0.0,0.0,120.0,1600.0,0.0,320.0,0.0,0.0,0.0,0.0,120.0,80.0,240.0,800.0,0.0,0.0,0.0,0.0,0.0,172000.0,8080.0,0.0,320.0,0.0,0.0,0.0,0.0,290650.0,779618.0,240.0,800.0,0.0,0.0,0.0,0.0,0.0
2026-03-07T10:00:00+01:00,12000.0,1680.0,0.0,0.0,0.0,0.0,0.0,320.0,12000.0,12000.0,5880.0,8880.0,0.0,0.0,0.0,0.0,0.0,120.0,1040.0,0.0,0.0,0.0,0.0,0.0,320.0,40.0,40.0,200.0,360.0,0.0,0.0,0.0,0.0,0.0,100640.0,2720.0,0.0,0.0,0.0,0.0,0.0,320.0,562100.0,778000.0,24560.0,12320.0,0.0,0.0,0.0,0.0,0.0
2026-03-07T11:00:00+01:00,9640.0,7240.0,0.0,2000.0,0.0,0.0,0.0,8000.0,12000.0,12040.0,1920.0,1920.0,0.0,0.0,0.0,0.0,0.0,40.0,280.0,0.0,2000.0,0.0,0.0,0.0,8000.0,80.0,80.0,160.0,160.0,0.0,0.0,0.0,0.0,0.0,28800.0,8320.0,0.0,2000.0,0.0,0.0,0.0,8000.0,748840.0,371439.0,7480.0,3920.0,0.0,0.0,0.0,0.0,0.0
2026-03-07T12:00:00+01:00,3880.0,1680.0,0.0,2840.0,0.0,0.0,0.0,0.0,12080.0,12000.0,5560.0,5000.0,0.0,0.0,0.0,0.0,360.0,120.0,1680.0,0.0,600.0,0.0,0.0,0.0,0.0,80.0,40.0,200.0,160.0,0.0,0.0,0.0,0.0,360.0,20680.0,1680.0,0.0,6130.0,0.0,0.0,0.0,0.0,375959.0,325060.0,12640.0,5360.0,0.0,0.0,0.0,0.0,360.0
2026-03-07T13:00:00+01:00,10040.0,9760.0,4800.0,5520.0,0.0,0.0,0.0,320.0,12000.0,11920.0,5420.0,0.0,0.0,0.0,0.0,0.0,0.0,120.0,1120.0,120.0,120.0,0.0,0.0,0.0,320.0,200.0,200.0,280.0,0.0,0.0,0.0,0.0,0.0,0.0,70640.0,12440.0,21280.0,50680.0,0.0,0.0,0.0,320.0,144879.0,218480.0,13260.0,0.0,0.0,0.0,0.0,0.0,0.0
2026-03-07T14:00:00+01:00,5960.0,0.0,1960.0,840.0,0.0,0.0,0.0,0.0,7680.0,11760.0,9040.0,200.0,0.0,0.0,0.0,0.0,0.0,120.0,0.0,280.0,840.0,0.0,0.0,0.0,0.0,80.0,40.0,200.0,200.0,0.0,0.0,0.0,0.0,0.0,67320.0,0.0,4040.0,840.0,0.0,0.0,0.0,0.0,127160.0,365639.0,55040.0,400.0,0.0,0.0,0.0,0.0,0.0
2026-03-07T15:00:00+01:00,3200.0,0.0,2840.0,0.0,0.0,0.0,0.0,0.0,7960.0,12080.0,7560.0,0.0,0.0,0.0,0.0,0.0,0.0,160.0,0.0,2840.0,0.0,0.0,0.0,0.0,0.0,160.0,80.0,480.0,0.0,0.0,0.0,0.0,0.0,0.0,7880.0,0.0,2840.0,0.0,0.0,0.0,0.0,0.0,279840.0,434360.0,21520.0,0.0,0.0,0.0,0.0,0.0,0.0
2026-03-07T16:00:00+01:00,10360.0,0.0,0.0,680.0,0.0,0.0,0.0,0.0,7360.0,11960.0,10040.0,0.0,0.0,0.0,0.0,0.0,0.0,160.0,0.0,0.0,680.0,0.0,0.0,0.0,0.0,160.0,80.0,320.0,0.0,0.0,0.0,0.0,0.0,0.0,111280.0,0.0,0.0,680.0,0.0,0.0,0.0,0.0,121440.0,570750.0,21640.0,0.0,0.0,0.0,0.0,0.0,0.0
2026-03-07T17:00:00+01:00,5240.0,1840.0,0.0,560.0,0.0,0.0,0.0,0.0,2520.0,12000.0,7480.0,1960.0,0.0,0.0,0.0,0.0,0.0,160.0,1560.0,0.0,560.0,0.0,0.0,0.0,0.0,160.0,120.0,720.0,240.0,0.0,0.0,0.0,0.0,0.0,49440.0,3400.0,0.0,560.0,0.0,0.0,0.0,0.0,38160.0,496320.0,8200.0,3400.0,0.0,0.0,0.0,0.0,0.0
2026-03-07T18:00:00+01:00,7080.0,6160.0,4000.0,800.0,0.0,0.0,0.0,520.0,1840.0,12000.0,0.0,0.0,0.0,0.0,0.0,0.0,0.0,120.0,240.0,120.0,120.0,0.0,0.0,0.0,520.0,320.0,80.0,0.0,0.0,0.0,0.0,0.0,0.0,0.0,26200.0,10160.0,22200.0,920.0,0.0,0.0,0.0,520.0,7000.0,365199.0,0.0,0.0,0.0,0.0,0.0,0.0,0.0
2026-03-07T19:00:00+01:00,4000.0,8240.0,640.0,0.0,0.0,0.0,0.0,0.0,0.0,11840.0,0.0,0.0,0.0,0.0,0.0,0.0,0.0,240.0,200.0,200.0,0.0,0.0,0.0,0.0,0.0,0.0,80.0,0.0,0.0,0.0,0.0,0.0,0.0,0.0,11760.0,49720.0,840.0,0.0,0.0,0.0,0.0,0.0,0.0,316760.0,0.0,0.0,0.0,0.0,0.0,0.0,0.0
2026-03-07T20:00:00+01:00,8720.0,5640.0,0.0,160.0,0.0,0.0,0.0,0.0,0.0,11960.0,2520.0,160.0,0.0,0.0,0.0,0.0,0.0,80.0,160.0,0.0,160.0,0.0,0.0,0.0,0.0,0.0,120.0,2520.0,160.0,0.0,0.0,0.0,0.0,0.0,20640.0,12720.0,0.0,160.0,0.0,0.0,0.0,0.0,0.0,554840.0,2520.0,160.0,0.0,0.0,0.0,0.0,0.0
2026-03-07T21:00:00+01:00,8320.0,3640.0,0.0,1360.0,0.0,0.0,0.0,10320.0,0.0,11720.0,11240.0,0.0,0.0,0.0,0.0,0.0,0.0,160.0,400.0,0.0,1360.0,0.0,0.0,0.0,10320.0,0.0,80.0,160.0,0.0,0.0,0.0,0.0,0.0,0.0,40320.0,8720.0,0.0,1360.0,0.0,0.0,0.0,10320.0,0.0,349758.0,65760.0,0.0,0.0,0.0,0.0,0.0,0.0
2026-03-07T22:00:00+01:00,12000.0,11080.0,0.0,2000.0,0.0,0.0,0.0,0.0,0.0,12040.0,0.0,0.0,0.0,0.0,0.0,0.0,0.0,160.0,160.0,0.0,200.0,0.0,0.0,0.0,0.0,0.0,120.0,0.0,0.0,0.0,0.0,0.0,0.0,0.0,445559.0,207120.0,0.0,2200.0,0.0,0.0,0.0,0.0,0.0,289880.0,0.0,0.0,0.0,0.0,0.0,0.0,0.0
2026-03-07T23:00:00+01:00,11960.0,11800.0,0.0,0.0,1520.0,0.0,0.0,0.0,0.0,9960.0,0.0,0.0,0.0,0.0,0.0,0.0,0.0,480.0,160.0,0.0,0.0,1520.0,0.0,0.0,0.0,0.0,440.0,0.0,0.0,0.0,0.0,0.0,0.0,0.0,149239.0,169680.0,0.0,0.0,1520.0,0.0,0.0,0.0,0.0,188277.0,0.0,0.0,0.0,0.0,0.0,0.0,0.0
2026-03-08T00:00:00+01:00,8200.0,1960.0,0.0,1640.0,8000.0,0.0,0.0,10440.0,0.0,10000.0,440.0,0.0,0.0,0.0,0.0,0.0,0.0,200.0,200.0,0.0,120.0,280.0,0.0,0.0,160.0,0.0,160.0,440.0,0.0,0.0,0.0,0.0,0.0,0.0,55800.0,5440.0,0.0,1760.0,80960.0,0.0,0.0,156840.0,0.0,169680.0,440.0,0.0,0.0,0.0,0.0,0.0,0.0
2026-03-08T01:00:00+01:00,10400.0,2840.0,0.0,3220.0,4000.0,0.0,0.0,8000.0,0.0,11160.0,0.0,0.0,0.0,0.0,0.0,0.0,0.0,240.0,240.0,0.0,240.0,200.0,0.0,0.0,360.0,0.0,120.0,0.0,0.0,0.0,0.0,0.0,0.0,0.0,90760.0,4080.0,0.0,8060.0,83280.0,0.0,0.0,219480.0,0.0,256840.0,0.0,0.0,0.0,0.0,0.0,0.0,0.0
2026-03-08T02:00:00+01:00,8960.0,2000.0,0.0,0.0,4040.0,0.0,0.0,3440.0,0.0,10840.0,720.0,0.0,0.0,0.0,0.0,0.0,0.0,120.0,680.0,0.0,0.0,440.0,0.0,0.0,640.0,0.0,80.0,720.0,0.0,0.0,0.0,0.0,0.0,0.0,219160.0,2680.0,0.0,0.0,50600.0,0.0,0.0,10800.0,0.0,207280.0,720.0,0.0,0.0,0.0,0.0,0.0,0.0
2026-03-08T03:00:00+01:00,10480.0,280.0,0.0,2560.0,2480.0,0.0,0.0,11960.0,0.0,11640.0,0.0,1200.0,0.0,0.0,0.0,0.0,0.0,120.0,280.0,0.0,160.0,200.0,0.0,0.0,160.0,0.0,160.0,0.0,160.0,0.0,0.0,0.0,0.0,0.0,193040.0,280.0,0.0,24360.0,6160.0,0.0,0.0,213760.0,0.0,243760.0,0.0,2320.0,0.0,0.0,0.0,0.0,0.0
2026-03-08T04:00:00+01:00,8000.0,3120.0,0.0,9960.0,520.0,0.0,0.0,0.0,0.0,10120.0,0.0,1520.0,0.0,0.0,0.0,0.0,0.0,160.0,160.0,0.0,160.0,200.0,0.0,0.0,0.0,0.0,160.0,0.0,440.0,0.0,0.0,0.0,0.0,0.0,122840.0,15560.0,0.0,167120.0,1960.0,0.0,0.0,0.0,0.0,197320.0,0.0,3880.0,0.0,0.0,0.0,0.0,0.0
2026-03-08T05:00:00+01:00,10560.0,520.0,0.0,200.0,0.0,0.0,0.0,0.0,0.0,11880.0,0.0,0.0,0.0,0.0,0.0,0.0,0.0,160.0,240.0,0.0,200.0,0.0,0.0,0.0,0.0,0.0,160.0,0.0,0.0,0.0,0.0,0.0,0.0,0.0,169760.0,1080.0,0.0,200.0,0.0,0.0,0.0,0.0,0.0,345760.0,0.0,0.0,0.0,0.0,0.0,0.0,0.0
2026-03-08T06:00:00+01:00,10160.0,3880.0,0.0,9560.0,0.0,0.0,0.0,0.0,6000.0,8600.0,4120.0,0.0,0.0,0.0,0.0,0.0,0.0,240.0,200.0,0.0,120.0,0.0,0.0,0.0,0.0,320.0,240.0,1880.0,0.0,0.0,0.0,0.0,0.0,0.0,63720.0,41400.0,0.0,47520.0,0.0,0.0,0.0,0.0,47040.0,126160.0,8000.0,0.0,0.0,0.0,0.0,0.0,0.0
2026-03-08T07:00:00+01:00,2000.0,0.0,0.0,0.0,0.0,0.0,0.0,0.0,2000.0,9640.0,0.0,0.0,0.0,0.0,0.0,0.0,0.0,440.0,0.0,0.0,0.0,0.0,0.0,0.0,0.0,200.0,200.0,0.0,0.0,0.0,0.0,0.0,0.0,0.0,13440.0,0.0,0.0,0.0,0.0,0.0,0.0,0.0,15960.0,31440.0,0.0,0.0,0.0,0.0,0.0,0.0,0.0
2026-03-08T08:00:00+01:00,2040.0,280.0,0.0,0.0,0.0,0.0,0.0,0.0,3520.0,9400.0,0.0,0.0,0.0,0.0,0.0,0.0,0.0,120.0,280.0,0.0,0.0,0.0,0.0,0.0,0.0,160.0,680.0,0.0,0.0,0.0,0.0,0.0,0.0,0.0,27160.0,280.0,0.0,0.0,0.0,0.0,0.0,0.0,76480.0,29080.0,0.0,0.0,0.0,0.0,0.0,0.0,0.0
2026-03-08T09:00:00+01:00,2080.0,4760.0,0.0,800.0,0.0,0.0,0.0,0.0,10360.0,11120.0,240.0,0.0,0.0,0.0,0.0,0.0,0.0,200.0,4760.0,0.0,800.0,0.0,0.0,0.0,0.0,160.0,40.0,240.0,0.0,0.0,0.0,0.0,0.0,0.0,18080.0,4760.0,0.0,800.0,0.0,0.0,0.0,0.0,436400.0,73560.0,240.0,0.0,0.0,0.0,0.0,0.0,0.0
2026-03-08T10:00:00+01:00,3680.0,0.0,0.0,0.0,0.0,0.0,0.0,0.0,11840.0,11800.0,5720.0,0.0,0.0,0.0,0.0,0.0,0.0,160.0,0.0,0.0,0.0,0.0,0.0,0.0,0.0,160.0,40.0,120.0,0.0,0.0,0.0,0.0,0.0,0.0,36160.0,0.0,0.0,0.0,0.0,0.0,0.0,0.0,443840.0,144960.0,13440.0,0.0,0.0,0.0,0.0,0.0,0.0
2026-03-08T11:00:00+01:00,6000.0,5280.0,0.0,0.0,0.0,0.0,0.0,0.0,10000.0,11840.0,4760.0,4760.0,0.0,0.0,0.0,0.0,0.0,200.0,5280.0,0.0,0.0,0.0,0.0,0.0,0.0,240.0,40.0,120.0,600.0,0.0,0.0,0.0,0.0,0.0,42840.0,5280.0,0.0,0.0,0.0,0.0,0.0,0.0,92520.0,160170.0,65000.0,5360.0,0.0,0.0,0.0,0.0,0.0
2026-03-08T12:00:00+01:00,8039.0,4400.0,0.0,1000.0,0.0,0.0,0.0,0.0,10240.0,11640.0,6000.0,0.0,0.0,0.0,0.0,0.0,0.0,120.0,4400.0,0.0,400.0,0.0,0.0,0.0,0.0,120.0,40.0,200.0,0.0,0.0,0.0,0.0,0.0,0.0,90199.0,4400.0,0.0,2280.0,0.0,0.0,0.0,0.0,251679.0,314480.0,50800.0,0.0,0.0,0.0,0.0,0.0,0.0
2026-03-08T13:00:00+01:00,11880.0,6920.0,0.0,1800.0,0.0,0.0,0.0,280.0,11800.0,11960.0,0.0,0.0,0.0,0.0,0.0,1200.0,0.0,120.0,1320.0,0.0,1800.0,0.0,0.0,0.0,280.0,120.0,40.0,0.0,0.0,0.0,0.0,0.0,1200.0,0.0,230999.0,8240.0,0.0,1800.0,0.0,0.0,0.0,280.0,286400.0,437920.0,0.0,0.0,0.0,0.0,0.0,1200.0,0.0
2026-03-08T14:00:00+01:00,1960.0,10040.0,0.0,0.0,0.0,0.0,0.0,0.0,11880.0,11720.0,0.0,0.0,0.0,0.0,0.0,0.0,0.0,160.0,160.0,0.0,0.0,0.0,0.0,0.0,0.0,120.0,120.0,0.0,0.0,0.0,0.0,0.0,0.0,0.0,13960.0,21120.0,0.0,0.0,0.0,0.0,0.0,0.0,318620.0,421979.0,0.0,0.0,0.0,0.0,0.0,0.0,0.0
2026-03-08T15:00:00+01:00,320.0,7840.0,0.0,960.0,0.0,0.0,0.0,0.0,3840.0,11480.0,9640.0,720.0,0.0,360.0,0.0,0.0,0.0,160.0,2000.0,0.0,960.0,0.0,0.0,0.0,0.0,160.0,80.0,920.0,720.0,0.0,80.0,0.0,0.0,0.0,480.0,19840.0,0.0,960.0,0.0,0.0,0.0,0.0,31920.0,289260.0,27640.0,720.0,0.0,440.0,0.0,0.0,0.0
2026-03-08T16:00:00+01:00,8560.0,1480.0,0.0,5920.0,0.0,0.0,0.0,0.0,9640.0,11800.0,2000.0,1720.0,0.0,0.0,0.0,0.0,0.0,200.0,360.0,0.0,680.0,0.0,0.0,0.0,0.0,40.0,160.0,240.0,1720.0,0.0,0.0,0.0,0.0,0.0,32560.0,1840.0,0.0,14000.0,0.0,0.0,0.0,0.0,109120.0,138240.0,3920.0,1720.0,0.0,0.0,0.0,0.0,0.0
2026-03-08T17:00:00+01:00,11800.0,4880.0,0.0,0.0,0.0,0.0,0.0,0.0,10000.0,11560.0,8640.0,0.0,0.0,0.0,0.0,0.0,0.0,200.0,120.0,0.0,0.0,0.0,0.0,0.0,0.0,80.0,40.0,8640.0,0.0,0.0,0.0,0.0,0.0,0.0,36040.0,13280.0,0.0,0.0,0.0,0.0,0.0,0.0,179630.0,363360.0,8640.0,0.0,0.0,0.0,0.0,0.0,0.0
2026-03-08T18:00:00+01:00,8920.0,4560.0,4000.0,200.0,8000.0,0.0,0.0,4000.0,5840.0,11920.0,0.0,0.0,0.0,0.0,0.0,0.0,0.0,240.0,400.0,200.0,200.0,200.0,0.0,0.0,200.0,40.0,80.0,0.0,0.0,0.0,0.0,0.0,0.0,0.0,49560.0,6960.0,16480.0,400.0,177280.0,0.0,0.0,12600.0,107240.0,834690.0,0.0,0.0,0.0,0.0,0.0,0.0,0.0
2026-03-08T19:00:00+01:00,11840.0,11920.0,0.0,2040.0,6400.0,0.0,0.0,2040.0,0.0,11800.0,0.0,2040.0,0.0,0.0,0.0,0.0,0.0,160.0,160.0,0.0,160.0,160.0,0.0,0.0,120.0,0.0,120.0,0.0,1760.0,0.0,0.0,0.0,0.0,0.0,356919.0,209360.0,0.0,8440.0,54320.0,0.0,0.0,9400.0,0.0,521760.0,0.0,3800.0,0.0,0.0,0.0,0.0,0.0
2026-03-08T20:00:00+01:00,10760.0,8000.0,0.0,0.0,4000.0,0.0,0.0,3480.0,0.0,11120.0,0.0,1160.0,0.0,0.0,0.0,0.0,0.0,160.0,160.0,0.0,0.0,200.0,0.0,0.0,560.0,0.0,160.0,0.0,160.0,0.0,0.0,0.0,0.0,0.0,128160.0,127840.0,0.0,0.0,48480.0,0.0,0.0,8440.0,0.0,687860.0,0.0,1680.0,0.0,0.0,0.0,0.0,0.0
2026-03-08T21:00:00+01:00,10640.0,9920.0,0.0,2320.0,2200.0,0.0,0.0,8000.0,0.0,10160.0,0.0,0.0,0.0,0.0,0.0,0.0,0.0,160.0,160.0,0.0,80.0,280.0,0.0,0.0,1240.0,0.0,160.0,0.0,0.0,0.0,0.0,0.0,0.0,0.0,54440.0,138960.0,0.0,2760.0,48800.0,0.0,0.0,67360.0,0.0,354080.0,0.0,0.0,0.0,0.0,0.0,0.0,0.0
2026-03-08T22:00:00+01:00,5000.0,4000.0,0.0,0.0,4000.0,0.0,0.0,2520.0,0.0,10360.0,0.0,8119.0,0.0,0.0,0.0,0.0,0.0,200.0,160.0,0.0,0.0,600.0,0.0,0.0,200.0,0.0,160.0,0.0,320.0,0.0,0.0,0.0,0.0,0.0,25120.0,41560.0,0.0,0.0,69840.0,0.0,0.0,20200.0,0.0,220400.0,0.0,176559.0,0.0,0.0,0.0,0.0,0.0
2026-03-08T23:00:00+01:00,1960.0,5000.0,0.0,0.0,2080.0,0.0,0.0,2000.0,0.0,10040.0,0.0,11880.0,0.0,0.0,0.0,0.0,0.0,280.0,120.0,0.0,0.0,200.0,0.0,0.0,200.0,0.0,360.0,0.0,160.0,0.0,0.0,0.0,0.0,0.0,4400.0,90600.0,0.0,0.0,41880.0,0.0,0.0,10200.0,0.0,75240.0,0.0,669520.0,0.0,0.0,0.0,0.0,0.0
2026-03-09T00:00:00+01:00,2000.0,2680.0,0.0,0.0,2040.0,0.0,0.0,3800.0,0.0,10000.0,0.0,11760.0,0.0,0.0,0.0,0.0,0.0,240.0,120.0,0.0,0.0,120.0,0.0,0.0,400.0,0.0,400.0,0.0,200.0,0.0,0.0,0.0,0.0,0.0,3600.0,62040.0,0.0,0.0,39280.0,0.0,0.0,6000.0,0.0,44240.0,0.0,654320.0,0.0,0.0,0.0,0.0,0.0
2026-03-09T01:00:00+01:00,1840.0,6040.0,0.0,0.0,3960.0,0.0,0.0,2000.0,0.0,0.0,0.0,10120.0,0.0,0.0,0.0,0.0,0.0,760.0,120.0,0.0,0.0,240.0,0.0,0.0,1200.0,0.0,0.0,0.0,120.0,0.0,0.0,0.0,0.0,0.0,2600.0,37480.0,0.0,0.0,68240.0,0.0,0.0,5160.0,0.0,0.0,0.0,664280.0,0.0,0.0,0.0,0.0,0.0
2026-03-09T02:00:00+01:00,3360.0,640.0,0.0,0.0,2400.0,0.0,0.0,2000.0,0.0,8000.0,0.0,7800.0,0.0,0.0,0.0,0.0,0.0,160.0,160.0,0.0,0.0,160.0,0.0,0.0,2000.0,0.0,8000.0,0.0,160.0,0.0,0.0,0.0,0.0,0.0,10240.0,5200.0,0.0,0.0,31400.0,0.0,0.0,2000.0,0.0,8000.0,0.0,185840.0,0.0,0.0,0.0,0.0,0.0
2026-03-09T03:00:00+01:00,2200.0,2000.0,0.0,0.0,4000.0,0.0,0.0,2000.0,0.0,4800.0,0.0,4000.0,0.0,0.0,0.0,0.0,0.0,160.0,160.0,0.0,0.0,160.0,0.0,0.0,160.0,0.0,240.0,0.0,160.0,0.0,0.0,0.0,0.0,0.0,22520.0,8040.0,0.0,0.0,47160.0,0.0,0.0,2160.0,0.0,15720.0,0.0,95840.0,0.0,0.0,0.0,0.0,0.0
2026-03-09T04:00:00+01:00,6040.0,1920.0,0.0,0.0,2280.0,0.0,0.0,200.0,0.0,4640.0,0.0,8000.0,0.0,0.0,0.0,0.0,0.0,240.0,120.0,0.0,0.0,160.0,0.0,0.0,160.0,0.0,240.0,0.0,160.0,0.0,0.0,0.0,0.0,0.0,36760.0,11080.0,0.0,0.0,41000.0,0.0,0.0,360.0,0.0,13400.0,0.0,102680.0,0.0,0.0,0.0,0.0,0.0
2026-03-09T05:00:00+01:00,3280.0,1800.0,0.0,0.0,6000.0,0.0,0.0,520.0,0.0,7880.0,0.0,4040.0,0.0,0.0,0.0,0.0,0.0,240.0,200.0,0.0,0.0,440.0,0.0,0.0,360.0,0.0,520.0,0.0,280.0,0.0,0.0,0.0,0.0,0.0,46520.0,24240.0,0.0,0.0,62760.0,0.0,0.0,1360.0,0.0,63400.0,0.0,117600.0,0.0,0.0,0.0,0.0,0.0
2026-03-09T06:00:00+01:00,6240.0,280.0,0.0,0.0,2000.0,0.0,0.0,0.0,6040.0,9320.0,0.0,160.0,0.0,0.0,0.0,0.0,0.0,120.0,200.0,0.0,0.0,200.0,0.0,0.0,0.0,160.0,160.0,0.0,160.0,0.0,0.0,0.0,0.0,0.0,126440.0,480.0,0.0,0.0,4360.0,0.0,0.0,0.0,28360.0,438880.0,0.0,160.0,0.0,0.0,0.0,0.0,0.0
2026-03-09T07:00:00+01:00,5160.0,40.0,0.0,800.0,2760.0,0.0,0.0,4200.0,3400.0,8200.0,2840.0,0.0,0.0,0.0,0.0,0.0,0.0,160.0,40.0,0.0,800.0,2760.0,0.0,0.0,4200.0,600.0,40.0,2840.0,0.0,0.0,0.0,0.0,0.0,0.0,82600.0,40.0,0.0,800.0,2760.0,0.0,0.0,4200.0,9520.0,271220.0,2840.0,0.0,0.0,0.0,0.0,0.0,0.0
2026-03-09T08:00:00+01:00,7960.0,4320.0,0.0,440.0,760.0,0.0,0.0,0.0,800.0,11760.0,0.0,0.0,480.0,0.0,0.0,0.0,0.0,160.0,1120.0,0.0,40.0,480.0,0.0,0.0,0.0,240.0,80.0,0.0,0.0,480.0,0.0,0.0,0.0,0.0,208160.0,5440.0,0.0,480.0,2000.0,0.0,0.0,0.0,1040.0,100560.0,0.0,0.0,480.0,0.0,0.0,0.0,0.0
2026-03-09T09:00:00+01:00,11000.0,160.0,0.0,5200.0,0.0,0.0,0.0,0.0,0.0,11080.0,9280.0,0.0,0.0,0.0,0.0,0.0,0.0,160.0,160.0,0.0,5200.0,0.0,0.0,0.0,0.0,0.0,200.0,560.0,0.0,0.0,0.0,0.0,0.0,0.0,171360.0,160.0,0.0,5200.0,0.0,0.0,0.0,0.0,0.0,102240.0,9840.0,0.0,0.0,0.0,0.0,0.0,0.0
2026-03-09T10:00:00+01:00,11680.0,4480.0,0.0,4760.0,0.0,0.0,0.0,0.0,2160.0,11800.0,10960.0,4400.0,0.0,0.0,0.0,3760.0,0.0,160.0,760.0,0.0,200.0,0.0,0.0,0.0,0.0,2160.0,40.0,160.0,4400.0,0.0,0.0,0.0,760.0,0.0,86120.0,20840.0,0.0,85640.0,0.0,0.0,0.0,0.0,2160.0,832120.0,186440.0,4400.0,0.0,0.0,0.0,4520.0,0.0
2026-03-09T11:00:00+01:00,7120.0,11520.0,0.0,8720.0,0.0,0.0,0.0,7080.0,2960.0,11720.0,10440.0,4280.0,0.0,0.0,0.0,2480.0,9920.0,160.0,120.0,0.0,160.0,0.0,0.0,0.0,200.0,840.0,40.0,160.0,240.0,0.0,0.0,0.0,1440.0,200.0,68880.0,187680.0,0.0,52560.0,0.0,0.0,0.0,22800.0,9000.0,1270439.0,140200.0,9000.0,0.0,0.0,0.0,3920.0,12280.0
2026-03-09T12:00:00+01:00,10400.0,10360.0,0.0,0.0,0.0,0.0,0.0,0.0,5760.0,11640.0,10520.0,680.0,0.0,0.0,0.0,0.0,960.0,120.0,280.0,0.0,0.0,0.0,0.0,0.0,0.0,40.0,120.0,240.0,160.0,0.0,0.0,0.0,0.0,960.0,246840.0,18000.0,0.0,0.0,0.0,0.0,0.0,0.0,39960.0,1342018.0,91080.0,1080.0,0.0,0.0,0.0,0.0,960.0
2026-03-09T13:00:00+01:00,10080.0,5400.0,0.0,0.0,0.0,0.0,0.0,0.0,1960.0,11800.0,11520.0,4040.0,0.0,0.0,0.0,0.0,3760.0,160.0,160.0,0.0,0.0,0.0,0.0,0.0,0.0,480.0,40.0,160.0,960.0,0.0,0.0,0.0,0.0,400.0,62520.0,13240.0,0.0,0.0,0.0,0.0,0.0,0.0,2440.0,973759.0,176520.0,5000.0,0.0,0.0,0.0,0.0,4160.0
2026-03-09T14:00:00+01:00,7640.0,6040.0,0.0,4040.0,0.0,0.0,0.0,0.0,8960.0,11800.0,10240.0,320.0,0.0,0.0,0.0,7580.0,0.0,160.0,160.0,0.0,360.0,0.0,0.0,0.0,0.0,120.0,40.0,240.0,320.0,0.0,0.0,0.0,7580.0,0.0,38000.0,40240.0,0.0,6400.0,0.0,0.0,0.0,0.0,48160.0,472059.0,85879.0,320.0,0.0,0.0,0.0,7580.0,0.0
2026-03-09T15:00:00+01:00,3720.0,1200.0,0.0,0.0,0.0,0.0,0.0,0.0,11600.0,11720.0,11440.0,6000.0,0.0,0.0,0.0,0.0,7120.0,160.0,240.0,0.0,0.0,0.0,0.0,0.0,0.0,240.0,120.0,160.0,280.0,0.0,0.0,0.0,0.0,1240.0,28800.0,2080.0,0.0,0.0,0.0,0.0,0.0,0.0,65320.0,957958.0,176320.0,21680.0,0.0,0.0,0.0,0.0,18800.0
2026-03-09T16:00:00+01:00,4840.0,8840.0,0.0,0.0,0.0,0.0,0.0,0.0,10800.0,11760.0,10920.0,10840.0,2360.0,0.0,0.0,0.0,0.0,120.0,280.0,0.0,0.0,0.0,0.0,0.0,0.0,320.0,40.0,120.0,480.0,2360.0,0.0,0.0,0.0,0.0,21280.0,13680.0,0.0,0.0,0.0,0.0,0.0,0.0,154199.0,1302678.0,161560.0,15120.0,2360.0,0.0,0.0,0.0,0.0
2026-03-09T17:00:00+01:00,6680.0,7640.0,0.0,1240.0,1120.0,0.0,0.0,0.0,8000.0,11560.0,2160.0,520.0,0.0,0.0,0.0,0.0,10320.0,160.0,2240.0,0.0,320.0,1120.0,0.0,0.0,0.0,1040.0,40.0,520.0,520.0,0.0,0.0,0.0,0.0,2000.0,19680.0,13880.0,0.0,1560.0,1120.0,0.0,0.0,0.0,14240.0,1286600.0,2680.0,520.0,0.0,0.0,0.0,0.0,28760.0
2026-03-09T18:00:00+01:00,10200.0,3720.0,8680.0,2960.0,0.0,0.0,0.0,0.0,1840.0,11720.0,5520.0,0.0,0.0,0.0,0.0,0.0,0.0,160.0,2040.0,680.0,2960.0,0.0,0.0,0.0,0.0,1840.0,120.0,160.0,0.0,0.0,0.0,0.0,0.0,0.0,66480.0,9160.0,55400.0,2960.0,0.0,0.0,0.0,0.0,1840.0,1098640.0,9600.0,0.0,0.0,0.0,0.0,0.0,0.0
2026-03-09T19:00:00+01:00,11720.0,4000.0,0.0,2000.0,0.0,0.0,0.0,0.0,11760.0,10760.0,6000.0,920.0,0.0,0.0,0.0,0.0,0.0,160.0,160.0,0.0,160.0,0.0,0.0,0.0,0.0,240.0,160.0,280.0,440.0,0.0,0.0,0.0,0.0,0.0,382879.0,37280.0,0.0,11000.0,0.0,0.0,0.0,0.0,22000.0,275240.0,22960.0,1360.0,0.0,0.0,0.0,0.0,0.0
2026-03-09T20:00:00+01:00,11240.0,4280.0,0.0,4000.0,2000.0,0.0,0.0,0.0,0.0,10920.0,0.0,4000.0,0.0,0.0,0.0,0.0,0.0,160.0,160.0,0.0,280.0,440.0,0.0,0.0,0.0,0.0,400.0,0.0,400.0,0.0,0.0,0.0,0.0,0.0,230760.0,54280.0,0.0,8760.0,3520.0,0.0,0.0,0.0,0.0,182479.0,0.0,33440.0,0.0,0.0,0.0,0.0,0.0
2026-03-09T21:00:00+01:00,10160.0,11560.0,0.0,880.0,0.0,0.0,0.0,0.0,0.0,7800.0,0.0,10000.0,0.0,0.0,0.0,0.0,0.0,120.0,120.0,0.0,880.0,0.0,0.0,0.0,0.0,0.0,120.0,0.0,160.0,0.0,0.0,0.0,0.0,0.0,389080.0,439360.0,0.0,880.0,0.0,0.0,0.0,0.0,0.0,99880.0,0.0,527040.0,0.0,0.0,0.0,0.0,0.0
2026-03-09T22:00:00+01:00,10000.0,11240.0,0.0,0.0,0.0,0.0,0.0,0.0,0.0,4000.0,0.0,11080.0,0.0,0.0,0.0,0.0,0.0,120.0,160.0,0.0,0.0,0.0,0.0,0.0,0.0,0.0,40.0,0.0,200.0,0.0,0.0,0.0,0.0,0.0,524160.0,274360.0,0.0,0.0,0.0,0.0,0.0,0.0,0.0,51640.0,0.0,630433.0,0.0,0.0,0.0,0.0,0.0
2026-03-09T23:00:00+01:00,11040.0,2480.0,0.0,0.0,0.0,0.0,0.0,0.0,0.0,2040.0,0.0,10000.0,0.0,0.0,0.0,0.0,0.0,120.0,240.0,0.0,0.0,0.0,0.0,0.0,0.0,0.0,320.0,0.0,160.0,0.0,0.0,0.0,0.0,0.0,657320.0,34520.0,0.0,0.0,0.0,0.0,0.0,0.0,0.0,22400.0,0.0,381440.0,0.0,0.0,0.0,0.0,0.0
2026-03-10T00:00:00+01:00,7000.0,3800.0,0.0,11640.0,0.0,0.0,0.0,0.0,0.0,2000.0,0.0,4000.0,0.0,0.0,0.0,0.0,0.0,120.0,160.0,0.0,11640.0,0.0,0.0,0.0,0.0,0.0,160.0,0.0,280.0,0.0,0.0,0.0,0.0,0.0,277040.0,49200.0,0.0,11640.0,0.0,0.0,0.0,0.0,0.0,28880.0,0.0,107240.0,0.0,0.0,0.0,0.0,0.0
2026-03-10T01:00:00+01:00,11080.0,2000.0,0.0,0.0,0.0,0.0,0.0,0.0,0.0,2000.0,0.0,4000.0,0.0,0.0,0.0,0.0,0.0,160.0,160.0,0.0,0.0,0.0,0.0,0.0,0.0,0.0,160.0,0.0,200.0,0.0,0.0,0.0,0.0,0.0,146840.0,20240.0,0.0,0.0,0.0,0.0,0.0,0.0,0.0,22760.0,0.0,65760.0,0.0,0.0,0.0,0.0,0.0
2026-03-10T02:00:00+01:00,4000.0,1960.0,0.0,0.0,0.0,0.0,0.0,0.0,0.0,4000.0,0.0,11080.0,0.0,0.0,0.0,0.0,0.0,160.0,160.0,0.0,0.0,0.0,0.0,0.0,0.0,0.0,160.0,0.0,400.0,0.0,0.0,0.0,0.0,0.0,49880.0,13600.0,0.0,0.0,0.0,0.0,0.0,0.0,0.0,173080.0,0.0,817799.0,0.0,0.0,0.0,0.0,0.0
2026-03-10T03:00:00+01:00,11160.0,1840.0,0.0,4000.0,0.0,0.0,0.0,0.0,0.0,8000.0,0.0,10120.0,0.0,0.0,0.0,0.0,0.0,120.0,160.0,0.0,160.0,0.0,0.0,0.0,0.0,0.0,120.0,0.0,240.0,0.0,0.0,0.0,0.0,0.0,266360.0,9320.0,0.0,23160.0,0.0,0.0,0.0,0.0,0.0,366080.0,0.0,687873.0,0.0,0.0,0.0,0.0,0.0
2026-03-10T04:00:00+01:00,11320.0,9440.0,0.0,5960.0,0.0,0.0,0.0,0.0,0.0,8880.0,0.0,5440.0,0.0,0.0,0.0,0.0,0.0,120.0,160.0,0.0,120.0,0.0,0.0,0.0,0.0,0.0,120.0,0.0,160.0,0.0,0.0,0.0,0.0,0.0,1047560.0,160640.0,0.0,72600.0,0.0,0.0,0.0,0.0,0.0,667439.0,0.0,70280.0,0.0,0.0,0.0,0.0,0.0
2026-03-10T05:00:00+01:00,10600.0,10000.0,0.0,840.0,0.0,0.0,0.0,0.0,0.0,10120.0,0.0,11360.0,0.0,0.0,0.0,0.0,0.0,120.0,120.0,0.0,120.0,0.0,0.0,0.0,0.0,0.0,120.0,0.0,160.0,0.0,0.0,0.0,0.0,0.0,341520.0,139760.0,0.0,1560.0,0.0,0.0,0.0,0.0,0.0,623720.0,0.0,223680.0,0.0,0.0,0.0,0.0,0.0
2026-03-10T06:00:00+01:00,2000.0,200.0,0.0,0.0,0.0,0.0,0.0,0.0,0.0,10240.0,0.0,0.0,0.0,0.0,0.0,0.0,0.0,200.0,200.0,0.0,0.0,0.0,0.0,0.0,0.0,0.0,160.0,0.0,0.0,0.0,0.0,0.0,0.0,0.0,8280.0,200.0,0.0,0.0,0.0,0.0,0.0,0.0,0.0,259760.0,0.0,0.0,0.0,0.0,0.0,0.0,0.0
2026-03-10T07:00:00+01:00,1840.0,1160.0,1560.0,640.0,0.0,0.0,0.0,0.0,3960.0,11600.0,0.0,0.0,0.0,0.0,0.0,0.0,0.0,200.0,160.0,200.0,640.0,0.0,0.0,0.0,0.0,160.0,40.0,0.0,0.0,0.0,0.0,0.0,0.0,0.0,6280.0,1320.0,2800.0,640.0,0.0,0.0,0.0,0.0,90400.0,316600.0,0.0,0.0,0.0,0.0,0.0,0.0,0.0
2026-03-10T08:00:00+01:00,3400.0,0.0,6440.0,0.0,160.0,0.0,0.0,0.0,6000.0,11040.0,0.0,160.0,0.0,0.0,0.0,3760.0,0.0,240.0,0.0,80.0,0.0,160.0,0.0,0.0,0.0,160.0,40.0,0.0,160.0,0.0,0.0,0.0,3760.0,0.0,8960.0,0.0,25280.0,0.0,160.0,0.0,0.0,0.0,118000.0,705080.0,0.0,160.0,0.0,0.0,0.0,3760.0,0.0
2026-03-10T09:00:00+01:00,2320.0,0.0,6760.0,0.0,1480.0,0.0,0.0,1800.0,5680.0,11440.0,3400.0,0.0,0.0,0.0,0.0,0.0,0.0,160.0,0.0,160.0,0.0,280.0,0.0,0.0,1360.0,40.0,80.0,3400.0,0.0,0.0,0.0,0.0,0.0,0.0,11360.0,0.0,85960.0,0.0,1760.0,0.0,0.0,3160.0,142720.0,710959.0,3400.0,0.0,0.0,0.0,0.0,0.0,0.0
2026-03-10T10:00:00+01:00,4640.0,0.0,5560.0,0.0,0.0,0.0,0.0,0.0,8720.0,11680.0,0.0,0.0,0.0,0.0,0.0,0.0,0.0,240.0,0.0,200.0,0.0,0.0,0.0,0.0,0.0,200.0,120.0,0.0,0.0,0.0,0.0,0.0,0.0,0.0,8760.0,0.0,47800.0,0.0,0.0,0.0,0.0,0.0,207760.0,375360.0,0.0,0.0,0.0,0.0,0.0,0.0,0.0
2026-03-10T11:00:00+01:00,9680.0,0.0,2000.0,0.0,480.0,0.0,0.0,4760.0,8000.0,11040.0,10000.0,200.0,0.0,0.0,0.0,0.0,0.0,120.0,0.0,240.0,0.0,480.0,0.0,0.0,4760.0,120.0,40.0,120.0,200.0,0.0,0.0,0.0,0.0,0.0,25480.0,0.0,11480.0,0.0,480.0,0.0,0.0,4760.0,127840.0,366240.0,71160.0,200.0,0.0,0.0,0.0,0.0,0.0
2026-03-10T12:00:00+01:00,8880.0,0.0,1520.0,680.0,5040.0,0.0,0.0,0.0,5080.0,11640.0,6960.0,1160.0,0.0,0.0,0.0,0.0,0.0,160.0,0.0,160.0,680.0,3200.0,0.0,0.0,0.0,40.0,120.0,200.0,440.0,0.0,0.0,0.0,0.0,0.0,48840.0,0.0,3040.0,680.0,8240.0,0.0,0.0,0.0,38560.0,794497.0,32480.0,1600.0,0.0,0.0,0.0,0.0,0.0
2026-03-10T13:00:00+01:00,10920.0,200.0,0.0,4520.0,0.0,0.0,0.0,0.0,2360.0,11480.0,6210.0,760.0,0.0,0.0,0.0,0.0,11600.0,160.0,200.0,0.0,160.0,0.0,0.0,0.0,0.0,80.0,40.0,40.0,760.0,0.0,0.0,0.0,0.0,160.0,80040.0,200.0,0.0,8400.0,0.0,0.0,0.0,0.0,25280.0,1705009.0,17850.0,760.0,0.0,0.0,0.0,0.0,43480.0
2026-03-10T14:00:00+01:00,11200.0,11200.0,0.0,0.0,2000.0,0.0,0.0,0.0,10880.0,11640.0,8480.0,0.0,0.0,0.0,0.0,0.0,4320.0,200.0,11200.0,0.0,0.0,2000.0,0.0,0.0,0.0,40.0,40.0,200.0,0.0,0.0,0.0,0.0,0.0,1000.0,54040.0,11200.0,0.0,0.0,2000.0,0.0,0.0,0.0,150200.0,1675949.0,64520.0,0.0,0.0,0.0,0.0,0.0,11520.0
2026-03-10T15:00:00+01:00,8440.0,3600.0,0.0,0.0,0.0,0.0,0.0,0.0,6440.0,11680.0,10440.0,3800.0,0.0,0.0,0.0,0.0,0.0,120.0,3040.0,0.0,0.0,0.0,0.0,0.0,0.0,160.0,40.0,640.0,2360.0,0.0,0.0,0.0,0.0,0.0,54800.0,6640.0,0.0,0.0,0.0,0.0,0.0,0.0,54200.0,951637.0,32760.0,9920.0,0.0,0.0,0.0,0.0,0.0
2026-03-10T16:00:00+01:00,8160.0,3600.0,0.0,2120.0,0.0,0.0,0.0,0.0,6320.0,11320.0,11360.0,2760.0,0.0,0.0,0.0,0.0,9440.0,120.0,40.0,0.0,240.0,0.0,0.0,0.0,0.0,240.0,40.0,200.0,280.0,0.0,0.0,0.0,0.0,200.0,36000.0,3640.0,0.0,8680.0,0.0,0.0,0.0,0.0,103440.0,801320.0,54640.0,3040.0,0.0,0.0,0.0,0.0,20560.0
2026-03-10T17:00:00+01:00,2840.0,5720.0,0.0,1200.0,0.0,0.0,0.0,0.0,5480.0,11400.0,0.0,0.0,0.0,0.0,0.0,0.0,0.0,240.0,360.0,0.0,1200.0,0.0,0.0,0.0,0.0,160.0,280.0,0.0,0.0,0.0,0.0,0.0,0.0,0.0,13840.0,7520.0,0.0,1200.0,0.0,0.0,0.0,0.0,91400.0,445520.0,0.0,0.0,0.0,0.0,0.0,0.0,0.0
2026-03-10T18:00:00+01:00,9640.0,7880.0,3840.0,8000.0,0.0,0.0,0.0,0.0,1920.0,10960.0,0.0,200.0,0.0,0.0,0.0,0.0,0.0,320.0,80.0,120.0,160.0,0.0,0.0,0.0,0.0,760.0,160.0,0.0,200.0,0.0,0.0,0.0,0.0,0.0,11960.0,15520.0,14680.0,162880.0,0.0,0.0,0.0,0.0,5640.0,1065560.0,0.0,200.0,0.0,0.0,0.0,0.0,0.0
2026-03-10T19:00:00+01:00,11000.0,2160.0,0.0,10800.0,1840.0,0.0,0.0,400.0,2000.0,11600.0,10160.0,0.0,0.0,0.0,0.0,0.0,0.0,160.0,360.0,0.0,160.0,1840.0,0.0,0.0,400.0,560.0,40.0,10160.0,0.0,0.0,0.0,0.0,0.0,0.0,484400.0,4800.0,0.0,35520.0,1840.0,0.0,0.0,400.0,2560.0,957280.0,10160.0,0.0,0.0,0.0,0.0,0.0,0.0
2026-03-10T20:00:00+01:00,11000.0,10000.0,0.0,9160.0,1320.0,0.0,0.0,1560.0,0.0,10920.0,0.0,0.0,0.0,0.0,0.0,0.0,0.0,160.0,2000.0,0.0,400.0,200.0,0.0,0.0,1200.0,0.0,120.0,0.0,0.0,0.0,0.0,0.0,0.0,0.0,334240.0,30840.0,0.0,31200.0,1520.0,0.0,0.0,2760.0,0.0,679520.0,0.0,0.0,0.0,0.0,0.0,0.0,0.0
2026-03-10T21:00:00+01:00,11400.0,0.0,0.0,4000.0,1880.0,0.0,0.0,0.0,0.0,11120.0,0.0,0.0,0.0,0.0,0.0,0.0,0.0,120.0,0.0,0.0,120.0,200.0,0.0,0.0,0.0,0.0,120.0,0.0,0.0,0.0,0.0,0.0,0.0,0.0,102120.0,0.0,0.0,30280.0,2680.0,0.0,0.0,0.0,0.0,643680.0,0.0,0.0,0.0,0.0,0.0,0.0,0.0
2026-03-10T22:00:00+01:00,8360.0,4200.0,0.0,9840.0,0.0,0.0,0.0,0.0,0.0,10040.0,0.0,560.0,0.0,0.0,0.0,0.0,0.0,200.0,920.0,0.0,240.0,0.0,0.0,0.0,0.0,0.0,120.0,0.0,480.0,0.0,0.0,0.0,0.0,0.0,102239.0,10880.0,0.0,72840.0,0.0,0.0,0.0,0.0,0.0,269878.0,0.0,1040.0,0.0,0.0,0.0,0.0,0.0
2026-03-10T23:00:00+01:00,3680.0,1680.0,0.0,0.0,0.0,0.0,0.0,0.0,0.0,9440.0,0.0,6840.0,0.0,0.0,0.0,0.0,0.0,200.0,1560.0,0.0,0.0,0.0,0.0,0.0,0.0,0.0,840.0,0.0,120.0,0.0,0.0,0.0,0.0,0.0,7040.0,3240.0,0.0,0.0,0.0,0.0,0.0,0.0,0.0,26120.0,0.0,33800.0,0.0,0.0,0.0,0.0,0.0
2026-03-11T00:00:00+01:00,2720.0,1120.0,0.0,0.0,0.0,0.0,0.0,0.0,0.0,9200.0,0.0,1520.0,0.0,0.0,0.0,0.0,0.0,400.0,800.0,0.0,0.0,0.0,0.0,0.0,0.0,0.0,40.0,0.0,1520.0,0.0,0.0,0.0,0.0,0.0,4280.0,1920.0,0.0,0.0,0.0,0.0,0.0,0.0,0.0,15620.0,0.0,1520.0,0.0,0.0,0.0,0.0,0.0
2026-03-11T01:00:00+01:00,10360.0,10360.0,0.0,0.0,0.0,0.0,0.0,0.0,0.0,11560.0,0.0,1880.0,0.0,0.0,0.0,0.0,0.0,160.0,880.0,0.0,0.0,0.0,0.0,0.0,0.0,0.0,160.0,0.0,240.0,0.0,0.0,0.0,0.0,0.0,14240.0,64800.0,0.0,0.0,0.0,0.0,0.0,0.0,0.0,206119.0,0.0,11360.0,0.0,0.0,0.0,0.0,0.0
2026-03-11T02:00:00+01:00,6280.0,8840.0,0.0,320.0,0.0,0.0,0.0,0.0,0.0,6040.0,0.0,6920.0,0.0,0.0,0.0,0.0,0.0,160.0,200.0,0.0,160.0,0.0,0.0,0.0,0.0,0.0,120.0,0.0,120.0,0.0,0.0,0.0,0.0,0.0,32520.0,18680.0,0.0,480.0,0.0,0.0,0.0,0.0,0.0,124320.0,0.0,25440.0,0.0,0.0,0.0,0.0,0.0
2026-03-11T03:00:00+01:00,11200.0,5960.0,0.0,120.0,160.0,0.0,0.0,1040.0,0.0,5640.0,0.0,9760.0,0.0,0.0,0.0,0.0,0.0,120.0,320.0,0.0,120.0,160.0,0.0,0.0,160.0,0.0,120.0,0.0,160.0,0.0,0.0,0.0,0.0,0.0,250560.0,31480.0,0.0,120.0,160.0,0.0,0.0,1200.0,0.0,52480.0,0.0,121560.0,0.0,0.0,0.0,0.0,0.0
2026-03-11T04:00:00+01:00,11360.0,2600.0,0.0,0.0,0.0,0.0,0.0,1800.0,0.0,7240.0,0.0,10000.0,0.0,0.0,0.0,0.0,0.0,200.0,120.0,0.0,0.0,0.0,0.0,0.0,120.0,0.0,160.0,0.0,320.0,0.0,0.0,0.0,0.0,0.0,269239.0,14280.0,0.0,0.0,0.0,0.0,0.0,5280.0,0.0,27800.0,0.0,100960.0,0.0,0.0,0.0,0.0,0.0
2026-03-11T05:00:00+01:00,11240.0,2800.0,0.0,10040.0,280.0,0.0,0.0,1480.0,0.0,5880.0,0.0,11480.0,0.0,0.0,0.0,0.0,0.0,160.0,160.0,0.0,120.0,280.0,0.0,0.0,200.0,0.0,120.0,0.0,160.0,0.0,0.0,0.0,0.0,0.0,449120.0,23240.0,0.0,49320.0,280.0,0.0,0.0,9120.0,0.0,51120.0,0.0,806200.0,0.0,0.0,0.0,0.0,0.0
2026-03-11T06:00:00+01:00,7360.0,7680.0,0.0,160.0,2000.0,0.0,0.0,0.0,440.0,11040.0,0.0,9480.0,0.0,0.0,0.0,0.0,0.0,160.0,160.0,0.0,160.0,160.0,0.0,0.0,0.0,440.0,160.0,0.0,240.0,0.0,0.0,0.0,0.0,0.0,114440.0,12600.0,0.0,160.0,27680.0,0.0,0.0,0.0,440.0,241480.0,0.0,70800.0,0.0,0.0,0.0,0.0,0.0
2026-03-11T07:00:00+01:00,4400.0,4800.0,0.0,360.0,10240.0,0.0,0.0,3720.0,4000.0,11520.0,240.0,0.0,0.0,0.0,0.0,0.0,0.0,160.0,400.0,0.0,320.0,200.0,0.0,0.0,1400.0,200.0,160.0,160.0,0.0,0.0,0.0,0.0,0.0,0.0,13880.0,9880.0,0.0,680.0,304760.0,0.0,0.0,5120.0,5840.0,175520.0,600.0,0.0,0.0,0.0,0.0,0.0,0.0
2026-03-11T08:00:00+01:00,3040.0,4040.0,0.0,320.0,4000.0,0.0,0.0,1960.0,4000.0,10320.0,4840.0,0.0,0.0,0.0,0.0,0.0,2080.0,160.0,40.0,0.0,320.0,240.0,0.0,0.0,840.0,1080.0,160.0,240.0,0.0,0.0,0.0,0.0,0.0,2080.0,14160.0,5240.0,0.0,320.0,38280.0,0.0,0.0,5000.0,9440.0,113960.0,5080.0,0.0,0.0,0.0,0.0,0.0,2080.0
2026-03-11T09:00:00+01:00,7200.0,1880.0,0.0,200.0,0.0,0.0,0.0,600.0,0.0,11280.0,0.0,0.0,0.0,0.0,0.0,2000.0,0.0,160.0,1880.0,0.0,120.0,0.0,0.0,0.0,160.0,0.0,40.0,0.0,0.0,0.0,0.0,0.0,600.0,0.0,107680.0,1880.0,0.0,320.0,0.0,0.0,0.0,1480.0,0.0,160960.0,0.0,0.0,0.0,0.0,0.0,5440.0,0.0
2026-03-11T10:00:00+01:00,8080.0,4640.0,0.0,640.0,5920.0,0.0,0.0,2040.0,5960.0,11480.0,2800.0,0.0,0.0,0.0,0.0,8039.0,0.0,120.0,3800.0,0.0,640.0,360.0,0.0,0.0,800.0,120.0,40.0,560.0,0.0,0.0,0.0,0.0,1240.0,0.0,82920.0,8440.0,0.0,640.0,36840.0,0.0,0.0,8040.0,91960.0,583200.0,5560.0,0.0,0.0,0.0,0.0,13359.0,0.0
2026-03-11T11:00:00+01:00,8360.0,1240.0,0.0,4000.0,8920.0,0.0,0.0,6680.0,10000.0,11480.0,5720.0,0.0,0.0,0.0,0.0,0.0,0.0,120.0,1240.0,0.0,120.0,120.0,0.0,0.0,6680.0,120.0,120.0,160.0,0.0,0.0,0.0,0.0,0.0,0.0,100400.0,1240.0,0.0,40560.0,177840.0,0.0,0.0,6680.0,634480.0,630540.0,34360.0,0.0,0.0,0.0,0.0,0.0,0.0
2026-03-11T12:00:00+01:00,2080.0,7120.0,0.0,520.0,10000.0,0.0,0.0,1480.0,7120.0,11440.0,1000.0,680.0,0.0,0.0,0.0,0.0,0.0,160.0,1480.0,0.0,520.0,160.0,0.0,0.0,800.0,160.0,80.0,1000.0,160.0,0.0,0.0,0.0,0.0,0.0,15760.0,13880.0,0.0,520.0,51120.0,0.0,0.0,3640.0,150800.0,247040.0,1000.0,1000.0,0.0,0.0,0.0,0.0,0.0
2026-03-11T13:00:00+01:00,5760.0,10600.0,400.0,1680.0,9760.0,0.0,0.0,2000.0,1680.0,11520.0,4720.0,0.0,0.0,0.0,0.0,0.0,0.0,120.0,280.0,400.0,1560.0,160.0,0.0,0.0,160.0,360.0,80.0,160.0,0.0,0.0,0.0,0.0,0.0,0.0,21600.0,14000.0,400.0,3240.0,72960.0,0.0,0.0,10520.0,3360.0,243960.0,8760.0,0.0,0.0,0.0,0.0,0.0,0.0
2026-03-11T14:00:00+01:00,8400.0,11120.0,0.0,6240.0,10840.0,0.0,0.0,2000.0,2000.0,11520.0,5000.0,0.0,0.0,0.0,0.0,0.0,0.0,120.0,120.0,0.0,280.0,280.0,0.0,0.0,320.0,320.0,80.0,240.0,0.0,0.0,0.0,0.0,0.0,0.0,52880.0,11240.0,0.0,26060.0,89720.0,0.0,0.0,6960.0,2640.0,370499.0,8160.0,0.0,0.0,0.0,0.0,0.0,0.0
2026-03-11T15:00:00+01:00,5000.0,9600.0,0.0,5840.0,6720.0,0.0,0.0,2040.0,3920.0,11240.0,3600.0,0.0,0.0,0.0,0.0,0.0,0.0,200.0,480.0,0.0,160.0,200.0,0.0,0.0,680.0,160.0,160.0,440.0,0.0,0.0,0.0,0.0,0.0,0.0,31080.0,10680.0,0.0,54200.0,99960.0,0.0,0.0,5600.0,32480.0,290280.0,7640.0,0.0,0.0,0.0,0.0,0.0,0.0
2026-03-11T16:00:00+01:00,4000.0,3320.0,0.0,1320.0,9000.0,0.0,0.0,3960.0,5920.0,11480.0,10360.0,0.0,0.0,0.0,0.0,0.0,0.0,280.0,3320.0,0.0,1320.0,160.0,0.0,0.0,160.0,160.0,40.0,280.0,0.0,0.0,0.0,0.0,0.0,0.0,19160.0,3320.0,0.0,1320.0,336800.0,0.0,0.0,29600.0,95080.0,267720.0,21760.0,0.0,0.0,0.0,0.0,0.0,0.0
2026-03-11T17:00:00+01:00,10760.0,4200.0,0.0,760.0,6200.0,0.0,0.0,2000.0,7720.0,11200.0,8800.0,0.0,0.0,0.0,0.0,0.0,0.0,160.0,1680.0,0.0,760.0,200.0,0.0,0.0,1800.0,160.0,160.0,1520.0,0.0,0.0,0.0,0.0,0.0,0.0,32120.0,5880.0,0.0,760.0,31840.0,0.0,0.0,5800.0,126680.0,347180.0,10320.0,0.0,0.0,0.0,0.0,0.0,0.0
2026-03-11T18:00:00+01:00,2920.0,2680.0,0.0,10960.0,2000.0,0.0,0.0,1680.0,5360.0,11400.0,0.0,0.0,0.0,0.0,0.0,0.0,0.0,160.0,1320.0,0.0,160.0,160.0,0.0,0.0,1120.0,200.0,40.0,0.0,0.0,0.0,0.0,0.0,0.0,0.0,26760.0,4000.0,0.0,31640.0,21040.0,0.0,0.0,2800.0,23600.0,221040.0,0.0,0.0,0.0,0.0,0.0,0.0,0.0
2026-03-11T19:00:00+01:00,7600.0,5720.0,0.0,2680.0,4000.0,0.0,0.0,200.0,0.0,11120.0,0.0,0.0,0.0,0.0,0.0,0.0,0.0,200.0,120.0,0.0,440.0,200.0,0.0,0.0,200.0,0.0,200.0,0.0,0.0,0.0,0.0,0.0,0.0,0.0,50760.0,15640.0,0.0,3880.0,54520.0,0.0,0.0,200.0,0.0,93720.0,0.0,0.0,0.0,0.0,0.0,0.0,0.0
2026-03-11T20:00:00+01:00,11280.0,7000.0,0.0,2680.0,2000.0,0.0,0.0,0.0,0.0,11200.0,0.0,0.0,0.0,0.0,0.0,0.0,0.0,120.0,120.0,0.0,360.0,2000.0,0.0,0.0,0.0,0.0,40.0,0.0,0.0,0.0,0.0,0.0,0.0,0.0,392960.0,9800.0,0.0,3040.0,2000.0,0.0,0.0,0.0,0.0,490240.0,0.0,0.0,0.0,0.0,0.0,0.0,0.0
2026-03-11T21:00:00+01:00,11520.0,4880.0,0.0,3000.0,0.0,0.0,0.0,0.0,10040.0,11520.0,0.0,240.0,0.0,0.0,0.0,0.0,10920.0,120.0,160.0,0.0,480.0,0.0,0.0,0.0,0.0,280.0,120.0,0.0,240.0,0.0,0.0,0.0,0.0,10920.0,356720.0,8640.0,0.0,3480.0,0.0,0.0,0.0,0.0,13440.0,1912276.0,0.0,240.0,0.0,0.0,0.0,0.0,10920.0
2026-03-11T22:00:00+01:00,11320.0,1800.0,0.0,320.0,0.0,0.0,0.0,0.0,0.0,9600.0,0.0,0.0,0.0,0.0,0.0,0.0,0.0,120.0,1000.0,0.0,320.0,0.0,0.0,0.0,0.0,0.0,160.0,0.0,0.0,0.0,0.0,0.0,0.0,0.0,124880.0,2800.0,0.0,320.0,0.0,0.0,0.0,0.0,0.0,57120.0,0.0,0.0,0.0,0.0,0.0,0.0,0.0
2026-03-11T23:00:00+01:00,2000.0,0.0,0.0,0.0,0.0,0.0,0.0,0.0,0.0,3240.0,0.0,0.0,0.0,0.0,0.0,0.0,0.0,1120.0,0.0,0.0,0.0,0.0,0.0,0.0,0.0,0.0,3240.0,0.0,0.0,0.0,0.0,0.0,0.0,0.0,37240.0,0.0,0.0,0.0,0.0,0.0,0.0,0.0,0.0,3240.0,0.0,0.0,0.0,0.0,0.0,0.0,0.0
2026-03-12T00:00:00+01:00,4000.0,0.0,0.0,0.0,0.0,0.0,0.0,0.0,0.0,600.0,0.0,0.0,0.0,0.0,0.0,0.0,0.0,160.0,0.0,0.0,0.0,0.0,0.0,0.0,0.0,0.0,600.0,0.0,0.0,0.0,0.0,0.0,0.0,0.0,49160.0,0.0,0.0,0.0,0.0,0.0,0.0,0.0,0.0,600.0,0.0,0.0,0.0,0.0,0.0,0.0,0.0
2026-03-12T01:00:00+01:00,4120.0,0.0,0.0,240.0,0.0,0.0,0.0,0.0,0.0,0.0,0.0,0.0,0.0,0.0,0.0,0.0,0.0,440.0,0.0,0.0,240.0,0.0,0.0,0.0,0.0,0.0,0.0,0.0,0.0,0.0,0.0,0.0,0.0,0.0,79680.0,0.0,0.0,240.0,0.0,0.0,0.0,0.0,0.0,0.0,0.0,0.0,0.0,0.0,0.0,0.0,0.0
2026-03-12T02:00:00+01:00,2320.0,0.0,0.0,0.0,0.0,0.0,0.0,0.0,0.0,0.0,0.0,0.0,0.0,0.0,0.0,0.0,0.0,560.0,0.0,0.0,0.0,0.0,0.0,0.0,0.0,0.0,0.0,0.0,0.0,0.0,0.0,0.0,0.0,0.0,42200.0,0.0,0.0,0.0,0.0,0.0,0.0,0.0,0.0,0.0,0.0,0.0,0.0,0.0,0.0,0.0,0.0
2026-03-12T03:00:00+01:00,2000.0,0.0,0.0,0.0,0.0,0.0,0.0,0.0,0.0,2000.0,0.0,0.0,0.0,0.0,0.0,0.0,0.0,2000.0,0.0,0.0,0.0,0.0,0.0,0.0,0.0,0.0,2000.0,0.0,0.0,0.0,0.0,0.0,0.0,0.0,2000.0,0.0,0.0,0.0,0.0,0.0,0.0,0.0,0.0,2000.0,0.0,0.0,0.0,0.0,0.0,0.0,0.0
2026-03-12T04:00:00+01:00,2040.0,0.0,0.0,0.0,0.0,0.0,0.0,0.0,0.0,0.0,0.0,0.0,0.0,0.0,0.0,0.0,0.0,1640.0,0.0,0.0,0.0,0.0,0.0,0.0,0.0,0.0,0.0,0.0,0.0,0.0,0.0,0.0,0.0,0.0,3680.0,0.0,0.0,0.0,0.0,0.0,0.0,0.0,0.0,0.0,0.0,0.0,0.0,0.0,0.0,0.0,0.0
2026-03-12T05:00:00+01:00,10080.0,0.0,0.0,480.0,0.0,0.0,0.0,0.0,0.0,4160.0,0.0,0.0,0.0,0.0,0.0,0.0,0.0,240.0,0.0,0.0,480.0,0.0,0.0,0.0,0.0,0.0,240.0,0.0,0.0,0.0,0.0,0.0,0.0,0.0,139840.0,0.0,0.0,480.0,0.0,0.0,0.0,0.0,0.0,11400.0,0.0,0.0,0.0,0.0,0.0,0.0,0.0
2026-03-12T06:00:00+01:00,5600.0,3760.0,0.0,560.0,3880.0,0.0,0.0,0.0,1160.0,10640.0,0.0,0.0,0.0,0.0,0.0,800.0,0.0,280.0,200.0,0.0,560.0,240.0,0.0,0.0,0.0,1160.0,40.0,0.0,0.0,0.0,0.0,0.0,800.0,0.0,13160.0,3960.0,0.0,560.0,10120.0,0.0,0.0,0.0,1160.0,57610.0,0.0,0.0,0.0,0.0,0.0,800.0,0.0
2026-03-12T07:00:00+01:00,2240.0,4280.0,0.0,0.0,1960.0,0.0,0.0,1920.0,0.0,8480.0,0.0,0.0,0.0,0.0,0.0,0.0,0.0,200.0,1000.0,0.0,0.0,840.0,0.0,0.0,800.0,0.0,200.0,0.0,0.0,0.0,0.0,0.0,0.0,0.0,4080.0,5280.0,0.0,0.0,2800.0,0.0,0.0,4200.0,0.0,39640.0,0.0,0.0,0.0,0.0,0.0,0.0,0.0
2026-03-12T08:00:00+01:00,9680.0,5040.0,0.0,0.0,2040.0,0.0,0.0,2000.0,3080.0,11520.0,440.0,200.0,0.0,0.0,0.0,520.0,0.0,280.0,5040.0,0.0,0.0,2040.0,0.0,0.0,320.0,240.0,120.0,440.0,200.0,0.0,0.0,0.0,520.0,0.0,18920.0,5040.0,0.0,0.0,2040.0,0.0,0.0,7840.0,3320.0,69700.0,440.0,200.0,0.0,0.0,0.0,520.0,0.0
2026-03-12T09:00:00+01:00,11440.0,2640.0,0.0,680.0,2640.0,0.0,0.0,4000.0,1440.0,11440.0,0.0,0.0,0.0,0.0,0.0,0.0,2320.0,120.0,2640.0,0.0,680.0,1720.0,0.0,0.0,1720.0,200.0,40.0,0.0,0.0,0.0,0.0,0.0,0.0,2320.0,577120.0,2640.0,0.0,680.0,4360.0,0.0,0.0,9680.0,3000.0,137800.0,0.0,0.0,0.0,0.0,0.0,0.0,2320.0
2026-03-12T10:00:00+01:00,8280.0,6360.0,0.0,2960.0,840.0,0.0,0.0,4960.0,6360.0,11400.0,10040.0,7400.0,0.0,0.0,0.0,0.0,0.0,120.0,5920.0,0.0,1320.0,280.0,0.0,0.0,4960.0,1040.0,40.0,160.0,240.0,0.0,0.0,0.0,0.0,0.0,154440.0,12280.0,0.0,9600.0,1720.0,0.0,0.0,4960.0,7400.0,400240.0,31000.0,29840.0,0.0,0.0,0.0,0.0,0.0
2026-03-12T11:00:00+01:00,10080.0,11280.0,0.0,4640.0,0.0,0.0,0.0,7920.0,8760.0,11400.0,11440.0,1160.0,0.0,0.0,0.0,0.0,0.0,160.0,40.0,0.0,160.0,0.0,0.0,0.0,7920.0,120.0,40.0,160.0,1160.0,0.0,0.0,0.0,0.0,0.0,453920.0,25760.0,0.0,38840.0,0.0,0.0,0.0,7920.0,12840.0,539939.0,24040.0,1160.0,0.0,0.0,0.0,0.0,0.0
2026-03-12T12:00:00+01:00,9240.0,7720.0,0.0,8720.0,0.0,0.0,0.0,0.0,11440.0,11000.0,11120.0,0.0,0.0,0.0,0.0,0.0,0.0,160.0,760.0,0.0,8720.0,0.0,0.0,0.0,0.0,80.0,40.0,120.0,0.0,0.0,0.0,0.0,0.0,0.0,120280.0,8480.0,0.0,8720.0,0.0,0.0,0.0,0.0,201960.0,206130.0,100679.0,0.0,0.0,0.0,0.0,0.0,0.0
2026-03-12T13:00:00+01:00,11160.0,10040.0,0.0,10240.0,1280.0,0.0,0.0,240.0,10040.0,11000.0,10040.0,0.0,0.0,0.0,0.0,0.0,0.0,160.0,240.0,0.0,120.0,1280.0,0.0,0.0,240.0,200.0,80.0,440.0,0.0,0.0,0.0,0.0,0.0,0.0,72520.0,93240.0,0.0,43720.0,1280.0,0.0,0.0,240.0,191040.0,293839.0,79600.0,0.0,0.0,0.0,0.0,0.0,0.0
2026-03-12T14:00:00+01:00,9280.0,3560.0,0.0,7960.0,8200.0,0.0,0.0,480.0,11040.0,11480.0,4000.0,1560.0,0.0,0.0,0.0,0.0,0.0,120.0,3560.0,0.0,1280.0,240.0,0.0,0.0,480.0,160.0,40.0,240.0,1560.0,0.0,0.0,0.0,0.0,0.0,52640.0,3560.0,0.0,16720.0,28360.0,0.0,0.0,480.0,423199.0,485320.0,33480.0,1560.0,0.0,0.0,0.0,0.0,0.0
2026-03-12T15:00:00+01:00,10640.0,7800.0,0.0,1000.0,6000.0,0.0,0.0,0.0,11160.0,11360.0,11400.0,5840.0,0.0,0.0,0.0,0.0,0.0,120.0,4120.0,0.0,1000.0,160.0,0.0,0.0,0.0,160.0,40.0,600.0,5840.0,0.0,0.0,0.0,0.0,0.0,548879.0,11920.0,0.0,1000.0,26360.0,0.0,0.0,0.0,686880.0,1210640.0,168399.0,5840.0,0.0,0.0,0.0,0.0,0.0
2026-03-12T16:00:00+01:00,2400.0,2880.0,0.0,1240.0,10000.0,0.0,0.0,0.0,11440.0,11400.0,10920.0,160.0,0.0,0.0,0.0,0.0,0.0,240.0,1160.0,0.0,1240.0,400.0,0.0,0.0,0.0,320.0,80.0,200.0,160.0,0.0,0.0,0.0,0.0,0.0,10440.0,4040.0,0.0,1240.0,38000.0,0.0,0.0,0.0,764640.0,1069039.0,405760.0,160.0,0.0,0.0,0.0,0.0,0.0
2026-03-12T17:00:00+01:00,2000.0,4440.0,0.0,600.0,4760.0,0.0,0.0,0.0,11320.0,11280.0,11360.0,1920.0,0.0,0.0,0.0,0.0,0.0,160.0,4440.0,0.0,400.0,280.0,0.0,0.0,0.0,160.0,40.0,160.0,400.0,0.0,0.0,0.0,0.0,0.0,6000.0,4440.0,0.0,1000.0,5040.0,0.0,0.0,0.0,835159.0,1102797.0,245440.0,2320.0,0.0,0.0,0.0,0.0,0.0
2026-03-12T18:00:00+01:00,10360.0,0.0,0.0,3960.0,2000.0,0.0,0.0,0.0,11440.0,11440.0,7720.0,0.0,0.0,0.0,0.0,0.0,0.0,480.0,0.0,0.0,200.0,120.0,0.0,0.0,0.0,120.0,40.0,520.0,0.0,0.0,0.0,0.0,0.0,0.0,73520.0,0.0,0.0,6920.0,6480.0,0.0,0.0,0.0,498758.0,555280.0,184560.0,0.0,0.0,0.0,0.0,0.0,0.0
2026-03-12T19:00:00+01:00,11040.0,4600.0,0.0,4120.0,0.0,0.0,0.0,0.0,240.0,10840.0,0.0,0.0,0.0,0.0,0.0,0.0,0.0,120.0,4600.0,0.0,160.0,0.0,0.0,0.0,0.0,240.0,160.0,0.0,0.0,0.0,0.0,0.0,0.0,0.0,118920.0,4600.0,0.0,9760.0,0.0,0.0,0.0,0.0,240.0,269799.0,0.0,0.0,0.0,0.0,0.0,0.0,0.0
2026-03-12T20:00:00+01:00,8520.0,600.0,0.0,0.0,640.0,0.0,0.0,0.0,2280.0,10720.0,0.0,0.0,0.0,0.0,0.0,0.0,0.0,120.0,600.0,0.0,0.0,640.0,0.0,0.0,0.0,2280.0,160.0,0.0,0.0,0.0,0.0,0.0,0.0,0.0,121880.0,600.0,0.0,0.0,640.0,0.0,0.0,0.0,2280.0,159120.0,0.0,0.0,0.0,0.0,0.0,0.0,0.0
2026-03-12T21:00:00+01:00,8600.0,0.0,0.0,3200.0,2000.0,0.0,0.0,0.0,0.0,11440.0,0.0,0.0,0.0,0.0,0.0,0.0,0.0,160.0,0.0,0.0,3200.0,1080.0,0.0,0.0,0.0,0.0,40.0,0.0,0.0,0.0,0.0,0.0,0.0,0.0,354040.0,0.0,0.0,3200.0,3080.0,0.0,0.0,0.0,0.0,149519.0,0.0,0.0,0.0,0.0,0.0,0.0,0.0
2026-03-12T22:00:00+01:00,11120.0,0.0,0.0,0.0,0.0,0.0,0.0,0.0,0.0,10800.0,2000.0,200.0,0.0,0.0,0.0,0.0,0.0,160.0,0.0,0.0,0.0,0.0,0.0,0.0,0.0,0.0,40.0,840.0,200.0,0.0,0.0,0.0,0.0,0.0,614840.0,0.0,0.0,0.0,0.0,0.0,0.0,0.0,0.0,287440.0,8720.0,200.0,0.0,0.0,0.0,0.0,0.0
2026-03-12T23:00:00+01:00,10640.0,4160.0,0.0,0.0,0.0,0.0,0.0,0.0,0.0,11160.0,2040.0,0.0,0.0,0.0,0.0,0.0,0.0,160.0,4160.0,0.0,0.0,0.0,0.0,0.0,0.0,0.0,40.0,160.0,0.0,0.0,0.0,0.0,0.0,0.0,811519.0,4160.0,0.0,0.0,0.0,0.0,0.0,0.0,0.0,552280.0,7280.0,0.0,0.0,0.0,0.0,0.0,0.0
2026-03-13T00:00:00+01:00,10840.0,3760.0,0.0,0.0,0.0,0.0,0.0,0.0,0.0,10280.0,0.0,0.0,0.0,0.0,0.0,0.0,0.0,200.0,3760.0,0.0,0.0,0.0,0.0,0.0,0.0,0.0,40.0,0.0,0.0,0.0,0.0,0.0,0.0,0.0,465120.0,3760.0,0.0,0.0,0.0,0.0,0.0,0.0,0.0,426539.0,0.0,0.0,0.0,0.0,0.0,0.0,0.0
2026-03-13T01:00:00+01:00,10960.0,4840.0,1360.0,480.0,0.0,0.0,0.0,0.0,5960.0,10520.0,1960.0,0.0,0.0,0.0,0.0,0.0,0.0,240.0,880.0,1280.0,480.0,0.0,0.0,0.0,0.0,200.0,160.0,600.0,0.0,0.0,0.0,0.0,0.0,0.0,358280.0,7720.0,2640.0,480.0,0.0,0.0,0.0,0.0,6160.0,380640.0,4600.0,0.0,0.0,0.0,0.0,0.0,0.0
2026-03-13T02:00:00+01:00,9040.0,3040.0,0.0,0.0,0.0,0.0,0.0,0.0,4400.0,10000.0,0.0,0.0,0.0,0.0,0.0,0.0,0.0,160.0,560.0,0.0,0.0,0.0,0.0,0.0,0.0,640.0,160.0,0.0,0.0,0.0,0.0,0.0,0.0,0.0,145560.0,13200.0,0.0,0.0,0.0,0.0,0.0,0.0,5040.0,139280.0,0.0,0.0,0.0,0.0,0.0,0.0,0.0
2026-03-13T03:00:00+01:00,8240.0,0.0,0.0,360.0,0.0,0.0,0.0,0.0,0.0,11360.0,0.0,0.0,0.0,0.0,0.0,0.0,0.0,160.0,0.0,0.0,360.0,0.0,0.0,0.0,0.0,0.0,160.0,0.0,0.0,0.0,0.0,0.0,0.0,0.0,390800.0,0.0,0.0,360.0,0.0,0.0,0.0,0.0,0.0,670039.0,0.0,0.0,0.0,0.0,0.0,0.0,0.0
2026-03-13T04:00:00+01:00,10280.0,0.0,0.0,0.0,0.0,0.0,0.0,0.0,0.0,10840.0,2000.0,0.0,0.0,0.0,0.0,0.0,0.0,160.0,0.0,0.0,0.0,0.0,0.0,0.0,0.0,0.0,160.0,2000.0,0.0,0.0,0.0,0.0,0.0,0.0,561520.0,0.0,0.0,0.0,0.0,0.0,0.0,0.0,0.0,841600.0,2000.0,0.0,0.0,0.0,0.0,0.0,0.0
2026-03-13T05:00:00+01:00,5120.0,0.0,0.0,0.0,0.0,0.0,0.0,0.0,0.0,9960.0,0.0,0.0,0.0,0.0,0.0,0.0,0.0,160.0,0.0,0.0,0.0,0.0,0.0,0.0,0.0,0.0,160.0,0.0,0.0,0.0,0.0,0.0,0.0,0.0,154000.0,0.0,0.0,0.0,0.0,0.0,0.0,0.0,0.0,174120.0,0.0,0.0,0.0,0.0,0.0,0.0,0.0
2026-03-13T06:00:00+01:00,2520.0,3600.0,0.0,9160.0,8800.0,0.0,0.0,0.0,10000.0,11240.0,10000.0,0.0,0.0,0.0,0.0,2200.0,0.0,320.0,3600.0,0.0,200.0,120.0,0.0,0.0,0.0,120.0,40.0,400.0,0.0,0.0,0.0,0.0,2200.0,0.0,7880.0,3600.0,0.0,13720.0,27560.0,0.0,0.0,0.0,311680.0,101480.0,106360.0,0.0,0.0,0.0,0.0,2200.0,0.0
2026-03-13T07:00:00+01:00,1240.0,10000.0,0.0,10800.0,6000.0,0.0,0.0,8000.0,10840.0,10840.0,5400.0,0.0,0.0,0.0,0.0,0.0,0.0,200.0,400.0,0.0,80.0,160.0,0.0,0.0,880.0,240.0,160.0,480.0,0.0,0.0,0.0,0.0,0.0,0.0,2320.0,31040.0,0.0,132480.0,63080.0,0.0,0.0,26880.0,403280.0,100960.0,10080.0,0.0,0.0,0.0,0.0,0.0,0.0
2026-03-13T08:00:00+01:00,5720.0,3640.0,0.0,9440.0,6040.0,0.0,0.0,3600.0,10720.0,10520.0,10000.0,0.0,0.0,0.0,0.0,2800.0,0.0,320.0,2840.0,0.0,120.0,120.0,0.0,0.0,80.0,160.0,40.0,120.0,0.0,0.0,0.0,0.0,2800.0,0.0,10760.0,6480.0,0.0,99240.0,104560.0,0.0,0.0,17960.0,404040.0,184560.0,115360.0,0.0,0.0,0.0,0.0,2800.0,0.0
2026-03-13T09:00:00+01:00,4800.0,2520.0,0.0,10600.0,10000.0,0.0,0.0,7720.0,10320.0,11240.0,10560.0,0.0,0.0,0.0,0.0,0.0,0.0,200.0,280.0,0.0,40.0,160.0,0.0,0.0,760.0,120.0,40.0,480.0,0.0,0.0,0.0,0.0,0.0,0.0,9200.0,2800.0,0.0,295319.0,304680.0,0.0,0.0,11600.0,179120.0,294680.0,76840.0,0.0,0.0,0.0,0.0,0.0,0.0
2026-03-13T10:00:00+01:00,4000.0,8440.0,0.0,10920.0,11320.0,0.0,0.0,8800.0,6000.0,11280.0,1840.0,0.0,0.0,0.0,0.0,0.0,240.0,160.0,240.0,0.0,80.0,120.0,0.0,0.0,280.0,160.0,120.0,240.0,0.0,0.0,0.0,0.0,0.0,240.0,9840.0,19360.0,0.0,257320.0,444080.0,0.0,0.0,43320.0,215760.0,881119.0,8400.0,0.0,0.0,0.0,0.0,0.0,240.0
2026-03-13T11:00:00+01:00,10640.0,7880.0,0.0,11320.0,10680.0,0.0,0.0,8840.0,9960.0,11280.0,8600.0,320.0,0.0,0.0,0.0,920.0,0.0,120.0,120.0,0.0,80.0,120.0,0.0,0.0,680.0,120.0,80.0,40.0,320.0,0.0,0.0,0.0,760.0,0.0,77920.0,19160.0,0.0,454559.0,606439.0,0.0,0.0,16760.0,195200.0,1084600.0,64479.0,320.0,0.0,0.0,0.0,1680.0,0.0
2026-03-13T12:00:00+01:00,3720.0,2040.0,0.0,10600.0,7280.0,0.0,0.0,10280.0,9960.0,11040.0,2120.0,0.0,0.0,0.0,0.0,0.0,0.0,280.0,360.0,0.0,40.0,120.0,0.0,0.0,280.0,200.0,40.0,2120.0,0.0,0.0,0.0,0.0,0.0,0.0,10400.0,2400.0,0.0,448039.0,79200.0,0.0,0.0,47400.0,158840.0,650060.0,2120.0,0.0,0.0,0.0,0.0,0.0,0.0
2026-03-13T13:00:00+01:00,3400.0,0.0,0.0,2200.0,320.0,0.0,0.0,1880.0,10640.0,11360.0,0.0,0.0,0.0,0.0,0.0,0.0,0.0,160.0,0.0,0.0,520.0,160.0,0.0,0.0,600.0,200.0,120.0,0.0,0.0,0.0,0.0,0.0,0.0,0.0,13400.0,0.0,0.0,5920.0,480.0,0.0,0.0,2480.0,469440.0,298379.0,0.0,0.0,0.0,0.0,0.0,0.0,0.0
2026-03-13T14:00:00+01:00,5720.0,9440.0,0.0,2000.0,0.0,0.0,0.0,0.0,8960.0,11280.0,4440.0,240.0,0.0,0.0,0.0,0.0,0.0,160.0,720.0,0.0,480.0,0.0,0.0,0.0,0.0,200.0,80.0,160.0,240.0,0.0,0.0,0.0,0.0,0.0,12040.0,10160.0,0.0,3480.0,0.0,0.0,0.0,0.0,325480.0,199800.0,6600.0,240.0,0.0,0.0,0.0,0.0,0.0
2026-03-13T15:00:00+01:00,9720.0,1480.0,0.0,120.0,1320.0,0.0,0.0,0.0,10840.0,10600.0,9480.0,1000.0,0.0,0.0,0.0,0.0,0.0,160.0,1480.0,0.0,120.0,1320.0,0.0,0.0,0.0,160.0,40.0,200.0,1000.0,0.0,0.0,0.0,0.0,0.0,36160.0,1480.0,0.0,120.0,1320.0,0.0,0.0,0.0,280640.0,354060.0,32920.0,1000.0,0.0,0.0,0.0,0.0,0.0
2026-03-13T16:00:00+01:00,5360.0,0.0,0.0,3840.0,0.0,0.0,0.0,2000.0,11160.0,11280.0,9520.0,3320.0,0.0,0.0,0.0,0.0,0.0,160.0,0.0,0.0,560.0,0.0,0.0,0.0,2000.0,120.0,40.0,160.0,1200.0,0.0,0.0,0.0,0.0,0.0,10000.0,0.0,0.0,8000.0,0.0,0.0,0.0,2000.0,509280.0,376109.0,22280.0,7240.0,0.0,0.0,0.0,0.0,0.0
2026-03-13T17:00:00+01:00,3600.0,11040.0,0.0,7580.0,0.0,0.0,0.0,8000.0,11160.0,11320.0,0.0,0.0,0.0,0.0,0.0,0.0,160.0,200.0,200.0,0.0,200.0,0.0,0.0,0.0,440.0,160.0,40.0,0.0,0.0,0.0,0.0,0.0,0.0,160.0,14600.0,283320.0,0.0,13340.0,0.0,0.0,0.0,23160.0,723320.0,605089.0,0.0,0.0,0.0,0.0,0.0,0.0,160.0
2026-03-13T18:00:00+01:00,2120.0,5360.0,120.0,2000.0,0.0,0.0,0.0,10040.0,11240.0,11320.0,1560.0,5000.0,0.0,0.0,0.0,0.0,0.0,120.0,1080.0,120.0,200.0,0.0,0.0,0.0,200.0,200.0,40.0,240.0,240.0,0.0,0.0,0.0,0.0,0.0,12840.0,10440.0,120.0,3680.0,0.0,0.0,0.0,69880.0,182518.0,655910.0,4520.0,10600.0,0.0,0.0,0.0,0.0,0.0
2026-03-13T19:00:00+01:00,9520.0,5800.0,0.0,3080.0,0.0,0.0,0.0,0.0,1840.0,11320.0,360.0,440.0,0.0,0.0,0.0,0.0,0.0,40.0,240.0,0.0,3080.0,0.0,0.0,0.0,0.0,1200.0,40.0,240.0,200.0,0.0,0.0,0.0,0.0,0.0,28559.0,25640.0,0.0,3080.0,0.0,0.0,0.0,0.0,3040.0,371359.0,600.0,640.0,0.0,0.0,0.0,0.0,0.0
2026-03-13T20:00:00+01:00,8960.0,10680.0,0.0,0.0,0.0,0.0,0.0,0.0,3280.0,11200.0,240.0,0.0,0.0,0.0,0.0,0.0,0.0,120.0,160.0,0.0,0.0,0.0,0.0,0.0,0.0,3280.0,40.0,240.0,0.0,0.0,0.0,0.0,0.0,0.0,13400.0,72600.0,0.0,0.0,0.0,0.0,0.0,0.0,3280.0,275398.0,240.0,0.0,0.0,0.0,0.0,0.0,0.0
2026-03-13T21:00:00+01:00,560.0,9440.0,0.0,2920.0,0.0,0.0,0.0,7320.0,400.0,11320.0,480.0,0.0,0.0,0.0,0.0,0.0,0.0,560.0,200.0,0.0,2920.0,0.0,0.0,0.0,7320.0,400.0,160.0,480.0,0.0,0.0,0.0,0.0,0.0,0.0,560.0,30280.0,0.0,2920.0,0.0,0.0,0.0,7320.0,400.0,203720.0,480.0,0.0,0.0,0.0,0.0,0.0,0.0
2026-03-13T22:00:00+01:00,8240.0,10120.0,0.0,1800.0,0.0,0.0,0.0,1720.0,0.0,11200.0,0.0,1200.0,0.0,0.0,0.0,0.0,0.0,160.0,160.0,0.0,280.0,0.0,0.0,0.0,640.0,0.0,120.0,0.0,1200.0,0.0,0.0,0.0,0.0,0.0,44080.0,41320.0,0.0,4800.0,0.0,0.0,0.0,6280.0,0.0,291350.0,0.0,1200.0,0.0,0.0,0.0,0.0,0.0
2026-03-13T23:00:00+01:00,8080.0,7480.0,0.0,1760.0,2000.0,0.0,0.0,440.0,2360.0,8720.0,0.0,0.0,0.0,0.0,0.0,0.0,0.0,200.0,160.0,0.0,480.0,640.0,0.0,0.0,440.0,560.0,40.0,0.0,0.0,0.0,0.0,0.0,0.0,0.0,43720.0,28720.0,0.0,3960.0,9760.0,0.0,0.0,440.0,4160.0,83520.0,0.0,0.0,0.0,0.0,0.0,0.0,0.0
2026-03-14T00:00:00+01:00,11040.0,2800.0,0.0,0.0,0.0,0.0,0.0,0.0,1920.0,9520.0,0.0,0.0,0.0,0.0,0.0,0.0,0.0,160.0,280.0,0.0,0.0,0.0,0.0,0.0,0.0,1920.0,40.0,0.0,0.0,0.0,0.0,0.0,0.0,0.0,60280.0,3440.0,0.0,0.0,0.0,0.0,0.0,0.0,1920.0,112630.0,0.0,0.0,0.0,0.0,0.0,0.0,0.0
2026-03-14T01:00:00+01:00,10600.0,920.0,0.0,0.0,0.0,0.0,0.0,2000.0,0.0,9840.0,0.0,0.0,0.0,0.0,0.0,0.0,0.0,120.0,920.0,0.0,0.0,0.0,0.0,0.0,2000.0,0.0,120.0,0.0,0.0,0.0,0.0,0.0,0.0,0.0,119880.0,920.0,0.0,0.0,0.0,0.0,0.0,2000.0,0.0,66640.0,0.0,0.0,0.0,0.0,0.0,0.0,0.0
2026-03-14T02:00:00+01:00,9080.0,4680.0,0.0,2360.0,0.0,0.0,0.0,0.0,1240.0,11160.0,1240.0,0.0,0.0,0.0,0.0,0.0,2160.0,120.0,1120.0,0.0,400.0,0.0,0.0,0.0,0.0,160.0,160.0,800.0,0.0,0.0,0.0,0.0,0.0,2160.0,134360.0,7440.0,0.0,18560.0,0.0,0.0,0.0,0.0,1920.0,201420.0,2040.0,0.0,0.0,0.0,0.0,0.0,2160.0
2026-03-14T03:00:00+01:00,10960.0,1440.0,0.0,2000.0,1360.0,0.0,0.0,0.0,7040.0,11200.0,0.0,1760.0,0.0,0.0,0.0,0.0,0.0,160.0,160.0,0.0,200.0,1360.0,0.0,0.0,0.0,280.0,120.0,0.0,1760.0,0.0,0.0,0.0,0.0,0.0,75160.0,3240.0,0.0,14280.0,1360.0,0.0,0.0,0.0,13640.0,293940.0,0.0,1760.0,0.0,0.0,0.0,0.0,0.0
2026-03-14T04:00:00+01:00,10560.0,1080.0,0.0,5600.0,0.0,0.0,0.0,0.0,0.0,10000.0,0.0,0.0,0.0,0.0,0.0,0.0,0.0,120.0,160.0,0.0,160.0,0.0,0.0,0.0,0.0,0.0,160.0,0.0,0.0,0.0,0.0,0.0,0.0,0.0,193800.0,4160.0,0.0,54040.0,0.0,0.0,0.0,0.0,0.0,141120.0,0.0,0.0,0.0,0.0,0.0,0.0,0.0
2026-03-14T05:00:00+01:00,7440.0,4660.0,0.0,1640.0,0.0,0.0,0.0,0.0,2000.0,10720.0,0.0,0.0,0.0,0.0,0.0,0.0,0.0,160.0,4660.0,0.0,160.0,0.0,0.0,0.0,0.0,2000.0,160.0,0.0,0.0,0.0,0.0,0.0,0.0,0.0,175080.0,4660.0,0.0,4800.0,0.0,0.0,0.0,0.0,2000.0,100300.0,0.0,0.0,0.0,0.0,0.0,0.0,0.0
2026-03-14T06:00:00+01:00,7960.0,0.0,3600.0,1960.0,0.0,0.0,0.0,11200.0,10440.0,11120.0,0.0,0.0,0.0,0.0,0.0,0.0,0.0,440.0,0.0,3600.0,840.0,0.0,0.0,0.0,120.0,440.0,200.0,0.0,0.0,0.0,0.0,0.0,0.0,0.0,49560.0,0.0,3600.0,2800.0,0.0,0.0,0.0,282560.0,215800.0,49920.0,0.0,0.0,0.0,0.0,0.0,0.0,0.0
2026-03-14T07:00:00+01:00,920.0,0.0,0.0,0.0,2000.0,0.0,0.0,9400.0,5160.0,10560.0,0.0,0.0,0.0,0.0,0.0,8119.0,0.0,640.0,0.0,0.0,0.0,480.0,0.0,0.0,120.0,200.0,80.0,0.0,0.0,0.0,0.0,0.0,8119.0,0.0,2240.0,0.0,0.0,0.0,2480.0,0.0,0.0,45200.0,134640.0,35200.0,0.0,0.0,0.0,0.0,0.0,8119.0,0.0
2026-03-14T08:00:00+01:00,8560.0,0.0,0.0,2000.0,0.0,0.0,0.0,1960.0,3680.0,11280.0,3560.0,0.0,0.0,0.0,0.0,0.0,0.0,520.0,0.0,0.0,80.0,0.0,0.0,0.0,680.0,240.0,40.0,3560.0,0.0,0.0,0.0,0.0,0.0,0.0,23440.0,0.0,0.0,2080.0,0.0,0.0,0.0,12440.0,68160.0,66800.0,3560.0,0.0,0.0,0.0,0.0,0.0,0.0
2026-03-14T09:00:00+01:00,4480.0,1200.0,0.0,8340.0,200.0,0.0,0.0,0.0,6960.0,11120.0,1120.0,1680.0,0.0,0.0,0.0,0.0,0.0,200.0,1200.0,0.0,360.0,200.0,0.0,0.0,0.0,200.0,120.0,640.0,160.0,0.0,0.0,0.0,0.0,0.0,20200.0,1200.0,0.0,54740.0,200.0,0.0,0.0,0.0,118000.0,120760.0,1760.0,1840.0,0.0,0.0,0.0,0.0,0.0
2026-03-14T10:00:00+01:00,11200.0,4600.0,0.0,840.0,680.0,0.0,0.0,0.0,9960.0,11160.0,1200.0,2760.0,0.0,0.0,0.0,0.0,0.0,160.0,4600.0,0.0,80.0,200.0,0.0,0.0,0.0,160.0,40.0,280.0,40.0,0.0,0.0,0.0,0.0,0.0,99519.0,4600.0,0.0,1920.0,880.0,0.0,0.0,0.0,194880.0,626416.0,3080.0,2800.0,0.0,0.0,0.0,0.0,0.0
2026-03-14T11:00:00+01:00,10680.0,7480.0,0.0,6360.0,4880.0,0.0,0.0,0.0,10000.0,11240.0,6440.0,8760.0,0.0,0.0,0.0,0.0,0.0,160.0,2160.0,0.0,40.0,760.0,0.0,0.0,0.0,160.0,40.0,160.0,7520.0,0.0,0.0,0.0,0.0,0.0,159720.0,16680.0,0.0,36780.0,7520.0,0.0,0.0,0.0,387680.0,1763759.0,33640.0,16280.0,0.0,0.0,0.0,0.0,0.0
2026-03-14T12:00:00+01:00,9960.0,9440.0,0.0,0.0,1320.0,0.0,0.0,0.0,10490.0,11240.0,10000.0,2800.0,0.0,0.0,0.0,0.0,0.0,120.0,760.0,0.0,0.0,1320.0,0.0,0.0,0.0,160.0,40.0,360.0,2800.0,0.0,0.0,0.0,0.0,0.0,103120.0,14840.0,0.0,0.0,1320.0,0.0,0.0,0.0,370260.0,1298890.0,57160.0,2800.0,0.0,0.0,0.0,0.0,0.0
2026-03-14T13:00:00+01:00,4720.0,0.0,0.0,0.0,0.0,0.0,0.0,0.0,11200.0,11240.0,9920.0,440.0,0.0,0.0,0.0,0.0,0.0,200.0,0.0,0.0,0.0,0.0,0.0,0.0,0.0,120.0,40.0,440.0,240.0,0.0,0.0,0.0,0.0,0.0,38600.0,0.0,0.0,0.0,0.0,0.0,0.0,0.0,403439.0,817320.0,96879.0,1280.0,0.0,0.0,0.0,0.0,0.0
2026-03-14T14:00:00+01:00,10440.0,4600.0,0.0,0.0,3480.0,0.0,0.0,1000.0,11240.0,11200.0,10000.0,0.0,0.0,0.0,0.0,0.0,0.0,160.0,240.0,0.0,0.0,240.0,0.0,0.0,1000.0,240.0,120.0,40.0,0.0,0.0,0.0,0.0,0.0,0.0,25000.0,5120.0,0.0,0.0,7240.0,0.0,0.0,1000.0,350098.0,441080.0,92700.0,0.0,0.0,0.0,0.0,0.0,0.0
2026-03-14T15:00:00+01:00,8320.0,4840.0,0.0,2000.0,2000.0,0.0,0.0,0.0,11160.0,10560.0,3520.0,6240.0,0.0,0.0,0.0,0.0,0.0,160.0,1680.0,0.0,2000.0,360.0,0.0,0.0,0.0,160.0,80.0,720.0,800.0,0.0,0.0,0.0,0.0,0.0,46040.0,6520.0,0.0,2000.0,6880.0,0.0,0.0,0.0,210880.0,202150.0,6880.0,14560.0,0.0,0.0,0.0,0.0,0.0
2026-03-14T16:00:00+01:00,1720.0,4080.0,0.0,2000.0,6480.0,0.0,0.0,0.0,9960.0,10560.0,8960.0,0.0,0.0,0.0,0.0,0.0,0.0,40.0,80.0,0.0,520.0,200.0,0.0,0.0,0.0,200.0,80.0,1120.0,0.0,0.0,0.0,0.0,0.0,0.0,6360.0,8880.0,0.0,12400.0,79920.0,0.0,0.0,0.0,284400.0,160400.0,12080.0,0.0,0.0,0.0,0.0,0.0,0.0
2026-03-14T17:00:00+01:00,2720.0,10880.0,0.0,0.0,3880.0,0.0,0.0,0.0,10600.0,11240.0,0.0,0.0,0.0,0.0,0.0,0.0,0.0,120.0,360.0,0.0,0.0,280.0,0.0,0.0,0.0,40.0,40.0,0.0,0.0,0.0,0.0,0.0,0.0,0.0,22760.0,20920.0,0.0,0.0,21920.0,0.0,0.0,0.0,721436.0,511399.0,0.0,0.0,0.0,0.0,0.0,0.0,0.0
2026-03-14T18:00:00+01:00,3640.0,8039.0,7480.0,2440.0,3960.0,0.0,0.0,0.0,11160.0,11200.0,1840.0,200.0,0.0,0.0,0.0,0.0,0.0,120.0,120.0,160.0,40.0,400.0,0.0,0.0,0.0,120.0,80.0,1040.0,200.0,0.0,0.0,0.0,0.0,0.0,10880.0,37119.0,107680.0,2480.0,28720.0,0.0,0.0,0.0,492560.0,331680.0,2880.0,200.0,0.0,0.0,0.0,0.0,0.0
2026-03-14T19:00:00+01:00,8920.0,10440.0,0.0,1280.0,360.0,0.0,0.0,1480.0,5200.0,11200.0,10000.0,2440.0,0.0,0.0,0.0,0.0,8000.0,40.0,120.0,0.0,240.0,360.0,0.0,0.0,160.0,200.0,80.0,160.0,2040.0,0.0,0.0,0.0,0.0,240.0,55760.0,45600.0,0.0,1960.0,360.0,0.0,0.0,1640.0,12040.0,288840.0,188480.0,4480.0,0.0,0.0,0.0,0.0,19160.0
2026-03-14T20:00:00+01:00,9680.0,7120.0,0.0,5560.0,0.0,0.0,0.0,8680.0,0.0,11000.0,0.0,720.0,0.0,0.0,0.0,0.0,0.0,120.0,360.0,0.0,480.0,0.0,0.0,0.0,240.0,0.0,160.0,0.0,160.0,0.0,0.0,0.0,0.0,0.0,43640.0,15160.0,0.0,8040.0,0.0,0.0,0.0,8920.0,0.0,246879.0,0.0,880.0,0.0,0.0,0.0,0.0,0.0
2026-03-14T21:00:00+01:00,2800.0,760.0,0.0,0.0,0.0,0.0,0.0,520.0,0.0,10520.0,0.0,0.0,0.0,0.0,0.0,0.0,0.0,160.0,200.0,0.0,0.0,0.0,0.0,0.0,520.0,0.0,80.0,0.0,0.0,0.0,0.0,0.0,0.0,0.0,12360.0,960.0,0.0,0.0,0.0,0.0,0.0,520.0,0.0,66080.0,0.0,0.0,0.0,0.0,0.0,0.0,0.0
2026-03-14T22:00:00+01:00,8480.0,1760.0,0.0,0.0,0.0,0.0,0.0,0.0,0.0,11160.0,0.0,0.0,0.0,0.0,0.0,0.0,0.0,2000.0,240.0,0.0,0.0,0.0,0.0,0.0,0.0,0.0,40.0,0.0,0.0,0.0,0.0,0.0,0.0,0.0,18599.0,2640.0,0.0,0.0,0.0,0.0,0.0,0.0,0.0,162840.0,0.0,0.0,0.0,0.0,0.0,0.0,0.0
2026-03-14T23:00:00+01:00,10920.0,0.0,0.0,0.0,0.0,0.0,0.0,0.0,0.0,10560.0,0.0,360.0,0.0,0.0,0.0,0.0,0.0,120.0,0.0,0.0,0.0,0.0,0.0,0.0,0.0,0.0,40.0,0.0,360.0,0.0,0.0,0.0,0.0,0.0,910800.0,0.0,0.0,0.0,0.0,0.0,0.0,0.0,0.0,205630.0,0.0,360.0,0.0,0.0,0.0,0.0,0.0
2026-03-15T00:00:00+01:00,9640.0,680.0,0.0,0.0,0.0,0.0,0.0,0.0,0.0,10840.0,1000.0,0.0,0.0,0.0,0.0,0.0,840.0,120.0,680.0,0.0,0.0,0.0,0.0,0.0,0.0,0.0,80.0,200.0,0.0,0.0,0.0,0.0,0.0,200.0,697840.0,680.0,0.0,0.0,0.0,0.0,0.0,0.0,0.0,390839.0,2120.0,0.0,0.0,0.0,0.0,0.0,1040.0
2026-03-15T01:00:00+01:00,9960.0,120.0,0.0,0.0,0.0,0.0,0.0,0.0,0.0,10480.0,0.0,0.0,0.0,0.0,0.0,0.0,0.0,160.0,120.0,0.0,0.0,0.0,0.0,0.0,0.0,0.0,1440.0,0.0,0.0,0.0,0.0,0.0,0.0,0.0,672280.0,120.0,0.0,0.0,0.0,0.0,0.0,0.0,0.0,70320.0,0.0,0.0,0.0,0.0,0.0,0.0,0.0
2026-03-15T02:00:00+01:00,10720.0,0.0,0.0,0.0,0.0,0.0,0.0,0.0,0.0,9040.0,0.0,1520.0,0.0,0.0,0.0,0.0,0.0,120.0,0.0,0.0,0.0,0.0,0.0,0.0,0.0,0.0,120.0,0.0,640.0,0.0,0.0,0.0,0.0,0.0,441999.0,0.0,0.0,0.0,0.0,0.0,0.0,0.0,0.0,81920.0,0.0,2160.0,0.0,0.0,0.0,0.0,0.0
2026-03-15T03:00:00+01:00,10000.0,0.0,0.0,0.0,0.0,0.0,0.0,0.0,0.0,10640.0,0.0,0.0,0.0,0.0,0.0,1880.0,0.0,160.0,0.0,0.0,0.0,0.0,0.0,0.0,0.0,0.0,80.0,0.0,0.0,0.0,0.0,0.0,200.0,0.0,289560.0,0.0,0.0,0.0,0.0,0.0,0.0,0.0,0.0,55960.0,0.0,0.0,0.0,0.0,0.0,2080.0,0.0
2026-03-15T04:00:00+01:00,10160.0,160.0,0.0,0.0,0.0,0.0,0.0,0.0,0.0,10800.0,0.0,0.0,0.0,0.0,0.0,0.0,0.0,200.0,160.0,0.0,0.0,0.0,0.0,0.0,0.0,0.0,80.0,0.0,0.0,0.0,0.0,0.0,0.0,0.0,241440.0,160.0,0.0,0.0,0.0,0.0,0.0,0.0,0.0,165899.0,0.0,0.0,0.0,0.0,0.0,0.0,0.0
2026-03-15T05:00:00+01:00,10920.0,0.0,0.0,0.0,0.0,0.0,0.0,0.0,0.0,2560.0,0.0,0.0,0.0,0.0,0.0,0.0,0.0,160.0,0.0,0.0,0.0,0.0,0.0,0.0,0.0,0.0,440.0,0.0,0.0,0.0,0.0,0.0,0.0,0.0,734759.0,0.0,0.0,0.0,0.0,0.0,0.0,0.0,0.0,7160.0,0.0,0.0,0.0,0.0,0.0,0.0,0.0
2026-03-15T06:00:00+01:00,11000.0,0.0,0.0,6040.0,0.0,0.0,0.0,10000.0,8000.0,2840.0,7040.0,0.0,0.0,0.0,0.0,0.0,0.0,600.0,0.0,0.0,120.0,0.0,0.0,0.0,200.0,120.0,200.0,200.0,0.0,0.0,0.0,0.0,0.0,0.0,179318.0,0.0,0.0,119920.0,0.0,0.0,0.0,44160.0,362720.0,15200.0,38120.0,0.0,0.0,0.0,0.0,0.0,0.0
2026-03-15T07:00:00+01:00,1080.0,280.0,0.0,2160.0,400.0,0.0,0.0,8039.0,8000.0,11040.0,0.0,0.0,0.0,0.0,0.0,0.0,0.0,240.0,280.0,0.0,200.0,400.0,0.0,0.0,80.0,120.0,200.0,0.0,0.0,0.0,0.0,0.0,0.0,0.0,1320.0,280.0,0.0,6120.0,400.0,0.0,0.0,21359.0,532480.0,121800.0,0.0,0.0,0.0,0.0,0.0,0.0,0.0
2026-03-15T08:00:00+01:00,1640.0,0.0,0.0,1880.0,1000.0,0.0,0.0,5040.0,11040.0,9240.0,5760.0,0.0,0.0,0.0,0.0,0.0,0.0,160.0,0.0,0.0,40.0,1000.0,0.0,0.0,280.0,160.0,40.0,200.0,0.0,0.0,0.0,0.0,0.0,0.0,2560.0,0.0,0.0,4200.0,1000.0,0.0,0.0,53960.0,341999.0,79840.0,12760.0,0.0,0.0,0.0,0.0,0.0,0.0
2026-03-15T09:00:00+01:00,9480.0,0.0,0.0,3560.0,160.0,0.0,0.0,0.0,10000.0,10560.0,0.0,0.0,0.0,0.0,0.0,0.0,0.0,120.0,0.0,0.0,480.0,160.0,0.0,0.0,0.0,160.0,160.0,0.0,0.0,0.0,0.0,0.0,0.0,0.0,88480.0,0.0,0.0,4040.0,160.0,0.0,0.0,0.0,176960.0,116880.0,0.0,0.0,0.0,0.0,0.0,0.0,0.0
2026-03-15T10:00:00+01:00,10800.0,4960.0,0.0,4680.0,0.0,0.0,0.0,0.0,10800.0,10960.0,1880.0,0.0,0.0,0.0,0.0,0.0,0.0,440.0,3120.0,0.0,160.0,0.0,0.0,0.0,0.0,160.0,240.0,1000.0,0.0,0.0,0.0,0.0,0.0,0.0,35200.0,8080.0,0.0,14560.0,0.0,0.0,0.0,0.0,264759.0,92320.0,2880.0,0.0,0.0,0.0,0.0,0.0,0.0
2026-03-15T11:00:00+01:00,8039.0,40.0,0.0,7480.0,1280.0,0.0,0.0,4110.0,10160.0,11080.0,2040.0,0.0,0.0,0.0,0.0,0.0,0.0,160.0,40.0,0.0,920.0,1280.0,0.0,0.0,4040.0,40.0,40.0,600.0,0.0,0.0,0.0,0.0,0.0,0.0,97359.0,40.0,0.0,32520.0,1280.0,0.0,0.0,8150.0,752579.0,428219.0,5120.0,0.0,0.0,0.0,0.0,0.0,0.0
2026-03-15T12:00:00+01:00,7280.0,4520.0,0.0,7630.0,2040.0,0.0,0.0,480.0,10520.0,11080.0,10000.0,0.0,0.0,0.0,0.0,0.0,0.0,120.0,1320.0,0.0,80.0,2040.0,0.0,0.0,480.0,40.0,40.0,320.0,0.0,0.0,0.0,0.0,0.0,0.0,87880.0,9560.0,0.0,37950.0,2040.0,0.0,0.0,480.0,705529.0,1301880.0,37400.0,0.0,0.0,0.0,0.0,0.0,0.0
2026-03-15T13:00:00+01:00,8039.0,4720.0,0.0,3800.0,0.0,0.0,0.0,0.0,10960.0,11120.0,10280.0,0.0,0.0,0.0,0.0,0.0,9000.0,120.0,600.0,0.0,40.0,0.0,0.0,0.0,0.0,120.0,40.0,160.0,0.0,0.0,0.0,0.0,0.0,3280.0,185919.0,9120.0,0.0,10760.0,0.0,0.0,0.0,0.0,405159.0,803577.0,44320.0,0.0,0.0,0.0,0.0,0.0,12280.0
2026-03-15T14:00:00+01:00,2000.0,6840.0,0.0,3390.0,1960.0,0.0,0.0,2000.0,10600.0,10880.0,9040.0,3400.0,0.0,0.0,0.0,0.0,0.0,80.0,6840.0,0.0,40.0,1560.0,0.0,0.0,40.0,160.0,80.0,280.0,160.0,0.0,0.0,0.0,0.0,0.0,15600.0,6840.0,0.0,14390.0,3520.0,0.0,0.0,5360.0,365760.0,509640.0,61800.0,3560.0,0.0,0.0,0.0,0.0,0.0
2026-03-15T15:00:00+01:00,3080.0,0.0,0.0,760.0,1640.0,0.0,0.0,480.0,10120.0,11000.0,7040.0,0.0,0.0,0.0,0.0,0.0,0.0,160.0,0.0,0.0,200.0,1640.0,0.0,0.0,480.0,200.0,40.0,160.0,0.0,0.0,0.0,0.0,0.0,0.0,5920.0,0.0,0.0,1960.0,1640.0,0.0,0.0,480.0,122960.0,540720.0,31040.0,0.0,0.0,0.0,0.0,0.0,0.0
2026-03-15T16:00:00+01:00,7640.0,760.0,0.0,7580.0,3960.0,0.0,0.0,6000.0,7960.0,11040.0,8640.0,0.0,0.0,0.0,0.0,0.0,0.0,120.0,760.0,0.0,80.0,1160.0,0.0,0.0,240.0,80.0,40.0,8640.0,0.0,0.0,0.0,0.0,0.0,0.0,26400.0,760.0,0.0,21500.0,10400.0,0.0,0.0,23920.0,142920.0,155230.0,8640.0,0.0,0.0,0.0,0.0,0.0,0.0
2026-03-15T17:00:00+01:00,4360.0,4000.0,0.0,4160.0,0.0,0.0,0.0,10000.0,10960.0,11080.0,0.0,0.0,0.0,0.0,0.0,0.0,0.0,120.0,1200.0,0.0,80.0,0.0,0.0,0.0,400.0,120.0,40.0,0.0,0.0,0.0,0.0,0.0,0.0,0.0,6880.0,5200.0,0.0,20120.0,0.0,0.0,0.0,34520.0,494880.0,195240.0,0.0,0.0,0.0,0.0,0.0,0.0,0.0
2026-03-15T18:00:00+01:00,2200.0,0.0,0.0,4480.0,1960.0,0.0,0.0,4960.0,9440.0,11080.0,9080.0,0.0,0.0,0.0,0.0,0.0,0.0,120.0,0.0,0.0,560.0,1520.0,0.0,0.0,160.0,120.0,40.0,1680.0,0.0,0.0,0.0,0.0,0.0,0.0,10080.0,0.0,0.0,8680.0,3480.0,0.0,0.0,12960.0,376120.0,701560.0,10760.0,0.0,0.0,0.0,0.0,0.0,0.0
2026-03-15T19:00:00+01:00,1960.0,3840.0,0.0,3440.0,0.0,0.0,0.0,0.0,8240.0,10240.0,9400.0,1640.0,0.0,0.0,0.0,0.0,0.0,1160.0,160.0,0.0,2280.0,0.0,0.0,0.0,0.0,840.0,120.0,9400.0,1640.0,0.0,0.0,0.0,0.0,0.0,3120.0,39920.0,0.0,5720.0,0.0,0.0,0.0,0.0,12960.0,129319.0,9400.0,1640.0,0.0,0.0,0.0,0.0,0.0
2026-03-15T20:00:00+01:00,4960.0,9840.0,0.0,5360.0,0.0,0.0,0.0,0.0,7480.0,11040.0,9400.0,0.0,0.0,0.0,0.0,0.0,0.0,240.0,160.0,0.0,2560.0,0.0,0.0,0.0,0.0,560.0,120.0,160.0,0.0,0.0,0.0,0.0,0.0,0.0,13280.0,68320.0,0.0,7920.0,0.0,0.0,0.0,0.0,24600.0,234600.0,109760.0,0.0,0.0,0.0,0.0,0.0,0.0
2026-03-15T21:00:00+01:00,0.0,2720.0,0.0,0.0,0.0,0.0,0.0,0.0,0.0,9000.0,0.0,0.0,0.0,0.0,0.0,0.0,0.0,0.0,160.0,0.0,0.0,0.0,0.0,0.0,0.0,0.0,40.0,0.0,0.0,0.0,0.0,0.0,0.0,0.0,0.0,26000.0,0.0,0.0,0.0,0.0,0.0,0.0,0.0,53230.0,0.0,0.0,0.0,0.0,0.0,0.0,0.0
2026-03-15T22:00:00+01:00,0.0,3280.0,0.0,0.0,0.0,0.0,0.0,0.0,0.0,10400.0,0.0,0.0,0.0,0.0,0.0,0.0,0.0,0.0,160.0,0.0,0.0,0.0,0.0,0.0,0.0,0.0,80.0,0.0,0.0,0.0,0.0,0.0,0.0,0.0,0.0,39920.0,0.0,0.0,0.0,0.0,0.0,0.0,0.0,36080.0,0.0,0.0,0.0,0.0,0.0,0.0,0.0
2026-03-15T23:00:00+01:00,1000.0,3960.0,0.0,0.0,0.0,0.0,0.0,0.0,0.0,8119.0,0.0,0.0,0.0,0.0,0.0,0.0,0.0,120.0,120.0,0.0,0.0,0.0,0.0,0.0,0.0,0.0,200.0,0.0,0.0,0.0,0.0,0.0,0.0,0.0,1120.0,88920.0,0.0,0.0,0.0,0.0,0.0,0.0,0.0,25359.0,0.0,0.0,0.0,0.0,0.0,0.0,0.0
2026-03-16T00:00:00+01:00,0.0,3920.0,0.0,0.0,0.0,0.0,0.0,0.0,0.0,0.0,0.0,0.0,0.0,0.0,0.0,0.0,0.0,0.0,240.0,0.0,0.0,0.0,0.0,0.0,0.0,0.0,0.0,0.0,0.0,0.0,0.0,0.0,0.0,0.0,0.0,64840.0,0.0,0.0,0.0,0.0,0.0,0.0,0.0,0.0,0.0,0.0,0.0,0.0,0.0,0.0,0.0
2026-03-16T01:00:00+01:00,0.0,3800.0,0.0,0.0,0.0,0.0,0.0,0.0,0.0,9760.0,0.0,0.0,0.0,0.0,0.0,0.0,0.0,0.0,280.0,0.0,0.0,0.0,0.0,0.0,0.0,0.0,6200.0,0.0,0.0,0.0,0.0,0.0,0.0,0.0,0.0,39440.0,0.0,0.0,0.0,0.0,0.0,0.0,0.0,15960.0,0.0,0.0,0.0,0.0,0.0,0.0,0.0
2026-03-16T02:00:00+01:00,160.0,6000.0,0.0,0.0,0.0,0.0,0.0,0.0,0.0,0.0,0.0,0.0,0.0,0.0,0.0,0.0,0.0,160.0,160.0,0.0,0.0,0.0,0.0,0.0,0.0,0.0,0.0,0.0,0.0,0.0,0.0,0.0,0.0,0.0,160.0,188000.0,0.0,0.0,0.0,0.0,0.0,0.0,0.0,0.0,0.0,0.0,0.0,0.0,0.0,0.0,0.0
2026-03-16T03:00:00+01:00,0.0,7440.0,0.0,0.0,0.0,0.0,0.0,0.0,0.0,440.0,0.0,0.0,0.0,0.0,0.0,0.0,0.0,0.0,160.0,0.0,0.0,0.0,0.0,0.0,0.0,0.0,440.0,0.0,0.0,0.0,0.0,0.0,0.0,0.0,0.0,139200.0,0.0,0.0,0.0,0.0,0.0,0.0,0.0,440.0,0.0,0.0,0.0,0.0,0.0,0.0,0.0
2026-03-16T04:00:00+01:00,0.0,600.0,0.0,320.0,0.0,0.0,0.0,0.0,0.0,0.0,0.0,0.0,0.0,0.0,0.0,0.0,0.0,0.0,360.0,0.0,320.0,0.0,0.0,0.0,0.0,0.0,0.0,0.0,0.0,0.0,0.0,0.0,0.0,0.0,0.0,960.0,0.0,320.0,0.0,0.0,0.0,0.0,0.0,0.0,0.0,0.0,0.0,0.0,0.0,0.0,0.0
2026-03-16T05:00:00+01:00,9080.0,2000.0,0.0,2040.0,0.0,0.0,0.0,0.0,0.0,4000.0,0.0,0.0,0.0,0.0,0.0,0.0,0.0,2840.0,2000.0,0.0,800.0,0.0,0.0,0.0,0.0,0.0,240.0,0.0,0.0,0.0,0.0,0.0,0.0,0.0,11920.0,2000.0,0.0,8120.0,0.0,0.0,0.0,0.0,0.0,34600.0,0.0,0.0,0.0,0.0,0.0,0.0,0.0
2026-03-16T06:00:00+01:00,4960.0,9520.0,0.0,5960.0,9240.0,0.0,0.0,4000.0,10240.0,10960.0,0.0,0.0,0.0,0.0,0.0,0.0,0.0,120.0,120.0,0.0,240.0,200.0,0.0,0.0,440.0,120.0,120.0,0.0,0.0,0.0,0.0,0.0,0.0,0.0,24200.0,39080.0,0.0,36640.0,249080.0,0.0,0.0,4440.0,714599.0,250040.0,0.0,0.0,0.0,0.0,0.0,0.0,0.0
2026-03-16T07:00:00+01:00,1600.0,3960.0,0.0,2000.0,10160.0,0.0,0.0,4000.0,10760.0,10480.0,0.0,0.0,0.0,0.0,0.0,0.0,0.0,680.0,800.0,0.0,800.0,120.0,0.0,0.0,1760.0,120.0,40.0,0.0,0.0,0.0,0.0,0.0,0.0,0.0,3520.0,9600.0,0.0,9280.0,543160.0,0.0,0.0,5760.0,1007640.0,187999.0,0.0,0.0,0.0,0.0,0.0,0.0,0.0
2026-03-16T08:00:00+01:00,240.0,0.0,0.0,4000.0,9760.0,0.0,0.0,2040.0,10640.0,11040.0,40.0,0.0,0.0,0.0,0.0,600.0,0.0,240.0,0.0,0.0,200.0,160.0,0.0,0.0,1040.0,160.0,40.0,40.0,0.0,0.0,0.0,0.0,600.0,0.0,240.0,0.0,0.0,9520.0,307640.0,0.0,0.0,7120.0,682756.0,57600.0,40.0,0.0,0.0,0.0,0.0,600.0,0.0
2026-03-16T09:00:00+01:00,0.0,0.0,0.0,80.0,8000.0,0.0,0.0,0.0,10680.0,10610.0,0.0,0.0,0.0,0.0,0.0,0.0,0.0,0.0,0.0,0.0,80.0,240.0,0.0,0.0,0.0,160.0,40.0,0.0,0.0,0.0,0.0,0.0,0.0,0.0,0.0,0.0,0.0,80.0,159160.0,0.0,0.0,0.0,399720.0,57610.0,0.0,0.0,0.0,0.0,0.0,0.0,0.0
2026-03-16T10:00:00+01:00,3920.0,80.0,0.0,3960.0,6360.0,0.0,0.0,0.0,10000.0,10960.0,0.0,0.0,0.0,0.0,0.0,0.0,0.0,160.0,80.0,0.0,640.0,160.0,0.0,0.0,0.0,280.0,40.0,0.0,0.0,0.0,0.0,0.0,0.0,0.0,21760.0,80.0,0.0,22200.0,79400.0,0.0,0.0,0.0,439840.0,151640.0,0.0,0.0,0.0,0.0,0.0,0.0,0.0
2026-03-16T11:00:00+01:00,4280.0,0.0,0.0,760.0,2880.0,0.0,0.0,10400.0,10240.0,10720.0,0.0,0.0,0.0,0.0,0.0,3800.0,0.0,200.0,0.0,0.0,160.0,280.0,0.0,0.0,160.0,120.0,80.0,0.0,0.0,0.0,0.0,0.0,800.0,0.0,13280.0,0.0,0.0,920.0,17080.0,0.0,0.0,52600.0,153360.0,110880.0,0.0,0.0,0.0,0.0,0.0,4600.0,0.0
2026-03-16T12:00:00+01:00,8640.0,3720.0,0.0,7920.0,2040.0,0.0,0.0,0.0,10800.0,11040.0,10640.0,760.0,0.0,0.0,0.0,0.0,0.0,120.0,200.0,0.0,160.0,1240.0,0.0,0.0,0.0,120.0,40.0,120.0,240.0,0.0,0.0,0.0,0.0,0.0,32000.0,6600.0,0.0,35000.0,3280.0,0.0,0.0,0.0,860960.0,510479.0,116879.0,1000.0,0.0,0.0,0.0,0.0,0.0
2026-03-16T13:00:00+01:00,11040.0,1280.0,0.0,4680.0,200.0,0.0,0.0,0.0,9360.0,10840.0,11040.0,1080.0,0.0,0.0,0.0,0.0,2000.0,120.0,1280.0,0.0,80.0,200.0,0.0,0.0,0.0,160.0,80.0,120.0,1080.0,0.0,0.0,0.0,0.0,2000.0,440596.0,1280.0,0.0,15040.0,200.0,0.0,0.0,0.0,479920.0,881600.0,181800.0,1080.0,0.0,0.0,0.0,0.0,2000.0
2026-03-16T14:00:00+01:00,3680.0,8080.0,0.0,5840.0,1800.0,0.0,0.0,9960.0,10120.0,10840.0,4000.0,640.0,0.0,0.0,0.0,6440.0,0.0,200.0,2000.0,0.0,400.0,1800.0,0.0,0.0,1480.0,160.0,80.0,360.0,640.0,0.0,0.0,0.0,6440.0,0.0,17920.0,19840.0,0.0,16939.0,1800.0,0.0,0.0,19680.0,215440.0,479519.0,28520.0,640.0,0.0,0.0,0.0,6440.0,0.0
2026-03-16T15:00:00+01:00,1400.0,4120.0,0.0,8720.0,2000.0,0.0,0.0,6140.0,8000.0,11040.0,840.0,360.0,0.0,0.0,0.0,0.0,0.0,160.0,120.0,0.0,160.0,480.0,0.0,0.0,80.0,40.0,40.0,840.0,360.0,0.0,0.0,0.0,0.0,0.0,3600.0,7120.0,0.0,12640.0,13080.0,0.0,0.0,8220.0,75600.0,374239.0,840.0,360.0,0.0,0.0,0.0,0.0,0.0
2026-03-16T16:00:00+01:00,8039.0,10760.0,0.0,1880.0,0.0,0.0,0.0,2000.0,10000.0,9840.0,0.0,0.0,0.0,0.0,0.0,0.0,0.0,200.0,360.0,0.0,80.0,0.0,0.0,0.0,200.0,440.0,40.0,0.0,0.0,0.0,0.0,0.0,0.0,0.0,21919.0,52960.0,0.0,3360.0,0.0,0.0,0.0,4720.0,77680.0,198278.0,0.0,0.0,0.0,0.0,0.0,0.0,0.0
2026-03-16T17:00:00+01:00,8000.0,3520.0,0.0,5140.0,880.0,0.0,0.0,5080.0,10000.0,10960.0,1640.0,0.0,0.0,0.0,0.0,0.0,0.0,160.0,1040.0,0.0,40.0,400.0,0.0,0.0,120.0,400.0,120.0,200.0,0.0,0.0,0.0,0.0,0.0,0.0,18640.0,10840.0,0.0,9020.0,1280.0,0.0,0.0,17000.0,177239.0,159240.0,2480.0,0.0,0.0,0.0,0.0,0.0,0.0
2026-03-16T18:00:00+01:00,7240.0,8240.0,0.0,4600.0,440.0,0.0,0.0,3920.0,3920.0,11000.0,2680.0,0.0,0.0,0.0,0.0,1480.0,0.0,120.0,720.0,0.0,80.0,440.0,0.0,0.0,3920.0,200.0,80.0,120.0,0.0,0.0,0.0,0.0,1480.0,0.0,16200.0,13440.0,0.0,15680.0,440.0,0.0,0.0,3920.0,49400.0,421519.0,3040.0,0.0,0.0,0.0,0.0,1480.0,0.0
2026-03-16T19:00:00+01:00,3520.0,5160.0,0.0,0.0,0.0,0.0,0.0,0.0,0.0,10840.0,4560.0,360.0,0.0,0.0,0.0,0.0,0.0,200.0,640.0,0.0,0.0,0.0,0.0,0.0,0.0,0.0,40.0,360.0,320.0,0.0,0.0,0.0,0.0,0.0,5720.0,20640.0,0.0,0.0,0.0,0.0,0.0,0.0,0.0,543916.0,11080.0,680.0,0.0,0.0,0.0,0.0,0.0
2026-03-16T20:00:00+01:00,4840.0,9800.0,0.0,2840.0,0.0,0.0,0.0,0.0,0.0,10360.0,0.0,240.0,0.0,0.0,0.0,0.0,4000.0,160.0,160.0,0.0,2840.0,0.0,0.0,0.0,0.0,0.0,280.0,0.0,240.0,0.0,0.0,0.0,0.0,4000.0,9800.0,21720.0,0.0,2840.0,0.0,0.0,0.0,0.0,0.0,305640.0,0.0,240.0,0.0,0.0,0.0,0.0,4000.0
2026-03-16T21:00:00+01:00,6000.0,440.0,0.0,0.0,0.0,0.0,0.0,0.0,0.0,10440.0,0.0,0.0,0.0,0.0,0.0,0.0,0.0,200.0,440.0,0.0,0.0,0.0,0.0,0.0,0.0,0.0,200.0,0.0,0.0,0.0,0.0,0.0,0.0,0.0,9240.0,440.0,0.0,0.0,0.0,0.0,0.0,0.0,0.0,36480.0,0.0,0.0,0.0,0.0,0.0,0.0,0.0
2026-03-16T22:00:00+01:00,1160.0,4000.0,0.0,0.0,0.0,0.0,0.0,0.0,0.0,10640.0,0.0,0.0,0.0,0.0,0.0,0.0,0.0,440.0,320.0,0.0,0.0,0.0,0.0,0.0,0.0,0.0,240.0,0.0,0.0,0.0,0.0,0.0,0.0,0.0,1600.0,14120.0,0.0,0.0,0.0,0.0,0.0,0.0,0.0,53080.0,0.0,0.0,0.0,0.0,0.0,0.0,0.0
2026-03-16T23:00:00+01:00,3280.0,2040.0,0.0,0.0,0.0,0.0,0.0,0.0,0.0,0.0,0.0,0.0,0.0,0.0,0.0,0.0,0.0,760.0,280.0,0.0,0.0,0.0,0.0,0.0,0.0,0.0,0.0,0.0,0.0,0.0,0.0,0.0,0.0,0.0,14040.0,18120.0,0.0,0.0,0.0,0.0,0.0,0.0,0.0,0.0,0.0,0.0,0.0,0.0,0.0,0.0,0.0
2026-03-17T00:00:00+01:00,1520.0,2000.0,0.0,0.0,0.0,0.0,0.0,0.0,0.0,3560.0,0.0,0.0,0.0,0.0,0.0,0.0,0.0,1520.0,1080.0,0.0,0.0,0.0,0.0,0.0,0.0,0.0,3560.0,0.0,0.0,0.0,0.0,0.0,0.0,0.0,1520.0,11640.0,0.0,0.0,0.0,0.0,0.0,0.0,0.0,3560.0,0.0,0.0,0.0,0.0,0.0,0.0,0.0
2026-03-17T01:00:00+01:00,1400.0,2440.0,0.0,0.0,0.0,0.0,0.0,0.0,0.0,0.0,0.0,0.0,0.0,0.0,0.0,0.0,0.0,1400.0,120.0,0.0,0.0,0.0,0.0,0.0,0.0,0.0,0.0,0.0,0.0,0.0,0.0,0.0,0.0,0.0,1400.0,20720.0,0.0,0.0,0.0,0.0,0.0,0.0,0.0,0.0,0.0,0.0,0.0,0.0,0.0,0.0,0.0
2026-03-17T02:00:00+01:00,0.0,3960.0,0.0,640.0,0.0,0.0,0.0,0.0,0.0,0.0,0.0,0.0,0.0,0.0,0.0,0.0,0.0,0.0,560.0,0.0,640.0,0.0,0.0,0.0,0.0,0.0,0.0,0.0,0.0,0.0,0.0,0.0,0.0,0.0,0.0,19320.0,0.0,640.0,0.0,0.0,0.0,0.0,0.0,0.0,0.0,0.0,0.0,0.0,0.0,0.0,0.0
2026-03-17T03:00:00+01:00,0.0,2000.0,0.0,0.0,0.0,0.0,0.0,0.0,0.0,9200.0,0.0,0.0,0.0,0.0,0.0,0.0,0.0,0.0,160.0,0.0,0.0,0.0,0.0,0.0,0.0,0.0,9200.0,0.0,0.0,0.0,0.0,0.0,0.0,0.0,0.0,19040.0,0.0,0.0,0.0,0.0,0.0,0.0,0.0,9200.0,0.0,0.0,0.0,0.0,0.0,0.0,0.0
2026-03-17T04:00:00+01:00,1160.0,3480.0,280.0,0.0,0.0,0.0,0.0,0.0,0.0,0.0,0.0,0.0,0.0,0.0,0.0,0.0,0.0,1160.0,160.0,280.0,0.0,0.0,0.0,0.0,0.0,0.0,0.0,0.0,0.0,0.0,0.0,0.0,0.0,0.0,1160.0,21000.0,280.0,0.0,0.0,0.0,0.0,0.0,0.0,0.0,0.0,0.0,0.0,0.0,0.0,0.0,0.0
2026-03-17T05:00:00+01:00,0.0,1960.0,0.0,1840.0,0.0,0.0,0.0,0.0,0.0,6520.0,0.0,0.0,0.0,0.0,0.0,0.0,0.0,0.0,200.0,0.0,160.0,0.0,0.0,0.0,0.0,0.0,40.0,0.0,0.0,0.0,0.0,0.0,0.0,0.0,0.0,18800.0,0.0,4840.0,0.0,0.0,0.0,0.0,0.0,15160.0,0.0,0.0,0.0,0.0,0.0,0.0,0.0
2026-03-17T06:00:00+01:00,2000.0,0.0,0.0,920.0,4000.0,0.0,0.0,2040.0,4040.0,8280.0,0.0,0.0,0.0,0.0,0.0,0.0,0.0,200.0,0.0,0.0,240.0,200.0,0.0,0.0,280.0,320.0,80.0,0.0,0.0,0.0,0.0,0.0,0.0,0.0,12600.0,0.0,0.0,1160.0,12760.0,0.0,0.0,16440.0,13280.0,44320.0,0.0,0.0,0.0,0.0,0.0,0.0,0.0
2026-03-17T07:00:00+01:00,7880.0,6760.0,0.0,560.0,9960.0,0.0,0.0,5880.0,4720.0,10040.0,5600.0,3080.0,0.0,0.0,0.0,0.0,0.0,120.0,400.0,0.0,320.0,600.0,0.0,0.0,600.0,240.0,40.0,1080.0,520.0,0.0,0.0,0.0,0.0,0.0,68200.0,22080.0,0.0,880.0,47400.0,0.0,0.0,9680.0,73760.0,340199.0,18680.0,6400.0,0.0,0.0,0.0,0.0,0.0
2026-03-17T08:00:00+01:00,4040.0,1000.0,0.0,1600.0,5840.0,0.0,0.0,10520.0,8440.0,10480.0,10160.0,0.0,0.0,0.0,0.0,3360.0,1160.0,200.0,1000.0,0.0,40.0,160.0,0.0,0.0,160.0,120.0,40.0,880.0,0.0,0.0,0.0,0.0,3360.0,1160.0,69000.0,1000.0,0.0,7400.0,14360.0,0.0,0.0,608238.0,140000.0,298460.0,19959.0,0.0,0.0,0.0,0.0,3360.0,1160.0
2026-03-17T09:00:00+01:00,3520.0,800.0,0.0,2560.0,440.0,0.0,0.0,10000.0,9640.0,10160.0,1080.0,3920.0,0.0,0.0,0.0,0.0,0.0,160.0,800.0,0.0,80.0,240.0,0.0,0.0,160.0,160.0,40.0,720.0,3920.0,0.0,0.0,0.0,0.0,0.0,7840.0,800.0,0.0,17480.0,680.0,0.0,0.0,508599.0,162080.0,172200.0,1800.0,3920.0,0.0,0.0,0.0,0.0,0.0
2026-03-17T10:00:00+01:00,6840.0,0.0,0.0,3040.0,560.0,0.0,0.0,10240.0,10520.0,10920.0,10040.0,0.0,0.0,0.0,0.0,560.0,0.0,200.0,0.0,0.0,80.0,280.0,0.0,0.0,160.0,160.0,120.0,440.0,0.0,0.0,0.0,0.0,560.0,0.0,26080.0,0.0,0.0,10360.0,840.0,0.0,0.0,429840.0,526600.0,646560.0,34840.0,0.0,0.0,0.0,0.0,560.0,0.0
2026-03-17T11:00:00+01:00,6000.0,0.0,0.0,3960.0,0.0,0.0,0.0,7920.0,10840.0,11000.0,1160.0,0.0,0.0,0.0,0.0,0.0,0.0,160.0,0.0,0.0,40.0,0.0,0.0,0.0,160.0,120.0,40.0,1160.0,0.0,0.0,0.0,0.0,0.0,0.0,39080.0,0.0,0.0,35460.0,0.0,0.0,0.0,363000.0,306629.0,153080.0,1160.0,0.0,0.0,0.0,0.0,0.0,0.0
2026-03-17T12:00:00+01:00,1400.0,3400.0,0.0,7290.0,0.0,0.0,0.0,10000.0,9880.0,10640.0,3200.0,0.0,0.0,0.0,0.0,0.0,0.0,120.0,120.0,0.0,40.0,0.0,0.0,0.0,200.0,160.0,120.0,480.0,0.0,0.0,0.0,0.0,0.0,0.0,7480.0,13080.0,0.0,15250.0,0.0,0.0,0.0,182520.0,226160.0,199399.0,3680.0,0.0,0.0,0.0,0.0,0.0,0.0
2026-03-17T13:00:00+01:00,8760.0,6400.0,0.0,2200.0,0.0,0.0,0.0,4680.0,10000.0,10760.0,10200.0,480.0,0.0,0.0,0.0,0.0,0.0,120.0,560.0,0.0,200.0,0.0,0.0,0.0,440.0,160.0,40.0,240.0,480.0,0.0,0.0,0.0,0.0,0.0,31480.0,10000.0,0.0,8440.0,0.0,0.0,0.0,24160.0,371920.0,787679.0,17240.0,480.0,0.0,0.0,0.0,0.0,0.0
2026-03-17T14:00:00+01:00,10960.0,5800.0,0.0,5240.0,440.0,0.0,0.0,2360.0,10280.0,10880.0,4800.0,0.0,0.0,0.0,0.0,0.0,0.0,120.0,4490.0,0.0,120.0,440.0,0.0,0.0,600.0,160.0,40.0,160.0,0.0,0.0,0.0,0.0,0.0,0.0,111600.0,10290.0,0.0,5360.0,440.0,0.0,0.0,5920.0,601800.0,629478.0,44520.0,0.0,0.0,0.0,0.0,0.0,0.0
2026-03-17T15:00:00+01:00,10560.0,7920.0,0.0,4960.0,0.0,0.0,0.0,9960.0,10080.0,10880.0,9200.0,400.0,0.0,0.0,0.0,0.0,3200.0,160.0,200.0,0.0,160.0,0.0,0.0,0.0,760.0,160.0,120.0,160.0,400.0,0.0,0.0,0.0,0.0,240.0,59400.0,18080.0,0.0,35440.0,0.0,0.0,0.0,48600.0,753920.0,763459.0,66680.0,400.0,0.0,0.0,0.0,0.0,7360.0
2026-03-17T16:00:00+01:00,5160.0,8880.0,0.0,3000.0,0.0,0.0,0.0,6720.0,10960.0,10400.0,5200.0,0.0,0.0,0.0,0.0,0.0,0.0,160.0,160.0,0.0,40.0,0.0,0.0,0.0,1440.0,200.0,40.0,360.0,0.0,0.0,0.0,0.0,0.0,0.0,11120.0,21800.0,0.0,6360.0,0.0,0.0,0.0,12160.0,690960.0,233089.0,32560.0,0.0,0.0,0.0,0.0,0.0,0.0
2026-03-17T17:00:00+01:00,4600.0,3400.0,0.0,9560.0,120.0,0.0,0.0,10040.0,10040.0,10880.0,3800.0,0.0,0.0,0.0,0.0,0.0,0.0,120.0,240.0,0.0,40.0,120.0,0.0,0.0,1280.0,240.0,200.0,240.0,0.0,0.0,0.0,0.0,0.0,0.0,19120.0,4960.0,0.0,13160.0,120.0,0.0,0.0,31480.0,420038.0,179600.0,26320.0,0.0,0.0,0.0,0.0,0.0,0.0
2026-03-17T18:00:00+01:00,7640.0,0.0,0.0,3140.0,0.0,0.0,0.0,6000.0,7960.0,10920.0,5880.0,1840.0,0.0,0.0,0.0,240.0,0.0,280.0,0.0,0.0,120.0,0.0,0.0,0.0,160.0,240.0,120.0,1920.0,1000.0,0.0,0.0,0.0,240.0,0.0,18880.0,0.0,0.0,6780.0,0.0,0.0,0.0,29280.0,174280.0,245200.0,12520.0,2840.0,0.0,0.0,0.0,240.0,0.0
2026-03-17T19:00:00+01:00,4240.0,6640.0,0.0,2440.0,0.0,0.0,0.0,0.0,8840.0,10720.0,9760.0,840.0,0.0,0.0,0.0,0.0,0.0,200.0,320.0,0.0,240.0,0.0,0.0,0.0,0.0,320.0,160.0,120.0,200.0,0.0,0.0,0.0,0.0,0.0,25560.0,8560.0,0.0,3360.0,0.0,0.0,0.0,0.0,10640.0,333320.0,20800.0,1040.0,0.0,0.0,0.0,0.0,0.0
2026-03-17T20:00:00+01:00,6680.0,2200.0,160.0,400.0,0.0,0.0,0.0,0.0,0.0,10000.0,0.0,760.0,0.0,0.0,0.0,6440.0,0.0,160.0,240.0,160.0,400.0,0.0,0.0,0.0,0.0,0.0,40.0,0.0,560.0,0.0,0.0,0.0,6440.0,0.0,23000.0,20960.0,160.0,400.0,0.0,0.0,0.0,0.0,0.0,223359.0,0.0,1320.0,0.0,0.0,0.0,6440.0,0.0
2026-03-17T21:00:00+01:00,600.0,0.0,0.0,0.0,0.0,0.0,0.0,0.0,640.0,10640.0,0.0,0.0,0.0,0.0,0.0,0.0,0.0,160.0,0.0,0.0,0.0,0.0,0.0,0.0,0.0,640.0,80.0,0.0,0.0,0.0,0.0,0.0,0.0,0.0,920.0,0.0,0.0,0.0,0.0,0.0,0.0,0.0,640.0,57360.0,0.0,0.0,0.0,0.0,0.0,0.0,0.0
2026-03-17T22:00:00+01:00,1520.0,1560.0,0.0,0.0,0.0,0.0,0.0,0.0,0.0,10360.0,0.0,0.0,0.0,0.0,0.0,0.0,0.0,440.0,920.0,0.0,0.0,0.0,0.0,0.0,0.0,0.0,120.0,0.0,0.0,0.0,0.0,0.0,0.0,0.0,3000.0,5080.0,0.0,0.0,0.0,0.0,0.0,0.0,0.0,40400.0,0.0,0.0,0.0,0.0,0.0,0.0,0.0
2026-03-17T23:00:00+01:00,240.0,2000.0,0.0,0.0,0.0,0.0,0.0,0.0,0.0,7360.0,0.0,0.0,0.0,0.0,0.0,0.0,0.0,240.0,120.0,0.0,0.0,0.0,0.0,0.0,0.0,0.0,40.0,0.0,0.0,0.0,0.0,0.0,0.0,0.0,240.0,16280.0,0.0,0.0,0.0,0.0,0.0,0.0,0.0,24880.0,0.0,0.0,0.0,0.0,0.0,0.0,0.0
2026-03-18T00:00:00+01:00,0.0,2000.0,0.0,0.0,0.0,0.0,0.0,0.0,0.0,0.0,0.0,0.0,0.0,0.0,0.0,0.0,0.0,0.0,160.0,0.0,0.0,0.0,0.0,0.0,0.0,0.0,0.0,0.0,0.0,0.0,0.0,0.0,0.0,0.0,0.0,18440.0,0.0,0.0,0.0,0.0,0.0,0.0,0.0,0.0,0.0,0.0,0.0,0.0,0.0,0.0,0.0
2026-03-18T01:00:00+01:00,360.0,1840.0,0.0,0.0,0.0,0.0,0.0,0.0,0.0,0.0,0.0,0.0,0.0,0.0,0.0,0.0,0.0,240.0,440.0,0.0,0.0,0.0,0.0,0.0,0.0,0.0,0.0,0.0,0.0,0.0,0.0,0.0,0.0,0.0,880.0,9200.0,0.0,0.0,0.0,0.0,0.0,0.0,0.0,0.0,0.0,0.0,0.0,0.0,0.0,0.0,0.0
2026-03-18T02:00:00+01:00,0.0,8000.0,0.0,1160.0,0.0,0.0,0.0,0.0,920.0,0.0,0.0,0.0,0.0,0.0,0.0,0.0,0.0,0.0,160.0,0.0,280.0,0.0,0.0,0.0,0.0,920.0,0.0,0.0,0.0,0.0,0.0,0.0,0.0,0.0,0.0,177400.0,0.0,1440.0,0.0,0.0,0.0,0.0,920.0,0.0,0.0,0.0,0.0,0.0,0.0,0.0,0.0
2026-03-18T03:00:00+01:00,0.0,6000.0,0.0,0.0,0.0,0.0,0.0,0.0,0.0,0.0,0.0,0.0,0.0,0.0,0.0,0.0,0.0,0.0,160.0,0.0,0.0,0.0,0.0,0.0,0.0,0.0,0.0,0.0,0.0,0.0,0.0,0.0,0.0,0.0,0.0,171680.0,0.0,0.0,0.0,0.0,0.0,0.0,0.0,0.0,0.0,0.0,0.0,0.0,0.0,0.0,0.0
2026-03-18T04:00:00+01:00,0.0,2040.0,0.0,0.0,0.0,0.0,0.0,0.0,0.0,0.0,0.0,0.0,0.0,0.0,0.0,0.0,0.0,0.0,200.0,0.0,0.0,0.0,0.0,0.0,0.0,0.0,0.0,0.0,0.0,0.0,0.0,0.0,0.0,0.0,0.0,20760.0,0.0,0.0,0.0,0.0,0.0,0.0,0.0,0.0,0.0,0.0,0.0,0.0,0.0,0.0,0.0
2026-03-18T05:00:00+01:00,0.0,2000.0,0.0,4000.0,0.0,0.0,0.0,0.0,0.0,0.0,0.0,0.0,0.0,0.0,0.0,0.0,0.0,0.0,120.0,0.0,1000.0,0.0,0.0,0.0,0.0,0.0,0.0,0.0,0.0,0.0,0.0,0.0,0.0,0.0,0.0,15560.0,0.0,14680.0,0.0,0.0,0.0,0.0,0.0,0.0,0.0,0.0,0.0,0.0,0.0,0.0,0.0
2026-03-18T06:00:00+01:00,6880.0,0.0,0.0,2000.0,0.0,0.0,0.0,1680.0,400.0,8280.0,8840.0,0.0,0.0,0.0,0.0,0.0,0.0,240.0,0.0,0.0,1040.0,0.0,0.0,0.0,1680.0,400.0,80.0,6600.0,0.0,0.0,0.0,0.0,0.0,0.0,20080.0,0.0,0.0,6920.0,0.0,0.0,0.0,1680.0,400.0,83640.0,24200.0,0.0,0.0,0.0,0.0,0.0,0.0
2026-03-18T07:00:00+01:00,2000.0,1800.0,0.0,200.0,320.0,0.0,0.0,3360.0,3360.0,10000.0,0.0,720.0,0.0,0.0,0.0,0.0,0.0,880.0,1120.0,0.0,200.0,320.0,0.0,0.0,160.0,280.0,40.0,0.0,720.0,0.0,0.0,0.0,0.0,0.0,6760.0,2920.0,0.0,200.0,320.0,0.0,0.0,49440.0,22520.0,154490.0,0.0,720.0,0.0,0.0,0.0,0.0,0.0
2026-03-18T08:00:00+01:00,7520.0,1880.0,0.0,8119.0,2360.0,0.0,0.0,0.0,10360.0,10760.0,3080.0,0.0,0.0,0.0,0.0,1240.0,0.0,200.0,160.0,0.0,360.0,440.0,0.0,0.0,0.0,160.0,120.0,400.0,0.0,0.0,0.0,0.0,1240.0,0.0,85960.0,3280.0,0.0,12759.0,2800.0,0.0,0.0,0.0,775319.0,320560.0,3480.0,0.0,0.0,0.0,0.0,1240.0,0.0
2026-03-18T09:00:00+01:00,9480.0,4280.0,0.0,5560.0,4240.0,0.0,0.0,0.0,8280.0,10520.0,1760.0,7040.0,0.0,0.0,0.0,0.0,0.0,160.0,40.0,0.0,160.0,320.0,0.0,0.0,0.0,160.0,120.0,160.0,200.0,0.0,0.0,0.0,0.0,0.0,65439.0,14560.0,0.0,102840.0,11000.0,0.0,0.0,0.0,505360.0,411640.0,3560.0,9120.0,0.0,0.0,0.0,0.0,0.0
2026-03-18T10:00:00+01:00,2960.0,4560.0,0.0,2000.0,7960.0,0.0,0.0,0.0,10160.0,10800.0,9240.0,1800.0,0.0,0.0,0.0,0.0,0.0,240.0,200.0,0.0,560.0,200.0,0.0,0.0,0.0,120.0,80.0,520.0,1800.0,0.0,0.0,0.0,0.0,0.0,38800.0,9880.0,0.0,6960.0,28440.0,0.0,0.0,0.0,823519.0,392960.0,14320.0,1800.0,0.0,0.0,0.0,0.0,0.0
2026-03-18T11:00:00+01:00,9320.0,7520.0,0.0,8760.0,0.0,0.0,0.0,6760.0,10920.0,10920.0,7040.0,560.0,0.0,0.0,0.0,1520.0,3600.0,160.0,960.0,0.0,120.0,0.0,0.0,0.0,160.0,120.0,120.0,360.0,200.0,0.0,0.0,0.0,1520.0,3600.0,58880.0,16720.0,0.0,33159.0,0.0,0.0,0.0,9180.0,458080.0,654357.0,32960.0,760.0,0.0,0.0,0.0,1520.0,3600.0
2026-03-18T12:00:00+01:00,4040.0,2200.0,0.0,9820.0,0.0,0.0,0.0,0.0,10020.0,10800.0,10720.0,0.0,5560.0,0.0,0.0,0.0,0.0,160.0,200.0,0.0,40.0,0.0,0.0,0.0,0.0,160.0,160.0,280.0,0.0,520.0,0.0,0.0,0.0,0.0,18280.0,4080.0,0.0,29540.0,0.0,0.0,0.0,0.0,167820.0,416500.0,101560.0,0.0,11840.0,0.0,0.0,0.0,0.0
2026-03-18T13:00:00+01:00,6000.0,3560.0,0.0,600.0,0.0,0.0,0.0,0.0,10680.0,10440.0,10000.0,720.0,0.0,0.0,0.0,0.0,4760.0,160.0,160.0,0.0,600.0,0.0,0.0,0.0,0.0,160.0,160.0,120.0,720.0,0.0,0.0,0.0,0.0,4760.0,44640.0,15520.0,0.0,600.0,0.0,0.0,0.0,0.0,99040.0,357440.0,123040.0,720.0,0.0,0.0,0.0,0.0,4760.0
2026-03-18T14:00:00+01:00,2920.0,10040.0,0.0,2680.0,0.0,0.0,0.0,600.0,10520.0,10360.0,10760.0,3680.0,0.0,0.0,0.0,0.0,240.0,160.0,160.0,0.0,2680.0,0.0,0.0,0.0,600.0,240.0,40.0,160.0,3680.0,0.0,0.0,0.0,0.0,240.0,7600.0,396480.0,0.0,2680.0,0.0,0.0,0.0,600.0,80080.0,1849419.0,238280.0,3680.0,0.0,0.0,0.0,0.0,240.0
2026-03-18T15:00:00+01:00,8119.0,10040.0,0.0,5960.0,0.0,0.0,0.0,0.0,3160.0,10880.0,10120.0,0.0,0.0,0.0,0.0,0.0,0.0,720.0,160.0,0.0,160.0,0.0,0.0,0.0,0.0,160.0,40.0,240.0,0.0,0.0,0.0,0.0,0.0,0.0,13519.0,433159.0,0.0,53000.0,0.0,0.0,0.0,0.0,21200.0,1779106.0,156720.0,0.0,0.0,0.0,0.0,0.0,0.0
2026-03-18T16:00:00+01:00,8080.0,6080.0,0.0,1960.0,0.0,0.0,0.0,0.0,5920.0,10880.0,8560.0,0.0,0.0,0.0,0.0,0.0,1480.0,240.0,280.0,0.0,240.0,0.0,0.0,0.0,0.0,120.0,40.0,360.0,0.0,0.0,0.0,0.0,0.0,1480.0,34400.0,25320.0,0.0,5280.0,0.0,0.0,0.0,0.0,40320.0,716459.0,37680.0,0.0,0.0,0.0,0.0,0.0,1480.0
2026-03-18T17:00:00+01:00,2040.0,1440.0,0.0,1080.0,1000.0,0.0,0.0,0.0,4000.0,10400.0,8920.0,160.0,0.0,0.0,0.0,0.0,0.0,200.0,200.0,0.0,440.0,1000.0,0.0,0.0,0.0,360.0,40.0,160.0,160.0,0.0,0.0,0.0,0.0,0.0,9480.0,3000.0,0.0,1520.0,1000.0,0.0,0.0,0.0,30880.0,677170.0,36760.0,160.0,0.0,0.0,0.0,0.0,0.0
2026-03-18T18:00:00+01:00,5520.0,10840.0,0.0,720.0,1800.0,0.0,0.0,0.0,9480.0,10440.0,800.0,0.0,0.0,0.0,0.0,0.0,0.0,160.0,800.0,0.0,40.0,720.0,0.0,0.0,0.0,160.0,40.0,800.0,0.0,0.0,0.0,0.0,0.0,0.0,37200.0,28200.0,0.0,760.0,5400.0,0.0,0.0,0.0,89600.0,405240.0,800.0,0.0,0.0,0.0,0.0,0.0,0.0
2026-03-18T19:00:00+01:00,7880.0,4760.0,0.0,1040.0,0.0,0.0,0.0,0.0,4960.0,10680.0,0.0,360.0,0.0,0.0,0.0,0.0,0.0,160.0,160.0,0.0,80.0,0.0,0.0,0.0,0.0,4960.0,120.0,0.0,360.0,0.0,0.0,0.0,0.0,0.0,16760.0,116240.0,0.0,1120.0,0.0,0.0,0.0,0.0,4960.0,338678.0,0.0,360.0,0.0,0.0,0.0,0.0,0.0
2026-03-18T20:00:00+01:00,10320.0,4280.0,0.0,0.0,0.0,0.0,0.0,0.0,2000.0,10280.0,0.0,960.0,0.0,0.0,0.0,0.0,0.0,120.0,160.0,0.0,0.0,0.0,0.0,0.0,0.0,2000.0,120.0,0.0,960.0,0.0,0.0,0.0,0.0,0.0,65520.0,155430.0,0.0,0.0,0.0,0.0,0.0,0.0,2000.0,328479.0,0.0,960.0,0.0,0.0,0.0,0.0,0.0
2026-03-18T21:00:00+01:00,7240.0,4000.0,0.0,1480.0,0.0,0.0,0.0,0.0,0.0,10600.0,0.0,0.0,0.0,0.0,0.0,0.0,0.0,200.0,120.0,0.0,1480.0,0.0,0.0,0.0,0.0,0.0,200.0,0.0,0.0,0.0,0.0,0.0,0.0,0.0,7920.0,55080.0,0.0,1480.0,0.0,0.0,0.0,0.0,0.0,87000.0,0.0,0.0,0.0,0.0,0.0,0.0,0.0
2026-03-18T22:00:00+01:00,0.0,3840.0,0.0,0.0,0.0,0.0,0.0,0.0,0.0,5720.0,0.0,0.0,0.0,0.0,0.0,0.0,0.0,0.0,200.0,0.0,0.0,0.0,0.0,0.0,0.0,0.0,120.0,0.0,0.0,0.0,0.0,0.0,0.0,0.0,0.0,41760.0,0.0,0.0,0.0,0.0,0.0,0.0,0.0,26360.0,0.0,0.0,0.0,0.0,0.0,0.0,0.0
2026-03-18T23:00:00+01:00,0.0,4680.0,0.0,0.0,0.0,0.0,0.0,0.0,0.0,8680.0,0.0,0.0,0.0,0.0,0.0,0.0,0.0,0.0,160.0,0.0,0.0,0.0,0.0,0.0,0.0,0.0,200.0,0.0,0.0,0.0,0.0,0.0,0.0,0.0,0.0,130720.0,0.0,0.0,0.0,0.0,0.0,0.0,0.0,27600.0,0.0,0.0,0.0,0.0,0.0,0.0,0.0
2026-03-19T00:00:00+01:00,8640.0,4000.0,0.0,0.0,0.0,0.0,0.0,0.0,0.0,7920.0,0.0,0.0,0.0,0.0,0.0,0.0,0.0,280.0,160.0,0.0,0.0,0.0,0.0,0.0,0.0,0.0,200.0,0.0,0.0,0.0,0.0,0.0,0.0,0.0,10680.0,209120.0,0.0,0.0,0.0,0.0,0.0,0.0,0.0,18960.0,0.0,0.0,0.0,0.0,0.0,0.0,0.0
2026-03-19T01:00:00+01:00,0.0,6000.0,0.0,0.0,0.0,0.0,0.0,0.0,0.0,7240.0,0.0,0.0,0.0,0.0,0.0,0.0,0.0,0.0,160.0,0.0,0.0,0.0,0.0,0.0,0.0,0.0,7240.0,0.0,0.0,0.0,0.0,0.0,0.0,0.0,0.0,326320.0,0.0,0.0,0.0,0.0,0.0,0.0,0.0,7240.0,0.0,0.0,0.0,0.0,0.0,0.0,0.0
2026-03-19T02:00:00+01:00,1480.0,10320.0,0.0,0.0,0.0,0.0,0.0,0.0,920.0,9600.0,0.0,0.0,0.0,0.0,0.0,0.0,0.0,1480.0,160.0,0.0,0.0,0.0,0.0,0.0,0.0,920.0,160.0,0.0,0.0,0.0,0.0,0.0,0.0,0.0,1480.0,624078.0,0.0,0.0,0.0,0.0,0.0,0.0,920.0,33400.0,0.0,0.0,0.0,0.0,0.0,0.0,0.0
2026-03-19T03:00:00+01:00,0.0,10040.0,0.0,0.0,0.0,0.0,0.0,0.0,0.0,0.0,0.0,0.0,0.0,0.0,0.0,0.0,0.0,0.0,240.0,0.0,0.0,0.0,0.0,0.0,0.0,0.0,0.0,0.0,0.0,0.0,0.0,0.0,0.0,0.0,0.0,507959.0,0.0,0.0,0.0,0.0,0.0,0.0,0.0,0.0,0.0,0.0,0.0,0.0,0.0,0.0,0.0
2026-03-19T04:00:00+01:00,0.0,10240.0,0.0,0.0,0.0,0.0,0.0,0.0,0.0,0.0,0.0,0.0,0.0,0.0,0.0,0.0,0.0,0.0,640.0,0.0,0.0,0.0,0.0,0.0,0.0,0.0,0.0,0.0,0.0,0.0,0.0,0.0,0.0,0.0,0.0,395318.0,0.0,0.0,0.0,0.0,0.0,0.0,0.0,0.0,0.0,0.0,0.0,0.0,0.0,0.0,0.0
2026-03-19T05:00:00+01:00,0.0,9920.0,0.0,0.0,0.0,0.0,0.0,0.0,720.0,4480.0,0.0,0.0,0.0,0.0,0.0,0.0,0.0,0.0,240.0,0.0,0.0,0.0,0.0,0.0,0.0,720.0,240.0,0.0,0.0,0.0,0.0,0.0,0.0,0.0,0.0,322680.0,0.0,0.0,0.0,0.0,0.0,0.0,720.0,19440.0,0.0,0.0,0.0,0.0,0.0,0.0,0.0
2026-03-19T06:00:00+01:00,4320.0,200.0,0.0,0.0,3320.0,0.0,0.0,3920.0,10000.0,10520.0,320.0,2440.0,0.0,0.0,0.0,0.0,0.0,160.0,40.0,0.0,0.0,1880.0,0.0,0.0,600.0,120.0,40.0,320.0,2440.0,0.0,0.0,0.0,0.0,0.0,32800.0,240.0,0.0,0.0,7440.0,0.0,0.0,20120.0,414040.0,238990.0,320.0,2440.0,0.0,0.0,0.0,0.0,0.0
2026-03-19T07:00:00+01:00,3080.0,3640.0,0.0,2200.0,0.0,0.0,0.0,840.0,2000.0,10360.0,0.0,0.0,0.0,0.0,0.0,0.0,0.0,3080.0,200.0,0.0,520.0,0.0,0.0,0.0,520.0,160.0,40.0,0.0,0.0,0.0,0.0,0.0,0.0,0.0,3080.0,24280.0,0.0,5520.0,0.0,0.0,0.0,1360.0,24520.0,43560.0,0.0,0.0,0.0,0.0,0.0,0.0,0.0
2026-03-19T08:00:00+01:00,2000.0,5600.0,0.0,2000.0,0.0,0.0,0.0,5080.0,10000.0,10640.0,0.0,0.0,0.0,0.0,0.0,0.0,4880.0,240.0,400.0,0.0,240.0,0.0,0.0,0.0,5080.0,160.0,40.0,0.0,0.0,0.0,0.0,0.0,0.0,4880.0,10880.0,71400.0,0.0,2760.0,0.0,0.0,0.0,5080.0,170000.0,112120.0,0.0,0.0,0.0,0.0,0.0,0.0,4880.0
2026-03-19T09:00:00+01:00,10000.0,7840.0,0.0,1000.0,0.0,0.0,0.0,0.0,8680.0,10640.0,6640.0,0.0,2000.0,0.0,0.0,0.0,3440.0,160.0,7840.0,0.0,440.0,0.0,0.0,0.0,0.0,40.0,120.0,320.0,0.0,680.0,0.0,0.0,0.0,3440.0,131999.0,7840.0,0.0,2360.0,0.0,0.0,0.0,0.0,137270.0,173320.0,8720.0,0.0,6640.0,0.0,0.0,0.0,3440.0
2026-03-19T10:00:00+01:00,7800.0,4840.0,0.0,4680.0,0.0,0.0,0.0,0.0,9160.0,10760.0,3240.0,3200.0,0.0,0.0,0.0,800.0,0.0,120.0,1040.0,0.0,120.0,0.0,0.0,0.0,0.0,120.0,80.0,120.0,240.0,0.0,0.0,0.0,800.0,0.0,76080.0,9200.0,0.0,35920.0,0.0,0.0,0.0,0.0,150000.0,409690.0,8480.0,5600.0,0.0,0.0,0.0,800.0,0.0
2026-03-19T11:00:00+01:00,5120.0,1320.0,0.0,9720.0,0.0,0.0,0.0,9320.0,10780.0,10840.0,10000.0,5080.0,0.0,0.0,0.0,0.0,0.0,160.0,240.0,0.0,240.0,0.0,0.0,0.0,9320.0,80.0,40.0,160.0,5080.0,0.0,0.0,0.0,0.0,0.0,38400.0,3720.0,0.0,62010.0,0.0,0.0,0.0,9320.0,635328.0,1210279.0,202319.0,5080.0,0.0,0.0,0.0,0.0,0.0
2026-03-19T12:00:00+01:00,9880.0,2360.0,0.0,6600.0,0.0,0.0,0.0,0.0,10480.0,10800.0,10000.0,0.0,0.0,0.0,0.0,0.0,0.0,240.0,1320.0,0.0,80.0,0.0,0.0,0.0,0.0,40.0,40.0,160.0,0.0,0.0,0.0,0.0,0.0,0.0,71760.0,7800.0,0.0,8560.0,0.0,0.0,0.0,0.0,413799.0,1890280.0,382080.0,0.0,0.0,0.0,0.0,0.0,0.0
2026-03-19T13:00:00+01:00,9200.0,600.0,0.0,0.0,0.0,0.0,0.0,0.0,10040.0,10840.0,9880.0,0.0,0.0,0.0,0.0,0.0,1840.0,120.0,600.0,0.0,0.0,0.0,0.0,0.0,0.0,160.0,40.0,160.0,0.0,0.0,0.0,0.0,0.0,680.0,38920.0,600.0,0.0,0.0,0.0,0.0,0.0,0.0,591559.0,594139.0,201400.0,0.0,0.0,0.0,0.0,0.0,6520.0
2026-03-19T14:00:00+01:00,6040.0,10360.0,0.0,5480.0,560.0,0.0,0.0,0.0,10160.0,10720.0,5520.0,0.0,0.0,0.0,0.0,0.0,0.0,160.0,280.0,0.0,520.0,560.0,0.0,0.0,0.0,360.0,120.0,200.0,0.0,0.0,0.0,0.0,0.0,0.0,25720.0,10640.0,0.0,6000.0,560.0,0.0,0.0,0.0,545920.0,483040.0,14920.0,0.0,0.0,0.0,0.0,0.0,0.0
2026-03-19T15:00:00+01:00,6360.0,1200.0,0.0,1600.0,0.0,0.0,0.0,0.0,9960.0,10800.0,8840.0,960.0,0.0,0.0,0.0,0.0,120.0,160.0,1200.0,0.0,640.0,0.0,0.0,0.0,0.0,120.0,80.0,160.0,960.0,0.0,0.0,0.0,0.0,120.0,12520.0,1200.0,0.0,2240.0,0.0,0.0,0.0,0.0,244160.0,224759.0,30720.0,960.0,0.0,0.0,0.0,0.0,120.0
2026-03-19T16:00:00+01:00,10240.0,3280.0,0.0,2000.0,0.0,0.0,0.0,1640.0,10000.0,10680.0,10160.0,2280.0,0.0,0.0,0.0,0.0,0.0,160.0,760.0,0.0,640.0,0.0,0.0,0.0,1640.0,360.0,120.0,200.0,200.0,0.0,0.0,0.0,0.0,0.0,77240.0,4040.0,0.0,7400.0,0.0,0.0,0.0,1640.0,134600.0,573170.0,24360.0,6320.0,0.0,0.0,0.0,0.0,0.0
2026-03-19T17:00:00+01:00,10640.0,10520.0,0.0,2720.0,2000.0,0.0,0.0,2000.0,7920.0,10680.0,7960.0,160.0,0.0,0.0,0.0,0.0,0.0,160.0,240.0,0.0,2720.0,480.0,0.0,0.0,2000.0,160.0,40.0,160.0,160.0,0.0,0.0,0.0,0.0,0.0,53240.0,23560.0,0.0,2720.0,6160.0,0.0,0.0,2000.0,77360.0,1055650.0,38280.0,160.0,0.0,0.0,0.0,0.0,0.0
2026-03-19T18:00:00+01:00,6760.0,8720.0,0.0,0.0,0.0,0.0,0.0,1000.0,5920.0,10760.0,7160.0,2000.0,0.0,0.0,0.0,0.0,0.0,160.0,320.0,0.0,0.0,0.0,0.0,0.0,160.0,520.0,40.0,640.0,2000.0,0.0,0.0,0.0,0.0,0.0,20040.0,36240.0,0.0,0.0,0.0,0.0,0.0,1160.0,6440.0,576510.0,18040.0,2000.0,0.0,0.0,0.0,0.0,0.0
2026-03-19T19:00:00+01:00,8640.0,8640.0,280.0,0.0,0.0,0.0,0.0,0.0,0.0,10760.0,3840.0,1080.0,0.0,0.0,0.0,0.0,0.0,120.0,120.0,280.0,0.0,0.0,0.0,0.0,0.0,0.0,80.0,800.0,1080.0,0.0,0.0,0.0,0.0,0.0,18880.0,21000.0,280.0,0.0,0.0,0.0,0.0,0.0,0.0,296520.0,4640.0,1080.0,0.0,0.0,0.0,0.0,0.0
2026-03-19T20:00:00+01:00,7400.0,2400.0,1120.0,0.0,0.0,0.0,0.0,0.0,8960.0,10440.0,8039.0,1600.0,0.0,0.0,0.0,0.0,0.0,120.0,120.0,80.0,0.0,0.0,0.0,0.0,0.0,200.0,40.0,200.0,240.0,0.0,0.0,0.0,0.0,0.0,14040.0,12840.0,1200.0,0.0,0.0,0.0,0.0,0.0,102319.0,388960.0,8239.0,1840.0,0.0,0.0,0.0,0.0,0.0
2026-03-19T21:00:00+01:00,4840.0,3160.0,0.0,0.0,0.0,0.0,0.0,0.0,0.0,10720.0,0.0,1320.0,0.0,0.0,0.0,0.0,0.0,480.0,160.0,0.0,0.0,0.0,0.0,0.0,0.0,0.0,80.0,0.0,1320.0,0.0,0.0,0.0,0.0,0.0,9360.0,23560.0,0.0,0.0,0.0,0.0,0.0,0.0,0.0,165880.0,0.0,1320.0,0.0,0.0,0.0,0.0,0.0
2026-03-19T22:00:00+01:00,4320.0,0.0,0.0,3400.0,3960.0,0.0,0.0,1560.0,0.0,3280.0,0.0,0.0,0.0,0.0,0.0,0.0,0.0,240.0,0.0,0.0,160.0,160.0,0.0,0.0,1560.0,0.0,240.0,0.0,0.0,0.0,0.0,0.0,0.0,0.0,70760.0,0.0,0.0,23320.0,66520.0,0.0,0.0,1560.0,0.0,7640.0,0.0,0.0,0.0,0.0,0.0,0.0,0.0
2026-03-19T23:00:00+01:00,10000.0,0.0,0.0,440.0,0.0,0.0,0.0,0.0,0.0,7520.0,0.0,0.0,0.0,0.0,0.0,0.0,0.0,160.0,0.0,0.0,440.0,0.0,0.0,0.0,0.0,0.0,160.0,0.0,0.0,0.0,0.0,0.0,0.0,0.0,747480.0,0.0,0.0,440.0,0.0,0.0,0.0,0.0,0.0,18960.0,0.0,0.0,0.0,0.0,0.0,0.0,0.0
2026-03-20T00:00:00+01:00,8000.0,9080.0,0.0,0.0,0.0,0.0,0.0,0.0,0.0,10600.0,0.0,0.0,0.0,0.0,0.0,0.0,0.0,120.0,240.0,0.0,0.0,0.0,0.0,0.0,0.0,0.0,120.0,0.0,0.0,0.0,0.0,0.0,0.0,0.0,595240.0,12920.0,0.0,0.0,0.0,0.0,0.0,0.0,0.0,32720.0,0.0,0.0,0.0,0.0,0.0,0.0,0.0
2026-03-20T01:00:00+01:00,10080.0,120.0,0.0,2840.0,0.0,0.0,0.0,0.0,0.0,9920.0,0.0,240.0,0.0,0.0,0.0,0.0,0.0,120.0,120.0,0.0,320.0,0.0,0.0,0.0,0.0,0.0,240.0,0.0,240.0,0.0,0.0,0.0,0.0,0.0,371309.0,120.0,0.0,3600.0,0.0,0.0,0.0,0.0,0.0,117480.0,0.0,240.0,0.0,0.0,0.0,0.0,0.0
2026-03-20T02:00:00+01:00,10000.0,0.0,0.0,0.0,0.0,0.0,0.0,0.0,0.0,10400.0,1120.0,0.0,0.0,0.0,0.0,0.0,0.0,120.0,0.0,0.0,0.0,0.0,0.0,0.0,0.0,0.0,160.0,1120.0,0.0,0.0,0.0,0.0,0.0,0.0,263800.0,0.0,0.0,0.0,0.0,0.0,0.0,0.0,0.0,108958.0,1120.0,0.0,0.0,0.0,0.0,0.0,0.0
2026-03-20T03:00:00+01:00,7960.0,4040.0,0.0,240.0,0.0,0.0,0.0,0.0,0.0,9760.0,1920.0,0.0,0.0,0.0,0.0,0.0,0.0,320.0,160.0,0.0,160.0,0.0,0.0,0.0,0.0,0.0,120.0,1920.0,0.0,0.0,0.0,0.0,0.0,0.0,70000.0,4200.0,0.0,400.0,0.0,0.0,0.0,0.0,0.0,28440.0,1920.0,0.0,0.0,0.0,0.0,0.0,0.0
2026-03-20T04:00:00+01:00,7520.0,0.0,0.0,0.0,0.0,0.0,0.0,0.0,0.0,3910.0,1920.0,0.0,0.0,0.0,0.0,0.0,0.0,160.0,0.0,0.0,0.0,0.0,0.0,0.0,0.0,0.0,40.0,160.0,0.0,0.0,0.0,0.0,0.0,0.0,179040.0,0.0,0.0,0.0,0.0,0.0,0.0,0.0,0.0,4190.0,2280.0,0.0,0.0,0.0,0.0,0.0,0.0
2026-03-20T05:00:00+01:00,10040.0,0.0,0.0,4000.0,440.0,0.0,0.0,10120.0,0.0,2000.0,400.0,0.0,3080.0,0.0,0.0,0.0,0.0,160.0,0.0,0.0,240.0,440.0,0.0,0.0,240.0,0.0,2000.0,160.0,0.0,2120.0,0.0,0.0,0.0,0.0,275440.0,0.0,0.0,41000.0,440.0,0.0,0.0,181619.0,0.0,4000.0,800.0,0.0,5200.0,0.0,0.0,0.0,0.0
2026-03-20T06:00:00+01:00,2000.0,3840.0,0.0,1560.0,10160.0,0.0,0.0,0.0,10720.0,9320.0,0.0,440.0,0.0,0.0,0.0,0.0,0.0,360.0,3840.0,0.0,40.0,240.0,0.0,0.0,0.0,240.0,120.0,0.0,200.0,0.0,0.0,0.0,0.0,0.0,8240.0,3840.0,0.0,4320.0,33880.0,0.0,0.0,0.0,133600.0,69560.0,0.0,640.0,0.0,0.0,0.0,0.0,0.0
2026-03-20T07:00:00+01:00,3040.0,40.0,0.0,1640.0,10560.0,0.0,0.0,9280.0,4000.0,10600.0,4760.0,0.0,0.0,0.0,0.0,0.0,0.0,200.0,40.0,0.0,1160.0,80.0,0.0,0.0,2640.0,240.0,40.0,1240.0,0.0,0.0,0.0,0.0,0.0,0.0,4080.0,40.0,0.0,2800.0,340280.0,0.0,0.0,11920.0,69920.0,162960.0,6000.0,0.0,0.0,0.0,0.0,0.0,0.0
2026-03-20T08:00:00+01:00,9440.0,0.0,0.0,560.0,9960.0,0.0,0.0,880.0,8000.0,8160.0,0.0,0.0,0.0,0.0,0.0,0.0,0.0,120.0,0.0,0.0,160.0,240.0,0.0,0.0,640.0,240.0,40.0,0.0,0.0,0.0,0.0,0.0,0.0,0.0,51160.0,0.0,0.0,720.0,209399.0,0.0,0.0,1520.0,102520.0,82560.0,0.0,0.0,0.0,0.0,0.0,0.0,0.0
2026-03-20T09:00:00+01:00,4040.0,8840.0,0.0,4120.0,10040.0,0.0,0.0,5640.0,10480.0,10320.0,1960.0,1200.0,0.0,0.0,0.0,0.0,3120.0,280.0,1640.0,0.0,160.0,560.0,0.0,0.0,240.0,440.0,40.0,240.0,200.0,0.0,0.0,0.0,0.0,3120.0,54840.0,29720.0,0.0,6960.0,36560.0,0.0,0.0,10640.0,113320.0,503239.0,3840.0,1400.0,0.0,0.0,0.0,0.0,3120.0
2026-03-20T10:00:00+01:00,2000.0,10640.0,0.0,8280.0,8000.0,0.0,0.0,0.0,8880.0,10000.0,10000.0,2920.0,0.0,0.0,0.0,0.0,0.0,280.0,720.0,0.0,160.0,200.0,0.0,0.0,0.0,200.0,40.0,160.0,160.0,0.0,0.0,0.0,0.0,0.0,6040.0,72720.0,0.0,13080.0,45440.0,0.0,0.0,0.0,152840.0,365840.0,258880.0,6360.0,0.0,0.0,0.0,0.0,0.0
2026-03-20T11:00:00+01:00,5960.0,10040.0,0.0,8600.0,4960.0,0.0,0.0,0.0,10280.0,10760.0,10280.0,2080.0,0.0,0.0,0.0,0.0,0.0,120.0,240.0,0.0,400.0,200.0,0.0,0.0,0.0,160.0,40.0,160.0,2080.0,0.0,0.0,0.0,0.0,0.0,25880.0,16400.0,0.0,24240.0,32760.0,0.0,0.0,0.0,353839.0,1888026.0,254759.0,2080.0,0.0,0.0,0.0,0.0,0.0
2026-03-20T12:00:00+01:00,10320.0,8800.0,0.0,5600.0,10400.0,0.0,0.0,400.0,9960.0,10720.0,10650.0,1640.0,0.0,0.0,0.0,0.0,0.0,160.0,200.0,0.0,240.0,120.0,0.0,0.0,320.0,120.0,40.0,280.0,1640.0,0.0,0.0,0.0,0.0,0.0,61000.0,49240.0,0.0,42360.0,188160.0,0.0,0.0,720.0,302300.0,2015167.0,68470.0,1640.0,0.0,0.0,0.0,0.0,0.0
2026-03-20T13:00:00+01:00,9920.0,6800.0,0.0,3360.0,10480.0,0.0,0.0,10680.0,10040.0,10760.0,9120.0,560.0,0.0,0.0,0.0,0.0,1960.0,120.0,640.0,0.0,480.0,360.0,0.0,0.0,2920.0,120.0,40.0,120.0,200.0,0.0,0.0,0.0,0.0,1880.0,119360.0,40360.0,0.0,18080.0,45400.0,0.0,0.0,13600.0,135019.0,1325364.0,124010.0,760.0,0.0,0.0,0.0,0.0,3840.0
2026-03-20T14:00:00+01:00,6000.0,8760.0,0.0,0.0,0.0,0.0,0.0,0.0,10120.0,10720.0,9960.0,320.0,0.0,0.0,0.0,0.0,4000.0,160.0,160.0,0.0,0.0,0.0,0.0,0.0,0.0,160.0,40.0,160.0,320.0,0.0,0.0,0.0,0.0,160.0,37280.0,34120.0,0.0,0.0,0.0,0.0,0.0,0.0,60680.0,926479.0,279760.0,320.0,0.0,0.0,0.0,0.0,12520.0
2026-03-20T15:00:00+01:00,9520.0,10360.0,0.0,0.0,0.0,0.0,0.0,0.0,10000.0,10320.0,9760.0,0.0,0.0,0.0,0.0,0.0,7440.0,560.0,160.0,0.0,0.0,0.0,0.0,0.0,0.0,400.0,40.0,160.0,0.0,0.0,0.0,0.0,0.0,4240.0,23400.0,54000.0,0.0,0.0,0.0,0.0,0.0,0.0,61280.0,935539.0,158599.0,0.0,0.0,0.0,0.0,0.0,11680.0
2026-03-20T16:00:00+01:00,8000.0,10160.0,0.0,3840.0,10000.0,0.0,0.0,0.0,10440.0,10480.0,9240.0,80.0,1600.0,0.0,0.0,0.0,6840.0,240.0,240.0,0.0,3840.0,1840.0,0.0,0.0,0.0,160.0,40.0,200.0,80.0,1600.0,0.0,0.0,0.0,1800.0,48760.0,92320.0,0.0,3840.0,21600.0,0.0,0.0,0.0,81440.0,318009.0,85120.0,80.0,1600.0,0.0,0.0,0.0,19400.0
2026-03-20T17:00:00+01:00,10680.0,9040.0,0.0,800.0,3960.0,0.0,0.0,0.0,7640.0,10640.0,9800.0,160.0,0.0,0.0,0.0,0.0,0.0,120.0,240.0,0.0,360.0,880.0,0.0,0.0,0.0,120.0,80.0,120.0,160.0,0.0,0.0,0.0,0.0,0.0,246800.0,27160.0,0.0,1160.0,9960.0,0.0,0.0,0.0,102480.0,1195759.0,44780.0,160.0,0.0,0.0,0.0,0.0,0.0
2026-03-20T18:00:00+01:00,8640.0,3560.0,0.0,480.0,0.0,0.0,0.0,0.0,8560.0,10560.0,2000.0,0.0,0.0,0.0,0.0,0.0,0.0,120.0,3560.0,0.0,480.0,0.0,0.0,0.0,0.0,40.0,40.0,120.0,0.0,0.0,0.0,0.0,0.0,0.0,63840.0,3560.0,0.0,480.0,0.0,0.0,0.0,0.0,131200.0,909238.0,2120.0,0.0,0.0,0.0,0.0,0.0,0.0
2026-03-20T19:00:00+01:00,7680.0,6720.0,360.0,7120.0,2000.0,0.0,0.0,0.0,7360.0,10680.0,2000.0,0.0,0.0,0.0,0.0,0.0,0.0,120.0,1040.0,120.0,1240.0,160.0,0.0,0.0,0.0,520.0,80.0,800.0,0.0,0.0,0.0,0.0,0.0,0.0,63480.0,17560.0,480.0,10120.0,9600.0,0.0,0.0,0.0,22120.0,699259.0,6760.0,0.0,0.0,0.0,0.0,0.0,0.0
2026-03-20T20:00:00+01:00,10000.0,6200.0,0.0,160.0,2000.0,0.0,0.0,0.0,0.0,9480.0,0.0,0.0,0.0,0.0,0.0,0.0,0.0,160.0,920.0,0.0,160.0,160.0,0.0,0.0,0.0,0.0,40.0,0.0,0.0,0.0,0.0,0.0,0.0,0.0,69800.0,7120.0,0.0,160.0,14640.0,0.0,0.0,0.0,0.0,118520.0,0.0,0.0,0.0,0.0,0.0,0.0,0.0
2026-03-20T21:00:00+01:00,4040.0,3240.0,0.0,4680.0,2040.0,0.0,0.0,320.0,0.0,10520.0,0.0,0.0,0.0,0.0,0.0,0.0,0.0,120.0,120.0,0.0,4680.0,160.0,0.0,0.0,320.0,0.0,40.0,0.0,0.0,0.0,0.0,0.0,0.0,0.0,58080.0,14400.0,0.0,4680.0,24680.0,0.0,0.0,320.0,0.0,107360.0,0.0,0.0,0.0,0.0,0.0,0.0,0.0
2026-03-20T22:00:00+01:00,2320.0,5560.0,0.0,0.0,320.0,0.0,0.0,10400.0,0.0,10280.0,680.0,0.0,0.0,0.0,0.0,0.0,0.0,120.0,120.0,0.0,0.0,320.0,0.0,0.0,10400.0,0.0,200.0,640.0,0.0,0.0,0.0,0.0,0.0,0.0,3640.0,67920.0,0.0,0.0,320.0,0.0,0.0,10400.0,0.0,212750.0,1320.0,0.0,0.0,0.0,0.0,0.0,0.0
2026-03-20T23:00:00+01:00,1720.0,10000.0,0.0,0.0,0.0,0.0,0.0,0.0,0.0,10640.0,0.0,0.0,0.0,0.0,0.0,0.0,0.0,320.0,120.0,0.0,0.0,0.0,0.0,0.0,0.0,0.0,40.0,0.0,0.0,0.0,0.0,0.0,0.0,0.0,3280.0,767960.0,0.0,0.0,0.0,0.0,0.0,0.0,0.0,415740.0,0.0,0.0,0.0,0.0,0.0,0.0,0.0
2026-03-21T00:00:00+01:00,3120.0,9880.0,0.0,0.0,0.0,0.0,0.0,1440.0,0.0,10560.0,0.0,1320.0,0.0,0.0,0.0,0.0,0.0,160.0,120.0,0.0,0.0,0.0,0.0,0.0,1440.0,0.0,120.0,0.0,1320.0,0.0,0.0,0.0,0.0,0.0,4400.0,597759.0,0.0,0.0,0.0,0.0,0.0,1440.0,0.0,284940.0,0.0,1320.0,0.0,0.0,0.0,0.0,0.0
2026-03-21T01:00:00+01:00,8440.0,9440.0,0.0,0.0,0.0,0.0,0.0,0.0,0.0,10680.0,5560.0,2920.0,0.0,0.0,0.0,0.0,720.0,160.0,40.0,0.0,0.0,0.0,0.0,0.0,0.0,0.0,160.0,160.0,840.0,0.0,0.0,0.0,0.0,480.0,48000.0,478280.0,0.0,0.0,0.0,0.0,0.0,0.0,0.0,818799.0,24520.0,3760.0,0.0,0.0,0.0,0.0,1200.0
2026-03-21T02:00:00+01:00,6400.0,10000.0,0.0,0.0,0.0,0.0,0.0,0.0,0.0,10600.0,0.0,0.0,0.0,0.0,0.0,0.0,0.0,160.0,160.0,0.0,0.0,0.0,0.0,0.0,0.0,0.0,120.0,0.0,0.0,0.0,0.0,0.0,0.0,0.0,26600.0,417398.0,0.0,0.0,0.0,0.0,0.0,0.0,0.0,329690.0,0.0,0.0,0.0,0.0,0.0,0.0,0.0
2026-03-21T03:00:00+01:00,1640.0,10000.0,640.0,0.0,0.0,0.0,0.0,7200.0,0.0,10440.0,0.0,0.0,0.0,0.0,0.0,0.0,0.0,160.0,160.0,640.0,0.0,0.0,0.0,0.0,7200.0,0.0,80.0,0.0,0.0,0.0,0.0,0.0,0.0,0.0,2680.0,371440.0,640.0,0.0,0.0,0.0,0.0,7200.0,0.0,75320.0,0.0,0.0,0.0,0.0,0.0,0.0,0.0
2026-03-21T04:00:00+01:00,5960.0,9920.0,0.0,0.0,0.0,0.0,0.0,0.0,0.0,10600.0,3920.0,0.0,0.0,0.0,0.0,0.0,0.0,200.0,160.0,0.0,0.0,0.0,0.0,0.0,0.0,0.0,200.0,1960.0,0.0,0.0,0.0,0.0,0.0,0.0,29640.0,280440.0,0.0,0.0,0.0,0.0,0.0,0.0,0.0,109200.0,7840.0,0.0,0.0,0.0,0.0,0.0,0.0
2026-03-21T05:00:00+01:00,6480.0,10000.0,0.0,0.0,0.0,0.0,0.0,0.0,0.0,10440.0,3240.0,1120.0,0.0,0.0,0.0,0.0,5840.0,120.0,160.0,0.0,0.0,0.0,0.0,0.0,0.0,0.0,200.0,1000.0,1120.0,0.0,0.0,0.0,0.0,5840.0,31040.0,241960.0,0.0,0.0,0.0,0.0,0.0,0.0,0.0,152560.0,4240.0,1120.0,0.0,0.0,0.0,0.0,5840.0
2026-03-21T06:00:00+01:00,8360.0,0.0,0.0,960.0,0.0,0.0,0.0,6800.0,10040.0,9280.0,1920.0,0.0,2000.0,0.0,0.0,0.0,0.0,120.0,0.0,0.0,960.0,0.0,0.0,0.0,1760.0,200.0,200.0,600.0,0.0,2000.0,0.0,0.0,0.0,0.0,11400.0,0.0,0.0,960.0,0.0,0.0,0.0,8560.0,359040.0,32000.0,3760.0,0.0,2000.0,0.0,0.0,0.0,0.0
2026-03-21T07:00:00+01:00,4920.0,0.0,0.0,0.0,0.0,0.0,0.0,0.0,10040.0,8360.0,40.0,0.0,0.0,0.0,0.0,0.0,0.0,560.0,0.0,0.0,0.0,0.0,0.0,0.0,0.0,80.0,80.0,40.0,0.0,0.0,0.0,0.0,0.0,0.0,17880.0,0.0,0.0,0.0,0.0,0.0,0.0,0.0,687913.0,24520.0,40.0,0.0,0.0,0.0,0.0,0.0,0.0
2026-03-21T08:00:00+01:00,4160.0,4200.0,0.0,680.0,600.0,0.0,0.0,0.0,10440.0,10400.0,0.0,0.0,0.0,0.0,0.0,0.0,0.0,160.0,4200.0,0.0,680.0,600.0,0.0,0.0,0.0,160.0,40.0,0.0,0.0,0.0,0.0,0.0,0.0,0.0,18160.0,4200.0,0.0,1360.0,600.0,0.0,0.0,0.0,789760.0,128749.0,0.0,0.0,0.0,0.0,0.0,0.0,0.0
2026-03-21T09:00:00+01:00,4560.0,4480.0,0.0,8080.0,0.0,0.0,0.0,0.0,10040.0,10560.0,1720.0,40.0,0.0,0.0,0.0,0.0,0.0,160.0,840.0,0.0,8080.0,0.0,0.0,0.0,0.0,40.0,40.0,1000.0,40.0,0.0,0.0,0.0,0.0,0.0,6360.0,5320.0,0.0,8080.0,0.0,0.0,0.0,0.0,445159.0,183460.0,4320.0,40.0,0.0,0.0,0.0,0.0,0.0
2026-03-21T10:00:00+01:00,9560.0,120.0,0.0,0.0,0.0,0.0,0.0,7520.0,10000.0,10600.0,3840.0,1280.0,0.0,0.0,0.0,0.0,10000.0,240.0,120.0,0.0,0.0,0.0,0.0,0.0,7520.0,200.0,40.0,440.0,200.0,0.0,0.0,0.0,0.0,400.0,32120.0,120.0,0.0,0.0,0.0,0.0,0.0,7520.0,361559.0,282770.0,5520.0,1480.0,0.0,0.0,0.0,0.0,53360.0
2026-03-21T11:00:00+01:00,3200.0,7680.0,0.0,0.0,0.0,0.0,0.0,0.0,6000.0,10560.0,8400.0,320.0,0.0,0.0,0.0,0.0,0.0,120.0,200.0,0.0,0.0,0.0,0.0,0.0,0.0,120.0,80.0,160.0,320.0,0.0,0.0,0.0,0.0,0.0,27880.0,8880.0,0.0,0.0,0.0,0.0,0.0,0.0,76960.0,325359.0,45720.0,320.0,0.0,0.0,0.0,0.0,0.0
2026-03-21T12:00:00+01:00,10040.0,0.0,0.0,0.0,0.0,0.0,0.0,0.0,10560.0,10590.0,9040.0,0.0,0.0,0.0,0.0,0.0,0.0,120.0,0.0,0.0,0.0,0.0,0.0,0.0,0.0,120.0,40.0,80.0,0.0,0.0,0.0,0.0,0.0,0.0,121920.0,0.0,0.0,0.0,0.0,0.0,0.0,0.0,817000.0,651339.0,92400.0,0.0,0.0,0.0,0.0,0.0,0.0
2026-03-21T13:00:00+01:00,10200.0,9840.0,0.0,0.0,800.0,0.0,0.0,0.0,10240.0,10560.0,3460.0,640.0,0.0,0.0,0.0,0.0,0.0,160.0,200.0,0.0,0.0,800.0,0.0,0.0,0.0,120.0,40.0,240.0,640.0,0.0,0.0,0.0,0.0,0.0,165799.0,97759.0,0.0,0.0,800.0,0.0,0.0,0.0,476680.0,1002710.0,9220.0,640.0,0.0,0.0,0.0,0.0,0.0
2026-03-21T14:00:00+01:00,10000.0,9120.0,0.0,9480.0,2640.0,0.0,0.0,0.0,9200.0,10640.0,10320.0,0.0,0.0,0.0,0.0,0.0,0.0,120.0,200.0,0.0,9480.0,720.0,0.0,0.0,0.0,120.0,40.0,160.0,0.0,0.0,0.0,0.0,0.0,0.0,423280.0,16440.0,0.0,9480.0,3360.0,0.0,0.0,0.0,316760.0,852089.0,211399.0,0.0,0.0,0.0,0.0,0.0,0.0
2026-03-21T15:00:00+01:00,8840.0,0.0,0.0,2800.0,0.0,0.0,0.0,0.0,9080.0,10120.0,9480.0,0.0,0.0,0.0,0.0,0.0,0.0,160.0,0.0,0.0,2800.0,0.0,0.0,0.0,0.0,160.0,80.0,40.0,0.0,0.0,0.0,0.0,0.0,0.0,85320.0,0.0,0.0,2800.0,0.0,0.0,0.0,0.0,246440.0,508518.0,60039.0,0.0,0.0,0.0,0.0,0.0,0.0
2026-03-21T16:00:00+01:00,8039.0,200.0,0.0,400.0,0.0,0.0,0.0,0.0,10000.0,10480.0,10040.0,5160.0,0.0,0.0,0.0,0.0,0.0,160.0,120.0,0.0,80.0,0.0,0.0,0.0,0.0,160.0,40.0,120.0,720.0,0.0,0.0,0.0,0.0,0.0,47319.0,320.0,0.0,480.0,0.0,0.0,0.0,0.0,235040.0,473529.0,44520.0,5880.0,0.0,0.0,0.0,0.0,0.0
2026-03-21T17:00:00+01:00,4160.0,1600.0,0.0,7560.0,0.0,0.0,0.0,0.0,10040.0,10520.0,4040.0,0.0,0.0,0.0,0.0,0.0,0.0,200.0,40.0,0.0,120.0,0.0,0.0,0.0,0.0,120.0,40.0,200.0,0.0,0.0,0.0,0.0,0.0,0.0,10400.0,2640.0,0.0,7680.0,0.0,0.0,0.0,0.0,257200.0,286199.0,42120.0,0.0,0.0,0.0,0.0,0.0,0.0
2026-03-21T18:00:00+01:00,10640.0,720.0,0.0,1040.0,0.0,0.0,0.0,0.0,8800.0,10480.0,9720.0,0.0,0.0,0.0,0.0,0.0,8400.0,160.0,720.0,0.0,1040.0,0.0,0.0,0.0,0.0,120.0,80.0,120.0,0.0,0.0,0.0,0.0,0.0,8400.0,45200.0,720.0,0.0,2080.0,0.0,0.0,0.0,0.0,114440.0,414080.0,43320.0,0.0,0.0,0.0,0.0,0.0,8400.0
2026-03-21T19:00:00+01:00,2880.0,9440.0,0.0,5930.0,0.0,0.0,0.0,0.0,2400.0,10640.0,1840.0,0.0,0.0,0.0,0.0,0.0,0.0,120.0,120.0,0.0,5930.0,0.0,0.0,0.0,0.0,120.0,40.0,600.0,0.0,0.0,0.0,0.0,0.0,0.0,9480.0,430640.0,0.0,5930.0,0.0,0.0,0.0,0.0,3120.0,802978.0,2440.0,0.0,0.0,0.0,0.0,0.0,0.0
2026-03-21T20:00:00+01:00,7320.0,10000.0,1520.0,4920.0,0.0,0.0,0.0,0.0,0.0,10640.0,1800.0,0.0,0.0,0.0,0.0,0.0,0.0,40.0,160.0,640.0,320.0,0.0,0.0,0.0,0.0,0.0,40.0,1800.0,0.0,0.0,0.0,0.0,0.0,0.0,13760.0,450160.0,3880.0,5240.0,0.0,0.0,0.0,0.0,0.0,405740.0,1800.0,0.0,0.0,0.0,0.0,0.0,0.0
2026-03-21T21:00:00+01:00,5200.0,9880.0,0.0,0.0,0.0,0.0,0.0,7320.0,0.0,10640.0,0.0,0.0,0.0,0.0,0.0,0.0,0.0,440.0,160.0,0.0,0.0,0.0,0.0,0.0,7320.0,0.0,40.0,0.0,0.0,0.0,0.0,0.0,0.0,0.0,5640.0,399200.0,0.0,0.0,0.0,0.0,0.0,7320.0,0.0,176960.0,0.0,0.0,0.0,0.0,0.0,0.0,0.0
2026-03-21T22:00:00+01:00,4480.0,2000.0,0.0,0.0,8000.0,0.0,0.0,0.0,0.0,10200.0,0.0,0.0,0.0,0.0,0.0,0.0,0.0,200.0,400.0,0.0,0.0,120.0,0.0,0.0,0.0,0.0,240.0,0.0,0.0,0.0,0.0,0.0,0.0,0.0,47880.0,11640.0,0.0,0.0,197200.0,0.0,0.0,0.0,0.0,77400.0,0.0,0.0,0.0,0.0,0.0,0.0,0.0
2026-03-21T23:00:00+01:00,8119.0,1960.0,0.0,2720.0,1960.0,0.0,0.0,0.0,6080.0,10240.0,1600.0,0.0,0.0,0.0,0.0,0.0,0.0,160.0,1640.0,0.0,200.0,240.0,0.0,0.0,0.0,600.0,80.0,1600.0,0.0,0.0,0.0,0.0,0.0,0.0,77399.0,3600.0,0.0,2920.0,8760.0,0.0,0.0,0.0,23120.0,105400.0,1600.0,0.0,0.0,0.0,0.0,0.0,0.0
2026-03-22T00:00:00+01:00,7280.0,10200.0,0.0,0.0,1680.0,0.0,0.0,0.0,6640.0,7520.0,0.0,0.0,0.0,0.0,0.0,0.0,0.0,200.0,360.0,0.0,0.0,1680.0,0.0,0.0,0.0,6640.0,240.0,0.0,0.0,0.0,0.0,0.0,0.0,0.0,106320.0,10560.0,0.0,0.0,1680.0,0.0,0.0,0.0,6640.0,27560.0,0.0,0.0,0.0,0.0,0.0,0.0,0.0
2026-03-22T01:00:00+01:00,10040.0,0.0,0.0,520.0,0.0,0.0,0.0,0.0,4640.0,9560.0,0.0,0.0,0.0,0.0,0.0,0.0,0.0,40.0,0.0,0.0,520.0,0.0,0.0,0.0,0.0,520.0,120.0,0.0,0.0,0.0,0.0,0.0,0.0,0.0,90520.0,0.0,0.0,520.0,0.0,0.0,0.0,0.0,19320.0,75800.0,0.0,0.0,0.0,0.0,0.0,0.0,0.0
2026-03-22T02:00:00+01:00,10560.0,5720.0,0.0,0.0,0.0,0.0,0.0,0.0,0.0,9920.0,0.0,0.0,0.0,0.0,0.0,0.0,0.0,120.0,4000.0,0.0,0.0,0.0,0.0,0.0,0.0,0.0,160.0,0.0,0.0,0.0,0.0,0.0,0.0,0.0,272040.0,9720.0,0.0,0.0,0.0,0.0,0.0,0.0,0.0,43970.0,0.0,0.0,0.0,0.0,0.0,0.0,0.0
2026-03-22T03:00:00+01:00,8640.0,1120.0,0.0,0.0,0.0,0.0,0.0,0.0,0.0,10400.0,0.0,0.0,0.0,0.0,0.0,0.0,0.0,160.0,1120.0,0.0,0.0,0.0,0.0,0.0,0.0,0.0,160.0,0.0,0.0,0.0,0.0,0.0,0.0,0.0,59760.0,1120.0,0.0,0.0,0.0,0.0,0.0,0.0,0.0,98000.0,0.0,0.0,0.0,0.0,0.0,0.0,0.0
2026-03-22T04:00:00+01:00,8440.0,0.0,0.0,5960.0,240.0,0.0,0.0,0.0,0.0,9120.0,0.0,320.0,0.0,0.0,0.0,0.0,0.0,440.0,0.0,0.0,360.0,240.0,0.0,0.0,0.0,0.0,160.0,0.0,320.0,0.0,0.0,0.0,0.0,0.0,106280.0,0.0,0.0,44640.0,240.0,0.0,0.0,0.0,0.0,72480.0,0.0,320.0,0.0,0.0,0.0,0.0,0.0
2026-03-22T05:00:00+01:00,8119.0,0.0,0.0,10000.0,0.0,0.0,0.0,0.0,0.0,6320.0,0.0,0.0,0.0,0.0,0.0,0.0,0.0,280.0,0.0,0.0,240.0,0.0,0.0,0.0,0.0,0.0,240.0,0.0,0.0,0.0,0.0,0.0,0.0,0.0,119599.0,0.0,0.0,73720.0,0.0,0.0,0.0,0.0,0.0,8440.0,0.0,0.0,0.0,0.0,0.0,0.0,0.0
2026-03-22T06:00:00+01:00,0.0,0.0,0.0,0.0,0.0,0.0,0.0,0.0,0.0,1920.0,0.0,0.0,0.0,0.0,0.0,0.0,0.0,0.0,0.0,0.0,0.0,0.0,0.0,0.0,0.0,0.0,1920.0,0.0,0.0,0.0,0.0,0.0,0.0,0.0,0.0,0.0,0.0,0.0,0.0,0.0,0.0,0.0,0.0,1920.0,0.0,0.0,0.0,0.0,0.0,0.0,0.0
2026-03-22T07:00:00+01:00,3040.0,0.0,0.0,0.0,0.0,0.0,0.0,0.0,0.0,8920.0,0.0,0.0,0.0,0.0,0.0,0.0,0.0,240.0,0.0,0.0,0.0,0.0,0.0,0.0,0.0,0.0,80.0,0.0,0.0,0.0,0.0,0.0,0.0,0.0,7240.0,0.0,0.0,0.0,0.0,0.0,0.0,0.0,0.0,18120.0,0.0,0.0,0.0,0.0,0.0,0.0,0.0
2026-03-22T08:00:00+01:00,2040.0,0.0,0.0,3080.0,0.0,0.0,0.0,0.0,7880.0,10080.0,5840.0,0.0,0.0,0.0,0.0,0.0,0.0,120.0,0.0,0.0,480.0,0.0,0.0,0.0,0.0,120.0,80.0,5840.0,0.0,0.0,0.0,0.0,0.0,0.0,4760.0,0.0,0.0,6240.0,0.0,0.0,0.0,0.0,79339.0,55200.0,5840.0,0.0,0.0,0.0,0.0,0.0,0.0
2026-03-22T09:00:00+01:00,10040.0,3440.0,0.0,1640.0,2000.0,0.0,0.0,0.0,10000.0,10440.0,9400.0,0.0,0.0,0.0,0.0,0.0,0.0,200.0,3440.0,0.0,160.0,2000.0,0.0,0.0,0.0,160.0,40.0,360.0,0.0,0.0,0.0,0.0,0.0,0.0,73160.0,3440.0,0.0,3760.0,2000.0,0.0,0.0,0.0,427160.0,212000.0,50400.0,0.0,0.0,0.0,0.0,0.0,0.0
2026-03-22T10:00:00+01:00,8039.0,4840.0,0.0,8200.0,4000.0,0.0,0.0,1160.0,9640.0,10280.0,8039.0,0.0,0.0,0.0,0.0,0.0,4840.0,160.0,400.0,0.0,200.0,160.0,0.0,0.0,1160.0,240.0,80.0,160.0,0.0,0.0,0.0,0.0,0.0,160.0,236759.0,12360.0,0.0,95000.0,26040.0,0.0,0.0,1160.0,60280.0,502240.0,61519.0,0.0,0.0,0.0,0.0,0.0,5560.0
2026-03-22T11:00:00+01:00,5720.0,3680.0,0.0,5320.0,0.0,0.0,0.0,0.0,6080.0,10560.0,8000.0,1200.0,0.0,0.0,0.0,0.0,0.0,200.0,600.0,0.0,80.0,0.0,0.0,0.0,0.0,40.0,40.0,240.0,240.0,0.0,0.0,0.0,0.0,0.0,36240.0,9280.0,0.0,44960.0,0.0,0.0,0.0,0.0,79560.0,874340.0,58160.0,1440.0,0.0,0.0,0.0,0.0,0.0
2026-03-22T12:00:00+01:00,4040.0,10000.0,0.0,6840.0,0.0,0.0,0.0,0.0,8840.0,10440.0,10360.0,1560.0,0.0,0.0,0.0,0.0,1480.0,200.0,200.0,0.0,200.0,0.0,0.0,0.0,0.0,40.0,40.0,120.0,1560.0,0.0,0.0,0.0,0.0,1480.0,65160.0,96160.0,0.0,13920.0,0.0,0.0,0.0,0.0,83160.0,561560.0,95800.0,1560.0,0.0,0.0,0.0,0.0,1480.0
2026-03-22T13:00:00+01:00,10000.0,10040.0,0.0,0.0,0.0,0.0,0.0,320.0,10240.0,10360.0,9960.0,920.0,0.0,0.0,0.0,0.0,0.0,120.0,120.0,0.0,0.0,0.0,0.0,0.0,320.0,560.0,80.0,160.0,680.0,0.0,0.0,0.0,0.0,0.0,122520.0,93840.0,0.0,0.0,0.0,0.0,0.0,320.0,45320.0,452519.0,170679.0,1600.0,0.0,0.0,0.0,0.0,0.0
2026-03-22T14:00:00+01:00,8080.0,9960.0,0.0,4000.0,0.0,0.0,0.0,0.0,6360.0,10600.0,10400.0,440.0,0.0,0.0,0.0,0.0,9560.0,160.0,360.0,0.0,280.0,0.0,0.0,0.0,0.0,160.0,40.0,160.0,440.0,0.0,0.0,0.0,0.0,160.0,15640.0,63000.0,0.0,12440.0,0.0,0.0,0.0,0.0,10960.0,1048879.0,291760.0,440.0,0.0,0.0,0.0,0.0,56240.0
2026-03-22T15:00:00+01:00,3760.0,6960.0,0.0,0.0,0.0,0.0,0.0,2000.0,1000.0,10600.0,10520.0,0.0,0.0,0.0,0.0,0.0,0.0,200.0,80.0,0.0,0.0,0.0,0.0,0.0,1960.0,320.0,40.0,160.0,0.0,0.0,0.0,0.0,0.0,0.0,38360.0,42960.0,0.0,0.0,0.0,0.0,0.0,3960.0,1320.0,1396958.0,171960.0,0.0,0.0,0.0,0.0,0.0,0.0
2026-03-22T16:00:00+01:00,4280.0,3960.0,0.0,0.0,0.0,0.0,0.0,10440.0,3840.0,10520.0,2360.0,0.0,0.0,0.0,0.0,0.0,0.0,120.0,520.0,0.0,0.0,0.0,0.0,0.0,160.0,160.0,40.0,160.0,0.0,0.0,0.0,0.0,0.0,0.0,90960.0,17320.0,0.0,0.0,0.0,0.0,0.0,91960.0,20720.0,553078.0,6360.0,0.0,0.0,0.0,0.0,0.0,0.0
2026-03-22T17:00:00+01:00,9000.0,3840.0,0.0,2400.0,0.0,0.0,0.0,10000.0,9240.0,10440.0,960.0,0.0,0.0,0.0,0.0,0.0,0.0,160.0,360.0,0.0,880.0,0.0,0.0,0.0,200.0,200.0,40.0,120.0,0.0,0.0,0.0,0.0,0.0,0.0,174000.0,6640.0,0.0,4480.0,0.0,0.0,0.0,189880.0,58080.0,357200.0,2080.0,0.0,0.0,0.0,0.0,0.0,0.0
2026-03-22T18:00:00+01:00,9720.0,8080.0,0.0,760.0,280.0,0.0,0.0,10400.0,4640.0,10560.0,4600.0,0.0,760.0,0.0,0.0,0.0,0.0,160.0,120.0,0.0,160.0,280.0,0.0,0.0,120.0,120.0,80.0,4600.0,0.0,760.0,0.0,0.0,0.0,0.0,226920.0,13560.0,0.0,920.0,280.0,0.0,0.0,440799.0,28720.0,353509.0,4600.0,0.0,760.0,0.0,0.0,0.0,0.0
2026-03-22T19:00:00+01:00,10280.0,2840.0,0.0,720.0,0.0,0.0,0.0,1920.0,0.0,9760.0,2960.0,160.0,0.0,0.0,0.0,0.0,0.0,160.0,2840.0,0.0,720.0,0.0,0.0,0.0,240.0,0.0,160.0,2960.0,160.0,0.0,0.0,0.0,0.0,0.0,107040.0,2840.0,0.0,720.0,0.0,0.0,0.0,5160.0,0.0,93760.0,2960.0,160.0,0.0,0.0,0.0,0.0,0.0
2026-03-22T20:00:00+01:00,10240.0,240.0,0.0,1960.0,1640.0,0.0,0.0,0.0,0.0,10240.0,0.0,0.0,0.0,0.0,0.0,0.0,0.0,160.0,240.0,0.0,1960.0,1640.0,0.0,0.0,0.0,0.0,120.0,0.0,0.0,0.0,0.0,0.0,0.0,0.0,108840.0,240.0,0.0,1960.0,1640.0,0.0,0.0,0.0,0.0,56280.0,0.0,0.0,0.0,0.0,0.0,0.0,0.0
2026-03-22T21:00:00+01:00,10440.0,0.0,0.0,0.0,0.0,0.0,0.0,0.0,0.0,9600.0,0.0,0.0,0.0,0.0,0.0,0.0,0.0,560.0,0.0,0.0,0.0,0.0,0.0,0.0,0.0,0.0,120.0,0.0,0.0,0.0,0.0,0.0,0.0,0.0,75000.0,0.0,0.0,0.0,0.0,0.0,0.0,0.0,0.0,27210.0,0.0,0.0,0.0,0.0,0.0,0.0,0.0
2026-03-22T22:00:00+01:00,3280.0,0.0,0.0,0.0,0.0,0.0,0.0,0.0,0.0,9800.0,0.0,0.0,0.0,0.0,0.0,0.0,0.0,3280.0,0.0,0.0,0.0,0.0,0.0,0.0,0.0,0.0,2360.0,0.0,0.0,0.0,0.0,0.0,0.0,0.0,3280.0,0.0,0.0,0.0,0.0,0.0,0.0,0.0,0.0,14800.0,0.0,0.0,0.0,0.0,0.0,0.0,0.0
2026-03-23T01:00:00+01:00,9080.0,0.0,0.0,120.0,0.0,0.0,0.0,0.0,480.0,0.0,0.0,0.0,0.0,0.0,0.0,0.0,0.0,120.0,0.0,0.0,120.0,0.0,0.0,0.0,0.0,480.0,0.0,0.0,0.0,0.0,0.0,0.0,0.0,0.0,9400.0,0.0,0.0,120.0,0.0,0.0,0.0,0.0,480.0,0.0,0.0,0.0,0.0,0.0,0.0,0.0,0.0
2026-03-23T02:00:00+01:00,4760.0,0.0,0.0,0.0,0.0,0.0,0.0,0.0,0.0,160.0,0.0,0.0,0.0,0.0,0.0,0.0,0.0,200.0,0.0,0.0,0.0,0.0,0.0,0.0,0.0,0.0,160.0,0.0,0.0,0.0,0.0,0.0,0.0,0.0,11240.0,0.0,0.0,0.0,0.0,0.0,0.0,0.0,0.0,160.0,0.0,0.0,0.0,0.0,0.0,0.0,0.0
2026-03-23T04:00:00+01:00,0.0,0.0,0.0,0.0,0.0,0.0,0.0,0.0,0.0,360.0,0.0,0.0,0.0,0.0,0.0,0.0,0.0,0.0,0.0,0.0,0.0,0.0,0.0,0.0,0.0,0.0,360.0,0.0,0.0,0.0,0.0,0.0,0.0,0.0,0.0,0.0,0.0,0.0,0.0,0.0,0.0,0.0,0.0,360.0,0.0,0.0,0.0,0.0,0.0,0.0,0.0
2026-03-23T05:00:00+01:00,2000.0,0.0,4000.0,6000.0,5000.0,0.0,0.0,10040.0,2040.0,8000.0,0.0,0.0,0.0,0.0,0.0,0.0,0.0,1000.0,0.0,4000.0,120.0,2000.0,0.0,0.0,240.0,2040.0,200.0,0.0,0.0,0.0,0.0,0.0,0.0,0.0,10800.0,0.0,8000.0,75960.0,21000.0,0.0,0.0,193200.0,2040.0,60200.0,0.0,0.0,0.0,0.0,0.0,0.0,0.0
2026-03-23T06:00:00+01:00,4000.0,80.0,1600.0,560.0,320.0,0.0,0.0,1960.0,2000.0,10200.0,0.0,0.0,0.0,0.0,0.0,0.0,0.0,1360.0,80.0,1600.0,560.0,320.0,0.0,0.0,440.0,440.0,80.0,0.0,0.0,0.0,0.0,0.0,0.0,0.0,14360.0,80.0,1600.0,560.0,320.0,0.0,0.0,5320.0,7000.0,49440.0,0.0,0.0,0.0,0.0,0.0,0.0,0.0
2026-03-23T07:00:00+01:00,960.0,4760.0,0.0,7880.0,0.0,0.0,0.0,1840.0,4000.0,9320.0,0.0,0.0,0.0,0.0,0.0,0.0,0.0,120.0,40.0,0.0,120.0,0.0,0.0,0.0,200.0,200.0,40.0,0.0,0.0,0.0,0.0,0.0,0.0,0.0,1560.0,9800.0,0.0,9160.0,0.0,0.0,0.0,2040.0,24960.0,47600.0,0.0,0.0,0.0,0.0,0.0,0.0,0.0
2026-03-23T08:00:00+01:00,1680.0,2880.0,0.0,1760.0,1800.0,0.0,0.0,0.0,7640.0,8880.0,0.0,0.0,0.0,0.0,0.0,0.0,0.0,520.0,120.0,0.0,40.0,160.0,0.0,0.0,0.0,160.0,40.0,0.0,0.0,0.0,0.0,0.0,0.0,0.0,5080.0,3000.0,0.0,3160.0,1960.0,0.0,0.0,0.0,75400.0,89120.0,0.0,0.0,0.0,0.0,0.0,0.0,0.0
2026-03-23T09:00:00+01:00,7000.0,5120.0,0.0,1200.0,0.0,0.0,0.0,0.0,6240.0,10240.0,2560.0,0.0,0.0,0.0,0.0,840.0,0.0,360.0,80.0,0.0,160.0,0.0,0.0,0.0,0.0,120.0,40.0,640.0,0.0,0.0,0.0,0.0,840.0,0.0,15000.0,8080.0,0.0,1360.0,0.0,0.0,0.0,0.0,235360.0,147520.0,4960.0,0.0,0.0,0.0,0.0,840.0,0.0
2026-03-23T10:00:00+01:00,7000.0,0.0,0.0,2360.0,3760.0,0.0,0.0,6960.0,10000.0,10440.0,9840.0,1200.0,0.0,0.0,0.0,0.0,0.0,120.0,0.0,0.0,2360.0,240.0,0.0,0.0,40.0,120.0,40.0,960.0,1200.0,0.0,0.0,0.0,0.0,0.0,62920.0,0.0,0.0,2360.0,21880.0,0.0,0.0,7000.0,335200.0,407228.0,52360.0,2400.0,0.0,0.0,0.0,0.0,0.0
2026-03-23T11:00:00+01:00,9600.0,1600.0,0.0,0.0,1960.0,0.0,0.0,0.0,10000.0,10440.0,9400.0,0.0,3280.0,0.0,0.0,0.0,240.0,120.0,1600.0,0.0,0.0,240.0,0.0,0.0,0.0,160.0,40.0,200.0,0.0,3280.0,0.0,0.0,0.0,160.0,115840.0,1600.0,0.0,0.0,5080.0,0.0,0.0,0.0,288800.0,1553779.0,178199.0,0.0,3280.0,0.0,0.0,0.0,400.0
2026-03-23T12:00:00+01:00,9560.0,10000.0,0.0,0.0,0.0,0.0,0.0,0.0,10360.0,10520.0,10040.0,1960.0,0.0,0.0,0.0,0.0,240.0,200.0,840.0,0.0,0.0,0.0,0.0,0.0,0.0,360.0,40.0,120.0,160.0,0.0,0.0,0.0,0.0,240.0,62400.0,22840.0,0.0,0.0,0.0,0.0,0.0,0.0,312770.0,1642069.0,171200.0,3720.0,0.0,0.0,0.0,0.0,240.0
2026-03-23T13:00:00+01:00,9960.0,10080.0,0.0,0.0,360.0,0.0,0.0,0.0,7040.0,10520.0,8760.0,360.0,0.0,0.0,0.0,0.0,0.0,160.0,320.0,0.0,0.0,160.0,0.0,0.0,0.0,200.0,40.0,160.0,360.0,0.0,0.0,0.0,0.0,0.0,102960.0,148600.0,0.0,0.0,520.0,0.0,0.0,0.0,38400.0,751518.0,32960.0,360.0,0.0,0.0,0.0,0.0,0.0
2026-03-23T14:00:00+01:00,6360.0,4880.0,0.0,0.0,0.0,0.0,0.0,0.0,9680.0,10490.0,10120.0,0.0,0.0,0.0,0.0,0.0,0.0,160.0,1840.0,0.0,0.0,0.0,0.0,0.0,0.0,40.0,80.0,160.0,0.0,0.0,0.0,0.0,0.0,0.0,12080.0,6720.0,0.0,0.0,0.0,0.0,0.0,0.0,272580.0,194379.0,14080.0,0.0,0.0,0.0,0.0,0.0,0.0
2026-03-23T15:00:00+01:00,5480.0,3960.0,0.0,2000.0,2000.0,0.0,0.0,0.0,4440.0,10440.0,5960.0,0.0,0.0,0.0,0.0,0.0,2000.0,120.0,1360.0,0.0,1320.0,640.0,0.0,0.0,0.0,200.0,40.0,160.0,0.0,0.0,0.0,0.0,0.0,240.0,14360.0,5320.0,0.0,3320.0,4640.0,0.0,0.0,0.0,35800.0,215277.0,51640.0,0.0,0.0,0.0,0.0,0.0,3160.0
2026-03-23T16:00:00+01:00,8160.0,6360.0,0.0,0.0,0.0,0.0,0.0,0.0,9960.0,10520.0,9360.0,760.0,0.0,0.0,0.0,0.0,0.0,160.0,240.0,0.0,0.0,0.0,0.0,0.0,0.0,200.0,40.0,160.0,760.0,0.0,0.0,0.0,0.0,0.0,33200.0,8360.0,0.0,0.0,0.0,0.0,0.0,0.0,56000.0,800737.0,88600.0,760.0,0.0,0.0,0.0,0.0,0.0
2026-03-23T17:00:00+01:00,8400.0,5360.0,0.0,600.0,0.0,0.0,0.0,0.0,2000.0,10400.0,4200.0,0.0,0.0,0.0,0.0,0.0,0.0,160.0,120.0,0.0,600.0,0.0,0.0,0.0,0.0,200.0,40.0,200.0,0.0,0.0,0.0,0.0,0.0,0.0,37480.0,8040.0,0.0,600.0,0.0,0.0,0.0,0.0,5280.0,421240.0,11560.0,0.0,0.0,0.0,0.0,0.0,0.0
2026-03-23T18:00:00+01:00,4120.0,6480.0,0.0,920.0,0.0,0.0,0.0,0.0,2080.0,10520.0,4170.0,0.0,0.0,0.0,0.0,0.0,0.0,200.0,1960.0,0.0,920.0,0.0,0.0,0.0,0.0,560.0,40.0,40.0,0.0,0.0,0.0,0.0,0.0,0.0,11160.0,29400.0,0.0,920.0,0.0,0.0,0.0,0.0,5280.0,556239.0,10990.0,0.0,0.0,0.0,0.0,0.0,0.0
2026-03-23T19:00:00+01:00,840.0,5880.0,0.0,4160.0,3960.0,0.0,0.0,0.0,1160.0,10320.0,4320.0,7040.0,0.0,0.0,0.0,0.0,0.0,80.0,120.0,0.0,280.0,160.0,0.0,0.0,0.0,640.0,40.0,320.0,400.0,0.0,0.0,0.0,0.0,0.0,2280.0,58320.0,0.0,4440.0,22280.0,0.0,0.0,0.0,1800.0,501039.0,47920.0,40280.0,0.0,0.0,0.0,0.0,0.0
2026-03-23T20:00:00+01:00,8400.0,7040.0,0.0,880.0,2040.0,0.0,0.0,0.0,0.0,7920.0,0.0,0.0,0.0,0.0,0.0,0.0,0.0,160.0,120.0,0.0,80.0,120.0,0.0,0.0,0.0,0.0,80.0,0.0,0.0,0.0,0.0,0.0,0.0,0.0,65720.0,16880.0,0.0,1600.0,62000.0,0.0,0.0,0.0,0.0,76530.0,0.0,0.0,0.0,0.0,0.0,0.0,0.0
2026-03-23T21:00:00+01:00,9240.0,1680.0,0.0,2000.0,4080.0,0.0,0.0,0.0,5960.0,9720.0,0.0,0.0,0.0,0.0,0.0,0.0,0.0,160.0,1680.0,0.0,120.0,200.0,0.0,0.0,0.0,5960.0,80.0,0.0,0.0,0.0,0.0,0.0,0.0,0.0,23240.0,1680.0,0.0,11400.0,90120.0,0.0,0.0,0.0,5960.0,37880.0,0.0,0.0,0.0,0.0,0.0,0.0,0.0
2026-03-23T22:00:00+01:00,9560.0,0.0,0.0,1040.0,1760.0,0.0,0.0,0.0,0.0,9920.0,0.0,0.0,0.0,0.0,0.0,0.0,0.0,160.0,0.0,0.0,240.0,1760.0,0.0,0.0,0.0,0.0,800.0,0.0,0.0,0.0,0.0,0.0,0.0,0.0,55160.0,0.0,0.0,1760.0,1760.0,0.0,0.0,0.0,0.0,14280.0,0.0,0.0,0.0,0.0,0.0,0.0,0.0
2026-03-23T23:00:00+01:00,3160.0,0.0,0.0,2000.0,440.0,0.0,0.0,0.0,0.0,4240.0,0.0,0.0,0.0,0.0,0.0,0.0,0.0,280.0,0.0,0.0,160.0,200.0,0.0,0.0,0.0,0.0,520.0,0.0,0.0,0.0,0.0,0.0,0.0,0.0,24160.0,0.0,0.0,10000.0,640.0,0.0,0.0,0.0,0.0,4760.0,0.0,0.0,0.0,0.0,0.0,0.0,0.0
2026-03-24T00:00:00+01:00,2000.0,0.0,0.0,2000.0,560.0,0.0,0.0,0.0,0.0,0.0,0.0,0.0,0.0,0.0,0.0,0.0,0.0,120.0,0.0,0.0,160.0,200.0,0.0,0.0,0.0,0.0,0.0,0.0,0.0,0.0,0.0,0.0,0.0,0.0,18840.0,0.0,0.0,20880.0,760.0,0.0,0.0,0.0,0.0,0.0,0.0,0.0,0.0,0.0,0.0,0.0,0.0
2026-03-24T01:00:00+01:00,5600.0,0.0,0.0,960.0,1760.0,0.0,0.0,0.0,0.0,920.0,0.0,0.0,0.0,0.0,0.0,0.0,0.0,160.0,0.0,0.0,120.0,1760.0,0.0,0.0,0.0,0.0,920.0,0.0,0.0,0.0,0.0,0.0,0.0,0.0,42360.0,0.0,0.0,4080.0,1760.0,0.0,0.0,0.0,0.0,920.0,0.0,0.0,0.0,0.0,0.0,0.0,0.0
2026-03-24T02:00:00+01:00,2320.0,2040.0,600.0,2040.0,0.0,0.0,0.0,0.0,1120.0,8680.0,0.0,0.0,0.0,0.0,0.0,0.0,0.0,120.0,1200.0,480.0,240.0,0.0,0.0,0.0,0.0,1120.0,280.0,0.0,0.0,0.0,0.0,0.0,0.0,0.0,31640.0,7080.0,1080.0,34400.0,0.0,0.0,0.0,0.0,1120.0,29080.0,0.0,0.0,0.0,0.0,0.0,0.0,0.0
2026-03-24T03:00:00+01:00,2000.0,2000.0,0.0,3600.0,0.0,0.0,0.0,520.0,0.0,1920.0,0.0,0.0,0.0,0.0,0.0,0.0,0.0,240.0,360.0,0.0,120.0,0.0,0.0,0.0,520.0,0.0,1000.0,0.0,0.0,0.0,0.0,0.0,0.0,0.0,20280.0,20760.0,0.0,57160.0,0.0,0.0,0.0,520.0,0.0,6600.0,0.0,0.0,0.0,0.0,0.0,0.0,0.0
2026-03-24T04:00:00+01:00,2040.0,8000.0,720.0,2000.0,0.0,0.0,0.0,0.0,0.0,2280.0,0.0,0.0,0.0,0.0,0.0,0.0,0.0,160.0,200.0,720.0,160.0,0.0,0.0,0.0,0.0,0.0,560.0,0.0,0.0,0.0,0.0,0.0,0.0,0.0,23440.0,72000.0,720.0,42040.0,0.0,0.0,0.0,0.0,0.0,26250.0,0.0,0.0,0.0,0.0,0.0,0.0,0.0
2026-03-24T05:00:00+01:00,4000.0,9760.0,0.0,8119.0,4000.0,0.0,0.0,0.0,10000.0,8160.0,4000.0,0.0,0.0,0.0,0.0,0.0,0.0,400.0,280.0,0.0,520.0,160.0,0.0,0.0,0.0,280.0,440.0,800.0,0.0,0.0,0.0,0.0,0.0,0.0,36360.0,139680.0,0.0,160519.0,26480.0,0.0,0.0,0.0,104200.0,135400.0,20560.0,0.0,0.0,0.0,0.0,0.0,0.0
2026-03-24T06:00:00+01:00,1240.0,2640.0,0.0,0.0,0.0,0.0,0.0,0.0,4040.0,10160.0,4000.0,0.0,0.0,0.0,0.0,0.0,0.0,760.0,200.0,0.0,0.0,0.0,0.0,0.0,0.0,80.0,40.0,200.0,0.0,0.0,0.0,0.0,0.0,0.0,2000.0,5560.0,0.0,0.0,0.0,0.0,0.0,0.0,64120.0,34520.0,52560.0,0.0,0.0,0.0,0.0,0.0,0.0
2026-03-24T07:00:00+01:00,0.0,5520.0,0.0,4200.0,0.0,0.0,0.0,0.0,6920.0,10320.0,0.0,0.0,0.0,0.0,0.0,0.0,0.0,0.0,5520.0,0.0,240.0,0.0,0.0,0.0,0.0,120.0,40.0,0.0,0.0,0.0,0.0,0.0,0.0,0.0,0.0,5520.0,0.0,5560.0,0.0,0.0,0.0,0.0,102720.0,50960.0,0.0,0.0,0.0,0.0,0.0,0.0,0.0
2026-03-24T08:00:00+01:00,3760.0,0.0,0.0,0.0,160.0,0.0,0.0,8000.0,10400.0,10440.0,0.0,0.0,0.0,0.0,0.0,3480.0,0.0,280.0,0.0,0.0,0.0,160.0,0.0,0.0,840.0,160.0,40.0,0.0,0.0,0.0,0.0,0.0,3480.0,0.0,6280.0,0.0,0.0,0.0,160.0,0.0,0.0,19320.0,149160.0,86160.0,0.0,0.0,0.0,0.0,0.0,3480.0,0.0
2026-03-24T09:00:00+01:00,240.0,0.0,0.0,0.0,6800.0,0.0,0.0,0.0,9800.0,9480.0,6000.0,0.0,0.0,0.0,0.0,0.0,0.0,240.0,0.0,0.0,0.0,160.0,0.0,0.0,0.0,120.0,40.0,240.0,0.0,0.0,0.0,0.0,0.0,0.0,480.0,0.0,0.0,0.0,42320.0,0.0,0.0,0.0,156479.0,87480.0,6240.0,0.0,0.0,0.0,0.0,0.0,0.0
2026-03-24T10:00:00+01:00,3120.0,0.0,0.0,0.0,10240.0,0.0,0.0,0.0,10000.0,10400.0,4000.0,0.0,0.0,0.0,0.0,0.0,0.0,440.0,0.0,0.0,0.0,360.0,0.0,0.0,0.0,40.0,40.0,1080.0,0.0,0.0,0.0,0.0,0.0,0.0,5840.0,0.0,0.0,0.0,220280.0,0.0,0.0,0.0,925409.0,98280.0,7080.0,0.0,0.0,0.0,0.0,0.0,0.0
2026-03-24T11:00:00+01:00,5960.0,9240.0,0.0,0.0,1600.0,0.0,0.0,0.0,10440.0,10440.0,6160.0,0.0,0.0,0.0,0.0,0.0,0.0,160.0,600.0,0.0,0.0,840.0,0.0,0.0,0.0,80.0,40.0,160.0,0.0,0.0,0.0,0.0,0.0,0.0,19720.0,20400.0,0.0,0.0,2440.0,0.0,0.0,0.0,607919.0,162600.0,48320.0,0.0,0.0,0.0,0.0,0.0,0.0
2026-03-24T12:00:00+01:00,0.0,0.0,0.0,0.0,0.0,0.0,0.0,0.0,10360.0,2200.0,0.0,0.0,0.0,0.0,0.0,0.0,0.0,0.0,0.0,0.0,0.0,0.0,0.0,0.0,0.0,280.0,40.0,0.0,0.0,0.0,0.0,0.0,0.0,0.0,0.0,0.0,0.0,0.0,0.0,0.0,0.0,0.0,125040.0,3760.0,0.0,0.0,0.0,0.0,0.0,0.0,0.0
2026-03-24T13:00:00+01:00,560.0,0.0,0.0,2920.0,0.0,0.0,0.0,6000.0,10000.0,9680.0,3880.0,0.0,0.0,0.0,0.0,2160.0,0.0,160.0,0.0,0.0,960.0,0.0,0.0,0.0,1960.0,120.0,80.0,1040.0,0.0,0.0,0.0,0.0,2160.0,0.0,1680.0,0.0,0.0,9960.0,0.0,0.0,0.0,11960.0,575438.0,177920.0,4920.0,0.0,0.0,0.0,0.0,2160.0,0.0
2026-03-24T14:00:00+01:00,4600.0,1520.0,0.0,2920.0,7680.0,0.0,0.0,0.0,10360.0,10440.0,9200.0,3160.0,0.0,0.0,0.0,0.0,0.0,520.0,1520.0,0.0,2920.0,160.0,0.0,0.0,0.0,160.0,40.0,5440.0,3160.0,0.0,0.0,0.0,0.0,0.0,12040.0,1520.0,0.0,2920.0,81040.0,0.0,0.0,0.0,86599.0,217620.0,14640.0,3160.0,0.0,0.0,0.0,0.0,0.0
2026-03-24T15:00:00+01:00,1440.0,7400.0,0.0,0.0,6000.0,0.0,0.0,0.0,10000.0,10280.0,6800.0,0.0,0.0,0.0,0.0,0.0,0.0,160.0,2680.0,0.0,0.0,200.0,0.0,0.0,0.0,240.0,40.0,2000.0,0.0,0.0,0.0,0.0,0.0,0.0,4640.0,10080.0,0.0,0.0,55920.0,0.0,0.0,0.0,121160.0,154480.0,14800.0,0.0,0.0,0.0,0.0,0.0,0.0
2026-03-24T16:00:00+01:00,2200.0,0.0,0.0,0.0,7800.0,0.0,0.0,5840.0,10000.0,10120.0,10000.0,0.0,0.0,0.0,0.0,0.0,0.0,40.0,0.0,0.0,0.0,160.0,0.0,0.0,2000.0,120.0,80.0,120.0,0.0,0.0,0.0,0.0,0.0,0.0,7200.0,0.0,0.0,0.0,150560.0,0.0,0.0,13360.0,731280.0,277040.0,554557.0,0.0,0.0,0.0,0.0,0.0,0.0
2026-03-24T17:00:00+01:00,10080.0,2080.0,0.0,2480.0,5480.0,0.0,0.0,0.0,10440.0,10280.0,9960.0,0.0,0.0,0.0,0.0,0.0,0.0,960.0,840.0,0.0,1880.0,240.0,0.0,0.0,0.0,160.0,40.0,240.0,0.0,0.0,0.0,0.0,0.0,0.0,14200.0,2920.0,0.0,8160.0,96040.0,0.0,0.0,0.0,765119.0,208440.0,300240.0,0.0,0.0,0.0,0.0,0.0,0.0
2026-03-24T18:00:00+01:00,2560.0,9360.0,0.0,3320.0,2000.0,0.0,0.0,0.0,10040.0,9960.0,10000.0,5560.0,0.0,0.0,0.0,0.0,0.0,200.0,560.0,0.0,120.0,880.0,0.0,0.0,0.0,40.0,40.0,1520.0,5560.0,0.0,0.0,0.0,0.0,0.0,4280.0,12080.0,0.0,8080.0,10040.0,0.0,0.0,0.0,870619.0,130640.0,40200.0,5560.0,0.0,0.0,0.0,0.0,0.0
2026-03-24T19:00:00+01:00,10040.0,10000.0,0.0,1840.0,1400.0,0.0,0.0,0.0,10200.0,10000.0,8720.0,0.0,0.0,0.0,0.0,0.0,0.0,120.0,160.0,0.0,1800.0,240.0,0.0,0.0,0.0,120.0,200.0,160.0,0.0,0.0,0.0,0.0,0.0,0.0,184680.0,125959.0,0.0,3640.0,1960.0,0.0,0.0,0.0,332599.0,95360.0,49920.0,0.0,0.0,0.0,0.0,0.0,0.0
2026-03-24T20:00:00+01:00,10040.0,10000.0,0.0,2000.0,4240.0,0.0,0.0,0.0,3160.0,9280.0,0.0,0.0,0.0,0.0,0.0,0.0,0.0,160.0,360.0,0.0,160.0,160.0,0.0,0.0,0.0,200.0,80.0,0.0,0.0,0.0,0.0,0.0,0.0,0.0,227920.0,133800.0,0.0,6400.0,13560.0,0.0,0.0,0.0,26720.0,140400.0,0.0,0.0,0.0,0.0,0.0,0.0,0.0
2026-03-24T21:00:00+01:00,5320.0,10000.0,0.0,3840.0,2240.0,0.0,0.0,680.0,9040.0,9520.0,0.0,0.0,0.0,0.0,0.0,0.0,0.0,160.0,320.0,0.0,160.0,680.0,0.0,0.0,240.0,160.0,160.0,0.0,0.0,0.0,0.0,0.0,0.0,0.0,83960.0,130720.0,0.0,8920.0,8880.0,0.0,0.0,920.0,110560.0,69600.0,0.0,0.0,0.0,0.0,0.0,0.0,0.0
2026-03-24T22:00:00+01:00,9360.0,4000.0,0.0,1680.0,1800.0,0.0,0.0,0.0,3960.0,7640.0,2040.0,0.0,0.0,0.0,0.0,0.0,0.0,160.0,120.0,0.0,240.0,440.0,0.0,0.0,0.0,1440.0,160.0,160.0,0.0,0.0,0.0,0.0,0.0,0.0,359040.0,72080.0,0.0,7520.0,3960.0,0.0,0.0,0.0,11000.0,22760.0,9400.0,0.0,0.0,0.0,0.0,0.0,0.0
2026-03-24T23:00:00+01:00,10000.0,6720.0,0.0,0.0,0.0,0.0,0.0,0.0,0.0,7720.0,0.0,1960.0,0.0,0.0,0.0,0.0,0.0,120.0,200.0,0.0,0.0,0.0,0.0,0.0,0.0,0.0,240.0,0.0,1960.0,0.0,0.0,0.0,0.0,0.0,784400.0,109360.0,0.0,0.0,0.0,0.0,0.0,0.0,0.0,16720.0,0.0,1960.0,0.0,0.0,0.0,0.0,0.0
2026-03-25T00:00:00+01:00,10040.0,5880.0,0.0,0.0,0.0,0.0,0.0,0.0,0.0,0.0,4320.0,0.0,0.0,0.0,0.0,0.0,0.0,120.0,200.0,0.0,0.0,0.0,0.0,0.0,0.0,0.0,0.0,240.0,0.0,0.0,0.0,0.0,0.0,0.0,559360.0,92800.0,0.0,0.0,0.0,0.0,0.0,0.0,0.0,0.0,11960.0,0.0,0.0,0.0,0.0,0.0,0.0
2026-03-25T01:00:00+01:00,9040.0,6000.0,0.0,0.0,0.0,0.0,0.0,0.0,0.0,2560.0,3960.0,0.0,0.0,0.0,0.0,0.0,0.0,160.0,200.0,0.0,0.0,0.0,0.0,0.0,0.0,0.0,2560.0,320.0,0.0,0.0,0.0,0.0,0.0,0.0,204880.0,70280.0,0.0,0.0,0.0,0.0,0.0,0.0,0.0,2560.0,26000.0,0.0,0.0,0.0,0.0,0.0,0.0
2026-03-25T02:00:00+01:00,4000.0,6720.0,0.0,0.0,560.0,0.0,0.0,1480.0,0.0,0.0,2920.0,0.0,0.0,0.0,0.0,0.0,0.0,160.0,160.0,0.0,0.0,160.0,0.0,0.0,160.0,0.0,0.0,160.0,0.0,0.0,0.0,0.0,0.0,0.0,36320.0,56800.0,0.0,0.0,720.0,0.0,0.0,4920.0,0.0,0.0,7560.0,0.0,0.0,0.0,0.0,0.0,0.0
2026-03-25T03:00:00+01:00,4960.0,3360.0,0.0,10440.0,0.0,0.0,0.0,0.0,0.0,680.0,0.0,0.0,0.0,0.0,0.0,0.0,0.0,80.0,160.0,0.0,240.0,0.0,0.0,0.0,0.0,0.0,160.0,0.0,0.0,0.0,0.0,0.0,0.0,0.0,43280.0,85880.0,0.0,17240.0,0.0,0.0,0.0,0.0,0.0,1040.0,0.0,0.0,0.0,0.0,0.0,0.0,0.0
2026-03-25T04:00:00+01:00,6120.0,6040.0,0.0,5920.0,0.0,0.0,0.0,0.0,0.0,400.0,600.0,0.0,0.0,0.0,0.0,0.0,0.0,160.0,120.0,0.0,920.0,0.0,0.0,0.0,0.0,0.0,400.0,600.0,0.0,0.0,0.0,0.0,0.0,0.0,89000.0,159480.0,0.0,14560.0,0.0,0.0,0.0,0.0,0.0,400.0,600.0,0.0,0.0,0.0,0.0,0.0,0.0
2026-03-25T05:00:00+01:00,3760.0,10000.0,0.0,5480.0,2040.0,0.0,0.0,0.0,10320.0,9920.0,0.0,0.0,0.0,0.0,0.0,0.0,0.0,120.0,240.0,0.0,400.0,240.0,0.0,0.0,0.0,120.0,440.0,0.0,0.0,0.0,0.0,0.0,0.0,0.0,51200.0,157760.0,0.0,17400.0,2560.0,0.0,0.0,0.0,180999.0,18600.0,0.0,0.0,0.0,0.0,0.0,0.0,0.0
2026-03-25T06:00:00+01:00,3280.0,160.0,0.0,5000.0,8000.0,0.0,0.0,560.0,9760.0,10280.0,2040.0,0.0,0.0,0.0,0.0,0.0,0.0,440.0,120.0,0.0,1560.0,200.0,0.0,0.0,560.0,240.0,40.0,1440.0,0.0,0.0,0.0,0.0,0.0,0.0,3720.0,280.0,0.0,14880.0,171720.0,0.0,0.0,560.0,408008.0,71240.0,3480.0,0.0,0.0,0.0,0.0,0.0,0.0
2026-03-25T07:00:00+01:00,8160.0,1120.0,0.0,2000.0,9800.0,0.0,0.0,4000.0,9960.0,10400.0,0.0,3440.0,0.0,0.0,0.0,0.0,0.0,240.0,1120.0,0.0,240.0,160.0,0.0,0.0,1560.0,160.0,80.0,0.0,3440.0,0.0,0.0,0.0,0.0,0.0,38760.0,1120.0,0.0,4040.0,223160.0,0.0,0.0,5560.0,208920.0,88560.0,0.0,3440.0,0.0,0.0,0.0,0.0,0.0
2026-03-25T08:00:00+01:00,2400.0,4520.0,0.0,4160.0,10000.0,0.0,0.0,0.0,10360.0,10280.0,0.0,0.0,0.0,0.0,0.0,0.0,1960.0,880.0,240.0,0.0,120.0,160.0,0.0,0.0,0.0,240.0,80.0,0.0,0.0,0.0,0.0,0.0,0.0,1960.0,3280.0,4760.0,0.0,13820.0,211840.0,0.0,0.0,0.0,243400.0,113360.0,0.0,0.0,0.0,0.0,0.0,0.0,1960.0
2026-03-25T09:00:00+01:00,10240.0,6400.0,0.0,0.0,10000.0,0.0,0.0,2520.0,10000.0,9640.0,0.0,0.0,0.0,0.0,0.0,6320.0,0.0,200.0,600.0,0.0,0.0,120.0,0.0,0.0,1440.0,120.0,80.0,0.0,0.0,0.0,0.0,0.0,2400.0,0.0,16640.0,14280.0,0.0,0.0,345520.0,0.0,0.0,3960.0,464989.0,130840.0,0.0,0.0,0.0,0.0,0.0,8720.0,0.0
2026-03-25T10:00:00+01:00,6680.0,0.0,0.0,2000.0,3600.0,0.0,0.0,0.0,10040.0,10280.0,0.0,0.0,0.0,0.0,0.0,960.0,0.0,40.0,0.0,0.0,200.0,360.0,0.0,0.0,0.0,80.0,40.0,0.0,0.0,0.0,0.0,0.0,840.0,0.0,6720.0,0.0,0.0,3360.0,33440.0,0.0,0.0,0.0,124560.0,97560.0,0.0,0.0,0.0,0.0,0.0,1800.0,0.0
2026-03-25T11:00:00+01:00,3960.0,160.0,0.0,5680.0,7480.0,0.0,0.0,0.0,10000.0,9600.0,3210.0,0.0,0.0,0.0,0.0,0.0,0.0,120.0,160.0,0.0,1040.0,160.0,0.0,0.0,0.0,120.0,40.0,720.0,0.0,0.0,0.0,0.0,0.0,0.0,12040.0,160.0,0.0,9680.0,169080.0,0.0,0.0,0.0,655950.0,255079.0,3930.0,0.0,0.0,0.0,0.0,0.0,0.0
2026-03-25T12:00:00+01:00,9440.0,3920.0,0.0,560.0,5040.0,0.0,0.0,6240.0,10000.0,10200.0,9640.0,0.0,0.0,0.0,0.0,0.0,0.0,160.0,1560.0,0.0,560.0,160.0,0.0,0.0,6240.0,40.0,120.0,280.0,0.0,0.0,0.0,0.0,0.0,0.0,92840.0,7600.0,0.0,560.0,38640.0,0.0,0.0,6240.0,349619.0,871758.0,17320.0,0.0,0.0,0.0,0.0,0.0,0.0
2026-03-25T13:00:00+01:00,8280.0,0.0,0.0,0.0,2000.0,0.0,0.0,0.0,10000.0,9840.0,3720.0,0.0,0.0,0.0,0.0,200.0,0.0,160.0,0.0,0.0,0.0,400.0,0.0,0.0,0.0,80.0,80.0,560.0,0.0,0.0,0.0,0.0,200.0,0.0,57760.0,0.0,0.0,0.0,8360.0,0.0,0.0,0.0,383198.0,636679.0,13600.0,0.0,0.0,0.0,0.0,200.0,0.0
2026-03-25T14:00:00+01:00,9880.0,6040.0,0.0,0.0,1120.0,0.0,0.0,2360.0,9960.0,10400.0,8320.0,0.0,0.0,0.0,0.0,0.0,1840.0,160.0,4600.0,0.0,0.0,1120.0,0.0,0.0,1280.0,240.0,120.0,200.0,0.0,0.0,0.0,0.0,0.0,1840.0,63600.0,10640.0,0.0,0.0,1120.0,0.0,0.0,3640.0,98960.0,372610.0,19040.0,0.0,0.0,0.0,0.0,0.0,1840.0
2026-03-25T15:00:00+01:00,3960.0,2160.0,0.0,1360.0,0.0,0.0,0.0,2000.0,2600.0,10080.0,520.0,0.0,0.0,0.0,0.0,0.0,0.0,360.0,2160.0,0.0,240.0,0.0,0.0,0.0,440.0,240.0,40.0,520.0,0.0,0.0,0.0,0.0,0.0,0.0,8360.0,2160.0,0.0,2760.0,0.0,0.0,0.0,7960.0,40880.0,191960.0,520.0,0.0,0.0,0.0,0.0,0.0,0.0
2026-03-25T16:00:00+01:00,2920.0,1320.0,0.0,2320.0,9480.0,0.0,0.0,0.0,8280.0,10400.0,400.0,0.0,0.0,0.0,0.0,0.0,0.0,120.0,200.0,0.0,640.0,200.0,0.0,0.0,0.0,160.0,40.0,400.0,0.0,0.0,0.0,0.0,0.0,0.0,20520.0,1520.0,0.0,10160.0,29560.0,0.0,0.0,0.0,79160.0,195240.0,400.0,0.0,0.0,0.0,0.0,0.0,0.0
2026-03-25T17:00:00+01:00,3920.0,2080.0,0.0,1240.0,2040.0,0.0,0.0,2000.0,5040.0,9960.0,0.0,0.0,0.0,0.0,0.0,280.0,0.0,240.0,960.0,0.0,360.0,520.0,0.0,0.0,160.0,80.0,120.0,0.0,0.0,0.0,0.0,0.0,280.0,0.0,26560.0,4240.0,0.0,2280.0,19160.0,0.0,0.0,2560.0,69040.0,203280.0,0.0,0.0,0.0,0.0,0.0,280.0,0.0
2026-03-25T18:00:00+01:00,7040.0,2400.0,0.0,1120.0,3760.0,0.0,0.0,2000.0,3800.0,10280.0,2000.0,0.0,0.0,0.0,0.0,0.0,0.0,200.0,1480.0,0.0,1120.0,160.0,0.0,0.0,160.0,960.0,40.0,200.0,0.0,0.0,0.0,0.0,0.0,0.0,9120.0,3880.0,0.0,1120.0,38280.0,0.0,0.0,2160.0,6520.0,142680.0,4480.0,0.0,0.0,0.0,0.0,0.0,0.0
2026-03-25T19:00:00+01:00,3840.0,3520.0,0.0,1400.0,0.0,0.0,0.0,0.0,3880.0,10080.0,1240.0,600.0,0.0,0.0,0.0,0.0,0.0,200.0,160.0,0.0,1400.0,0.0,0.0,0.0,0.0,560.0,80.0,1240.0,600.0,0.0,0.0,0.0,0.0,0.0,38440.0,7120.0,0.0,1400.0,0.0,0.0,0.0,0.0,14520.0,102680.0,1240.0,600.0,0.0,0.0,0.0,0.0,0.0
2026-03-25T20:00:00+01:00,6000.0,1360.0,0.0,560.0,0.0,0.0,0.0,0.0,0.0,9960.0,0.0,0.0,0.0,0.0,0.0,0.0,0.0,80.0,520.0,0.0,560.0,0.0,0.0,0.0,0.0,0.0,40.0,0.0,0.0,0.0,0.0,0.0,0.0,0.0,327240.0,3320.0,0.0,560.0,0.0,0.0,0.0,0.0,0.0,155120.0,0.0,0.0,0.0,0.0,0.0,0.0,0.0
2026-03-25T21:00:00+01:00,8400.0,4000.0,0.0,0.0,0.0,0.0,0.0,0.0,0.0,10000.0,0.0,0.0,0.0,0.0,0.0,0.0,0.0,80.0,120.0,0.0,0.0,0.0,0.0,0.0,0.0,0.0,80.0,0.0,0.0,0.0,0.0,0.0,0.0,0.0,294780.0,38640.0,0.0,0.0,0.0,0.0,0.0,0.0,0.0,86800.0,0.0,0.0,0.0,0.0,0.0,0.0,0.0
2026-03-25T22:00:00+01:00,5800.0,0.0,0.0,9920.0,0.0,0.0,0.0,0.0,0.0,6440.0,0.0,0.0,0.0,0.0,0.0,0.0,0.0,40.0,0.0,0.0,160.0,0.0,0.0,0.0,0.0,0.0,40.0,0.0,0.0,0.0,0.0,0.0,0.0,0.0,47560.0,0.0,0.0,190360.0,0.0,0.0,0.0,0.0,0.0,70440.0,0.0,0.0,0.0,0.0,0.0,0.0,0.0
2026-03-25T23:00:00+01:00,3880.0,0.0,0.0,6000.0,0.0,0.0,0.0,0.0,0.0,3800.0,0.0,560.0,0.0,0.0,0.0,0.0,0.0,40.0,0.0,0.0,200.0,0.0,0.0,0.0,0.0,0.0,240.0,0.0,560.0,0.0,0.0,0.0,0.0,0.0,45600.0,0.0,0.0,113360.0,0.0,0.0,0.0,0.0,0.0,21960.0,0.0,560.0,0.0,0.0,0.0,0.0,0.0
2026-03-26T00:00:00+01:00,10000.0,0.0,0.0,0.0,0.0,0.0,0.0,0.0,0.0,5840.0,0.0,0.0,0.0,0.0,0.0,0.0,0.0,40.0,0.0,0.0,0.0,0.0,0.0,0.0,0.0,0.0,40.0,0.0,0.0,0.0,0.0,0.0,0.0,0.0,222720.0,0.0,0.0,0.0,0.0,0.0,0.0,0.0,0.0,32720.0,0.0,0.0,0.0,0.0,0.0,0.0,0.0
2026-03-26T01:00:00+01:00,9960.0,520.0,0.0,0.0,0.0,0.0,0.0,0.0,0.0,9640.0,0.0,0.0,0.0,0.0,0.0,0.0,0.0,40.0,520.0,0.0,0.0,0.0,0.0,0.0,0.0,0.0,40.0,0.0,0.0,0.0,0.0,0.0,0.0,0.0,266200.0,520.0,0.0,0.0,0.0,0.0,0.0,0.0,0.0,55920.0,0.0,0.0,0.0,0.0,0.0,0.0,0.0
2026-03-26T02:00:00+01:00,4840.0,1640.0,0.0,0.0,0.0,0.0,0.0,0.0,0.0,4640.0,0.0,0.0,0.0,0.0,0.0,0.0,0.0,40.0,400.0,0.0,0.0,0.0,0.0,0.0,0.0,0.0,4640.0,0.0,0.0,0.0,0.0,0.0,0.0,0.0,142520.0,2040.0,0.0,0.0,0.0,0.0,0.0,0.0,0.0,4640.0,0.0,0.0,0.0,0.0,0.0,0.0,0.0
2026-03-26T03:00:00+01:00,4080.0,2800.0,0.0,0.0,0.0,0.0,0.0,0.0,0.0,1120.0,0.0,0.0,0.0,0.0,0.0,0.0,0.0,80.0,160.0,0.0,0.0,0.0,0.0,0.0,0.0,0.0,1120.0,0.0,0.0,0.0,0.0,0.0,0.0,0.0,114320.0,12280.0,0.0,0.0,0.0,0.0,0.0,0.0,0.0,1120.0,0.0,0.0,0.0,0.0,0.0,0.0,0.0
2026-03-26T04:00:00+01:00,5960.0,3760.0,0.0,2040.0,0.0,0.0,0.0,0.0,0.0,2000.0,0.0,0.0,0.0,0.0,0.0,0.0,0.0,40.0,680.0,0.0,1640.0,0.0,0.0,0.0,0.0,0.0,200.0,0.0,0.0,0.0,0.0,0.0,0.0,0.0,46320.0,6800.0,0.0,3680.0,0.0,0.0,0.0,0.0,0.0,10880.0,0.0,0.0,0.0,0.0,0.0,0.0,0.0
2026-03-26T05:00:00+01:00,4040.0,2000.0,0.0,2890.0,2000.0,0.0,0.0,0.0,9800.0,7320.0,2040.0,0.0,0.0,0.0,0.0,0.0,0.0,40.0,200.0,0.0,1640.0,640.0,0.0,0.0,0.0,160.0,200.0,2040.0,0.0,0.0,0.0,0.0,0.0,0.0,52960.0,9360.0,0.0,4530.0,5720.0,0.0,0.0,0.0,109760.0,46800.0,2040.0,0.0,0.0,0.0,0.0,0.0,0.0
2026-03-26T06:00:00+01:00,8200.0,2000.0,0.0,1660.0,10000.0,0.0,0.0,2160.0,6000.0,8680.0,2000.0,160.0,0.0,0.0,0.0,4080.0,0.0,120.0,120.0,0.0,1660.0,200.0,0.0,0.0,2000.0,120.0,120.0,2000.0,160.0,0.0,0.0,0.0,4080.0,0.0,15280.0,4120.0,0.0,1660.0,300760.0,0.0,0.0,4160.0,89600.0,61360.0,2000.0,160.0,0.0,0.0,0.0,4080.0,0.0
2026-03-26T07:00:00+01:00,7840.0,9840.0,0.0,1080.0,10040.0,0.0,0.0,0.0,2640.0,8320.0,720.0,0.0,0.0,0.0,0.0,0.0,0.0,320.0,200.0,0.0,1080.0,160.0,0.0,0.0,0.0,320.0,120.0,720.0,0.0,0.0,0.0,0.0,0.0,0.0,48160.0,362360.0,0.0,1080.0,406759.0,0.0,0.0,0.0,7000.0,62239.0,720.0,0.0,0.0,0.0,0.0,0.0,0.0
2026-03-26T08:00:00+01:00,3880.0,3800.0,0.0,600.0,10000.0,0.0,0.0,640.0,1720.0,9040.0,760.0,0.0,0.0,0.0,0.0,2160.0,0.0,160.0,400.0,0.0,600.0,160.0,0.0,0.0,640.0,200.0,40.0,760.0,0.0,0.0,0.0,0.0,400.0,0.0,45000.0,20880.0,0.0,600.0,265160.0,0.0,0.0,640.0,1920.0,67240.0,760.0,0.0,0.0,0.0,0.0,2560.0,0.0
2026-03-26T09:00:00+01:00,8230.0,5200.0,0.0,4600.0,4600.0,0.0,0.0,2000.0,6000.0,10360.0,7280.0,0.0,0.0,0.0,0.0,0.0,5120.0,680.0,360.0,0.0,40.0,320.0,0.0,0.0,680.0,320.0,40.0,200.0,0.0,0.0,0.0,0.0,0.0,5120.0,40670.0,5560.0,0.0,49920.0,74000.0,0.0,0.0,2680.0,55760.0,61560.0,55440.0,0.0,0.0,0.0,0.0,0.0,5120.0
2026-03-26T10:00:00+01:00,8280.0,6720.0,0.0,5640.0,5400.0,0.0,0.0,5720.0,6000.0,10320.0,1840.0,0.0,0.0,0.0,0.0,720.0,0.0,160.0,640.0,0.0,400.0,200.0,0.0,0.0,5720.0,120.0,40.0,1000.0,0.0,0.0,0.0,0.0,720.0,0.0,32120.0,7360.0,0.0,36680.0,47360.0,0.0,0.0,5720.0,54000.0,287750.0,2840.0,0.0,0.0,0.0,0.0,720.0,0.0
2026-03-26T11:00:00+01:00,4200.0,4680.0,0.0,8000.0,1040.0,0.0,0.0,0.0,6000.0,10200.0,10200.0,5640.0,0.0,0.0,0.0,4760.0,0.0,120.0,2160.0,0.0,80.0,200.0,0.0,0.0,0.0,160.0,40.0,200.0,200.0,0.0,0.0,0.0,4760.0,0.0,31800.0,12200.0,0.0,71640.0,1480.0,0.0,0.0,0.0,58320.0,428879.0,37800.0,7960.0,0.0,0.0,0.0,4760.0,0.0
2026-03-26T12:00:00+01:00,5400.0,9560.0,0.0,10000.0,2200.0,0.0,0.0,0.0,8680.0,10040.0,9240.0,5400.0,0.0,0.0,0.0,0.0,0.0,120.0,920.0,0.0,240.0,1000.0,0.0,0.0,0.0,120.0,40.0,120.0,360.0,0.0,0.0,0.0,0.0,0.0,26040.0,25360.0,0.0,156348.0,3200.0,0.0,0.0,0.0,198440.0,485450.0,78440.0,16600.0,0.0,0.0,0.0,0.0,0.0
2026-03-26T13:00:00+01:00,6400.0,5720.0,0.0,4160.0,3040.0,0.0,0.0,3720.0,10000.0,10000.0,9440.0,520.0,0.0,0.0,0.0,0.0,0.0,160.0,1520.0,0.0,320.0,160.0,0.0,0.0,400.0,160.0,40.0,480.0,520.0,0.0,0.0,0.0,0.0,0.0,19880.0,11080.0,0.0,28800.0,6560.0,0.0,0.0,22280.0,184480.0,173520.0,88720.0,520.0,0.0,0.0,0.0,0.0,0.0
2026-03-26T14:00:00+01:00,4280.0,4080.0,0.0,4000.0,6400.0,0.0,0.0,2000.0,10000.0,10240.0,7640.0,0.0,0.0,0.0,0.0,0.0,0.0,160.0,1000.0,0.0,560.0,160.0,0.0,0.0,1000.0,120.0,160.0,240.0,0.0,0.0,0.0,0.0,0.0,0.0,28200.0,7120.0,0.0,40240.0,8560.0,0.0,0.0,3000.0,250800.0,168320.0,41640.0,0.0,0.0,0.0,0.0,0.0,0.0
2026-03-26T15:00:00+01:00,7800.0,6520.0,0.0,0.0,1400.0,0.0,0.0,0.0,5960.0,9960.0,9960.0,0.0,0.0,0.0,0.0,0.0,0.0,240.0,320.0,0.0,0.0,640.0,0.0,0.0,0.0,160.0,40.0,160.0,0.0,0.0,0.0,0.0,0.0,0.0,11440.0,30000.0,0.0,0.0,4120.0,0.0,0.0,0.0,65560.0,233519.0,83280.0,0.0,0.0,0.0,0.0,0.0,0.0
2026-03-26T16:00:00+01:00,9160.0,2520.0,0.0,8000.0,3040.0,0.0,0.0,0.0,10200.0,10320.0,9920.0,200.0,0.0,0.0,0.0,0.0,0.0,280.0,800.0,0.0,160.0,240.0,0.0,0.0,0.0,120.0,40.0,280.0,200.0,0.0,0.0,0.0,0.0,0.0,22320.0,4120.0,0.0,46760.0,38440.0,0.0,0.0,0.0,339680.0,410160.0,86600.0,200.0,0.0,0.0,0.0,0.0,0.0
2026-03-26T17:00:00+01:00,10040.0,640.0,0.0,2040.0,0.0,0.0,0.0,0.0,10040.0,10320.0,4040.0,0.0,0.0,0.0,0.0,0.0,0.0,200.0,640.0,0.0,480.0,0.0,0.0,0.0,0.0,120.0,40.0,240.0,0.0,0.0,0.0,0.0,0.0,0.0,23840.0,640.0,0.0,6120.0,0.0,0.0,0.0,0.0,114800.0,290959.0,29000.0,0.0,0.0,0.0,0.0,0.0,0.0
2026-03-26T18:00:00+01:00,5160.0,3080.0,0.0,2880.0,2160.0,0.0,0.0,0.0,9880.0,10240.0,4760.0,0.0,0.0,0.0,0.0,0.0,0.0,160.0,3080.0,0.0,240.0,960.0,0.0,0.0,0.0,120.0,40.0,400.0,0.0,0.0,0.0,0.0,0.0,0.0,9400.0,3080.0,0.0,18960.0,4240.0,0.0,0.0,0.0,108360.0,187039.0,45920.0,0.0,0.0,0.0,0.0,0.0,0.0
2026-03-26T19:00:00+01:00,8560.0,2000.0,0.0,2720.0,0.0,0.0,0.0,0.0,1640.0,9680.0,1360.0,0.0,0.0,0.0,0.0,440.0,0.0,160.0,280.0,0.0,2720.0,0.0,0.0,0.0,0.0,40.0,40.0,640.0,0.0,0.0,0.0,0.0,440.0,0.0,109560.0,15120.0,0.0,2720.0,0.0,0.0,0.0,0.0,5440.0,230840.0,2000.0,0.0,0.0,0.0,0.0,440.0,0.0
2026-03-26T20:00:00+01:00,8000.0,6840.0,0.0,0.0,0.0,0.0,0.0,0.0,520.0,10120.0,3840.0,480.0,0.0,0.0,0.0,0.0,0.0,40.0,160.0,0.0,0.0,0.0,0.0,0.0,0.0,80.0,120.0,3840.0,480.0,0.0,0.0,0.0,0.0,0.0,191840.0,39200.0,0.0,0.0,0.0,0.0,0.0,0.0,1960.0,230160.0,3840.0,480.0,0.0,0.0,0.0,0.0,0.0
2026-03-26T21:00:00+01:00,10000.0,6240.0,0.0,0.0,0.0,0.0,0.0,0.0,3360.0,9320.0,2760.0,0.0,0.0,0.0,0.0,0.0,0.0,160.0,120.0,0.0,0.0,0.0,0.0,0.0,0.0,360.0,40.0,960.0,0.0,0.0,0.0,0.0,0.0,0.0,563879.0,54040.0,0.0,0.0,0.0,0.0,0.0,0.0,5880.0,156560.0,3720.0,0.0,0.0,0.0,0.0,0.0,0.0
2026-03-26T22:00:00+01:00,10320.0,4280.0,0.0,2480.0,0.0,0.0,0.0,0.0,0.0,10200.0,0.0,2720.0,0.0,0.0,0.0,0.0,0.0,40.0,120.0,0.0,240.0,0.0,0.0,0.0,0.0,0.0,80.0,0.0,2720.0,0.0,0.0,0.0,0.0,0.0,2046876.0,18520.0,0.0,2720.0,0.0,0.0,0.0,0.0,0.0,243839.0,0.0,2720.0,0.0,0.0,0.0,0.0,0.0
2026-03-26T23:00:00+01:00,10040.0,3080.0,0.0,0.0,0.0,0.0,0.0,0.0,0.0,9880.0,0.0,0.0,0.0,0.0,0.0,0.0,0.0,40.0,120.0,0.0,0.0,0.0,0.0,0.0,0.0,0.0,40.0,0.0,0.0,0.0,0.0,0.0,0.0,0.0,1155014.0,15000.0,0.0,0.0,0.0,0.0,0.0,0.0,0.0,150120.0,0.0,0.0,0.0,0.0,0.0,0.0,0.0
2026-03-27T00:00:00+01:00,10040.0,4800.0,680.0,0.0,0.0,0.0,0.0,0.0,0.0,10280.0,0.0,0.0,0.0,0.0,0.0,0.0,0.0,80.0,360.0,680.0,0.0,0.0,0.0,0.0,0.0,0.0,160.0,0.0,0.0,0.0,0.0,0.0,0.0,0.0,770479.0,36280.0,680.0,0.0,0.0,0.0,0.0,0.0,0.0,125800.0,0.0,0.0,0.0,0.0,0.0,0.0,0.0
2026-03-27T01:00:00+01:00,10000.0,4760.0,0.0,0.0,0.0,0.0,0.0,0.0,0.0,9680.0,0.0,1440.0,0.0,0.0,0.0,0.0,0.0,40.0,200.0,0.0,0.0,0.0,0.0,0.0,0.0,0.0,40.0,0.0,1440.0,0.0,0.0,0.0,0.0,0.0,582639.0,38800.0,0.0,0.0,0.0,0.0,0.0,0.0,0.0,208220.0,0.0,1440.0,0.0,0.0,0.0,0.0,0.0
2026-03-27T02:00:00+01:00,10000.0,9040.0,0.0,840.0,0.0,0.0,0.0,0.0,0.0,9320.0,2000.0,1320.0,0.0,0.0,0.0,0.0,0.0,160.0,320.0,0.0,200.0,0.0,0.0,0.0,0.0,0.0,160.0,2000.0,1320.0,0.0,0.0,0.0,0.0,0.0,207200.0,108160.0,0.0,1040.0,0.0,0.0,0.0,0.0,0.0,138520.0,2000.0,1320.0,0.0,0.0,0.0,0.0,0.0
2026-03-27T03:00:00+01:00,3880.0,7440.0,0.0,0.0,0.0,0.0,0.0,0.0,0.0,10040.0,0.0,680.0,0.0,0.0,0.0,0.0,0.0,40.0,160.0,0.0,0.0,0.0,0.0,0.0,0.0,0.0,120.0,0.0,680.0,0.0,0.0,0.0,0.0,0.0,157720.0,58800.0,0.0,0.0,0.0,0.0,0.0,0.0,0.0,124480.0,0.0,680.0,0.0,0.0,0.0,0.0,0.0
2026-03-27T04:00:00+01:00,10000.0,2960.0,0.0,1760.0,0.0,0.0,0.0,0.0,520.0,0.0,0.0,0.0,0.0,0.0,0.0,0.0,0.0,80.0,200.0,0.0,1760.0,0.0,0.0,0.0,0.0,520.0,0.0,0.0,0.0,0.0,0.0,0.0,0.0,0.0,375920.0,12720.0,0.0,1760.0,0.0,0.0,0.0,0.0,520.0,0.0,0.0,0.0,0.0,0.0,0.0,0.0,0.0
2026-03-27T05:00:00+01:00,10000.0,8039.0,0.0,0.0,0.0,0.0,0.0,0.0,1560.0,10200.0,8600.0,0.0,0.0,0.0,0.0,0.0,10040.0,120.0,240.0,0.0,0.0,0.0,0.0,0.0,0.0,1560.0,120.0,160.0,0.0,0.0,0.0,0.0,0.0,240.0,144840.0,106159.0,0.0,0.0,0.0,0.0,0.0,0.0,1560.0,334440.0,68520.0,0.0,0.0,0.0,0.0,0.0,133760.0
2026-03-27T06:00:00+01:00,5400.0,40.0,0.0,440.0,10000.0,0.0,0.0,0.0,2000.0,5680.0,1720.0,0.0,0.0,0.0,0.0,0.0,0.0,640.0,40.0,0.0,440.0,200.0,0.0,0.0,0.0,400.0,160.0,1720.0,0.0,0.0,0.0,0.0,0.0,0.0,13280.0,40.0,0.0,440.0,92180.0,0.0,0.0,0.0,8080.0,36720.0,1720.0,0.0,0.0,0.0,0.0,0.0,0.0
2026-03-27T07:00:00+01:00,3360.0,2560.0,0.0,6840.0,6200.0,0.0,0.0,600.0,7120.0,10240.0,9280.0,0.0,0.0,0.0,0.0,0.0,3240.0,480.0,240.0,0.0,320.0,240.0,0.0,0.0,360.0,240.0,80.0,240.0,0.0,0.0,0.0,0.0,0.0,3240.0,3840.0,5920.0,0.0,14440.0,119440.0,0.0,0.0,960.0,25760.0,160280.0,29800.0,0.0,0.0,0.0,0.0,0.0,3240.0
2026-03-27T08:00:00+01:00,2000.0,9520.0,0.0,8440.0,0.0,0.0,0.0,2000.0,2080.0,10120.0,1040.0,760.0,0.0,0.0,0.0,0.0,0.0,480.0,640.0,0.0,400.0,0.0,0.0,0.0,520.0,320.0,40.0,280.0,760.0,0.0,0.0,0.0,0.0,0.0,14080.0,17680.0,0.0,14240.0,0.0,0.0,0.0,4400.0,3480.0,175080.0,1320.0,760.0,0.0,0.0,0.0,0.0,0.0
2026-03-27T09:00:00+01:00,9200.0,3720.0,0.0,9760.0,0.0,0.0,0.0,920.0,7400.0,10000.0,5520.0,4480.0,0.0,0.0,0.0,0.0,720.0,160.0,400.0,0.0,40.0,0.0,0.0,0.0,920.0,160.0,40.0,520.0,200.0,0.0,0.0,0.0,0.0,720.0,165280.0,10120.0,0.0,139000.0,0.0,0.0,0.0,920.0,32560.0,467950.0,12040.0,10760.0,0.0,0.0,0.0,0.0,720.0
2026-03-27T10:00:00+01:00,3560.0,0.0,0.0,10160.0,0.0,0.0,0.0,0.0,10160.0,10280.0,4240.0,9280.0,0.0,0.0,0.0,0.0,0.0,160.0,0.0,0.0,40.0,0.0,0.0,0.0,0.0,120.0,80.0,160.0,360.0,0.0,0.0,0.0,0.0,0.0,20840.0,0.0,0.0,266400.0,0.0,0.0,0.0,0.0,473279.0,793697.0,7320.0,25880.0,0.0,0.0,0.0,0.0,0.0
2026-03-27T11:00:00+01:00,5960.0,0.0,0.0,10000.0,1960.0,0.0,0.0,880.0,10280.0,10160.0,9240.0,0.0,0.0,0.0,0.0,0.0,0.0,200.0,0.0,0.0,160.0,1000.0,0.0,0.0,880.0,40.0,40.0,160.0,0.0,0.0,0.0,0.0,0.0,0.0,16840.0,0.0,0.0,178320.0,2960.0,0.0,0.0,880.0,805170.0,1048520.0,34200.0,0.0,0.0,0.0,0.0,0.0,0.0
2026-03-27T12:00:00+01:00,7720.0,10280.0,0.0,10040.0,8000.0,0.0,0.0,9960.0,10000.0,10240.0,4000.0,480.0,0.0,0.0,0.0,0.0,0.0,120.0,2000.0,0.0,120.0,400.0,0.0,0.0,160.0,80.0,80.0,480.0,480.0,0.0,0.0,0.0,0.0,0.0,57640.0,16120.0,0.0,236758.0,21040.0,0.0,0.0,88239.0,545689.0,534160.0,22040.0,480.0,0.0,0.0,0.0,0.0,0.0
2026-03-27T13:00:00+01:00,9360.0,9520.0,0.0,5760.0,0.0,0.0,0.0,5440.0,10280.0,10080.0,10000.0,920.0,0.0,0.0,0.0,0.0,0.0,240.0,160.0,0.0,1200.0,0.0,0.0,0.0,440.0,160.0,120.0,160.0,920.0,0.0,0.0,0.0,0.0,0.0,70720.0,67680.0,0.0,13080.0,0.0,0.0,0.0,12760.0,110940.0,697310.0,134440.0,920.0,0.0,0.0,0.0,0.0,0.0
2026-03-27T14:00:00+01:00,10160.0,7120.0,0.0,1640.0,2520.0,0.0,0.0,0.0,8440.0,10160.0,8039.0,8360.0,0.0,0.0,0.0,0.0,640.0,200.0,160.0,0.0,1640.0,2520.0,0.0,0.0,0.0,160.0,80.0,240.0,360.0,0.0,0.0,0.0,0.0,640.0,81840.0,81560.0,0.0,1640.0,2520.0,0.0,0.0,0.0,101600.0,335669.0,86359.0,52839.0,0.0,0.0,0.0,0.0,640.0
2026-03-27T15:00:00+01:00,10000.0,3760.0,0.0,4000.0,7920.0,0.0,0.0,0.0,10000.0,10000.0,10040.0,4560.0,0.0,0.0,0.0,0.0,0.0,120.0,720.0,0.0,240.0,840.0,0.0,0.0,0.0,120.0,40.0,160.0,400.0,0.0,0.0,0.0,0.0,0.0,341240.0,29920.0,0.0,41640.0,13960.0,0.0,0.0,0.0,465390.0,1306679.0,137680.0,12960.0,0.0,0.0,0.0,0.0,0.0
2026-03-27T16:00:00+01:00,10040.0,3280.0,0.0,2520.0,2000.0,0.0,0.0,1920.0,10000.0,10240.0,8320.0,0.0,0.0,0.0,0.0,0.0,0.0,160.0,2240.0,0.0,40.0,880.0,0.0,0.0,1920.0,80.0,80.0,400.0,0.0,0.0,0.0,0.0,0.0,0.0,811478.0,8680.0,0.0,17880.0,4160.0,0.0,0.0,1920.0,488280.0,715220.0,25720.0,0.0,0.0,0.0,0.0,0.0,0.0
2026-03-27T17:00:00+01:00,9440.0,3160.0,0.0,2000.0,1160.0,0.0,0.0,0.0,10160.0,10240.0,8200.0,0.0,0.0,0.0,0.0,0.0,0.0,160.0,360.0,0.0,80.0,1160.0,0.0,0.0,0.0,120.0,40.0,240.0,0.0,0.0,0.0,0.0,0.0,0.0,218200.0,4040.0,0.0,7800.0,1160.0,0.0,0.0,0.0,309000.0,416920.0,81360.0,0.0,0.0,0.0,0.0,0.0,0.0
2026-03-27T18:00:00+01:00,5840.0,1960.0,0.0,3120.0,0.0,0.0,0.0,0.0,10000.0,9360.0,10000.0,0.0,0.0,0.0,0.0,0.0,0.0,120.0,1960.0,0.0,200.0,0.0,0.0,0.0,0.0,160.0,120.0,200.0,0.0,0.0,0.0,0.0,0.0,0.0,30560.0,1960.0,0.0,12420.0,0.0,0.0,0.0,0.0,534199.0,229399.0,245080.0,0.0,0.0,0.0,0.0,0.0,0.0
2026-03-27T19:00:00+01:00,8000.0,9480.0,0.0,1880.0,0.0,0.0,0.0,0.0,6000.0,10200.0,6120.0,3760.0,0.0,0.0,0.0,0.0,2680.0,160.0,440.0,0.0,440.0,0.0,0.0,0.0,0.0,160.0,40.0,200.0,680.0,0.0,0.0,0.0,0.0,880.0,34200.0,29600.0,0.0,3280.0,0.0,0.0,0.0,0.0,61680.0,324439.0,31720.0,4440.0,0.0,0.0,0.0,0.0,5840.0
2026-03-27T20:00:00+01:00,10000.0,8080.0,0.0,0.0,0.0,0.0,0.0,0.0,3920.0,10000.0,4520.0,1440.0,0.0,0.0,0.0,0.0,0.0,120.0,120.0,0.0,0.0,0.0,0.0,0.0,0.0,3920.0,40.0,240.0,160.0,0.0,0.0,0.0,0.0,0.0,681880.0,38840.0,0.0,0.0,0.0,0.0,0.0,0.0,3920.0,475670.0,24880.0,1600.0,0.0,0.0,0.0,0.0,0.0
2026-03-27T21:00:00+01:00,10040.0,4280.0,0.0,0.0,0.0,0.0,0.0,7720.0,0.0,9880.0,0.0,0.0,0.0,0.0,0.0,0.0,0.0,80.0,280.0,0.0,0.0,0.0,0.0,0.0,7720.0,0.0,40.0,0.0,0.0,0.0,0.0,0.0,0.0,0.0,909649.0,12080.0,0.0,0.0,0.0,0.0,0.0,7720.0,0.0,190440.0,0.0,0.0,0.0,0.0,0.0,0.0,0.0
2026-03-27T22:00:00+01:00,9680.0,2040.0,0.0,2000.0,0.0,0.0,0.0,0.0,0.0,9440.0,0.0,0.0,0.0,0.0,0.0,0.0,0.0,160.0,2040.0,0.0,120.0,0.0,0.0,0.0,0.0,0.0,80.0,0.0,0.0,0.0,0.0,0.0,0.0,0.0,419320.0,2040.0,0.0,21040.0,0.0,0.0,0.0,0.0,0.0,156360.0,0.0,0.0,0.0,0.0,0.0,0.0,0.0
2026-03-27T23:00:00+01:00,3960.0,3080.0,0.0,2000.0,0.0,0.0,0.0,0.0,0.0,10040.0,0.0,0.0,0.0,0.0,0.0,0.0,0.0,200.0,3080.0,0.0,1560.0,0.0,0.0,0.0,0.0,0.0,80.0,0.0,0.0,0.0,0.0,0.0,0.0,0.0,96560.0,3080.0,0.0,9280.0,0.0,0.0,0.0,0.0,0.0,131919.0,0.0,0.0,0.0,0.0,0.0,0.0,0.0
2026-03-28T00:00:00+01:00,8600.0,9960.0,1440.0,2000.0,0.0,0.0,0.0,0.0,200.0,9720.0,3840.0,200.0,0.0,0.0,0.0,0.0,0.0,160.0,160.0,1440.0,200.0,0.0,0.0,0.0,0.0,200.0,120.0,280.0,200.0,0.0,0.0,0.0,0.0,0.0,256160.0,39400.0,1440.0,12880.0,0.0,0.0,0.0,0.0,200.0,260589.0,8040.0,200.0,0.0,0.0,0.0,0.0,0.0
2026-03-28T01:00:00+01:00,5960.0,5040.0,0.0,3760.0,0.0,0.0,0.0,0.0,0.0,7400.0,0.0,2240.0,0.0,0.0,0.0,0.0,0.0,160.0,480.0,0.0,640.0,0.0,0.0,0.0,0.0,0.0,160.0,0.0,240.0,0.0,0.0,0.0,0.0,0.0,68360.0,10520.0,0.0,9440.0,0.0,0.0,0.0,0.0,0.0,102680.0,0.0,2480.0,0.0,0.0,0.0,0.0,0.0
2026-03-28T02:00:00+01:00,4640.0,3280.0,0.0,1280.0,4360.0,0.0,0.0,0.0,6000.0,10160.0,0.0,0.0,0.0,0.0,0.0,0.0,0.0,160.0,3280.0,0.0,160.0,280.0,0.0,0.0,0.0,120.0,80.0,0.0,0.0,0.0,0.0,0.0,0.0,0.0,119560.0,3280.0,0.0,3560.0,10360.0,0.0,0.0,0.0,71800.0,278919.0,0.0,0.0,0.0,0.0,0.0,0.0,0.0
2026-03-28T03:00:00+01:00,9000.0,1720.0,0.0,4000.0,2040.0,0.0,0.0,0.0,2120.0,9920.0,0.0,0.0,0.0,0.0,0.0,0.0,0.0,240.0,520.0,0.0,40.0,880.0,0.0,0.0,0.0,120.0,240.0,0.0,0.0,0.0,0.0,0.0,0.0,0.0,43640.0,2240.0,0.0,5400.0,4920.0,0.0,0.0,0.0,12480.0,179680.0,0.0,0.0,0.0,0.0,0.0,0.0,0.0
2026-03-28T04:00:00+01:00,2000.0,280.0,0.0,0.0,1640.0,0.0,0.0,0.0,1680.0,5760.0,0.0,0.0,0.0,0.0,0.0,0.0,0.0,120.0,280.0,0.0,0.0,920.0,0.0,0.0,0.0,1080.0,240.0,0.0,0.0,0.0,0.0,0.0,0.0,0.0,27800.0,280.0,0.0,0.0,2560.0,0.0,0.0,0.0,6920.0,18960.0,0.0,0.0,0.0,0.0,0.0,0.0,0.0
2026-03-28T05:00:00+01:00,5040.0,3040.0,0.0,2040.0,1840.0,0.0,0.0,0.0,10000.0,10040.0,2040.0,480.0,0.0,0.0,0.0,0.0,0.0,240.0,1280.0,0.0,120.0,520.0,0.0,0.0,0.0,120.0,160.0,240.0,240.0,0.0,0.0,0.0,0.0,0.0,12560.0,13760.0,0.0,10680.0,5640.0,0.0,0.0,0.0,212158.0,340559.0,5600.0,720.0,0.0,0.0,0.0,0.0,0.0
2026-03-28T06:00:00+01:00,9920.0,0.0,0.0,6480.0,2000.0,0.0,0.0,0.0,8560.0,9440.0,6000.0,0.0,0.0,0.0,0.0,0.0,0.0,120.0,0.0,0.0,6480.0,360.0,0.0,0.0,0.0,120.0,400.0,120.0,0.0,0.0,0.0,0.0,0.0,0.0,72840.0,0.0,0.0,6480.0,12640.0,0.0,0.0,0.0,133560.0,15320.0,33760.0,0.0,0.0,0.0,0.0,0.0,0.0
2026-03-28T07:00:00+01:00,8640.0,0.0,0.0,0.0,9880.0,0.0,0.0,0.0,10160.0,9840.0,6000.0,0.0,0.0,0.0,0.0,0.0,0.0,160.0,0.0,0.0,0.0,160.0,0.0,0.0,0.0,160.0,160.0,200.0,0.0,0.0,0.0,0.0,0.0,0.0,128080.0,0.0,0.0,0.0,218280.0,0.0,0.0,0.0,239720.0,51080.0,48840.0,0.0,0.0,0.0,0.0,0.0,0.0
2026-03-28T08:00:00+01:00,9560.0,2040.0,0.0,1880.0,10000.0,0.0,0.0,2000.0,10000.0,10080.0,2880.0,0.0,0.0,0.0,0.0,0.0,280.0,160.0,2040.0,0.0,1880.0,160.0,0.0,0.0,1000.0,160.0,80.0,280.0,0.0,0.0,0.0,0.0,0.0,280.0,196080.0,2040.0,0.0,1880.0,248640.0,0.0,0.0,3000.0,446200.0,184240.0,12880.0,0.0,0.0,0.0,0.0,0.0,280.0
2026-03-28T09:00:00+01:00,10040.0,3280.0,0.0,2040.0,2040.0,0.0,0.0,6320.0,2000.0,10140.0,4800.0,4560.0,1960.0,0.0,0.0,0.0,0.0,120.0,840.0,0.0,2040.0,1080.0,0.0,0.0,6320.0,480.0,200.0,320.0,2440.0,840.0,0.0,0.0,0.0,0.0,684198.0,5320.0,0.0,2040.0,3120.0,0.0,0.0,6320.0,8720.0,235130.0,13840.0,10120.0,2800.0,0.0,0.0,0.0,0.0
2026-03-28T10:00:00+01:00,8039.0,9360.0,0.0,8000.0,3400.0,0.0,0.0,0.0,8880.0,10080.0,5880.0,3400.0,0.0,0.0,0.0,0.0,0.0,120.0,9360.0,0.0,160.0,3400.0,0.0,0.0,0.0,320.0,120.0,680.0,3400.0,0.0,0.0,0.0,0.0,0.0,109119.0,9360.0,0.0,45800.0,3400.0,0.0,0.0,0.0,94040.0,851420.0,21040.0,3400.0,0.0,0.0,0.0,0.0,0.0
2026-03-28T11:00:00+01:00,7400.0,10080.0,0.0,5080.0,240.0,0.0,0.0,0.0,8880.0,10200.0,1960.0,0.0,0.0,0.0,0.0,0.0,0.0,160.0,3280.0,0.0,160.0,240.0,0.0,0.0,0.0,120.0,120.0,240.0,0.0,0.0,0.0,0.0,0.0,0.0,36520.0,13360.0,0.0,18080.0,240.0,0.0,0.0,0.0,126280.0,580680.0,7760.0,0.0,0.0,0.0,0.0,0.0,0.0
2026-03-28T12:00:00+01:00,9840.0,7880.0,0.0,2940.0,10000.0,0.0,0.0,0.0,10200.0,9600.0,9280.0,1360.0,0.0,0.0,0.0,0.0,0.0,160.0,160.0,0.0,80.0,320.0,0.0,0.0,0.0,40.0,160.0,600.0,160.0,0.0,0.0,0.0,0.0,0.0,132880.0,18560.0,0.0,8140.0,22000.0,0.0,0.0,0.0,211200.0,213680.0,68480.0,1800.0,0.0,0.0,0.0,0.0,0.0
2026-03-28T13:00:00+01:00,10000.0,6160.0,0.0,920.0,9960.0,0.0,0.0,0.0,9120.0,10080.0,9960.0,9480.0,0.0,0.0,0.0,0.0,9760.0,160.0,160.0,0.0,920.0,2000.0,0.0,0.0,0.0,120.0,80.0,40.0,1120.0,0.0,0.0,0.0,0.0,9760.0,210639.0,82400.0,0.0,920.0,25000.0,0.0,0.0,0.0,134840.0,925228.0,204120.0,10600.0,0.0,0.0,0.0,0.0,9760.0
2026-03-28T14:00:00+01:00,9520.0,9840.0,0.0,1440.0,5800.0,0.0,0.0,0.0,9960.0,10120.0,10040.0,9480.0,0.0,0.0,0.0,0.0,0.0,40.0,200.0,0.0,1440.0,800.0,0.0,0.0,0.0,120.0,120.0,160.0,320.0,0.0,0.0,0.0,0.0,0.0,164200.0,122120.0,0.0,1440.0,12600.0,0.0,0.0,0.0,88640.0,1265476.0,94000.0,27120.0,0.0,0.0,0.0,0.0,0.0
2026-03-28T15:00:00+01:00,7440.0,6360.0,0.0,200.0,0.0,0.0,0.0,0.0,7960.0,10000.0,8119.0,6000.0,0.0,0.0,0.0,0.0,0.0,160.0,1560.0,0.0,160.0,0.0,0.0,0.0,0.0,200.0,80.0,120.0,240.0,0.0,0.0,0.0,0.0,0.0,72320.0,14880.0,0.0,360.0,0.0,0.0,0.0,0.0,58800.0,437570.0,95879.0,23760.0,0.0,0.0,0.0,0.0,0.0
2026-03-28T16:00:00+01:00,10000.0,6480.0,0.0,0.0,3720.0,0.0,0.0,0.0,7520.0,9280.0,10000.0,8560.0,0.0,0.0,0.0,0.0,0.0,80.0,480.0,0.0,0.0,360.0,0.0,0.0,0.0,160.0,120.0,40.0,200.0,0.0,0.0,0.0,0.0,0.0,276120.0,12360.0,0.0,0.0,26160.0,0.0,0.0,0.0,27560.0,442799.0,65320.0,15720.0,0.0,0.0,0.0,0.0,0.0
2026-03-28T17:00:00+01:00,6000.0,960.0,0.0,1080.0,3560.0,0.0,0.0,0.0,2000.0,10080.0,10000.0,1440.0,0.0,0.0,0.0,0.0,0.0,160.0,760.0,0.0,1080.0,880.0,0.0,0.0,0.0,240.0,80.0,400.0,400.0,0.0,0.0,0.0,0.0,0.0,79880.0,2600.0,0.0,1080.0,13840.0,0.0,0.0,0.0,17480.0,272760.0,41240.0,3120.0,0.0,0.0,0.0,0.0,0.0
2026-03-28T18:00:00+01:00,10040.0,6320.0,0.0,880.0,0.0,0.0,0.0,0.0,8039.0,10040.0,3000.0,160.0,0.0,0.0,0.0,0.0,0.0,160.0,560.0,0.0,360.0,0.0,0.0,0.0,0.0,160.0,40.0,160.0,160.0,0.0,0.0,0.0,0.0,0.0,343039.0,10600.0,0.0,1240.0,0.0,0.0,0.0,0.0,62998.0,282990.0,19840.0,160.0,0.0,0.0,0.0,0.0,0.0
2026-03-28T19:00:00+01:00,10000.0,9560.0,0.0,0.0,0.0,0.0,0.0,6720.0,5680.0,10160.0,8880.0,760.0,0.0,0.0,0.0,0.0,0.0,120.0,120.0,0.0,0.0,0.0,0.0,0.0,6720.0,160.0,40.0,160.0,760.0,0.0,0.0,0.0,0.0,0.0,307120.0,111000.0,0.0,0.0,0.0,0.0,0.0,6720.0,17000.0,913838.0,24520.0,760.0,0.0,0.0,0.0,0.0,0.0
2026-03-28T20:00:00+01:00,7800.0,4440.0,0.0,5400.0,0.0,0.0,0.0,0.0,3840.0,9680.0,0.0,0.0,0.0,0.0,0.0,0.0,0.0,200.0,120.0,0.0,5400.0,0.0,0.0,0.0,0.0,3840.0,120.0,0.0,0.0,0.0,0.0,0.0,0.0,0.0,139760.0,33560.0,0.0,5400.0,0.0,0.0,0.0,0.0,3840.0,589419.0,0.0,0.0,0.0,0.0,0.0,0.0,0.0
2026-03-28T21:00:00+01:00,8080.0,4000.0,0.0,0.0,0.0,0.0,0.0,0.0,0.0,10000.0,0.0,0.0,0.0,0.0,0.0,0.0,0.0,80.0,200.0,0.0,0.0,0.0,0.0,0.0,0.0,0.0,160.0,0.0,0.0,0.0,0.0,0.0,0.0,0.0,185039.0,44280.0,0.0,0.0,0.0,0.0,0.0,0.0,0.0,158560.0,0.0,0.0,0.0,0.0,0.0,0.0,0.0
2026-03-28T22:00:00+01:00,5680.0,3760.0,0.0,0.0,0.0,0.0,0.0,0.0,0.0,9960.0,0.0,0.0,0.0,0.0,0.0,0.0,0.0,160.0,160.0,0.0,0.0,0.0,0.0,0.0,0.0,0.0,80.0,0.0,0.0,0.0,0.0,0.0,0.0,0.0,85760.0,62320.0,0.0,0.0,0.0,0.0,0.0,0.0,0.0,146360.0,0.0,0.0,0.0,0.0,0.0,0.0,0.0
2026-03-28T23:00:00+01:00,8600.0,3880.0,0.0,1800.0,0.0,0.0,0.0,0.0,0.0,9920.0,0.0,0.0,0.0,0.0,0.0,0.0,0.0,160.0,200.0,0.0,1800.0,0.0,0.0,0.0,0.0,0.0,40.0,0.0,0.0,0.0,0.0,0.0,0.0,0.0,127240.0,62920.0,0.0,1800.0,0.0,0.0,0.0,0.0,0.0,109860.0,0.0,0.0,0.0,0.0,0.0,0.0,0.0
2026-03-29T00:00:00+01:00,10000.0,6000.0,0.0,2000.0,0.0,0.0,0.0,0.0,240.0,10160.0,0.0,520.0,0.0,0.0,0.0,0.0,0.0,120.0,40.0,0.0,200.0,0.0,0.0,0.0,0.0,240.0,40.0,0.0,520.0,0.0,0.0,0.0,0.0,0.0,643599.0,107160.0,0.0,37040.0,0.0,0.0,0.0,0.0,240.0,442999.0,0.0,520.0,0.0,0.0,0.0,0.0,0.0
2026-03-29T01:00:00+01:00,9960.0,3560.0,0.0,5760.0,0.0,0.0,0.0,0.0,0.0,9280.0,0.0,0.0,0.0,0.0,0.0,0.0,0.0,120.0,120.0,0.0,120.0,0.0,0.0,0.0,0.0,0.0,80.0,0.0,0.0,0.0,0.0,0.0,0.0,0.0,806840.0,80960.0,0.0,40680.0,0.0,0.0,0.0,0.0,0.0,207169.0,0.0,0.0,0.0,0.0,0.0,0.0,0.0
2026-03-29T03:00:00+02:00,9680.0,5520.0,0.0,2000.0,0.0,0.0,0.0,0.0,1680.0,9640.0,0.0,0.0,0.0,0.0,0.0,0.0,0.0,160.0,240.0,0.0,1040.0,0.0,0.0,0.0,0.0,840.0,200.0,0.0,0.0,0.0,0.0,0.0,0.0,0.0,273640.0,67480.0,0.0,9680.0,0.0,0.0,0.0,0.0,2520.0,144080.0,0.0,0.0,0.0,0.0,0.0,0.0,0.0
2026-03-29T04:00:00+02:00,9920.0,6600.0,0.0,0.0,0.0,0.0,0.0,0.0,0.0,10040.0,4480.0,3560.0,0.0,0.0,0.0,0.0,0.0,160.0,240.0,0.0,0.0,0.0,0.0,0.0,0.0,0.0,40.0,200.0,3560.0,0.0,0.0,0.0,0.0,0.0,66520.0,9840.0,0.0,0.0,0.0,0.0,0.0,0.0,0.0,297010.0,4680.0,3560.0,0.0,0.0,0.0,0.0,0.0
2026-03-29T05:00:00+02:00,4120.0,2360.0,0.0,0.0,0.0,0.0,0.0,0.0,6360.0,8360.0,6080.0,0.0,0.0,0.0,0.0,0.0,0.0,200.0,160.0,0.0,0.0,0.0,0.0,0.0,0.0,680.0,40.0,6080.0,0.0,0.0,0.0,0.0,0.0,0.0,32840.0,21440.0,0.0,0.0,0.0,0.0,0.0,0.0,14320.0,47760.0,6080.0,0.0,0.0,0.0,0.0,0.0,0.0
2026-03-29T06:00:00+02:00,2000.0,4000.0,0.0,1560.0,2000.0,0.0,0.0,0.0,1320.0,6000.0,2000.0,0.0,0.0,0.0,0.0,0.0,0.0,240.0,160.0,0.0,1560.0,1680.0,0.0,0.0,0.0,1320.0,40.0,720.0,0.0,0.0,0.0,0.0,0.0,0.0,5640.0,20440.0,0.0,1560.0,5680.0,0.0,0.0,0.0,1320.0,69840.0,8720.0,0.0,0.0,0.0,0.0,0.0,0.0
2026-03-29T07:00:00+02:00,7040.0,0.0,0.0,0.0,5640.0,0.0,0.0,0.0,0.0,4880.0,1760.0,0.0,0.0,0.0,0.0,0.0,0.0,160.0,0.0,0.0,0.0,200.0,0.0,0.0,0.0,0.0,160.0,1760.0,0.0,0.0,0.0,0.0,0.0,0.0,109160.0,0.0,0.0,0.0,164320.0,0.0,0.0,0.0,0.0,16800.0,1760.0,0.0,0.0,0.0,0.0,0.0,0.0
2026-03-29T08:00:00+02:00,10120.0,8440.0,0.0,0.0,2000.0,0.0,0.0,0.0,0.0,8640.0,0.0,0.0,0.0,0.0,0.0,0.0,0.0,160.0,4280.0,0.0,0.0,2000.0,0.0,0.0,0.0,0.0,120.0,0.0,0.0,0.0,0.0,0.0,0.0,0.0,46720.0,12720.0,0.0,0.0,2000.0,0.0,0.0,0.0,0.0,48320.0,0.0,0.0,0.0,0.0,0.0,0.0,0.0
2026-03-29T09:00:00+02:00,8000.0,1840.0,0.0,1240.0,0.0,0.0,0.0,1040.0,7520.0,9280.0,5520.0,2000.0,0.0,0.0,0.0,0.0,0.0,120.0,320.0,0.0,680.0,0.0,0.0,0.0,1040.0,1120.0,120.0,400.0,2000.0,0.0,0.0,0.0,0.0,0.0,44120.0,3800.0,0.0,1920.0,0.0,0.0,0.0,1040.0,23840.0,219200.0,39960.0,2000.0,0.0,0.0,0.0,0.0,0.0
2026-03-29T10:00:00+02:00,7920.0,840.0,0.0,3560.0,1120.0,0.0,0.0,2000.0,8000.0,9880.0,3880.0,240.0,0.0,0.0,0.0,0.0,0.0,160.0,840.0,0.0,40.0,640.0,0.0,0.0,2000.0,120.0,240.0,2000.0,240.0,0.0,0.0,0.0,0.0,0.0,68960.0,840.0,0.0,4440.0,2680.0,0.0,0.0,2000.0,43720.0,124760.0,5880.0,240.0,0.0,0.0,0.0,0.0,0.0
2026-03-29T11:00:00+02:00,5080.0,0.0,0.0,10000.0,3480.0,0.0,0.0,3920.0,9960.0,9600.0,4640.0,8240.0,0.0,0.0,0.0,0.0,0.0,200.0,0.0,0.0,920.0,1520.0,0.0,0.0,2000.0,200.0,160.0,280.0,4600.0,0.0,0.0,0.0,0.0,0.0,26400.0,0.0,0.0,36680.0,13840.0,0.0,0.0,5920.0,168560.0,149840.0,30360.0,12840.0,0.0,0.0,0.0,0.0,0.0
2026-03-29T12:00:00+02:00,7040.0,4880.0,0.0,3120.0,0.0,0.0,0.0,2000.0,10000.0,9600.0,920.0,5080.0,0.0,0.0,0.0,0.0,0.0,160.0,2600.0,0.0,240.0,0.0,0.0,0.0,240.0,120.0,40.0,360.0,5080.0,0.0,0.0,0.0,0.0,0.0,75840.0,7480.0,0.0,12600.0,0.0,0.0,0.0,3280.0,613197.0,478880.0,1800.0,5080.0,0.0,0.0,0.0,0.0,0.0
2026-03-29T13:00:00+02:00,9640.0,7920.0,0.0,3640.0,6440.0,0.0,0.0,0.0,8320.0,10000.0,5600.0,200.0,0.0,0.0,0.0,0.0,0.0,120.0,120.0,0.0,400.0,1960.0,0.0,0.0,0.0,120.0,40.0,240.0,120.0,0.0,0.0,0.0,0.0,0.0,272000.0,70360.0,0.0,4860.0,21520.0,0.0,0.0,0.0,546420.0,723480.0,53280.0,320.0,0.0,0.0,0.0,0.0,0.0
2026-03-29T14:00:00+02:00,10040.0,4360.0,0.0,440.0,10000.0,0.0,0.0,0.0,8119.0,10000.0,10000.0,1400.0,0.0,0.0,0.0,0.0,0.0,200.0,200.0,0.0,440.0,400.0,0.0,0.0,0.0,40.0,40.0,120.0,1400.0,0.0,0.0,0.0,0.0,0.0,241838.0,16080.0,0.0,440.0,32000.0,0.0,0.0,0.0,190079.0,617959.0,127360.0,1400.0,0.0,0.0,0.0,0.0,0.0
2026-03-29T15:00:00+02:00,5800.0,320.0,0.0,5600.0,9960.0,0.0,0.0,0.0,10000.0,10080.0,9520.0,0.0,0.0,0.0,0.0,0.0,0.0,240.0,320.0,0.0,720.0,1080.0,0.0,0.0,0.0,160.0,160.0,40.0,0.0,0.0,0.0,0.0,0.0,0.0,24400.0,320.0,0.0,9080.0,32920.0,0.0,0.0,0.0,326120.0,226590.0,190560.0,0.0,0.0,0.0,0.0,0.0,0.0
2026-03-29T16:00:00+02:00,9480.0,1800.0,0.0,4560.0,0.0,0.0,0.0,0.0,8000.0,9800.0,4000.0,0.0,0.0,0.0,0.0,0.0,0.0,120.0,320.0,0.0,120.0,0.0,0.0,0.0,0.0,120.0,40.0,1000.0,0.0,0.0,0.0,0.0,0.0,0.0,33880.0,4440.0,0.0,7100.0,0.0,0.0,0.0,0.0,54720.0,259920.0,48840.0,0.0,0.0,0.0,0.0,0.0,0.0
2026-03-29T17:00:00+02:00,8000.0,5560.0,0.0,1280.0,1200.0,0.0,0.0,0.0,2360.0,9840.0,8560.0,920.0,0.0,0.0,0.0,0.0,0.0,200.0,40.0,0.0,840.0,1200.0,0.0,0.0,0.0,40.0,40.0,160.0,920.0,0.0,0.0,0.0,0.0,0.0,20960.0,10320.0,0.0,2120.0,1200.0,0.0,0.0,0.0,19800.0,150718.0,125680.0,920.0,0.0,0.0,0.0,0.0,0.0
2026-03-29T18:00:00+02:00,7680.0,2920.0,0.0,2320.0,0.0,0.0,0.0,0.0,2040.0,10000.0,9520.0,0.0,0.0,0.0,0.0,0.0,0.0,120.0,2920.0,0.0,2320.0,0.0,0.0,0.0,0.0,160.0,40.0,160.0,0.0,0.0,0.0,0.0,0.0,0.0,32840.0,2920.0,0.0,2320.0,0.0,0.0,0.0,0.0,28280.0,215560.0,212640.0,0.0,0.0,0.0,0.0,0.0,0.0
2026-03-29T19:00:00+02:00,4320.0,7320.0,0.0,0.0,0.0,0.0,0.0,880.0,9840.0,9920.0,6000.0,0.0,0.0,0.0,0.0,0.0,1800.0,200.0,160.0,0.0,0.0,0.0,0.0,0.0,880.0,240.0,40.0,120.0,0.0,0.0,0.0,0.0,0.0,1800.0,23280.0,10720.0,0.0,0.0,0.0,0.0,0.0,880.0,68160.0,413360.0,40200.0,0.0,0.0,0.0,0.0,0.0,1800.0
2026-03-29T20:00:00+02:00,8560.0,4200.0,0.0,5720.0,0.0,0.0,0.0,0.0,3600.0,10080.0,1040.0,2640.0,0.0,0.0,0.0,0.0,0.0,160.0,4200.0,0.0,160.0,0.0,0.0,0.0,0.0,240.0,160.0,1040.0,360.0,0.0,0.0,0.0,0.0,0.0,118640.0,4200.0,0.0,22120.0,0.0,0.0,0.0,0.0,23320.0,213140.0,1040.0,4280.0,0.0,0.0,0.0,0.0,0.0
2026-03-29T21:00:00+02:00,4000.0,1600.0,1440.0,2760.0,0.0,0.0,0.0,0.0,0.0,10120.0,0.0,6000.0,0.0,0.0,0.0,0.0,0.0,120.0,160.0,1440.0,120.0,0.0,0.0,0.0,0.0,0.0,200.0,0.0,160.0,0.0,0.0,0.0,0.0,0.0,93200.0,1760.0,1440.0,32800.0,0.0,0.0,0.0,0.0,0.0,72720.0,0.0,70440.0,0.0,0.0,0.0,0.0,0.0
2026-03-29T22:00:00+02:00,10000.0,1960.0,0.0,0.0,0.0,0.0,0.0,0.0,0.0,3960.0,200.0,0.0,0.0,0.0,0.0,0.0,0.0,160.0,1960.0,0.0,0.0,0.0,0.0,0.0,0.0,0.0,160.0,200.0,0.0,0.0,0.0,0.0,0.0,0.0,253479.0,1960.0,0.0,0.0,0.0,0.0,0.0,0.0,0.0,18800.0,200.0,0.0,0.0,0.0,0.0,0.0,0.0
2026-03-29T23:00:00+02:00,10000.0,0.0,0.0,520.0,0.0,0.0,0.0,0.0,0.0,6840.0,2000.0,1240.0,0.0,0.0,0.0,0.0,0.0,160.0,0.0,0.0,320.0,0.0,0.0,0.0,0.0,0.0,160.0,160.0,1240.0,0.0,0.0,0.0,0.0,0.0,199200.0,0.0,0.0,1160.0,0.0,0.0,0.0,0.0,0.0,81480.0,10000.0,1240.0,0.0,0.0,0.0,0.0,0.0
2026-03-30T00:00:00+02:00,10040.0,0.0,0.0,0.0,0.0,0.0,0.0,0.0,0.0,8039.0,1920.0,0.0,0.0,0.0,0.0,0.0,0.0,120.0,0.0,0.0,0.0,0.0,0.0,0.0,0.0,0.0,40.0,160.0,0.0,0.0,0.0,0.0,0.0,0.0,953716.0,0.0,0.0,0.0,0.0,0.0,0.0,0.0,0.0,60199.0,4080.0,0.0,0.0,0.0,0.0,0.0,0.0
2026-03-30T01:00:00+02:00,8840.0,0.0,0.0,0.0,0.0,0.0,0.0,0.0,1520.0,5480.0,4000.0,0.0,0.0,0.0,0.0,0.0,0.0,120.0,0.0,0.0,0.0,0.0,0.0,0.0,0.0,1520.0,120.0,120.0,0.0,0.0,0.0,0.0,0.0,0.0,306720.0,0.0,0.0,0.0,0.0,0.0,0.0,0.0,1520.0,99640.0,40040.0,0.0,0.0,0.0,0.0,0.0,0.0
2026-03-30T02:00:00+02:00,8000.0,0.0,0.0,4840.0,0.0,0.0,0.0,0.0,0.0,6000.0,3960.0,0.0,0.0,0.0,0.0,0.0,0.0,120.0,0.0,0.0,40.0,0.0,0.0,0.0,0.0,0.0,200.0,200.0,0.0,0.0,0.0,0.0,0.0,0.0,376600.0,0.0,0.0,21320.0,0.0,0.0,0.0,0.0,0.0,46160.0,32760.0,0.0,0.0,0.0,0.0,0.0,0.0
2026-03-30T03:00:00+02:00,5640.0,0.0,0.0,2040.0,0.0,0.0,0.0,0.0,0.0,2000.0,3560.0,0.0,0.0,0.0,0.0,0.0,0.0,160.0,0.0,0.0,240.0,0.0,0.0,0.0,0.0,0.0,240.0,200.0,0.0,0.0,0.0,0.0,0.0,0.0,59920.0,0.0,0.0,27960.0,0.0,0.0,0.0,0.0,0.0,10640.0,28200.0,0.0,0.0,0.0,0.0,0.0,0.0
2026-03-30T04:00:00+02:00,2000.0,0.0,0.0,2440.0,0.0,0.0,0.0,0.0,0.0,1640.0,200.0,0.0,0.0,0.0,0.0,0.0,0.0,160.0,0.0,0.0,120.0,0.0,0.0,0.0,0.0,0.0,1640.0,200.0,0.0,0.0,0.0,0.0,0.0,0.0,16080.0,0.0,0.0,19960.0,0.0,0.0,0.0,0.0,0.0,1640.0,200.0,0.0,0.0,0.0,0.0,0.0,0.0
2026-03-30T05:00:00+02:00,3920.0,0.0,0.0,2000.0,0.0,0.0,0.0,0.0,0.0,4000.0,600.0,0.0,0.0,0.0,0.0,0.0,0.0,160.0,0.0,0.0,120.0,0.0,0.0,0.0,0.0,0.0,240.0,360.0,0.0,0.0,0.0,0.0,0.0,0.0,40880.0,0.0,0.0,9000.0,0.0,0.0,0.0,0.0,0.0,11080.0,960.0,0.0,0.0,0.0,0.0,0.0,0.0
2026-03-30T06:00:00+02:00,10000.0,5760.0,0.0,0.0,2360.0,0.0,0.0,2000.0,5920.0,8840.0,1240.0,1880.0,0.0,0.0,0.0,0.0,0.0,160.0,160.0,0.0,0.0,240.0,0.0,0.0,120.0,160.0,120.0,160.0,320.0,0.0,0.0,0.0,0.0,0.0,382160.0,35400.0,0.0,0.0,24920.0,0.0,0.0,8360.0,69680.0,78280.0,1680.0,2640.0,0.0,0.0,0.0,0.0,0.0
2026-03-30T07:00:00+02:00,6720.0,4680.0,0.0,680.0,10040.0,0.0,0.0,3960.0,9440.0,9440.0,2200.0,0.0,0.0,0.0,0.0,0.0,0.0,160.0,40.0,0.0,680.0,200.0,0.0,0.0,280.0,120.0,40.0,400.0,0.0,0.0,0.0,0.0,0.0,0.0,44360.0,10640.0,0.0,680.0,245639.0,0.0,0.0,25720.0,38160.0,86520.0,14800.0,0.0,0.0,0.0,0.0,0.0,0.0
2026-03-30T08:00:00+02:00,4000.0,5480.0,0.0,1040.0,5880.0,0.0,0.0,10000.0,9760.0,8440.0,3880.0,0.0,0.0,0.0,0.0,1040.0,0.0,400.0,5480.0,0.0,520.0,360.0,0.0,0.0,240.0,200.0,240.0,160.0,0.0,0.0,0.0,0.0,200.0,0.0,15680.0,5480.0,0.0,2120.0,62000.0,0.0,0.0,53000.0,223800.0,93960.0,42720.0,0.0,0.0,0.0,0.0,1240.0,0.0
2026-03-30T09:00:00+02:00,2000.0,1600.0,0.0,6000.0,4000.0,0.0,0.0,6000.0,9960.0,9760.0,6000.0,0.0,0.0,0.0,0.0,0.0,0.0,120.0,280.0,0.0,480.0,320.0,0.0,0.0,200.0,200.0,160.0,160.0,0.0,0.0,0.0,0.0,0.0,0.0,7720.0,1880.0,0.0,14640.0,13480.0,0.0,0.0,53000.0,130920.0,85800.0,30680.0,0.0,0.0,0.0,0.0,0.0,0.0
2026-03-30T10:00:00+02:00,6000.0,5040.0,0.0,4960.0,1800.0,0.0,0.0,2000.0,4000.0,10080.0,5880.0,2000.0,0.0,0.0,0.0,0.0,0.0,200.0,160.0,0.0,1480.0,160.0,0.0,0.0,760.0,360.0,40.0,600.0,760.0,0.0,0.0,0.0,0.0,0.0,64840.0,7160.0,0.0,8400.0,3600.0,0.0,0.0,8800.0,11720.0,231690.0,14680.0,2760.0,0.0,0.0,0.0,0.0,0.0
2026-03-30T11:00:00+02:00,6920.0,4560.0,0.0,5960.0,5640.0,0.0,0.0,0.0,10000.0,9960.0,4000.0,640.0,0.0,0.0,0.0,1080.0,0.0,160.0,4560.0,0.0,40.0,160.0,0.0,0.0,0.0,160.0,40.0,720.0,160.0,0.0,0.0,0.0,720.0,0.0,110520.0,4560.0,0.0,51400.0,7080.0,0.0,0.0,0.0,209540.0,617319.0,37960.0,1240.0,0.0,0.0,0.0,2840.0,0.0
2026-03-30T12:00:00+02:00,5560.0,4030.0,0.0,7720.0,1480.0,0.0,0.0,5760.0,10000.0,10040.0,6280.0,5520.0,0.0,0.0,0.0,0.0,400.0,120.0,680.0,0.0,120.0,1480.0,0.0,0.0,560.0,160.0,40.0,240.0,160.0,0.0,0.0,0.0,0.0,160.0,54200.0,8630.0,0.0,23960.0,1480.0,0.0,0.0,7840.0,399329.0,1076237.0,28720.0,5680.0,0.0,0.0,0.0,0.0,560.0
2026-03-30T13:00:00+02:00,9320.0,7880.0,0.0,8820.0,1360.0,0.0,0.0,1240.0,8560.0,10080.0,8880.0,2320.0,0.0,0.0,0.0,0.0,0.0,160.0,400.0,0.0,40.0,1360.0,0.0,0.0,640.0,120.0,40.0,40.0,240.0,0.0,0.0,0.0,0.0,0.0,81160.0,17480.0,0.0,43860.0,1360.0,0.0,0.0,1880.0,208439.0,1153587.0,244600.0,3240.0,0.0,0.0,0.0,0.0,0.0
2026-03-30T14:00:00+02:00,9280.0,5240.0,0.0,9040.0,0.0,0.0,0.0,2000.0,10000.0,9520.0,9680.0,3640.0,0.0,0.0,0.0,0.0,0.0,160.0,2240.0,0.0,320.0,0.0,0.0,0.0,240.0,120.0,80.0,160.0,3640.0,0.0,0.0,0.0,0.0,0.0,41320.0,7480.0,0.0,111399.0,0.0,0.0,0.0,8320.0,91040.0,353489.0,95320.0,3640.0,0.0,0.0,0.0,0.0,0.0
2026-03-30T15:00:00+02:00,8000.0,5440.0,0.0,9560.0,0.0,0.0,0.0,520.0,10000.0,9480.0,9960.0,960.0,0.0,0.0,0.0,0.0,0.0,40.0,160.0,0.0,40.0,0.0,0.0,0.0,520.0,520.0,80.0,160.0,160.0,0.0,0.0,0.0,0.0,0.0,47600.0,12160.0,0.0,51160.0,0.0,0.0,0.0,520.0,76200.0,267370.0,75280.0,1120.0,0.0,0.0,0.0,0.0,0.0
2026-03-30T16:00:00+02:00,5080.0,0.0,0.0,3560.0,0.0,0.0,0.0,0.0,6000.0,8240.0,3440.0,0.0,0.0,0.0,0.0,0.0,0.0,240.0,0.0,0.0,40.0,0.0,0.0,0.0,0.0,1240.0,40.0,3440.0,0.0,0.0,0.0,0.0,0.0,0.0,38760.0,0.0,0.0,28680.0,0.0,0.0,0.0,0.0,18120.0,133520.0,3440.0,0.0,0.0,0.0,0.0,0.0,0.0
2026-03-30T17:00:00+02:00,9360.0,5880.0,0.0,3560.0,320.0,0.0,0.0,0.0,4000.0,10080.0,2280.0,160.0,0.0,0.0,0.0,0.0,0.0,40.0,5880.0,0.0,80.0,320.0,0.0,0.0,0.0,520.0,80.0,440.0,160.0,0.0,0.0,0.0,0.0,0.0,61480.0,5880.0,0.0,40660.0,960.0,0.0,0.0,0.0,22560.0,400990.0,24120.0,160.0,0.0,0.0,0.0,0.0,0.0
2026-03-30T18:00:00+02:00,2560.0,4960.0,0.0,2640.0,0.0,0.0,0.0,0.0,2040.0,10000.0,0.0,1880.0,0.0,0.0,0.0,0.0,0.0,200.0,200.0,0.0,1920.0,0.0,0.0,0.0,0.0,680.0,40.0,0.0,1880.0,0.0,0.0,0.0,0.0,0.0,7840.0,5600.0,0.0,6600.0,0.0,0.0,0.0,0.0,7400.0,332959.0,0.0,1880.0,0.0,0.0,0.0,0.0,0.0
2026-03-30T19:00:00+02:00,9520.0,9800.0,0.0,2960.0,640.0,0.0,0.0,0.0,3560.0,10040.0,2640.0,160.0,0.0,0.0,0.0,0.0,840.0,80.0,440.0,0.0,200.0,640.0,0.0,0.0,0.0,160.0,40.0,200.0,80.0,0.0,0.0,0.0,0.0,840.0,80120.0,33400.0,0.0,3160.0,640.0,0.0,0.0,0.0,13640.0,440479.0,7760.0,240.0,0.0,0.0,0.0,0.0,840.0
2026-03-30T20:00:00+02:00,3840.0,4000.0,0.0,520.0,0.0,0.0,0.0,0.0,2000.0,9960.0,9160.0,0.0,0.0,0.0,0.0,0.0,0.0,120.0,960.0,0.0,520.0,0.0,0.0,0.0,0.0,640.0,80.0,240.0,0.0,0.0,0.0,0.0,0.0,0.0,18480.0,15960.0,0.0,520.0,0.0,0.0,0.0,0.0,6640.0,170320.0,9400.0,0.0,0.0,0.0,0.0,0.0,0.0
2026-03-30T21:00:00+02:00,4000.0,9320.0,0.0,880.0,0.0,0.0,0.0,0.0,0.0,8960.0,0.0,160.0,0.0,0.0,0.0,0.0,0.0,160.0,520.0,0.0,880.0,0.0,0.0,0.0,0.0,0.0,40.0,0.0,160.0,0.0,0.0,0.0,0.0,0.0,51840.0,11840.0,0.0,880.0,0.0,0.0,0.0,0.0,0.0,158280.0,0.0,160.0,0.0,0.0,0.0,0.0,0.0
2026-03-30T22:00:00+02:00,4800.0,7120.0,0.0,440.0,0.0,0.0,0.0,0.0,0.0,8440.0,240.0,0.0,0.0,0.0,0.0,0.0,2120.0,160.0,320.0,0.0,440.0,0.0,0.0,0.0,0.0,0.0,120.0,240.0,0.0,0.0,0.0,0.0,0.0,160.0,106400.0,22720.0,0.0,440.0,0.0,0.0,0.0,0.0,0.0,52120.0,240.0,0.0,0.0,0.0,0.0,0.0,2280.0
2026-03-30T23:00:00+02:00,6920.0,6800.0,0.0,800.0,0.0,0.0,0.0,0.0,0.0,7080.0,0.0,0.0,0.0,0.0,0.0,0.0,0.0,120.0,6800.0,0.0,800.0,0.0,0.0,0.0,0.0,0.0,120.0,0.0,0.0,0.0,0.0,0.0,0.0,0.0,267360.0,6800.0,0.0,800.0,0.0,0.0,0.0,0.0,0.0,21560.0,0.0,0.0,0.0,0.0,0.0,0.0,0.0
2026-03-31T00:00:00+02:00,7920.0,0.0,0.0,200.0,0.0,0.0,0.0,0.0,0.0,2480.0,0.0,0.0,0.0,0.0,0.0,0.0,0.0,120.0,0.0,0.0,200.0,0.0,0.0,0.0,0.0,0.0,120.0,0.0,0.0,0.0,0.0,0.0,0.0,0.0,257720.0,0.0,0.0,200.0,0.0,0.0,0.0,0.0,0.0,3240.0,0.0,0.0,0.0,0.0,0.0,0.0,0.0
2026-03-31T01:00:00+02:00,6080.0,920.0,0.0,0.0,0.0,0.0,0.0,0.0,0.0,7480.0,0.0,0.0,0.0,0.0,0.0,0.0,0.0,160.0,920.0,0.0,0.0,0.0,0.0,0.0,0.0,0.0,1160.0,0.0,0.0,0.0,0.0,0.0,0.0,0.0,288440.0,920.0,0.0,0.0,0.0,0.0,0.0,0.0,0.0,14520.0,0.0,0.0,0.0,0.0,0.0,0.0,0.0
2026-03-31T02:00:00+02:00,8000.0,0.0,0.0,1560.0,0.0,0.0,0.0,0.0,0.0,3440.0,0.0,0.0,0.0,0.0,0.0,0.0,0.0,160.0,0.0,0.0,1560.0,0.0,0.0,0.0,0.0,0.0,40.0,0.0,0.0,0.0,0.0,0.0,0.0,0.0,206720.0,0.0,0.0,1560.0,0.0,0.0,0.0,0.0,0.0,9680.0,0.0,0.0,0.0,0.0,0.0,0.0,0.0
2026-03-31T03:00:00+02:00,9800.0,0.0,0.0,0.0,0.0,0.0,0.0,0.0,0.0,6040.0,0.0,0.0,0.0,0.0,0.0,0.0,0.0,160.0,0.0,0.0,0.0,0.0,0.0,0.0,0.0,0.0,320.0,0.0,0.0,0.0,0.0,0.0,0.0,0.0,150000.0,0.0,0.0,0.0,0.0,0.0,0.0,0.0,0.0,6360.0,0.0,0.0,0.0,0.0,0.0,0.0,0.0
2026-03-31T04:00:00+02:00,7280.0,0.0,0.0,0.0,0.0,0.0,0.0,0.0,0.0,680.0,0.0,0.0,0.0,0.0,0.0,0.0,0.0,160.0,0.0,0.0,0.0,0.0,0.0,0.0,0.0,0.0,200.0,0.0,0.0,0.0,0.0,0.0,0.0,0.0,150280.0,0.0,0.0,0.0,0.0,0.0,0.0,0.0,0.0,880.0,0.0,0.0,0.0,0.0,0.0,0.0,0.0
2026-03-31T05:00:00+02:00,6440.0,0.0,0.0,0.0,0.0,0.0,0.0,0.0,0.0,7440.0,0.0,0.0,0.0,0.0,0.0,0.0,0.0,160.0,0.0,0.0,0.0,0.0,0.0,0.0,0.0,0.0,160.0,0.0,0.0,0.0,0.0,0.0,0.0,0.0,92720.0,0.0,0.0,0.0,0.0,0.0,0.0,0.0,0.0,19000.0,0.0,0.0,0.0,0.0,0.0,0.0,0.0
2026-03-31T06:00:00+02:00,10000.0,6000.0,0.0,4000.0,1800.0,0.0,0.0,600.0,9920.0,8440.0,10000.0,0.0,0.0,0.0,0.0,0.0,0.0,120.0,320.0,0.0,40.0,200.0,0.0,0.0,600.0,120.0,40.0,280.0,0.0,0.0,0.0,0.0,0.0,0.0,197720.0,53040.0,0.0,44840.0,4400.0,0.0,0.0,600.0,133130.0,23400.0,90639.0,0.0,0.0,0.0,0.0,0.0,0.0
2026-03-31T07:00:00+02:00,160.0,1800.0,0.0,6600.0,1880.0,0.0,0.0,3600.0,10000.0,8800.0,4240.0,0.0,0.0,0.0,0.0,0.0,0.0,120.0,1800.0,0.0,200.0,1880.0,0.0,0.0,280.0,200.0,120.0,400.0,0.0,0.0,0.0,0.0,0.0,0.0,440.0,1800.0,0.0,52960.0,1880.0,0.0,0.0,10160.0,552480.0,66440.0,27840.0,0.0,0.0,0.0,0.0,0.0,0.0
2026-03-31T08:00:00+02:00,4200.0,160.0,0.0,3240.0,1160.0,0.0,0.0,5560.0,6200.0,9920.0,800.0,0.0,0.0,0.0,0.0,0.0,0.0,160.0,80.0,0.0,200.0,1160.0,0.0,0.0,560.0,280.0,160.0,800.0,0.0,0.0,0.0,0.0,0.0,0.0,12120.0,240.0,0.0,5480.0,1160.0,0.0,0.0,23080.0,56760.0,110800.0,800.0,0.0,0.0,0.0,0.0,0.0,0.0
2026-03-31T09:00:00+02:00,7840.0,0.0,0.0,7520.0,760.0,0.0,0.0,6200.0,9760.0,9440.0,2240.0,0.0,0.0,0.0,0.0,0.0,0.0,160.0,0.0,0.0,40.0,200.0,0.0,0.0,200.0,160.0,40.0,440.0,0.0,0.0,0.0,0.0,0.0,0.0,15520.0,0.0,0.0,45320.0,960.0,0.0,0.0,10640.0,49120.0,131240.0,6600.0,0.0,0.0,0.0,0.0,0.0,0.0
2026-03-31T10:00:00+02:00,6760.0,840.0,0.0,8280.0,0.0,0.0,0.0,0.0,4920.0,9880.0,1920.0,0.0,0.0,0.0,0.0,0.0,0.0,240.0,840.0,0.0,40.0,0.0,0.0,0.0,0.0,240.0,40.0,80.0,0.0,0.0,0.0,0.0,0.0,0.0,23280.0,840.0,0.0,54520.0,0.0,0.0,0.0,0.0,54040.0,116560.0,7520.0,0.0,0.0,0.0,0.0,0.0,0.0
2026-03-31T11:00:00+02:00,8440.0,560.0,0.0,7400.0,0.0,0.0,0.0,0.0,8240.0,10000.0,9920.0,6720.0,0.0,0.0,0.0,0.0,0.0,120.0,560.0,0.0,40.0,0.0,0.0,0.0,0.0,120.0,40.0,120.0,320.0,0.0,0.0,0.0,0.0,0.0,34840.0,560.0,0.0,64280.0,0.0,0.0,0.0,0.0,176160.0,650618.0,129140.0,16320.0,0.0,0.0,0.0,0.0,0.0
2026-03-31T12:00:00+02:00,2160.0,240.0,0.0,5160.0,0.0,0.0,0.0,5160.0,9920.0,9800.0,4840.0,840.0,0.0,0.0,0.0,0.0,0.0,240.0,240.0,0.0,40.0,0.0,0.0,0.0,560.0,40.0,40.0,400.0,240.0,0.0,0.0,0.0,0.0,0.0,8600.0,240.0,0.0,25530.0,0.0,0.0,0.0,19560.0,229409.0,467999.0,30560.0,1080.0,0.0,0.0,0.0,0.0,0.0
2026-03-31T13:00:00+02:00,8280.0,7040.0,0.0,9400.0,0.0,0.0,0.0,0.0,10000.0,10040.0,9840.0,200.0,0.0,0.0,0.0,0.0,0.0,80.0,200.0,0.0,80.0,0.0,0.0,0.0,0.0,80.0,40.0,120.0,200.0,0.0,0.0,0.0,0.0,0.0,53000.0,33520.0,0.0,43280.0,0.0,0.0,0.0,0.0,281009.0,822337.0,191799.0,200.0,0.0,0.0,0.0,0.0,0.0
2026-03-31T14:00:00+02:00,6320.0,5680.0,0.0,3160.0,0.0,0.0,0.0,520.0,9720.0,10000.0,8000.0,0.0,0.0,0.0,0.0,0.0,0.0,120.0,440.0,0.0,40.0,0.0,0.0,0.0,520.0,200.0,40.0,320.0,0.0,0.0,0.0,0.0,0.0,0.0,67640.0,22200.0,0.0,4400.0,0.0,0.0,0.0,520.0,224640.0,727760.0,38560.0,0.0,0.0,0.0,0.0,0.0,0.0
2026-03-31T15:00:00+02:00,7640.0,9880.0,0.0,4000.0,3440.0,0.0,0.0,0.0,10000.0,9960.0,9240.0,0.0,0.0,0.0,0.0,0.0,9480.0,160.0,560.0,0.0,320.0,200.0,0.0,0.0,0.0,200.0,120.0,560.0,0.0,0.0,0.0,0.0,0.0,480.0,50560.0,87000.0,0.0,8840.0,9600.0,0.0,0.0,0.0,65640.0,661918.0,91440.0,0.0,0.0,0.0,0.0,0.0,68519.0
2026-03-31T16:00:00+02:00,6080.0,3440.0,0.0,4120.0,1960.0,0.0,0.0,0.0,9960.0,9960.0,6840.0,480.0,0.0,0.0,0.0,0.0,0.0,120.0,120.0,0.0,320.0,120.0,0.0,0.0,0.0,120.0,40.0,160.0,480.0,0.0,0.0,0.0,0.0,0.0,93760.0,12800.0,0.0,23880.0,9080.0,0.0,0.0,0.0,529640.0,1431318.0,69120.0,480.0,0.0,0.0,0.0,0.0,0.0
2026-03-31T17:00:00+02:00,6000.0,4000.0,0.0,7440.0,8400.0,0.0,0.0,0.0,10000.0,10000.0,10000.0,0.0,0.0,0.0,0.0,0.0,0.0,120.0,200.0,0.0,120.0,160.0,0.0,0.0,0.0,120.0,40.0,160.0,0.0,0.0,0.0,0.0,0.0,0.0,132960.0,4200.0,0.0,31520.0,63520.0,0.0,0.0,0.0,644639.0,941520.0,148200.0,0.0,0.0,0.0,0.0,0.0,0.0
2026-03-31T18:00:00+02:00,7680.0,9920.0,0.0,3200.0,6000.0,0.0,0.0,0.0,10000.0,10000.0,8160.0,880.0,0.0,0.0,0.0,0.0,0.0,160.0,1000.0,0.0,40.0,240.0,0.0,0.0,0.0,160.0,40.0,320.0,280.0,0.0,0.0,0.0,0.0,0.0,129880.0,16440.0,0.0,14760.0,55920.0,0.0,0.0,0.0,223840.0,418320.0,59200.0,1160.0,0.0,0.0,0.0,0.0,0.0
2026-03-31T19:00:00+02:00,8600.0,5400.0,0.0,1480.0,6520.0,0.0,0.0,0.0,10000.0,9960.0,6000.0,0.0,0.0,0.0,0.0,0.0,0.0,160.0,280.0,0.0,1480.0,6520.0,0.0,0.0,0.0,160.0,80.0,600.0,0.0,0.0,0.0,0.0,0.0,0.0,146280.0,5680.0,0.0,1480.0,6520.0,0.0,0.0,0.0,106759.0,336590.0,20040.0,0.0,0.0,0.0,0.0,0.0,0.0
2026-03-31T20:00:00+02:00,7960.0,160.0,0.0,0.0,0.0,0.0,0.0,0.0,440.0,9680.0,0.0,8960.0,0.0,0.0,0.0,0.0,0.0,160.0,160.0,0.0,0.0,0.0,0.0,0.0,0.0,80.0,80.0,0.0,200.0,0.0,0.0,0.0,0.0,0.0,40240.0,160.0,0.0,0.0,0.0,0.0,0.0,0.0,1000.0,185200.0,0.0,20960.0,0.0,0.0,0.0,0.0,0.0
2026-03-31T21:00:00+02:00,7240.0,8360.0,0.0,0.0,0.0,0.0,0.0,0.0,0.0,10000.0,0.0,360.0,0.0,0.0,0.0,0.0,2880.0,120.0,760.0,0.0,0.0,0.0,0.0,0.0,0.0,0.0,40.0,0.0,360.0,0.0,0.0,0.0,0.0,2880.0,36680.0,14480.0,0.0,0.0,0.0,0.0,0.0,0.0,0.0,176000.0,0.0,360.0,0.0,0.0,0.0,0.0,2880.0
2026-03-31T22:00:00+02:00,10000.0,6440.0,0.0,0.0,0.0,0.0,0.0,0.0,0.0,5920.0,0.0,0.0,0.0,0.0,0.0,0.0,1640.0,120.0,200.0,0.0,0.0,0.0,0.0,0.0,0.0,0.0,40.0,0.0,0.0,0.0,0.0,0.0,0.0,1640.0,326239.0,12360.0,0.0,0.0,0.0,0.0,0.0,0.0,0.0,43120.0,0.0,0.0,0.0,0.0,0.0,0.0,1640.0
2026-03-31T23:00:00+02:00,10000.0,2040.0,0.0,0.0,0.0,0.0,0.0,0.0,3040.0,9160.0,0.0,0.0,0.0,0.0,0.0,0.0,0.0,120.0,680.0,0.0,0.0,0.0,0.0,0.0,0.0,3040.0,200.0,0.0,0.0,0.0,0.0,0.0,0.0,0.0,684240.0,13000.0,0.0,0.0,0.0,0.0,0.0,0.0,3040.0,36800.0,0.0,0.0,0.0,0.0,0.0,0.0,0.0
2026-04-01T00:00:00+02:00,10000.0,480.0,0.0,0.0,0.0,0.0,0.0,0.0,0.0,7120.0,0.0,0.0,0.0,0.0,0.0,0.0,0.0,160.0,480.0,0.0,0.0,0.0,0.0,0.0,0.0,0.0,200.0,0.0,0.0,0.0,0.0,0.0,0.0,0.0,686919.0,480.0,0.0,0.0,0.0,0.0,0.0,0.0,0.0,17320.0,0.0,0.0,0.0,0.0,0.0,0.0,0.0
2026-04-01T01:00:00+02:00,10000.0,2560.0,0.0,0.0,0.0,0.0,0.0,0.0,0.0,9080.0,0.0,0.0,0.0,0.0,0.0,0.0,0.0,200.0,2560.0,0.0,0.0,0.0,0.0,0.0,0.0,0.0,9080.0,0.0,0.0,0.0,0.0,0.0,0.0,0.0,468359.0,2560.0,0.0,0.0,0.0,0.0,0.0,0.0,0.0,9080.0,0.0,0.0,0.0,0.0,0.0,0.0,0.0
2026-04-01T02:00:00+02:00,9400.0,1840.0,440.0,1040.0,0.0,0.0,0.0,0.0,0.0,7440.0,0.0,0.0,0.0,0.0,0.0,0.0,0.0,1720.0,160.0,440.0,240.0,0.0,0.0,0.0,0.0,0.0,360.0,0.0,0.0,0.0,0.0,0.0,0.0,0.0,144960.0,2880.0,440.0,1280.0,0.0,0.0,0.0,0.0,0.0,16640.0,0.0,0.0,0.0,0.0,0.0,0.0,0.0
2026-04-01T03:00:00+02:00,9840.0,1960.0,0.0,1120.0,0.0,0.0,0.0,0.0,2080.0,400.0,0.0,0.0,0.0,0.0,0.0,0.0,0.0,120.0,1040.0,0.0,840.0,0.0,0.0,0.0,0.0,2080.0,120.0,0.0,0.0,0.0,0.0,0.0,0.0,0.0,980797.0,3000.0,0.0,1960.0,0.0,0.0,0.0,0.0,2080.0,720.0,0.0,0.0,0.0,0.0,0.0,0.0,0.0
2026-04-01T04:00:00+02:00,9560.0,0.0,0.0,200.0,0.0,0.0,0.0,0.0,0.0,3040.0,0.0,0.0,0.0,0.0,0.0,0.0,0.0,120.0,0.0,0.0,120.0,0.0,0.0,0.0,0.0,0.0,240.0,0.0,0.0,0.0,0.0,0.0,0.0,0.0,814320.0,0.0,0.0,320.0,0.0,0.0,0.0,0.0,0.0,9320.0,0.0,0.0,0.0,0.0,0.0,0.0,0.0
2026-04-01T05:00:00+02:00,9720.0,0.0,0.0,0.0,0.0,0.0,0.0,0.0,0.0,5960.0,0.0,3280.0,0.0,0.0,0.0,0.0,0.0,120.0,0.0,0.0,0.0,0.0,0.0,0.0,0.0,0.0,840.0,0.0,3280.0,0.0,0.0,0.0,0.0,0.0,371160.0,0.0,0.0,0.0,0.0,0.0,0.0,0.0,0.0,8440.0,0.0,3280.0,0.0,0.0,0.0,0.0,0.0
2026-04-01T06:00:00+02:00,7920.0,3480.0,0.0,880.0,4800.0,0.0,0.0,0.0,7960.0,5960.0,6000.0,280.0,0.0,0.0,0.0,0.0,0.0,160.0,160.0,0.0,120.0,4800.0,0.0,0.0,0.0,160.0,160.0,160.0,280.0,0.0,0.0,0.0,0.0,0.0,178600.0,18280.0,0.0,1760.0,4800.0,0.0,0.0,0.0,107040.0,36400.0,109160.0,280.0,0.0,0.0,0.0,0.0,0.0
2026-04-01T07:00:00+02:00,1760.0,0.0,0.0,1120.0,0.0,0.0,0.0,0.0,10000.0,8800.0,10000.0,0.0,0.0,0.0,0.0,1400.0,0.0,1080.0,0.0,0.0,360.0,0.0,0.0,0.0,0.0,160.0,40.0,160.0,0.0,0.0,0.0,0.0,1400.0,0.0,2840.0,0.0,0.0,2280.0,0.0,0.0,0.0,0.0,94120.0,32400.0,163080.0,0.0,0.0,0.0,0.0,1400.0,0.0
2026-04-01T08:00:00+02:00,200.0,0.0,0.0,2120.0,0.0,0.0,0.0,0.0,8000.0,10000.0,9400.0,0.0,0.0,0.0,0.0,840.0,0.0,200.0,0.0,0.0,120.0,0.0,0.0,0.0,0.0,200.0,80.0,200.0,0.0,0.0,0.0,0.0,840.0,0.0,200.0,0.0,0.0,5120.0,0.0,0.0,0.0,0.0,204280.0,80840.0,162120.0,0.0,0.0,0.0,0.0,840.0,0.0
2026-04-01T09:00:00+02:00,9680.0,880.0,0.0,2440.0,6080.0,0.0,0.0,0.0,9480.0,9920.0,9640.0,0.0,0.0,0.0,0.0,0.0,4200.0,120.0,160.0,0.0,2440.0,1280.0,0.0,0.0,0.0,160.0,80.0,80.0,0.0,0.0,0.0,0.0,0.0,4200.0,94360.0,1040.0,0.0,2440.0,11240.0,0.0,0.0,0.0,610000.0,409199.0,208520.0,0.0,0.0,0.0,0.0,0.0,4200.0
2026-04-01T10:00:00+02:00,5960.0,5280.0,0.0,520.0,1200.0,0.0,0.0,0.0,8039.0,9960.0,9280.0,0.0,0.0,0.0,0.0,2480.0,0.0,120.0,1560.0,0.0,280.0,520.0,0.0,0.0,0.0,120.0,120.0,200.0,0.0,0.0,0.0,0.0,2480.0,0.0,69880.0,10480.0,0.0,800.0,1720.0,0.0,0.0,0.0,336919.0,505790.0,116560.0,0.0,0.0,0.0,0.0,2480.0,0.0
2026-04-01T11:00:00+02:00,3560.0,2520.0,0.0,8820.0,8000.0,0.0,0.0,1400.0,8480.0,9960.0,9840.0,2320.0,3000.0,0.0,0.0,2200.0,0.0,160.0,640.0,0.0,280.0,120.0,0.0,0.0,200.0,40.0,40.0,160.0,160.0,3000.0,0.0,0.0,1040.0,0.0,10080.0,8640.0,0.0,71260.0,118960.0,0.0,0.0,2400.0,353439.0,987040.0,109960.0,2480.0,3000.0,0.0,0.0,3240.0,0.0
2026-04-01T12:00:00+02:00,5360.0,5360.0,0.0,7550.0,0.0,0.0,0.0,320.0,9940.0,9960.0,7920.0,480.0,0.0,0.0,0.0,0.0,0.0,160.0,160.0,0.0,40.0,0.0,0.0,0.0,320.0,160.0,40.0,240.0,480.0,0.0,0.0,0.0,0.0,0.0,23960.0,14080.0,0.0,33030.0,0.0,0.0,0.0,640.0,614819.0,592720.0,25800.0,480.0,0.0,0.0,0.0,0.0,0.0
2026-04-01T13:00:00+02:00,7080.0,5560.0,0.0,8880.0,5800.0,0.0,0.0,0.0,9800.0,9760.0,8280.0,0.0,0.0,0.0,0.0,0.0,5640.0,200.0,400.0,0.0,40.0,320.0,0.0,0.0,0.0,160.0,80.0,120.0,0.0,0.0,0.0,0.0,0.0,760.0,43280.0,26520.0,0.0,37300.0,7000.0,0.0,0.0,0.0,151480.0,429050.0,34480.0,0.0,0.0,0.0,0.0,0.0,11160.0
2026-04-01T14:00:00+02:00,9520.0,6920.0,0.0,9580.0,8039.0,0.0,0.0,0.0,9960.0,9840.0,7240.0,6000.0,0.0,0.0,0.0,800.0,800.0,120.0,440.0,0.0,1800.0,1880.0,0.0,0.0,0.0,120.0,40.0,120.0,280.0,0.0,0.0,0.0,800.0,800.0,206680.0,14320.0,0.0,18980.0,66239.0,0.0,0.0,0.0,452927.0,551199.0,92360.0,10360.0,0.0,0.0,0.0,800.0,800.0
2026-04-01T15:00:00+02:00,9640.0,5280.0,0.0,5720.0,9920.0,0.0,0.0,1360.0,9960.0,9960.0,8640.0,3200.0,0.0,0.0,0.0,0.0,0.0,40.0,280.0,0.0,120.0,440.0,0.0,0.0,1360.0,40.0,40.0,160.0,840.0,0.0,0.0,0.0,0.0,0.0,126280.0,11520.0,0.0,26060.0,120240.0,0.0,0.0,1360.0,841657.0,887298.0,72920.0,8240.0,0.0,0.0,0.0,0.0,0.0
2026-04-01T16:00:00+02:00,6360.0,7280.0,0.0,9960.0,2800.0,0.0,0.0,0.0,9960.0,9960.0,8240.0,160.0,0.0,0.0,0.0,0.0,7880.0,200.0,440.0,0.0,40.0,440.0,0.0,0.0,0.0,160.0,40.0,280.0,160.0,0.0,0.0,0.0,0.0,200.0,48080.0,30880.0,0.0,41920.0,10880.0,0.0,0.0,0.0,1279358.0,646110.0,119240.0,160.0,0.0,0.0,0.0,0.0,19600.0
2026-04-01T17:00:00+02:00,9240.0,5840.0,0.0,9920.0,3040.0,0.0,0.0,5440.0,9600.0,9680.0,6360.0,320.0,0.0,0.0,0.0,0.0,0.0,160.0,160.0,0.0,280.0,320.0,0.0,0.0,520.0,160.0,40.0,760.0,320.0,0.0,0.0,0.0,0.0,0.0,54720.0,31520.0,0.0,17960.0,21520.0,0.0,0.0,16920.0,671400.0,730749.0,14920.0,320.0,0.0,0.0,0.0,0.0,0.0
2026-04-01T18:00:00+02:00,8640.0,280.0,0.0,2840.0,4360.0,0.0,0.0,1880.0,9960.0,9960.0,9040.0,2120.0,0.0,0.0,0.0,0.0,5640.0,120.0,280.0,0.0,120.0,160.0,0.0,0.0,1880.0,160.0,40.0,160.0,1640.0,0.0,0.0,0.0,0.0,240.0,94199.0,280.0,0.0,3760.0,49560.0,0.0,0.0,1880.0,287000.0,458000.0,65760.0,3760.0,0.0,0.0,0.0,0.0,12120.0
2026-04-01T19:00:00+02:00,5880.0,6040.0,0.0,1520.0,7520.0,0.0,0.0,3880.0,6000.0,9960.0,920.0,0.0,0.0,0.0,0.0,0.0,0.0,200.0,1400.0,0.0,40.0,160.0,0.0,0.0,280.0,240.0,120.0,200.0,0.0,0.0,0.0,0.0,0.0,0.0,26760.0,14360.0,0.0,5520.0,82160.0,0.0,0.0,46440.0,98320.0,318770.0,1680.0,0.0,0.0,0.0,0.0,0.0,0.0
2026-04-01T20:00:00+02:00,8000.0,3640.0,0.0,600.0,2000.0,0.0,0.0,1280.0,9640.0,9800.0,7720.0,960.0,0.0,0.0,0.0,0.0,0.0,120.0,240.0,0.0,320.0,240.0,0.0,0.0,1240.0,240.0,40.0,160.0,320.0,0.0,0.0,0.0,0.0,0.0,130880.0,6240.0,0.0,1360.0,15480.0,0.0,0.0,2520.0,51120.0,1291845.0,36280.0,1720.0,0.0,0.0,0.0,0.0,0.0
2026-04-01T21:00:00+02:00,9440.0,2480.0,0.0,480.0,0.0,0.0,0.0,0.0,0.0,9640.0,2480.0,200.0,0.0,0.0,0.0,0.0,0.0,160.0,160.0,0.0,480.0,0.0,0.0,0.0,0.0,0.0,80.0,2480.0,200.0,0.0,0.0,0.0,0.0,0.0,148480.0,8240.0,0.0,480.0,0.0,0.0,0.0,0.0,0.0,306010.0,2480.0,200.0,0.0,0.0,0.0,0.0,0.0
2026-04-01T22:00:00+02:00,8320.0,2000.0,0.0,2320.0,0.0,0.0,0.0,0.0,0.0,9920.0,1040.0,0.0,0.0,0.0,0.0,0.0,0.0,160.0,200.0,0.0,40.0,0.0,0.0,0.0,0.0,0.0,40.0,600.0,0.0,0.0,0.0,0.0,0.0,0.0,94440.0,5640.0,0.0,2360.0,0.0,0.0,0.0,0.0,0.0,106040.0,1640.0,0.0,0.0,0.0,0.0,0.0,0.0
2026-04-01T23:00:00+02:00,7840.0,1840.0,0.0,0.0,0.0,0.0,0.0,0.0,0.0,9880.0,480.0,1640.0,0.0,0.0,0.0,0.0,0.0,200.0,640.0,0.0,0.0,0.0,0.0,0.0,0.0,0.0,40.0,480.0,200.0,0.0,0.0,0.0,0.0,0.0,262760.0,3600.0,0.0,0.0,0.0,0.0,0.0,0.0,0.0,31200.0,480.0,2640.0,0.0,0.0,0.0,0.0,0.0
2026-04-02T00:00:00+02:00,6000.0,0.0,0.0,0.0,0.0,0.0,0.0,0.0,0.0,8160.0,0.0,2360.0,0.0,0.0,0.0,0.0,0.0,240.0,0.0,0.0,0.0,0.0,0.0,0.0,0.0,0.0,160.0,0.0,240.0,0.0,0.0,0.0,0.0,0.0,58560.0,0.0,0.0,0.0,0.0,0.0,0.0,0.0,0.0,20360.0,0.0,8880.0,0.0,0.0,0.0,0.0,0.0
2026-04-02T01:00:00+02:00,8480.0,6320.0,0.0,0.0,0.0,0.0,0.0,0.0,0.0,9840.0,0.0,3640.0,0.0,0.0,0.0,0.0,0.0,160.0,6320.0,0.0,0.0,0.0,0.0,0.0,0.0,0.0,80.0,0.0,280.0,0.0,0.0,0.0,0.0,0.0,360680.0,6320.0,0.0,0.0,0.0,0.0,0.0,0.0,0.0,109720.0,0.0,22920.0,0.0,0.0,0.0,0.0,0.0
2026-04-02T02:00:00+02:00,7000.0,2000.0,0.0,0.0,0.0,0.0,0.0,0.0,6720.0,9880.0,200.0,2000.0,0.0,0.0,0.0,0.0,200.0,120.0,800.0,0.0,0.0,0.0,0.0,0.0,0.0,1280.0,120.0,200.0,200.0,0.0,0.0,0.0,0.0,200.0,297760.0,5920.0,0.0,0.0,0.0,0.0,0.0,0.0,11760.0,233440.0,200.0,25800.0,0.0,0.0,0.0,0.0,200.0
2026-04-02T03:00:00+02:00,2000.0,0.0,0.0,1400.0,0.0,0.0,0.0,0.0,0.0,6920.0,0.0,8119.0,0.0,0.0,0.0,0.0,0.0,200.0,0.0,0.0,280.0,0.0,0.0,0.0,0.0,0.0,120.0,0.0,240.0,0.0,0.0,0.0,0.0,0.0,27120.0,0.0,0.0,1680.0,0.0,0.0,0.0,0.0,0.0,56440.0,0.0,21999.0,0.0,0.0,0.0,0.0,0.0
2026-04-02T04:00:00+02:00,9440.0,0.0,1640.0,0.0,0.0,0.0,0.0,0.0,0.0,8840.0,0.0,8200.0,0.0,0.0,0.0,0.0,0.0,160.0,0.0,640.0,0.0,0.0,0.0,0.0,0.0,0.0,40.0,0.0,160.0,0.0,0.0,0.0,0.0,0.0,57600.0,0.0,2280.0,0.0,0.0,0.0,0.0,0.0,0.0,122480.0,0.0,89080.0,0.0,0.0,0.0,0.0,0.0
2026-04-02T05:00:00+02:00,8800.0,0.0,0.0,960.0,0.0,0.0,0.0,0.0,0.0,5360.0,1440.0,9120.0,0.0,0.0,0.0,0.0,0.0,160.0,0.0,0.0,960.0,0.0,0.0,0.0,0.0,0.0,120.0,560.0,360.0,0.0,0.0,0.0,0.0,0.0,24760.0,0.0,0.0,960.0,0.0,0.0,0.0,0.0,0.0,58440.0,2000.0,47280.0,0.0,0.0,0.0,0.0,0.0
2026-04-02T06:00:00+02:00,5000.0,3920.0,0.0,4000.0,7880.0,0.0,0.0,2000.0,9640.0,5840.0,4000.0,8000.0,0.0,0.0,0.0,0.0,0.0,560.0,400.0,0.0,120.0,320.0,0.0,0.0,160.0,120.0,160.0,160.0,2040.0,0.0,0.0,0.0,0.0,0.0,26200.0,6320.0,0.0,15560.0,35960.0,0.0,0.0,8680.0,166800.0,14000.0,10160.0,10040.0,0.0,0.0,0.0,0.0,0.0
2026-04-02T07:00:00+02:00,6360.0,520.0,0.0,8960.0,2040.0,0.0,0.0,2040.0,9920.0,9160.0,840.0,720.0,0.0,0.0,0.0,0.0,0.0,400.0,520.0,0.0,160.0,120.0,0.0,0.0,240.0,120.0,80.0,40.0,720.0,0.0,0.0,0.0,0.0,0.0,6760.0,520.0,0.0,347560.0,14760.0,0.0,0.0,50840.0,1364397.0,34280.0,1120.0,720.0,0.0,0.0,0.0,0.0,0.0
2026-04-02T08:00:00+02:00,8360.0,2600.0,0.0,5520.0,3440.0,0.0,0.0,4000.0,9920.0,9040.0,2840.0,0.0,0.0,0.0,0.0,0.0,0.0,160.0,720.0,0.0,240.0,160.0,0.0,0.0,80.0,120.0,280.0,2840.0,0.0,0.0,0.0,0.0,0.0,0.0,11000.0,3320.0,0.0,42960.0,23200.0,0.0,0.0,113120.0,1445317.0,42680.0,2840.0,0.0,0.0,0.0,0.0,0.0,0.0
2026-04-02T09:00:00+02:00,7520.0,560.0,0.0,5960.0,2200.0,0.0,0.0,2000.0,9760.0,7720.0,9280.0,1880.0,0.0,0.0,0.0,0.0,0.0,200.0,560.0,0.0,200.0,160.0,0.0,0.0,640.0,160.0,120.0,280.0,1880.0,0.0,0.0,0.0,0.0,0.0,22560.0,560.0,0.0,35880.0,14520.0,0.0,0.0,7920.0,995480.0,66040.0,132400.0,1880.0,0.0,0.0,0.0,0.0,0.0
2026-04-02T10:00:00+02:00,6280.0,0.0,0.0,4000.0,2000.0,0.0,0.0,2000.0,8000.0,9760.0,9760.0,0.0,0.0,0.0,0.0,0.0,0.0,240.0,0.0,0.0,200.0,1280.0,0.0,0.0,1240.0,160.0,40.0,240.0,0.0,0.0,0.0,0.0,0.0,0.0,20200.0,0.0,0.0,11500.0,6440.0,0.0,0.0,5240.0,453720.0,84960.0,308040.0,0.0,0.0,0.0,0.0,0.0,0.0
2026-04-02T11:00:00+02:00,9120.0,4520.0,0.0,2160.0,3240.0,0.0,0.0,2040.0,9040.0,9720.0,9920.0,0.0,0.0,0.0,0.0,0.0,1680.0,160.0,40.0,0.0,120.0,840.0,0.0,0.0,720.0,120.0,120.0,360.0,0.0,0.0,0.0,0.0,0.0,1680.0,72560.0,18320.0,0.0,10160.0,13880.0,0.0,0.0,2760.0,164840.0,167760.0,269320.0,0.0,0.0,0.0,0.0,0.0,1680.0
2026-04-02T12:00:00+02:00,7400.0,4400.0,0.0,1960.0,5760.0,0.0,0.0,440.0,7360.0,9720.0,8560.0,0.0,0.0,0.0,0.0,0.0,7880.0,120.0,2480.0,0.0,80.0,120.0,0.0,0.0,440.0,200.0,80.0,200.0,0.0,0.0,0.0,0.0,0.0,160.0,64800.0,10440.0,0.0,6600.0,34680.0,0.0,0.0,440.0,211240.0,500580.0,382277.0,0.0,0.0,0.0,0.0,0.0,35040.0
2026-04-02T13:00:00+02:00,9720.0,5440.0,0.0,1080.0,5120.0,0.0,0.0,0.0,9600.0,9760.0,9880.0,1200.0,0.0,0.0,0.0,0.0,0.0,120.0,320.0,0.0,40.0,160.0,0.0,0.0,0.0,120.0,160.0,120.0,200.0,0.0,0.0,0.0,0.0,0.0,201120.0,16040.0,0.0,2160.0,10560.0,0.0,0.0,0.0,359438.0,910117.0,667000.0,1720.0,0.0,0.0,0.0,0.0,0.0
2026-04-02T14:00:00+02:00,6600.0,2760.0,0.0,5450.0,4160.0,0.0,0.0,0.0,9800.0,9880.0,8080.0,0.0,0.0,0.0,0.0,0.0,0.0,160.0,1560.0,0.0,40.0,160.0,0.0,0.0,0.0,160.0,160.0,320.0,0.0,0.0,0.0,0.0,0.0,0.0,81120.0,7960.0,0.0,15690.0,19680.0,0.0,0.0,0.0,581040.0,648838.0,236880.0,0.0,0.0,0.0,0.0,0.0,0.0
2026-04-02T15:00:00+02:00,8560.0,0.0,0.0,4960.0,2000.0,0.0,0.0,0.0,9760.0,9600.0,8000.0,0.0,0.0,0.0,0.0,0.0,0.0,240.0,0.0,0.0,80.0,1800.0,0.0,0.0,0.0,160.0,40.0,560.0,0.0,0.0,0.0,0.0,0.0,0.0,32120.0,0.0,0.0,18460.0,3800.0,0.0,0.0,0.0,1090679.0,142240.0,97760.0,0.0,0.0,0.0,0.0,0.0,0.0
2026-04-02T16:00:00+02:00,9000.0,3120.0,0.0,2640.0,0.0,0.0,0.0,0.0,9360.0,8200.0,7480.0,920.0,0.0,0.0,0.0,0.0,0.0,160.0,40.0,0.0,40.0,0.0,0.0,0.0,0.0,200.0,40.0,160.0,920.0,0.0,0.0,0.0,0.0,0.0,32280.0,4880.0,0.0,14640.0,0.0,0.0,0.0,0.0,461518.0,104480.0,108480.0,920.0,0.0,0.0,0.0,0.0,0.0
2026-04-02T17:00:00+02:00,9360.0,4880.0,0.0,1400.0,0.0,0.0,0.0,0.0,8360.0,9480.0,8000.0,0.0,0.0,0.0,0.0,0.0,0.0,240.0,920.0,0.0,1240.0,0.0,0.0,0.0,0.0,80.0,120.0,360.0,0.0,0.0,0.0,0.0,0.0,0.0,96920.0,16600.0,0.0,2640.0,0.0,0.0,0.0,0.0,88400.0,268018.0,43080.0,0.0,0.0,0.0,0.0,0.0,0.0
2026-04-02T18:00:00+02:00,8039.0,4280.0,0.0,7190.0,0.0,0.0,0.0,0.0,2000.0,9800.0,5600.0,240.0,0.0,0.0,0.0,0.0,0.0,160.0,160.0,0.0,7190.0,0.0,0.0,0.0,0.0,160.0,40.0,200.0,240.0,0.0,0.0,0.0,0.0,0.0,607559.0,59680.0,0.0,7190.0,0.0,0.0,0.0,0.0,14280.0,463158.0,25040.0,240.0,0.0,0.0,0.0,0.0,0.0
2026-04-02T19:00:00+02:00,5040.0,1200.0,0.0,1520.0,0.0,0.0,0.0,0.0,2880.0,9640.0,4800.0,0.0,0.0,0.0,0.0,0.0,0.0,120.0,80.0,0.0,120.0,0.0,0.0,0.0,0.0,960.0,40.0,200.0,0.0,0.0,0.0,0.0,0.0,0.0,82360.0,2680.0,0.0,2360.0,0.0,0.0,0.0,0.0,8360.0,589780.0,12160.0,0.0,0.0,0.0,0.0,0.0,0.0
2026-04-02T20:00:00+02:00,7560.0,400.0,0.0,1880.0,0.0,0.0,0.0,0.0,1040.0,9680.0,1520.0,1080.0,0.0,0.0,0.0,0.0,0.0,160.0,400.0,0.0,320.0,0.0,0.0,0.0,0.0,1040.0,40.0,280.0,1080.0,0.0,0.0,0.0,0.0,0.0,84760.0,400.0,0.0,3360.0,0.0,0.0,0.0,0.0,1040.0,484229.0,1800.0,1080.0,0.0,0.0,0.0,0.0,0.0
2026-04-02T21:00:00+02:00,8160.0,5200.0,0.0,3480.0,0.0,0.0,0.0,0.0,0.0,9520.0,4360.0,920.0,0.0,0.0,0.0,0.0,0.0,200.0,240.0,0.0,3480.0,0.0,0.0,0.0,0.0,0.0,120.0,1240.0,920.0,0.0,0.0,0.0,0.0,0.0,51160.0,15000.0,0.0,3480.0,0.0,0.0,0.0,0.0,0.0,266958.0,14520.0,920.0,0.0,0.0,0.0,0.0,0.0
2026-04-02T22:00:00+02:00,2040.0,5880.0,0.0,0.0,0.0,0.0,0.0,0.0,0.0,9120.0,0.0,0.0,0.0,0.0,0.0,0.0,0.0,200.0,600.0,0.0,0.0,0.0,0.0,0.0,0.0,0.0,240.0,0.0,0.0,0.0,0.0,0.0,0.0,0.0,38600.0,7080.0,0.0,0.0,0.0,0.0,0.0,0.0,0.0,46720.0,0.0,0.0,0.0,0.0,0.0,0.0,0.0
2026-04-02T23:00:00+02:00,7400.0,2000.0,0.0,0.0,0.0,0.0,0.0,0.0,6000.0,9360.0,1760.0,6400.0,0.0,0.0,0.0,0.0,0.0,200.0,360.0,0.0,0.0,0.0,0.0,0.0,0.0,2480.0,40.0,160.0,560.0,0.0,0.0,0.0,0.0,0.0,95440.0,4360.0,0.0,0.0,0.0,0.0,0.0,0.0,8480.0,269480.0,1920.0,10960.0,0.0,0.0,0.0,0.0,0.0
2026-04-03T00:00:00+02:00,8480.0,5440.0,0.0,0.0,0.0,0.0,0.0,0.0,3000.0,8800.0,7080.0,6840.0,0.0,0.0,0.0,0.0,0.0,120.0,200.0,0.0,0.0,0.0,0.0,0.0,0.0,2220.0,120.0,120.0,200.0,0.0,0.0,0.0,0.0,0.0,478560.0,28240.0,0.0,0.0,0.0,0.0,0.0,0.0,5220.0,490360.0,27640.0,44840.0,0.0,0.0,0.0,0.0,0.0
2026-04-03T01:00:00+02:00,8840.0,7720.0,0.0,0.0,0.0,0.0,0.0,0.0,2040.0,9760.0,1800.0,8000.0,0.0,0.0,0.0,0.0,520.0,160.0,280.0,0.0,0.0,0.0,0.0,0.0,0.0,2040.0,160.0,1800.0,200.0,0.0,0.0,0.0,0.0,520.0,257560.0,23040.0,0.0,0.0,0.0,0.0,0.0,0.0,2040.0,286119.0,1800.0,279960.0,0.0,0.0,0.0,0.0,520.0
2026-04-03T02:00:00+02:00,5840.0,2840.0,0.0,560.0,0.0,0.0,0.0,0.0,1480.0,9600.0,240.0,7840.0,0.0,0.0,0.0,0.0,2360.0,160.0,200.0,0.0,40.0,0.0,0.0,0.0,0.0,600.0,80.0,240.0,320.0,0.0,0.0,0.0,0.0,2360.0,125120.0,6320.0,0.0,600.0,0.0,0.0,0.0,0.0,2080.0,366350.0,240.0,74640.0,0.0,0.0,0.0,0.0,2360.0
2026-04-03T03:00:00+02:00,3720.0,2280.0,0.0,0.0,0.0,0.0,0.0,0.0,0.0,9880.0,640.0,8840.0,0.0,0.0,0.0,1080.0,0.0,160.0,200.0,0.0,0.0,0.0,0.0,0.0,0.0,0.0,40.0,640.0,560.0,0.0,0.0,0.0,1080.0,0.0,29600.0,2480.0,0.0,0.0,0.0,0.0,0.0,0.0,0.0,195700.0,640.0,154800.0,0.0,0.0,0.0,1080.0,0.0
2026-04-03T04:00:00+02:00,2240.0,0.0,0.0,0.0,0.0,0.0,0.0,0.0,0.0,9400.0,0.0,8840.0,0.0,0.0,0.0,0.0,0.0,160.0,0.0,0.0,0.0,0.0,0.0,0.0,0.0,0.0,160.0,0.0,320.0,0.0,0.0,0.0,0.0,0.0,12960.0,0.0,0.0,0.0,0.0,0.0,0.0,0.0,0.0,80680.0,0.0,54680.0,0.0,0.0,0.0,0.0,0.0
2026-04-03T05:00:00+02:00,1760.0,0.0,0.0,0.0,0.0,0.0,0.0,0.0,0.0,9840.0,200.0,0.0,0.0,0.0,0.0,0.0,0.0,240.0,0.0,0.0,0.0,0.0,0.0,0.0,0.0,0.0,640.0,200.0,0.0,0.0,0.0,0.0,0.0,0.0,10840.0,0.0,0.0,0.0,0.0,0.0,0.0,0.0,0.0,23320.0,200.0,0.0,0.0,0.0,0.0,0.0,0.0
2026-04-03T06:00:00+02:00,3960.0,3680.0,0.0,2360.0,0.0,0.0,0.0,0.0,3960.0,9160.0,6440.0,200.0,0.0,0.0,0.0,0.0,0.0,240.0,240.0,0.0,520.0,0.0,0.0,0.0,0.0,280.0,120.0,240.0,200.0,0.0,0.0,0.0,0.0,0.0,39080.0,16920.0,0.0,3960.0,0.0,0.0,0.0,0.0,36200.0,116360.0,154840.0,200.0,0.0,0.0,0.0,0.0,0.0
2026-04-03T07:00:00+02:00,8920.0,0.0,0.0,640.0,0.0,0.0,0.0,0.0,0.0,9320.0,2960.0,0.0,0.0,0.0,0.0,0.0,0.0,160.0,0.0,0.0,640.0,0.0,0.0,0.0,0.0,0.0,40.0,160.0,0.0,0.0,0.0,0.0,0.0,0.0,20760.0,0.0,0.0,640.0,0.0,0.0,0.0,0.0,0.0,19960.0,63600.0,0.0,0.0,0.0,0.0,0.0,0.0
2026-04-03T08:00:00+02:00,3070.0,0.0,0.0,1140.0,0.0,0.0,0.0,0.0,4400.0,8600.0,5880.0,0.0,0.0,0.0,0.0,0.0,0.0,280.0,0.0,0.0,1140.0,0.0,0.0,0.0,0.0,160.0,80.0,200.0,0.0,0.0,0.0,0.0,0.0,0.0,8710.0,0.0,0.0,1140.0,0.0,0.0,0.0,0.0,5840.0,35120.0,115440.0,0.0,0.0,0.0,0.0,0.0,0.0
2026-04-03T09:00:00+02:00,2000.0,4440.0,0.0,3920.0,0.0,0.0,0.0,0.0,4120.0,9880.0,8480.0,0.0,0.0,0.0,0.0,0.0,0.0,200.0,4440.0,0.0,40.0,0.0,0.0,0.0,0.0,280.0,120.0,240.0,0.0,0.0,0.0,0.0,0.0,0.0,9400.0,4440.0,0.0,20680.0,0.0,0.0,0.0,0.0,46960.0,64240.0,147320.0,0.0,0.0,0.0,0.0,0.0,0.0
2026-04-03T10:00:00+02:00,8800.0,0.0,0.0,1440.0,0.0,0.0,0.0,0.0,7920.0,9600.0,6880.0,0.0,0.0,0.0,0.0,0.0,0.0,160.0,0.0,0.0,1440.0,0.0,0.0,0.0,0.0,40.0,80.0,240.0,0.0,0.0,0.0,0.0,0.0,0.0,112960.0,0.0,0.0,1440.0,0.0,0.0,0.0,0.0,132460.0,264980.0,150640.0,0.0,0.0,0.0,0.0,0.0,0.0
2026-04-03T11:00:00+02:00,9640.0,4120.0,0.0,1040.0,0.0,0.0,0.0,0.0,8960.0,9800.0,8119.0,2080.0,0.0,0.0,0.0,0.0,0.0,120.0,4120.0,0.0,200.0,0.0,0.0,0.0,0.0,40.0,40.0,160.0,160.0,0.0,0.0,0.0,0.0,0.0,408240.0,4120.0,0.0,1240.0,0.0,0.0,0.0,0.0,359800.0,934920.0,219479.0,2960.0,0.0,0.0,0.0,0.0,0.0
2026-04-03T12:00:00+02:00,8000.0,6960.0,0.0,2120.0,0.0,0.0,0.0,0.0,9320.0,9880.0,9640.0,360.0,0.0,0.0,0.0,0.0,0.0,160.0,120.0,0.0,120.0,0.0,0.0,0.0,0.0,40.0,40.0,120.0,360.0,0.0,0.0,0.0,0.0,0.0,70880.0,19480.0,0.0,3760.0,0.0,0.0,0.0,0.0,708010.0,738380.0,224760.0,360.0,0.0,0.0,0.0,0.0,0.0
2026-04-03T13:00:00+02:00,9800.0,7520.0,0.0,6650.0,0.0,0.0,0.0,0.0,9800.0,9840.0,9400.0,2880.0,0.0,0.0,0.0,0.0,880.0,120.0,320.0,0.0,320.0,0.0,0.0,0.0,0.0,80.0,40.0,160.0,360.0,0.0,0.0,0.0,0.0,240.0,310119.0,31040.0,0.0,12410.0,0.0,0.0,0.0,0.0,347570.0,1641129.0,166840.0,6160.0,0.0,0.0,0.0,0.0,1120.0
2026-04-03T14:00:00+02:00,9360.0,6000.0,0.0,5380.0,0.0,0.0,0.0,0.0,9040.0,9840.0,9720.0,4200.0,760.0,0.0,0.0,0.0,0.0,160.0,320.0,0.0,40.0,0.0,0.0,0.0,0.0,160.0,40.0,160.0,4200.0,760.0,0.0,0.0,0.0,0.0,485279.0,6320.0,0.0,5660.0,0.0,0.0,0.0,0.0,201000.0,1051798.0,156640.0,4200.0,760.0,0.0,0.0,0.0,0.0
2026-04-03T15:00:00+02:00,5320.0,8240.0,0.0,4040.0,0.0,0.0,0.0,0.0,9560.0,9040.0,5440.0,0.0,0.0,0.0,0.0,2640.0,0.0,160.0,600.0,0.0,160.0,0.0,0.0,0.0,0.0,120.0,160.0,200.0,0.0,0.0,0.0,0.0,2640.0,0.0,36280.0,16280.0,0.0,19080.0,0.0,0.0,0.0,0.0,195359.0,252180.0,119360.0,0.0,0.0,0.0,0.0,2640.0,0.0
2026-04-03T16:00:00+02:00,8640.0,1120.0,0.0,6480.0,2000.0,0.0,0.0,0.0,8080.0,9800.0,6160.0,2960.0,0.0,0.0,0.0,0.0,0.0,120.0,240.0,0.0,240.0,2000.0,0.0,0.0,0.0,120.0,40.0,200.0,2960.0,0.0,0.0,0.0,0.0,0.0,133800.0,2040.0,0.0,10040.0,2000.0,0.0,0.0,0.0,148160.0,753040.0,70320.0,2960.0,0.0,0.0,0.0,0.0,0.0
2026-04-03T17:00:00+02:00,9760.0,3240.0,0.0,1300.0,0.0,0.0,0.0,0.0,9240.0,9840.0,7880.0,2160.0,0.0,0.0,0.0,0.0,5640.0,160.0,520.0,0.0,240.0,0.0,0.0,0.0,0.0,120.0,40.0,160.0,240.0,0.0,0.0,0.0,0.0,200.0,174880.0,6720.0,0.0,1980.0,0.0,0.0,0.0,0.0,266090.0,1003958.0,264400.0,2840.0,0.0,0.0,0.0,0.0,12920.0
2026-04-03T18:00:00+02:00,9760.0,1360.0,0.0,8720.0,7840.0,0.0,0.0,0.0,7160.0,9840.0,9680.0,3110.0,0.0,0.0,0.0,0.0,2800.0,120.0,320.0,0.0,280.0,160.0,0.0,0.0,0.0,160.0,40.0,160.0,160.0,0.0,0.0,0.0,0.0,800.0,368718.0,2320.0,0.0,19040.0,27120.0,0.0,0.0,0.0,94920.0,1099577.0,242880.0,6350.0,0.0,0.0,0.0,0.0,6280.0
2026-04-03T19:00:00+02:00,8640.0,0.0,0.0,7360.0,2200.0,0.0,0.0,0.0,9520.0,9720.0,3360.0,9800.0,0.0,0.0,0.0,0.0,0.0,160.0,0.0,0.0,600.0,160.0,0.0,0.0,0.0,160.0,40.0,240.0,560.0,0.0,0.0,0.0,0.0,0.0,71240.0,0.0,0.0,28050.0,15400.0,0.0,0.0,0.0,420800.0,309570.0,11560.0,13400.0,0.0,0.0,0.0,0.0,0.0
2026-04-03T20:00:00+02:00,2520.0,640.0,0.0,5640.0,7920.0,0.0,0.0,7960.0,1400.0,9520.0,0.0,0.0,0.0,0.0,0.0,0.0,0.0,160.0,640.0,0.0,1400.0,320.0,0.0,0.0,7960.0,160.0,80.0,0.0,0.0,0.0,0.0,0.0,0.0,0.0,13520.0,640.0,0.0,14480.0,59680.0,0.0,0.0,7960.0,1560.0,255180.0,0.0,0.0,0.0,0.0,0.0,0.0,0.0
2026-04-03T21:00:00+02:00,6720.0,0.0,0.0,4560.0,0.0,0.0,0.0,0.0,1560.0,9800.0,0.0,0.0,0.0,0.0,0.0,0.0,0.0,40.0,0.0,0.0,320.0,0.0,0.0,0.0,0.0,1560.0,160.0,0.0,0.0,0.0,0.0,0.0,0.0,0.0,23480.0,0.0,0.0,33160.0,0.0,0.0,0.0,0.0,1560.0,210750.0,0.0,0.0,0.0,0.0,0.0,0.0,0.0
2026-04-03T22:00:00+02:00,6080.0,0.0,0.0,2480.0,0.0,0.0,0.0,0.0,0.0,9600.0,1560.0,0.0,0.0,0.0,0.0,0.0,0.0,120.0,0.0,0.0,120.0,0.0,0.0,0.0,0.0,0.0,80.0,1560.0,0.0,0.0,0.0,0.0,0.0,0.0,64760.0,0.0,0.0,27840.0,0.0,0.0,0.0,0.0,0.0,755960.0,1560.0,0.0,0.0,0.0,0.0,0.0,0.0
2026-04-03T23:00:00+02:00,2880.0,3240.0,0.0,1880.0,0.0,0.0,0.0,0.0,2720.0,9760.0,3880.0,0.0,0.0,0.0,0.0,0.0,0.0,160.0,160.0,0.0,160.0,0.0,0.0,0.0,0.0,2720.0,120.0,640.0,0.0,0.0,0.0,0.0,0.0,0.0,41080.0,5520.0,0.0,4080.0,0.0,0.0,0.0,0.0,2720.0,187597.0,27400.0,0.0,0.0,0.0,0.0,0.0,0.0
2026-04-04T00:00:00+02:00,9400.0,5440.0,0.0,2720.0,0.0,0.0,0.0,0.0,0.0,9800.0,3040.0,0.0,0.0,0.0,0.0,0.0,0.0,200.0,320.0,0.0,160.0,0.0,0.0,0.0,0.0,0.0,120.0,280.0,0.0,0.0,0.0,0.0,0.0,0.0,44800.0,8160.0,0.0,10960.0,0.0,0.0,0.0,0.0,0.0,172280.0,9560.0,0.0,0.0,0.0,0.0,0.0,0.0
2026-04-04T01:00:00+02:00,5520.0,0.0,0.0,0.0,0.0,0.0,0.0,0.0,0.0,8960.0,600.0,0.0,0.0,0.0,0.0,0.0,0.0,160.0,0.0,0.0,0.0,0.0,0.0,0.0,0.0,0.0,160.0,200.0,0.0,0.0,0.0,0.0,0.0,0.0,42440.0,0.0,0.0,0.0,0.0,0.0,0.0,0.0,0.0,104160.0,1320.0,0.0,0.0,0.0,0.0,0.0,0.0
2026-04-04T02:00:00+02:00,9040.0,4360.0,0.0,1280.0,0.0,0.0,0.0,0.0,1400.0,9320.0,1720.0,960.0,0.0,0.0,0.0,0.0,0.0,160.0,4360.0,0.0,1280.0,0.0,0.0,0.0,0.0,1400.0,200.0,280.0,960.0,0.0,0.0,0.0,0.0,0.0,94160.0,4360.0,0.0,1280.0,0.0,0.0,0.0,0.0,1400.0,112210.0,2360.0,960.0,0.0,0.0,0.0,0.0,0.0
2026-04-04T03:00:00+02:00,6120.0,0.0,0.0,0.0,0.0,0.0,0.0,0.0,0.0,8520.0,920.0,0.0,0.0,0.0,0.0,0.0,0.0,120.0,0.0,0.0,0.0,0.0,0.0,0.0,0.0,0.0,120.0,200.0,0.0,0.0,0.0,0.0,0.0,0.0,327080.0,0.0,0.0,0.0,0.0,0.0,0.0,0.0,0.0,214240.0,1120.0,0.0,0.0,0.0,0.0,0.0,0.0
2026-04-04T04:00:00+02:00,9800.0,3840.0,0.0,2000.0,0.0,0.0,0.0,0.0,120.0,9040.0,480.0,2040.0,0.0,0.0,0.0,0.0,0.0,120.0,1400.0,0.0,360.0,0.0,0.0,0.0,0.0,120.0,160.0,160.0,240.0,0.0,0.0,0.0,0.0,0.0,1163357.0,5240.0,0.0,2360.0,0.0,0.0,0.0,0.0,120.0,351940.0,640.0,5320.0,0.0,0.0,0.0,0.0,0.0
2026-04-04T05:00:00+02:00,9840.0,3480.0,0.0,0.0,0.0,0.0,0.0,0.0,4000.0,6440.0,0.0,1880.0,0.0,0.0,0.0,640.0,0.0,120.0,2720.0,0.0,0.0,0.0,0.0,0.0,0.0,3280.0,120.0,0.0,1880.0,0.0,0.0,0.0,640.0,0.0,664040.0,6200.0,0.0,0.0,0.0,0.0,0.0,0.0,7280.0,133040.0,0.0,1880.0,0.0,0.0,0.0,640.0,0.0
2026-04-04T06:00:00+02:00,8000.0,8520.0,0.0,0.0,0.0,0.0,0.0,0.0,6000.0,4760.0,4000.0,3920.0,0.0,0.0,0.0,0.0,0.0,160.0,840.0,0.0,0.0,0.0,0.0,0.0,0.0,520.0,40.0,160.0,1600.0,0.0,0.0,0.0,0.0,0.0,99800.0,13680.0,0.0,0.0,0.0,0.0,0.0,0.0,76520.0,26880.0,40960.0,5520.0,0.0,0.0,0.0,0.0,0.0
2026-04-04T07:00:00+02:00,2760.0,0.0,0.0,0.0,4720.0,0.0,0.0,0.0,2000.0,9440.0,9760.0,200.0,0.0,0.0,0.0,0.0,0.0,240.0,0.0,0.0,0.0,200.0,0.0,0.0,0.0,200.0,200.0,240.0,200.0,0.0,0.0,0.0,0.0,0.0,12880.0,0.0,0.0,0.0,10360.0,0.0,0.0,0.0,5120.0,35560.0,66080.0,200.0,0.0,0.0,0.0,0.0,0.0
2026-04-04T08:00:00+02:00,9720.0,5200.0,0.0,0.0,4760.0,0.0,0.0,0.0,3600.0,5720.0,1840.0,0.0,0.0,0.0,0.0,0.0,0.0,120.0,560.0,0.0,0.0,680.0,0.0,0.0,0.0,440.0,120.0,1840.0,0.0,0.0,0.0,0.0,0.0,0.0,203239.0,5760.0,0.0,0.0,84800.0,0.0,0.0,0.0,14680.0,45200.0,1840.0,0.0,0.0,0.0,0.0,0.0,0.0
2026-04-04T09:00:00+02:00,9640.0,3680.0,0.0,5080.0,6680.0,0.0,0.0,0.0,9720.0,9360.0,9320.0,1600.0,0.0,0.0,0.0,0.0,5240.0,120.0,3680.0,0.0,360.0,200.0,0.0,0.0,0.0,160.0,120.0,120.0,240.0,0.0,0.0,0.0,0.0,240.0,717560.0,3680.0,0.0,10360.0,25080.0,0.0,0.0,0.0,313279.0,288060.0,90630.0,1840.0,0.0,0.0,0.0,0.0,12240.0
2026-04-04T10:00:00+02:00,8000.0,0.0,0.0,0.0,0.0,0.0,0.0,0.0,9080.0,9800.0,8200.0,1240.0,0.0,0.0,0.0,0.0,4760.0,120.0,0.0,0.0,0.0,0.0,0.0,0.0,0.0,280.0,40.0,400.0,200.0,0.0,0.0,0.0,0.0,240.0,353080.0,0.0,0.0,0.0,0.0,0.0,0.0,0.0,109680.0,404870.0,90359.0,4280.0,0.0,0.0,0.0,0.0,6640.0
2026-04-04T11:00:00+02:00,9000.0,320.0,0.0,880.0,4000.0,0.0,0.0,5200.0,8360.0,9800.0,9800.0,1440.0,0.0,0.0,0.0,0.0,640.0,120.0,320.0,0.0,240.0,160.0,0.0,0.0,5200.0,120.0,40.0,160.0,80.0,0.0,0.0,0.0,0.0,640.0,123080.0,320.0,0.0,1120.0,10720.0,0.0,0.0,5200.0,239539.0,788549.0,46760.0,3360.0,0.0,0.0,0.0,0.0,640.0
2026-04-04T12:00:00+02:00,9800.0,5520.0,0.0,3680.0,200.0,0.0,0.0,6080.0,9760.0,9790.0,8960.0,3440.0,0.0,0.0,0.0,0.0,6760.0,160.0,360.0,0.0,440.0,200.0,0.0,0.0,320.0,120.0,40.0,160.0,280.0,0.0,0.0,0.0,0.0,440.0,94159.0,11720.0,0.0,8280.0,200.0,0.0,0.0,13240.0,391110.0,1022889.0,116199.0,19760.0,0.0,0.0,0.0,0.0,33760.0
2026-04-04T13:00:00+02:00,9400.0,2240.0,0.0,1260.0,0.0,0.0,0.0,0.0,9810.0,9600.0,9800.0,9080.0,0.0,0.0,0.0,0.0,8720.0,160.0,360.0,0.0,1240.0,0.0,0.0,0.0,0.0,80.0,120.0,200.0,200.0,0.0,0.0,0.0,0.0,160.0,46800.0,12520.0,0.0,2500.0,0.0,0.0,0.0,0.0,435769.0,1047817.0,267360.0,22680.0,0.0,0.0,0.0,0.0,34560.0
2026-04-04T14:00:00+02:00,8600.0,5880.0,0.0,6520.0,7800.0,0.0,0.0,0.0,8920.0,9360.0,8039.0,3640.0,0.0,0.0,0.0,0.0,5800.0,200.0,520.0,0.0,560.0,480.0,0.0,0.0,0.0,200.0,40.0,120.0,1840.0,0.0,0.0,0.0,0.0,280.0,140920.0,20800.0,0.0,19440.0,8280.0,0.0,0.0,0.0,89320.0,474070.0,125159.0,5480.0,0.0,0.0,0.0,0.0,19040.0
2026-04-04T15:00:00+02:00,7200.0,9200.0,0.0,7960.0,2880.0,0.0,0.0,0.0,8560.0,9800.0,9360.0,2000.0,0.0,0.0,0.0,0.0,0.0,120.0,240.0,0.0,80.0,840.0,0.0,0.0,0.0,40.0,40.0,120.0,1400.0,0.0,0.0,0.0,0.0,0.0,225200.0,184580.0,0.0,15640.0,3720.0,0.0,0.0,0.0,314670.0,1335276.0,157680.0,3400.0,0.0,0.0,0.0,0.0,0.0
2026-04-04T16:00:00+02:00,7760.0,5680.0,0.0,1080.0,0.0,0.0,0.0,0.0,4000.0,9600.0,9360.0,0.0,0.0,0.0,0.0,0.0,0.0,160.0,240.0,0.0,400.0,0.0,0.0,0.0,0.0,200.0,80.0,240.0,0.0,0.0,0.0,0.0,0.0,0.0,173200.0,83920.0,0.0,1920.0,0.0,0.0,0.0,0.0,48500.0,713250.0,113280.0,0.0,0.0,0.0,0.0,0.0,0.0
2026-04-04T17:00:00+02:00,6560.0,1760.0,0.0,2040.0,4000.0,0.0,0.0,1600.0,8000.0,9760.0,9600.0,320.0,0.0,0.0,0.0,0.0,0.0,200.0,640.0,0.0,80.0,160.0,0.0,0.0,1320.0,160.0,120.0,160.0,320.0,0.0,0.0,0.0,0.0,0.0,125160.0,2400.0,0.0,3520.0,31440.0,0.0,0.0,2920.0,144750.0,322960.0,137600.0,320.0,0.0,0.0,0.0,0.0,0.0
2026-04-04T18:00:00+02:00,9760.0,2680.0,0.0,960.0,4000.0,0.0,0.0,0.0,8000.0,9720.0,1600.0,0.0,0.0,0.0,0.0,0.0,0.0,200.0,600.0,0.0,600.0,320.0,0.0,0.0,0.0,320.0,120.0,360.0,0.0,0.0,0.0,0.0,0.0,0.0,307478.0,7000.0,0.0,2480.0,4800.0,0.0,0.0,0.0,80080.0,218360.0,1960.0,0.0,0.0,0.0,0.0,0.0,0.0
2026-04-04T19:00:00+02:00,8480.0,2320.0,0.0,400.0,3600.0,0.0,0.0,0.0,2520.0,9720.0,2840.0,5440.0,0.0,0.0,0.0,0.0,0.0,120.0,2320.0,0.0,400.0,120.0,0.0,0.0,0.0,280.0,40.0,200.0,640.0,0.0,0.0,0.0,0.0,0.0,158400.0,2320.0,0.0,400.0,9160.0,0.0,0.0,0.0,3560.0,314789.0,17640.0,6080.0,0.0,0.0,0.0,0.0,0.0
2026-04-04T20:00:00+02:00,8800.0,0.0,0.0,1640.0,3280.0,0.0,0.0,0.0,4560.0,9800.0,9040.0,6040.0,0.0,0.0,0.0,0.0,3240.0,120.0,0.0,0.0,480.0,200.0,0.0,0.0,0.0,120.0,40.0,600.0,240.0,0.0,0.0,0.0,0.0,2000.0,135838.0,0.0,0.0,4240.0,11920.0,0.0,0.0,0.0,17200.0,944640.0,23200.0,21640.0,0.0,0.0,0.0,0.0,7960.0
2026-04-04T21:00:00+02:00,1600.0,3320.0,0.0,0.0,0.0,0.0,0.0,0.0,0.0,9680.0,0.0,4680.0,0.0,0.0,0.0,0.0,0.0,160.0,360.0,0.0,0.0,0.0,0.0,0.0,0.0,0.0,40.0,0.0,200.0,0.0,0.0,0.0,0.0,0.0,3640.0,4840.0,0.0,0.0,0.0,0.0,0.0,0.0,0.0,622640.0,0.0,7560.0,0.0,0.0,0.0,0.0,0.0
2026-04-04T22:00:00+02:00,8640.0,1080.0,0.0,0.0,0.0,0.0,0.0,7480.0,0.0,9320.0,7720.0,920.0,0.0,0.0,0.0,0.0,7040.0,160.0,640.0,0.0,0.0,0.0,0.0,0.0,7480.0,0.0,160.0,640.0,480.0,0.0,0.0,0.0,0.0,7040.0,36920.0,1720.0,0.0,0.0,0.0,0.0,0.0,7480.0,0.0,209280.0,8360.0,1400.0,0.0,0.0,0.0,0.0,7040.0
2026-04-04T23:00:00+02:00,7960.0,3000.0,0.0,0.0,0.0,0.0,0.0,0.0,3560.0,9400.0,1240.0,5800.0,0.0,0.0,0.0,0.0,9600.0,200.0,200.0,0.0,0.0,0.0,0.0,0.0,0.0,840.0,40.0,280.0,160.0,0.0,0.0,0.0,0.0,160.0,12440.0,3200.0,0.0,0.0,0.0,0.0,0.0,0.0,19080.0,451750.0,1520.0,82920.0,0.0,0.0,0.0,0.0,29120.0
2026-04-05T00:00:00+02:00,2000.0,9080.0,0.0,0.0,0.0,0.0,0.0,0.0,0.0,8080.0,1480.0,6400.0,0.0,0.0,0.0,0.0,0.0,120.0,160.0,0.0,0.0,0.0,0.0,0.0,0.0,0.0,160.0,1480.0,240.0,0.0,0.0,0.0,0.0,0.0,23920.0,60760.0,0.0,0.0,0.0,0.0,0.0,0.0,0.0,342957.0,1480.0,97560.0,0.0,0.0,0.0,0.0,0.0
2026-04-05T01:00:00+02:00,6880.0,4240.0,0.0,1160.0,0.0,0.0,0.0,0.0,0.0,9520.0,1960.0,6040.0,0.0,0.0,0.0,0.0,0.0,120.0,4240.0,0.0,1160.0,0.0,0.0,0.0,0.0,0.0,440.0,240.0,160.0,0.0,0.0,0.0,0.0,0.0,89480.0,4240.0,0.0,1160.0,0.0,0.0,0.0,0.0,0.0,208759.0,6880.0,90080.0,0.0,0.0,0.0,0.0,0.0
2026-04-05T02:00:00+02:00,6640.0,4680.0,0.0,0.0,0.0,0.0,0.0,0.0,7160.0,9720.0,7240.0,6040.0,0.0,0.0,0.0,0.0,0.0,120.0,560.0,0.0,0.0,0.0,0.0,0.0,0.0,720.0,40.0,1080.0,160.0,0.0,0.0,0.0,0.0,0.0,99400.0,5240.0,0.0,0.0,0.0,0.0,0.0,0.0,22760.0,1050158.0,43440.0,125960.0,0.0,0.0,0.0,0.0,0.0
2026-04-05T03:00:00+02:00,3960.0,4640.0,0.0,0.0,0.0,0.0,0.0,0.0,2120.0,9720.0,9080.0,8000.0,0.0,0.0,0.0,0.0,8640.0,160.0,280.0,0.0,0.0,0.0,0.0,0.0,0.0,200.0,80.0,200.0,120.0,0.0,0.0,0.0,0.0,1280.0,103560.0,5840.0,0.0,0.0,0.0,0.0,0.0,0.0,2600.0,904198.0,56120.0,250080.0,0.0,0.0,0.0,0.0,11800.0
2026-04-05T04:00:00+02:00,3600.0,0.0,0.0,0.0,0.0,0.0,0.0,0.0,6360.0,9640.0,9640.0,7880.0,0.0,0.0,0.0,0.0,0.0,160.0,0.0,0.0,0.0,0.0,0.0,0.0,0.0,4880.0,160.0,160.0,160.0,0.0,0.0,0.0,0.0,0.0,41200.0,0.0,0.0,0.0,0.0,0.0,0.0,0.0,11240.0,560740.0,22440.0,266240.0,0.0,0.0,0.0,0.0,0.0
2026-04-05T05:00:00+02:00,4960.0,0.0,0.0,0.0,200.0,0.0,0.0,0.0,0.0,9480.0,7400.0,8600.0,0.0,0.0,0.0,0.0,0.0,160.0,0.0,0.0,0.0,200.0,0.0,0.0,0.0,0.0,80.0,160.0,160.0,0.0,0.0,0.0,0.0,0.0,21800.0,0.0,0.0,0.0,400.0,0.0,0.0,0.0,0.0,157399.0,30280.0,379280.0,0.0,0.0,0.0,0.0,0.0
2026-04-05T06:00:00+02:00,8039.0,6880.0,0.0,2040.0,0.0,0.0,0.0,0.0,0.0,9200.0,0.0,1840.0,0.0,0.0,0.0,0.0,0.0,200.0,240.0,0.0,2040.0,0.0,0.0,0.0,0.0,0.0,160.0,0.0,1840.0,0.0,0.0,0.0,0.0,0.0,94679.0,47200.0,0.0,2040.0,0.0,0.0,0.0,0.0,0.0,31080.0,0.0,1840.0,0.0,0.0,0.0,0.0,0.0
2026-04-05T07:00:00+02:00,7280.0,0.0,0.0,2000.0,9160.0,0.0,0.0,0.0,2200.0,7600.0,0.0,0.0,0.0,0.0,0.0,0.0,0.0,120.0,0.0,0.0,2000.0,120.0,0.0,0.0,0.0,320.0,120.0,0.0,0.0,0.0,0.0,0.0,0.0,0.0,15160.0,0.0,0.0,2000.0,152040.0,0.0,0.0,0.0,24840.0,34960.0,0.0,0.0,0.0,0.0,0.0,0.0,0.0
2026-04-05T08:00:00+02:00,0.0,0.0,0.0,360.0,5800.0,0.0,0.0,0.0,1320.0,3920.0,0.0,0.0,0.0,0.0,0.0,0.0,0.0,0.0,0.0,0.0,360.0,200.0,0.0,0.0,0.0,1320.0,120.0,0.0,0.0,0.0,0.0,0.0,0.0,0.0,0.0,0.0,0.0,360.0,54880.0,0.0,0.0,0.0,1320.0,25800.0,0.0,0.0,0.0,0.0,0.0,0.0,0.0
2026-04-05T09:00:00+02:00,8000.0,5760.0,0.0,4600.0,9320.0,0.0,0.0,1800.0,9480.0,8560.0,6400.0,1440.0,0.0,0.0,0.0,0.0,0.0,160.0,280.0,0.0,200.0,160.0,0.0,0.0,1800.0,200.0,80.0,160.0,160.0,0.0,0.0,0.0,0.0,0.0,99440.0,74960.0,0.0,7440.0,181720.0,0.0,0.0,1800.0,45520.0,199580.0,88040.0,4480.0,0.0,0.0,0.0,0.0,0.0
2026-04-05T10:00:00+02:00,9240.0,4840.0,0.0,4600.0,5960.0,0.0,0.0,0.0,8240.0,7400.0,5600.0,880.0,0.0,0.0,0.0,0.0,0.0,160.0,240.0,0.0,160.0,160.0,0.0,0.0,0.0,240.0,200.0,680.0,600.0,0.0,0.0,0.0,0.0,0.0,234918.0,6800.0,0.0,22600.0,32680.0,0.0,0.0,0.0,44800.0,74470.0,12520.0,2200.0,0.0,0.0,0.0,0.0,0.0
2026-04-05T11:00:00+02:00,7880.0,1480.0,0.0,2960.0,3800.0,0.0,0.0,240.0,9720.0,9320.0,8000.0,0.0,0.0,0.0,0.0,0.0,2000.0,120.0,480.0,0.0,1720.0,480.0,0.0,0.0,240.0,200.0,160.0,320.0,0.0,0.0,0.0,0.0,0.0,1040.0,163080.0,6000.0,0.0,4680.0,6280.0,0.0,0.0,240.0,151720.0,231280.0,102600.0,0.0,0.0,0.0,0.0,0.0,3040.0
2026-04-05T12:00:00+02:00,8840.0,1640.0,0.0,8060.0,920.0,0.0,0.0,0.0,8000.0,9520.0,7240.0,7640.0,0.0,0.0,0.0,0.0,0.0,120.0,160.0,0.0,360.0,680.0,0.0,0.0,0.0,160.0,160.0,160.0,7640.0,0.0,0.0,0.0,0.0,0.0,127200.0,5640.0,0.0,20920.0,1600.0,0.0,0.0,0.0,119800.0,183739.0,35760.0,7640.0,0.0,0.0,0.0,0.0,0.0
2026-04-05T13:00:00+02:00,9680.0,9640.0,0.0,9200.0,7160.0,0.0,0.0,0.0,7840.0,9680.0,9160.0,4920.0,0.0,0.0,0.0,1120.0,7800.0,120.0,200.0,0.0,160.0,440.0,0.0,0.0,0.0,120.0,40.0,120.0,200.0,0.0,0.0,0.0,1120.0,240.0,421919.0,87280.0,0.0,66550.0,16280.0,0.0,0.0,0.0,114960.0,797599.0,335438.0,8800.0,0.0,0.0,0.0,1120.0,16040.0
2026-04-05T14:00:00+02:00,9600.0,5440.0,0.0,240.0,0.0,0.0,0.0,0.0,2400.0,9720.0,9600.0,6720.0,0.0,0.0,0.0,0.0,1880.0,160.0,80.0,0.0,240.0,0.0,0.0,0.0,0.0,200.0,40.0,160.0,320.0,0.0,0.0,0.0,0.0,1720.0,372999.0,35320.0,0.0,240.0,0.0,0.0,0.0,0.0,4280.0,826257.0,70640.0,59640.0,0.0,0.0,0.0,0.0,3600.0
2026-04-05T15:00:00+02:00,9040.0,3280.0,0.0,1960.0,0.0,0.0,0.0,0.0,3640.0,9520.0,6080.0,1840.0,0.0,0.0,0.0,0.0,1560.0,160.0,160.0,0.0,1960.0,0.0,0.0,0.0,0.0,3640.0,80.0,160.0,120.0,0.0,0.0,0.0,0.0,1560.0,264440.0,23080.0,0.0,1960.0,0.0,0.0,0.0,0.0,3640.0,538000.0,12480.0,4480.0,0.0,0.0,0.0,0.0,1560.0
2026-04-05T16:00:00+02:00,9680.0,9080.0,0.0,2000.0,0.0,0.0,0.0,0.0,2600.0,9640.0,7720.0,2040.0,0.0,0.0,0.0,0.0,0.0,120.0,120.0,0.0,1800.0,0.0,0.0,0.0,0.0,40.0,120.0,240.0,200.0,0.0,0.0,0.0,0.0,0.0,450320.0,60600.0,0.0,3800.0,0.0,0.0,0.0,0.0,4960.0,382920.0,47120.0,3320.0,0.0,0.0,0.0,0.0,0.0
2026-04-05T17:00:00+02:00,9000.0,4000.0,0.0,3150.0,7920.0,0.0,0.0,0.0,3400.0,9720.0,2160.0,7120.0,0.0,0.0,0.0,0.0,680.0,120.0,320.0,0.0,560.0,240.0,0.0,0.0,0.0,200.0,40.0,240.0,200.0,0.0,0.0,0.0,0.0,680.0,250920.0,33720.0,0.0,3710.0,47800.0,0.0,0.0,0.0,16680.0,212800.0,6760.0,35920.0,0.0,0.0,0.0,0.0,680.0
2026-04-05T18:00:00+02:00,9480.0,7800.0,0.0,520.0,7960.0,0.0,0.0,0.0,8680.0,9640.0,7320.0,8160.0,0.0,0.0,0.0,0.0,0.0,120.0,280.0,0.0,40.0,120.0,0.0,0.0,0.0,280.0,120.0,160.0,160.0,0.0,0.0,0.0,0.0,0.0,653640.0,67000.0,0.0,840.0,147360.0,0.0,0.0,0.0,12240.0,557679.0,71080.0,41599.0,0.0,0.0,0.0,0.0,0.0
2026-04-05T19:00:00+02:00,9360.0,7840.0,0.0,9560.0,1800.0,0.0,0.0,0.0,0.0,9480.0,5800.0,4000.0,0.0,0.0,0.0,0.0,0.0,160.0,160.0,0.0,280.0,600.0,0.0,0.0,0.0,0.0,40.0,160.0,760.0,0.0,0.0,0.0,0.0,0.0,848280.0,175520.0,0.0,9840.0,5720.0,0.0,0.0,0.0,0.0,441619.0,86320.0,11400.0,0.0,0.0,0.0,0.0,0.0
2026-04-05T20:00:00+02:00,9480.0,4920.0,0.0,200.0,2960.0,0.0,0.0,0.0,0.0,9520.0,8880.0,0.0,0.0,0.0,0.0,0.0,0.0,160.0,280.0,0.0,80.0,200.0,0.0,0.0,0.0,0.0,40.0,200.0,0.0,0.0,0.0,0.0,0.0,0.0,368640.0,58440.0,0.0,280.0,16800.0,0.0,0.0,0.0,0.0,240279.0,70200.0,0.0,0.0,0.0,0.0,0.0,0.0
2026-04-05T21:00:00+02:00,4040.0,3640.0,0.0,0.0,0.0,0.0,0.0,0.0,0.0,9640.0,1960.0,1240.0,0.0,0.0,0.0,0.0,0.0,40.0,1040.0,0.0,0.0,0.0,0.0,0.0,0.0,0.0,120.0,1240.0,1240.0,0.0,0.0,0.0,0.0,0.0,29960.0,8280.0,0.0,0.0,0.0,0.0,0.0,0.0,0.0,233800.0,3200.0,1240.0,0.0,0.0,0.0,0.0,0.0
2026-04-05T22:00:00+02:00,8840.0,6040.0,0.0,0.0,0.0,0.0,0.0,0.0,5920.0,9040.0,5960.0,0.0,0.0,0.0,0.0,0.0,0.0,160.0,1120.0,0.0,0.0,0.0,0.0,0.0,0.0,200.0,120.0,560.0,0.0,0.0,0.0,0.0,0.0,0.0,89120.0,11360.0,0.0,0.0,0.0,0.0,0.0,0.0,41320.0,157480.0,37520.0,0.0,0.0,0.0,0.0,0.0,0.0
2026-04-05T23:00:00+02:00,7840.0,2000.0,0.0,0.0,0.0,0.0,0.0,0.0,4360.0,7320.0,7960.0,520.0,0.0,0.0,0.0,0.0,0.0,80.0,2000.0,0.0,0.0,0.0,0.0,0.0,0.0,4360.0,120.0,520.0,520.0,0.0,0.0,0.0,0.0,0.0,150160.0,2000.0,0.0,0.0,0.0,0.0,0.0,0.0,4360.0,108560.0,13560.0,520.0,0.0,0.0,0.0,0.0,0.0
2026-04-06T00:00:00+02:00,8920.0,1960.0,0.0,520.0,0.0,0.0,0.0,0.0,0.0,9000.0,1880.0,0.0,0.0,0.0,0.0,0.0,0.0,40.0,360.0,0.0,520.0,0.0,0.0,0.0,0.0,0.0,40.0,1880.0,0.0,0.0,0.0,0.0,0.0,0.0,377260.0,2320.0,0.0,520.0,0.0,0.0,0.0,0.0,0.0,165640.0,1880.0,0.0,0.0,0.0,0.0,0.0,0.0
2026-04-06T01:00:00+02:00,7400.0,6000.0,0.0,0.0,0.0,0.0,0.0,0.0,0.0,9440.0,0.0,0.0,0.0,0.0,0.0,0.0,0.0,40.0,120.0,0.0,0.0,0.0,0.0,0.0,0.0,0.0,120.0,0.0,0.0,0.0,0.0,0.0,0.0,0.0,408360.0,29320.0,0.0,0.0,0.0,0.0,0.0,0.0,0.0,171120.0,0.0,0.0,0.0,0.0,0.0,0.0,0.0
2026-04-06T02:00:00+02:00,6960.0,0.0,0.0,0.0,0.0,0.0,0.0,0.0,760.0,8960.0,0.0,3000.0,0.0,0.0,0.0,0.0,0.0,160.0,0.0,0.0,0.0,0.0,0.0,0.0,0.0,200.0,160.0,0.0,200.0,0.0,0.0,0.0,0.0,0.0,224600.0,0.0,0.0,0.0,0.0,0.0,0.0,0.0,1560.0,189800.0,0.0,3200.0,0.0,0.0,0.0,0.0,0.0
2026-04-06T03:00:00+02:00,9680.0,3800.0,0.0,1320.0,0.0,0.0,0.0,0.0,0.0,8960.0,0.0,720.0,0.0,0.0,0.0,0.0,0.0,40.0,3800.0,0.0,160.0,0.0,0.0,0.0,0.0,0.0,40.0,0.0,720.0,0.0,0.0,0.0,0.0,0.0,686809.0,3800.0,0.0,1480.0,0.0,0.0,0.0,0.0,0.0,165120.0,0.0,720.0,0.0,0.0,0.0,0.0,0.0
2026-04-06T04:00:00+02:00,4040.0,0.0,0.0,2000.0,0.0,0.0,0.0,0.0,0.0,3880.0,0.0,0.0,0.0,0.0,0.0,0.0,0.0,160.0,0.0,0.0,40.0,0.0,0.0,0.0,0.0,0.0,120.0,0.0,0.0,0.0,0.0,0.0,0.0,0.0,79760.0,0.0,0.0,6040.0,0.0,0.0,0.0,0.0,0.0,55480.0,0.0,0.0,0.0,0.0,0.0,0.0,0.0
2026-04-06T05:00:00+02:00,9720.0,1600.0,0.0,4040.0,0.0,0.0,0.0,0.0,0.0,9320.0,0.0,0.0,0.0,0.0,0.0,160.0,0.0,120.0,1600.0,0.0,80.0,0.0,0.0,0.0,0.0,0.0,200.0,0.0,0.0,0.0,0.0,0.0,160.0,0.0,800300.0,1600.0,0.0,18880.0,0.0,0.0,0.0,0.0,0.0,84640.0,0.0,0.0,0.0,0.0,0.0,160.0,0.0
2026-04-06T06:00:00+02:00,9480.0,0.0,0.0,0.0,8039.0,0.0,0.0,0.0,0.0,6720.0,0.0,0.0,0.0,0.0,0.0,0.0,0.0,120.0,0.0,0.0,0.0,640.0,0.0,0.0,0.0,0.0,520.0,0.0,0.0,0.0,0.0,0.0,0.0,0.0,1158400.0,0.0,0.0,0.0,128999.0,0.0,0.0,0.0,0.0,19040.0,0.0,0.0,0.0,0.0,0.0,0.0,0.0
2026-04-06T07:00:00+02:00,9720.0,0.0,0.0,160.0,9480.0,0.0,0.0,0.0,0.0,7920.0,4000.0,0.0,0.0,0.0,0.0,0.0,0.0,160.0,0.0,0.0,160.0,160.0,0.0,0.0,0.0,0.0,240.0,240.0,0.0,0.0,0.0,0.0,0.0,0.0,889960.0,0.0,0.0,160.0,387560.0,0.0,0.0,0.0,0.0,80960.0,4240.0,0.0,0.0,0.0,0.0,0.0,0.0
2026-04-06T08:00:00+02:00,9360.0,200.0,0.0,600.0,8000.0,0.0,0.0,0.0,3360.0,8119.0,0.0,0.0,0.0,0.0,0.0,0.0,0.0,160.0,200.0,0.0,600.0,320.0,0.0,0.0,0.0,3360.0,80.0,0.0,0.0,0.0,0.0,0.0,0.0,0.0,834400.0,200.0,0.0,600.0,218760.0,0.0,0.0,0.0,3360.0,64759.0,0.0,0.0,0.0,0.0,0.0,0.0,0.0
2026-04-06T09:00:00+02:00,8360.0,0.0,0.0,8920.0,6240.0,0.0,0.0,1040.0,9040.0,8880.0,4560.0,0.0,0.0,0.0,0.0,0.0,0.0,200.0,0.0,0.0,200.0,160.0,0.0,0.0,1040.0,200.0,40.0,160.0,0.0,0.0,0.0,0.0,0.0,0.0,127039.0,0.0,0.0,85960.0,123760.0,0.0,0.0,1040.0,394078.0,77040.0,10560.0,0.0,0.0,0.0,0.0,0.0,0.0
2026-04-06T10:00:00+02:00,5440.0,2640.0,0.0,6000.0,7880.0,0.0,0.0,1720.0,8240.0,9440.0,6640.0,1240.0,0.0,0.0,0.0,0.0,0.0,40.0,960.0,0.0,360.0,240.0,0.0,0.0,720.0,200.0,40.0,1400.0,1240.0,0.0,0.0,0.0,0.0,0.0,27360.0,3600.0,0.0,100800.0,105520.0,0.0,0.0,2440.0,229440.0,110779.0,12480.0,1240.0,0.0,0.0,0.0,0.0,0.0
2026-04-06T11:00:00+02:00,6000.0,3600.0,0.0,9540.0,7800.0,0.0,0.0,0.0,9400.0,9440.0,7520.0,0.0,0.0,0.0,0.0,0.0,6280.0,200.0,3600.0,0.0,240.0,120.0,0.0,0.0,0.0,200.0,40.0,160.0,0.0,0.0,0.0,0.0,0.0,80.0,48360.0,3600.0,0.0,234820.0,111240.0,0.0,0.0,0.0,404479.0,228479.0,21480.0,0.0,0.0,0.0,0.0,0.0,9320.0
2026-04-06T12:00:00+02:00,6000.0,2000.0,0.0,8000.0,3440.0,0.0,0.0,0.0,9320.0,9560.0,8000.0,640.0,0.0,0.0,0.0,0.0,0.0,160.0,1480.0,0.0,40.0,280.0,0.0,0.0,0.0,160.0,80.0,160.0,640.0,0.0,0.0,0.0,0.0,0.0,81520.0,3480.0,0.0,86880.0,16680.0,0.0,0.0,0.0,777480.0,303600.0,43840.0,640.0,0.0,0.0,0.0,0.0,0.0
2026-04-06T13:00:00+02:00,7320.0,3120.0,0.0,9360.0,8000.0,0.0,0.0,0.0,9640.0,9600.0,8000.0,2400.0,0.0,0.0,0.0,0.0,3600.0,160.0,400.0,0.0,40.0,200.0,0.0,0.0,0.0,160.0,80.0,160.0,360.0,0.0,0.0,0.0,0.0,400.0,87440.0,7200.0,0.0,194560.0,47600.0,0.0,0.0,0.0,816600.0,520628.0,78760.0,6960.0,0.0,0.0,0.0,0.0,6320.0
2026-04-06T14:00:00+02:00,7680.0,6320.0,0.0,6560.0,4280.0,0.0,0.0,0.0,7960.0,9600.0,9160.0,0.0,0.0,0.0,0.0,0.0,0.0,120.0,200.0,0.0,120.0,160.0,0.0,0.0,0.0,80.0,40.0,200.0,0.0,0.0,0.0,0.0,0.0,0.0,184120.0,46560.0,0.0,62080.0,5080.0,0.0,0.0,0.0,164160.0,342250.0,78320.0,0.0,0.0,0.0,0.0,0.0,0.0
2026-04-06T15:00:00+02:00,8000.0,8360.0,0.0,4160.0,7560.0,0.0,0.0,0.0,8200.0,9490.0,9680.0,1200.0,0.0,0.0,0.0,0.0,0.0,280.0,120.0,0.0,760.0,120.0,0.0,0.0,0.0,160.0,120.0,160.0,200.0,0.0,0.0,0.0,0.0,0.0,201120.0,102879.0,0.0,13960.0,55960.0,0.0,0.0,0.0,134980.0,255990.0,58000.0,2040.0,0.0,0.0,0.0,0.0,0.0
2026-04-06T16:00:00+02:00,8200.0,6000.0,0.0,6120.0,9160.0,0.0,0.0,0.0,8440.0,9640.0,8320.0,7920.0,0.0,0.0,0.0,0.0,3680.0,120.0,240.0,0.0,240.0,240.0,0.0,0.0,0.0,440.0,40.0,160.0,200.0,0.0,0.0,0.0,0.0,560.0,188399.0,61280.0,0.0,37870.0,112600.0,0.0,0.0,0.0,80320.0,271519.0,98360.0,11400.0,0.0,0.0,0.0,0.0,4240.0
2026-04-06T17:00:00+02:00,8880.0,4560.0,0.0,8000.0,8720.0,0.0,0.0,0.0,9440.0,9680.0,4320.0,3640.0,0.0,0.0,0.0,0.0,0.0,200.0,160.0,0.0,320.0,160.0,0.0,0.0,0.0,120.0,80.0,600.0,720.0,0.0,0.0,0.0,0.0,0.0,299400.0,12640.0,0.0,125220.0,369840.0,0.0,0.0,0.0,118680.0,828829.0,24000.0,4360.0,0.0,0.0,0.0,0.0,0.0
2026-04-06T18:00:00+02:00,8400.0,4000.0,0.0,7840.0,9640.0,0.0,0.0,0.0,9600.0,9640.0,5960.0,2040.0,0.0,0.0,0.0,0.0,6000.0,80.0,120.0,0.0,280.0,160.0,0.0,0.0,0.0,40.0,40.0,160.0,2040.0,0.0,0.0,0.0,0.0,6000.0,476399.0,4880.0,0.0,21680.0,597360.0,0.0,0.0,0.0,310299.0,335130.0,19240.0,2040.0,0.0,0.0,0.0,0.0,6000.0
2026-04-06T19:00:00+02:00,9680.0,7840.0,0.0,1000.0,8039.0,0.0,0.0,0.0,8600.0,9640.0,6000.0,0.0,0.0,0.0,0.0,0.0,0.0,160.0,200.0,0.0,80.0,200.0,0.0,0.0,0.0,240.0,120.0,200.0,0.0,0.0,0.0,0.0,0.0,0.0,642719.0,169520.0,0.0,2480.0,453679.0,0.0,0.0,0.0,129760.0,192520.0,46080.0,0.0,0.0,0.0,0.0,0.0,0.0
2026-04-06T20:00:00+02:00,9680.0,4040.0,0.0,1280.0,7920.0,0.0,0.0,0.0,6240.0,9480.0,5560.0,0.0,0.0,0.0,0.0,0.0,0.0,160.0,160.0,0.0,1120.0,240.0,0.0,0.0,0.0,200.0,40.0,240.0,0.0,0.0,0.0,0.0,0.0,0.0,291480.0,39920.0,0.0,3640.0,105840.0,0.0,0.0,0.0,50520.0,164730.0,13160.0,0.0,0.0,0.0,0.0,0.0,0.0
2026-04-06T21:00:00+02:00,8039.0,4000.0,0.0,5640.0,0.0,0.0,0.0,0.0,0.0,8240.0,5040.0,0.0,0.0,0.0,0.0,0.0,0.0,200.0,120.0,0.0,5640.0,0.0,0.0,0.0,0.0,0.0,120.0,320.0,0.0,0.0,0.0,0.0,0.0,0.0,230958.0,14160.0,0.0,5640.0,0.0,0.0,0.0,0.0,0.0,60040.0,19400.0,0.0,0.0,0.0,0.0,0.0,0.0
2026-04-06T22:00:00+02:00,9400.0,4000.0,0.0,1160.0,0.0,0.0,0.0,0.0,0.0,9520.0,7160.0,0.0,0.0,0.0,0.0,0.0,0.0,40.0,560.0,0.0,1160.0,0.0,0.0,0.0,0.0,0.0,160.0,120.0,0.0,0.0,0.0,0.0,0.0,0.0,866919.0,13280.0,0.0,1160.0,0.0,0.0,0.0,0.0,0.0,296680.0,36520.0,0.0,0.0,0.0,0.0,0.0,0.0
2026-04-06T23:00:00+02:00,9680.0,5280.0,0.0,0.0,0.0,0.0,0.0,0.0,0.0,9360.0,2680.0,0.0,0.0,0.0,0.0,0.0,0.0,40.0,2000.0,0.0,0.0,0.0,0.0,0.0,0.0,0.0,160.0,880.0,0.0,0.0,0.0,0.0,0.0,0.0,1201477.0,7280.0,0.0,0.0,0.0,0.0,0.0,0.0,0.0,197520.0,8240.0,0.0,0.0,0.0,0.0,0.0,0.0
2026-04-07T00:00:00+02:00,8600.0,4000.0,0.0,0.0,0.0,0.0,0.0,0.0,0.0,6700.0,0.0,0.0,0.0,0.0,0.0,0.0,0.0,160.0,240.0,0.0,0.0,0.0,0.0,0.0,0.0,0.0,120.0,0.0,0.0,0.0,0.0,0.0,0.0,0.0,420120.0,11040.0,0.0,0.0,0.0,0.0,0.0,0.0,0.0,258780.0,0.0,0.0,0.0,0.0,0.0,0.0,0.0
2026-04-07T01:00:00+02:00,9640.0,2320.0,0.0,0.0,0.0,0.0,0.0,0.0,640.0,6000.0,2320.0,720.0,0.0,0.0,0.0,0.0,0.0,40.0,2040.0,0.0,0.0,0.0,0.0,0.0,0.0,640.0,160.0,1640.0,160.0,0.0,0.0,0.0,0.0,0.0,862619.0,4360.0,0.0,0.0,0.0,0.0,0.0,0.0,640.0,174360.0,6200.0,880.0,0.0,0.0,0.0,0.0,0.0
2026-04-07T02:00:00+02:00,9640.0,0.0,0.0,1800.0,1000.0,0.0,0.0,0.0,0.0,9440.0,4000.0,1640.0,0.0,0.0,0.0,0.0,0.0,120.0,0.0,0.0,120.0,1000.0,0.0,0.0,0.0,0.0,120.0,4000.0,1640.0,0.0,0.0,0.0,0.0,0.0,476839.0,0.0,0.0,12880.0,1000.0,0.0,0.0,0.0,0.0,174320.0,4000.0,1640.0,0.0,0.0,0.0,0.0,0.0
2026-04-07T03:00:00+02:00,9280.0,0.0,0.0,4480.0,2000.0,0.0,0.0,0.0,0.0,9600.0,0.0,1880.0,0.0,0.0,0.0,0.0,0.0,240.0,0.0,0.0,120.0,280.0,0.0,0.0,0.0,0.0,200.0,0.0,1440.0,0.0,0.0,0.0,0.0,0.0,238800.0,0.0,0.0,45080.0,9240.0,0.0,0.0,0.0,0.0,190920.0,0.0,3320.0,0.0,0.0,0.0,0.0,0.0
2026-04-07T04:00:00+02:00,9480.0,0.0,0.0,5200.0,2040.0,0.0,0.0,0.0,0.0,9640.0,0.0,2000.0,0.0,0.0,0.0,0.0,0.0,80.0,0.0,0.0,120.0,160.0,0.0,0.0,0.0,0.0,40.0,0.0,360.0,0.0,0.0,0.0,0.0,0.0,1477477.0,0.0,0.0,47000.0,14600.0,0.0,0.0,0.0,0.0,723319.0,0.0,5640.0,0.0,0.0,0.0,0.0,0.0
2026-04-07T05:00:00+02:00,9280.0,0.0,0.0,3380.0,0.0,0.0,0.0,0.0,0.0,8000.0,0.0,0.0,0.0,0.0,0.0,0.0,0.0,160.0,0.0,0.0,120.0,0.0,0.0,0.0,0.0,0.0,40.0,0.0,0.0,0.0,0.0,0.0,0.0,0.0,1168960.0,0.0,0.0,5620.0,0.0,0.0,0.0,0.0,0.0,529720.0,0.0,0.0,0.0,0.0,0.0,0.0,0.0
2026-04-07T06:00:00+02:00,8000.0,1840.0,0.0,1120.0,8000.0,0.0,0.0,0.0,9640.0,9480.0,6000.0,0.0,0.0,0.0,0.0,0.0,0.0,280.0,1480.0,0.0,120.0,480.0,0.0,0.0,0.0,160.0,400.0,360.0,0.0,0.0,0.0,0.0,0.0,0.0,92800.0,6360.0,0.0,1240.0,219080.0,0.0,0.0,0.0,197600.0,23880.0,11920.0,0.0,0.0,0.0,0.0,0.0,0.0
2026-04-07T07:00:00+02:00,8000.0,9320.0,0.0,2120.0,8039.0,0.0,0.0,0.0,9200.0,9080.0,9280.0,0.0,0.0,0.0,0.0,0.0,0.0,160.0,240.0,0.0,640.0,160.0,0.0,0.0,0.0,880.0,40.0,160.0,0.0,0.0,0.0,0.0,0.0,0.0,120680.0,102440.0,0.0,5480.0,76559.0,0.0,0.0,0.0,90360.0,205480.0,101640.0,0.0,0.0,0.0,0.0,0.0,0.0
2026-04-07T08:00:00+02:00,7840.0,4160.0,0.0,2320.0,8600.0,0.0,0.0,2480.0,5920.0,8600.0,640.0,0.0,0.0,0.0,0.0,3080.0,0.0,200.0,520.0,0.0,360.0,80.0,0.0,0.0,440.0,2000.0,120.0,640.0,0.0,0.0,0.0,0.0,640.0,0.0,99600.0,60920.0,0.0,6680.0,70280.0,0.0,0.0,10120.0,11520.0,144560.0,640.0,0.0,0.0,0.0,0.0,3720.0,0.0
2026-04-07T09:00:00+02:00,8000.0,2800.0,0.0,9640.0,8600.0,0.0,0.0,1960.0,9480.0,9600.0,8039.0,0.0,0.0,0.0,0.0,0.0,0.0,120.0,160.0,0.0,160.0,240.0,0.0,0.0,1560.0,40.0,40.0,160.0,0.0,0.0,0.0,0.0,0.0,0.0,83200.0,11680.0,0.0,322560.0,92640.0,0.0,0.0,3520.0,134000.0,615999.0,213838.0,0.0,0.0,0.0,0.0,0.0,0.0
2026-04-07T10:00:00+02:00,8880.0,3440.0,0.0,1960.0,7160.0,0.0,0.0,0.0,8160.0,9640.0,9480.0,4800.0,0.0,0.0,0.0,0.0,0.0,160.0,240.0,0.0,1240.0,160.0,0.0,0.0,0.0,160.0,40.0,160.0,280.0,0.0,0.0,0.0,0.0,0.0,165080.0,3680.0,0.0,7120.0,16520.0,0.0,0.0,0.0,43160.0,1286690.0,232920.0,8880.0,0.0,0.0,0.0,0.0,0.0
2026-04-07T11:00:00+02:00,8119.0,8440.0,0.0,9640.0,480.0,0.0,0.0,0.0,9480.0,9280.0,9320.0,160.0,0.0,0.0,0.0,0.0,7560.0,40.0,240.0,0.0,120.0,480.0,0.0,0.0,0.0,40.0,40.0,40.0,160.0,0.0,0.0,0.0,0.0,240.0,127799.0,16800.0,0.0,56320.0,480.0,0.0,0.0,0.0,454080.0,718598.0,78800.0,160.0,0.0,0.0,0.0,0.0,8720.0
2026-04-07T12:00:00+02:00,4240.0,6040.0,2680.0,7040.0,0.0,0.0,0.0,9560.0,9640.0,9600.0,8000.0,2280.0,0.0,0.0,1800.0,0.0,0.0,320.0,280.0,2680.0,1320.0,0.0,0.0,0.0,120.0,80.0,40.0,200.0,200.0,0.0,0.0,1800.0,0.0,0.0,5440.0,11440.0,2680.0,35250.0,0.0,0.0,0.0,65840.0,581079.0,1209747.0,120320.0,10520.0,0.0,0.0,1800.0,0.0,0.0
2026-04-07T13:00:00+02:00,640.0,9200.0,0.0,4100.0,0.0,0.0,0.0,280.0,9520.0,9640.0,8880.0,1480.0,0.0,0.0,0.0,0.0,3720.0,400.0,640.0,0.0,240.0,0.0,0.0,0.0,280.0,80.0,120.0,120.0,1480.0,0.0,0.0,0.0,0.0,3720.0,1040.0,56400.0,0.0,4340.0,0.0,0.0,0.0,280.0,221760.0,701819.0,89520.0,1480.0,0.0,0.0,0.0,0.0,3720.0
2026-04-07T14:00:00+02:00,7800.0,6440.0,0.0,680.0,0.0,0.0,0.0,0.0,8000.0,9360.0,9440.0,8000.0,0.0,0.0,0.0,0.0,6440.0,160.0,200.0,0.0,680.0,0.0,0.0,0.0,0.0,360.0,80.0,160.0,680.0,0.0,0.0,0.0,0.0,280.0,25400.0,35400.0,0.0,680.0,0.0,0.0,0.0,0.0,96960.0,488940.0,188719.0,26160.0,0.0,0.0,0.0,0.0,10240.0
2026-04-07T15:00:00+02:00,9440.0,8000.0,0.0,360.0,2000.0,0.0,0.0,0.0,8840.0,9480.0,9200.0,2200.0,0.0,0.0,0.0,0.0,0.0,160.0,160.0,0.0,320.0,840.0,0.0,0.0,0.0,240.0,40.0,80.0,160.0,0.0,0.0,0.0,0.0,0.0,405640.0,135440.0,0.0,680.0,2840.0,0.0,0.0,0.0,81520.0,1595809.0,224170.0,6440.0,0.0,0.0,0.0,0.0,0.0
2026-04-07T16:00:00+02:00,8960.0,2520.0,0.0,4000.0,8600.0,0.0,0.0,0.0,9560.0,9600.0,9400.0,160.0,0.0,0.0,0.0,0.0,0.0,160.0,240.0,0.0,1000.0,280.0,0.0,0.0,0.0,160.0,40.0,120.0,160.0,0.0,0.0,0.0,0.0,0.0,371759.0,3160.0,0.0,12880.0,52600.0,0.0,0.0,0.0,57610.0,1323449.0,98000.0,160.0,0.0,0.0,0.0,0.0,0.0
2026-04-07T17:00:00+02:00,9400.0,6240.0,0.0,200.0,2000.0,0.0,0.0,0.0,2400.0,9080.0,1520.0,0.0,0.0,0.0,0.0,0.0,0.0,120.0,1280.0,0.0,200.0,240.0,0.0,0.0,0.0,360.0,80.0,1280.0,0.0,0.0,0.0,0.0,0.0,0.0,427718.0,8920.0,0.0,200.0,8880.0,0.0,0.0,0.0,8800.0,373150.0,2800.0,0.0,0.0,0.0,0.0,0.0,0.0
2026-04-07T18:00:00+02:00,8039.0,4520.0,0.0,2840.0,3400.0,0.0,0.0,0.0,1440.0,9560.0,6320.0,2560.0,0.0,0.0,0.0,0.0,0.0,200.0,2200.0,0.0,160.0,200.0,0.0,0.0,0.0,120.0,160.0,400.0,880.0,0.0,0.0,0.0,0.0,0.0,179599.0,6720.0,0.0,6400.0,16880.0,0.0,0.0,0.0,5320.0,570078.0,39160.0,3440.0,0.0,0.0,0.0,0.0,0.0
2026-04-07T19:00:00+02:00,9480.0,8000.0,0.0,3400.0,3160.0,0.0,0.0,0.0,6480.0,9240.0,5680.0,1400.0,0.0,0.0,0.0,0.0,0.0,160.0,1560.0,0.0,2040.0,760.0,0.0,0.0,0.0,160.0,160.0,240.0,240.0,0.0,0.0,0.0,0.0,0.0,143120.0,76080.0,0.0,5440.0,4760.0,0.0,0.0,0.0,16560.0,184480.0,52200.0,1640.0,0.0,0.0,0.0,0.0,0.0
2026-04-07T20:00:00+02:00,9560.0,9080.0,0.0,640.0,2000.0,0.0,0.0,0.0,2200.0,9440.0,6000.0,1360.0,0.0,0.0,0.0,0.0,0.0,280.0,160.0,0.0,640.0,2000.0,0.0,0.0,0.0,480.0,80.0,320.0,1360.0,0.0,0.0,0.0,0.0,0.0,481160.0,90280.0,0.0,640.0,2000.0,0.0,0.0,0.0,6440.0,685429.0,98000.0,1360.0,0.0,0.0,0.0,0.0,0.0
2026-04-07T21:00:00+02:00,4240.0,8000.0,0.0,2600.0,0.0,0.0,0.0,0.0,0.0,8640.0,0.0,0.0,0.0,0.0,0.0,0.0,0.0,120.0,720.0,0.0,1200.0,0.0,0.0,0.0,0.0,0.0,120.0,0.0,0.0,0.0,0.0,0.0,0.0,0.0,141160.0,15840.0,0.0,3800.0,0.0,0.0,0.0,0.0,0.0,172400.0,0.0,0.0,0.0,0.0,0.0,0.0,0.0
2026-04-07T22:00:00+02:00,6000.0,4120.0,0.0,0.0,0.0,0.0,0.0,0.0,0.0,8760.0,1840.0,6240.0,0.0,0.0,0.0,0.0,6960.0,120.0,4120.0,0.0,0.0,0.0,0.0,0.0,0.0,0.0,120.0,840.0,6240.0,0.0,0.0,0.0,0.0,120.0,219680.0,4120.0,0.0,0.0,0.0,0.0,0.0,0.0,0.0,94720.0,2680.0,6240.0,0.0,0.0,0.0,0.0,21240.0
2026-04-07T23:00:00+02:00,9560.0,0.0,0.0,0.0,0.0,0.0,0.0,0.0,1680.0,9160.0,0.0,400.0,0.0,0.0,0.0,0.0,4280.0,120.0,0.0,0.0,0.0,0.0,0.0,0.0,0.0,240.0,240.0,0.0,400.0,0.0,0.0,0.0,0.0,1640.0,544318.0,0.0,0.0,0.0,0.0,0.0,0.0,0.0,3120.0,78200.0,0.0,400.0,0.0,0.0,0.0,0.0,5920.0
2026-04-08T00:00:00+02:00,8960.0,0.0,0.0,0.0,0.0,0.0,0.0,0.0,0.0,2720.0,0.0,0.0,0.0,0.0,0.0,0.0,0.0,200.0,0.0,0.0,0.0,0.0,0.0,0.0,0.0,0.0,2720.0,0.0,0.0,0.0,0.0,0.0,0.0,0.0,322880.0,0.0,0.0,0.0,0.0,0.0,0.0,0.0,0.0,2720.0,0.0,0.0,0.0,0.0,0.0,0.0,0.0
2026-04-08T01:00:00+02:00,8000.0,0.0,0.0,0.0,0.0,0.0,0.0,0.0,920.0,7240.0,0.0,0.0,0.0,0.0,0.0,0.0,0.0,320.0,0.0,0.0,0.0,0.0,0.0,0.0,0.0,920.0,7240.0,0.0,0.0,0.0,0.0,0.0,0.0,0.0,120520.0,0.0,0.0,0.0,0.0,0.0,0.0,0.0,920.0,7240.0,0.0,0.0,0.0,0.0,0.0,0.0,0.0
2026-04-08T02:00:00+02:00,8840.0,3560.0,0.0,3960.0,0.0,0.0,0.0,0.0,0.0,2000.0,0.0,0.0,0.0,0.0,0.0,0.0,0.0,160.0,3560.0,0.0,80.0,0.0,0.0,0.0,0.0,0.0,80.0,0.0,0.0,0.0,0.0,0.0,0.0,0.0,669480.0,3560.0,0.0,81560.0,0.0,0.0,0.0,0.0,0.0,25960.0,0.0,0.0,0.0,0.0,0.0,0.0,0.0
2026-04-08T03:00:00+02:00,5960.0,0.0,0.0,4080.0,0.0,0.0,0.0,0.0,0.0,5160.0,0.0,0.0,0.0,0.0,0.0,0.0,0.0,160.0,0.0,0.0,40.0,0.0,0.0,0.0,0.0,0.0,200.0,0.0,0.0,0.0,0.0,0.0,0.0,0.0,126960.0,0.0,0.0,126960.0,0.0,0.0,0.0,0.0,0.0,20000.0,0.0,0.0,0.0,0.0,0.0,0.0,0.0
2026-04-08T04:00:00+02:00,4000.0,0.0,0.0,5440.0,0.0,0.0,0.0,0.0,0.0,1680.0,0.0,0.0,0.0,0.0,0.0,0.0,0.0,200.0,0.0,0.0,40.0,0.0,0.0,0.0,0.0,0.0,400.0,0.0,0.0,0.0,0.0,0.0,0.0,0.0,50240.0,0.0,0.0,119560.0,0.0,0.0,0.0,0.0,0.0,3160.0,0.0,0.0,0.0,0.0,0.0,0.0,0.0
2026-04-08T05:00:00+02:00,6000.0,6000.0,0.0,3760.0,0.0,0.0,0.0,0.0,0.0,8520.0,0.0,0.0,0.0,0.0,0.0,0.0,0.0,120.0,160.0,0.0,120.0,0.0,0.0,0.0,0.0,0.0,800.0,0.0,0.0,0.0,0.0,0.0,0.0,0.0,56200.0,29240.0,0.0,41000.0,0.0,0.0,0.0,0.0,0.0,9320.0,0.0,0.0,0.0,0.0,0.0,0.0,0.0
2026-04-08T06:00:00+02:00,8360.0,6000.0,0.0,0.0,1000.0,0.0,0.0,0.0,2960.0,7280.0,8000.0,0.0,0.0,0.0,0.0,0.0,0.0,200.0,160.0,0.0,0.0,1000.0,0.0,0.0,0.0,280.0,80.0,160.0,0.0,0.0,0.0,0.0,0.0,0.0,84320.0,56320.0,0.0,0.0,1000.0,0.0,0.0,0.0,14920.0,19600.0,97760.0,0.0,0.0,0.0,0.0,0.0,0.0
2026-04-08T07:00:00+02:00,8960.0,8880.0,0.0,520.0,520.0,0.0,0.0,0.0,2000.0,9040.0,9000.0,0.0,0.0,0.0,0.0,0.0,0.0,160.0,160.0,0.0,520.0,520.0,0.0,0.0,0.0,440.0,40.0,120.0,0.0,0.0,0.0,0.0,0.0,0.0,294200.0,412480.0,0.0,520.0,520.0,0.0,0.0,0.0,4000.0,135560.0,44160.0,0.0,0.0,0.0,0.0,0.0,0.0
2026-04-08T08:00:00+02:00,7760.0,8039.0,0.0,0.0,5120.0,0.0,0.0,0.0,2040.0,9360.0,0.0,0.0,0.0,0.0,0.0,880.0,0.0,160.0,200.0,0.0,0.0,560.0,0.0,0.0,0.0,320.0,80.0,0.0,0.0,0.0,0.0,0.0,880.0,0.0,47280.0,95999.0,0.0,0.0,19880.0,0.0,0.0,0.0,4360.0,111920.0,0.0,0.0,0.0,0.0,0.0,880.0,0.0
2026-04-08T09:00:00+02:00,2920.0,6840.0,0.0,4000.0,8600.0,0.0,0.0,6160.0,8000.0,9340.0,6000.0,0.0,0.0,0.0,0.0,1280.0,6000.0,160.0,120.0,0.0,240.0,120.0,0.0,0.0,200.0,120.0,80.0,280.0,0.0,0.0,0.0,0.0,1280.0,6000.0,18520.0,9160.0,0.0,38240.0,177599.0,0.0,0.0,6360.0,159480.0,309719.0,23880.0,0.0,0.0,0.0,0.0,1280.0,6000.0
2026-04-08T10:00:00+02:00,6640.0,8000.0,0.0,0.0,8039.0,0.0,0.0,0.0,1840.0,9480.0,6440.0,1760.0,0.0,0.0,0.0,0.0,0.0,1040.0,840.0,0.0,0.0,160.0,0.0,0.0,0.0,240.0,160.0,600.0,1760.0,0.0,0.0,0.0,0.0,0.0,61520.0,51680.0,0.0,0.0,147398.0,0.0,0.0,0.0,4920.0,503340.0,9160.0,1760.0,0.0,0.0,0.0,0.0,0.0
2026-04-08T11:00:00+02:00,6720.0,8000.0,0.0,3390.0,0.0,0.0,0.0,0.0,9200.0,9560.0,8640.0,7880.0,0.0,0.0,0.0,0.0,7160.0,120.0,200.0,0.0,440.0,0.0,0.0,0.0,0.0,80.0,40.0,280.0,200.0,0.0,0.0,0.0,0.0,400.0,46440.0,28520.0,0.0,10710.0,0.0,0.0,0.0,0.0,248450.0,299999.0,51680.0,8080.0,0.0,0.0,0.0,0.0,32360.0
2026-04-08T12:00:00+02:00,7120.0,7920.0,0.0,4640.0,0.0,0.0,0.0,0.0,9280.0,8840.0,9520.0,480.0,0.0,0.0,0.0,0.0,6400.0,160.0,360.0,0.0,40.0,0.0,0.0,0.0,0.0,80.0,160.0,160.0,200.0,0.0,0.0,0.0,0.0,920.0,47040.0,35760.0,0.0,36970.0,0.0,0.0,0.0,0.0,190480.0,221560.0,122480.0,680.0,0.0,0.0,0.0,0.0,15960.0
2026-04-08T13:00:00+02:00,8680.0,4000.0,0.0,6000.0,0.0,0.0,0.0,680.0,9200.0,9560.0,9280.0,0.0,0.0,0.0,0.0,0.0,560.0,160.0,680.0,0.0,520.0,0.0,0.0,0.0,680.0,40.0,40.0,160.0,0.0,0.0,0.0,0.0,0.0,560.0,166000.0,33600.0,0.0,29360.0,0.0,0.0,0.0,680.0,885950.0,896159.0,266120.0,0.0,0.0,0.0,0.0,0.0,560.0
2026-04-08T14:00:00+02:00,7120.0,7960.0,0.0,2160.0,0.0,0.0,0.0,840.0,9360.0,9530.0,9000.0,1640.0,4800.0,0.0,0.0,0.0,6200.0,120.0,120.0,0.0,600.0,0.0,0.0,0.0,840.0,40.0,40.0,120.0,640.0,200.0,0.0,0.0,0.0,200.0,108720.0,97720.0,0.0,5760.0,0.0,0.0,0.0,840.0,55100.0,1714958.0,211120.0,3200.0,17480.0,0.0,0.0,0.0,6400.0
2026-04-08T15:00:00+02:00,2440.0,8039.0,0.0,1960.0,4880.0,0.0,0.0,4920.0,8900.0,9440.0,9080.0,4320.0,7040.0,0.0,0.0,0.0,5400.0,120.0,120.0,0.0,440.0,200.0,0.0,0.0,4920.0,120.0,40.0,120.0,1720.0,160.0,0.0,0.0,0.0,200.0,7120.0,115679.0,0.0,10720.0,6920.0,0.0,0.0,4920.0,47420.0,1819635.0,232760.0,6040.0,23400.0,0.0,0.0,0.0,27960.0
2026-04-08T16:00:00+02:00,8480.0,2000.0,0.0,8000.0,800.0,0.0,0.0,1640.0,4000.0,9400.0,9400.0,8440.0,0.0,0.0,0.0,0.0,1200.0,160.0,120.0,0.0,440.0,160.0,0.0,0.0,1640.0,160.0,40.0,160.0,160.0,0.0,0.0,0.0,0.0,160.0,23600.0,5640.0,0.0,38800.0,2480.0,0.0,0.0,1640.0,34560.0,677308.0,86920.0,11160.0,0.0,0.0,0.0,0.0,1360.0
2026-04-08T17:00:00+02:00,9160.0,8440.0,0.0,3120.0,6240.0,0.0,0.0,0.0,2240.0,9200.0,9440.0,0.0,2240.0,0.0,0.0,0.0,440.0,200.0,1400.0,0.0,600.0,200.0,0.0,0.0,0.0,80.0,160.0,600.0,0.0,2240.0,0.0,0.0,0.0,160.0,42720.0,28320.0,0.0,22280.0,53200.0,0.0,0.0,0.0,27120.0,314959.0,63600.0,0.0,2240.0,0.0,0.0,0.0,600.0
2026-04-08T18:00:00+02:00,3960.0,5840.0,0.0,1960.0,400.0,0.0,0.0,0.0,5240.0,9000.0,0.0,0.0,0.0,0.0,0.0,0.0,0.0,160.0,2080.0,0.0,160.0,400.0,0.0,0.0,0.0,240.0,80.0,0.0,0.0,0.0,0.0,0.0,0.0,0.0,18360.0,28320.0,0.0,6360.0,400.0,0.0,0.0,0.0,33400.0,494679.0,0.0,0.0,0.0,0.0,0.0,0.0,0.0
2026-04-08T19:00:00+02:00,7400.0,3320.0,0.0,6720.0,1240.0,0.0,0.0,0.0,6560.0,9520.0,7640.0,560.0,0.0,0.0,0.0,0.0,0.0,160.0,160.0,0.0,200.0,600.0,0.0,0.0,0.0,200.0,80.0,160.0,520.0,0.0,0.0,0.0,0.0,0.0,89960.0,4000.0,0.0,42360.0,1840.0,0.0,0.0,0.0,126680.0,530318.0,7800.0,1080.0,0.0,0.0,0.0,0.0,0.0
2026-04-08T20:00:00+02:00,3240.0,1560.0,0.0,3960.0,1400.0,0.0,0.0,0.0,4640.0,9360.0,5160.0,2960.0,0.0,0.0,0.0,0.0,5960.0,400.0,960.0,0.0,200.0,1400.0,0.0,0.0,0.0,120.0,80.0,120.0,2960.0,0.0,0.0,0.0,0.0,1760.0,11040.0,2520.0,0.0,65680.0,1400.0,0.0,0.0,0.0,91520.0,283780.0,23680.0,2960.0,0.0,0.0,0.0,0.0,10240.0
2026-04-08T21:00:00+02:00,6120.0,4240.0,0.0,0.0,0.0,0.0,0.0,0.0,0.0,9520.0,0.0,0.0,0.0,0.0,0.0,0.0,0.0,120.0,1360.0,0.0,0.0,0.0,0.0,0.0,0.0,0.0,160.0,0.0,0.0,0.0,0.0,0.0,0.0,0.0,14400.0,7040.0,0.0,0.0,0.0,0.0,0.0,0.0,0.0,102680.0,0.0,0.0,0.0,0.0,0.0,0.0,0.0
2026-04-08T22:00:00+02:00,8039.0,1680.0,0.0,0.0,0.0,0.0,0.0,0.0,0.0,8520.0,0.0,0.0,0.0,0.0,0.0,0.0,0.0,320.0,600.0,0.0,0.0,0.0,0.0,0.0,0.0,0.0,160.0,0.0,0.0,0.0,0.0,0.0,0.0,0.0,12559.0,2280.0,0.0,0.0,0.0,0.0,0.0,0.0,0.0,31320.0,0.0,0.0,0.0,0.0,0.0,0.0,0.0
2026-04-08T23:00:00+02:00,5040.0,2160.0,0.0,1520.0,0.0,0.0,0.0,0.0,3440.0,9440.0,0.0,0.0,0.0,0.0,0.0,0.0,0.0,160.0,2160.0,0.0,1520.0,0.0,0.0,0.0,0.0,3440.0,40.0,0.0,0.0,0.0,0.0,0.0,0.0,0.0,12000.0,2160.0,0.0,1520.0,0.0,0.0,0.0,0.0,3440.0,45680.0,0.0,0.0,0.0,0.0,0.0,0.0,0.0
2026-04-09T00:00:00+02:00,5200.0,0.0,0.0,560.0,0.0,0.0,0.0,0.0,920.0,8400.0,0.0,6360.0,0.0,0.0,0.0,0.0,440.0,400.0,0.0,0.0,560.0,0.0,0.0,0.0,0.0,920.0,160.0,0.0,6360.0,0.0,0.0,0.0,0.0,440.0,12000.0,0.0,0.0,560.0,0.0,0.0,0.0,0.0,920.0,53040.0,0.0,6360.0,0.0,0.0,0.0,0.0,440.0
2026-04-09T01:00:00+02:00,200.0,0.0,0.0,0.0,0.0,0.0,0.0,0.0,0.0,0.0,0.0,0.0,0.0,0.0,0.0,0.0,0.0,200.0,0.0,0.0,0.0,0.0,0.0,0.0,0.0,0.0,0.0,0.0,0.0,0.0,0.0,0.0,0.0,0.0,200.0,0.0,0.0,0.0,0.0,0.0,0.0,0.0,0.0,0.0,0.0,0.0,0.0,0.0,0.0,0.0,0.0
2026-04-09T02:00:00+02:00,0.0,0.0,0.0,3520.0,0.0,0.0,0.0,0.0,680.0,0.0,0.0,0.0,0.0,0.0,0.0,0.0,0.0,0.0,0.0,0.0,200.0,0.0,0.0,0.0,0.0,680.0,0.0,0.0,0.0,0.0,0.0,0.0,0.0,0.0,0.0,0.0,0.0,28640.0,0.0,0.0,0.0,0.0,680.0,0.0,0.0,0.0,0.0,0.0,0.0,0.0,0.0
2026-04-09T03:00:00+02:00,0.0,1440.0,0.0,2000.0,0.0,0.0,0.0,0.0,0.0,0.0,0.0,0.0,0.0,0.0,0.0,0.0,0.0,0.0,1440.0,0.0,120.0,0.0,0.0,0.0,0.0,0.0,0.0,0.0,0.0,0.0,0.0,0.0,0.0,0.0,0.0,1440.0,0.0,40400.0,0.0,0.0,0.0,0.0,0.0,0.0,0.0,0.0,0.0,0.0,0.0,0.0,0.0
2026-04-09T04:00:00+02:00,0.0,0.0,0.0,2560.0,0.0,0.0,0.0,0.0,0.0,1000.0,0.0,0.0,0.0,0.0,0.0,0.0,0.0,0.0,0.0,0.0,80.0,0.0,0.0,0.0,0.0,0.0,1000.0,0.0,0.0,0.0,0.0,0.0,0.0,0.0,0.0,0.0,0.0,32880.0,0.0,0.0,0.0,0.0,0.0,1000.0,0.0,0.0,0.0,0.0,0.0,0.0,0.0
2026-04-09T05:00:00+02:00,400.0,8039.0,0.0,2000.0,1840.0,0.0,0.0,0.0,1840.0,6480.0,0.0,0.0,0.0,0.0,0.0,0.0,0.0,400.0,240.0,0.0,40.0,360.0,0.0,0.0,0.0,720.0,360.0,0.0,0.0,0.0,0.0,0.0,0.0,0.0,400.0,59039.0,0.0,24800.0,2840.0,0.0,0.0,0.0,2560.0,24360.0,0.0,0.0,0.0,0.0,0.0,0.0,0.0
2026-04-09T06:00:00+02:00,1720.0,8039.0,0.0,7640.0,2000.0,0.0,0.0,0.0,9240.0,6280.0,0.0,4520.0,0.0,0.0,0.0,0.0,0.0,200.0,160.0,0.0,560.0,1000.0,0.0,0.0,0.0,120.0,120.0,0.0,4400.0,0.0,0.0,0.0,0.0,0.0,2320.0,98078.0,0.0,81240.0,5440.0,0.0,0.0,0.0,1194838.0,22000.0,0.0,8920.0,0.0,0.0,0.0,0.0,0.0
2026-04-09T07:00:00+02:00,7200.0,5040.0,0.0,8920.0,3280.0,0.0,0.0,0.0,9560.0,9360.0,3720.0,4000.0,0.0,0.0,0.0,0.0,0.0,160.0,640.0,0.0,40.0,3280.0,0.0,0.0,0.0,120.0,40.0,480.0,320.0,0.0,0.0,0.0,0.0,0.0,41760.0,15920.0,0.0,192250.0,3280.0,0.0,0.0,0.0,714859.0,147360.0,7000.0,11920.0,0.0,0.0,0.0,0.0,0.0
2026-04-09T08:00:00+02:00,5440.0,2440.0,0.0,6740.0,6390.0,0.0,0.0,1160.0,4000.0,9120.0,3000.0,3920.0,1960.0,0.0,0.0,0.0,0.0,160.0,560.0,0.0,40.0,120.0,0.0,0.0,760.0,200.0,40.0,160.0,120.0,600.0,0.0,0.0,0.0,0.0,33680.0,6040.0,0.0,42380.0,14810.0,0.0,0.0,1920.0,22160.0,189040.0,4400.0,21840.0,4280.0,0.0,0.0,0.0,0.0
2026-04-09T09:00:00+02:00,8880.0,2920.0,0.0,8210.0,8000.0,0.0,0.0,480.0,9480.0,9320.0,0.0,240.0,1960.0,0.0,0.0,0.0,2000.0,160.0,200.0,0.0,40.0,840.0,0.0,0.0,480.0,160.0,40.0,0.0,240.0,1960.0,0.0,0.0,0.0,2000.0,45880.0,8520.0,0.0,14250.0,58120.0,0.0,0.0,480.0,62520.0,276719.0,0.0,240.0,1960.0,0.0,0.0,0.0,4000.0
2026-04-09T10:00:00+02:00,8760.0,8000.0,0.0,2480.0,7800.0,0.0,0.0,0.0,2000.0,8400.0,7600.0,6440.0,0.0,0.0,0.0,920.0,0.0,160.0,160.0,0.0,240.0,1000.0,0.0,0.0,0.0,360.0,160.0,160.0,240.0,0.0,0.0,0.0,920.0,0.0,29360.0,22080.0,0.0,17120.0,19360.0,0.0,0.0,0.0,12160.0,314850.0,18560.0,7480.0,0.0,0.0,0.0,920.0,0.0
2026-04-09T11:00:00+02:00,8600.0,8600.0,0.0,8360.0,0.0,0.0,0.0,5440.0,8000.0,9560.0,8440.0,3400.0,0.0,0.0,0.0,680.0,400.0,80.0,360.0,0.0,160.0,0.0,0.0,0.0,5440.0,120.0,80.0,160.0,200.0,0.0,0.0,0.0,680.0,400.0,213120.0,62960.0,0.0,211959.0,0.0,0.0,0.0,5440.0,399050.0,649530.0,166679.0,3920.0,0.0,0.0,0.0,680.0,400.0
2026-04-09T12:00:00+02:00,5440.0,6400.0,0.0,8960.0,0.0,0.0,0.0,0.0,9440.0,9520.0,8480.0,1920.0,440.0,0.0,0.0,0.0,5760.0,120.0,80.0,0.0,120.0,0.0,0.0,0.0,0.0,120.0,40.0,40.0,240.0,440.0,0.0,0.0,0.0,5760.0,17200.0,53000.0,0.0,238210.0,0.0,0.0,0.0,0.0,394129.0,1347169.0,164280.0,3680.0,440.0,0.0,0.0,0.0,5760.0
2026-04-09T13:00:00+02:00,6000.0,2920.0,0.0,8000.0,1360.0,0.0,0.0,0.0,8440.0,9520.0,9400.0,0.0,1760.0,0.0,0.0,0.0,5680.0,120.0,840.0,0.0,160.0,1360.0,0.0,0.0,0.0,160.0,40.0,120.0,0.0,200.0,0.0,0.0,0.0,5680.0,74920.0,7360.0,0.0,201480.0,1360.0,0.0,0.0,0.0,398468.0,1212449.0,163320.0,0.0,1960.0,0.0,0.0,0.0,5680.0
2026-04-09T14:00:00+02:00,8640.0,7520.0,0.0,7720.0,480.0,0.0,0.0,0.0,9120.0,9520.0,9520.0,0.0,6440.0,0.0,0.0,0.0,5280.0,120.0,200.0,0.0,200.0,480.0,0.0,0.0,0.0,400.0,40.0,160.0,0.0,240.0,0.0,0.0,0.0,360.0,180600.0,19040.0,0.0,37280.0,480.0,0.0,0.0,0.0,34080.0,963840.0,187040.0,0.0,18440.0,0.0,0.0,0.0,8320.0
2026-04-09T15:00:00+02:00,6940.0,5160.0,0.0,5960.0,2000.0,0.0,0.0,5160.0,8880.0,9480.0,8720.0,0.0,7280.0,0.0,0.0,2000.0,0.0,200.0,80.0,0.0,160.0,360.0,0.0,0.0,160.0,440.0,160.0,160.0,0.0,320.0,0.0,0.0,160.0,0.0,24900.0,21400.0,0.0,115360.0,7640.0,0.0,0.0,23760.0,23000.0,574980.0,94520.0,0.0,13760.0,0.0,0.0,2880.0,0.0
2026-04-09T16:00:00+02:00,4320.0,2160.0,0.0,5760.0,2000.0,0.0,0.0,7920.0,1840.0,9240.0,7680.0,240.0,1240.0,0.0,0.0,0.0,4000.0,160.0,280.0,0.0,160.0,120.0,0.0,0.0,440.0,400.0,160.0,200.0,240.0,1240.0,0.0,0.0,0.0,240.0,34880.0,4280.0,0.0,165380.0,8880.0,0.0,0.0,15040.0,6760.0,356480.0,59000.0,240.0,1240.0,0.0,0.0,0.0,11280.0
2026-04-09T17:00:00+02:00,9440.0,360.0,0.0,8380.0,8600.0,0.0,0.0,3520.0,8520.0,9480.0,0.0,240.0,0.0,0.0,0.0,0.0,0.0,120.0,280.0,0.0,40.0,120.0,0.0,0.0,120.0,200.0,80.0,0.0,240.0,0.0,0.0,0.0,0.0,0.0,596640.0,640.0,0.0,299857.0,438997.0,0.0,0.0,6880.0,307879.0,680358.0,0.0,240.0,0.0,0.0,0.0,0.0,0.0
2026-04-09T18:00:00+02:00,8680.0,1400.0,0.0,4040.0,6240.0,0.0,0.0,8000.0,8880.0,9480.0,440.0,0.0,0.0,0.0,0.0,0.0,0.0,120.0,1400.0,0.0,1200.0,120.0,0.0,0.0,160.0,120.0,80.0,320.0,0.0,0.0,0.0,0.0,0.0,0.0,471879.0,1400.0,0.0,5240.0,224280.0,0.0,0.0,178720.0,340560.0,396909.0,760.0,0.0,0.0,0.0,0.0,0.0,0.0
2026-04-09T19:00:00+02:00,3160.0,7880.0,0.0,9040.0,8000.0,0.0,0.0,8840.0,9400.0,8400.0,2640.0,640.0,0.0,0.0,0.0,0.0,8640.0,240.0,240.0,0.0,400.0,360.0,0.0,0.0,160.0,160.0,80.0,400.0,640.0,0.0,0.0,0.0,0.0,8640.0,23280.0,32570.0,0.0,220520.0,80520.0,0.0,0.0,415160.0,864160.0,259720.0,8240.0,640.0,0.0,0.0,0.0,0.0,8640.0
2026-04-09T20:00:00+02:00,8000.0,5360.0,0.0,6000.0,5320.0,0.0,0.0,9400.0,9520.0,9520.0,0.0,0.0,0.0,0.0,0.0,0.0,8560.0,160.0,5360.0,0.0,160.0,200.0,0.0,0.0,200.0,160.0,160.0,0.0,0.0,0.0,0.0,0.0,0.0,8560.0,96400.0,5360.0,0.0,71920.0,53720.0,0.0,0.0,188120.0,658720.0,182240.0,0.0,0.0,0.0,0.0,0.0,0.0,8560.0
2026-04-09T21:00:00+02:00,6560.0,1840.0,0.0,840.0,0.0,0.0,0.0,0.0,8720.0,9320.0,5960.0,0.0,0.0,0.0,0.0,0.0,0.0,160.0,1400.0,0.0,160.0,0.0,0.0,0.0,0.0,240.0,160.0,600.0,0.0,0.0,0.0,0.0,0.0,0.0,30400.0,3240.0,0.0,1000.0,0.0,0.0,0.0,0.0,37400.0,117680.0,7600.0,0.0,0.0,0.0,0.0,0.0,0.0
2026-04-09T22:00:00+02:00,2040.0,0.0,0.0,1600.0,0.0,0.0,0.0,0.0,520.0,8880.0,0.0,0.0,0.0,0.0,0.0,0.0,0.0,200.0,0.0,0.0,480.0,0.0,0.0,0.0,0.0,520.0,120.0,0.0,0.0,0.0,0.0,0.0,0.0,0.0,19640.0,0.0,0.0,3240.0,0.0,0.0,0.0,0.0,520.0,68240.0,0.0,0.0,0.0,0.0,0.0,0.0,0.0
2026-04-09T23:00:00+02:00,2000.0,0.0,0.0,360.0,0.0,0.0,0.0,0.0,0.0,6000.0,0.0,0.0,0.0,0.0,0.0,0.0,0.0,160.0,0.0,0.0,120.0,0.0,0.0,0.0,0.0,0.0,3000.0,0.0,0.0,0.0,0.0,0.0,0.0,0.0,7240.0,0.0,0.0,760.0,0.0,0.0,0.0,0.0,0.0,20480.0,0.0,0.0,0.0,0.0,0.0,0.0,0.0
2026-04-10T00:00:00+02:00,1920.0,0.0,0.0,1960.0,0.0,0.0,0.0,0.0,0.0,7080.0,0.0,0.0,0.0,0.0,0.0,0.0,0.0,160.0,0.0,0.0,400.0,0.0,0.0,0.0,0.0,0.0,120.0,0.0,0.0,0.0,0.0,0.0,0.0,0.0,14000.0,0.0,0.0,7080.0,0.0,0.0,0.0,0.0,0.0,12720.0,0.0,0.0,0.0,0.0,0.0,0.0,0.0
2026-04-10T01:00:00+02:00,2040.0,0.0,0.0,1840.0,0.0,0.0,0.0,0.0,0.0,8960.0,0.0,0.0,0.0,0.0,0.0,0.0,0.0,240.0,0.0,0.0,80.0,0.0,0.0,0.0,0.0,0.0,1120.0,0.0,0.0,0.0,0.0,0.0,0.0,0.0,34520.0,0.0,0.0,1920.0,0.0,0.0,0.0,0.0,0.0,25240.0,0.0,0.0,0.0,0.0,0.0,0.0,0.0
2026-04-10T02:00:00+02:00,2000.0,0.0,0.0,2000.0,0.0,0.0,0.0,400.0,400.0,8200.0,0.0,280.0,0.0,0.0,0.0,0.0,0.0,160.0,0.0,0.0,40.0,0.0,0.0,0.0,400.0,40.0,40.0,0.0,240.0,0.0,0.0,0.0,0.0,0.0,12360.0,0.0,0.0,10960.0,0.0,0.0,0.0,400.0,440.0,22880.0,0.0,800.0,0.0,0.0,0.0,0.0,0.0
2026-04-10T03:00:00+02:00,0.0,0.0,0.0,2760.0,0.0,0.0,0.0,0.0,0.0,840.0,0.0,0.0,0.0,0.0,0.0,0.0,0.0,0.0,0.0,0.0,40.0,0.0,0.0,0.0,0.0,0.0,320.0,0.0,0.0,0.0,0.0,0.0,0.0,0.0,0.0,0.0,0.0,37500.0,0.0,0.0,0.0,0.0,0.0,1160.0,0.0,0.0,0.0,0.0,0.0,0.0,0.0
2026-04-10T04:00:00+02:00,3200.0,0.0,0.0,7120.0,0.0,0.0,0.0,400.0,0.0,7920.0,0.0,1720.0,0.0,0.0,0.0,0.0,0.0,240.0,0.0,0.0,40.0,0.0,0.0,0.0,400.0,0.0,40.0,0.0,1040.0,0.0,0.0,0.0,0.0,0.0,15320.0,0.0,0.0,91220.0,0.0,0.0,0.0,400.0,0.0,204920.0,0.0,3920.0,0.0,0.0,0.0,0.0,0.0
2026-04-10T05:00:00+02:00,240.0,0.0,0.0,5760.0,0.0,0.0,0.0,0.0,0.0,7880.0,0.0,640.0,0.0,0.0,0.0,2320.0,0.0,120.0,0.0,0.0,200.0,0.0,0.0,0.0,0.0,0.0,160.0,0.0,640.0,0.0,0.0,0.0,2320.0,0.0,560.0,0.0,0.0,19880.0,0.0,0.0,0.0,0.0,0.0,18480.0,0.0,640.0,0.0,0.0,0.0,2320.0,0.0
2026-04-10T06:00:00+02:00,7640.0,3960.0,0.0,9240.0,7080.0,0.0,0.0,0.0,8119.0,8760.0,0.0,0.0,0.0,0.0,0.0,0.0,0.0,160.0,1760.0,0.0,80.0,160.0,0.0,0.0,0.0,240.0,240.0,0.0,0.0,0.0,0.0,0.0,0.0,0.0,55880.0,5720.0,0.0,516517.0,160240.0,0.0,0.0,0.0,167958.0,74800.0,0.0,0.0,0.0,0.0,0.0,0.0,0.0
2026-04-10T07:00:00+02:00,1080.0,0.0,0.0,8320.0,9480.0,0.0,0.0,0.0,8920.0,5120.0,400.0,120.0,0.0,0.0,0.0,0.0,0.0,240.0,0.0,0.0,120.0,160.0,0.0,0.0,0.0,200.0,200.0,280.0,120.0,0.0,0.0,0.0,0.0,0.0,3880.0,0.0,0.0,178000.0,231880.0,0.0,0.0,0.0,260400.0,21280.0,680.0,120.0,0.0,0.0,0.0,0.0,0.0
2026-04-10T08:00:00+02:00,640.0,160.0,0.0,8039.0,1640.0,0.0,0.0,0.0,8039.0,9280.0,840.0,0.0,0.0,0.0,0.0,0.0,0.0,120.0,120.0,0.0,240.0,280.0,0.0,0.0,0.0,120.0,80.0,440.0,0.0,0.0,0.0,0.0,0.0,0.0,1680.0,280.0,0.0,152718.0,5240.0,0.0,0.0,0.0,310797.0,89600.0,1280.0,0.0,0.0,0.0,0.0,0.0,0.0
2026-04-10T09:00:00+02:00,560.0,4560.0,0.0,8039.0,5960.0,0.0,0.0,0.0,8280.0,8880.0,0.0,0.0,0.0,0.0,0.0,0.0,0.0,360.0,40.0,0.0,1080.0,200.0,0.0,0.0,0.0,160.0,40.0,0.0,0.0,0.0,0.0,0.0,0.0,0.0,1400.0,4600.0,0.0,262039.0,19520.0,0.0,0.0,0.0,142680.0,83840.0,0.0,0.0,0.0,0.0,0.0,0.0,0.0
2026-04-10T10:00:00+02:00,6360.0,4480.0,0.0,9400.0,8119.0,0.0,0.0,0.0,8280.0,9320.0,4280.0,0.0,0.0,0.0,0.0,0.0,0.0,200.0,1560.0,0.0,160.0,160.0,0.0,0.0,0.0,160.0,80.0,1040.0,0.0,0.0,0.0,0.0,0.0,0.0,30280.0,7960.0,0.0,794439.0,278759.0,0.0,0.0,0.0,628240.0,205928.0,5320.0,0.0,0.0,0.0,0.0,0.0,0.0
2026-04-10T11:00:00+02:00,9160.0,480.0,0.0,8640.0,8000.0,0.0,0.0,0.0,9480.0,9280.0,2360.0,760.0,0.0,0.0,0.0,0.0,0.0,160.0,480.0,0.0,160.0,200.0,0.0,0.0,0.0,160.0,40.0,160.0,760.0,0.0,0.0,0.0,0.0,0.0,57640.0,480.0,0.0,769598.0,132680.0,0.0,0.0,0.0,353119.0,517420.0,4640.0,760.0,0.0,0.0,0.0,0.0,0.0
2026-04-10T12:00:00+02:00,2000.0,4280.0,0.0,9480.0,9480.0,0.0,0.0,8160.0,9400.0,9360.0,640.0,2520.0,0.0,0.0,0.0,0.0,0.0,120.0,4280.0,0.0,120.0,200.0,0.0,0.0,840.0,120.0,40.0,120.0,160.0,0.0,0.0,0.0,0.0,0.0,12440.0,4280.0,0.0,993477.0,54840.0,0.0,0.0,67680.0,494679.0,241680.0,2040.0,21160.0,0.0,0.0,0.0,0.0,0.0
2026-04-10T13:00:00+02:00,8840.0,8680.0,0.0,8000.0,5840.0,0.0,0.0,3760.0,8600.0,9440.0,9280.0,0.0,0.0,0.0,0.0,0.0,0.0,40.0,320.0,0.0,120.0,280.0,0.0,0.0,360.0,160.0,120.0,120.0,0.0,0.0,0.0,0.0,0.0,0.0,132560.0,20680.0,0.0,375680.0,30800.0,0.0,0.0,31400.0,256640.0,296310.0,97040.0,0.0,0.0,0.0,0.0,0.0,0.0
2026-04-10T14:00:00+02:00,7200.0,2600.0,0.0,8039.0,4440.0,0.0,0.0,4480.0,7840.0,9320.0,4840.0,0.0,0.0,0.0,0.0,0.0,0.0,160.0,320.0,0.0,160.0,400.0,0.0,0.0,160.0,240.0,80.0,200.0,0.0,0.0,0.0,0.0,0.0,0.0,46360.0,16880.0,0.0,266438.0,12160.0,0.0,0.0,64560.0,129000.0,186980.0,30120.0,0.0,0.0,0.0,0.0,0.0,0.0
2026-04-10T15:00:00+02:00,8400.0,3400.0,0.0,7880.0,8640.0,0.0,0.0,9240.0,6560.0,9040.0,8760.0,0.0,0.0,0.0,0.0,4910.0,0.0,160.0,400.0,0.0,160.0,200.0,0.0,0.0,160.0,160.0,80.0,200.0,0.0,0.0,0.0,0.0,240.0,0.0,127000.0,4440.0,0.0,249280.0,47519.0,0.0,0.0,54360.0,30000.0,384030.0,69600.0,0.0,0.0,0.0,0.0,14750.0,0.0
2026-04-10T16:00:00+02:00,4000.0,6520.0,0.0,8720.0,6000.0,0.0,0.0,6000.0,8880.0,9440.0,6920.0,1280.0,0.0,0.0,0.0,0.0,0.0,120.0,640.0,0.0,160.0,200.0,0.0,0.0,280.0,240.0,40.0,160.0,1280.0,0.0,0.0,0.0,0.0,0.0,33440.0,41760.0,0.0,803937.0,31160.0,0.0,0.0,74320.0,78360.0,1299037.0,36440.0,1280.0,0.0,0.0,0.0,0.0,0.0
2026-04-10T17:00:00+02:00,5600.0,2000.0,0.0,9480.0,2400.0,0.0,0.0,0.0,6760.0,9480.0,6960.0,0.0,0.0,0.0,0.0,0.0,0.0,120.0,1240.0,0.0,120.0,160.0,0.0,0.0,0.0,240.0,40.0,2360.0,0.0,0.0,0.0,0.0,0.0,0.0,19200.0,3240.0,0.0,1008688.0,12560.0,0.0,0.0,0.0,96320.0,513659.0,9320.0,0.0,0.0,0.0,0.0,0.0,0.0
2026-04-10T18:00:00+02:00,8000.0,880.0,0.0,8320.0,3960.0,0.0,0.0,2000.0,8840.0,9440.0,2040.0,0.0,0.0,0.0,0.0,0.0,0.0,160.0,80.0,0.0,120.0,120.0,0.0,0.0,2000.0,240.0,40.0,240.0,0.0,0.0,0.0,0.0,0.0,0.0,107760.0,960.0,0.0,465969.0,38920.0,0.0,0.0,2000.0,312039.0,254249.0,4600.0,0.0,0.0,0.0,0.0,0.0,0.0
2026-04-10T19:00:00+02:00,8560.0,3880.0,0.0,7960.0,1600.0,0.0,0.0,0.0,3840.0,9360.0,0.0,0.0,0.0,0.0,0.0,0.0,0.0,240.0,320.0,0.0,400.0,1440.0,0.0,0.0,0.0,440.0,80.0,0.0,0.0,0.0,0.0,0.0,0.0,0.0,172240.0,4200.0,0.0,27780.0,3040.0,0.0,0.0,0.0,11000.0,220759.0,0.0,0.0,0.0,0.0,0.0,0.0,0.0
2026-04-10T20:00:00+02:00,8950.0,2000.0,0.0,2000.0,360.0,0.0,0.0,0.0,0.0,7720.0,5160.0,0.0,0.0,0.0,0.0,0.0,0.0,160.0,2000.0,0.0,40.0,360.0,0.0,0.0,0.0,0.0,40.0,760.0,0.0,0.0,0.0,0.0,0.0,0.0,141310.0,2000.0,0.0,4960.0,360.0,0.0,0.0,0.0,0.0,138590.0,5920.0,0.0,0.0,0.0,0.0,0.0,0.0
2026-04-10T21:00:00+02:00,4000.0,7920.0,0.0,320.0,0.0,0.0,0.0,0.0,0.0,9160.0,0.0,0.0,0.0,0.0,0.0,0.0,0.0,120.0,160.0,0.0,320.0,0.0,0.0,0.0,0.0,0.0,40.0,0.0,0.0,0.0,0.0,0.0,0.0,0.0,89200.0,18880.0,0.0,320.0,0.0,0.0,0.0,0.0,0.0,310800.0,0.0,0.0,0.0,0.0,0.0,0.0,0.0
2026-04-10T22:00:00+02:00,7480.0,5640.0,0.0,880.0,0.0,0.0,0.0,0.0,0.0,9320.0,0.0,0.0,0.0,0.0,0.0,0.0,0.0,120.0,520.0,0.0,40.0,0.0,0.0,0.0,0.0,0.0,40.0,0.0,0.0,0.0,0.0,0.0,0.0,0.0,177600.0,17680.0,0.0,1200.0,0.0,0.0,0.0,0.0,0.0,607239.0,0.0,0.0,0.0,0.0,0.0,0.0,0.0
2026-04-10T23:00:00+02:00,6760.0,6800.0,0.0,1560.0,0.0,0.0,0.0,1560.0,0.0,9040.0,0.0,440.0,0.0,0.0,0.0,0.0,0.0,80.0,1360.0,0.0,80.0,0.0,0.0,0.0,1560.0,0.0,80.0,0.0,120.0,0.0,0.0,0.0,0.0,0.0,90600.0,10280.0,0.0,1640.0,0.0,0.0,0.0,1560.0,0.0,119120.0,0.0,760.0,0.0,0.0,0.0,0.0,0.0
2026-04-11T00:00:00+02:00,9440.0,320.0,0.0,1920.0,0.0,0.0,0.0,0.0,0.0,9440.0,240.0,0.0,0.0,0.0,0.0,0.0,0.0,120.0,320.0,0.0,200.0,0.0,0.0,0.0,0.0,0.0,120.0,240.0,0.0,0.0,0.0,0.0,0.0,0.0,116280.0,320.0,0.0,4000.0,0.0,0.0,0.0,0.0,0.0,129520.0,240.0,0.0,0.0,0.0,0.0,0.0,0.0
2026-04-11T01:00:00+02:00,6000.0,1320.0,0.0,160.0,0.0,0.0,0.0,0.0,0.0,9000.0,0.0,0.0,0.0,0.0,0.0,0.0,0.0,160.0,1320.0,0.0,160.0,0.0,0.0,0.0,0.0,0.0,200.0,0.0,0.0,0.0,0.0,0.0,0.0,0.0,106240.0,1320.0,0.0,160.0,0.0,0.0,0.0,0.0,0.0,90280.0,0.0,0.0,0.0,0.0,0.0,0.0,0.0
2026-04-11T02:00:00+02:00,5800.0,5400.0,0.0,5320.0,0.0,0.0,0.0,0.0,0.0,9440.0,7560.0,0.0,0.0,0.0,0.0,0.0,0.0,160.0,520.0,0.0,600.0,0.0,0.0,0.0,0.0,0.0,80.0,1800.0,0.0,0.0,0.0,0.0,0.0,0.0,70240.0,11200.0,0.0,22350.0,0.0,0.0,0.0,0.0,0.0,298760.0,11560.0,0.0,0.0,0.0,0.0,0.0,0.0
2026-04-11T03:00:00+02:00,1040.0,6160.0,0.0,4680.0,0.0,0.0,0.0,0.0,0.0,9080.0,0.0,0.0,0.0,0.0,0.0,0.0,0.0,200.0,240.0,0.0,40.0,0.0,0.0,0.0,0.0,0.0,40.0,0.0,0.0,0.0,0.0,0.0,0.0,0.0,5080.0,43960.0,0.0,14910.0,0.0,0.0,0.0,0.0,0.0,183600.0,0.0,0.0,0.0,0.0,0.0,0.0,0.0
2026-04-11T04:00:00+02:00,2000.0,320.0,0.0,9200.0,0.0,0.0,0.0,0.0,0.0,9360.0,400.0,240.0,0.0,0.0,0.0,0.0,0.0,240.0,320.0,0.0,120.0,0.0,0.0,0.0,0.0,0.0,200.0,400.0,240.0,0.0,0.0,0.0,0.0,0.0,11360.0,320.0,0.0,65330.0,0.0,0.0,0.0,0.0,0.0,147999.0,400.0,240.0,0.0,0.0,0.0,0.0,0.0
2026-04-11T05:00:00+02:00,4240.0,3640.0,0.0,2400.0,0.0,0.0,0.0,0.0,0.0,9240.0,0.0,400.0,0.0,0.0,0.0,0.0,0.0,200.0,3640.0,0.0,160.0,0.0,0.0,0.0,0.0,0.0,80.0,0.0,400.0,0.0,0.0,0.0,0.0,0.0,28960.0,3640.0,0.0,36160.0,0.0,0.0,0.0,0.0,0.0,219110.0,0.0,400.0,0.0,0.0,0.0,0.0,0.0
2026-04-11T06:00:00+02:00,640.0,2000.0,0.0,8039.0,0.0,0.0,0.0,1880.0,7960.0,9360.0,0.0,0.0,0.0,0.0,0.0,2040.0,0.0,360.0,560.0,0.0,160.0,0.0,0.0,0.0,160.0,240.0,120.0,0.0,0.0,0.0,0.0,0.0,640.0,0.0,1000.0,7520.0,0.0,90479.0,0.0,0.0,0.0,4720.0,51640.0,31200.0,0.0,0.0,0.0,0.0,0.0,2680.0,0.0
2026-04-11T07:00:00+02:00,2000.0,0.0,0.0,9280.0,640.0,0.0,0.0,0.0,9200.0,6680.0,920.0,0.0,0.0,0.0,0.0,6800.0,0.0,360.0,0.0,0.0,120.0,520.0,0.0,0.0,0.0,160.0,1200.0,920.0,0.0,0.0,0.0,0.0,6800.0,0.0,5520.0,0.0,0.0,858520.0,1160.0,0.0,0.0,0.0,529759.0,11120.0,920.0,0.0,0.0,0.0,0.0,6800.0,0.0
2026-04-11T08:00:00+02:00,960.0,2240.0,0.0,4920.0,720.0,0.0,0.0,0.0,0.0,9400.0,0.0,0.0,0.0,0.0,0.0,0.0,0.0,640.0,2240.0,0.0,160.0,720.0,0.0,0.0,0.0,0.0,240.0,0.0,0.0,0.0,0.0,0.0,0.0,0.0,2480.0,2240.0,0.0,101160.0,720.0,0.0,0.0,0.0,0.0,77280.0,0.0,0.0,0.0,0.0,0.0,0.0,0.0
2026-04-11T09:00:00+02:00,4960.0,640.0,0.0,8480.0,0.0,0.0,0.0,1960.0,8000.0,9400.0,3280.0,8280.0,0.0,0.0,0.0,0.0,0.0,160.0,160.0,0.0,1360.0,0.0,0.0,0.0,320.0,360.0,40.0,200.0,760.0,0.0,0.0,0.0,0.0,0.0,39040.0,1000.0,0.0,28400.0,0.0,0.0,0.0,2800.0,52800.0,478529.0,10280.0,24160.0,0.0,0.0,0.0,0.0,0.0
2026-04-11T10:00:00+02:00,9000.0,4560.0,0.0,520.0,0.0,0.0,0.0,0.0,0.0,9440.0,8960.0,9240.0,0.0,0.0,0.0,160.0,4160.0,200.0,720.0,0.0,80.0,0.0,0.0,0.0,0.0,0.0,40.0,240.0,400.0,0.0,0.0,0.0,160.0,4160.0,395840.0,7240.0,0.0,600.0,0.0,0.0,0.0,0.0,0.0,1233607.0,60960.0,21640.0,0.0,0.0,0.0,160.0,4160.0
2026-04-11T11:00:00+02:00,8160.0,4840.0,0.0,2560.0,0.0,0.0,0.0,0.0,9080.0,9400.0,9240.0,2000.0,0.0,0.0,0.0,40.0,7160.0,120.0,120.0,0.0,40.0,0.0,0.0,0.0,0.0,120.0,40.0,160.0,160.0,0.0,0.0,0.0,40.0,880.0,205400.0,10280.0,0.0,4080.0,0.0,0.0,0.0,0.0,206450.0,783689.0,110160.0,11400.0,0.0,0.0,0.0,40.0,14480.0
2026-04-11T12:00:00+02:00,2320.0,8800.0,0.0,0.0,0.0,0.0,0.0,0.0,8000.0,9080.0,8840.0,3240.0,0.0,0.0,0.0,0.0,1680.0,280.0,360.0,0.0,0.0,0.0,0.0,0.0,0.0,240.0,80.0,160.0,400.0,0.0,0.0,0.0,0.0,640.0,13680.0,20160.0,0.0,0.0,0.0,0.0,0.0,0.0,98260.0,357429.0,149480.0,9440.0,0.0,0.0,0.0,0.0,2320.0
2026-04-11T13:00:00+02:00,8320.0,5040.0,0.0,4240.0,0.0,0.0,0.0,0.0,9120.0,9400.0,9440.0,920.0,1200.0,0.0,0.0,0.0,6960.0,160.0,1080.0,0.0,160.0,0.0,0.0,0.0,0.0,80.0,40.0,160.0,160.0,1200.0,0.0,0.0,0.0,1480.0,58600.0,7440.0,0.0,17080.0,0.0,0.0,0.0,0.0,571820.0,1327229.0,247439.0,1600.0,1200.0,0.0,0.0,0.0,16360.0
2026-04-11T14:00:00+02:00,6000.0,9400.0,0.0,6040.0,2960.0,0.0,0.0,0.0,9200.0,9360.0,8960.0,1080.0,640.0,0.0,0.0,0.0,2600.0,160.0,120.0,0.0,120.0,2960.0,0.0,0.0,0.0,160.0,40.0,40.0,1080.0,640.0,0.0,0.0,0.0,1320.0,42160.0,109080.0,0.0,9160.0,2960.0,0.0,0.0,0.0,90480.0,1539140.0,301560.0,1080.0,640.0,0.0,0.0,0.0,7920.0
2026-04-11T15:00:00+02:00,4240.0,8039.0,0.0,5760.0,6040.0,0.0,0.0,0.0,5280.0,9320.0,8160.0,0.0,0.0,0.0,0.0,0.0,8440.0,200.0,200.0,0.0,480.0,880.0,0.0,0.0,0.0,280.0,120.0,120.0,0.0,0.0,0.0,0.0,0.0,160.0,14880.0,21159.0,0.0,29820.0,39680.0,0.0,0.0,0.0,11080.0,1175889.0,58280.0,0.0,0.0,0.0,0.0,0.0,14720.0
2026-04-11T16:00:00+02:00,8039.0,1200.0,0.0,7960.0,3920.0,0.0,0.0,0.0,400.0,9440.0,8800.0,0.0,0.0,0.0,0.0,0.0,0.0,120.0,560.0,0.0,80.0,1120.0,0.0,0.0,0.0,240.0,40.0,120.0,0.0,0.0,0.0,0.0,0.0,0.0,23879.0,2440.0,0.0,243820.0,9040.0,0.0,0.0,0.0,640.0,746510.0,92280.0,0.0,0.0,0.0,0.0,0.0,0.0
2026-04-11T17:00:00+02:00,2280.0,7400.0,0.0,9120.0,4000.0,0.0,0.0,0.0,8240.0,9280.0,8119.0,0.0,0.0,0.0,0.0,0.0,0.0,240.0,80.0,0.0,200.0,640.0,0.0,0.0,0.0,200.0,200.0,160.0,0.0,0.0,0.0,0.0,0.0,0.0,11920.0,8240.0,0.0,289920.0,11360.0,0.0,0.0,0.0,34400.0,172679.0,22199.0,0.0,0.0,0.0,0.0,0.0,0.0
2026-04-11T18:00:00+02:00,5880.0,0.0,0.0,8400.0,7560.0,0.0,0.0,0.0,9440.0,9400.0,7040.0,0.0,0.0,0.0,0.0,0.0,0.0,160.0,0.0,0.0,80.0,160.0,0.0,0.0,0.0,160.0,40.0,480.0,0.0,0.0,0.0,0.0,0.0,0.0,15880.0,0.0,0.0,377040.0,93760.0,0.0,0.0,0.0,433840.0,202680.0,15920.0,0.0,0.0,0.0,0.0,0.0,0.0
2026-04-11T19:00:00+02:00,2880.0,4920.0,0.0,9280.0,8400.0,0.0,0.0,1320.0,8800.0,9440.0,480.0,0.0,0.0,0.0,0.0,0.0,9080.0,120.0,2760.0,0.0,40.0,360.0,0.0,0.0,1320.0,160.0,40.0,480.0,0.0,0.0,0.0,0.0,0.0,240.0,8600.0,15520.0,0.0,824190.0,65480.0,0.0,0.0,1320.0,592480.0,504738.0,480.0,0.0,0.0,0.0,0.0,0.0,13400.0
2026-04-11T20:00:00+02:00,3400.0,5200.0,0.0,8680.0,7880.0,0.0,0.0,8480.0,8000.0,9440.0,1360.0,0.0,0.0,0.0,0.0,0.0,0.0,120.0,1760.0,0.0,120.0,120.0,0.0,0.0,160.0,160.0,80.0,360.0,0.0,0.0,0.0,0.0,0.0,0.0,5840.0,14640.0,0.0,286138.0,36040.0,0.0,0.0,11480.0,608480.0,219470.0,2520.0,0.0,0.0,0.0,0.0,0.0,0.0
2026-04-11T21:00:00+02:00,4640.0,7840.0,0.0,0.0,0.0,0.0,0.0,0.0,3560.0,9360.0,320.0,5920.0,0.0,0.0,0.0,0.0,1640.0,160.0,440.0,0.0,0.0,0.0,0.0,0.0,0.0,400.0,40.0,200.0,5920.0,0.0,0.0,0.0,0.0,280.0,13080.0,28000.0,0.0,0.0,0.0,0.0,0.0,0.0,5640.0,239160.0,520.0,5920.0,0.0,0.0,0.0,0.0,1920.0
2026-04-11T22:00:00+02:00,6680.0,1760.0,0.0,0.0,0.0,0.0,0.0,0.0,1480.0,9360.0,3360.0,920.0,0.0,0.0,0.0,0.0,8440.0,160.0,120.0,0.0,0.0,0.0,0.0,0.0,0.0,240.0,80.0,160.0,920.0,0.0,0.0,0.0,0.0,360.0,45760.0,3520.0,0.0,0.0,0.0,0.0,0.0,0.0,4000.0,234260.0,12360.0,920.0,0.0,0.0,0.0,0.0,59280.0
2026-04-11T23:00:00+02:00,7160.0,5120.0,0.0,0.0,0.0,0.0,0.0,0.0,3560.0,8800.0,3200.0,0.0,0.0,0.0,0.0,0.0,6000.0,160.0,760.0,0.0,0.0,0.0,0.0,0.0,0.0,1080.0,120.0,3200.0,0.0,0.0,0.0,0.0,0.0,160.0,31840.0,9680.0,0.0,0.0,0.0,0.0,0.0,0.0,11240.0,191600.0,3200.0,0.0,0.0,0.0,0.0,0.0,19360.0
2026-04-12T00:00:00+02:00,5200.0,200.0,0.0,0.0,0.0,0.0,0.0,0.0,5880.0,9360.0,6400.0,0.0,0.0,0.0,0.0,0.0,7720.0,160.0,200.0,0.0,0.0,0.0,0.0,0.0,0.0,680.0,160.0,280.0,0.0,0.0,0.0,0.0,0.0,280.0,25560.0,200.0,0.0,0.0,0.0,0.0,0.0,0.0,14960.0,437240.0,62760.0,0.0,0.0,0.0,0.0,0.0,35760.0
2026-04-12T01:00:00+02:00,7520.0,4000.0,0.0,0.0,0.0,0.0,0.0,0.0,1520.0,9240.0,3640.0,1720.0,0.0,0.0,0.0,0.0,0.0,120.0,920.0,0.0,0.0,0.0,0.0,0.0,0.0,1520.0,80.0,3640.0,1720.0,0.0,0.0,0.0,0.0,0.0,54240.0,15440.0,0.0,0.0,0.0,0.0,0.0,0.0,1520.0,506049.0,3640.0,1720.0,0.0,0.0,0.0,0.0,0.0
2026-04-12T02:00:00+02:00,6000.0,120.0,0.0,2000.0,0.0,0.0,0.0,0.0,0.0,8240.0,0.0,0.0,0.0,0.0,0.0,0.0,0.0,120.0,120.0,0.0,160.0,0.0,0.0,0.0,0.0,0.0,40.0,0.0,0.0,0.0,0.0,0.0,0.0,0.0,53200.0,120.0,0.0,2680.0,0.0,0.0,0.0,0.0,0.0,580959.0,0.0,0.0,0.0,0.0,0.0,0.0,0.0
2026-04-12T03:00:00+02:00,8760.0,4560.0,0.0,1640.0,0.0,0.0,0.0,0.0,0.0,9160.0,0.0,160.0,0.0,0.0,0.0,0.0,0.0,160.0,1000.0,0.0,200.0,0.0,0.0,0.0,0.0,0.0,120.0,0.0,160.0,0.0,0.0,0.0,0.0,0.0,32480.0,5560.0,0.0,11960.0,0.0,0.0,0.0,0.0,0.0,484439.0,0.0,160.0,0.0,0.0,0.0,0.0,0.0
2026-04-12T04:00:00+02:00,2000.0,240.0,0.0,1760.0,0.0,0.0,0.0,0.0,0.0,5200.0,0.0,0.0,0.0,0.0,0.0,0.0,0.0,160.0,240.0,0.0,160.0,0.0,0.0,0.0,0.0,0.0,160.0,0.0,0.0,0.0,0.0,0.0,0.0,0.0,22400.0,240.0,0.0,6280.0,0.0,0.0,0.0,0.0,0.0,152240.0,0.0,0.0,0.0,0.0,0.0,0.0,0.0
2026-04-12T05:00:00+02:00,6200.0,0.0,0.0,2000.0,2000.0,0.0,0.0,0.0,8000.0,9200.0,0.0,1400.0,0.0,0.0,0.0,2000.0,0.0,160.0,0.0,0.0,80.0,200.0,0.0,0.0,0.0,200.0,280.0,0.0,1400.0,0.0,0.0,0.0,2000.0,0.0,30520.0,0.0,0.0,8200.0,6800.0,0.0,0.0,0.0,44040.0,127400.0,0.0,1400.0,0.0,0.0,0.0,2000.0,0.0
2026-04-12T06:00:00+02:00,2320.0,0.0,0.0,9000.0,2000.0,0.0,0.0,0.0,9120.0,7400.0,0.0,0.0,0.0,0.0,0.0,0.0,0.0,1840.0,0.0,0.0,200.0,1880.0,0.0,0.0,0.0,200.0,160.0,0.0,0.0,0.0,0.0,0.0,0.0,0.0,4160.0,0.0,0.0,114080.0,7880.0,0.0,0.0,0.0,734359.0,68560.0,0.0,0.0,0.0,0.0,0.0,0.0,0.0
2026-04-12T07:00:00+02:00,0.0,0.0,0.0,8880.0,7000.0,0.0,0.0,0.0,9240.0,7240.0,0.0,0.0,0.0,0.0,0.0,0.0,0.0,0.0,0.0,0.0,40.0,200.0,0.0,0.0,0.0,280.0,240.0,0.0,0.0,0.0,0.0,0.0,0.0,0.0,0.0,0.0,0.0,126540.0,31440.0,0.0,0.0,0.0,717628.0,18400.0,0.0,0.0,0.0,0.0,0.0,0.0,0.0
2026-04-12T08:00:00+02:00,280.0,0.0,0.0,9200.0,4080.0,0.0,0.0,2000.0,8680.0,9040.0,200.0,0.0,0.0,0.0,0.0,840.0,0.0,280.0,0.0,0.0,40.0,240.0,0.0,0.0,280.0,160.0,640.0,200.0,0.0,0.0,0.0,0.0,840.0,0.0,280.0,0.0,0.0,180930.0,73280.0,0.0,0.0,12080.0,467479.0,44480.0,200.0,0.0,0.0,0.0,0.0,840.0,0.0
2026-04-12T09:00:00+02:00,2600.0,6520.0,0.0,6000.0,1080.0,0.0,0.0,7520.0,9240.0,9240.0,3960.0,400.0,0.0,0.0,0.0,0.0,0.0,160.0,6520.0,0.0,80.0,1080.0,0.0,0.0,400.0,160.0,160.0,1880.0,400.0,0.0,0.0,0.0,0.0,0.0,6400.0,6520.0,0.0,84520.0,1080.0,0.0,0.0,50640.0,175400.0,55800.0,20720.0,400.0,0.0,0.0,0.0,0.0,0.0
2026-04-12T10:00:00+02:00,3000.0,0.0,0.0,0.0,0.0,0.0,0.0,0.0,3680.0,9360.0,2800.0,0.0,0.0,0.0,0.0,0.0,0.0,160.0,0.0,0.0,0.0,0.0,0.0,0.0,0.0,160.0,120.0,200.0,0.0,0.0,0.0,0.0,0.0,0.0,12000.0,0.0,0.0,0.0,0.0,0.0,0.0,0.0,14520.0,219350.0,3000.0,0.0,0.0,0.0,0.0,0.0,0.0
2026-04-12T11:00:00+02:00,1080.0,5720.0,0.0,2960.0,440.0,0.0,0.0,0.0,9400.0,9400.0,6920.0,3200.0,0.0,0.0,0.0,0.0,0.0,160.0,40.0,0.0,160.0,440.0,0.0,0.0,0.0,40.0,40.0,720.0,160.0,0.0,0.0,0.0,0.0,0.0,5040.0,10120.0,0.0,11720.0,440.0,0.0,0.0,0.0,732479.0,1072539.0,48520.0,3680.0,0.0,0.0,0.0,0.0,0.0
2026-04-12T12:00:00+02:00,2400.0,0.0,0.0,2000.0,4560.0,0.0,0.0,0.0,9320.0,9400.0,6720.0,1320.0,0.0,0.0,0.0,0.0,6800.0,200.0,0.0,0.0,200.0,1960.0,0.0,0.0,0.0,40.0,40.0,160.0,280.0,0.0,0.0,0.0,0.0,480.0,21880.0,0.0,0.0,15000.0,6520.0,0.0,0.0,0.0,904177.0,760239.0,47520.0,1600.0,0.0,0.0,0.0,0.0,13240.0
2026-04-12T13:00:00+02:00,9280.0,2360.0,0.0,7930.0,0.0,0.0,0.0,0.0,9280.0,9360.0,9000.0,0.0,0.0,0.0,0.0,0.0,0.0,120.0,2360.0,0.0,120.0,0.0,0.0,0.0,0.0,40.0,40.0,120.0,0.0,0.0,0.0,0.0,0.0,0.0,117320.0,2360.0,0.0,61050.0,0.0,0.0,0.0,0.0,857268.0,804119.0,43440.0,0.0,0.0,0.0,0.0,0.0,0.0
2026-04-12T14:00:00+02:00,8520.0,8840.0,0.0,7760.0,0.0,0.0,0.0,5840.0,6440.0,9200.0,5640.0,0.0,1920.0,0.0,0.0,0.0,0.0,200.0,200.0,0.0,40.0,0.0,0.0,0.0,5840.0,200.0,120.0,160.0,0.0,240.0,0.0,0.0,0.0,0.0,72080.0,43480.0,0.0,59920.0,0.0,0.0,0.0,5840.0,182100.0,643880.0,64120.0,0.0,2160.0,0.0,0.0,0.0,0.0
2026-04-12T15:00:00+02:00,8000.0,9160.0,0.0,4200.0,1960.0,0.0,0.0,0.0,8920.0,8480.0,6920.0,0.0,1680.0,0.0,0.0,0.0,0.0,40.0,160.0,0.0,120.0,1200.0,0.0,0.0,0.0,160.0,120.0,160.0,0.0,1680.0,0.0,0.0,0.0,0.0,84680.0,47600.0,0.0,23860.0,6640.0,0.0,0.0,0.0,182560.0,367560.0,36520.0,0.0,1680.0,0.0,0.0,0.0,0.0
2026-04-12T16:00:00+02:00,5840.0,7600.0,0.0,8800.0,6000.0,0.0,0.0,0.0,8000.0,9280.0,8760.0,0.0,0.0,0.0,0.0,0.0,0.0,160.0,80.0,0.0,200.0,240.0,0.0,0.0,0.0,280.0,160.0,160.0,0.0,0.0,0.0,0.0,0.0,0.0,41330.0,37520.0,0.0,81530.0,64760.0,0.0,0.0,0.0,249200.0,252259.0,39170.0,0.0,0.0,0.0,0.0,0.0,0.0
2026-04-12T17:00:00+02:00,9160.0,5320.0,0.0,8800.0,8840.0,0.0,0.0,0.0,8920.0,9280.0,3920.0,0.0,0.0,0.0,0.0,0.0,0.0,320.0,160.0,0.0,160.0,160.0,0.0,0.0,0.0,120.0,40.0,3920.0,0.0,0.0,0.0,0.0,0.0,0.0,109360.0,13840.0,0.0,168250.0,657357.0,0.0,0.0,0.0,584559.0,632598.0,3920.0,0.0,0.0,0.0,0.0,0.0,0.0
2026-04-12T18:00:00+02:00,9160.0,4440.0,0.0,5840.0,9320.0,0.0,0.0,6800.0,8840.0,9320.0,1640.0,0.0,0.0,0.0,0.0,0.0,0.0,120.0,920.0,0.0,80.0,120.0,0.0,0.0,600.0,240.0,120.0,760.0,0.0,0.0,0.0,0.0,0.0,0.0,96640.0,5360.0,0.0,44720.0,434240.0,0.0,0.0,31600.0,293240.0,596848.0,2400.0,0.0,0.0,0.0,0.0,0.0,0.0
2026-04-12T19:00:00+02:00,5120.0,6480.0,0.0,5960.0,9120.0,0.0,0.0,7040.0,8039.0,9320.0,7800.0,7200.0,0.0,0.0,0.0,0.0,0.0,160.0,1360.0,0.0,80.0,160.0,0.0,0.0,160.0,360.0,40.0,360.0,3410.0,0.0,0.0,0.0,0.0,0.0,25160.0,17920.0,0.0,6720.0,141880.0,0.0,0.0,24520.0,408319.0,685007.0,17320.0,14130.0,0.0,0.0,0.0,0.0,0.0
2026-04-12T20:00:00+02:00,1200.0,5240.0,0.0,1240.0,6680.0,0.0,0.0,0.0,8000.0,8760.0,2040.0,0.0,0.0,0.0,0.0,0.0,0.0,360.0,1080.0,0.0,560.0,160.0,0.0,0.0,0.0,160.0,160.0,200.0,0.0,0.0,0.0,0.0,0.0,0.0,2600.0,14520.0,0.0,1800.0,101520.0,0.0,0.0,0.0,244000.0,171280.0,6680.0,0.0,0.0,0.0,0.0,0.0,0.0
2026-04-12T21:00:00+02:00,3160.0,4160.0,0.0,120.0,0.0,0.0,0.0,0.0,2080.0,9120.0,0.0,160.0,0.0,0.0,0.0,0.0,0.0,560.0,280.0,0.0,120.0,0.0,0.0,0.0,0.0,2080.0,160.0,0.0,160.0,0.0,0.0,0.0,0.0,0.0,3720.0,4440.0,0.0,120.0,0.0,0.0,0.0,0.0,2080.0,60480.0,0.0,160.0,0.0,0.0,0.0,0.0,0.0
2026-04-12T22:00:00+02:00,1280.0,0.0,0.0,1800.0,0.0,0.0,0.0,0.0,0.0,9000.0,0.0,0.0,0.0,0.0,0.0,0.0,0.0,360.0,0.0,0.0,440.0,0.0,0.0,0.0,0.0,0.0,40.0,0.0,0.0,0.0,0.0,0.0,0.0,0.0,1640.0,0.0,0.0,5160.0,0.0,0.0,0.0,0.0,0.0,52240.0,0.0,0.0,0.0,0.0,0.0,0.0,0.0
2026-04-12T23:00:00+02:00,400.0,0.0,0.0,1960.0,0.0,0.0,0.0,0.0,0.0,6400.0,0.0,0.0,0.0,0.0,0.0,0.0,0.0,160.0,0.0,0.0,40.0,0.0,0.0,0.0,0.0,0.0,1840.0,0.0,0.0,0.0,0.0,0.0,0.0,0.0,560.0,0.0,0.0,8040.0,0.0,0.0,0.0,0.0,0.0,33640.0,0.0,0.0,0.0,0.0,0.0,0.0,0.0
2026-04-13T00:00:00+02:00,2040.0,0.0,0.0,2040.0,0.0,0.0,0.0,0.0,0.0,120.0,0.0,0.0,0.0,0.0,0.0,0.0,0.0,160.0,0.0,0.0,40.0,0.0,0.0,0.0,0.0,0.0,120.0,0.0,0.0,0.0,0.0,0.0,0.0,0.0,13960.0,0.0,0.0,6240.0,0.0,0.0,0.0,0.0,0.0,120.0,0.0,0.0,0.0,0.0,0.0,0.0,0.0
2026-04-13T01:00:00+02:00,2000.0,0.0,0.0,520.0,0.0,0.0,0.0,0.0,0.0,1040.0,0.0,0.0,0.0,0.0,0.0,0.0,0.0,160.0,0.0,0.0,240.0,0.0,0.0,0.0,0.0,0.0,1040.0,0.0,0.0,0.0,0.0,0.0,0.0,0.0,28640.0,0.0,0.0,1200.0,0.0,0.0,0.0,0.0,0.0,1040.0,0.0,0.0,0.0,0.0,0.0,0.0,0.0
2026-04-13T02:00:00+02:00,0.0,0.0,0.0,360.0,2720.0,0.0,0.0,0.0,440.0,0.0,0.0,0.0,0.0,0.0,0.0,0.0,0.0,0.0,0.0,0.0,360.0,400.0,0.0,0.0,0.0,440.0,0.0,0.0,0.0,0.0,0.0,0.0,0.0,0.0,0.0,0.0,0.0,360.0,12560.0,0.0,0.0,0.0,440.0,0.0,0.0,0.0,0.0,0.0,0.0,0.0,0.0
2026-04-13T03:00:00+02:00,1840.0,0.0,0.0,0.0,1960.0,0.0,0.0,0.0,0.0,0.0,0.0,0.0,0.0,0.0,0.0,0.0,0.0,160.0,0.0,0.0,0.0,720.0,0.0,0.0,0.0,0.0,0.0,0.0,0.0,0.0,0.0,0.0,0.0,0.0,7840.0,0.0,0.0,0.0,6000.0,0.0,0.0,0.0,0.0,0.0,0.0,0.0,0.0,0.0,0.0,0.0,0.0
2026-04-13T04:00:00+02:00,1640.0,0.0,0.0,1480.0,0.0,0.0,0.0,0.0,0.0,2880.0,0.0,0.0,0.0,0.0,0.0,0.0,0.0,520.0,0.0,0.0,120.0,0.0,0.0,0.0,0.0,0.0,160.0,0.0,0.0,0.0,0.0,0.0,0.0,0.0,3960.0,0.0,0.0,1600.0,0.0,0.0,0.0,0.0,0.0,9800.0,0.0,0.0,0.0,0.0,0.0,0.0,0.0
2026-04-13T05:00:00+02:00,1240.0,1040.0,0.0,0.0,0.0,0.0,0.0,0.0,8440.0,4400.0,7520.0,0.0,0.0,0.0,0.0,0.0,0.0,120.0,1040.0,0.0,0.0,0.0,0.0,0.0,0.0,120.0,2000.0,240.0,0.0,0.0,0.0,0.0,0.0,0.0,3320.0,1040.0,0.0,0.0,0.0,0.0,0.0,0.0,166600.0,6400.0,23480.0,0.0,0.0,0.0,0.0,0.0,0.0
2026-04-13T06:00:00+02:00,0.0,4880.0,0.0,7960.0,7960.0,0.0,0.0,3960.0,9280.0,9400.0,0.0,0.0,0.0,0.0,0.0,0.0,0.0,0.0,800.0,0.0,800.0,160.0,0.0,0.0,360.0,160.0,160.0,0.0,0.0,0.0,0.0,0.0,0.0,0.0,0.0,6880.0,0.0,29180.0,295280.0,0.0,0.0,21920.0,664599.0,34560.0,0.0,0.0,0.0,0.0,0.0,0.0,0.0
2026-04-13T07:00:00+02:00,0.0,7960.0,0.0,7800.0,8000.0,0.0,0.0,2000.0,8720.0,9320.0,720.0,2320.0,0.0,0.0,0.0,960.0,0.0,0.0,1080.0,0.0,200.0,160.0,0.0,0.0,200.0,200.0,160.0,720.0,2320.0,0.0,0.0,0.0,960.0,0.0,0.0,22160.0,0.0,39280.0,101600.0,0.0,0.0,8320.0,442400.0,81560.0,720.0,2320.0,0.0,0.0,0.0,960.0,0.0
2026-04-13T08:00:00+02:00,2200.0,880.0,0.0,8000.0,8400.0,0.0,0.0,0.0,9200.0,9280.0,6360.0,0.0,2840.0,0.0,0.0,0.0,0.0,760.0,80.0,0.0,80.0,1440.0,0.0,0.0,0.0,400.0,80.0,6360.0,0.0,2840.0,0.0,0.0,0.0,0.0,5640.0,960.0,0.0,77740.0,150798.0,0.0,0.0,0.0,183159.0,122560.0,6360.0,0.0,2840.0,0.0,0.0,0.0,0.0
2026-04-13T09:00:00+02:00,6600.0,6240.0,0.0,6560.0,9320.0,0.0,0.0,4040.0,9080.0,9280.0,2080.0,0.0,0.0,0.0,0.0,3560.0,0.0,160.0,1480.0,0.0,40.0,120.0,0.0,0.0,1120.0,120.0,80.0,640.0,0.0,0.0,0.0,0.0,3560.0,0.0,13320.0,13640.0,0.0,64009.0,619278.0,0.0,0.0,5160.0,544900.0,247880.0,8040.0,0.0,0.0,0.0,0.0,3560.0,0.0
2026-04-13T10:00:00+02:00,6280.0,4520.0,0.0,8560.0,9320.0,0.0,0.0,5720.0,8039.0,9240.0,2640.0,0.0,0.0,0.0,0.0,440.0,0.0,400.0,1040.0,0.0,120.0,120.0,0.0,0.0,2040.0,120.0,80.0,360.0,0.0,0.0,0.0,0.0,440.0,0.0,9800.0,8320.0,0.0,124070.0,607360.0,0.0,0.0,11760.0,594599.0,279700.0,3000.0,0.0,0.0,0.0,0.0,440.0,0.0
2026-04-13T11:00:00+02:00,7680.0,7600.0,0.0,7840.0,8600.0,0.0,0.0,0.0,8440.0,9320.0,9360.0,0.0,0.0,0.0,0.0,2760.0,0.0,160.0,1160.0,0.0,80.0,240.0,0.0,0.0,0.0,120.0,40.0,1520.0,0.0,0.0,0.0,0.0,2760.0,0.0,20440.0,25080.0,0.0,116230.0,577639.0,0.0,0.0,0.0,787768.0,384760.0,35640.0,0.0,0.0,0.0,0.0,2760.0,0.0
2026-04-13T12:00:00+02:00,6600.0,0.0,0.0,1080.0,8000.0,0.0,0.0,0.0,8000.0,8800.0,9120.0,0.0,0.0,0.0,0.0,0.0,0.0,160.0,0.0,0.0,200.0,160.0,0.0,0.0,0.0,80.0,40.0,200.0,0.0,0.0,0.0,0.0,0.0,0.0,26320.0,0.0,0.0,1280.0,215920.0,0.0,0.0,0.0,105200.0,464560.0,28800.0,0.0,0.0,0.0,0.0,0.0,0.0
2026-04-13T13:00:00+02:00,6360.0,8520.0,0.0,6520.0,7760.0,0.0,0.0,0.0,8360.0,9200.0,9080.0,240.0,0.0,0.0,0.0,0.0,3880.0,160.0,2160.0,0.0,760.0,280.0,0.0,0.0,0.0,200.0,120.0,280.0,240.0,0.0,0.0,0.0,0.0,3880.0,13320.0,26480.0,0.0,8760.0,140960.0,0.0,0.0,0.0,135400.0,219480.0,63880.0,240.0,0.0,0.0,0.0,0.0,3880.0
2026-04-13T14:00:00+02:00,7920.0,3760.0,0.0,7440.0,8039.0,0.0,0.0,1560.0,7920.0,9090.0,8320.0,0.0,0.0,0.0,0.0,0.0,0.0,120.0,1520.0,0.0,160.0,200.0,0.0,0.0,440.0,200.0,200.0,160.0,0.0,0.0,0.0,0.0,0.0,0.0,91560.0,7480.0,0.0,48520.0,173157.0,0.0,0.0,4200.0,335520.0,253730.0,45360.0,0.0,0.0,0.0,0.0,0.0,0.0
2026-04-13T15:00:00+02:00,2360.0,4800.0,0.0,6880.0,9120.0,0.0,0.0,2040.0,9280.0,9120.0,8119.0,3640.0,0.0,0.0,0.0,0.0,0.0,200.0,760.0,0.0,120.0,200.0,0.0,0.0,960.0,120.0,40.0,520.0,3640.0,0.0,0.0,0.0,0.0,0.0,13600.0,17360.0,0.0,31120.0,752598.0,0.0,0.0,4960.0,1084558.0,405840.0,15639.0,3640.0,0.0,0.0,0.0,0.0,0.0
2026-04-13T16:00:00+02:00,720.0,8000.0,0.0,8119.0,9240.0,0.0,0.0,840.0,9040.0,9120.0,9240.0,0.0,0.0,0.0,0.0,4760.0,0.0,120.0,400.0,0.0,200.0,160.0,0.0,0.0,840.0,120.0,40.0,200.0,0.0,0.0,0.0,0.0,4760.0,0.0,1400.0,21360.0,0.0,36919.0,623959.0,0.0,0.0,840.0,912157.0,310838.0,44160.0,0.0,0.0,0.0,0.0,4760.0,0.0
2026-04-13T17:00:00+02:00,5320.0,8960.0,0.0,6090.0,9000.0,0.0,0.0,320.0,9360.0,9280.0,1240.0,0.0,0.0,0.0,0.0,0.0,0.0,160.0,160.0,0.0,40.0,160.0,0.0,0.0,320.0,80.0,80.0,840.0,0.0,0.0,0.0,0.0,0.0,0.0,22640.0,41080.0,0.0,46650.0,576760.0,0.0,0.0,320.0,613918.0,151040.0,2080.0,0.0,0.0,0.0,0.0,0.0,0.0
2026-04-13T18:00:00+02:00,8119.0,2000.0,0.0,3880.0,9320.0,0.0,0.0,3400.0,8160.0,8880.0,0.0,0.0,0.0,0.0,0.0,0.0,0.0,160.0,160.0,0.0,360.0,160.0,0.0,0.0,1640.0,160.0,80.0,0.0,0.0,0.0,0.0,0.0,0.0,0.0,25119.0,10960.0,0.0,18280.0,360360.0,0.0,0.0,5040.0,323880.0,229280.0,0.0,0.0,0.0,0.0,0.0,0.0,0.0
2026-04-13T19:00:00+02:00,3200.0,5880.0,0.0,1960.0,8840.0,0.0,0.0,7960.0,8039.0,8640.0,0.0,0.0,0.0,0.0,0.0,0.0,0.0,160.0,360.0,0.0,1960.0,160.0,0.0,0.0,7960.0,240.0,80.0,0.0,0.0,0.0,0.0,0.0,0.0,0.0,11000.0,19560.0,0.0,1960.0,178280.0,0.0,0.0,7960.0,135519.0,59040.0,0.0,0.0,0.0,0.0,0.0,0.0,0.0
2026-04-13T20:00:00+02:00,1320.0,6120.0,0.0,6000.0,7640.0,0.0,0.0,0.0,8960.0,8240.0,360.0,0.0,0.0,0.0,0.0,0.0,0.0,520.0,600.0,0.0,240.0,240.0,0.0,0.0,0.0,120.0,40.0,240.0,0.0,0.0,0.0,0.0,0.0,0.0,3240.0,20920.0,0.0,9480.0,111760.0,0.0,0.0,0.0,614040.0,154920.0,600.0,0.0,0.0,0.0,0.0,0.0,0.0
2026-04-13T21:00:00+02:00,6440.0,0.0,0.0,280.0,4320.0,0.0,0.0,0.0,0.0,9240.0,240.0,1280.0,0.0,0.0,0.0,240.0,0.0,120.0,0.0,0.0,280.0,120.0,0.0,0.0,0.0,0.0,40.0,240.0,1280.0,0.0,0.0,0.0,240.0,0.0,241880.0,0.0,0.0,280.0,20280.0,0.0,0.0,0.0,0.0,83100.0,240.0,1280.0,0.0,0.0,0.0,240.0,0.0
2026-04-13T22:00:00+02:00,7880.0,0.0,0.0,0.0,2000.0,0.0,0.0,280.0,0.0,9360.0,0.0,120.0,0.0,0.0,0.0,0.0,0.0,160.0,0.0,0.0,0.0,200.0,0.0,0.0,280.0,0.0,120.0,0.0,120.0,0.0,0.0,0.0,0.0,0.0,217720.0,0.0,0.0,0.0,15880.0,0.0,0.0,280.0,0.0,52200.0,0.0,120.0,0.0,0.0,0.0,0.0,0.0
2026-04-13T23:00:00+02:00,6960.0,0.0,0.0,0.0,1520.0,0.0,0.0,0.0,0.0,1960.0,0.0,0.0,0.0,0.0,0.0,0.0,0.0,160.0,0.0,0.0,0.0,240.0,0.0,0.0,0.0,0.0,560.0,0.0,0.0,0.0,0.0,0.0,0.0,0.0,196440.0,0.0,0.0,0.0,5440.0,0.0,0.0,0.0,0.0,4600.0,0.0,0.0,0.0,0.0,0.0,0.0,0.0
2026-04-14T00:00:00+02:00,7880.0,0.0,0.0,0.0,2720.0,0.0,0.0,0.0,0.0,4360.0,0.0,0.0,0.0,0.0,0.0,0.0,0.0,160.0,0.0,0.0,0.0,240.0,0.0,0.0,0.0,0.0,4360.0,0.0,0.0,0.0,0.0,0.0,0.0,0.0,134560.0,0.0,0.0,0.0,7520.0,0.0,0.0,0.0,0.0,4360.0,0.0,0.0,0.0,0.0,0.0,0.0,0.0
2026-04-14T01:00:00+02:00,8280.0,0.0,0.0,0.0,3640.0,0.0,0.0,0.0,0.0,8680.0,0.0,0.0,0.0,0.0,0.0,0.0,0.0,120.0,0.0,0.0,0.0,320.0,0.0,0.0,0.0,0.0,720.0,0.0,0.0,0.0,0.0,0.0,0.0,0.0,276640.0,0.0,0.0,0.0,10120.0,0.0,0.0,0.0,0.0,17440.0,0.0,0.0,0.0,0.0,0.0,0.0,0.0
2026-04-14T02:00:00+02:00,8160.0,0.0,0.0,2000.0,3760.0,0.0,0.0,0.0,1280.0,7720.0,0.0,0.0,0.0,0.0,0.0,0.0,0.0,120.0,0.0,0.0,80.0,240.0,0.0,0.0,0.0,1280.0,1720.0,0.0,0.0,0.0,0.0,0.0,0.0,0.0,582160.0,0.0,0.0,6760.0,12880.0,0.0,0.0,0.0,1280.0,16640.0,0.0,0.0,0.0,0.0,0.0,0.0,0.0
2026-04-14T03:00:00+02:00,3880.0,1880.0,0.0,3080.0,9160.0,0.0,0.0,0.0,0.0,4000.0,0.0,0.0,0.0,0.0,0.0,0.0,0.0,120.0,1880.0,0.0,120.0,160.0,0.0,0.0,0.0,0.0,120.0,0.0,0.0,0.0,0.0,0.0,0.0,0.0,49800.0,1880.0,0.0,50520.0,607679.0,0.0,0.0,0.0,0.0,41960.0,0.0,0.0,0.0,0.0,0.0,0.0,0.0
2026-04-14T04:00:00+02:00,5040.0,0.0,0.0,6040.0,8480.0,0.0,0.0,0.0,0.0,2040.0,0.0,0.0,0.0,0.0,0.0,0.0,0.0,120.0,0.0,0.0,40.0,120.0,0.0,0.0,0.0,0.0,240.0,0.0,0.0,0.0,0.0,0.0,0.0,0.0,64760.0,0.0,0.0,56320.0,355639.0,0.0,0.0,0.0,0.0,26280.0,0.0,0.0,0.0,0.0,0.0,0.0,0.0
2026-04-14T05:00:00+02:00,5920.0,0.0,0.0,4640.0,8000.0,0.0,0.0,0.0,8000.0,3280.0,0.0,0.0,0.0,0.0,0.0,0.0,0.0,160.0,0.0,0.0,120.0,160.0,0.0,0.0,0.0,160.0,120.0,0.0,0.0,0.0,0.0,0.0,0.0,0.0,45440.0,0.0,0.0,40600.0,115320.0,0.0,0.0,0.0,64480.0,18800.0,0.0,0.0,0.0,0.0,0.0,0.0,0.0
2026-04-14T06:00:00+02:00,1960.0,80.0,0.0,7520.0,7720.0,0.0,0.0,4240.0,8000.0,9280.0,0.0,0.0,0.0,0.0,0.0,0.0,0.0,160.0,80.0,0.0,200.0,200.0,0.0,0.0,280.0,160.0,120.0,0.0,0.0,0.0,0.0,0.0,0.0,0.0,2720.0,80.0,0.0,33000.0,121120.0,0.0,0.0,6600.0,78240.0,35600.0,0.0,0.0,0.0,0.0,0.0,0.0,0.0
2026-04-14T07:00:00+02:00,2000.0,3720.0,0.0,1480.0,8000.0,0.0,0.0,6640.0,4160.0,9320.0,8360.0,1520.0,0.0,0.0,0.0,0.0,0.0,160.0,1640.0,0.0,1480.0,120.0,0.0,0.0,40.0,160.0,40.0,8360.0,1520.0,0.0,0.0,0.0,0.0,0.0,4080.0,7480.0,0.0,1480.0,375840.0,0.0,0.0,30520.0,143320.0,158360.0,8360.0,1520.0,0.0,0.0,0.0,0.0,0.0
2026-04-14T08:00:00+02:00,2760.0,0.0,0.0,5400.0,9080.0,0.0,0.0,6920.0,5920.0,9240.0,1440.0,0.0,0.0,0.0,0.0,0.0,120.0,160.0,0.0,0.0,1640.0,120.0,0.0,0.0,80.0,40.0,40.0,360.0,0.0,0.0,0.0,0.0,0.0,120.0,13240.0,0.0,0.0,11000.0,528160.0,0.0,0.0,54600.0,236040.0,287920.0,1800.0,0.0,0.0,0.0,0.0,0.0,120.0
2026-04-14T09:00:00+02:00,2240.0,0.0,0.0,1720.0,9320.0,0.0,0.0,3280.0,8720.0,9240.0,200.0,0.0,0.0,0.0,0.0,0.0,0.0,160.0,0.0,0.0,200.0,200.0,0.0,0.0,160.0,200.0,120.0,200.0,0.0,0.0,0.0,0.0,0.0,0.0,3600.0,0.0,0.0,5500.0,393719.0,0.0,0.0,24160.0,332050.0,223880.0,200.0,0.0,0.0,0.0,0.0,0.0,0.0
2026-04-14T10:00:00+02:00,1960.0,0.0,0.0,1560.0,9000.0,0.0,0.0,7880.0,8000.0,9280.0,6280.0,0.0,0.0,0.0,0.0,0.0,0.0,200.0,0.0,0.0,720.0,120.0,0.0,0.0,120.0,120.0,80.0,240.0,0.0,0.0,0.0,0.0,0.0,0.0,4160.0,0.0,0.0,4600.0,346639.0,0.0,0.0,65640.0,109120.0,212880.0,10760.0,0.0,0.0,0.0,0.0,0.0,0.0
2026-04-14T11:00:00+02:00,4880.0,4720.0,0.0,4480.0,9320.0,0.0,0.0,9080.0,5920.0,8920.0,6640.0,0.0,0.0,0.0,0.0,0.0,0.0,160.0,4400.0,0.0,40.0,240.0,0.0,0.0,80.0,360.0,40.0,160.0,0.0,0.0,0.0,0.0,0.0,0.0,12440.0,9120.0,0.0,9240.0,242517.0,0.0,0.0,63800.0,62440.0,322959.0,17400.0,0.0,0.0,0.0,0.0,0.0,0.0
2026-04-14T12:00:00+02:00,3760.0,9160.0,0.0,3800.0,8600.0,0.0,0.0,5760.0,8720.0,8680.0,3800.0,0.0,0.0,0.0,0.0,0.0,0.0,240.0,520.0,0.0,520.0,240.0,0.0,0.0,160.0,160.0,40.0,240.0,0.0,0.0,0.0,0.0,0.0,0.0,10040.0,11080.0,0.0,15080.0,190880.0,0.0,0.0,23000.0,111080.0,253879.0,4040.0,0.0,0.0,0.0,0.0,0.0,0.0
2026-04-14T13:00:00+02:00,7360.0,4800.0,0.0,7240.0,8640.0,0.0,0.0,9120.0,9320.0,9080.0,4640.0,0.0,0.0,0.0,0.0,280.0,0.0,160.0,120.0,0.0,200.0,160.0,0.0,0.0,2000.0,160.0,40.0,200.0,0.0,0.0,0.0,0.0,280.0,0.0,25800.0,9240.0,0.0,54360.0,492920.0,0.0,0.0,36200.0,1071838.0,341740.0,7400.0,0.0,0.0,0.0,0.0,280.0,0.0
2026-04-14T14:00:00+02:00,9160.0,8480.0,0.0,5960.0,5960.0,0.0,0.0,3840.0,9240.0,9160.0,7720.0,3960.0,2040.0,0.0,0.0,2870.0,480.0,120.0,40.0,0.0,320.0,160.0,0.0,0.0,1680.0,160.0,120.0,600.0,3960.0,200.0,0.0,0.0,2870.0,480.0,25200.0,14440.0,0.0,26720.0,131480.0,0.0,0.0,13360.0,710359.0,431200.0,21680.0,3960.0,2240.0,0.0,0.0,2870.0,480.0
2026-04-14T15:00:00+02:00,7000.0,7200.0,0.0,8000.0,8000.0,0.0,0.0,6000.0,9200.0,9080.0,5800.0,520.0,0.0,0.0,0.0,0.0,4960.0,120.0,1400.0,0.0,440.0,240.0,0.0,0.0,200.0,200.0,40.0,160.0,520.0,0.0,0.0,0.0,0.0,1080.0,38440.0,19640.0,0.0,75000.0,318040.0,0.0,0.0,39200.0,513036.0,520839.0,36640.0,520.0,0.0,0.0,0.0,0.0,6040.0
2026-04-14T16:00:00+02:00,3920.0,3440.0,0.0,8000.0,8039.0,0.0,0.0,0.0,8680.0,8920.0,8840.0,2720.0,0.0,0.0,0.0,0.0,0.0,160.0,600.0,0.0,160.0,200.0,0.0,0.0,0.0,160.0,40.0,360.0,2720.0,0.0,0.0,0.0,0.0,0.0,15600.0,10080.0,0.0,105000.0,222396.0,0.0,0.0,0.0,381197.0,349877.0,68160.0,2720.0,0.0,0.0,0.0,0.0,0.0
2026-04-14T17:00:00+02:00,4120.0,2560.0,0.0,8000.0,8000.0,0.0,0.0,6040.0,8000.0,9200.0,6960.0,0.0,0.0,0.0,0.0,0.0,0.0,200.0,200.0,0.0,40.0,200.0,0.0,0.0,1360.0,160.0,40.0,200.0,0.0,0.0,0.0,0.0,0.0,0.0,7160.0,15600.0,0.0,106920.0,168320.0,0.0,0.0,28480.0,160640.0,244440.0,42880.0,0.0,0.0,0.0,0.0,0.0,0.0
2026-04-14T18:00:00+02:00,2840.0,4560.0,0.0,4120.0,9080.0,0.0,0.0,0.0,9240.0,9000.0,7960.0,1320.0,0.0,0.0,0.0,0.0,0.0,200.0,3160.0,0.0,160.0,200.0,0.0,0.0,0.0,200.0,40.0,840.0,1320.0,0.0,0.0,0.0,0.0,0.0,9720.0,15600.0,0.0,46280.0,300718.0,0.0,0.0,0.0,304479.0,187880.0,68400.0,1320.0,0.0,0.0,0.0,0.0,0.0
2026-04-14T19:00:00+02:00,4640.0,9120.0,0.0,6000.0,8840.0,0.0,0.0,0.0,8960.0,8640.0,8000.0,0.0,0.0,0.0,0.0,0.0,0.0,120.0,1080.0,0.0,160.0,120.0,0.0,0.0,0.0,280.0,40.0,200.0,0.0,0.0,0.0,0.0,0.0,0.0,17320.0,23990.0,0.0,51280.0,523039.0,0.0,0.0,0.0,276240.0,504028.0,109480.0,0.0,0.0,0.0,0.0,0.0,0.0
2026-04-14T20:00:00+02:00,7680.0,5320.0,0.0,4560.0,8000.0,0.0,0.0,0.0,7960.0,9120.0,8920.0,3240.0,0.0,0.0,0.0,0.0,0.0,120.0,3910.0,0.0,240.0,200.0,0.0,0.0,0.0,120.0,40.0,280.0,3240.0,0.0,0.0,0.0,0.0,0.0,39480.0,14190.0,0.0,4800.0,78400.0,0.0,0.0,0.0,220960.0,391127.0,48240.0,3240.0,0.0,0.0,0.0,0.0,0.0
2026-04-14T21:00:00+02:00,5120.0,2440.0,0.0,0.0,0.0,0.0,0.0,0.0,200.0,7640.0,8160.0,0.0,0.0,0.0,0.0,0.0,0.0,200.0,1920.0,0.0,0.0,0.0,0.0,0.0,0.0,200.0,160.0,160.0,0.0,0.0,0.0,0.0,0.0,0.0,11480.0,8480.0,0.0,0.0,0.0,0.0,0.0,0.0,200.0,72630.0,45600.0,0.0,0.0,0.0,0.0,0.0,0.0
2026-04-14T22:00:00+02:00,2000.0,0.0,0.0,0.0,0.0,0.0,0.0,0.0,3160.0,6000.0,0.0,1600.0,0.0,0.0,0.0,0.0,0.0,440.0,0.0,0.0,0.0,0.0,0.0,0.0,0.0,3160.0,280.0,0.0,1280.0,0.0,0.0,0.0,0.0,0.0,14400.0,0.0,0.0,0.0,0.0,0.0,0.0,0.0,3160.0,114640.0,0.0,4400.0,0.0,0.0,0.0,0.0,0.0
2026-04-14T23:00:00+02:00,2000.0,3040.0,0.0,0.0,2000.0,0.0,0.0,0.0,0.0,6360.0,0.0,2000.0,0.0,0.0,0.0,0.0,0.0,160.0,3040.0,0.0,0.0,1080.0,0.0,0.0,0.0,0.0,160.0,0.0,2000.0,0.0,0.0,0.0,0.0,0.0,28800.0,3040.0,0.0,0.0,3080.0,0.0,0.0,0.0,0.0,29040.0,0.0,2000.0,0.0,0.0,0.0,0.0,0.0
2026-04-15T00:00:00+02:00,3680.0,0.0,0.0,0.0,1160.0,0.0,0.0,0.0,0.0,2720.0,0.0,1760.0,0.0,0.0,0.0,0.0,0.0,240.0,0.0,0.0,0.0,440.0,0.0,0.0,0.0,0.0,120.0,0.0,1440.0,0.0,0.0,0.0,0.0,0.0,25440.0,0.0,0.0,0.0,2160.0,0.0,0.0,0.0,0.0,26840.0,0.0,3200.0,0.0,0.0,0.0,0.0,0.0
2026-04-15T01:00:00+02:00,2000.0,0.0,0.0,0.0,2200.0,0.0,0.0,0.0,0.0,6280.0,0.0,3880.0,0.0,0.0,0.0,0.0,0.0,120.0,0.0,0.0,0.0,120.0,0.0,0.0,0.0,0.0,120.0,0.0,160.0,0.0,0.0,0.0,0.0,0.0,24600.0,0.0,0.0,0.0,5880.0,0.0,0.0,0.0,0.0,18560.0,0.0,22480.0,0.0,0.0,0.0,0.0,0.0
2026-04-15T02:00:00+02:00,2880.0,0.0,0.0,1760.0,1720.0,0.0,0.0,0.0,0.0,1400.0,0.0,680.0,0.0,0.0,0.0,0.0,0.0,160.0,0.0,0.0,160.0,120.0,0.0,0.0,0.0,0.0,160.0,0.0,680.0,0.0,0.0,0.0,0.0,0.0,21800.0,0.0,0.0,2840.0,2000.0,0.0,0.0,0.0,0.0,3320.0,0.0,680.0,0.0,0.0,0.0,0.0,0.0
2026-04-15T03:00:00+02:00,1960.0,0.0,0.0,5680.0,0.0,0.0,0.0,0.0,1440.0,1120.0,0.0,0.0,0.0,0.0,0.0,0.0,0.0,160.0,0.0,0.0,200.0,0.0,0.0,0.0,0.0,1440.0,1120.0,0.0,0.0,0.0,0.0,0.0,0.0,0.0,5560.0,0.0,0.0,26640.0,0.0,0.0,0.0,0.0,1440.0,1120.0,0.0,0.0,0.0,0.0,0.0,0.0,0.0
2026-04-15T04:00:00+02:00,2200.0,0.0,0.0,5680.0,0.0,0.0,0.0,0.0,0.0,1920.0,0.0,0.0,0.0,0.0,0.0,0.0,0.0,160.0,0.0,0.0,40.0,0.0,0.0,0.0,0.0,0.0,1520.0,0.0,0.0,0.0,0.0,0.0,0.0,0.0,30480.0,0.0,0.0,51800.0,0.0,0.0,0.0,0.0,0.0,6680.0,0.0,0.0,0.0,0.0,0.0,0.0,0.0
2026-04-15T05:00:00+02:00,6000.0,4040.0,0.0,3280.0,840.0,0.0,0.0,0.0,8039.0,9160.0,3960.0,0.0,0.0,0.0,0.0,0.0,0.0,160.0,240.0,0.0,160.0,840.0,0.0,0.0,0.0,240.0,160.0,1080.0,0.0,0.0,0.0,0.0,0.0,0.0,72840.0,16000.0,0.0,24120.0,840.0,0.0,0.0,0.0,186276.0,27560.0,8320.0,0.0,0.0,0.0,0.0,0.0,0.0
2026-04-15T06:00:00+02:00,2040.0,0.0,0.0,9200.0,8160.0,0.0,0.0,2040.0,8039.0,8840.0,0.0,0.0,0.0,0.0,0.0,3200.0,0.0,200.0,0.0,0.0,40.0,280.0,0.0,0.0,120.0,160.0,40.0,0.0,0.0,0.0,0.0,0.0,3200.0,0.0,11480.0,0.0,0.0,79000.0,151798.0,0.0,0.0,5160.0,678998.0,169760.0,0.0,0.0,0.0,0.0,0.0,3200.0,0.0
2026-04-15T07:00:00+02:00,3840.0,2760.0,0.0,2040.0,8480.0,0.0,0.0,0.0,8039.0,9200.0,0.0,0.0,0.0,0.0,0.0,640.0,0.0,3840.0,1520.0,0.0,280.0,2040.0,0.0,0.0,0.0,160.0,40.0,0.0,0.0,0.0,0.0,0.0,640.0,0.0,3840.0,4280.0,0.0,12080.0,22640.0,0.0,0.0,0.0,269836.0,687396.0,0.0,0.0,0.0,0.0,0.0,640.0,0.0
2026-04-15T08:00:00+02:00,7880.0,3840.0,0.0,6040.0,8000.0,0.0,0.0,0.0,8440.0,8720.0,3720.0,0.0,0.0,0.0,0.0,600.0,0.0,2240.0,2080.0,0.0,200.0,560.0,0.0,0.0,0.0,200.0,40.0,3720.0,0.0,0.0,0.0,0.0,600.0,0.0,10120.0,9120.0,0.0,11550.0,94400.0,0.0,0.0,0.0,232780.0,485120.0,3720.0,0.0,0.0,0.0,0.0,600.0,0.0
2026-04-15T09:00:00+02:00,1440.0,3440.0,0.0,8920.0,8240.0,0.0,0.0,3760.0,8440.0,8920.0,0.0,0.0,0.0,0.0,0.0,0.0,0.0,520.0,1400.0,0.0,800.0,200.0,0.0,0.0,2000.0,160.0,40.0,0.0,0.0,0.0,0.0,0.0,0.0,0.0,3360.0,4840.0,0.0,75880.0,208479.0,0.0,0.0,10680.0,286160.0,83280.0,0.0,0.0,0.0,0.0,0.0,0.0,0.0
2026-04-15T10:00:00+02:00,4080.0,480.0,0.0,8000.0,9040.0,0.0,0.0,1120.0,8960.0,9280.0,280.0,0.0,0.0,0.0,0.0,1770.0,3960.0,280.0,480.0,0.0,280.0,920.0,0.0,0.0,1120.0,160.0,40.0,280.0,0.0,0.0,0.0,0.0,1770.0,3960.0,13640.0,480.0,0.0,82160.0,241320.0,0.0,0.0,1120.0,313560.0,263339.0,280.0,0.0,0.0,0.0,0.0,1770.0,3960.0
2026-04-15T11:00:00+02:00,8400.0,4440.0,0.0,4880.0,8000.0,0.0,0.0,840.0,9120.0,9040.0,8600.0,0.0,1760.0,0.0,0.0,3420.0,1000.0,120.0,4440.0,0.0,160.0,240.0,0.0,0.0,840.0,120.0,40.0,240.0,0.0,240.0,0.0,0.0,3420.0,1000.0,80960.0,4440.0,0.0,36280.0,246160.0,0.0,0.0,840.0,493279.0,463400.0,42950.0,0.0,2000.0,0.0,0.0,3420.0,1000.0
2026-04-15T12:00:00+02:00,7720.0,5880.0,0.0,2520.0,5520.0,0.0,0.0,0.0,7880.0,9240.0,8240.0,0.0,0.0,0.0,0.0,0.0,0.0,120.0,680.0,0.0,80.0,560.0,0.0,0.0,0.0,80.0,40.0,280.0,0.0,0.0,0.0,0.0,0.0,0.0,55640.0,15400.0,0.0,23520.0,22680.0,0.0,0.0,0.0,228320.0,535879.0,32640.0,0.0,0.0,0.0,0.0,0.0,0.0
2026-04-15T13:00:00+02:00,7840.0,8600.0,0.0,9150.0,5000.0,0.0,0.0,0.0,8880.0,9040.0,9120.0,0.0,0.0,0.0,0.0,0.0,7480.0,120.0,200.0,0.0,40.0,320.0,0.0,0.0,0.0,120.0,40.0,720.0,0.0,0.0,0.0,0.0,0.0,160.0,113920.0,20080.0,0.0,35060.0,48840.0,0.0,0.0,0.0,550476.0,582528.0,32880.0,0.0,0.0,0.0,0.0,0.0,20880.0
2026-04-15T14:00:00+02:00,5960.0,6960.0,0.0,1840.0,6000.0,0.0,0.0,0.0,8520.0,8840.0,6280.0,160.0,0.0,0.0,0.0,2520.0,0.0,160.0,1080.0,0.0,290.0,160.0,0.0,0.0,0.0,160.0,40.0,520.0,160.0,0.0,0.0,0.0,2520.0,0.0,61680.0,17560.0,0.0,4130.0,101520.0,0.0,0.0,0.0,334839.0,191360.0,17720.0,160.0,0.0,0.0,0.0,2520.0,0.0
2026-04-15T15:00:00+02:00,6920.0,4480.0,0.0,1080.0,8960.0,0.0,0.0,0.0,8000.0,9080.0,880.0,0.0,0.0,0.0,0.0,0.0,0.0,200.0,4480.0,0.0,1080.0,200.0,0.0,0.0,0.0,200.0,40.0,880.0,0.0,0.0,0.0,0.0,0.0,0.0,35360.0,4480.0,0.0,1080.0,111200.0,0.0,0.0,0.0,80000.0,106760.0,880.0,0.0,0.0,0.0,0.0,0.0,0.0
2026-04-15T16:00:00+02:00,7440.0,8640.0,0.0,8840.0,8760.0,0.0,0.0,0.0,8640.0,8840.0,4640.0,0.0,0.0,0.0,0.0,0.0,0.0,160.0,1200.0,0.0,1400.0,120.0,0.0,0.0,0.0,120.0,40.0,200.0,0.0,0.0,0.0,0.0,0.0,0.0,105880.0,58720.0,0.0,10240.0,663278.0,0.0,0.0,0.0,623115.0,502357.0,32120.0,0.0,0.0,0.0,0.0,0.0,0.0
2026-04-15T17:00:00+02:00,3960.0,8960.0,0.0,1720.0,8080.0,0.0,0.0,1040.0,9240.0,9200.0,0.0,4000.0,0.0,0.0,0.0,0.0,0.0,200.0,480.0,0.0,80.0,240.0,0.0,0.0,1040.0,120.0,40.0,0.0,4000.0,0.0,0.0,0.0,0.0,0.0,16680.0,39790.0,0.0,3960.0,532159.0,0.0,0.0,1040.0,687437.0,469009.0,0.0,4000.0,0.0,0.0,0.0,0.0,0.0
2026-04-15T18:00:00+02:00,8000.0,8000.0,0.0,2760.0,9280.0,0.0,0.0,1280.0,8119.0,9160.0,0.0,0.0,0.0,0.0,0.0,520.0,0.0,120.0,160.0,0.0,200.0,160.0,0.0,0.0,1280.0,120.0,40.0,0.0,0.0,0.0,0.0,0.0,520.0,0.0,73920.0,22400.0,0.0,20770.0,594998.0,0.0,0.0,1280.0,463708.0,531480.0,0.0,0.0,0.0,0.0,0.0,520.0,0.0
2026-04-15T19:00:00+02:00,6000.0,5920.0,0.0,7360.0,8000.0,0.0,0.0,0.0,8520.0,9200.0,2120.0,0.0,0.0,0.0,0.0,0.0,0.0,160.0,160.0,0.0,160.0,160.0,0.0,0.0,0.0,200.0,40.0,2120.0,0.0,0.0,0.0,0.0,0.0,0.0,23040.0,61480.0,0.0,26220.0,265560.0,0.0,0.0,0.0,442640.0,195410.0,2120.0,0.0,0.0,0.0,0.0,0.0,0.0
2026-04-15T20:00:00+02:00,880.0,3960.0,0.0,4920.0,8000.0,0.0,0.0,0.0,8039.0,9240.0,4240.0,0.0,0.0,0.0,0.0,0.0,0.0,280.0,120.0,0.0,200.0,280.0,0.0,0.0,0.0,160.0,80.0,320.0,0.0,0.0,0.0,0.0,0.0,0.0,2640.0,23720.0,0.0,21160.0,160120.0,0.0,0.0,0.0,278516.0,160240.0,6560.0,0.0,0.0,0.0,0.0,0.0,0.0
2026-04-15T21:00:00+02:00,3120.0,4280.0,0.0,2400.0,0.0,0.0,0.0,0.0,8960.0,9200.0,0.0,0.0,0.0,0.0,0.0,0.0,0.0,240.0,4280.0,0.0,2400.0,0.0,0.0,0.0,0.0,200.0,160.0,0.0,0.0,0.0,0.0,0.0,0.0,0.0,4480.0,4280.0,0.0,2400.0,0.0,0.0,0.0,0.0,9160.0,115040.0,0.0,0.0,0.0,0.0,0.0,0.0,0.0
2026-04-15T22:00:00+02:00,2000.0,0.0,0.0,1640.0,0.0,0.0,0.0,0.0,2320.0,8680.0,0.0,200.0,0.0,0.0,0.0,0.0,0.0,80.0,0.0,0.0,1640.0,0.0,0.0,0.0,0.0,40.0,40.0,0.0,200.0,0.0,0.0,0.0,0.0,0.0,21720.0,0.0,0.0,1640.0,0.0,0.0,0.0,0.0,3720.0,334800.0,0.0,200.0,0.0,0.0,0.0,0.0,0.0
2026-04-15T23:00:00+02:00,1920.0,0.0,0.0,400.0,0.0,0.0,0.0,0.0,0.0,5880.0,0.0,2000.0,0.0,0.0,0.0,0.0,0.0,240.0,0.0,0.0,400.0,0.0,0.0,0.0,0.0,0.0,160.0,0.0,360.0,0.0,0.0,0.0,0.0,0.0,6000.0,0.0,0.0,400.0,0.0,0.0,0.0,0.0,0.0,109240.0,0.0,14200.0,0.0,0.0,0.0,0.0,0.0
2026-04-16T00:00:00+02:00,2000.0,0.0,0.0,0.0,0.0,0.0,0.0,0.0,0.0,5120.0,0.0,2680.0,0.0,0.0,0.0,0.0,0.0,240.0,0.0,0.0,0.0,0.0,0.0,0.0,0.0,0.0,160.0,0.0,160.0,0.0,0.0,0.0,0.0,0.0,6600.0,0.0,0.0,0.0,0.0,0.0,0.0,0.0,0.0,75440.0,0.0,32920.0,0.0,0.0,0.0,0.0,0.0
2026-04-16T01:00:00+02:00,9040.0,5160.0,0.0,0.0,2400.0,0.0,0.0,0.0,0.0,2160.0,0.0,3960.0,0.0,0.0,0.0,0.0,0.0,240.0,5160.0,0.0,0.0,480.0,0.0,0.0,0.0,0.0,160.0,0.0,160.0,0.0,0.0,0.0,0.0,0.0,185360.0,5160.0,0.0,0.0,4600.0,0.0,0.0,0.0,0.0,43720.0,0.0,15560.0,0.0,0.0,0.0,0.0,0.0
2026-04-16T02:00:00+02:00,9160.0,0.0,0.0,1880.0,4000.0,0.0,0.0,0.0,360.0,7640.0,0.0,1200.0,0.0,0.0,0.0,0.0,0.0,120.0,0.0,0.0,120.0,160.0,0.0,0.0,0.0,360.0,280.0,0.0,240.0,0.0,0.0,0.0,0.0,0.0,154840.0,0.0,0.0,14880.0,12480.0,0.0,0.0,0.0,360.0,52640.0,0.0,3000.0,0.0,0.0,0.0,0.0,0.0
2026-04-16T03:00:00+02:00,9040.0,0.0,0.0,1520.0,2000.0,0.0,0.0,0.0,0.0,8000.0,0.0,8000.0,0.0,0.0,0.0,0.0,0.0,120.0,0.0,0.0,160.0,2000.0,0.0,0.0,0.0,0.0,160.0,0.0,160.0,0.0,0.0,0.0,0.0,0.0,455600.0,0.0,0.0,3520.0,2000.0,0.0,0.0,0.0,0.0,71320.0,0.0,387720.0,0.0,0.0,0.0,0.0,0.0
2026-04-16T04:00:00+02:00,7800.0,0.0,0.0,1680.0,0.0,0.0,0.0,0.0,0.0,7160.0,0.0,0.0,0.0,0.0,0.0,0.0,0.0,120.0,0.0,0.0,120.0,0.0,0.0,0.0,0.0,0.0,240.0,0.0,0.0,0.0,0.0,0.0,0.0,0.0,167280.0,0.0,0.0,11160.0,0.0,0.0,0.0,0.0,0.0,17680.0,0.0,0.0,0.0,0.0,0.0,0.0,0.0
2026-04-16T05:00:00+02:00,2800.0,0.0,0.0,1960.0,0.0,0.0,0.0,0.0,6000.0,8039.0,4480.0,0.0,0.0,0.0,0.0,0.0,0.0,120.0,0.0,0.0,320.0,0.0,0.0,0.0,0.0,160.0,400.0,1280.0,0.0,0.0,0.0,0.0,0.0,0.0,40720.0,0.0,0.0,2760.0,0.0,0.0,0.0,0.0,102560.0,28439.0,9200.0,0.0,0.0,0.0,0.0,0.0,0.0
2026-04-16T06:00:00+02:00,8640.0,0.0,0.0,6720.0,8000.0,0.0,0.0,5400.0,9200.0,7440.0,0.0,200.0,0.0,0.0,0.0,0.0,0.0,240.0,0.0,0.0,40.0,200.0,0.0,0.0,360.0,160.0,80.0,0.0,200.0,0.0,0.0,0.0,0.0,0.0,22640.0,0.0,0.0,54100.0,130920.0,0.0,0.0,17560.0,669610.0,178920.0,0.0,200.0,0.0,0.0,0.0,0.0,0.0
2026-04-16T07:00:00+02:00,8800.0,3680.0,0.0,9000.0,8000.0,0.0,0.0,0.0,9200.0,7640.0,0.0,0.0,0.0,0.0,0.0,2280.0,0.0,1040.0,1360.0,0.0,440.0,480.0,0.0,0.0,0.0,160.0,40.0,0.0,0.0,0.0,0.0,0.0,560.0,0.0,68520.0,6760.0,0.0,45040.0,192120.0,0.0,0.0,0.0,341160.0,72920.0,0.0,0.0,0.0,0.0,0.0,4600.0,0.0
2026-04-16T08:00:00+02:00,600.0,3080.0,0.0,8960.0,8640.0,0.0,0.0,280.0,9240.0,8240.0,120.0,0.0,0.0,0.0,0.0,0.0,0.0,200.0,3080.0,0.0,560.0,160.0,0.0,0.0,280.0,120.0,40.0,120.0,0.0,0.0,0.0,0.0,0.0,0.0,800.0,3080.0,0.0,49040.0,397800.0,0.0,0.0,280.0,836238.0,152080.0,120.0,0.0,0.0,0.0,0.0,0.0,0.0
2026-04-16T09:00:00+02:00,7840.0,4080.0,0.0,9240.0,8760.0,0.0,0.0,0.0,9080.0,6600.0,0.0,2160.0,0.0,0.0,0.0,600.0,0.0,280.0,3040.0,0.0,40.0,160.0,0.0,0.0,0.0,120.0,40.0,0.0,2160.0,0.0,0.0,0.0,600.0,0.0,124360.0,11080.0,0.0,66400.0,586479.0,0.0,0.0,0.0,916558.0,275350.0,0.0,2160.0,0.0,0.0,0.0,600.0,0.0
2026-04-16T10:00:00+02:00,8000.0,5840.0,0.0,9040.0,8400.0,0.0,0.0,1880.0,9080.0,9080.0,2040.0,0.0,0.0,0.0,0.0,920.0,0.0,200.0,1440.0,0.0,80.0,240.0,0.0,0.0,1880.0,120.0,120.0,200.0,0.0,0.0,0.0,0.0,920.0,0.0,109440.0,12400.0,0.0,250759.0,284560.0,0.0,0.0,1880.0,775219.0,297559.0,2680.0,0.0,0.0,0.0,0.0,920.0,0.0
2026-04-16T11:00:00+02:00,4000.0,3360.0,0.0,9200.0,8039.0,0.0,0.0,7360.0,8640.0,9160.0,8720.0,0.0,0.0,0.0,0.0,0.0,4360.0,280.0,160.0,0.0,160.0,520.0,0.0,0.0,7360.0,160.0,80.0,240.0,0.0,0.0,0.0,0.0,0.0,4360.0,21600.0,3520.0,0.0,159520.0,208319.0,0.0,0.0,7360.0,347200.0,401020.0,72600.0,0.0,0.0,0.0,0.0,0.0,4360.0
2026-04-16T12:00:00+02:00,7560.0,6280.0,0.0,4000.0,5440.0,0.0,0.0,0.0,8360.0,9240.0,6560.0,5520.0,0.0,0.0,0.0,5480.0,0.0,160.0,320.0,0.0,280.0,280.0,0.0,0.0,0.0,160.0,120.0,160.0,200.0,0.0,0.0,0.0,5480.0,0.0,36880.0,33440.0,0.0,85040.0,31120.0,0.0,0.0,0.0,230120.0,405200.0,54760.0,23600.0,0.0,0.0,0.0,5480.0,0.0
2026-04-16T13:00:00+02:00,3120.0,8360.0,0.0,8039.0,9040.0,0.0,0.0,120.0,8039.0,8600.0,7080.0,7880.0,0.0,0.0,0.0,0.0,6280.0,120.0,2880.0,0.0,200.0,240.0,0.0,0.0,120.0,40.0,80.0,280.0,7880.0,0.0,0.0,0.0,0.0,6280.0,8920.0,15440.0,0.0,95559.0,43120.0,0.0,0.0,120.0,313399.0,209079.0,54400.0,7880.0,0.0,0.0,0.0,0.0,6280.0
2026-04-16T14:00:00+02:00,7800.0,4040.0,2840.0,8400.0,9120.0,0.0,0.0,4720.0,9040.0,9200.0,8840.0,240.0,0.0,0.0,0.0,0.0,0.0,120.0,120.0,2840.0,80.0,240.0,0.0,0.0,40.0,120.0,80.0,120.0,120.0,0.0,0.0,0.0,0.0,0.0,32680.0,11480.0,2840.0,382999.0,142200.0,0.0,0.0,18400.0,308760.0,924580.0,168400.0,360.0,0.0,0.0,0.0,0.0,0.0
2026-04-16T15:00:00+02:00,4760.0,6600.0,4080.0,8039.0,0.0,0.0,0.0,9160.0,8640.0,8960.0,6520.0,0.0,4560.0,0.0,0.0,0.0,0.0,120.0,40.0,200.0,40.0,0.0,0.0,0.0,160.0,160.0,40.0,160.0,0.0,4560.0,0.0,0.0,0.0,0.0,37360.0,33920.0,6320.0,375489.0,0.0,0.0,0.0,256679.0,96280.0,1252159.0,72040.0,0.0,4560.0,0.0,0.0,0.0,0.0
2026-04-16T16:00:00+02:00,8760.0,8920.0,1040.0,8960.0,1920.0,0.0,0.0,8039.0,7920.0,9240.0,9120.0,0.0,7600.0,0.0,7320.0,0.0,0.0,160.0,360.0,1040.0,80.0,840.0,0.0,0.0,160.0,280.0,40.0,160.0,0.0,7600.0,0.0,280.0,0.0,0.0,29080.0,48040.0,1040.0,457560.0,4560.0,0.0,0.0,87799.0,97960.0,1613359.0,123880.0,0.0,7600.0,0.0,8200.0,0.0,0.0
2026-04-16T17:00:00+02:00,5960.0,5440.0,0.0,8960.0,5840.0,0.0,0.0,7720.0,8160.0,9000.0,7920.0,0.0,0.0,0.0,6720.0,0.0,5000.0,280.0,200.0,0.0,240.0,120.0,0.0,0.0,200.0,160.0,40.0,160.0,0.0,0.0,0.0,640.0,0.0,3760.0,11960.0,23200.0,0.0,228040.0,21640.0,0.0,0.0,123520.0,84720.0,1484610.0,76960.0,0.0,0.0,0.0,9120.0,0.0,8760.0
2026-04-16T18:00:00+02:00,4080.0,4440.0,0.0,9200.0,7040.0,0.0,0.0,7480.0,3560.0,9160.0,5040.0,240.0,0.0,0.0,0.0,0.0,5600.0,200.0,120.0,0.0,80.0,200.0,0.0,0.0,240.0,160.0,40.0,240.0,120.0,0.0,0.0,0.0,0.0,4000.0,15400.0,19200.0,0.0,67830.0,42440.0,0.0,0.0,51360.0,10560.0,1272467.0,38480.0,360.0,0.0,0.0,0.0,0.0,9600.0
2026-04-16T19:00:00+02:00,3720.0,5480.0,0.0,8010.0,6120.0,0.0,0.0,9080.0,9040.0,8840.0,8480.0,1160.0,0.0,0.0,2600.0,0.0,4040.0,160.0,240.0,0.0,160.0,440.0,0.0,0.0,240.0,920.0,40.0,120.0,1160.0,0.0,0.0,920.0,0.0,1240.0,30200.0,19120.0,0.0,33050.0,12880.0,0.0,0.0,142200.0,53400.0,537719.0,107360.0,1160.0,0.0,0.0,5520.0,0.0,14960.0
2026-04-16T20:00:00+02:00,8000.0,8720.0,6360.0,8000.0,160.0,0.0,0.0,6000.0,0.0,9200.0,7000.0,0.0,0.0,0.0,8000.0,0.0,0.0,160.0,680.0,200.0,200.0,160.0,0.0,0.0,160.0,0.0,160.0,320.0,0.0,0.0,0.0,200.0,0.0,0.0,110680.0,15400.0,13960.0,162260.0,160.0,0.0,0.0,110840.0,0.0,1801440.0,41680.0,0.0,0.0,0.0,33200.0,0.0,0.0
2026-04-16T21:00:00+02:00,3480.0,6000.0,3160.0,9080.0,1800.0,0.0,1480.0,8880.0,8440.0,8840.0,8320.0,1640.0,0.0,0.0,0.0,0.0,8640.0,160.0,1360.0,160.0,160.0,1800.0,0.0,1480.0,160.0,160.0,40.0,160.0,760.0,0.0,0.0,0.0,0.0,360.0,16480.0,11960.0,32920.0,404918.0,1800.0,0.0,1480.0,52880.0,107640.0,808319.0,96240.0,3840.0,0.0,0.0,0.0,0.0,34680.0
2026-04-16T22:00:00+02:00,5240.0,4200.0,7640.0,8360.0,160.0,0.0,0.0,8960.0,8840.0,8920.0,3120.0,2000.0,0.0,0.0,0.0,840.0,1880.0,120.0,600.0,160.0,200.0,160.0,0.0,0.0,200.0,120.0,80.0,160.0,520.0,0.0,0.0,0.0,200.0,1880.0,28800.0,19960.0,100600.0,354520.0,160.0,0.0,0.0,77440.0,26480.0,544560.0,10000.0,4600.0,0.0,0.0,0.0,1040.0,1880.0
2026-04-16T23:00:00+02:00,2040.0,2400.0,8800.0,8039.0,0.0,0.0,0.0,6000.0,6720.0,9080.0,2440.0,1560.0,0.0,0.0,0.0,5040.0,0.0,200.0,520.0,160.0,160.0,0.0,0.0,0.0,240.0,160.0,120.0,120.0,1560.0,0.0,0.0,0.0,200.0,0.0,16160.0,3760.0,90880.0,195519.0,0.0,0.0,0.0,18840.0,42680.0,261200.0,12640.0,1560.0,0.0,0.0,0.0,6520.0,0.0
2026-04-17T00:00:00+02:00,6680.0,1880.0,8000.0,4040.0,4240.0,0.0,0.0,4000.0,1480.0,8960.0,7280.0,680.0,0.0,0.0,0.0,1480.0,0.0,160.0,240.0,120.0,120.0,4240.0,0.0,0.0,120.0,1480.0,200.0,1080.0,200.0,0.0,0.0,0.0,120.0,0.0,36080.0,2840.0,93480.0,83360.0,4240.0,0.0,0.0,26480.0,1480.0,162360.0,11800.0,1560.0,0.0,0.0,0.0,3240.0,0.0
2026-04-17T01:00:00+02:00,7960.0,1040.0,8800.0,3480.0,0.0,0.0,0.0,3080.0,8000.0,9000.0,8560.0,8000.0,0.0,0.0,0.0,0.0,0.0,200.0,840.0,160.0,280.0,0.0,0.0,0.0,160.0,160.0,160.0,160.0,200.0,0.0,0.0,0.0,0.0,0.0,51920.0,1880.0,254440.0,34360.0,0.0,0.0,0.0,9000.0,97050.0,596290.0,168440.0,63720.0,0.0,0.0,0.0,0.0,0.0
2026-04-17T02:00:00+02:00,5640.0,0.0,8600.0,8160.0,2000.0,0.0,0.0,8000.0,3600.0,8760.0,6160.0,1080.0,0.0,0.0,0.0,2160.0,0.0,160.0,0.0,120.0,160.0,280.0,0.0,0.0,200.0,240.0,120.0,160.0,200.0,0.0,0.0,0.0,240.0,0.0,20760.0,0.0,433600.0,268199.0,8120.0,0.0,0.0,93120.0,7320.0,575399.0,6320.0,2760.0,0.0,0.0,0.0,3040.0,0.0
2026-04-17T03:00:00+02:00,8039.0,3720.0,7880.0,8240.0,1200.0,0.0,0.0,4920.0,7560.0,9200.0,6240.0,4800.0,0.0,0.0,0.0,3840.0,0.0,120.0,480.0,120.0,160.0,1200.0,0.0,0.0,240.0,160.0,160.0,200.0,240.0,0.0,0.0,0.0,2320.0,0.0,83999.0,10760.0,125360.0,256680.0,1200.0,0.0,0.0,28920.0,65720.0,346999.0,15600.0,22240.0,0.0,0.0,0.0,6160.0,0.0
2026-04-17T04:00:00+02:00,8000.0,0.0,8440.0,8039.0,7600.0,0.0,0.0,8000.0,0.0,8960.0,8280.0,3760.0,0.0,0.0,0.0,0.0,0.0,160.0,0.0,120.0,120.0,360.0,0.0,0.0,200.0,0.0,120.0,200.0,200.0,0.0,0.0,0.0,0.0,0.0,93480.0,0.0,219639.0,204639.0,19760.0,0.0,0.0,31800.0,0.0,268799.0,46360.0,10600.0,0.0,0.0,0.0,0.0,0.0
2026-04-17T05:00:00+02:00,2600.0,1080.0,8920.0,8640.0,0.0,0.0,0.0,7960.0,0.0,8360.0,0.0,0.0,0.0,0.0,0.0,0.0,0.0,240.0,200.0,200.0,160.0,0.0,0.0,0.0,160.0,0.0,120.0,0.0,0.0,0.0,0.0,0.0,0.0,0.0,10760.0,1280.0,119960.0,183480.0,0.0,0.0,0.0,52000.0,0.0,187840.0,0.0,0.0,0.0,0.0,0.0,0.0,0.0
2026-04-17T06:00:00+02:00,0.0,0.0,0.0,8000.0,7560.0,0.0,0.0,5920.0,9160.0,8880.0,480.0,0.0,0.0,0.0,4000.0,0.0,0.0,0.0,0.0,0.0,160.0,240.0,0.0,0.0,160.0,360.0,80.0,480.0,0.0,0.0,0.0,240.0,0.0,0.0,0.0,0.0,0.0,445480.0,80960.0,0.0,0.0,107080.0,33960.0,166360.0,480.0,0.0,0.0,0.0,16040.0,0.0,0.0
2026-04-17T07:00:00+02:00,3960.0,0.0,0.0,9040.0,8840.0,0.0,0.0,7960.0,8280.0,9080.0,640.0,0.0,0.0,0.0,2000.0,0.0,0.0,240.0,0.0,0.0,160.0,20.0,0.0,0.0,160.0,160.0,40.0,640.0,0.0,0.0,0.0,160.0,0.0,0.0,5640.0,0.0,0.0,967359.0,452980.0,0.0,0.0,153840.0,64720.0,447480.0,640.0,0.0,0.0,0.0,12000.0,0.0,0.0
2026-04-17T08:00:00+02:00,3120.0,0.0,0.0,8039.0,8000.0,0.0,0.0,6600.0,6040.0,8880.0,3840.0,0.0,0.0,0.0,0.0,0.0,0.0,200.0,0.0,0.0,120.0,200.0,0.0,0.0,200.0,280.0,120.0,1440.0,0.0,0.0,0.0,0.0,0.0,0.0,4400.0,0.0,0.0,1020635.0,246320.0,0.0,0.0,141560.0,18160.0,298599.0,11080.0,0.0,0.0,0.0,0.0,0.0,0.0
2026-04-17T09:00:00+02:00,1880.0,7640.0,0.0,8039.0,8280.0,0.0,0.0,8119.0,8480.0,8960.0,8720.0,0.0,0.0,0.0,0.0,0.0,0.0,480.0,7640.0,0.0,120.0,200.0,0.0,0.0,200.0,440.0,40.0,480.0,0.0,0.0,0.0,0.0,0.0,0.0,7440.0,7640.0,0.0,709478.0,245800.0,0.0,0.0,287236.0,72440.0,472558.0,14160.0,0.0,0.0,0.0,0.0,0.0,0.0
2026-04-17T10:00:00+02:00,3320.0,880.0,0.0,8000.0,9040.0,0.0,0.0,8600.0,9200.0,9160.0,5920.0,0.0,0.0,0.0,3040.0,0.0,200.0,200.0,600.0,0.0,240.0,200.0,0.0,0.0,200.0,80.0,80.0,320.0,0.0,0.0,0.0,160.0,0.0,200.0,17400.0,1480.0,0.0,281240.0,192480.0,0.0,0.0,171999.0,113640.0,815477.0,26080.0,0.0,0.0,0.0,17320.0,0.0,200.0
2026-04-17T11:00:00+02:00,5160.0,920.0,8600.0,6480.0,4560.0,0.0,0.0,7680.0,7080.0,9000.0,1720.0,0.0,0.0,0.0,4000.0,0.0,0.0,240.0,840.0,40.0,200.0,280.0,0.0,0.0,160.0,320.0,80.0,480.0,0.0,0.0,0.0,160.0,0.0,0.0,28240.0,1760.0,82880.0,225960.0,42280.0,0.0,0.0,21280.0,33960.0,319110.0,3680.0,0.0,0.0,0.0,16600.0,0.0,0.0
2026-04-17T12:00:00+02:00,2960.0,3040.0,1240.0,8680.0,480.0,0.0,0.0,9120.0,8720.0,9120.0,2400.0,400.0,760.0,0.0,7760.0,0.0,0.0,160.0,920.0,200.0,160.0,160.0,0.0,0.0,240.0,80.0,40.0,720.0,160.0,320.0,0.0,160.0,0.0,0.0,4080.0,3960.0,3320.0,429540.0,640.0,0.0,0.0,47080.0,105080.0,1114759.0,3120.0,560.0,1080.0,0.0,83040.0,0.0,0.0
2026-04-17T13:00:00+02:00,160.0,0.0,0.0,8200.0,0.0,0.0,0.0,8520.0,5600.0,9080.0,5320.0,0.0,0.0,0.0,6040.0,0.0,0.0,160.0,0.0,0.0,120.0,0.0,0.0,0.0,200.0,120.0,40.0,1000.0,0.0,0.0,0.0,240.0,0.0,0.0,160.0,0.0,0.0,320910.0,0.0,0.0,0.0,249080.0,67000.0,1660630.0,19320.0,0.0,0.0,0.0,42840.0,0.0,0.0
2026-04-17T14:00:00+02:00,2920.0,760.0,2000.0,8160.0,0.0,0.0,0.0,8640.0,8760.0,9080.0,920.0,0.0,0.0,0.0,0.0,0.0,0.0,1240.0,760.0,360.0,200.0,0.0,0.0,0.0,160.0,160.0,40.0,200.0,0.0,0.0,0.0,0.0,0.0,0.0,4160.0,760.0,4320.0,181398.0,0.0,0.0,0.0,188159.0,130080.0,1817515.0,1440.0,0.0,0.0,0.0,0.0,0.0,0.0
2026-04-17T15:00:00+02:00,1520.0,2040.0,0.0,8360.0,0.0,0.0,0.0,8960.0,9160.0,9160.0,1960.0,120.0,0.0,0.0,0.0,1280.0,0.0,200.0,360.0,0.0,160.0,0.0,0.0,0.0,160.0,120.0,80.0,240.0,120.0,0.0,0.0,0.0,1280.0,0.0,5200.0,3920.0,0.0,221640.0,0.0,0.0,0.0,144720.0,261120.0,1380169.0,3400.0,120.0,0.0,0.0,0.0,1280.0,0.0
2026-04-17T16:00:00+02:00,4320.0,4200.0,0.0,8000.0,400.0,0.0,0.0,8920.0,6960.0,9120.0,4880.0,1960.0,0.0,0.0,2280.0,0.0,0.0,520.0,1560.0,0.0,200.0,200.0,0.0,0.0,160.0,440.0,80.0,80.0,480.0,0.0,0.0,1160.0,0.0,0.0,5800.0,8800.0,0.0,166960.0,600.0,0.0,0.0,197920.0,40160.0,639129.0,15640.0,2440.0,0.0,0.0,4720.0,0.0,0.0
2026-04-17T17:00:00+02:00,3640.0,3400.0,0.0,8880.0,0.0,0.0,0.0,9000.0,8640.0,9120.0,1160.0,1080.0,0.0,0.0,0.0,0.0,0.0,280.0,360.0,0.0,160.0,0.0,0.0,0.0,120.0,120.0,40.0,40.0,1080.0,0.0,0.0,0.0,0.0,0.0,9520.0,3760.0,0.0,248240.0,0.0,0.0,0.0,185440.0,16280.0,542579.0,1920.0,1080.0,0.0,0.0,0.0,0.0,0.0
2026-04-17T18:00:00+02:00,600.0,2800.0,0.0,7960.0,0.0,0.0,0.0,8880.0,8600.0,9040.0,6640.0,0.0,0.0,360.0,0.0,0.0,600.0,160.0,360.0,0.0,120.0,0.0,0.0,0.0,120.0,120.0,40.0,200.0,0.0,0.0,360.0,0.0,0.0,600.0,1320.0,6200.0,0.0,506720.0,0.0,0.0,0.0,333000.0,46400.0,1298458.0,17920.0,0.0,0.0,360.0,0.0,0.0,600.0
2026-04-17T19:00:00+02:00,9080.0,5480.0,0.0,7960.0,0.0,0.0,0.0,8039.0,5240.0,8800.0,8840.0,400.0,0.0,0.0,0.0,0.0,0.0,240.0,2240.0,0.0,120.0,0.0,0.0,0.0,160.0,1720.0,40.0,160.0,80.0,0.0,0.0,0.0,0.0,0.0,24040.0,7720.0,0.0,1182040.0,0.0,0.0,0.0,324279.0,6960.0,796458.0,17800.0,480.0,0.0,0.0,0.0,0.0,0.0
2026-04-17T20:00:00+02:00,1240.0,4760.0,2880.0,8360.0,0.0,0.0,0.0,8640.0,5960.0,9080.0,8920.0,2000.0,0.0,0.0,0.0,0.0,0.0,240.0,720.0,880.0,160.0,0.0,0.0,0.0,160.0,160.0,120.0,160.0,280.0,0.0,0.0,0.0,0.0,0.0,5640.0,10240.0,5760.0,692919.0,0.0,0.0,0.0,148960.0,14920.0,1280380.0,48120.0,5480.0,0.0,0.0,0.0,0.0,0.0
2026-04-17T21:00:00+02:00,4120.0,4000.0,8480.0,8080.0,0.0,0.0,0.0,600.0,8680.0,8840.0,6160.0,0.0,0.0,0.0,0.0,0.0,0.0,160.0,160.0,160.0,160.0,0.0,0.0,0.0,600.0,160.0,80.0,160.0,0.0,0.0,0.0,0.0,0.0,0.0,17120.0,12000.0,183919.0,119230.0,0.0,0.0,0.0,600.0,63720.0,829878.0,51720.0,0.0,0.0,0.0,0.0,0.0,0.0
2026-04-17T22:00:00+02:00,8360.0,6960.0,2240.0,6760.0,0.0,0.0,0.0,2120.0,8480.0,8840.0,8360.0,960.0,0.0,0.0,0.0,0.0,1720.0,120.0,240.0,200.0,200.0,0.0,0.0,0.0,120.0,160.0,160.0,120.0,960.0,0.0,0.0,0.0,0.0,1160.0,133360.0,12160.0,27160.0,149120.0,0.0,0.0,0.0,14800.0,168600.0,288420.0,101800.0,960.0,0.0,0.0,0.0,0.0,2880.0
2026-04-17T23:00:00+02:00,8400.0,8200.0,4600.0,6040.0,0.0,0.0,0.0,920.0,8960.0,9160.0,9160.0,0.0,0.0,0.0,0.0,0.0,0.0,120.0,240.0,120.0,160.0,0.0,0.0,0.0,240.0,240.0,40.0,360.0,0.0,0.0,0.0,0.0,0.0,0.0,125280.0,68200.0,17800.0,86080.0,0.0,0.0,0.0,1160.0,101720.0,1223877.0,169960.0,0.0,0.0,0.0,0.0,0.0,0.0
2026-04-18T00:00:00+02:00,4720.0,2400.0,3920.0,8039.0,2480.0,0.0,0.0,1960.0,6400.0,9120.0,7240.0,0.0,0.0,0.0,0.0,1040.0,0.0,160.0,280.0,120.0,200.0,2480.0,0.0,0.0,1960.0,240.0,40.0,160.0,0.0,0.0,0.0,0.0,1040.0,0.0,52200.0,6920.0,33000.0,64439.0,2480.0,0.0,0.0,1960.0,47360.0,1699320.0,22480.0,0.0,0.0,0.0,0.0,1040.0,0.0
2026-04-18T01:00:00+02:00,7320.0,3960.0,8320.0,8039.0,0.0,0.0,0.0,7280.0,8000.0,9160.0,3440.0,1480.0,0.0,0.0,0.0,0.0,0.0,120.0,160.0,240.0,160.0,0.0,0.0,0.0,7280.0,80.0,40.0,480.0,1400.0,0.0,0.0,0.0,0.0,0.0,112960.0,20680.0,64560.0,311279.0,0.0,0.0,0.0,7280.0,266920.0,1282539.0,7200.0,2880.0,0.0,0.0,0.0,0.0,0.0
2026-04-18T02:00:00+02:00,6800.0,1000.0,8000.0,8480.0,0.0,0.0,0.0,5400.0,6960.0,8960.0,4360.0,0.0,0.0,0.0,0.0,1240.0,0.0,160.0,160.0,160.0,160.0,0.0,0.0,0.0,400.0,160.0,120.0,480.0,0.0,0.0,0.0,0.0,200.0,0.0,88160.0,4160.0,278640.0,232440.0,0.0,0.0,0.0,35760.0,184160.0,645190.0,15680.0,0.0,0.0,0.0,0.0,2680.0,0.0
2026-04-18T03:00:00+02:00,7920.0,8720.0,7280.0,4000.0,1320.0,0.0,0.0,6000.0,7960.0,9160.0,2400.0,1800.0,0.0,0.0,0.0,4000.0,0.0,160.0,200.0,160.0,240.0,1320.0,0.0,0.0,160.0,160.0,120.0,160.0,280.0,0.0,0.0,0.0,320.0,0.0,75120.0,26920.0,48640.0,59480.0,1320.0,0.0,0.0,17920.0,110200.0,265280.0,4440.0,2680.0,0.0,0.0,0.0,7680.0,0.0
2026-04-18T04:00:00+02:00,5240.0,8800.0,4000.0,8119.0,0.0,0.0,0.0,1880.0,6840.0,9120.0,0.0,8840.0,0.0,0.0,0.0,7680.0,0.0,120.0,200.0,200.0,160.0,0.0,0.0,0.0,1760.0,120.0,80.0,0.0,160.0,0.0,0.0,0.0,160.0,0.0,85120.0,31040.0,51480.0,251479.0,0.0,0.0,0.0,3640.0,113360.0,450629.0,0.0,38320.0,0.0,0.0,0.0,14960.0,0.0
2026-04-18T05:00:00+02:00,7640.0,7840.0,2840.0,8039.0,720.0,0.0,0.0,6240.0,2320.0,9120.0,1760.0,0.0,0.0,0.0,0.0,8880.0,0.0,160.0,640.0,1040.0,120.0,720.0,0.0,0.0,200.0,2320.0,120.0,400.0,0.0,0.0,0.0,0.0,80.0,0.0,108840.0,19920.0,11000.0,577437.0,720.0,0.0,0.0,12520.0,2320.0,548600.0,2160.0,0.0,0.0,0.0,0.0,220039.0,0.0
2026-04-18T06:00:00+02:00,2800.0,0.0,0.0,8000.0,0.0,0.0,0.0,8520.0,1520.0,9160.0,0.0,0.0,0.0,0.0,9160.0,0.0,0.0,720.0,0.0,0.0,240.0,0.0,0.0,0.0,160.0,1520.0,80.0,0.0,0.0,0.0,0.0,240.0,0.0,0.0,4920.0,0.0,0.0,237120.0,0.0,0.0,0.0,262880.0,1520.0,180600.0,0.0,0.0,0.0,0.0,155040.0,0.0,0.0
2026-04-18T07:00:00+02:00,800.0,560.0,2440.0,8520.0,640.0,0.0,0.0,8000.0,0.0,8560.0,0.0,2680.0,0.0,0.0,3240.0,4600.0,0.0,160.0,560.0,1760.0,160.0,640.0,0.0,0.0,160.0,0.0,40.0,0.0,2680.0,0.0,0.0,1280.0,4600.0,0.0,1920.0,560.0,6200.0,542280.0,640.0,0.0,0.0,215680.0,0.0,239350.0,0.0,2680.0,0.0,0.0,6520.0,4600.0,0.0
2026-04-18T08:00:00+02:00,2000.0,5880.0,3200.0,8039.0,2000.0,0.0,5560.0,6680.0,0.0,8960.0,5600.0,0.0,0.0,0.0,6000.0,0.0,0.0,1240.0,320.0,840.0,160.0,280.0,0.0,2000.0,120.0,0.0,120.0,5600.0,0.0,0.0,0.0,240.0,0.0,0.0,5000.0,21740.0,5120.0,268799.0,15600.0,0.0,12480.0,119320.0,0.0,178760.0,5600.0,0.0,0.0,0.0,92360.0,0.0,0.0
2026-04-18T09:00:00+02:00,2480.0,5280.0,0.0,8840.0,2000.0,0.0,8039.0,7800.0,3920.0,8880.0,0.0,0.0,0.0,0.0,4000.0,0.0,0.0,120.0,280.0,0.0,120.0,320.0,0.0,640.0,280.0,3920.0,80.0,0.0,0.0,0.0,0.0,400.0,0.0,0.0,4080.0,28360.0,0.0,283800.0,6560.0,0.0,13159.0,60360.0,3920.0,241040.0,0.0,0.0,0.0,0.0,17200.0,0.0,0.0
2026-04-18T10:00:00+02:00,4520.0,8160.0,0.0,8039.0,0.0,0.0,0.0,8920.0,2000.0,8880.0,8140.0,2840.0,0.0,0.0,2080.0,0.0,0.0,200.0,80.0,0.0,120.0,0.0,0.0,0.0,120.0,360.0,40.0,200.0,1040.0,0.0,0.0,2080.0,0.0,0.0,18360.0,49760.0,0.0,429479.0,0.0,0.0,0.0,279560.0,2360.0,785110.0,8340.0,3880.0,0.0,0.0,2080.0,0.0,0.0
2026-04-18T11:00:00+02:00,6680.0,5400.0,0.0,6000.0,0.0,0.0,0.0,7960.0,1960.0,9120.0,240.0,1320.0,0.0,0.0,3840.0,0.0,0.0,200.0,160.0,0.0,120.0,0.0,0.0,0.0,160.0,400.0,40.0,200.0,1320.0,0.0,0.0,1760.0,0.0,0.0,33240.0,36910.0,0.0,339160.0,0.0,0.0,0.0,355240.0,6200.0,1033410.0,440.0,1320.0,0.0,0.0,7600.0,0.0,0.0
2026-04-18T12:00:00+02:00,9040.0,7120.0,0.0,2360.0,0.0,0.0,0.0,8000.0,1400.0,9000.0,9000.0,2360.0,0.0,0.0,3520.0,0.0,0.0,200.0,80.0,0.0,160.0,0.0,0.0,0.0,160.0,1400.0,80.0,120.0,520.0,0.0,0.0,480.0,0.0,0.0,46920.0,12740.0,0.0,32320.0,0.0,0.0,0.0,247600.0,1400.0,1371890.0,98159.0,2880.0,0.0,0.0,30120.0,0.0,0.0
2026-04-18T13:00:00+02:00,9040.0,8600.0,0.0,6200.0,0.0,0.0,0.0,8680.0,3680.0,9040.0,4720.0,7720.0,0.0,0.0,2680.0,0.0,0.0,160.0,200.0,0.0,160.0,0.0,0.0,0.0,120.0,240.0,40.0,240.0,840.0,0.0,0.0,2680.0,0.0,0.0,52600.0,22080.0,0.0,147680.0,0.0,0.0,0.0,240920.0,8720.0,1294818.0,10360.0,14160.0,0.0,0.0,2680.0,0.0,0.0
2026-04-18T14:00:00+02:00,8119.0,2760.0,0.0,8000.0,0.0,0.0,0.0,9000.0,8280.0,9040.0,6160.0,0.0,0.0,0.0,0.0,0.0,0.0,120.0,200.0,0.0,160.0,0.0,0.0,0.0,160.0,720.0,40.0,440.0,0.0,0.0,0.0,0.0,0.0,0.0,90639.0,3680.0,0.0,206640.0,0.0,0.0,0.0,240280.0,30980.0,847579.0,10360.0,0.0,0.0,0.0,0.0,0.0,0.0
2026-04-18T15:00:00+02:00,7720.0,1560.0,0.0,7960.0,320.0,0.0,0.0,7960.0,5880.0,9120.0,7040.0,0.0,0.0,0.0,0.0,0.0,0.0,160.0,160.0,0.0,200.0,320.0,0.0,0.0,200.0,1720.0,160.0,160.0,0.0,0.0,0.0,0.0,0.0,0.0,19320.0,2840.0,0.0,142040.0,320.0,0.0,0.0,74200.0,13720.0,582819.0,27720.0,0.0,0.0,0.0,0.0,0.0,0.0
2026-04-18T16:00:00+02:00,8160.0,2000.0,560.0,8960.0,6680.0,0.0,0.0,7800.0,4440.0,9120.0,9120.0,0.0,0.0,0.0,0.0,0.0,0.0,160.0,680.0,560.0,360.0,360.0,0.0,0.0,360.0,160.0,40.0,160.0,0.0,0.0,0.0,0.0,0.0,0.0,94720.0,11440.0,560.0,226039.0,25240.0,0.0,0.0,23440.0,10640.0,1187598.0,208560.0,0.0,0.0,0.0,0.0,0.0,0.0
2026-04-18T17:00:00+02:00,5080.0,1080.0,0.0,8640.0,9080.0,0.0,0.0,0.0,8600.0,9080.0,8720.0,0.0,0.0,0.0,0.0,0.0,0.0,120.0,160.0,0.0,160.0,200.0,0.0,0.0,0.0,160.0,40.0,160.0,0.0,0.0,0.0,0.0,0.0,0.0,49480.0,1680.0,0.0,424840.0,172280.0,0.0,0.0,0.0,417840.0,1212906.0,71200.0,0.0,0.0,0.0,0.0,0.0,0.0
2026-04-18T18:00:00+02:00,8000.0,3560.0,0.0,1320.0,8920.0,0.0,0.0,0.0,8039.0,9080.0,8680.0,0.0,0.0,0.0,0.0,0.0,0.0,120.0,640.0,0.0,320.0,280.0,0.0,0.0,0.0,200.0,40.0,360.0,0.0,0.0,0.0,0.0,0.0,0.0,265920.0,25000.0,0.0,4160.0,177439.0,0.0,0.0,0.0,156239.0,596250.0,83120.0,0.0,0.0,0.0,0.0,0.0,0.0
2026-04-18T19:00:00+02:00,4240.0,5920.0,0.0,2280.0,0.0,0.0,0.0,0.0,6000.0,8880.0,7880.0,0.0,0.0,0.0,0.0,0.0,0.0,200.0,1560.0,0.0,320.0,0.0,0.0,0.0,0.0,200.0,40.0,120.0,0.0,0.0,0.0,0.0,0.0,0.0,32440.0,15360.0,0.0,2600.0,0.0,0.0,0.0,0.0,82280.0,278760.0,49840.0,0.0,0.0,0.0,0.0,0.0,0.0
2026-04-18T20:00:00+02:00,6720.0,7520.0,0.0,640.0,0.0,0.0,0.0,0.0,7800.0,8760.0,7520.0,0.0,0.0,0.0,0.0,0.0,0.0,360.0,1640.0,0.0,560.0,0.0,0.0,0.0,0.0,240.0,80.0,200.0,0.0,0.0,0.0,0.0,0.0,0.0,26240.0,19760.0,0.0,1200.0,0.0,0.0,0.0,0.0,63280.0,81060.0,45880.0,0.0,0.0,0.0,0.0,0.0,0.0
2026-04-18T21:00:00+02:00,6320.0,6160.0,0.0,0.0,0.0,0.0,0.0,0.0,120.0,9000.0,0.0,1400.0,0.0,0.0,0.0,0.0,0.0,160.0,320.0,0.0,0.0,0.0,0.0,0.0,0.0,120.0,40.0,0.0,1400.0,0.0,0.0,0.0,0.0,0.0,131400.0,22400.0,0.0,0.0,0.0,0.0,0.0,0.0,120.0,106960.0,0.0,1400.0,0.0,0.0,0.0,0.0,0.0
2026-04-18T22:00:00+02:00,8520.0,3320.0,0.0,0.0,0.0,0.0,0.0,0.0,0.0,8080.0,0.0,0.0,0.0,0.0,0.0,0.0,0.0,160.0,240.0,0.0,0.0,0.0,0.0,0.0,0.0,0.0,40.0,0.0,0.0,0.0,0.0,0.0,0.0,0.0,234800.0,5920.0,0.0,0.0,0.0,0.0,0.0,0.0,0.0,445460.0,0.0,0.0,0.0,0.0,0.0,0.0,0.0
2026-04-18T23:00:00+02:00,6960.0,1120.0,0.0,0.0,0.0,0.0,0.0,0.0,0.0,8520.0,0.0,4440.0,0.0,0.0,0.0,0.0,0.0,200.0,1120.0,0.0,0.0,0.0,0.0,0.0,0.0,0.0,120.0,0.0,400.0,0.0,0.0,0.0,0.0,0.0,96520.0,1120.0,0.0,0.0,0.0,0.0,0.0,0.0,0.0,113840.0,0.0,14120.0,0.0,0.0,0.0,0.0,0.0
2026-04-19T00:00:00+02:00,8600.0,4440.0,0.0,2840.0,0.0,0.0,0.0,0.0,0.0,8520.0,2200.0,840.0,0.0,0.0,0.0,0.0,0.0,120.0,2760.0,0.0,80.0,0.0,0.0,0.0,0.0,0.0,160.0,880.0,120.0,0.0,0.0,0.0,0.0,0.0,89680.0,7200.0,0.0,9800.0,0.0,0.0,0.0,0.0,0.0,76040.0,4520.0,5000.0,0.0,0.0,0.0,0.0,0.0
2026-04-19T01:00:00+02:00,8039.0,6440.0,0.0,1720.0,0.0,0.0,0.0,0.0,0.0,8760.0,1400.0,8600.0,0.0,0.0,0.0,0.0,0.0,200.0,6440.0,0.0,120.0,0.0,0.0,0.0,0.0,0.0,40.0,1400.0,120.0,0.0,0.0,0.0,0.0,0.0,169359.0,6440.0,0.0,8120.0,0.0,0.0,0.0,0.0,0.0,143079.0,1400.0,13800.0,0.0,0.0,0.0,0.0,0.0
2026-04-19T02:00:00+02:00,8039.0,920.0,0.0,5680.0,0.0,0.0,0.0,0.0,0.0,8520.0,680.0,6400.0,0.0,0.0,0.0,0.0,0.0,160.0,560.0,0.0,40.0,0.0,0.0,0.0,0.0,0.0,200.0,240.0,160.0,0.0,0.0,0.0,0.0,0.0,115599.0,1480.0,0.0,79920.0,0.0,0.0,0.0,0.0,0.0,172039.0,920.0,37440.0,0.0,0.0,0.0,0.0,0.0
2026-04-19T03:00:00+02:00,9000.0,6680.0,0.0,5640.0,0.0,0.0,0.0,0.0,6000.0,9100.0,5720.0,4680.0,0.0,0.0,0.0,0.0,4000.0,160.0,120.0,0.0,80.0,0.0,0.0,0.0,0.0,280.0,160.0,160.0,160.0,0.0,0.0,0.0,0.0,360.0,825799.0,77760.0,0.0,164960.0,0.0,0.0,0.0,0.0,6280.0,411979.0,50240.0,103480.0,0.0,0.0,0.0,0.0,17880.0
2026-04-19T04:00:00+02:00,8280.0,4680.0,0.0,8840.0,0.0,0.0,0.0,0.0,0.0,8960.0,4920.0,4560.0,0.0,0.0,0.0,0.0,2360.0,120.0,120.0,0.0,80.0,0.0,0.0,0.0,0.0,0.0,80.0,4920.0,120.0,0.0,0.0,0.0,0.0,2360.0,545239.0,30400.0,0.0,493197.0,0.0,0.0,0.0,0.0,0.0,356119.0,4920.0,59240.0,0.0,0.0,0.0,0.0,2360.0
2026-04-19T05:00:00+02:00,7160.0,2000.0,0.0,8760.0,0.0,0.0,0.0,0.0,8000.0,8480.0,8000.0,1240.0,0.0,0.0,0.0,0.0,0.0,120.0,480.0,0.0,160.0,0.0,0.0,0.0,0.0,240.0,160.0,120.0,560.0,0.0,0.0,0.0,0.0,0.0,194280.0,2480.0,0.0,199520.0,0.0,0.0,0.0,0.0,140920.0,114000.0,99240.0,2840.0,0.0,0.0,0.0,0.0,0.0
2026-04-19T06:00:00+02:00,1080.0,0.0,0.0,6040.0,0.0,0.0,0.0,0.0,7640.0,8440.0,2040.0,0.0,0.0,0.0,0.0,0.0,0.0,1080.0,0.0,0.0,160.0,0.0,0.0,0.0,0.0,120.0,120.0,600.0,0.0,0.0,0.0,0.0,0.0,0.0,1080.0,0.0,0.0,13800.0,0.0,0.0,0.0,0.0,148000.0,49920.0,25680.0,0.0,0.0,0.0,0.0,0.0,0.0
2026-04-19T07:00:00+02:00,0.0,0.0,0.0,4000.0,0.0,0.0,0.0,0.0,6000.0,4720.0,2000.0,4200.0,0.0,0.0,0.0,0.0,0.0,0.0,0.0,0.0,1320.0,0.0,0.0,0.0,0.0,520.0,160.0,160.0,4200.0,0.0,0.0,0.0,0.0,0.0,0.0,0.0,0.0,7320.0,0.0,0.0,0.0,0.0,93040.0,53760.0,13720.0,4200.0,0.0,0.0,0.0,0.0,0.0
2026-04-19T08:00:00+02:00,8960.0,1800.0,0.0,8000.0,1680.0,0.0,0.0,0.0,5840.0,8160.0,4000.0,0.0,0.0,0.0,0.0,0.0,0.0,280.0,1800.0,0.0,200.0,1680.0,0.0,0.0,0.0,160.0,40.0,160.0,0.0,0.0,0.0,0.0,0.0,0.0,37920.0,1800.0,0.0,39720.0,1680.0,0.0,0.0,0.0,131600.0,113760.0,40520.0,0.0,0.0,0.0,0.0,0.0,0.0
2026-04-19T09:00:00+02:00,8119.0,3400.0,0.0,5960.0,2040.0,0.0,0.0,0.0,8640.0,8840.0,8600.0,120.0,0.0,0.0,0.0,0.0,0.0,120.0,800.0,0.0,440.0,200.0,0.0,0.0,0.0,120.0,80.0,160.0,120.0,0.0,0.0,0.0,0.0,0.0,382517.0,4200.0,0.0,18560.0,7280.0,0.0,0.0,0.0,764918.0,237020.0,47759.0,120.0,0.0,0.0,0.0,0.0,0.0
2026-04-19T10:00:00+02:00,8000.0,5120.0,0.0,1120.0,0.0,0.0,0.0,0.0,7120.0,8480.0,8240.0,960.0,0.0,0.0,0.0,0.0,0.0,120.0,3640.0,0.0,120.0,0.0,0.0,0.0,0.0,520.0,120.0,240.0,960.0,0.0,0.0,0.0,0.0,0.0,197560.0,8760.0,0.0,1240.0,0.0,0.0,0.0,0.0,122800.0,634860.0,26160.0,960.0,0.0,0.0,0.0,0.0,0.0
2026-04-19T11:00:00+02:00,8000.0,8880.0,0.0,3480.0,7960.0,0.0,0.0,0.0,8920.0,8920.0,8840.0,1080.0,0.0,0.0,0.0,0.0,0.0,160.0,520.0,0.0,240.0,160.0,0.0,0.0,0.0,120.0,160.0,240.0,1080.0,0.0,0.0,0.0,0.0,0.0,43040.0,47560.0,0.0,9480.0,31040.0,0.0,0.0,0.0,484839.0,529879.0,102040.0,1080.0,0.0,0.0,0.0,0.0,0.0
2026-04-19T12:00:00+02:00,5640.0,7920.0,0.0,6000.0,4680.0,0.0,0.0,0.0,8520.0,9000.0,6360.0,200.0,0.0,0.0,0.0,0.0,0.0,120.0,680.0,0.0,1120.0,4680.0,0.0,0.0,0.0,360.0,40.0,160.0,200.0,0.0,0.0,0.0,0.0,0.0,47400.0,30800.0,0.0,12680.0,4680.0,0.0,0.0,0.0,259519.0,733530.0,55440.0,200.0,0.0,0.0,0.0,0.0,0.0
2026-04-19T13:00:00+02:00,9040.0,3920.0,0.0,1840.0,3640.0,0.0,0.0,0.0,8080.0,9040.0,6040.0,7320.0,0.0,0.0,0.0,0.0,8920.0,160.0,3920.0,0.0,1040.0,160.0,0.0,0.0,0.0,160.0,160.0,280.0,240.0,0.0,0.0,0.0,0.0,400.0,94560.0,3920.0,0.0,5640.0,4480.0,0.0,0.0,0.0,246599.0,427040.0,50640.0,42360.0,0.0,0.0,0.0,0.0,36880.0
2026-04-19T14:00:00+02:00,6480.0,8840.0,0.0,3040.0,1800.0,0.0,0.0,0.0,8400.0,8960.0,6520.0,1920.0,0.0,0.0,0.0,0.0,8000.0,160.0,1760.0,0.0,120.0,1800.0,0.0,0.0,0.0,200.0,40.0,440.0,440.0,0.0,0.0,0.0,0.0,440.0,129080.0,10600.0,0.0,32240.0,1800.0,0.0,0.0,0.0,397918.0,641639.0,40200.0,3080.0,0.0,0.0,0.0,0.0,25080.0
2026-04-19T15:00:00+02:00,9040.0,2440.0,0.0,2240.0,4040.0,0.0,0.0,0.0,8840.0,8840.0,7040.0,840.0,0.0,0.0,0.0,0.0,0.0,240.0,880.0,0.0,2240.0,960.0,0.0,0.0,0.0,240.0,40.0,240.0,840.0,0.0,0.0,0.0,0.0,0.0,345559.0,5040.0,0.0,2240.0,5000.0,0.0,0.0,0.0,670279.0,1034957.0,21170.0,840.0,0.0,0.0,0.0,0.0,0.0
2026-04-19T16:00:00+02:00,6720.0,4440.0,0.0,0.0,7800.0,0.0,0.0,2320.0,9000.0,8680.0,8080.0,280.0,0.0,0.0,0.0,0.0,0.0,160.0,800.0,0.0,0.0,240.0,0.0,0.0,2320.0,160.0,40.0,200.0,160.0,0.0,0.0,0.0,0.0,0.0,62240.0,5240.0,0.0,0.0,46600.0,0.0,0.0,2320.0,526799.0,741159.0,96120.0,440.0,0.0,0.0,0.0,0.0,0.0
2026-04-19T17:00:00+02:00,4560.0,0.0,0.0,800.0,8760.0,0.0,0.0,0.0,8600.0,8189.0,7240.0,3040.0,0.0,0.0,0.0,0.0,0.0,160.0,0.0,0.0,600.0,240.0,0.0,0.0,0.0,160.0,40.0,40.0,3040.0,0.0,0.0,0.0,0.0,0.0,25000.0,0.0,0.0,1400.0,55440.0,0.0,0.0,0.0,855758.0,259408.0,16960.0,3040.0,0.0,0.0,0.0,0.0,0.0
2026-04-19T18:00:00+02:00,8960.0,3800.0,0.0,8590.0,6440.0,0.0,0.0,0.0,8640.0,8520.0,5000.0,4320.0,0.0,0.0,0.0,0.0,0.0,120.0,3800.0,0.0,1000.0,200.0,0.0,0.0,0.0,40.0,40.0,120.0,4320.0,0.0,0.0,0.0,0.0,0.0,27760.0,3800.0,0.0,9590.0,60880.0,0.0,0.0,0.0,488400.0,183339.0,7080.0,4320.0,0.0,0.0,0.0,0.0,0.0
2026-04-19T19:00:00+02:00,760.0,5240.0,0.0,2000.0,4440.0,0.0,0.0,0.0,8920.0,8280.0,8800.0,1200.0,0.0,0.0,0.0,0.0,0.0,360.0,560.0,0.0,800.0,520.0,0.0,0.0,0.0,160.0,120.0,120.0,800.0,0.0,0.0,0.0,0.0,0.0,1840.0,16640.0,0.0,6760.0,30440.0,0.0,0.0,0.0,318679.0,88720.0,13240.0,2000.0,0.0,0.0,0.0,0.0,0.0
2026-04-19T20:00:00+02:00,2880.0,6000.0,0.0,8000.0,2000.0,0.0,0.0,1480.0,8039.0,9040.0,0.0,0.0,0.0,0.0,0.0,0.0,0.0,120.0,200.0,0.0,160.0,120.0,0.0,0.0,1480.0,280.0,40.0,0.0,0.0,0.0,0.0,0.0,0.0,0.0,10160.0,27120.0,0.0,53200.0,10360.0,0.0,0.0,1480.0,382077.0,207960.0,0.0,0.0,0.0,0.0,0.0,0.0,0.0
2026-04-19T21:00:00+02:00,7760.0,2000.0,0.0,7840.0,0.0,0.0,0.0,0.0,960.0,9000.0,0.0,0.0,0.0,0.0,0.0,0.0,0.0,160.0,240.0,0.0,840.0,0.0,0.0,0.0,0.0,960.0,200.0,0.0,0.0,0.0,0.0,0.0,0.0,0.0,365280.0,22520.0,0.0,55960.0,0.0,0.0,0.0,0.0,960.0,226800.0,0.0,0.0,0.0,0.0,0.0,0.0,0.0
2026-04-19T22:00:00+02:00,8440.0,0.0,0.0,0.0,0.0,0.0,0.0,0.0,0.0,3800.0,0.0,0.0,0.0,0.0,0.0,0.0,0.0,160.0,0.0,0.0,0.0,0.0,0.0,0.0,0.0,0.0,160.0,0.0,0.0,0.0,0.0,0.0,0.0,0.0,473320.0,0.0,0.0,0.0,0.0,0.0,0.0,0.0,0.0,65680.0,0.0,0.0,0.0,0.0,0.0,0.0,0.0
2026-04-19T23:00:00+02:00,9000.0,0.0,0.0,0.0,0.0,0.0,0.0,0.0,0.0,6720.0,0.0,0.0,0.0,0.0,0.0,0.0,0.0,160.0,0.0,0.0,0.0,0.0,0.0,0.0,0.0,0.0,240.0,0.0,0.0,0.0,0.0,0.0,0.0,0.0,829680.0,0.0,0.0,0.0,0.0,0.0,0.0,0.0,0.0,18720.0,0.0,0.0,0.0,0.0,0.0,0.0,0.0
2026-04-20T00:00:00+02:00,9080.0,0.0,0.0,1200.0,0.0,0.0,0.0,0.0,0.0,800.0,0.0,1400.0,0.0,0.0,0.0,0.0,0.0,120.0,0.0,0.0,120.0,0.0,0.0,0.0,0.0,0.0,80.0,0.0,880.0,0.0,0.0,0.0,0.0,0.0,453878.0,0.0,0.0,1920.0,0.0,0.0,0.0,0.0,0.0,1480.0,0.0,2280.0,0.0,0.0,0.0,0.0,0.0
2026-04-20T01:00:00+02:00,8960.0,0.0,0.0,2000.0,0.0,0.0,0.0,0.0,0.0,4440.0,0.0,1920.0,0.0,0.0,0.0,0.0,0.0,160.0,0.0,0.0,280.0,0.0,0.0,0.0,0.0,0.0,480.0,0.0,760.0,0.0,0.0,0.0,0.0,0.0,264320.0,0.0,0.0,9200.0,0.0,0.0,0.0,0.0,0.0,15320.0,0.0,5200.0,0.0,0.0,0.0,0.0,0.0
2026-04-20T02:00:00+02:00,8920.0,0.0,0.0,8600.0,0.0,0.0,0.0,0.0,120.0,3840.0,0.0,0.0,0.0,0.0,0.0,0.0,0.0,120.0,0.0,0.0,40.0,0.0,0.0,0.0,0.0,120.0,160.0,0.0,0.0,0.0,0.0,0.0,0.0,0.0,1213080.0,0.0,0.0,391080.0,0.0,0.0,0.0,0.0,120.0,55200.0,0.0,0.0,0.0,0.0,0.0,0.0,0.0
2026-04-20T03:00:00+02:00,9040.0,0.0,0.0,8720.0,0.0,0.0,0.0,0.0,0.0,6000.0,0.0,0.0,0.0,0.0,0.0,0.0,0.0,160.0,0.0,0.0,80.0,0.0,0.0,0.0,0.0,0.0,160.0,0.0,0.0,0.0,0.0,0.0,0.0,0.0,1050520.0,0.0,0.0,917600.0,0.0,0.0,0.0,0.0,0.0,35400.0,0.0,0.0,0.0,0.0,0.0,0.0,0.0
2026-04-20T04:00:00+02:00,8600.0,0.0,0.0,8880.0,0.0,0.0,0.0,0.0,0.0,2000.0,0.0,1960.0,0.0,0.0,0.0,0.0,0.0,160.0,0.0,0.0,80.0,0.0,0.0,0.0,0.0,0.0,160.0,0.0,680.0,0.0,0.0,0.0,0.0,0.0,912319.0,0.0,0.0,572570.0,0.0,0.0,0.0,0.0,0.0,12520.0,0.0,2640.0,0.0,0.0,0.0,0.0,0.0
2026-04-20T05:00:00+02:00,8039.0,8000.0,0.0,5840.0,0.0,0.0,0.0,0.0,8080.0,5040.0,0.0,0.0,0.0,0.0,0.0,0.0,0.0,160.0,320.0,0.0,80.0,0.0,0.0,0.0,0.0,240.0,160.0,0.0,0.0,0.0,0.0,0.0,0.0,0.0,237518.0,84080.0,0.0,51400.0,0.0,0.0,0.0,0.0,134120.0,46480.0,0.0,0.0,0.0,0.0,0.0,0.0,0.0
2026-04-20T06:00:00+02:00,1520.0,3080.0,0.0,6840.0,0.0,0.0,0.0,0.0,8039.0,4680.0,0.0,0.0,0.0,0.0,0.0,0.0,0.0,200.0,640.0,0.0,1320.0,0.0,0.0,0.0,0.0,320.0,120.0,0.0,0.0,0.0,0.0,0.0,0.0,0.0,5440.0,5000.0,0.0,8160.0,0.0,0.0,0.0,0.0,52959.0,100720.0,0.0,0.0,0.0,0.0,0.0,0.0,0.0
2026-04-20T07:00:00+02:00,8840.0,3720.0,0.0,0.0,0.0,0.0,0.0,0.0,8360.0,8400.0,0.0,0.0,0.0,0.0,0.0,0.0,0.0,960.0,40.0,0.0,0.0,0.0,0.0,0.0,0.0,160.0,40.0,0.0,0.0,0.0,0.0,0.0,0.0,0.0,33480.0,7520.0,0.0,0.0,0.0,0.0,0.0,0.0,601311.0,145920.0,0.0,0.0,0.0,0.0,0.0,0.0,0.0
2026-04-20T08:00:00+02:00,7000.0,4000.0,0.0,1080.0,8000.0,0.0,0.0,0.0,8400.0,8800.0,8000.0,0.0,0.0,0.0,0.0,0.0,0.0,200.0,1800.0,0.0,520.0,320.0,0.0,0.0,0.0,160.0,120.0,120.0,0.0,0.0,0.0,0.0,0.0,0.0,21400.0,20760.0,0.0,1600.0,21160.0,0.0,0.0,0.0,1093720.0,125119.0,36120.0,0.0,0.0,0.0,0.0,0.0,0.0
2026-04-20T09:00:00+02:00,1400.0,6760.0,0.0,2000.0,4000.0,0.0,0.0,0.0,9000.0,8200.0,8360.0,0.0,0.0,0.0,0.0,0.0,8039.0,280.0,6760.0,0.0,360.0,960.0,0.0,0.0,0.0,240.0,80.0,320.0,0.0,0.0,0.0,0.0,0.0,8039.0,2640.0,6760.0,0.0,10560.0,17760.0,0.0,0.0,0.0,815440.0,51920.0,15040.0,0.0,0.0,0.0,0.0,0.0,8039.0
2026-04-20T10:00:00+02:00,1240.0,8520.0,0.0,2000.0,680.0,0.0,0.0,0.0,8000.0,8800.0,5760.0,0.0,0.0,0.0,0.0,4440.0,0.0,40.0,1840.0,0.0,1920.0,360.0,0.0,0.0,0.0,360.0,80.0,280.0,0.0,0.0,0.0,0.0,4440.0,0.0,3760.0,10360.0,0.0,3920.0,1040.0,0.0,0.0,0.0,83040.0,136560.0,18840.0,0.0,0.0,0.0,0.0,4440.0,0.0
2026-04-20T11:00:00+02:00,8920.0,8560.0,0.0,7960.0,0.0,0.0,0.0,0.0,8760.0,8840.0,9040.0,240.0,0.0,0.0,0.0,0.0,5800.0,160.0,800.0,0.0,200.0,0.0,0.0,0.0,0.0,120.0,80.0,120.0,240.0,0.0,0.0,0.0,0.0,240.0,81640.0,31440.0,0.0,163840.0,0.0,0.0,0.0,0.0,220880.0,236360.0,58480.0,240.0,0.0,0.0,0.0,0.0,11240.0
2026-04-20T12:00:00+02:00,8480.0,6040.0,0.0,8000.0,0.0,0.0,0.0,0.0,8000.0,8600.0,6800.0,320.0,0.0,0.0,0.0,0.0,0.0,240.0,520.0,0.0,240.0,0.0,0.0,0.0,0.0,120.0,40.0,200.0,320.0,0.0,0.0,0.0,0.0,0.0,62080.0,8280.0,0.0,123080.0,0.0,0.0,0.0,0.0,211040.0,269120.0,26520.0,320.0,0.0,0.0,0.0,0.0,0.0
2026-04-20T13:00:00+02:00,5280.0,8000.0,0.0,8400.0,0.0,0.0,0.0,0.0,8400.0,8720.0,8119.0,440.0,0.0,0.0,0.0,0.0,1560.0,80.0,200.0,0.0,160.0,0.0,0.0,0.0,0.0,120.0,40.0,160.0,160.0,0.0,0.0,0.0,0.0,200.0,31040.0,101280.0,0.0,252600.0,0.0,0.0,0.0,0.0,489199.0,581719.0,116519.0,600.0,0.0,0.0,0.0,0.0,3680.0
2026-04-20T14:00:00+02:00,6040.0,8200.0,0.0,200.0,0.0,0.0,0.0,0.0,8000.0,9000.0,9040.0,2640.0,0.0,0.0,0.0,0.0,200.0,160.0,160.0,0.0,200.0,0.0,0.0,0.0,0.0,280.0,40.0,120.0,240.0,0.0,0.0,0.0,0.0,200.0,41240.0,213120.0,0.0,200.0,0.0,0.0,0.0,0.0,79000.0,830120.0,575820.0,3640.0,0.0,0.0,0.0,0.0,200.0
2026-04-20T15:00:00+02:00,8760.0,5840.0,0.0,4000.0,0.0,0.0,0.0,0.0,7960.0,9040.0,8880.0,0.0,1640.0,0.0,0.0,0.0,0.0,160.0,760.0,0.0,1920.0,0.0,0.0,0.0,0.0,120.0,40.0,160.0,0.0,360.0,0.0,0.0,0.0,0.0,65200.0,17840.0,0.0,11800.0,0.0,0.0,0.0,0.0,68360.0,1188517.0,76520.0,0.0,5080.0,0.0,0.0,0.0,0.0
2026-04-20T16:00:00+02:00,6000.0,8039.0,0.0,2000.0,0.0,0.0,0.0,0.0,8840.0,8840.0,8840.0,0.0,0.0,0.0,0.0,0.0,0.0,160.0,200.0,0.0,1080.0,0.0,0.0,0.0,0.0,120.0,120.0,200.0,0.0,0.0,0.0,0.0,0.0,0.0,73720.0,58239.0,0.0,3080.0,0.0,0.0,0.0,0.0,51200.0,734519.0,236749.0,0.0,0.0,0.0,0.0,0.0,0.0
2026-04-20T17:00:00+02:00,2600.0,3120.0,0.0,5160.0,0.0,0.0,0.0,0.0,2480.0,9040.0,2040.0,0.0,0.0,0.0,0.0,0.0,0.0,200.0,280.0,0.0,440.0,0.0,0.0,0.0,0.0,960.0,40.0,400.0,0.0,0.0,0.0,0.0,0.0,0.0,17320.0,10080.0,0.0,12520.0,0.0,0.0,0.0,0.0,4680.0,183400.0,3600.0,0.0,0.0,0.0,0.0,0.0,0.0
2026-04-20T18:00:00+02:00,7360.0,5600.0,0.0,360.0,0.0,0.0,0.0,0.0,5600.0,8520.0,5720.0,2920.0,0.0,0.0,0.0,0.0,6000.0,120.0,840.0,0.0,360.0,0.0,0.0,0.0,0.0,880.0,40.0,160.0,880.0,0.0,0.0,0.0,0.0,320.0,140200.0,10680.0,0.0,360.0,0.0,0.0,0.0,0.0,20800.0,360598.0,42480.0,3800.0,0.0,0.0,0.0,0.0,7200.0
2026-04-20T19:00:00+02:00,7400.0,6440.0,0.0,0.0,0.0,0.0,0.0,0.0,8760.0,8960.0,5480.0,8760.0,0.0,0.0,0.0,0.0,0.0,160.0,280.0,0.0,0.0,0.0,0.0,0.0,0.0,600.0,40.0,160.0,880.0,0.0,0.0,0.0,0.0,0.0,75080.0,6720.0,0.0,0.0,0.0,0.0,0.0,0.0,40600.0,684898.0,27120.0,49280.0,0.0,0.0,0.0,0.0,0.0
2026-04-20T20:00:00+02:00,8880.0,80.0,0.0,240.0,0.0,0.0,0.0,0.0,2000.0,8920.0,2160.0,8840.0,0.0,0.0,0.0,0.0,0.0,160.0,80.0,0.0,240.0,0.0,0.0,0.0,0.0,320.0,40.0,2160.0,160.0,0.0,0.0,0.0,0.0,0.0,59680.0,80.0,0.0,240.0,0.0,0.0,0.0,0.0,20560.0,362099.0,4320.0,85600.0,0.0,0.0,0.0,0.0,0.0
2026-04-20T21:00:00+02:00,7880.0,8039.0,0.0,200.0,0.0,0.0,0.0,0.0,5520.0,8920.0,160.0,1760.0,0.0,0.0,0.0,0.0,7880.0,120.0,120.0,0.0,200.0,0.0,0.0,0.0,0.0,280.0,80.0,160.0,1760.0,0.0,0.0,0.0,0.0,280.0,299640.0,96877.0,0.0,200.0,0.0,0.0,0.0,0.0,16160.0,295280.0,160.0,1760.0,0.0,0.0,0.0,0.0,28440.0
2026-04-20T22:00:00+02:00,8039.0,7400.0,0.0,0.0,0.0,0.0,0.0,0.0,0.0,8480.0,680.0,2000.0,0.0,0.0,0.0,0.0,1240.0,160.0,7400.0,0.0,0.0,0.0,0.0,0.0,0.0,0.0,120.0,200.0,240.0,0.0,0.0,0.0,0.0,200.0,370518.0,7400.0,0.0,0.0,0.0,0.0,0.0,0.0,0.0,108520.0,1160.0,2480.0,0.0,0.0,0.0,0.0,2560.0
2026-04-20T23:00:00+02:00,8800.0,0.0,0.0,0.0,0.0,0.0,0.0,0.0,4240.0,5520.0,520.0,3840.0,0.0,0.0,0.0,0.0,0.0,200.0,0.0,0.0,0.0,0.0,0.0,0.0,0.0,4240.0,40.0,520.0,200.0,0.0,0.0,0.0,0.0,0.0,190440.0,0.0,0.0,0.0,0.0,0.0,0.0,0.0,4240.0,116400.0,520.0,45520.0,0.0,0.0,0.0,0.0,0.0
2026-04-21T00:00:00+02:00,9040.0,0.0,0.0,0.0,0.0,0.0,0.0,0.0,0.0,8920.0,0.0,8000.0,0.0,0.0,0.0,0.0,0.0,160.0,0.0,0.0,0.0,0.0,0.0,0.0,0.0,0.0,40.0,0.0,160.0,0.0,0.0,0.0,0.0,0.0,764440.0,0.0,0.0,0.0,0.0,0.0,0.0,0.0,0.0,590659.0,0.0,231440.0,0.0,0.0,0.0,0.0,0.0
2026-04-21T01:00:00+02:00,9000.0,0.0,0.0,0.0,0.0,0.0,0.0,0.0,0.0,8960.0,0.0,4840.0,0.0,0.0,0.0,0.0,0.0,160.0,0.0,0.0,0.0,0.0,0.0,0.0,0.0,0.0,40.0,0.0,200.0,0.0,0.0,0.0,0.0,0.0,838160.0,0.0,0.0,0.0,0.0,0.0,0.0,0.0,0.0,805390.0,0.0,130480.0,0.0,0.0,0.0,0.0,0.0
2026-04-21T02:00:00+02:00,9040.0,0.0,0.0,1360.0,0.0,0.0,0.0,0.0,0.0,8480.0,1160.0,2640.0,0.0,0.0,0.0,0.0,0.0,120.0,0.0,0.0,120.0,0.0,0.0,0.0,0.0,0.0,120.0,1160.0,120.0,0.0,0.0,0.0,0.0,0.0,594720.0,0.0,0.0,6560.0,0.0,0.0,0.0,0.0,0.0,450870.0,1160.0,28360.0,0.0,0.0,0.0,0.0,0.0
2026-04-21T03:00:00+02:00,8400.0,0.0,0.0,1040.0,0.0,0.0,0.0,0.0,0.0,8320.0,0.0,2040.0,0.0,0.0,0.0,0.0,0.0,120.0,0.0,0.0,200.0,0.0,0.0,0.0,0.0,0.0,40.0,0.0,120.0,0.0,0.0,0.0,0.0,0.0,383600.0,0.0,0.0,5080.0,0.0,0.0,0.0,0.0,0.0,321150.0,0.0,7520.0,0.0,0.0,0.0,0.0,0.0
2026-04-21T04:00:00+02:00,7840.0,0.0,0.0,1920.0,0.0,0.0,0.0,0.0,0.0,6640.0,0.0,4040.0,0.0,0.0,0.0,0.0,0.0,120.0,0.0,0.0,200.0,0.0,0.0,0.0,0.0,0.0,40.0,0.0,200.0,0.0,0.0,0.0,0.0,0.0,278680.0,0.0,0.0,5360.0,0.0,0.0,0.0,0.0,0.0,281910.0,0.0,21120.0,0.0,0.0,0.0,0.0,0.0
2026-04-21T05:00:00+02:00,2040.0,6000.0,0.0,0.0,0.0,0.0,0.0,0.0,5840.0,9040.0,6680.0,0.0,0.0,0.0,0.0,0.0,0.0,160.0,320.0,0.0,0.0,0.0,0.0,0.0,0.0,160.0,200.0,200.0,0.0,0.0,0.0,0.0,0.0,0.0,14280.0,30920.0,0.0,0.0,0.0,0.0,0.0,0.0,198160.0,49320.0,17120.0,0.0,0.0,0.0,0.0,0.0,0.0
2026-04-21T06:00:00+02:00,2680.0,2000.0,0.0,0.0,2000.0,0.0,0.0,0.0,8000.0,8760.0,1800.0,0.0,0.0,0.0,0.0,0.0,0.0,240.0,200.0,0.0,0.0,400.0,0.0,0.0,0.0,160.0,120.0,1800.0,0.0,0.0,0.0,0.0,0.0,0.0,5840.0,4600.0,0.0,0.0,5160.0,0.0,0.0,0.0,646320.0,27280.0,1800.0,0.0,0.0,0.0,0.0,0.0,0.0
2026-04-21T07:00:00+02:00,8000.0,2480.0,0.0,2960.0,8440.0,0.0,0.0,8320.0,1880.0,8800.0,2160.0,0.0,0.0,0.0,0.0,2400.0,0.0,200.0,2480.0,0.0,1040.0,40.0,0.0,0.0,200.0,1760.0,80.0,160.0,0.0,0.0,0.0,0.0,200.0,0.0,116680.0,2480.0,0.0,4000.0,138640.0,0.0,0.0,41439.0,3640.0,170120.0,3160.0,0.0,0.0,0.0,0.0,4360.0,0.0
2026-04-21T08:00:00+02:00,4000.0,7920.0,0.0,8000.0,8000.0,0.0,0.0,8080.0,8039.0,6720.0,1040.0,0.0,0.0,0.0,0.0,0.0,0.0,200.0,360.0,0.0,120.0,40.0,0.0,0.0,120.0,400.0,80.0,1040.0,0.0,0.0,0.0,0.0,0.0,0.0,45880.0,14320.0,0.0,127760.0,157480.0,0.0,0.0,126940.0,36318.0,82840.0,1040.0,0.0,0.0,0.0,0.0,0.0,0.0
2026-04-21T09:00:00+02:00,2040.0,560.0,0.0,8000.0,840.0,0.0,0.0,7670.0,4040.0,8039.0,5640.0,3640.0,0.0,0.0,0.0,200.0,0.0,160.0,40.0,0.0,400.0,480.0,0.0,0.0,60.0,1080.0,40.0,440.0,3640.0,0.0,0.0,0.0,200.0,0.0,11160.0,920.0,0.0,97560.0,1320.0,0.0,0.0,31780.0,7160.0,249759.0,37280.0,3640.0,0.0,0.0,0.0,200.0,0.0
2026-04-21T10:00:00+02:00,6080.0,8160.0,0.0,0.0,1200.0,0.0,0.0,8640.0,6000.0,8039.0,5560.0,400.0,0.0,0.0,0.0,0.0,2040.0,120.0,120.0,0.0,0.0,40.0,0.0,0.0,40.0,120.0,120.0,640.0,400.0,0.0,0.0,0.0,0.0,280.0,44480.0,9920.0,0.0,0.0,3160.0,0.0,0.0,95720.0,42690.0,216319.0,16960.0,400.0,0.0,0.0,0.0,0.0,5840.0
2026-04-21T11:00:00+02:00,8160.0,7800.0,0.0,2520.0,3600.0,0.0,0.0,8960.0,8840.0,8960.0,9040.0,680.0,0.0,0.0,0.0,0.0,8440.0,120.0,240.0,0.0,2000.0,360.0,0.0,0.0,2640.0,40.0,40.0,160.0,200.0,0.0,0.0,0.0,0.0,360.0,61200.0,10720.0,0.0,4520.0,11240.0,0.0,0.0,22200.0,318910.0,789808.0,167160.0,880.0,0.0,0.0,0.0,0.0,15240.0
2026-04-21T12:00:00+02:00,4800.0,5560.0,1560.0,5780.0,0.0,0.0,0.0,0.0,8039.0,9040.0,8720.0,0.0,0.0,0.0,0.0,0.0,8400.0,160.0,200.0,1000.0,5780.0,0.0,0.0,0.0,0.0,40.0,40.0,160.0,0.0,0.0,0.0,0.0,0.0,240.0,8800.0,37480.0,2560.0,5780.0,0.0,0.0,0.0,0.0,651839.0,977980.0,152200.0,0.0,0.0,0.0,0.0,0.0,11680.0
2026-04-21T13:00:00+02:00,7080.0,7720.0,3600.0,1960.0,0.0,0.0,0.0,3440.0,8320.0,8880.0,8720.0,280.0,0.0,0.0,0.0,0.0,840.0,120.0,120.0,1760.0,1000.0,0.0,0.0,0.0,160.0,120.0,40.0,120.0,280.0,0.0,0.0,0.0,0.0,840.0,22240.0,8680.0,9640.0,2960.0,0.0,0.0,0.0,11240.0,298319.0,1132208.0,489400.0,280.0,0.0,0.0,0.0,0.0,840.0
2026-04-21T14:00:00+02:00,6000.0,8560.0,0.0,520.0,0.0,0.0,0.0,0.0,7920.0,8880.0,8600.0,3560.0,0.0,0.0,0.0,0.0,8240.0,120.0,120.0,0.0,520.0,0.0,0.0,0.0,0.0,160.0,40.0,120.0,3560.0,0.0,0.0,0.0,0.0,120.0,39640.0,32400.0,0.0,520.0,0.0,0.0,0.0,0.0,82080.0,722460.0,401318.0,3560.0,0.0,0.0,0.0,0.0,75160.0
2026-04-21T15:00:00+02:00,7600.0,9000.0,0.0,0.0,0.0,0.0,0.0,0.0,7080.0,8760.0,8440.0,440.0,840.0,0.0,0.0,0.0,6000.0,160.0,160.0,0.0,0.0,0.0,0.0,0.0,0.0,160.0,160.0,160.0,320.0,240.0,0.0,0.0,0.0,160.0,63320.0,65000.0,0.0,0.0,0.0,0.0,0.0,0.0,71320.0,386480.0,147480.0,760.0,1880.0,0.0,0.0,0.0,19440.0
2026-04-21T16:00:00+02:00,8000.0,7200.0,0.0,2000.0,0.0,0.0,0.0,0.0,6320.0,8840.0,8920.0,0.0,0.0,0.0,0.0,0.0,1400.0,200.0,200.0,0.0,1200.0,0.0,0.0,0.0,0.0,200.0,40.0,200.0,0.0,0.0,0.0,0.0,0.0,160.0,55960.0,29440.0,0.0,9160.0,0.0,0.0,0.0,0.0,37920.0,358010.0,123399.0,0.0,0.0,0.0,0.0,0.0,2320.0
2026-04-21T17:00:00+02:00,8000.0,5640.0,0.0,2040.0,0.0,0.0,0.0,0.0,6000.0,9000.0,7520.0,2400.0,0.0,0.0,0.0,0.0,0.0,200.0,120.0,0.0,40.0,0.0,0.0,0.0,0.0,120.0,40.0,200.0,2400.0,0.0,0.0,0.0,0.0,0.0,67000.0,83820.0,0.0,3640.0,0.0,0.0,0.0,0.0,27430.0,732199.0,32240.0,2400.0,0.0,0.0,0.0,0.0,0.0
2026-04-21T18:00:00+02:00,3400.0,7800.0,0.0,1200.0,0.0,0.0,0.0,0.0,3920.0,8960.0,8039.0,680.0,0.0,0.0,0.0,0.0,2000.0,240.0,120.0,0.0,640.0,0.0,0.0,0.0,0.0,200.0,40.0,120.0,680.0,0.0,0.0,0.0,0.0,2000.0,45360.0,173960.0,0.0,1840.0,0.0,0.0,0.0,0.0,20040.0,912239.0,20199.0,680.0,0.0,0.0,0.0,0.0,2000.0
2026-04-21T19:00:00+02:00,2360.0,8760.0,0.0,2080.0,0.0,0.0,0.0,0.0,8880.0,8520.0,7440.0,0.0,0.0,0.0,0.0,0.0,0.0,200.0,160.0,0.0,440.0,0.0,0.0,0.0,0.0,120.0,40.0,840.0,0.0,0.0,0.0,0.0,0.0,0.0,8680.0,190359.0,0.0,3160.0,0.0,0.0,0.0,0.0,133560.0,308820.0,8280.0,0.0,0.0,0.0,0.0,0.0,0.0
2026-04-21T20:00:00+02:00,1320.0,5280.0,0.0,0.0,0.0,0.0,0.0,0.0,280.0,8880.0,8360.0,0.0,0.0,0.0,0.0,0.0,0.0,200.0,160.0,0.0,0.0,0.0,0.0,0.0,0.0,280.0,40.0,280.0,0.0,0.0,0.0,0.0,0.0,0.0,6120.0,84840.0,0.0,0.0,0.0,0.0,0.0,0.0,280.0,215520.0,34240.0,0.0,0.0,0.0,0.0,0.0,0.0
2026-04-21T21:00:00+02:00,2000.0,3560.0,0.0,0.0,0.0,0.0,0.0,0.0,3280.0,8560.0,1560.0,4040.0,0.0,0.0,0.0,0.0,0.0,320.0,160.0,0.0,0.0,0.0,0.0,0.0,0.0,3280.0,40.0,400.0,960.0,0.0,0.0,0.0,0.0,0.0,3840.0,14960.0,0.0,0.0,0.0,0.0,0.0,0.0,3280.0,173360.0,3880.0,6480.0,0.0,0.0,0.0,0.0,0.0
2026-04-21T22:00:00+02:00,1960.0,0.0,0.0,0.0,0.0,0.0,0.0,0.0,0.0,7000.0,0.0,0.0,0.0,0.0,0.0,0.0,0.0,160.0,0.0,0.0,0.0,0.0,0.0,0.0,0.0,0.0,40.0,0.0,0.0,0.0,0.0,0.0,0.0,0.0,5040.0,0.0,0.0,0.0,0.0,0.0,0.0,0.0,0.0,22760.0,0.0,0.0,0.0,0.0,0.0,0.0,0.0
2026-04-21T23:00:00+02:00,6160.0,7600.0,0.0,0.0,0.0,0.0,0.0,0.0,0.0,7480.0,0.0,5920.0,0.0,0.0,0.0,0.0,0.0,320.0,400.0,0.0,0.0,0.0,0.0,0.0,0.0,0.0,200.0,0.0,120.0,0.0,0.0,0.0,0.0,0.0,11680.0,12120.0,0.0,0.0,0.0,0.0,0.0,0.0,0.0,192000.0,0.0,135080.0,0.0,0.0,0.0,0.0,0.0
2026-04-22T00:00:00+02:00,0.0,440.0,0.0,0.0,0.0,0.0,0.0,0.0,0.0,6080.0,0.0,8640.0,0.0,0.0,0.0,0.0,0.0,0.0,440.0,0.0,0.0,0.0,0.0,0.0,0.0,0.0,160.0,0.0,40.0,0.0,0.0,0.0,0.0,0.0,0.0,440.0,0.0,0.0,0.0,0.0,0.0,0.0,0.0,145800.0,0.0,203720.0,0.0,0.0,0.0,0.0,0.0
2026-04-22T01:00:00+02:00,0.0,0.0,0.0,0.0,0.0,0.0,0.0,0.0,0.0,5920.0,0.0,7440.0,0.0,0.0,0.0,0.0,0.0,0.0,0.0,0.0,0.0,0.0,0.0,0.0,0.0,0.0,160.0,0.0,160.0,0.0,0.0,0.0,0.0,0.0,0.0,0.0,0.0,0.0,0.0,0.0,0.0,0.0,0.0,113440.0,0.0,161760.0,0.0,0.0,0.0,0.0,0.0
2026-04-22T02:00:00+02:00,0.0,0.0,0.0,0.0,0.0,0.0,0.0,0.0,920.0,2000.0,0.0,2000.0,0.0,0.0,0.0,0.0,0.0,0.0,0.0,0.0,0.0,0.0,0.0,0.0,0.0,920.0,160.0,0.0,200.0,0.0,0.0,0.0,0.0,0.0,0.0,0.0,0.0,0.0,0.0,0.0,0.0,0.0,920.0,38640.0,0.0,9320.0,0.0,0.0,0.0,0.0,0.0
2026-04-22T03:00:00+02:00,0.0,0.0,0.0,0.0,0.0,0.0,0.0,0.0,0.0,5640.0,0.0,0.0,0.0,0.0,0.0,0.0,0.0,0.0,0.0,0.0,0.0,0.0,0.0,0.0,0.0,0.0,200.0,0.0,0.0,0.0,0.0,0.0,0.0,0.0,0.0,0.0,0.0,0.0,0.0,0.0,0.0,0.0,0.0,43400.0,0.0,0.0,0.0,0.0,0.0,0.0,0.0
2026-04-22T04:00:00+02:00,1360.0,0.0,0.0,0.0,0.0,0.0,0.0,0.0,0.0,2960.0,0.0,0.0,0.0,0.0,0.0,0.0,0.0,1360.0,0.0,0.0,0.0,0.0,0.0,0.0,0.0,0.0,200.0,0.0,0.0,0.0,0.0,0.0,0.0,0.0,1360.0,0.0,0.0,0.0,0.0,0.0,0.0,0.0,0.0,25360.0,0.0,0.0,0.0,0.0,0.0,0.0,0.0
2026-04-22T05:00:00+02:00,2000.0,2000.0,0.0,0.0,0.0,0.0,0.0,0.0,2040.0,5840.0,0.0,0.0,0.0,0.0,0.0,0.0,0.0,1000.0,120.0,0.0,0.0,0.0,0.0,0.0,0.0,2000.0,120.0,0.0,0.0,0.0,0.0,0.0,0.0,0.0,3000.0,8960.0,0.0,0.0,0.0,0.0,0.0,0.0,4040.0,77640.0,0.0,0.0,0.0,0.0,0.0,0.0,0.0
2026-04-22T06:00:00+02:00,0.0,3920.0,0.0,160.0,0.0,0.0,0.0,0.0,0.0,6400.0,0.0,0.0,0.0,0.0,0.0,0.0,0.0,0.0,800.0,0.0,160.0,0.0,0.0,0.0,0.0,0.0,40.0,0.0,0.0,0.0,0.0,0.0,0.0,0.0,0.0,28960.0,0.0,160.0,0.0,0.0,0.0,0.0,0.0,28880.0,0.0,0.0,0.0,0.0,0.0,0.0,0.0
2026-04-22T07:00:00+02:00,7600.0,3080.0,0.0,1680.0,2360.0,0.0,0.0,0.0,0.0,7920.0,0.0,0.0,0.0,0.0,0.0,0.0,0.0,120.0,240.0,0.0,1680.0,2360.0,0.0,0.0,0.0,0.0,200.0,0.0,0.0,0.0,0.0,0.0,0.0,0.0,81720.0,20880.0,0.0,1680.0,2360.0,0.0,0.0,0.0,0.0,143720.0,0.0,0.0,0.0,0.0,0.0,0.0,0.0
2026-04-22T08:00:00+02:00,6040.0,5920.0,0.0,0.0,1920.0,0.0,0.0,0.0,120.0,8000.0,0.0,0.0,0.0,0.0,0.0,0.0,0.0,200.0,160.0,0.0,0.0,40.0,0.0,0.0,0.0,120.0,80.0,0.0,0.0,0.0,0.0,0.0,0.0,0.0,37880.0,48920.0,0.0,0.0,4880.0,0.0,0.0,0.0,120.0,88800.0,0.0,0.0,0.0,0.0,0.0,0.0,0.0
2026-04-22T09:00:00+02:00,5440.0,1160.0,0.0,6000.0,8900.0,0.0,0.0,1440.0,1760.0,8039.0,6280.0,0.0,0.0,0.0,0.0,0.0,0.0,120.0,520.0,0.0,160.0,40.0,0.0,0.0,1280.0,160.0,40.0,120.0,0.0,0.0,0.0,0.0,0.0,0.0,28560.0,3040.0,0.0,133780.0,64000.0,0.0,0.0,2720.0,2800.0,344408.0,11840.0,0.0,0.0,0.0,0.0,0.0,0.0
2026-04-22T10:00:00+02:00,8800.0,6040.0,0.0,8280.0,0.0,0.0,0.0,2000.0,6560.0,9000.0,8600.0,800.0,0.0,0.0,0.0,0.0,6760.0,120.0,200.0,0.0,240.0,0.0,0.0,0.0,1600.0,160.0,40.0,120.0,800.0,0.0,0.0,0.0,0.0,6760.0,154400.0,31400.0,0.0,72800.0,0.0,0.0,0.0,3600.0,24880.0,1017928.0,150719.0,800.0,0.0,0.0,0.0,0.0,6760.0
2026-04-22T11:00:00+02:00,4240.0,5880.0,0.0,3720.0,0.0,0.0,0.0,0.0,8960.0,8880.0,8720.0,1440.0,0.0,0.0,0.0,0.0,8360.0,120.0,280.0,0.0,160.0,0.0,0.0,0.0,0.0,40.0,40.0,160.0,160.0,0.0,0.0,0.0,0.0,440.0,53200.0,23640.0,0.0,21200.0,0.0,0.0,0.0,0.0,311780.0,1151858.0,245040.0,1760.0,0.0,0.0,0.0,0.0,55920.0
2026-04-22T12:00:00+02:00,5400.0,4840.0,0.0,680.0,0.0,0.0,0.0,0.0,9000.0,8840.0,8400.0,7840.0,0.0,0.0,0.0,0.0,7680.0,200.0,240.0,0.0,680.0,0.0,0.0,0.0,0.0,120.0,40.0,160.0,200.0,0.0,0.0,0.0,0.0,280.0,20720.0,10000.0,0.0,680.0,0.0,0.0,0.0,0.0,724529.0,726419.0,296920.0,46400.0,0.0,0.0,0.0,0.0,92600.0
2026-04-22T13:00:00+02:00,8039.0,8640.0,0.0,240.0,1720.0,0.0,0.0,0.0,8240.0,8840.0,7640.0,8680.0,0.0,0.0,0.0,8320.0,6400.0,160.0,160.0,0.0,240.0,440.0,0.0,0.0,0.0,120.0,120.0,160.0,8680.0,0.0,0.0,0.0,8320.0,120.0,60079.0,58290.0,0.0,240.0,3000.0,0.0,0.0,0.0,312600.0,689359.0,76840.0,8680.0,0.0,0.0,0.0,8320.0,8720.0
2026-04-22T14:00:00+02:00,4880.0,8640.0,0.0,3360.0,760.0,0.0,0.0,0.0,8480.0,8840.0,8119.0,240.0,0.0,0.0,0.0,0.0,0.0,120.0,160.0,0.0,200.0,760.0,0.0,0.0,0.0,80.0,80.0,120.0,200.0,0.0,0.0,0.0,0.0,0.0,7520.0,60560.0,0.0,4240.0,760.0,0.0,0.0,0.0,115940.0,311429.0,237637.0,440.0,0.0,0.0,0.0,0.0,0.0
2026-04-22T15:00:00+02:00,4080.0,8920.0,0.0,3360.0,0.0,0.0,0.0,0.0,8800.0,8880.0,8400.0,0.0,0.0,0.0,0.0,0.0,5120.0,40.0,520.0,0.0,160.0,0.0,0.0,0.0,0.0,120.0,40.0,40.0,0.0,0.0,0.0,0.0,0.0,440.0,5160.0,117440.0,0.0,18960.0,0.0,0.0,0.0,0.0,149960.0,1104629.0,149000.0,0.0,0.0,0.0,0.0,0.0,10040.0
2026-04-22T16:00:00+02:00,4920.0,7800.0,0.0,3720.0,0.0,0.0,0.0,0.0,8600.0,8920.0,8360.0,0.0,0.0,0.0,0.0,0.0,8800.0,40.0,80.0,0.0,120.0,0.0,0.0,0.0,0.0,80.0,40.0,160.0,0.0,0.0,0.0,0.0,0.0,160.0,43120.0,54400.0,0.0,18200.0,0.0,0.0,0.0,0.0,149840.0,1707059.0,281360.0,0.0,0.0,0.0,0.0,0.0,23000.0
2026-04-22T17:00:00+02:00,7600.0,2640.0,0.0,8360.0,0.0,0.0,0.0,0.0,2960.0,9000.0,8960.0,240.0,0.0,0.0,0.0,0.0,8560.0,160.0,320.0,0.0,280.0,0.0,0.0,0.0,0.0,80.0,40.0,200.0,240.0,0.0,0.0,0.0,0.0,440.0,21960.0,6160.0,0.0,48400.0,0.0,0.0,0.0,0.0,23840.0,990149.0,166439.0,240.0,0.0,0.0,0.0,0.0,60120.0
2026-04-22T18:00:00+02:00,8960.0,4960.0,0.0,7960.0,0.0,0.0,0.0,1560.0,6540.0,9000.0,6880.0,0.0,0.0,0.0,0.0,0.0,3800.0,240.0,600.0,0.0,200.0,0.0,0.0,0.0,1560.0,160.0,40.0,1200.0,0.0,0.0,0.0,0.0,0.0,2000.0,86760.0,18680.0,0.0,124540.0,0.0,0.0,0.0,1560.0,64740.0,921630.0,19160.0,0.0,0.0,0.0,0.0,0.0,5800.0
2026-04-22T19:00:00+02:00,8440.0,6960.0,0.0,7720.0,0.0,0.0,0.0,0.0,3080.0,8840.0,2840.0,760.0,0.0,0.0,0.0,0.0,0.0,200.0,1240.0,0.0,200.0,0.0,0.0,0.0,0.0,800.0,40.0,2520.0,160.0,0.0,0.0,0.0,0.0,0.0,115560.0,29080.0,0.0,12600.0,0.0,0.0,0.0,0.0,5600.0,353410.0,5360.0,920.0,0.0,0.0,0.0,0.0,0.0
2026-04-22T20:00:00+02:00,7320.0,4800.0,0.0,5640.0,0.0,0.0,0.0,3760.0,3800.0,8840.0,160.0,0.0,0.0,0.0,0.0,0.0,6000.0,160.0,880.0,0.0,5640.0,0.0,0.0,0.0,3760.0,320.0,40.0,160.0,0.0,0.0,0.0,0.0,0.0,2000.0,58520.0,9760.0,0.0,5640.0,0.0,0.0,0.0,3760.0,20120.0,404400.0,160.0,0.0,0.0,0.0,0.0,0.0,20000.0
2026-04-22T21:00:00+02:00,6760.0,8840.0,0.0,80.0,0.0,0.0,0.0,0.0,4000.0,8560.0,8000.0,1640.0,0.0,0.0,0.0,0.0,0.0,160.0,160.0,0.0,80.0,0.0,0.0,0.0,0.0,160.0,120.0,160.0,200.0,0.0,0.0,0.0,0.0,0.0,53320.0,217840.0,0.0,80.0,0.0,0.0,0.0,0.0,25760.0,325199.0,9400.0,1840.0,0.0,0.0,0.0,0.0,0.0
2026-04-22T22:00:00+02:00,3600.0,4120.0,0.0,0.0,0.0,0.0,0.0,0.0,0.0,7120.0,0.0,0.0,0.0,0.0,0.0,0.0,0.0,120.0,400.0,0.0,0.0,0.0,0.0,0.0,0.0,0.0,120.0,0.0,0.0,0.0,0.0,0.0,0.0,0.0,83440.0,7560.0,0.0,0.0,0.0,0.0,0.0,0.0,0.0,67800.0,0.0,0.0,0.0,0.0,0.0,0.0,0.0
2026-04-22T23:00:00+02:00,3880.0,0.0,0.0,0.0,0.0,0.0,0.0,0.0,0.0,5760.0,0.0,3280.0,0.0,0.0,0.0,0.0,0.0,40.0,0.0,0.0,0.0,0.0,0.0,0.0,0.0,0.0,120.0,0.0,440.0,0.0,0.0,0.0,0.0,0.0,146720.0,0.0,0.0,0.0,0.0,0.0,0.0,0.0,0.0,62880.0,0.0,27840.0,0.0,0.0,0.0,0.0,0.0
2026-04-23T00:00:00+02:00,3880.0,0.0,0.0,0.0,0.0,0.0,0.0,0.0,0.0,7720.0,0.0,4000.0,0.0,0.0,0.0,0.0,0.0,120.0,0.0,0.0,0.0,0.0,0.0,0.0,0.0,0.0,200.0,0.0,160.0,0.0,0.0,0.0,0.0,0.0,83560.0,0.0,0.0,0.0,0.0,0.0,0.0,0.0,0.0,87040.0,0.0,28840.0,0.0,0.0,0.0,0.0,0.0
2026-04-23T01:00:00+02:00,3880.0,0.0,0.0,0.0,0.0,0.0,0.0,0.0,0.0,2000.0,0.0,2000.0,0.0,0.0,0.0,0.0,0.0,160.0,0.0,0.0,0.0,0.0,0.0,0.0,0.0,0.0,160.0,0.0,120.0,0.0,0.0,0.0,0.0,0.0,73040.0,0.0,0.0,0.0,0.0,0.0,0.0,0.0,0.0,38320.0,0.0,14680.0,0.0,0.0,0.0,0.0,0.0
2026-04-23T02:00:00+02:00,8000.0,2160.0,0.0,7680.0,0.0,0.0,0.0,0.0,1280.0,4000.0,0.0,2000.0,0.0,0.0,0.0,0.0,0.0,160.0,2160.0,0.0,160.0,0.0,0.0,0.0,0.0,1280.0,120.0,0.0,240.0,0.0,0.0,0.0,0.0,0.0,396720.0,2160.0,0.0,229480.0,0.0,0.0,0.0,0.0,1280.0,142840.0,0.0,7760.0,0.0,0.0,0.0,0.0,0.0
2026-04-23T03:00:00+02:00,2000.0,0.0,0.0,8000.0,0.0,0.0,0.0,0.0,0.0,6000.0,0.0,1960.0,0.0,0.0,0.0,0.0,0.0,160.0,0.0,0.0,120.0,0.0,0.0,0.0,0.0,0.0,40.0,0.0,560.0,0.0,0.0,0.0,0.0,0.0,16800.0,0.0,0.0,484400.0,0.0,0.0,0.0,0.0,0.0,235760.0,0.0,2520.0,0.0,0.0,0.0,0.0,0.0
2026-04-23T04:00:00+02:00,6000.0,0.0,0.0,4000.0,280.0,0.0,0.0,0.0,0.0,6000.0,0.0,3800.0,0.0,0.0,0.0,0.0,0.0,120.0,0.0,0.0,120.0,280.0,0.0,0.0,0.0,0.0,120.0,0.0,240.0,0.0,0.0,0.0,0.0,0.0,30360.0,0.0,0.0,166080.0,280.0,0.0,0.0,0.0,0.0,145680.0,0.0,27320.0,0.0,0.0,0.0,0.0,0.0
2026-04-23T05:00:00+02:00,2000.0,8000.0,0.0,5840.0,0.0,0.0,0.0,0.0,8920.0,7160.0,4000.0,2000.0,0.0,0.0,0.0,0.0,0.0,240.0,1160.0,0.0,5840.0,0.0,0.0,0.0,0.0,160.0,160.0,2000.0,2000.0,0.0,0.0,0.0,0.0,0.0,16560.0,96080.0,0.0,5840.0,0.0,0.0,0.0,0.0,467780.0,19680.0,6000.0,2000.0,0.0,0.0,0.0,0.0,0.0
2026-04-23T06:00:00+02:00,3560.0,0.0,0.0,0.0,0.0,0.0,0.0,0.0,8960.0,6080.0,0.0,0.0,0.0,0.0,0.0,0.0,0.0,120.0,0.0,0.0,0.0,0.0,0.0,0.0,0.0,160.0,160.0,0.0,0.0,0.0,0.0,0.0,0.0,0.0,6120.0,0.0,0.0,0.0,0.0,0.0,0.0,0.0,300560.0,29400.0,0.0,0.0,0.0,0.0,0.0,0.0,0.0
2026-04-23T07:00:00+02:00,0.0,2400.0,0.0,5480.0,0.0,0.0,0.0,0.0,8520.0,7560.0,0.0,0.0,0.0,0.0,0.0,0.0,0.0,0.0,120.0,0.0,5480.0,0.0,0.0,0.0,0.0,160.0,120.0,0.0,0.0,0.0,0.0,0.0,0.0,0.0,0.0,2520.0,0.0,5480.0,0.0,0.0,0.0,0.0,1487318.0,52120.0,0.0,0.0,0.0,0.0,0.0,0.0,0.0
2026-04-23T08:00:00+02:00,5840.0,5840.0,0.0,0.0,0.0,0.0,0.0,0.0,8000.0,8240.0,8600.0,2480.0,0.0,0.0,0.0,0.0,0.0,560.0,240.0,0.0,0.0,0.0,0.0,0.0,0.0,120.0,40.0,8600.0,200.0,0.0,0.0,0.0,0.0,0.0,9840.0,12880.0,0.0,0.0,0.0,0.0,0.0,0.0,905600.0,131840.0,8600.0,2680.0,0.0,0.0,0.0,0.0,0.0
2026-04-23T09:00:00+02:00,6240.0,8039.0,0.0,4360.0,0.0,0.0,0.0,1640.0,7760.0,8600.0,6200.0,200.0,0.0,0.0,0.0,0.0,720.0,160.0,160.0,0.0,640.0,0.0,0.0,0.0,1160.0,160.0,160.0,200.0,200.0,0.0,0.0,0.0,0.0,720.0,40360.0,62479.0,0.0,40680.0,0.0,0.0,0.0,2800.0,100920.0,95760.0,6720.0,200.0,0.0,0.0,0.0,0.0,720.0
2026-04-23T10:00:00+02:00,8160.0,5840.0,0.0,3200.0,0.0,0.0,0.0,1920.0,8039.0,8960.0,8600.0,640.0,0.0,0.0,0.0,0.0,8320.0,160.0,160.0,0.0,200.0,0.0,0.0,0.0,1920.0,280.0,40.0,120.0,120.0,0.0,0.0,0.0,0.0,1320.0,82720.0,15000.0,0.0,3400.0,0.0,0.0,0.0,1920.0,39399.0,884709.0,179680.0,2160.0,0.0,0.0,0.0,0.0,71360.0
2026-04-23T11:00:00+02:00,4000.0,3680.0,0.0,0.0,0.0,0.0,0.0,720.0,8360.0,8880.0,3840.0,1000.0,0.0,0.0,0.0,0.0,1040.0,160.0,2000.0,0.0,0.0,0.0,0.0,0.0,720.0,120.0,40.0,120.0,280.0,0.0,0.0,0.0,0.0,280.0,25360.0,5680.0,0.0,0.0,0.0,0.0,0.0,720.0,254989.0,1207620.0,31560.0,1680.0,0.0,0.0,0.0,0.0,1320.0
2026-04-23T12:00:00+02:00,2200.0,7280.0,0.0,2760.0,0.0,0.0,0.0,0.0,8800.0,8920.0,8800.0,6360.0,0.0,0.0,0.0,0.0,6560.0,160.0,280.0,0.0,2760.0,0.0,0.0,0.0,0.0,80.0,80.0,160.0,6360.0,0.0,0.0,0.0,0.0,2000.0,17680.0,73320.0,0.0,2760.0,0.0,0.0,0.0,0.0,1062519.0,982490.0,132000.0,6360.0,0.0,0.0,0.0,0.0,26360.0
2026-04-23T13:00:00+02:00,3800.0,8000.0,0.0,1440.0,0.0,0.0,0.0,0.0,8680.0,8960.0,6720.0,1680.0,0.0,0.0,0.0,0.0,4960.0,160.0,240.0,0.0,840.0,0.0,0.0,0.0,0.0,40.0,120.0,120.0,1680.0,0.0,0.0,0.0,0.0,240.0,10160.0,14840.0,0.0,3480.0,0.0,0.0,0.0,0.0,417719.0,929999.0,70600.0,1680.0,0.0,0.0,0.0,0.0,12120.0
2026-04-23T14:00:00+02:00,3960.0,8680.0,0.0,1200.0,0.0,0.0,0.0,0.0,7880.0,8840.0,8000.0,0.0,5920.0,0.0,0.0,0.0,5600.0,120.0,200.0,0.0,240.0,0.0,0.0,0.0,0.0,160.0,40.0,120.0,0.0,5920.0,0.0,0.0,0.0,400.0,24280.0,89920.0,0.0,1440.0,0.0,0.0,0.0,0.0,142680.0,583299.0,78280.0,0.0,5920.0,0.0,0.0,0.0,23800.0
2026-04-23T15:00:00+02:00,2160.0,8039.0,0.0,3800.0,0.0,0.0,0.0,0.0,8360.0,8840.0,8440.0,1680.0,7040.0,0.0,0.0,0.0,4040.0,600.0,40.0,0.0,160.0,0.0,0.0,0.0,0.0,200.0,80.0,280.0,1680.0,440.0,0.0,0.0,0.0,320.0,5120.0,82479.0,0.0,6000.0,0.0,0.0,0.0,0.0,144200.0,675840.0,93080.0,1680.0,22200.0,0.0,0.0,0.0,7280.0
2026-04-23T16:00:00+02:00,8840.0,6000.0,0.0,8520.0,0.0,0.0,0.0,0.0,7320.0,8920.0,8280.0,0.0,0.0,0.0,0.0,0.0,5280.0,200.0,160.0,0.0,40.0,0.0,0.0,0.0,0.0,200.0,40.0,160.0,0.0,0.0,0.0,0.0,0.0,160.0,107920.0,68000.0,0.0,134640.0,0.0,0.0,0.0,0.0,22120.0,1796018.0,163920.0,0.0,0.0,0.0,0.0,0.0,12120.0
2026-04-23T17:00:00+02:00,8920.0,3760.0,0.0,8430.0,0.0,0.0,0.0,1080.0,4000.0,8840.0,8640.0,4000.0,0.0,0.0,0.0,0.0,0.0,4920.0,720.0,0.0,40.0,0.0,0.0,0.0,240.0,240.0,40.0,840.0,160.0,0.0,0.0,0.0,0.0,0.0,13840.0,14720.0,0.0,130970.0,0.0,0.0,0.0,1320.0,15920.0,560640.0,10960.0,15080.0,0.0,0.0,0.0,0.0,0.0
2026-04-23T18:00:00+02:00,3440.0,5440.0,0.0,8039.0,0.0,0.0,0.0,0.0,4000.0,8920.0,1400.0,2000.0,0.0,0.0,0.0,0.0,3240.0,400.0,200.0,0.0,440.0,0.0,0.0,0.0,0.0,880.0,40.0,200.0,360.0,0.0,0.0,0.0,0.0,240.0,11560.0,15240.0,0.0,109489.0,0.0,0.0,0.0,0.0,11000.0,389180.0,2560.0,9400.0,0.0,0.0,0.0,0.0,5480.0
2026-04-23T19:00:00+02:00,3080.0,5400.0,0.0,4260.0,0.0,0.0,0.0,0.0,640.0,8640.0,5520.0,0.0,0.0,0.0,0.0,0.0,3960.0,160.0,4360.0,0.0,40.0,0.0,0.0,0.0,0.0,640.0,40.0,240.0,0.0,0.0,0.0,0.0,0.0,200.0,14080.0,9760.0,0.0,39900.0,0.0,0.0,0.0,0.0,640.0,134960.0,42600.0,0.0,0.0,0.0,0.0,0.0,10400.0
2026-04-23T20:00:00+02:00,2000.0,5240.0,0.0,0.0,0.0,0.0,0.0,0.0,0.0,8760.0,240.0,360.0,0.0,0.0,0.0,0.0,0.0,240.0,2040.0,0.0,0.0,0.0,0.0,0.0,0.0,0.0,40.0,240.0,360.0,0.0,0.0,0.0,0.0,0.0,5560.0,7280.0,0.0,0.0,0.0,0.0,0.0,0.0,0.0,147400.0,240.0,360.0,0.0,0.0,0.0,0.0,0.0
2026-04-23T21:00:00+02:00,7840.0,7960.0,0.0,520.0,0.0,0.0,0.0,0.0,320.0,8880.0,0.0,8000.0,0.0,0.0,0.0,0.0,0.0,160.0,2400.0,0.0,520.0,0.0,0.0,0.0,0.0,320.0,40.0,0.0,240.0,0.0,0.0,0.0,0.0,0.0,250520.0,15040.0,0.0,520.0,0.0,0.0,0.0,0.0,320.0,1465779.0,0.0,26280.0,0.0,0.0,0.0,0.0,0.0
2026-04-23T22:00:00+02:00,7240.0,2960.0,0.0,0.0,0.0,0.0,0.0,0.0,1440.0,8880.0,8160.0,400.0,0.0,0.0,0.0,0.0,0.0,160.0,480.0,0.0,0.0,0.0,0.0,0.0,0.0,1440.0,80.0,160.0,400.0,0.0,0.0,0.0,0.0,0.0,419680.0,6320.0,0.0,0.0,0.0,0.0,0.0,0.0,1440.0,1251835.0,11000.0,400.0,0.0,0.0,0.0,0.0,0.0
2026-04-23T23:00:00+02:00,7960.0,2760.0,0.0,0.0,0.0,0.0,0.0,0.0,0.0,8600.0,0.0,1960.0,0.0,0.0,0.0,0.0,0.0,120.0,2760.0,0.0,0.0,0.0,0.0,0.0,0.0,0.0,40.0,0.0,1720.0,0.0,0.0,0.0,0.0,0.0,323240.0,2760.0,0.0,0.0,0.0,0.0,0.0,0.0,0.0,284680.0,0.0,3680.0,0.0,0.0,0.0,0.0,0.0
2026-04-24T00:00:00+02:00,6040.0,6000.0,0.0,7840.0,0.0,0.0,0.0,0.0,0.0,8960.0,8680.0,8000.0,0.0,0.0,0.0,0.0,2240.0,200.0,440.0,0.0,7840.0,0.0,0.0,0.0,0.0,0.0,40.0,600.0,440.0,0.0,0.0,0.0,0.0,440.0,60080.0,29560.0,0.0,7840.0,0.0,0.0,0.0,0.0,0.0,875078.0,121120.0,77360.0,0.0,0.0,0.0,0.0,3560.0
2026-04-24T01:00:00+02:00,6040.0,2320.0,0.0,2000.0,0.0,0.0,0.0,0.0,0.0,8840.0,640.0,6000.0,0.0,0.0,0.0,0.0,0.0,280.0,320.0,0.0,280.0,0.0,0.0,0.0,0.0,0.0,120.0,320.0,200.0,0.0,0.0,0.0,0.0,0.0,35160.0,2640.0,0.0,4840.0,0.0,0.0,0.0,0.0,0.0,734116.0,960.0,51360.0,0.0,0.0,0.0,0.0,0.0
2026-04-24T02:00:00+02:00,1280.0,0.0,0.0,8800.0,0.0,0.0,0.0,0.0,640.0,8800.0,4000.0,8000.0,0.0,0.0,0.0,0.0,0.0,360.0,0.0,0.0,160.0,0.0,0.0,0.0,0.0,640.0,160.0,280.0,240.0,0.0,0.0,0.0,0.0,0.0,3680.0,0.0,0.0,471238.0,0.0,0.0,0.0,0.0,640.0,796360.0,15800.0,69800.0,0.0,0.0,0.0,0.0,0.0
2026-04-24T03:00:00+02:00,2760.0,0.0,0.0,8680.0,0.0,0.0,0.0,0.0,0.0,8880.0,0.0,4280.0,0.0,0.0,0.0,0.0,0.0,240.0,0.0,0.0,160.0,0.0,0.0,0.0,0.0,0.0,160.0,0.0,160.0,0.0,0.0,0.0,0.0,0.0,3000.0,0.0,0.0,812120.0,0.0,0.0,0.0,0.0,0.0,1729720.0,0.0,29960.0,0.0,0.0,0.0,0.0,0.0
2026-04-24T04:00:00+02:00,7800.0,0.0,0.0,8560.0,0.0,0.0,0.0,0.0,0.0,8880.0,0.0,4040.0,0.0,0.0,0.0,0.0,0.0,120.0,0.0,0.0,40.0,0.0,0.0,0.0,0.0,0.0,160.0,0.0,1000.0,0.0,0.0,0.0,0.0,0.0,155720.0,0.0,0.0,560480.0,0.0,0.0,0.0,0.0,0.0,1075953.0,0.0,8920.0,0.0,0.0,0.0,0.0,0.0
2026-04-24T05:00:00+02:00,5640.0,3960.0,0.0,1800.0,680.0,0.0,0.0,0.0,2040.0,8600.0,0.0,960.0,0.0,0.0,0.0,0.0,0.0,200.0,200.0,0.0,1160.0,680.0,0.0,0.0,0.0,480.0,160.0,0.0,960.0,0.0,0.0,0.0,0.0,0.0,87280.0,37560.0,0.0,2960.0,680.0,0.0,0.0,0.0,20920.0,331560.0,0.0,960.0,0.0,0.0,0.0,0.0,0.0
2026-04-24T06:00:00+02:00,2040.0,4680.0,0.0,2760.0,3680.0,0.0,0.0,3280.0,1040.0,3200.0,2000.0,0.0,0.0,0.0,0.0,0.0,0.0,680.0,160.0,0.0,1000.0,160.0,0.0,0.0,3280.0,1040.0,120.0,1240.0,0.0,0.0,0.0,0.0,0.0,0.0,10600.0,49600.0,0.0,7120.0,9640.0,0.0,0.0,3280.0,1040.0,18720.0,3240.0,0.0,0.0,0.0,0.0,0.0,0.0
2026-04-24T07:00:00+02:00,7480.0,8000.0,280.0,2800.0,8640.0,0.0,0.0,0.0,7640.0,8200.0,1680.0,0.0,0.0,0.0,0.0,0.0,0.0,160.0,160.0,280.0,80.0,200.0,0.0,0.0,0.0,440.0,160.0,960.0,0.0,0.0,0.0,0.0,0.0,0.0,60520.0,140920.0,280.0,11440.0,188240.0,0.0,0.0,0.0,56480.0,154040.0,2640.0,0.0,0.0,0.0,0.0,0.0,0.0
2026-04-24T08:00:00+02:00,4760.0,8000.0,0.0,6880.0,8000.0,0.0,0.0,8880.0,2680.0,8640.0,0.0,0.0,0.0,0.0,0.0,0.0,0.0,200.0,160.0,0.0,120.0,80.0,0.0,0.0,160.0,200.0,40.0,0.0,0.0,0.0,0.0,0.0,0.0,0.0,21600.0,141240.0,0.0,37080.0,328000.0,0.0,0.0,133040.0,24680.0,442639.0,0.0,0.0,0.0,0.0,0.0,0.0,0.0
2026-04-24T09:00:00+02:00,3240.0,7000.0,0.0,8000.0,2000.0,0.0,0.0,6840.0,3960.0,8920.0,3800.0,200.0,0.0,0.0,0.0,0.0,2000.0,120.0,760.0,0.0,80.0,160.0,0.0,0.0,400.0,160.0,40.0,240.0,160.0,0.0,0.0,0.0,0.0,840.0,5520.0,38240.0,0.0,213120.0,7720.0,0.0,0.0,40080.0,30920.0,564430.0,6080.0,360.0,0.0,0.0,0.0,0.0,2840.0
2026-04-24T10:00:00+02:00,8000.0,6080.0,0.0,2000.0,2000.0,0.0,0.0,0.0,4480.0,8720.0,8400.0,160.0,0.0,0.0,0.0,0.0,8560.0,160.0,240.0,0.0,120.0,280.0,0.0,0.0,0.0,240.0,40.0,480.0,160.0,0.0,0.0,0.0,0.0,120.0,56200.0,36720.0,0.0,19560.0,3240.0,0.0,0.0,0.0,15640.0,1023189.0,61880.0,160.0,0.0,0.0,0.0,0.0,108040.0
2026-04-24T11:00:00+02:00,4320.0,3960.0,0.0,7200.0,8039.0,0.0,0.0,0.0,8880.0,8440.0,8360.0,40.0,0.0,0.0,0.0,0.0,7960.0,280.0,280.0,0.0,40.0,240.0,0.0,0.0,0.0,160.0,80.0,120.0,40.0,0.0,0.0,0.0,0.0,160.0,6240.0,18200.0,0.0,95360.0,32399.0,0.0,0.0,0.0,323960.0,1252729.0,180000.0,40.0,0.0,0.0,0.0,0.0,101760.0
2026-04-24T12:00:00+02:00,4440.0,1720.0,0.0,7760.0,2800.0,0.0,0.0,7600.0,8880.0,8600.0,8800.0,0.0,0.0,0.0,0.0,0.0,0.0,360.0,1720.0,0.0,200.0,160.0,0.0,0.0,880.0,120.0,40.0,320.0,0.0,0.0,0.0,0.0,0.0,0.0,24240.0,1720.0,0.0,138840.0,12520.0,0.0,0.0,15480.0,196039.0,491959.0,106400.0,0.0,0.0,0.0,0.0,0.0,0.0
2026-04-24T13:00:00+02:00,2400.0,2880.0,0.0,8800.0,1720.0,0.0,0.0,4640.0,8920.0,8800.0,7840.0,0.0,840.0,0.0,0.0,0.0,0.0,280.0,1200.0,0.0,800.0,1440.0,0.0,0.0,2880.0,40.0,40.0,160.0,0.0,400.0,0.0,0.0,0.0,0.0,6040.0,7960.0,0.0,80260.0,4640.0,0.0,0.0,21560.0,839649.0,731068.0,40600.0,0.0,1240.0,0.0,0.0,0.0,0.0
2026-04-24T14:00:00+02:00,8400.0,1800.0,0.0,5680.0,0.0,0.0,0.0,0.0,8760.0,8920.0,7160.0,0.0,8680.0,0.0,0.0,0.0,5680.0,120.0,640.0,0.0,1980.0,0.0,0.0,0.0,0.0,40.0,40.0,240.0,0.0,240.0,0.0,0.0,0.0,200.0,81280.0,3560.0,0.0,7660.0,0.0,0.0,0.0,0.0,451340.0,1635889.0,47920.0,0.0,50240.0,0.0,0.0,0.0,8920.0
2026-04-24T15:00:00+02:00,3680.0,8000.0,0.0,4200.0,0.0,0.0,0.0,0.0,8119.0,8880.0,8920.0,3240.0,7360.0,0.0,0.0,0.0,1560.0,200.0,160.0,0.0,240.0,0.0,0.0,0.0,0.0,40.0,40.0,200.0,200.0,2000.0,0.0,0.0,0.0,1400.0,8440.0,51680.0,0.0,18920.0,0.0,0.0,0.0,0.0,290157.0,1594399.0,205159.0,3880.0,15000.0,0.0,0.0,0.0,2960.0
2026-04-24T16:00:00+02:00,8920.0,4560.0,0.0,7920.0,0.0,0.0,0.0,0.0,8680.0,8920.0,8640.0,2000.0,0.0,0.0,0.0,0.0,6000.0,160.0,520.0,0.0,80.0,0.0,0.0,0.0,0.0,160.0,80.0,160.0,2000.0,0.0,0.0,0.0,0.0,5800.0,24360.0,19240.0,0.0,83310.0,0.0,0.0,0.0,0.0,132080.0,1095450.0,159560.0,2000.0,0.0,0.0,0.0,0.0,11800.0
2026-04-24T17:00:00+02:00,6520.0,1880.0,0.0,4910.0,0.0,0.0,0.0,0.0,7880.0,8480.0,1160.0,0.0,0.0,0.0,0.0,1280.0,0.0,120.0,640.0,0.0,80.0,0.0,0.0,0.0,0.0,280.0,40.0,200.0,0.0,0.0,0.0,0.0,1280.0,0.0,13040.0,2520.0,0.0,43950.0,0.0,0.0,0.0,0.0,54740.0,350279.0,1600.0,0.0,0.0,0.0,0.0,1280.0,0.0
2026-04-24T18:00:00+02:00,3600.0,6000.0,0.0,5760.0,0.0,0.0,0.0,0.0,8000.0,8840.0,4920.0,0.0,0.0,0.0,0.0,0.0,0.0,160.0,3440.0,0.0,720.0,0.0,0.0,0.0,0.0,40.0,40.0,640.0,0.0,0.0,0.0,0.0,0.0,0.0,11320.0,24240.0,0.0,16400.0,0.0,0.0,0.0,0.0,205480.0,376800.0,5560.0,0.0,0.0,0.0,0.0,0.0,0.0
2026-04-24T19:00:00+02:00,4840.0,4720.0,0.0,6220.0,0.0,0.0,0.0,0.0,8840.0,8920.0,8000.0,0.0,0.0,0.0,0.0,0.0,0.0,160.0,1360.0,0.0,120.0,0.0,0.0,0.0,0.0,120.0,40.0,40.0,0.0,0.0,0.0,0.0,0.0,0.0,9520.0,9280.0,0.0,6340.0,0.0,0.0,0.0,0.0,287200.0,829119.0,151920.0,0.0,0.0,0.0,0.0,0.0,0.0
2026-04-24T20:00:00+02:00,7680.0,8600.0,0.0,1800.0,0.0,0.0,0.0,0.0,8000.0,8880.0,1320.0,160.0,0.0,0.0,0.0,0.0,0.0,240.0,1160.0,0.0,400.0,0.0,0.0,0.0,0.0,120.0,40.0,360.0,160.0,0.0,0.0,0.0,0.0,0.0,21680.0,52760.0,0.0,2200.0,0.0,0.0,0.0,0.0,404920.0,329478.0,2120.0,160.0,0.0,0.0,0.0,0.0,0.0
2026-04-24T21:00:00+02:00,6000.0,5760.0,0.0,2000.0,0.0,0.0,0.0,0.0,7960.0,8840.0,8000.0,4000.0,0.0,0.0,0.0,0.0,0.0,160.0,1120.0,0.0,560.0,0.0,0.0,0.0,0.0,160.0,40.0,320.0,160.0,0.0,0.0,0.0,0.0,0.0,13040.0,15440.0,0.0,8880.0,0.0,0.0,0.0,0.0,277400.0,343040.0,33960.0,8160.0,0.0,0.0,0.0,0.0,0.0
2026-04-24T22:00:00+02:00,6520.0,7920.0,0.0,0.0,0.0,0.0,0.0,0.0,0.0,8600.0,200.0,0.0,0.0,0.0,0.0,0.0,0.0,280.0,680.0,0.0,0.0,0.0,0.0,0.0,0.0,0.0,40.0,200.0,0.0,0.0,0.0,0.0,0.0,0.0,35920.0,18280.0,0.0,0.0,0.0,0.0,0.0,0.0,0.0,264760.0,200.0,0.0,0.0,0.0,0.0,0.0,0.0
2026-04-24T23:00:00+02:00,3320.0,6960.0,0.0,6200.0,0.0,0.0,0.0,0.0,2400.0,8039.0,0.0,200.0,0.0,0.0,0.0,0.0,0.0,160.0,80.0,0.0,80.0,0.0,0.0,0.0,0.0,120.0,120.0,0.0,200.0,0.0,0.0,0.0,0.0,0.0,3480.0,13720.0,0.0,6280.0,0.0,0.0,0.0,0.0,2520.0,162759.0,0.0,200.0,0.0,0.0,0.0,0.0,0.0
2026-04-25T00:00:00+02:00,7880.0,5920.0,0.0,3000.0,0.0,0.0,0.0,0.0,8000.0,8880.0,7120.0,120.0,0.0,0.0,0.0,0.0,0.0,160.0,760.0,0.0,3000.0,0.0,0.0,0.0,0.0,120.0,80.0,120.0,120.0,0.0,0.0,0.0,0.0,0.0,40960.0,14920.0,0.0,3000.0,0.0,0.0,0.0,0.0,57320.0,370660.0,22440.0,120.0,0.0,0.0,0.0,0.0,0.0
2026-04-25T01:00:00+02:00,1160.0,6840.0,0.0,5040.0,0.0,0.0,0.0,0.0,4120.0,7900.0,1400.0,1280.0,0.0,0.0,0.0,0.0,0.0,200.0,240.0,0.0,5040.0,0.0,0.0,0.0,0.0,1720.0,80.0,160.0,1280.0,0.0,0.0,0.0,0.0,0.0,3560.0,66960.0,0.0,5040.0,0.0,0.0,0.0,0.0,7800.0,236700.0,1560.0,1280.0,0.0,0.0,0.0,0.0,0.0
2026-04-25T02:00:00+02:00,1920.0,960.0,0.0,4000.0,0.0,0.0,0.0,0.0,3320.0,8760.0,1880.0,360.0,0.0,0.0,0.0,0.0,0.0,160.0,280.0,0.0,160.0,0.0,0.0,0.0,0.0,560.0,160.0,720.0,360.0,0.0,0.0,0.0,0.0,0.0,14920.0,1240.0,0.0,74440.0,0.0,0.0,0.0,0.0,7440.0,233840.0,5080.0,360.0,0.0,0.0,0.0,0.0,0.0
2026-04-25T03:00:00+02:00,5160.0,440.0,0.0,5160.0,0.0,0.0,0.0,0.0,1000.0,8160.0,1760.0,2000.0,0.0,0.0,0.0,0.0,0.0,160.0,280.0,0.0,160.0,0.0,0.0,0.0,0.0,1000.0,80.0,160.0,560.0,0.0,0.0,0.0,0.0,0.0,26200.0,720.0,0.0,130200.0,0.0,0.0,0.0,0.0,1000.0,138480.0,1920.0,2560.0,0.0,0.0,0.0,0.0,0.0
2026-04-25T04:00:00+02:00,2000.0,2000.0,0.0,6000.0,0.0,0.0,0.0,0.0,0.0,8360.0,400.0,960.0,0.0,0.0,0.0,0.0,0.0,160.0,600.0,0.0,160.0,0.0,0.0,0.0,0.0,0.0,40.0,400.0,960.0,0.0,0.0,0.0,0.0,0.0,10920.0,2600.0,0.0,75160.0,0.0,0.0,0.0,0.0,0.0,151059.0,400.0,960.0,0.0,0.0,0.0,0.0,0.0
2026-04-25T05:00:00+02:00,0.0,0.0,0.0,5670.0,0.0,0.0,0.0,0.0,8039.0,5240.0,0.0,0.0,0.0,0.0,0.0,0.0,0.0,0.0,0.0,0.0,240.0,0.0,0.0,0.0,0.0,200.0,120.0,0.0,0.0,0.0,0.0,0.0,0.0,0.0,0.0,0.0,0.0,28290.0,0.0,0.0,0.0,0.0,675517.0,51240.0,0.0,0.0,0.0,0.0,0.0,0.0,0.0
2026-04-25T06:00:00+02:00,0.0,0.0,0.0,0.0,0.0,0.0,0.0,0.0,8680.0,8360.0,0.0,0.0,0.0,0.0,0.0,0.0,0.0,0.0,0.0,0.0,0.0,0.0,0.0,0.0,0.0,160.0,280.0,0.0,0.0,0.0,0.0,0.0,0.0,0.0,0.0,0.0,0.0,0.0,0.0,0.0,0.0,0.0,1659912.0,19520.0,0.0,0.0,0.0,0.0,0.0,0.0,0.0
2026-04-25T07:00:00+02:00,2400.0,5280.0,0.0,4760.0,0.0,0.0,0.0,0.0,8880.0,8890.0,0.0,0.0,0.0,0.0,0.0,4600.0,0.0,320.0,5280.0,0.0,4760.0,0.0,0.0,0.0,0.0,400.0,40.0,0.0,0.0,0.0,0.0,0.0,4600.0,0.0,5160.0,5280.0,0.0,4760.0,0.0,0.0,0.0,0.0,299160.0,27650.0,0.0,0.0,0.0,0.0,0.0,4600.0,0.0
2026-04-25T08:00:00+02:00,280.0,0.0,0.0,2000.0,0.0,0.0,0.0,0.0,8000.0,6920.0,0.0,0.0,0.0,0.0,0.0,0.0,0.0,200.0,0.0,0.0,680.0,0.0,0.0,0.0,0.0,160.0,40.0,0.0,0.0,0.0,0.0,0.0,0.0,0.0,480.0,0.0,0.0,4280.0,0.0,0.0,0.0,0.0,166960.0,73860.0,0.0,0.0,0.0,0.0,0.0,0.0,0.0
2026-04-25T09:00:00+02:00,6280.0,6640.0,0.0,1290.0,0.0,0.0,0.0,0.0,8400.0,8840.0,7200.0,2640.0,0.0,0.0,0.0,0.0,0.0,160.0,880.0,0.0,1290.0,0.0,0.0,0.0,0.0,80.0,160.0,240.0,1680.0,0.0,0.0,0.0,0.0,0.0,33000.0,10360.0,0.0,1290.0,0.0,0.0,0.0,0.0,316338.0,213320.0,20760.0,4320.0,0.0,0.0,0.0,0.0,0.0
2026-04-25T10:00:00+02:00,6760.0,1960.0,0.0,560.0,4000.0,0.0,0.0,0.0,8039.0,8800.0,5240.0,2120.0,0.0,0.0,0.0,0.0,0.0,120.0,880.0,0.0,420.0,600.0,0.0,0.0,0.0,160.0,40.0,200.0,2120.0,0.0,0.0,0.0,0.0,0.0,68480.0,2840.0,0.0,980.0,5240.0,0.0,0.0,0.0,110469.0,320200.0,19680.0,2120.0,0.0,0.0,0.0,0.0,0.0
2026-04-25T11:00:00+02:00,6000.0,6320.0,0.0,7480.0,6000.0,0.0,0.0,0.0,8520.0,8640.0,7040.0,0.0,0.0,0.0,0.0,0.0,0.0,120.0,800.0,0.0,200.0,120.0,0.0,0.0,0.0,120.0,40.0,40.0,0.0,0.0,0.0,0.0,0.0,0.0,183840.0,14880.0,0.0,22910.0,37200.0,0.0,0.0,0.0,482980.0,962509.0,39480.0,0.0,0.0,0.0,0.0,0.0,0.0
2026-04-25T12:00:00+02:00,7440.0,1820.0,0.0,2000.0,3560.0,0.0,0.0,1160.0,8840.0,8640.0,8680.0,1200.0,0.0,0.0,0.0,0.0,360.0,160.0,40.0,0.0,160.0,200.0,0.0,0.0,320.0,40.0,40.0,120.0,40.0,0.0,0.0,0.0,0.0,360.0,124400.0,2260.0,0.0,7800.0,9360.0,0.0,0.0,2040.0,393960.0,1370948.0,81850.0,1240.0,0.0,0.0,0.0,0.0,360.0
2026-04-25T13:00:00+02:00,8000.0,3520.0,0.0,4640.0,0.0,0.0,0.0,0.0,8840.0,8840.0,8000.0,0.0,0.0,0.0,0.0,0.0,6240.0,160.0,480.0,0.0,560.0,0.0,0.0,0.0,0.0,40.0,40.0,200.0,0.0,0.0,0.0,0.0,0.0,1040.0,150360.0,6440.0,0.0,5880.0,0.0,0.0,0.0,0.0,516670.0,654220.0,32850.0,0.0,0.0,0.0,0.0,0.0,7280.0
2026-04-25T14:00:00+02:00,8080.0,4160.0,0.0,6560.0,2480.0,0.0,0.0,0.0,8760.0,8640.0,8480.0,0.0,0.0,0.0,0.0,0.0,0.0,200.0,40.0,0.0,120.0,240.0,0.0,0.0,0.0,120.0,40.0,80.0,0.0,0.0,0.0,0.0,0.0,0.0,30640.0,8600.0,0.0,24370.0,2720.0,0.0,0.0,0.0,330520.0,604639.0,88580.0,0.0,0.0,0.0,0.0,0.0,0.0
2026-04-25T15:00:00+02:00,1680.0,7320.0,0.0,7120.0,0.0,0.0,0.0,2160.0,8240.0,8800.0,7040.0,640.0,0.0,0.0,0.0,0.0,5040.0,280.0,320.0,0.0,80.0,0.0,0.0,0.0,40.0,40.0,40.0,200.0,640.0,0.0,0.0,0.0,0.0,5040.0,5680.0,42800.0,0.0,33100.0,0.0,0.0,0.0,4400.0,154920.0,1142038.0,72560.0,640.0,0.0,0.0,0.0,0.0,5040.0
2026-04-25T16:00:00+02:00,5960.0,6440.0,0.0,8500.0,0.0,0.0,0.0,1840.0,6160.0,8800.0,8280.0,0.0,0.0,0.0,0.0,0.0,6120.0,120.0,320.0,0.0,40.0,0.0,0.0,0.0,1840.0,160.0,40.0,200.0,0.0,0.0,0.0,0.0,0.0,6120.0,19280.0,17320.0,0.0,79760.0,0.0,0.0,0.0,1840.0,46480.0,623438.0,53680.0,0.0,0.0,0.0,0.0,0.0,6120.0
2026-04-25T17:00:00+02:00,8080.0,7480.0,0.0,5680.0,0.0,0.0,0.0,7240.0,8000.0,8840.0,6560.0,0.0,0.0,0.0,0.0,1240.0,0.0,160.0,160.0,0.0,40.0,0.0,0.0,0.0,400.0,160.0,40.0,160.0,0.0,0.0,0.0,0.0,960.0,0.0,102480.0,9360.0,0.0,126020.0,0.0,0.0,0.0,23840.0,125560.0,1075839.0,38440.0,0.0,0.0,0.0,0.0,2200.0,0.0
2026-04-25T18:00:00+02:00,7160.0,4560.0,0.0,3400.0,160.0,0.0,0.0,2000.0,8000.0,8880.0,7280.0,3200.0,0.0,0.0,0.0,0.0,0.0,160.0,40.0,0.0,120.0,160.0,0.0,0.0,2000.0,160.0,40.0,200.0,3200.0,0.0,0.0,0.0,0.0,0.0,162520.0,4960.0,0.0,11960.0,160.0,0.0,0.0,2000.0,176800.0,1490548.0,25080.0,3200.0,0.0,0.0,0.0,0.0,0.0
2026-04-25T19:00:00+02:00,7920.0,2640.0,0.0,0.0,0.0,0.0,0.0,0.0,5960.0,8880.0,7040.0,1000.0,0.0,0.0,0.0,0.0,6760.0,120.0,2640.0,0.0,0.0,0.0,0.0,0.0,0.0,200.0,40.0,1640.0,560.0,0.0,0.0,0.0,0.0,840.0,58840.0,2640.0,0.0,0.0,0.0,0.0,0.0,0.0,109600.0,976287.0,12040.0,1560.0,0.0,0.0,0.0,0.0,10760.0
2026-04-25T20:00:00+02:00,2040.0,5080.0,0.0,3760.0,0.0,0.0,0.0,0.0,6000.0,8840.0,1880.0,3440.0,0.0,0.0,0.0,0.0,1800.0,160.0,320.0,0.0,3760.0,0.0,0.0,0.0,0.0,200.0,80.0,360.0,440.0,0.0,0.0,0.0,0.0,440.0,16400.0,18000.0,0.0,3760.0,0.0,0.0,0.0,0.0,256320.0,395759.0,2240.0,6160.0,0.0,0.0,0.0,0.0,2240.0
2026-04-25T21:00:00+02:00,2560.0,4120.0,0.0,3380.0,0.0,0.0,0.0,1480.0,6360.0,8119.0,1520.0,3480.0,0.0,0.0,0.0,0.0,0.0,200.0,1040.0,0.0,720.0,0.0,0.0,0.0,1280.0,160.0,120.0,1520.0,920.0,0.0,0.0,0.0,0.0,0.0,10360.0,11400.0,0.0,9700.0,0.0,0.0,0.0,2760.0,94280.0,156559.0,1520.0,7360.0,0.0,0.0,0.0,0.0,0.0
2026-04-25T22:00:00+02:00,6880.0,6720.0,0.0,0.0,0.0,0.0,0.0,0.0,0.0,8560.0,1280.0,0.0,0.0,0.0,0.0,0.0,0.0,280.0,2120.0,0.0,0.0,0.0,0.0,0.0,0.0,0.0,40.0,480.0,0.0,0.0,0.0,0.0,0.0,0.0,30600.0,14320.0,0.0,0.0,0.0,0.0,0.0,0.0,0.0,323759.0,1760.0,0.0,0.0,0.0,0.0,0.0,0.0
2026-04-25T23:00:00+02:00,5880.0,5560.0,0.0,0.0,0.0,0.0,0.0,0.0,0.0,8560.0,0.0,0.0,0.0,0.0,0.0,0.0,0.0,160.0,320.0,0.0,0.0,0.0,0.0,0.0,0.0,0.0,40.0,0.0,0.0,0.0,0.0,0.0,0.0,0.0,11120.0,5880.0,0.0,0.0,0.0,0.0,0.0,0.0,0.0,182959.0,0.0,0.0,0.0,0.0,0.0,0.0,0.0
2026-04-26T00:00:00+02:00,1920.0,200.0,1440.0,0.0,0.0,0.0,0.0,0.0,0.0,8640.0,0.0,0.0,0.0,0.0,0.0,0.0,0.0,160.0,200.0,1440.0,0.0,0.0,0.0,0.0,0.0,0.0,160.0,0.0,0.0,0.0,0.0,0.0,0.0,0.0,3320.0,200.0,1440.0,0.0,0.0,0.0,0.0,0.0,0.0,89640.0,0.0,0.0,0.0,0.0,0.0,0.0,0.0
2026-04-26T01:00:00+02:00,8840.0,0.0,0.0,0.0,0.0,0.0,0.0,0.0,0.0,8840.0,1120.0,240.0,0.0,0.0,0.0,0.0,0.0,200.0,0.0,0.0,0.0,0.0,0.0,0.0,0.0,0.0,120.0,1120.0,200.0,0.0,0.0,0.0,0.0,0.0,56080.0,0.0,0.0,0.0,0.0,0.0,0.0,0.0,0.0,85400.0,1120.0,440.0,0.0,0.0,0.0,0.0,0.0
2026-04-26T02:00:00+02:00,2560.0,3880.0,0.0,3480.0,0.0,0.0,0.0,0.0,0.0,7800.0,0.0,0.0,0.0,0.0,0.0,0.0,0.0,160.0,3880.0,0.0,120.0,0.0,0.0,0.0,0.0,0.0,120.0,0.0,0.0,0.0,0.0,0.0,0.0,0.0,7160.0,3880.0,0.0,25440.0,0.0,0.0,0.0,0.0,0.0,84440.0,0.0,0.0,0.0,0.0,0.0,0.0,0.0
2026-04-26T03:00:00+02:00,4680.0,0.0,0.0,6040.0,0.0,0.0,0.0,0.0,0.0,8360.0,0.0,640.0,0.0,0.0,0.0,0.0,0.0,80.0,0.0,0.0,200.0,0.0,0.0,0.0,0.0,0.0,120.0,0.0,640.0,0.0,0.0,0.0,0.0,0.0,20080.0,0.0,0.0,168000.0,0.0,0.0,0.0,0.0,0.0,132920.0,0.0,640.0,0.0,0.0,0.0,0.0,0.0
2026-04-26T04:00:00+02:00,6200.0,3480.0,2480.0,7760.0,0.0,0.0,0.0,0.0,680.0,8600.0,5360.0,4480.0,0.0,0.0,0.0,0.0,0.0,240.0,480.0,1320.0,40.0,0.0,0.0,0.0,0.0,560.0,160.0,160.0,280.0,0.0,0.0,0.0,0.0,0.0,30360.0,3960.0,5280.0,180760.0,0.0,0.0,0.0,0.0,1240.0,106920.0,5520.0,6480.0,0.0,0.0,0.0,0.0,0.0
2026-04-26T05:00:00+02:00,8320.0,1240.0,0.0,1560.0,6000.0,0.0,0.0,0.0,8480.0,8440.0,0.0,1920.0,0.0,0.0,0.0,0.0,0.0,160.0,600.0,0.0,600.0,2000.0,0.0,0.0,0.0,120.0,280.0,0.0,1920.0,0.0,0.0,0.0,0.0,0.0,133440.0,1840.0,0.0,3400.0,12000.0,0.0,0.0,0.0,764000.0,74960.0,0.0,1920.0,0.0,0.0,0.0,0.0,0.0
2026-04-26T06:00:00+02:00,8000.0,6000.0,0.0,0.0,2000.0,0.0,0.0,0.0,4040.0,5880.0,8000.0,0.0,0.0,0.0,0.0,0.0,0.0,200.0,200.0,0.0,0.0,400.0,0.0,0.0,0.0,160.0,40.0,200.0,0.0,0.0,0.0,0.0,0.0,0.0,319760.0,80520.0,0.0,0.0,5280.0,0.0,0.0,0.0,143840.0,16360.0,184520.0,0.0,0.0,0.0,0.0,0.0,0.0
2026-04-26T07:00:00+02:00,8000.0,8000.0,0.0,2000.0,0.0,0.0,0.0,0.0,0.0,3600.0,0.0,0.0,0.0,0.0,0.0,0.0,0.0,120.0,720.0,0.0,160.0,0.0,0.0,0.0,0.0,0.0,160.0,0.0,0.0,0.0,0.0,0.0,0.0,0.0,209720.0,43520.0,0.0,6000.0,0.0,0.0,0.0,0.0,0.0,16560.0,0.0,0.0,0.0,0.0,0.0,0.0,0.0
2026-04-26T08:00:00+02:00,8000.0,1960.0,0.0,8000.0,0.0,0.0,0.0,2000.0,8000.0,8640.0,0.0,0.0,0.0,0.0,0.0,0.0,2040.0,200.0,1520.0,0.0,160.0,0.0,0.0,0.0,1080.0,160.0,160.0,0.0,0.0,0.0,0.0,0.0,0.0,240.0,166920.0,3480.0,0.0,317400.0,0.0,0.0,0.0,3080.0,147720.0,97440.0,0.0,0.0,0.0,0.0,0.0,0.0,9200.0
2026-04-26T09:00:00+02:00,1960.0,7240.0,0.0,8680.0,2000.0,0.0,0.0,5760.0,5960.0,8640.0,4360.0,0.0,0.0,0.0,0.0,0.0,0.0,160.0,5320.0,0.0,160.0,1960.0,0.0,0.0,1040.0,200.0,40.0,360.0,0.0,0.0,0.0,0.0,0.0,0.0,19120.0,12560.0,0.0,333280.0,3960.0,0.0,0.0,16080.0,97440.0,541478.0,9760.0,0.0,0.0,0.0,0.0,0.0,0.0
2026-04-26T10:00:00+02:00,8000.0,200.0,0.0,0.0,0.0,0.0,0.0,0.0,1880.0,8760.0,8760.0,0.0,0.0,0.0,0.0,0.0,4000.0,160.0,200.0,0.0,0.0,0.0,0.0,0.0,0.0,240.0,120.0,80.0,0.0,0.0,0.0,0.0,0.0,1800.0,143400.0,200.0,0.0,0.0,0.0,0.0,0.0,0.0,6760.0,464630.0,93880.0,0.0,0.0,0.0,0.0,0.0,11920.0
2026-04-26T11:00:00+02:00,8440.0,6360.0,0.0,7000.0,0.0,0.0,0.0,0.0,8760.0,8520.0,8000.0,3040.0,0.0,0.0,0.0,0.0,0.0,120.0,320.0,0.0,80.0,0.0,0.0,0.0,0.0,160.0,40.0,120.0,120.0,0.0,0.0,0.0,0.0,0.0,38920.0,26400.0,0.0,50800.0,0.0,0.0,0.0,0.0,128720.0,914099.0,143860.0,7560.0,0.0,0.0,0.0,0.0,0.0
2026-04-26T12:00:00+02:00,3240.0,7920.0,0.0,7400.0,0.0,0.0,0.0,0.0,8680.0,8840.0,6640.0,1160.0,0.0,0.0,0.0,0.0,5760.0,200.0,160.0,0.0,200.0,0.0,0.0,0.0,0.0,120.0,40.0,120.0,1160.0,0.0,0.0,0.0,0.0,200.0,14600.0,63160.0,0.0,16720.0,0.0,0.0,0.0,0.0,416378.0,966147.0,81840.0,1160.0,0.0,0.0,0.0,0.0,51360.0
2026-04-26T13:00:00+02:00,3000.0,6960.0,0.0,5920.0,0.0,0.0,0.0,0.0,8680.0,8270.0,7760.0,200.0,0.0,0.0,0.0,0.0,3400.0,280.0,40.0,0.0,280.0,0.0,0.0,0.0,0.0,240.0,120.0,120.0,200.0,0.0,0.0,0.0,0.0,3400.0,11240.0,102520.0,0.0,18640.0,0.0,0.0,0.0,0.0,231160.0,266270.0,137000.0,200.0,0.0,0.0,0.0,0.0,3400.0
2026-04-26T14:00:00+02:00,4520.0,8000.0,0.0,680.0,5520.0,0.0,0.0,0.0,8640.0,8840.0,7480.0,1360.0,0.0,0.0,0.0,0.0,6600.0,160.0,160.0,0.0,360.0,160.0,0.0,0.0,0.0,120.0,40.0,160.0,640.0,0.0,0.0,0.0,0.0,480.0,63560.0,161000.0,0.0,1040.0,22320.0,0.0,0.0,0.0,683970.0,1115327.0,103040.0,2000.0,0.0,0.0,0.0,0.0,21720.0
2026-04-26T15:00:00+02:00,8000.0,5920.0,0.0,3320.0,2000.0,0.0,0.0,1120.0,8640.0,8760.0,6760.0,160.0,0.0,0.0,0.0,0.0,0.0,120.0,160.0,0.0,920.0,160.0,0.0,0.0,160.0,160.0,80.0,120.0,80.0,0.0,0.0,0.0,0.0,0.0,78600.0,19400.0,0.0,11080.0,4760.0,0.0,0.0,1280.0,97480.0,1159960.0,65120.0,240.0,0.0,0.0,0.0,0.0,0.0
2026-04-26T16:00:00+02:00,7320.0,8000.0,0.0,4000.0,0.0,0.0,0.0,0.0,8000.0,8800.0,8240.0,0.0,0.0,0.0,0.0,0.0,1720.0,120.0,240.0,0.0,200.0,0.0,0.0,0.0,0.0,320.0,80.0,120.0,0.0,0.0,0.0,0.0,0.0,320.0,24720.0,44400.0,0.0,47200.0,0.0,0.0,0.0,0.0,135360.0,878040.0,71440.0,0.0,0.0,0.0,0.0,0.0,5040.0
2026-04-26T17:00:00+02:00,5440.0,8720.0,0.0,4040.0,0.0,0.0,0.0,0.0,4360.0,8760.0,8760.0,1040.0,0.0,0.0,0.0,0.0,0.0,160.0,200.0,0.0,400.0,0.0,0.0,0.0,0.0,160.0,40.0,1760.0,1040.0,0.0,0.0,0.0,0.0,0.0,13400.0,24280.0,0.0,32880.0,0.0,0.0,0.0,0.0,68360.0,279720.0,16960.0,1040.0,0.0,0.0,0.0,0.0,0.0
2026-04-26T18:00:00+02:00,2000.0,6280.0,0.0,4000.0,1920.0,0.0,0.0,0.0,2000.0,8600.0,280.0,1800.0,0.0,0.0,0.0,0.0,0.0,200.0,200.0,0.0,40.0,1160.0,0.0,0.0,0.0,280.0,40.0,280.0,800.0,0.0,0.0,0.0,0.0,0.0,27920.0,10040.0,0.0,34100.0,3080.0,0.0,0.0,0.0,5280.0,197310.0,280.0,3600.0,0.0,0.0,0.0,0.0,0.0
2026-04-26T19:00:00+02:00,5920.0,5760.0,0.0,5800.0,4520.0,0.0,0.0,0.0,8640.0,8840.0,7360.0,0.0,0.0,0.0,0.0,0.0,0.0,200.0,4360.0,0.0,200.0,1160.0,0.0,0.0,0.0,160.0,80.0,160.0,0.0,0.0,0.0,0.0,0.0,0.0,35000.0,19360.0,0.0,61040.0,13320.0,0.0,0.0,0.0,179160.0,246510.0,17000.0,0.0,0.0,0.0,0.0,0.0,0.0
2026-04-26T20:00:00+02:00,2440.0,5520.0,0.0,8820.0,0.0,0.0,0.0,0.0,8360.0,8119.0,0.0,0.0,0.0,0.0,0.0,0.0,0.0,160.0,1640.0,0.0,160.0,0.0,0.0,0.0,0.0,200.0,40.0,0.0,0.0,0.0,0.0,0.0,0.0,0.0,8240.0,21560.0,0.0,630925.0,0.0,0.0,0.0,0.0,702618.0,330728.0,0.0,0.0,0.0,0.0,0.0,0.0,0.0
2026-04-26T21:00:00+02:00,5800.0,7960.0,0.0,8000.0,0.0,0.0,0.0,0.0,8039.0,8440.0,0.0,1960.0,0.0,0.0,0.0,0.0,0.0,320.0,320.0,0.0,120.0,0.0,0.0,0.0,0.0,160.0,80.0,0.0,1720.0,0.0,0.0,0.0,0.0,0.0,8560.0,68120.0,0.0,183550.0,0.0,0.0,0.0,0.0,176559.0,52360.0,0.0,13080.0,0.0,0.0,0.0,0.0,0.0
2026-04-26T22:00:00+02:00,6520.0,6640.0,0.0,0.0,0.0,0.0,0.0,0.0,5960.0,5920.0,4360.0,0.0,0.0,0.0,0.0,0.0,0.0,280.0,6640.0,0.0,0.0,0.0,0.0,0.0,0.0,280.0,80.0,320.0,0.0,0.0,0.0,0.0,0.0,0.0,11400.0,6640.0,0.0,0.0,0.0,0.0,0.0,0.0,12720.0,108240.0,8440.0,0.0,0.0,0.0,0.0,0.0,0.0
2026-04-26T23:00:00+02:00,560.0,0.0,0.0,0.0,0.0,0.0,0.0,0.0,0.0,8360.0,0.0,0.0,0.0,0.0,0.0,0.0,0.0,560.0,0.0,0.0,0.0,0.0,0.0,0.0,0.0,0.0,1880.0,0.0,0.0,0.0,0.0,0.0,0.0,0.0,560.0,0.0,0.0,0.0,0.0,0.0,0.0,0.0,0.0,35040.0,0.0,0.0,0.0,0.0,0.0,0.0,0.0
2026-04-27T00:00:00+02:00,1280.0,0.0,0.0,0.0,0.0,0.0,0.0,0.0,0.0,3480.0,200.0,0.0,0.0,0.0,0.0,0.0,0.0,360.0,0.0,0.0,0.0,0.0,0.0,0.0,0.0,0.0,1600.0,200.0,0.0,0.0,0.0,0.0,0.0,0.0,2280.0,0.0,0.0,0.0,0.0,0.0,0.0,0.0,0.0,15360.0,200.0,0.0,0.0,0.0,0.0,0.0,0.0
2026-04-27T01:00:00+02:00,1840.0,0.0,0.0,0.0,0.0,0.0,0.0,0.0,0.0,0.0,0.0,0.0,0.0,0.0,0.0,0.0,0.0,920.0,0.0,0.0,0.0,0.0,0.0,0.0,0.0,0.0,0.0,0.0,0.0,0.0,0.0,0.0,0.0,0.0,2760.0,0.0,0.0,0.0,0.0,0.0,0.0,0.0,0.0,0.0,0.0,0.0,0.0,0.0,0.0,0.0,0.0
2026-04-27T02:00:00+02:00,3360.0,0.0,0.0,2040.0,0.0,0.0,0.0,0.0,4480.0,0.0,0.0,0.0,0.0,0.0,0.0,0.0,0.0,120.0,0.0,0.0,200.0,0.0,0.0,0.0,0.0,4480.0,0.0,0.0,0.0,0.0,0.0,0.0,0.0,0.0,47680.0,0.0,0.0,32960.0,0.0,0.0,0.0,0.0,4480.0,0.0,0.0,0.0,0.0,0.0,0.0,0.0,0.0
2026-04-27T03:00:00+02:00,3120.0,0.0,0.0,2000.0,0.0,0.0,0.0,0.0,0.0,2160.0,0.0,0.0,0.0,0.0,0.0,0.0,0.0,160.0,0.0,0.0,160.0,0.0,0.0,0.0,0.0,0.0,280.0,0.0,0.0,0.0,0.0,0.0,0.0,0.0,48840.0,0.0,0.0,26800.0,0.0,0.0,0.0,0.0,0.0,9240.0,0.0,0.0,0.0,0.0,0.0,0.0,0.0
2026-04-27T04:00:00+02:00,2040.0,0.0,0.0,4040.0,0.0,0.0,0.0,0.0,0.0,1000.0,0.0,0.0,0.0,0.0,0.0,0.0,0.0,160.0,0.0,0.0,160.0,0.0,0.0,0.0,0.0,0.0,1000.0,0.0,0.0,0.0,0.0,0.0,0.0,0.0,26040.0,0.0,0.0,25640.0,0.0,0.0,0.0,0.0,0.0,1000.0,0.0,0.0,0.0,0.0,0.0,0.0,0.0
2026-04-27T05:00:00+02:00,6000.0,0.0,0.0,6000.0,4440.0,0.0,0.0,0.0,8080.0,760.0,0.0,0.0,0.0,0.0,0.0,0.0,0.0,480.0,0.0,0.0,1360.0,4440.0,0.0,0.0,0.0,120.0,760.0,0.0,0.0,0.0,0.0,0.0,0.0,0.0,48320.0,0.0,0.0,28660.0,4440.0,0.0,0.0,0.0,415600.0,760.0,0.0,0.0,0.0,0.0,0.0,0.0,0.0
2026-04-27T06:00:00+02:00,1920.0,280.0,0.0,8440.0,0.0,0.0,0.0,4040.0,8560.0,7560.0,0.0,0.0,0.0,0.0,0.0,0.0,0.0,760.0,280.0,0.0,80.0,0.0,0.0,0.0,4040.0,80.0,40.0,0.0,0.0,0.0,0.0,0.0,0.0,0.0,5200.0,280.0,0.0,159560.0,0.0,0.0,0.0,4040.0,424720.0,36280.0,0.0,0.0,0.0,0.0,0.0,0.0,0.0
2026-04-27T07:00:00+02:00,7680.0,7920.0,0.0,7800.0,0.0,0.0,0.0,0.0,8840.0,8720.0,4240.0,0.0,0.0,0.0,0.0,0.0,0.0,160.0,280.0,0.0,320.0,0.0,0.0,0.0,0.0,40.0,80.0,4240.0,0.0,0.0,0.0,0.0,0.0,0.0,76800.0,9640.0,0.0,103680.0,0.0,0.0,0.0,0.0,1801301.0,189040.0,4240.0,0.0,0.0,0.0,0.0,0.0,0.0
2026-04-27T08:00:00+02:00,6320.0,8000.0,0.0,4840.0,0.0,0.0,0.0,0.0,8400.0,7880.0,5200.0,4320.0,0.0,0.0,0.0,0.0,0.0,120.0,80.0,0.0,120.0,0.0,0.0,0.0,0.0,120.0,40.0,5200.0,4320.0,0.0,0.0,0.0,0.0,0.0,39040.0,98320.0,0.0,29760.0,0.0,0.0,0.0,0.0,413390.0,263200.0,5200.0,4320.0,0.0,0.0,0.0,0.0,0.0
2026-04-27T09:00:00+02:00,2200.0,8160.0,0.0,5640.0,0.0,0.0,0.0,0.0,8840.0,8320.0,8560.0,0.0,0.0,0.0,0.0,0.0,0.0,200.0,80.0,0.0,80.0,0.0,0.0,0.0,0.0,120.0,40.0,8560.0,0.0,0.0,0.0,0.0,0.0,0.0,12640.0,23000.0,0.0,55520.0,0.0,0.0,0.0,0.0,585158.0,149170.0,8560.0,0.0,0.0,0.0,0.0,0.0,0.0
2026-04-27T10:00:00+02:00,7680.0,6600.0,0.0,3360.0,0.0,0.0,0.0,0.0,8720.0,8720.0,8280.0,3480.0,0.0,0.0,0.0,0.0,6960.0,160.0,160.0,0.0,360.0,0.0,0.0,0.0,0.0,40.0,120.0,160.0,760.0,0.0,0.0,0.0,0.0,880.0,37560.0,11000.0,0.0,6650.0,0.0,0.0,0.0,0.0,193360.0,359079.0,52800.0,11200.0,0.0,0.0,0.0,0.0,16880.0
2026-04-27T11:00:00+02:00,4520.0,2760.0,0.0,0.0,0.0,0.0,0.0,0.0,8840.0,8520.0,7760.0,4240.0,0.0,0.0,0.0,0.0,0.0,160.0,1960.0,0.0,0.0,0.0,0.0,0.0,0.0,160.0,120.0,120.0,880.0,0.0,0.0,0.0,0.0,0.0,50320.0,4720.0,0.0,0.0,0.0,0.0,0.0,0.0,147790.0,306239.0,82280.0,9320.0,0.0,0.0,0.0,0.0,0.0
2026-04-27T12:00:00+02:00,6520.0,8280.0,0.0,2360.0,0.0,0.0,0.0,0.0,8840.0,8840.0,7480.0,5240.0,0.0,0.0,0.0,0.0,0.0,120.0,1000.0,0.0,1040.0,0.0,0.0,0.0,0.0,40.0,80.0,200.0,200.0,0.0,0.0,0.0,0.0,0.0,70880.0,15120.0,0.0,6520.0,0.0,0.0,0.0,0.0,706090.0,659060.0,71520.0,29560.0,0.0,0.0,0.0,0.0,0.0
2026-04-27T13:00:00+02:00,6080.0,2800.0,0.0,1880.0,4010.0,0.0,0.0,0.0,8840.0,8480.0,4320.0,840.0,0.0,0.0,0.0,0.0,4240.0,200.0,600.0,0.0,840.0,4010.0,0.0,0.0,0.0,80.0,80.0,40.0,240.0,0.0,0.0,0.0,0.0,4240.0,50360.0,5600.0,0.0,4120.0,4010.0,0.0,0.0,0.0,933679.0,812019.0,23880.0,1080.0,0.0,0.0,0.0,0.0,4240.0
2026-04-27T14:00:00+02:00,7520.0,6360.0,0.0,7790.0,0.0,0.0,0.0,0.0,8000.0,8840.0,8000.0,0.0,0.0,0.0,0.0,0.0,920.0,40.0,200.0,0.0,200.0,0.0,0.0,0.0,0.0,40.0,40.0,120.0,0.0,0.0,0.0,0.0,0.0,920.0,44920.0,40480.0,0.0,8710.0,0.0,0.0,0.0,0.0,147830.0,772450.0,53440.0,0.0,0.0,0.0,0.0,0.0,920.0
2026-04-27T15:00:00+02:00,3600.0,7640.0,0.0,0.0,6840.0,0.0,0.0,200.0,7360.0,8840.0,7440.0,0.0,0.0,0.0,0.0,0.0,0.0,80.0,120.0,0.0,0.0,160.0,0.0,0.0,200.0,200.0,80.0,240.0,0.0,0.0,0.0,0.0,0.0,0.0,12160.0,26680.0,0.0,0.0,47840.0,0.0,0.0,200.0,28800.0,1077079.0,84720.0,0.0,0.0,0.0,0.0,0.0,0.0
2026-04-27T16:00:00+02:00,2920.0,2600.0,0.0,2240.0,0.0,0.0,0.0,0.0,8000.0,8800.0,4800.0,0.0,0.0,0.0,0.0,0.0,0.0,160.0,80.0,0.0,120.0,0.0,0.0,0.0,0.0,120.0,40.0,120.0,0.0,0.0,0.0,0.0,0.0,0.0,9360.0,10040.0,0.0,11160.0,0.0,0.0,0.0,0.0,25560.0,390999.0,83120.0,0.0,0.0,0.0,0.0,0.0,0.0
2026-04-27T17:00:00+02:00,4400.0,6760.0,0.0,4000.0,0.0,0.0,0.0,0.0,4000.0,8240.0,2000.0,0.0,0.0,0.0,0.0,0.0,0.0,200.0,240.0,0.0,80.0,0.0,0.0,0.0,0.0,400.0,40.0,200.0,0.0,0.0,0.0,0.0,0.0,0.0,15280.0,18920.0,0.0,48120.0,0.0,0.0,0.0,0.0,19000.0,235758.0,5520.0,0.0,0.0,0.0,0.0,0.0,0.0
2026-04-27T18:00:00+02:00,8800.0,6440.0,0.0,8060.0,0.0,0.0,0.0,0.0,8760.0,8840.0,8240.0,0.0,0.0,0.0,0.0,0.0,7520.0,160.0,240.0,0.0,80.0,0.0,0.0,0.0,0.0,80.0,40.0,440.0,0.0,0.0,0.0,0.0,0.0,3760.0,54199.0,15080.0,0.0,110430.0,0.0,0.0,0.0,0.0,349760.0,754010.0,80440.0,0.0,0.0,0.0,0.0,0.0,11280.0
2026-04-27T19:00:00+02:00,2440.0,7050.0,0.0,7170.0,0.0,0.0,0.0,0.0,8000.0,8840.0,2200.0,0.0,0.0,0.0,0.0,0.0,0.0,400.0,1240.0,0.0,40.0,0.0,0.0,0.0,0.0,200.0,40.0,160.0,0.0,0.0,0.0,0.0,0.0,0.0,8600.0,17330.0,0.0,209540.0,0.0,0.0,0.0,0.0,147020.0,404739.0,2360.0,0.0,0.0,0.0,0.0,0.0,0.0
2026-04-27T20:00:00+02:00,5280.0,6080.0,0.0,4200.0,0.0,0.0,0.0,0.0,8000.0,8480.0,0.0,0.0,0.0,0.0,0.0,0.0,0.0,200.0,4560.0,0.0,440.0,0.0,0.0,0.0,0.0,40.0,160.0,0.0,0.0,0.0,0.0,0.0,0.0,0.0,24280.0,15440.0,0.0,11500.0,0.0,0.0,0.0,0.0,486560.0,176520.0,0.0,0.0,0.0,0.0,0.0,0.0,0.0
2026-04-27T21:00:00+02:00,4720.0,2000.0,0.0,1640.0,0.0,0.0,0.0,0.0,8000.0,8560.0,0.0,2840.0,0.0,0.0,0.0,0.0,0.0,4720.0,40.0,0.0,1640.0,0.0,0.0,0.0,0.0,200.0,80.0,0.0,2840.0,0.0,0.0,0.0,0.0,0.0,4720.0,5360.0,0.0,1640.0,0.0,0.0,0.0,0.0,128440.0,156880.0,0.0,2840.0,0.0,0.0,0.0,0.0,0.0
2026-04-27T22:00:00+02:00,240.0,7320.0,0.0,0.0,0.0,0.0,0.0,0.0,0.0,8640.0,0.0,0.0,0.0,0.0,0.0,0.0,0.0,240.0,7320.0,0.0,0.0,0.0,0.0,0.0,0.0,0.0,240.0,0.0,0.0,0.0,0.0,0.0,0.0,0.0,240.0,7320.0,0.0,0.0,0.0,0.0,0.0,0.0,0.0,71720.0,0.0,0.0,0.0,0.0,0.0,0.0,0.0
2026-04-27T23:00:00+02:00,600.0,0.0,0.0,0.0,0.0,0.0,0.0,0.0,0.0,7080.0,0.0,0.0,0.0,0.0,0.0,0.0,0.0,600.0,0.0,0.0,0.0,0.0,0.0,0.0,0.0,0.0,40.0,0.0,0.0,0.0,0.0,0.0,0.0,0.0,600.0,0.0,0.0,0.0,0.0,0.0,0.0,0.0,0.0,80200.0,0.0,0.0,0.0,0.0,0.0,0.0,0.0
2026-04-28T00:00:00+02:00,1720.0,0.0,0.0,0.0,0.0,0.0,0.0,0.0,0.0,5440.0,280.0,2120.0,0.0,0.0,0.0,0.0,0.0,160.0,0.0,0.0,0.0,0.0,0.0,0.0,0.0,0.0,200.0,280.0,240.0,0.0,0.0,0.0,0.0,0.0,1880.0,0.0,0.0,0.0,0.0,0.0,0.0,0.0,0.0,33040.0,280.0,4600.0,0.0,0.0,0.0,0.0,0.0
2026-04-28T01:00:00+02:00,1280.0,0.0,0.0,0.0,0.0,0.0,0.0,0.0,0.0,4000.0,0.0,2000.0,0.0,0.0,0.0,0.0,0.0,160.0,0.0,0.0,0.0,0.0,0.0,0.0,0.0,0.0,160.0,0.0,1440.0,0.0,0.0,0.0,0.0,0.0,1680.0,0.0,0.0,0.0,0.0,0.0,0.0,0.0,0.0,30920.0,0.0,3440.0,0.0,0.0,0.0,0.0,0.0
2026-04-28T02:00:00+02:00,0.0,4680.0,0.0,1920.0,0.0,0.0,0.0,0.0,0.0,3680.0,480.0,0.0,0.0,0.0,0.0,0.0,0.0,0.0,4680.0,0.0,120.0,0.0,0.0,0.0,0.0,0.0,520.0,480.0,0.0,0.0,0.0,0.0,0.0,0.0,0.0,4680.0,0.0,9800.0,0.0,0.0,0.0,0.0,0.0,4760.0,480.0,0.0,0.0,0.0,0.0,0.0,0.0
2026-04-28T03:00:00+02:00,0.0,0.0,0.0,2000.0,0.0,0.0,0.0,0.0,800.0,5040.0,0.0,4240.0,0.0,0.0,0.0,0.0,0.0,0.0,0.0,0.0,40.0,0.0,0.0,0.0,0.0,800.0,2560.0,0.0,2000.0,0.0,0.0,0.0,0.0,0.0,0.0,0.0,0.0,12200.0,0.0,0.0,0.0,0.0,800.0,11440.0,0.0,6240.0,0.0,0.0,0.0,0.0,0.0
2026-04-28T04:00:00+02:00,0.0,0.0,0.0,2000.0,0.0,0.0,0.0,0.0,0.0,2000.0,0.0,0.0,0.0,0.0,0.0,0.0,0.0,0.0,0.0,0.0,80.0,0.0,0.0,0.0,0.0,0.0,240.0,0.0,0.0,0.0,0.0,0.0,0.0,0.0,0.0,0.0,0.0,22600.0,0.0,0.0,0.0,0.0,0.0,4480.0,0.0,0.0,0.0,0.0,0.0,0.0,0.0
2026-04-28T05:00:00+02:00,6040.0,3600.0,0.0,4120.0,0.0,0.0,0.0,0.0,8400.0,6040.0,0.0,0.0,0.0,0.0,0.0,0.0,0.0,920.0,1760.0,0.0,320.0,0.0,0.0,0.0,0.0,120.0,160.0,0.0,0.0,0.0,0.0,0.0,0.0,0.0,15520.0,9640.0,0.0,10320.0,0.0,0.0,0.0,0.0,1013594.0,87320.0,0.0,0.0,0.0,0.0,0.0,0.0,0.0
2026-04-28T06:00:00+02:00,2000.0,2000.0,0.0,7280.0,5760.0,0.0,0.0,0.0,8160.0,8360.0,6320.0,160.0,0.0,0.0,0.0,40.0,0.0,2000.0,40.0,0.0,40.0,440.0,0.0,0.0,0.0,200.0,40.0,6320.0,160.0,0.0,0.0,0.0,40.0,0.0,2000.0,2040.0,0.0,27440.0,54160.0,0.0,0.0,0.0,238400.0,128440.0,6320.0,160.0,0.0,0.0,0.0,40.0,0.0
2026-04-28T07:00:00+02:00,1160.0,2360.0,0.0,1040.0,1920.0,0.0,0.0,0.0,4000.0,8680.0,2000.0,0.0,0.0,0.0,0.0,600.0,0.0,280.0,200.0,0.0,1040.0,160.0,0.0,0.0,0.0,160.0,120.0,280.0,0.0,0.0,0.0,0.0,600.0,0.0,2600.0,8480.0,0.0,1040.0,3800.0,0.0,0.0,0.0,51000.0,195320.0,2280.0,0.0,0.0,0.0,0.0,600.0,0.0
2026-04-28T08:00:00+02:00,1440.0,4000.0,0.0,1800.0,1640.0,0.0,0.0,720.0,2040.0,6520.0,4000.0,4000.0,0.0,0.0,0.0,320.0,0.0,320.0,200.0,0.0,1400.0,160.0,0.0,0.0,720.0,200.0,40.0,360.0,920.0,0.0,0.0,0.0,320.0,0.0,2360.0,6640.0,0.0,3200.0,1800.0,0.0,0.0,720.0,19680.0,111520.0,5360.0,38000.0,0.0,0.0,0.0,320.0,0.0
2026-04-28T09:00:00+02:00,5240.0,1440.0,0.0,4000.0,1680.0,0.0,0.0,6360.0,5800.0,8480.0,4160.0,1840.0,0.0,0.0,0.0,0.0,0.0,160.0,80.0,0.0,640.0,120.0,0.0,0.0,2000.0,120.0,80.0,120.0,440.0,0.0,0.0,0.0,0.0,0.0,17760.0,1680.0,0.0,12160.0,3000.0,0.0,0.0,12000.0,48480.0,270840.0,14320.0,3560.0,0.0,0.0,0.0,0.0,0.0
2026-04-28T10:00:00+02:00,8000.0,3760.0,0.0,0.0,0.0,0.0,0.0,0.0,8000.0,8480.0,4960.0,2920.0,0.0,0.0,0.0,0.0,0.0,120.0,40.0,0.0,0.0,0.0,0.0,0.0,0.0,160.0,40.0,200.0,200.0,0.0,0.0,0.0,0.0,0.0,55560.0,11560.0,0.0,0.0,0.0,0.0,0.0,0.0,196520.0,709478.0,15000.0,6560.0,0.0,0.0,0.0,0.0,0.0
2026-04-28T11:00:00+02:00,4600.0,3120.0,0.0,1360.0,0.0,0.0,0.0,0.0,8240.0,8760.0,6000.0,160.0,0.0,0.0,0.0,0.0,0.0,160.0,40.0,0.0,200.0,0.0,0.0,0.0,0.0,80.0,40.0,160.0,160.0,0.0,0.0,0.0,0.0,0.0,24440.0,6080.0,0.0,4080.0,0.0,0.0,0.0,0.0,594580.0,969278.0,37400.0,160.0,0.0,0.0,0.0,0.0,0.0
2026-04-28T12:00:00+02:00,3640.0,6720.0,0.0,1920.0,0.0,0.0,0.0,0.0,8520.0,8730.0,6400.0,6720.0,0.0,0.0,0.0,0.0,920.0,160.0,240.0,0.0,600.0,0.0,0.0,0.0,0.0,40.0,40.0,240.0,160.0,0.0,0.0,0.0,0.0,200.0,14440.0,34050.0,0.0,2520.0,0.0,0.0,0.0,0.0,810758.0,1010918.0,23400.0,140560.0,0.0,0.0,0.0,0.0,1520.0
2026-04-28T13:00:00+02:00,5200.0,8280.0,0.0,1200.0,0.0,0.0,0.0,1640.0,8280.0,8680.0,8480.0,7240.0,0.0,0.0,0.0,0.0,4840.0,400.0,120.0,0.0,200.0,0.0,0.0,0.0,800.0,120.0,80.0,40.0,120.0,0.0,0.0,0.0,0.0,400.0,6280.0,28560.0,0.0,2160.0,0.0,0.0,0.0,6360.0,438449.0,1078529.0,313480.0,29760.0,0.0,0.0,0.0,0.0,6960.0
2026-04-28T14:00:00+02:00,3920.0,6640.0,0.0,1880.0,0.0,0.0,0.0,0.0,8240.0,8760.0,8200.0,7120.0,0.0,0.0,0.0,0.0,2000.0,160.0,160.0,0.0,40.0,0.0,0.0,0.0,0.0,120.0,80.0,240.0,200.0,0.0,0.0,0.0,0.0,2000.0,29840.0,39400.0,0.0,2320.0,0.0,0.0,0.0,0.0,267547.0,765088.0,142600.0,14880.0,0.0,0.0,0.0,0.0,2000.0
2026-04-28T15:00:00+02:00,5640.0,8000.0,0.0,6000.0,0.0,0.0,0.0,0.0,8039.0,8640.0,7920.0,680.0,0.0,0.0,0.0,40.0,5120.0,160.0,160.0,0.0,40.0,0.0,0.0,0.0,0.0,160.0,40.0,160.0,680.0,0.0,0.0,0.0,40.0,1960.0,23440.0,120520.0,0.0,34040.0,0.0,0.0,0.0,0.0,43499.0,498719.0,73920.0,680.0,0.0,0.0,0.0,40.0,12280.0
2026-04-28T16:00:00+02:00,8400.0,7800.0,0.0,8000.0,0.0,0.0,0.0,0.0,8520.0,8800.0,2640.0,2000.0,0.0,0.0,0.0,0.0,2080.0,160.0,40.0,0.0,40.0,0.0,0.0,0.0,0.0,160.0,40.0,280.0,160.0,0.0,0.0,0.0,0.0,2080.0,148680.0,45680.0,0.0,274020.0,0.0,0.0,0.0,0.0,362680.0,1081279.0,17520.0,2480.0,0.0,0.0,0.0,0.0,2080.0
2026-04-28T17:00:00+02:00,6280.0,6080.0,0.0,7760.0,5560.0,0.0,0.0,0.0,8000.0,8800.0,8400.0,0.0,0.0,0.0,0.0,0.0,0.0,120.0,200.0,0.0,200.0,480.0,0.0,0.0,0.0,80.0,40.0,120.0,0.0,0.0,0.0,0.0,0.0,0.0,128520.0,61200.0,0.0,150540.0,21520.0,0.0,0.0,0.0,317560.0,1006689.0,23160.0,0.0,0.0,0.0,0.0,0.0,0.0
2026-04-28T18:00:00+02:00,8800.0,7360.0,0.0,8440.0,5760.0,0.0,0.0,0.0,6000.0,8800.0,3040.0,0.0,0.0,0.0,0.0,0.0,4760.0,120.0,240.0,0.0,80.0,240.0,0.0,0.0,0.0,200.0,40.0,200.0,0.0,0.0,0.0,0.0,0.0,1160.0,159640.0,46000.0,0.0,125210.0,62640.0,0.0,0.0,0.0,67160.0,744937.0,7000.0,0.0,0.0,0.0,0.0,0.0,5920.0
2026-04-28T19:00:00+02:00,5280.0,5720.0,0.0,4120.0,3880.0,0.0,0.0,2000.0,2160.0,8800.0,8560.0,8039.0,0.0,0.0,0.0,0.0,0.0,200.0,200.0,0.0,600.0,400.0,0.0,0.0,2000.0,160.0,40.0,160.0,320.0,0.0,0.0,0.0,0.0,0.0,52720.0,78400.0,0.0,16570.0,29400.0,0.0,0.0,2000.0,34440.0,480640.0,77480.0,48959.0,0.0,0.0,0.0,0.0,0.0
2026-04-28T20:00:00+02:00,5000.0,7480.0,0.0,880.0,1000.0,0.0,0.0,0.0,4120.0,8800.0,3280.0,0.0,0.0,0.0,0.0,1240.0,0.0,160.0,160.0,0.0,320.0,200.0,0.0,0.0,0.0,160.0,80.0,240.0,0.0,0.0,0.0,0.0,1240.0,0.0,48200.0,27360.0,0.0,1200.0,1560.0,0.0,0.0,0.0,46840.0,241400.0,13360.0,0.0,0.0,0.0,0.0,1240.0,0.0
2026-04-28T21:00:00+02:00,8480.0,8000.0,0.0,5120.0,3040.0,0.0,0.0,0.0,7800.0,8320.0,8680.0,2640.0,0.0,0.0,0.0,0.0,0.0,120.0,240.0,0.0,5120.0,520.0,0.0,0.0,0.0,120.0,40.0,160.0,200.0,0.0,0.0,0.0,0.0,0.0,94800.0,109880.0,0.0,5120.0,4920.0,0.0,0.0,0.0,208720.0,528210.0,82520.0,5400.0,0.0,0.0,0.0,0.0,0.0
2026-04-28T22:00:00+02:00,6000.0,4080.0,0.0,560.0,0.0,0.0,0.0,0.0,760.0,8200.0,1240.0,1360.0,0.0,0.0,0.0,0.0,0.0,240.0,4080.0,0.0,240.0,0.0,0.0,0.0,0.0,240.0,200.0,1240.0,680.0,0.0,0.0,0.0,0.0,0.0,22440.0,4080.0,0.0,800.0,0.0,0.0,0.0,0.0,1000.0,223279.0,1240.0,2040.0,0.0,0.0,0.0,0.0,0.0
2026-04-28T23:00:00+02:00,1400.0,2000.0,0.0,0.0,0.0,0.0,0.0,0.0,2040.0,8000.0,0.0,280.0,0.0,0.0,0.0,0.0,0.0,240.0,560.0,0.0,0.0,0.0,0.0,0.0,0.0,2040.0,160.0,0.0,280.0,0.0,0.0,0.0,0.0,0.0,2320.0,2560.0,0.0,0.0,0.0,0.0,0.0,0.0,2040.0,127640.0,0.0,280.0,0.0,0.0,0.0,0.0,0.0
2026-04-29T00:00:00+02:00,0.0,760.0,0.0,0.0,0.0,0.0,0.0,0.0,0.0,7880.0,0.0,1560.0,0.0,0.0,0.0,0.0,0.0,0.0,280.0,0.0,0.0,0.0,0.0,0.0,0.0,0.0,400.0,0.0,680.0,0.0,0.0,0.0,0.0,0.0,0.0,1040.0,0.0,0.0,0.0,0.0,0.0,0.0,0.0,12320.0,0.0,2240.0,0.0,0.0,0.0,0.0,0.0
2026-04-29T01:00:00+02:00,1880.0,0.0,0.0,0.0,0.0,0.0,0.0,0.0,0.0,1560.0,0.0,0.0,0.0,0.0,0.0,0.0,0.0,1880.0,0.0,0.0,0.0,0.0,0.0,0.0,0.0,0.0,520.0,0.0,0.0,0.0,0.0,0.0,0.0,0.0,1880.0,0.0,0.0,0.0,0.0,0.0,0.0,0.0,0.0,2080.0,0.0,0.0,0.0,0.0,0.0,0.0,0.0
2026-04-29T02:00:00+02:00,2000.0,0.0,0.0,1920.0,0.0,0.0,0.0,0.0,0.0,0.0,0.0,0.0,0.0,0.0,0.0,0.0,0.0,160.0,0.0,0.0,160.0,0.0,0.0,0.0,0.0,0.0,0.0,0.0,0.0,0.0,0.0,0.0,0.0,0.0,12840.0,0.0,0.0,19920.0,0.0,0.0,0.0,0.0,0.0,0.0,0.0,0.0,0.0,0.0,0.0,0.0,0.0
2026-04-29T03:00:00+02:00,4000.0,0.0,0.0,3280.0,0.0,0.0,0.0,0.0,2520.0,2080.0,0.0,1680.0,0.0,0.0,0.0,0.0,0.0,200.0,0.0,0.0,40.0,0.0,0.0,0.0,0.0,2520.0,240.0,0.0,1680.0,0.0,0.0,0.0,0.0,0.0,60280.0,0.0,0.0,86200.0,0.0,0.0,0.0,0.0,2520.0,2960.0,0.0,1680.0,0.0,0.0,0.0,0.0,0.0
2026-04-29T04:00:00+02:00,8160.0,0.0,0.0,2320.0,0.0,0.0,0.0,0.0,7080.0,2880.0,240.0,1280.0,0.0,0.0,0.0,0.0,0.0,120.0,0.0,0.0,40.0,0.0,0.0,0.0,0.0,520.0,2880.0,240.0,1280.0,0.0,0.0,0.0,0.0,0.0,257400.0,0.0,0.0,40200.0,0.0,0.0,0.0,0.0,29520.0,2880.0,240.0,1280.0,0.0,0.0,0.0,0.0,0.0
2026-04-29T05:00:00+02:00,5960.0,0.0,0.0,0.0,1960.0,0.0,0.0,0.0,8039.0,4560.0,0.0,0.0,0.0,0.0,0.0,0.0,0.0,200.0,0.0,0.0,0.0,1080.0,0.0,0.0,0.0,160.0,160.0,0.0,0.0,0.0,0.0,0.0,0.0,0.0,26760.0,0.0,0.0,0.0,6840.0,0.0,0.0,0.0,506759.0,4960.0,0.0,0.0,0.0,0.0,0.0,0.0,0.0
2026-04-29T06:00:00+02:00,8039.0,3680.0,0.0,0.0,2720.0,0.0,0.0,0.0,8200.0,7720.0,2000.0,0.0,2000.0,0.0,0.0,0.0,0.0,160.0,160.0,0.0,0.0,1360.0,0.0,0.0,0.0,80.0,80.0,160.0,0.0,2000.0,0.0,0.0,0.0,0.0,33879.0,14400.0,0.0,0.0,7560.0,0.0,0.0,0.0,256380.0,33040.0,5560.0,0.0,2000.0,0.0,0.0,0.0,0.0
2026-04-29T07:00:00+02:00,5840.0,3200.0,0.0,4000.0,0.0,0.0,0.0,0.0,8000.0,8800.0,0.0,0.0,0.0,0.0,0.0,0.0,0.0,200.0,40.0,0.0,1400.0,0.0,0.0,0.0,0.0,1240.0,160.0,0.0,0.0,0.0,0.0,0.0,0.0,0.0,51600.0,16880.0,0.0,24800.0,0.0,0.0,0.0,0.0,57800.0,161360.0,0.0,0.0,0.0,0.0,0.0,0.0,0.0
2026-04-29T08:00:00+02:00,5080.0,6720.0,0.0,7920.0,120.0,0.0,0.0,240.0,3040.0,8320.0,5640.0,360.0,0.0,0.0,0.0,0.0,0.0,120.0,200.0,0.0,120.0,120.0,0.0,0.0,240.0,120.0,120.0,400.0,160.0,0.0,0.0,0.0,0.0,0.0,98720.0,22840.0,0.0,45120.0,120.0,0.0,0.0,240.0,7800.0,523929.0,15000.0,520.0,0.0,0.0,0.0,0.0,0.0
2026-04-29T09:00:00+02:00,7800.0,3920.0,0.0,8320.0,1360.0,0.0,0.0,3200.0,7840.0,8740.0,7200.0,0.0,0.0,0.0,0.0,2240.0,0.0,200.0,200.0,0.0,120.0,280.0,0.0,0.0,200.0,80.0,40.0,120.0,0.0,0.0,0.0,0.0,2240.0,0.0,48200.0,14920.0,0.0,373200.0,2040.0,0.0,0.0,4600.0,124840.0,983225.0,24000.0,0.0,0.0,0.0,0.0,2240.0,0.0
2026-04-29T10:00:00+02:00,2080.0,2520.0,0.0,2080.0,1760.0,0.0,0.0,0.0,7120.0,8720.0,7500.0,240.0,0.0,0.0,0.0,0.0,0.0,160.0,680.0,0.0,200.0,1040.0,0.0,0.0,0.0,1360.0,80.0,400.0,120.0,0.0,0.0,0.0,0.0,0.0,10120.0,5360.0,0.0,10320.0,4400.0,0.0,0.0,0.0,19120.0,756940.0,58820.0,880.0,0.0,0.0,0.0,0.0,0.0
2026-04-29T11:00:00+02:00,8000.0,7200.0,0.0,0.0,0.0,0.0,0.0,0.0,6680.0,8680.0,8560.0,0.0,0.0,0.0,0.0,3410.0,2320.0,160.0,240.0,0.0,0.0,0.0,0.0,0.0,0.0,160.0,40.0,160.0,0.0,0.0,0.0,0.0,3410.0,2320.0,124160.0,27920.0,0.0,0.0,0.0,0.0,0.0,0.0,91240.0,1322599.0,184760.0,0.0,0.0,0.0,0.0,3410.0,2320.0
2026-04-29T12:00:00+02:00,1040.0,6720.0,0.0,600.0,0.0,0.0,0.0,0.0,8520.0,8720.0,8160.0,4000.0,0.0,0.0,0.0,0.0,2000.0,160.0,240.0,0.0,600.0,0.0,0.0,0.0,0.0,120.0,40.0,120.0,4000.0,0.0,0.0,0.0,0.0,960.0,1200.0,16760.0,0.0,600.0,0.0,0.0,0.0,0.0,205840.0,1065806.0,74100.0,4000.0,0.0,0.0,0.0,0.0,4960.0
2026-04-29T13:00:00+02:00,6000.0,7960.0,0.0,840.0,0.0,0.0,0.0,0.0,8680.0,8600.0,6520.0,1960.0,0.0,0.0,0.0,6080.0,0.0,120.0,1080.0,0.0,520.0,0.0,0.0,0.0,0.0,80.0,40.0,280.0,200.0,0.0,0.0,0.0,6080.0,0.0,57640.0,40960.0,0.0,1360.0,0.0,0.0,0.0,0.0,192620.0,526839.0,72880.0,3440.0,0.0,0.0,0.0,6080.0,0.0
2026-04-29T14:00:00+02:00,5880.0,7520.0,0.0,0.0,200.0,0.0,0.0,0.0,8480.0,8720.0,8280.0,440.0,1440.0,0.0,0.0,7360.0,6000.0,80.0,200.0,0.0,0.0,200.0,0.0,0.0,0.0,200.0,80.0,160.0,360.0,1440.0,0.0,0.0,7360.0,2800.0,108800.0,43320.0,0.0,0.0,200.0,0.0,0.0,0.0,34480.0,1235868.0,277959.0,800.0,1440.0,0.0,0.0,7360.0,8800.0
2026-04-29T15:00:00+02:00,2760.0,7080.0,0.0,5600.0,2720.0,0.0,0.0,0.0,8360.0,8680.0,8039.0,0.0,5080.0,0.0,0.0,0.0,6000.0,160.0,360.0,0.0,160.0,640.0,0.0,0.0,0.0,160.0,40.0,160.0,0.0,160.0,0.0,0.0,0.0,320.0,17720.0,66200.0,0.0,72840.0,18120.0,0.0,0.0,0.0,106280.0,1578316.0,173599.0,0.0,9240.0,0.0,0.0,0.0,9120.0
2026-04-29T16:00:00+02:00,1960.0,1040.0,0.0,3920.0,0.0,0.0,0.0,0.0,8680.0,8760.0,7720.0,3880.0,0.0,0.0,0.0,0.0,5840.0,320.0,160.0,0.0,160.0,0.0,0.0,0.0,0.0,160.0,40.0,160.0,3880.0,0.0,0.0,0.0,0.0,160.0,5800.0,1600.0,0.0,83160.0,0.0,0.0,0.0,0.0,217880.0,1049459.0,203640.0,3880.0,0.0,0.0,0.0,0.0,10640.0
2026-04-29T17:00:00+02:00,2560.0,8560.0,0.0,120.0,0.0,0.0,0.0,0.0,8400.0,8720.0,4480.0,840.0,0.0,0.0,0.0,0.0,4000.0,800.0,200.0,0.0,120.0,0.0,0.0,0.0,0.0,80.0,40.0,520.0,840.0,0.0,0.0,0.0,0.0,1840.0,8360.0,34280.0,0.0,120.0,0.0,0.0,0.0,0.0,260840.0,625059.0,13440.0,840.0,0.0,0.0,0.0,0.0,9840.0
2026-04-29T18:00:00+02:00,4760.0,4760.0,0.0,2040.0,5920.0,0.0,0.0,0.0,8360.0,8700.0,6440.0,0.0,3440.0,0.0,0.0,0.0,4720.0,120.0,1360.0,0.0,200.0,200.0,0.0,0.0,0.0,280.0,40.0,720.0,0.0,280.0,0.0,0.0,0.0,1080.0,19240.0,8120.0,0.0,4760.0,32280.0,0.0,0.0,0.0,79360.0,220029.0,13760.0,0.0,6600.0,0.0,0.0,0.0,11840.0
2026-04-29T19:00:00+02:00,8000.0,6440.0,0.0,4850.0,6440.0,0.0,0.0,0.0,8640.0,8600.0,7120.0,200.0,0.0,0.0,0.0,0.0,0.0,160.0,1360.0,0.0,120.0,200.0,0.0,0.0,0.0,160.0,40.0,360.0,200.0,0.0,0.0,0.0,0.0,0.0,100920.0,23400.0,0.0,33500.0,85040.0,0.0,0.0,0.0,110320.0,361300.0,38040.0,200.0,0.0,0.0,0.0,0.0,0.0
2026-04-29T20:00:00+02:00,7560.0,7760.0,0.0,240.0,8119.0,0.0,0.0,2000.0,6040.0,8680.0,4600.0,0.0,2000.0,0.0,0.0,0.0,8760.0,160.0,120.0,0.0,240.0,160.0,0.0,0.0,2000.0,160.0,40.0,200.0,0.0,200.0,0.0,0.0,0.0,160.0,160840.0,150600.0,0.0,240.0,339079.0,0.0,0.0,2000.0,45160.0,817638.0,7960.0,0.0,4560.0,0.0,0.0,0.0,72160.0
2026-04-29T21:00:00+02:00,7400.0,6000.0,0.0,0.0,7960.0,0.0,0.0,0.0,8039.0,8680.0,1920.0,0.0,1280.0,0.0,0.0,0.0,0.0,280.0,200.0,0.0,0.0,120.0,0.0,0.0,0.0,240.0,40.0,280.0,0.0,560.0,0.0,0.0,0.0,0.0,28920.0,116600.0,0.0,0.0,117200.0,0.0,0.0,0.0,97679.0,252200.0,2200.0,0.0,1840.0,0.0,0.0,0.0,0.0
2026-04-29T22:00:00+02:00,840.0,0.0,0.0,0.0,0.0,0.0,0.0,0.0,0.0,8640.0,0.0,2880.0,0.0,0.0,0.0,0.0,0.0,840.0,0.0,0.0,0.0,0.0,0.0,0.0,0.0,0.0,40.0,0.0,200.0,0.0,0.0,0.0,0.0,0.0,840.0,0.0,0.0,0.0,0.0,0.0,0.0,0.0,0.0,88680.0,0.0,11480.0,0.0,0.0,0.0,0.0,0.0
2026-04-29T23:00:00+02:00,0.0,6000.0,0.0,0.0,0.0,0.0,0.0,0.0,0.0,8560.0,2160.0,3680.0,0.0,0.0,0.0,0.0,0.0,0.0,920.0,0.0,0.0,0.0,0.0,0.0,0.0,0.0,160.0,1240.0,240.0,0.0,0.0,0.0,0.0,0.0,0.0,9960.0,0.0,0.0,0.0,0.0,0.0,0.0,0.0,66320.0,3400.0,20800.0,0.0,0.0,0.0,0.0,0.0
2026-04-30T00:00:00+02:00,880.0,0.0,0.0,0.0,0.0,0.0,0.0,0.0,0.0,8200.0,0.0,3680.0,0.0,0.0,0.0,0.0,0.0,280.0,0.0,0.0,0.0,0.0,0.0,0.0,0.0,0.0,200.0,0.0,160.0,0.0,0.0,0.0,0.0,0.0,1160.0,0.0,0.0,0.0,0.0,0.0,0.0,0.0,0.0,119320.0,0.0,8840.0,0.0,0.0,0.0,0.0,0.0
2026-04-30T01:00:00+02:00,1520.0,0.0,0.0,0.0,0.0,0.0,0.0,0.0,0.0,6520.0,0.0,3240.0,0.0,0.0,0.0,0.0,0.0,480.0,0.0,0.0,0.0,0.0,0.0,0.0,0.0,0.0,160.0,0.0,1080.0,0.0,0.0,0.0,0.0,0.0,2520.0,0.0,0.0,0.0,0.0,0.0,0.0,0.0,0.0,182040.0,0.0,4320.0,0.0,0.0,0.0,0.0,0.0
2026-04-30T02:00:00+02:00,2000.0,0.0,0.0,7600.0,2000.0,0.0,0.0,0.0,0.0,3320.0,0.0,2000.0,0.0,0.0,0.0,0.0,0.0,560.0,0.0,0.0,120.0,200.0,0.0,0.0,0.0,0.0,120.0,0.0,760.0,0.0,0.0,0.0,0.0,0.0,7520.0,0.0,0.0,184640.0,7600.0,0.0,0.0,0.0,0.0,50080.0,0.0,3600.0,0.0,0.0,0.0,0.0,0.0
2026-04-30T03:00:00+02:00,2040.0,0.0,0.0,5840.0,1880.0,0.0,0.0,0.0,0.0,5640.0,0.0,1520.0,0.0,0.0,0.0,0.0,0.0,160.0,0.0,0.0,120.0,600.0,0.0,0.0,0.0,0.0,160.0,0.0,1520.0,0.0,0.0,0.0,0.0,0.0,11600.0,0.0,0.0,148240.0,6600.0,0.0,0.0,0.0,0.0,98400.0,0.0,1520.0,0.0,0.0,0.0,0.0,0.0
2026-04-30T04:00:00+02:00,2000.0,5240.0,0.0,4040.0,0.0,0.0,0.0,0.0,4280.0,5800.0,0.0,2000.0,0.0,0.0,0.0,0.0,0.0,160.0,2000.0,0.0,160.0,0.0,0.0,0.0,0.0,1040.0,160.0,0.0,200.0,0.0,0.0,0.0,0.0,0.0,17200.0,11240.0,0.0,123880.0,0.0,0.0,0.0,0.0,15440.0,58080.0,0.0,4960.0,0.0,0.0,0.0,0.0,0.0
2026-04-30T05:00:00+02:00,6880.0,1760.0,0.0,0.0,8000.0,0.0,0.0,0.0,8000.0,2280.0,0.0,0.0,0.0,0.0,0.0,0.0,0.0,1040.0,480.0,0.0,0.0,160.0,0.0,0.0,0.0,160.0,160.0,0.0,0.0,0.0,0.0,0.0,0.0,0.0,48240.0,2240.0,0.0,0.0,104720.0,0.0,0.0,0.0,302280.0,6680.0,0.0,0.0,0.0,0.0,0.0,0.0,0.0
2026-04-30T06:00:00+02:00,5840.0,6160.0,0.0,0.0,8000.0,0.0,0.0,0.0,8119.0,6440.0,5880.0,0.0,0.0,0.0,0.0,0.0,0.0,120.0,160.0,0.0,0.0,240.0,0.0,0.0,0.0,160.0,40.0,200.0,0.0,0.0,0.0,0.0,0.0,0.0,18440.0,255320.0,0.0,0.0,38240.0,0.0,0.0,0.0,172879.0,73600.0,8760.0,0.0,0.0,0.0,0.0,0.0,0.0
2026-04-30T07:00:00+02:00,5680.0,8160.0,0.0,2960.0,0.0,0.0,0.0,0.0,7720.0,8640.0,6760.0,0.0,0.0,0.0,0.0,0.0,0.0,400.0,120.0,0.0,2960.0,0.0,0.0,0.0,0.0,280.0,40.0,280.0,0.0,0.0,0.0,0.0,0.0,0.0,9960.0,176800.0,0.0,2960.0,0.0,0.0,0.0,0.0,48880.0,284560.0,17400.0,0.0,0.0,0.0,0.0,0.0,0.0
2026-04-30T08:00:00+02:00,6000.0,4800.0,0.0,3760.0,7840.0,0.0,0.0,5800.0,6040.0,8440.0,4000.0,400.0,0.0,0.0,0.0,3640.0,0.0,160.0,280.0,0.0,1360.0,2000.0,0.0,0.0,1480.0,80.0,40.0,280.0,400.0,0.0,0.0,0.0,3640.0,0.0,52320.0,43120.0,0.0,9640.0,24040.0,0.0,0.0,13600.0,210800.0,245620.0,42880.0,400.0,0.0,0.0,0.0,3640.0,0.0
2026-04-30T09:00:00+02:00,7560.0,6520.0,0.0,8039.0,5760.0,0.0,0.0,7080.0,5960.0,8680.0,8560.0,0.0,0.0,0.0,0.0,0.0,0.0,120.0,160.0,0.0,240.0,720.0,0.0,0.0,200.0,200.0,160.0,240.0,0.0,0.0,0.0,0.0,0.0,0.0,39560.0,40800.0,0.0,229676.0,10760.0,0.0,0.0,28480.0,51200.0,244799.0,64980.0,0.0,0.0,0.0,0.0,0.0,0.0
2026-04-30T10:00:00+02:00,3600.0,4400.0,0.0,4000.0,2000.0,0.0,0.0,6200.0,8000.0,8760.0,6600.0,2600.0,0.0,0.0,0.0,0.0,0.0,160.0,80.0,0.0,160.0,160.0,0.0,0.0,280.0,160.0,120.0,240.0,80.0,0.0,0.0,0.0,0.0,0.0,33280.0,17320.0,0.0,53400.0,5000.0,0.0,0.0,31080.0,242080.0,527439.0,33200.0,2880.0,0.0,0.0,0.0,0.0,0.0
2026-04-30T11:00:00+02:00,1880.0,7240.0,0.0,3640.0,0.0,0.0,0.0,0.0,8200.0,8680.0,8760.0,2960.0,0.0,0.0,0.0,0.0,5920.0,160.0,240.0,0.0,120.0,0.0,0.0,0.0,0.0,40.0,40.0,120.0,160.0,0.0,0.0,0.0,0.0,440.0,7080.0,29160.0,0.0,10750.0,0.0,0.0,0.0,0.0,594310.0,1270077.0,293098.0,6080.0,0.0,0.0,0.0,0.0,18280.0
2026-04-30T12:00:00+02:00,4000.0,8080.0,0.0,640.0,0.0,0.0,0.0,360.0,8280.0,8760.0,8520.0,2120.0,0.0,0.0,0.0,0.0,240.0,160.0,120.0,0.0,120.0,0.0,0.0,0.0,360.0,40.0,40.0,120.0,160.0,0.0,0.0,0.0,0.0,240.0,10960.0,47000.0,0.0,1880.0,0.0,0.0,0.0,360.0,392390.0,1519838.0,330919.0,5000.0,0.0,0.0,0.0,0.0,240.0
2026-04-30T13:00:00+02:00,5200.0,40.0,0.0,560.0,0.0,0.0,0.0,0.0,8720.0,8760.0,8080.0,2000.0,0.0,0.0,0.0,0.0,3200.0,240.0,40.0,0.0,560.0,0.0,0.0,0.0,0.0,80.0,40.0,240.0,240.0,0.0,0.0,0.0,0.0,2040.0,14920.0,40.0,0.0,560.0,0.0,0.0,0.0,0.0,523080.0,1042407.0,131160.0,5320.0,0.0,0.0,0.0,0.0,5240.0
2026-04-30T14:00:00+02:00,4000.0,6760.0,0.0,2880.0,0.0,0.0,0.0,0.0,8680.0,8760.0,7800.0,2160.0,360.0,0.0,0.0,0.0,1960.0,160.0,480.0,0.0,2880.0,0.0,0.0,0.0,0.0,120.0,40.0,160.0,2160.0,360.0,0.0,0.0,0.0,1960.0,24120.0,27470.0,0.0,2880.0,0.0,0.0,0.0,0.0,261820.0,849530.0,100200.0,2160.0,360.0,0.0,0.0,0.0,1960.0
2026-04-30T15:00:00+02:00,6320.0,8080.0,0.0,5960.0,4000.0,0.0,0.0,0.0,6080.0,8680.0,8320.0,0.0,4000.0,0.0,0.0,0.0,8400.0,240.0,280.0,0.0,80.0,520.0,0.0,0.0,0.0,160.0,40.0,600.0,0.0,4000.0,0.0,0.0,0.0,160.0,28920.0,96919.0,0.0,33200.0,8000.0,0.0,0.0,0.0,40160.0,458680.0,73480.0,0.0,4000.0,0.0,0.0,0.0,60520.0
2026-04-30T16:00:00+02:00,7960.0,8160.0,0.0,7800.0,0.0,0.0,0.0,0.0,7840.0,8680.0,8720.0,7050.0,8440.0,0.0,0.0,0.0,8360.0,160.0,160.0,0.0,120.0,0.0,0.0,0.0,0.0,160.0,40.0,120.0,240.0,240.0,0.0,0.0,0.0,200.0,23400.0,125560.0,0.0,85600.0,0.0,0.0,0.0,0.0,157000.0,1223527.0,342199.0,18570.0,9560.0,0.0,0.0,0.0,76720.0
2026-04-30T17:00:00+02:00,4160.0,8520.0,0.0,7960.0,0.0,0.0,0.0,7560.0,6000.0,8600.0,8600.0,0.0,0.0,0.0,0.0,0.0,0.0,240.0,200.0,0.0,80.0,0.0,0.0,0.0,200.0,80.0,40.0,200.0,0.0,0.0,0.0,0.0,0.0,0.0,4720.0,40400.0,0.0,65760.0,0.0,0.0,0.0,7760.0,23560.0,1356819.0,56880.0,0.0,0.0,0.0,0.0,0.0,0.0
2026-04-30T18:00:00+02:00,4440.0,7520.0,0.0,3880.0,4440.0,0.0,0.0,3080.0,7840.0,8760.0,8640.0,0.0,0.0,0.0,0.0,0.0,0.0,240.0,480.0,0.0,400.0,1640.0,0.0,0.0,3080.0,200.0,40.0,160.0,0.0,0.0,0.0,0.0,0.0,0.0,16400.0,16720.0,0.0,13210.0,12120.0,0.0,0.0,3080.0,41560.0,1485630.0,39680.0,0.0,0.0,0.0,0.0,0.0,0.0
2026-04-30T19:00:00+02:00,3240.0,7080.0,0.0,1440.0,2040.0,0.0,0.0,0.0,8520.0,8560.0,6400.0,160.0,8640.0,0.0,0.0,0.0,7960.0,160.0,200.0,0.0,640.0,160.0,0.0,0.0,0.0,160.0,40.0,200.0,160.0,720.0,0.0,0.0,0.0,520.0,18760.0,14360.0,0.0,2080.0,13120.0,0.0,0.0,0.0,218158.0,909440.0,37800.0,160.0,59480.0,0.0,0.0,0.0,46720.0
2026-04-30T20:00:00+02:00,7560.0,3360.0,0.0,3680.0,4680.0,0.0,0.0,0.0,8680.0,8560.0,6760.0,0.0,5400.0,0.0,0.0,0.0,2800.0,240.0,3320.0,0.0,240.0,120.0,0.0,0.0,0.0,120.0,40.0,520.0,0.0,5400.0,0.0,0.0,0.0,2000.0,30200.0,6680.0,0.0,4960.0,43040.0,0.0,0.0,0.0,80000.0,269860.0,7280.0,0.0,5400.0,0.0,0.0,0.0,4800.0
2026-04-30T21:00:00+02:00,8039.0,4680.0,0.0,6280.0,2000.0,0.0,0.0,0.0,7320.0,8400.0,760.0,0.0,0.0,0.0,0.0,0.0,0.0,160.0,240.0,0.0,480.0,240.0,0.0,0.0,0.0,160.0,40.0,240.0,0.0,0.0,0.0,0.0,0.0,0.0,70239.0,36960.0,0.0,40240.0,10040.0,0.0,0.0,0.0,111000.0,144560.0,1000.0,0.0,0.0,0.0,0.0,0.0,0.0
2026-04-30T22:00:00+02:00,0.0,4360.0,0.0,0.0,0.0,0.0,0.0,0.0,5520.0,8360.0,1880.0,0.0,0.0,0.0,0.0,0.0,0.0,0.0,3840.0,0.0,0.0,0.0,0.0,0.0,0.0,200.0,40.0,1880.0,0.0,0.0,0.0,0.0,0.0,0.0,0.0,8200.0,0.0,0.0,0.0,0.0,0.0,0.0,10280.0,201499.0,1880.0,0.0,0.0,0.0,0.0,0.0,0.0
2026-04-30T23:00:00+02:00,160.0,7400.0,0.0,0.0,0.0,0.0,0.0,0.0,0.0,8720.0,1440.0,160.0,0.0,0.0,0.0,0.0,0.0,160.0,840.0,0.0,0.0,0.0,0.0,0.0,0.0,0.0,40.0,1440.0,160.0,0.0,0.0,0.0,0.0,0.0,160.0,8240.0,0.0,0.0,0.0,0.0,0.0,0.0,0.0,50440.0,1440.0,160.0,0.0,0.0,0.0,0.0,0.0
2026-05-01T00:00:00+02:00,0.0,0.0,0.0,0.0,0.0,0.0,0.0,0.0,0.0,4500.0,0.0,0.0,0.0,0.0,0.0,0.0,0.0,0.0,0.0,0.0,0.0,0.0,0.0,0.0,0.0,0.0,80.0,0.0,0.0,0.0,0.0,0.0,0.0,0.0,0.0,0.0,0.0,0.0,0.0,0.0,0.0,0.0,0.0,14340.0,0.0,0.0,0.0,0.0,0.0,0.0,0.0
2026-05-01T01:00:00+02:00,520.0,0.0,0.0,0.0,0.0,0.0,0.0,0.0,3840.0,5360.0,1840.0,1840.0,0.0,0.0,0.0,0.0,0.0,160.0,0.0,0.0,0.0,0.0,0.0,0.0,0.0,3840.0,200.0,200.0,1800.0,0.0,0.0,0.0,0.0,0.0,880.0,0.0,0.0,0.0,0.0,0.0,0.0,0.0,3840.0,37260.0,2040.0,3640.0,0.0,0.0,0.0,0.0,0.0
2026-05-01T02:00:00+02:00,840.0,0.0,0.0,5960.0,0.0,0.0,0.0,0.0,0.0,8000.0,4440.0,5320.0,0.0,0.0,0.0,0.0,0.0,160.0,0.0,0.0,280.0,0.0,0.0,0.0,0.0,0.0,280.0,200.0,360.0,0.0,0.0,0.0,0.0,0.0,2280.0,0.0,0.0,42120.0,0.0,0.0,0.0,0.0,0.0,46920.0,9920.0,23000.0,0.0,0.0,0.0,0.0,0.0
2026-05-01T03:00:00+02:00,1000.0,0.0,600.0,8680.0,520.0,0.0,0.0,0.0,7200.0,8520.0,6280.0,2320.0,0.0,0.0,0.0,0.0,0.0,1000.0,0.0,600.0,160.0,520.0,0.0,0.0,0.0,3480.0,160.0,200.0,160.0,0.0,0.0,0.0,0.0,0.0,1000.0,0.0,600.0,912320.0,520.0,0.0,0.0,0.0,25320.0,168450.0,7040.0,8320.0,0.0,0.0,0.0,0.0,0.0
2026-05-01T04:00:00+02:00,2600.0,5880.0,3080.0,8520.0,0.0,0.0,0.0,0.0,8000.0,7760.0,8100.0,1360.0,0.0,2000.0,0.0,3400.0,0.0,2600.0,160.0,1640.0,160.0,0.0,0.0,0.0,0.0,160.0,160.0,8100.0,400.0,0.0,2000.0,0.0,3400.0,0.0,2600.0,17440.0,4720.0,237520.0,0.0,0.0,0.0,0.0,213840.0,183140.0,8100.0,1760.0,0.0,2000.0,0.0,3400.0,0.0
2026-05-01T05:00:00+02:00,0.0,2560.0,0.0,1720.0,8000.0,0.0,0.0,5380.0,8360.0,3960.0,0.0,0.0,0.0,0.0,0.0,0.0,0.0,0.0,1640.0,0.0,680.0,160.0,0.0,0.0,5380.0,120.0,600.0,0.0,0.0,0.0,0.0,0.0,0.0,0.0,0.0,6240.0,0.0,2400.0,494080.0,0.0,0.0,5380.0,658040.0,23840.0,0.0,0.0,0.0,0.0,0.0,0.0,0.0
2026-05-01T06:00:00+02:00,2000.0,2880.0,0.0,6960.0,7960.0,0.0,0.0,7000.0,6440.0,7760.0,0.0,0.0,0.0,0.0,0.0,0.0,0.0,200.0,40.0,0.0,720.0,200.0,0.0,0.0,1480.0,440.0,200.0,0.0,0.0,0.0,0.0,0.0,0.0,0.0,4080.0,25480.0,0.0,19120.0,99450.0,0.0,0.0,8480.0,55920.0,60880.0,0.0,0.0,0.0,0.0,0.0,0.0,0.0
2026-05-01T07:00:00+02:00,1080.0,7840.0,0.0,7000.0,2960.0,0.0,0.0,0.0,2360.0,8720.0,7560.0,0.0,0.0,0.0,0.0,0.0,0.0,120.0,440.0,0.0,400.0,80.0,0.0,0.0,0.0,200.0,40.0,7560.0,0.0,0.0,0.0,0.0,0.0,0.0,1440.0,47800.0,0.0,77880.0,11800.0,0.0,0.0,0.0,8520.0,116560.0,7560.0,0.0,0.0,0.0,0.0,0.0,0.0
2026-05-01T08:00:00+02:00,2000.0,5080.0,0.0,7000.0,6400.0,0.0,0.0,6880.0,8640.0,8600.0,4120.0,160.0,0.0,0.0,0.0,0.0,1680.0,160.0,120.0,0.0,40.0,440.0,0.0,0.0,120.0,40.0,40.0,760.0,160.0,0.0,0.0,0.0,0.0,1680.0,19360.0,31760.0,0.0,131360.0,73610.0,0.0,0.0,164880.0,63900.0,400660.0,7840.0,160.0,0.0,0.0,0.0,0.0,1680.0
2026-05-01T09:00:00+02:00,6000.0,2720.0,0.0,7720.0,1920.0,0.0,0.0,0.0,7280.0,8400.0,8560.0,0.0,0.0,0.0,0.0,2080.0,5040.0,160.0,160.0,0.0,120.0,160.0,0.0,0.0,0.0,320.0,40.0,240.0,0.0,0.0,0.0,0.0,2080.0,5040.0,26560.0,4840.0,0.0,194480.0,2080.0,0.0,0.0,0.0,26520.0,751559.0,49520.0,0.0,0.0,0.0,0.0,2080.0,5040.0
2026-05-01T10:00:00+02:00,6000.0,2000.0,0.0,8039.0,1240.0,0.0,0.0,8039.0,8320.0,8520.0,7600.0,320.0,0.0,0.0,0.0,0.0,3680.0,160.0,400.0,0.0,120.0,880.0,0.0,0.0,200.0,120.0,40.0,200.0,200.0,0.0,0.0,0.0,0.0,3680.0,13640.0,12440.0,0.0,338719.0,3040.0,0.0,0.0,143239.0,182889.0,1193569.0,40960.0,520.0,0.0,0.0,0.0,0.0,3680.0
2026-05-01T11:00:00+02:00,800.0,7400.0,0.0,8360.0,760.0,0.0,0.0,7440.0,8640.0,8480.0,6480.0,7400.0,0.0,0.0,0.0,0.0,3400.0,640.0,240.0,0.0,200.0,320.0,0.0,0.0,520.0,120.0,40.0,80.0,320.0,0.0,0.0,0.0,0.0,400.0,1440.0,10360.0,0.0,121040.0,2480.0,0.0,0.0,48600.0,327550.0,1221738.0,117440.0,52440.0,0.0,0.0,0.0,0.0,10640.0
2026-05-01T12:00:00+02:00,1800.0,6720.0,0.0,8280.0,200.0,0.0,0.0,8039.0,8480.0,8720.0,7960.0,280.0,0.0,0.0,0.0,0.0,0.0,240.0,6720.0,0.0,80.0,40.0,0.0,0.0,120.0,120.0,40.0,160.0,160.0,0.0,0.0,0.0,0.0,0.0,3200.0,6720.0,0.0,76480.0,320.0,0.0,0.0,38239.0,428298.0,619478.0,147180.0,440.0,0.0,0.0,0.0,0.0,0.0
2026-05-01T13:00:00+02:00,3520.0,6200.0,0.0,6000.0,0.0,0.0,0.0,440.0,8520.0,8039.0,6560.0,7200.0,0.0,0.0,0.0,0.0,8080.0,160.0,760.0,0.0,640.0,0.0,0.0,0.0,440.0,200.0,40.0,160.0,200.0,0.0,0.0,0.0,0.0,160.0,9080.0,19120.0,0.0,22240.0,0.0,0.0,0.0,440.0,149260.0,392609.0,42920.0,55960.0,0.0,0.0,0.0,0.0,31880.0
2026-05-01T14:00:00+02:00,8360.0,4640.0,0.0,680.0,0.0,0.0,0.0,0.0,8480.0,8680.0,7240.0,8000.0,0.0,0.0,0.0,0.0,4600.0,160.0,320.0,0.0,680.0,0.0,0.0,0.0,0.0,120.0,40.0,160.0,120.0,0.0,0.0,0.0,0.0,4600.0,53720.0,73600.0,0.0,680.0,0.0,0.0,0.0,0.0,245680.0,1721644.0,63840.0,81440.0,0.0,0.0,0.0,0.0,4600.0
2026-05-01T15:00:00+02:00,8360.0,6640.0,0.0,2540.0,0.0,0.0,0.0,0.0,8440.0,8720.0,8440.0,6000.0,0.0,0.0,0.0,0.0,5680.0,160.0,120.0,0.0,160.0,0.0,0.0,0.0,0.0,120.0,40.0,160.0,320.0,0.0,0.0,0.0,0.0,600.0,99360.0,71240.0,0.0,8940.0,0.0,0.0,0.0,0.0,98280.0,1588307.0,236060.0,10600.0,0.0,0.0,0.0,0.0,14600.0
2026-05-01T16:00:00+02:00,7400.0,7840.0,0.0,2080.0,0.0,0.0,0.0,5800.0,7960.0,8680.0,8320.0,480.0,3440.0,0.0,0.0,0.0,0.0,160.0,200.0,0.0,240.0,0.0,0.0,0.0,680.0,40.0,40.0,160.0,480.0,240.0,0.0,0.0,0.0,0.0,21120.0,191840.0,0.0,5240.0,0.0,0.0,0.0,6480.0,306100.0,1598300.0,164120.0,480.0,10400.0,0.0,0.0,0.0,0.0
2026-05-01T17:00:00+02:00,7480.0,4000.0,0.0,920.0,0.0,0.0,0.0,0.0,8480.0,8720.0,8680.0,0.0,0.0,0.0,0.0,0.0,8000.0,160.0,160.0,0.0,640.0,0.0,0.0,0.0,0.0,40.0,40.0,160.0,0.0,0.0,0.0,0.0,0.0,2920.0,28840.0,24280.0,0.0,1560.0,0.0,0.0,0.0,0.0,268190.0,1041220.0,56520.0,0.0,0.0,0.0,0.0,0.0,10920.0
2026-05-01T18:00:00+02:00,6240.0,6360.0,0.0,760.0,160.0,0.0,0.0,160.0,8039.0,8720.0,7920.0,1360.0,1280.0,0.0,0.0,0.0,1360.0,120.0,240.0,0.0,280.0,160.0,0.0,0.0,160.0,80.0,80.0,160.0,1240.0,360.0,0.0,0.0,0.0,840.0,40480.0,40200.0,0.0,1040.0,160.0,0.0,0.0,160.0,169139.0,493339.0,27280.0,2600.0,1640.0,0.0,0.0,0.0,3360.0
2026-05-01T19:00:00+02:00,6400.0,5240.0,0.0,0.0,5840.0,0.0,0.0,0.0,8080.0,8720.0,7720.0,4280.0,0.0,0.0,0.0,0.0,0.0,160.0,200.0,0.0,0.0,280.0,0.0,0.0,0.0,80.0,80.0,240.0,200.0,0.0,0.0,0.0,0.0,0.0,107400.0,81080.0,0.0,0.0,8120.0,0.0,0.0,0.0,239600.0,786260.0,22360.0,29240.0,0.0,0.0,0.0,0.0,0.0
2026-05-01T20:00:00+02:00,5240.0,8360.0,0.0,7240.0,4680.0,0.0,0.0,440.0,8640.0,8720.0,4440.0,6400.0,0.0,0.0,0.0,0.0,2000.0,160.0,200.0,0.0,240.0,160.0,0.0,0.0,440.0,120.0,40.0,160.0,6400.0,0.0,0.0,0.0,0.0,160.0,73880.0,169038.0,0.0,12680.0,7440.0,0.0,0.0,440.0,283240.0,1371029.0,11560.0,6400.0,0.0,0.0,0.0,0.0,2160.0
2026-05-01T21:00:00+02:00,5240.0,7200.0,0.0,1760.0,0.0,0.0,0.0,0.0,7680.0,8680.0,320.0,0.0,0.0,0.0,0.0,0.0,2280.0,160.0,160.0,0.0,160.0,0.0,0.0,0.0,0.0,40.0,40.0,320.0,0.0,0.0,0.0,0.0,0.0,1080.0,23280.0,29360.0,0.0,4280.0,0.0,0.0,0.0,0.0,87960.0,595400.0,320.0,0.0,0.0,0.0,0.0,0.0,3360.0
2026-05-01T22:00:00+02:00,6040.0,4120.0,0.0,0.0,0.0,0.0,0.0,0.0,4560.0,8640.0,680.0,0.0,0.0,0.0,0.0,0.0,2280.0,120.0,4120.0,0.0,0.0,0.0,0.0,0.0,0.0,1640.0,40.0,680.0,0.0,0.0,0.0,0.0,0.0,320.0,30640.0,4120.0,0.0,0.0,0.0,0.0,0.0,0.0,9960.0,145420.0,680.0,0.0,0.0,0.0,0.0,0.0,4480.0
2026-05-01T23:00:00+02:00,7120.0,2920.0,0.0,0.0,0.0,0.0,0.0,0.0,6040.0,7360.0,400.0,0.0,0.0,0.0,0.0,0.0,5840.0,120.0,1200.0,0.0,0.0,0.0,0.0,0.0,0.0,280.0,120.0,120.0,0.0,0.0,0.0,0.0,0.0,1560.0,35720.0,4120.0,0.0,0.0,0.0,0.0,0.0,0.0,12960.0,132600.0,800.0,0.0,0.0,0.0,0.0,0.0,19440.0
2026-05-02T00:00:00+02:00,7360.0,6400.0,0.0,0.0,0.0,0.0,0.0,0.0,0.0,8640.0,2320.0,0.0,0.0,0.0,0.0,0.0,0.0,200.0,400.0,0.0,0.0,0.0,0.0,0.0,0.0,0.0,40.0,160.0,0.0,0.0,0.0,0.0,0.0,0.0,35760.0,7240.0,0.0,0.0,0.0,0.0,0.0,0.0,0.0,297439.0,4640.0,0.0,0.0,0.0,0.0,0.0,0.0
2026-05-02T01:00:00+02:00,8600.0,6000.0,0.0,0.0,0.0,0.0,0.0,0.0,1120.0,8680.0,2520.0,320.0,0.0,0.0,0.0,0.0,4280.0,80.0,200.0,0.0,0.0,0.0,0.0,0.0,0.0,320.0,80.0,160.0,240.0,0.0,0.0,0.0,0.0,120.0,58040.0,20600.0,0.0,0.0,0.0,0.0,0.0,0.0,1440.0,387829.0,2680.0,840.0,0.0,0.0,0.0,0.0,50440.0
2026-05-02T02:00:00+02:00,7840.0,5440.0,0.0,880.0,1000.0,0.0,0.0,0.0,0.0,8720.0,6840.0,0.0,0.0,0.0,0.0,0.0,2800.0,160.0,2000.0,0.0,160.0,160.0,0.0,0.0,0.0,0.0,160.0,160.0,0.0,0.0,0.0,0.0,0.0,280.0,95840.0,7440.0,0.0,1440.0,1840.0,0.0,0.0,0.0,0.0,306340.0,26840.0,0.0,0.0,0.0,0.0,0.0,10040.0
2026-05-02T03:00:00+02:00,2320.0,4680.0,0.0,1880.0,3400.0,0.0,0.0,0.0,5600.0,8520.0,7880.0,2000.0,0.0,0.0,0.0,0.0,2440.0,120.0,120.0,0.0,80.0,320.0,0.0,0.0,0.0,1720.0,80.0,120.0,240.0,0.0,0.0,0.0,0.0,200.0,16280.0,10560.0,0.0,3400.0,21840.0,0.0,0.0,0.0,9280.0,285920.0,37560.0,3600.0,0.0,0.0,0.0,0.0,2640.0
2026-05-02T04:00:00+02:00,7800.0,200.0,1520.0,8000.0,4000.0,0.0,0.0,0.0,8000.0,6840.0,2880.0,6200.0,0.0,0.0,0.0,0.0,8280.0,80.0,200.0,1520.0,200.0,200.0,0.0,0.0,0.0,280.0,120.0,400.0,6200.0,0.0,0.0,0.0,0.0,200.0,41280.0,200.0,1520.0,28120.0,15080.0,0.0,0.0,0.0,48280.0,138860.0,6280.0,6200.0,0.0,0.0,0.0,0.0,130000.0
2026-05-02T05:00:00+02:00,7520.0,0.0,0.0,7240.0,0.0,0.0,0.0,0.0,8039.0,8440.0,200.0,0.0,0.0,0.0,0.0,0.0,0.0,400.0,0.0,0.0,1440.0,0.0,0.0,0.0,0.0,120.0,80.0,200.0,0.0,0.0,0.0,0.0,0.0,0.0,20720.0,0.0,0.0,74060.0,0.0,0.0,0.0,0.0,187679.0,103360.0,200.0,0.0,0.0,0.0,0.0,0.0,0.0
2026-05-02T06:00:00+02:00,4000.0,0.0,0.0,0.0,1800.0,0.0,0.0,0.0,1040.0,0.0,0.0,0.0,0.0,0.0,0.0,0.0,0.0,160.0,0.0,0.0,0.0,640.0,0.0,0.0,0.0,1040.0,0.0,0.0,0.0,0.0,0.0,0.0,0.0,0.0,36800.0,0.0,0.0,0.0,5280.0,0.0,0.0,0.0,1040.0,0.0,0.0,0.0,0.0,0.0,0.0,0.0,0.0
2026-05-02T07:00:00+02:00,6080.0,8520.0,0.0,0.0,0.0,0.0,0.0,0.0,280.0,7680.0,0.0,0.0,0.0,0.0,0.0,0.0,0.0,160.0,360.0,0.0,0.0,0.0,0.0,0.0,0.0,280.0,200.0,0.0,0.0,0.0,0.0,0.0,0.0,0.0,42960.0,19040.0,0.0,0.0,0.0,0.0,0.0,0.0,280.0,52000.0,0.0,0.0,0.0,0.0,0.0,0.0,0.0
2026-05-02T08:00:00+02:00,3560.0,5960.0,0.0,7960.0,0.0,0.0,0.0,4000.0,6000.0,7160.0,0.0,0.0,0.0,0.0,0.0,0.0,0.0,120.0,720.0,0.0,120.0,0.0,0.0,0.0,360.0,320.0,120.0,0.0,0.0,0.0,0.0,0.0,0.0,0.0,11000.0,35320.0,0.0,157920.0,0.0,0.0,0.0,29640.0,30240.0,62560.0,0.0,0.0,0.0,0.0,0.0,0.0,0.0
2026-05-02T09:00:00+02:00,8440.0,5480.0,0.0,1440.0,0.0,0.0,0.0,1000.0,0.0,8000.0,0.0,0.0,0.0,0.0,0.0,0.0,0.0,160.0,760.0,0.0,40.0,0.0,0.0,0.0,840.0,0.0,40.0,0.0,0.0,0.0,0.0,0.0,0.0,0.0,68040.0,14480.0,0.0,1960.0,0.0,0.0,0.0,1840.0,0.0,341240.0,0.0,0.0,0.0,0.0,0.0,0.0,0.0
2026-05-02T10:00:00+02:00,5280.0,6640.0,0.0,600.0,0.0,0.0,0.0,0.0,5360.0,8600.0,4520.0,560.0,0.0,0.0,0.0,0.0,2880.0,160.0,1400.0,0.0,600.0,0.0,0.0,0.0,0.0,320.0,40.0,40.0,200.0,0.0,0.0,0.0,0.0,2880.0,37720.0,14520.0,0.0,600.0,0.0,0.0,0.0,0.0,14920.0,1019338.0,35480.0,1720.0,0.0,0.0,0.0,0.0,2880.0
2026-05-02T11:00:00+02:00,2360.0,840.0,0.0,160.0,0.0,0.0,0.0,0.0,8600.0,8680.0,8039.0,2160.0,0.0,0.0,0.0,0.0,8039.0,160.0,840.0,0.0,160.0,0.0,0.0,0.0,0.0,160.0,40.0,200.0,160.0,0.0,0.0,0.0,0.0,520.0,9040.0,840.0,0.0,160.0,0.0,0.0,0.0,0.0,180319.0,551060.0,69639.0,3320.0,0.0,0.0,0.0,0.0,33679.0
2026-05-02T12:00:00+02:00,4160.0,8280.0,0.0,40.0,0.0,0.0,0.0,0.0,8640.0,8480.0,8200.0,840.0,0.0,0.0,0.0,0.0,2160.0,160.0,160.0,0.0,40.0,0.0,0.0,0.0,0.0,40.0,40.0,160.0,200.0,0.0,0.0,0.0,0.0,360.0,10400.0,46080.0,0.0,40.0,0.0,0.0,0.0,0.0,307370.0,1591849.0,132960.0,1560.0,0.0,0.0,0.0,0.0,4560.0
2026-05-02T13:00:00+02:00,3440.0,3960.0,0.0,2360.0,0.0,0.0,0.0,0.0,8680.0,8640.0,8480.0,7600.0,0.0,0.0,0.0,0.0,8240.0,360.0,120.0,0.0,400.0,0.0,0.0,0.0,0.0,40.0,40.0,40.0,360.0,0.0,0.0,0.0,0.0,360.0,28080.0,7760.0,0.0,4680.0,0.0,0.0,0.0,0.0,727269.0,1176469.0,181620.0,16920.0,0.0,0.0,0.0,0.0,16600.0
2026-05-02T14:00:00+02:00,8600.0,6200.0,0.0,0.0,0.0,0.0,0.0,0.0,8520.0,8680.0,8560.0,1760.0,0.0,0.0,0.0,0.0,0.0,200.0,160.0,0.0,0.0,0.0,0.0,0.0,0.0,120.0,40.0,80.0,640.0,0.0,0.0,0.0,0.0,0.0,60800.0,66560.0,0.0,0.0,0.0,0.0,0.0,0.0,303770.0,951399.0,209039.0,3400.0,0.0,0.0,0.0,0.0,0.0
2026-05-02T15:00:00+02:00,7880.0,6760.0,0.0,1760.0,840.0,0.0,0.0,0.0,7800.0,8600.0,8680.0,1720.0,0.0,0.0,0.0,0.0,0.0,160.0,160.0,0.0,160.0,160.0,0.0,0.0,0.0,40.0,40.0,80.0,200.0,0.0,0.0,0.0,0.0,0.0,94920.0,88240.0,0.0,3360.0,1000.0,0.0,0.0,0.0,85960.0,1204129.0,228830.0,1920.0,0.0,0.0,0.0,0.0,0.0
2026-05-02T16:00:00+02:00,7960.0,6000.0,0.0,1400.0,1440.0,0.0,0.0,3200.0,8039.0,8440.0,6960.0,840.0,0.0,0.0,0.0,0.0,0.0,240.0,160.0,0.0,1400.0,1440.0,0.0,0.0,200.0,80.0,40.0,360.0,840.0,0.0,0.0,0.0,0.0,0.0,117960.0,55400.0,0.0,1400.0,1440.0,0.0,0.0,7320.0,41319.0,511660.0,15680.0,840.0,0.0,0.0,0.0,0.0,0.0
2026-05-02T17:00:00+02:00,8039.0,8640.0,0.0,3850.0,7600.0,0.0,0.0,0.0,8560.0,8640.0,6480.0,5000.0,0.0,0.0,0.0,0.0,1080.0,120.0,400.0,0.0,3850.0,7600.0,0.0,0.0,0.0,160.0,40.0,200.0,240.0,0.0,0.0,0.0,0.0,600.0,187079.0,48240.0,0.0,3850.0,7600.0,0.0,0.0,0.0,277000.0,866560.0,31480.0,8800.0,0.0,0.0,0.0,0.0,1680.0
2026-05-02T18:00:00+02:00,6480.0,8000.0,0.0,1200.0,1960.0,0.0,0.0,0.0,8160.0,8640.0,5680.0,3680.0,0.0,0.0,0.0,0.0,7120.0,120.0,240.0,0.0,1200.0,1960.0,0.0,0.0,0.0,120.0,40.0,400.0,120.0,0.0,0.0,0.0,0.0,800.0,114480.0,22320.0,0.0,1200.0,1960.0,0.0,0.0,0.0,840318.0,1159369.0,37840.0,27320.0,0.0,0.0,0.0,0.0,37680.0
2026-05-02T19:00:00+02:00,8000.0,5320.0,0.0,3670.0,0.0,0.0,0.0,0.0,8680.0,8680.0,1680.0,840.0,0.0,0.0,0.0,0.0,0.0,160.0,240.0,0.0,200.0,0.0,0.0,0.0,0.0,160.0,40.0,200.0,600.0,0.0,0.0,0.0,0.0,0.0,91040.0,21680.0,0.0,5550.0,0.0,0.0,0.0,0.0,340040.0,789220.0,3280.0,1440.0,0.0,0.0,0.0,0.0,0.0
2026-05-02T20:00:00+02:00,5920.0,6440.0,0.0,920.0,0.0,0.0,0.0,8080.0,8440.0,8160.0,1840.0,0.0,0.0,0.0,0.0,0.0,0.0,160.0,4880.0,0.0,200.0,0.0,0.0,0.0,8080.0,160.0,40.0,1720.0,0.0,0.0,0.0,0.0,0.0,0.0,9200.0,11320.0,0.0,1120.0,0.0,0.0,0.0,8080.0,568358.0,812596.0,3560.0,0.0,0.0,0.0,0.0,0.0,0.0
2026-05-02T21:00:00+02:00,5600.0,5960.0,0.0,1880.0,0.0,0.0,0.0,0.0,8000.0,8480.0,1480.0,0.0,0.0,0.0,0.0,0.0,0.0,400.0,320.0,0.0,80.0,0.0,0.0,0.0,0.0,120.0,40.0,360.0,0.0,0.0,0.0,0.0,0.0,0.0,6000.0,31000.0,0.0,1960.0,0.0,0.0,0.0,0.0,164320.0,327480.0,2360.0,0.0,0.0,0.0,0.0,0.0,0.0
2026-05-02T22:00:00+02:00,8280.0,6240.0,0.0,0.0,0.0,0.0,0.0,0.0,0.0,8600.0,0.0,0.0,0.0,0.0,0.0,0.0,0.0,120.0,880.0,0.0,0.0,0.0,0.0,0.0,0.0,0.0,40.0,0.0,0.0,0.0,0.0,0.0,0.0,0.0,21000.0,15520.0,0.0,0.0,0.0,0.0,0.0,0.0,0.0,249759.0,0.0,0.0,0.0,0.0,0.0,0.0,0.0
2026-05-02T23:00:00+02:00,3240.0,3760.0,0.0,240.0,0.0,0.0,0.0,0.0,1400.0,8039.0,0.0,0.0,0.0,0.0,0.0,0.0,0.0,160.0,3760.0,0.0,240.0,0.0,0.0,0.0,0.0,160.0,80.0,0.0,0.0,0.0,0.0,0.0,0.0,0.0,22040.0,3760.0,0.0,240.0,0.0,0.0,0.0,0.0,1560.0,195199.0,0.0,0.0,0.0,0.0,0.0,0.0,0.0
2026-05-03T00:00:00+02:00,4960.0,6640.0,0.0,0.0,0.0,0.0,0.0,1840.0,6440.0,8160.0,8440.0,0.0,0.0,0.0,0.0,0.0,2200.0,160.0,160.0,0.0,0.0,0.0,0.0,0.0,1840.0,200.0,40.0,160.0,0.0,0.0,0.0,0.0,0.0,160.0,37280.0,14480.0,0.0,0.0,0.0,0.0,0.0,1840.0,24520.0,201049.0,28040.0,0.0,0.0,0.0,0.0,0.0,2360.0
2026-05-03T01:00:00+02:00,5800.0,7920.0,0.0,0.0,0.0,0.0,0.0,0.0,4760.0,8640.0,7880.0,240.0,0.0,0.0,0.0,0.0,0.0,120.0,1480.0,0.0,0.0,0.0,0.0,0.0,0.0,4760.0,40.0,240.0,240.0,0.0,0.0,0.0,0.0,0.0,34080.0,15280.0,0.0,0.0,0.0,0.0,0.0,0.0,4760.0,695448.0,8120.0,240.0,0.0,0.0,0.0,0.0,0.0
2026-05-03T02:00:00+02:00,6000.0,8000.0,0.0,0.0,0.0,0.0,0.0,0.0,1920.0,8320.0,8360.0,0.0,0.0,0.0,0.0,0.0,4040.0,120.0,520.0,0.0,0.0,0.0,0.0,0.0,0.0,240.0,120.0,200.0,0.0,0.0,0.0,0.0,0.0,120.0,18040.0,30400.0,0.0,0.0,0.0,0.0,0.0,0.0,2160.0,251000.0,75959.0,0.0,0.0,0.0,0.0,0.0,16680.0
2026-05-03T03:00:00+02:00,7440.0,6000.0,0.0,0.0,0.0,0.0,0.0,0.0,1960.0,8640.0,7840.0,0.0,0.0,0.0,0.0,0.0,4880.0,160.0,560.0,0.0,0.0,0.0,0.0,0.0,0.0,1960.0,120.0,160.0,0.0,0.0,0.0,0.0,0.0,2840.0,57560.0,19040.0,0.0,0.0,0.0,0.0,0.0,0.0,1960.0,155959.0,11800.0,0.0,0.0,0.0,0.0,0.0,7720.0
2026-05-03T04:00:00+02:00,7560.0,2000.0,0.0,800.0,960.0,0.0,0.0,0.0,0.0,8600.0,3240.0,0.0,0.0,0.0,0.0,0.0,0.0,320.0,2000.0,0.0,800.0,960.0,0.0,0.0,0.0,0.0,160.0,600.0,0.0,0.0,0.0,0.0,0.0,0.0,27880.0,4000.0,0.0,800.0,960.0,0.0,0.0,0.0,0.0,97880.0,6360.0,0.0,0.0,0.0,0.0,0.0,0.0
2026-05-03T05:00:00+02:00,6560.0,7920.0,0.0,2000.0,0.0,0.0,0.0,0.0,8119.0,8680.0,8000.0,200.0,0.0,0.0,0.0,0.0,0.0,160.0,1120.0,0.0,640.0,0.0,0.0,0.0,0.0,120.0,40.0,160.0,200.0,0.0,0.0,0.0,0.0,0.0,38680.0,45240.0,0.0,14920.0,0.0,0.0,0.0,0.0,412879.0,1127147.0,58320.0,200.0,0.0,0.0,0.0,0.0,0.0
2026-05-03T06:00:00+02:00,6960.0,0.0,0.0,2000.0,600.0,0.0,0.0,0.0,8600.0,8680.0,3400.0,0.0,0.0,0.0,0.0,0.0,0.0,160.0,0.0,0.0,240.0,600.0,0.0,0.0,0.0,120.0,120.0,1040.0,0.0,0.0,0.0,0.0,0.0,0.0,7320.0,0.0,0.0,5520.0,600.0,0.0,0.0,0.0,729105.0,87900.0,4440.0,0.0,0.0,0.0,0.0,0.0,0.0
2026-05-03T07:00:00+02:00,4400.0,0.0,0.0,2040.0,0.0,0.0,0.0,1080.0,8520.0,8600.0,0.0,200.0,0.0,0.0,0.0,0.0,0.0,200.0,0.0,0.0,680.0,0.0,0.0,0.0,1080.0,200.0,40.0,0.0,120.0,0.0,0.0,0.0,0.0,0.0,16320.0,0.0,0.0,6440.0,0.0,0.0,0.0,1080.0,547072.0,31160.0,0.0,320.0,0.0,0.0,0.0,0.0,0.0
2026-05-03T08:00:00+02:00,1040.0,4000.0,0.0,0.0,0.0,0.0,0.0,0.0,8520.0,8520.0,0.0,0.0,0.0,0.0,0.0,2920.0,0.0,160.0,640.0,0.0,0.0,0.0,0.0,0.0,0.0,160.0,40.0,0.0,0.0,0.0,0.0,0.0,2920.0,0.0,1800.0,39560.0,0.0,0.0,0.0,0.0,0.0,0.0,288320.0,77600.0,0.0,0.0,0.0,0.0,0.0,2920.0,0.0
2026-05-03T09:00:00+02:00,4120.0,4000.0,0.0,0.0,0.0,0.0,0.0,0.0,8000.0,8080.0,1840.0,0.0,0.0,0.0,0.0,0.0,0.0,160.0,440.0,0.0,0.0,0.0,0.0,0.0,0.0,240.0,120.0,1160.0,0.0,0.0,0.0,0.0,0.0,0.0,13080.0,35920.0,0.0,0.0,0.0,0.0,0.0,0.0,266240.0,75280.0,4800.0,0.0,0.0,0.0,0.0,0.0,0.0
2026-05-03T10:00:00+02:00,7520.0,4360.0,0.0,0.0,0.0,0.0,0.0,0.0,8039.0,8640.0,0.0,2040.0,0.0,0.0,0.0,0.0,480.0,160.0,1000.0,0.0,0.0,0.0,0.0,0.0,0.0,440.0,80.0,0.0,2040.0,0.0,0.0,0.0,0.0,480.0,14280.0,5360.0,0.0,0.0,0.0,0.0,0.0,0.0,247078.0,154239.0,0.0,2040.0,0.0,0.0,0.0,0.0,480.0
2026-05-03T11:00:00+02:00,8080.0,5360.0,0.0,4000.0,0.0,0.0,0.0,0.0,8000.0,8600.0,6760.0,160.0,0.0,0.0,0.0,0.0,0.0,120.0,2600.0,0.0,120.0,0.0,0.0,0.0,0.0,160.0,40.0,440.0,160.0,0.0,0.0,0.0,0.0,0.0,45120.0,7960.0,0.0,7480.0,0.0,0.0,0.0,0.0,349520.0,401849.0,15960.0,160.0,0.0,0.0,0.0,0.0,0.0
2026-05-03T12:00:00+02:00,5640.0,5320.0,0.0,2600.0,0.0,0.0,0.0,0.0,8039.0,8280.0,7120.0,4800.0,1640.0,0.0,0.0,0.0,0.0,120.0,1200.0,0.0,80.0,0.0,0.0,0.0,0.0,120.0,40.0,40.0,200.0,1640.0,0.0,0.0,0.0,0.0,14480.0,15200.0,0.0,2680.0,0.0,0.0,0.0,0.0,118439.0,154710.0,10920.0,6040.0,1640.0,0.0,0.0,0.0,0.0
2026-05-03T13:00:00+02:00,8160.0,5800.0,0.0,7680.0,0.0,0.0,0.0,0.0,8600.0,8240.0,5760.0,2880.0,0.0,0.0,0.0,0.0,5440.0,160.0,240.0,0.0,200.0,0.0,0.0,0.0,0.0,160.0,40.0,1200.0,2000.0,0.0,0.0,0.0,0.0,520.0,131520.0,24760.0,0.0,23360.0,0.0,0.0,0.0,0.0,141120.0,321149.0,21720.0,4880.0,0.0,0.0,0.0,0.0,7440.0
2026-05-03T14:00:00+02:00,6040.0,4520.0,0.0,600.0,1120.0,0.0,0.0,0.0,8240.0,8640.0,7960.0,3880.0,0.0,0.0,0.0,0.0,0.0,200.0,120.0,0.0,600.0,120.0,0.0,0.0,0.0,120.0,40.0,240.0,200.0,0.0,0.0,0.0,0.0,0.0,34120.0,24760.0,0.0,600.0,1600.0,0.0,0.0,0.0,171240.0,196160.0,28960.0,13400.0,0.0,0.0,0.0,0.0,0.0
2026-05-03T15:00:00+02:00,8160.0,5880.0,0.0,0.0,0.0,0.0,0.0,0.0,8000.0,8400.0,6640.0,0.0,0.0,0.0,0.0,0.0,4200.0,120.0,240.0,0.0,0.0,0.0,0.0,0.0,0.0,120.0,40.0,2000.0,0.0,0.0,0.0,0.0,0.0,4200.0,134360.0,13840.0,0.0,0.0,0.0,0.0,0.0,0.0,98760.0,403559.0,26240.0,0.0,0.0,0.0,0.0,0.0,4200.0
2026-05-03T16:00:00+02:00,8560.0,1480.0,0.0,1000.0,0.0,0.0,0.0,0.0,8000.0,8200.0,5040.0,0.0,0.0,0.0,0.0,0.0,3520.0,120.0,1480.0,0.0,960.0,0.0,0.0,0.0,0.0,160.0,40.0,560.0,0.0,0.0,0.0,0.0,0.0,320.0,175400.0,1480.0,0.0,1960.0,0.0,0.0,0.0,0.0,328760.0,544638.0,14720.0,0.0,0.0,0.0,0.0,0.0,8320.0
2026-05-03T17:00:00+02:00,6280.0,5760.0,0.0,5840.0,0.0,0.0,0.0,0.0,8000.0,8560.0,8240.0,0.0,0.0,0.0,0.0,3240.0,8440.0,160.0,1520.0,0.0,280.0,0.0,0.0,0.0,0.0,160.0,40.0,240.0,0.0,0.0,0.0,0.0,3240.0,160.0,83280.0,9480.0,0.0,7360.0,0.0,0.0,0.0,0.0,338080.0,457760.0,69839.0,0.0,0.0,0.0,0.0,3240.0,157720.0
2026-05-03T18:00:00+02:00,8320.0,4200.0,0.0,3920.0,3880.0,0.0,0.0,0.0,8000.0,8520.0,0.0,0.0,0.0,0.0,0.0,0.0,0.0,120.0,400.0,0.0,120.0,1000.0,0.0,0.0,0.0,160.0,40.0,0.0,0.0,0.0,0.0,0.0,0.0,0.0,25080.0,6200.0,0.0,15760.0,4880.0,0.0,0.0,0.0,274120.0,189399.0,0.0,0.0,0.0,0.0,0.0,0.0,0.0
2026-05-03T19:00:00+02:00,5000.0,4080.0,0.0,1240.0,2000.0,0.0,0.0,0.0,6040.0,8400.0,0.0,0.0,0.0,0.0,0.0,0.0,0.0,200.0,3040.0,0.0,1240.0,1200.0,0.0,0.0,0.0,120.0,40.0,0.0,0.0,0.0,0.0,0.0,0.0,0.0,22440.0,7120.0,0.0,1240.0,4880.0,0.0,0.0,0.0,55000.0,109860.0,0.0,0.0,0.0,0.0,0.0,0.0,0.0
2026-05-03T20:00:00+02:00,5040.0,3080.0,0.0,3320.0,2040.0,0.0,0.0,0.0,8440.0,8240.0,0.0,0.0,0.0,0.0,0.0,0.0,0.0,160.0,3080.0,0.0,560.0,440.0,0.0,0.0,0.0,40.0,40.0,0.0,0.0,0.0,0.0,0.0,0.0,0.0,61880.0,3080.0,0.0,8560.0,4400.0,0.0,0.0,0.0,295879.0,98240.0,0.0,0.0,0.0,0.0,0.0,0.0,0.0
2026-05-03T21:00:00+02:00,7680.0,0.0,0.0,8080.0,2000.0,0.0,0.0,0.0,8600.0,7960.0,0.0,0.0,0.0,0.0,0.0,0.0,0.0,160.0,0.0,0.0,120.0,120.0,0.0,0.0,0.0,160.0,80.0,0.0,0.0,0.0,0.0,0.0,0.0,0.0,60680.0,0.0,0.0,64360.0,11320.0,0.0,0.0,0.0,731040.0,49920.0,0.0,0.0,0.0,0.0,0.0,0.0,0.0
2026-05-03T22:00:00+02:00,6280.0,0.0,0.0,0.0,0.0,0.0,0.0,200.0,0.0,6920.0,0.0,0.0,0.0,0.0,0.0,0.0,0.0,160.0,0.0,0.0,0.0,0.0,0.0,0.0,200.0,0.0,80.0,0.0,0.0,0.0,0.0,0.0,0.0,0.0,167280.0,0.0,0.0,0.0,0.0,0.0,0.0,200.0,0.0,29520.0,0.0,0.0,0.0,0.0,0.0,0.0,0.0
2026-05-03T23:00:00+02:00,2360.0,0.0,0.0,0.0,0.0,0.0,0.0,0.0,0.0,1920.0,0.0,0.0,0.0,0.0,0.0,0.0,0.0,120.0,0.0,0.0,0.0,0.0,0.0,0.0,0.0,0.0,840.0,0.0,0.0,0.0,0.0,0.0,0.0,0.0,31120.0,0.0,0.0,0.0,0.0,0.0,0.0,0.0,0.0,6440.0,0.0,0.0,0.0,0.0,0.0,0.0,0.0
2026-05-04T00:00:00+02:00,4000.0,0.0,0.0,840.0,0.0,0.0,0.0,280.0,0.0,1720.0,0.0,0.0,0.0,0.0,0.0,0.0,0.0,200.0,0.0,0.0,840.0,0.0,0.0,0.0,280.0,0.0,200.0,0.0,0.0,0.0,0.0,0.0,0.0,0.0,93920.0,0.0,0.0,840.0,0.0,0.0,0.0,280.0,0.0,16200.0,0.0,0.0,0.0,0.0,0.0,0.0,0.0
2026-05-04T01:00:00+02:00,4680.0,0.0,0.0,0.0,0.0,0.0,0.0,0.0,0.0,3760.0,0.0,0.0,0.0,0.0,0.0,0.0,0.0,320.0,0.0,0.0,0.0,0.0,0.0,0.0,0.0,0.0,40.0,0.0,0.0,0.0,0.0,0.0,0.0,0.0,88360.0,0.0,0.0,0.0,0.0,0.0,0.0,0.0,0.0,27040.0,0.0,0.0,0.0,0.0,0.0,0.0,0.0
2026-05-04T02:00:00+02:00,5960.0,0.0,0.0,1640.0,0.0,0.0,0.0,0.0,0.0,2000.0,0.0,0.0,0.0,0.0,0.0,0.0,0.0,160.0,0.0,0.0,480.0,0.0,0.0,0.0,0.0,0.0,200.0,0.0,0.0,0.0,0.0,0.0,0.0,0.0,179240.0,0.0,0.0,6120.0,0.0,0.0,0.0,0.0,0.0,25760.0,0.0,0.0,0.0,0.0,0.0,0.0,0.0
2026-05-04T03:00:00+02:00,4000.0,0.0,0.0,1960.0,0.0,0.0,0.0,0.0,0.0,2440.0,0.0,0.0,0.0,0.0,0.0,0.0,0.0,160.0,0.0,0.0,160.0,0.0,0.0,0.0,0.0,0.0,160.0,0.0,0.0,0.0,0.0,0.0,0.0,0.0,181680.0,0.0,0.0,8960.0,0.0,0.0,0.0,0.0,0.0,31840.0,0.0,0.0,0.0,0.0,0.0,0.0,0.0
2026-05-04T04:00:00+02:00,7520.0,0.0,0.0,1880.0,0.0,0.0,0.0,0.0,0.0,2000.0,0.0,0.0,0.0,0.0,0.0,0.0,0.0,120.0,0.0,0.0,240.0,0.0,0.0,0.0,0.0,0.0,160.0,0.0,0.0,0.0,0.0,0.0,0.0,0.0,133960.0,0.0,0.0,10960.0,0.0,0.0,0.0,0.0,0.0,5960.0,0.0,0.0,0.0,0.0,0.0,0.0,0.0
2026-05-04T05:00:00+02:00,2040.0,0.0,0.0,2000.0,0.0,0.0,0.0,0.0,8039.0,920.0,1760.0,0.0,0.0,0.0,0.0,0.0,0.0,160.0,0.0,0.0,2000.0,0.0,0.0,0.0,0.0,120.0,80.0,1760.0,0.0,0.0,0.0,0.0,0.0,0.0,22800.0,0.0,0.0,2000.0,0.0,0.0,0.0,0.0,240198.0,1000.0,1760.0,0.0,0.0,0.0,0.0,0.0,0.0
2026-05-04T06:00:00+02:00,7680.0,0.0,0.0,0.0,3920.0,0.0,0.0,0.0,8000.0,4760.0,0.0,2600.0,0.0,0.0,0.0,0.0,0.0,120.0,0.0,0.0,0.0,440.0,0.0,0.0,0.0,160.0,40.0,0.0,2600.0,0.0,0.0,0.0,0.0,0.0,124000.0,0.0,0.0,0.0,12560.0,0.0,0.0,0.0,199160.0,11040.0,0.0,2600.0,0.0,0.0,0.0,0.0,0.0
2026-05-04T07:00:00+02:00,8560.0,6000.0,0.0,2400.0,0.0,0.0,0.0,480.0,4600.0,8600.0,0.0,0.0,0.0,0.0,0.0,0.0,0.0,280.0,240.0,0.0,800.0,0.0,0.0,0.0,480.0,160.0,80.0,0.0,0.0,0.0,0.0,0.0,0.0,0.0,59480.0,78200.0,0.0,5200.0,0.0,0.0,0.0,480.0,41400.0,90720.0,0.0,0.0,0.0,0.0,0.0,0.0,0.0
2026-05-04T08:00:00+02:00,1840.0,8039.0,0.0,2000.0,0.0,0.0,0.0,3680.0,7920.0,7720.0,0.0,1400.0,0.0,0.0,0.0,0.0,0.0,160.0,160.0,0.0,480.0,0.0,0.0,0.0,3680.0,240.0,80.0,0.0,1400.0,0.0,0.0,0.0,0.0,0.0,5080.0,157459.0,0.0,10440.0,0.0,0.0,0.0,3680.0,118400.0,59080.0,0.0,1400.0,0.0,0.0,0.0,0.0,0.0
2026-05-04T09:00:00+02:00,6000.0,7520.0,0.0,0.0,0.0,0.0,0.0,0.0,0.0,8640.0,7040.0,2120.0,0.0,0.0,0.0,720.0,0.0,120.0,840.0,0.0,0.0,0.0,0.0,0.0,0.0,0.0,40.0,160.0,1480.0,0.0,0.0,0.0,720.0,0.0,69520.0,8360.0,0.0,0.0,0.0,0.0,0.0,0.0,0.0,661619.0,23040.0,5560.0,0.0,0.0,0.0,720.0,0.0
2026-05-04T10:00:00+02:00,5880.0,1040.0,0.0,2720.0,0.0,0.0,0.0,880.0,8039.0,8600.0,6600.0,0.0,0.0,0.0,0.0,840.0,1760.0,120.0,1040.0,0.0,40.0,0.0,0.0,0.0,880.0,200.0,40.0,200.0,0.0,0.0,0.0,0.0,280.0,360.0,38960.0,1040.0,0.0,5960.0,0.0,0.0,0.0,880.0,272399.0,429778.0,11520.0,0.0,0.0,0.0,0.0,1120.0,3600.0
2026-05-04T11:00:00+02:00,6600.0,2600.0,0.0,3980.0,0.0,0.0,0.0,0.0,8000.0,8360.0,7960.0,6120.0,0.0,0.0,0.0,1880.0,0.0,160.0,40.0,0.0,280.0,0.0,0.0,0.0,0.0,120.0,160.0,160.0,560.0,0.0,0.0,0.0,1880.0,0.0,102760.0,5880.0,0.0,13580.0,0.0,0.0,0.0,0.0,259480.0,505358.0,29040.0,7800.0,0.0,0.0,0.0,1880.0,0.0
2026-05-04T12:00:00+02:00,4560.0,1640.0,0.0,2000.0,0.0,0.0,0.0,0.0,8480.0,8320.0,4880.0,2040.0,0.0,0.0,0.0,0.0,0.0,240.0,720.0,0.0,40.0,0.0,0.0,0.0,0.0,240.0,40.0,1120.0,1080.0,0.0,0.0,0.0,0.0,0.0,17480.0,4560.0,0.0,5680.0,0.0,0.0,0.0,0.0,211520.0,223200.0,6000.0,4640.0,0.0,0.0,0.0,0.0,0.0
2026-05-04T13:00:00+02:00,6440.0,3120.0,0.0,3760.0,0.0,0.0,0.0,0.0,8520.0,8240.0,5880.0,5320.0,0.0,0.0,0.0,0.0,0.0,240.0,3120.0,0.0,240.0,0.0,0.0,0.0,0.0,40.0,80.0,160.0,120.0,0.0,0.0,0.0,0.0,0.0,30680.0,3120.0,0.0,21460.0,0.0,0.0,0.0,0.0,444397.0,932967.0,43960.0,14920.0,0.0,0.0,0.0,0.0,0.0
2026-05-04T14:00:00+02:00,6040.0,7960.0,0.0,4960.0,0.0,0.0,0.0,0.0,8520.0,8600.0,7920.0,4000.0,0.0,0.0,0.0,860.0,1720.0,160.0,280.0,0.0,40.0,0.0,0.0,0.0,0.0,160.0,80.0,120.0,320.0,0.0,0.0,0.0,860.0,1720.0,81640.0,38720.0,0.0,14360.0,0.0,0.0,0.0,0.0,376680.0,924490.0,128400.0,25160.0,0.0,0.0,0.0,860.0,1720.0
2026-05-04T15:00:00+02:00,3640.0,6360.0,0.0,2800.0,2240.0,0.0,0.0,3920.0,7360.0,8640.0,8000.0,0.0,0.0,0.0,0.0,0.0,0.0,200.0,280.0,0.0,400.0,2240.0,0.0,0.0,160.0,120.0,80.0,200.0,0.0,0.0,0.0,0.0,0.0,0.0,16840.0,39080.0,0.0,4680.0,2240.0,0.0,0.0,13920.0,22520.0,706319.0,105050.0,0.0,0.0,0.0,0.0,0.0,0.0
2026-05-04T16:00:00+02:00,2120.0,6760.0,0.0,920.0,200.0,0.0,0.0,0.0,0.0,8360.0,3760.0,3320.0,0.0,0.0,0.0,0.0,0.0,200.0,160.0,0.0,200.0,200.0,0.0,0.0,0.0,0.0,40.0,160.0,840.0,0.0,0.0,0.0,0.0,0.0,8080.0,37400.0,0.0,1120.0,200.0,0.0,0.0,0.0,0.0,289680.0,15600.0,7280.0,0.0,0.0,0.0,0.0,0.0
2026-05-04T17:00:00+02:00,7880.0,720.0,0.0,2000.0,0.0,0.0,0.0,0.0,8000.0,8520.0,5920.0,0.0,0.0,0.0,0.0,2320.0,0.0,160.0,720.0,0.0,240.0,0.0,0.0,0.0,0.0,480.0,120.0,200.0,0.0,0.0,0.0,0.0,2320.0,0.0,28480.0,720.0,0.0,10600.0,0.0,0.0,0.0,0.0,44720.0,216240.0,34000.0,0.0,0.0,0.0,0.0,2320.0,0.0
2026-05-04T18:00:00+02:00,8080.0,8640.0,0.0,6140.0,0.0,0.0,0.0,0.0,720.0,8640.0,4560.0,6000.0,0.0,0.0,0.0,0.0,0.0,160.0,920.0,0.0,80.0,0.0,0.0,0.0,0.0,720.0,40.0,160.0,160.0,0.0,0.0,0.0,0.0,0.0,51520.0,42720.0,0.0,12140.0,0.0,0.0,0.0,0.0,720.0,238990.0,16120.0,21760.0,0.0,0.0,0.0,0.0,0.0
2026-05-04T19:00:00+02:00,4920.0,5320.0,0.0,1760.0,0.0,0.0,0.0,0.0,320.0,8600.0,0.0,6000.0,0.0,0.0,0.0,0.0,0.0,120.0,1000.0,0.0,160.0,0.0,0.0,0.0,0.0,240.0,40.0,0.0,200.0,0.0,0.0,0.0,0.0,0.0,18480.0,16800.0,0.0,8240.0,0.0,0.0,0.0,0.0,560.0,434459.0,0.0,92280.0,0.0,0.0,0.0,0.0,0.0
2026-05-04T20:00:00+02:00,4240.0,6080.0,0.0,3600.0,0.0,0.0,0.0,0.0,680.0,8160.0,0.0,1600.0,0.0,0.0,0.0,0.0,0.0,160.0,1400.0,0.0,160.0,0.0,0.0,0.0,0.0,600.0,80.0,0.0,280.0,0.0,0.0,0.0,0.0,0.0,16440.0,27320.0,0.0,10800.0,0.0,0.0,0.0,0.0,1920.0,137919.0,0.0,5040.0,0.0,0.0,0.0,0.0,0.0
2026-05-04T21:00:00+02:00,3360.0,4280.0,0.0,3440.0,0.0,0.0,0.0,0.0,0.0,8240.0,0.0,5000.0,0.0,0.0,0.0,1960.0,160.0,120.0,640.0,0.0,200.0,0.0,0.0,0.0,0.0,0.0,40.0,0.0,2080.0,0.0,0.0,0.0,1960.0,160.0,35320.0,7840.0,0.0,33920.0,0.0,0.0,0.0,0.0,0.0,98360.0,0.0,7080.0,0.0,0.0,0.0,1960.0,160.0
2026-05-04T22:00:00+02:00,4000.0,7800.0,0.0,0.0,0.0,0.0,0.0,0.0,4000.0,8640.0,4440.0,520.0,0.0,0.0,0.0,0.0,8000.0,200.0,600.0,0.0,0.0,0.0,0.0,0.0,0.0,280.0,160.0,1720.0,520.0,0.0,0.0,0.0,0.0,2240.0,78720.0,35080.0,0.0,0.0,0.0,0.0,0.0,0.0,4280.0,159240.0,8000.0,520.0,0.0,0.0,0.0,0.0,26560.0
2026-05-04T23:00:00+02:00,6080.0,6520.0,0.0,240.0,0.0,0.0,0.0,0.0,8119.0,7080.0,7040.0,6840.0,0.0,0.0,0.0,0.0,0.0,200.0,560.0,0.0,240.0,0.0,0.0,0.0,0.0,160.0,160.0,160.0,240.0,0.0,0.0,0.0,0.0,0.0,48360.0,16640.0,0.0,240.0,0.0,0.0,0.0,0.0,20119.0,67560.0,52640.0,13040.0,0.0,0.0,0.0,0.0,0.0
2026-05-05T00:00:00+02:00,8000.0,0.0,0.0,0.0,0.0,0.0,0.0,0.0,0.0,0.0,0.0,0.0,0.0,0.0,0.0,0.0,0.0,120.0,0.0,0.0,0.0,0.0,0.0,0.0,0.0,0.0,0.0,0.0,0.0,0.0,0.0,0.0,0.0,0.0,370320.0,0.0,0.0,0.0,0.0,0.0,0.0,0.0,0.0,0.0,0.0,0.0,0.0,0.0,0.0,0.0,0.0
2026-05-05T01:00:00+02:00,8200.0,0.0,0.0,0.0,0.0,0.0,0.0,0.0,0.0,0.0,0.0,0.0,0.0,0.0,0.0,0.0,0.0,120.0,0.0,0.0,0.0,0.0,0.0,0.0,0.0,0.0,0.0,0.0,0.0,0.0,0.0,0.0,0.0,0.0,586800.0,0.0,0.0,0.0,0.0,0.0,0.0,0.0,0.0,0.0,0.0,0.0,0.0,0.0,0.0,0.0,0.0
2026-05-05T02:00:00+02:00,8119.0,400.0,0.0,0.0,0.0,0.0,0.0,0.0,0.0,4960.0,0.0,0.0,0.0,0.0,0.0,0.0,0.0,120.0,400.0,0.0,0.0,0.0,0.0,0.0,0.0,0.0,640.0,0.0,0.0,0.0,0.0,0.0,0.0,0.0,894319.0,400.0,0.0,0.0,0.0,0.0,0.0,0.0,0.0,17840.0,0.0,0.0,0.0,0.0,0.0,0.0,0.0
2026-05-05T03:00:00+02:00,8600.0,0.0,0.0,0.0,360.0,0.0,0.0,0.0,560.0,2000.0,0.0,0.0,0.0,0.0,0.0,0.0,0.0,160.0,0.0,0.0,0.0,360.0,0.0,0.0,0.0,40.0,160.0,0.0,0.0,0.0,0.0,0.0,0.0,0.0,857158.0,0.0,0.0,0.0,360.0,0.0,0.0,0.0,600.0,4240.0,0.0,0.0,0.0,0.0,0.0,0.0,0.0
2026-05-05T04:00:00+02:00,8000.0,0.0,0.0,1440.0,0.0,0.0,0.0,0.0,0.0,920.0,0.0,0.0,0.0,0.0,0.0,0.0,0.0,160.0,0.0,0.0,1240.0,0.0,0.0,0.0,0.0,0.0,640.0,0.0,0.0,0.0,0.0,0.0,0.0,0.0,158760.0,0.0,0.0,2680.0,0.0,0.0,0.0,0.0,0.0,1560.0,0.0,0.0,0.0,0.0,0.0,0.0,0.0
2026-05-05T05:00:00+02:00,960.0,2000.0,0.0,0.0,0.0,0.0,0.0,0.0,0.0,80.0,0.0,0.0,0.0,0.0,0.0,0.0,0.0,960.0,2000.0,0.0,0.0,0.0,0.0,0.0,0.0,0.0,80.0,0.0,0.0,0.0,0.0,0.0,0.0,0.0,960.0,2000.0,0.0,0.0,0.0,0.0,0.0,0.0,0.0,80.0,0.0,0.0,0.0,0.0,0.0,0.0,0.0
2026-05-05T06:00:00+02:00,7960.0,720.0,0.0,1280.0,1960.0,0.0,0.0,0.0,0.0,6200.0,0.0,0.0,0.0,0.0,0.0,0.0,0.0,200.0,720.0,0.0,600.0,920.0,0.0,0.0,0.0,0.0,160.0,0.0,0.0,0.0,0.0,0.0,0.0,0.0,21720.0,720.0,0.0,3880.0,3800.0,0.0,0.0,0.0,0.0,14240.0,0.0,0.0,0.0,0.0,0.0,0.0,0.0
2026-05-05T07:00:00+02:00,2000.0,6600.0,0.0,7000.0,0.0,0.0,0.0,0.0,8000.0,8260.0,800.0,840.0,0.0,0.0,0.0,5840.0,400.0,200.0,1200.0,0.0,160.0,0.0,0.0,0.0,0.0,200.0,40.0,800.0,840.0,0.0,0.0,0.0,5840.0,400.0,21760.0,14040.0,0.0,34280.0,0.0,0.0,0.0,0.0,36960.0,215539.0,800.0,840.0,0.0,0.0,0.0,5840.0,400.0
2026-05-05T08:00:00+02:00,6000.0,5880.0,0.0,6000.0,0.0,0.0,0.0,200.0,8000.0,8520.0,4360.0,2000.0,0.0,0.0,0.0,7360.0,0.0,160.0,640.0,0.0,80.0,0.0,0.0,0.0,200.0,280.0,120.0,4360.0,120.0,0.0,0.0,0.0,160.0,0.0,32640.0,15840.0,0.0,42480.0,0.0,0.0,0.0,200.0,36800.0,137960.0,4360.0,4560.0,0.0,0.0,0.0,7720.0,0.0
2026-05-05T09:00:00+02:00,8400.0,7160.0,0.0,6000.0,0.0,0.0,0.0,0.0,6040.0,8080.0,5480.0,520.0,0.0,0.0,0.0,1920.0,3000.0,160.0,560.0,0.0,200.0,0.0,0.0,0.0,0.0,160.0,40.0,200.0,280.0,0.0,0.0,0.0,1360.0,1960.0,171320.0,30640.0,0.0,56840.0,0.0,0.0,0.0,0.0,23720.0,205520.0,21760.0,1200.0,0.0,0.0,0.0,3280.0,4960.0
2026-05-05T10:00:00+02:00,6760.0,7680.0,0.0,5920.0,4160.0,0.0,0.0,6720.0,8000.0,8600.0,7040.0,0.0,0.0,0.0,0.0,280.0,1080.0,160.0,680.0,0.0,200.0,440.0,0.0,0.0,6720.0,120.0,80.0,240.0,0.0,0.0,0.0,0.0,280.0,1080.0,59280.0,29400.0,0.0,44320.0,7600.0,0.0,0.0,6720.0,170000.0,193800.0,55240.0,0.0,0.0,0.0,0.0,280.0,1080.0
2026-05-05T11:00:00+02:00,7840.0,7640.0,0.0,8280.0,0.0,0.0,0.0,3440.0,8400.0,8600.0,7720.0,1000.0,0.0,0.0,0.0,0.0,7920.0,120.0,240.0,0.0,320.0,0.0,0.0,0.0,3440.0,80.0,40.0,200.0,160.0,0.0,0.0,0.0,0.0,440.0,70440.0,21960.0,0.0,66830.0,0.0,0.0,0.0,3440.0,571677.0,548249.0,42800.0,2960.0,0.0,0.0,0.0,0.0,12200.0
2026-05-05T12:00:00+02:00,5680.0,7960.0,0.0,8280.0,6120.0,0.0,0.0,6000.0,8200.0,8520.0,7920.0,360.0,0.0,0.0,0.0,2480.0,5520.0,160.0,280.0,0.0,120.0,200.0,0.0,0.0,160.0,160.0,40.0,160.0,280.0,0.0,0.0,0.0,1040.0,920.0,11240.0,165800.0,0.0,368639.0,10760.0,0.0,0.0,45760.0,710197.0,735359.0,26360.0,640.0,0.0,0.0,0.0,3520.0,15600.0
2026-05-05T13:00:00+02:00,6200.0,8039.0,0.0,6840.0,4640.0,0.0,0.0,1560.0,8000.0,8440.0,7160.0,5200.0,0.0,0.0,0.0,0.0,0.0,160.0,240.0,0.0,160.0,560.0,0.0,0.0,1400.0,160.0,40.0,160.0,4080.0,0.0,0.0,0.0,0.0,0.0,35440.0,124799.0,0.0,163660.0,10080.0,0.0,0.0,2960.0,546720.0,933070.0,31600.0,9280.0,0.0,0.0,0.0,0.0,0.0
2026-05-05T14:00:00+02:00,8039.0,5040.0,0.0,6000.0,2960.0,0.0,0.0,7640.0,8080.0,8600.0,8600.0,6120.0,0.0,0.0,0.0,0.0,0.0,160.0,1120.0,0.0,160.0,2960.0,0.0,0.0,400.0,120.0,40.0,120.0,360.0,0.0,0.0,0.0,0.0,0.0,66799.0,26040.0,0.0,44240.0,2960.0,0.0,0.0,74040.0,249900.0,1352959.0,71080.0,41200.0,0.0,0.0,0.0,0.0,0.0
2026-05-05T15:00:00+02:00,6800.0,0.0,0.0,6040.0,1960.0,0.0,0.0,7440.0,8600.0,8360.0,7920.0,880.0,0.0,0.0,0.0,0.0,4960.0,120.0,0.0,0.0,160.0,400.0,0.0,0.0,560.0,120.0,40.0,120.0,880.0,0.0,0.0,0.0,0.0,600.0,61640.0,0.0,0.0,33160.0,4320.0,0.0,0.0,23440.0,286559.0,954038.0,110200.0,880.0,0.0,0.0,0.0,0.0,9640.0
2026-05-05T16:00:00+02:00,4960.0,600.0,0.0,7680.0,1960.0,0.0,0.0,7440.0,8360.0,8520.0,6880.0,0.0,0.0,0.0,0.0,920.0,1480.0,80.0,600.0,0.0,280.0,1920.0,0.0,0.0,80.0,120.0,40.0,320.0,0.0,0.0,0.0,0.0,400.0,280.0,46840.0,600.0,0.0,81880.0,3880.0,0.0,0.0,60240.0,156580.0,407840.0,60480.0,0.0,0.0,0.0,0.0,1880.0,4520.0
2026-05-05T17:00:00+02:00,5400.0,5760.0,0.0,8520.0,2040.0,0.0,0.0,5440.0,8560.0,8360.0,4640.0,0.0,8400.0,0.0,0.0,0.0,4160.0,160.0,1400.0,0.0,160.0,120.0,0.0,0.0,1840.0,160.0,40.0,120.0,0.0,4920.0,0.0,0.0,0.0,4160.0,33680.0,17200.0,0.0,883318.0,14840.0,0.0,0.0,7280.0,264399.0,339310.0,17400.0,0.0,13320.0,0.0,0.0,0.0,4160.0
2026-05-05T18:00:00+02:00,6000.0,6000.0,0.0,8000.0,7560.0,0.0,0.0,7920.0,7160.0,8600.0,3160.0,3520.0,8000.0,0.0,0.0,0.0,6000.0,160.0,40.0,0.0,80.0,160.0,0.0,0.0,200.0,80.0,80.0,400.0,3520.0,720.0,0.0,0.0,0.0,160.0,23800.0,33040.0,0.0,1097440.0,120440.0,0.0,0.0,48200.0,108560.0,295879.0,5720.0,3520.0,66760.0,0.0,0.0,0.0,6160.0
2026-05-05T19:00:00+02:00,7000.0,7560.0,0.0,8000.0,6000.0,0.0,0.0,7280.0,3600.0,8200.0,0.0,1080.0,0.0,0.0,0.0,0.0,160.0,160.0,360.0,0.0,120.0,240.0,0.0,0.0,240.0,160.0,40.0,0.0,1080.0,0.0,0.0,0.0,0.0,160.0,51960.0,14760.0,0.0,437160.0,96560.0,0.0,0.0,30080.0,30480.0,351319.0,0.0,1080.0,0.0,0.0,0.0,0.0,160.0
2026-05-05T20:00:00+02:00,3200.0,6120.0,0.0,1920.0,0.0,0.0,0.0,0.0,2000.0,8039.0,0.0,0.0,0.0,0.0,0.0,0.0,0.0,120.0,480.0,0.0,120.0,0.0,0.0,0.0,0.0,1280.0,80.0,0.0,0.0,0.0,0.0,0.0,0.0,0.0,12040.0,14400.0,0.0,11280.0,0.0,0.0,0.0,0.0,6560.0,113789.0,0.0,0.0,0.0,0.0,0.0,0.0,0.0
2026-05-05T21:00:00+02:00,8080.0,7200.0,0.0,2120.0,1000.0,0.0,0.0,0.0,2040.0,7920.0,760.0,1480.0,0.0,0.0,0.0,0.0,0.0,480.0,1240.0,0.0,160.0,1000.0,0.0,0.0,0.0,160.0,120.0,760.0,1480.0,0.0,0.0,0.0,0.0,0.0,23440.0,13600.0,0.0,21920.0,1000.0,0.0,0.0,0.0,11960.0,90120.0,760.0,1480.0,0.0,0.0,0.0,0.0,0.0
2026-05-05T22:00:00+02:00,2000.0,1880.0,720.0,1240.0,0.0,0.0,0.0,0.0,40.0,7480.0,3960.0,0.0,0.0,0.0,0.0,0.0,0.0,240.0,1880.0,720.0,320.0,0.0,0.0,0.0,0.0,40.0,240.0,1760.0,0.0,0.0,0.0,0.0,0.0,0.0,20440.0,1880.0,720.0,2840.0,0.0,0.0,0.0,0.0,40.0,30880.0,12360.0,0.0,0.0,0.0,0.0,0.0,0.0
2026-05-05T23:00:00+02:00,1920.0,0.0,0.0,0.0,0.0,0.0,0.0,0.0,0.0,5760.0,0.0,0.0,0.0,0.0,0.0,0.0,0.0,280.0,0.0,0.0,0.0,0.0,0.0,0.0,0.0,0.0,320.0,0.0,0.0,0.0,0.0,0.0,0.0,0.0,10640.0,0.0,0.0,0.0,0.0,0.0,0.0,0.0,0.0,13080.0,0.0,0.0,0.0,0.0,0.0,0.0,0.0
2026-05-06T00:00:00+02:00,2360.0,0.0,0.0,0.0,0.0,0.0,0.0,0.0,0.0,7520.0,0.0,0.0,0.0,0.0,0.0,0.0,0.0,480.0,0.0,0.0,0.0,0.0,0.0,0.0,0.0,0.0,280.0,0.0,0.0,0.0,0.0,0.0,0.0,0.0,7720.0,0.0,0.0,0.0,0.0,0.0,0.0,0.0,0.0,13040.0,0.0,0.0,0.0,0.0,0.0,0.0,0.0
2026-05-06T01:00:00+02:00,2040.0,0.0,0.0,0.0,0.0,0.0,0.0,0.0,0.0,1600.0,0.0,0.0,0.0,0.0,0.0,0.0,0.0,120.0,0.0,0.0,0.0,0.0,0.0,0.0,0.0,0.0,600.0,0.0,0.0,0.0,0.0,0.0,0.0,0.0,19040.0,0.0,0.0,0.0,0.0,0.0,0.0,0.0,0.0,4520.0,0.0,0.0,0.0,0.0,0.0,0.0,0.0
2026-05-06T02:00:00+02:00,3880.0,0.0,0.0,0.0,0.0,0.0,0.0,0.0,840.0,2000.0,0.0,0.0,0.0,0.0,0.0,0.0,0.0,280.0,0.0,0.0,0.0,0.0,0.0,0.0,0.0,840.0,160.0,0.0,0.0,0.0,0.0,0.0,0.0,0.0,40280.0,0.0,0.0,0.0,0.0,0.0,0.0,0.0,840.0,15080.0,0.0,0.0,0.0,0.0,0.0,0.0,0.0
2026-05-06T03:00:00+02:00,4000.0,0.0,0.0,0.0,0.0,0.0,0.0,0.0,0.0,1920.0,0.0,0.0,0.0,0.0,0.0,0.0,0.0,160.0,0.0,0.0,0.0,0.0,0.0,0.0,0.0,0.0,280.0,0.0,0.0,0.0,0.0,0.0,0.0,0.0,42680.0,0.0,0.0,0.0,0.0,0.0,0.0,0.0,0.0,12200.0,0.0,0.0,0.0,0.0,0.0,0.0,0.0
2026-05-06T04:00:00+02:00,4200.0,2000.0,0.0,6000.0,0.0,0.0,0.0,0.0,8000.0,1520.0,0.0,0.0,0.0,0.0,0.0,0.0,0.0,160.0,2000.0,0.0,560.0,0.0,0.0,0.0,0.0,280.0,160.0,0.0,0.0,0.0,0.0,0.0,0.0,0.0,57360.0,2000.0,0.0,39560.0,0.0,0.0,0.0,0.0,188440.0,5200.0,0.0,0.0,0.0,0.0,0.0,0.0,0.0
2026-05-06T05:00:00+02:00,0.0,0.0,0.0,1680.0,0.0,0.0,0.0,0.0,8000.0,1440.0,0.0,0.0,0.0,0.0,0.0,0.0,0.0,0.0,0.0,0.0,560.0,0.0,0.0,0.0,0.0,160.0,80.0,0.0,0.0,0.0,0.0,0.0,0.0,0.0,0.0,0.0,0.0,7120.0,0.0,0.0,0.0,0.0,528840.0,3080.0,0.0,0.0,0.0,0.0,0.0,0.0,0.0
2026-05-06T06:00:00+02:00,0.0,3880.0,0.0,1480.0,6920.0,0.0,0.0,1520.0,4000.0,6560.0,0.0,0.0,0.0,0.0,0.0,960.0,0.0,0.0,240.0,0.0,440.0,120.0,0.0,0.0,840.0,2040.0,160.0,0.0,0.0,0.0,0.0,0.0,480.0,0.0,0.0,14720.0,0.0,4040.0,51080.0,0.0,0.0,2360.0,6040.0,17880.0,0.0,0.0,0.0,0.0,0.0,2400.0,0.0
2026-05-06T07:00:00+02:00,7840.0,4000.0,0.0,4000.0,0.0,0.0,0.0,4400.0,1960.0,8560.0,5440.0,640.0,0.0,0.0,0.0,560.0,0.0,200.0,120.0,0.0,240.0,0.0,0.0,0.0,400.0,240.0,40.0,320.0,640.0,0.0,0.0,0.0,560.0,0.0,18320.0,17400.0,0.0,21640.0,0.0,0.0,0.0,5880.0,7000.0,119160.0,6360.0,640.0,0.0,0.0,0.0,560.0,0.0
2026-05-06T08:00:00+02:00,2080.0,6000.0,0.0,4200.0,5800.0,0.0,0.0,8600.0,7440.0,8320.0,0.0,0.0,0.0,0.0,0.0,1440.0,2000.0,160.0,1360.0,0.0,240.0,520.0,0.0,0.0,360.0,120.0,40.0,0.0,0.0,0.0,0.0,0.0,1440.0,2000.0,5120.0,10640.0,0.0,7560.0,21720.0,0.0,0.0,92670.0,24240.0,126000.0,0.0,0.0,0.0,0.0,0.0,1440.0,2000.0
2026-05-06T09:00:00+02:00,1280.0,7200.0,0.0,3800.0,0.0,0.0,0.0,6920.0,5960.0,8039.0,2400.0,3000.0,0.0,0.0,0.0,1760.0,0.0,280.0,160.0,0.0,160.0,0.0,0.0,0.0,160.0,160.0,40.0,240.0,160.0,0.0,0.0,0.0,960.0,0.0,3240.0,71440.0,0.0,18000.0,0.0,0.0,0.0,124560.0,21240.0,711958.0,10800.0,8480.0,0.0,0.0,0.0,2720.0,0.0
2026-05-06T10:00:00+02:00,3680.0,7560.0,0.0,3800.0,0.0,0.0,0.0,8360.0,6000.0,8560.0,8600.0,320.0,0.0,0.0,0.0,2000.0,5120.0,120.0,280.0,0.0,160.0,0.0,0.0,0.0,160.0,200.0,40.0,80.0,160.0,0.0,0.0,0.0,440.0,120.0,9440.0,28760.0,0.0,24040.0,0.0,0.0,0.0,195880.0,55920.0,1432137.0,187810.0,760.0,0.0,0.0,0.0,6240.0,8880.0
2026-05-06T11:00:00+02:00,6920.0,3120.0,0.0,5550.0,0.0,0.0,0.0,8280.0,8080.0,8480.0,6680.0,2640.0,0.0,0.0,0.0,1000.0,6120.0,120.0,640.0,0.0,80.0,0.0,0.0,0.0,80.0,160.0,40.0,120.0,200.0,0.0,0.0,0.0,640.0,200.0,86840.0,10080.0,0.0,75710.0,0.0,0.0,0.0,263760.0,260050.0,960708.0,78240.0,5800.0,0.0,0.0,0.0,3120.0,11280.0
2026-05-06T12:00:00+02:00,1320.0,5600.0,0.0,8360.0,0.0,0.0,0.0,8600.0,8320.0,8560.0,8039.0,4880.0,0.0,0.0,0.0,280.0,1000.0,200.0,120.0,0.0,200.0,0.0,0.0,0.0,640.0,120.0,160.0,160.0,360.0,0.0,0.0,0.0,280.0,1000.0,2280.0,59720.0,0.0,74750.0,0.0,0.0,0.0,98160.0,508350.0,1040988.0,44839.0,11960.0,0.0,0.0,0.0,280.0,1000.0
2026-05-06T13:00:00+02:00,1760.0,6480.0,0.0,8440.0,0.0,0.0,0.0,6640.0,8119.0,8480.0,4000.0,800.0,0.0,0.0,0.0,0.0,760.0,160.0,400.0,0.0,120.0,0.0,0.0,0.0,160.0,80.0,80.0,200.0,120.0,0.0,0.0,0.0,0.0,760.0,4080.0,10600.0,0.0,174300.0,0.0,0.0,0.0,61880.0,373267.0,693808.0,26120.0,920.0,0.0,0.0,0.0,0.0,760.0
2026-05-06T14:00:00+02:00,5840.0,5720.0,0.0,6280.0,0.0,0.0,0.0,5960.0,8000.0,8600.0,7920.0,2200.0,0.0,0.0,0.0,0.0,0.0,200.0,520.0,0.0,40.0,0.0,0.0,0.0,120.0,120.0,120.0,40.0,1480.0,0.0,0.0,0.0,0.0,0.0,46720.0,23920.0,0.0,32380.0,0.0,0.0,0.0,28360.0,209960.0,609560.0,134360.0,5680.0,0.0,0.0,0.0,0.0,0.0
2026-05-06T15:00:00+02:00,1120.0,5200.0,0.0,8039.0,160.0,0.0,0.0,8039.0,8039.0,8600.0,8000.0,0.0,0.0,0.0,0.0,40.0,4600.0,400.0,120.0,0.0,120.0,160.0,0.0,0.0,240.0,120.0,120.0,80.0,0.0,0.0,0.0,0.0,40.0,640.0,2560.0,17560.0,0.0,105719.0,160.0,0.0,0.0,127679.0,56679.0,1421680.0,102360.0,0.0,0.0,0.0,0.0,40.0,9480.0
2026-05-06T16:00:00+02:00,5280.0,8360.0,0.0,8400.0,0.0,0.0,0.0,5800.0,6640.0,8520.0,8200.0,0.0,4520.0,0.0,0.0,1320.0,0.0,280.0,320.0,0.0,40.0,0.0,0.0,0.0,5800.0,120.0,80.0,200.0,0.0,3080.0,0.0,0.0,1320.0,0.0,13720.0,15360.0,0.0,602240.0,0.0,0.0,0.0,5800.0,65880.0,1479467.0,14800.0,0.0,12080.0,0.0,0.0,1320.0,0.0
2026-05-06T17:00:00+02:00,6920.0,240.0,0.0,8000.0,0.0,0.0,0.0,2600.0,7840.0,8600.0,8360.0,0.0,5720.0,0.0,0.0,0.0,1840.0,160.0,240.0,0.0,160.0,0.0,0.0,0.0,480.0,160.0,80.0,160.0,0.0,640.0,0.0,0.0,0.0,1840.0,60600.0,240.0,0.0,194880.0,0.0,0.0,0.0,7440.0,79640.0,960388.0,144540.0,0.0,6360.0,0.0,0.0,0.0,1840.0
2026-05-06T18:00:00+02:00,8320.0,2920.0,0.0,960.0,5200.0,0.0,0.0,2280.0,2440.0,8560.0,7480.0,840.0,0.0,0.0,0.0,0.0,3960.0,120.0,160.0,0.0,40.0,160.0,0.0,0.0,920.0,800.0,40.0,40.0,240.0,0.0,0.0,0.0,0.0,1080.0,280040.0,6640.0,0.0,2880.0,36240.0,0.0,0.0,8760.0,7200.0,1202740.0,61640.0,1080.0,0.0,0.0,0.0,0.0,5040.0
2026-05-06T19:00:00+02:00,8000.0,4760.0,0.0,4000.0,4440.0,0.0,0.0,2000.0,3640.0,8520.0,0.0,0.0,0.0,0.0,0.0,0.0,0.0,160.0,160.0,0.0,200.0,840.0,0.0,0.0,640.0,400.0,40.0,0.0,0.0,0.0,0.0,0.0,0.0,0.0,35600.0,19520.0,0.0,56960.0,9880.0,0.0,0.0,27440.0,31760.0,379148.0,0.0,0.0,0.0,0.0,0.0,0.0,0.0
2026-05-06T20:00:00+02:00,6320.0,7840.0,0.0,8000.0,4800.0,0.0,0.0,2000.0,8560.0,8560.0,1000.0,0.0,0.0,0.0,0.0,280.0,0.0,160.0,600.0,0.0,160.0,200.0,0.0,0.0,240.0,160.0,80.0,1000.0,0.0,0.0,0.0,0.0,280.0,0.0,34360.0,35040.0,0.0,483440.0,19560.0,0.0,0.0,5680.0,195400.0,327080.0,1000.0,0.0,0.0,0.0,0.0,280.0,0.0
2026-05-06T21:00:00+02:00,4000.0,4000.0,0.0,8440.0,7960.0,0.0,0.0,7840.0,8000.0,8520.0,8160.0,0.0,2000.0,0.0,0.0,640.0,2000.0,240.0,40.0,0.0,80.0,360.0,0.0,0.0,280.0,160.0,80.0,200.0,0.0,2000.0,0.0,0.0,640.0,2000.0,16600.0,8360.0,0.0,1442998.0,54800.0,0.0,0.0,34520.0,269200.0,182160.0,80840.0,0.0,2000.0,0.0,0.0,640.0,2000.0
2026-05-06T22:00:00+02:00,5960.0,0.0,2440.0,2720.0,2040.0,0.0,0.0,2000.0,5800.0,7840.0,6600.0,0.0,0.0,0.0,0.0,0.0,0.0,160.0,0.0,2440.0,200.0,720.0,0.0,0.0,1720.0,5800.0,80.0,320.0,0.0,0.0,0.0,0.0,0.0,0.0,141320.0,0.0,2440.0,3600.0,2760.0,0.0,0.0,3720.0,5800.0,93040.0,34520.0,0.0,0.0,0.0,0.0,0.0,0.0
2026-05-06T23:00:00+02:00,8039.0,160.0,0.0,40.0,0.0,0.0,0.0,600.0,2760.0,4920.0,4000.0,0.0,0.0,0.0,0.0,0.0,0.0,160.0,160.0,0.0,40.0,0.0,0.0,0.0,600.0,2760.0,120.0,640.0,0.0,0.0,0.0,0.0,0.0,0.0,405598.0,160.0,0.0,40.0,0.0,0.0,0.0,600.0,2760.0,51160.0,11280.0,0.0,0.0,0.0,0.0,0.0,0.0
2026-05-07T00:00:00+02:00,7960.0,0.0,0.0,0.0,680.0,0.0,0.0,0.0,0.0,4440.0,0.0,0.0,0.0,0.0,0.0,0.0,0.0,120.0,0.0,0.0,0.0,680.0,0.0,0.0,0.0,0.0,200.0,0.0,0.0,0.0,0.0,0.0,0.0,0.0,419080.0,0.0,0.0,0.0,680.0,0.0,0.0,0.0,0.0,65120.0,0.0,0.0,0.0,0.0,0.0,0.0,0.0
2026-05-07T01:00:00+02:00,8000.0,0.0,0.0,0.0,2000.0,0.0,0.0,2000.0,0.0,2040.0,0.0,0.0,0.0,0.0,0.0,0.0,0.0,160.0,0.0,0.0,0.0,200.0,0.0,0.0,160.0,0.0,120.0,0.0,0.0,0.0,0.0,0.0,0.0,0.0,128240.0,0.0,0.0,0.0,10000.0,0.0,0.0,2160.0,0.0,26080.0,0.0,0.0,0.0,0.0,0.0,0.0,0.0
2026-05-07T02:00:00+02:00,5840.0,0.0,0.0,0.0,3640.0,0.0,0.0,0.0,560.0,2400.0,0.0,0.0,0.0,0.0,0.0,0.0,0.0,160.0,0.0,0.0,0.0,160.0,0.0,0.0,0.0,560.0,160.0,0.0,0.0,0.0,0.0,0.0,0.0,0.0,289960.0,0.0,0.0,0.0,38320.0,0.0,0.0,0.0,560.0,24920.0,0.0,0.0,0.0,0.0,0.0,0.0,0.0
2026-05-07T03:00:00+02:00,7720.0,0.0,0.0,160.0,5680.0,0.0,0.0,0.0,0.0,3960.0,0.0,0.0,0.0,0.0,0.0,0.0,0.0,120.0,0.0,0.0,160.0,160.0,0.0,0.0,0.0,0.0,160.0,0.0,0.0,0.0,0.0,0.0,0.0,0.0,382800.0,0.0,0.0,160.0,94080.0,0.0,0.0,0.0,0.0,56600.0,0.0,0.0,0.0,0.0,0.0,0.0,0.0
2026-05-07T04:00:00+02:00,2360.0,0.0,0.0,8000.0,3240.0,0.0,0.0,8000.0,8000.0,2000.0,0.0,0.0,0.0,0.0,0.0,0.0,0.0,920.0,0.0,0.0,120.0,200.0,0.0,0.0,1080.0,440.0,240.0,0.0,0.0,0.0,0.0,0.0,0.0,0.0,34800.0,0.0,0.0,262040.0,53640.0,0.0,0.0,54840.0,123880.0,17000.0,0.0,0.0,0.0,0.0,0.0,0.0,0.0
2026-05-07T05:00:00+02:00,0.0,0.0,0.0,8280.0,8000.0,0.0,0.0,8000.0,8000.0,3280.0,0.0,0.0,0.0,0.0,0.0,0.0,0.0,0.0,0.0,0.0,120.0,160.0,0.0,0.0,160.0,120.0,560.0,0.0,0.0,0.0,0.0,0.0,0.0,0.0,0.0,0.0,0.0,693519.0,267960.0,0.0,0.0,175960.0,399600.0,14560.0,0.0,0.0,0.0,0.0,0.0,0.0,0.0
2026-05-07T06:00:00+02:00,7240.0,1200.0,0.0,8039.0,8039.0,0.0,0.0,3960.0,8560.0,8039.0,0.0,0.0,0.0,0.0,0.0,5080.0,0.0,160.0,1200.0,0.0,80.0,160.0,0.0,0.0,160.0,160.0,80.0,0.0,0.0,0.0,0.0,0.0,5080.0,0.0,11400.0,1200.0,0.0,357239.0,263878.0,0.0,0.0,19440.0,204360.0,36719.0,0.0,0.0,0.0,0.0,0.0,5080.0,0.0
2026-05-07T07:00:00+02:00,2800.0,6840.0,0.0,5640.0,8280.0,0.0,0.0,4920.0,8280.0,8200.0,3040.0,0.0,400.0,0.0,0.0,5720.0,0.0,200.0,240.0,0.0,200.0,240.0,0.0,0.0,40.0,200.0,40.0,2200.0,0.0,400.0,0.0,0.0,5720.0,0.0,11400.0,16800.0,0.0,47120.0,267240.0,0.0,0.0,14720.0,64520.0,204320.0,5240.0,0.0,400.0,0.0,0.0,5720.0,0.0
2026-05-07T08:00:00+02:00,4440.0,2280.0,0.0,2000.0,7480.0,0.0,0.0,960.0,8000.0,8520.0,2760.0,800.0,0.0,0.0,0.0,200.0,0.0,120.0,1880.0,0.0,120.0,160.0,0.0,0.0,960.0,80.0,40.0,280.0,800.0,0.0,0.0,0.0,200.0,0.0,22680.0,4160.0,0.0,10160.0,79280.0,0.0,0.0,960.0,579520.0,466229.0,4640.0,800.0,0.0,0.0,0.0,200.0,0.0
2026-05-07T09:00:00+02:00,1960.0,0.0,0.0,2040.0,1240.0,0.0,0.0,0.0,5640.0,8560.0,8119.0,0.0,0.0,0.0,0.0,2280.0,2920.0,280.0,0.0,0.0,280.0,200.0,0.0,0.0,0.0,280.0,120.0,200.0,0.0,0.0,0.0,0.0,2280.0,240.0,5200.0,0.0,0.0,2680.0,3720.0,0.0,0.0,0.0,29440.0,823058.0,54798.0,0.0,0.0,0.0,0.0,2280.0,3160.0
2026-05-07T10:00:00+02:00,3040.0,7800.0,0.0,0.0,0.0,0.0,0.0,0.0,6000.0,8480.0,7600.0,0.0,0.0,0.0,0.0,0.0,0.0,1440.0,360.0,0.0,0.0,0.0,0.0,0.0,0.0,200.0,40.0,240.0,0.0,0.0,0.0,0.0,0.0,0.0,6120.0,48160.0,0.0,0.0,0.0,0.0,0.0,0.0,18360.0,1652390.0,25320.0,0.0,0.0,0.0,0.0,0.0,0.0
2026-05-07T11:00:00+02:00,1200.0,8000.0,0.0,7400.0,0.0,0.0,0.0,1160.0,8000.0,8440.0,7920.0,200.0,0.0,0.0,0.0,2000.0,6560.0,160.0,160.0,0.0,120.0,0.0,0.0,0.0,480.0,280.0,80.0,280.0,200.0,0.0,0.0,0.0,840.0,560.0,1600.0,30840.0,0.0,83520.0,0.0,0.0,0.0,3360.0,46880.0,1300639.0,97360.0,200.0,0.0,0.0,0.0,6000.0,30040.0
2026-05-07T12:00:00+02:00,4240.0,2000.0,0.0,8480.0,0.0,0.0,0.0,680.0,8039.0,8520.0,7560.0,4280.0,0.0,0.0,0.0,840.0,7600.0,4240.0,120.0,0.0,120.0,0.0,0.0,0.0,40.0,120.0,120.0,120.0,160.0,0.0,0.0,0.0,840.0,240.0,4240.0,6400.0,0.0,150260.0,0.0,0.0,0.0,1600.0,142019.0,553980.0,43880.0,5680.0,0.0,0.0,0.0,840.0,14800.0
2026-05-07T13:00:00+02:00,3200.0,8000.0,0.0,8039.0,0.0,0.0,0.0,7960.0,8160.0,8520.0,4040.0,1560.0,0.0,0.0,0.0,760.0,4480.0,3200.0,400.0,0.0,120.0,0.0,0.0,0.0,280.0,120.0,40.0,120.0,160.0,0.0,0.0,0.0,400.0,4480.0,3200.0,179760.0,0.0,185599.0,0.0,0.0,0.0,33920.0,396420.0,720619.0,26360.0,7880.0,0.0,0.0,0.0,1160.0,4480.0
2026-05-07T14:00:00+02:00,2000.0,8000.0,0.0,8480.0,0.0,0.0,0.0,8000.0,7840.0,8440.0,8000.0,1240.0,2000.0,0.0,0.0,6760.0,360.0,160.0,240.0,0.0,40.0,0.0,0.0,0.0,200.0,160.0,40.0,160.0,1040.0,2000.0,0.0,0.0,880.0,360.0,6120.0,25760.0,0.0,24360.0,0.0,0.0,0.0,118560.0,363330.0,1394750.0,153280.0,2280.0,2000.0,0.0,0.0,10200.0,360.0
2026-05-07T15:00:00+02:00,8480.0,6560.0,0.0,8520.0,0.0,0.0,0.0,8119.0,8560.0,8560.0,8440.0,320.0,0.0,0.0,0.0,2000.0,0.0,200.0,160.0,0.0,160.0,0.0,0.0,0.0,120.0,160.0,40.0,160.0,240.0,0.0,0.0,0.0,2000.0,0.0,34040.0,51640.0,0.0,67920.0,0.0,0.0,0.0,173319.0,192959.0,1328097.0,182680.0,560.0,0.0,0.0,0.0,2000.0,0.0
2026-05-07T16:00:00+02:00,8280.0,6600.0,0.0,8000.0,240.0,0.0,0.0,7960.0,5760.0,8560.0,8520.0,0.0,0.0,0.0,0.0,680.0,0.0,280.0,520.0,0.0,80.0,240.0,0.0,0.0,280.0,120.0,40.0,320.0,0.0,0.0,0.0,0.0,680.0,0.0,88240.0,17480.0,0.0,245560.0,240.0,0.0,0.0,37920.0,9600.0,1160957.0,22130.0,0.0,0.0,0.0,0.0,680.0,0.0
2026-05-07T17:00:00+02:00,8440.0,2960.0,0.0,7720.0,2000.0,0.0,0.0,8000.0,5320.0,8560.0,8000.0,5280.0,0.0,0.0,0.0,1000.0,0.0,120.0,40.0,0.0,40.0,200.0,0.0,0.0,880.0,200.0,120.0,200.0,240.0,0.0,0.0,0.0,1000.0,0.0,93760.0,5640.0,0.0,59440.0,5680.0,0.0,0.0,40120.0,31000.0,753779.0,57000.0,7240.0,0.0,0.0,0.0,1000.0,0.0
2026-05-07T18:00:00+02:00,7280.0,2000.0,0.0,3200.0,2840.0,0.0,0.0,8480.0,8360.0,8440.0,8039.0,0.0,0.0,0.0,0.0,680.0,0.0,120.0,160.0,0.0,40.0,280.0,0.0,0.0,200.0,160.0,40.0,80.0,0.0,0.0,0.0,0.0,160.0,0.0,74840.0,3920.0,0.0,15200.0,5360.0,0.0,0.0,98760.0,33760.0,248920.0,63639.0,0.0,0.0,0.0,0.0,1360.0,0.0
2026-05-07T19:00:00+02:00,6000.0,7320.0,0.0,3040.0,3920.0,0.0,0.0,8360.0,7880.0,8560.0,7960.0,0.0,0.0,0.0,0.0,360.0,0.0,360.0,520.0,0.0,480.0,960.0,0.0,0.0,320.0,200.0,80.0,240.0,0.0,0.0,0.0,0.0,320.0,0.0,22680.0,13800.0,0.0,28760.0,16560.0,0.0,0.0,91160.0,49160.0,911640.0,48000.0,0.0,0.0,0.0,0.0,680.0,0.0
2026-05-07T20:00:00+02:00,8400.0,4800.0,0.0,8000.0,3880.0,0.0,0.0,0.0,4000.0,8480.0,8000.0,0.0,0.0,0.0,0.0,320.0,0.0,160.0,4800.0,0.0,120.0,160.0,0.0,0.0,0.0,480.0,40.0,200.0,0.0,0.0,0.0,0.0,320.0,0.0,356040.0,4800.0,0.0,227600.0,19200.0,0.0,0.0,0.0,59200.0,1109560.0,162320.0,0.0,0.0,0.0,0.0,320.0,0.0
2026-05-07T21:00:00+02:00,6200.0,7400.0,0.0,6000.0,2000.0,0.0,0.0,240.0,3400.0,8000.0,4800.0,240.0,0.0,0.0,0.0,0.0,8240.0,160.0,200.0,0.0,160.0,280.0,0.0,0.0,240.0,280.0,40.0,160.0,240.0,0.0,0.0,0.0,0.0,360.0,63160.0,55000.0,0.0,51200.0,11160.0,0.0,0.0,240.0,5320.0,749280.0,16920.0,240.0,0.0,0.0,0.0,0.0,17200.0
2026-05-07T22:00:00+02:00,7480.0,5920.0,200.0,6000.0,0.0,0.0,0.0,6080.0,4920.0,8320.0,8360.0,3240.0,0.0,0.0,0.0,0.0,5680.0,120.0,1840.0,200.0,200.0,0.0,0.0,0.0,6080.0,480.0,120.0,320.0,360.0,0.0,0.0,0.0,0.0,240.0,86800.0,7760.0,200.0,9840.0,0.0,0.0,0.0,6080.0,14680.0,343399.0,96920.0,7160.0,0.0,0.0,0.0,0.0,17360.0
2026-05-07T23:00:00+02:00,7760.0,0.0,0.0,40.0,0.0,0.0,0.0,0.0,0.0,5240.0,0.0,0.0,0.0,0.0,0.0,0.0,0.0,120.0,0.0,0.0,40.0,0.0,0.0,0.0,0.0,0.0,160.0,0.0,0.0,0.0,0.0,0.0,0.0,0.0,47560.0,0.0,0.0,40.0,0.0,0.0,0.0,0.0,0.0,31530.0,0.0,0.0,0.0,0.0,0.0,0.0,0.0
2026-05-08T00:00:00+02:00,4000.0,2000.0,0.0,0.0,0.0,0.0,0.0,0.0,7320.0,8520.0,5320.0,0.0,0.0,0.0,0.0,0.0,4160.0,160.0,2000.0,0.0,0.0,0.0,0.0,0.0,0.0,240.0,160.0,1480.0,0.0,0.0,0.0,0.0,0.0,4160.0,79080.0,2000.0,0.0,0.0,0.0,0.0,0.0,0.0,87760.0,392880.0,6800.0,0.0,0.0,0.0,0.0,0.0,4160.0
2026-05-08T01:00:00+02:00,6400.0,0.0,0.0,720.0,0.0,0.0,0.0,0.0,8200.0,8440.0,3080.0,0.0,0.0,0.0,0.0,0.0,2720.0,160.0,0.0,0.0,720.0,0.0,0.0,0.0,0.0,160.0,120.0,240.0,0.0,0.0,0.0,0.0,0.0,160.0,98800.0,0.0,0.0,720.0,0.0,0.0,0.0,0.0,89080.0,313160.0,12800.0,0.0,0.0,0.0,0.0,0.0,4040.0
2026-05-08T02:00:00+02:00,7560.0,8000.0,0.0,240.0,0.0,0.0,0.0,0.0,1240.0,7520.0,5200.0,0.0,0.0,0.0,0.0,0.0,0.0,200.0,280.0,0.0,240.0,0.0,0.0,0.0,0.0,440.0,120.0,880.0,0.0,0.0,0.0,0.0,0.0,0.0,78480.0,23480.0,0.0,240.0,0.0,0.0,0.0,0.0,2280.0,114320.0,12840.0,0.0,0.0,0.0,0.0,0.0,0.0
2026-05-08T03:00:00+02:00,7240.0,0.0,0.0,320.0,120.0,0.0,0.0,0.0,520.0,8240.0,8000.0,1040.0,0.0,0.0,0.0,0.0,0.0,120.0,0.0,0.0,320.0,120.0,0.0,0.0,0.0,520.0,120.0,720.0,1040.0,0.0,0.0,0.0,0.0,0.0,118960.0,0.0,0.0,320.0,120.0,0.0,0.0,0.0,520.0,149240.0,45530.0,1040.0,0.0,0.0,0.0,0.0,0.0
2026-05-08T04:00:00+02:00,3160.0,2000.0,0.0,8000.0,0.0,0.0,0.0,0.0,8000.0,8320.0,0.0,1280.0,0.0,0.0,0.0,0.0,0.0,120.0,2000.0,0.0,160.0,0.0,0.0,0.0,0.0,240.0,200.0,0.0,280.0,0.0,0.0,0.0,0.0,0.0,32920.0,2000.0,0.0,29720.0,0.0,0.0,0.0,0.0,50120.0,74560.0,0.0,1560.0,0.0,0.0,0.0,0.0,0.0
2026-05-08T05:00:00+02:00,2000.0,560.0,0.0,8000.0,0.0,0.0,0.0,1040.0,8000.0,7320.0,0.0,4000.0,0.0,0.0,0.0,0.0,0.0,240.0,560.0,0.0,160.0,0.0,0.0,0.0,1040.0,440.0,160.0,0.0,1560.0,0.0,0.0,0.0,0.0,0.0,14240.0,560.0,0.0,489200.0,0.0,0.0,0.0,1040.0,113480.0,41920.0,0.0,9800.0,0.0,0.0,0.0,0.0,0.0
2026-05-08T06:00:00+02:00,2000.0,2200.0,0.0,7760.0,0.0,0.0,0.0,120.0,2040.0,7440.0,520.0,0.0,0.0,0.0,0.0,1760.0,0.0,160.0,1840.0,0.0,120.0,0.0,0.0,0.0,120.0,2000.0,160.0,520.0,0.0,0.0,0.0,0.0,1760.0,0.0,3800.0,4040.0,0.0,133960.0,0.0,0.0,0.0,120.0,12040.0,52880.0,520.0,0.0,0.0,0.0,0.0,1760.0,0.0
2026-05-08T07:00:00+02:00,2080.0,6560.0,0.0,6520.0,840.0,0.0,0.0,2800.0,0.0,8039.0,0.0,2000.0,1080.0,0.0,0.0,0.0,0.0,120.0,4560.0,0.0,40.0,840.0,0.0,0.0,2800.0,0.0,40.0,0.0,880.0,1080.0,0.0,0.0,0.0,0.0,15680.0,11120.0,0.0,19960.0,840.0,0.0,0.0,2800.0,0.0,181359.0,0.0,4840.0,1080.0,0.0,0.0,0.0,0.0
