timestamp,sensor,category,IN,OUT,net_inflow
2026-02-09T01:00:00+01:00,1.1,animal,3,8,-5
2026-02-09T01:00:00+01:00,1.1,bicycle,18,27,-9
2026-02-09T01:00:00+01:00,1.1,car,4,7,-3
2026-02-09T01:00:00+01:00,1.1,light,0,1,-1
2026-02-09T01:00:00+01:00,1.1,motorcycle,1,0,1
2026-02-09T01:00:00+01:00,1.1,pedestrian,282,262,20
2026-02-09T01:00:00+01:00,1.1,pram,7,5,2
2026-02-09T01:00:00+01:00,1.1,scooter,0,3,-3
2026-02-09T01:00:00+01:00,1.1,van,2,1,1
2026-02-09T01:00:00+01:00,1.2,bicycle,13,8,5
2026-02-09T01:00:00+01:00,1.2,car,10,8,2
2026-02-09T01:00:00+01:00,1.2,motorcycle,1,3,-2
2026-02-09T01:00:00+01:00,1.2,pedestrian,480,552,-72
2026-02-09T01:00:00+01:00,1.2,van,2,3,-1
2026-02-09T01:00:00+01:00,2.1,car,3,40,-37
2026-02-09T01:00:00+01:00,2.1,light,2,0,2
2026-02-09T01:00:00+01:00,2.1,van,0,5,-5
2026-02-09T01:00:00+01:00,2.2,bicycle,0,1,-1
2026-02-09T01:00:00+01:00,2.2,car,36,13,23
2026-02-09T01:00:00+01:00,2.2,light,1,0,1
2026-02-09T01:00:00+01:00,2.2,pedestrian,31,36,-5
2026-02-09T01:00:00+01:00,2.2,van,5,1,4
2026-02-10T01:00:00+01:00,1.1,animal,5,7,-2
2026-02-10T01:00:00+01:00,1.1,bicycle,50,62,-12
2026-02-10T01:00:00+01:00,1.1,car,10,22,-12
2026-02-10T01:00:00+01:00,1.1,light,7,12,-5
2026-02-10T01:00:00+01:00,1.1,motorcycle,4,6,-2
2026-02-10T01:00:00+01:00,1.1,pedestrian,882,757,125
2026-02-10T01:00:00+01:00,1.1,pram,15,11,4
2026-02-10T01:00:00+01:00,1.1,scooter,2,1,1
2026-02-10T01:00:00+01:00,1.1,tractor,0,1,-1
2026-02-10T01:00:00+01:00,1.1,truck trailer,0,1,-1
2026-02-10T01:00:00+01:00,1.1,van,10,13,-3
2026-02-10T01:00:00+01:00,1.1,wheelchair,1,1,0
2026-02-10T01:00:00+01:00,1.2,animal,2,0,2
2026-02-10T01:00:00+01:00,1.2,bicycle,31,44,-13
2026-02-10T01:00:00+01:00,1.2,car,60,42,18
2026-02-10T01:00:00+01:00,1.2,light,13,13,0
2026-02-10T01:00:00+01:00,1.2,motorcycle,4,4,0
2026-02-10T01:00:00+01:00,1.2,pedestrian,2168,2379,-211
2026-02-10T01:00:00+01:00,1.2,pram,11,0,11
2026-02-10T01:00:00+01:00,1.2,scooter,2,1,1
2026-02-10T01:00:00+01:00,1.2,van,27,11,16
2026-02-10T01:00:00+01:00,1.2,wheelchair,1,3,-2
2026-02-10T01:00:00+01:00,2.1,car,9,138,-129
2026-02-10T01:00:00+01:00,2.1,light,6,1,5
2026-02-10T01:00:00+01:00,2.1,pedestrian,0,3,-3
2026-02-10T01:00:00+01:00,2.1,van,16,28,-12
2026-02-10T01:00:00+01:00,2.2,animal,1,1,0
2026-02-10T01:00:00+01:00,2.2,bicycle,11,16,-5
2026-02-10T01:00:00+01:00,2.2,car,179,135,44
2026-02-10T01:00:00+01:00,2.2,car trailer,0,1,-1
2026-02-10T01:00:00+01:00,2.2,light,17,2,15
2026-02-10T01:00:00+01:00,2.2,pedestrian,207,227,-20
2026-02-10T01:00:00+01:00,2.2,pram,4,3,1
2026-02-10T01:00:00+01:00,2.2,van,33,26,7
2026-02-10T01:00:00+01:00,3.1,animal,13,3,10
2026-02-10T01:00:00+01:00,3.1,bicycle,27,25,2
2026-02-10T01:00:00+01:00,3.1,car,42,38,4
2026-02-10T01:00:00+01:00,3.1,light,5,6,-1
2026-02-10T01:00:00+01:00,3.1,motorcycle,2,0,2
2026-02-10T01:00:00+01:00,3.1,pedestrian,992,1145,-153
2026-02-10T01:00:00+01:00,3.1,pram,7,10,-3
2026-02-10T01:00:00+01:00,3.1,scooter,1,0,1
2026-02-10T01:00:00+01:00,3.1,van,6,2,4
2026-02-10T01:00:00+01:00,3.1,wheelchair,2,0,2
2026-02-11T01:00:00+01:00,1.1,animal,5,6,-1
2026-02-11T01:00:00+01:00,1.1,bicycle,47,66,-19
2026-02-11T01:00:00+01:00,1.1,car,15,27,-12
2026-02-11T01:00:00+01:00,1.1,car trailer,1,0,1
2026-02-11T01:00:00+01:00,1.1,light,7,12,-5
2026-02-11T01:00:00+01:00,1.1,motorcycle,2,5,-3
2026-02-11T01:00:00+01:00,1.1,pedestrian,825,719,106
2026-02-11T01:00:00+01:00,1.1,pram,14,16,-2
2026-02-11T01:00:00+01:00,1.1,scooter,9,4,5
2026-02-11T01:00:00+01:00,1.1,tractor,0,1,-1
2026-02-11T01:00:00+01:00,1.1,van,11,17,-6
2026-02-11T01:00:00+01:00,1.2,animal,1,4,-3
2026-02-11T01:00:00+01:00,1.2,bicycle,53,58,-5
2026-02-11T01:00:00+01:00,1.2,car,78,43,35
2026-02-11T01:00:00+01:00,1.2,car trailer,0,3,-3
2026-02-11T01:00:00+01:00,1.2,light,15,8,7
2026-02-11T01:00:00+01:00,1.2,motorcycle,2,2,0
2026-02-11T01:00:00+01:00,1.2,pedestrian,2192,2527,-335
2026-02-11T01:00:00+01:00,1.2,pram,12,16,-4
2026-02-11T01:00:00+01:00,1.2,scooter,1,4,-3
2026-02-11T01:00:00+01:00,1.2,van,30,21,9
2026-02-11T01:00:00+01:00,1.2,wheelchair,1,1,0
2026-02-11T01:00:00+01:00,2.1,car,15,151,-136
2026-02-11T01:00:00+01:00,2.1,light,10,5,5
2026-02-11T01:00:00+01:00,2.1,pedestrian,2,5,-3
2026-02-11T01:00:00+01:00,2.1,van,12,38,-26
2026-02-11T01:00:00+01:00,2.2,animal,0,1,-1
2026-02-11T01:00:00+01:00,2.2,bicycle,8,9,-1
2026-02-11T01:00:00+01:00,2.2,bus,1,0,1
2026-02-11T01:00:00+01:00,2.2,car,209,186,23
2026-02-11T01:00:00+01:00,2.2,car trailer,2,0,2
2026-02-11T01:00:00+01:00,2.2,light,22,12,10
2026-02-11T01:00:00+01:00,2.2,pedestrian,184,279,-95
2026-02-11T01:00:00+01:00,2.2,pram,2,4,-2
2026-02-11T01:00:00+01:00,2.2,scooter,1,0,1
2026-02-11T01:00:00+01:00,2.2,van,42,42,0
2026-02-11T01:00:00+01:00,3.1,animal,15,13,2
2026-02-11T01:00:00+01:00,3.1,bicycle,29,31,-2
2026-02-11T01:00:00+01:00,3.1,car,85,112,-27
2026-02-11T01:00:00+01:00,3.1,car trailer,2,0,2
2026-02-11T01:00:00+01:00,3.1,light,11,6,5
2026-02-11T01:00:00+01:00,3.1,motorcycle,1,1,0
2026-02-11T01:00:00+01:00,3.1,pedestrian,1789,1849,-60
2026-02-11T01:00:00+01:00,3.1,pram,19,11,8
2026-02-11T01:00:00+01:00,3.1,scooter,3,3,0
2026-02-11T01:00:00+01:00,3.1,tractor,1,0,1
2026-02-11T01:00:00+01:00,3.1,van,19,31,-12
2026-02-11T01:00:00+01:00,3.1,wheelchair,1,0,1
2026-02-12T01:00:00+01:00,1.1,animal,23,21,2
2026-02-12T01:00:00+01:00,1.1,bicycle,20,42,-22
2026-02-12T01:00:00+01:00,1.1,bus,0,1,-1
2026-02-12T01:00:00+01:00,1.1,car,11,16,-5
2026-02-12T01:00:00+01:00,1.1,light,4,8,-4
2026-02-12T01:00:00+01:00,1.1,motorcycle,2,2,0
2026-02-12T01:00:00+01:00,1.1,pedestrian,665,590,75
2026-02-12T01:00:00+01:00,1.1,pram,2,7,-5
2026-02-12T01:00:00+01:00,1.1,scooter,2,2,0
2026-02-12T01:00:00+01:00,1.1,tractor,1,3,-2
2026-02-12T01:00:00+01:00,1.1,van,8,15,-7
2026-02-12T01:00:00+01:00,1.2,animal,3,1,2
2026-02-12T01:00:00+01:00,1.2,bicycle,25,15,10
2026-02-12T01:00:00+01:00,1.2,bus,2,1,1
2026-02-12T01:00:00+01:00,1.2,car,45,33,12
2026-02-12T01:00:00+01:00,1.2,car trailer,0,1,-1
2026-02-12T01:00:00+01:00,1.2,light,8,9,-1
2026-02-12T01:00:00+01:00,1.2,motorcycle,3,0,3
2026-02-12T01:00:00+01:00,1.2,pedestrian,1758,1946,-188
2026-02-12T01:00:00+01:00,1.2,pram,0,2,-2
2026-02-12T01:00:00+01:00,1.2,scooter,0,1,-1
2026-02-12T01:00:00+01:00,1.2,van,14,10,4
2026-02-12T01:00:00+01:00,1.2,wheelchair,2,0,2
2026-02-12T01:00:00+01:00,2.1,car,8,58,-50
2026-02-12T01:00:00+01:00,2.1,light,4,4,0
2026-02-12T01:00:00+01:00,2.1,pedestrian,1,0,1
2026-02-12T01:00:00+01:00,2.1,van,10,22,-12
2026-02-12T01:00:00+01:00,2.2,bicycle,0,1,-1
2026-02-12T01:00:00+01:00,2.2,bus,1,0,1
2026-02-12T01:00:00+01:00,2.2,car,199,223,-24
2026-02-12T01:00:00+01:00,2.2,light,11,10,1
2026-02-12T01:00:00+01:00,2.2,pedestrian,35,80,-45
2026-02-12T01:00:00+01:00,2.2,van,37,32,5
2026-02-12T01:00:00+01:00,3.1,animal,16,15,1
2026-02-12T01:00:00+01:00,3.1,bicycle,7,9,-2
2026-02-12T01:00:00+01:00,3.1,bus,1,0,1
2026-02-12T01:00:00+01:00,3.1,car,69,73,-4
2026-02-12T01:00:00+01:00,3.1,light,7,2,5
2026-02-12T01:00:00+01:00,3.1,motorcycle,0,1,-1
2026-02-12T01:00:00+01:00,3.1,pedestrian,1109,1261,-152
2026-02-12T01:00:00+01:00,3.1,pram,4,2,2
2026-02-12T01:00:00+01:00,3.1,scooter,0,1,-1
2026-02-12T01:00:00+01:00,3.1,tractor,3,0,3
2026-02-12T01:00:00+01:00,3.1,van,22,18,4
2026-02-13T01:00:00+01:00,1.1,animal,7,9,-2
2026-02-13T01:00:00+01:00,1.1,bicycle,25,40,-15
2026-02-13T01:00:00+01:00,1.1,car,11,23,-12
2026-02-13T01:00:00+01:00,1.1,car trailer,1,3,-2
2026-02-13T01:00:00+01:00,1.1,light,3,4,-1
2026-02-13T01:00:00+01:00,1.1,motorcycle,1,3,-2
2026-02-13T01:00:00+01:00,1.1,pedestrian,1058,962,96
2026-02-13T01:00:00+01:00,1.1,pram,12,13,-1
2026-02-13T01:00:00+01:00,1.1,scooter,2,6,-4
2026-02-13T01:00:00+01:00,1.1,tractor,0,3,-3
2026-02-13T01:00:00+01:00,1.1,truck trailer,0,1,-1
2026-02-13T01:00:00+01:00,1.1,van,7,11,-4
2026-02-13T01:00:00+01:00,1.1,wheelchair,1,1,0
2026-02-13T01:00:00+01:00,1.2,animal,1,5,-4
2026-02-13T01:00:00+01:00,1.2,bicycle,24,32,-8
2026-02-13T01:00:00+01:00,1.2,bus,1,0,1
2026-02-13T01:00:00+01:00,1.2,car,80,66,14
2026-02-13T01:00:00+01:00,1.2,car trailer,1,2,-1
2026-02-13T01:00:00+01:00,1.2,light,4,7,-3
2026-02-13T01:00:00+01:00,1.2,motorcycle,5,3,2
2026-02-13T01:00:00+01:00,1.2,pedestrian,3221,3564,-343
2026-02-13T01:00:00+01:00,1.2,pram,8,4,4
2026-02-13T01:00:00+01:00,1.2,van,26,16,10
2026-02-13T01:00:00+01:00,1.2,wheelchair,0,1,-1
2026-02-13T01:00:00+01:00,2.1,car,4,69,-65
2026-02-13T01:00:00+01:00,2.1,light,11,6,5
2026-02-13T01:00:00+01:00,2.1,pedestrian,4,5,-1
2026-02-13T01:00:00+01:00,2.1,van,3,16,-13
2026-02-13T01:00:00+01:00,2.2,animal,1,0,1
2026-02-13T01:00:00+01:00,2.2,bicycle,7,5,2
2026-02-13T01:00:00+01:00,2.2,car,204,212,-8
2026-02-13T01:00:00+01:00,2.2,car trailer,1,1,0
2026-02-13T01:00:00+01:00,2.2,light,17,7,10
2026-02-13T01:00:00+01:00,2.2,motorcycle,0,1,-1
2026-02-13T01:00:00+01:00,2.2,pedestrian,133,258,-125
2026-02-13T01:00:00+01:00,2.2,pram,0,1,-1
2026-02-13T01:00:00+01:00,2.2,van,37,35,2
2026-02-13T01:00:00+01:00,3.1,animal,14,7,7
2026-02-13T01:00:00+01:00,3.1,bicycle,24,17,7
2026-02-13T01:00:00+01:00,3.1,car,89,116,-27
2026-02-13T01:00:00+01:00,3.1,car trailer,2,2,0
2026-02-13T01:00:00+01:00,3.1,light,6,2,4
2026-02-13T01:00:00+01:00,3.1,motorcycle,0,2,-2
2026-02-13T01:00:00+01:00,3.1,pedestrian,1827,2175,-348
2026-02-13T01:00:00+01:00,3.1,pram,4,4,0
2026-02-13T01:00:00+01:00,3.1,scooter,2,0,2
2026-02-13T01:00:00+01:00,3.1,tractor,3,0,3
2026-02-13T01:00:00+01:00,3.1,van,19,24,-5
2026-02-13T01:00:00+01:00,3.1,wheelchair,2,0,2
2026-02-14T01:00:00+01:00,1.1,animal,20,21,-1
2026-02-14T01:00:00+01:00,1.1,bicycle,38,42,-4
2026-02-14T01:00:00+01:00,1.1,car,14,23,-9
2026-02-14T01:00:00+01:00,1.1,car trailer,1,0,1
2026-02-14T01:00:00+01:00,1.1,light,2,5,-3
2026-02-14T01:00:00+01:00,1.1,motorcycle,1,2,-1
2026-02-14T01:00:00+01:00,1.1,pedestrian,1364,1321,43
2026-02-14T01:00:00+01:00,1.1,pram,12,6,6
2026-02-14T01:00:00+01:00,1.1,scooter,2,3,-1
2026-02-14T01:00:00+01:00,1.1,tractor,0,1,-1
2026-02-14T01:00:00+01:00,1.1,van,0,1,-1
2026-02-14T01:00:00+01:00,1.2,animal,1,2,-1
2026-02-14T01:00:00+01:00,1.2,bicycle,23,23,0
2026-02-14T01:00:00+01:00,1.2,car,112,93,19
2026-02-14T01:00:00+01:00,1.2,light,4,1,3
2026-02-14T01:00:00+01:00,1.2,motorcycle,2,1,1
2026-02-14T01:00:00+01:00,1.2,pedestrian,3346,3593,-247
2026-02-14T01:00:00+01:00,1.2,pram,5,12,-7
2026-02-14T01:00:00+01:00,1.2,scooter,0,1,-1
2026-02-14T01:00:00+01:00,1.2,van,5,0,5
2026-02-14T01:00:00+01:00,2.1,bicycle,0,1,-1
2026-02-14T01:00:00+01:00,2.1,car,25,138,-113
2026-02-14T01:00:00+01:00,2.1,light,1,1,0
2026-02-14T01:00:00+01:00,2.1,pedestrian,12,17,-5
2026-02-14T01:00:00+01:00,2.1,van,0,2,-2
2026-02-14T01:00:00+01:00,2.2,animal,0,2,-2
2026-02-14T01:00:00+01:00,2.2,bicycle,8,4,4
2026-02-14T01:00:00+01:00,2.2,car,317,286,31
2026-02-14T01:00:00+01:00,2.2,light,4,1,3
2026-02-14T01:00:00+01:00,2.2,motorcycle,0,1,-1
2026-02-14T01:00:00+01:00,2.2,pedestrian,238,355,-117
2026-02-14T01:00:00+01:00,2.2,van,47,45,2
2026-02-14T01:00:00+01:00,3.1,animal,20,17,3
2026-02-14T01:00:00+01:00,3.1,bicycle,25,19,6
2026-02-14T01:00:00+01:00,3.1,car,122,165,-43
2026-02-14T01:00:00+01:00,3.1,light,2,1,1
2026-02-14T01:00:00+01:00,3.1,motorcycle,1,1,0
2026-02-14T01:00:00+01:00,3.1,pedestrian,2217,2633,-416
2026-02-14T01:00:00+01:00,3.1,pram,17,13,4
2026-02-14T01:00:00+01:00,3.1,scooter,1,2,-1
2026-02-14T01:00:00+01:00,3.1,tractor,1,0,1
2026-02-14T01:00:00+01:00,3.1,van,2,5,-3
2026-02-15T01:00:00+01:00,1.1,animal,5,5,0
2026-02-15T01:00:00+01:00,1.1,bicycle,28,36,-8
2026-02-15T01:00:00+01:00,1.1,car,10,24,-14
2026-02-15T01:00:00+01:00,1.1,car trailer,0,1,-1
2026-02-15T01:00:00+01:00,1.1,light,1,2,-1
2026-02-15T01:00:00+01:00,1.1,motorcycle,1,0,1
2026-02-15T01:00:00+01:00,1.1,pedestrian,710,704,6
2026-02-15T01:00:00+01:00,1.1,pram,15,11,4
2026-02-15T01:00:00+01:00,1.1,scooter,1,0,1
2026-02-15T01:00:00+01:00,1.1,tractor,0,1,-1
2026-02-15T01:00:00+01:00,1.2,animal,1,6,-5
2026-02-15T01:00:00+01:00,1.2,bicycle,16,22,-6
2026-02-15T01:00:00+01:00,1.2,car,54,42,12
2026-02-15T01:00:00+01:00,1.2,light,1,0,1
2026-02-15T01:00:00+01:00,1.2,motorcycle,4,2,2
2026-02-15T01:00:00+01:00,1.2,pedestrian,1589,1589,0
2026-02-15T01:00:00+01:00,1.2,pram,10,7,3
2026-02-15T01:00:00+01:00,1.2,scooter,1,1,0
2026-02-15T01:00:00+01:00,1.2,van,1,0,1
2026-02-15T01:00:00+01:00,1.2,wheelchair,2,1,1
2026-02-15T01:00:00+01:00,2.1,car,5,90,-85
2026-02-15T01:00:00+01:00,2.1,pedestrian,8,4,4
2026-02-15T01:00:00+01:00,2.1,van,0,1,-1
2026-02-15T01:00:00+01:00,2.2,animal,1,1,0
2026-02-15T01:00:00+01:00,2.2,bicycle,12,10,2
2026-02-15T01:00:00+01:00,2.2,car,202,163,39
2026-02-15T01:00:00+01:00,2.2,car trailer,1,0,1
2026-02-15T01:00:00+01:00,2.2,light,1,0,1
2026-02-15T01:00:00+01:00,2.2,pedestrian,127,180,-53
2026-02-15T01:00:00+01:00,2.2,scooter,3,0,3
2026-02-15T01:00:00+01:00,2.2,van,3,3,0
2026-02-15T01:00:00+01:00,3.1,animal,16,9,7
2026-02-15T01:00:00+01:00,3.1,bicycle,39,29,10
2026-02-15T01:00:00+01:00,3.1,car,47,52,-5
2026-02-15T01:00:00+01:00,3.1,car trailer,2,0,2
2026-02-15T01:00:00+01:00,3.1,light,1,0,1
2026-02-15T01:00:00+01:00,3.1,motorcycle,3,0,3
2026-02-15T01:00:00+01:00,3.1,pedestrian,1045,1153,-108
2026-02-15T01:00:00+01:00,3.1,pram,3,10,-7
2026-02-15T01:00:00+01:00,3.1,scooter,7,1,6
2026-02-15T01:00:00+01:00,3.1,tractor,1,0,1
2026-02-15T01:00:00+01:00,3.1,van,0,1,-1
2026-02-16T01:00:00+01:00,1.1,animal,4,5,-1
2026-02-16T01:00:00+01:00,1.1,bicycle,86,82,4
2026-02-16T01:00:00+01:00,1.1,car,19,33,-14
2026-02-16T01:00:00+01:00,1.1,light,2,3,-1
2026-02-16T01:00:00+01:00,1.1,motorcycle,1,4,-3
2026-02-16T01:00:00+01:00,1.1,pedestrian,575,603,-28
2026-02-16T01:00:00+01:00,1.1,pram,16,12,4
2026-02-16T01:00:00+01:00,1.1,scooter,5,2,3
2026-02-16T01:00:00+01:00,1.1,van,12,10,2
2026-02-16T01:00:00+01:00,1.1,wheelchair,1,1,0
2026-02-16T01:00:00+01:00,1.2,animal,8,2,6
2026-02-16T01:00:00+01:00,1.2,bicycle,55,55,0
2026-02-16T01:00:00+01:00,1.2,bus,1,1,0
2026-02-16T01:00:00+01:00,1.2,car,164,116,48
2026-02-16T01:00:00+01:00,1.2,light,7,3,4
2026-02-16T01:00:00+01:00,1.2,motorcycle,2,2,0
2026-02-16T01:00:00+01:00,1.2,pedestrian,1894,2113,-219
2026-02-16T01:00:00+01:00,1.2,pram,11,6,5
2026-02-16T01:00:00+01:00,1.2,van,22,12,10
2026-02-16T01:00:00+01:00,1.2,wheelchair,2,0,2
2026-02-16T01:00:00+01:00,2.1,car,9,173,-164
2026-02-16T01:00:00+01:00,2.1,light,7,8,-1
2026-02-16T01:00:00+01:00,2.1,pedestrian,1,3,-2
2026-02-16T01:00:00+01:00,2.1,van,16,26,-10
2026-02-16T01:00:00+01:00,2.2,bicycle,2,11,-9
2026-02-16T01:00:00+01:00,2.2,car,215,200,15
2026-02-16T01:00:00+01:00,2.2,car trailer,0,1,-1
2026-02-16T01:00:00+01:00,2.2,light,17,5,12
2026-02-16T01:00:00+01:00,2.2,pedestrian,93,154,-61
2026-02-16T01:00:00+01:00,2.2,scooter,0,1,-1
2026-02-16T01:00:00+01:00,2.2,van,28,34,-6
2026-02-16T01:00:00+01:00,2.2,wheelchair,1,0,1
2026-02-16T01:00:00+01:00,3.1,animal,16,18,-2
2026-02-16T01:00:00+01:00,3.1,bicycle,42,29,13
2026-02-16T01:00:00+01:00,3.1,bus,0,1,-1
2026-02-16T01:00:00+01:00,3.1,car,183,302,-119
2026-02-16T01:00:00+01:00,3.1,car trailer,0,1,-1
2026-02-16T01:00:00+01:00,3.1,light,6,7,-1
2026-02-16T01:00:00+01:00,3.1,motorcycle,1,0,1
2026-02-16T01:00:00+01:00,3.1,pedestrian,1477,1625,-148
2026-02-16T01:00:00+01:00,3.1,pram,8,8,0
2026-02-16T01:00:00+01:00,3.1,scooter,1,1,0
2026-02-16T01:00:00+01:00,3.1,tractor,0,1,-1
2026-02-16T01:00:00+01:00,3.1,van,18,20,-2
2026-02-16T01:00:00+01:00,3.1,wheelchair,2,3,-1
2026-02-17T01:00:00+01:00,1.1,animal,7,11,-4
2026-02-17T01:00:00+01:00,1.1,bicycle,57,77,-20
2026-02-17T01:00:00+01:00,1.1,car,13,27,-14
2026-02-17T01:00:00+01:00,1.1,car trailer,2,1,1
2026-02-17T01:00:00+01:00,1.1,light,1,6,-5
2026-02-17T01:00:00+01:00,1.1,motorcycle,5,8,-3
2026-02-17T01:00:00+01:00,1.1,pedestrian,819,729,90
2026-02-17T01:00:00+01:00,1.1,pram,20,20,0
2026-02-17T01:00:00+01:00,1.1,scooter,0,1,-1
2026-02-17T01:00:00+01:00,1.1,tractor,1,3,-2
2026-02-17T01:00:00+01:00,1.1,van,7,19,-12
2026-02-17T01:00:00+01:00,1.1,wheelchair,0,1,-1
2026-02-17T01:00:00+01:00,1.2,animal,1,2,-1
2026-02-17T01:00:00+01:00,1.2,bicycle,56,32,24
2026-02-17T01:00:00+01:00,1.2,car,99,47,52
2026-02-17T01:00:00+01:00,1.2,light,3,5,-2
2026-02-17T01:00:00+01:00,1.2,motorcycle,15,7,8
2026-02-17T01:00:00+01:00,1.2,pedestrian,1573,1781,-208
2026-02-17T01:00:00+01:00,1.2,pram,4,2,2
2026-02-17T01:00:00+01:00,1.2,scooter,0,1,-1
2026-02-17T01:00:00+01:00,1.2,van,36,16,20
2026-02-17T01:00:00+01:00,1.2,wheelchair,1,1,0
2026-02-17T01:00:00+01:00,2.1,bicycle,0,1,-1
2026-02-17T01:00:00+01:00,2.1,car,11,146,-135
2026-02-17T01:00:00+01:00,2.1,light,9,0,9
2026-02-17T01:00:00+01:00,2.1,pedestrian,3,8,-5
2026-02-17T01:00:00+01:00,2.1,van,15,33,-18
2026-02-17T01:00:00+01:00,2.2,animal,1,0,1
2026-02-17T01:00:00+01:00,2.2,bicycle,3,2,1
2026-02-17T01:00:00+01:00,2.2,bus,1,0,1
2026-02-17T01:00:00+01:00,2.2,car,178,172,6
2026-02-17T01:00:00+01:00,2.2,car trailer,1,1,0
2026-02-17T01:00:00+01:00,2.2,heavy,1,0,1
2026-02-17T01:00:00+01:00,2.2,light,16,3,13
2026-02-17T01:00:00+01:00,2.2,motorcycle,0,1,-1
2026-02-17T01:00:00+01:00,2.2,pedestrian,83,107,-24
2026-02-17T01:00:00+01:00,2.2,van,48,45,3
2026-02-17T01:00:00+01:00,2.2,wheelchair,1,0,1
2026-02-17T01:00:00+01:00,3.1,animal,7,7,0
2026-02-17T01:00:00+01:00,3.1,bicycle,21,18,3
2026-02-17T01:00:00+01:00,3.1,car,93,140,-47
2026-02-17T01:00:00+01:00,3.1,car trailer,2,3,-1
2026-02-17T01:00:00+01:00,3.1,light,12,5,7
2026-02-17T01:00:00+01:00,3.1,motorcycle,3,1,2
2026-02-17T01:00:00+01:00,3.1,pedestrian,1304,1398,-94
2026-02-17T01:00:00+01:00,3.1,pram,2,7,-5
2026-02-17T01:00:00+01:00,3.1,scooter,1,2,-1
2026-02-17T01:00:00+01:00,3.1,tractor,1,0,1
2026-02-17T01:00:00+01:00,3.1,van,17,20,-3
2026-02-17T01:00:00+01:00,3.1,wheelchair,1,1,0
2026-02-18T01:00:00+01:00,1.1,animal,19,33,-14
2026-02-18T01:00:00+01:00,1.1,bicycle,51,61,-10
2026-02-18T01:00:00+01:00,1.1,car,45,50,-5
2026-02-18T01:00:00+01:00,1.1,car trailer,2,2,0
2026-02-18T01:00:00+01:00,1.1,light,7,4,3
2026-02-18T01:00:00+01:00,1.1,motorcycle,2,3,-1
2026-02-18T01:00:00+01:00,1.1,pedestrian,774,744,30
2026-02-18T01:00:00+01:00,1.1,pram,27,22,5
2026-02-18T01:00:00+01:00,1.1,tractor,0,2,-2
2026-02-18T01:00:00+01:00,1.1,van,6,12,-6
2026-02-18T01:00:00+01:00,1.1,wheelchair,0,2,-2
2026-02-18T01:00:00+01:00,1.2,animal,1,2,-1
2026-02-18T01:00:00+01:00,1.2,bicycle,35,32,3
2026-02-18T01:00:00+01:00,1.2,car,81,49,32
2026-02-18T01:00:00+01:00,1.2,car trailer,0,1,-1
2026-02-18T01:00:00+01:00,1.2,light,4,2,2
2026-02-18T01:00:00+01:00,1.2,motorcycle,2,1,1
2026-02-18T01:00:00+01:00,1.2,pedestrian,2044,2317,-273
2026-02-18T01:00:00+01:00,1.2,pram,2,2,0
2026-02-18T01:00:00+01:00,1.2,van,19,8,11
2026-02-18T01:00:00+01:00,1.2,wheelchair,3,2,1
2026-02-18T01:00:00+01:00,2.1,car,5,49,-44
2026-02-18T01:00:00+01:00,2.1,light,2,4,-2
2026-02-18T01:00:00+01:00,2.1,van,5,18,-13
2026-02-18T01:00:00+01:00,2.2,bicycle,0,5,-5
2026-02-18T01:00:00+01:00,2.2,bus,0,1,-1
2026-02-18T01:00:00+01:00,2.2,car,350,348,2
2026-02-18T01:00:00+01:00,2.2,light,7,7,0
2026-02-18T01:00:00+01:00,2.2,motorcycle,0,1,-1
2026-02-18T01:00:00+01:00,2.2,pedestrian,72,101,-29
2026-02-18T01:00:00+01:00,2.2,tractor,0,1,-1
2026-02-18T01:00:00+01:00,2.2,truck trailer,1,0,1
2026-02-18T01:00:00+01:00,2.2,van,96,83,13
2026-02-18T01:00:00+01:00,3.1,animal,16,9,7
2026-02-18T01:00:00+01:00,3.1,bicycle,19,26,-7
2026-02-18T01:00:00+01:00,3.1,car,74,114,-40
2026-02-18T01:00:00+01:00,3.1,car trailer,3,0,3
2026-02-18T01:00:00+01:00,3.1,light,1,4,-3
2026-02-18T01:00:00+01:00,3.1,motorcycle,2,5,-3
2026-02-18T01:00:00+01:00,3.1,pedestrian,1078,1072,6
2026-02-18T01:00:00+01:00,3.1,pram,14,8,6
2026-02-18T01:00:00+01:00,3.1,scooter,1,1,0
2026-02-18T01:00:00+01:00,3.1,tractor,2,0,2
2026-02-18T01:00:00+01:00,3.1,truck trailer,1,0,1
2026-02-18T01:00:00+01:00,3.1,van,9,9,0
2026-02-18T01:00:00+01:00,3.1,wheelchair,1,1,0
2026-02-19T01:00:00+01:00,1.1,animal,19,14,5
2026-02-19T01:00:00+01:00,1.1,bicycle,70,95,-25
2026-02-19T01:00:00+01:00,1.1,bus,0,1,-1
2026-02-19T01:00:00+01:00,1.1,car,10,15,-5
2026-02-19T01:00:00+01:00,1.1,car trailer,5,2,3
2026-02-19T01:00:00+01:00,1.1,light,6,8,-2
2026-02-19T01:00:00+01:00,1.1,motorcycle,3,2,1
2026-02-19T01:00:00+01:00,1.1,pedestrian,875,797,78
2026-02-19T01:00:00+01:00,1.1,pram,23,24,-1
2026-02-19T01:00:00+01:00,1.1,scooter,6,8,-2
2026-02-19T01:00:00+01:00,1.1,tractor,0,1,-1
2026-02-19T01:00:00+01:00,1.1,van,10,16,-6
2026-02-19T01:00:00+01:00,1.1,wheelchair,1,2,-1
2026-02-19T01:00:00+01:00,1.2,animal,1,1,0
2026-02-19T01:00:00+01:00,1.2,bicycle,54,68,-14
2026-02-19T01:00:00+01:00,1.2,bus,3,1,2
2026-02-19T01:00:00+01:00,1.2,car,55,26,29
2026-02-19T01:00:00+01:00,1.2,light,8,4,4
2026-02-19T01:00:00+01:00,1.2,motorcycle,13,5,8
2026-02-19T01:00:00+01:00,1.2,pedestrian,1835,1983,-148
2026-02-19T01:00:00+01:00,1.2,pram,5,4,1
2026-02-19T01:00:00+01:00,1.2,scooter,2,6,-4
2026-02-19T01:00:00+01:00,1.2,van,17,15,2
2026-02-19T01:00:00+01:00,2.1,car,3,14,-11
2026-02-19T01:00:00+01:00,2.1,van,7,9,-2
2026-02-19T01:00:00+01:00,2.2,bicycle,9,9,0
2026-02-19T01:00:00+01:00,2.2,bus,1,1,0
2026-02-19T01:00:00+01:00,2.2,car,294,246,48
2026-02-19T01:00:00+01:00,2.2,heavy,1,0,1
2026-02-19T01:00:00+01:00,2.2,light,13,3,10
2026-02-19T01:00:00+01:00,2.2,pedestrian,94,108,-14
2026-02-19T01:00:00+01:00,2.2,pram,1,0,1
2026-02-19T01:00:00+01:00,2.2,van,49,47,2
2026-02-19T01:00:00+01:00,3.1,animal,20,14,6
2026-02-19T01:00:00+01:00,3.1,bicycle,50,38,12
2026-02-19T01:00:00+01:00,3.1,bus,1,0,1
2026-02-19T01:00:00+01:00,3.1,car,27,26,1
2026-02-19T01:00:00+01:00,3.1,car trailer,1,0,1
2026-02-19T01:00:00+01:00,3.1,light,3,5,-2
2026-02-19T01:00:00+01:00,3.1,motorcycle,6,2,4
2026-02-19T01:00:00+01:00,3.1,pedestrian,869,792,77
2026-02-19T01:00:00+01:00,3.1,pram,6,9,-3
2026-02-19T01:00:00+01:00,3.1,scooter,0,5,-5
2026-02-19T01:00:00+01:00,3.1,tractor,2,0,2
2026-02-19T01:00:00+01:00,3.1,van,20,9,11
2026-02-19T01:00:00+01:00,3.1,wheelchair,1,1,0
2026-02-20T01:00:00+01:00,1.1,animal,22,35,-13
2026-02-20T01:00:00+01:00,1.1,bicycle,55,80,-25
2026-02-20T01:00:00+01:00,1.1,car,23,39,-16
2026-02-20T01:00:00+01:00,1.1,car trailer,4,5,-1
2026-02-20T01:00:00+01:00,1.1,light,3,8,-5
2026-02-20T01:00:00+01:00,1.1,motorcycle,14,16,-2
2026-02-20T01:00:00+01:00,1.1,pedestrian,1273,1047,226
2026-02-20T01:00:00+01:00,1.1,pram,46,37,9
2026-02-20T01:00:00+01:00,1.1,scooter,8,11,-3
2026-02-20T01:00:00+01:00,1.1,tractor,2,5,-3
2026-02-20T01:00:00+01:00,1.1,truck trailer,1,5,-4
2026-02-20T01:00:00+01:00,1.1,van,6,8,-2
2026-02-20T01:00:00+01:00,1.1,wheelchair,2,3,-1
2026-02-20T01:00:00+01:00,1.2,animal,1,3,-2
2026-02-20T01:00:00+01:00,1.2,bicycle,44,45,-1
2026-02-20T01:00:00+01:00,1.2,car,153,84,69
2026-02-20T01:00:00+01:00,1.2,light,8,9,-1
2026-02-20T01:00:00+01:00,1.2,motorcycle,14,8,6
2026-02-20T01:00:00+01:00,1.2,pedestrian,2049,2437,-388
2026-02-20T01:00:00+01:00,1.2,pram,6,4,2
2026-02-20T01:00:00+01:00,1.2,van,11,12,-1
2026-02-20T01:00:00+01:00,1.2,wheelchair,1,1,0
2026-02-20T01:00:00+01:00,2.1,car,14,14,0
2026-02-20T01:00:00+01:00,2.1,light,0,1,-1
2026-02-20T01:00:00+01:00,2.1,pedestrian,0,1,-1
2026-02-20T01:00:00+01:00,2.1,van,6,8,-2
2026-02-20T01:00:00+01:00,2.2,bicycle,5,8,-3
2026-02-20T01:00:00+01:00,2.2,bus,1,0,1
2026-02-20T01:00:00+01:00,2.2,car,461,403,58
2026-02-20T01:00:00+01:00,2.2,light,19,15,4
2026-02-20T01:00:00+01:00,2.2,motorcycle,1,0,1
2026-02-20T01:00:00+01:00,2.2,pedestrian,151,181,-30
2026-02-20T01:00:00+01:00,2.2,van,49,48,1
2026-02-20T01:00:00+01:00,2.2,wheelchair,1,0,1
2026-02-20T01:00:00+01:00,3.1,animal,11,4,7
2026-02-20T01:00:00+01:00,3.1,bicycle,51,34,17
2026-02-20T01:00:00+01:00,3.1,car,72,52,20
2026-02-20T01:00:00+01:00,3.1,car trailer,1,0,1
2026-02-20T01:00:00+01:00,3.1,light,8,6,2
2026-02-20T01:00:00+01:00,3.1,motorcycle,5,6,-1
2026-02-20T01:00:00+01:00,3.1,pedestrian,1541,1302,239
2026-02-20T01:00:00+01:00,3.1,pram,11,13,-2
2026-02-20T01:00:00+01:00,3.1,scooter,2,1,1
2026-02-20T01:00:00+01:00,3.1,tractor,2,0,2
2026-02-20T01:00:00+01:00,3.1,van,12,8,4
2026-02-20T01:00:00+01:00,3.1,wheelchair,2,0,2
2026-02-21T01:00:00+01:00,1.1,animal,46,75,-29
2026-02-21T01:00:00+01:00,1.1,bicycle,54,60,-6
2026-02-21T01:00:00+01:00,1.1,car,19,28,-9
2026-02-21T01:00:00+01:00,1.1,car trailer,1,0,1
2026-02-21T01:00:00+01:00,1.1,light,2,2,0
2026-02-21T01:00:00+01:00,1.1,motorcycle,6,3,3
2026-02-21T01:00:00+01:00,1.1,pedestrian,1615,1657,-42
2026-02-21T01:00:00+01:00,1.1,pram,39,47,-8
2026-02-21T01:00:00+01:00,1.1,scooter,6,14,-8
2026-02-21T01:00:00+01:00,1.1,van,0,2,-2
2026-02-21T01:00:00+01:00,1.2,animal,3,2,1
2026-02-21T01:00:00+01:00,1.2,bicycle,40,51,-11
2026-02-21T01:00:00+01:00,1.2,bus,0,1,-1
2026-02-21T01:00:00+01:00,1.2,car,48,46,2
2026-02-21T01:00:00+01:00,1.2,light,2,1,1
2026-02-21T01:00:00+01:00,1.2,motorcycle,7,5,2
2026-02-21T01:00:00+01:00,1.2,pedestrian,2508,2915,-407
2026-02-21T01:00:00+01:00,1.2,pram,15,19,-4
2026-02-21T01:00:00+01:00,1.2,scooter,5,6,-1
2026-02-21T01:00:00+01:00,1.2,van,2,1,1
2026-02-21T01:00:00+01:00,2.1,car,1,8,-7
2026-02-21T01:00:00+01:00,2.1,light,0,1,-1
2026-02-21T01:00:00+01:00,2.1,van,4,4,0
2026-02-21T01:00:00+01:00,2.2,animal,0,1,-1
2026-02-21T01:00:00+01:00,2.2,bicycle,10,12,-2
2026-02-21T01:00:00+01:00,2.2,bus,17,17,0
2026-02-21T01:00:00+01:00,2.2,car,465,408,57
2026-02-21T01:00:00+01:00,2.2,car trailer,0,2,-2
2026-02-21T01:00:00+01:00,2.2,light,13,18,-5
2026-02-21T01:00:00+01:00,2.2,pedestrian,219,243,-24
2026-02-21T01:00:00+01:00,2.2,pram,0,2,-2
2026-02-21T01:00:00+01:00,2.2,van,8,7,1
2026-02-21T01:00:00+01:00,3.1,animal,21,27,-6
2026-02-21T01:00:00+01:00,3.1,bicycle,48,40,8
2026-02-21T01:00:00+01:00,3.1,car,47,22,25
2026-02-21T01:00:00+01:00,3.1,car trailer,3,3,0
2026-02-21T01:00:00+01:00,3.1,light,0,1,-1
2026-02-21T01:00:00+01:00,3.1,motorcycle,0,5,-5
2026-02-21T01:00:00+01:00,3.1,pedestrian,1406,1318,88
2026-02-21T01:00:00+01:00,3.1,pram,30,26,4
2026-02-21T01:00:00+01:00,3.1,scooter,2,2,0
2026-02-21T01:00:00+01:00,3.1,van,4,1,3
2026-02-22T01:00:00+01:00,1.1,animal,15,56,-41
2026-02-22T01:00:00+01:00,1.1,bicycle,12,37,-25
2026-02-22T01:00:00+01:00,1.1,car,5,9,-4
2026-02-22T01:00:00+01:00,1.1,light,1,3,-2
2026-02-22T01:00:00+01:00,1.1,motorcycle,3,5,-2
2026-02-22T01:00:00+01:00,1.1,pedestrian,413,575,-162
2026-02-22T01:00:00+01:00,1.1,pram,12,22,-10
2026-02-22T01:00:00+01:00,1.1,scooter,2,5,-3
2026-02-22T01:00:00+01:00,1.1,tractor,0,1,-1
2026-02-22T01:00:00+01:00,1.1,van,2,3,-1
2026-02-22T01:00:00+01:00,1.2,animal,0,1,-1
2026-02-22T01:00:00+01:00,1.2,bicycle,19,9,10
2026-02-22T01:00:00+01:00,1.2,car,12,12,0
2026-02-22T01:00:00+01:00,1.2,pedestrian,1053,1006,47
2026-02-22T01:00:00+01:00,1.2,pram,8,2,6
2026-02-22T01:00:00+01:00,1.2,van,3,4,-1
2026-02-22T01:00:00+01:00,2.1,car,0,2,-2
2026-02-22T01:00:00+01:00,2.1,pedestrian,0,1,-1
2026-02-22T01:00:00+01:00,2.2,bicycle,1,1,0
2026-02-22T01:00:00+01:00,2.2,bus,1,0,1
2026-02-22T01:00:00+01:00,2.2,car,257,253,4
2026-02-22T01:00:00+01:00,2.2,light,2,1,1
2026-02-22T01:00:00+01:00,2.2,motorcycle,2,0,2
2026-02-22T01:00:00+01:00,2.2,pedestrian,54,79,-25
2026-02-22T01:00:00+01:00,2.2,van,3,6,-3
2026-02-22T01:00:00+01:00,3.1,animal,12,10,2
2026-02-22T01:00:00+01:00,3.1,bicycle,18,23,-5
2026-02-22T01:00:00+01:00,3.1,car,16,16,0
2026-02-22T01:00:00+01:00,3.1,light,2,0,2
2026-02-22T01:00:00+01:00,3.1,motorcycle,1,0,1
2026-02-22T01:00:00+01:00,3.1,pedestrian,598,508,90
2026-02-22T01:00:00+01:00,3.1,pram,7,4,3
2026-02-22T01:00:00+01:00,3.1,scooter,3,1,2
2026-02-22T01:00:00+01:00,3.1,van,1,2,-1
2026-02-22T01:00:00+01:00,3.1,wheelchair,1,2,-1
2026-02-23T01:00:00+01:00,1.1,animal,8,13,-5
2026-02-23T01:00:00+01:00,1.1,bicycle,62,91,-29
2026-02-23T01:00:00+01:00,1.1,car,9,17,-8
2026-02-23T01:00:00+01:00,1.1,car trailer,0,1,-1
2026-02-23T01:00:00+01:00,1.1,light,3,5,-2
2026-02-23T01:00:00+01:00,1.1,motorcycle,10,8,2
2026-02-23T01:00:00+01:00,1.1,pedestrian,672,746,-74
2026-02-23T01:00:00+01:00,1.1,pram,16,21,-5
2026-02-23T01:00:00+01:00,1.1,scooter,4,7,-3
2026-02-23T01:00:00+01:00,1.1,van,12,14,-2
2026-02-23T01:00:00+01:00,1.1,wheelchair,2,2,0
2026-02-23T01:00:00+01:00,1.2,animal,0,3,-3
2026-02-23T01:00:00+01:00,1.2,bicycle,53,68,-15
2026-02-23T01:00:00+01:00,1.2,car,35,31,4
2026-02-23T01:00:00+01:00,1.2,light,11,8,3
2026-02-23T01:00:00+01:00,1.2,motorcycle,5,6,-1
2026-02-23T01:00:00+01:00,1.2,pedestrian,1513,1633,-120
2026-02-23T01:00:00+01:00,1.2,pram,6,6,0
2026-02-23T01:00:00+01:00,1.2,scooter,10,16,-6
2026-02-23T01:00:00+01:00,1.2,van,13,7,6
2026-02-23T01:00:00+01:00,1.2,wheelchair,1,1,0
2026-02-23T01:00:00+01:00,2.1,car,2,8,-6
2026-02-23T01:00:00+01:00,2.1,light,2,1,1
2026-02-23T01:00:00+01:00,2.1,van,4,7,-3
2026-02-23T01:00:00+01:00,2.2,animal,0,1,-1
2026-02-23T01:00:00+01:00,2.2,bicycle,4,4,0
2026-02-23T01:00:00+01:00,2.2,car,272,273,-1
2026-02-23T01:00:00+01:00,2.2,car trailer,0,1,-1
2026-02-23T01:00:00+01:00,2.2,light,33,31,2
2026-02-23T01:00:00+01:00,2.2,motorcycle,2,1,1
2026-02-23T01:00:00+01:00,2.2,pedestrian,121,153,-32
2026-02-23T01:00:00+01:00,2.2,pram,1,0,1
2026-02-23T01:00:00+01:00,2.2,van,49,55,-6
2026-02-23T01:00:00+01:00,2.2,wheelchair,0,1,-1
2026-02-23T01:00:00+01:00,3.1,animal,10,6,4
2026-02-23T01:00:00+01:00,3.1,bicycle,71,43,28
2026-02-23T01:00:00+01:00,3.1,car,41,26,15
2026-02-23T01:00:00+01:00,3.1,car trailer,3,5,-2
2026-02-23T01:00:00+01:00,3.1,light,2,3,-1
2026-02-23T01:00:00+01:00,3.1,motorcycle,4,1,3
2026-02-23T01:00:00+01:00,3.1,pedestrian,889,796,93
2026-02-23T01:00:00+01:00,3.1,pram,10,14,-4
2026-02-23T01:00:00+01:00,3.1,scooter,5,4,1
2026-02-23T01:00:00+01:00,3.1,van,11,15,-4
2026-02-23T01:00:00+01:00,3.1,wheelchair,1,2,-1
2026-02-24T01:00:00+01:00,1.1,animal,12,19,-7
2026-02-24T01:00:00+01:00,1.1,bicycle,98,131,-33
2026-02-24T01:00:00+01:00,1.1,car,7,12,-5
2026-02-24T01:00:00+01:00,1.1,light,1,3,-2
2026-02-24T01:00:00+01:00,1.1,motorcycle,11,13,-2
2026-02-24T01:00:00+01:00,1.1,pedestrian,1039,960,79
2026-02-24T01:00:00+01:00,1.1,pram,17,22,-5
2026-02-24T01:00:00+01:00,1.1,scooter,8,11,-3
2026-02-24T01:00:00+01:00,1.1,tractor,0,1,-1
2026-02-24T01:00:00+01:00,1.1,truck trailer,0,1,-1
2026-02-24T01:00:00+01:00,1.1,van,9,9,0
2026-02-24T01:00:00+01:00,1.1,wheelchair,2,1,1
2026-02-24T01:00:00+01:00,1.2,bicycle,54,57,-3
2026-02-24T01:00:00+01:00,1.2,car,62,51,11
2026-02-24T01:00:00+01:00,1.2,light,8,6,2
2026-02-24T01:00:00+01:00,1.2,motorcycle,6,3,3
2026-02-24T01:00:00+01:00,1.2,pedestrian,1716,1934,-218
2026-02-24T01:00:00+01:00,1.2,pram,5,8,-3
2026-02-24T01:00:00+01:00,1.2,scooter,0,1,-1
2026-02-24T01:00:00+01:00,1.2,van,16,18,-2
2026-02-24T01:00:00+01:00,1.2,wheelchair,1,2,-1
2026-02-24T01:00:00+01:00,2.1,car,2,13,-11
2026-02-24T01:00:00+01:00,2.1,pedestrian,1,0,1
2026-02-24T01:00:00+01:00,2.1,van,2,1,1
2026-02-24T01:00:00+01:00,2.2,bicycle,14,18,-4
2026-02-24T01:00:00+01:00,2.2,bus,1,1,0
2026-02-24T01:00:00+01:00,2.2,car,315,347,-32
2026-02-24T01:00:00+01:00,2.2,car trailer,1,0,1
2026-02-24T01:00:00+01:00,2.2,light,18,15,3
2026-02-24T01:00:00+01:00,2.2,motorcycle,5,3,2
2026-02-24T01:00:00+01:00,2.2,pedestrian,183,216,-33
2026-02-24T01:00:00+01:00,2.2,van,38,34,4
2026-02-24T01:00:00+01:00,2.2,wheelchair,0,1,-1
2026-02-24T01:00:00+01:00,3.1,animal,12,3,9
2026-02-24T01:00:00+01:00,3.1,bicycle,61,48,13
2026-02-24T01:00:00+01:00,3.1,car,31,47,-16
2026-02-24T01:00:00+01:00,3.1,light,10,7,3
2026-02-24T01:00:00+01:00,3.1,motorcycle,8,3,5
2026-02-24T01:00:00+01:00,3.1,pedestrian,994,1068,-74
2026-02-24T01:00:00+01:00,3.1,pram,12,3,9
2026-02-24T01:00:00+01:00,3.1,scooter,1,1,0
2026-02-24T01:00:00+01:00,3.1,van,10,11,-1
2026-02-24T01:00:00+01:00,3.1,wheelchair,2,1,1
2026-02-25T01:00:00+01:00,1.1,animal,15,10,5
2026-02-25T01:00:00+01:00,1.1,bicycle,75,104,-29
2026-02-25T01:00:00+01:00,1.1,car,15,19,-4
2026-02-25T01:00:00+01:00,1.1,car trailer,0,1,-1
2026-02-25T01:00:00+01:00,1.1,light,6,6,0
2026-02-25T01:00:00+01:00,1.1,motorcycle,14,14,0
2026-02-25T01:00:00+01:00,1.1,pedestrian,837,791,46
2026-02-25T01:00:00+01:00,1.1,pram,12,22,-10
2026-02-25T01:00:00+01:00,1.1,scooter,10,13,-3
2026-02-25T01:00:00+01:00,1.1,van,14,11,3
2026-02-25T01:00:00+01:00,1.1,wheelchair,4,2,2
2026-02-25T01:00:00+01:00,1.2,bicycle,68,84,-16
2026-02-25T01:00:00+01:00,1.2,car,39,23,16
2026-02-25T01:00:00+01:00,1.2,light,3,7,-4
2026-02-25T01:00:00+01:00,1.2,motorcycle,14,12,2
2026-02-25T01:00:00+01:00,1.2,pedestrian,1815,2014,-199
2026-02-25T01:00:00+01:00,1.2,pram,13,10,3
2026-02-25T01:00:00+01:00,1.2,scooter,1,3,-2
2026-02-25T01:00:00+01:00,1.2,van,12,6,6
2026-02-25T01:00:00+01:00,1.2,wheelchair,2,2,0
2026-02-25T01:00:00+01:00,2.1,car,9,10,-1
2026-02-25T01:00:00+01:00,2.1,pedestrian,1,1,0
2026-02-25T01:00:00+01:00,2.1,van,3,7,-4
2026-02-25T01:00:00+01:00,2.2,animal,0,1,-1
2026-02-25T01:00:00+01:00,2.2,bicycle,7,13,-6
2026-02-25T01:00:00+01:00,2.2,bus,2,1,1
2026-02-25T01:00:00+01:00,2.2,car,352,363,-11
2026-02-25T01:00:00+01:00,2.2,car trailer,2,0,2
2026-02-25T01:00:00+01:00,2.2,light,21,14,7
2026-02-25T01:00:00+01:00,2.2,motorcycle,2,3,-1
2026-02-25T01:00:00+01:00,2.2,pedestrian,150,194,-44
2026-02-25T01:00:00+01:00,2.2,pram,0,1,-1
2026-02-25T01:00:00+01:00,2.2,van,52,53,-1
2026-02-25T01:00:00+01:00,2.2,wheelchair,0,2,-2
2026-02-25T01:00:00+01:00,3.1,animal,11,8,3
2026-02-25T01:00:00+01:00,3.1,bicycle,60,57,3
2026-02-25T01:00:00+01:00,3.1,car,27,40,-13
2026-02-25T01:00:00+01:00,3.1,car trailer,0,1,-1
2026-02-25T01:00:00+01:00,3.1,light,6,2,4
2026-02-25T01:00:00+01:00,3.1,motorcycle,5,5,0
2026-02-25T01:00:00+01:00,3.1,pedestrian,1108,909,199
2026-02-25T01:00:00+01:00,3.1,pram,19,9,10
2026-02-25T01:00:00+01:00,3.1,scooter,2,5,-3
2026-02-25T01:00:00+01:00,3.1,van,10,15,-5
2026-02-25T01:00:00+01:00,3.1,wheelchair,1,6,-5
2026-02-26T01:00:00+01:00,1.1,animal,9,12,-3
2026-02-26T01:00:00+01:00,1.1,bicycle,79,108,-29
2026-02-26T01:00:00+01:00,1.1,car,14,17,-3
2026-02-26T01:00:00+01:00,1.1,car trailer,1,4,-3
2026-02-26T01:00:00+01:00,1.1,light,2,7,-5
2026-02-26T01:00:00+01:00,1.1,motorcycle,13,10,3
2026-02-26T01:00:00+01:00,1.1,pedestrian,910,900,10
2026-02-26T01:00:00+01:00,1.1,pram,25,35,-10
2026-02-26T01:00:00+01:00,1.1,scooter,9,11,-2
2026-02-26T01:00:00+01:00,1.1,van,7,6,1
2026-02-26T01:00:00+01:00,1.1,wheelchair,0,2,-2
2026-02-26T01:00:00+01:00,1.2,bicycle,79,93,-14
2026-02-26T01:00:00+01:00,1.2,bus,1,0,1
2026-02-26T01:00:00+01:00,1.2,car,30,29,1
2026-02-26T01:00:00+01:00,1.2,car trailer,0,1,-1
2026-02-26T01:00:00+01:00,1.2,light,7,1,6
2026-02-26T01:00:00+01:00,1.2,motorcycle,12,7,5
2026-02-26T01:00:00+01:00,1.2,pedestrian,2142,2227,-85
2026-02-26T01:00:00+01:00,1.2,pram,6,9,-3
2026-02-26T01:00:00+01:00,1.2,scooter,0,1,-1
2026-02-26T01:00:00+01:00,1.2,van,10,8,2
2026-02-26T01:00:00+01:00,2.1,car,9,24,-15
2026-02-26T01:00:00+01:00,2.1,van,3,4,-1
2026-02-26T01:00:00+01:00,2.2,bicycle,22,17,5
2026-02-26T01:00:00+01:00,2.2,bus,1,1,0
2026-02-26T01:00:00+01:00,2.2,car,341,351,-10
2026-02-26T01:00:00+01:00,2.2,car trailer,3,0,3
2026-02-26T01:00:00+01:00,2.2,light,18,14,4
2026-02-26T01:00:00+01:00,2.2,motorcycle,2,2,0
2026-02-26T01:00:00+01:00,2.2,pedestrian,175,242,-67
2026-02-26T01:00:00+01:00,2.2,pram,2,3,-1
2026-02-26T01:00:00+01:00,2.2,van,51,54,-3
2026-02-26T01:00:00+01:00,2.2,wheelchair,1,1,0
2026-02-26T01:00:00+01:00,3.1,animal,17,9,8
2026-02-26T01:00:00+01:00,3.1,bicycle,75,72,3
2026-02-26T01:00:00+01:00,3.1,car,38,31,7
2026-02-26T01:00:00+01:00,3.1,car trailer,7,0,7
2026-02-26T01:00:00+01:00,3.1,light,9,3,6
2026-02-26T01:00:00+01:00,3.1,motorcycle,3,4,-1
2026-02-26T01:00:00+01:00,3.1,pedestrian,1122,975,147
2026-02-26T01:00:00+01:00,3.1,pram,16,19,-3
2026-02-26T01:00:00+01:00,3.1,scooter,3,2,1
2026-02-26T01:00:00+01:00,3.1,van,12,13,-1
2026-02-26T01:00:00+01:00,3.1,wheelchair,7,4,3
2026-02-27T01:00:00+01:00,1.1,animal,52,50,2
2026-02-27T01:00:00+01:00,1.1,bicycle,84,76,8
2026-02-27T01:00:00+01:00,1.1,car,13,30,-17
2026-02-27T01:00:00+01:00,1.1,car trailer,2,2,0
2026-02-27T01:00:00+01:00,1.1,light,3,2,1
2026-02-27T01:00:00+01:00,1.1,motorcycle,12,11,1
2026-02-27T01:00:00+01:00,1.1,pedestrian,1275,1113,162
2026-02-27T01:00:00+01:00,1.1,pram,41,44,-3
2026-02-27T01:00:00+01:00,1.1,scooter,17,11,6
2026-02-27T01:00:00+01:00,1.1,tractor,0,1,-1
2026-02-27T01:00:00+01:00,1.1,truck trailer,0,1,-1
2026-02-27T01:00:00+01:00,1.1,van,11,12,-1
2026-02-27T01:00:00+01:00,1.2,animal,2,4,-2
2026-02-27T01:00:00+01:00,1.2,bicycle,33,55,-22
2026-02-27T01:00:00+01:00,1.2,car,96,63,33
2026-02-27T01:00:00+01:00,1.2,light,3,2,1
2026-02-27T01:00:00+01:00,1.2,motorcycle,7,12,-5
2026-02-27T01:00:00+01:00,1.2,pedestrian,1996,2258,-262
2026-02-27T01:00:00+01:00,1.2,pram,7,17,-10
2026-02-27T01:00:00+01:00,1.2,scooter,1,2,-1
2026-02-27T01:00:00+01:00,1.2,van,18,10,8
2026-02-27T01:00:00+01:00,1.2,wheelchair,1,0,1
2026-02-27T01:00:00+01:00,2.1,car,2,4,-2
2026-02-27T01:00:00+01:00,2.1,light,0,1,-1
2026-02-27T01:00:00+01:00,2.1,van,2,8,-6
2026-02-27T01:00:00+01:00,2.2,bicycle,13,7,6
2026-02-27T01:00:00+01:00,2.2,bus,1,2,-1
2026-02-27T01:00:00+01:00,2.2,car,454,440,14
2026-02-27T01:00:00+01:00,2.2,light,19,15,4
2026-02-27T01:00:00+01:00,2.2,pedestrian,123,172,-49
2026-02-27T01:00:00+01:00,2.2,pram,1,0,1
2026-02-27T01:00:00+01:00,2.2,tractor,0,1,-1
2026-02-27T01:00:00+01:00,2.2,van,49,41,8
2026-02-27T01:00:00+01:00,3.1,animal,11,8,3
2026-02-27T01:00:00+01:00,3.1,bicycle,70,47,23
2026-02-27T01:00:00+01:00,3.1,car,46,31,15
2026-02-27T01:00:00+01:00,3.1,light,3,7,-4
2026-02-27T01:00:00+01:00,3.1,motorcycle,4,4,0
2026-02-27T01:00:00+01:00,3.1,pedestrian,1333,1193,140
2026-02-27T01:00:00+01:00,3.1,pram,17,19,-2
2026-02-27T01:00:00+01:00,3.1,scooter,0,1,-1
2026-02-27T01:00:00+01:00,3.1,tractor,2,0,2
2026-02-27T01:00:00+01:00,3.1,van,5,9,-4
2026-02-27T01:00:00+01:00,3.1,wheelchair,0,3,-3
2026-02-28T01:00:00+01:00,1.1,animal,78,114,-36
2026-02-28T01:00:00+01:00,1.1,bicycle,35,38,-3
2026-02-28T01:00:00+01:00,1.1,car,19,29,-10
2026-02-28T01:00:00+01:00,1.1,car trailer,0,1,-1
2026-02-28T01:00:00+01:00,1.1,light,1,4,-3
2026-02-28T01:00:00+01:00,1.1,motorcycle,4,5,-1
2026-02-28T01:00:00+01:00,1.1,pedestrian,1515,1423,92
2026-02-28T01:00:00+01:00,1.1,pram,40,48,-8
2026-02-28T01:00:00+01:00,1.1,scooter,3,11,-8
2026-02-28T01:00:00+01:00,1.1,van,6,5,1
2026-02-28T01:00:00+01:00,1.2,animal,1,2,-1
2026-02-28T01:00:00+01:00,1.2,bicycle,27,36,-9
2026-02-28T01:00:00+01:00,1.2,car,39,17,22
2026-02-28T01:00:00+01:00,1.2,light,4,3,1
2026-02-28T01:00:00+01:00,1.2,motorcycle,9,5,4
2026-02-28T01:00:00+01:00,1.2,pedestrian,2434,2685,-251
2026-02-28T01:00:00+01:00,1.2,pram,9,6,3
2026-02-28T01:00:00+01:00,1.2,scooter,1,0,1
2026-02-28T01:00:00+01:00,1.2,van,6,7,-1
2026-02-28T01:00:00+01:00,2.1,car,1,2,-1
2026-02-28T01:00:00+01:00,2.1,pedestrian,1,1,0
2026-02-28T01:00:00+01:00,2.1,van,0,3,-3
2026-02-28T01:00:00+01:00,2.2,bicycle,7,1,6
2026-02-28T01:00:00+01:00,2.2,bus,4,6,-2
2026-02-28T01:00:00+01:00,2.2,car,501,498,3
2026-02-28T01:00:00+01:00,2.2,car trailer,1,1,0
2026-02-28T01:00:00+01:00,2.2,light,6,2,4
2026-02-28T01:00:00+01:00,2.2,pedestrian,154,188,-34
2026-02-28T01:00:00+01:00,2.2,van,19,23,-4
2026-02-28T01:00:00+01:00,3.1,animal,19,22,-3
2026-02-28T01:00:00+01:00,3.1,bicycle,56,34,22
2026-02-28T01:00:00+01:00,3.1,car,36,30,6
2026-02-28T01:00:00+01:00,3.1,car trailer,2,1,1
2026-02-28T01:00:00+01:00,3.1,light,0,2,-2
2026-02-28T01:00:00+01:00,3.1,motorcycle,0,3,-3
2026-02-28T01:00:00+01:00,3.1,pedestrian,1224,1121,103
2026-02-28T01:00:00+01:00,3.1,pram,10,13,-3
2026-02-28T01:00:00+01:00,3.1,scooter,0,2,-2
2026-02-28T01:00:00+01:00,3.1,van,4,2,2
2026-03-01T01:00:00+01:00,1.1,animal,25,46,-21
2026-03-01T01:00:00+01:00,1.1,bicycle,3,1,2
2026-03-01T01:00:00+01:00,1.1,car,4,2,2
2026-03-01T01:00:00+01:00,1.1,light,0,1,-1
2026-03-01T01:00:00+01:00,1.1,motorcycle,2,1,1
2026-03-01T01:00:00+01:00,1.1,pedestrian,248,390,-142
2026-03-01T01:00:00+01:00,1.1,pram,15,24,-9
2026-03-01T01:00:00+01:00,1.1,scooter,1,5,-4
2026-03-01T01:00:00+01:00,1.1,van,1,1,0
2026-03-01T01:00:00+01:00,1.2,animal,0,1,-1
2026-03-01T01:00:00+01:00,1.2,bicycle,7,5,2
2026-03-01T01:00:00+01:00,1.2,car,7,13,-6
2026-03-01T01:00:00+01:00,1.2,car trailer,1,1,0
2026-03-01T01:00:00+01:00,1.2,pedestrian,596,548,48
2026-03-01T01:00:00+01:00,1.2,pram,0,1,-1
2026-03-01T01:00:00+01:00,1.2,van,1,4,-3
2026-03-01T01:00:00+01:00,1.2,wheelchair,0,1,-1
2026-03-01T01:00:00+01:00,2.1,car,0,3,-3
2026-03-01T01:00:00+01:00,2.1,van,1,0,1
2026-03-01T01:00:00+01:00,2.2,bicycle,8,13,-5
2026-03-01T01:00:00+01:00,2.2,car,301,285,16
2026-03-01T01:00:00+01:00,2.2,car trailer,1,2,-1
2026-03-01T01:00:00+01:00,2.2,light,1,0,1
2026-03-01T01:00:00+01:00,2.2,motorcycle,1,3,-2
2026-03-01T01:00:00+01:00,2.2,pedestrian,131,154,-23
2026-03-01T01:00:00+01:00,2.2,pram,1,1,0
2026-03-01T01:00:00+01:00,2.2,van,7,9,-2
2026-03-01T01:00:00+01:00,3.1,animal,16,12,4
2026-03-01T01:00:00+01:00,3.1,bicycle,26,33,-7
2026-03-01T01:00:00+01:00,3.1,car,28,14,14
2026-03-01T01:00:00+01:00,3.1,car trailer,1,1,0
2026-03-01T01:00:00+01:00,3.1,motorcycle,4,4,0
2026-03-01T01:00:00+01:00,3.1,pedestrian,586,540,46
2026-03-01T01:00:00+01:00,3.1,pram,8,3,5
2026-03-01T01:00:00+01:00,3.1,van,2,3,-1
2026-03-02T01:00:00+01:00,1.1,animal,15,16,-1
2026-03-02T01:00:00+01:00,1.1,bicycle,96,128,-32
2026-03-02T01:00:00+01:00,1.1,car,15,26,-11
2026-03-02T01:00:00+01:00,1.1,car trailer,1,0,1
2026-03-02T01:00:00+01:00,1.1,light,1,3,-2
2026-03-02T01:00:00+01:00,1.1,motorcycle,11,10,1
2026-03-02T01:00:00+01:00,1.1,pedestrian,975,897,78
2026-03-02T01:00:00+01:00,1.1,pram,27,42,-15
2026-03-02T01:00:00+01:00,1.1,scooter,8,7,1
2026-03-02T01:00:00+01:00,1.1,van,12,17,-5
2026-03-02T01:00:00+01:00,1.1,wheelchair,2,4,-2
2026-03-02T01:00:00+01:00,1.2,animal,1,0,1
2026-03-02T01:00:00+01:00,1.2,bicycle,73,71,2
2026-03-02T01:00:00+01:00,1.2,car,34,20,14
2026-03-02T01:00:00+01:00,1.2,car trailer,0,1,-1
2026-03-02T01:00:00+01:00,1.2,light,12,5,7
2026-03-02T01:00:00+01:00,1.2,motorcycle,5,4,1
2026-03-02T01:00:00+01:00,1.2,pedestrian,2064,2289,-225
2026-03-02T01:00:00+01:00,1.2,pram,18,23,-5
2026-03-02T01:00:00+01:00,1.2,scooter,7,15,-8
2026-03-02T01:00:00+01:00,1.2,van,37,17,20
2026-03-02T01:00:00+01:00,1.2,wheelchair,1,0,1
2026-03-02T01:00:00+01:00,2.1,light,1,0,1
2026-03-02T01:00:00+01:00,2.1,van,1,2,-1
2026-03-02T01:00:00+01:00,2.2,bicycle,17,10,7
2026-03-02T01:00:00+01:00,2.2,bus,1,1,0
2026-03-02T01:00:00+01:00,2.2,car,287,283,4
2026-03-02T01:00:00+01:00,2.2,light,21,11,10
2026-03-02T01:00:00+01:00,2.2,motorcycle,2,1,1
2026-03-02T01:00:00+01:00,2.2,pedestrian,156,182,-26
2026-03-02T01:00:00+01:00,2.2,pram,1,4,-3
2026-03-02T01:00:00+01:00,2.2,van,40,45,-5
2026-03-02T01:00:00+01:00,2.2,wheelchair,0,1,-1
2026-03-02T01:00:00+01:00,3.1,animal,20,12,8
2026-03-02T01:00:00+01:00,3.1,bicycle,80,65,15
2026-03-02T01:00:00+01:00,3.1,car,40,30,10
2026-03-02T01:00:00+01:00,3.1,car trailer,0,2,-2
2026-03-02T01:00:00+01:00,3.1,light,1,3,-2
2026-03-02T01:00:00+01:00,3.1,motorcycle,10,2,8
2026-03-02T01:00:00+01:00,3.1,pedestrian,1154,958,196
2026-03-02T01:00:00+01:00,3.1,pram,19,21,-2
2026-03-02T01:00:00+01:00,3.1,scooter,9,8,1
2026-03-02T01:00:00+01:00,3.1,van,20,14,6
2026-03-02T01:00:00+01:00,3.1,wheelchair,2,0,2
2026-03-03T01:00:00+01:00,1.1,animal,8,15,-7
2026-03-03T01:00:00+01:00,1.1,bicycle,100,148,-48
2026-03-03T01:00:00+01:00,1.1,car,12,13,-1
2026-03-03T01:00:00+01:00,1.1,car trailer,9,9,0
2026-03-03T01:00:00+01:00,1.1,light,5,7,-2
2026-03-03T01:00:00+01:00,1.1,motorcycle,13,11,2
2026-03-03T01:00:00+01:00,1.1,pedestrian,1146,1130,16
2026-03-03T01:00:00+01:00,1.1,pram,37,33,4
2026-03-03T01:00:00+01:00,1.1,scooter,18,16,2
2026-03-03T01:00:00+01:00,1.1,van,8,11,-3
2026-03-03T01:00:00+01:00,1.1,wheelchair,1,2,-1
2026-03-03T01:00:00+01:00,1.2,animal,1,2,-1
2026-03-03T01:00:00+01:00,1.2,bicycle,80,77,3
2026-03-03T01:00:00+01:00,1.2,car,131,116,15
2026-03-03T01:00:00+01:00,1.2,light,14,8,6
2026-03-03T01:00:00+01:00,1.2,motorcycle,12,6,6
2026-03-03T01:00:00+01:00,1.2,pedestrian,2377,2684,-307
2026-03-03T01:00:00+01:00,1.2,pram,9,10,-1
2026-03-03T01:00:00+01:00,1.2,scooter,1,1,0
2026-03-03T01:00:00+01:00,1.2,van,29,28,1
2026-03-03T01:00:00+01:00,1.2,wheelchair,0,1,-1
2026-03-03T01:00:00+01:00,2.1,car,3,1,2
2026-03-03T01:00:00+01:00,2.1,light,16,19,-3
2026-03-03T01:00:00+01:00,2.1,pedestrian,1,2,-1
2026-03-03T01:00:00+01:00,2.1,van,0,2,-2
2026-03-03T01:00:00+01:00,2.2,animal,0,1,-1
2026-03-03T01:00:00+01:00,2.2,bicycle,16,17,-1
2026-03-03T01:00:00+01:00,2.2,car,392,371,21
2026-03-03T01:00:00+01:00,2.2,car trailer,0,1,-1
2026-03-03T01:00:00+01:00,2.2,light,27,20,7
2026-03-03T01:00:00+01:00,2.2,motorcycle,5,3,2
2026-03-03T01:00:00+01:00,2.2,pedestrian,199,264,-65
2026-03-03T01:00:00+01:00,2.2,pram,2,0,2
2026-03-03T01:00:00+01:00,2.2,tram,1,0,1
2026-03-03T01:00:00+01:00,2.2,van,35,33,2
2026-03-03T01:00:00+01:00,2.2,wheelchair,0,1,-1
2026-03-03T01:00:00+01:00,3.1,animal,22,14,8
2026-03-03T01:00:00+01:00,3.1,bicycle,59,43,16
2026-03-03T01:00:00+01:00,3.1,car,22,61,-39
2026-03-03T01:00:00+01:00,3.1,car trailer,1,2,-1
2026-03-03T01:00:00+01:00,3.1,light,11,7,4
2026-03-03T01:00:00+01:00,3.1,motorcycle,10,6,4
2026-03-03T01:00:00+01:00,3.1,pedestrian,972,936,36
2026-03-03T01:00:00+01:00,3.1,pram,10,12,-2
2026-03-03T01:00:00+01:00,3.1,scooter,5,4,1
2026-03-03T01:00:00+01:00,3.1,van,11,7,4
2026-03-03T01:00:00+01:00,3.1,wheelchair,1,1,0
2026-03-04T01:00:00+01:00,1.1,animal,7,11,-4
2026-03-04T01:00:00+01:00,1.1,bicycle,101,146,-45
2026-03-04T01:00:00+01:00,1.1,car,17,31,-14
2026-03-04T01:00:00+01:00,1.1,car trailer,2,3,-1
2026-03-04T01:00:00+01:00,1.1,light,3,5,-2
2026-03-04T01:00:00+01:00,1.1,motorcycle,11,10,1
2026-03-04T01:00:00+01:00,1.1,pedestrian,970,948,22
2026-03-04T01:00:00+01:00,1.1,pram,25,45,-20
2026-03-04T01:00:00+01:00,1.1,scooter,8,19,-11
2026-03-04T01:00:00+01:00,1.1,van,11,11,0
2026-03-04T01:00:00+01:00,1.1,wheelchair,1,1,0
2026-03-04T01:00:00+01:00,1.2,animal,0,1,-1
2026-03-04T01:00:00+01:00,1.2,bicycle,93,104,-11
2026-03-04T01:00:00+01:00,1.2,car,111,85,26
2026-03-04T01:00:00+01:00,1.2,car trailer,0,3,-3
2026-03-04T01:00:00+01:00,1.2,light,5,3,2
2026-03-04T01:00:00+01:00,1.2,motorcycle,11,5,6
2026-03-04T01:00:00+01:00,1.2,pedestrian,2241,2450,-209
2026-03-04T01:00:00+01:00,1.2,pram,19,15,4
2026-03-04T01:00:00+01:00,1.2,scooter,2,0,2
2026-03-04T01:00:00+01:00,1.2,van,17,17,0
2026-03-04T01:00:00+01:00,2.1,car,2,0,2
2026-03-04T01:00:00+01:00,2.1,pedestrian,3,2,1
2026-03-04T01:00:00+01:00,2.1,van,0,2,-2
2026-03-04T01:00:00+01:00,2.2,bicycle,13,24,-11
2026-03-04T01:00:00+01:00,2.2,bus,3,0,3
2026-03-04T01:00:00+01:00,2.2,car,406,397,9
2026-03-04T01:00:00+01:00,2.2,light,13,13,0
2026-03-04T01:00:00+01:00,2.2,motorcycle,4,4,0
2026-03-04T01:00:00+01:00,2.2,pedestrian,193,229,-36
2026-03-04T01:00:00+01:00,2.2,pram,1,3,-2
2026-03-04T01:00:00+01:00,2.2,van,52,49,3
2026-03-04T01:00:00+01:00,3.1,animal,29,17,12
2026-03-04T01:00:00+01:00,3.1,bicycle,90,69,21
2026-03-04T01:00:00+01:00,3.1,car,33,22,11
2026-03-04T01:00:00+01:00,3.1,car trailer,3,1,2
2026-03-04T01:00:00+01:00,3.1,light,4,2,2
2026-03-04T01:00:00+01:00,3.1,motorcycle,9,4,5
2026-03-04T01:00:00+01:00,3.1,pedestrian,1250,1141,109
2026-03-04T01:00:00+01:00,3.1,pram,16,17,-1
2026-03-04T01:00:00+01:00,3.1,scooter,3,1,2
2026-03-04T01:00:00+01:00,3.1,van,17,17,0
2026-03-04T01:00:00+01:00,3.1,wheelchair,0,1,-1
2026-03-05T01:00:00+01:00,1.1,animal,11,8,3
2026-03-05T01:00:00+01:00,1.1,bicycle,127,179,-52
2026-03-05T01:00:00+01:00,1.1,car,12,23,-11
2026-03-05T01:00:00+01:00,1.1,car trailer,4,4,0
2026-03-05T01:00:00+01:00,1.1,light,19,11,8
2026-03-05T01:00:00+01:00,1.1,motorcycle,14,10,4
2026-03-05T01:00:00+01:00,1.1,pedestrian,1147,1192,-45
2026-03-05T01:00:00+01:00,1.1,pram,27,39,-12
2026-03-05T01:00:00+01:00,1.1,scooter,18,25,-7
2026-03-05T01:00:00+01:00,1.1,van,10,8,2
2026-03-05T01:00:00+01:00,1.1,wheelchair,1,0,1
2026-03-05T01:00:00+01:00,1.2,animal,2,2,0
2026-03-05T01:00:00+01:00,1.2,bicycle,103,96,7
2026-03-05T01:00:00+01:00,1.2,car,102,67,35
2026-03-05T01:00:00+01:00,1.2,light,14,9,5
2026-03-05T01:00:00+01:00,1.2,motorcycle,5,7,-2
2026-03-05T01:00:00+01:00,1.2,pedestrian,2602,2743,-141
2026-03-05T01:00:00+01:00,1.2,pram,15,14,1
2026-03-05T01:00:00+01:00,1.2,scooter,3,5,-2
2026-03-05T01:00:00+01:00,1.2,van,12,9,3
2026-03-05T01:00:00+01:00,2.1,van,1,1,0
2026-03-05T01:00:00+01:00,2.2,animal,0,1,-1
2026-03-05T01:00:00+01:00,2.2,bicycle,20,29,-9
2026-03-05T01:00:00+01:00,2.2,bus,0,1,-1
2026-03-05T01:00:00+01:00,2.2,car,390,367,23
2026-03-05T01:00:00+01:00,2.2,car trailer,2,0,2
2026-03-05T01:00:00+01:00,2.2,light,23,15,8
2026-03-05T01:00:00+01:00,2.2,motorcycle,0,1,-1
2026-03-05T01:00:00+01:00,2.2,pedestrian,190,262,-72
2026-03-05T01:00:00+01:00,2.2,van,44,51,-7
2026-03-05T01:00:00+01:00,3.1,animal,13,8,5
2026-03-05T01:00:00+01:00,3.1,bicycle,80,103,-23
2026-03-05T01:00:00+01:00,3.1,car,42,34,8
2026-03-05T01:00:00+01:00,3.1,car trailer,0,1,-1
2026-03-05T01:00:00+01:00,3.1,light,10,15,-5
2026-03-05T01:00:00+01:00,3.1,motorcycle,10,7,3
2026-03-05T01:00:00+01:00,3.1,pedestrian,1306,1339,-33
2026-03-05T01:00:00+01:00,3.1,pram,16,13,3
2026-03-05T01:00:00+01:00,3.1,scooter,7,1,6
2026-03-05T01:00:00+01:00,3.1,van,10,12,-2
2026-03-05T01:00:00+01:00,3.1,wheelchair,1,2,-1
2026-03-06T01:00:00+01:00,1.1,animal,2,5,-3
2026-03-06T01:00:00+01:00,1.1,bicycle,3,0,3
2026-03-06T01:00:00+01:00,1.1,car,2,3,-1
2026-03-06T01:00:00+01:00,1.1,light,1,1,0
2026-03-06T01:00:00+01:00,1.1,motorcycle,2,3,-1
2026-03-06T01:00:00+01:00,1.1,pedestrian,42,59,-17
2026-03-06T01:00:00+01:00,1.1,scooter,0,1,-1
2026-03-06T01:00:00+01:00,1.1,van,1,0,1
2026-03-06T01:00:00+01:00,1.2,bicycle,19,36,-17
2026-03-06T01:00:00+01:00,1.2,car,111,94,17
2026-03-06T01:00:00+01:00,1.2,car trailer,0,1,-1
2026-03-06T01:00:00+01:00,1.2,heavy,1,0,1
2026-03-06T01:00:00+01:00,1.2,light,3,2,1
2026-03-06T01:00:00+01:00,1.2,motorcycle,3,1,2
2026-03-06T01:00:00+01:00,1.2,pedestrian,848,801,47
2026-03-06T01:00:00+01:00,1.2,pram,1,1,0
2026-03-06T01:00:00+01:00,1.2,van,6,6,0
2026-03-06T01:00:00+01:00,2.1,car,1,9,-8
2026-03-06T01:00:00+01:00,2.1,light,0,2,-2
2026-03-06T01:00:00+01:00,2.1,pedestrian,5,4,1
2026-03-06T01:00:00+01:00,2.1,van,2,1,1
2026-03-06T01:00:00+01:00,2.2,bicycle,23,24,-1
2026-03-06T01:00:00+01:00,2.2,bus,2,2,0
2026-03-06T01:00:00+01:00,2.2,car,432,435,-3
2026-03-06T01:00:00+01:00,2.2,car trailer,2,0,2
2026-03-06T01:00:00+01:00,2.2,light,27,15,12
2026-03-06T01:00:00+01:00,2.2,motorcycle,7,6,1
2026-03-06T01:00:00+01:00,2.2,pedestrian,194,230,-36
2026-03-06T01:00:00+01:00,2.2,pram,2,2,0
2026-03-06T01:00:00+01:00,2.2,van,45,48,-3
2026-03-06T01:00:00+01:00,3.1,animal,6,5,1
2026-03-06T01:00:00+01:00,3.1,bicycle,81,62,19
2026-03-06T01:00:00+01:00,3.1,car,14,17,-3
2026-03-06T01:00:00+01:00,3.1,car trailer,1,0,1
2026-03-06T01:00:00+01:00,3.1,light,4,4,0
2026-03-06T01:00:00+01:00,3.1,motorcycle,16,10,6
2026-03-06T01:00:00+01:00,3.1,pedestrian,1309,1072,237
2026-03-06T01:00:00+01:00,3.1,pram,15,16,-1
2026-03-06T01:00:00+01:00,3.1,scooter,2,1,1
2026-03-06T01:00:00+01:00,3.1,van,3,5,-2
2026-03-06T01:00:00+01:00,3.1,wheelchair,0,1,-1
2026-03-07T01:00:00+01:00,1.1,pedestrian,9,10,-1
2026-03-07T01:00:00+01:00,1.2,bicycle,21,19,2
2026-03-07T01:00:00+01:00,1.2,car,73,77,-4
2026-03-07T01:00:00+01:00,1.2,motorcycle,8,5,3
2026-03-07T01:00:00+01:00,1.2,pedestrian,642,639,3
2026-03-07T01:00:00+01:00,1.2,pram,2,1,1
2026-03-07T01:00:00+01:00,1.2,scooter,0,1,-1
2026-03-07T01:00:00+01:00,1.2,van,2,2,0
2026-03-07T01:00:00+01:00,1.2,wheelchair,2,1,1
2026-03-07T01:00:00+01:00,2.1,car,6,14,-8
2026-03-07T01:00:00+01:00,2.1,van,2,3,-1
2026-03-07T01:00:00+01:00,2.2,animal,1,1,0
2026-03-07T01:00:00+01:00,2.2,bicycle,9,10,-1
2026-03-07T01:00:00+01:00,2.2,bus,2,0,2
2026-03-07T01:00:00+01:00,2.2,car,443,437,6
2026-03-07T01:00:00+01:00,2.2,light,3,3,0
2026-03-07T01:00:00+01:00,2.2,motorcycle,1,2,-1
2026-03-07T01:00:00+01:00,2.2,pedestrian,338,429,-91
2026-03-07T01:00:00+01:00,2.2,pram,0,3,-3
2026-03-07T01:00:00+01:00,2.2,van,9,11,-2
2026-03-07T01:00:00+01:00,3.1,animal,17,11,6
2026-03-07T01:00:00+01:00,3.1,bicycle,40,45,-5
2026-03-07T01:00:00+01:00,3.1,car,20,14,6
2026-03-07T01:00:00+01:00,3.1,motorcycle,4,7,-3
2026-03-07T01:00:00+01:00,3.1,pedestrian,1116,1051,65
2026-03-07T01:00:00+01:00,3.1,pram,17,23,-6
2026-03-07T01:00:00+01:00,3.1,scooter,6,4,2
2026-03-07T01:00:00+01:00,3.1,van,1,0,1
2026-03-07T01:00:00+01:00,3.1,wheelchair,1,1,0
2026-03-08T01:00:00+01:00,1.1,pedestrian,0,1,-1
2026-03-08T01:00:00+01:00,1.2,animal,1,0,1
2026-03-08T01:00:00+01:00,1.2,bicycle,9,8,1
2026-03-08T01:00:00+01:00,1.2,car,221,216,5
2026-03-08T01:00:00+01:00,1.2,light,0,1,-1
2026-03-08T01:00:00+01:00,1.2,pedestrian,209,228,-19
2026-03-08T01:00:00+01:00,1.2,pram,1,0,1
2026-03-08T01:00:00+01:00,1.2,van,1,0,1
2026-03-08T01:00:00+01:00,2.1,car,0,1,-1
2026-03-08T01:00:00+01:00,2.2,animal,0,1,-1
2026-03-08T01:00:00+01:00,2.2,bicycle,11,13,-2
2026-03-08T01:00:00+01:00,2.2,bus,0,1,-1
2026-03-08T01:00:00+01:00,2.2,car,249,250,-1
2026-03-08T01:00:00+01:00,2.2,car trailer,1,1,0
2026-03-08T01:00:00+01:00,2.2,light,2,0,2
2026-03-08T01:00:00+01:00,2.2,motorcycle,1,1,0
2026-03-08T01:00:00+01:00,2.2,pedestrian,161,215,-54
2026-03-08T01:00:00+01:00,2.2,pram,0,1,-1
2026-03-08T01:00:00+01:00,2.2,van,6,5,1
2026-03-08T01:00:00+01:00,3.1,animal,16,7,9
2026-03-08T01:00:00+01:00,3.1,bicycle,41,35,6
2026-03-08T01:00:00+01:00,3.1,car,18,7,11
2026-03-08T01:00:00+01:00,3.1,car trailer,0,1,-1
2026-03-08T01:00:00+01:00,3.1,light,1,0,1
2026-03-08T01:00:00+01:00,3.1,motorcycle,2,1,1
2026-03-08T01:00:00+01:00,3.1,pedestrian,613,518,95
2026-03-08T01:00:00+01:00,3.1,pram,10,10,0
2026-03-08T01:00:00+01:00,3.1,scooter,1,0,1
2026-03-08T01:00:00+01:00,3.1,van,1,0,1
2026-03-08T01:00:00+01:00,3.1,wheelchair,0,1,-1
2026-03-09T01:00:00+01:00,1.1,pedestrian,6,2,4
2026-03-09T01:00:00+01:00,1.2,animal,1,0,1
2026-03-09T01:00:00+01:00,1.2,bicycle,9,15,-6
2026-03-09T01:00:00+01:00,1.2,car,81,94,-13
2026-03-09T01:00:00+01:00,1.2,car trailer,0,1,-1
2026-03-09T01:00:00+01:00,1.2,light,1,0,1
2026-03-09T01:00:00+01:00,1.2,motorcycle,2,0,2
2026-03-09T01:00:00+01:00,1.2,pedestrian,451,420,31
2026-03-09T01:00:00+01:00,1.2,pram,0,1,-1
2026-03-09T01:00:00+01:00,1.2,van,9,1,8
2026-03-09T01:00:00+01:00,2.1,car,0,2,-2
2026-03-09T01:00:00+01:00,2.1,van,0,2,-2
2026-03-09T01:00:00+01:00,2.2,animal,0,1,-1
2026-03-09T01:00:00+01:00,2.2,bicycle,26,23,3
2026-03-09T01:00:00+01:00,2.2,bus,3,2,1
2026-03-09T01:00:00+01:00,2.2,car,243,232,11
2026-03-09T01:00:00+01:00,2.2,car trailer,2,1,1
2026-03-09T01:00:00+01:00,2.2,light,21,24,-3
2026-03-09T01:00:00+01:00,2.2,motorcycle,0,1,-1
2026-03-09T01:00:00+01:00,2.2,pedestrian,155,188,-33
2026-03-09T01:00:00+01:00,2.2,pram,1,3,-2
2026-03-09T01:00:00+01:00,2.2,van,54,52,2
2026-03-09T01:00:00+01:00,3.1,animal,8,5,3
2026-03-09T01:00:00+01:00,3.1,bicycle,72,63,9
2026-03-09T01:00:00+01:00,3.1,car,17,18,-1
2026-03-09T01:00:00+01:00,3.1,car trailer,2,3,-1
2026-03-09T01:00:00+01:00,3.1,motorcycle,4,4,0
2026-03-09T01:00:00+01:00,3.1,pedestrian,760,705,55
2026-03-09T01:00:00+01:00,3.1,pram,21,22,-1
2026-03-09T01:00:00+01:00,3.1,scooter,6,0,6
2026-03-09T01:00:00+01:00,3.1,tractor,1,0,1
2026-03-09T01:00:00+01:00,3.1,van,5,10,-5
2026-03-10T01:00:00+01:00,1.1,pedestrian,1,1,0
2026-03-10T01:00:00+01:00,1.2,bicycle,36,36,0
2026-03-10T01:00:00+01:00,1.2,car,50,49,1
2026-03-10T01:00:00+01:00,1.2,light,1,1,0
2026-03-10T01:00:00+01:00,1.2,motorcycle,16,12,4
2026-03-10T01:00:00+01:00,1.2,pedestrian,603,634,-31
2026-03-10T01:00:00+01:00,1.2,pram,1,2,-1
2026-03-10T01:00:00+01:00,1.2,van,9,3,6
2026-03-10T01:00:00+01:00,2.1,car,9,7,2
2026-03-10T01:00:00+01:00,2.1,van,5,9,-4
2026-03-10T01:00:00+01:00,2.2,bicycle,25,24,1
2026-03-10T01:00:00+01:00,2.2,bus,0,1,-1
2026-03-10T01:00:00+01:00,2.2,car,320,310,10
2026-03-10T01:00:00+01:00,2.2,car trailer,3,1,2
2026-03-10T01:00:00+01:00,2.2,heavy,3,4,-1
2026-03-10T01:00:00+01:00,2.2,light,32,25,7
2026-03-10T01:00:00+01:00,2.2,motorcycle,6,5,1
2026-03-10T01:00:00+01:00,2.2,pedestrian,303,300,3
2026-03-10T01:00:00+01:00,2.2,pram,2,3,-1
2026-03-10T01:00:00+01:00,2.2,van,41,45,-4
2026-03-10T01:00:00+01:00,3.1,animal,4,2,2
2026-03-10T01:00:00+01:00,3.1,bicycle,56,58,-2
2026-03-10T01:00:00+01:00,3.1,car,19,14,5
2026-03-10T01:00:00+01:00,3.1,light,4,2,2
2026-03-10T01:00:00+01:00,3.1,motorcycle,6,7,-1
2026-03-10T01:00:00+01:00,3.1,pedestrian,701,681,20
2026-03-10T01:00:00+01:00,3.1,pram,16,14,2
2026-03-10T01:00:00+01:00,3.1,scooter,4,2,2
2026-03-10T01:00:00+01:00,3.1,van,3,9,-6
2026-03-10T01:00:00+01:00,3.1,wheelchair,1,0,1
2026-03-11T01:00:00+01:00,1.1,light,1,0,1
2026-03-11T01:00:00+01:00,1.1,pedestrian,5,8,-3
2026-03-11T01:00:00+01:00,1.2,bicycle,17,12,5
2026-03-11T01:00:00+01:00,1.2,car,301,274,27
2026-03-11T01:00:00+01:00,1.2,light,4,3,1
2026-03-11T01:00:00+01:00,1.2,motorcycle,1,2,-1
2026-03-11T01:00:00+01:00,1.2,pedestrian,355,375,-20
2026-03-11T01:00:00+01:00,1.2,pram,1,1,0
2026-03-11T01:00:00+01:00,1.2,van,5,3,2
2026-03-11T01:00:00+01:00,2.1,car,0,9,-9
2026-03-11T01:00:00+01:00,2.1,light,1,1,0
2026-03-11T01:00:00+01:00,2.1,van,1,10,-9
2026-03-11T01:00:00+01:00,2.2,bicycle,17,22,-5
2026-03-11T01:00:00+01:00,2.2,bus,2,4,-2
2026-03-11T01:00:00+01:00,2.2,car,338,353,-15
2026-03-11T01:00:00+01:00,2.2,car trailer,3,1,2
2026-03-11T01:00:00+01:00,2.2,light,19,19,0
2026-03-11T01:00:00+01:00,2.2,motorcycle,2,2,0
2026-03-11T01:00:00+01:00,2.2,pedestrian,160,189,-29
2026-03-11T01:00:00+01:00,2.2,pram,2,2,0
2026-03-11T01:00:00+01:00,2.2,van,42,43,-1
2026-03-11T01:00:00+01:00,2.2,wheelchair,0,1,-1
2026-03-11T01:00:00+01:00,3.1,animal,3,10,-7
2026-03-11T01:00:00+01:00,3.1,bicycle,50,52,-2
2026-03-11T01:00:00+01:00,3.1,car,18,20,-2
2026-03-11T01:00:00+01:00,3.1,car trailer,0,1,-1
2026-03-11T01:00:00+01:00,3.1,light,2,1,1
2026-03-11T01:00:00+01:00,3.1,motorcycle,2,2,0
2026-03-11T01:00:00+01:00,3.1,pedestrian,626,558,68
2026-03-11T01:00:00+01:00,3.1,pram,16,9,7
2026-03-11T01:00:00+01:00,3.1,scooter,4,2,2
2026-03-11T01:00:00+01:00,3.1,van,8,9,-1
2026-03-11T01:00:00+01:00,3.1,wheelchair,1,1,0
2026-03-12T01:00:00+01:00,1.1,pedestrian,2,2,0
2026-03-12T01:00:00+01:00,1.2,bicycle,15,20,-5
2026-03-12T01:00:00+01:00,1.2,car,105,90,15
2026-03-12T01:00:00+01:00,1.2,light,5,3,2
2026-03-12T01:00:00+01:00,1.2,motorcycle,4,1,3
2026-03-12T01:00:00+01:00,1.2,pedestrian,517,459,58
2026-03-12T01:00:00+01:00,1.2,pram,1,1,0
2026-03-12T01:00:00+01:00,1.2,scooter,0,2,-2
2026-03-12T01:00:00+01:00,1.2,van,8,6,2
2026-03-12T01:00:00+01:00,1.2,wheelchair,0,1,-1
2026-03-12T01:00:00+01:00,2.1,car,15,21,-6
2026-03-12T01:00:00+01:00,2.1,light,1,1,0
2026-03-12T01:00:00+01:00,2.1,pedestrian,0,1,-1
2026-03-12T01:00:00+01:00,2.1,van,2,3,-1
2026-03-12T01:00:00+01:00,2.2,bicycle,32,35,-3
2026-03-12T01:00:00+01:00,2.2,bus,2,0,2
2026-03-12T01:00:00+01:00,2.2,car,371,365,6
2026-03-12T01:00:00+01:00,2.2,car trailer,2,1,1
2026-03-12T01:00:00+01:00,2.2,light,23,26,-3
2026-03-12T01:00:00+01:00,2.2,motorcycle,3,0,3
2026-03-12T01:00:00+01:00,2.2,pedestrian,212,273,-61
2026-03-12T01:00:00+01:00,2.2,pram,0,2,-2
2026-03-12T01:00:00+01:00,2.2,van,51,49,2
2026-03-12T01:00:00+01:00,2.2,wheelchair,1,1,0
2026-03-12T01:00:00+01:00,3.1,animal,8,9,-1
2026-03-12T01:00:00+01:00,3.1,bicycle,57,55,2
2026-03-12T01:00:00+01:00,3.1,car,18,21,-3
2026-03-12T01:00:00+01:00,3.1,light,5,2,3
2026-03-12T01:00:00+01:00,3.1,motorcycle,2,5,-3
2026-03-12T01:00:00+01:00,3.1,pedestrian,809,751,58
2026-03-12T01:00:00+01:00,3.1,pram,10,8,2
2026-03-12T01:00:00+01:00,3.1,scooter,5,3,2
2026-03-12T01:00:00+01:00,3.1,van,5,7,-2
2026-03-12T01:00:00+01:00,3.1,wheelchair,3,3,0
2026-03-13T01:00:00+01:00,1.1,pedestrian,8,3,5
2026-03-13T01:00:00+01:00,1.2,bicycle,19,27,-8
2026-03-13T01:00:00+01:00,1.2,car,137,129,8
2026-03-13T01:00:00+01:00,1.2,light,2,1,1
2026-03-13T01:00:00+01:00,1.2,motorcycle,0,2,-2
2026-03-13T01:00:00+01:00,1.2,pedestrian,522,533,-11
2026-03-13T01:00:00+01:00,1.2,pram,1,0,1
2026-03-13T01:00:00+01:00,1.2,scooter,0,3,-3
2026-03-13T01:00:00+01:00,1.2,van,13,2,11
2026-03-13T01:00:00+01:00,2.1,car,18,30,-12
2026-03-13T01:00:00+01:00,2.1,light,1,1,0
2026-03-13T01:00:00+01:00,2.1,van,2,3,-1
2026-03-13T01:00:00+01:00,2.2,animal,1,1,0
2026-03-13T01:00:00+01:00,2.2,bicycle,29,34,-5
2026-03-13T01:00:00+01:00,2.2,bus,2,3,-1
2026-03-13T01:00:00+01:00,2.2,car,467,473,-6
2026-03-13T01:00:00+01:00,2.2,car trailer,1,1,0
2026-03-13T01:00:00+01:00,2.2,light,22,18,4
2026-03-13T01:00:00+01:00,2.2,motorcycle,4,5,-1
2026-03-13T01:00:00+01:00,2.2,pedestrian,253,347,-94
2026-03-13T01:00:00+01:00,2.2,pram,1,2,-1
2026-03-13T01:00:00+01:00,2.2,van,44,40,4
2026-03-13T01:00:00+01:00,2.2,wheelchair,1,0,1
2026-03-13T01:00:00+01:00,3.1,animal,12,9,3
2026-03-13T01:00:00+01:00,3.1,bicycle,46,39,7
2026-03-13T01:00:00+01:00,3.1,car,28,24,4
2026-03-13T01:00:00+01:00,3.1,light,1,2,-1
2026-03-13T01:00:00+01:00,3.1,motorcycle,4,2,2
2026-03-13T01:00:00+01:00,3.1,pedestrian,894,671,223
2026-03-13T01:00:00+01:00,3.1,pram,13,9,4
2026-03-13T01:00:00+01:00,3.1,scooter,8,2,6
2026-03-13T01:00:00+01:00,3.1,van,4,5,-1
2026-03-13T01:00:00+01:00,3.1,wheelchair,2,1,1
2026-03-14T01:00:00+01:00,1.1,animal,1,0,1
2026-03-14T01:00:00+01:00,1.1,pedestrian,23,21,2
2026-03-14T01:00:00+01:00,1.2,animal,1,0,1
2026-03-14T01:00:00+01:00,1.2,bicycle,15,15,0
2026-03-14T01:00:00+01:00,1.2,car,91,84,7
2026-03-14T01:00:00+01:00,1.2,light,1,0,1
2026-03-14T01:00:00+01:00,1.2,motorcycle,1,3,-2
2026-03-14T01:00:00+01:00,1.2,pedestrian,592,576,16
2026-03-14T01:00:00+01:00,1.2,pram,1,1,0
2026-03-14T01:00:00+01:00,1.2,scooter,0,1,-1
2026-03-14T01:00:00+01:00,1.2,van,2,2,0
2026-03-14T01:00:00+01:00,2.1,car,0,7,-7
2026-03-14T01:00:00+01:00,2.1,light,1,2,-1
2026-03-14T01:00:00+01:00,2.1,pedestrian,0,1,-1
2026-03-14T01:00:00+01:00,2.1,van,2,4,-2
2026-03-14T01:00:00+01:00,2.2,bicycle,10,11,-1
2026-03-14T01:00:00+01:00,2.2,bus,1,1,0
2026-03-14T01:00:00+01:00,2.2,car,471,460,11
2026-03-14T01:00:00+01:00,2.2,car trailer,1,0,1
2026-03-14T01:00:00+01:00,2.2,heavy,1,1,0
2026-03-14T01:00:00+01:00,2.2,light,4,6,-2
2026-03-14T01:00:00+01:00,2.2,motorcycle,4,6,-2
2026-03-14T01:00:00+01:00,2.2,pedestrian,317,388,-71
2026-03-14T01:00:00+01:00,2.2,pram,3,6,-3
2026-03-14T01:00:00+01:00,2.2,scooter,1,0,1
2026-03-14T01:00:00+01:00,2.2,van,35,25,10
2026-03-14T01:00:00+01:00,2.2,wheelchair,1,0,1
2026-03-14T01:00:00+01:00,3.1,animal,12,13,-1
2026-03-14T01:00:00+01:00,3.1,bicycle,40,42,-2
2026-03-14T01:00:00+01:00,3.1,car,11,14,-3
2026-03-14T01:00:00+01:00,3.1,light,1,1,0
2026-03-14T01:00:00+01:00,3.1,motorcycle,2,2,0
2026-03-14T01:00:00+01:00,3.1,pedestrian,1113,1003,110
2026-03-14T01:00:00+01:00,3.1,pram,28,29,-1
2026-03-14T01:00:00+01:00,3.1,scooter,8,2,6
2026-03-14T01:00:00+01:00,3.1,van,3,0,3
2026-03-14T01:00:00+01:00,3.1,wheelchair,1,0,1
2026-03-15T01:00:00+01:00,1.2,animal,2,0,2
2026-03-15T01:00:00+01:00,1.2,bicycle,10,17,-7
2026-03-15T01:00:00+01:00,1.2,car,90,83,7
2026-03-15T01:00:00+01:00,1.2,car trailer,0,1,-1
2026-03-15T01:00:00+01:00,1.2,motorcycle,0,1,-1
2026-03-15T01:00:00+01:00,1.2,pedestrian,291,250,41
2026-03-15T01:00:00+01:00,1.2,pram,0,1,-1
2026-03-15T01:00:00+01:00,1.2,scooter,0,1,-1
2026-03-15T01:00:00+01:00,1.2,van,6,5,1
2026-03-15T01:00:00+01:00,2.1,car,0,5,-5
2026-03-15T01:00:00+01:00,2.1,pedestrian,0,1,-1
2026-03-15T01:00:00+01:00,2.2,animal,0,2,-2
2026-03-15T01:00:00+01:00,2.2,bicycle,10,6,4
2026-03-15T01:00:00+01:00,2.2,car,345,344,1
2026-03-15T01:00:00+01:00,2.2,car trailer,0,2,-2
2026-03-15T01:00:00+01:00,2.2,light,1,1,0
2026-03-15T01:00:00+01:00,2.2,motorcycle,1,3,-2
2026-03-15T01:00:00+01:00,2.2,pedestrian,167,211,-44
2026-03-15T01:00:00+01:00,2.2,pram,1,3,-2
2026-03-15T01:00:00+01:00,2.2,van,20,15,5
2026-03-15T01:00:00+01:00,3.1,animal,8,15,-7
2026-03-15T01:00:00+01:00,3.1,bicycle,30,20,10
2026-03-15T01:00:00+01:00,3.1,car,22,14,8
2026-03-15T01:00:00+01:00,3.1,car trailer,1,3,-2
2026-03-15T01:00:00+01:00,3.1,motorcycle,3,3,0
2026-03-15T01:00:00+01:00,3.1,pedestrian,574,576,-2
2026-03-15T01:00:00+01:00,3.1,pram,6,6,0
2026-03-15T01:00:00+01:00,3.1,scooter,5,3,2
2026-03-15T01:00:00+01:00,3.1,van,1,0,1
2026-03-15T01:00:00+01:00,3.1,wheelchair,1,0,1
2026-03-16T01:00:00+01:00,1.1,pedestrian,1,4,-3
2026-03-16T01:00:00+01:00,1.2,bicycle,22,22,0
2026-03-16T01:00:00+01:00,1.2,car,314,341,-27
2026-03-16T01:00:00+01:00,1.2,car trailer,0,1,-1
2026-03-16T01:00:00+01:00,1.2,light,4,3,1
2026-03-16T01:00:00+01:00,1.2,motorcycle,2,2,0
2026-03-16T01:00:00+01:00,1.2,pedestrian,313,287,26
2026-03-16T01:00:00+01:00,1.2,pram,0,1,-1
2026-03-16T01:00:00+01:00,1.2,scooter,0,1,-1
2026-03-16T01:00:00+01:00,1.2,van,82,98,-16
2026-03-16T01:00:00+01:00,1.2,wheelchair,0,1,-1
2026-03-16T01:00:00+01:00,2.1,car,0,2,-2
2026-03-16T01:00:00+01:00,2.1,light,0,1,-1
2026-03-16T01:00:00+01:00,2.1,pedestrian,0,1,-1
2026-03-16T01:00:00+01:00,2.1,van,1,4,-3
2026-03-16T01:00:00+01:00,2.2,bicycle,20,17,3
2026-03-16T01:00:00+01:00,2.2,bus,1,3,-2
2026-03-16T01:00:00+01:00,2.2,car,277,285,-8
2026-03-16T01:00:00+01:00,2.2,car trailer,3,0,3
2026-03-16T01:00:00+01:00,2.2,light,21,17,4
2026-03-16T01:00:00+01:00,2.2,motorcycle,0,1,-1
2026-03-16T01:00:00+01:00,2.2,pedestrian,218,228,-10
2026-03-16T01:00:00+01:00,2.2,pram,1,1,0
2026-03-16T01:00:00+01:00,2.2,van,57,57,0
2026-03-16T01:00:00+01:00,2.2,wheelchair,0,1,-1
2026-03-16T01:00:00+01:00,3.1,animal,12,13,-1
2026-03-16T01:00:00+01:00,3.1,bicycle,68,45,23
2026-03-16T01:00:00+01:00,3.1,car,19,21,-2
2026-03-16T01:00:00+01:00,3.1,car trailer,1,1,0
2026-03-16T01:00:00+01:00,3.1,light,3,3,0
2026-03-16T01:00:00+01:00,3.1,motorcycle,4,1,3
2026-03-16T01:00:00+01:00,3.1,pedestrian,781,706,75
2026-03-16T01:00:00+01:00,3.1,pram,17,12,5
2026-03-16T01:00:00+01:00,3.1,scooter,2,3,-1
2026-03-16T01:00:00+01:00,3.1,van,17,13,4
2026-03-16T01:00:00+01:00,3.1,wheelchair,1,2,-1
2026-03-17T01:00:00+01:00,1.1,animal,1,1,0
2026-03-17T01:00:00+01:00,1.1,pedestrian,4,8,-4
2026-03-17T01:00:00+01:00,1.2,bicycle,19,25,-6
2026-03-17T01:00:00+01:00,1.2,car,256,236,20
2026-03-17T01:00:00+01:00,1.2,light,2,2,0
2026-03-17T01:00:00+01:00,1.2,motorcycle,1,1,0
2026-03-17T01:00:00+01:00,1.2,pedestrian,559,490,69
2026-03-17T01:00:00+01:00,1.2,pram,2,0,2
2026-03-17T01:00:00+01:00,1.2,van,8,3,5
2026-03-17T01:00:00+01:00,2.1,car,0,11,-11
2026-03-17T01:00:00+01:00,2.1,van,1,4,-3
2026-03-17T01:00:00+01:00,2.2,bicycle,31,38,-7
2026-03-17T01:00:00+01:00,2.2,bus,1,1,0
2026-03-17T01:00:00+01:00,2.2,car,387,405,-18
2026-03-17T01:00:00+01:00,2.2,car trailer,2,1,1
2026-03-17T01:00:00+01:00,2.2,heavy,12,7,5
2026-03-17T01:00:00+01:00,2.2,light,21,21,0
2026-03-17T01:00:00+01:00,2.2,motorcycle,6,4,2
2026-03-17T01:00:00+01:00,2.2,pedestrian,256,317,-61
2026-03-17T01:00:00+01:00,2.2,pram,1,2,-1
2026-03-17T01:00:00+01:00,2.2,scooter,1,0,1
2026-03-17T01:00:00+01:00,2.2,tractor,1,1,0
2026-03-17T01:00:00+01:00,2.2,van,52,52,0
2026-03-17T01:00:00+01:00,2.2,wheelchair,0,2,-2
2026-03-17T01:00:00+01:00,3.1,animal,9,10,-1
2026-03-17T01:00:00+01:00,3.1,bicycle,87,78,9
2026-03-17T01:00:00+01:00,3.1,bus,1,0,1
2026-03-17T01:00:00+01:00,3.1,car,12,18,-6
2026-03-17T01:00:00+01:00,3.1,car trailer,1,1,0
2026-03-17T01:00:00+01:00,3.1,light,4,3,1
2026-03-17T01:00:00+01:00,3.1,motorcycle,8,5,3
2026-03-17T01:00:00+01:00,3.1,pedestrian,1054,923,131
2026-03-17T01:00:00+01:00,3.1,pram,21,19,2
2026-03-17T01:00:00+01:00,3.1,scooter,3,4,-1
2026-03-17T01:00:00+01:00,3.1,tractor,1,0,1
2026-03-17T01:00:00+01:00,3.1,van,10,9,1
2026-03-17T01:00:00+01:00,3.1,wheelchair,3,2,1
2026-03-18T01:00:00+01:00,1.1,pedestrian,3,7,-4
2026-03-18T01:00:00+01:00,1.2,bicycle,21,27,-6
2026-03-18T01:00:00+01:00,1.2,car,133,128,5
2026-03-18T01:00:00+01:00,1.2,car trailer,0,1,-1
2026-03-18T01:00:00+01:00,1.2,light,2,3,-1
2026-03-18T01:00:00+01:00,1.2,motorcycle,2,8,-6
2026-03-18T01:00:00+01:00,1.2,pedestrian,497,523,-26
2026-03-18T01:00:00+01:00,1.2,pram,0,1,-1
2026-03-18T01:00:00+01:00,1.2,van,8,3,5
2026-03-18T01:00:00+01:00,2.1,car,1,3,-2
2026-03-18T01:00:00+01:00,2.1,light,1,1,0
2026-03-18T01:00:00+01:00,2.1,pedestrian,1,0,1
2026-03-18T01:00:00+01:00,2.1,van,3,3,0
2026-03-18T01:00:00+01:00,2.2,animal,0,1,-1
2026-03-18T01:00:00+01:00,2.2,bicycle,20,22,-2
2026-03-18T01:00:00+01:00,2.2,bus,1,1,0
2026-03-18T01:00:00+01:00,2.2,car,414,410,4
2026-03-18T01:00:00+01:00,2.2,car trailer,1,1,0
2026-03-18T01:00:00+01:00,2.2,heavy,1,1,0
2026-03-18T01:00:00+01:00,2.2,light,9,9,0
2026-03-18T01:00:00+01:00,2.2,motorcycle,4,5,-1
2026-03-18T01:00:00+01:00,2.2,pedestrian,151,191,-40
2026-03-18T01:00:00+01:00,2.2,pram,0,3,-3
2026-03-18T01:00:00+01:00,2.2,van,59,57,2
2026-03-18T01:00:00+01:00,3.1,animal,9,10,-1
2026-03-18T01:00:00+01:00,3.1,bicycle,86,54,32
2026-03-18T01:00:00+01:00,3.1,car,38,39,-1
2026-03-18T01:00:00+01:00,3.1,car trailer,11,22,-11
2026-03-18T01:00:00+01:00,3.1,light,2,1,1
2026-03-18T01:00:00+01:00,3.1,motorcycle,8,6,2
2026-03-18T01:00:00+01:00,3.1,pedestrian,885,792,93
2026-03-18T01:00:00+01:00,3.1,pram,11,14,-3
2026-03-18T01:00:00+01:00,3.1,scooter,2,1,1
2026-03-18T01:00:00+01:00,3.1,van,7,4,3
2026-03-19T01:00:00+01:00,1.1,pedestrian,3,5,-2
2026-03-19T01:00:00+01:00,1.2,bicycle,19,18,1
2026-03-19T01:00:00+01:00,1.2,car,173,147,26
2026-03-19T01:00:00+01:00,1.2,light,5,2,3
2026-03-19T01:00:00+01:00,1.2,motorcycle,1,1,0
2026-03-19T01:00:00+01:00,1.2,pedestrian,448,343,105
2026-03-19T01:00:00+01:00,1.2,pram,1,1,0
2026-03-19T01:00:00+01:00,1.2,van,10,5,5
2026-03-19T01:00:00+01:00,2.1,car,0,1,-1
2026-03-19T01:00:00+01:00,2.2,bicycle,19,24,-5
2026-03-19T01:00:00+01:00,2.2,bus,0,1,-1
2026-03-19T01:00:00+01:00,2.2,car,350,352,-2
2026-03-19T01:00:00+01:00,2.2,car trailer,2,1,1
2026-03-19T01:00:00+01:00,2.2,light,18,18,0
2026-03-19T01:00:00+01:00,2.2,motorcycle,2,4,-2
2026-03-19T01:00:00+01:00,2.2,pedestrian,195,236,-41
2026-03-19T01:00:00+01:00,2.2,pram,1,1,0
2026-03-19T01:00:00+01:00,2.2,van,50,47,3
2026-03-19T01:00:00+01:00,3.1,animal,9,20,-11
2026-03-19T01:00:00+01:00,3.1,bicycle,60,49,11
2026-03-19T01:00:00+01:00,3.1,car,87,79,8
2026-03-19T01:00:00+01:00,3.1,car trailer,54,35,19
2026-03-19T01:00:00+01:00,3.1,light,2,4,-2
2026-03-19T01:00:00+01:00,3.1,motorcycle,5,4,1
2026-03-19T01:00:00+01:00,3.1,pedestrian,809,776,33
2026-03-19T01:00:00+01:00,3.1,pram,12,13,-1
2026-03-19T01:00:00+01:00,3.1,scooter,1,6,-5
2026-03-19T01:00:00+01:00,3.1,van,5,6,-1
2026-03-19T01:00:00+01:00,3.1,wheelchair,2,0,2
2026-03-20T01:00:00+01:00,1.1,pedestrian,13,8,5
2026-03-20T01:00:00+01:00,1.2,bicycle,13,34,-21
2026-03-20T01:00:00+01:00,1.2,car,69,66,3
2026-03-20T01:00:00+01:00,1.2,light,3,1,2
2026-03-20T01:00:00+01:00,1.2,motorcycle,3,4,-1
2026-03-20T01:00:00+01:00,1.2,pedestrian,677,690,-13
2026-03-20T01:00:00+01:00,1.2,pram,0,2,-2
2026-03-20T01:00:00+01:00,1.2,van,24,27,-3
2026-03-20T01:00:00+01:00,2.1,car,0,3,-3
2026-03-20T01:00:00+01:00,2.1,light,0,1,-1
2026-03-20T01:00:00+01:00,2.1,pedestrian,0,1,-1
2026-03-20T01:00:00+01:00,2.2,animal,0,1,-1
2026-03-20T01:00:00+01:00,2.2,bicycle,15,16,-1
2026-03-20T01:00:00+01:00,2.2,bus,1,1,0
2026-03-20T01:00:00+01:00,2.2,car,410,387,23
2026-03-20T01:00:00+01:00,2.2,light,25,22,3
2026-03-20T01:00:00+01:00,2.2,motorcycle,2,3,-1
2026-03-20T01:00:00+01:00,2.2,pedestrian,177,200,-23
2026-03-20T01:00:00+01:00,2.2,pram,3,4,-1
2026-03-20T01:00:00+01:00,2.2,van,29,33,-4
2026-03-20T01:00:00+01:00,3.1,animal,5,8,-3
2026-03-20T01:00:00+01:00,3.1,bicycle,50,34,16
2026-03-20T01:00:00+01:00,3.1,car,19,16,3
2026-03-20T01:00:00+01:00,3.1,car trailer,1,0,1
2026-03-20T01:00:00+01:00,3.1,light,4,3,1
2026-03-20T01:00:00+01:00,3.1,motorcycle,9,2,7
2026-03-20T01:00:00+01:00,3.1,pedestrian,1203,865,338
2026-03-20T01:00:00+01:00,3.1,pram,25,19,6
2026-03-20T01:00:00+01:00,3.1,scooter,3,1,2
2026-03-20T01:00:00+01:00,3.1,van,2,1,1
2026-03-21T01:00:00+01:00,1.1,animal,1,0,1
2026-03-21T01:00:00+01:00,1.1,pedestrian,24,33,-9
2026-03-21T01:00:00+01:00,1.2,animal,0,1,-1
2026-03-21T01:00:00+01:00,1.2,bicycle,14,14,0
2026-03-21T01:00:00+01:00,1.2,car,32,36,-4
2026-03-21T01:00:00+01:00,1.2,light,0,1,-1
2026-03-21T01:00:00+01:00,1.2,motorcycle,3,3,0
2026-03-21T01:00:00+01:00,1.2,pedestrian,580,670,-90
2026-03-21T01:00:00+01:00,1.2,pram,0,4,-4
2026-03-21T01:00:00+01:00,2.1,car,0,2,-2
2026-03-21T01:00:00+01:00,2.1,van,1,2,-1
2026-03-21T01:00:00+01:00,2.2,animal,0,1,-1
2026-03-21T01:00:00+01:00,2.2,bicycle,32,17,15
2026-03-21T01:00:00+01:00,2.2,car,607,563,44
2026-03-21T01:00:00+01:00,2.2,car trailer,1,0,1
2026-03-21T01:00:00+01:00,2.2,light,7,4,3
2026-03-21T01:00:00+01:00,2.2,motorcycle,1,6,-5
2026-03-21T01:00:00+01:00,2.2,pedestrian,247,289,-42
2026-03-21T01:00:00+01:00,2.2,pram,1,0,1
2026-03-21T01:00:00+01:00,2.2,van,25,13,12
2026-03-21T01:00:00+01:00,2.2,wheelchair,1,0,1
2026-03-21T01:00:00+01:00,3.1,animal,6,8,-2
2026-03-21T01:00:00+01:00,3.1,bicycle,49,42,7
2026-03-21T01:00:00+01:00,3.1,car,29,20,9
2026-03-21T01:00:00+01:00,3.1,motorcycle,6,5,1
2026-03-21T01:00:00+01:00,3.1,pedestrian,1095,1002,93
2026-03-21T01:00:00+01:00,3.1,pram,25,16,9
2026-03-21T01:00:00+01:00,3.1,scooter,3,3,0
2026-03-21T01:00:00+01:00,3.1,wheelchair,2,0,2
2026-03-22T01:00:00+01:00,1.1,pedestrian,0,3,-3
2026-03-22T01:00:00+01:00,1.2,bicycle,9,11,-2
2026-03-22T01:00:00+01:00,1.2,car,14,18,-4
2026-03-22T01:00:00+01:00,1.2,pedestrian,219,207,12
2026-03-22T01:00:00+01:00,1.2,pram,0,1,-1
2026-03-22T01:00:00+01:00,1.2,van,14,8,6
2026-03-22T01:00:00+01:00,2.1,car,24,19,5
2026-03-22T01:00:00+01:00,2.2,animal,0,1,-1
2026-03-22T01:00:00+01:00,2.2,bicycle,14,17,-3
2026-03-22T01:00:00+01:00,2.2,bus,1,0,1
2026-03-22T01:00:00+01:00,2.2,car,277,267,10
2026-03-22T01:00:00+01:00,2.2,motorcycle,1,3,-2
2026-03-22T01:00:00+01:00,2.2,pedestrian,132,160,-28
2026-03-22T01:00:00+01:00,2.2,pram,1,0,1
2026-03-22T01:00:00+01:00,2.2,van,6,3,3
2026-03-22T01:00:00+01:00,3.1,animal,4,10,-6
2026-03-22T01:00:00+01:00,3.1,bicycle,35,36,-1
2026-03-22T01:00:00+01:00,3.1,car,23,13,10
2026-03-22T01:00:00+01:00,3.1,motorcycle,3,2,1
2026-03-22T01:00:00+01:00,3.1,pedestrian,766,725,41
2026-03-22T01:00:00+01:00,3.1,pram,16,21,-5
2026-03-22T01:00:00+01:00,3.1,scooter,1,0,1
2026-03-22T01:00:00+01:00,3.1,van,0,1,-1
2026-03-23T01:00:00+01:00,1.1,pedestrian,5,6,-1
2026-03-23T01:00:00+01:00,1.2,bicycle,22,25,-3
2026-03-23T01:00:00+01:00,1.2,car,34,27,7
2026-03-23T01:00:00+01:00,1.2,light,1,0,1
2026-03-23T01:00:00+01:00,1.2,motorcycle,1,0,1
2026-03-23T01:00:00+01:00,1.2,pedestrian,409,376,33
2026-03-23T01:00:00+01:00,1.2,pram,1,1,0
2026-03-23T01:00:00+01:00,1.2,van,5,1,4
2026-03-23T01:00:00+01:00,2.1,car,0,1,-1
2026-03-23T01:00:00+01:00,2.1,pedestrian,1,0,1
2026-03-23T01:00:00+01:00,2.1,van,1,6,-5
2026-03-23T01:00:00+01:00,2.2,bicycle,24,22,2
2026-03-23T01:00:00+01:00,2.2,bus,2,5,-3
2026-03-23T01:00:00+01:00,2.2,car,239,258,-19
2026-03-23T01:00:00+01:00,2.2,light,22,19,3
2026-03-23T01:00:00+01:00,2.2,motorcycle,4,1,3
2026-03-23T01:00:00+01:00,2.2,pedestrian,190,203,-13
2026-03-23T01:00:00+01:00,2.2,pram,0,2,-2
2026-03-23T01:00:00+01:00,2.2,van,40,39,1
2026-03-23T01:00:00+01:00,2.2,wheelchair,0,2,-2
2026-03-23T01:00:00+01:00,3.1,animal,9,2,7
2026-03-23T01:00:00+01:00,3.1,bicycle,81,67,14
2026-03-23T01:00:00+01:00,3.1,car,22,19,3
2026-03-23T01:00:00+01:00,3.1,light,0,1,-1
2026-03-23T01:00:00+01:00,3.1,motorcycle,4,3,1
2026-03-23T01:00:00+01:00,3.1,pedestrian,896,745,151
2026-03-23T01:00:00+01:00,3.1,pram,11,21,-10
2026-03-23T01:00:00+01:00,3.1,scooter,5,4,1
2026-03-23T01:00:00+01:00,3.1,van,7,4,3
2026-03-23T01:00:00+01:00,3.1,wheelchair,2,1,1
2026-03-24T01:00:00+01:00,1.1,animal,1,0,1
2026-03-24T01:00:00+01:00,1.1,pedestrian,2,1,1
2026-03-24T01:00:00+01:00,1.2,bicycle,11,18,-7
2026-03-24T01:00:00+01:00,1.2,car,212,202,10
2026-03-24T01:00:00+01:00,1.2,light,2,4,-2
2026-03-24T01:00:00+01:00,1.2,motorcycle,1,2,-1
2026-03-24T01:00:00+01:00,1.2,pedestrian,396,365,31
2026-03-24T01:00:00+01:00,1.2,pram,1,1,0
2026-03-24T01:00:00+01:00,1.2,van,6,2,4
2026-03-24T01:00:00+01:00,2.1,car,1,13,-12
2026-03-24T01:00:00+01:00,2.1,light,1,0,1
2026-03-24T01:00:00+01:00,2.1,van,6,4,2
2026-03-24T01:00:00+01:00,2.2,bicycle,20,18,2
2026-03-24T01:00:00+01:00,2.2,bus,2,2,0
2026-03-24T01:00:00+01:00,2.2,car,311,328,-17
2026-03-24T01:00:00+01:00,2.2,heavy,2,1,1
2026-03-24T01:00:00+01:00,2.2,light,21,19,2
2026-03-24T01:00:00+01:00,2.2,motorcycle,2,5,-3
2026-03-24T01:00:00+01:00,2.2,pedestrian,155,168,-13
2026-03-24T01:00:00+01:00,2.2,pram,1,0,1
2026-03-24T01:00:00+01:00,2.2,van,47,44,3
2026-03-24T01:00:00+01:00,3.1,animal,2,2,0
2026-03-24T01:00:00+01:00,3.1,bicycle,57,45,12
2026-03-24T01:00:00+01:00,3.1,car,21,21,0
2026-03-24T01:00:00+01:00,3.1,light,5,1,4
2026-03-24T01:00:00+01:00,3.1,motorcycle,3,7,-4
2026-03-24T01:00:00+01:00,3.1,pedestrian,661,652,9
2026-03-24T01:00:00+01:00,3.1,pram,15,12,3
2026-03-24T01:00:00+01:00,3.1,scooter,5,2,3
2026-03-24T01:00:00+01:00,3.1,van,4,4,0
2026-03-25T01:00:00+01:00,1.1,pedestrian,7,6,1
2026-03-25T01:00:00+01:00,1.2,animal,0,1,-1
2026-03-25T01:00:00+01:00,1.2,bicycle,11,18,-7
2026-03-25T01:00:00+01:00,1.2,car,138,140,-2
2026-03-25T01:00:00+01:00,1.2,light,3,3,0
2026-03-25T01:00:00+01:00,1.2,motorcycle,1,2,-1
2026-03-25T01:00:00+01:00,1.2,pedestrian,270,250,20
2026-03-25T01:00:00+01:00,1.2,van,8,3,5
2026-03-25T01:00:00+01:00,2.1,car,1,12,-11
2026-03-25T01:00:00+01:00,2.1,van,3,4,-1
2026-03-25T01:00:00+01:00,2.2,bicycle,17,17,0
2026-03-25T01:00:00+01:00,2.2,bus,1,0,1
2026-03-25T01:00:00+01:00,2.2,car,398,391,7
2026-03-25T01:00:00+01:00,2.2,car trailer,3,1,2
2026-03-25T01:00:00+01:00,2.2,heavy,1,0,1
2026-03-25T01:00:00+01:00,2.2,light,28,16,12
2026-03-25T01:00:00+01:00,2.2,motorcycle,4,4,0
2026-03-25T01:00:00+01:00,2.2,pedestrian,171,229,-58
2026-03-25T01:00:00+01:00,2.2,van,50,47,3
2026-03-25T01:00:00+01:00,3.1,animal,13,8,5
2026-03-25T01:00:00+01:00,3.1,bicycle,54,35,19
2026-03-25T01:00:00+01:00,3.1,car,13,20,-7
2026-03-25T01:00:00+01:00,3.1,car trailer,1,0,1
2026-03-25T01:00:00+01:00,3.1,light,7,2,5
2026-03-25T01:00:00+01:00,3.1,motorcycle,4,5,-1
2026-03-25T01:00:00+01:00,3.1,pedestrian,751,615,136
2026-03-25T01:00:00+01:00,3.1,pram,5,11,-6
2026-03-25T01:00:00+01:00,3.1,scooter,0,3,-3
2026-03-25T01:00:00+01:00,3.1,van,8,7,1
2026-03-25T01:00:00+01:00,3.1,wheelchair,0,1,-1
2026-03-26T01:00:00+01:00,1.1,pedestrian,1,3,-2
2026-03-26T01:00:00+01:00,1.2,bicycle,18,21,-3
2026-03-26T01:00:00+01:00,1.2,car,115,97,18
2026-03-26T01:00:00+01:00,1.2,light,6,1,5
2026-03-26T01:00:00+01:00,1.2,motorcycle,0,5,-5
2026-03-26T01:00:00+01:00,1.2,pedestrian,368,369,-1
2026-03-26T01:00:00+01:00,1.2,pram,0,1,-1
2026-03-26T01:00:00+01:00,1.2,van,13,5,8
2026-03-26T01:00:00+01:00,2.1,car,11,27,-16
2026-03-26T01:00:00+01:00,2.1,pedestrian,1,1,0
2026-03-26T01:00:00+01:00,2.1,van,4,6,-2
2026-03-26T01:00:00+01:00,2.2,bicycle,14,17,-3
2026-03-26T01:00:00+01:00,2.2,bus,1,0,1
2026-03-26T01:00:00+01:00,2.2,car,490,492,-2
2026-03-26T01:00:00+01:00,2.2,car trailer,2,1,1
2026-03-26T01:00:00+01:00,2.2,light,13,20,-7
2026-03-26T01:00:00+01:00,2.2,motorcycle,1,3,-2
2026-03-26T01:00:00+01:00,2.2,pedestrian,201,265,-64
2026-03-26T01:00:00+01:00,2.2,pram,1,1,0
2026-03-26T01:00:00+01:00,2.2,van,48,48,0
2026-03-26T01:00:00+01:00,3.1,animal,15,14,1
2026-03-26T01:00:00+01:00,3.1,bicycle,62,51,11
2026-03-26T01:00:00+01:00,3.1,car,13,27,-14
2026-03-26T01:00:00+01:00,3.1,light,2,3,-1
2026-03-26T01:00:00+01:00,3.1,motorcycle,5,3,2
2026-03-26T01:00:00+01:00,3.1,pedestrian,839,712,127
2026-03-26T01:00:00+01:00,3.1,pram,18,16,2
2026-03-26T01:00:00+01:00,3.1,scooter,5,5,0
2026-03-26T01:00:00+01:00,3.1,van,6,7,-1
2026-03-26T01:00:00+01:00,3.1,wheelchair,1,3,-2
2026-03-27T01:00:00+01:00,1.1,pedestrian,2,5,-3
2026-03-27T01:00:00+01:00,1.2,bicycle,12,16,-4
2026-03-27T01:00:00+01:00,1.2,car,73,65,8
2026-03-27T01:00:00+01:00,1.2,light,2,1,1
2026-03-27T01:00:00+01:00,1.2,motorcycle,3,0,3
2026-03-27T01:00:00+01:00,1.2,pedestrian,490,491,-1
2026-03-27T01:00:00+01:00,1.2,pram,1,3,-2
2026-03-27T01:00:00+01:00,1.2,van,4,5,-1
2026-03-27T01:00:00+01:00,1.2,wheelchair,1,0,1
2026-03-27T01:00:00+01:00,2.1,car,1,12,-11
2026-03-27T01:00:00+01:00,2.1,light,0,2,-2
2026-03-27T01:00:00+01:00,2.1,pedestrian,0,1,-1
2026-03-27T01:00:00+01:00,2.1,van,1,2,-1
2026-03-27T01:00:00+01:00,2.2,bicycle,20,10,10
2026-03-27T01:00:00+01:00,2.2,car,416,399,17
2026-03-27T01:00:00+01:00,2.2,car trailer,1,0,1
2026-03-27T01:00:00+01:00,2.2,heavy,0,1,-1
2026-03-27T01:00:00+01:00,2.2,light,21,16,5
2026-03-27T01:00:00+01:00,2.2,motorcycle,1,5,-4
2026-03-27T01:00:00+01:00,2.2,pedestrian,167,214,-47
2026-03-27T01:00:00+01:00,2.2,pram,0,2,-2
2026-03-27T01:00:00+01:00,2.2,van,42,35,7
2026-03-27T01:00:00+01:00,3.1,animal,14,14,0
2026-03-27T01:00:00+01:00,3.1,bicycle,38,33,5
2026-03-27T01:00:00+01:00,3.1,car,18,16,2
2026-03-27T01:00:00+01:00,3.1,light,3,2,1
2026-03-27T01:00:00+01:00,3.1,motorcycle,8,7,1
2026-03-27T01:00:00+01:00,3.1,pedestrian,877,713,164
2026-03-27T01:00:00+01:00,3.1,pram,10,12,-2
2026-03-27T01:00:00+01:00,3.1,scooter,1,1,0
2026-03-27T01:00:00+01:00,3.1,van,4,3,1
2026-03-28T01:00:00+01:00,1.1,pedestrian,12,6,6
2026-03-28T01:00:00+01:00,1.2,bicycle,10,19,-9
2026-03-28T01:00:00+01:00,1.2,car,53,47,6
2026-03-28T01:00:00+01:00,1.2,light,2,0,2
2026-03-28T01:00:00+01:00,1.2,motorcycle,5,0,5
2026-03-28T01:00:00+01:00,1.2,pedestrian,458,475,-17
2026-03-28T01:00:00+01:00,1.2,pram,2,0,2
2026-03-28T01:00:00+01:00,1.2,van,1,0,1
2026-03-28T01:00:00+01:00,2.1,car,0,1,-1
2026-03-28T01:00:00+01:00,2.1,van,0,1,-1
2026-03-28T01:00:00+01:00,2.2,animal,2,0,2
2026-03-28T01:00:00+01:00,2.2,bicycle,23,16,7
2026-03-28T01:00:00+01:00,2.2,bus,1,0,1
2026-03-28T01:00:00+01:00,2.2,car,442,444,-2
2026-03-28T01:00:00+01:00,2.2,car trailer,1,1,0
2026-03-28T01:00:00+01:00,2.2,light,4,3,1
2026-03-28T01:00:00+01:00,2.2,motorcycle,3,7,-4
2026-03-28T01:00:00+01:00,2.2,pedestrian,273,323,-50
2026-03-28T01:00:00+01:00,2.2,van,11,11,0
2026-03-28T01:00:00+01:00,3.1,animal,10,19,-9
2026-03-28T01:00:00+01:00,3.1,bicycle,46,27,19
2026-03-28T01:00:00+01:00,3.1,car,16,14,2
2026-03-28T01:00:00+01:00,3.1,light,0,1,-1
2026-03-28T01:00:00+01:00,3.1,motorcycle,5,3,2
2026-03-28T01:00:00+01:00,3.1,pedestrian,928,928,0
2026-03-28T01:00:00+01:00,3.1,pram,21,16,5
2026-03-28T01:00:00+01:00,3.1,scooter,2,1,1
2026-03-28T01:00:00+01:00,3.1,wheelchair,2,3,-1
2026-03-29T01:00:00+01:00,1.1,pedestrian,1,1,0
2026-03-29T01:00:00+01:00,1.2,bicycle,7,19,-12
2026-03-29T01:00:00+01:00,1.2,car,32,29,3
2026-03-29T01:00:00+01:00,1.2,light,1,0,1
2026-03-29T01:00:00+01:00,1.2,pedestrian,188,160,28
2026-03-29T01:00:00+01:00,1.2,pram,1,0,1
2026-03-29T01:00:00+01:00,1.2,van,0,1,-1
2026-03-29T01:00:00+01:00,2.1,car,5,15,-10
2026-03-29T01:00:00+01:00,2.1,pedestrian,4,4,0
2026-03-29T01:00:00+01:00,2.1,van,0,1,-1
2026-03-29T01:00:00+01:00,2.2,animal,0,1,-1
2026-03-29T01:00:00+01:00,2.2,bicycle,10,12,-2
2026-03-29T01:00:00+01:00,2.2,car,294,286,8
2026-03-29T01:00:00+01:00,2.2,car trailer,4,1,3
2026-03-29T01:00:00+01:00,2.2,light,4,2,2
2026-03-29T01:00:00+01:00,2.2,motorcycle,1,2,-1
2026-03-29T01:00:00+01:00,2.2,pedestrian,157,196,-39
2026-03-29T01:00:00+01:00,2.2,pram,1,0,1
2026-03-29T01:00:00+01:00,2.2,van,6,3,3
2026-03-29T01:00:00+01:00,3.1,animal,8,12,-4
2026-03-29T01:00:00+01:00,3.1,bicycle,36,26,10
2026-03-29T01:00:00+01:00,3.1,car,18,13,5
2026-03-29T01:00:00+01:00,3.1,car trailer,2,0,2
2026-03-29T01:00:00+01:00,3.1,motorcycle,2,1,1
2026-03-29T01:00:00+01:00,3.1,pedestrian,415,413,2
2026-03-29T01:00:00+01:00,3.1,pram,5,6,-1
2026-03-29T01:00:00+01:00,3.1,scooter,4,1,3
2026-03-30T02:00:00+02:00,1.1,pedestrian,2,0,2
2026-03-30T02:00:00+02:00,1.2,bicycle,16,16,0
2026-03-30T02:00:00+02:00,1.2,car,77,76,1
2026-03-30T02:00:00+02:00,1.2,light,2,2,0
2026-03-30T02:00:00+02:00,1.2,motorcycle,1,2,-1
2026-03-30T02:00:00+02:00,1.2,pedestrian,384,350,34
2026-03-30T02:00:00+02:00,1.2,pram,1,2,-1
2026-03-30T02:00:00+02:00,1.2,van,3,3,0
2026-03-30T02:00:00+02:00,2.1,car,0,4,-4
2026-03-30T02:00:00+02:00,2.1,van,3,4,-1
2026-03-30T02:00:00+02:00,2.2,bicycle,17,20,-3
2026-03-30T02:00:00+02:00,2.2,car,630,610,20
2026-03-30T02:00:00+02:00,2.2,car trailer,1,1,0
2026-03-30T02:00:00+02:00,2.2,heavy,1,0,1
2026-03-30T02:00:00+02:00,2.2,light,20,13,7
2026-03-30T02:00:00+02:00,2.2,motorcycle,3,4,-1
2026-03-30T02:00:00+02:00,2.2,pedestrian,218,255,-37
2026-03-30T02:00:00+02:00,2.2,pram,4,1,3
2026-03-30T02:00:00+02:00,2.2,scooter,0,1,-1
2026-03-30T02:00:00+02:00,2.2,van,40,42,-2
2026-03-30T02:00:00+02:00,3.1,animal,10,7,3
2026-03-30T02:00:00+02:00,3.1,bicycle,43,41,2
2026-03-30T02:00:00+02:00,3.1,car,20,23,-3
2026-03-30T02:00:00+02:00,3.1,car trailer,1,0,1
2026-03-30T02:00:00+02:00,3.1,light,2,1,1
2026-03-30T02:00:00+02:00,3.1,motorcycle,2,1,1
2026-03-30T02:00:00+02:00,3.1,pedestrian,707,730,-23
2026-03-30T02:00:00+02:00,3.1,pram,11,16,-5
2026-03-30T02:00:00+02:00,3.1,scooter,5,4,1
2026-03-30T02:00:00+02:00,3.1,van,17,5,12
2026-03-30T02:00:00+02:00,3.1,wheelchair,1,0,1
2026-03-31T02:00:00+02:00,1.1,pedestrian,1,0,1
2026-03-31T02:00:00+02:00,1.2,bicycle,14,23,-9
2026-03-31T02:00:00+02:00,1.2,car,184,183,1
2026-03-31T02:00:00+02:00,1.2,light,1,4,-3
2026-03-31T02:00:00+02:00,1.2,motorcycle,3,2,1
2026-03-31T02:00:00+02:00,1.2,pedestrian,622,537,85
2026-03-31T02:00:00+02:00,1.2,pram,1,0,1
2026-03-31T02:00:00+02:00,1.2,van,4,5,-1
2026-03-31T02:00:00+02:00,2.1,car,0,5,-5
2026-03-31T02:00:00+02:00,2.1,light,3,5,-2
2026-03-31T02:00:00+02:00,2.1,pedestrian,1,2,-1
2026-03-31T02:00:00+02:00,2.1,van,2,3,-1
2026-03-31T02:00:00+02:00,2.2,bicycle,30,29,1
2026-03-31T02:00:00+02:00,2.2,car,841,843,-2
2026-03-31T02:00:00+02:00,2.2,car trailer,3,1,2
2026-03-31T02:00:00+02:00,2.2,heavy,1,1,0
2026-03-31T02:00:00+02:00,2.2,light,33,30,3
2026-03-31T02:00:00+02:00,2.2,motorcycle,3,5,-2
2026-03-31T02:00:00+02:00,2.2,pedestrian,246,346,-100
2026-03-31T02:00:00+02:00,2.2,pram,3,2,1
2026-03-31T02:00:00+02:00,2.2,van,38,43,-5
2026-03-31T02:00:00+02:00,3.1,animal,7,8,-1
2026-03-31T02:00:00+02:00,3.1,bicycle,61,64,-3
2026-03-31T02:00:00+02:00,3.1,car,36,18,18
2026-03-31T02:00:00+02:00,3.1,car trailer,1,0,1
2026-03-31T02:00:00+02:00,3.1,light,7,4,3
2026-03-31T02:00:00+02:00,3.1,motorcycle,8,6,2
2026-03-31T02:00:00+02:00,3.1,pedestrian,881,875,6
2026-03-31T02:00:00+02:00,3.1,pram,20,16,4
2026-03-31T02:00:00+02:00,3.1,scooter,1,1,0
2026-03-31T02:00:00+02:00,3.1,van,6,0,6
2026-04-01T02:00:00+02:00,1.1,bicycle,1,0,1
2026-04-01T02:00:00+02:00,1.1,pedestrian,1,2,-1
2026-04-01T02:00:00+02:00,1.2,bicycle,21,31,-10
2026-04-01T02:00:00+02:00,1.2,car,25,13,12
2026-04-01T02:00:00+02:00,1.2,light,1,1,0
2026-04-01T02:00:00+02:00,1.2,motorcycle,2,2,0
2026-04-01T02:00:00+02:00,1.2,pedestrian,364,339,25
2026-04-01T02:00:00+02:00,1.2,pram,0,1,-1
2026-04-01T02:00:00+02:00,1.2,van,2,0,2
2026-04-01T02:00:00+02:00,1.2,wheelchair,2,0,2
2026-04-01T02:00:00+02:00,2.1,car,38,59,-21
2026-04-01T02:00:00+02:00,2.1,light,3,2,1
2026-04-01T02:00:00+02:00,2.1,motorcycle,0,1,-1
2026-04-01T02:00:00+02:00,2.1,pedestrian,0,2,-2
2026-04-01T02:00:00+02:00,2.1,van,23,20,3
2026-04-01T02:00:00+02:00,2.2,bicycle,23,21,2
2026-04-01T02:00:00+02:00,2.2,car,906,865,41
2026-04-01T02:00:00+02:00,2.2,car trailer,0,1,-1
2026-04-01T02:00:00+02:00,2.2,heavy,1,1,0
2026-04-01T02:00:00+02:00,2.2,light,14,12,2
2026-04-01T02:00:00+02:00,2.2,motorcycle,10,8,2
2026-04-01T02:00:00+02:00,2.2,pedestrian,280,359,-79
2026-04-01T02:00:00+02:00,2.2,pram,2,1,1
2026-04-01T02:00:00+02:00,2.2,van,52,51,1
2026-04-01T02:00:00+02:00,3.1,animal,9,11,-2
2026-04-01T02:00:00+02:00,3.1,bicycle,58,58,0
2026-04-01T02:00:00+02:00,3.1,car,36,22,14
2026-04-01T02:00:00+02:00,3.1,car trailer,1,1,0
2026-04-01T02:00:00+02:00,3.1,light,1,1,0
2026-04-01T02:00:00+02:00,3.1,motorcycle,8,2,6
2026-04-01T02:00:00+02:00,3.1,pedestrian,1031,944,87
2026-04-01T02:00:00+02:00,3.1,pram,30,23,7
2026-04-01T02:00:00+02:00,3.1,scooter,1,0,1
2026-04-01T02:00:00+02:00,3.1,van,8,6,2
2026-04-01T02:00:00+02:00,3.1,wheelchair,3,2,1
2026-04-02T02:00:00+02:00,1.1,bicycle,1,0,1
2026-04-02T02:00:00+02:00,1.1,pedestrian,1,2,-1
2026-04-02T02:00:00+02:00,1.2,bicycle,15,12,3
2026-04-02T02:00:00+02:00,1.2,car,29,28,1
2026-04-02T02:00:00+02:00,1.2,light,1,1,0
2026-04-02T02:00:00+02:00,1.2,pedestrian,252,198,54
2026-04-02T02:00:00+02:00,1.2,pram,2,0,2
2026-04-02T02:00:00+02:00,1.2,van,0,1,-1
2026-04-02T02:00:00+02:00,2.1,car,3,4,-1
2026-04-02T02:00:00+02:00,2.1,van,0,2,-2
2026-04-02T02:00:00+02:00,2.2,bicycle,13,18,-5
2026-04-02T02:00:00+02:00,2.2,car,757,727,30
2026-04-02T02:00:00+02:00,2.2,light,5,6,-1
2026-04-02T02:00:00+02:00,2.2,motorcycle,3,7,-4
2026-04-02T02:00:00+02:00,2.2,pedestrian,207,260,-53
2026-04-02T02:00:00+02:00,2.2,pram,1,2,-1
2026-04-02T02:00:00+02:00,2.2,van,13,10,3
2026-04-02T02:00:00+02:00,3.1,animal,6,2,4
2026-04-02T02:00:00+02:00,3.1,bicycle,39,37,2
2026-04-02T02:00:00+02:00,3.1,car,31,11,20
2026-04-02T02:00:00+02:00,3.1,light,1,0,1
2026-04-02T02:00:00+02:00,3.1,motorcycle,3,5,-2
2026-04-02T02:00:00+02:00,3.1,pedestrian,625,573,52
2026-04-02T02:00:00+02:00,3.1,pram,9,19,-10
2026-04-02T02:00:00+02:00,3.1,scooter,2,1,1
2026-04-02T02:00:00+02:00,3.1,van,2,0,2
2026-04-02T02:00:00+02:00,3.1,wheelchair,1,0,1
2026-04-03T02:00:00+02:00,1.1,pedestrian,3,0,3
2026-04-03T02:00:00+02:00,1.2,bicycle,8,21,-13
2026-04-03T02:00:00+02:00,1.2,car,26,16,10
2026-04-03T02:00:00+02:00,1.2,motorcycle,1,0,1
2026-04-03T02:00:00+02:00,1.2,pedestrian,397,448,-51
2026-04-03T02:00:00+02:00,1.2,pram,1,1,0
2026-04-03T02:00:00+02:00,1.2,van,4,2,2
2026-04-03T02:00:00+02:00,2.1,car,4,13,-9
2026-04-03T02:00:00+02:00,2.1,light,1,0,1
2026-04-03T02:00:00+02:00,2.1,van,1,1,0
2026-04-03T02:00:00+02:00,2.2,bicycle,15,21,-6
2026-04-03T02:00:00+02:00,2.2,car,558,540,18
2026-04-03T02:00:00+02:00,2.2,light,9,9,0
2026-04-03T02:00:00+02:00,2.2,motorcycle,4,2,2
2026-04-03T02:00:00+02:00,2.2,pedestrian,261,363,-102
2026-04-03T02:00:00+02:00,2.2,pram,3,2,1
2026-04-03T02:00:00+02:00,2.2,van,23,17,6
2026-04-03T02:00:00+02:00,3.1,animal,2,8,-6
2026-04-03T02:00:00+02:00,3.1,bicycle,45,38,7
2026-04-03T02:00:00+02:00,3.1,car,12,22,-10
2026-04-03T02:00:00+02:00,3.1,light,0,1,-1
2026-04-03T02:00:00+02:00,3.1,motorcycle,1,5,-4
2026-04-03T02:00:00+02:00,3.1,pedestrian,898,879,19
2026-04-03T02:00:00+02:00,3.1,pram,14,12,2
2026-04-03T02:00:00+02:00,3.1,scooter,3,0,3
2026-04-03T02:00:00+02:00,3.1,van,5,4,1
2026-04-03T02:00:00+02:00,3.1,wheelchair,0,1,-1
2026-04-04T02:00:00+02:00,1.1,pedestrian,4,3,1
2026-04-04T02:00:00+02:00,1.2,bicycle,13,11,2
2026-04-04T02:00:00+02:00,1.2,car,35,30,5
2026-04-04T02:00:00+02:00,1.2,light,1,0,1
2026-04-04T02:00:00+02:00,1.2,pedestrian,442,445,-3
2026-04-04T02:00:00+02:00,1.2,pram,0,1,-1
2026-04-04T02:00:00+02:00,1.2,van,1,0,1
2026-04-04T02:00:00+02:00,1.2,wheelchair,0,1,-1
2026-04-04T02:00:00+02:00,2.1,car,17,17,0
2026-04-04T02:00:00+02:00,2.1,light,1,0,1
2026-04-04T02:00:00+02:00,2.1,pedestrian,1,0,1
2026-04-04T02:00:00+02:00,2.1,van,1,2,-1
2026-04-04T02:00:00+02:00,2.2,bicycle,13,15,-2
2026-04-04T02:00:00+02:00,2.2,bus,0,2,-2
2026-04-04T02:00:00+02:00,2.2,car,428,426,2
2026-04-04T02:00:00+02:00,2.2,car trailer,2,1,1
2026-04-04T02:00:00+02:00,2.2,light,5,2,3
2026-04-04T02:00:00+02:00,2.2,motorcycle,1,1,0
2026-04-04T02:00:00+02:00,2.2,pedestrian,226,309,-83
2026-04-04T02:00:00+02:00,2.2,pram,4,2,2
2026-04-04T02:00:00+02:00,2.2,scooter,1,1,0
2026-04-04T02:00:00+02:00,2.2,van,11,12,-1
2026-04-04T02:00:00+02:00,2.2,wheelchair,1,0,1
2026-04-04T02:00:00+02:00,3.1,animal,12,10,2
2026-04-04T02:00:00+02:00,3.1,bicycle,38,32,6
2026-04-04T02:00:00+02:00,3.1,car,14,9,5
2026-04-04T02:00:00+02:00,3.1,motorcycle,7,1,6
2026-04-04T02:00:00+02:00,3.1,pedestrian,1070,986,84
2026-04-04T02:00:00+02:00,3.1,pram,26,16,10
2026-04-04T02:00:00+02:00,3.1,scooter,4,1,3
2026-04-04T02:00:00+02:00,3.1,van,1,1,0
2026-04-04T02:00:00+02:00,3.1,wheelchair,3,0,3
2026-04-05T02:00:00+02:00,1.1,pedestrian,2,3,-1
2026-04-05T02:00:00+02:00,1.2,bicycle,9,8,1
2026-04-05T02:00:00+02:00,1.2,car,32,31,1
2026-04-05T02:00:00+02:00,1.2,motorcycle,2,2,0
2026-04-05T02:00:00+02:00,1.2,pedestrian,220,196,24
2026-04-05T02:00:00+02:00,1.2,pram,0,2,-2
2026-04-05T02:00:00+02:00,1.2,scooter,0,1,-1
2026-04-05T02:00:00+02:00,1.2,van,2,1,1
2026-04-05T02:00:00+02:00,2.1,car,12,26,-14
2026-04-05T02:00:00+02:00,2.1,pedestrian,1,0,1
2026-04-05T02:00:00+02:00,2.1,van,2,3,-1
2026-04-05T02:00:00+02:00,2.2,bicycle,4,6,-2
2026-04-05T02:00:00+02:00,2.2,bus,1,1,0
2026-04-05T02:00:00+02:00,2.2,car,506,496,10
2026-04-05T02:00:00+02:00,2.2,light,1,1,0
2026-04-05T02:00:00+02:00,2.2,motorcycle,2,5,-3
2026-04-05T02:00:00+02:00,2.2,pedestrian,147,201,-54
2026-04-05T02:00:00+02:00,2.2,pram,2,2,0
2026-04-05T02:00:00+02:00,2.2,van,15,14,1
2026-04-05T02:00:00+02:00,3.1,animal,5,4,1
2026-04-05T02:00:00+02:00,3.1,bicycle,17,25,-8
2026-04-05T02:00:00+02:00,3.1,car,29,8,21
2026-04-05T02:00:00+02:00,3.1,motorcycle,5,3,2
2026-04-05T02:00:00+02:00,3.1,pedestrian,462,499,-37
2026-04-05T02:00:00+02:00,3.1,pram,9,4,5
2026-04-05T02:00:00+02:00,3.1,scooter,2,1,1
2026-04-05T02:00:00+02:00,3.1,van,1,2,-1
2026-04-05T02:00:00+02:00,3.1,wheelchair,0,1,-1
2026-04-06T02:00:00+02:00,1.1,pedestrian,0,1,-1
2026-04-06T02:00:00+02:00,1.2,bicycle,7,11,-4
2026-04-06T02:00:00+02:00,1.2,car,31,16,15
2026-04-06T02:00:00+02:00,1.2,motorcycle,2,1,1
2026-04-06T02:00:00+02:00,1.2,pedestrian,250,210,40
2026-04-06T02:00:00+02:00,1.2,pram,0,1,-1
2026-04-06T02:00:00+02:00,1.2,scooter,0,1,-1
2026-04-06T02:00:00+02:00,1.2,van,0,1,-1
2026-04-06T02:00:00+02:00,1.2,wheelchair,0,1,-1
2026-04-06T02:00:00+02:00,2.1,car,33,28,5
2026-04-06T02:00:00+02:00,2.1,pedestrian,1,0,1
2026-04-06T02:00:00+02:00,2.1,van,1,2,-1
2026-04-06T02:00:00+02:00,2.2,animal,1,2,-1
2026-04-06T02:00:00+02:00,2.2,bicycle,21,19,2
2026-04-06T02:00:00+02:00,2.2,car,484,517,-33
2026-04-06T02:00:00+02:00,2.2,car trailer,1,0,1
2026-04-06T02:00:00+02:00,2.2,light,5,4,1
2026-04-06T02:00:00+02:00,2.2,motorcycle,3,6,-3
2026-04-06T02:00:00+02:00,2.2,pedestrian,170,171,-1
2026-04-06T02:00:00+02:00,2.2,pram,2,0,2
2026-04-06T02:00:00+02:00,2.2,van,9,10,-1
2026-04-06T02:00:00+02:00,2.2,wheelchair,1,0,1
2026-04-06T02:00:00+02:00,3.1,animal,5,9,-4
2026-04-06T02:00:00+02:00,3.1,bicycle,31,32,-1
2026-04-06T02:00:00+02:00,3.1,car,25,16,9
2026-04-06T02:00:00+02:00,3.1,motorcycle,2,5,-3
2026-04-06T02:00:00+02:00,3.1,pedestrian,444,451,-7
2026-04-06T02:00:00+02:00,3.1,pram,9,7,2
2026-04-06T02:00:00+02:00,3.1,scooter,3,2,1
2026-04-06T02:00:00+02:00,3.1,van,1,0,1
2026-04-06T02:00:00+02:00,3.1,wheelchair,1,3,-2
2026-04-07T02:00:00+02:00,1.1,pedestrian,0,3,-3
2026-04-07T02:00:00+02:00,1.2,bicycle,3,18,-15
2026-04-07T02:00:00+02:00,1.2,car,75,73,2
2026-04-07T02:00:00+02:00,1.2,light,2,2,0
2026-04-07T02:00:00+02:00,1.2,motorcycle,3,2,1
2026-04-07T02:00:00+02:00,1.2,pedestrian,224,210,14
2026-04-07T02:00:00+02:00,1.2,van,4,4,0
2026-04-07T02:00:00+02:00,2.1,car,0,4,-4
2026-04-07T02:00:00+02:00,2.1,van,1,0,1
2026-04-07T02:00:00+02:00,2.2,bicycle,25,26,-1
2026-04-07T02:00:00+02:00,2.2,car,525,513,12
2026-04-07T02:00:00+02:00,2.2,light,21,18,3
2026-04-07T02:00:00+02:00,2.2,motorcycle,5,2,3
2026-04-07T02:00:00+02:00,2.2,pedestrian,177,190,-13
2026-04-07T02:00:00+02:00,2.2,pram,2,1,1
2026-04-07T02:00:00+02:00,2.2,scooter,1,0,1
2026-04-07T02:00:00+02:00,2.2,van,53,44,9
2026-04-07T02:00:00+02:00,3.1,animal,1,5,-4
2026-04-07T02:00:00+02:00,3.1,bicycle,44,45,-1
2026-04-07T02:00:00+02:00,3.1,car,16,18,-2
2026-04-07T02:00:00+02:00,3.1,light,4,1,3
2026-04-07T02:00:00+02:00,3.1,motorcycle,4,3,1
2026-04-07T02:00:00+02:00,3.1,pedestrian,703,642,61
2026-04-07T02:00:00+02:00,3.1,pram,20,14,6
2026-04-07T02:00:00+02:00,3.1,scooter,1,1,0
2026-04-07T02:00:00+02:00,3.1,van,3,3,0
2026-04-07T02:00:00+02:00,3.1,wheelchair,0,1,-1
2026-04-08T02:00:00+02:00,1.1,pedestrian,1,1,0
2026-04-08T02:00:00+02:00,1.2,bicycle,8,9,-1
2026-04-08T02:00:00+02:00,1.2,car,46,32,14
2026-04-08T02:00:00+02:00,1.2,light,2,0,2
2026-04-08T02:00:00+02:00,1.2,motorcycle,2,3,-1
2026-04-08T02:00:00+02:00,1.2,pedestrian,347,311,36
2026-04-08T02:00:00+02:00,1.2,van,6,0,6
2026-04-08T02:00:00+02:00,2.1,car,22,17,5
2026-04-08T02:00:00+02:00,2.1,van,2,4,-2
2026-04-08T02:00:00+02:00,2.2,animal,0,1,-1
2026-04-08T02:00:00+02:00,2.2,bicycle,21,22,-1
2026-04-08T02:00:00+02:00,2.2,car,475,468,7
2026-04-08T02:00:00+02:00,2.2,light,19,13,6
2026-04-08T02:00:00+02:00,2.2,motorcycle,4,2,2
2026-04-08T02:00:00+02:00,2.2,pedestrian,218,260,-42
2026-04-08T02:00:00+02:00,2.2,pram,1,3,-2
2026-04-08T02:00:00+02:00,2.2,van,62,61,1
2026-04-08T02:00:00+02:00,3.1,animal,6,3,3
2026-04-08T02:00:00+02:00,3.1,bicycle,76,48,28
2026-04-08T02:00:00+02:00,3.1,car,16,24,-8
2026-04-08T02:00:00+02:00,3.1,light,2,1,1
2026-04-08T02:00:00+02:00,3.1,motorcycle,6,5,1
2026-04-08T02:00:00+02:00,3.1,pedestrian,971,919,52
2026-04-08T02:00:00+02:00,3.1,pram,20,19,1
2026-04-08T02:00:00+02:00,3.1,van,6,10,-4
2026-04-09T02:00:00+02:00,1.1,animal,0,1,-1
2026-04-09T02:00:00+02:00,1.1,pedestrian,4,6,-2
2026-04-09T02:00:00+02:00,1.2,bicycle,14,13,1
2026-04-09T02:00:00+02:00,1.2,car,46,23,23
2026-04-09T02:00:00+02:00,1.2,motorcycle,1,3,-2
2026-04-09T02:00:00+02:00,1.2,pedestrian,204,217,-13
2026-04-09T02:00:00+02:00,1.2,scooter,0,1,-1
2026-04-09T02:00:00+02:00,1.2,van,7,3,4
2026-04-09T02:00:00+02:00,2.1,car,21,28,-7
2026-04-09T02:00:00+02:00,2.1,van,3,3,0
2026-04-09T02:00:00+02:00,2.2,bicycle,32,34,-2
2026-04-09T02:00:00+02:00,2.2,car,714,670,44
2026-04-09T02:00:00+02:00,2.2,car trailer,1,0,1
2026-04-09T02:00:00+02:00,2.2,heavy,1,0,1
2026-04-09T02:00:00+02:00,2.2,light,15,14,1
2026-04-09T02:00:00+02:00,2.2,motorcycle,1,2,-1
2026-04-09T02:00:00+02:00,2.2,pedestrian,179,214,-35
2026-04-09T02:00:00+02:00,2.2,pram,2,1,1
2026-04-09T02:00:00+02:00,2.2,van,54,57,-3
2026-04-09T02:00:00+02:00,2.2,wheelchair,0,1,-1
2026-04-09T02:00:00+02:00,3.1,animal,6,2,4
2026-04-09T02:00:00+02:00,3.1,bicycle,101,77,24
2026-04-09T02:00:00+02:00,3.1,car,21,18,3
2026-04-09T02:00:00+02:00,3.1,car trailer,2,0,2
2026-04-09T02:00:00+02:00,3.1,light,4,0,4
2026-04-09T02:00:00+02:00,3.1,motorcycle,12,9,3
2026-04-09T02:00:00+02:00,3.1,pedestrian,921,814,107
2026-04-09T02:00:00+02:00,3.1,pram,13,16,-3
2026-04-09T02:00:00+02:00,3.1,scooter,3,0,3
2026-04-09T02:00:00+02:00,3.1,van,11,9,2
2026-04-09T02:00:00+02:00,3.1,wheelchair,2,1,1
2026-04-10T02:00:00+02:00,1.1,pedestrian,4,12,-8
2026-04-10T02:00:00+02:00,1.2,bicycle,6,8,-2
2026-04-10T02:00:00+02:00,1.2,car,241,225,16
2026-04-10T02:00:00+02:00,1.2,light,4,5,-1
2026-04-10T02:00:00+02:00,1.2,motorcycle,0,2,-2
2026-04-10T02:00:00+02:00,1.2,pedestrian,331,309,22
2026-04-10T02:00:00+02:00,1.2,pram,0,2,-2
2026-04-10T02:00:00+02:00,1.2,van,8,5,3
2026-04-10T02:00:00+02:00,1.2,wheelchair,0,1,-1
2026-04-10T02:00:00+02:00,2.1,car,22,36,-14
2026-04-10T02:00:00+02:00,2.1,van,4,11,-7
2026-04-10T02:00:00+02:00,2.2,bicycle,15,19,-4
2026-04-10T02:00:00+02:00,2.2,car,586,585,1
2026-04-10T02:00:00+02:00,2.2,light,22,19,3
2026-04-10T02:00:00+02:00,2.2,motorcycle,1,1,0
2026-04-10T02:00:00+02:00,2.2,pedestrian,211,258,-47
2026-04-10T02:00:00+02:00,2.2,pram,1,2,-1
2026-04-10T02:00:00+02:00,2.2,tractor,0,1,-1
2026-04-10T02:00:00+02:00,2.2,van,49,54,-5
2026-04-10T02:00:00+02:00,2.2,wheelchair,1,1,0
2026-04-10T02:00:00+02:00,3.1,animal,7,2,5
2026-04-10T02:00:00+02:00,3.1,bicycle,50,44,6
2026-04-10T02:00:00+02:00,3.1,car,22,23,-1
2026-04-10T02:00:00+02:00,3.1,light,5,4,1
2026-04-10T02:00:00+02:00,3.1,motorcycle,1,1,0
2026-04-10T02:00:00+02:00,3.1,pedestrian,1025,868,157
2026-04-10T02:00:00+02:00,3.1,pram,12,17,-5
2026-04-10T02:00:00+02:00,3.1,scooter,1,2,-1
2026-04-10T02:00:00+02:00,3.1,tractor,1,0,1
2026-04-10T02:00:00+02:00,3.1,van,10,10,0
2026-04-10T02:00:00+02:00,3.1,wheelchair,1,1,0
2026-04-11T02:00:00+02:00,1.1,pedestrian,11,9,2
2026-04-11T02:00:00+02:00,1.2,bicycle,7,13,-6
2026-04-11T02:00:00+02:00,1.2,car,11,9,2
2026-04-11T02:00:00+02:00,1.2,light,1,0,1
2026-04-11T02:00:00+02:00,1.2,pedestrian,305,273,32
2026-04-11T02:00:00+02:00,1.2,van,1,0,1
2026-04-11T02:00:00+02:00,2.1,car,32,31,1
2026-04-11T02:00:00+02:00,2.1,van,2,0,2
2026-04-11T02:00:00+02:00,2.2,animal,0,1,-1
2026-04-11T02:00:00+02:00,2.2,bicycle,24,23,1
2026-04-11T02:00:00+02:00,2.2,bus,0,1,-1
2026-04-11T02:00:00+02:00,2.2,car,871,859,12
2026-04-11T02:00:00+02:00,2.2,car trailer,2,1,1
2026-04-11T02:00:00+02:00,2.2,light,3,1,2
2026-04-11T02:00:00+02:00,2.2,motorcycle,2,1,1
2026-04-11T02:00:00+02:00,2.2,pedestrian,273,317,-44
2026-04-11T02:00:00+02:00,2.2,pram,5,9,-4
2026-04-11T02:00:00+02:00,2.2,van,15,12,3
2026-04-11T02:00:00+02:00,3.1,animal,12,8,4
2026-04-11T02:00:00+02:00,3.1,bicycle,52,45,7
2026-04-11T02:00:00+02:00,3.1,car,27,14,13
2026-04-11T02:00:00+02:00,3.1,motorcycle,6,2,4
2026-04-11T02:00:00+02:00,3.1,pedestrian,1246,1183,63
2026-04-11T02:00:00+02:00,3.1,pram,33,24,9
2026-04-11T02:00:00+02:00,3.1,scooter,3,1,2
2026-04-11T02:00:00+02:00,3.1,van,0,2,-2
2026-04-11T02:00:00+02:00,3.1,wheelchair,1,2,-1
2026-04-12T02:00:00+02:00,1.1,pedestrian,1,0,1
2026-04-12T02:00:00+02:00,1.2,bicycle,10,4,6
2026-04-12T02:00:00+02:00,1.2,car,31,34,-3
2026-04-12T02:00:00+02:00,1.2,motorcycle,2,2,0
2026-04-12T02:00:00+02:00,1.2,pedestrian,159,163,-4
2026-04-12T02:00:00+02:00,1.2,van,2,1,1
2026-04-12T02:00:00+02:00,2.1,car,5,10,-5
2026-04-12T02:00:00+02:00,2.1,pedestrian,1,0,1
2026-04-12T02:00:00+02:00,2.1,van,1,1,0
2026-04-12T02:00:00+02:00,2.2,bicycle,18,24,-6
2026-04-12T02:00:00+02:00,2.2,bus,3,2,1
2026-04-12T02:00:00+02:00,2.2,car,591,563,28
2026-04-12T02:00:00+02:00,2.2,car trailer,2,2,0
2026-04-12T02:00:00+02:00,2.2,light,2,0,2
2026-04-12T02:00:00+02:00,2.2,motorcycle,2,7,-5
2026-04-12T02:00:00+02:00,2.2,pedestrian,225,219,6
2026-04-12T02:00:00+02:00,2.2,pram,0,2,-2
2026-04-12T02:00:00+02:00,2.2,van,13,10,3
2026-04-12T02:00:00+02:00,3.1,animal,12,6,6
2026-04-12T02:00:00+02:00,3.1,bicycle,37,41,-4
2026-04-12T02:00:00+02:00,3.1,car,19,5,14
2026-04-12T02:00:00+02:00,3.1,car trailer,1,1,0
2026-04-12T02:00:00+02:00,3.1,motorcycle,5,3,2
2026-04-12T02:00:00+02:00,3.1,pedestrian,604,523,81
2026-04-12T02:00:00+02:00,3.1,pram,7,5,2
2026-04-12T02:00:00+02:00,3.1,scooter,5,4,1
2026-04-12T02:00:00+02:00,3.1,van,2,0,2
2026-04-12T02:00:00+02:00,3.1,wheelchair,1,0,1
2026-04-13T02:00:00+02:00,1.1,pedestrian,1,6,-5
2026-04-13T02:00:00+02:00,1.2,animal,1,0,1
2026-04-13T02:00:00+02:00,1.2,bicycle,28,23,5
2026-04-13T02:00:00+02:00,1.2,car,38,29,9
2026-04-13T02:00:00+02:00,1.2,light,3,0,3
2026-04-13T02:00:00+02:00,1.2,motorcycle,5,6,-1
2026-04-13T02:00:00+02:00,1.2,pedestrian,410,372,38
2026-04-13T02:00:00+02:00,1.2,pram,1,1,0
2026-04-13T02:00:00+02:00,1.2,scooter,0,1,-1
2026-04-13T02:00:00+02:00,1.2,van,6,2,4
2026-04-13T02:00:00+02:00,1.2,wheelchair,3,0,3
2026-04-13T02:00:00+02:00,2.1,car,3,9,-6
2026-04-13T02:00:00+02:00,2.1,light,0,1,-1
2026-04-13T02:00:00+02:00,2.1,pedestrian,1,1,0
2026-04-13T02:00:00+02:00,2.1,van,1,3,-2
2026-04-13T02:00:00+02:00,2.2,bicycle,33,38,-5
2026-04-13T02:00:00+02:00,2.2,car,203,208,-5
2026-04-13T02:00:00+02:00,2.2,car trailer,1,0,1
2026-04-13T02:00:00+02:00,2.2,light,46,57,-11
2026-04-13T02:00:00+02:00,2.2,motorcycle,6,5,1
2026-04-13T02:00:00+02:00,2.2,pedestrian,246,291,-45
2026-04-13T02:00:00+02:00,2.2,pram,0,1,-1
2026-04-13T02:00:00+02:00,2.2,van,38,36,2
2026-04-13T02:00:00+02:00,3.1,animal,5,7,-2
2026-04-13T02:00:00+02:00,3.1,bicycle,54,65,-11
2026-04-13T02:00:00+02:00,3.1,car,47,20,27
2026-04-13T02:00:00+02:00,3.1,light,1,2,-1
2026-04-13T02:00:00+02:00,3.1,motorcycle,7,6,1
2026-04-13T02:00:00+02:00,3.1,pedestrian,643,582,61
2026-04-13T02:00:00+02:00,3.1,pram,16,11,5
2026-04-13T02:00:00+02:00,3.1,scooter,3,2,1
2026-04-13T02:00:00+02:00,3.1,van,16,5,11
2026-04-13T02:00:00+02:00,3.1,wheelchair,1,3,-2
2026-04-14T02:00:00+02:00,1.1,pedestrian,2,3,-1
2026-04-14T02:00:00+02:00,1.2,bicycle,15,15,0
2026-04-14T02:00:00+02:00,1.2,bus,0,1,-1
2026-04-14T02:00:00+02:00,1.2,car,59,37,22
2026-04-14T02:00:00+02:00,1.2,light,3,5,-2
2026-04-14T02:00:00+02:00,1.2,motorcycle,1,2,-1
2026-04-14T02:00:00+02:00,1.2,pedestrian,385,339,46
2026-04-14T02:00:00+02:00,1.2,pram,1,2,-1
2026-04-14T02:00:00+02:00,1.2,van,10,5,5
2026-04-14T02:00:00+02:00,2.1,car,4,9,-5
2026-04-14T02:00:00+02:00,2.1,van,0,1,-1
2026-04-14T02:00:00+02:00,2.2,bicycle,16,20,-4
2026-04-14T02:00:00+02:00,2.2,bus,5,2,3
2026-04-14T02:00:00+02:00,2.2,car,265,264,1
2026-04-14T02:00:00+02:00,2.2,light,24,25,-1
2026-04-14T02:00:00+02:00,2.2,motorcycle,1,2,-1
2026-04-14T02:00:00+02:00,2.2,pedestrian,247,269,-22
2026-04-14T02:00:00+02:00,2.2,pram,2,1,1
2026-04-14T02:00:00+02:00,2.2,van,51,49,2
2026-04-14T02:00:00+02:00,3.1,animal,7,3,4
2026-04-14T02:00:00+02:00,3.1,bicycle,39,35,4
2026-04-14T02:00:00+02:00,3.1,bus,1,2,-1
2026-04-14T02:00:00+02:00,3.1,car,46,25,21
2026-04-14T02:00:00+02:00,3.1,car trailer,1,0,1
2026-04-14T02:00:00+02:00,3.1,light,10,2,8
2026-04-14T02:00:00+02:00,3.1,motorcycle,4,5,-1
2026-04-14T02:00:00+02:00,3.1,pedestrian,847,743,104
2026-04-14T02:00:00+02:00,3.1,pram,10,14,-4
2026-04-14T02:00:00+02:00,3.1,scooter,2,1,1
2026-04-14T02:00:00+02:00,3.1,van,13,4,9
2026-04-14T02:00:00+02:00,3.1,wheelchair,0,1,-1
2026-04-15T02:00:00+02:00,1.1,pedestrian,3,3,0
2026-04-15T02:00:00+02:00,1.2,animal,1,0,1
2026-04-15T02:00:00+02:00,1.2,bicycle,23,30,-7
2026-04-15T02:00:00+02:00,1.2,car,37,24,13
2026-04-15T02:00:00+02:00,1.2,light,0,1,-1
2026-04-15T02:00:00+02:00,1.2,motorcycle,1,2,-1
2026-04-15T02:00:00+02:00,1.2,pedestrian,527,461,66
2026-04-15T02:00:00+02:00,1.2,pram,0,1,-1
2026-04-15T02:00:00+02:00,1.2,scooter,0,1,-1
2026-04-15T02:00:00+02:00,1.2,van,4,5,-1
2026-04-15T02:00:00+02:00,2.1,car,3,7,-4
2026-04-15T02:00:00+02:00,2.1,pedestrian,1,0,1
2026-04-15T02:00:00+02:00,2.1,van,3,5,-2
2026-04-15T02:00:00+02:00,2.2,bicycle,38,38,0
2026-04-15T02:00:00+02:00,2.2,bus,1,0,1
2026-04-15T02:00:00+02:00,2.2,car,221,225,-4
2026-04-15T02:00:00+02:00,2.2,car trailer,0,1,-1
2026-04-15T02:00:00+02:00,2.2,light,24,22,2
2026-04-15T02:00:00+02:00,2.2,motorcycle,5,5,0
2026-04-15T02:00:00+02:00,2.2,pedestrian,284,355,-71
2026-04-15T02:00:00+02:00,2.2,pram,1,4,-3
2026-04-15T02:00:00+02:00,2.2,van,28,40,-12
2026-04-15T02:00:00+02:00,3.1,animal,11,2,9
2026-04-15T02:00:00+02:00,3.1,bicycle,74,56,18
2026-04-15T02:00:00+02:00,3.1,car,47,19,28
2026-04-15T02:00:00+02:00,3.1,car trailer,0,1,-1
2026-04-15T02:00:00+02:00,3.1,light,4,1,3
2026-04-15T02:00:00+02:00,3.1,motorcycle,11,4,7
2026-04-15T02:00:00+02:00,3.1,pedestrian,916,771,145
2026-04-15T02:00:00+02:00,3.1,pram,10,13,-3
2026-04-15T02:00:00+02:00,3.1,scooter,5,2,3
2026-04-15T02:00:00+02:00,3.1,van,10,6,4
2026-04-15T02:00:00+02:00,3.1,wheelchair,2,1,1
2026-04-16T02:00:00+02:00,1.1,pedestrian,25,28,-3
2026-04-16T02:00:00+02:00,1.2,animal,1,0,1
2026-04-16T02:00:00+02:00,1.2,bicycle,8,19,-11
2026-04-16T02:00:00+02:00,1.2,car,64,77,-13
2026-04-16T02:00:00+02:00,1.2,light,1,2,-1
2026-04-16T02:00:00+02:00,1.2,motorcycle,3,2,1
2026-04-16T02:00:00+02:00,1.2,pedestrian,487,440,47
2026-04-16T02:00:00+02:00,1.2,pram,1,0,1
2026-04-16T02:00:00+02:00,1.2,van,6,8,-2
2026-04-16T02:00:00+02:00,2.1,car,8,8,0
2026-04-16T02:00:00+02:00,2.1,light,0,1,-1
2026-04-16T02:00:00+02:00,2.1,pedestrian,1,2,-1
2026-04-16T02:00:00+02:00,2.1,van,1,2,-1
2026-04-16T02:00:00+02:00,2.2,bicycle,19,24,-5
2026-04-16T02:00:00+02:00,2.2,car,171,179,-8
2026-04-16T02:00:00+02:00,2.2,light,22,24,-2
2026-04-16T02:00:00+02:00,2.2,motorcycle,1,3,-2
2026-04-16T02:00:00+02:00,2.2,pedestrian,283,348,-65
2026-04-16T02:00:00+02:00,2.2,pram,0,1,-1
2026-04-16T02:00:00+02:00,2.2,van,27,27,0
2026-04-16T02:00:00+02:00,2.2,wheelchair,0,1,-1
2026-04-16T02:00:00+02:00,3.1,animal,6,4,2
2026-04-16T02:00:00+02:00,3.1,bicycle,71,67,4
2026-04-16T02:00:00+02:00,3.1,car,63,29,34
2026-04-16T02:00:00+02:00,3.1,light,5,4,1
2026-04-16T02:00:00+02:00,3.1,motorcycle,11,18,-7
2026-04-16T02:00:00+02:00,3.1,pedestrian,1102,1095,7
2026-04-16T02:00:00+02:00,3.1,pram,11,16,-5
2026-04-16T02:00:00+02:00,3.1,scooter,0,1,-1
2026-04-16T02:00:00+02:00,3.1,van,14,8,6
2026-04-16T02:00:00+02:00,3.1,wheelchair,2,1,1
2026-04-17T02:00:00+02:00,1.1,pedestrian,4,2,2
2026-04-17T02:00:00+02:00,1.2,bicycle,21,29,-8
2026-04-17T02:00:00+02:00,1.2,car,33,28,5
2026-04-17T02:00:00+02:00,1.2,light,3,4,-1
2026-04-17T02:00:00+02:00,1.2,motorcycle,5,3,2
2026-04-17T02:00:00+02:00,1.2,pedestrian,580,632,-52
2026-04-17T02:00:00+02:00,1.2,van,1,3,-2
2026-04-17T02:00:00+02:00,2.1,car,6,15,-9
2026-04-17T02:00:00+02:00,2.1,light,1,1,0
2026-04-17T02:00:00+02:00,2.1,van,4,1,3
2026-04-17T02:00:00+02:00,2.2,bicycle,7,9,-2
2026-04-17T02:00:00+02:00,2.2,bus,0,1,-1
2026-04-17T02:00:00+02:00,2.2,car,450,416,34
2026-04-17T02:00:00+02:00,2.2,light,64,67,-3
2026-04-17T02:00:00+02:00,2.2,motorcycle,2,2,0
2026-04-17T02:00:00+02:00,2.2,pedestrian,271,344,-73
2026-04-17T02:00:00+02:00,2.2,tractor,1,0,1
2026-04-17T02:00:00+02:00,2.2,van,5,7,-2
2026-04-17T02:00:00+02:00,3.1,animal,8,8,0
2026-04-17T02:00:00+02:00,3.1,bicycle,43,51,-8
2026-04-17T02:00:00+02:00,3.1,car,14,6,8
2026-04-17T02:00:00+02:00,3.1,light,5,1,4
2026-04-17T02:00:00+02:00,3.1,motorcycle,16,14,2
2026-04-17T02:00:00+02:00,3.1,pedestrian,1416,1398,18
2026-04-17T02:00:00+02:00,3.1,pram,14,9,5
2026-04-17T02:00:00+02:00,3.1,scooter,2,3,-1
2026-04-17T02:00:00+02:00,3.1,tractor,1,0,1
2026-04-17T02:00:00+02:00,3.1,van,3,5,-2
2026-04-18T02:00:00+02:00,1.1,animal,1,0,1
2026-04-18T02:00:00+02:00,1.1,pedestrian,32,32,0
2026-04-18T02:00:00+02:00,1.2,bicycle,16,31,-15
2026-04-18T02:00:00+02:00,1.2,car,33,28,5
2026-04-18T02:00:00+02:00,1.2,car trailer,2,1,1
2026-04-18T02:00:00+02:00,1.2,light,2,0,2
2026-04-18T02:00:00+02:00,1.2,motorcycle,2,0,2
2026-04-18T02:00:00+02:00,1.2,pedestrian,675,739,-64
2026-04-18T02:00:00+02:00,1.2,van,3,1,2
2026-04-18T02:00:00+02:00,2.1,car,2,0,2
2026-04-18T02:00:00+02:00,2.1,van,5,5,0
2026-04-18T02:00:00+02:00,2.2,bicycle,2,5,-3
2026-04-18T02:00:00+02:00,2.2,car,369,304,65
2026-04-18T02:00:00+02:00,2.2,car trailer,0,4,-4
2026-04-18T02:00:00+02:00,2.2,pedestrian,268,291,-23
2026-04-18T02:00:00+02:00,2.2,van,2,3,-1
2026-04-18T02:00:00+02:00,3.1,animal,11,10,1
2026-04-18T02:00:00+02:00,3.1,bicycle,52,45,7
2026-04-18T02:00:00+02:00,3.1,car,3,6,-3
2026-04-18T02:00:00+02:00,3.1,light,0,1,-1
2026-04-18T02:00:00+02:00,3.1,motorcycle,11,5,6
2026-04-18T02:00:00+02:00,3.1,pedestrian,1588,1669,-81
2026-04-18T02:00:00+02:00,3.1,pram,10,21,-11
2026-04-18T02:00:00+02:00,3.1,scooter,1,1,0
2026-04-18T02:00:00+02:00,3.1,van,0,2,-2
2026-04-18T02:00:00+02:00,3.1,wheelchair,1,0,1
2026-04-19T02:00:00+02:00,1.1,pedestrian,0,1,-1
2026-04-19T02:00:00+02:00,1.2,bicycle,21,17,4
2026-04-19T02:00:00+02:00,1.2,car,35,24,11
2026-04-19T02:00:00+02:00,1.2,car trailer,1,0,1
2026-04-19T02:00:00+02:00,1.2,light,2,2,0
2026-04-19T02:00:00+02:00,1.2,motorcycle,1,1,0
2026-04-19T02:00:00+02:00,1.2,pedestrian,321,340,-19
2026-04-19T02:00:00+02:00,1.2,pram,1,2,-1
2026-04-19T02:00:00+02:00,1.2,scooter,0,2,-2
2026-04-19T02:00:00+02:00,1.2,van,4,4,0
2026-04-19T02:00:00+02:00,1.2,wheelchair,1,0,1
2026-04-19T02:00:00+02:00,2.1,car,0,1,-1
2026-04-19T02:00:00+02:00,2.1,van,0,1,-1
2026-04-19T02:00:00+02:00,2.2,bicycle,9,6,3
2026-04-19T02:00:00+02:00,2.2,car,43,40,3
2026-04-19T02:00:00+02:00,2.2,motorcycle,2,1,1
2026-04-19T02:00:00+02:00,2.2,pedestrian,214,270,-56
2026-04-19T02:00:00+02:00,2.2,van,2,2,0
2026-04-19T02:00:00+02:00,2.2,wheelchair,1,0,1
2026-04-19T02:00:00+02:00,3.1,animal,12,6,6
2026-04-19T02:00:00+02:00,3.1,bicycle,34,39,-5
2026-04-19T02:00:00+02:00,3.1,car,2,7,-5
2026-04-19T02:00:00+02:00,3.1,motorcycle,5,2,3
2026-04-19T02:00:00+02:00,3.1,pedestrian,946,854,92
2026-04-19T02:00:00+02:00,3.1,pram,9,8,1
2026-04-19T02:00:00+02:00,3.1,scooter,3,1,2
2026-04-19T02:00:00+02:00,3.1,van,0,3,-3
2026-04-19T02:00:00+02:00,3.1,wheelchair,0,1,-1
2026-04-20T02:00:00+02:00,1.1,pedestrian,1,3,-2
2026-04-20T02:00:00+02:00,1.2,bicycle,12,16,-4
2026-04-20T02:00:00+02:00,1.2,car,21,17,4
2026-04-20T02:00:00+02:00,1.2,light,3,2,1
2026-04-20T02:00:00+02:00,1.2,motorcycle,2,1,1
2026-04-20T02:00:00+02:00,1.2,pedestrian,208,168,40
2026-04-20T02:00:00+02:00,1.2,pram,0,1,-1
2026-04-20T02:00:00+02:00,1.2,van,4,1,3
2026-04-20T02:00:00+02:00,2.1,car,1,1,0
2026-04-20T02:00:00+02:00,2.1,light,0,1,-1
2026-04-20T02:00:00+02:00,2.1,pedestrian,1,1,0
2026-04-20T02:00:00+02:00,2.1,van,3,0,3
2026-04-20T02:00:00+02:00,2.2,bicycle,7,4,3
2026-04-20T02:00:00+02:00,2.2,car,66,67,-1
2026-04-20T02:00:00+02:00,2.2,light,6,4,2
2026-04-20T02:00:00+02:00,2.2,pedestrian,150,181,-31
2026-04-20T02:00:00+02:00,2.2,pram,0,1,-1
2026-04-20T02:00:00+02:00,2.2,van,5,6,-1
2026-04-20T02:00:00+02:00,3.1,animal,25,20,5
2026-04-20T02:00:00+02:00,3.1,bicycle,77,55,22
2026-04-20T02:00:00+02:00,3.1,car,2,2,0
2026-04-20T02:00:00+02:00,3.1,light,0,4,-4
2026-04-20T02:00:00+02:00,3.1,motorcycle,6,5,1
2026-04-20T02:00:00+02:00,3.1,pedestrian,1358,1270,88
2026-04-20T02:00:00+02:00,3.1,pram,31,21,10
2026-04-20T02:00:00+02:00,3.1,scooter,2,2,0
2026-04-20T02:00:00+02:00,3.1,van,1,5,-4
2026-04-20T02:00:00+02:00,3.1,wheelchair,1,0,1
2026-04-21T02:00:00+02:00,1.1,pedestrian,4,5,-1
2026-04-21T02:00:00+02:00,1.2,bicycle,11,3,8
2026-04-21T02:00:00+02:00,1.2,car,31,19,12
2026-04-21T02:00:00+02:00,1.2,motorcycle,0,1,-1
2026-04-21T02:00:00+02:00,1.2,pedestrian,112,141,-29
2026-04-21T02:00:00+02:00,1.2,van,2,1,1
2026-04-21T02:00:00+02:00,2.1,car,1,1,0
2026-04-21T02:00:00+02:00,2.1,light,0,2,-2
2026-04-21T02:00:00+02:00,2.1,van,3,0,3
2026-04-21T02:00:00+02:00,2.2,bicycle,0,4,-4
2026-04-21T02:00:00+02:00,2.2,car,238,248,-10
2026-04-21T02:00:00+02:00,2.2,light,4,5,-1
2026-04-21T02:00:00+02:00,2.2,pedestrian,147,134,13
2026-04-21T02:00:00+02:00,2.2,van,3,4,-1
2026-04-21T02:00:00+02:00,3.1,animal,22,9,13
2026-04-21T02:00:00+02:00,3.1,bicycle,79,82,-3
2026-04-21T02:00:00+02:00,3.1,car,3,3,0
2026-04-21T02:00:00+02:00,3.1,motorcycle,11,7,4
2026-04-21T02:00:00+02:00,3.1,pedestrian,1166,1071,95
2026-04-21T02:00:00+02:00,3.1,pram,28,15,13
2026-04-21T02:00:00+02:00,3.1,scooter,3,0,3
2026-04-21T02:00:00+02:00,3.1,van,2,1,1
2026-04-21T02:00:00+02:00,3.1,wheelchair,2,2,0
2026-04-22T02:00:00+02:00,1.1,pedestrian,3,7,-4
2026-04-22T02:00:00+02:00,1.2,bicycle,7,10,-3
2026-04-22T02:00:00+02:00,1.2,car,27,26,1
2026-04-22T02:00:00+02:00,1.2,light,1,0,1
2026-04-22T02:00:00+02:00,1.2,motorcycle,2,2,0
2026-04-22T02:00:00+02:00,1.2,pedestrian,148,144,4
2026-04-22T02:00:00+02:00,1.2,van,4,1,3
2026-04-22T02:00:00+02:00,2.1,car,2,2,0
2026-04-22T02:00:00+02:00,2.1,van,0,1,-1
2026-04-22T02:00:00+02:00,2.2,bicycle,1,8,-7
2026-04-22T02:00:00+02:00,2.2,car,245,265,-20
2026-04-22T02:00:00+02:00,2.2,light,3,1,2
2026-04-22T02:00:00+02:00,2.2,pedestrian,145,203,-58
2026-04-22T02:00:00+02:00,2.2,van,9,9,0
2026-04-22T02:00:00+02:00,3.1,animal,14,7,7
2026-04-22T02:00:00+02:00,3.1,bicycle,63,66,-3
2026-04-22T02:00:00+02:00,3.1,car,9,12,-3
2026-04-22T02:00:00+02:00,3.1,motorcycle,17,6,11
2026-04-22T02:00:00+02:00,3.1,pedestrian,978,934,44
2026-04-22T02:00:00+02:00,3.1,pram,18,17,1
2026-04-22T02:00:00+02:00,3.1,scooter,0,1,-1
2026-04-22T02:00:00+02:00,3.1,van,6,3,3
2026-04-22T02:00:00+02:00,3.1,wheelchair,0,1,-1
2026-04-23T02:00:00+02:00,1.1,pedestrian,23,26,-3
2026-04-23T02:00:00+02:00,1.2,bicycle,3,9,-6
2026-04-23T02:00:00+02:00,1.2,car,162,138,24
2026-04-23T02:00:00+02:00,1.2,pedestrian,138,141,-3
2026-04-23T02:00:00+02:00,1.2,van,38,40,-2
2026-04-23T02:00:00+02:00,2.1,car,3,2,1
2026-04-23T02:00:00+02:00,2.1,pedestrian,0,1,-1
2026-04-23T02:00:00+02:00,2.1,van,2,2,0
2026-04-23T02:00:00+02:00,2.2,bicycle,1,5,-4
2026-04-23T02:00:00+02:00,2.2,car,62,69,-7
2026-04-23T02:00:00+02:00,2.2,light,3,2,1
2026-04-23T02:00:00+02:00,2.2,pedestrian,149,137,12
2026-04-23T02:00:00+02:00,2.2,van,6,5,1
2026-04-23T02:00:00+02:00,3.1,animal,14,5,9
2026-04-23T02:00:00+02:00,3.1,bicycle,94,95,-1
2026-04-23T02:00:00+02:00,3.1,car,1,6,-5
2026-04-23T02:00:00+02:00,3.1,light,2,3,-1
2026-04-23T02:00:00+02:00,3.1,motorcycle,20,13,7
2026-04-23T02:00:00+02:00,3.1,pedestrian,1037,1015,22
2026-04-23T02:00:00+02:00,3.1,pram,33,27,6
2026-04-23T02:00:00+02:00,3.1,scooter,6,1,5
2026-04-23T02:00:00+02:00,3.1,van,0,1,-1
2026-04-23T02:00:00+02:00,3.1,wheelchair,1,2,-1
2026-04-24T02:00:00+02:00,1.1,pedestrian,4,3,1
2026-04-24T02:00:00+02:00,1.2,animal,0,1,-1
2026-04-24T02:00:00+02:00,1.2,bicycle,18,10,8
2026-04-24T02:00:00+02:00,1.2,car,64,59,5
2026-04-24T02:00:00+02:00,1.2,light,1,2,-1
2026-04-24T02:00:00+02:00,1.2,pedestrian,235,279,-44
2026-04-24T02:00:00+02:00,1.2,van,11,4,7
2026-04-24T02:00:00+02:00,2.1,car,2,5,-3
2026-04-24T02:00:00+02:00,2.1,pedestrian,1,0,1
2026-04-24T02:00:00+02:00,2.1,van,0,3,-3
2026-04-24T02:00:00+02:00,2.2,bicycle,1,2,-1
2026-04-24T02:00:00+02:00,2.2,car,216,222,-6
2026-04-24T02:00:00+02:00,2.2,light,3,2,1
2026-04-24T02:00:00+02:00,2.2,pedestrian,157,160,-3
2026-04-24T02:00:00+02:00,2.2,pram,0,1,-1
2026-04-24T02:00:00+02:00,2.2,van,66,62,4
2026-04-24T02:00:00+02:00,3.1,animal,15,11,4
2026-04-24T02:00:00+02:00,3.1,bicycle,94,47,47
2026-04-24T02:00:00+02:00,3.1,bus,0,1,-1
2026-04-24T02:00:00+02:00,3.1,car,6,9,-3
2026-04-24T02:00:00+02:00,3.1,light,0,3,-3
2026-04-24T02:00:00+02:00,3.1,motorcycle,64,50,14
2026-04-24T02:00:00+02:00,3.1,pedestrian,1418,1189,229
2026-04-24T02:00:00+02:00,3.1,pram,17,13,4
2026-04-24T02:00:00+02:00,3.1,tractor,1,1,0
2026-04-24T02:00:00+02:00,3.1,van,0,2,-2
2026-04-25T02:00:00+02:00,1.1,pedestrian,32,34,-2
2026-04-25T02:00:00+02:00,1.2,bicycle,27,29,-2
2026-04-25T02:00:00+02:00,1.2,car,135,165,-30
2026-04-25T02:00:00+02:00,1.2,motorcycle,3,1,2
2026-04-25T02:00:00+02:00,1.2,pedestrian,547,596,-49
2026-04-25T02:00:00+02:00,1.2,pram,1,5,-4
2026-04-25T02:00:00+02:00,1.2,scooter,0,1,-1
2026-04-25T02:00:00+02:00,1.2,van,3,3,0
2026-04-25T02:00:00+02:00,2.1,car,3,7,-4
2026-04-25T02:00:00+02:00,2.1,light,1,1,0
2026-04-25T02:00:00+02:00,2.1,pedestrian,1,0,1
2026-04-25T02:00:00+02:00,2.2,bicycle,4,2,2
2026-04-25T02:00:00+02:00,2.2,car,174,196,-22
2026-04-25T02:00:00+02:00,2.2,light,1,0,1
2026-04-25T02:00:00+02:00,2.2,motorcycle,1,0,1
2026-04-25T02:00:00+02:00,2.2,pedestrian,223,252,-29
2026-04-25T02:00:00+02:00,2.2,van,1,1,0
2026-04-25T02:00:00+02:00,3.1,animal,13,9,4
2026-04-25T02:00:00+02:00,3.1,bicycle,57,46,11
2026-04-25T02:00:00+02:00,3.1,car,6,4,2
2026-04-25T02:00:00+02:00,3.1,light,0,1,-1
2026-04-25T02:00:00+02:00,3.1,motorcycle,7,7,0
2026-04-25T02:00:00+02:00,3.1,pedestrian,1462,1458,4
2026-04-25T02:00:00+02:00,3.1,pram,21,23,-2
2026-04-25T02:00:00+02:00,3.1,scooter,5,1,4
2026-04-25T02:00:00+02:00,3.1,van,0,1,-1
2026-04-25T02:00:00+02:00,3.1,wheelchair,0,1,-1
2026-04-26T02:00:00+02:00,1.1,pedestrian,2,2,0
2026-04-26T02:00:00+02:00,1.2,bicycle,1,3,-2
2026-04-26T02:00:00+02:00,1.2,car,95,100,-5
2026-04-26T02:00:00+02:00,1.2,pedestrian,101,104,-3
2026-04-26T02:00:00+02:00,1.2,pram,0,1,-1
2026-04-26T02:00:00+02:00,1.2,van,2,2,0
2026-04-26T02:00:00+02:00,2.1,car,57,73,-16
2026-04-26T02:00:00+02:00,2.2,animal,0,1,-1
2026-04-26T02:00:00+02:00,2.2,bicycle,3,4,-1
2026-04-26T02:00:00+02:00,2.2,car,243,180,63
2026-04-26T02:00:00+02:00,2.2,motorcycle,1,0,1
2026-04-26T02:00:00+02:00,2.2,pedestrian,114,122,-8
2026-04-26T02:00:00+02:00,2.2,van,1,1,0
2026-04-26T02:00:00+02:00,3.1,animal,7,6,1
2026-04-26T02:00:00+02:00,3.1,bicycle,38,40,-2
2026-04-26T02:00:00+02:00,3.1,car,9,14,-5
2026-04-26T02:00:00+02:00,3.1,light,2,0,2
2026-04-26T02:00:00+02:00,3.1,motorcycle,6,2,4
2026-04-26T02:00:00+02:00,3.1,pedestrian,663,636,27
2026-04-26T02:00:00+02:00,3.1,pram,24,17,7
2026-04-26T02:00:00+02:00,3.1,scooter,2,1,1
2026-04-26T02:00:00+02:00,3.1,wheelchair,0,1,-1
2026-04-27T02:00:00+02:00,1.1,pedestrian,5,4,1
2026-04-27T02:00:00+02:00,1.2,bicycle,4,7,-3
2026-04-27T02:00:00+02:00,1.2,car,69,63,6
2026-04-27T02:00:00+02:00,1.2,light,1,2,-1
2026-04-27T02:00:00+02:00,1.2,motorcycle,2,0,2
2026-04-27T02:00:00+02:00,1.2,pedestrian,132,118,14
2026-04-27T02:00:00+02:00,1.2,scooter,0,1,-1
2026-04-27T02:00:00+02:00,1.2,van,8,5,3
2026-04-27T02:00:00+02:00,1.2,wheelchair,2,2,0
2026-04-27T02:00:00+02:00,2.1,car,2,3,-1
2026-04-27T02:00:00+02:00,2.1,van,1,2,-1
2026-04-27T02:00:00+02:00,2.2,bicycle,0,6,-6
2026-04-27T02:00:00+02:00,2.2,car,253,254,-1
2026-04-27T02:00:00+02:00,2.2,light,6,4,2
2026-04-27T02:00:00+02:00,2.2,pedestrian,150,134,16
2026-04-27T02:00:00+02:00,2.2,van,9,8,1
2026-04-27T02:00:00+02:00,3.1,animal,8,8,0
2026-04-27T02:00:00+02:00,3.1,bicycle,53,51,2
2026-04-27T02:00:00+02:00,3.1,car,1,10,-9
2026-04-27T02:00:00+02:00,3.1,car trailer,1,2,-1
2026-04-27T02:00:00+02:00,3.1,light,1,2,-1
2026-04-27T02:00:00+02:00,3.1,motorcycle,5,5,0
2026-04-27T02:00:00+02:00,3.1,pedestrian,699,726,-27
2026-04-27T02:00:00+02:00,3.1,pram,21,18,3
2026-04-27T02:00:00+02:00,3.1,scooter,3,4,-1
2026-04-27T02:00:00+02:00,3.1,van,3,2,1
2026-04-27T02:00:00+02:00,3.1,wheelchair,1,2,-1
2026-04-28T02:00:00+02:00,1.1,pedestrian,17,23,-6
2026-04-28T02:00:00+02:00,1.2,bicycle,8,12,-4
2026-04-28T02:00:00+02:00,1.2,car,111,99,12
2026-04-28T02:00:00+02:00,1.2,light,2,2,0
2026-04-28T02:00:00+02:00,1.2,pedestrian,124,127,-3
2026-04-28T02:00:00+02:00,1.2,van,8,4,4
2026-04-28T02:00:00+02:00,2.1,car,3,3,0
2026-04-28T02:00:00+02:00,2.1,van,0,1,-1
2026-04-28T02:00:00+02:00,2.2,bicycle,0,4,-4
2026-04-28T02:00:00+02:00,2.2,bus,2,0,2
2026-04-28T02:00:00+02:00,2.2,car,91,99,-8
2026-04-28T02:00:00+02:00,2.2,light,20,22,-2
2026-04-28T02:00:00+02:00,2.2,motorcycle,0,1,-1
2026-04-28T02:00:00+02:00,2.2,pedestrian,163,188,-25
2026-04-28T02:00:00+02:00,2.2,pram,0,1,-1
2026-04-28T02:00:00+02:00,2.2,van,9,9,0
2026-04-28T02:00:00+02:00,3.1,animal,12,4,8
2026-04-28T02:00:00+02:00,3.1,bicycle,40,35,5
2026-04-28T02:00:00+02:00,3.1,car,3,6,-3
2026-04-28T02:00:00+02:00,3.1,car trailer,0,3,-3
2026-04-28T02:00:00+02:00,3.1,light,2,1,1
2026-04-28T02:00:00+02:00,3.1,motorcycle,4,9,-5
2026-04-28T02:00:00+02:00,3.1,pedestrian,643,645,-2
2026-04-28T02:00:00+02:00,3.1,pram,8,12,-4
2026-04-28T02:00:00+02:00,3.1,scooter,1,0,1
2026-04-28T02:00:00+02:00,3.1,van,33,32,1
2026-04-28T02:00:00+02:00,3.1,wheelchair,1,0,1
2026-04-29T02:00:00+02:00,1.1,animal,1,0,1
2026-04-29T02:00:00+02:00,1.1,pedestrian,3,5,-2
2026-04-29T02:00:00+02:00,1.1,scooter,0,1,-1
2026-04-29T02:00:00+02:00,1.2,bicycle,6,14,-8
2026-04-29T02:00:00+02:00,1.2,car,51,42,9
2026-04-29T02:00:00+02:00,1.2,light,2,0,2
2026-04-29T02:00:00+02:00,1.2,pedestrian,93,100,-7
2026-04-29T02:00:00+02:00,1.2,pram,1,0,1
2026-04-29T02:00:00+02:00,1.2,van,10,13,-3
2026-04-29T02:00:00+02:00,2.1,car,3,4,-1
2026-04-29T02:00:00+02:00,2.1,light,3,0,3
2026-04-29T02:00:00+02:00,2.2,bicycle,1,0,1
2026-04-29T02:00:00+02:00,2.2,car,37,42,-5
2026-04-29T02:00:00+02:00,2.2,light,11,8,3
2026-04-29T02:00:00+02:00,2.2,pedestrian,85,125,-40
2026-04-29T02:00:00+02:00,2.2,van,13,14,-1
2026-04-29T02:00:00+02:00,3.1,animal,9,2,7
2026-04-29T02:00:00+02:00,3.1,bicycle,75,54,21
2026-04-29T02:00:00+02:00,3.1,car,4,3,1
2026-04-29T02:00:00+02:00,3.1,light,1,0,1
2026-04-29T02:00:00+02:00,3.1,motorcycle,8,9,-1
2026-04-29T02:00:00+02:00,3.1,pedestrian,690,741,-51
2026-04-29T02:00:00+02:00,3.1,pram,14,23,-9
2026-04-29T02:00:00+02:00,3.1,scooter,0,1,-1
2026-04-29T02:00:00+02:00,3.1,van,25,29,-4
2026-04-30T02:00:00+02:00,1.1,pedestrian,0,4,-4
2026-04-30T02:00:00+02:00,1.2,bicycle,7,13,-6
2026-04-30T02:00:00+02:00,1.2,car,38,28,10
2026-04-30T02:00:00+02:00,1.2,light,1,0,1
2026-04-30T02:00:00+02:00,1.2,pedestrian,130,135,-5
2026-04-30T02:00:00+02:00,1.2,van,10,3,7
2026-04-30T02:00:00+02:00,2.1,car,1,2,-1
2026-04-30T02:00:00+02:00,2.1,pedestrian,1,0,1
2026-04-30T02:00:00+02:00,2.2,bicycle,0,1,-1
2026-04-30T02:00:00+02:00,2.2,car,33,29,4
2026-04-30T02:00:00+02:00,2.2,light,12,9,3
2026-04-30T02:00:00+02:00,2.2,pedestrian,68,90,-22
2026-04-30T02:00:00+02:00,2.2,pram,1,0,1
2026-04-30T02:00:00+02:00,2.2,van,10,10,0
2026-04-30T02:00:00+02:00,3.1,animal,11,3,8
2026-04-30T02:00:00+02:00,3.1,bicycle,61,53,8
2026-04-30T02:00:00+02:00,3.1,car,2,4,-2
2026-04-30T02:00:00+02:00,3.1,light,1,1,0
2026-04-30T02:00:00+02:00,3.1,motorcycle,9,9,0
2026-04-30T02:00:00+02:00,3.1,pedestrian,988,943,45
2026-04-30T02:00:00+02:00,3.1,pram,27,28,-1
2026-04-30T02:00:00+02:00,3.1,scooter,1,1,0
2026-04-30T02:00:00+02:00,3.1,van,2,2,0
2026-04-30T02:00:00+02:00,3.1,wheelchair,1,0,1
2026-05-01T02:00:00+02:00,1.1,pedestrian,2,1,1
2026-05-01T02:00:00+02:00,1.2,bicycle,10,9,1
2026-05-01T02:00:00+02:00,1.2,car,56,44,12
2026-05-01T02:00:00+02:00,1.2,light,2,1,1
2026-05-01T02:00:00+02:00,1.2,motorcycle,1,1,0
2026-05-01T02:00:00+02:00,1.2,pedestrian,239,244,-5
2026-05-01T02:00:00+02:00,1.2,scooter,0,1,-1
2026-05-01T02:00:00+02:00,1.2,van,21,24,-3
2026-05-01T02:00:00+02:00,2.1,car,0,6,-6
2026-05-01T02:00:00+02:00,2.1,van,0,1,-1
2026-05-01T02:00:00+02:00,2.2,car,198,228,-30
2026-05-01T02:00:00+02:00,2.2,light,1,1,0
2026-05-01T02:00:00+02:00,2.2,pedestrian,100,122,-22
2026-05-01T02:00:00+02:00,2.2,van,9,6,3
2026-05-01T02:00:00+02:00,3.1,animal,13,8,5
2026-05-01T02:00:00+02:00,3.1,bicycle,71,65,6
2026-05-01T02:00:00+02:00,3.1,car,14,10,4
2026-05-01T02:00:00+02:00,3.1,car trailer,1,1,0
2026-05-01T02:00:00+02:00,3.1,light,1,5,-4
2026-05-01T02:00:00+02:00,3.1,motorcycle,18,9,9
2026-05-01T02:00:00+02:00,3.1,pedestrian,1650,1469,181
2026-05-01T02:00:00+02:00,3.1,pram,25,19,6
2026-05-01T02:00:00+02:00,3.1,scooter,1,1,0
2026-05-01T02:00:00+02:00,3.1,tractor,1,1,0
2026-05-01T02:00:00+02:00,3.1,van,2,0,2
2026-05-02T02:00:00+02:00,1.1,animal,1,0,1
2026-05-02T02:00:00+02:00,1.1,pedestrian,14,11,3
2026-05-02T02:00:00+02:00,1.2,bicycle,11,14,-3
2026-05-02T02:00:00+02:00,1.2,car,19,16,3
2026-05-02T02:00:00+02:00,1.2,light,1,0,1
2026-05-02T02:00:00+02:00,1.2,motorcycle,0,1,-1
2026-05-02T02:00:00+02:00,1.2,pedestrian,201,244,-43
2026-05-02T02:00:00+02:00,1.2,van,1,2,-1
2026-05-02T02:00:00+02:00,2.1,car,0,4,-4
2026-05-02T02:00:00+02:00,2.2,bicycle,2,1,1
2026-05-02T02:00:00+02:00,2.2,bus,0,1,-1
2026-05-02T02:00:00+02:00,2.2,car,216,243,-27
2026-05-02T02:00:00+02:00,2.2,light,3,1,2
2026-05-02T02:00:00+02:00,2.2,motorcycle,1,0,1
2026-05-02T02:00:00+02:00,2.2,pedestrian,102,126,-24
2026-05-02T02:00:00+02:00,2.2,pram,0,1,-1
2026-05-02T02:00:00+02:00,2.2,van,9,10,-1
2026-05-02T02:00:00+02:00,3.1,animal,13,20,-7
2026-05-02T02:00:00+02:00,3.1,bicycle,77,66,11
2026-05-02T02:00:00+02:00,3.1,car,26,11,15
2026-05-02T02:00:00+02:00,3.1,motorcycle,4,10,-6
2026-05-02T02:00:00+02:00,3.1,pedestrian,1464,1422,42
2026-05-02T02:00:00+02:00,3.1,pram,24,28,-4
2026-05-02T02:00:00+02:00,3.1,scooter,2,2,0
2026-05-02T02:00:00+02:00,3.1,van,2,1,1
2026-05-02T02:00:00+02:00,3.1,wheelchair,1,0,1
2026-05-03T02:00:00+02:00,1.2,bicycle,13,22,-9
2026-05-03T02:00:00+02:00,1.2,car,85,71,14
2026-05-03T02:00:00+02:00,1.2,light,0,1,-1
2026-05-03T02:00:00+02:00,1.2,pedestrian,102,129,-27
2026-05-03T02:00:00+02:00,1.2,van,28,40,-12
2026-05-03T02:00:00+02:00,2.1,car,0,2,-2
2026-05-03T02:00:00+02:00,2.1,van,1,0,1
2026-05-03T02:00:00+02:00,2.2,bicycle,1,2,-1
2026-05-03T02:00:00+02:00,2.2,car,162,172,-10
2026-05-03T02:00:00+02:00,2.2,light,3,1,2
2026-05-03T02:00:00+02:00,2.2,pedestrian,45,70,-25
2026-05-03T02:00:00+02:00,2.2,van,2,3,-1
2026-05-03T02:00:00+02:00,3.1,animal,4,6,-2
2026-05-03T02:00:00+02:00,3.1,bicycle,40,48,-8
2026-05-03T02:00:00+02:00,3.1,car,21,7,14
2026-05-03T02:00:00+02:00,3.1,car trailer,1,0,1
2026-05-03T02:00:00+02:00,3.1,light,1,0,1
2026-05-03T02:00:00+02:00,3.1,motorcycle,4,5,-1
2026-05-03T02:00:00+02:00,3.1,pedestrian,479,470,9
2026-05-03T02:00:00+02:00,3.1,pram,6,13,-7
2026-05-03T02:00:00+02:00,3.1,scooter,1,0,1
2026-05-03T02:00:00+02:00,3.1,van,3,1,2
2026-05-04T02:00:00+02:00,1.1,pedestrian,5,7,-2
2026-05-04T02:00:00+02:00,1.1,pram,1,0,1
2026-05-04T02:00:00+02:00,1.2,bicycle,10,8,2
2026-05-04T02:00:00+02:00,1.2,car,204,200,4
2026-05-04T02:00:00+02:00,1.2,light,3,0,3
2026-05-04T02:00:00+02:00,1.2,motorcycle,1,2,-1
2026-05-04T02:00:00+02:00,1.2,pedestrian,165,157,8
2026-05-04T02:00:00+02:00,1.2,pram,2,1,1
2026-05-04T02:00:00+02:00,1.2,van,69,75,-6
2026-05-04T02:00:00+02:00,2.1,car,1,0,1
2026-05-04T02:00:00+02:00,2.1,light,0,1,-1
2026-05-04T02:00:00+02:00,2.2,car,103,105,-2
2026-05-04T02:00:00+02:00,2.2,light,7,6,1
2026-05-04T02:00:00+02:00,2.2,pedestrian,65,106,-41
2026-05-04T02:00:00+02:00,2.2,van,18,15,3
2026-05-04T02:00:00+02:00,3.1,animal,4,8,-4
2026-05-04T02:00:00+02:00,3.1,bicycle,74,77,-3
2026-05-04T02:00:00+02:00,3.1,car,108,113,-5
2026-05-04T02:00:00+02:00,3.1,car trailer,0,1,-1
2026-05-04T02:00:00+02:00,3.1,light,4,1,3
2026-05-04T02:00:00+02:00,3.1,motorcycle,11,10,1
2026-05-04T02:00:00+02:00,3.1,pedestrian,877,902,-25
2026-05-04T02:00:00+02:00,3.1,pram,24,24,0
2026-05-04T02:00:00+02:00,3.1,scooter,2,2,0
2026-05-04T02:00:00+02:00,3.1,van,19,10,9
2026-05-05T02:00:00+02:00,1.1,pedestrian,8,16,-8
2026-05-05T02:00:00+02:00,1.2,bicycle,18,21,-3
2026-05-05T02:00:00+02:00,1.2,car,108,124,-16
2026-05-05T02:00:00+02:00,1.2,pedestrian,339,332,7
2026-05-05T02:00:00+02:00,1.2,pram,0,1,-1
2026-05-05T02:00:00+02:00,1.2,scooter,0,1,-1
2026-05-05T02:00:00+02:00,1.2,van,51,58,-7
2026-05-05T02:00:00+02:00,2.1,van,0,1,-1
2026-05-05T02:00:00+02:00,2.2,bicycle,3,1,2
2026-05-05T02:00:00+02:00,2.2,car,70,61,9
2026-05-05T02:00:00+02:00,2.2,light,2,1,1
2026-05-05T02:00:00+02:00,2.2,motorcycle,0,1,-1
2026-05-05T02:00:00+02:00,2.2,pedestrian,130,182,-52
2026-05-05T02:00:00+02:00,2.2,van,6,2,4
2026-05-05T02:00:00+02:00,3.1,animal,5,8,-3
2026-05-05T02:00:00+02:00,3.1,bicycle,57,59,-2
2026-05-05T02:00:00+02:00,3.1,car,118,130,-12
2026-05-05T02:00:00+02:00,3.1,car trailer,1,0,1
2026-05-05T02:00:00+02:00,3.1,light,4,5,-1
2026-05-05T02:00:00+02:00,3.1,motorcycle,11,12,-1
2026-05-05T02:00:00+02:00,3.1,pedestrian,1053,1034,19
2026-05-05T02:00:00+02:00,3.1,pram,12,23,-11
2026-05-05T02:00:00+02:00,3.1,scooter,4,1,3
2026-05-05T02:00:00+02:00,3.1,van,24,11,13
2026-05-05T02:00:00+02:00,3.1,wheelchair,1,1,0
2026-05-06T02:00:00+02:00,1.1,pedestrian,28,18,10
2026-05-06T02:00:00+02:00,1.2,bicycle,4,4,0
2026-05-06T02:00:00+02:00,1.2,car,22,22,0
2026-05-06T02:00:00+02:00,1.2,light,0,1,-1
2026-05-06T02:00:00+02:00,1.2,motorcycle,0,1,-1
2026-05-06T02:00:00+02:00,1.2,pedestrian,129,152,-23
2026-05-06T02:00:00+02:00,1.2,van,3,1,2
2026-05-06T02:00:00+02:00,2.1,car,1,0,1
2026-05-06T02:00:00+02:00,2.2,car,62,38,24
2026-05-06T02:00:00+02:00,2.2,light,3,0,3
2026-05-06T02:00:00+02:00,2.2,pedestrian,77,110,-33
2026-05-06T02:00:00+02:00,2.2,van,7,3,4
2026-05-06T02:00:00+02:00,3.1,animal,3,7,-4
2026-05-06T02:00:00+02:00,3.1,bicycle,79,87,-8
2026-05-06T02:00:00+02:00,3.1,car,154,170,-16
2026-05-06T02:00:00+02:00,3.1,car trailer,3,2,1
2026-05-06T02:00:00+02:00,3.1,light,14,9,5
2026-05-06T02:00:00+02:00,3.1,motorcycle,18,16,2
2026-05-06T02:00:00+02:00,3.1,pedestrian,1338,1334,4
2026-05-06T02:00:00+02:00,3.1,pram,19,19,0
2026-05-06T02:00:00+02:00,3.1,scooter,3,5,-2
2026-05-06T02:00:00+02:00,3.1,van,25,13,12
2026-05-06T02:00:00+02:00,3.1,wheelchair,1,1,0
2026-05-07T02:00:00+02:00,1.1,car,1,1,0
2026-05-07T02:00:00+02:00,1.1,pedestrian,35,42,-7
2026-05-07T02:00:00+02:00,1.2,animal,0,1,-1
2026-05-07T02:00:00+02:00,1.2,bicycle,9,14,-5
2026-05-07T02:00:00+02:00,1.2,car,39,39,0
2026-05-07T02:00:00+02:00,1.2,light,1,0,1
2026-05-07T02:00:00+02:00,1.2,motorcycle,3,3,0
2026-05-07T02:00:00+02:00,1.2,pedestrian,199,229,-30
2026-05-07T02:00:00+02:00,1.2,pram,0,1,-1
2026-05-07T02:00:00+02:00,1.2,van,1,2,-1
2026-05-07T02:00:00+02:00,2.2,bicycle,0,1,-1
2026-05-07T02:00:00+02:00,2.2,car,23,32,-9
2026-05-07T02:00:00+02:00,2.2,light,2,0,2
2026-05-07T02:00:00+02:00,2.2,pedestrian,65,66,-1
2026-05-07T02:00:00+02:00,2.2,van,4,2,2
2026-05-07T02:00:00+02:00,3.1,animal,10,6,4
2026-05-07T02:00:00+02:00,3.1,bicycle,69,66,3
2026-05-07T02:00:00+02:00,3.1,car,135,150,-15
2026-05-07T02:00:00+02:00,3.1,car trailer,1,0,1
2026-05-07T02:00:00+02:00,3.1,light,11,8,3
2026-05-07T02:00:00+02:00,3.1,motorcycle,12,12,0
2026-05-07T02:00:00+02:00,3.1,pedestrian,1348,1253,95
2026-05-07T02:00:00+02:00,3.1,pram,19,20,-1
2026-05-07T02:00:00+02:00,3.1,scooter,2,2,0
2026-05-07T02:00:00+02:00,3.1,van,35,20,15
2026-05-08T02:00:00+02:00,1.2,bicycle,3,2,1
2026-05-08T02:00:00+02:00,1.2,car,6,9,-3
2026-05-08T02:00:00+02:00,1.2,light,1,1,0
2026-05-08T02:00:00+02:00,1.2,pedestrian,8,8,0
2026-05-08T02:00:00+02:00,1.2,tractor,1,0,1
2026-05-08T02:00:00+02:00,1.2,van,1,0,1
2026-05-08T02:00:00+02:00,2.2,car,11,7,4
2026-05-08T02:00:00+02:00,2.2,light,3,1,2
2026-05-08T02:00:00+02:00,2.2,van,1,0,1
2026-05-08T02:00:00+02:00,3.1,animal,2,2,0
2026-05-08T02:00:00+02:00,3.1,bicycle,4,3,1
2026-05-08T02:00:00+02:00,3.1,car,16,23,-7
2026-05-08T02:00:00+02:00,3.1,car trailer,0,1,-1
2026-05-08T02:00:00+02:00,3.1,light,7,3,4
2026-05-08T02:00:00+02:00,3.1,motorcycle,0,1,-1
2026-05-08T02:00:00+02:00,3.1,pedestrian,52,22,30
2026-05-08T02:00:00+02:00,3.1,pram,0,2,-2
2026-05-08T02:00:00+02:00,3.1,van,1,3,-2
