timestamp,category,IN,OUT,net_inflow
2026-02-09T15:00:00+01:00,bicycle,5,3,2
2026-02-09T15:00:00+01:00,car,13,13,0
2026-02-09T15:00:00+01:00,motorcycle,0,1,-1
2026-02-09T15:00:00+01:00,pedestrian,131,163,-32
2026-02-09T15:00:00+01:00,scooter,0,1,-1
2026-02-09T15:00:00+01:00,van,2,2,0
2026-02-09T16:00:00+01:00,bicycle,9,14,-5
2026-02-09T16:00:00+01:00,car,12,21,-9
2026-02-09T16:00:00+01:00,light,2,1,1
2026-02-09T16:00:00+01:00,motorcycle,1,1,0
2026-02-09T16:00:00+01:00,pedestrian,207,206,1
2026-02-09T16:00:00+01:00,van,1,2,-1
2026-02-09T17:00:00+01:00,animal,1,0,1
2026-02-09T17:00:00+01:00,bicycle,5,4,1
2026-02-09T17:00:00+01:00,car,6,7,-1
2026-02-09T17:00:00+01:00,motorcycle,1,1,0
2026-02-09T17:00:00+01:00,pedestrian,130,112,18
2026-02-09T17:00:00+01:00,pram,0,1,-1
2026-02-09T17:00:00+01:00,van,1,1,0
2026-02-09T18:00:00+01:00,animal,1,6,-5
2026-02-09T18:00:00+01:00,bicycle,3,4,-1
2026-02-09T18:00:00+01:00,car,7,7,0
2026-02-09T18:00:00+01:00,pedestrian,115,94,21
2026-02-09T18:00:00+01:00,pram,1,0,1
2026-02-09T18:00:00+01:00,van,0,1,-1
2026-02-09T19:00:00+01:00,bicycle,3,4,-1
2026-02-09T19:00:00+01:00,car,1,6,-5
2026-02-09T19:00:00+01:00,pedestrian,80,100,-20
2026-02-09T19:00:00+01:00,pram,4,2,2
2026-02-09T20:00:00+01:00,animal,1,1,0
2026-02-09T20:00:00+01:00,bicycle,2,3,-1
2026-02-09T20:00:00+01:00,car,8,5,3
2026-02-09T20:00:00+01:00,light,1,0,1
2026-02-09T20:00:00+01:00,pedestrian,47,71,-24
2026-02-09T20:00:00+01:00,pram,0,2,-2
2026-02-09T20:00:00+01:00,scooter,0,1,-1
2026-02-09T20:00:00+01:00,van,1,1,0
2026-02-09T21:00:00+01:00,bicycle,3,2,1
2026-02-09T21:00:00+01:00,car,1,3,-2
2026-02-09T21:00:00+01:00,pedestrian,35,58,-23
2026-02-09T21:00:00+01:00,pram,1,0,1
2026-02-09T21:00:00+01:00,van,3,2,1
2026-02-09T22:00:00+01:00,animal,0,1,-1
2026-02-09T22:00:00+01:00,bicycle,0,1,-1
2026-02-09T22:00:00+01:00,car,3,4,-1
2026-02-09T22:00:00+01:00,pedestrian,11,14,-3
2026-02-09T22:00:00+01:00,van,1,1,0
2026-02-09T23:00:00+01:00,bicycle,0,1,-1
2026-02-09T23:00:00+01:00,pedestrian,15,15,0
2026-02-09T23:00:00+01:00,pram,1,0,1
2026-02-09T23:00:00+01:00,scooter,0,1,-1
2026-02-10T00:00:00+01:00,bicycle,1,0,1
2026-02-10T00:00:00+01:00,car,2,2,0
2026-02-10T00:00:00+01:00,pedestrian,22,17,5
2026-02-10T01:00:00+01:00,car,2,0,2
2026-02-10T01:00:00+01:00,pedestrian,10,10,0
2026-02-10T02:00:00+01:00,bicycle,1,2,-1
2026-02-10T02:00:00+01:00,car,3,2,1
2026-02-10T02:00:00+01:00,pedestrian,62,62,0
2026-02-10T03:00:00+01:00,car,1,4,-3
2026-02-10T03:00:00+01:00,light,1,0,1
2026-02-10T03:00:00+01:00,pedestrian,118,94,24
2026-02-10T03:00:00+01:00,scooter,0,1,-1
2026-02-10T04:00:00+01:00,pedestrian,106,103,3
2026-02-10T05:00:00+01:00,bicycle,1,0,1
2026-02-10T05:00:00+01:00,light,2,1,1
2026-02-10T05:00:00+01:00,motorcycle,1,0,1
2026-02-10T05:00:00+01:00,pedestrian,15,14,1
2026-02-10T06:00:00+01:00,car,1,3,-2
2026-02-10T06:00:00+01:00,light,2,2,0
2026-02-10T06:00:00+01:00,pedestrian,6,20,-14
2026-02-10T06:00:00+01:00,van,2,3,-1
2026-02-10T07:00:00+01:00,bicycle,2,3,-1
2026-02-10T07:00:00+01:00,car,7,17,-10
2026-02-10T07:00:00+01:00,light,16,9,7
2026-02-10T07:00:00+01:00,motorcycle,2,1,1
2026-02-10T07:00:00+01:00,pedestrian,29,58,-29
2026-02-10T07:00:00+01:00,pram,1,0,1
2026-02-10T07:00:00+01:00,van,17,15,2
2026-02-10T08:00:00+01:00,bicycle,0,2,-2
2026-02-10T08:00:00+01:00,car,19,24,-5
2026-02-10T08:00:00+01:00,light,0,1,-1
2026-02-10T08:00:00+01:00,motorcycle,2,1,1
2026-02-10T08:00:00+01:00,pedestrian,53,70,-17
2026-02-10T08:00:00+01:00,van,2,2,0
2026-02-10T09:00:00+01:00,bicycle,6,7,-1
2026-02-10T09:00:00+01:00,car,14,29,-15
2026-02-10T09:00:00+01:00,light,1,0,1
2026-02-10T09:00:00+01:00,motorcycle,1,0,1
2026-02-10T09:00:00+01:00,pedestrian,107,111,-4
2026-02-10T09:00:00+01:00,pram,1,0,1
2026-02-10T09:00:00+01:00,van,13,11,2
2026-02-10T09:00:00+01:00,wheelchair,1,1,0
2026-02-10T10:00:00+01:00,animal,0,1,-1
2026-02-10T10:00:00+01:00,bicycle,9,12,-3
2026-02-10T10:00:00+01:00,car,23,36,-13
2026-02-10T10:00:00+01:00,light,6,6,0
2026-02-10T10:00:00+01:00,motorcycle,1,1,0
2026-02-10T10:00:00+01:00,pedestrian,234,211,23
2026-02-10T10:00:00+01:00,pram,6,1,5
2026-02-10T10:00:00+01:00,van,16,14,2
2026-02-10T11:00:00+01:00,animal,1,1,0
2026-02-10T11:00:00+01:00,bicycle,7,10,-3
2026-02-10T11:00:00+01:00,car,22,29,-7
2026-02-10T11:00:00+01:00,motorcycle,0,2,-2
2026-02-10T11:00:00+01:00,pedestrian,328,333,-5
2026-02-10T11:00:00+01:00,pram,6,4,2
2026-02-10T11:00:00+01:00,van,7,9,-2
2026-02-10T11:00:00+01:00,wheelchair,1,0,1
2026-02-10T12:00:00+01:00,animal,1,1,0
2026-02-10T12:00:00+01:00,bicycle,5,8,-3
2026-02-10T12:00:00+01:00,car,24,26,-2
2026-02-10T12:00:00+01:00,light,4,0,4
2026-02-10T12:00:00+01:00,motorcycle,0,1,-1
2026-02-10T12:00:00+01:00,pedestrian,342,324,18
2026-02-10T12:00:00+01:00,pram,3,2,1
2026-02-10T12:00:00+01:00,van,7,3,4
2026-02-10T13:00:00+01:00,bicycle,4,11,-7
2026-02-10T13:00:00+01:00,car,22,23,-1
2026-02-10T13:00:00+01:00,light,7,7,0
2026-02-10T13:00:00+01:00,pedestrian,311,388,-77
2026-02-10T13:00:00+01:00,pram,2,1,1
2026-02-10T13:00:00+01:00,scooter,2,1,1
2026-02-10T13:00:00+01:00,van,13,10,3
2026-02-10T14:00:00+01:00,animal,1,0,1
2026-02-10T14:00:00+01:00,bicycle,8,17,-9
2026-02-10T14:00:00+01:00,car,29,33,-4
2026-02-10T14:00:00+01:00,car trailer,0,1,-1
2026-02-10T14:00:00+01:00,motorcycle,1,1,0
2026-02-10T14:00:00+01:00,pedestrian,354,342,12
2026-02-10T14:00:00+01:00,pram,4,3,1
2026-02-10T14:00:00+01:00,scooter,1,0,1
2026-02-10T14:00:00+01:00,tractor,0,1,-1
2026-02-10T14:00:00+01:00,truck trailer,0,1,-1
2026-02-10T14:00:00+01:00,van,3,2,1
2026-02-10T15:00:00+01:00,animal,1,0,1
2026-02-10T15:00:00+01:00,bicycle,14,17,-3
2026-02-10T15:00:00+01:00,car,19,22,-3
2026-02-10T15:00:00+01:00,light,0,1,-1
2026-02-10T15:00:00+01:00,motorcycle,0,1,-1
2026-02-10T15:00:00+01:00,pedestrian,308,313,-5
2026-02-10T15:00:00+01:00,pram,4,1,3
2026-02-10T15:00:00+01:00,van,2,3,-1
2026-02-10T15:00:00+01:00,wheelchair,0,2,-2
2026-02-10T16:00:00+01:00,animal,1,0,1
2026-02-10T16:00:00+01:00,bicycle,9,12,-3
2026-02-10T16:00:00+01:00,car,18,27,-9
2026-02-10T16:00:00+01:00,pedestrian,292,305,-13
2026-02-10T16:00:00+01:00,pram,3,0,3
2026-02-10T16:00:00+01:00,van,2,4,-2
2026-02-10T16:00:00+01:00,wheelchair,0,1,-1
2026-02-10T17:00:00+01:00,animal,3,2,1
2026-02-10T17:00:00+01:00,bicycle,5,5,0
2026-02-10T17:00:00+01:00,car,16,22,-6
2026-02-10T17:00:00+01:00,pedestrian,221,168,53
2026-02-10T18:00:00+01:00,animal,0,2,-2
2026-02-10T18:00:00+01:00,bicycle,2,2,0
2026-02-10T18:00:00+01:00,car,14,12,2
2026-02-10T18:00:00+01:00,light,4,1,3
2026-02-10T18:00:00+01:00,pedestrian,123,121,2
2026-02-10T18:00:00+01:00,pram,0,2,-2
2026-02-10T19:00:00+01:00,bicycle,5,2,3
2026-02-10T19:00:00+01:00,car,7,7,0
2026-02-10T19:00:00+01:00,pedestrian,89,110,-21
2026-02-10T20:00:00+01:00,bicycle,6,5,1
2026-02-10T20:00:00+01:00,car,9,12,-3
2026-02-10T20:00:00+01:00,motorcycle,0,1,-1
2026-02-10T20:00:00+01:00,pedestrian,77,106,-29
2026-02-10T20:00:00+01:00,scooter,1,0,1
2026-02-10T21:00:00+01:00,bicycle,1,3,-2
2026-02-10T21:00:00+01:00,car,2,4,-2
2026-02-10T21:00:00+01:00,motorcycle,0,1,-1
2026-02-10T21:00:00+01:00,pedestrian,41,54,-13
2026-02-10T21:00:00+01:00,van,2,1,1
2026-02-10T22:00:00+01:00,animal,0,1,-1
2026-02-10T22:00:00+01:00,bicycle,2,2,0
2026-02-10T22:00:00+01:00,car,3,3,0
2026-02-10T22:00:00+01:00,pedestrian,22,26,-4
2026-02-10T23:00:00+01:00,car,1,0,1
2026-02-10T23:00:00+01:00,pedestrian,4,13,-9
2026-02-10T23:00:00+01:00,van,0,1,-1
2026-02-11T00:00:00+01:00,bicycle,5,2,3
2026-02-11T00:00:00+01:00,car,2,2,0
2026-02-11T00:00:00+01:00,pedestrian,5,10,-5
2026-02-11T01:00:00+01:00,animal,0,1,-1
2026-02-11T01:00:00+01:00,car,0,1,-1
2026-02-11T01:00:00+01:00,pedestrian,0,1,-1
2026-02-11T02:00:00+01:00,animal,0,1,-1
2026-02-11T02:00:00+01:00,car,0,1,-1
2026-02-11T02:00:00+01:00,pedestrian,13,13,0
2026-02-11T03:00:00+01:00,animal,0,1,-1
2026-02-11T03:00:00+01:00,car,2,2,0
2026-02-11T03:00:00+01:00,motorcycle,1,0,1
2026-02-11T03:00:00+01:00,pedestrian,1,1,0
2026-02-11T04:00:00+01:00,car,1,1,0
2026-02-11T04:00:00+01:00,light,1,1,0
2026-02-11T04:00:00+01:00,motorcycle,0,1,-1
2026-02-11T04:00:00+01:00,pedestrian,3,2,1
2026-02-11T04:00:00+01:00,tractor,0,1,-1
2026-02-11T05:00:00+01:00,animal,2,1,1
2026-02-11T05:00:00+01:00,car,5,6,-1
2026-02-11T05:00:00+01:00,light,1,1,0
2026-02-11T05:00:00+01:00,motorcycle,0,1,-1
2026-02-11T05:00:00+01:00,pedestrian,17,20,-3
2026-02-11T06:00:00+01:00,bicycle,2,1,1
2026-02-11T06:00:00+01:00,light,3,1,2
2026-02-11T06:00:00+01:00,motorcycle,0,1,-1
2026-02-11T06:00:00+01:00,pedestrian,18,37,-19
2026-02-11T06:00:00+01:00,van,1,0,1
2026-02-11T07:00:00+01:00,bicycle,1,3,-2
2026-02-11T07:00:00+01:00,car,2,2,0
2026-02-11T07:00:00+01:00,car trailer,2,1,1
2026-02-11T07:00:00+01:00,light,7,6,1
2026-02-11T07:00:00+01:00,pedestrian,46,51,-5
2026-02-11T07:00:00+01:00,van,7,13,-6
2026-02-11T08:00:00+01:00,bicycle,6,7,-1
2026-02-11T08:00:00+01:00,car,9,14,-5
2026-02-11T08:00:00+01:00,light,6,5,1
2026-02-11T08:00:00+01:00,pedestrian,84,95,-11
2026-02-11T08:00:00+01:00,van,14,18,-4
2026-02-11T09:00:00+01:00,animal,0,2,-2
2026-02-11T09:00:00+01:00,bicycle,9,9,0
2026-02-11T09:00:00+01:00,car,30,39,-9
2026-02-11T09:00:00+01:00,car trailer,1,2,-1
2026-02-11T09:00:00+01:00,light,6,2,4
2026-02-11T09:00:00+01:00,motorcycle,0,2,-2
2026-02-11T09:00:00+01:00,pedestrian,140,165,-25
2026-02-11T09:00:00+01:00,pram,3,2,1
2026-02-11T09:00:00+01:00,scooter,2,1,1
2026-02-11T09:00:00+01:00,van,16,19,-3
2026-02-11T09:00:00+01:00,wheelchair,1,0,1
2026-02-11T10:00:00+01:00,animal,0,1,-1
2026-02-11T10:00:00+01:00,bicycle,9,7,2
2026-02-11T10:00:00+01:00,car,25,41,-16
2026-02-11T10:00:00+01:00,light,5,2,3
2026-02-11T10:00:00+01:00,pedestrian,219,246,-27
2026-02-11T10:00:00+01:00,pram,7,5,2
2026-02-11T10:00:00+01:00,scooter,0,1,-1
2026-02-11T10:00:00+01:00,van,12,12,0
2026-02-11T11:00:00+01:00,bicycle,10,12,-2
2026-02-11T11:00:00+01:00,car,18,31,-13
2026-02-11T11:00:00+01:00,light,4,1,3
2026-02-11T11:00:00+01:00,pedestrian,280,335,-55
2026-02-11T11:00:00+01:00,pram,4,8,-4
2026-02-11T11:00:00+01:00,van,8,12,-4
2026-02-11T12:00:00+01:00,animal,0,1,-1
2026-02-11T12:00:00+01:00,bicycle,11,16,-5
2026-02-11T12:00:00+01:00,car,26,34,-8
2026-02-11T12:00:00+01:00,light,10,8,2
2026-02-11T12:00:00+01:00,pedestrian,323,360,-37
2026-02-11T12:00:00+01:00,pram,2,4,-2
2026-02-11T12:00:00+01:00,scooter,2,0,2
2026-02-11T12:00:00+01:00,van,5,7,-2
2026-02-11T13:00:00+01:00,bicycle,6,9,-3
2026-02-11T13:00:00+01:00,car,31,37,-6
2026-02-11T13:00:00+01:00,light,1,1,0
2026-02-11T13:00:00+01:00,pedestrian,312,390,-78
2026-02-11T13:00:00+01:00,pram,3,1,2
2026-02-11T13:00:00+01:00,scooter,1,0,1
2026-02-11T13:00:00+01:00,van,7,7,0
2026-02-11T14:00:00+01:00,bicycle,10,11,-1
2026-02-11T14:00:00+01:00,bus,1,0,1
2026-02-11T14:00:00+01:00,car,41,43,-2
2026-02-11T14:00:00+01:00,light,2,1,1
2026-02-11T14:00:00+01:00,motorcycle,2,1,1
2026-02-11T14:00:00+01:00,pedestrian,287,362,-75
2026-02-11T14:00:00+01:00,pram,2,4,-2
2026-02-11T14:00:00+01:00,scooter,2,1,1
2026-02-11T14:00:00+01:00,van,5,9,-4
2026-02-11T15:00:00+01:00,animal,1,0,1
2026-02-11T15:00:00+01:00,bicycle,12,16,-4
2026-02-11T15:00:00+01:00,car,35,54,-19
2026-02-11T15:00:00+01:00,light,4,4,0
2026-02-11T15:00:00+01:00,pedestrian,351,365,-14
2026-02-11T15:00:00+01:00,pram,1,2,-1
2026-02-11T15:00:00+01:00,scooter,0,4,-4
2026-02-11T15:00:00+01:00,van,11,11,0
2026-02-11T16:00:00+01:00,animal,1,0,1
2026-02-11T16:00:00+01:00,bicycle,11,12,-1
2026-02-11T16:00:00+01:00,car,40,48,-8
2026-02-11T16:00:00+01:00,light,2,3,-1
2026-02-11T16:00:00+01:00,pedestrian,352,305,47
2026-02-11T16:00:00+01:00,pram,5,10,-5
2026-02-11T16:00:00+01:00,scooter,2,1,1
2026-02-11T16:00:00+01:00,van,1,1,0
2026-02-11T16:00:00+01:00,wheelchair,0,1,-1
2026-02-11T17:00:00+01:00,animal,1,0,1
2026-02-11T17:00:00+01:00,bicycle,8,11,-3
2026-02-11T17:00:00+01:00,car,22,20,2
2026-02-11T17:00:00+01:00,motorcycle,0,1,-1
2026-02-11T17:00:00+01:00,pedestrian,246,210,36
2026-02-11T17:00:00+01:00,pram,1,0,1
2026-02-11T17:00:00+01:00,scooter,1,0,1
2026-02-11T17:00:00+01:00,van,1,1,0
2026-02-11T18:00:00+01:00,animal,0,1,-1
2026-02-11T18:00:00+01:00,bicycle,8,8,0
2026-02-11T18:00:00+01:00,car,14,15,-1
2026-02-11T18:00:00+01:00,light,2,1,1
2026-02-11T18:00:00+01:00,pedestrian,167,165,2
2026-02-11T18:00:00+01:00,van,2,3,-1
2026-02-11T19:00:00+01:00,bicycle,0,3,-3
2026-02-11T19:00:00+01:00,car,3,2,1
2026-02-11T19:00:00+01:00,pedestrian,122,118,4
2026-02-11T19:00:00+01:00,van,1,1,0
2026-02-11T20:00:00+01:00,animal,0,1,-1
2026-02-11T20:00:00+01:00,bicycle,3,5,-2
2026-02-11T20:00:00+01:00,car,2,2,0
2026-02-11T20:00:00+01:00,motorcycle,1,0,1
2026-02-11T20:00:00+01:00,pedestrian,85,87,-2
2026-02-11T21:00:00+01:00,animal,1,1,0
2026-02-11T21:00:00+01:00,bicycle,0,2,-2
2026-02-11T21:00:00+01:00,car,2,4,-2
2026-02-11T21:00:00+01:00,pedestrian,64,124,-60
2026-02-11T21:00:00+01:00,van,1,1,0
2026-02-11T22:00:00+01:00,bicycle,1,0,1
2026-02-11T22:00:00+01:00,car,4,5,-1
2026-02-11T22:00:00+01:00,pedestrian,33,47,-14
2026-02-11T22:00:00+01:00,van,3,3,0
2026-02-11T23:00:00+01:00,car,2,1,1
2026-02-11T23:00:00+01:00,pedestrian,20,14,6
2026-02-12T00:00:00+01:00,bicycle,1,1,0
2026-02-12T00:00:00+01:00,car,3,4,-1
2026-02-12T00:00:00+01:00,pedestrian,20,17,3
2026-02-12T00:00:00+01:00,scooter,1,0,1
2026-02-12T01:00:00+01:00,animal,1,0,1
2026-02-12T01:00:00+01:00,car,1,2,-1
2026-02-12T01:00:00+01:00,pedestrian,9,4,5
2026-02-12T02:00:00+01:00,car,1,2,-1
2026-02-12T02:00:00+01:00,motorcycle,2,1,1
2026-02-12T02:00:00+01:00,pedestrian,12,8,4
2026-02-12T02:00:00+01:00,van,1,1,0
2026-02-12T03:00:00+01:00,car,4,4,0
2026-02-12T03:00:00+01:00,pedestrian,3,4,-1
2026-02-12T04:00:00+01:00,bicycle,1,1,0
2026-02-12T04:00:00+01:00,car,5,3,2
2026-02-12T04:00:00+01:00,pedestrian,3,6,-3
2026-02-12T05:00:00+01:00,bicycle,0,1,-1
2026-02-12T05:00:00+01:00,bus,2,2,0
2026-02-12T05:00:00+01:00,car,2,3,-1
2026-02-12T05:00:00+01:00,light,1,2,-1
2026-02-12T05:00:00+01:00,motorcycle,1,0,1
2026-02-12T05:00:00+01:00,pedestrian,10,15,-5
2026-02-12T05:00:00+01:00,tractor,0,1,-1
2026-02-12T06:00:00+01:00,bicycle,1,1,0
2026-02-12T06:00:00+01:00,light,1,5,-4
2026-02-12T06:00:00+01:00,pedestrian,21,27,-6
2026-02-12T06:00:00+01:00,van,0,1,-1
2026-02-12T07:00:00+01:00,animal,0,1,-1
2026-02-12T07:00:00+01:00,bicycle,1,1,0
2026-02-12T07:00:00+01:00,car,3,13,-10
2026-02-12T07:00:00+01:00,car trailer,0,1,-1
2026-02-12T07:00:00+01:00,light,5,5,0
2026-02-12T07:00:00+01:00,motorcycle,1,0,1
2026-02-12T07:00:00+01:00,pedestrian,88,103,-15
2026-02-12T07:00:00+01:00,van,5,9,-4
2026-02-12T08:00:00+01:00,animal,1,0,1
2026-02-12T08:00:00+01:00,bicycle,3,4,-1
2026-02-12T08:00:00+01:00,car,7,11,-4
2026-02-12T08:00:00+01:00,light,2,0,2
2026-02-12T08:00:00+01:00,pedestrian,47,55,-8
2026-02-12T08:00:00+01:00,van,13,15,-2
2026-02-12T09:00:00+01:00,animal,0,2,-2
2026-02-12T09:00:00+01:00,bicycle,2,4,-2
2026-02-12T09:00:00+01:00,car,13,18,-5
2026-02-12T09:00:00+01:00,light,3,1,2
2026-02-12T09:00:00+01:00,pedestrian,71,82,-11
2026-02-12T09:00:00+01:00,van,10,11,-1
2026-02-12T10:00:00+01:00,animal,1,0,1
2026-02-12T10:00:00+01:00,bicycle,4,1,3
2026-02-12T10:00:00+01:00,car,14,25,-11
2026-02-12T10:00:00+01:00,light,6,11,-5
2026-02-12T10:00:00+01:00,pedestrian,100,108,-8
2026-02-12T10:00:00+01:00,scooter,1,0,1
2026-02-12T10:00:00+01:00,van,15,13,2
2026-02-12T11:00:00+01:00,animal,1,1,0
2026-02-12T11:00:00+01:00,bicycle,2,3,-1
2026-02-12T11:00:00+01:00,car,16,28,-12
2026-02-12T11:00:00+01:00,light,1,3,-2
2026-02-12T11:00:00+01:00,pedestrian,121,128,-7
2026-02-12T11:00:00+01:00,van,6,9,-3
2026-02-12T12:00:00+01:00,animal,2,1,1
2026-02-12T12:00:00+01:00,bicycle,0,3,-3
2026-02-12T12:00:00+01:00,car,20,31,-11
2026-02-12T12:00:00+01:00,light,1,1,0
2026-02-12T12:00:00+01:00,pedestrian,227,219,8
2026-02-12T12:00:00+01:00,pram,1,3,-2
2026-02-12T12:00:00+01:00,scooter,0,1,-1
2026-02-12T12:00:00+01:00,van,6,4,2
2026-02-12T13:00:00+01:00,animal,3,0,3
2026-02-12T13:00:00+01:00,bicycle,6,3,3
2026-02-12T13:00:00+01:00,car,15,21,-6
2026-02-12T13:00:00+01:00,light,1,0,1
2026-02-12T13:00:00+01:00,motorcycle,1,0,1
2026-02-12T13:00:00+01:00,pedestrian,162,163,-1
2026-02-12T13:00:00+01:00,pram,0,2,-2
2026-02-12T13:00:00+01:00,tractor,1,1,0
2026-02-12T13:00:00+01:00,van,3,3,0
2026-02-12T13:00:00+01:00,wheelchair,1,0,1
2026-02-12T14:00:00+01:00,animal,2,0,2
2026-02-12T14:00:00+01:00,bicycle,6,5,1
2026-02-12T14:00:00+01:00,car,14,12,2
2026-02-12T14:00:00+01:00,motorcycle,0,1,-1
2026-02-12T14:00:00+01:00,pedestrian,182,196,-14
2026-02-12T14:00:00+01:00,pram,0,2,-2
2026-02-12T14:00:00+01:00,van,2,3,-1
2026-02-12T15:00:00+01:00,bicycle,1,3,-2
2026-02-12T15:00:00+01:00,car,25,27,-2
2026-02-12T15:00:00+01:00,light,3,2,1
2026-02-12T15:00:00+01:00,pedestrian,176,209,-33
2026-02-12T15:00:00+01:00,van,5,5,0
2026-02-12T16:00:00+01:00,animal,3,1,2
2026-02-12T16:00:00+01:00,bicycle,5,5,0
2026-02-12T16:00:00+01:00,car,20,19,1
2026-02-12T16:00:00+01:00,pedestrian,202,177,25
2026-02-12T16:00:00+01:00,pram,1,0,1
2026-02-12T16:00:00+01:00,tractor,0,1,-1
2026-02-12T17:00:00+01:00,animal,4,2,2
2026-02-12T17:00:00+01:00,bicycle,0,1,-1
2026-02-12T17:00:00+01:00,car,20,24,-4
2026-02-12T17:00:00+01:00,pedestrian,179,178,1
2026-02-12T17:00:00+01:00,pram,0,1,-1
2026-02-12T17:00:00+01:00,van,2,4,-2
2026-02-12T17:00:00+01:00,wheelchair,1,0,1
2026-02-12T18:00:00+01:00,animal,6,3,3
2026-02-12T18:00:00+01:00,bicycle,2,10,-8
2026-02-12T18:00:00+01:00,bus,1,0,1
2026-02-12T18:00:00+01:00,car,6,9,-3
2026-02-12T18:00:00+01:00,light,2,1,1
2026-02-12T18:00:00+01:00,pedestrian,207,169,38
2026-02-12T18:00:00+01:00,pram,0,1,-1
2026-02-12T19:00:00+01:00,animal,0,3,-3
2026-02-12T19:00:00+01:00,bicycle,6,7,-1
2026-02-12T19:00:00+01:00,car,12,19,-7
2026-02-12T19:00:00+01:00,pedestrian,133,180,-47
2026-02-12T20:00:00+01:00,animal,2,6,-4
2026-02-12T20:00:00+01:00,bicycle,2,3,-1
2026-02-12T20:00:00+01:00,car,10,10,0
2026-02-12T20:00:00+01:00,pedestrian,140,198,-58
2026-02-12T20:00:00+01:00,van,0,1,-1
2026-02-12T21:00:00+01:00,animal,0,1,-1
2026-02-12T21:00:00+01:00,car,21,23,-2
2026-02-12T21:00:00+01:00,pedestrian,191,242,-51
2026-02-12T21:00:00+01:00,scooter,1,1,0
2026-02-12T21:00:00+01:00,van,1,0,1
2026-02-12T22:00:00+01:00,animal,0,1,-1
2026-02-12T22:00:00+01:00,car,9,2,7
2026-02-12T22:00:00+01:00,pedestrian,54,47,7
2026-02-12T23:00:00+01:00,bicycle,2,1,1
2026-02-12T23:00:00+01:00,car,8,6,2
2026-02-12T23:00:00+01:00,pedestrian,62,37,25
2026-02-13T00:00:00+01:00,bicycle,1,1,0
2026-02-13T00:00:00+01:00,car,17,18,-1
2026-02-13T00:00:00+01:00,light,1,0,1
2026-02-13T00:00:00+01:00,pedestrian,59,61,-2
2026-02-13T00:00:00+01:00,scooter,0,1,-1
2026-02-13T01:00:00+01:00,bicycle,0,2,-2
2026-02-13T01:00:00+01:00,car,1,0,1
2026-02-13T01:00:00+01:00,pedestrian,41,32,9
2026-02-13T02:00:00+01:00,animal,0,1,-1
2026-02-13T02:00:00+01:00,car,8,15,-7
2026-02-13T02:00:00+01:00,motorcycle,1,3,-2
2026-02-13T02:00:00+01:00,pedestrian,61,53,8
2026-02-13T02:00:00+01:00,van,0,1,-1
2026-02-13T03:00:00+01:00,car,6,4,2
2026-02-13T03:00:00+01:00,car trailer,1,1,0
2026-02-13T03:00:00+01:00,light,1,0,1
2026-02-13T03:00:00+01:00,pedestrian,17,14,3
2026-02-13T03:00:00+01:00,tractor,0,1,-1
2026-02-13T03:00:00+01:00,van,2,2,0
2026-02-13T04:00:00+01:00,animal,0,1,-1
2026-02-13T04:00:00+01:00,car,4,2,2
2026-02-13T04:00:00+01:00,light,1,1,0
2026-02-13T04:00:00+01:00,pedestrian,6,7,-1
2026-02-13T04:00:00+01:00,tractor,0,1,-1
2026-02-13T05:00:00+01:00,animal,1,1,0
2026-02-13T05:00:00+01:00,car,0,1,-1
2026-02-13T05:00:00+01:00,pedestrian,8,10,-2
2026-02-13T06:00:00+01:00,bicycle,1,0,1
2026-02-13T06:00:00+01:00,car,1,7,-6
2026-02-13T06:00:00+01:00,car trailer,1,1,0
2026-02-13T06:00:00+01:00,light,2,4,-2
2026-02-13T06:00:00+01:00,pedestrian,20,22,-2
2026-02-13T06:00:00+01:00,van,4,5,-1
2026-02-13T07:00:00+01:00,animal,0,1,-1
2026-02-13T07:00:00+01:00,bicycle,1,0,1
2026-02-13T07:00:00+01:00,bus,1,0,1
2026-02-13T07:00:00+01:00,car,25,27,-2
2026-02-13T07:00:00+01:00,light,1,3,-2
2026-02-13T07:00:00+01:00,motorcycle,1,0,1
2026-02-13T07:00:00+01:00,pedestrian,59,81,-22
2026-02-13T07:00:00+01:00,pram,1,0,1
2026-02-13T07:00:00+01:00,van,3,1,2
2026-02-13T08:00:00+01:00,animal,0,1,-1
2026-02-13T08:00:00+01:00,bicycle,1,3,-2
2026-02-13T08:00:00+01:00,car,14,12,2
2026-02-13T08:00:00+01:00,light,1,0,1
2026-02-13T08:00:00+01:00,pedestrian,108,128,-20
2026-02-13T08:00:00+01:00,van,9,13,-4
2026-02-13T09:00:00+01:00,animal,1,1,0
2026-02-13T09:00:00+01:00,bicycle,2,2,0
2026-02-13T09:00:00+01:00,car,6,15,-9
2026-02-13T09:00:00+01:00,light,2,1,1
2026-02-13T09:00:00+01:00,motorcycle,1,1,0
2026-02-13T09:00:00+01:00,pedestrian,187,186,1
2026-02-13T09:00:00+01:00,pram,1,1,0
2026-02-13T09:00:00+01:00,van,5,6,-1
2026-02-13T09:00:00+01:00,wheelchair,0,1,-1
2026-02-13T10:00:00+01:00,animal,0,1,-1
2026-02-13T10:00:00+01:00,bicycle,5,5,0
2026-02-13T10:00:00+01:00,car,20,26,-6
2026-02-13T10:00:00+01:00,light,6,4,2
2026-02-13T10:00:00+01:00,motorcycle,0,2,-2
2026-02-13T10:00:00+01:00,pedestrian,253,246,7
2026-02-13T10:00:00+01:00,pram,1,0,1
2026-02-13T10:00:00+01:00,van,16,14,2
2026-02-13T10:00:00+01:00,wheelchair,1,0,1
2026-02-13T11:00:00+01:00,animal,1,2,-1
2026-02-13T11:00:00+01:00,bicycle,5,9,-4
2026-02-13T11:00:00+01:00,car,32,37,-5
2026-02-13T11:00:00+01:00,light,5,3,2
2026-02-13T11:00:00+01:00,motorcycle,1,0,1
2026-02-13T11:00:00+01:00,pedestrian,380,406,-26
2026-02-13T11:00:00+01:00,pram,1,2,-1
2026-02-13T11:00:00+01:00,van,7,7,0
2026-02-13T12:00:00+01:00,animal,2,0,2
2026-02-13T12:00:00+01:00,bicycle,2,2,0
2026-02-13T12:00:00+01:00,car,18,20,-2
2026-02-13T12:00:00+01:00,light,3,0,3
2026-02-13T12:00:00+01:00,pedestrian,469,496,-27
2026-02-13T12:00:00+01:00,pram,2,4,-2
2026-02-13T12:00:00+01:00,van,16,16,0
2026-02-13T13:00:00+01:00,bicycle,2,2,0
2026-02-13T13:00:00+01:00,car,26,27,-1
2026-02-13T13:00:00+01:00,light,1,0,1
2026-02-13T13:00:00+01:00,pedestrian,419,433,-14
2026-02-13T13:00:00+01:00,pram,1,0,1
2026-02-13T13:00:00+01:00,van,6,5,1
2026-02-13T14:00:00+01:00,animal,1,1,0
2026-02-13T14:00:00+01:00,bicycle,9,10,-1
2026-02-13T14:00:00+01:00,car,18,11,7
2026-02-13T14:00:00+01:00,pedestrian,471,526,-55
2026-02-13T14:00:00+01:00,pram,0,1,-1
2026-02-13T14:00:00+01:00,scooter,1,1,0
2026-02-13T14:00:00+01:00,tractor,0,1,-1
2026-02-13T14:00:00+01:00,truck trailer,0,1,-1
2026-02-13T14:00:00+01:00,van,0,1,-1
2026-02-13T15:00:00+01:00,bicycle,5,9,-4
2026-02-13T15:00:00+01:00,car,15,26,-11
2026-02-13T15:00:00+01:00,pedestrian,412,446,-34
2026-02-13T15:00:00+01:00,pram,7,7,0
2026-02-13T15:00:00+01:00,scooter,0,1,-1
2026-02-13T15:00:00+01:00,van,4,5,-1
2026-02-13T16:00:00+01:00,bicycle,3,8,-5
2026-02-13T16:00:00+01:00,car,27,37,-10
2026-02-13T16:00:00+01:00,car trailer,1,4,-3
2026-02-13T16:00:00+01:00,light,4,2,2
2026-02-13T16:00:00+01:00,pedestrian,351,367,-16
2026-02-13T16:00:00+01:00,pram,5,3,2
2026-02-13T16:00:00+01:00,scooter,0,4,-4
2026-02-13T16:00:00+01:00,van,0,1,-1
2026-02-13T16:00:00+01:00,wheelchair,0,1,-1
2026-02-13T17:00:00+01:00,animal,1,1,0
2026-02-13T17:00:00+01:00,bicycle,8,8,0
2026-02-13T17:00:00+01:00,car,30,29,1
2026-02-13T17:00:00+01:00,light,4,3,1
2026-02-13T17:00:00+01:00,pedestrian,279,315,-36
2026-02-13T18:00:00+01:00,animal,0,1,-1
2026-02-13T18:00:00+01:00,bicycle,7,6,1
2026-02-13T18:00:00+01:00,car,12,20,-8
2026-02-13T18:00:00+01:00,light,1,2,-1
2026-02-13T18:00:00+01:00,motorcycle,1,1,0
2026-02-13T18:00:00+01:00,pedestrian,185,190,-5
2026-02-13T19:00:00+01:00,animal,0,1,-1
2026-02-13T19:00:00+01:00,bicycle,2,3,-1
2026-02-13T19:00:00+01:00,car,7,10,-3
2026-02-13T19:00:00+01:00,light,3,1,2
2026-02-13T19:00:00+01:00,motorcycle,1,0,1
2026-02-13T19:00:00+01:00,pedestrian,87,102,-15
2026-02-13T20:00:00+01:00,bicycle,0,1,-1
2026-02-13T20:00:00+01:00,car,6,14,-8
2026-02-13T20:00:00+01:00,pedestrian,82,140,-58
2026-02-13T21:00:00+01:00,animal,0,1,-1
2026-02-13T21:00:00+01:00,car,9,8,1
2026-02-13T21:00:00+01:00,pedestrian,63,103,-40
2026-02-13T21:00:00+01:00,pram,1,0,1
2026-02-13T21:00:00+01:00,van,1,1,0
2026-02-13T22:00:00+01:00,bicycle,2,4,-2
2026-02-13T22:00:00+01:00,car,4,6,-2
2026-02-13T22:00:00+01:00,pedestrian,104,121,-17
2026-02-13T23:00:00+01:00,car,4,5,-1
2026-02-13T23:00:00+01:00,pedestrian,105,111,-6
2026-02-13T23:00:00+01:00,scooter,1,0,1
2026-02-14T00:00:00+01:00,animal,2,0,2
2026-02-14T00:00:00+01:00,bicycle,1,3,-2
2026-02-14T00:00:00+01:00,car,6,11,-5
2026-02-14T00:00:00+01:00,pedestrian,249,254,-5
2026-02-14T01:00:00+01:00,animal,1,2,-1
2026-02-14T01:00:00+01:00,bicycle,1,0,1
2026-02-14T01:00:00+01:00,car,9,16,-7
2026-02-14T01:00:00+01:00,pedestrian,207,188,19
2026-02-14T02:00:00+01:00,bicycle,1,0,1
2026-02-14T02:00:00+01:00,car,8,9,-1
2026-02-14T02:00:00+01:00,motorcycle,1,2,-1
2026-02-14T02:00:00+01:00,pedestrian,208,191,17
2026-02-14T02:00:00+01:00,pram,1,0,1
2026-02-14T03:00:00+01:00,animal,1,2,-1
2026-02-14T03:00:00+01:00,car,4,5,-1
2026-02-14T03:00:00+01:00,pedestrian,157,161,-4
2026-02-14T03:00:00+01:00,pram,0,1,-1
2026-02-14T04:00:00+01:00,animal,1,0,1
2026-02-14T04:00:00+01:00,car,5,8,-3
2026-02-14T04:00:00+01:00,light,1,0,1
2026-02-14T04:00:00+01:00,motorcycle,0,1,-1
2026-02-14T04:00:00+01:00,pedestrian,121,125,-4
2026-02-14T04:00:00+01:00,pram,0,1,-1
2026-02-14T05:00:00+01:00,animal,1,1,0
2026-02-14T05:00:00+01:00,bicycle,2,0,2
2026-02-14T05:00:00+01:00,car,4,3,1
2026-02-14T05:00:00+01:00,light,0,2,-2
2026-02-14T05:00:00+01:00,pedestrian,78,46,32
2026-02-14T05:00:00+01:00,tractor,0,1,-1
2026-02-14T06:00:00+01:00,pedestrian,8,8,0
2026-02-14T07:00:00+01:00,bicycle,1,3,-2
2026-02-14T07:00:00+01:00,car,2,3,-1
2026-02-14T07:00:00+01:00,pedestrian,32,23,9
2026-02-14T08:00:00+01:00,animal,2,1,1
2026-02-14T08:00:00+01:00,car,3,2,1
2026-02-14T08:00:00+01:00,light,3,2,1
2026-02-14T08:00:00+01:00,pedestrian,32,37,-5
2026-02-14T09:00:00+01:00,animal,1,0,1
2026-02-14T09:00:00+01:00,bicycle,0,3,-3
2026-02-14T09:00:00+01:00,car,8,12,-4
2026-02-14T09:00:00+01:00,light,2,0,2
2026-02-14T09:00:00+01:00,motorcycle,1,0,1
2026-02-14T09:00:00+01:00,pedestrian,62,88,-26
2026-02-14T09:00:00+01:00,pram,0,1,-1
2026-02-14T09:00:00+01:00,van,1,2,-1
2026-02-14T10:00:00+01:00,animal,1,0,1
2026-02-14T10:00:00+01:00,bicycle,2,1,1
2026-02-14T10:00:00+01:00,car,9,8,1
2026-02-14T10:00:00+01:00,light,3,2,1
2026-02-14T10:00:00+01:00,pedestrian,198,192,6
2026-02-14T10:00:00+01:00,pram,1,1,0
2026-02-14T10:00:00+01:00,van,23,15,8
2026-02-14T11:00:00+01:00,animal,2,5,-3
2026-02-14T11:00:00+01:00,bicycle,5,4,1
2026-02-14T11:00:00+01:00,car,49,57,-8
2026-02-14T11:00:00+01:00,light,2,1,1
2026-02-14T11:00:00+01:00,pedestrian,404,461,-57
2026-02-14T11:00:00+01:00,pram,2,3,-1
2026-02-14T11:00:00+01:00,scooter,0,1,-1
2026-02-14T11:00:00+01:00,van,18,24,-6
2026-02-14T12:00:00+01:00,animal,1,0,1
2026-02-14T12:00:00+01:00,bicycle,4,3,1
2026-02-14T12:00:00+01:00,car,35,50,-15
2026-02-14T12:00:00+01:00,pedestrian,467,497,-30
2026-02-14T12:00:00+01:00,pram,4,3,1
2026-02-14T12:00:00+01:00,scooter,1,0,1
2026-02-14T12:00:00+01:00,van,2,1,1
2026-02-14T13:00:00+01:00,animal,1,0,1
2026-02-14T13:00:00+01:00,bicycle,8,11,-3
2026-02-14T13:00:00+01:00,car,39,48,-9
2026-02-14T13:00:00+01:00,car trailer,1,0,1
2026-02-14T13:00:00+01:00,pedestrian,533,605,-72
2026-02-14T13:00:00+01:00,pram,2,1,1
2026-02-14T13:00:00+01:00,van,5,3,2
2026-02-14T14:00:00+01:00,animal,2,4,-2
2026-02-14T14:00:00+01:00,bicycle,7,7,0
2026-02-14T14:00:00+01:00,car,32,45,-13
2026-02-14T14:00:00+01:00,pedestrian,427,517,-90
2026-02-14T14:00:00+01:00,pram,2,4,-2
2026-02-14T14:00:00+01:00,scooter,0,1,-1
2026-02-14T14:00:00+01:00,van,3,0,3
2026-02-14T15:00:00+01:00,animal,2,0,2
2026-02-14T15:00:00+01:00,bicycle,6,6,0
2026-02-14T15:00:00+01:00,car,42,27,15
2026-02-14T15:00:00+01:00,light,0,1,-1
2026-02-14T15:00:00+01:00,pedestrian,385,438,-53
2026-02-14T15:00:00+01:00,pram,2,2,0
2026-02-14T16:00:00+01:00,bicycle,3,3,0
2026-02-14T16:00:00+01:00,car,42,38,4
2026-02-14T16:00:00+01:00,pedestrian,368,339,29
2026-02-14T16:00:00+01:00,pram,2,1,1
2026-02-14T17:00:00+01:00,animal,2,4,-2
2026-02-14T17:00:00+01:00,bicycle,6,7,-1
2026-02-14T17:00:00+01:00,car,48,56,-8
2026-02-14T17:00:00+01:00,pedestrian,301,328,-27
2026-02-14T17:00:00+01:00,scooter,1,2,-1
2026-02-14T18:00:00+01:00,animal,1,2,-1
2026-02-14T18:00:00+01:00,bicycle,2,3,-1
2026-02-14T18:00:00+01:00,car,41,34,7
2026-02-14T18:00:00+01:00,pedestrian,223,235,-12
2026-02-14T18:00:00+01:00,van,0,1,-1
2026-02-14T19:00:00+01:00,animal,1,1,0
2026-02-14T19:00:00+01:00,bicycle,6,3,3
2026-02-14T19:00:00+01:00,car,40,50,-10
2026-02-14T19:00:00+01:00,pedestrian,167,187,-20
2026-02-14T20:00:00+01:00,animal,1,1,0
2026-02-14T20:00:00+01:00,bicycle,4,5,-1
2026-02-14T20:00:00+01:00,car,24,36,-12
2026-02-14T20:00:00+01:00,motorcycle,0,1,-1
2026-02-14T20:00:00+01:00,pedestrian,106,142,-36
2026-02-14T21:00:00+01:00,bicycle,5,2,3
2026-02-14T21:00:00+01:00,car,6,9,-3
2026-02-14T21:00:00+01:00,pedestrian,80,101,-21
2026-02-14T22:00:00+01:00,bicycle,1,2,-1
2026-02-14T22:00:00+01:00,car,1,6,-5
2026-02-14T22:00:00+01:00,pedestrian,104,137,-33
2026-02-14T23:00:00+01:00,bicycle,5,4,1
2026-02-14T23:00:00+01:00,car,6,5,1
2026-02-14T23:00:00+01:00,motorcycle,1,0,1
2026-02-14T23:00:00+01:00,pedestrian,136,126,10
2026-02-14T23:00:00+01:00,van,0,2,-2
2026-02-15T00:00:00+01:00,animal,0,2,-2
2026-02-15T00:00:00+01:00,bicycle,0,3,-3
2026-02-15T00:00:00+01:00,car,11,13,-2
2026-02-15T00:00:00+01:00,pedestrian,156,114,42
2026-02-15T00:00:00+01:00,pram,1,0,1
2026-02-15T01:00:00+01:00,animal,1,0,1
2026-02-15T01:00:00+01:00,car,16,22,-6
2026-02-15T01:00:00+01:00,pedestrian,149,131,18
2026-02-15T02:00:00+01:00,animal,0,1,-1
2026-02-15T02:00:00+01:00,bicycle,1,4,-3
2026-02-15T02:00:00+01:00,car,5,1,4
2026-02-15T02:00:00+01:00,pedestrian,174,148,26
2026-02-15T02:00:00+01:00,pram,0,1,-1
2026-02-15T03:00:00+01:00,animal,0,1,-1
2026-02-15T03:00:00+01:00,bicycle,0,1,-1
2026-02-15T03:00:00+01:00,car,9,10,-1
2026-02-15T03:00:00+01:00,light,1,0,1
2026-02-15T03:00:00+01:00,pedestrian,96,66,30
2026-02-15T03:00:00+01:00,pram,0,1,-1
2026-02-15T04:00:00+01:00,bicycle,1,0,1
2026-02-15T04:00:00+01:00,car,10,12,-2
2026-02-15T04:00:00+01:00,pedestrian,130,153,-23
2026-02-15T04:00:00+01:00,pram,2,1,1
2026-02-15T05:00:00+01:00,animal,0,1,-1
2026-02-15T05:00:00+01:00,bicycle,1,0,1
2026-02-15T05:00:00+01:00,car,1,0,1
2026-02-15T05:00:00+01:00,light,1,2,-1
2026-02-15T05:00:00+01:00,pedestrian,41,49,-8
2026-02-15T05:00:00+01:00,pram,1,0,1
2026-02-15T05:00:00+01:00,tractor,0,1,-1
2026-02-15T06:00:00+01:00,pedestrian,10,14,-4
2026-02-15T07:00:00+01:00,bicycle,1,3,-2
2026-02-15T07:00:00+01:00,car,3,4,-1
2026-02-15T07:00:00+01:00,pedestrian,21,13,8
2026-02-15T07:00:00+01:00,van,1,0,1
2026-02-15T08:00:00+01:00,bicycle,1,1,0
2026-02-15T08:00:00+01:00,car,5,4,1
2026-02-15T08:00:00+01:00,light,1,0,1
2026-02-15T08:00:00+01:00,pedestrian,25,33,-8
2026-02-15T08:00:00+01:00,pram,0,1,-1
2026-02-15T09:00:00+01:00,animal,1,2,-1
2026-02-15T09:00:00+01:00,bicycle,1,3,-2
2026-02-15T09:00:00+01:00,car,6,12,-6
2026-02-15T09:00:00+01:00,pedestrian,72,71,1
2026-02-15T10:00:00+01:00,animal,1,0,1
2026-02-15T10:00:00+01:00,bicycle,3,5,-2
2026-02-15T10:00:00+01:00,car,11,17,-6
2026-02-15T10:00:00+01:00,pedestrian,131,102,29
2026-02-15T10:00:00+01:00,pram,4,1,3
2026-02-15T10:00:00+01:00,scooter,1,0,1
2026-02-15T10:00:00+01:00,wheelchair,1,1,0
2026-02-15T11:00:00+01:00,bicycle,3,1,2
2026-02-15T11:00:00+01:00,car,9,20,-11
2026-02-15T11:00:00+01:00,pedestrian,152,163,-11
2026-02-15T11:00:00+01:00,pram,4,2,2
2026-02-15T11:00:00+01:00,scooter,2,0,2
2026-02-15T11:00:00+01:00,van,1,1,0
2026-02-15T12:00:00+01:00,bicycle,2,3,-1
2026-02-15T12:00:00+01:00,car,16,23,-7
2026-02-15T12:00:00+01:00,pedestrian,191,227,-36
2026-02-15T12:00:00+01:00,pram,6,7,-1
2026-02-15T12:00:00+01:00,scooter,0,1,-1
2026-02-15T12:00:00+01:00,van,2,2,0
2026-02-15T12:00:00+01:00,wheelchair,1,0,1
2026-02-15T13:00:00+01:00,animal,0,1,-1
2026-02-15T13:00:00+01:00,bicycle,3,2,1
2026-02-15T13:00:00+01:00,car,23,28,-5
2026-02-15T13:00:00+01:00,motorcycle,1,0,1
2026-02-15T13:00:00+01:00,pedestrian,234,290,-56
2026-02-15T13:00:00+01:00,van,0,1,-1
2026-02-15T14:00:00+01:00,animal,1,0,1
2026-02-15T14:00:00+01:00,bicycle,7,9,-2
2026-02-15T14:00:00+01:00,car,22,18,4
2026-02-15T14:00:00+01:00,car trailer,1,1,0
2026-02-15T14:00:00+01:00,pedestrian,198,227,-29
2026-02-15T14:00:00+01:00,pram,4,3,1
2026-02-15T14:00:00+01:00,scooter,1,0,1
2026-02-15T15:00:00+01:00,bicycle,4,5,-1
2026-02-15T15:00:00+01:00,car,27,29,-2
2026-02-15T15:00:00+01:00,motorcycle,1,0,1
2026-02-15T15:00:00+01:00,pedestrian,194,179,15
2026-02-15T15:00:00+01:00,pram,2,0,2
2026-02-15T16:00:00+01:00,animal,1,1,0
2026-02-15T16:00:00+01:00,bicycle,3,5,-2
2026-02-15T16:00:00+01:00,car,27,31,-4
2026-02-15T16:00:00+01:00,motorcycle,1,1,0
2026-02-15T16:00:00+01:00,pedestrian,180,181,-1
2026-02-15T16:00:00+01:00,pram,1,0,1
2026-02-15T16:00:00+01:00,scooter,1,0,1
2026-02-15T17:00:00+01:00,animal,1,2,-1
2026-02-15T17:00:00+01:00,bicycle,7,10,-3
2026-02-15T17:00:00+01:00,car,31,34,-3
2026-02-15T17:00:00+01:00,pedestrian,162,145,17
2026-02-15T17:00:00+01:00,pram,1,1,0
2026-02-15T18:00:00+01:00,animal,0,1,-1
2026-02-15T18:00:00+01:00,bicycle,6,5,1
2026-02-15T18:00:00+01:00,car,16,20,-4
2026-02-15T18:00:00+01:00,pedestrian,91,81,10
2026-02-15T19:00:00+01:00,animal,0,1,-1
2026-02-15T19:00:00+01:00,bicycle,10,7,3
2026-02-15T19:00:00+01:00,car,10,14,-4
2026-02-15T19:00:00+01:00,motorcycle,0,1,-1
2026-02-15T19:00:00+01:00,pedestrian,51,75,-24
2026-02-15T20:00:00+01:00,bicycle,2,4,-2
2026-02-15T20:00:00+01:00,car,12,11,1
2026-02-15T20:00:00+01:00,motorcycle,2,0,2
2026-02-15T20:00:00+01:00,pedestrian,66,64,2
2026-02-15T21:00:00+01:00,animal,0,1,-1
2026-02-15T21:00:00+01:00,car,2,1,1
2026-02-15T21:00:00+01:00,pedestrian,26,32,-6
2026-02-15T22:00:00+01:00,animal,1,0,1
2026-02-15T22:00:00+01:00,car,1,1,0
2026-02-15T22:00:00+01:00,pedestrian,22,24,-2
2026-02-15T23:00:00+01:00,car,3,2,1
2026-02-15T23:00:00+01:00,pedestrian,9,6,3
2026-02-16T00:00:00+01:00,car,6,5,1
2026-02-16T00:00:00+01:00,pedestrian,9,3,6
2026-02-16T01:00:00+01:00,car,7,5,2
2026-02-16T01:00:00+01:00,pedestrian,5,2,3
2026-02-16T02:00:00+01:00,bicycle,1,2,-1
2026-02-16T02:00:00+01:00,car,2,0,2
2026-02-16T02:00:00+01:00,motorcycle,1,0,1
2026-02-16T02:00:00+01:00,pedestrian,1,1,0
2026-02-16T03:00:00+01:00,bicycle,0,1,-1
2026-02-16T03:00:00+01:00,car,2,3,-1
2026-02-16T03:00:00+01:00,light,2,1,1
2026-02-16T03:00:00+01:00,pedestrian,4,2,2
2026-02-16T04:00:00+01:00,bicycle,0,1,-1
2026-02-16T04:00:00+01:00,car,12,11,1
2026-02-16T04:00:00+01:00,pedestrian,2,2,0
2026-02-16T05:00:00+01:00,bicycle,1,0,1
2026-02-16T05:00:00+01:00,car,12,6,6
2026-02-16T05:00:00+01:00,light,4,2,2
2026-02-16T05:00:00+01:00,pedestrian,8,18,-10
2026-02-16T06:00:00+01:00,bicycle,3,2,1
2026-02-16T06:00:00+01:00,bus,0,1,-1
2026-02-16T06:00:00+01:00,car,8,9,-1
2026-02-16T06:00:00+01:00,light,4,1,3
2026-02-16T06:00:00+01:00,pedestrian,21,24,-3
2026-02-16T06:00:00+01:00,van,1,2,-1
2026-02-16T07:00:00+01:00,bicycle,10,13,-3
2026-02-16T07:00:00+01:00,car,25,32,-7
2026-02-16T07:00:00+01:00,light,1,2,-1
2026-02-16T07:00:00+01:00,motorcycle,0,1,-1
2026-02-16T07:00:00+01:00,pedestrian,87,113,-26
2026-02-16T07:00:00+01:00,pram,4,1,3
2026-02-16T07:00:00+01:00,scooter,0,1,-1
2026-02-16T07:00:00+01:00,van,11,10,1
2026-02-16T07:00:00+01:00,wheelchair,1,0,1
2026-02-16T08:00:00+01:00,bicycle,11,12,-1
2026-02-16T08:00:00+01:00,car,21,39,-18
2026-02-16T08:00:00+01:00,light,2,3,-1
2026-02-16T08:00:00+01:00,motorcycle,1,0,1
2026-02-16T08:00:00+01:00,pedestrian,136,165,-29
2026-02-16T08:00:00+01:00,pram,2,2,0
2026-02-16T08:00:00+01:00,van,13,13,0
2026-02-16T08:00:00+01:00,wheelchair,1,0,1
2026-02-16T09:00:00+01:00,animal,2,0,2
2026-02-16T09:00:00+01:00,bicycle,7,7,0
2026-02-16T09:00:00+01:00,car,21,29,-8
2026-02-16T09:00:00+01:00,pedestrian,160,194,-34
2026-02-16T09:00:00+01:00,pram,1,1,0
2026-02-16T09:00:00+01:00,scooter,2,1,1
2026-02-16T09:00:00+01:00,van,10,14,-4
2026-02-16T10:00:00+01:00,animal,0,1,-1
2026-02-16T10:00:00+01:00,bicycle,6,6,0
2026-02-16T10:00:00+01:00,car,43,52,-9
2026-02-16T10:00:00+01:00,light,8,4,4
2026-02-16T10:00:00+01:00,motorcycle,0,1,-1
2026-02-16T10:00:00+01:00,pedestrian,189,237,-48
2026-02-16T10:00:00+01:00,pram,1,0,1
2026-02-16T10:00:00+01:00,van,16,13,3
2026-02-16T11:00:00+01:00,bicycle,4,10,-6
2026-02-16T11:00:00+01:00,car,27,40,-13
2026-02-16T11:00:00+01:00,light,2,2,0
2026-02-16T11:00:00+01:00,pedestrian,204,263,-59
2026-02-16T11:00:00+01:00,pram,1,2,-1
2026-02-16T11:00:00+01:00,scooter,0,1,-1
2026-02-16T11:00:00+01:00,van,7,6,1
2026-02-16T12:00:00+01:00,bicycle,13,11,2
2026-02-16T12:00:00+01:00,car,28,25,3
2026-02-16T12:00:00+01:00,light,2,0,2
2026-02-16T12:00:00+01:00,pedestrian,193,227,-34
2026-02-16T12:00:00+01:00,pram,2,1,1
2026-02-16T12:00:00+01:00,van,4,2,2
2026-02-16T13:00:00+01:00,animal,0,1,-1
2026-02-16T13:00:00+01:00,bicycle,9,10,-1
2026-02-16T13:00:00+01:00,car,24,35,-11
2026-02-16T13:00:00+01:00,light,1,0,1
2026-02-16T13:00:00+01:00,pedestrian,276,302,-26
2026-02-16T13:00:00+01:00,pram,4,2,2
2026-02-16T13:00:00+01:00,van,10,13,-3
2026-02-16T13:00:00+01:00,wheelchair,1,0,1
2026-02-16T14:00:00+01:00,animal,3,1,2
2026-02-16T14:00:00+01:00,bicycle,16,17,-1
2026-02-16T14:00:00+01:00,car,30,46,-16
2026-02-16T14:00:00+01:00,motorcycle,0,1,-1
2026-02-16T14:00:00+01:00,pedestrian,244,256,-12
2026-02-16T14:00:00+01:00,pram,3,2,1
2026-02-16T14:00:00+01:00,scooter,1,0,1
2026-02-16T14:00:00+01:00,van,2,3,-1
2026-02-16T15:00:00+01:00,animal,2,2,0
2026-02-16T15:00:00+01:00,bicycle,12,17,-5
2026-02-16T15:00:00+01:00,car,34,43,-9
2026-02-16T15:00:00+01:00,pedestrian,229,228,1
2026-02-16T15:00:00+01:00,pram,0,1,-1
2026-02-16T15:00:00+01:00,scooter,1,0,1
2026-02-16T15:00:00+01:00,van,2,2,0
2026-02-16T15:00:00+01:00,wheelchair,1,1,0
2026-02-16T16:00:00+01:00,bicycle,12,15,-3
2026-02-16T16:00:00+01:00,bus,1,0,1
2026-02-16T16:00:00+01:00,car,35,33,2
2026-02-16T16:00:00+01:00,light,4,3,1
2026-02-16T16:00:00+01:00,motorcycle,1,1,0
2026-02-16T16:00:00+01:00,pedestrian,239,265,-26
2026-02-16T16:00:00+01:00,pram,4,2,2
2026-02-16T16:00:00+01:00,van,1,2,-1
2026-02-16T17:00:00+01:00,animal,2,0,2
2026-02-16T17:00:00+01:00,bicycle,9,11,-2
2026-02-16T17:00:00+01:00,car,29,43,-14
2026-02-16T17:00:00+01:00,car trailer,0,1,-1
2026-02-16T17:00:00+01:00,motorcycle,0,1,-1
2026-02-16T17:00:00+01:00,pedestrian,196,193,3
2026-02-16T17:00:00+01:00,pram,2,2,0
2026-02-16T17:00:00+01:00,scooter,1,0,1
2026-02-16T17:00:00+01:00,van,1,2,-1
2026-02-16T18:00:00+01:00,bicycle,14,6,8
2026-02-16T18:00:00+01:00,car,19,35,-16
2026-02-16T18:00:00+01:00,light,1,0,1
2026-02-16T18:00:00+01:00,pedestrian,123,114,9
2026-02-16T18:00:00+01:00,pram,1,0,1
2026-02-16T19:00:00+01:00,animal,1,1,0
2026-02-16T19:00:00+01:00,bicycle,8,2,6
2026-02-16T19:00:00+01:00,car,9,8,1
2026-02-16T19:00:00+01:00,light,2,1,1
2026-02-16T19:00:00+01:00,motorcycle,0,1,-1
2026-02-16T19:00:00+01:00,pedestrian,72,81,-9
2026-02-16T20:00:00+01:00,animal,1,0,1
2026-02-16T20:00:00+01:00,bicycle,4,3,1
2026-02-16T20:00:00+01:00,car,5,12,-7
2026-02-16T20:00:00+01:00,pedestrian,64,88,-24
2026-02-16T20:00:00+01:00,pram,1,1,0
2026-02-16T21:00:00+01:00,bicycle,2,2,0
2026-02-16T21:00:00+01:00,car,6,7,-1
2026-02-16T21:00:00+01:00,pedestrian,42,49,-7
2026-02-16T21:00:00+01:00,pram,1,0,1
2026-02-16T22:00:00+01:00,car,1,3,-2
2026-02-16T22:00:00+01:00,pedestrian,31,24,7
2026-02-16T22:00:00+01:00,pram,0,1,-1
2026-02-16T23:00:00+01:00,animal,1,1,0
2026-02-16T23:00:00+01:00,bicycle,1,0,1
2026-02-16T23:00:00+01:00,car,1,2,-1
2026-02-16T23:00:00+01:00,pedestrian,26,22,4
2026-02-17T00:00:00+01:00,car,6,4,2
2026-02-17T00:00:00+01:00,pedestrian,11,3,8
2026-02-17T01:00:00+01:00,animal,0,1,-1
2026-02-17T01:00:00+01:00,bicycle,0,1,-1
2026-02-17T01:00:00+01:00,car,7,6,1
2026-02-17T01:00:00+01:00,pedestrian,5,7,-2
2026-02-17T02:00:00+01:00,car,0,1,-1
2026-02-17T02:00:00+01:00,motorcycle,2,2,0
2026-02-17T02:00:00+01:00,pedestrian,1,1,0
2026-02-17T03:00:00+01:00,car,2,4,-2
2026-02-17T03:00:00+01:00,pedestrian,1,0,1
2026-02-17T04:00:00+01:00,car,4,1,3
2026-02-17T04:00:00+01:00,light,0,1,-1
2026-02-17T04:00:00+01:00,pedestrian,1,2,-1
2026-02-17T05:00:00+01:00,bus,1,0,1
2026-02-17T05:00:00+01:00,car,4,2,2
2026-02-17T05:00:00+01:00,light,2,3,-1
2026-02-17T05:00:00+01:00,motorcycle,1,0,1
2026-02-17T05:00:00+01:00,pedestrian,11,8,3
2026-02-17T06:00:00+01:00,bicycle,1,0,1
2026-02-17T06:00:00+01:00,car,12,12,0
2026-02-17T06:00:00+01:00,pedestrian,12,19,-7
2026-02-17T06:00:00+01:00,van,1,1,0
2026-02-17T07:00:00+01:00,bicycle,13,10,3
2026-02-17T07:00:00+01:00,car,31,38,-7
2026-02-17T07:00:00+01:00,light,3,1,2
2026-02-17T07:00:00+01:00,motorcycle,2,1,1
2026-02-17T07:00:00+01:00,pedestrian,113,138,-25
2026-02-17T07:00:00+01:00,pram,1,3,-2
2026-02-17T07:00:00+01:00,van,9,9,0
2026-02-17T07:00:00+01:00,wheelchair,1,0,1
2026-02-17T08:00:00+01:00,bicycle,7,8,-1
2026-02-17T08:00:00+01:00,car,31,25,6
2026-02-17T08:00:00+01:00,car trailer,2,1,1
2026-02-17T08:00:00+01:00,light,8,5,3
2026-02-17T08:00:00+01:00,motorcycle,2,1,1
2026-02-17T08:00:00+01:00,pedestrian,133,170,-37
2026-02-17T08:00:00+01:00,pram,1,2,-1
2026-02-17T08:00:00+01:00,van,15,16,-1
2026-02-17T09:00:00+01:00,bicycle,4,6,-2
2026-02-17T09:00:00+01:00,car,38,47,-9
2026-02-17T09:00:00+01:00,light,2,1,1
2026-02-17T09:00:00+01:00,motorcycle,5,7,-2
2026-02-17T09:00:00+01:00,pedestrian,165,182,-17
2026-02-17T09:00:00+01:00,pram,4,2,2
2026-02-17T09:00:00+01:00,van,15,26,-11
2026-02-17T10:00:00+01:00,bicycle,2,6,-4
2026-02-17T10:00:00+01:00,car,15,28,-13
2026-02-17T10:00:00+01:00,car trailer,1,1,0
2026-02-17T10:00:00+01:00,heavy,1,0,1
2026-02-17T10:00:00+01:00,light,5,2,3
2026-02-17T10:00:00+01:00,motorcycle,5,5,0
2026-02-17T10:00:00+01:00,pedestrian,163,154,9
2026-02-17T10:00:00+01:00,pram,10,5,5
2026-02-17T10:00:00+01:00,van,23,17,6
2026-02-17T11:00:00+01:00,bicycle,4,6,-2
2026-02-17T11:00:00+01:00,car,24,46,-22
2026-02-17T11:00:00+01:00,light,3,0,3
2026-02-17T11:00:00+01:00,pedestrian,149,141,8
2026-02-17T11:00:00+01:00,pram,1,1,0
2026-02-17T11:00:00+01:00,van,11,14,-3
2026-02-17T12:00:00+01:00,bicycle,3,2,1
2026-02-17T12:00:00+01:00,car,14,26,-12
2026-02-17T12:00:00+01:00,light,2,0,2
2026-02-17T12:00:00+01:00,motorcycle,1,0,1
2026-02-17T12:00:00+01:00,pedestrian,189,178,11
2026-02-17T12:00:00+01:00,pram,1,3,-2
2026-02-17T12:00:00+01:00,van,6,8,-2
2026-02-17T13:00:00+01:00,animal,0,2,-2
2026-02-17T13:00:00+01:00,bicycle,4,0,4
2026-02-17T13:00:00+01:00,car,13,24,-11
2026-02-17T13:00:00+01:00,light,2,0,2
2026-02-17T13:00:00+01:00,pedestrian,195,211,-16
2026-02-17T13:00:00+01:00,pram,1,2,-1
2026-02-17T13:00:00+01:00,tractor,1,3,-2
2026-02-17T13:00:00+01:00,van,10,7,3
2026-02-17T14:00:00+01:00,animal,1,2,-1
2026-02-17T14:00:00+01:00,bicycle,6,10,-4
2026-02-17T14:00:00+01:00,car,10,14,-4
2026-02-17T14:00:00+01:00,pedestrian,209,219,-10
2026-02-17T14:00:00+01:00,pram,1,1,0
2026-02-17T14:00:00+01:00,van,5,3,2
2026-02-17T15:00:00+01:00,animal,2,1,1
2026-02-17T15:00:00+01:00,bicycle,27,23,4
2026-02-17T15:00:00+01:00,car,14,13,1
2026-02-17T15:00:00+01:00,pedestrian,250,260,-10
2026-02-17T15:00:00+01:00,pram,1,3,-2
2026-02-17T15:00:00+01:00,scooter,0,1,-1
2026-02-17T15:00:00+01:00,van,5,5,0
2026-02-17T15:00:00+01:00,wheelchair,1,2,-1
2026-02-17T16:00:00+01:00,animal,1,2,-1
2026-02-17T16:00:00+01:00,bicycle,17,19,-2
2026-02-17T16:00:00+01:00,car,16,17,-1
2026-02-17T16:00:00+01:00,light,1,0,1
2026-02-17T16:00:00+01:00,pedestrian,212,246,-34
2026-02-17T16:00:00+01:00,pram,1,0,1
2026-02-17T16:00:00+01:00,scooter,0,1,-1
2026-02-17T16:00:00+01:00,van,3,4,-1
2026-02-17T17:00:00+01:00,animal,2,0,2
2026-02-17T17:00:00+01:00,bicycle,10,7,3
2026-02-17T17:00:00+01:00,car,27,27,0
2026-02-17T17:00:00+01:00,pedestrian,160,165,-5
2026-02-17T17:00:00+01:00,pram,1,0,1
2026-02-17T17:00:00+01:00,van,3,3,0
2026-02-17T18:00:00+01:00,animal,2,1,1
2026-02-17T18:00:00+01:00,bicycle,7,5,2
2026-02-17T18:00:00+01:00,car,5,16,-11
2026-02-17T18:00:00+01:00,light,1,1,0
2026-02-17T18:00:00+01:00,motorcycle,1,0,1
2026-02-17T18:00:00+01:00,pedestrian,178,140,38
2026-02-17T18:00:00+01:00,pram,1,0,1
2026-02-17T19:00:00+01:00,animal,0,1,-1
2026-02-17T19:00:00+01:00,bicycle,6,2,4
2026-02-17T19:00:00+01:00,car,6,10,-4
2026-02-17T19:00:00+01:00,motorcycle,1,0,1
2026-02-17T19:00:00+01:00,pedestrian,111,130,-19
2026-02-17T20:00:00+01:00,animal,1,1,0
2026-02-17T20:00:00+01:00,bicycle,1,2,-1
2026-02-17T20:00:00+01:00,car,4,8,-4
2026-02-17T20:00:00+01:00,pedestrian,106,121,-15
2026-02-17T21:00:00+01:00,animal,0,2,-2
2026-02-17T21:00:00+01:00,bicycle,2,4,-2
2026-02-17T21:00:00+01:00,car,7,8,-1
2026-02-17T21:00:00+01:00,pedestrian,41,78,-37
2026-02-17T22:00:00+01:00,bicycle,2,1,1
2026-02-17T22:00:00+01:00,car,3,3,0
2026-02-17T22:00:00+01:00,pedestrian,42,26,16
2026-02-17T23:00:00+01:00,car,3,6,-3
2026-02-17T23:00:00+01:00,pedestrian,16,12,4
2026-02-18T00:00:00+01:00,car,11,10,1
2026-02-18T00:00:00+01:00,pedestrian,15,17,-2
2026-02-18T01:00:00+01:00,animal,1,1,0
2026-02-18T01:00:00+01:00,bicycle,1,0,1
2026-02-18T01:00:00+01:00,car,5,7,-2
2026-02-18T01:00:00+01:00,pedestrian,12,7,5
2026-02-18T02:00:00+01:00,car,2,6,-4
2026-02-18T02:00:00+01:00,motorcycle,0,1,-1
2026-02-18T02:00:00+01:00,pedestrian,7,4,3
2026-02-18T03:00:00+01:00,car,2,1,1
2026-02-18T03:00:00+01:00,motorcycle,2,2,0
2026-02-18T03:00:00+01:00,pedestrian,20,10,10
2026-02-18T04:00:00+01:00,bicycle,1,2,-1
2026-02-18T04:00:00+01:00,car,1,1,0
2026-02-18T04:00:00+01:00,pedestrian,30,28,2
2026-02-18T05:00:00+01:00,bicycle,2,2,0
2026-02-18T05:00:00+01:00,car,3,2,1
2026-02-18T05:00:00+01:00,car trailer,0,1,-1
2026-02-18T05:00:00+01:00,motorcycle,1,0,1
2026-02-18T05:00:00+01:00,pedestrian,36,46,-10
2026-02-18T05:00:00+01:00,tractor,0,2,-2
2026-02-18T05:00:00+01:00,truck trailer,1,0,1
2026-02-18T05:00:00+01:00,van,1,1,0
2026-02-18T06:00:00+01:00,animal,0,1,-1
2026-02-18T06:00:00+01:00,bicycle,2,3,-1
2026-02-18T06:00:00+01:00,car,11,10,1
2026-02-18T06:00:00+01:00,light,1,0,1
2026-02-18T06:00:00+01:00,pedestrian,18,39,-21
2026-02-18T06:00:00+01:00,tractor,0,1,-1
2026-02-18T06:00:00+01:00,van,2,1,1
2026-02-18T07:00:00+01:00,animal,0,1,-1
2026-02-18T07:00:00+01:00,bicycle,8,6,2
2026-02-18T07:00:00+01:00,car,65,57,8
2026-02-18T07:00:00+01:00,light,1,0,1
2026-02-18T07:00:00+01:00,pedestrian,86,139,-53
2026-02-18T07:00:00+01:00,pram,0,1,-1
2026-02-18T07:00:00+01:00,van,12,15,-3
2026-02-18T07:00:00+01:00,wheelchair,2,1,1
2026-02-18T08:00:00+01:00,animal,2,4,-2
2026-02-18T08:00:00+01:00,bicycle,5,5,0
2026-02-18T08:00:00+01:00,car,95,109,-14
2026-02-18T08:00:00+01:00,car trailer,1,1,0
2026-02-18T08:00:00+01:00,light,1,1,0
2026-02-18T08:00:00+01:00,pedestrian,84,115,-31
2026-02-18T08:00:00+01:00,pram,5,1,4
2026-02-18T08:00:00+01:00,van,15,10,5
2026-02-18T09:00:00+01:00,animal,5,4,1
2026-02-18T09:00:00+01:00,bicycle,6,8,-2
2026-02-18T09:00:00+01:00,car,47,68,-21
2026-02-18T09:00:00+01:00,light,6,4,2
2026-02-18T09:00:00+01:00,motorcycle,0,1,-1
2026-02-18T09:00:00+01:00,pedestrian,108,155,-47
2026-02-18T09:00:00+01:00,pram,1,0,1
2026-02-18T09:00:00+01:00,van,17,16,1
2026-02-18T09:00:00+01:00,wheelchair,0,2,-2
2026-02-18T10:00:00+01:00,animal,3,4,-1
2026-02-18T10:00:00+01:00,bicycle,3,4,-1
2026-02-18T10:00:00+01:00,car,19,25,-6
2026-02-18T10:00:00+01:00,light,2,3,-1
2026-02-18T10:00:00+01:00,pedestrian,157,170,-13
2026-02-18T10:00:00+01:00,pram,4,3,1
2026-02-18T10:00:00+01:00,van,19,22,-3
2026-02-18T10:00:00+01:00,wheelchair,1,0,1
2026-02-18T11:00:00+01:00,animal,3,1,2
2026-02-18T11:00:00+01:00,bicycle,1,1,0
2026-02-18T11:00:00+01:00,car,17,25,-8
2026-02-18T11:00:00+01:00,light,2,2,0
2026-02-18T11:00:00+01:00,motorcycle,0,1,-1
2026-02-18T11:00:00+01:00,pedestrian,207,203,4
2026-02-18T11:00:00+01:00,pram,1,0,1
2026-02-18T11:00:00+01:00,van,36,36,0
2026-02-18T12:00:00+01:00,animal,1,2,-1
2026-02-18T12:00:00+01:00,bicycle,5,3,2
2026-02-18T12:00:00+01:00,car,11,12,-1
2026-02-18T12:00:00+01:00,light,3,1,2
2026-02-18T12:00:00+01:00,pedestrian,263,251,12
2026-02-18T12:00:00+01:00,pram,2,1,1
2026-02-18T12:00:00+01:00,van,3,5,-2
2026-02-18T13:00:00+01:00,bicycle,5,6,-1
2026-02-18T13:00:00+01:00,car,31,40,-9
2026-02-18T13:00:00+01:00,light,2,2,0
2026-02-18T13:00:00+01:00,pedestrian,213,235,-22
2026-02-18T13:00:00+01:00,pram,4,2,2
2026-02-18T13:00:00+01:00,van,4,3,1
2026-02-18T14:00:00+01:00,bicycle,4,4,0
2026-02-18T14:00:00+01:00,car,21,30,-9
2026-02-18T14:00:00+01:00,car trailer,1,1,0
2026-02-18T14:00:00+01:00,light,1,2,-1
2026-02-18T14:00:00+01:00,pedestrian,201,234,-33
2026-02-18T14:00:00+01:00,pram,1,1,0
2026-02-18T14:00:00+01:00,van,4,4,0
2026-02-18T15:00:00+01:00,animal,1,1,0
2026-02-18T15:00:00+01:00,bicycle,6,10,-4
2026-02-18T15:00:00+01:00,bus,0,1,-1
2026-02-18T15:00:00+01:00,car,30,14,16
2026-02-18T15:00:00+01:00,pedestrian,148,146,2
2026-02-18T15:00:00+01:00,pram,3,2,1
2026-02-18T15:00:00+01:00,van,9,5,4
2026-02-18T16:00:00+01:00,animal,0,1,-1
2026-02-18T16:00:00+01:00,bicycle,15,18,-3
2026-02-18T16:00:00+01:00,car,23,19,4
2026-02-18T16:00:00+01:00,light,0,1,-1
2026-02-18T16:00:00+01:00,pedestrian,237,242,-5
2026-02-18T16:00:00+01:00,pram,3,3,0
2026-02-18T16:00:00+01:00,van,2,2,0
2026-02-18T16:00:00+01:00,wheelchair,0,1,-1
2026-02-18T17:00:00+01:00,animal,2,2,0
2026-02-18T17:00:00+01:00,bicycle,7,14,-7
2026-02-18T17:00:00+01:00,car,21,20,1
2026-02-18T17:00:00+01:00,light,1,1,0
2026-02-18T17:00:00+01:00,motorcycle,1,0,1
2026-02-18T17:00:00+01:00,pedestrian,217,264,-47
2026-02-18T17:00:00+01:00,pram,0,1,-1
2026-02-18T18:00:00+01:00,animal,1,3,-2
2026-02-18T18:00:00+01:00,bicycle,3,5,-2
2026-02-18T18:00:00+01:00,car,16,21,-5
2026-02-18T18:00:00+01:00,pedestrian,258,260,-2
2026-02-18T18:00:00+01:00,pram,3,2,1
2026-02-18T18:00:00+01:00,van,0,1,-1
2026-02-18T19:00:00+01:00,animal,0,5,-5
2026-02-18T19:00:00+01:00,bicycle,6,2,4
2026-02-18T19:00:00+01:00,car,12,6,6
2026-02-18T19:00:00+01:00,pedestrian,168,177,-9
2026-02-18T19:00:00+01:00,pram,0,1,-1
2026-02-18T19:00:00+01:00,van,1,0,1
2026-02-18T20:00:00+01:00,animal,1,3,-2
2026-02-18T20:00:00+01:00,bicycle,4,1,3
2026-02-18T20:00:00+01:00,car,25,11,14
2026-02-18T20:00:00+01:00,pedestrian,142,178,-36
2026-02-18T20:00:00+01:00,pram,0,3,-3
2026-02-18T21:00:00+01:00,animal,0,2,-2
2026-02-18T21:00:00+01:00,bicycle,1,4,-3
2026-02-18T21:00:00+01:00,car,15,2,13
2026-02-18T21:00:00+01:00,pedestrian,134,139,-5
2026-02-18T21:00:00+01:00,pram,1,2,-1
2026-02-18T21:00:00+01:00,van,1,0,1
2026-02-18T22:00:00+01:00,car,4,2,2
2026-02-18T22:00:00+01:00,pedestrian,95,77,18
2026-02-18T23:00:00+01:00,bicycle,1,0,1
2026-02-18T23:00:00+01:00,car,1,3,-2
2026-02-18T23:00:00+01:00,pedestrian,33,34,-1
2026-02-18T23:00:00+01:00,pram,1,0,1
2026-02-19T00:00:00+01:00,car,4,5,-1
2026-02-19T00:00:00+01:00,pedestrian,16,9,7
2026-02-19T00:00:00+01:00,pram,0,1,-1
2026-02-19T01:00:00+01:00,bicycle,0,1,-1
2026-02-19T01:00:00+01:00,car,0,1,-1
2026-02-19T01:00:00+01:00,pedestrian,4,1,3
2026-02-19T02:00:00+01:00,bicycle,0,1,-1
2026-02-19T02:00:00+01:00,car,3,2,1
2026-02-19T02:00:00+01:00,motorcycle,1,0,1
2026-02-19T02:00:00+01:00,pedestrian,10,9,1
2026-02-19T02:00:00+01:00,pram,0,1,-1
2026-02-19T03:00:00+01:00,car,0,1,-1
2026-02-19T03:00:00+01:00,light,1,0,1
2026-02-19T03:00:00+01:00,pedestrian,14,4,10
2026-02-19T04:00:00+01:00,bicycle,0,1,-1
2026-02-19T04:00:00+01:00,car,3,2,1
2026-02-19T04:00:00+01:00,pedestrian,5,3,2
2026-02-19T05:00:00+01:00,bicycle,1,1,0
2026-02-19T05:00:00+01:00,bus,2,2,0
2026-02-19T05:00:00+01:00,car,3,2,1
2026-02-19T05:00:00+01:00,car trailer,0,1,-1
2026-02-19T05:00:00+01:00,motorcycle,1,0,1
2026-02-19T05:00:00+01:00,pedestrian,12,19,-7
2026-02-19T05:00:00+01:00,pram,1,0,1
2026-02-19T05:00:00+01:00,tractor,0,1,-1
2026-02-19T06:00:00+01:00,animal,2,0,2
2026-02-19T06:00:00+01:00,bicycle,1,2,-1
2026-02-19T06:00:00+01:00,car,7,8,-1
2026-02-19T06:00:00+01:00,light,4,1,3
2026-02-19T06:00:00+01:00,pedestrian,34,40,-6
2026-02-19T06:00:00+01:00,van,1,1,0
2026-02-19T07:00:00+01:00,bicycle,14,23,-9
2026-02-19T07:00:00+01:00,car,27,25,2
2026-02-19T07:00:00+01:00,light,4,5,-1
2026-02-19T07:00:00+01:00,motorcycle,1,0,1
2026-02-19T07:00:00+01:00,pedestrian,92,117,-25
2026-02-19T07:00:00+01:00,pram,2,1,1
2026-02-19T07:00:00+01:00,van,11,12,-1
2026-02-19T07:00:00+01:00,wheelchair,0,1,-1
2026-02-19T08:00:00+01:00,bicycle,8,11,-3
2026-02-19T08:00:00+01:00,car,17,18,-1
2026-02-19T08:00:00+01:00,car trailer,1,0,1
2026-02-19T08:00:00+01:00,light,2,0,2
2026-02-19T08:00:00+01:00,motorcycle,1,0,1
2026-02-19T08:00:00+01:00,pedestrian,84,110,-26
2026-02-19T08:00:00+01:00,pram,1,1,0
2026-02-19T08:00:00+01:00,scooter,0,1,-1
2026-02-19T08:00:00+01:00,van,9,9,0
2026-02-19T08:00:00+01:00,wheelchair,1,0,1
2026-02-19T09:00:00+01:00,animal,0,1,-1
2026-02-19T09:00:00+01:00,bicycle,6,7,-1
2026-02-19T09:00:00+01:00,car,19,22,-3
2026-02-19T09:00:00+01:00,heavy,1,0,1
2026-02-19T09:00:00+01:00,light,4,2,2
2026-02-19T09:00:00+01:00,motorcycle,0,1,-1
2026-02-19T09:00:00+01:00,pedestrian,115,132,-17
2026-02-19T09:00:00+01:00,pram,2,2,0
2026-02-19T09:00:00+01:00,van,20,23,-3
2026-02-19T09:00:00+01:00,wheelchair,0,1,-1
2026-02-19T10:00:00+01:00,bicycle,9,9,0
2026-02-19T10:00:00+01:00,bus,2,1,1
2026-02-19T10:00:00+01:00,car,20,39,-19
2026-02-19T10:00:00+01:00,light,5,5,0
2026-02-19T10:00:00+01:00,motorcycle,2,1,1
2026-02-19T10:00:00+01:00,pedestrian,110,126,-16
2026-02-19T10:00:00+01:00,van,16,15,1
2026-02-19T11:00:00+01:00,animal,1,1,0
2026-02-19T11:00:00+01:00,bicycle,11,7,4
2026-02-19T11:00:00+01:00,car,14,18,-4
2026-02-19T11:00:00+01:00,light,4,0,4
2026-02-19T11:00:00+01:00,motorcycle,4,2,2
2026-02-19T11:00:00+01:00,pedestrian,168,178,-10
2026-02-19T11:00:00+01:00,pram,3,2,1
2026-02-19T11:00:00+01:00,scooter,1,4,-3
2026-02-19T11:00:00+01:00,van,5,4,1
2026-02-19T12:00:00+01:00,animal,0,1,-1
2026-02-19T12:00:00+01:00,bicycle,4,8,-4
2026-02-19T12:00:00+01:00,car,22,14,8
2026-02-19T12:00:00+01:00,car trailer,3,0,3
2026-02-19T12:00:00+01:00,pedestrian,212,208,4
2026-02-19T12:00:00+01:00,pram,0,1,-1
2026-02-19T12:00:00+01:00,scooter,2,1,1
2026-02-19T12:00:00+01:00,van,6,5,1
2026-02-19T13:00:00+01:00,bicycle,15,17,-2
2026-02-19T13:00:00+01:00,car,30,23,7
2026-02-19T13:00:00+01:00,car trailer,1,1,0
2026-02-19T13:00:00+01:00,motorcycle,2,1,1
2026-02-19T13:00:00+01:00,pedestrian,304,296,8
2026-02-19T13:00:00+01:00,pram,3,1,2
2026-02-19T13:00:00+01:00,scooter,3,2,1
2026-02-19T13:00:00+01:00,van,7,12,-5
2026-02-19T14:00:00+01:00,animal,1,0,1
2026-02-19T14:00:00+01:00,bicycle,16,16,0
2026-02-19T14:00:00+01:00,car,33,8,25
2026-02-19T14:00:00+01:00,light,2,1,1
2026-02-19T14:00:00+01:00,pedestrian,268,252,16
2026-02-19T14:00:00+01:00,pram,1,2,-1
2026-02-19T14:00:00+01:00,scooter,2,2,0
2026-02-19T14:00:00+01:00,van,4,0,4
2026-02-19T15:00:00+01:00,animal,1,0,1
2026-02-19T15:00:00+01:00,bicycle,9,15,-6
2026-02-19T15:00:00+01:00,car,23,17,6
2026-02-19T15:00:00+01:00,light,1,0,1
2026-02-19T15:00:00+01:00,pedestrian,237,243,-6
2026-02-19T15:00:00+01:00,pram,2,2,0
2026-02-19T15:00:00+01:00,scooter,0,1,-1
2026-02-19T15:00:00+01:00,van,1,0,1
2026-02-19T16:00:00+01:00,animal,0,2,-2
2026-02-19T16:00:00+01:00,bicycle,16,27,-11
2026-02-19T16:00:00+01:00,car,26,19,7
2026-02-19T16:00:00+01:00,light,0,1,-1
2026-02-19T16:00:00+01:00,pedestrian,255,255,0
2026-02-19T16:00:00+01:00,pram,5,1,4
2026-02-19T16:00:00+01:00,van,1,1,0
2026-02-19T17:00:00+01:00,animal,3,1,2
2026-02-19T17:00:00+01:00,bicycle,12,14,-2
2026-02-19T17:00:00+01:00,car,44,27,17
2026-02-19T17:00:00+01:00,motorcycle,1,1,0
2026-02-19T17:00:00+01:00,pedestrian,199,192,7
2026-02-19T17:00:00+01:00,pram,4,3,1
2026-02-19T17:00:00+01:00,scooter,0,2,-2
2026-02-19T17:00:00+01:00,van,1,4,-3
2026-02-19T18:00:00+01:00,animal,1,2,-1
2026-02-19T18:00:00+01:00,bicycle,3,1,2
2026-02-19T18:00:00+01:00,car,19,22,-3
2026-02-19T18:00:00+01:00,motorcycle,1,1,0
2026-02-19T18:00:00+01:00,pedestrian,169,198,-29
2026-02-19T18:00:00+01:00,pram,3,0,3
2026-02-19T19:00:00+01:00,animal,3,3,0
2026-02-19T19:00:00+01:00,bicycle,5,3,2
2026-02-19T19:00:00+01:00,car,13,6,7
2026-02-19T19:00:00+01:00,motorcycle,1,0,1
2026-02-19T19:00:00+01:00,pedestrian,132,138,-6
2026-02-19T19:00:00+01:00,pram,1,1,0
2026-02-19T19:00:00+01:00,van,0,1,-1
2026-02-19T20:00:00+01:00,animal,3,2,1
2026-02-19T20:00:00+01:00,bicycle,0,1,-1
2026-02-19T20:00:00+01:00,car,13,9,4
2026-02-19T20:00:00+01:00,motorcycle,1,0,1
2026-02-19T20:00:00+01:00,pedestrian,93,114,-21
2026-02-19T20:00:00+01:00,pram,1,2,-1
2026-02-19T20:00:00+01:00,scooter,0,1,-1
2026-02-19T20:00:00+01:00,van,1,0,1
2026-02-19T21:00:00+01:00,animal,3,2,1
2026-02-19T21:00:00+01:00,bicycle,1,3,-2
2026-02-19T21:00:00+01:00,car,12,10,2
2026-02-19T21:00:00+01:00,pedestrian,103,124,-21
2026-02-19T21:00:00+01:00,pram,0,6,-6
2026-02-19T22:00:00+01:00,animal,1,0,1
2026-02-19T22:00:00+01:00,bicycle,2,3,-1
2026-02-19T22:00:00+01:00,car,10,2,8
2026-02-19T22:00:00+01:00,pedestrian,69,50,19
2026-02-19T22:00:00+01:00,pram,0,1,-1
2026-02-19T23:00:00+01:00,animal,1,0,1
2026-02-19T23:00:00+01:00,bicycle,0,1,-1
2026-02-19T23:00:00+01:00,car,2,1,1
2026-02-19T23:00:00+01:00,pedestrian,55,38,17
2026-02-19T23:00:00+01:00,pram,0,1,-1
2026-02-20T00:00:00+01:00,car,2,5,-3
2026-02-20T00:00:00+01:00,pedestrian,60,41,19
2026-02-20T01:00:00+01:00,animal,0,1,-1
2026-02-20T01:00:00+01:00,car,1,1,0
2026-02-20T01:00:00+01:00,pedestrian,57,38,19
2026-02-20T01:00:00+01:00,pram,1,0,1
2026-02-20T02:00:00+01:00,animal,1,0,1
2026-02-20T02:00:00+01:00,car,2,2,0
2026-02-20T02:00:00+01:00,motorcycle,1,1,0
2026-02-20T02:00:00+01:00,pedestrian,23,47,-24
2026-02-20T03:00:00+01:00,animal,1,0,1
2026-02-20T03:00:00+01:00,bus,1,0,1
2026-02-20T03:00:00+01:00,pedestrian,11,25,-14
2026-02-20T03:00:00+01:00,pram,0,1,-1
2026-02-20T04:00:00+01:00,animal,1,0,1
2026-02-20T04:00:00+01:00,bicycle,0,1,-1
2026-02-20T04:00:00+01:00,car,1,1,0
2026-02-20T04:00:00+01:00,pedestrian,14,15,-1
2026-02-20T05:00:00+01:00,pedestrian,9,11,-2
2026-02-20T06:00:00+01:00,animal,0,1,-1
2026-02-20T06:00:00+01:00,car,15,16,-1
2026-02-20T06:00:00+01:00,light,10,12,-2
2026-02-20T06:00:00+01:00,pedestrian,33,46,-13
2026-02-20T06:00:00+01:00,van,3,5,-2
2026-02-20T07:00:00+01:00,animal,1,0,1
2026-02-20T07:00:00+01:00,bicycle,14,14,0
2026-02-20T07:00:00+01:00,car,29,35,-6
2026-02-20T07:00:00+01:00,light,4,6,-2
2026-02-20T07:00:00+01:00,motorcycle,1,0,1
2026-02-20T07:00:00+01:00,pedestrian,65,89,-24
2026-02-20T07:00:00+01:00,pram,1,3,-2
2026-02-20T07:00:00+01:00,scooter,0,2,-2
2026-02-20T07:00:00+01:00,van,11,10,1
2026-02-20T08:00:00+01:00,animal,0,1,-1
2026-02-20T08:00:00+01:00,bicycle,2,7,-5
2026-02-20T08:00:00+01:00,car,14,22,-8
2026-02-20T08:00:00+01:00,car trailer,1,1,0
2026-02-20T08:00:00+01:00,light,4,2,2
2026-02-20T08:00:00+01:00,motorcycle,1,0,1
2026-02-20T08:00:00+01:00,pedestrian,95,103,-8
2026-02-20T08:00:00+01:00,pram,3,2,1
2026-02-20T08:00:00+01:00,scooter,1,0,1
2026-02-20T08:00:00+01:00,van,5,7,-2
2026-02-20T09:00:00+01:00,animal,1,0,1
2026-02-20T09:00:00+01:00,bicycle,7,9,-2
2026-02-20T09:00:00+01:00,car,51,29,22
2026-02-20T09:00:00+01:00,car trailer,0,2,-2
2026-02-20T09:00:00+01:00,light,4,4,0
2026-02-20T09:00:00+01:00,motorcycle,1,1,0
2026-02-20T09:00:00+01:00,pedestrian,123,144,-21
2026-02-20T09:00:00+01:00,pram,2,3,-1
2026-02-20T09:00:00+01:00,scooter,1,1,0
2026-02-20T09:00:00+01:00,van,14,13,1
2026-02-20T10:00:00+01:00,bicycle,5,7,-2
2026-02-20T10:00:00+01:00,car,42,40,2
2026-02-20T10:00:00+01:00,light,3,2,1
2026-02-20T10:00:00+01:00,motorcycle,5,4,1
2026-02-20T10:00:00+01:00,pedestrian,256,243,13
2026-02-20T10:00:00+01:00,pram,2,3,-1
2026-02-20T10:00:00+01:00,scooter,1,0,1
2026-02-20T10:00:00+01:00,van,14,15,-1
2026-02-20T11:00:00+01:00,bicycle,3,10,-7
2026-02-20T11:00:00+01:00,car,51,55,-4
2026-02-20T11:00:00+01:00,light,1,1,0
2026-02-20T11:00:00+01:00,motorcycle,1,0,1
2026-02-20T11:00:00+01:00,pedestrian,268,239,29
2026-02-20T11:00:00+01:00,pram,6,3,3
2026-02-20T11:00:00+01:00,scooter,1,1,0
2026-02-20T11:00:00+01:00,van,8,8,0
2026-02-20T12:00:00+01:00,animal,1,0,1
2026-02-20T12:00:00+01:00,bicycle,6,11,-5
2026-02-20T12:00:00+01:00,car,65,43,22
2026-02-20T12:00:00+01:00,car trailer,1,0,1
2026-02-20T12:00:00+01:00,light,1,2,-1
2026-02-20T12:00:00+01:00,motorcycle,5,5,0
2026-02-20T12:00:00+01:00,pedestrian,290,298,-8
2026-02-20T12:00:00+01:00,pram,3,2,1
2026-02-20T12:00:00+01:00,scooter,1,0,1
2026-02-20T12:00:00+01:00,truck trailer,1,3,-2
2026-02-20T12:00:00+01:00,van,10,9,1
2026-02-20T12:00:00+01:00,wheelchair,0,1,-1
2026-02-20T13:00:00+01:00,bicycle,8,6,2
2026-02-20T13:00:00+01:00,car,52,51,1
2026-02-20T13:00:00+01:00,car trailer,2,2,0
2026-02-20T13:00:00+01:00,light,3,1,2
2026-02-20T13:00:00+01:00,motorcycle,6,4,2
2026-02-20T13:00:00+01:00,pedestrian,277,256,21
2026-02-20T13:00:00+01:00,pram,2,3,-1
2026-02-20T13:00:00+01:00,scooter,1,3,-2
2026-02-20T13:00:00+01:00,tractor,1,1,0
2026-02-20T13:00:00+01:00,truck trailer,0,1,-1
2026-02-20T13:00:00+01:00,van,2,2,0
2026-02-20T14:00:00+01:00,animal,1,0,1
2026-02-20T14:00:00+01:00,bicycle,21,21,0
2026-02-20T14:00:00+01:00,car,50,29,21
2026-02-20T14:00:00+01:00,motorcycle,3,2,1
2026-02-20T14:00:00+01:00,pedestrian,268,310,-42
2026-02-20T14:00:00+01:00,pram,4,1,3
2026-02-20T14:00:00+01:00,scooter,2,0,2
2026-02-20T14:00:00+01:00,tractor,0,1,-1
2026-02-20T14:00:00+01:00,truck trailer,0,1,-1
2026-02-20T14:00:00+01:00,van,3,4,-1
2026-02-20T15:00:00+01:00,animal,1,3,-2
2026-02-20T15:00:00+01:00,bicycle,18,16,2
2026-02-20T15:00:00+01:00,car,27,23,4
2026-02-20T15:00:00+01:00,pedestrian,197,211,-14
2026-02-20T15:00:00+01:00,pram,4,2,2
2026-02-20T15:00:00+01:00,van,2,2,0
2026-02-20T16:00:00+01:00,animal,2,2,0
2026-02-20T16:00:00+01:00,bicycle,8,8,0
2026-02-20T16:00:00+01:00,car,20,15,5
2026-02-20T16:00:00+01:00,light,0,1,-1
2026-02-20T16:00:00+01:00,pedestrian,126,166,-40
2026-02-20T16:00:00+01:00,pram,3,1,2
2026-02-20T16:00:00+01:00,wheelchair,3,1,2
2026-02-20T17:00:00+01:00,animal,2,0,2
2026-02-20T17:00:00+01:00,bicycle,3,9,-6
2026-02-20T17:00:00+01:00,car,35,34,1
2026-02-20T17:00:00+01:00,light,0,2,-2
2026-02-20T17:00:00+01:00,motorcycle,0,1,-1
2026-02-20T17:00:00+01:00,pedestrian,215,184,31
2026-02-20T17:00:00+01:00,pram,3,2,1
2026-02-20T17:00:00+01:00,tractor,0,2,-2
2026-02-20T17:00:00+01:00,van,0,1,-1
2026-02-20T17:00:00+01:00,wheelchair,0,1,-1
2026-02-20T18:00:00+01:00,animal,4,3,1
2026-02-20T18:00:00+01:00,bicycle,1,2,-1
2026-02-20T18:00:00+01:00,car,36,34,2
2026-02-20T18:00:00+01:00,motorcycle,0,2,-2
2026-02-20T18:00:00+01:00,pedestrian,305,295,10
2026-02-20T18:00:00+01:00,scooter,0,2,-2
2026-02-20T18:00:00+01:00,tractor,1,1,0
2026-02-20T19:00:00+01:00,animal,3,4,-1
2026-02-20T19:00:00+01:00,bicycle,2,3,-1
2026-02-20T19:00:00+01:00,car,59,36,23
2026-02-20T19:00:00+01:00,motorcycle,2,3,-1
2026-02-20T19:00:00+01:00,pedestrian,190,204,-14
2026-02-20T19:00:00+01:00,pram,4,4,0
2026-02-20T19:00:00+01:00,wheelchair,1,1,0
2026-02-20T20:00:00+01:00,animal,1,4,-3
2026-02-20T20:00:00+01:00,bicycle,1,4,-3
2026-02-20T20:00:00+01:00,car,22,15,7
2026-02-20T20:00:00+01:00,motorcycle,2,0,2
2026-02-20T20:00:00+01:00,pedestrian,114,171,-57
2026-02-20T20:00:00+01:00,scooter,0,1,-1
2026-02-20T21:00:00+01:00,animal,1,10,-9
2026-02-20T21:00:00+01:00,bicycle,0,1,-1
2026-02-20T21:00:00+01:00,car,23,27,-4
2026-02-20T21:00:00+01:00,motorcycle,1,1,0
2026-02-20T21:00:00+01:00,pedestrian,92,157,-65
2026-02-20T21:00:00+01:00,pram,0,1,-1
2026-02-20T22:00:00+01:00,animal,0,4,-4
2026-02-20T22:00:00+01:00,bicycle,0,1,-1
2026-02-20T22:00:00+01:00,car,31,15,16
2026-02-20T22:00:00+01:00,pedestrian,86,112,-26
2026-02-20T22:00:00+01:00,pram,3,1,2
2026-02-20T23:00:00+01:00,animal,0,4,-4
2026-02-20T23:00:00+01:00,bicycle,4,0,4
2026-02-20T23:00:00+01:00,car,8,7,1
2026-02-20T23:00:00+01:00,pedestrian,145,112,33
2026-02-20T23:00:00+01:00,pram,4,3,1
2026-02-20T23:00:00+01:00,scooter,0,1,-1
2026-02-21T00:00:00+01:00,animal,2,1,1
2026-02-21T00:00:00+01:00,bicycle,1,3,-2
2026-02-21T00:00:00+01:00,car,17,10,7
2026-02-21T00:00:00+01:00,pedestrian,214,190,24
2026-02-21T00:00:00+01:00,pram,7,6,1
2026-02-21T01:00:00+01:00,animal,3,9,-6
2026-02-21T01:00:00+01:00,bicycle,1,1,0
2026-02-21T01:00:00+01:00,car,7,6,1
2026-02-21T01:00:00+01:00,pedestrian,166,161,5
2026-02-21T01:00:00+01:00,pram,2,3,-1
2026-02-21T01:00:00+01:00,scooter,0,2,-2
2026-02-21T02:00:00+01:00,animal,0,1,-1
2026-02-21T02:00:00+01:00,car,11,4,7
2026-02-21T02:00:00+01:00,pedestrian,155,203,-48
2026-02-21T02:00:00+01:00,pram,1,4,-3
2026-02-21T03:00:00+01:00,animal,1,0,1
2026-02-21T03:00:00+01:00,car,4,0,4
2026-02-21T03:00:00+01:00,light,1,0,1
2026-02-21T03:00:00+01:00,pedestrian,131,166,-35
2026-02-21T03:00:00+01:00,pram,0,4,-4
2026-02-21T03:00:00+01:00,scooter,0,1,-1
2026-02-21T04:00:00+01:00,animal,0,3,-3
2026-02-21T04:00:00+01:00,bicycle,0,2,-2
2026-02-21T04:00:00+01:00,car,7,7,0
2026-02-21T04:00:00+01:00,pedestrian,91,112,-21
2026-02-21T04:00:00+01:00,pram,2,5,-3
2026-02-21T05:00:00+01:00,animal,2,0,2
2026-02-21T05:00:00+01:00,bicycle,1,1,0
2026-02-21T05:00:00+01:00,car,1,0,1
2026-02-21T05:00:00+01:00,light,0,1,-1
2026-02-21T05:00:00+01:00,pedestrian,28,32,-4
2026-02-21T05:00:00+01:00,pram,1,0,1
2026-02-21T06:00:00+01:00,animal,0,1,-1
2026-02-21T06:00:00+01:00,bicycle,0,1,-1
2026-02-21T06:00:00+01:00,car,1,0,1
2026-02-21T06:00:00+01:00,pedestrian,8,13,-5
2026-02-21T06:00:00+01:00,pram,0,1,-1
2026-02-21T07:00:00+01:00,bicycle,3,2,1
2026-02-21T07:00:00+01:00,bus,0,1,-1
2026-02-21T07:00:00+01:00,car,13,11,2
2026-02-21T07:00:00+01:00,pedestrian,22,21,1
2026-02-21T07:00:00+01:00,van,1,2,-1
2026-02-21T08:00:00+01:00,animal,1,0,1
2026-02-21T08:00:00+01:00,bicycle,3,7,-4
2026-02-21T08:00:00+01:00,car,16,23,-7
2026-02-21T08:00:00+01:00,light,1,1,0
2026-02-21T08:00:00+01:00,pedestrian,49,59,-10
2026-02-21T08:00:00+01:00,van,0,1,-1
2026-02-21T09:00:00+01:00,animal,1,0,1
2026-02-21T09:00:00+01:00,bicycle,2,5,-3
2026-02-21T09:00:00+01:00,car,14,18,-4
2026-02-21T09:00:00+01:00,light,2,1,1
2026-02-21T09:00:00+01:00,motorcycle,0,1,-1
2026-02-21T09:00:00+01:00,pedestrian,179,188,-9
2026-02-21T09:00:00+01:00,pram,2,3,-1
2026-02-21T09:00:00+01:00,scooter,0,1,-1
2026-02-21T09:00:00+01:00,van,4,7,-3
2026-02-21T10:00:00+01:00,animal,3,3,0
2026-02-21T10:00:00+01:00,bicycle,9,5,4
2026-02-21T10:00:00+01:00,car,11,30,-19
2026-02-21T10:00:00+01:00,light,2,3,-1
2026-02-21T10:00:00+01:00,motorcycle,1,1,0
2026-02-21T10:00:00+01:00,pedestrian,509,471,38
2026-02-21T10:00:00+01:00,pram,4,3,1
2026-02-21T10:00:00+01:00,scooter,2,1,1
2026-02-21T10:00:00+01:00,van,1,0,1
2026-02-21T11:00:00+01:00,animal,1,1,0
2026-02-21T11:00:00+01:00,bicycle,7,4,3
2026-02-21T11:00:00+01:00,car,37,61,-24
2026-02-21T11:00:00+01:00,light,1,0,1
2026-02-21T11:00:00+01:00,pedestrian,322,303,19
2026-02-21T11:00:00+01:00,pram,3,4,-1
2026-02-21T11:00:00+01:00,scooter,2,3,-1
2026-02-21T11:00:00+01:00,van,1,0,1
2026-02-21T12:00:00+01:00,animal,1,1,0
2026-02-21T12:00:00+01:00,bicycle,8,8,0
2026-02-21T12:00:00+01:00,car,41,39,2
2026-02-21T12:00:00+01:00,motorcycle,4,1,3
2026-02-21T12:00:00+01:00,pedestrian,378,449,-71
2026-02-21T12:00:00+01:00,pram,3,4,-1
2026-02-21T12:00:00+01:00,scooter,2,2,0
2026-02-21T12:00:00+01:00,van,1,0,1
2026-02-21T13:00:00+01:00,animal,0,1,-1
2026-02-21T13:00:00+01:00,bicycle,10,7,3
2026-02-21T13:00:00+01:00,car,34,27,7
2026-02-21T13:00:00+01:00,motorcycle,0,1,-1
2026-02-21T13:00:00+01:00,pedestrian,382,432,-50
2026-02-21T13:00:00+01:00,pram,4,3,1
2026-02-21T13:00:00+01:00,scooter,1,3,-2
2026-02-21T13:00:00+01:00,van,4,3,1
2026-02-21T14:00:00+01:00,bicycle,4,8,-4
2026-02-21T14:00:00+01:00,car,26,15,11
2026-02-21T14:00:00+01:00,pedestrian,257,316,-59
2026-02-21T14:00:00+01:00,pram,4,8,-4
2026-02-21T14:00:00+01:00,van,1,1,0
2026-02-21T15:00:00+01:00,bicycle,8,9,-1
2026-02-21T15:00:00+01:00,car,29,18,11
2026-02-21T15:00:00+01:00,pedestrian,208,263,-55
2026-02-21T15:00:00+01:00,pram,3,3,0
2026-02-21T15:00:00+01:00,scooter,2,2,0
2026-02-21T16:00:00+01:00,animal,0,1,-1
2026-02-21T16:00:00+01:00,bicycle,18,21,-3
2026-02-21T16:00:00+01:00,car,41,26,15
2026-02-21T16:00:00+01:00,car trailer,0,1,-1
2026-02-21T16:00:00+01:00,light,0,2,-2
2026-02-21T16:00:00+01:00,motorcycle,3,2,1
2026-02-21T16:00:00+01:00,pedestrian,203,202,1
2026-02-21T16:00:00+01:00,pram,2,0,2
2026-02-21T16:00:00+01:00,scooter,0,1,-1
2026-02-21T17:00:00+01:00,animal,2,0,2
2026-02-21T17:00:00+01:00,bicycle,16,18,-2
2026-02-21T17:00:00+01:00,car,35,42,-7
2026-02-21T17:00:00+01:00,car trailer,1,1,0
2026-02-21T17:00:00+01:00,light,1,0,1
2026-02-21T17:00:00+01:00,pedestrian,258,287,-29
2026-02-21T17:00:00+01:00,pram,2,2,0
2026-02-21T17:00:00+01:00,scooter,0,1,-1
2026-02-21T18:00:00+01:00,animal,6,15,-9
2026-02-21T18:00:00+01:00,bicycle,4,6,-2
2026-02-21T18:00:00+01:00,car,51,44,7
2026-02-21T18:00:00+01:00,motorcycle,1,0,1
2026-02-21T18:00:00+01:00,pedestrian,241,221,20
2026-02-21T18:00:00+01:00,pram,2,2,0
2026-02-21T18:00:00+01:00,scooter,1,0,1
2026-02-21T19:00:00+01:00,animal,10,6,4
2026-02-21T19:00:00+01:00,bicycle,4,8,-4
2026-02-21T19:00:00+01:00,car,37,26,11
2026-02-21T19:00:00+01:00,motorcycle,2,2,0
2026-02-21T19:00:00+01:00,pedestrian,156,200,-44
2026-02-21T19:00:00+01:00,pram,5,4,1
2026-02-21T19:00:00+01:00,scooter,0,2,-2
2026-02-21T20:00:00+01:00,animal,4,9,-5
2026-02-21T20:00:00+01:00,bicycle,2,2,0
2026-02-21T20:00:00+01:00,car,32,24,8
2026-02-21T20:00:00+01:00,light,2,1,1
2026-02-21T20:00:00+01:00,pedestrian,118,199,-81
2026-02-21T20:00:00+01:00,pram,2,4,-2
2026-02-21T21:00:00+01:00,animal,4,11,-7
2026-02-21T21:00:00+01:00,bicycle,1,3,-2
2026-02-21T21:00:00+01:00,bus,17,17,0
2026-02-21T21:00:00+01:00,car,20,13,7
2026-02-21T21:00:00+01:00,light,5,12,-7
2026-02-21T21:00:00+01:00,motorcycle,2,0,2
2026-02-21T21:00:00+01:00,pedestrian,127,170,-43
2026-02-21T21:00:00+01:00,pram,4,3,1
2026-02-21T21:00:00+01:00,van,1,0,1
2026-02-21T22:00:00+01:00,animal,4,5,-1
2026-02-21T22:00:00+01:00,bicycle,1,3,-2
2026-02-21T22:00:00+01:00,car,33,16,17
2026-02-21T22:00:00+01:00,light,2,1,1
2026-02-21T22:00:00+01:00,pedestrian,96,127,-31
2026-02-21T22:00:00+01:00,pram,2,1,1
2026-02-21T22:00:00+01:00,scooter,1,0,1
2026-02-21T23:00:00+01:00,animal,1,8,-7
2026-02-21T23:00:00+01:00,bicycle,2,1,1
2026-02-21T23:00:00+01:00,car,11,14,-3
2026-02-21T23:00:00+01:00,pedestrian,149,124,25
2026-02-21T23:00:00+01:00,pram,2,4,-2
2026-02-21T23:00:00+01:00,scooter,0,1,-1
2026-02-22T00:00:00+01:00,animal,5,3,2
2026-02-22T00:00:00+01:00,bicycle,0,1,-1
2026-02-22T00:00:00+01:00,car,21,26,-5
2026-02-22T00:00:00+01:00,pedestrian,109,96,13
2026-02-22T00:00:00+01:00,pram,4,3,1
2026-02-22T01:00:00+01:00,animal,2,7,-5
2026-02-22T01:00:00+01:00,bicycle,0,3,-3
2026-02-22T01:00:00+01:00,car,4,6,-2
2026-02-22T01:00:00+01:00,pedestrian,72,64,8
2026-02-22T01:00:00+01:00,pram,1,2,-1
2026-02-22T01:00:00+01:00,van,1,0,1
2026-02-22T02:00:00+01:00,animal,4,5,-1
2026-02-22T02:00:00+01:00,bicycle,0,1,-1
2026-02-22T02:00:00+01:00,car,11,13,-2
2026-02-22T02:00:00+01:00,motorcycle,1,2,-1
2026-02-22T02:00:00+01:00,pedestrian,72,78,-6
2026-02-22T02:00:00+01:00,pram,0,2,-2
2026-02-22T02:00:00+01:00,scooter,0,1,-1
2026-02-22T03:00:00+01:00,animal,2,10,-8
2026-02-22T03:00:00+01:00,car,1,4,-3
2026-02-22T03:00:00+01:00,pedestrian,40,61,-21
2026-02-22T03:00:00+01:00,pram,0,1,-1
2026-02-22T03:00:00+01:00,scooter,0,1,-1
2026-02-22T04:00:00+01:00,animal,0,11,-11
2026-02-22T04:00:00+01:00,car,1,0,1
2026-02-22T04:00:00+01:00,light,0,1,-1
2026-02-22T04:00:00+01:00,pedestrian,28,45,-17
2026-02-22T04:00:00+01:00,tractor,0,1,-1
2026-02-22T05:00:00+01:00,animal,0,2,-2
2026-02-22T05:00:00+01:00,bicycle,1,0,1
2026-02-22T05:00:00+01:00,light,0,1,-1
2026-02-22T05:00:00+01:00,pedestrian,18,14,4
2026-02-22T06:00:00+01:00,bicycle,0,2,-2
2026-02-22T06:00:00+01:00,pedestrian,40,30,10
2026-02-22T07:00:00+01:00,bicycle,1,1,0
2026-02-22T07:00:00+01:00,car,2,1,1
2026-02-22T07:00:00+01:00,pedestrian,10,17,-7
2026-02-22T08:00:00+01:00,bicycle,2,7,-5
2026-02-22T08:00:00+01:00,car,4,6,-2
2026-02-22T08:00:00+01:00,light,2,1,1
2026-02-22T08:00:00+01:00,pedestrian,24,17,7
2026-02-22T08:00:00+01:00,van,3,6,-3
2026-02-22T09:00:00+01:00,bicycle,2,2,0
2026-02-22T09:00:00+01:00,car,5,8,-3
2026-02-22T09:00:00+01:00,light,1,1,0
2026-02-22T09:00:00+01:00,pedestrian,31,49,-18
2026-02-22T09:00:00+01:00,pram,3,3,0
2026-02-22T09:00:00+01:00,van,1,2,-1
2026-02-22T10:00:00+01:00,bicycle,6,4,2
2026-02-22T10:00:00+01:00,car,11,23,-12
2026-02-22T10:00:00+01:00,pedestrian,68,72,-4
2026-02-22T10:00:00+01:00,pram,3,3,0
2026-02-22T10:00:00+01:00,van,0,1,-1
2026-02-22T11:00:00+01:00,animal,0,1,-1
2026-02-22T11:00:00+01:00,bicycle,1,2,-1
2026-02-22T11:00:00+01:00,car,22,31,-9
2026-02-22T11:00:00+01:00,motorcycle,1,0,1
2026-02-22T11:00:00+01:00,pedestrian,91,121,-30
2026-02-22T11:00:00+01:00,pram,1,4,-3
2026-02-22T11:00:00+01:00,van,1,0,1
2026-02-22T12:00:00+01:00,animal,1,2,-1
2026-02-22T12:00:00+01:00,bicycle,2,5,-3
2026-02-22T12:00:00+01:00,car,31,28,3
2026-02-22T12:00:00+01:00,motorcycle,1,0,1
2026-02-22T12:00:00+01:00,pedestrian,136,139,-3
2026-02-22T12:00:00+01:00,pram,2,3,-1
2026-02-22T12:00:00+01:00,van,0,1,-1
2026-02-22T13:00:00+01:00,bicycle,5,7,-2
2026-02-22T13:00:00+01:00,car,18,17,1
2026-02-22T13:00:00+01:00,motorcycle,1,2,-1
2026-02-22T13:00:00+01:00,pedestrian,157,137,20
2026-02-22T13:00:00+01:00,pram,4,2,2
2026-02-22T13:00:00+01:00,scooter,0,1,-1
2026-02-22T13:00:00+01:00,van,1,1,0
2026-02-22T14:00:00+01:00,animal,1,0,1
2026-02-22T14:00:00+01:00,bicycle,1,0,1
2026-02-22T14:00:00+01:00,car,14,14,0
2026-02-22T14:00:00+01:00,pedestrian,125,149,-24
2026-02-22T14:00:00+01:00,pram,0,1,-1
2026-02-22T14:00:00+01:00,scooter,0,1,-1
2026-02-22T14:00:00+01:00,van,1,0,1
2026-02-22T15:00:00+01:00,animal,0,1,-1
2026-02-22T15:00:00+01:00,bicycle,1,2,-1
2026-02-22T15:00:00+01:00,car,31,18,13
2026-02-22T15:00:00+01:00,pedestrian,102,107,-5
2026-02-22T15:00:00+01:00,pram,3,2,1
2026-02-22T15:00:00+01:00,scooter,0,1,-1
2026-02-22T15:00:00+01:00,van,0,1,-1
2026-02-22T16:00:00+01:00,animal,1,2,-1
2026-02-22T16:00:00+01:00,bicycle,3,3,0
2026-02-22T16:00:00+01:00,car,27,15,12
2026-02-22T16:00:00+01:00,pedestrian,109,112,-3
2026-02-22T16:00:00+01:00,pram,1,1,0
2026-02-22T17:00:00+01:00,bicycle,3,1,2
2026-02-22T17:00:00+01:00,car,36,35,1
2026-02-22T17:00:00+01:00,motorcycle,1,0,1
2026-02-22T17:00:00+01:00,pedestrian,93,107,-14
2026-02-22T17:00:00+01:00,scooter,2,0,2
2026-02-22T18:00:00+01:00,animal,0,7,-7
2026-02-22T18:00:00+01:00,bicycle,1,0,1
2026-02-22T18:00:00+01:00,bus,1,0,1
2026-02-22T18:00:00+01:00,car,24,24,0
2026-02-22T18:00:00+01:00,pedestrian,69,98,-29
2026-02-22T18:00:00+01:00,van,0,1,-1
2026-02-22T19:00:00+01:00,animal,3,4,-1
2026-02-22T19:00:00+01:00,bicycle,2,5,-3
2026-02-22T19:00:00+01:00,car,11,11,0
2026-02-22T19:00:00+01:00,motorcycle,0,1,-1
2026-02-22T19:00:00+01:00,pedestrian,93,97,-4
2026-02-22T19:00:00+01:00,pram,2,0,2
2026-02-22T20:00:00+01:00,animal,1,2,-1
2026-02-22T20:00:00+01:00,bicycle,1,2,-1
2026-02-22T20:00:00+01:00,car,11,9,2
2026-02-22T20:00:00+01:00,pedestrian,51,69,-18
2026-02-22T21:00:00+01:00,animal,0,2,-2
2026-02-22T21:00:00+01:00,car,7,8,-1
2026-02-22T21:00:00+01:00,pedestrian,44,48,-4
2026-02-22T22:00:00+01:00,animal,0,1,-1
2026-02-22T22:00:00+01:00,car,3,5,-2
2026-02-22T22:00:00+01:00,pedestrian,25,14,11
2026-02-22T23:00:00+01:00,pedestrian,14,10,4
2026-02-23T00:00:00+01:00,pedestrian,8,6,2
2026-02-23T01:00:00+01:00,car,3,1,2
2026-02-23T01:00:00+01:00,motorcycle,1,1,0
2026-02-23T01:00:00+01:00,pedestrian,7,7,0
2026-02-23T02:00:00+01:00,pedestrian,1,1,0
2026-02-23T03:00:00+01:00,pedestrian,1,2,-1
2026-02-23T04:00:00+01:00,animal,0,1,-1
2026-02-23T04:00:00+01:00,motorcycle,0,1,-1
2026-02-23T04:00:00+01:00,pedestrian,3,3,0
2026-02-23T05:00:00+01:00,bicycle,0,1,-1
2026-02-23T05:00:00+01:00,car,1,1,0
2026-02-23T05:00:00+01:00,light,1,0,1
2026-02-23T05:00:00+01:00,pedestrian,8,17,-9
2026-02-23T06:00:00+01:00,animal,1,2,-1
2026-02-23T06:00:00+01:00,bicycle,2,3,-1
2026-02-23T06:00:00+01:00,car,3,8,-5
2026-02-23T06:00:00+01:00,light,1,2,-1
2026-02-23T06:00:00+01:00,motorcycle,1,0,1
2026-02-23T06:00:00+01:00,pedestrian,40,41,-1
2026-02-23T06:00:00+01:00,scooter,0,1,-1
2026-02-23T06:00:00+01:00,van,2,3,-1
2026-02-23T07:00:00+01:00,bicycle,12,12,0
2026-02-23T07:00:00+01:00,car,31,46,-15
2026-02-23T07:00:00+01:00,light,3,4,-1
2026-02-23T07:00:00+01:00,motorcycle,0,2,-2
2026-02-23T07:00:00+01:00,pedestrian,93,117,-24
2026-02-23T07:00:00+01:00,pram,2,4,-2
2026-02-23T07:00:00+01:00,van,7,9,-2
2026-02-23T08:00:00+01:00,bicycle,12,15,-3
2026-02-23T08:00:00+01:00,car,24,35,-11
2026-02-23T08:00:00+01:00,car trailer,0,2,-2
2026-02-23T08:00:00+01:00,light,10,5,5
2026-02-23T08:00:00+01:00,motorcycle,2,2,0
2026-02-23T08:00:00+01:00,pedestrian,68,85,-17
2026-02-23T08:00:00+01:00,pram,1,2,-1
2026-02-23T08:00:00+01:00,van,9,8,1
2026-02-23T09:00:00+01:00,animal,1,1,0
2026-02-23T09:00:00+01:00,bicycle,7,13,-6
2026-02-23T09:00:00+01:00,car,24,26,-2
2026-02-23T09:00:00+01:00,light,6,5,1
2026-02-23T09:00:00+01:00,pedestrian,88,106,-18
2026-02-23T09:00:00+01:00,pram,3,3,0
2026-02-23T09:00:00+01:00,scooter,1,1,0
2026-02-23T09:00:00+01:00,van,14,16,-2
2026-02-23T10:00:00+01:00,animal,0,1,-1
2026-02-23T10:00:00+01:00,bicycle,6,6,0
2026-02-23T10:00:00+01:00,car,20,23,-3
2026-02-23T10:00:00+01:00,light,21,20,1
2026-02-23T10:00:00+01:00,pedestrian,135,167,-32
2026-02-23T10:00:00+01:00,pram,3,2,1
2026-02-23T10:00:00+01:00,scooter,2,3,-1
2026-02-23T10:00:00+01:00,van,18,18,0
2026-02-23T11:00:00+01:00,animal,1,1,0
2026-02-23T11:00:00+01:00,bicycle,7,11,-4
2026-02-23T11:00:00+01:00,car,19,18,1
2026-02-23T11:00:00+01:00,light,0,3,-3
2026-02-23T11:00:00+01:00,motorcycle,2,0,2
2026-02-23T11:00:00+01:00,pedestrian,208,226,-18
2026-02-23T11:00:00+01:00,pram,0,5,-5
2026-02-23T11:00:00+01:00,scooter,3,2,1
2026-02-23T11:00:00+01:00,van,8,9,-1
2026-02-23T12:00:00+01:00,bicycle,9,17,-8
2026-02-23T12:00:00+01:00,car,23,21,2
2026-02-23T12:00:00+01:00,light,2,1,1
2026-02-23T12:00:00+01:00,motorcycle,1,2,-1
2026-02-23T12:00:00+01:00,pedestrian,185,197,-12
2026-02-23T12:00:00+01:00,pram,1,2,-1
2026-02-23T12:00:00+01:00,scooter,1,4,-3
2026-02-23T12:00:00+01:00,van,3,4,-1
2026-02-23T12:00:00+01:00,wheelchair,0,1,-1
2026-02-23T13:00:00+01:00,bicycle,8,6,2
2026-02-23T13:00:00+01:00,car,17,18,-1
2026-02-23T13:00:00+01:00,light,4,3,1
2026-02-23T13:00:00+01:00,pedestrian,202,193,9
2026-02-23T13:00:00+01:00,scooter,0,3,-3
2026-02-23T13:00:00+01:00,van,7,7,0
2026-02-23T13:00:00+01:00,wheelchair,2,1,1
2026-02-23T14:00:00+01:00,bicycle,11,15,-4
2026-02-23T14:00:00+01:00,car,21,13,8
2026-02-23T14:00:00+01:00,motorcycle,1,1,0
2026-02-23T14:00:00+01:00,pedestrian,219,236,-17
2026-02-23T14:00:00+01:00,pram,1,1,0
2026-02-23T14:00:00+01:00,scooter,4,0,4
2026-02-23T14:00:00+01:00,van,2,1,1
2026-02-23T14:00:00+01:00,wheelchair,1,1,0
2026-02-23T15:00:00+01:00,animal,0,1,-1
2026-02-23T15:00:00+01:00,bicycle,10,17,-7
2026-02-23T15:00:00+01:00,car,31,30,1
2026-02-23T15:00:00+01:00,motorcycle,3,0,3
2026-02-23T15:00:00+01:00,pedestrian,222,216,6
2026-02-23T15:00:00+01:00,pram,4,4,0
2026-02-23T15:00:00+01:00,scooter,1,7,-6
2026-02-23T15:00:00+01:00,van,5,6,-1
2026-02-23T15:00:00+01:00,wheelchair,0,1,-1
2026-02-23T16:00:00+01:00,bicycle,17,26,-9
2026-02-23T16:00:00+01:00,car,21,12,9
2026-02-23T16:00:00+01:00,light,0,1,-1
2026-02-23T16:00:00+01:00,pedestrian,207,209,-2
2026-02-23T16:00:00+01:00,pram,6,2,4
2026-02-23T17:00:00+01:00,bicycle,11,10,1
2026-02-23T17:00:00+01:00,car,22,19,3
2026-02-23T17:00:00+01:00,light,1,0,1
2026-02-23T17:00:00+01:00,pedestrian,192,179,13
2026-02-23T17:00:00+01:00,pram,1,1,0
2026-02-23T17:00:00+01:00,scooter,2,2,0
2026-02-23T17:00:00+01:00,van,2,1,1
2026-02-23T18:00:00+01:00,animal,1,3,-2
2026-02-23T18:00:00+01:00,bicycle,3,4,-1
2026-02-23T18:00:00+01:00,car,17,20,-3
2026-02-23T18:00:00+01:00,light,0,1,-1
2026-02-23T18:00:00+01:00,motorcycle,1,1,0
2026-02-23T18:00:00+01:00,pedestrian,150,154,-4
2026-02-23T18:00:00+01:00,van,1,1,0
2026-02-23T19:00:00+01:00,animal,2,3,-1
2026-02-23T19:00:00+01:00,bicycle,1,2,-1
2026-02-23T19:00:00+01:00,car,15,13,2
2026-02-23T19:00:00+01:00,motorcycle,3,3,0
2026-02-23T19:00:00+01:00,pedestrian,99,141,-42
2026-02-23T20:00:00+01:00,animal,0,1,-1
2026-02-23T20:00:00+01:00,bicycle,3,3,0
2026-02-23T20:00:00+01:00,car,14,13,1
2026-02-23T20:00:00+01:00,motorcycle,2,1,1
2026-02-23T20:00:00+01:00,pedestrian,76,126,-50
2026-02-23T20:00:00+01:00,pram,1,1,0
2026-02-23T21:00:00+01:00,animal,0,2,-2
2026-02-23T21:00:00+01:00,bicycle,0,2,-2
2026-02-23T21:00:00+01:00,car,9,9,0
2026-02-23T21:00:00+01:00,motorcycle,0,1,-1
2026-02-23T21:00:00+01:00,pedestrian,49,69,-20
2026-02-23T22:00:00+01:00,animal,0,1,-1
2026-02-23T22:00:00+01:00,car,2,2,0
2026-02-23T22:00:00+01:00,pedestrian,26,25,1
2026-02-23T23:00:00+01:00,animal,2,0,2
2026-02-23T23:00:00+01:00,pedestrian,21,10,11
2026-02-24T00:00:00+01:00,car,1,1,0
2026-02-24T00:00:00+01:00,pedestrian,6,5,1
2026-02-24T01:00:00+01:00,pedestrian,1,4,-3
2026-02-24T02:00:00+01:00,bicycle,0,1,-1
2026-02-24T02:00:00+01:00,car,1,0,1
2026-02-24T02:00:00+01:00,motorcycle,1,1,0
2026-02-24T02:00:00+01:00,pedestrian,1,1,0
2026-02-24T04:00:00+01:00,animal,0,1,-1
2026-02-24T04:00:00+01:00,motorcycle,0,1,-1
2026-02-24T04:00:00+01:00,pedestrian,5,6,-1
2026-02-24T05:00:00+01:00,animal,1,0,1
2026-02-24T05:00:00+01:00,bicycle,0,3,-3
2026-02-24T05:00:00+01:00,car,1,0,1
2026-02-24T05:00:00+01:00,pedestrian,7,13,-6
2026-02-24T06:00:00+01:00,animal,0,1,-1
2026-02-24T06:00:00+01:00,bicycle,1,1,0
2026-02-24T06:00:00+01:00,bus,1,0,1
2026-02-24T06:00:00+01:00,car,3,8,-5
2026-02-24T06:00:00+01:00,light,3,2,1
2026-02-24T06:00:00+01:00,pedestrian,15,25,-10
2026-02-24T06:00:00+01:00,van,3,1,2
2026-02-24T07:00:00+01:00,bicycle,11,25,-14
2026-02-24T07:00:00+01:00,car,21,20,1
2026-02-24T07:00:00+01:00,light,3,6,-3
2026-02-24T07:00:00+01:00,motorcycle,1,0,1
2026-02-24T07:00:00+01:00,pedestrian,69,95,-26
2026-02-24T07:00:00+01:00,pram,2,4,-2
2026-02-24T07:00:00+01:00,scooter,0,1,-1
2026-02-24T07:00:00+01:00,van,4,9,-5
2026-02-24T07:00:00+01:00,wheelchair,0,1,-1
2026-02-24T08:00:00+01:00,bicycle,14,13,1
2026-02-24T08:00:00+01:00,car,20,36,-16
2026-02-24T08:00:00+01:00,light,6,5,1
2026-02-24T08:00:00+01:00,motorcycle,3,2,1
2026-02-24T08:00:00+01:00,pedestrian,75,97,-22
2026-02-24T08:00:00+01:00,pram,2,2,0
2026-02-24T08:00:00+01:00,van,5,4,1
2026-02-24T09:00:00+01:00,animal,0,3,-3
2026-02-24T09:00:00+01:00,bicycle,6,5,1
2026-02-24T09:00:00+01:00,car,21,25,-4
2026-02-24T09:00:00+01:00,light,4,2,2
2026-02-24T09:00:00+01:00,motorcycle,1,1,0
2026-02-24T09:00:00+01:00,pedestrian,98,111,-13
2026-02-24T09:00:00+01:00,pram,0,1,-1
2026-02-24T09:00:00+01:00,scooter,0,1,-1
2026-02-24T09:00:00+01:00,van,11,14,-3
2026-02-24T10:00:00+01:00,bicycle,6,6,0
2026-02-24T10:00:00+01:00,car,43,37,6
2026-02-24T10:00:00+01:00,light,5,4,1
2026-02-24T10:00:00+01:00,motorcycle,1,1,0
2026-02-24T10:00:00+01:00,pedestrian,183,184,-1
2026-02-24T10:00:00+01:00,pram,4,1,3
2026-02-24T10:00:00+01:00,van,14,15,-1
2026-02-24T11:00:00+01:00,bicycle,6,9,-3
2026-02-24T11:00:00+01:00,car,28,36,-8
2026-02-24T11:00:00+01:00,light,2,2,0
2026-02-24T11:00:00+01:00,motorcycle,1,0,1
2026-02-24T11:00:00+01:00,pedestrian,234,257,-23
2026-02-24T11:00:00+01:00,pram,1,3,-2
2026-02-24T11:00:00+01:00,scooter,1,2,-1
2026-02-24T11:00:00+01:00,van,11,5,6
2026-02-24T12:00:00+01:00,animal,1,1,0
2026-02-24T12:00:00+01:00,bicycle,12,9,3
2026-02-24T12:00:00+01:00,car,21,26,-5
2026-02-24T12:00:00+01:00,light,1,2,-1
2026-02-24T12:00:00+01:00,motorcycle,1,2,-1
2026-02-24T12:00:00+01:00,pedestrian,230,243,-13
2026-02-24T12:00:00+01:00,pram,3,1,2
2026-02-24T12:00:00+01:00,scooter,1,1,0
2026-02-24T12:00:00+01:00,van,3,4,-1
2026-02-24T13:00:00+01:00,animal,1,1,0
2026-02-24T13:00:00+01:00,bicycle,9,6,3
2026-02-24T13:00:00+01:00,car,35,24,11
2026-02-24T13:00:00+01:00,light,3,0,3
2026-02-24T13:00:00+01:00,pedestrian,274,275,-1
2026-02-24T13:00:00+01:00,pram,1,5,-4
2026-02-24T13:00:00+01:00,scooter,1,2,-1
2026-02-24T13:00:00+01:00,tractor,0,1,-1
2026-02-24T13:00:00+01:00,truck trailer,0,1,-1
2026-02-24T13:00:00+01:00,van,1,0,1
2026-02-24T14:00:00+01:00,bicycle,14,18,-4
2026-02-24T14:00:00+01:00,car,24,25,-1
2026-02-24T14:00:00+01:00,car trailer,1,0,1
2026-02-24T14:00:00+01:00,motorcycle,3,1,2
2026-02-24T14:00:00+01:00,pedestrian,226,259,-33
2026-02-24T14:00:00+01:00,pram,3,2,1
2026-02-24T14:00:00+01:00,scooter,4,3,1
2026-02-24T14:00:00+01:00,van,2,1,1
2026-02-24T14:00:00+01:00,wheelchair,1,1,0
2026-02-24T15:00:00+01:00,bicycle,25,28,-3
2026-02-24T15:00:00+01:00,car,24,15,9
2026-02-24T15:00:00+01:00,motorcycle,0,1,-1
2026-02-24T15:00:00+01:00,pedestrian,321,316,5
2026-02-24T15:00:00+01:00,pram,4,3,1
2026-02-24T15:00:00+01:00,scooter,1,0,1
2026-02-24T15:00:00+01:00,van,7,4,3
2026-02-24T16:00:00+01:00,animal,1,0,1
2026-02-24T16:00:00+01:00,bicycle,28,40,-12
2026-02-24T16:00:00+01:00,car,34,33,1
2026-02-24T16:00:00+01:00,motorcycle,0,1,-1
2026-02-24T16:00:00+01:00,pedestrian,478,407,71
2026-02-24T16:00:00+01:00,pram,2,2,0
2026-02-24T16:00:00+01:00,scooter,0,2,-2
2026-02-24T16:00:00+01:00,van,2,2,0
2026-02-24T16:00:00+01:00,wheelchair,1,1,0
2026-02-24T17:00:00+01:00,bicycle,20,21,-1
2026-02-24T17:00:00+01:00,car,27,31,-4
2026-02-24T17:00:00+01:00,light,0,1,-1
2026-02-24T17:00:00+01:00,motorcycle,0,1,-1
2026-02-24T17:00:00+01:00,pedestrian,236,253,-17
2026-02-24T17:00:00+01:00,pram,0,3,-3
2026-02-24T17:00:00+01:00,van,1,3,-2
2026-02-24T17:00:00+01:00,wheelchair,0,1,-1
2026-02-24T18:00:00+01:00,animal,2,1,1
2026-02-24T18:00:00+01:00,bicycle,5,8,-3
2026-02-24T18:00:00+01:00,car,19,33,-14
2026-02-24T18:00:00+01:00,motorcycle,2,2,0
2026-02-24T18:00:00+01:00,pedestrian,194,161,33
2026-02-24T18:00:00+01:00,pram,0,2,-2
2026-02-24T18:00:00+01:00,wheelchair,1,0,1
2026-02-24T19:00:00+01:00,animal,1,3,-2
2026-02-24T19:00:00+01:00,bicycle,4,6,-2
2026-02-24T19:00:00+01:00,car,26,28,-2
2026-02-24T19:00:00+01:00,motorcycle,5,2,3
2026-02-24T19:00:00+01:00,pedestrian,122,161,-39
2026-02-24T19:00:00+01:00,pram,0,1,-1
2026-02-24T20:00:00+01:00,animal,4,3,1
2026-02-24T20:00:00+01:00,bicycle,2,2,0
2026-02-24T20:00:00+01:00,car,15,17,-2
2026-02-24T20:00:00+01:00,motorcycle,2,1,1
2026-02-24T20:00:00+01:00,pedestrian,95,146,-51
2026-02-24T21:00:00+01:00,animal,1,3,-2
2026-02-24T21:00:00+01:00,bicycle,3,5,-2
2026-02-24T21:00:00+01:00,car,8,14,-6
2026-02-24T21:00:00+01:00,motorcycle,1,2,-1
2026-02-24T21:00:00+01:00,pedestrian,57,79,-22
2026-02-24T22:00:00+01:00,animal,0,2,-2
2026-02-24T22:00:00+01:00,bus,0,1,-1
2026-02-24T22:00:00+01:00,car,2,6,-4
2026-02-24T22:00:00+01:00,pedestrian,12,12,0
2026-02-24T22:00:00+01:00,van,1,0,1
2026-02-24T23:00:00+01:00,car,13,9,4
2026-02-24T23:00:00+01:00,pedestrian,5,5,0
2026-02-25T00:00:00+01:00,pedestrian,1,0,1
2026-02-25T01:00:00+01:00,car,0,1,-1
2026-02-25T02:00:00+01:00,car,4,1,3
2026-02-25T02:00:00+01:00,pedestrian,0,1,-1
2026-02-25T03:00:00+01:00,animal,0,1,-1
2026-02-25T03:00:00+01:00,bicycle,0,1,-1
2026-02-25T03:00:00+01:00,car,1,1,0
2026-02-25T03:00:00+01:00,motorcycle,1,0,1
2026-02-25T03:00:00+01:00,pedestrian,3,2,1
2026-02-25T04:00:00+01:00,animal,0,1,-1
2026-02-25T04:00:00+01:00,bicycle,0,1,-1
2026-02-25T04:00:00+01:00,pedestrian,3,1,2
2026-02-25T05:00:00+01:00,animal,1,0,1
2026-02-25T05:00:00+01:00,bicycle,0,1,-1
2026-02-25T05:00:00+01:00,car,1,0,1
2026-02-25T05:00:00+01:00,light,0,1,-1
2026-02-25T05:00:00+01:00,pedestrian,9,7,2
2026-02-25T06:00:00+01:00,animal,0,1,-1
2026-02-25T06:00:00+01:00,bicycle,1,2,-1
2026-02-25T06:00:00+01:00,car,11,11,0
2026-02-25T06:00:00+01:00,light,3,3,0
2026-02-25T06:00:00+01:00,motorcycle,1,0,1
2026-02-25T06:00:00+01:00,pedestrian,29,36,-7
2026-02-25T06:00:00+01:00,scooter,1,0,1
2026-02-25T06:00:00+01:00,van,1,3,-2
2026-02-25T07:00:00+01:00,animal,1,0,1
2026-02-25T07:00:00+01:00,bicycle,10,19,-9
2026-02-25T07:00:00+01:00,car,8,13,-5
2026-02-25T07:00:00+01:00,light,3,6,-3
2026-02-25T07:00:00+01:00,pedestrian,88,122,-34
2026-02-25T07:00:00+01:00,pram,3,3,0
2026-02-25T07:00:00+01:00,scooter,0,1,-1
2026-02-25T07:00:00+01:00,van,6,6,0
2026-02-25T07:00:00+01:00,wheelchair,1,0,1
2026-02-25T08:00:00+01:00,animal,1,0,1
2026-02-25T08:00:00+01:00,bicycle,14,18,-4
2026-02-25T08:00:00+01:00,car,22,31,-9
2026-02-25T08:00:00+01:00,light,5,3,2
2026-02-25T08:00:00+01:00,motorcycle,1,1,0
2026-02-25T08:00:00+01:00,pedestrian,117,130,-13
2026-02-25T08:00:00+01:00,pram,2,1,1
2026-02-25T08:00:00+01:00,van,9,12,-3
2026-02-25T08:00:00+01:00,wheelchair,1,2,-1
2026-02-25T09:00:00+01:00,bicycle,11,19,-8
2026-02-25T09:00:00+01:00,car,23,31,-8
2026-02-25T09:00:00+01:00,car trailer,1,1,0
2026-02-25T09:00:00+01:00,light,4,4,0
2026-02-25T09:00:00+01:00,motorcycle,0,1,-1
2026-02-25T09:00:00+01:00,pedestrian,121,119,2
2026-02-25T09:00:00+01:00,pram,1,3,-2
2026-02-25T09:00:00+01:00,scooter,1,1,0
2026-02-25T09:00:00+01:00,van,13,9,4
2026-02-25T09:00:00+01:00,wheelchair,1,1,0
2026-02-25T10:00:00+01:00,bicycle,6,5,1
2026-02-25T10:00:00+01:00,car,21,27,-6
2026-02-25T10:00:00+01:00,light,6,6,0
2026-02-25T10:00:00+01:00,motorcycle,4,0,4
2026-02-25T10:00:00+01:00,pedestrian,187,216,-29
2026-02-25T10:00:00+01:00,pram,3,3,0
2026-02-25T10:00:00+01:00,van,14,14,0
2026-02-25T10:00:00+01:00,wheelchair,1,1,0
2026-02-25T11:00:00+01:00,bicycle,9,10,-1
2026-02-25T11:00:00+01:00,car,20,24,-4
2026-02-25T11:00:00+01:00,light,1,0,1
2026-02-25T11:00:00+01:00,motorcycle,2,4,-2
2026-02-25T11:00:00+01:00,pedestrian,218,235,-17
2026-02-25T11:00:00+01:00,pram,4,1,3
2026-02-25T11:00:00+01:00,van,8,7,1
2026-02-25T12:00:00+01:00,bicycle,12,13,-1
2026-02-25T12:00:00+01:00,car,26,32,-6
2026-02-25T12:00:00+01:00,car trailer,1,0,1
2026-02-25T12:00:00+01:00,light,3,1,2
2026-02-25T12:00:00+01:00,motorcycle,1,2,-1
2026-02-25T12:00:00+01:00,pedestrian,227,242,-15
2026-02-25T12:00:00+01:00,pram,4,2,2
2026-02-25T12:00:00+01:00,scooter,1,4,-3
2026-02-25T12:00:00+01:00,van,7,8,-1
2026-02-25T12:00:00+01:00,wheelchair,1,0,1
2026-02-25T13:00:00+01:00,bicycle,11,19,-8
2026-02-25T13:00:00+01:00,car,33,25,8
2026-02-25T13:00:00+01:00,motorcycle,1,1,0
2026-02-25T13:00:00+01:00,pedestrian,201,207,-6
2026-02-25T13:00:00+01:00,pram,2,4,-2
2026-02-25T13:00:00+01:00,scooter,0,1,-1
2026-02-25T13:00:00+01:00,van,6,7,-1
2026-02-25T14:00:00+01:00,animal,1,0,1
2026-02-25T14:00:00+01:00,bicycle,18,18,0
2026-02-25T14:00:00+01:00,car,33,18,15
2026-02-25T14:00:00+01:00,light,1,1,0
2026-02-25T14:00:00+01:00,motorcycle,4,2,2
2026-02-25T14:00:00+01:00,pedestrian,264,279,-15
2026-02-25T14:00:00+01:00,pram,0,1,-1
2026-02-25T14:00:00+01:00,scooter,4,1,3
2026-02-25T14:00:00+01:00,van,3,3,0
2026-02-25T15:00:00+01:00,animal,3,1,2
2026-02-25T15:00:00+01:00,bicycle,17,22,-5
2026-02-25T15:00:00+01:00,car,32,29,3
2026-02-25T15:00:00+01:00,light,3,2,1
2026-02-25T15:00:00+01:00,motorcycle,4,7,-3
2026-02-25T15:00:00+01:00,pedestrian,242,267,-25
2026-02-25T15:00:00+01:00,pram,2,5,-3
2026-02-25T15:00:00+01:00,scooter,2,4,-2
2026-02-25T15:00:00+01:00,van,6,3,3
2026-02-25T16:00:00+01:00,bicycle,13,24,-11
2026-02-25T16:00:00+01:00,car,32,30,2
2026-02-25T16:00:00+01:00,light,1,0,1
2026-02-25T16:00:00+01:00,motorcycle,2,3,-1
2026-02-25T16:00:00+01:00,pedestrian,200,225,-25
2026-02-25T16:00:00+01:00,pram,1,5,-4
2026-02-25T16:00:00+01:00,scooter,2,1,1
2026-02-25T16:00:00+01:00,van,1,0,1
2026-02-25T17:00:00+01:00,bicycle,15,14,1
2026-02-25T17:00:00+01:00,bus,0,1,-1
2026-02-25T17:00:00+01:00,car,43,55,-12
2026-02-25T17:00:00+01:00,motorcycle,1,2,-1
2026-02-25T17:00:00+01:00,pedestrian,280,250,30
2026-02-25T17:00:00+01:00,pram,2,3,-1
2026-02-25T17:00:00+01:00,scooter,0,2,-2
2026-02-25T17:00:00+01:00,van,1,0,1
2026-02-25T17:00:00+01:00,wheelchair,1,2,-1
2026-02-25T18:00:00+01:00,animal,4,1,3
2026-02-25T18:00:00+01:00,bicycle,3,2,1
2026-02-25T18:00:00+01:00,car,27,34,-7
2026-02-25T18:00:00+01:00,motorcycle,1,0,1
2026-02-25T18:00:00+01:00,pedestrian,155,160,-5
2026-02-25T18:00:00+01:00,van,3,3,0
2026-02-25T19:00:00+01:00,animal,2,5,-3
2026-02-25T19:00:00+01:00,bicycle,5,7,-2
2026-02-25T19:00:00+01:00,car,28,23,5
2026-02-25T19:00:00+01:00,motorcycle,3,2,1
2026-02-25T19:00:00+01:00,pedestrian,166,183,-17
2026-02-25T19:00:00+01:00,pram,1,0,1
2026-02-25T19:00:00+01:00,van,1,1,0
2026-02-25T20:00:00+01:00,animal,0,1,-1
2026-02-25T20:00:00+01:00,bicycle,3,1,2
2026-02-25T20:00:00+01:00,car,11,11,0
2026-02-25T20:00:00+01:00,pedestrian,131,138,-7
2026-02-25T20:00:00+01:00,pram,0,1,-1
2026-02-25T21:00:00+01:00,bicycle,1,2,-1
2026-02-25T21:00:00+01:00,bus,2,0,2
2026-02-25T21:00:00+01:00,car,32,13,19
2026-02-25T21:00:00+01:00,motorcycle,4,3,1
2026-02-25T21:00:00+01:00,pedestrian,100,106,-6
2026-02-25T21:00:00+01:00,pram,0,1,-1
2026-02-25T21:00:00+01:00,van,2,1,1
2026-02-25T22:00:00+01:00,animal,1,0,1
2026-02-25T22:00:00+01:00,bicycle,0,2,-2
2026-02-25T22:00:00+01:00,car,5,2,3
2026-02-25T22:00:00+01:00,pedestrian,36,49,-13
2026-02-25T23:00:00+01:00,animal,1,0,1
2026-02-25T23:00:00+01:00,bicycle,0,1,-1
2026-02-25T23:00:00+01:00,car,1,1,0
2026-02-25T23:00:00+01:00,motorcycle,0,1,-1
2026-02-25T23:00:00+01:00,pedestrian,21,23,-2
2026-02-25T23:00:00+01:00,scooter,0,1,-1
2026-02-26T00:00:00+01:00,bicycle,1,0,1
2026-02-26T00:00:00+01:00,car,1,2,-1
2026-02-26T00:00:00+01:00,pedestrian,5,2,3
2026-02-26T02:00:00+01:00,car,0,2,-2
2026-02-26T04:00:00+01:00,car,1,1,0
2026-02-26T06:00:00+01:00,car,7,5,2
2026-02-26T06:00:00+01:00,light,0,3,-3
2026-02-26T06:00:00+01:00,pedestrian,2,0,2
2026-02-26T06:00:00+01:00,van,0,2,-2
2026-02-26T07:00:00+01:00,bicycle,6,11,-5
2026-02-26T07:00:00+01:00,car,13,19,-6
2026-02-26T07:00:00+01:00,car trailer,1,1,0
2026-02-26T07:00:00+01:00,light,2,2,0
2026-02-26T07:00:00+01:00,motorcycle,0,1,-1
2026-02-26T07:00:00+01:00,pedestrian,43,75,-32
2026-02-26T07:00:00+01:00,pram,1,5,-4
2026-02-26T07:00:00+01:00,van,2,3,-1
2026-02-26T07:00:00+01:00,wheelchair,0,1,-1
2026-02-26T08:00:00+01:00,bicycle,8,6,2
2026-02-26T08:00:00+01:00,car,7,15,-8
2026-02-26T08:00:00+01:00,light,1,0,1
2026-02-26T08:00:00+01:00,motorcycle,0,1,-1
2026-02-26T08:00:00+01:00,pedestrian,65,80,-15
2026-02-26T08:00:00+01:00,pram,1,1,0
2026-02-26T08:00:00+01:00,van,1,0,1
2026-02-26T08:00:00+01:00,wheelchair,1,0,1
2026-02-26T09:00:00+01:00,bicycle,12,17,-5
2026-02-26T09:00:00+01:00,car,23,39,-16
2026-02-26T09:00:00+01:00,car trailer,2,2,0
2026-02-26T09:00:00+01:00,light,12,4,8
2026-02-26T09:00:00+01:00,pedestrian,131,131,0
2026-02-26T09:00:00+01:00,scooter,0,2,-2
2026-02-26T09:00:00+01:00,van,7,10,-3
2026-02-26T09:00:00+01:00,wheelchair,0,1,-1
2026-02-26T10:00:00+01:00,bicycle,11,15,-4
2026-02-26T10:00:00+01:00,car,24,22,2
2026-02-26T10:00:00+01:00,car trailer,1,2,-1
2026-02-26T10:00:00+01:00,light,6,6,0
2026-02-26T10:00:00+01:00,motorcycle,3,0,3
2026-02-26T10:00:00+01:00,pedestrian,178,193,-15
2026-02-26T10:00:00+01:00,pram,6,3,3
2026-02-26T10:00:00+01:00,van,19,20,-1
2026-02-26T11:00:00+01:00,animal,1,0,1
2026-02-26T11:00:00+01:00,bicycle,11,13,-2
2026-02-26T11:00:00+01:00,car,17,23,-6
2026-02-26T11:00:00+01:00,motorcycle,1,1,0
2026-02-26T11:00:00+01:00,pedestrian,217,235,-18
2026-02-26T11:00:00+01:00,pram,2,2,0
2026-02-26T11:00:00+01:00,van,10,12,-2
2026-02-26T12:00:00+01:00,bicycle,9,14,-5
2026-02-26T12:00:00+01:00,car,19,19,0
2026-02-26T12:00:00+01:00,light,1,3,-2
2026-02-26T12:00:00+01:00,motorcycle,2,0,2
2026-02-26T12:00:00+01:00,pedestrian,249,236,13
2026-02-26T12:00:00+01:00,pram,3,6,-3
2026-02-26T12:00:00+01:00,scooter,1,2,-1
2026-02-26T12:00:00+01:00,van,7,6,1
2026-02-26T13:00:00+01:00,bicycle,13,9,4
2026-02-26T13:00:00+01:00,car,27,23,4
2026-02-26T13:00:00+01:00,motorcycle,2,3,-1
2026-02-26T13:00:00+01:00,pedestrian,289,309,-20
2026-02-26T13:00:00+01:00,pram,5,3,2
2026-02-26T13:00:00+01:00,van,10,6,4
2026-02-26T14:00:00+01:00,animal,2,0,2
2026-02-26T14:00:00+01:00,bicycle,16,20,-4
2026-02-26T14:00:00+01:00,bus,0,1,-1
2026-02-26T14:00:00+01:00,car,29,30,-1
2026-02-26T14:00:00+01:00,light,2,0,2
2026-02-26T14:00:00+01:00,motorcycle,4,3,1
2026-02-26T14:00:00+01:00,pedestrian,304,330,-26
2026-02-26T14:00:00+01:00,pram,2,6,-4
2026-02-26T14:00:00+01:00,scooter,3,2,1
2026-02-26T14:00:00+01:00,van,4,6,-2
2026-02-26T15:00:00+01:00,bicycle,24,31,-7
2026-02-26T15:00:00+01:00,car,31,35,-4
2026-02-26T15:00:00+01:00,motorcycle,1,1,0
2026-02-26T15:00:00+01:00,pedestrian,283,306,-23
2026-02-26T15:00:00+01:00,pram,8,3,5
2026-02-26T15:00:00+01:00,scooter,0,1,-1
2026-02-26T15:00:00+01:00,van,6,3,3
2026-02-26T16:00:00+01:00,animal,1,0,1
2026-02-26T16:00:00+01:00,bicycle,19,22,-3
2026-02-26T16:00:00+01:00,car,31,42,-11
2026-02-26T16:00:00+01:00,light,0,1,-1
2026-02-26T16:00:00+01:00,motorcycle,3,2,1
2026-02-26T16:00:00+01:00,pedestrian,329,339,-10
2026-02-26T16:00:00+01:00,pram,0,3,-3
2026-02-26T16:00:00+01:00,scooter,2,3,-1
2026-02-26T16:00:00+01:00,van,1,0,1
2026-02-26T17:00:00+01:00,animal,2,1,1
2026-02-26T17:00:00+01:00,bicycle,24,29,-5
2026-02-26T17:00:00+01:00,car,57,48,9
2026-02-26T17:00:00+01:00,light,1,3,-2
2026-02-26T17:00:00+01:00,motorcycle,4,2,2
2026-02-26T17:00:00+01:00,pedestrian,316,301,15
2026-02-26T17:00:00+01:00,pram,2,3,-1
2026-02-26T17:00:00+01:00,scooter,2,2,0
2026-02-26T17:00:00+01:00,van,2,2,0
2026-02-26T17:00:00+01:00,wheelchair,0,1,-1
2026-02-26T18:00:00+01:00,animal,0,1,-1
2026-02-26T18:00:00+01:00,bicycle,13,15,-2
2026-02-26T18:00:00+01:00,bus,2,0,2
2026-02-26T18:00:00+01:00,car,35,37,-2
2026-02-26T18:00:00+01:00,light,2,0,2
2026-02-26T18:00:00+01:00,motorcycle,4,2,2
2026-02-26T18:00:00+01:00,pedestrian,262,232,30
2026-02-26T18:00:00+01:00,pram,0,3,-3
2026-02-26T18:00:00+01:00,scooter,1,0,1
2026-02-26T18:00:00+01:00,van,1,1,0
2026-02-26T19:00:00+01:00,animal,1,1,0
2026-02-26T19:00:00+01:00,bicycle,4,8,-4
2026-02-26T19:00:00+01:00,car,16,13,3
2026-02-26T19:00:00+01:00,motorcycle,1,1,0
2026-02-26T19:00:00+01:00,pedestrian,169,193,-24
2026-02-26T19:00:00+01:00,van,0,1,-1
2026-02-26T20:00:00+01:00,animal,0,2,-2
2026-02-26T20:00:00+01:00,bicycle,4,3,1
2026-02-26T20:00:00+01:00,car,21,18,3
2026-02-26T20:00:00+01:00,motorcycle,1,2,-1
2026-02-26T20:00:00+01:00,pedestrian,148,154,-6
2026-02-26T20:00:00+01:00,pram,1,1,0
2026-02-26T21:00:00+01:00,animal,0,3,-3
2026-02-26T21:00:00+01:00,bicycle,3,3,0
2026-02-26T21:00:00+01:00,car,14,11,3
2026-02-26T21:00:00+01:00,motorcycle,1,0,1
2026-02-26T21:00:00+01:00,pedestrian,116,136,-20
2026-02-26T21:00:00+01:00,van,1,0,1
2026-02-26T22:00:00+01:00,animal,0,3,-3
2026-02-26T22:00:00+01:00,bicycle,3,2,1
2026-02-26T22:00:00+01:00,car,9,7,2
2026-02-26T22:00:00+01:00,pedestrian,62,69,-7
2026-02-26T22:00:00+01:00,pram,0,3,-3
2026-02-26T23:00:00+01:00,animal,1,1,0
2026-02-26T23:00:00+01:00,car,9,7,2
2026-02-26T23:00:00+01:00,pedestrian,35,28,7
2026-02-26T23:00:00+01:00,pram,0,2,-2
2026-02-27T00:00:00+01:00,animal,1,0,1
2026-02-27T00:00:00+01:00,car,4,5,-1
2026-02-27T00:00:00+01:00,pedestrian,29,22,7
2026-02-27T00:00:00+01:00,pram,2,3,-1
2026-02-27T01:00:00+01:00,animal,0,1,-1
2026-02-27T01:00:00+01:00,pedestrian,20,28,-8
2026-02-27T01:00:00+01:00,pram,0,2,-2
2026-02-27T02:00:00+01:00,animal,2,2,0
2026-02-27T02:00:00+01:00,car,4,3,1
2026-02-27T02:00:00+01:00,motorcycle,1,2,-1
2026-02-27T02:00:00+01:00,pedestrian,16,13,3
2026-02-27T02:00:00+01:00,scooter,1,0,1
2026-02-27T02:00:00+01:00,van,1,0,1
2026-02-27T03:00:00+01:00,animal,0,2,-2
2026-02-27T03:00:00+01:00,car,2,0,2
2026-02-27T03:00:00+01:00,light,1,0,1
2026-02-27T03:00:00+01:00,pedestrian,1,8,-7
2026-02-27T03:00:00+01:00,pram,0,2,-2
2026-02-27T03:00:00+01:00,van,1,0,1
2026-02-27T04:00:00+01:00,bicycle,1,1,0
2026-02-27T04:00:00+01:00,bus,0,1,-1
2026-02-27T04:00:00+01:00,car,1,1,0
2026-02-27T04:00:00+01:00,pedestrian,1,2,-1
2026-02-27T04:00:00+01:00,tractor,0,1,-1
2026-02-27T05:00:00+01:00,car,4,1,3
2026-02-27T05:00:00+01:00,pedestrian,11,8,3
2026-02-27T05:00:00+01:00,van,0,1,-1
2026-02-27T06:00:00+01:00,animal,1,0,1
2026-02-27T06:00:00+01:00,bicycle,1,3,-2
2026-02-27T06:00:00+01:00,car,4,6,-2
2026-02-27T06:00:00+01:00,light,6,3,3
2026-02-27T06:00:00+01:00,motorcycle,0,1,-1
2026-02-27T06:00:00+01:00,pedestrian,10,19,-9
2026-02-27T06:00:00+01:00,scooter,0,1,-1
2026-02-27T06:00:00+01:00,van,0,1,-1
2026-02-27T07:00:00+01:00,bicycle,8,14,-6
2026-02-27T07:00:00+01:00,car,15,16,-1
2026-02-27T07:00:00+01:00,car trailer,1,0,1
2026-02-27T07:00:00+01:00,light,1,1,0
2026-02-27T07:00:00+01:00,motorcycle,1,1,0
2026-02-27T07:00:00+01:00,pedestrian,58,82,-24
2026-02-27T07:00:00+01:00,pram,0,2,-2
2026-02-27T07:00:00+01:00,van,17,13,4
2026-02-27T08:00:00+01:00,animal,1,0,1
2026-02-27T08:00:00+01:00,bicycle,11,10,1
2026-02-27T08:00:00+01:00,car,21,24,-3
2026-02-27T08:00:00+01:00,car trailer,0,1,-1
2026-02-27T08:00:00+01:00,light,4,3,1
2026-02-27T08:00:00+01:00,motorcycle,1,1,0
2026-02-27T08:00:00+01:00,pedestrian,84,105,-21
2026-02-27T08:00:00+01:00,pram,0,1,-1
2026-02-27T08:00:00+01:00,van,4,5,-1
2026-02-27T09:00:00+01:00,animal,1,0,1
2026-02-27T09:00:00+01:00,bicycle,7,8,-1
2026-02-27T09:00:00+01:00,car,21,18,3
2026-02-27T09:00:00+01:00,light,2,2,0
2026-02-27T09:00:00+01:00,motorcycle,1,2,-1
2026-02-27T09:00:00+01:00,pedestrian,120,123,-3
2026-02-27T09:00:00+01:00,pram,4,2,2
2026-02-27T09:00:00+01:00,scooter,1,0,1
2026-02-27T09:00:00+01:00,van,9,14,-5
2026-02-27T10:00:00+01:00,bicycle,8,10,-2
2026-02-27T10:00:00+01:00,car,13,23,-10
2026-02-27T10:00:00+01:00,car trailer,1,0,1
2026-02-27T10:00:00+01:00,light,3,3,0
2026-02-27T10:00:00+01:00,motorcycle,3,3,0
2026-02-27T10:00:00+01:00,pedestrian,193,200,-7
2026-02-27T10:00:00+01:00,pram,1,1,0
2026-02-27T10:00:00+01:00,van,17,13,4
2026-02-27T11:00:00+01:00,animal,1,0,1
2026-02-27T11:00:00+01:00,bicycle,4,6,-2
2026-02-27T11:00:00+01:00,car,51,44,7
2026-02-27T11:00:00+01:00,car trailer,0,1,-1
2026-02-27T11:00:00+01:00,motorcycle,2,5,-3
2026-02-27T11:00:00+01:00,pedestrian,264,264,0
2026-02-27T11:00:00+01:00,pram,2,0,2
2026-02-27T11:00:00+01:00,scooter,3,0,3
2026-02-27T11:00:00+01:00,van,10,7,3
2026-02-27T12:00:00+01:00,bicycle,10,5,5
2026-02-27T12:00:00+01:00,bus,0,1,-1
2026-02-27T12:00:00+01:00,car,49,52,-3
2026-02-27T12:00:00+01:00,light,1,2,-1
2026-02-27T12:00:00+01:00,motorcycle,2,1,1
2026-02-27T12:00:00+01:00,pedestrian,219,267,-48
2026-02-27T12:00:00+01:00,pram,1,1,0
2026-02-27T12:00:00+01:00,scooter,0,1,-1
2026-02-27T12:00:00+01:00,van,8,8,0
2026-02-27T13:00:00+01:00,animal,1,0,1
2026-02-27T13:00:00+01:00,bicycle,10,9,1
2026-02-27T13:00:00+01:00,bus,1,0,1
2026-02-27T13:00:00+01:00,car,34,39,-5
2026-02-27T13:00:00+01:00,light,4,0,4
2026-02-27T13:00:00+01:00,motorcycle,0,1,-1
2026-02-27T13:00:00+01:00,pedestrian,239,247,-8
2026-02-27T13:00:00+01:00,pram,5,3,2
2026-02-27T13:00:00+01:00,scooter,1,0,1
2026-02-27T13:00:00+01:00,van,2,1,1
2026-02-27T14:00:00+01:00,animal,1,1,0
2026-02-27T14:00:00+01:00,bicycle,13,10,3
2026-02-27T14:00:00+01:00,car,37,45,-8
2026-02-27T14:00:00+01:00,light,0,1,-1
2026-02-27T14:00:00+01:00,motorcycle,3,2,1
2026-02-27T14:00:00+01:00,pedestrian,262,271,-9
2026-02-27T14:00:00+01:00,pram,3,0,3
2026-02-27T14:00:00+01:00,scooter,2,3,-1
2026-02-27T14:00:00+01:00,tractor,0,1,-1
2026-02-27T14:00:00+01:00,truck trailer,0,1,-1
2026-02-27T14:00:00+01:00,van,5,4,1
2026-02-27T14:00:00+01:00,wheelchair,1,0,1
2026-02-27T15:00:00+01:00,animal,1,0,1
2026-02-27T15:00:00+01:00,bicycle,22,18,4
2026-02-27T15:00:00+01:00,car,35,30,5
2026-02-27T15:00:00+01:00,light,1,0,1
2026-02-27T15:00:00+01:00,motorcycle,2,3,-1
2026-02-27T15:00:00+01:00,pedestrian,276,292,-16
2026-02-27T15:00:00+01:00,pram,4,13,-9
2026-02-27T15:00:00+01:00,scooter,2,1,1
2026-02-27T15:00:00+01:00,van,1,1,0
2026-02-27T16:00:00+01:00,animal,1,0,1
2026-02-27T16:00:00+01:00,bicycle,7,12,-5
2026-02-27T16:00:00+01:00,car,27,31,-4
2026-02-27T16:00:00+01:00,light,1,4,-3
2026-02-27T16:00:00+01:00,pedestrian,279,272,7
2026-02-27T16:00:00+01:00,pram,4,3,1
2026-02-27T16:00:00+01:00,scooter,2,1,1
2026-02-27T16:00:00+01:00,van,3,1,2
2026-02-27T17:00:00+01:00,bicycle,13,15,-2
2026-02-27T17:00:00+01:00,car,51,47,4
2026-02-27T17:00:00+01:00,pedestrian,238,230,8
2026-02-27T17:00:00+01:00,pram,0,1,-1
2026-02-27T17:00:00+01:00,scooter,2,3,-1
2026-02-27T18:00:00+01:00,animal,2,5,-3
2026-02-27T18:00:00+01:00,bicycle,4,3,1
2026-02-27T18:00:00+01:00,car,66,64,2
2026-02-27T18:00:00+01:00,pedestrian,170,170,0
2026-02-27T18:00:00+01:00,pram,2,0,2
2026-02-27T18:00:00+01:00,scooter,1,0,1
2026-02-27T19:00:00+01:00,animal,5,5,0
2026-02-27T19:00:00+01:00,bicycle,0,3,-3
2026-02-27T19:00:00+01:00,car,27,22,5
2026-02-27T19:00:00+01:00,motorcycle,2,0,2
2026-02-27T19:00:00+01:00,pedestrian,134,143,-9
2026-02-27T19:00:00+01:00,pram,2,3,-1
2026-02-27T20:00:00+01:00,animal,0,3,-3
2026-02-27T20:00:00+01:00,bicycle,3,4,-1
2026-02-27T20:00:00+01:00,car,28,17,11
2026-02-27T20:00:00+01:00,light,1,1,0
2026-02-27T20:00:00+01:00,pedestrian,109,156,-47
2026-02-27T20:00:00+01:00,pram,0,5,-5
2026-02-27T21:00:00+01:00,animal,0,5,-5
2026-02-27T21:00:00+01:00,bicycle,0,1,-1
2026-02-27T21:00:00+01:00,car,23,12,11
2026-02-27T21:00:00+01:00,pedestrian,88,144,-56
2026-02-27T21:00:00+01:00,pram,4,5,-1
2026-02-27T21:00:00+01:00,van,0,1,-1
2026-02-27T22:00:00+01:00,animal,5,6,-1
2026-02-27T22:00:00+01:00,bicycle,2,2,0
2026-02-27T22:00:00+01:00,car,29,26,3
2026-02-27T22:00:00+01:00,motorcycle,1,0,1
2026-02-27T22:00:00+01:00,pedestrian,109,138,-29
2026-02-27T22:00:00+01:00,pram,6,4,2
2026-02-27T22:00:00+01:00,scooter,0,1,-1
2026-02-27T22:00:00+01:00,van,1,0,1
2026-02-27T23:00:00+01:00,animal,12,11,1
2026-02-27T23:00:00+01:00,bicycle,5,3,2
2026-02-27T23:00:00+01:00,car,11,8,3
2026-02-27T23:00:00+01:00,motorcycle,0,1,-1
2026-02-27T23:00:00+01:00,pedestrian,205,138,67
2026-02-27T23:00:00+01:00,pram,3,6,-3
2026-02-27T23:00:00+01:00,scooter,1,2,-1
2026-02-28T00:00:00+01:00,animal,20,13,7
2026-02-28T00:00:00+01:00,bicycle,1,1,0
2026-02-28T00:00:00+01:00,car,12,8,4
2026-02-28T00:00:00+01:00,pedestrian,288,223,65
2026-02-28T00:00:00+01:00,pram,8,7,1
2026-02-28T00:00:00+01:00,scooter,2,0,2
2026-02-28T00:00:00+01:00,van,1,1,0
2026-02-28T01:00:00+01:00,animal,16,22,-6
2026-02-28T01:00:00+01:00,bicycle,0,1,-1
2026-02-28T01:00:00+01:00,car,12,12,0
2026-02-28T01:00:00+01:00,motorcycle,1,0,1
2026-02-28T01:00:00+01:00,pedestrian,343,323,20
2026-02-28T01:00:00+01:00,pram,9,9,0
2026-02-28T01:00:00+01:00,scooter,1,0,1
2026-02-28T01:00:00+01:00,van,2,1,1
2026-02-28T02:00:00+01:00,animal,17,17,0
2026-02-28T02:00:00+01:00,bus,1,0,1
2026-02-28T02:00:00+01:00,car,9,10,-1
2026-02-28T02:00:00+01:00,motorcycle,0,1,-1
2026-02-28T02:00:00+01:00,pedestrian,309,288,21
2026-02-28T02:00:00+01:00,pram,0,1,-1
2026-02-28T02:00:00+01:00,scooter,0,1,-1
2026-02-28T02:00:00+01:00,van,1,1,0
2026-02-28T03:00:00+01:00,animal,5,11,-6
2026-02-28T03:00:00+01:00,bicycle,2,1,1
2026-02-28T03:00:00+01:00,car,8,7,1
2026-02-28T03:00:00+01:00,pedestrian,117,155,-38
2026-02-28T03:00:00+01:00,pram,1,3,-2
2026-02-28T03:00:00+01:00,scooter,0,3,-3
2026-02-28T04:00:00+01:00,animal,0,4,-4
2026-02-28T04:00:00+01:00,bicycle,0,2,-2
2026-02-28T04:00:00+01:00,car,1,0,1
2026-02-28T04:00:00+01:00,pedestrian,87,80,7
2026-02-28T04:00:00+01:00,pram,0,1,-1
2026-02-28T05:00:00+01:00,animal,2,8,-6
2026-02-28T05:00:00+01:00,bicycle,1,1,0
2026-02-28T05:00:00+01:00,light,0,1,-1
2026-02-28T05:00:00+01:00,pedestrian,71,79,-8
2026-02-28T05:00:00+01:00,pram,0,2,-2
2026-02-28T05:00:00+01:00,scooter,0,1,-1
2026-02-28T06:00:00+01:00,animal,0,2,-2
2026-02-28T06:00:00+01:00,car,1,2,-1
2026-02-28T06:00:00+01:00,pedestrian,18,17,1
2026-02-28T07:00:00+01:00,animal,0,2,-2
2026-02-28T07:00:00+01:00,car,10,11,-1
2026-02-28T07:00:00+01:00,light,2,2,0
2026-02-28T07:00:00+01:00,pedestrian,19,26,-7
2026-02-28T07:00:00+01:00,scooter,1,0,1
2026-02-28T07:00:00+01:00,van,5,5,0
2026-02-28T08:00:00+01:00,animal,0,1,-1
2026-02-28T08:00:00+01:00,bicycle,2,4,-2
2026-02-28T08:00:00+01:00,car,6,6,0
2026-02-28T08:00:00+01:00,light,2,2,0
2026-02-28T08:00:00+01:00,pedestrian,37,36,1
2026-02-28T08:00:00+01:00,pram,0,1,-1
2026-02-28T08:00:00+01:00,van,0,1,-1
2026-02-28T09:00:00+01:00,bicycle,5,4,1
2026-02-28T09:00:00+01:00,car,13,21,-8
2026-02-28T09:00:00+01:00,light,1,0,1
2026-02-28T09:00:00+01:00,pedestrian,62,59,3
2026-02-28T09:00:00+01:00,pram,2,1,1
2026-02-28T09:00:00+01:00,van,3,5,-2
2026-02-28T10:00:00+01:00,bicycle,4,2,2
2026-02-28T10:00:00+01:00,car,22,42,-20
2026-02-28T10:00:00+01:00,light,3,2,1
2026-02-28T10:00:00+01:00,pedestrian,125,129,-4
2026-02-28T10:00:00+01:00,pram,1,0,1
2026-02-28T10:00:00+01:00,van,4,4,0
2026-02-28T11:00:00+01:00,bicycle,6,6,0
2026-02-28T11:00:00+01:00,car,30,37,-7
2026-02-28T11:00:00+01:00,light,1,0,1
2026-02-28T11:00:00+01:00,motorcycle,2,1,1
2026-02-28T11:00:00+01:00,pedestrian,300,352,-52
2026-02-28T11:00:00+01:00,pram,4,5,-1
2026-02-28T11:00:00+01:00,scooter,0,1,-1
2026-02-28T11:00:00+01:00,van,3,4,-1
2026-02-28T12:00:00+01:00,animal,1,0,1
2026-02-28T12:00:00+01:00,bicycle,4,5,-1
2026-02-28T12:00:00+01:00,car,37,46,-9
2026-02-28T12:00:00+01:00,motorcycle,4,1,3
2026-02-28T12:00:00+01:00,pedestrian,265,261,4
2026-02-28T12:00:00+01:00,pram,1,2,-1
2026-02-28T12:00:00+01:00,van,2,4,-2
2026-02-28T13:00:00+01:00,animal,0,1,-1
2026-02-28T13:00:00+01:00,bicycle,8,12,-4
2026-02-28T13:00:00+01:00,car,44,53,-9
2026-02-28T13:00:00+01:00,car trailer,0,1,-1
2026-02-28T13:00:00+01:00,light,0,1,-1
2026-02-28T13:00:00+01:00,motorcycle,2,3,-1
2026-02-28T13:00:00+01:00,pedestrian,292,299,-7
2026-02-28T13:00:00+01:00,pram,0,1,-1
2026-02-28T13:00:00+01:00,scooter,0,1,-1
2026-02-28T13:00:00+01:00,van,3,4,-1
2026-02-28T14:00:00+01:00,animal,0,1,-1
2026-02-28T14:00:00+01:00,bicycle,9,10,-1
2026-02-28T14:00:00+01:00,car,34,22,12
2026-02-28T14:00:00+01:00,car trailer,1,0,1
2026-02-28T14:00:00+01:00,light,1,0,1
2026-02-28T14:00:00+01:00,pedestrian,251,317,-66
2026-02-28T14:00:00+01:00,pram,3,1,2
2026-02-28T14:00:00+01:00,scooter,1,2,-1
2026-02-28T14:00:00+01:00,van,3,4,-1
2026-02-28T15:00:00+01:00,bicycle,6,6,0
2026-02-28T15:00:00+01:00,car,50,26,24
2026-02-28T15:00:00+01:00,motorcycle,1,1,0
2026-02-28T15:00:00+01:00,pedestrian,236,272,-36
2026-02-28T15:00:00+01:00,pram,2,2,0
2026-02-28T15:00:00+01:00,scooter,0,2,-2
2026-02-28T15:00:00+01:00,van,2,2,0
2026-02-28T16:00:00+01:00,bicycle,3,1,2
2026-02-28T16:00:00+01:00,car,40,29,11
2026-02-28T16:00:00+01:00,light,0,1,-1
2026-02-28T16:00:00+01:00,motorcycle,1,0,1
2026-02-28T16:00:00+01:00,pedestrian,226,257,-31
2026-02-28T16:00:00+01:00,pram,2,2,0
2026-02-28T16:00:00+01:00,van,1,0,1
2026-02-28T17:00:00+01:00,bicycle,5,5,0
2026-02-28T17:00:00+01:00,car,53,49,4
2026-02-28T17:00:00+01:00,car trailer,0,1,-1
2026-02-28T17:00:00+01:00,motorcycle,0,1,-1
2026-02-28T17:00:00+01:00,pedestrian,256,238,18
2026-02-28T17:00:00+01:00,pram,5,3,2
2026-02-28T17:00:00+01:00,van,1,1,0
2026-02-28T18:00:00+01:00,animal,5,6,-1
2026-02-28T18:00:00+01:00,bicycle,9,7,2
2026-02-28T18:00:00+01:00,car,49,62,-13
2026-02-28T18:00:00+01:00,motorcycle,2,0,2
2026-02-28T18:00:00+01:00,pedestrian,213,220,-7
2026-02-28T18:00:00+01:00,pram,0,2,-2
2026-02-28T18:00:00+01:00,van,1,1,0
2026-02-28T19:00:00+01:00,animal,8,4,4
2026-02-28T19:00:00+01:00,bicycle,2,0,2
2026-02-28T19:00:00+01:00,bus,2,4,-2
2026-02-28T19:00:00+01:00,car,32,35,-3
2026-02-28T19:00:00+01:00,motorcycle,0,2,-2
2026-02-28T19:00:00+01:00,pedestrian,120,137,-17
2026-02-28T19:00:00+01:00,pram,1,2,-1
2026-02-28T20:00:00+01:00,animal,5,11,-6
2026-02-28T20:00:00+01:00,bicycle,2,1,1
2026-02-28T20:00:00+01:00,car,18,14,4
2026-02-28T20:00:00+01:00,pedestrian,84,119,-35
2026-02-28T20:00:00+01:00,pram,0,1,-1
2026-02-28T21:00:00+01:00,animal,5,6,-1
2026-02-28T21:00:00+01:00,bicycle,1,2,-1
2026-02-28T21:00:00+01:00,bus,1,0,1
2026-02-28T21:00:00+01:00,car,23,16,7
2026-02-28T21:00:00+01:00,light,1,0,1
2026-02-28T21:00:00+01:00,pedestrian,85,122,-37
2026-02-28T21:00:00+01:00,pram,1,2,-1
2026-02-28T21:00:00+01:00,van,0,1,-1
2026-02-28T22:00:00+01:00,animal,5,9,-4
2026-02-28T22:00:00+01:00,bicycle,0,1,-1
2026-02-28T22:00:00+01:00,bus,0,2,-2
2026-02-28T22:00:00+01:00,car,31,16,15
2026-02-28T22:00:00+01:00,pedestrian,135,123,12
2026-02-28T22:00:00+01:00,pram,5,7,-2
2026-02-28T23:00:00+01:00,animal,6,3,3
2026-02-28T23:00:00+01:00,bicycle,0,3,-3
2026-02-28T23:00:00+01:00,car,24,18,6
2026-02-28T23:00:00+01:00,pedestrian,274,216,58
2026-02-28T23:00:00+01:00,pram,3,1,2
2026-02-28T23:00:00+01:00,scooter,1,0,1
2026-03-01T00:00:00+01:00,animal,4,8,-4
2026-03-01T00:00:00+01:00,bicycle,0,1,-1
2026-03-01T00:00:00+01:00,car,13,12,1
2026-03-01T00:00:00+01:00,pedestrian,179,172,7
2026-03-01T00:00:00+01:00,pram,9,5,4
2026-03-01T01:00:00+01:00,animal,8,15,-7
2026-03-01T01:00:00+01:00,car,12,11,1
2026-03-01T01:00:00+01:00,pedestrian,210,188,22
2026-03-01T01:00:00+01:00,pram,14,17,-3
2026-03-01T01:00:00+01:00,scooter,0,2,-2
2026-03-01T02:00:00+01:00,animal,9,13,-4
2026-03-01T02:00:00+01:00,car,10,7,3
2026-03-01T02:00:00+01:00,motorcycle,2,2,0
2026-03-01T02:00:00+01:00,pedestrian,178,231,-53
2026-03-01T02:00:00+01:00,pram,0,3,-3
2026-03-01T02:00:00+01:00,scooter,0,1,-1
2026-03-01T03:00:00+01:00,animal,5,7,-2
2026-03-01T03:00:00+01:00,car,3,7,-4
2026-03-01T03:00:00+01:00,pedestrian,146,151,-5
2026-03-01T03:00:00+01:00,pram,0,3,-3
2026-03-01T03:00:00+01:00,scooter,1,0,1
2026-03-01T04:00:00+01:00,animal,2,6,-4
2026-03-01T04:00:00+01:00,bicycle,0,1,-1
2026-03-01T04:00:00+01:00,car,3,5,-2
2026-03-01T04:00:00+01:00,pedestrian,94,131,-37
2026-03-01T04:00:00+01:00,pram,1,1,0
2026-03-01T04:00:00+01:00,scooter,0,1,-1
2026-03-01T05:00:00+01:00,animal,1,5,-4
2026-03-01T05:00:00+01:00,light,0,1,-1
2026-03-01T05:00:00+01:00,pedestrian,36,43,-7
2026-03-01T05:00:00+01:00,van,1,1,0
2026-03-01T06:00:00+01:00,animal,0,1,-1
2026-03-01T06:00:00+01:00,car,2,2,0
2026-03-01T06:00:00+01:00,pedestrian,7,9,-2
2026-03-01T06:00:00+01:00,scooter,0,1,-1
2026-03-01T07:00:00+01:00,bicycle,1,1,0
2026-03-01T07:00:00+01:00,car,1,3,-2
2026-03-01T07:00:00+01:00,pedestrian,12,15,-3
2026-03-01T08:00:00+01:00,bicycle,2,0,2
2026-03-01T08:00:00+01:00,car,4,4,0
2026-03-01T08:00:00+01:00,light,1,0,1
2026-03-01T08:00:00+01:00,pedestrian,17,8,9
2026-03-01T08:00:00+01:00,van,1,2,-1
2026-03-01T09:00:00+01:00,bicycle,0,1,-1
2026-03-01T09:00:00+01:00,car,10,11,-1
2026-03-01T09:00:00+01:00,car trailer,1,2,-1
2026-03-01T09:00:00+01:00,motorcycle,0,1,-1
2026-03-01T09:00:00+01:00,pedestrian,10,8,2
2026-03-01T09:00:00+01:00,van,1,3,-2
2026-03-01T10:00:00+01:00,car,11,23,-12
2026-03-01T10:00:00+01:00,pedestrian,19,10,9
2026-03-01T10:00:00+01:00,van,3,2,1
2026-03-01T10:00:00+01:00,wheelchair,0,1,-1
2026-03-01T11:00:00+01:00,bicycle,0,1,-1
2026-03-01T11:00:00+01:00,car,18,20,-2
2026-03-01T11:00:00+01:00,pedestrian,10,17,-7
2026-03-01T11:00:00+01:00,van,0,1,-1
2026-03-01T12:00:00+01:00,bicycle,3,5,-2
2026-03-01T12:00:00+01:00,car,14,23,-9
2026-03-01T12:00:00+01:00,pedestrian,30,45,-15
2026-03-01T12:00:00+01:00,van,2,1,1
2026-03-01T13:00:00+01:00,car,18,16,2
2026-03-01T13:00:00+01:00,motorcycle,1,0,1
2026-03-01T13:00:00+01:00,pedestrian,24,30,-6
2026-03-01T13:00:00+01:00,van,2,1,1
2026-03-01T14:00:00+01:00,car,24,6,18
2026-03-01T14:00:00+01:00,pedestrian,19,21,-2
2026-03-01T15:00:00+01:00,bicycle,3,1,2
2026-03-01T15:00:00+01:00,car,20,14,6
2026-03-01T15:00:00+01:00,motorcycle,0,1,-1
2026-03-01T15:00:00+01:00,pedestrian,53,52,1
2026-03-01T15:00:00+01:00,pram,1,1,0
2026-03-01T15:00:00+01:00,van,0,1,-1
2026-03-01T16:00:00+01:00,bicycle,4,2,2
2026-03-01T16:00:00+01:00,car,22,17,5
2026-03-01T16:00:00+01:00,car trailer,1,1,0
2026-03-01T16:00:00+01:00,pedestrian,47,41,6
2026-03-01T16:00:00+01:00,pram,0,1,-1
2026-03-01T17:00:00+01:00,bicycle,5,6,-1
2026-03-01T17:00:00+01:00,car,21,27,-6
2026-03-01T17:00:00+01:00,pedestrian,36,55,-19
2026-03-01T17:00:00+01:00,van,0,2,-2
2026-03-01T18:00:00+01:00,car,30,24,6
2026-03-01T18:00:00+01:00,pedestrian,10,21,-11
2026-03-01T19:00:00+01:00,bicycle,0,1,-1
2026-03-01T19:00:00+01:00,car,37,31,6
2026-03-01T19:00:00+01:00,pedestrian,3,2,1
2026-03-01T20:00:00+01:00,car,15,17,-2
2026-03-01T20:00:00+01:00,pedestrian,7,3,4
2026-03-01T21:00:00+01:00,car,13,12,1
2026-03-01T21:00:00+01:00,pedestrian,4,2,2
2026-03-01T22:00:00+01:00,car,4,1,3
2026-03-01T23:00:00+01:00,car,16,19,-3
2026-03-01T23:00:00+01:00,pedestrian,0,1,-1
2026-03-02T00:00:00+01:00,car,4,3,1
2026-03-02T00:00:00+01:00,pedestrian,3,8,-5
2026-03-02T01:00:00+01:00,bicycle,1,0,1
2026-03-02T01:00:00+01:00,car,6,4,2
2026-03-02T01:00:00+01:00,motorcycle,2,0,2
2026-03-02T01:00:00+01:00,pedestrian,1,2,-1
2026-03-02T02:00:00+01:00,pedestrian,3,3,0
2026-03-02T03:00:00+01:00,car,1,1,0
2026-03-02T04:00:00+01:00,bicycle,2,2,0
2026-03-02T04:00:00+01:00,pedestrian,2,4,-2
2026-03-02T05:00:00+01:00,animal,2,0,2
2026-03-02T05:00:00+01:00,bicycle,1,0,1
2026-03-02T05:00:00+01:00,car,4,1,3
2026-03-02T05:00:00+01:00,light,0,1,-1
2026-03-02T05:00:00+01:00,motorcycle,1,0,1
2026-03-02T05:00:00+01:00,pedestrian,11,15,-4
2026-03-02T06:00:00+01:00,animal,0,1,-1
2026-03-02T06:00:00+01:00,bicycle,5,1,4
2026-03-02T06:00:00+01:00,car,12,9,3
2026-03-02T06:00:00+01:00,light,4,3,1
2026-03-02T06:00:00+01:00,pedestrian,25,44,-19
2026-03-02T06:00:00+01:00,scooter,0,1,-1
2026-03-02T06:00:00+01:00,van,0,1,-1
2026-03-02T07:00:00+01:00,bicycle,6,21,-15
2026-03-02T07:00:00+01:00,car,10,15,-5
2026-03-02T07:00:00+01:00,light,11,5,6
2026-03-02T07:00:00+01:00,motorcycle,0,1,-1
2026-03-02T07:00:00+01:00,pedestrian,86,117,-31
2026-03-02T07:00:00+01:00,pram,2,4,-2
2026-03-02T07:00:00+01:00,van,15,16,-1
2026-03-02T08:00:00+01:00,animal,1,1,0
2026-03-02T08:00:00+01:00,bicycle,18,17,1
2026-03-02T08:00:00+01:00,car,18,31,-13
2026-03-02T08:00:00+01:00,light,1,0,1
2026-03-02T08:00:00+01:00,motorcycle,1,1,0
2026-03-02T08:00:00+01:00,pedestrian,85,108,-23
2026-03-02T08:00:00+01:00,pram,1,0,1
2026-03-02T08:00:00+01:00,van,23,10,13
2026-03-02T09:00:00+01:00,bicycle,4,4,0
2026-03-02T09:00:00+01:00,car,14,14,0
2026-03-02T09:00:00+01:00,light,5,4,1
2026-03-02T09:00:00+01:00,pedestrian,100,101,-1
2026-03-02T09:00:00+01:00,pram,3,1,2
2026-03-02T09:00:00+01:00,scooter,1,0,1
2026-03-02T09:00:00+01:00,van,9,7,2
2026-03-02T10:00:00+01:00,animal,1,0,1
2026-03-02T10:00:00+01:00,bicycle,10,15,-5
2026-03-02T10:00:00+01:00,car,28,25,3
2026-03-02T10:00:00+01:00,car trailer,1,1,0
2026-03-02T10:00:00+01:00,light,8,3,5
2026-03-02T10:00:00+01:00,pedestrian,200,196,4
2026-03-02T10:00:00+01:00,pram,6,4,2
2026-03-02T10:00:00+01:00,scooter,1,1,0
2026-03-02T10:00:00+01:00,van,13,16,-3
2026-03-02T11:00:00+01:00,animal,3,3,0
2026-03-02T11:00:00+01:00,bicycle,9,10,-1
2026-03-02T11:00:00+01:00,car,20,20,0
2026-03-02T11:00:00+01:00,light,2,1,1
2026-03-02T11:00:00+01:00,motorcycle,1,0,1
2026-03-02T11:00:00+01:00,pedestrian,320,316,4
2026-03-02T11:00:00+01:00,pram,4,7,-3
2026-03-02T11:00:00+01:00,scooter,5,6,-1
2026-03-02T11:00:00+01:00,van,11,10,1
2026-03-02T11:00:00+01:00,wheelchair,1,3,-2
2026-03-02T12:00:00+01:00,animal,0,1,-1
2026-03-02T12:00:00+01:00,bicycle,10,14,-4
2026-03-02T12:00:00+01:00,car,22,24,-2
2026-03-02T12:00:00+01:00,motorcycle,0,1,-1
2026-03-02T12:00:00+01:00,pedestrian,302,307,-5
2026-03-02T12:00:00+01:00,pram,8,7,1
2026-03-02T12:00:00+01:00,scooter,2,1,1
2026-03-02T12:00:00+01:00,van,5,4,1
2026-03-02T12:00:00+01:00,wheelchair,1,0,1
2026-03-02T13:00:00+01:00,animal,1,0,1
2026-03-02T13:00:00+01:00,bicycle,19,13,6
2026-03-02T13:00:00+01:00,car,11,13,-2
2026-03-02T13:00:00+01:00,light,4,1,3
2026-03-02T13:00:00+01:00,motorcycle,1,1,0
2026-03-02T13:00:00+01:00,pedestrian,254,251,3
2026-03-02T13:00:00+01:00,pram,4,11,-7
2026-03-02T13:00:00+01:00,scooter,2,0,2
2026-03-02T13:00:00+01:00,van,3,5,-2
2026-03-02T14:00:00+01:00,animal,0,1,-1
2026-03-02T14:00:00+01:00,bicycle,18,18,0
2026-03-02T14:00:00+01:00,car,30,23,7
2026-03-02T14:00:00+01:00,motorcycle,1,0,1
2026-03-02T14:00:00+01:00,pedestrian,266,326,-60
2026-03-02T14:00:00+01:00,pram,2,7,-5
2026-03-02T14:00:00+01:00,scooter,2,6,-4
2026-03-02T14:00:00+01:00,van,3,4,-1
2026-03-02T14:00:00+01:00,wheelchair,1,1,0
2026-03-02T15:00:00+01:00,animal,1,0,1
2026-03-02T15:00:00+01:00,bicycle,20,22,-2
2026-03-02T15:00:00+01:00,car,18,9,9
2026-03-02T15:00:00+01:00,motorcycle,1,1,0
2026-03-02T15:00:00+01:00,pedestrian,360,348,12
2026-03-02T15:00:00+01:00,pram,5,11,-6
2026-03-02T15:00:00+01:00,scooter,1,2,-1
2026-03-02T15:00:00+01:00,van,4,2,2
2026-03-02T15:00:00+01:00,wheelchair,0,1,-1
2026-03-02T16:00:00+01:00,bicycle,31,27,4
2026-03-02T16:00:00+01:00,car,25,26,-1
2026-03-02T16:00:00+01:00,light,0,1,-1
2026-03-02T16:00:00+01:00,motorcycle,4,3,1
2026-03-02T16:00:00+01:00,pedestrian,311,288,23
2026-03-02T16:00:00+01:00,pram,5,5,0
2026-03-02T16:00:00+01:00,scooter,0,3,-3
2026-03-02T16:00:00+01:00,van,1,1,0
2026-03-02T17:00:00+01:00,bicycle,16,22,-6
2026-03-02T17:00:00+01:00,car,21,17,4
2026-03-02T17:00:00+01:00,motorcycle,1,1,0
2026-03-02T17:00:00+01:00,pedestrian,274,313,-39
2026-03-02T17:00:00+01:00,pram,4,4,0
2026-03-02T17:00:00+01:00,scooter,0,1,-1
2026-03-02T18:00:00+01:00,animal,2,2,0
2026-03-02T18:00:00+01:00,bicycle,7,7,0
2026-03-02T18:00:00+01:00,car,29,30,-1
2026-03-02T18:00:00+01:00,motorcycle,1,1,0
2026-03-02T18:00:00+01:00,pedestrian,195,204,-9
2026-03-02T18:00:00+01:00,pram,1,3,-2
2026-03-02T18:00:00+01:00,van,0,1,-1
2026-03-02T19:00:00+01:00,animal,1,1,0
2026-03-02T19:00:00+01:00,bicycle,2,4,-2
2026-03-02T19:00:00+01:00,bus,1,1,0
2026-03-02T19:00:00+01:00,car,15,17,-2
2026-03-02T19:00:00+01:00,motorcycle,3,4,-1
2026-03-02T19:00:00+01:00,pedestrian,150,159,-9
2026-03-02T19:00:00+01:00,pram,1,2,-1
2026-03-02T19:00:00+01:00,van,1,2,-1
2026-03-02T20:00:00+01:00,animal,0,4,-4
2026-03-02T20:00:00+01:00,bicycle,3,6,-3
2026-03-02T20:00:00+01:00,car,24,21,3
2026-03-02T20:00:00+01:00,motorcycle,1,1,0
2026-03-02T20:00:00+01:00,pedestrian,95,121,-26
2026-03-02T20:00:00+01:00,scooter,0,1,-1
2026-03-02T20:00:00+01:00,van,1,1,0
2026-03-02T21:00:00+01:00,animal,3,0,3
2026-03-02T21:00:00+01:00,bicycle,3,5,-2
2026-03-02T21:00:00+01:00,car,16,15,1
2026-03-02T21:00:00+01:00,pedestrian,59,72,-13
2026-03-02T21:00:00+01:00,pram,0,1,-1
2026-03-02T22:00:00+01:00,bicycle,1,1,0
2026-03-02T22:00:00+01:00,car,4,6,-2
2026-03-02T22:00:00+01:00,pedestrian,38,34,4
2026-03-02T23:00:00+01:00,animal,1,2,-1
2026-03-02T23:00:00+01:00,car,6,7,-1
2026-03-02T23:00:00+01:00,pedestrian,49,36,13
2026-03-02T23:00:00+01:00,pram,0,2,-2
2026-03-02T23:00:00+01:00,scooter,1,0,1
2026-03-02T23:00:00+01:00,van,1,1,0
2026-03-03T00:00:00+01:00,car,2,1,1
2026-03-03T00:00:00+01:00,pedestrian,9,3,6
2026-03-03T01:00:00+01:00,car,2,1,1
2026-03-03T01:00:00+01:00,pedestrian,4,5,-1
2026-03-03T02:00:00+01:00,car,3,4,-1
2026-03-03T02:00:00+01:00,motorcycle,0,2,-2
2026-03-03T02:00:00+01:00,pedestrian,6,7,-1
2026-03-03T03:00:00+01:00,car,1,1,0
2026-03-03T03:00:00+01:00,pedestrian,0,2,-2
2026-03-03T04:00:00+01:00,bicycle,0,1,-1
2026-03-03T04:00:00+01:00,car,2,2,0
2026-03-03T04:00:00+01:00,motorcycle,1,0,1
2026-03-03T04:00:00+01:00,pedestrian,4,3,1
2026-03-03T05:00:00+01:00,car,2,2,0
2026-03-03T05:00:00+01:00,motorcycle,1,0,1
2026-03-03T05:00:00+01:00,pedestrian,10,14,-4
2026-03-03T06:00:00+01:00,animal,1,2,-1
2026-03-03T06:00:00+01:00,bicycle,0,3,-3
2026-03-03T06:00:00+01:00,car,11,10,1
2026-03-03T06:00:00+01:00,light,9,8,1
2026-03-03T06:00:00+01:00,motorcycle,1,0,1
2026-03-03T06:00:00+01:00,pedestrian,24,42,-18
2026-03-03T06:00:00+01:00,tram,1,0,1
2026-03-03T06:00:00+01:00,van,1,4,-3
2026-03-03T07:00:00+01:00,bicycle,14,29,-15
2026-03-03T07:00:00+01:00,car,19,18,1
2026-03-03T07:00:00+01:00,car trailer,9,7,2
2026-03-03T07:00:00+01:00,light,16,21,-5
2026-03-03T07:00:00+01:00,motorcycle,3,3,0
2026-03-03T07:00:00+01:00,pedestrian,147,157,-10
2026-03-03T07:00:00+01:00,pram,1,1,0
2026-03-03T07:00:00+01:00,scooter,0,1,-1
2026-03-03T07:00:00+01:00,van,12,14,-2
2026-03-03T07:00:00+01:00,wheelchair,0,1,-1
2026-03-03T08:00:00+01:00,animal,1,0,1
2026-03-03T08:00:00+01:00,bicycle,8,14,-6
2026-03-03T08:00:00+01:00,car,26,26,0
2026-03-03T08:00:00+01:00,car trailer,0,2,-2
2026-03-03T08:00:00+01:00,light,5,5,0
2026-03-03T08:00:00+01:00,pedestrian,83,88,-5
2026-03-03T08:00:00+01:00,pram,0,1,-1
2026-03-03T08:00:00+01:00,scooter,1,2,-1
2026-03-03T08:00:00+01:00,van,12,16,-4
2026-03-03T09:00:00+01:00,animal,0,2,-2
2026-03-03T09:00:00+01:00,bicycle,11,13,-2
2026-03-03T09:00:00+01:00,car,32,31,1
2026-03-03T09:00:00+01:00,light,6,6,0
2026-03-03T09:00:00+01:00,motorcycle,2,1,1
2026-03-03T09:00:00+01:00,pedestrian,165,175,-10
2026-03-03T09:00:00+01:00,pram,5,2,3
2026-03-03T09:00:00+01:00,scooter,1,0,1
2026-03-03T09:00:00+01:00,van,11,18,-7
2026-03-03T10:00:00+01:00,bicycle,6,3,3
2026-03-03T10:00:00+01:00,car,23,23,0
2026-03-03T10:00:00+01:00,car trailer,0,1,-1
2026-03-03T10:00:00+01:00,light,18,12,6
2026-03-03T10:00:00+01:00,motorcycle,1,0,1
2026-03-03T10:00:00+01:00,pedestrian,222,197,25
2026-03-03T10:00:00+01:00,pram,4,4,0
2026-03-03T10:00:00+01:00,scooter,1,1,0
2026-03-03T10:00:00+01:00,van,14,8,6
2026-03-03T11:00:00+01:00,bicycle,7,10,-3
2026-03-03T11:00:00+01:00,car,26,28,-2
2026-03-03T11:00:00+01:00,light,5,1,4
2026-03-03T11:00:00+01:00,pedestrian,248,243,5
2026-03-03T11:00:00+01:00,pram,7,3,4
2026-03-03T11:00:00+01:00,scooter,1,0,1
2026-03-03T11:00:00+01:00,van,0,1,-1
2026-03-03T11:00:00+01:00,wheelchair,1,0,1
2026-03-03T12:00:00+01:00,animal,1,1,0
2026-03-03T12:00:00+01:00,bicycle,10,9,1
2026-03-03T12:00:00+01:00,car,60,47,13
2026-03-03T12:00:00+01:00,motorcycle,2,0,2
2026-03-03T12:00:00+01:00,pedestrian,379,417,-38
2026-03-03T12:00:00+01:00,pram,5,5,0
2026-03-03T12:00:00+01:00,van,7,7,0
2026-03-03T12:00:00+01:00,wheelchair,0,1,-1
2026-03-03T13:00:00+01:00,animal,0,1,-1
2026-03-03T13:00:00+01:00,bicycle,18,23,-5
2026-03-03T13:00:00+01:00,car,30,43,-13
2026-03-03T13:00:00+01:00,light,2,0,2
2026-03-03T13:00:00+01:00,motorcycle,0,1,-1
2026-03-03T13:00:00+01:00,pedestrian,305,329,-24
2026-03-03T13:00:00+01:00,pram,2,5,-3
2026-03-03T13:00:00+01:00,scooter,3,0,3
2026-03-03T13:00:00+01:00,van,1,0,1
2026-03-03T14:00:00+01:00,animal,0,1,-1
2026-03-03T14:00:00+01:00,bicycle,14,17,-3
2026-03-03T14:00:00+01:00,car,26,17,9
2026-03-03T14:00:00+01:00,motorcycle,1,3,-2
2026-03-03T14:00:00+01:00,pedestrian,375,392,-17
2026-03-03T14:00:00+01:00,pram,7,4,3
2026-03-03T14:00:00+01:00,scooter,2,3,-1
2026-03-03T14:00:00+01:00,van,9,4,5
2026-03-03T15:00:00+01:00,bicycle,24,27,-3
2026-03-03T15:00:00+01:00,car,27,28,-1
2026-03-03T15:00:00+01:00,pedestrian,404,442,-38
2026-03-03T15:00:00+01:00,pram,6,5,1
2026-03-03T15:00:00+01:00,scooter,5,0,5
2026-03-03T15:00:00+01:00,van,1,0,1
2026-03-03T15:00:00+01:00,wheelchair,0,1,-1
2026-03-03T16:00:00+01:00,animal,1,0,1
2026-03-03T16:00:00+01:00,bicycle,26,26,0
2026-03-03T16:00:00+01:00,car,34,36,-2
2026-03-03T16:00:00+01:00,light,1,1,0
2026-03-03T16:00:00+01:00,motorcycle,3,2,1
2026-03-03T16:00:00+01:00,pedestrian,439,464,-25
2026-03-03T16:00:00+01:00,pram,3,2,1
2026-03-03T16:00:00+01:00,scooter,2,6,-4
2026-03-03T16:00:00+01:00,van,3,1,2
2026-03-03T17:00:00+01:00,animal,0,1,-1
2026-03-03T17:00:00+01:00,bicycle,29,27,2
2026-03-03T17:00:00+01:00,car,70,72,-2
2026-03-03T17:00:00+01:00,motorcycle,3,2,1
2026-03-03T17:00:00+01:00,pedestrian,306,357,-51
2026-03-03T17:00:00+01:00,pram,6,3,3
2026-03-03T17:00:00+01:00,scooter,3,3,0
2026-03-03T18:00:00+01:00,animal,3,3,0
2026-03-03T18:00:00+01:00,bicycle,13,14,-1
2026-03-03T18:00:00+01:00,car,42,24,18
2026-03-03T18:00:00+01:00,motorcycle,5,3,2
2026-03-03T18:00:00+01:00,pedestrian,291,302,-11
2026-03-03T18:00:00+01:00,pram,1,4,-3
2026-03-03T18:00:00+01:00,scooter,0,1,-1
2026-03-03T18:00:00+01:00,wheelchair,0,1,-1
2026-03-03T19:00:00+01:00,animal,0,2,-2
2026-03-03T19:00:00+01:00,bicycle,9,9,0
2026-03-03T19:00:00+01:00,car,36,41,-5
2026-03-03T19:00:00+01:00,motorcycle,2,0,2
2026-03-03T19:00:00+01:00,pedestrian,129,158,-29
2026-03-03T19:00:00+01:00,pram,1,3,-2
2026-03-03T20:00:00+01:00,animal,1,1,0
2026-03-03T20:00:00+01:00,bicycle,3,9,-6
2026-03-03T20:00:00+01:00,car,31,14,17
2026-03-03T20:00:00+01:00,motorcycle,3,2,1
2026-03-03T20:00:00+01:00,pedestrian,87,152,-65
2026-03-03T21:00:00+01:00,animal,0,1,-1
2026-03-03T21:00:00+01:00,bicycle,3,5,-2
2026-03-03T21:00:00+01:00,car,15,16,-1
2026-03-03T21:00:00+01:00,motorcycle,1,0,1
2026-03-03T21:00:00+01:00,pedestrian,45,81,-36
2026-03-03T22:00:00+01:00,animal,1,3,-2
2026-03-03T22:00:00+01:00,bicycle,0,2,-2
2026-03-03T22:00:00+01:00,car,6,5,1
2026-03-03T22:00:00+01:00,pedestrian,31,31,0
2026-03-03T23:00:00+01:00,bicycle,0,1,-1
2026-03-03T23:00:00+01:00,car,8,6,2
2026-03-03T23:00:00+01:00,motorcycle,1,1,0
2026-03-03T23:00:00+01:00,pedestrian,15,16,-1
2026-03-03T23:00:00+01:00,pram,0,1,-1
2026-03-03T23:00:00+01:00,van,1,1,0
2026-03-04T00:00:00+01:00,bicycle,1,0,1
2026-03-04T00:00:00+01:00,car,6,6,0
2026-03-04T00:00:00+01:00,pedestrian,4,6,-2
2026-03-04T01:00:00+01:00,car,6,6,0
2026-03-04T01:00:00+01:00,pedestrian,7,5,2
2026-03-04T02:00:00+01:00,car,2,4,-2
2026-03-04T02:00:00+01:00,motorcycle,0,1,-1
2026-03-04T02:00:00+01:00,pedestrian,0,5,-5
2026-03-04T03:00:00+01:00,car,2,5,-3
2026-03-04T03:00:00+01:00,pedestrian,2,2,0
2026-03-04T03:00:00+01:00,van,1,0,1
2026-03-04T04:00:00+01:00,animal,0,1,-1
2026-03-04T04:00:00+01:00,bicycle,1,1,0
2026-03-04T04:00:00+01:00,bus,1,0,1
2026-03-04T04:00:00+01:00,car,2,1,1
2026-03-04T04:00:00+01:00,light,2,3,-1
2026-03-04T04:00:00+01:00,pedestrian,4,3,1
2026-03-04T04:00:00+01:00,van,2,1,1
2026-03-04T05:00:00+01:00,animal,1,0,1
2026-03-04T05:00:00+01:00,car,67,57,10
2026-03-04T05:00:00+01:00,pedestrian,11,9,2
2026-03-04T05:00:00+01:00,van,1,0,1
2026-03-04T06:00:00+01:00,animal,0,2,-2
2026-03-04T06:00:00+01:00,bicycle,2,2,0
2026-03-04T06:00:00+01:00,car,25,31,-6
2026-03-04T06:00:00+01:00,light,5,3,2
2026-03-04T06:00:00+01:00,motorcycle,2,0,2
2026-03-04T06:00:00+01:00,pedestrian,17,37,-20
2026-03-04T06:00:00+01:00,pram,0,1,-1
2026-03-04T06:00:00+01:00,van,0,3,-3
2026-03-04T07:00:00+01:00,animal,0,1,-1
2026-03-04T07:00:00+01:00,bicycle,26,32,-6
2026-03-04T07:00:00+01:00,car,12,19,-7
2026-03-04T07:00:00+01:00,car trailer,1,1,0
2026-03-04T07:00:00+01:00,light,1,0,1
2026-03-04T07:00:00+01:00,motorcycle,5,1,4
2026-03-04T07:00:00+01:00,pedestrian,114,134,-20
2026-03-04T07:00:00+01:00,pram,3,4,-1
2026-03-04T07:00:00+01:00,scooter,0,1,-1
2026-03-04T07:00:00+01:00,van,10,16,-6
2026-03-04T08:00:00+01:00,bicycle,11,12,-1
2026-03-04T08:00:00+01:00,car,22,40,-18
2026-03-04T08:00:00+01:00,car trailer,1,2,-1
2026-03-04T08:00:00+01:00,light,2,5,-3
2026-03-04T08:00:00+01:00,motorcycle,3,2,1
2026-03-04T08:00:00+01:00,pedestrian,91,128,-37
2026-03-04T08:00:00+01:00,pram,2,2,0
2026-03-04T08:00:00+01:00,scooter,1,1,0
2026-03-04T08:00:00+01:00,van,5,6,-1
2026-03-04T09:00:00+01:00,animal,1,1,0
2026-03-04T09:00:00+01:00,bicycle,10,10,0
2026-03-04T09:00:00+01:00,bus,1,0,1
2026-03-04T09:00:00+01:00,car,43,41,2
2026-03-04T09:00:00+01:00,light,1,3,-2
2026-03-04T09:00:00+01:00,motorcycle,3,4,-1
2026-03-04T09:00:00+01:00,pedestrian,119,125,-6
2026-03-04T09:00:00+01:00,pram,3,7,-4
2026-03-04T09:00:00+01:00,scooter,2,0,2
2026-03-04T09:00:00+01:00,van,12,12,0
2026-03-04T10:00:00+01:00,bicycle,6,8,-2
2026-03-04T10:00:00+01:00,car,42,48,-6
2026-03-04T10:00:00+01:00,car trailer,0,3,-3
2026-03-04T10:00:00+01:00,light,8,4,4
2026-03-04T10:00:00+01:00,pedestrian,218,212,6
2026-03-04T10:00:00+01:00,pram,5,1,4
2026-03-04T10:00:00+01:00,scooter,1,0,1
2026-03-04T10:00:00+01:00,van,19,18,1
2026-03-04T10:00:00+01:00,wheelchair,0,1,-1
2026-03-04T11:00:00+01:00,bicycle,6,17,-11
2026-03-04T11:00:00+01:00,car,23,25,-2
2026-03-04T11:00:00+01:00,light,1,0,1
2026-03-04T11:00:00+01:00,pedestrian,237,274,-37
2026-03-04T11:00:00+01:00,pram,4,5,-1
2026-03-04T11:00:00+01:00,scooter,0,2,-2
2026-03-04T11:00:00+01:00,van,7,6,1
2026-03-04T12:00:00+01:00,animal,1,0,1
2026-03-04T12:00:00+01:00,bicycle,10,10,0
2026-03-04T12:00:00+01:00,car,26,25,1
2026-03-04T12:00:00+01:00,motorcycle,1,1,0
2026-03-04T12:00:00+01:00,pedestrian,249,272,-23
2026-03-04T12:00:00+01:00,pram,4,9,-5
2026-03-04T12:00:00+01:00,scooter,1,0,1
2026-03-04T12:00:00+01:00,van,5,5,0
2026-03-04T13:00:00+01:00,bicycle,15,22,-7
2026-03-04T13:00:00+01:00,car,36,25,11
2026-03-04T13:00:00+01:00,pedestrian,247,265,-18
2026-03-04T13:00:00+01:00,pram,4,10,-6
2026-03-04T13:00:00+01:00,scooter,1,5,-4
2026-03-04T13:00:00+01:00,van,5,3,2
2026-03-04T14:00:00+01:00,bicycle,21,23,-2
2026-03-04T14:00:00+01:00,car,22,10,12
2026-03-04T14:00:00+01:00,light,0,1,-1
2026-03-04T14:00:00+01:00,pedestrian,358,348,10
2026-03-04T14:00:00+01:00,pram,6,8,-2
2026-03-04T14:00:00+01:00,scooter,0,2,-2
2026-03-04T14:00:00+01:00,van,4,5,-1
2026-03-04T15:00:00+01:00,animal,1,0,1
2026-03-04T15:00:00+01:00,bicycle,17,28,-11
2026-03-04T15:00:00+01:00,car,26,28,-2
2026-03-04T15:00:00+01:00,motorcycle,0,1,-1
2026-03-04T15:00:00+01:00,pedestrian,389,365,24
2026-03-04T15:00:00+01:00,pram,1,3,-2
2026-03-04T15:00:00+01:00,scooter,1,2,-1
2026-03-04T15:00:00+01:00,van,6,2,4
2026-03-04T16:00:00+01:00,bicycle,28,34,-6
2026-03-04T16:00:00+01:00,car,34,31,3
2026-03-04T16:00:00+01:00,light,1,2,-1
2026-03-04T16:00:00+01:00,motorcycle,0,1,-1
2026-03-04T16:00:00+01:00,pedestrian,344,341,3
2026-03-04T16:00:00+01:00,pram,4,5,-1
2026-03-04T16:00:00+01:00,scooter,2,0,2
2026-03-04T16:00:00+01:00,van,1,0,1
2026-03-04T17:00:00+01:00,animal,1,2,-1
2026-03-04T17:00:00+01:00,bicycle,19,31,-12
2026-03-04T17:00:00+01:00,car,38,24,14
2026-03-04T17:00:00+01:00,motorcycle,2,3,-1
2026-03-04T17:00:00+01:00,pedestrian,371,366,5
2026-03-04T17:00:00+01:00,pram,3,3,0
2026-03-04T17:00:00+01:00,scooter,0,2,-2
2026-03-04T17:00:00+01:00,van,2,2,0
2026-03-04T17:00:00+01:00,wheelchair,1,0,1
2026-03-04T18:00:00+01:00,bicycle,16,20,-4
2026-03-04T18:00:00+01:00,bus,1,0,1
2026-03-04T18:00:00+01:00,car,31,33,-2
2026-03-04T18:00:00+01:00,motorcycle,2,2,0
2026-03-04T18:00:00+01:00,pedestrian,285,260,25
2026-03-04T18:00:00+01:00,pram,1,0,1
2026-03-04T18:00:00+01:00,scooter,1,1,0
2026-03-04T19:00:00+01:00,bicycle,3,5,-2
2026-03-04T19:00:00+01:00,car,21,22,-1
2026-03-04T19:00:00+01:00,motorcycle,2,1,1
2026-03-04T19:00:00+01:00,pedestrian,119,151,-32
2026-03-04T19:00:00+01:00,pram,4,3,1
2026-03-04T19:00:00+01:00,scooter,0,1,-1
2026-03-04T20:00:00+01:00,animal,0,2,-2
2026-03-04T20:00:00+01:00,bicycle,10,5,5
2026-03-04T20:00:00+01:00,car,31,20,11
2026-03-04T20:00:00+01:00,motorcycle,2,1,1
2026-03-04T20:00:00+01:00,pedestrian,74,145,-71
2026-03-04T20:00:00+01:00,pram,1,0,1
2026-03-04T21:00:00+01:00,animal,0,2,-2
2026-03-04T21:00:00+01:00,bicycle,1,5,-4
2026-03-04T21:00:00+01:00,car,17,10,7
2026-03-04T21:00:00+01:00,motorcycle,1,0,1
2026-03-04T21:00:00+01:00,pedestrian,74,118,-44
2026-03-04T21:00:00+01:00,pram,0,2,-2
2026-03-04T21:00:00+01:00,scooter,0,2,-2
2026-03-04T22:00:00+01:00,bicycle,5,6,-1
2026-03-04T22:00:00+01:00,car,3,1,2
2026-03-04T22:00:00+01:00,motorcycle,2,1,1
2026-03-04T22:00:00+01:00,pedestrian,41,35,6
2026-03-04T23:00:00+01:00,animal,2,1,1
2026-03-04T23:00:00+01:00,bicycle,0,1,-1
2026-03-04T23:00:00+01:00,car,3,3,0
2026-03-04T23:00:00+01:00,motorcycle,1,0,1
2026-03-04T23:00:00+01:00,pedestrian,29,21,8
2026-03-05T00:00:00+01:00,bicycle,0,2,-2
2026-03-05T00:00:00+01:00,car,2,4,-2
2026-03-05T00:00:00+01:00,pedestrian,7,8,-1
2026-03-05T01:00:00+01:00,car,1,1,0
2026-03-05T01:00:00+01:00,pedestrian,6,3,3
2026-03-05T02:00:00+01:00,car,3,2,1
2026-03-05T02:00:00+01:00,motorcycle,0,2,-2
2026-03-05T02:00:00+01:00,pedestrian,5,3,2
2026-03-05T04:00:00+01:00,animal,0,1,-1
2026-03-05T04:00:00+01:00,bicycle,1,1,0
2026-03-05T04:00:00+01:00,car,1,0,1
2026-03-05T04:00:00+01:00,motorcycle,1,0,1
2026-03-05T04:00:00+01:00,pedestrian,5,4,1
2026-03-05T05:00:00+01:00,car,4,1,3
2026-03-05T05:00:00+01:00,light,2,2,0
2026-03-05T05:00:00+01:00,pedestrian,10,13,-3
2026-03-05T06:00:00+01:00,bicycle,0,1,-1
2026-03-05T06:00:00+01:00,car,12,10,2
2026-03-05T06:00:00+01:00,light,9,5,4
2026-03-05T06:00:00+01:00,pedestrian,36,61,-25
2026-03-05T06:00:00+01:00,pram,0,1,-1
2026-03-05T06:00:00+01:00,scooter,1,3,-2
2026-03-05T06:00:00+01:00,van,3,6,-3
2026-03-05T07:00:00+01:00,bicycle,25,35,-10
2026-03-05T07:00:00+01:00,car,55,52,3
2026-03-05T07:00:00+01:00,light,4,4,0
2026-03-05T07:00:00+01:00,motorcycle,1,2,-1
2026-03-05T07:00:00+01:00,pedestrian,89,102,-13
2026-03-05T07:00:00+01:00,pram,3,3,0
2026-03-05T07:00:00+01:00,scooter,1,0,1
2026-03-05T07:00:00+01:00,van,4,8,-4
2026-03-05T08:00:00+01:00,bicycle,7,12,-5
2026-03-05T08:00:00+01:00,car,23,26,-3
2026-03-05T08:00:00+01:00,car trailer,1,0,1
2026-03-05T08:00:00+01:00,light,7,6,1
2026-03-05T08:00:00+01:00,motorcycle,1,0,1
2026-03-05T08:00:00+01:00,pedestrian,86,100,-14
2026-03-05T08:00:00+01:00,pram,1,1,0
2026-03-05T08:00:00+01:00,van,6,3,3
2026-03-05T09:00:00+01:00,animal,0,1,-1
2026-03-05T09:00:00+01:00,bicycle,13,7,6
2026-03-05T09:00:00+01:00,car,24,29,-5
2026-03-05T09:00:00+01:00,car trailer,1,0,1
2026-03-05T09:00:00+01:00,light,9,5,4
2026-03-05T09:00:00+01:00,motorcycle,0,1,-1
2026-03-05T09:00:00+01:00,pedestrian,160,158,2
2026-03-05T09:00:00+01:00,pram,1,4,-3
2026-03-05T09:00:00+01:00,scooter,0,1,-1
2026-03-05T09:00:00+01:00,van,8,9,-1
2026-03-05T10:00:00+01:00,animal,0,1,-1
2026-03-05T10:00:00+01:00,bicycle,7,8,-1
2026-03-05T10:00:00+01:00,car,32,34,-2
2026-03-05T10:00:00+01:00,light,8,4,4
2026-03-05T10:00:00+01:00,motorcycle,0,1,-1
2026-03-05T10:00:00+01:00,pedestrian,199,198,1
2026-03-05T10:00:00+01:00,pram,1,3,-2
2026-03-05T10:00:00+01:00,van,19,17,2
2026-03-05T11:00:00+01:00,animal,1,0,1
2026-03-05T11:00:00+01:00,bicycle,9,13,-4
2026-03-05T11:00:00+01:00,car,22,23,-1
2026-03-05T11:00:00+01:00,car trailer,1,0,1
2026-03-05T11:00:00+01:00,light,3,3,0
2026-03-05T11:00:00+01:00,motorcycle,2,1,1
2026-03-05T11:00:00+01:00,pedestrian,352,330,22
2026-03-05T11:00:00+01:00,pram,4,4,0
2026-03-05T11:00:00+01:00,scooter,0,4,-4
2026-03-05T11:00:00+01:00,van,6,5,1
2026-03-05T12:00:00+01:00,bicycle,11,16,-5
2026-03-05T12:00:00+01:00,car,17,26,-9
2026-03-05T12:00:00+01:00,car trailer,0,1,-1
2026-03-05T12:00:00+01:00,light,10,2,8
2026-03-05T12:00:00+01:00,motorcycle,0,1,-1
2026-03-05T12:00:00+01:00,pedestrian,322,338,-16
2026-03-05T12:00:00+01:00,pram,7,4,3
2026-03-05T12:00:00+01:00,van,3,2,1
2026-03-05T13:00:00+01:00,animal,1,0,1
2026-03-05T13:00:00+01:00,bicycle,25,24,1
2026-03-05T13:00:00+01:00,car,33,34,-1
2026-03-05T13:00:00+01:00,car trailer,1,3,-2
2026-03-05T13:00:00+01:00,light,2,3,-1
2026-03-05T13:00:00+01:00,motorcycle,2,2,0
2026-03-05T13:00:00+01:00,pedestrian,297,389,-92
2026-03-05T13:00:00+01:00,pram,6,11,-5
2026-03-05T13:00:00+01:00,van,7,11,-4
2026-03-05T14:00:00+01:00,animal,1,0,1
2026-03-05T14:00:00+01:00,bicycle,17,26,-9
2026-03-05T14:00:00+01:00,car,29,19,10
2026-03-05T14:00:00+01:00,pedestrian,367,399,-32
2026-03-05T14:00:00+01:00,pram,5,7,-2
2026-03-05T14:00:00+01:00,scooter,5,1,4
2026-03-05T14:00:00+01:00,van,3,1,2
2026-03-05T14:00:00+01:00,wheelchair,1,0,1
2026-03-05T15:00:00+01:00,bicycle,31,38,-7
2026-03-05T15:00:00+01:00,bus,0,1,-1
2026-03-05T15:00:00+01:00,car,34,23,11
2026-03-05T15:00:00+01:00,light,1,0,1
2026-03-05T15:00:00+01:00,pedestrian,457,445,12
2026-03-05T15:00:00+01:00,pram,4,6,-2
2026-03-05T15:00:00+01:00,scooter,4,5,-1
2026-03-05T15:00:00+01:00,van,2,1,1
2026-03-05T16:00:00+01:00,animal,1,0,1
2026-03-05T16:00:00+01:00,bicycle,35,34,1
2026-03-05T16:00:00+01:00,car,41,33,8
2026-03-05T16:00:00+01:00,car trailer,2,0,2
2026-03-05T16:00:00+01:00,light,0,1,-1
2026-03-05T16:00:00+01:00,motorcycle,5,4,1
2026-03-05T16:00:00+01:00,pedestrian,447,487,-40
2026-03-05T16:00:00+01:00,pram,9,4,5
2026-03-05T16:00:00+01:00,scooter,5,6,-1
2026-03-05T16:00:00+01:00,van,1,1,0
2026-03-05T17:00:00+01:00,animal,3,1,2
2026-03-05T17:00:00+01:00,bicycle,32,31,1
2026-03-05T17:00:00+01:00,car,31,32,-1
2026-03-05T17:00:00+01:00,motorcycle,2,3,-1
2026-03-05T17:00:00+01:00,pedestrian,349,383,-34
2026-03-05T17:00:00+01:00,pram,1,1,0
2026-03-05T17:00:00+01:00,scooter,5,10,-5
2026-03-05T17:00:00+01:00,van,1,1,0
2026-03-05T18:00:00+01:00,animal,3,1,2
2026-03-05T18:00:00+01:00,bicycle,18,22,-4
2026-03-05T18:00:00+01:00,car,42,50,-8
2026-03-05T18:00:00+01:00,motorcycle,1,0,1
2026-03-05T18:00:00+01:00,pedestrian,214,227,-13
2026-03-05T18:00:00+01:00,pram,0,1,-1
2026-03-05T18:00:00+01:00,van,1,2,-1
2026-03-05T19:00:00+01:00,animal,2,0,2
2026-03-05T19:00:00+01:00,bicycle,4,8,-4
2026-03-05T19:00:00+01:00,car,26,18,8
2026-03-05T19:00:00+01:00,pedestrian,168,170,-2
2026-03-05T19:00:00+01:00,van,1,0,1
2026-03-05T20:00:00+01:00,animal,1,1,0
2026-03-05T20:00:00+01:00,bicycle,5,10,-5
2026-03-05T20:00:00+01:00,car,17,15,2
2026-03-05T20:00:00+01:00,motorcycle,2,0,2
2026-03-05T20:00:00+01:00,pedestrian,97,121,-24
2026-03-05T20:00:00+01:00,pram,0,2,-2
2026-03-05T20:00:00+01:00,van,1,1,0
2026-03-05T21:00:00+01:00,animal,0,2,-2
2026-03-05T21:00:00+01:00,bicycle,6,10,-4
2026-03-05T21:00:00+01:00,car,31,7,24
2026-03-05T21:00:00+01:00,motorcycle,1,1,0
2026-03-05T21:00:00+01:00,pedestrian,111,119,-8
2026-03-05T21:00:00+01:00,pram,0,1,-1
2026-03-05T21:00:00+01:00,van,0,1,-1
2026-03-05T22:00:00+01:00,animal,0,1,-1
2026-03-05T22:00:00+01:00,bicycle,2,4,-2
2026-03-05T22:00:00+01:00,car,15,10,5
2026-03-05T22:00:00+01:00,pedestrian,71,71,0
2026-03-05T22:00:00+01:00,van,1,0,1
2026-03-05T23:00:00+01:00,animal,0,1,-1
2026-03-05T23:00:00+01:00,bicycle,2,4,-2
2026-03-05T23:00:00+01:00,car,7,9,-2
2026-03-05T23:00:00+01:00,motorcycle,1,0,1
2026-03-05T23:00:00+01:00,pedestrian,55,41,14
2026-03-06T00:00:00+01:00,animal,0,1,-1
2026-03-06T00:00:00+01:00,car,4,3,1
2026-03-06T00:00:00+01:00,light,1,0,1
2026-03-06T00:00:00+01:00,pedestrian,36,35,1
2026-03-06T01:00:00+01:00,bicycle,1,0,1
2026-03-06T01:00:00+01:00,car,10,9,1
2026-03-06T01:00:00+01:00,pedestrian,39,30,9
2026-03-06T02:00:00+01:00,animal,0,1,-1
2026-03-06T02:00:00+01:00,car,4,3,1
2026-03-06T02:00:00+01:00,motorcycle,2,3,-1
2026-03-06T02:00:00+01:00,pedestrian,45,34,11
2026-03-06T03:00:00+01:00,animal,0,1,-1
2026-03-06T03:00:00+01:00,bicycle,1,1,0
2026-03-06T03:00:00+01:00,bus,1,1,0
2026-03-06T03:00:00+01:00,car,4,4,0
2026-03-06T03:00:00+01:00,light,2,1,1
2026-03-06T03:00:00+01:00,pedestrian,10,30,-20
2026-03-06T03:00:00+01:00,van,0,1,-1
2026-03-06T04:00:00+01:00,animal,0,1,-1
2026-03-06T04:00:00+01:00,car,2,0,2
2026-03-06T04:00:00+01:00,light,1,2,-1
2026-03-06T04:00:00+01:00,motorcycle,0,1,-1
2026-03-06T04:00:00+01:00,pedestrian,7,6,1
2026-03-06T05:00:00+01:00,animal,2,2,0
2026-03-06T05:00:00+01:00,bicycle,1,0,1
2026-03-06T05:00:00+01:00,car,13,11,2
2026-03-06T05:00:00+01:00,heavy,1,0,1
2026-03-06T05:00:00+01:00,light,4,1,3
2026-03-06T05:00:00+01:00,motorcycle,1,0,1
2026-03-06T05:00:00+01:00,pedestrian,31,30,1
2026-03-06T05:00:00+01:00,van,1,0,1
2026-03-06T06:00:00+01:00,car,22,23,-1
2026-03-06T06:00:00+01:00,light,4,1,3
2026-03-06T06:00:00+01:00,pedestrian,3,5,-2
2026-03-06T06:00:00+01:00,van,4,7,-3
2026-03-06T07:00:00+01:00,bicycle,2,3,-1
2026-03-06T07:00:00+01:00,car,35,37,-2
2026-03-06T07:00:00+01:00,car trailer,2,1,1
2026-03-06T07:00:00+01:00,light,7,7,0
2026-03-06T07:00:00+01:00,pedestrian,23,20,3
2026-03-06T07:00:00+01:00,van,2,3,-1
2026-03-06T08:00:00+01:00,bicycle,4,3,1
2026-03-06T08:00:00+01:00,car,20,22,-2
2026-03-06T08:00:00+01:00,light,1,0,1
2026-03-06T08:00:00+01:00,motorcycle,0,1,-1
2026-03-06T08:00:00+01:00,pedestrian,35,21,14
2026-03-06T08:00:00+01:00,van,4,4,0
2026-03-06T09:00:00+01:00,bicycle,2,3,-1
2026-03-06T09:00:00+01:00,car,19,17,2
2026-03-06T09:00:00+01:00,light,1,2,-1
2026-03-06T09:00:00+01:00,pedestrian,43,33,10
2026-03-06T09:00:00+01:00,van,10,10,0
2026-03-06T10:00:00+01:00,bicycle,1,1,0
2026-03-06T10:00:00+01:00,car,28,31,-3
2026-03-06T10:00:00+01:00,light,4,2,2
2026-03-06T10:00:00+01:00,pedestrian,39,51,-12
2026-03-06T10:00:00+01:00,pram,1,0,1
2026-03-06T10:00:00+01:00,van,6,5,1
2026-03-06T11:00:00+01:00,bicycle,2,2,0
2026-03-06T11:00:00+01:00,car,24,35,-11
2026-03-06T11:00:00+01:00,light,1,1,0
2026-03-06T11:00:00+01:00,pedestrian,51,38,13
2026-03-06T11:00:00+01:00,scooter,0,1,-1
2026-03-06T11:00:00+01:00,van,4,4,0
2026-03-06T12:00:00+01:00,bicycle,1,1,0
2026-03-06T12:00:00+01:00,car,28,29,-1
2026-03-06T12:00:00+01:00,light,2,0,2
2026-03-06T12:00:00+01:00,pedestrian,99,99,0
2026-03-06T12:00:00+01:00,van,9,8,1
2026-03-06T13:00:00+01:00,bicycle,3,6,-3
2026-03-06T13:00:00+01:00,car,31,38,-7
2026-03-06T13:00:00+01:00,light,2,0,2
2026-03-06T13:00:00+01:00,motorcycle,1,0,1
2026-03-06T13:00:00+01:00,pedestrian,66,69,-3
2026-03-06T13:00:00+01:00,pram,1,1,0
2026-03-06T13:00:00+01:00,van,4,4,0
2026-03-06T14:00:00+01:00,bicycle,2,4,-2
2026-03-06T14:00:00+01:00,car,43,20,23
2026-03-06T14:00:00+01:00,light,0,2,-2
2026-03-06T14:00:00+01:00,pedestrian,98,94,4
2026-03-06T14:00:00+01:00,pram,1,0,1
2026-03-06T14:00:00+01:00,van,5,4,1
2026-03-06T15:00:00+01:00,bicycle,6,7,-1
2026-03-06T15:00:00+01:00,car,32,29,3
2026-03-06T15:00:00+01:00,pedestrian,120,141,-21
2026-03-06T15:00:00+01:00,pram,0,1,-1
2026-03-06T15:00:00+01:00,van,1,0,1
2026-03-06T16:00:00+01:00,bicycle,5,13,-8
2026-03-06T16:00:00+01:00,car,59,55,4
2026-03-06T16:00:00+01:00,motorcycle,2,3,-1
2026-03-06T16:00:00+01:00,pedestrian,113,107,6
2026-03-06T16:00:00+01:00,van,0,1,-1
2026-03-06T17:00:00+01:00,bicycle,10,11,-1
2026-03-06T17:00:00+01:00,car,32,36,-4
2026-03-06T17:00:00+01:00,motorcycle,1,0,1
2026-03-06T17:00:00+01:00,pedestrian,119,110,9
2026-03-06T17:00:00+01:00,van,2,3,-1
2026-03-06T18:00:00+01:00,bicycle,3,5,-2
2026-03-06T18:00:00+01:00,car,46,41,5
2026-03-06T18:00:00+01:00,motorcycle,3,2,1
2026-03-06T18:00:00+01:00,pedestrian,91,82,9
2026-03-06T18:00:00+01:00,pram,0,1,-1
2026-03-06T19:00:00+01:00,bicycle,1,0,1
2026-03-06T19:00:00+01:00,car,22,24,-2
2026-03-06T19:00:00+01:00,motorcycle,1,0,1
2026-03-06T19:00:00+01:00,pedestrian,10,17,-7
2026-03-06T20:00:00+01:00,car,11,9,2
2026-03-06T20:00:00+01:00,pedestrian,16,18,-2
2026-03-06T21:00:00+01:00,bus,1,1,0
2026-03-06T21:00:00+01:00,car,26,25,1
2026-03-06T21:00:00+01:00,pedestrian,9,35,-26
2026-03-06T21:00:00+01:00,van,1,1,0
2026-03-06T22:00:00+01:00,car,9,16,-7
2026-03-06T22:00:00+01:00,light,2,1,1
2026-03-06T22:00:00+01:00,pedestrian,8,13,-5
2026-03-06T22:00:00+01:00,van,1,0,1
2026-03-06T23:00:00+01:00,car,14,15,-1
2026-03-06T23:00:00+01:00,pedestrian,8,9,-1
2026-03-07T00:00:00+01:00,car,12,12,0
2026-03-07T00:00:00+01:00,motorcycle,1,0,1
2026-03-07T00:00:00+01:00,pedestrian,6,2,4
2026-03-07T01:00:00+01:00,car,12,9,3
2026-03-07T01:00:00+01:00,pedestrian,7,3,4
2026-03-07T02:00:00+01:00,car,8,4,4
2026-03-07T02:00:00+01:00,motorcycle,0,1,-1
2026-03-07T02:00:00+01:00,pedestrian,10,4,6
2026-03-07T03:00:00+01:00,car,8,6,2
2026-03-07T03:00:00+01:00,pedestrian,7,2,5
2026-03-07T04:00:00+01:00,car,5,3,2
2026-03-07T04:00:00+01:00,pedestrian,1,3,-2
2026-03-07T05:00:00+01:00,car,1,0,1
2026-03-07T05:00:00+01:00,pedestrian,1,2,-1
2026-03-07T06:00:00+01:00,car,3,4,-1
2026-03-07T06:00:00+01:00,pedestrian,2,4,-2
2026-03-07T07:00:00+01:00,car,11,11,0
2026-03-07T07:00:00+01:00,light,0,1,-1
2026-03-07T07:00:00+01:00,pedestrian,6,7,-1
2026-03-07T07:00:00+01:00,van,1,1,0
2026-03-07T08:00:00+01:00,car,11,7,4
2026-03-07T08:00:00+01:00,pedestrian,13,14,-1
2026-03-07T09:00:00+01:00,bicycle,1,2,-1
2026-03-07T09:00:00+01:00,car,22,30,-8
2026-03-07T09:00:00+01:00,light,1,1,0
2026-03-07T09:00:00+01:00,motorcycle,1,0,1
2026-03-07T09:00:00+01:00,pedestrian,25,21,4
2026-03-07T10:00:00+01:00,bicycle,2,2,0
2026-03-07T10:00:00+01:00,car,19,47,-28
2026-03-07T10:00:00+01:00,motorcycle,0,1,-1
2026-03-07T10:00:00+01:00,pedestrian,85,80,5
2026-03-07T10:00:00+01:00,pram,1,0,1
2026-03-07T10:00:00+01:00,van,5,5,0
2026-03-07T11:00:00+01:00,bicycle,2,1,1
2026-03-07T11:00:00+01:00,car,31,48,-17
2026-03-07T11:00:00+01:00,light,1,0,1
2026-03-07T11:00:00+01:00,motorcycle,1,0,1
2026-03-07T11:00:00+01:00,pedestrian,61,91,-30
2026-03-07T11:00:00+01:00,scooter,0,1,-1
2026-03-07T11:00:00+01:00,van,0,1,-1
2026-03-07T12:00:00+01:00,bicycle,2,4,-2
2026-03-07T12:00:00+01:00,car,36,50,-14
2026-03-07T12:00:00+01:00,motorcycle,3,2,1
2026-03-07T12:00:00+01:00,pedestrian,165,166,-1
2026-03-07T12:00:00+01:00,pram,1,0,1
2026-03-07T12:00:00+01:00,van,2,1,1
2026-03-07T13:00:00+01:00,bicycle,4,6,-2
2026-03-07T13:00:00+01:00,car,30,28,2
2026-03-07T13:00:00+01:00,motorcycle,1,1,0
2026-03-07T13:00:00+01:00,pedestrian,151,162,-11
2026-03-07T13:00:00+01:00,van,1,1,0
2026-03-07T13:00:00+01:00,wheelchair,2,1,1
2026-03-07T14:00:00+01:00,bicycle,5,4,1
2026-03-07T14:00:00+01:00,car,51,29,22
2026-03-07T14:00:00+01:00,motorcycle,2,0,2
2026-03-07T14:00:00+01:00,pedestrian,136,165,-29
2026-03-07T14:00:00+01:00,pram,0,1,-1
2026-03-07T14:00:00+01:00,van,2,3,-1
2026-03-07T15:00:00+01:00,animal,0,1,-1
2026-03-07T15:00:00+01:00,bicycle,3,2,1
2026-03-07T15:00:00+01:00,car,43,35,8
2026-03-07T15:00:00+01:00,pedestrian,73,81,-8
2026-03-07T15:00:00+01:00,pram,0,1,-1
2026-03-07T15:00:00+01:00,van,0,2,-2
2026-03-07T16:00:00+01:00,bicycle,2,1,1
2026-03-07T16:00:00+01:00,car,46,41,5
2026-03-07T16:00:00+01:00,motorcycle,0,1,-1
2026-03-07T16:00:00+01:00,pedestrian,71,76,-5
2026-03-07T17:00:00+01:00,animal,1,0,1
2026-03-07T17:00:00+01:00,bicycle,5,6,-1
2026-03-07T17:00:00+01:00,car,51,53,-2
2026-03-07T17:00:00+01:00,motorcycle,1,0,1
2026-03-07T17:00:00+01:00,pedestrian,82,87,-5
2026-03-07T17:00:00+01:00,pram,0,1,-1
2026-03-07T18:00:00+01:00,bicycle,4,1,3
2026-03-07T18:00:00+01:00,car,48,53,-5
2026-03-07T18:00:00+01:00,motorcycle,0,1,-1
2026-03-07T18:00:00+01:00,pedestrian,64,91,-27
2026-03-07T18:00:00+01:00,pram,0,1,-1
2026-03-07T18:00:00+01:00,van,2,2,0
2026-03-07T19:00:00+01:00,car,26,29,-3
2026-03-07T19:00:00+01:00,pedestrian,10,8,2
2026-03-07T20:00:00+01:00,car,21,12,9
2026-03-07T20:00:00+01:00,pedestrian,8,5,3
2026-03-07T21:00:00+01:00,car,16,13,3
2026-03-07T21:00:00+01:00,light,1,1,0
2026-03-07T21:00:00+01:00,pedestrian,1,3,-2
2026-03-07T22:00:00+01:00,bus,1,0,1
2026-03-07T22:00:00+01:00,car,16,10,6
2026-03-07T22:00:00+01:00,pedestrian,4,3,1
2026-03-07T23:00:00+01:00,car,6,4,2
2026-03-07T23:00:00+01:00,pedestrian,4,0,4
2026-03-08T00:00:00+01:00,bus,1,0,1
2026-03-08T00:00:00+01:00,car,1,2,-1
2026-03-08T00:00:00+01:00,pedestrian,2,0,2
2026-03-08T01:00:00+01:00,car,6,7,-1
2026-03-08T01:00:00+01:00,pedestrian,3,1,2
2026-03-08T02:00:00+01:00,car,7,5,2
2026-03-08T02:00:00+01:00,pedestrian,2,0,2
2026-03-08T03:00:00+01:00,car,1,1,0
2026-03-08T04:00:00+01:00,bus,0,1,-1
2026-03-08T04:00:00+01:00,car,3,3,0
2026-03-08T05:00:00+01:00,car,1,0,1
2026-03-08T06:00:00+01:00,car,8,12,-4
2026-03-08T07:00:00+01:00,car,24,27,-3
2026-03-08T07:00:00+01:00,pedestrian,3,3,0
2026-03-08T08:00:00+01:00,bicycle,0,1,-1
2026-03-08T08:00:00+01:00,car,22,16,6
2026-03-08T08:00:00+01:00,light,2,1,1
2026-03-08T08:00:00+01:00,pedestrian,4,2,2
2026-03-08T09:00:00+01:00,bicycle,1,0,1
2026-03-08T09:00:00+01:00,car,52,63,-11
2026-03-08T09:00:00+01:00,motorcycle,0,1,-1
2026-03-08T09:00:00+01:00,pedestrian,28,20,8
2026-03-08T09:00:00+01:00,van,1,0,1
2026-03-08T10:00:00+01:00,animal,1,0,1
2026-03-08T10:00:00+01:00,car,26,30,-4
2026-03-08T10:00:00+01:00,pedestrian,12,14,-2
2026-03-08T11:00:00+01:00,bicycle,1,0,1
2026-03-08T11:00:00+01:00,car,36,45,-9
2026-03-08T11:00:00+01:00,car trailer,1,1,0
2026-03-08T11:00:00+01:00,pedestrian,24,19,5
2026-03-08T11:00:00+01:00,van,2,1,1
2026-03-08T12:00:00+01:00,bicycle,4,4,0
2026-03-08T12:00:00+01:00,car,35,36,-1
2026-03-08T12:00:00+01:00,motorcycle,1,0,1
2026-03-08T12:00:00+01:00,pedestrian,26,43,-17
2026-03-08T12:00:00+01:00,van,1,0,1
2026-03-08T13:00:00+01:00,bicycle,4,4,0
2026-03-08T13:00:00+01:00,car,50,50,0
2026-03-08T13:00:00+01:00,pedestrian,53,67,-14
2026-03-08T13:00:00+01:00,pram,1,0,1
2026-03-08T13:00:00+01:00,van,2,2,0
2026-03-08T14:00:00+01:00,bicycle,2,3,-1
2026-03-08T14:00:00+01:00,car,29,20,9
2026-03-08T14:00:00+01:00,pedestrian,41,67,-26
2026-03-08T14:00:00+01:00,pram,0,1,-1
2026-03-08T14:00:00+01:00,van,0,1,-1
2026-03-08T15:00:00+01:00,bicycle,1,0,1
2026-03-08T15:00:00+01:00,car,48,39,9
2026-03-08T15:00:00+01:00,pedestrian,40,44,-4
2026-03-08T16:00:00+01:00,bicycle,3,5,-2
2026-03-08T16:00:00+01:00,car,26,27,-1
2026-03-08T16:00:00+01:00,pedestrian,59,58,1
2026-03-08T17:00:00+01:00,animal,0,1,-1
2026-03-08T17:00:00+01:00,bicycle,2,4,-2
2026-03-08T17:00:00+01:00,car,18,16,2
2026-03-08T17:00:00+01:00,pedestrian,30,49,-19
2026-03-08T17:00:00+01:00,van,1,1,0
2026-03-08T18:00:00+01:00,bicycle,1,0,1
2026-03-08T18:00:00+01:00,car,21,26,-5
2026-03-08T18:00:00+01:00,pedestrian,28,42,-14
2026-03-08T19:00:00+01:00,car,15,13,2
2026-03-08T19:00:00+01:00,pedestrian,3,5,-2
2026-03-08T20:00:00+01:00,bicycle,1,0,1
2026-03-08T20:00:00+01:00,car,20,15,5
2026-03-08T20:00:00+01:00,pedestrian,3,7,-4
2026-03-08T21:00:00+01:00,car,16,9,7
2026-03-08T21:00:00+01:00,pedestrian,9,0,9
2026-03-08T22:00:00+01:00,car,5,6,-1
2026-03-08T22:00:00+01:00,pedestrian,2,3,-1
2026-03-09T00:00:00+01:00,car,1,1,0
2026-03-09T04:00:00+01:00,car,0,1,-1
2026-03-09T04:00:00+01:00,van,2,0,2
2026-03-09T05:00:00+01:00,bus,1,1,0
2026-03-09T05:00:00+01:00,car,1,1,0
2026-03-09T05:00:00+01:00,light,3,0,3
2026-03-09T05:00:00+01:00,pedestrian,0,1,-1
2026-03-09T06:00:00+01:00,car,10,14,-4
2026-03-09T06:00:00+01:00,car trailer,0,1,-1
2026-03-09T06:00:00+01:00,light,7,9,-2
2026-03-09T06:00:00+01:00,pedestrian,1,2,-1
2026-03-09T06:00:00+01:00,van,1,3,-2
2026-03-09T07:00:00+01:00,animal,1,0,1
2026-03-09T07:00:00+01:00,bicycle,2,2,0
2026-03-09T07:00:00+01:00,bus,1,0,1
2026-03-09T07:00:00+01:00,car,12,23,-11
2026-03-09T07:00:00+01:00,light,1,5,-4
2026-03-09T07:00:00+01:00,motorcycle,1,1,0
2026-03-09T07:00:00+01:00,pedestrian,23,8,15
2026-03-09T07:00:00+01:00,van,0,1,-1
2026-03-09T08:00:00+01:00,bicycle,3,2,1
2026-03-09T08:00:00+01:00,car,25,39,-14
2026-03-09T08:00:00+01:00,light,1,1,0
2026-03-09T08:00:00+01:00,pedestrian,21,17,4
2026-03-09T08:00:00+01:00,van,9,15,-6
2026-03-09T09:00:00+01:00,bicycle,1,1,0
2026-03-09T09:00:00+01:00,car,27,35,-8
2026-03-09T09:00:00+01:00,light,1,1,0
2026-03-09T09:00:00+01:00,pedestrian,27,24,3
2026-03-09T09:00:00+01:00,van,9,5,4
2026-03-09T10:00:00+01:00,bicycle,0,2,-2
2026-03-09T10:00:00+01:00,car,28,17,11
2026-03-09T10:00:00+01:00,light,4,5,-1
2026-03-09T10:00:00+01:00,pedestrian,42,32,10
2026-03-09T10:00:00+01:00,pram,0,1,-1
2026-03-09T10:00:00+01:00,van,9,7,2
2026-03-09T11:00:00+01:00,bicycle,3,1,2
2026-03-09T11:00:00+01:00,car,27,30,-3
2026-03-09T11:00:00+01:00,light,2,2,0
2026-03-09T11:00:00+01:00,pedestrian,36,37,-1
2026-03-09T11:00:00+01:00,van,9,5,4
2026-03-09T12:00:00+01:00,bicycle,2,1,1
2026-03-09T12:00:00+01:00,car,13,12,1
2026-03-09T12:00:00+01:00,light,1,1,0
2026-03-09T12:00:00+01:00,pedestrian,43,44,-1
2026-03-09T12:00:00+01:00,van,6,6,0
2026-03-09T13:00:00+01:00,bicycle,4,9,-5
2026-03-09T13:00:00+01:00,car,13,15,-2
2026-03-09T13:00:00+01:00,pedestrian,61,61,0
2026-03-09T13:00:00+01:00,pram,1,1,0
2026-03-09T13:00:00+01:00,van,5,5,0
2026-03-09T14:00:00+01:00,bicycle,5,3,2
2026-03-09T14:00:00+01:00,car,21,12,9
2026-03-09T14:00:00+01:00,pedestrian,48,49,-1
2026-03-09T14:00:00+01:00,pram,0,1,-1
2026-03-09T14:00:00+01:00,van,6,3,3
2026-03-09T15:00:00+01:00,bicycle,3,1,2
2026-03-09T15:00:00+01:00,car,23,18,5
2026-03-09T15:00:00+01:00,light,2,0,2
2026-03-09T15:00:00+01:00,pedestrian,70,63,7
2026-03-09T15:00:00+01:00,van,5,4,1
2026-03-09T16:00:00+01:00,bicycle,3,3,0
2026-03-09T16:00:00+01:00,car,19,17,2
2026-03-09T16:00:00+01:00,pedestrian,81,87,-6
2026-03-09T16:00:00+01:00,van,2,1,1
2026-03-09T17:00:00+01:00,animal,0,1,-1
2026-03-09T17:00:00+01:00,bicycle,8,11,-3
2026-03-09T17:00:00+01:00,car,28,23,5
2026-03-09T17:00:00+01:00,car trailer,2,1,1
2026-03-09T17:00:00+01:00,pedestrian,83,105,-22
2026-03-09T18:00:00+01:00,bicycle,1,2,-1
2026-03-09T18:00:00+01:00,car,26,27,-1
2026-03-09T18:00:00+01:00,motorcycle,1,0,1
2026-03-09T18:00:00+01:00,pedestrian,52,57,-5
2026-03-09T18:00:00+01:00,pram,0,1,-1
2026-03-09T19:00:00+01:00,car,13,11,2
2026-03-09T19:00:00+01:00,pedestrian,6,8,-2
2026-03-09T20:00:00+01:00,car,15,10,5
2026-03-09T20:00:00+01:00,pedestrian,4,6,-2
2026-03-09T21:00:00+01:00,bus,0,1,-1
2026-03-09T21:00:00+01:00,car,16,15,1
2026-03-09T21:00:00+01:00,pedestrian,7,5,2
2026-03-09T22:00:00+01:00,car,4,3,1
2026-03-09T22:00:00+01:00,pedestrian,4,3,1
2026-03-09T23:00:00+01:00,pedestrian,2,0,2
2026-03-10T00:00:00+01:00,bus,1,0,1
2026-03-10T00:00:00+01:00,car,3,5,-2
2026-03-10T00:00:00+01:00,pedestrian,1,1,0
2026-03-10T01:00:00+01:00,car,0,1,-1
2026-03-10T01:00:00+01:00,pedestrian,1,0,1
2026-03-10T04:00:00+01:00,car,2,0,2
2026-03-10T05:00:00+01:00,light,1,1,0
2026-03-10T06:00:00+01:00,car,1,4,-3
2026-03-10T06:00:00+01:00,light,1,3,-2
2026-03-10T06:00:00+01:00,pedestrian,5,2,3
2026-03-10T06:00:00+01:00,van,2,1,1
2026-03-10T07:00:00+01:00,bicycle,4,2,2
2026-03-10T07:00:00+01:00,car,12,22,-10
2026-03-10T07:00:00+01:00,light,5,5,0
2026-03-10T07:00:00+01:00,motorcycle,1,4,-3
2026-03-10T07:00:00+01:00,pedestrian,57,38,19
2026-03-10T07:00:00+01:00,van,5,13,-8
2026-03-10T08:00:00+01:00,bicycle,2,3,-1
2026-03-10T08:00:00+01:00,car,28,26,2
2026-03-10T08:00:00+01:00,car trailer,1,0,1
2026-03-10T08:00:00+01:00,light,5,2,3
2026-03-10T08:00:00+01:00,motorcycle,2,1,1
2026-03-10T08:00:00+01:00,pedestrian,32,37,-5
2026-03-10T08:00:00+01:00,pram,0,1,-1
2026-03-10T08:00:00+01:00,van,3,5,-2
2026-03-10T09:00:00+01:00,bicycle,8,6,2
2026-03-10T09:00:00+01:00,car,23,21,2
2026-03-10T09:00:00+01:00,light,2,1,1
2026-03-10T09:00:00+01:00,motorcycle,1,1,0
2026-03-10T09:00:00+01:00,pedestrian,48,66,-18
2026-03-10T09:00:00+01:00,van,10,9,1
2026-03-10T10:00:00+01:00,bicycle,4,4,0
2026-03-10T10:00:00+01:00,car,30,36,-6
2026-03-10T10:00:00+01:00,light,1,1,0
2026-03-10T10:00:00+01:00,pedestrian,71,73,-2
2026-03-10T10:00:00+01:00,pram,1,1,0
2026-03-10T10:00:00+01:00,van,7,3,4
2026-03-10T11:00:00+01:00,bicycle,1,1,0
2026-03-10T11:00:00+01:00,car,35,40,-5
2026-03-10T11:00:00+01:00,heavy,3,4,-1
2026-03-10T11:00:00+01:00,light,5,4,1
2026-03-10T11:00:00+01:00,motorcycle,3,1,2
2026-03-10T11:00:00+01:00,pedestrian,98,109,-11
2026-03-10T11:00:00+01:00,pram,2,1,1
2026-03-10T11:00:00+01:00,van,4,4,0
2026-03-10T12:00:00+01:00,bicycle,4,9,-5
2026-03-10T12:00:00+01:00,car,28,25,3
2026-03-10T12:00:00+01:00,light,2,3,-1
2026-03-10T12:00:00+01:00,motorcycle,6,4,2
2026-03-10T12:00:00+01:00,pedestrian,120,131,-11
2026-03-10T12:00:00+01:00,van,6,9,-3
2026-03-10T13:00:00+01:00,bicycle,1,1,0
2026-03-10T13:00:00+01:00,car,27,23,4
2026-03-10T13:00:00+01:00,car trailer,0,1,-1
2026-03-10T13:00:00+01:00,light,5,3,2
2026-03-10T13:00:00+01:00,motorcycle,0,1,-1
2026-03-10T13:00:00+01:00,pedestrian,90,87,3
2026-03-10T13:00:00+01:00,van,7,5,2
2026-03-10T14:00:00+01:00,bicycle,11,8,3
2026-03-10T14:00:00+01:00,car,36,22,14
2026-03-10T14:00:00+01:00,car trailer,1,0,1
2026-03-10T14:00:00+01:00,motorcycle,0,1,-1
2026-03-10T14:00:00+01:00,pedestrian,91,78,13
2026-03-10T14:00:00+01:00,van,5,3,2
2026-03-10T15:00:00+01:00,bicycle,7,7,0
2026-03-10T15:00:00+01:00,car,23,23,0
2026-03-10T15:00:00+01:00,light,6,3,3
2026-03-10T15:00:00+01:00,motorcycle,1,0,1
2026-03-10T15:00:00+01:00,pedestrian,75,73,2
2026-03-10T15:00:00+01:00,van,5,4,1
2026-03-10T16:00:00+01:00,bicycle,9,5,4
2026-03-10T16:00:00+01:00,car,30,26,4
2026-03-10T16:00:00+01:00,car trailer,1,0,1
2026-03-10T16:00:00+01:00,motorcycle,2,3,-1
2026-03-10T16:00:00+01:00,pedestrian,73,81,-8
2026-03-10T16:00:00+01:00,van,1,1,0
2026-03-10T17:00:00+01:00,bicycle,5,9,-4
2026-03-10T17:00:00+01:00,car,36,34,2
2026-03-10T17:00:00+01:00,motorcycle,3,0,3
2026-03-10T17:00:00+01:00,pedestrian,68,70,-2
2026-03-10T17:00:00+01:00,pram,0,1,-1
2026-03-10T18:00:00+01:00,bicycle,5,5,0
2026-03-10T18:00:00+01:00,car,16,20,-4
2026-03-10T18:00:00+01:00,motorcycle,2,0,2
2026-03-10T18:00:00+01:00,pedestrian,52,77,-25
2026-03-10T18:00:00+01:00,pram,0,1,-1
2026-03-10T19:00:00+01:00,car,15,16,-1
2026-03-10T19:00:00+01:00,motorcycle,0,1,-1
2026-03-10T19:00:00+01:00,pedestrian,9,7,2
2026-03-10T20:00:00+01:00,car,16,13,3
2026-03-10T20:00:00+01:00,motorcycle,1,0,1
2026-03-10T20:00:00+01:00,pedestrian,13,6,7
2026-03-10T21:00:00+01:00,car,15,8,7
2026-03-10T21:00:00+01:00,pedestrian,3,0,3
2026-03-10T22:00:00+01:00,car,4,3,1
2026-03-10T22:00:00+01:00,pedestrian,1,0,1
2026-03-10T23:00:00+01:00,bus,0,1,-1
2026-03-10T23:00:00+01:00,car,1,1,0
2026-03-11T00:00:00+01:00,car,1,2,-1
2026-03-11T01:00:00+01:00,bus,0,1,-1
2026-03-11T01:00:00+01:00,car,0,1,-1
2026-03-11T01:00:00+01:00,light,0,3,-3
2026-03-11T02:00:00+01:00,car,3,1,2
2026-03-11T02:00:00+01:00,light,1,0,1
2026-03-11T03:00:00+01:00,car,0,2,-2
2026-03-11T04:00:00+01:00,bus,0,1,-1
2026-03-11T04:00:00+01:00,car,1,0,1
2026-03-11T04:00:00+01:00,light,1,0,1
2026-03-11T05:00:00+01:00,car,1,0,1
2026-03-11T05:00:00+01:00,light,1,0,1
2026-03-11T05:00:00+01:00,pedestrian,0,2,-2
2026-03-11T05:00:00+01:00,van,1,0,1
2026-03-11T06:00:00+01:00,car,6,5,1
2026-03-11T06:00:00+01:00,light,1,0,1
2026-03-11T06:00:00+01:00,pedestrian,1,1,0
2026-03-11T06:00:00+01:00,van,1,5,-4
2026-03-11T07:00:00+01:00,bicycle,4,2,2
2026-03-11T07:00:00+01:00,car,30,43,-13
2026-03-11T07:00:00+01:00,light,5,7,-2
2026-03-11T07:00:00+01:00,pedestrian,23,17,6
2026-03-11T07:00:00+01:00,pram,0,1,-1
2026-03-11T07:00:00+01:00,van,5,7,-2
2026-03-11T08:00:00+01:00,bicycle,2,1,1
2026-03-11T08:00:00+01:00,bus,0,1,-1
2026-03-11T08:00:00+01:00,car,29,29,0
2026-03-11T08:00:00+01:00,motorcycle,1,0,1
2026-03-11T08:00:00+01:00,pedestrian,30,40,-10
2026-03-11T08:00:00+01:00,van,5,5,0
2026-03-11T08:00:00+01:00,wheelchair,0,1,-1
2026-03-11T09:00:00+01:00,bicycle,0,3,-3
2026-03-11T09:00:00+01:00,bus,1,0,1
2026-03-11T09:00:00+01:00,car,17,28,-11
2026-03-11T09:00:00+01:00,light,2,1,1
2026-03-11T09:00:00+01:00,motorcycle,2,0,2
2026-03-11T09:00:00+01:00,pedestrian,47,38,9
2026-03-11T09:00:00+01:00,van,4,5,-1
2026-03-11T10:00:00+01:00,bicycle,4,1,3
2026-03-11T10:00:00+01:00,car,27,37,-10
2026-03-11T10:00:00+01:00,car trailer,1,1,0
2026-03-11T10:00:00+01:00,light,2,2,0
2026-03-11T10:00:00+01:00,pedestrian,54,52,2
2026-03-11T10:00:00+01:00,pram,2,0,2
2026-03-11T10:00:00+01:00,van,7,7,0
2026-03-11T11:00:00+01:00,bicycle,3,7,-4
2026-03-11T11:00:00+01:00,car,43,43,0
2026-03-11T11:00:00+01:00,car trailer,1,0,1
2026-03-11T11:00:00+01:00,light,3,3,0
2026-03-11T11:00:00+01:00,motorcycle,0,1,-1
2026-03-11T11:00:00+01:00,pedestrian,62,66,-4
2026-03-11T11:00:00+01:00,pram,0,1,-1
2026-03-11T11:00:00+01:00,van,8,7,1
2026-03-11T12:00:00+01:00,bicycle,7,5,2
2026-03-11T12:00:00+01:00,car,55,56,-1
2026-03-11T12:00:00+01:00,pedestrian,51,63,-12
2026-03-11T12:00:00+01:00,van,4,9,-5
2026-03-11T13:00:00+01:00,bicycle,3,3,0
2026-03-11T13:00:00+01:00,car,55,57,-2
2026-03-11T13:00:00+01:00,light,1,1,0
2026-03-11T13:00:00+01:00,motorcycle,0,1,-1
2026-03-11T13:00:00+01:00,pedestrian,32,47,-15
2026-03-11T13:00:00+01:00,van,5,4,1
2026-03-11T14:00:00+01:00,bicycle,5,2,3
2026-03-11T14:00:00+01:00,car,55,41,14
2026-03-11T14:00:00+01:00,motorcycle,0,1,-1
2026-03-11T14:00:00+01:00,pedestrian,58,46,12
2026-03-11T14:00:00+01:00,pram,0,1,-1
2026-03-11T14:00:00+01:00,van,4,5,-1
2026-03-11T15:00:00+01:00,bicycle,3,6,-3
2026-03-11T15:00:00+01:00,car,54,39,15
2026-03-11T15:00:00+01:00,car trailer,1,0,1
2026-03-11T15:00:00+01:00,light,4,3,1
2026-03-11T15:00:00+01:00,pedestrian,70,84,-14
2026-03-11T15:00:00+01:00,van,2,2,0
2026-03-11T16:00:00+01:00,bicycle,2,4,-2
2026-03-11T16:00:00+01:00,car,42,39,3
2026-03-11T16:00:00+01:00,pedestrian,44,41,3
2026-03-11T16:00:00+01:00,pram,1,0,1
2026-03-11T16:00:00+01:00,van,1,0,1
2026-03-11T17:00:00+01:00,car,82,82,0
2026-03-11T17:00:00+01:00,pedestrian,19,28,-9
2026-03-11T17:00:00+01:00,van,1,0,1
2026-03-11T18:00:00+01:00,bicycle,1,0,1
2026-03-11T18:00:00+01:00,car,89,94,-5
2026-03-11T18:00:00+01:00,light,4,3,1
2026-03-11T18:00:00+01:00,pedestrian,21,34,-13
2026-03-11T19:00:00+01:00,car,19,16,3
2026-03-11T19:00:00+01:00,pedestrian,1,3,-2
2026-03-11T20:00:00+01:00,bus,1,1,0
2026-03-11T20:00:00+01:00,car,12,10,2
2026-03-11T20:00:00+01:00,pedestrian,1,6,-5
2026-03-11T21:00:00+01:00,car,13,8,5
2026-03-11T21:00:00+01:00,pedestrian,4,3,1
2026-03-11T22:00:00+01:00,car,4,2,2
2026-03-11T22:00:00+01:00,motorcycle,0,1,-1
2026-03-11T22:00:00+01:00,pedestrian,1,0,1
2026-03-11T23:00:00+01:00,car,2,2,0
2026-03-11T23:00:00+01:00,pedestrian,1,1,0
2026-03-12T00:00:00+01:00,car,0,1,-1
2026-03-12T01:00:00+01:00,pedestrian,0,1,-1
2026-03-12T02:00:00+01:00,car,0,1,-1
2026-03-12T05:00:00+01:00,bus,1,0,1
2026-03-12T05:00:00+01:00,car,2,1,1
2026-03-12T05:00:00+01:00,light,1,0,1
2026-03-12T05:00:00+01:00,pedestrian,0,3,-3
2026-03-12T06:00:00+01:00,bicycle,2,0,2
2026-03-12T06:00:00+01:00,car,20,23,-3
2026-03-12T06:00:00+01:00,light,1,1,0
2026-03-12T06:00:00+01:00,motorcycle,1,0,1
2026-03-12T06:00:00+01:00,pedestrian,8,5,3
2026-03-12T06:00:00+01:00,van,1,1,0
2026-03-12T07:00:00+01:00,bicycle,5,8,-3
2026-03-12T07:00:00+01:00,car,36,37,-1
2026-03-12T07:00:00+01:00,light,4,8,-4
2026-03-12T07:00:00+01:00,motorcycle,2,0,2
2026-03-12T07:00:00+01:00,pedestrian,46,19,27
2026-03-12T07:00:00+01:00,pram,0,1,-1
2026-03-12T07:00:00+01:00,van,3,3,0
2026-03-12T08:00:00+01:00,bicycle,4,5,-1
2026-03-12T08:00:00+01:00,car,26,32,-6
2026-03-12T08:00:00+01:00,car trailer,1,1,0
2026-03-12T08:00:00+01:00,light,4,5,-1
2026-03-12T08:00:00+01:00,pedestrian,23,25,-2
2026-03-12T08:00:00+01:00,scooter,0,1,-1
2026-03-12T08:00:00+01:00,van,5,3,2
2026-03-12T08:00:00+01:00,wheelchair,0,1,-1
2026-03-12T09:00:00+01:00,bicycle,0,4,-4
2026-03-12T09:00:00+01:00,bus,1,0,1
2026-03-12T09:00:00+01:00,car,25,36,-11
2026-03-12T09:00:00+01:00,light,4,4,0
2026-03-12T09:00:00+01:00,pedestrian,36,36,0
2026-03-12T09:00:00+01:00,pram,0,1,-1
2026-03-12T09:00:00+01:00,van,8,12,-4
2026-03-12T10:00:00+01:00,car,43,41,2
2026-03-12T10:00:00+01:00,car trailer,1,0,1
2026-03-12T10:00:00+01:00,light,3,3,0
2026-03-12T10:00:00+01:00,pedestrian,27,26,1
2026-03-12T10:00:00+01:00,van,10,7,3
2026-03-12T11:00:00+01:00,bicycle,1,8,-7
2026-03-12T11:00:00+01:00,car,24,21,3
2026-03-12T11:00:00+01:00,light,4,2,2
2026-03-12T11:00:00+01:00,pedestrian,52,48,4
2026-03-12T11:00:00+01:00,van,5,6,-1
2026-03-12T11:00:00+01:00,wheelchair,0,1,-1
2026-03-12T12:00:00+01:00,bicycle,6,3,3
2026-03-12T12:00:00+01:00,car,34,43,-9
2026-03-12T12:00:00+01:00,motorcycle,1,0,1
2026-03-12T12:00:00+01:00,pedestrian,73,82,-9
2026-03-12T12:00:00+01:00,van,9,8,1
2026-03-12T12:00:00+01:00,wheelchair,1,0,1
2026-03-12T13:00:00+01:00,bicycle,6,3,3
2026-03-12T13:00:00+01:00,car,28,20,8
2026-03-12T13:00:00+01:00,light,3,2,1
2026-03-12T13:00:00+01:00,pedestrian,74,65,9
2026-03-12T13:00:00+01:00,pram,1,0,1
2026-03-12T13:00:00+01:00,van,5,3,2
2026-03-12T14:00:00+01:00,bicycle,4,11,-7
2026-03-12T14:00:00+01:00,car,30,19,11
2026-03-12T14:00:00+01:00,light,2,2,0
2026-03-12T14:00:00+01:00,pedestrian,75,73,2
2026-03-12T14:00:00+01:00,van,5,1,4
2026-03-12T15:00:00+01:00,bicycle,6,1,5
2026-03-12T15:00:00+01:00,car,24,24,0
2026-03-12T15:00:00+01:00,light,3,3,0
2026-03-12T15:00:00+01:00,motorcycle,2,1,1
2026-03-12T15:00:00+01:00,pedestrian,75,63,12
2026-03-12T15:00:00+01:00,van,4,4,0
2026-03-12T16:00:00+01:00,bicycle,5,4,1
2026-03-12T16:00:00+01:00,car,28,27,1
2026-03-12T16:00:00+01:00,pedestrian,66,68,-2
2026-03-12T16:00:00+01:00,van,2,3,-1
2026-03-12T17:00:00+01:00,bicycle,5,6,-1
2026-03-12T17:00:00+01:00,car,34,42,-8
2026-03-12T17:00:00+01:00,pedestrian,77,97,-20
2026-03-12T17:00:00+01:00,pram,0,1,-1
2026-03-12T17:00:00+01:00,scooter,0,1,-1
2026-03-12T17:00:00+01:00,van,2,1,1
2026-03-12T18:00:00+01:00,bicycle,3,1,2
2026-03-12T18:00:00+01:00,car,38,44,-6
2026-03-12T18:00:00+01:00,motorcycle,1,0,1
2026-03-12T18:00:00+01:00,pedestrian,53,65,-12
2026-03-12T18:00:00+01:00,van,1,3,-2
2026-03-12T19:00:00+01:00,car,19,19,0
2026-03-12T19:00:00+01:00,pedestrian,10,19,-9
2026-03-12T20:00:00+01:00,bicycle,0,1,-1
2026-03-12T20:00:00+01:00,car,32,15,17
2026-03-12T20:00:00+01:00,pedestrian,20,21,-1
2026-03-12T20:00:00+01:00,van,0,1,-1
2026-03-12T21:00:00+01:00,car,20,12,8
2026-03-12T21:00:00+01:00,pedestrian,4,11,-7
2026-03-12T21:00:00+01:00,van,1,1,0
2026-03-12T22:00:00+01:00,car,17,6,11
2026-03-12T22:00:00+01:00,pedestrian,4,3,1
2026-03-12T22:00:00+01:00,van,0,1,-1
2026-03-12T23:00:00+01:00,car,3,2,1
2026-03-12T23:00:00+01:00,pedestrian,3,3,0
2026-03-13T00:00:00+01:00,car,8,11,-3
2026-03-13T00:00:00+01:00,pedestrian,5,2,3
2026-03-13T01:00:00+01:00,car,5,6,-1
2026-03-13T01:00:00+01:00,pedestrian,2,1,1
2026-03-13T01:00:00+01:00,van,2,0,2
2026-03-13T02:00:00+01:00,car,6,3,3
2026-03-13T02:00:00+01:00,motorcycle,0,1,-1
2026-03-13T02:00:00+01:00,pedestrian,2,5,-3
2026-03-13T03:00:00+01:00,car,2,3,-1
2026-03-13T04:00:00+01:00,car,0,2,-2
2026-03-13T04:00:00+01:00,pedestrian,1,1,0
2026-03-13T04:00:00+01:00,van,1,0,1
2026-03-13T05:00:00+01:00,car,2,4,-2
2026-03-13T05:00:00+01:00,light,1,0,1
2026-03-13T05:00:00+01:00,pedestrian,0,1,-1
2026-03-13T06:00:00+01:00,bicycle,1,1,0
2026-03-13T06:00:00+01:00,bus,1,2,-1
2026-03-13T06:00:00+01:00,car,18,10,8
2026-03-13T06:00:00+01:00,car trailer,1,1,0
2026-03-13T06:00:00+01:00,light,6,6,0
2026-03-13T06:00:00+01:00,pedestrian,6,8,-2
2026-03-13T06:00:00+01:00,van,2,3,-1
2026-03-13T07:00:00+01:00,bicycle,3,5,-2
2026-03-13T07:00:00+01:00,car,16,17,-1
2026-03-13T07:00:00+01:00,light,3,5,-2
2026-03-13T07:00:00+01:00,motorcycle,0,1,-1
2026-03-13T07:00:00+01:00,pedestrian,27,26,1
2026-03-13T07:00:00+01:00,van,3,1,2
2026-03-13T08:00:00+01:00,bicycle,0,3,-3
2026-03-13T08:00:00+01:00,car,19,26,-7
2026-03-13T08:00:00+01:00,light,2,1,1
2026-03-13T08:00:00+01:00,motorcycle,0,1,-1
2026-03-13T08:00:00+01:00,pedestrian,20,37,-17
2026-03-13T08:00:00+01:00,pram,0,1,-1
2026-03-13T08:00:00+01:00,van,1,2,-1
2026-03-13T09:00:00+01:00,bicycle,5,4,1
2026-03-13T09:00:00+01:00,car,23,29,-6
2026-03-13T09:00:00+01:00,light,3,4,-1
2026-03-13T09:00:00+01:00,pedestrian,21,28,-7
2026-03-13T09:00:00+01:00,van,5,3,2
2026-03-13T10:00:00+01:00,bicycle,0,3,-3
2026-03-13T10:00:00+01:00,car,44,52,-8
2026-03-13T10:00:00+01:00,light,3,1,2
2026-03-13T10:00:00+01:00,pedestrian,39,41,-2
2026-03-13T10:00:00+01:00,van,10,7,3
2026-03-13T11:00:00+01:00,bicycle,2,4,-2
2026-03-13T11:00:00+01:00,car,48,52,-4
2026-03-13T11:00:00+01:00,light,1,0,1
2026-03-13T11:00:00+01:00,motorcycle,0,1,-1
2026-03-13T11:00:00+01:00,pedestrian,57,56,1
2026-03-13T11:00:00+01:00,van,8,5,3
2026-03-13T12:00:00+01:00,bicycle,4,0,4
2026-03-13T12:00:00+01:00,car,35,41,-6
2026-03-13T12:00:00+01:00,light,6,3,3
2026-03-13T12:00:00+01:00,pedestrian,98,79,19
2026-03-13T12:00:00+01:00,van,12,9,3
2026-03-13T13:00:00+01:00,bicycle,8,8,0
2026-03-13T13:00:00+01:00,car,45,36,9
2026-03-13T13:00:00+01:00,motorcycle,1,2,-1
2026-03-13T13:00:00+01:00,pedestrian,68,74,-6
2026-03-13T13:00:00+01:00,van,4,5,-1
2026-03-13T13:00:00+01:00,wheelchair,1,0,1
2026-03-13T14:00:00+01:00,bicycle,3,9,-6
2026-03-13T14:00:00+01:00,car,73,65,8
2026-03-13T14:00:00+01:00,motorcycle,3,1,2
2026-03-13T14:00:00+01:00,pedestrian,75,88,-13
2026-03-13T14:00:00+01:00,pram,2,1,1
2026-03-13T14:00:00+01:00,van,2,4,-2
2026-03-13T15:00:00+01:00,bicycle,7,5,2
2026-03-13T15:00:00+01:00,car,63,66,-3
2026-03-13T15:00:00+01:00,pedestrian,74,103,-29
2026-03-13T15:00:00+01:00,van,1,0,1
2026-03-13T16:00:00+01:00,animal,1,1,0
2026-03-13T16:00:00+01:00,bicycle,4,4,0
2026-03-13T16:00:00+01:00,car,41,30,11
2026-03-13T16:00:00+01:00,pedestrian,77,79,-2
2026-03-13T16:00:00+01:00,scooter,0,2,-2
2026-03-13T16:00:00+01:00,van,0,1,-1
2026-03-13T17:00:00+01:00,bicycle,2,4,-2
2026-03-13T17:00:00+01:00,car,43,47,-4
2026-03-13T17:00:00+01:00,pedestrian,87,118,-31
2026-03-13T17:00:00+01:00,van,1,1,0
2026-03-13T18:00:00+01:00,bicycle,9,8,1
2026-03-13T18:00:00+01:00,bus,1,1,0
2026-03-13T18:00:00+01:00,car,32,44,-12
2026-03-13T18:00:00+01:00,pedestrian,84,100,-16
2026-03-13T18:00:00+01:00,scooter,0,1,-1
2026-03-13T18:00:00+01:00,van,3,4,-1
2026-03-13T19:00:00+01:00,car,26,26,0
2026-03-13T19:00:00+01:00,pedestrian,9,7,2
2026-03-13T20:00:00+01:00,car,12,10,2
2026-03-13T20:00:00+01:00,pedestrian,5,7,-2
2026-03-13T21:00:00+01:00,car,23,27,-4
2026-03-13T21:00:00+01:00,pedestrian,6,6,0
2026-03-13T21:00:00+01:00,van,3,0,3
2026-03-13T22:00:00+01:00,bicycle,0,3,-3
2026-03-13T22:00:00+01:00,car,20,11,9
2026-03-13T22:00:00+01:00,pedestrian,5,3,2
2026-03-13T23:00:00+01:00,car,12,11,1
2026-03-13T23:00:00+01:00,pedestrian,14,10,4
2026-03-14T00:00:00+01:00,car,14,14,0
2026-03-14T00:00:00+01:00,pedestrian,6,5,1
2026-03-14T00:00:00+01:00,van,1,0,1
2026-03-14T01:00:00+01:00,car,6,5,1
2026-03-14T01:00:00+01:00,motorcycle,0,1,-1
2026-03-14T01:00:00+01:00,pedestrian,11,6,5
2026-03-14T02:00:00+01:00,car,3,5,-2
2026-03-14T02:00:00+01:00,pedestrian,14,8,6
2026-03-14T03:00:00+01:00,car,10,11,-1
2026-03-14T03:00:00+01:00,pedestrian,5,3,2
2026-03-14T04:00:00+01:00,car,5,4,1
2026-03-14T04:00:00+01:00,pedestrian,12,4,8
2026-03-14T05:00:00+01:00,car,4,5,-1
2026-03-14T05:00:00+01:00,pedestrian,3,2,1
2026-03-14T06:00:00+01:00,bicycle,1,1,0
2026-03-14T06:00:00+01:00,car,4,5,-1
2026-03-14T06:00:00+01:00,pedestrian,1,1,0
2026-03-14T06:00:00+01:00,van,1,0,1
2026-03-14T07:00:00+01:00,car,7,7,0
2026-03-14T07:00:00+01:00,light,0,1,-1
2026-03-14T07:00:00+01:00,pedestrian,8,5,3
2026-03-14T07:00:00+01:00,van,1,1,0
2026-03-14T08:00:00+01:00,animal,1,0,1
2026-03-14T08:00:00+01:00,car,4,3,1
2026-03-14T08:00:00+01:00,motorcycle,0,1,-1
2026-03-14T08:00:00+01:00,pedestrian,13,15,-2
2026-03-14T08:00:00+01:00,pram,0,1,-1
2026-03-14T08:00:00+01:00,wheelchair,1,0,1
2026-03-14T09:00:00+01:00,bicycle,1,1,0
2026-03-14T09:00:00+01:00,car,23,24,-1
2026-03-14T09:00:00+01:00,light,1,1,0
2026-03-14T09:00:00+01:00,pedestrian,33,23,10
2026-03-14T09:00:00+01:00,van,2,3,-1
2026-03-14T10:00:00+01:00,bicycle,4,5,-1
2026-03-14T10:00:00+01:00,bus,1,1,0
2026-03-14T10:00:00+01:00,car,18,41,-23
2026-03-14T10:00:00+01:00,heavy,1,1,0
2026-03-14T10:00:00+01:00,light,3,1,2
2026-03-14T10:00:00+01:00,pedestrian,94,103,-9
2026-03-14T10:00:00+01:00,van,4,3,1
2026-03-14T11:00:00+01:00,animal,1,0,1
2026-03-14T11:00:00+01:00,bicycle,1,4,-3
2026-03-14T11:00:00+01:00,car,21,50,-29
2026-03-14T11:00:00+01:00,motorcycle,0,1,-1
2026-03-14T11:00:00+01:00,pedestrian,159,169,-10
2026-03-14T11:00:00+01:00,van,2,6,-4
2026-03-14T12:00:00+01:00,bicycle,2,1,1
2026-03-14T12:00:00+01:00,car,30,29,1
2026-03-14T12:00:00+01:00,car trailer,1,0,1
2026-03-14T12:00:00+01:00,light,1,4,-3
2026-03-14T12:00:00+01:00,motorcycle,1,0,1
2026-03-14T12:00:00+01:00,pedestrian,127,146,-19
2026-03-14T12:00:00+01:00,pram,1,1,0
2026-03-14T12:00:00+01:00,van,3,2,1
2026-03-14T13:00:00+01:00,bicycle,3,3,0
2026-03-14T13:00:00+01:00,car,54,59,-5
2026-03-14T13:00:00+01:00,motorcycle,0,5,-5
2026-03-14T13:00:00+01:00,pedestrian,92,102,-10
2026-03-14T13:00:00+01:00,pram,0,2,-2
2026-03-14T13:00:00+01:00,scooter,1,1,0
2026-03-14T13:00:00+01:00,van,6,4,2
2026-03-14T14:00:00+01:00,bicycle,4,2,2
2026-03-14T14:00:00+01:00,car,55,32,23
2026-03-14T14:00:00+01:00,motorcycle,3,0,3
2026-03-14T14:00:00+01:00,pedestrian,68,68,0
2026-03-14T14:00:00+01:00,pram,3,3,0
2026-03-14T14:00:00+01:00,van,7,4,3
2026-03-14T15:00:00+01:00,bicycle,3,2,1
2026-03-14T15:00:00+01:00,car,63,37,26
2026-03-14T15:00:00+01:00,pedestrian,57,69,-12
2026-03-14T15:00:00+01:00,van,1,0,1
2026-03-14T16:00:00+01:00,bicycle,0,1,-1
2026-03-14T16:00:00+01:00,car,38,44,-6
2026-03-14T16:00:00+01:00,light,1,1,0
2026-03-14T16:00:00+01:00,pedestrian,37,42,-5
2026-03-14T16:00:00+01:00,van,5,1,4
2026-03-14T17:00:00+01:00,bicycle,3,4,-1
2026-03-14T17:00:00+01:00,car,44,49,-5
2026-03-14T17:00:00+01:00,motorcycle,1,0,1
2026-03-14T17:00:00+01:00,pedestrian,77,92,-15
2026-03-14T17:00:00+01:00,van,1,1,0
2026-03-14T18:00:00+01:00,bicycle,2,1,1
2026-03-14T18:00:00+01:00,car,57,63,-6
2026-03-14T18:00:00+01:00,pedestrian,70,81,-11
2026-03-14T19:00:00+01:00,car,24,20,4
2026-03-14T19:00:00+01:00,motorcycle,0,1,-1
2026-03-14T19:00:00+01:00,pedestrian,11,16,-5
2026-03-14T19:00:00+01:00,van,2,3,-1
2026-03-14T20:00:00+01:00,car,21,15,6
2026-03-14T20:00:00+01:00,pedestrian,16,14,2
2026-03-14T20:00:00+01:00,van,2,2,0
2026-03-14T21:00:00+01:00,bicycle,0,1,-1
2026-03-14T21:00:00+01:00,car,19,10,9
2026-03-14T21:00:00+01:00,pedestrian,8,10,-2
2026-03-14T21:00:00+01:00,van,2,1,1
2026-03-14T22:00:00+01:00,bicycle,1,0,1
2026-03-14T22:00:00+01:00,car,27,11,16
2026-03-14T22:00:00+01:00,pedestrian,4,2,2
2026-03-14T23:00:00+01:00,car,10,10,0
2026-03-14T23:00:00+01:00,pedestrian,4,3,1
2026-03-15T00:00:00+01:00,car,15,12,3
2026-03-15T00:00:00+01:00,pedestrian,8,2,6
2026-03-15T01:00:00+01:00,car,8,9,-1
2026-03-15T01:00:00+01:00,motorcycle,0,1,-1
2026-03-15T01:00:00+01:00,pedestrian,6,4,2
2026-03-15T01:00:00+01:00,van,2,0,2
2026-03-15T02:00:00+01:00,car,11,12,-1
2026-03-15T02:00:00+01:00,pedestrian,2,3,-1
2026-03-15T03:00:00+01:00,car,13,15,-2
2026-03-15T03:00:00+01:00,pedestrian,7,3,4
2026-03-15T04:00:00+01:00,car,4,0,4
2026-03-15T04:00:00+01:00,pedestrian,2,0,2
2026-03-15T05:00:00+01:00,car,8,7,1
2026-03-15T05:00:00+01:00,pedestrian,2,3,-1
2026-03-15T05:00:00+01:00,van,1,2,-1
2026-03-15T06:00:00+01:00,animal,0,1,-1
2026-03-15T06:00:00+01:00,car,1,0,1
2026-03-15T06:00:00+01:00,pedestrian,3,1,2
2026-03-15T06:00:00+01:00,van,2,2,0
2026-03-15T07:00:00+01:00,car,1,0,1
2026-03-15T07:00:00+01:00,pedestrian,10,3,7
2026-03-15T08:00:00+01:00,car,30,35,-5
2026-03-15T08:00:00+01:00,light,1,1,0
2026-03-15T08:00:00+01:00,pedestrian,9,9,0
2026-03-15T08:00:00+01:00,pram,0,1,-1
2026-03-15T08:00:00+01:00,van,1,1,0
2026-03-15T09:00:00+01:00,animal,1,0,1
2026-03-15T09:00:00+01:00,car,34,47,-13
2026-03-15T09:00:00+01:00,pedestrian,11,14,-3
2026-03-15T09:00:00+01:00,van,3,3,0
2026-03-15T10:00:00+01:00,animal,1,0,1
2026-03-15T10:00:00+01:00,bicycle,2,2,0
2026-03-15T10:00:00+01:00,car,38,43,-5
2026-03-15T10:00:00+01:00,car trailer,0,1,-1
2026-03-15T10:00:00+01:00,pedestrian,30,27,3
2026-03-15T10:00:00+01:00,pram,0,1,-1
2026-03-15T10:00:00+01:00,van,0,1,-1
2026-03-15T11:00:00+01:00,bicycle,1,3,-2
2026-03-15T11:00:00+01:00,car,21,30,-9
2026-03-15T11:00:00+01:00,car trailer,0,1,-1
2026-03-15T11:00:00+01:00,motorcycle,0,1,-1
2026-03-15T11:00:00+01:00,pedestrian,43,45,-2
2026-03-15T12:00:00+01:00,bicycle,4,4,0
2026-03-15T12:00:00+01:00,car,20,25,-5
2026-03-15T12:00:00+01:00,pedestrian,34,42,-8
2026-03-15T12:00:00+01:00,van,1,0,1
2026-03-15T13:00:00+01:00,bicycle,0,2,-2
2026-03-15T13:00:00+01:00,car,37,37,0
2026-03-15T13:00:00+01:00,car trailer,0,1,-1
2026-03-15T13:00:00+01:00,pedestrian,47,51,-4
2026-03-15T13:00:00+01:00,van,6,3,3
2026-03-15T14:00:00+01:00,bicycle,2,3,-1
2026-03-15T14:00:00+01:00,car,36,19,17
2026-03-15T14:00:00+01:00,pedestrian,65,52,13
2026-03-15T14:00:00+01:00,pram,1,1,0
2026-03-15T14:00:00+01:00,scooter,0,1,-1
2026-03-15T14:00:00+01:00,van,5,4,1
2026-03-15T15:00:00+01:00,bicycle,3,0,3
2026-03-15T15:00:00+01:00,car,21,16,5
2026-03-15T15:00:00+01:00,motorcycle,0,1,-1
2026-03-15T15:00:00+01:00,pedestrian,48,49,-1
2026-03-15T15:00:00+01:00,van,0,1,-1
2026-03-15T16:00:00+01:00,bicycle,1,2,-1
2026-03-15T16:00:00+01:00,car,32,32,0
2026-03-15T16:00:00+01:00,motorcycle,1,1,0
2026-03-15T16:00:00+01:00,pedestrian,38,46,-8
2026-03-15T16:00:00+01:00,van,1,1,0
2026-03-15T17:00:00+01:00,animal,0,1,-1
2026-03-15T17:00:00+01:00,bicycle,6,3,3
2026-03-15T17:00:00+01:00,car,31,28,3
2026-03-15T17:00:00+01:00,pedestrian,46,55,-9
2026-03-15T17:00:00+01:00,van,1,1,0
2026-03-15T18:00:00+01:00,bicycle,1,4,-3
2026-03-15T18:00:00+01:00,car,30,25,5
2026-03-15T18:00:00+01:00,pedestrian,47,50,-3
2026-03-15T18:00:00+01:00,pram,0,1,-1
2026-03-15T19:00:00+01:00,car,22,19,3
2026-03-15T19:00:00+01:00,pedestrian,3,1,2
2026-03-15T20:00:00+01:00,car,15,12,3
2026-03-15T20:00:00+01:00,pedestrian,1,3,-2
2026-03-15T21:00:00+01:00,car,8,7,1
2026-03-15T21:00:00+01:00,pedestrian,2,0,2
2026-03-15T21:00:00+01:00,van,1,1,0
2026-03-15T22:00:00+01:00,car,6,5,1
2026-03-15T22:00:00+01:00,pedestrian,1,0,1
2026-03-15T23:00:00+01:00,car,4,3,1
2026-03-15T23:00:00+01:00,pedestrian,1,1,0
2026-03-16T00:00:00+01:00,car,4,6,-2
2026-03-16T00:00:00+01:00,van,2,0,2
2026-03-16T01:00:00+01:00,car,2,0,2
2026-03-16T02:00:00+01:00,car,2,3,-1
2026-03-16T02:00:00+01:00,pedestrian,0,1,-1
2026-03-16T02:00:00+01:00,van,0,1,-1
2026-03-16T03:00:00+01:00,car,0,2,-2
2026-03-16T03:00:00+01:00,van,15,25,-10
2026-03-16T04:00:00+01:00,car,2,1,1
2026-03-16T04:00:00+01:00,van,26,33,-7
2026-03-16T05:00:00+01:00,car,2,2,0
2026-03-16T05:00:00+01:00,van,32,37,-5
2026-03-16T06:00:00+01:00,bus,0,1,-1
2026-03-16T06:00:00+01:00,car,61,74,-13
2026-03-16T06:00:00+01:00,light,6,5,1
2026-03-16T06:00:00+01:00,pedestrian,1,1,0
2026-03-16T06:00:00+01:00,van,3,6,-3
2026-03-16T07:00:00+01:00,bicycle,2,2,0
2026-03-16T07:00:00+01:00,car,51,50,1
2026-03-16T07:00:00+01:00,light,1,1,0
2026-03-16T07:00:00+01:00,pedestrian,8,2,6
2026-03-16T07:00:00+01:00,van,5,9,-4
2026-03-16T08:00:00+01:00,bicycle,0,1,-1
2026-03-16T08:00:00+01:00,car,32,43,-11
2026-03-16T08:00:00+01:00,car trailer,0,1,-1
2026-03-16T08:00:00+01:00,light,3,4,-1
2026-03-16T08:00:00+01:00,motorcycle,0,1,-1
2026-03-16T08:00:00+01:00,pedestrian,13,12,1
2026-03-16T08:00:00+01:00,van,5,3,2
2026-03-16T09:00:00+01:00,bicycle,2,0,2
2026-03-16T09:00:00+01:00,car,42,36,6
2026-03-16T09:00:00+01:00,light,3,2,1
2026-03-16T09:00:00+01:00,pedestrian,24,26,-2
2026-03-16T09:00:00+01:00,van,10,6,4
2026-03-16T10:00:00+01:00,bicycle,5,1,4
2026-03-16T10:00:00+01:00,car,62,76,-14
2026-03-16T10:00:00+01:00,light,6,4,2
2026-03-16T10:00:00+01:00,pedestrian,51,47,4
2026-03-16T10:00:00+01:00,van,9,8,1
2026-03-16T10:00:00+01:00,wheelchair,0,1,-1
2026-03-16T11:00:00+01:00,bicycle,3,7,-4
2026-03-16T11:00:00+01:00,car,71,75,-4
2026-03-16T11:00:00+01:00,light,2,1,1
2026-03-16T11:00:00+01:00,pedestrian,54,52,2
2026-03-16T11:00:00+01:00,scooter,0,1,-1
2026-03-16T11:00:00+01:00,van,9,10,-1
2026-03-16T12:00:00+01:00,bicycle,3,4,-1
2026-03-16T12:00:00+01:00,car,16,20,-4
2026-03-16T12:00:00+01:00,light,1,1,0
2026-03-16T12:00:00+01:00,pedestrian,63,71,-8
2026-03-16T12:00:00+01:00,van,7,6,1
2026-03-16T13:00:00+01:00,bicycle,8,5,3
2026-03-16T13:00:00+01:00,car,16,28,-12
2026-03-16T13:00:00+01:00,light,2,2,0
2026-03-16T13:00:00+01:00,pedestrian,43,46,-3
2026-03-16T13:00:00+01:00,pram,1,0,1
2026-03-16T13:00:00+01:00,van,7,9,-2
2026-03-16T14:00:00+01:00,bicycle,2,3,-1
2026-03-16T14:00:00+01:00,car,48,39,9
2026-03-16T14:00:00+01:00,car trailer,1,0,1
2026-03-16T14:00:00+01:00,pedestrian,38,30,8
2026-03-16T14:00:00+01:00,pram,0,1,-1
2026-03-16T14:00:00+01:00,van,5,3,2
2026-03-16T14:00:00+01:00,wheelchair,0,1,-1
2026-03-16T15:00:00+01:00,bicycle,3,5,-2
2026-03-16T15:00:00+01:00,car,35,30,5
2026-03-16T15:00:00+01:00,motorcycle,0,2,-2
2026-03-16T15:00:00+01:00,pedestrian,50,51,-1
2026-03-16T15:00:00+01:00,van,3,1,2
2026-03-16T16:00:00+01:00,bicycle,11,6,5
2026-03-16T16:00:00+01:00,car,28,33,-5
2026-03-16T16:00:00+01:00,light,1,1,0
2026-03-16T16:00:00+01:00,pedestrian,57,51,6
2026-03-16T16:00:00+01:00,van,2,2,0
2026-03-16T17:00:00+01:00,bicycle,1,3,-2
2026-03-16T17:00:00+01:00,car,39,37,2
2026-03-16T17:00:00+01:00,car trailer,2,0,2
2026-03-16T17:00:00+01:00,motorcycle,1,0,1
2026-03-16T17:00:00+01:00,pedestrian,62,62,0
2026-03-16T18:00:00+01:00,bicycle,1,1,0
2026-03-16T18:00:00+01:00,bus,1,2,-1
2026-03-16T18:00:00+01:00,car,28,33,-5
2026-03-16T18:00:00+01:00,pedestrian,59,62,-3
2026-03-16T18:00:00+01:00,pram,0,1,-1
2026-03-16T18:00:00+01:00,van,1,0,1
2026-03-16T19:00:00+01:00,bicycle,1,0,1
2026-03-16T19:00:00+01:00,car,13,11,2
2026-03-16T19:00:00+01:00,motorcycle,1,0,1
2026-03-16T19:00:00+01:00,pedestrian,4,3,1
2026-03-16T20:00:00+01:00,bicycle,0,1,-1
2026-03-16T20:00:00+01:00,car,17,8,9
2026-03-16T20:00:00+01:00,pedestrian,1,1,0
2026-03-16T21:00:00+01:00,car,11,11,0
2026-03-16T21:00:00+01:00,pedestrian,1,1,0
2026-03-16T22:00:00+01:00,car,4,7,-3
2026-03-16T22:00:00+01:00,pedestrian,1,0,1
2026-03-16T23:00:00+01:00,car,5,6,-1
2026-03-16T23:00:00+01:00,pedestrian,2,0,2
2026-03-17T00:00:00+01:00,car,4,3,1
2026-03-17T00:00:00+01:00,pedestrian,0,1,-1
2026-03-17T00:00:00+01:00,van,1,0,1
2026-03-17T01:00:00+01:00,car,3,7,-4
2026-03-17T01:00:00+01:00,van,1,0,1
2026-03-17T02:00:00+01:00,car,2,7,-5
2026-03-17T02:00:00+01:00,van,1,0,1
2026-03-17T03:00:00+01:00,car,0,1,-1
2026-03-17T04:00:00+01:00,bus,1,1,0
2026-03-17T04:00:00+01:00,car,2,2,0
2026-03-17T04:00:00+01:00,tractor,1,1,0
2026-03-17T05:00:00+01:00,car,5,7,-2
2026-03-17T05:00:00+01:00,pedestrian,0,1,-1
2026-03-17T06:00:00+01:00,bicycle,1,1,0
2026-03-17T06:00:00+01:00,car,17,23,-6
2026-03-17T06:00:00+01:00,light,1,1,0
2026-03-17T06:00:00+01:00,pedestrian,15,5,10
2026-03-17T06:00:00+01:00,van,3,5,-2
2026-03-17T07:00:00+01:00,bicycle,7,7,0
2026-03-17T07:00:00+01:00,car,58,62,-4
2026-03-17T07:00:00+01:00,light,4,5,-1
2026-03-17T07:00:00+01:00,pedestrian,58,28,30
2026-03-17T07:00:00+01:00,van,4,8,-4
2026-03-17T07:00:00+01:00,wheelchair,0,1,-1
2026-03-17T08:00:00+01:00,bicycle,1,3,-2
2026-03-17T08:00:00+01:00,car,61,59,2
2026-03-17T08:00:00+01:00,light,2,1,1
2026-03-17T08:00:00+01:00,motorcycle,1,2,-1
2026-03-17T08:00:00+01:00,pedestrian,31,29,2
2026-03-17T08:00:00+01:00,van,6,6,0
2026-03-17T09:00:00+01:00,bicycle,1,2,-1
2026-03-17T09:00:00+01:00,car,84,93,-9
2026-03-17T09:00:00+01:00,heavy,6,4,2
2026-03-17T09:00:00+01:00,light,2,2,0
2026-03-17T09:00:00+01:00,motorcycle,0,1,-1
2026-03-17T09:00:00+01:00,pedestrian,52,39,13
2026-03-17T09:00:00+01:00,van,6,2,4
2026-03-17T10:00:00+01:00,bicycle,0,1,-1
2026-03-17T10:00:00+01:00,car,66,63,3
2026-03-17T10:00:00+01:00,heavy,6,3,3
2026-03-17T10:00:00+01:00,light,6,3,3
2026-03-17T10:00:00+01:00,pedestrian,62,67,-5
2026-03-17T10:00:00+01:00,pram,1,0,1
2026-03-17T10:00:00+01:00,van,6,9,-3
2026-03-17T11:00:00+01:00,animal,1,1,0
2026-03-17T11:00:00+01:00,bicycle,3,1,2
2026-03-17T11:00:00+01:00,car,32,41,-9
2026-03-17T11:00:00+01:00,light,2,2,0
2026-03-17T11:00:00+01:00,pedestrian,81,58,23
2026-03-17T11:00:00+01:00,pram,0,1,-1
2026-03-17T11:00:00+01:00,van,6,4,2
2026-03-17T12:00:00+01:00,bicycle,3,8,-5
2026-03-17T12:00:00+01:00,car,20,18,2
2026-03-17T12:00:00+01:00,car trailer,1,0,1
2026-03-17T12:00:00+01:00,light,1,0,1
2026-03-17T12:00:00+01:00,motorcycle,1,1,0
2026-03-17T12:00:00+01:00,pedestrian,66,79,-13
2026-03-17T12:00:00+01:00,van,6,3,3
2026-03-17T13:00:00+01:00,bicycle,3,7,-4
2026-03-17T13:00:00+01:00,car,43,86,-43
2026-03-17T13:00:00+01:00,light,3,6,-3
2026-03-17T13:00:00+01:00,motorcycle,2,0,2
2026-03-17T13:00:00+01:00,pedestrian,88,105,-17
2026-03-17T13:00:00+01:00,van,6,8,-2
2026-03-17T14:00:00+01:00,bicycle,2,5,-3
2026-03-17T14:00:00+01:00,car,46,28,18
2026-03-17T14:00:00+01:00,light,2,3,-1
2026-03-17T14:00:00+01:00,motorcycle,2,1,1
2026-03-17T14:00:00+01:00,pedestrian,57,69,-12
2026-03-17T14:00:00+01:00,scooter,1,0,1
2026-03-17T14:00:00+01:00,van,5,7,-2
2026-03-17T14:00:00+01:00,wheelchair,0,1,-1
2026-03-17T15:00:00+01:00,bicycle,10,6,4
2026-03-17T15:00:00+01:00,car,61,27,34
2026-03-17T15:00:00+01:00,car trailer,0,1,-1
2026-03-17T15:00:00+01:00,motorcycle,1,0,1
2026-03-17T15:00:00+01:00,pedestrian,107,92,15
2026-03-17T15:00:00+01:00,van,6,2,4
2026-03-17T16:00:00+01:00,bicycle,6,8,-2
2026-03-17T16:00:00+01:00,car,29,19,10
2026-03-17T16:00:00+01:00,car trailer,1,0,1
2026-03-17T16:00:00+01:00,pedestrian,63,70,-7
2026-03-17T16:00:00+01:00,pram,2,1,1
2026-03-17T16:00:00+01:00,van,4,4,0
2026-03-17T17:00:00+01:00,bicycle,9,5,4
2026-03-17T17:00:00+01:00,car,33,26,7
2026-03-17T17:00:00+01:00,pedestrian,73,95,-22
2026-03-17T18:00:00+01:00,bicycle,4,8,-4
2026-03-17T18:00:00+01:00,car,16,28,-12
2026-03-17T18:00:00+01:00,pedestrian,50,58,-8
2026-03-17T18:00:00+01:00,van,1,1,0
2026-03-17T19:00:00+01:00,car,21,23,-2
2026-03-17T19:00:00+01:00,pedestrian,5,7,-2
2026-03-17T20:00:00+01:00,car,15,14,1
2026-03-17T20:00:00+01:00,pedestrian,5,10,-5
2026-03-17T21:00:00+01:00,bicycle,0,1,-1
2026-03-17T21:00:00+01:00,car,18,8,10
2026-03-17T21:00:00+01:00,pedestrian,3,2,1
2026-03-17T22:00:00+01:00,car,7,6,1
2026-03-17T22:00:00+01:00,pedestrian,1,1,0
2026-03-17T23:00:00+01:00,car,3,1,2
2026-03-17T23:00:00+01:00,pedestrian,2,0,2
2026-03-18T00:00:00+01:00,car,1,3,-2
2026-03-18T01:00:00+01:00,pedestrian,0,1,-1
2026-03-18T02:00:00+01:00,motorcycle,0,1,-1
2026-03-18T02:00:00+01:00,pedestrian,2,0,2
2026-03-18T05:00:00+01:00,car,2,2,0
2026-03-18T05:00:00+01:00,van,3,4,-1
2026-03-18T06:00:00+01:00,animal,0,1,-1
2026-03-18T06:00:00+01:00,bicycle,2,1,1
2026-03-18T06:00:00+01:00,car,8,10,-2
2026-03-18T06:00:00+01:00,pedestrian,8,3,5
2026-03-18T06:00:00+01:00,van,5,6,-1
2026-03-18T07:00:00+01:00,bicycle,2,3,-1
2026-03-18T07:00:00+01:00,car,37,40,-3
2026-03-18T07:00:00+01:00,light,1,2,-1
2026-03-18T07:00:00+01:00,pedestrian,28,17,11
2026-03-18T07:00:00+01:00,van,1,3,-2
2026-03-18T08:00:00+01:00,bicycle,3,4,-1
2026-03-18T08:00:00+01:00,car,25,36,-11
2026-03-18T08:00:00+01:00,car trailer,0,1,-1
2026-03-18T08:00:00+01:00,heavy,0,1,-1
2026-03-18T08:00:00+01:00,light,4,3,1
2026-03-18T08:00:00+01:00,motorcycle,0,1,-1
2026-03-18T08:00:00+01:00,pedestrian,41,43,-2
2026-03-18T08:00:00+01:00,van,4,5,-1
2026-03-18T09:00:00+01:00,bicycle,5,11,-6
2026-03-18T09:00:00+01:00,car,41,42,-1
2026-03-18T09:00:00+01:00,light,4,2,2
2026-03-18T09:00:00+01:00,motorcycle,1,2,-1
2026-03-18T09:00:00+01:00,pedestrian,49,46,3
2026-03-18T09:00:00+01:00,van,10,7,3
2026-03-18T10:00:00+01:00,bicycle,4,7,-3
2026-03-18T10:00:00+01:00,car,61,77,-16
2026-03-18T10:00:00+01:00,car trailer,0,1,-1
2026-03-18T10:00:00+01:00,heavy,1,0,1
2026-03-18T10:00:00+01:00,light,1,2,-1
2026-03-18T10:00:00+01:00,pedestrian,40,59,-19
2026-03-18T10:00:00+01:00,van,8,7,1
2026-03-18T11:00:00+01:00,bicycle,1,2,-1
2026-03-18T11:00:00+01:00,bus,0,1,-1
2026-03-18T11:00:00+01:00,car,36,29,7
2026-03-18T11:00:00+01:00,car trailer,1,0,1
2026-03-18T11:00:00+01:00,light,2,3,-1
2026-03-18T11:00:00+01:00,motorcycle,0,1,-1
2026-03-18T11:00:00+01:00,pedestrian,36,40,-4
2026-03-18T11:00:00+01:00,van,7,7,0
2026-03-18T12:00:00+01:00,bicycle,1,2,-1
2026-03-18T12:00:00+01:00,bus,1,0,1
2026-03-18T12:00:00+01:00,car,28,26,2
2026-03-18T12:00:00+01:00,pedestrian,21,22,-1
2026-03-18T12:00:00+01:00,pram,0,2,-2
2026-03-18T12:00:00+01:00,van,7,7,0
2026-03-18T13:00:00+01:00,bicycle,3,1,2
2026-03-18T13:00:00+01:00,car,30,28,2
2026-03-18T13:00:00+01:00,light,0,1,-1
2026-03-18T13:00:00+01:00,motorcycle,2,4,-2
2026-03-18T13:00:00+01:00,pedestrian,39,54,-15
2026-03-18T13:00:00+01:00,van,9,9,0
2026-03-18T14:00:00+01:00,bicycle,0,1,-1
2026-03-18T14:00:00+01:00,car,33,23,10
2026-03-18T14:00:00+01:00,pedestrian,45,64,-19
2026-03-18T14:00:00+01:00,van,8,5,3
2026-03-18T15:00:00+01:00,bicycle,2,2,0
2026-03-18T15:00:00+01:00,car,31,23,8
2026-03-18T15:00:00+01:00,motorcycle,1,1,0
2026-03-18T15:00:00+01:00,pedestrian,83,78,5
2026-03-18T15:00:00+01:00,van,3,0,3
2026-03-18T16:00:00+01:00,bicycle,8,6,2
2026-03-18T16:00:00+01:00,car,28,25,3
2026-03-18T16:00:00+01:00,motorcycle,0,3,-3
2026-03-18T16:00:00+01:00,pedestrian,75,100,-25
2026-03-18T17:00:00+01:00,bicycle,5,4,1
2026-03-18T17:00:00+01:00,car,28,31,-3
2026-03-18T17:00:00+01:00,pedestrian,75,84,-9
2026-03-18T17:00:00+01:00,pram,0,1,-1
2026-03-18T17:00:00+01:00,van,1,2,-1
2026-03-18T18:00:00+01:00,bicycle,4,5,-1
2026-03-18T18:00:00+01:00,car,31,37,-6
2026-03-18T18:00:00+01:00,motorcycle,1,0,1
2026-03-18T18:00:00+01:00,pedestrian,91,95,-4
2026-03-18T18:00:00+01:00,pram,0,1,-1
2026-03-18T18:00:00+01:00,van,2,0,2
2026-03-18T19:00:00+01:00,car,69,73,-4
2026-03-18T19:00:00+01:00,pedestrian,6,7,-1
2026-03-18T20:00:00+01:00,bicycle,1,0,1
2026-03-18T20:00:00+01:00,car,25,19,6
2026-03-18T20:00:00+01:00,motorcycle,1,0,1
2026-03-18T20:00:00+01:00,pedestrian,5,6,-1
2026-03-18T21:00:00+01:00,car,23,14,9
2026-03-18T21:00:00+01:00,pedestrian,4,1,3
2026-03-18T21:00:00+01:00,van,1,0,1
2026-03-18T22:00:00+01:00,car,10,3,7
2026-03-18T22:00:00+01:00,pedestrian,1,1,0
2026-03-18T23:00:00+01:00,car,2,2,0
2026-03-18T23:00:00+01:00,pedestrian,3,0,3
2026-03-19T00:00:00+01:00,car,0,1,-1
2026-03-19T00:00:00+01:00,van,1,1,0
2026-03-19T01:00:00+01:00,van,1,0,1
2026-03-19T02:00:00+01:00,motorcycle,0,1,-1
2026-03-19T05:00:00+01:00,bus,0,1,-1
2026-03-19T05:00:00+01:00,car,2,1,1
2026-03-19T05:00:00+01:00,pedestrian,0,2,-2
2026-03-19T05:00:00+01:00,van,3,3,0
2026-03-19T06:00:00+01:00,bicycle,3,0,3
2026-03-19T06:00:00+01:00,car,24,26,-2
2026-03-19T06:00:00+01:00,light,3,3,0
2026-03-19T06:00:00+01:00,pedestrian,8,2,6
2026-03-19T06:00:00+01:00,van,2,7,-5
2026-03-19T07:00:00+01:00,bicycle,1,1,0
2026-03-19T07:00:00+01:00,car,57,47,10
2026-03-19T07:00:00+01:00,light,3,3,0
2026-03-19T07:00:00+01:00,motorcycle,1,1,0
2026-03-19T07:00:00+01:00,pedestrian,36,14,22
2026-03-19T07:00:00+01:00,van,2,2,0
2026-03-19T08:00:00+01:00,bicycle,3,6,-3
2026-03-19T08:00:00+01:00,car,68,71,-3
2026-03-19T08:00:00+01:00,light,0,1,-1
2026-03-19T08:00:00+01:00,motorcycle,0,1,-1
2026-03-19T08:00:00+01:00,pedestrian,25,22,3
2026-03-19T08:00:00+01:00,van,1,0,1
2026-03-19T09:00:00+01:00,bicycle,0,1,-1
2026-03-19T09:00:00+01:00,car,18,23,-5
2026-03-19T09:00:00+01:00,light,4,3,1
2026-03-19T09:00:00+01:00,motorcycle,1,0,1
2026-03-19T09:00:00+01:00,pedestrian,23,23,0
2026-03-19T09:00:00+01:00,pram,0,1,-1
2026-03-19T09:00:00+01:00,van,8,6,2
2026-03-19T10:00:00+01:00,bicycle,1,1,0
2026-03-19T10:00:00+01:00,car,20,20,0
2026-03-19T10:00:00+01:00,light,9,6,3
2026-03-19T10:00:00+01:00,pedestrian,46,35,11
2026-03-19T10:00:00+01:00,van,14,5,9
2026-03-19T11:00:00+01:00,bicycle,2,3,-1
2026-03-19T11:00:00+01:00,car,17,25,-8
2026-03-19T11:00:00+01:00,light,1,2,-1
2026-03-19T11:00:00+01:00,pedestrian,56,55,1
2026-03-19T11:00:00+01:00,van,5,7,-2
2026-03-19T12:00:00+01:00,car,25,28,-3
2026-03-19T12:00:00+01:00,light,1,1,0
2026-03-19T12:00:00+01:00,pedestrian,54,56,-2
2026-03-19T12:00:00+01:00,van,6,7,-1
2026-03-19T13:00:00+01:00,bicycle,6,5,1
2026-03-19T13:00:00+01:00,car,36,32,4
2026-03-19T13:00:00+01:00,car trailer,1,1,0
2026-03-19T13:00:00+01:00,pedestrian,49,47,2
2026-03-19T13:00:00+01:00,pram,1,0,1
2026-03-19T13:00:00+01:00,van,2,2,0
2026-03-19T14:00:00+01:00,bicycle,1,2,-1
2026-03-19T14:00:00+01:00,car,22,14,8
2026-03-19T14:00:00+01:00,car trailer,1,0,1
2026-03-19T14:00:00+01:00,light,2,1,1
2026-03-19T14:00:00+01:00,motorcycle,0,1,-1
2026-03-19T14:00:00+01:00,pedestrian,42,49,-7
2026-03-19T14:00:00+01:00,van,4,4,0
2026-03-19T15:00:00+01:00,bicycle,3,3,0
2026-03-19T15:00:00+01:00,car,26,23,3
2026-03-19T15:00:00+01:00,motorcycle,1,0,1
2026-03-19T15:00:00+01:00,pedestrian,69,42,27
2026-03-19T15:00:00+01:00,pram,1,0,1
2026-03-19T15:00:00+01:00,van,7,5,2
2026-03-19T16:00:00+01:00,bicycle,7,6,1
2026-03-19T16:00:00+01:00,car,34,21,13
2026-03-19T16:00:00+01:00,pedestrian,71,69,2
2026-03-19T16:00:00+01:00,van,3,4,-1
2026-03-19T17:00:00+01:00,bicycle,3,7,-4
2026-03-19T17:00:00+01:00,car,44,47,-3
2026-03-19T17:00:00+01:00,pedestrian,57,81,-24
2026-03-19T17:00:00+01:00,van,2,0,2
2026-03-19T18:00:00+01:00,bicycle,8,7,1
2026-03-19T18:00:00+01:00,car,17,20,-3
2026-03-19T18:00:00+01:00,pedestrian,78,65,13
2026-03-19T18:00:00+01:00,pram,0,1,-1
2026-03-19T19:00:00+01:00,car,51,51,0
2026-03-19T19:00:00+01:00,motorcycle,0,1,-1
2026-03-19T19:00:00+01:00,pedestrian,12,9,3
2026-03-19T20:00:00+01:00,car,35,25,10
2026-03-19T20:00:00+01:00,pedestrian,4,4,0
2026-03-19T21:00:00+01:00,car,23,23,0
2026-03-19T21:00:00+01:00,pedestrian,2,0,2
2026-03-19T22:00:00+01:00,car,4,2,2
2026-03-19T22:00:00+01:00,pedestrian,2,4,-2
2026-03-19T23:00:00+01:00,car,0,1,-1
2026-03-19T23:00:00+01:00,pedestrian,7,2,5
2026-03-20T00:00:00+01:00,pedestrian,5,3,2
2026-03-20T01:00:00+01:00,car,1,1,0
2026-03-20T01:00:00+01:00,pedestrian,1,0,1
2026-03-20T02:00:00+01:00,animal,0,1,-1
2026-03-20T02:00:00+01:00,car,1,1,0
2026-03-20T02:00:00+01:00,pedestrian,2,1,1
2026-03-20T03:00:00+01:00,pedestrian,0,1,-1
2026-03-20T04:00:00+01:00,car,2,1,1
2026-03-20T04:00:00+01:00,pedestrian,1,1,0
2026-03-20T06:00:00+01:00,bicycle,2,1,1
2026-03-20T06:00:00+01:00,car,38,39,-1
2026-03-20T06:00:00+01:00,light,4,6,-2
2026-03-20T06:00:00+01:00,pedestrian,10,9,1
2026-03-20T06:00:00+01:00,van,1,5,-4
2026-03-20T07:00:00+01:00,bicycle,0,8,-8
2026-03-20T07:00:00+01:00,car,16,17,-1
2026-03-20T07:00:00+01:00,light,8,7,1
2026-03-20T07:00:00+01:00,pedestrian,40,25,15
2026-03-20T07:00:00+01:00,van,0,1,-1
2026-03-20T08:00:00+01:00,bicycle,0,6,-6
2026-03-20T08:00:00+01:00,car,12,25,-13
2026-03-20T08:00:00+01:00,light,1,2,-1
2026-03-20T08:00:00+01:00,motorcycle,1,1,0
2026-03-20T08:00:00+01:00,pedestrian,44,37,7
2026-03-20T08:00:00+01:00,van,3,4,-1
2026-03-20T09:00:00+01:00,bicycle,0,1,-1
2026-03-20T09:00:00+01:00,car,21,23,-2
2026-03-20T09:00:00+01:00,light,4,2,2
2026-03-20T09:00:00+01:00,pedestrian,49,51,-2
2026-03-20T09:00:00+01:00,van,7,6,1
2026-03-20T10:00:00+01:00,bicycle,0,1,-1
2026-03-20T10:00:00+01:00,car,17,15,2
2026-03-20T10:00:00+01:00,light,2,0,2
2026-03-20T10:00:00+01:00,pedestrian,58,41,17
2026-03-20T10:00:00+01:00,van,4,3,1
2026-03-20T11:00:00+01:00,bicycle,1,1,0
2026-03-20T11:00:00+01:00,car,34,40,-6
2026-03-20T11:00:00+01:00,light,3,3,0
2026-03-20T11:00:00+01:00,pedestrian,61,44,17
2026-03-20T11:00:00+01:00,van,7,3,4
2026-03-20T12:00:00+01:00,bicycle,3,2,1
2026-03-20T12:00:00+01:00,car,25,26,-1
2026-03-20T12:00:00+01:00,light,1,1,0
2026-03-20T12:00:00+01:00,motorcycle,0,1,-1
2026-03-20T12:00:00+01:00,pedestrian,47,62,-15
2026-03-20T12:00:00+01:00,pram,0,1,-1
2026-03-20T12:00:00+01:00,van,1,1,0
2026-03-20T13:00:00+01:00,bicycle,3,1,2
2026-03-20T13:00:00+01:00,car,38,32,6
2026-03-20T13:00:00+01:00,light,3,2,1
2026-03-20T13:00:00+01:00,motorcycle,2,1,1
2026-03-20T13:00:00+01:00,pedestrian,95,100,-5
2026-03-20T13:00:00+01:00,pram,1,1,0
2026-03-20T13:00:00+01:00,van,3,4,-1
2026-03-20T14:00:00+01:00,bicycle,4,2,2
2026-03-20T14:00:00+01:00,car,24,18,6
2026-03-20T14:00:00+01:00,light,1,0,1
2026-03-20T14:00:00+01:00,pedestrian,58,63,-5
2026-03-20T14:00:00+01:00,pram,1,1,0
2026-03-20T14:00:00+01:00,van,11,8,3
2026-03-20T15:00:00+01:00,bicycle,3,3,0
2026-03-20T15:00:00+01:00,car,25,25,0
2026-03-20T15:00:00+01:00,pedestrian,80,94,-14
2026-03-20T15:00:00+01:00,van,12,15,-3
2026-03-20T16:00:00+01:00,bicycle,2,12,-10
2026-03-20T16:00:00+01:00,car,42,29,13
2026-03-20T16:00:00+01:00,motorcycle,0,2,-2
2026-03-20T16:00:00+01:00,pedestrian,86,118,-32
2026-03-20T16:00:00+01:00,van,1,4,-3
2026-03-20T17:00:00+01:00,bicycle,5,8,-3
2026-03-20T17:00:00+01:00,car,32,26,6
2026-03-20T17:00:00+01:00,pedestrian,106,115,-9
2026-03-20T17:00:00+01:00,van,1,1,0
2026-03-20T18:00:00+01:00,bicycle,4,3,1
2026-03-20T18:00:00+01:00,car,23,36,-13
2026-03-20T18:00:00+01:00,motorcycle,2,2,0
2026-03-20T18:00:00+01:00,pedestrian,73,98,-25
2026-03-20T18:00:00+01:00,pram,1,3,-2
2026-03-20T18:00:00+01:00,van,2,2,0
2026-03-20T19:00:00+01:00,bicycle,1,0,1
2026-03-20T19:00:00+01:00,bus,0,1,-1
2026-03-20T19:00:00+01:00,car,25,32,-7
2026-03-20T19:00:00+01:00,pedestrian,29,22,7
2026-03-20T20:00:00+01:00,car,35,22,13
2026-03-20T20:00:00+01:00,pedestrian,9,4,5
2026-03-20T21:00:00+01:00,bicycle,0,1,-1
2026-03-20T21:00:00+01:00,car,22,21,1
2026-03-20T21:00:00+01:00,pedestrian,8,6,2
2026-03-20T21:00:00+01:00,van,0,3,-3
2026-03-20T22:00:00+01:00,bus,1,0,1
2026-03-20T22:00:00+01:00,car,22,14,8
2026-03-20T22:00:00+01:00,light,1,1,0
2026-03-20T22:00:00+01:00,pedestrian,0,1,-1
2026-03-20T23:00:00+01:00,car,14,7,7
2026-03-20T23:00:00+01:00,pedestrian,5,2,3
2026-03-21T00:00:00+01:00,car,10,6,4
2026-03-21T00:00:00+01:00,pedestrian,5,4,1
2026-03-21T01:00:00+01:00,car,11,9,2
2026-03-21T01:00:00+01:00,pedestrian,4,6,-2
2026-03-21T02:00:00+01:00,car,17,18,-1
2026-03-21T02:00:00+01:00,motorcycle,0,1,-1
2026-03-21T02:00:00+01:00,pedestrian,9,4,5
2026-03-21T03:00:00+01:00,car,12,7,5
2026-03-21T03:00:00+01:00,pedestrian,5,2,3
2026-03-21T04:00:00+01:00,car,14,12,2
2026-03-21T04:00:00+01:00,pedestrian,3,0,3
2026-03-21T05:00:00+01:00,car,32,24,8
2026-03-21T06:00:00+01:00,car,6,6,0
2026-03-21T06:00:00+01:00,light,1,1,0
2026-03-21T06:00:00+01:00,pedestrian,2,2,0
2026-03-21T07:00:00+01:00,car,3,6,-3
2026-03-21T07:00:00+01:00,pedestrian,5,7,-2
2026-03-21T07:00:00+01:00,van,0,1,-1
2026-03-21T08:00:00+01:00,bicycle,0,1,-1
2026-03-21T08:00:00+01:00,car,10,13,-3
2026-03-21T08:00:00+01:00,pedestrian,12,14,-2
2026-03-21T08:00:00+01:00,pram,0,1,-1
2026-03-21T08:00:00+01:00,van,1,1,0
2026-03-21T09:00:00+01:00,animal,1,0,1
2026-03-21T09:00:00+01:00,car,23,37,-14
2026-03-21T09:00:00+01:00,light,1,1,0
2026-03-21T09:00:00+01:00,motorcycle,0,2,-2
2026-03-21T09:00:00+01:00,pedestrian,27,19,8
2026-03-21T10:00:00+01:00,bicycle,0,1,-1
2026-03-21T10:00:00+01:00,car,26,47,-21
2026-03-21T10:00:00+01:00,light,1,2,-1
2026-03-21T10:00:00+01:00,motorcycle,0,1,-1
2026-03-21T10:00:00+01:00,pedestrian,73,67,6
2026-03-21T10:00:00+01:00,van,2,3,-1
2026-03-21T11:00:00+01:00,bicycle,6,3,3
2026-03-21T11:00:00+01:00,car,38,41,-3
2026-03-21T11:00:00+01:00,motorcycle,0,1,-1
2026-03-21T11:00:00+01:00,pedestrian,180,182,-2
2026-03-21T11:00:00+01:00,van,1,1,0
2026-03-21T12:00:00+01:00,bicycle,3,1,2
2026-03-21T12:00:00+01:00,car,32,41,-9
2026-03-21T12:00:00+01:00,light,1,1,0
2026-03-21T12:00:00+01:00,motorcycle,1,1,0
2026-03-21T12:00:00+01:00,pedestrian,124,148,-24
2026-03-21T12:00:00+01:00,van,0,1,-1
2026-03-21T13:00:00+01:00,bicycle,28,5,23
2026-03-21T13:00:00+01:00,car,33,29,4
2026-03-21T13:00:00+01:00,light,2,0,2
2026-03-21T13:00:00+01:00,motorcycle,0,1,-1
2026-03-21T13:00:00+01:00,pedestrian,95,118,-23
2026-03-21T13:00:00+01:00,pram,1,1,0
2026-03-21T13:00:00+01:00,van,3,3,0
2026-03-21T14:00:00+01:00,bicycle,2,3,-1
2026-03-21T14:00:00+01:00,car,53,32,21
2026-03-21T14:00:00+01:00,motorcycle,1,0,1
2026-03-21T14:00:00+01:00,pedestrian,71,86,-15
2026-03-21T15:00:00+01:00,bicycle,3,5,-2
2026-03-21T15:00:00+01:00,car,41,25,16
2026-03-21T15:00:00+01:00,car trailer,1,0,1
2026-03-21T15:00:00+01:00,motorcycle,0,1,-1
2026-03-21T15:00:00+01:00,pedestrian,57,73,-16
2026-03-21T15:00:00+01:00,van,0,1,-1
2026-03-21T16:00:00+01:00,animal,0,1,-1
2026-03-21T16:00:00+01:00,bicycle,3,2,1
2026-03-21T16:00:00+01:00,car,37,22,15
2026-03-21T16:00:00+01:00,motorcycle,0,1,-1
2026-03-21T16:00:00+01:00,pedestrian,39,63,-24
2026-03-21T16:00:00+01:00,pram,0,2,-2
2026-03-21T16:00:00+01:00,van,14,2,12
2026-03-21T17:00:00+01:00,bicycle,0,1,-1
2026-03-21T17:00:00+01:00,car,49,44,5
2026-03-21T17:00:00+01:00,motorcycle,1,0,1
2026-03-21T17:00:00+01:00,pedestrian,61,97,-36
2026-03-21T17:00:00+01:00,van,2,0,2
2026-03-21T17:00:00+01:00,wheelchair,1,0,1
2026-03-21T18:00:00+01:00,animal,0,1,-1
2026-03-21T18:00:00+01:00,bicycle,0,6,-6
2026-03-21T18:00:00+01:00,car,30,44,-14
2026-03-21T18:00:00+01:00,motorcycle,1,0,1
2026-03-21T18:00:00+01:00,pedestrian,49,63,-14
2026-03-21T19:00:00+01:00,car,39,47,-8
2026-03-21T19:00:00+01:00,pedestrian,4,10,-6
2026-03-21T19:00:00+01:00,van,2,0,2
2026-03-21T20:00:00+01:00,bicycle,0,1,-1
2026-03-21T20:00:00+01:00,car,48,40,8
2026-03-21T20:00:00+01:00,pedestrian,5,7,-2
2026-03-21T21:00:00+01:00,bicycle,0,1,-1
2026-03-21T21:00:00+01:00,car,27,16,11
2026-03-21T21:00:00+01:00,light,1,0,1
2026-03-21T21:00:00+01:00,pedestrian,9,5,4
2026-03-21T21:00:00+01:00,van,0,1,-1
2026-03-21T22:00:00+01:00,bicycle,1,0,1
2026-03-21T22:00:00+01:00,car,33,18,15
2026-03-21T22:00:00+01:00,pedestrian,9,8,1
2026-03-21T22:00:00+01:00,van,1,1,0
2026-03-21T23:00:00+01:00,bicycle,0,1,-1
2026-03-21T23:00:00+01:00,car,13,12,1
2026-03-21T23:00:00+01:00,pedestrian,8,8,0
2026-03-22T00:00:00+01:00,car,12,11,1
2026-03-22T00:00:00+01:00,pedestrian,0,3,-3
2026-03-22T01:00:00+01:00,car,7,7,0
2026-03-22T01:00:00+01:00,pedestrian,10,3,7
2026-03-22T02:00:00+01:00,car,3,2,1
2026-03-22T02:00:00+01:00,pedestrian,8,4,4
2026-03-22T03:00:00+01:00,car,10,11,-1
2026-03-22T03:00:00+01:00,pedestrian,3,1,2
2026-03-22T04:00:00+01:00,car,4,4,0
2026-03-22T04:00:00+01:00,pedestrian,4,0,4
2026-03-22T05:00:00+01:00,car,3,2,1
2026-03-22T05:00:00+01:00,pedestrian,3,2,1
2026-03-22T06:00:00+01:00,animal,0,1,-1
2026-03-22T06:00:00+01:00,pedestrian,0,1,-1
2026-03-22T07:00:00+01:00,bicycle,0,1,-1
2026-03-22T07:00:00+01:00,car,5,3,2
2026-03-22T07:00:00+01:00,pedestrian,3,1,2
2026-03-22T08:00:00+01:00,bicycle,1,2,-1
2026-03-22T08:00:00+01:00,car,24,20,4
2026-03-22T08:00:00+01:00,pedestrian,5,6,-1
2026-03-22T08:00:00+01:00,van,1,0,1
2026-03-22T09:00:00+01:00,car,16,20,-4
2026-03-22T09:00:00+01:00,motorcycle,0,1,-1
2026-03-22T09:00:00+01:00,pedestrian,12,5,7
2026-03-22T09:00:00+01:00,van,1,1,0
2026-03-22T10:00:00+01:00,car,9,13,-4
2026-03-22T10:00:00+01:00,pedestrian,3,10,-7
2026-03-22T11:00:00+01:00,bicycle,7,4,3
2026-03-22T11:00:00+01:00,car,17,37,-20
2026-03-22T11:00:00+01:00,pedestrian,13,20,-7
2026-03-22T12:00:00+01:00,bicycle,0,3,-3
2026-03-22T12:00:00+01:00,car,14,26,-12
2026-03-22T12:00:00+01:00,pedestrian,22,27,-5
2026-03-22T12:00:00+01:00,pram,1,0,1
2026-03-22T12:00:00+01:00,van,3,1,2
2026-03-22T13:00:00+01:00,bicycle,3,3,0
2026-03-22T13:00:00+01:00,car,33,33,0
2026-03-22T13:00:00+01:00,motorcycle,1,0,1
2026-03-22T13:00:00+01:00,pedestrian,21,26,-5
2026-03-22T13:00:00+01:00,van,0,1,-1
2026-03-22T14:00:00+01:00,bicycle,0,1,-1
2026-03-22T14:00:00+01:00,bus,1,0,1
2026-03-22T14:00:00+01:00,car,34,16,18
2026-03-22T14:00:00+01:00,pedestrian,17,25,-8
2026-03-22T14:00:00+01:00,pram,0,1,-1
2026-03-22T14:00:00+01:00,van,2,1,1
2026-03-22T15:00:00+01:00,bicycle,2,1,1
2026-03-22T15:00:00+01:00,car,27,16,11
2026-03-22T15:00:00+01:00,pedestrian,37,31,6
2026-03-22T15:00:00+01:00,van,12,7,5
2026-03-22T16:00:00+01:00,bicycle,3,6,-3
2026-03-22T16:00:00+01:00,car,30,21,9
2026-03-22T16:00:00+01:00,motorcycle,0,2,-2
2026-03-22T16:00:00+01:00,pedestrian,64,60,4
2026-03-22T17:00:00+01:00,bicycle,2,1,1
2026-03-22T17:00:00+01:00,car,37,32,5
2026-03-22T17:00:00+01:00,pedestrian,50,78,-28
2026-03-22T18:00:00+01:00,bicycle,5,5,0
2026-03-22T18:00:00+01:00,car,14,18,-4
2026-03-22T18:00:00+01:00,pedestrian,52,56,-4
2026-03-22T19:00:00+01:00,bicycle,0,1,-1
2026-03-22T19:00:00+01:00,car,10,8,2
2026-03-22T19:00:00+01:00,pedestrian,11,8,3
2026-03-22T19:00:00+01:00,van,1,0,1
2026-03-22T20:00:00+01:00,car,6,5,1
2026-03-22T20:00:00+01:00,pedestrian,5,3,2
2026-03-22T21:00:00+01:00,car,8,5,3
2026-03-22T21:00:00+01:00,pedestrian,5,3,2
2026-03-22T22:00:00+01:00,car,1,1,0
2026-03-22T23:00:00+01:00,car,2,2,0
2026-03-22T23:00:00+01:00,pedestrian,2,0,2
2026-03-23T00:00:00+01:00,car,1,2,-1
2026-03-23T00:00:00+01:00,pedestrian,1,0,1
2026-03-23T01:00:00+01:00,car,1,1,0
2026-03-23T02:00:00+01:00,car,0,1,-1
2026-03-23T02:00:00+01:00,light,2,2,0
2026-03-23T05:00:00+01:00,bus,1,4,-3
2026-03-23T05:00:00+01:00,light,1,0,1
2026-03-23T05:00:00+01:00,pedestrian,0,2,-2
2026-03-23T06:00:00+01:00,bicycle,1,0,1
2026-03-23T06:00:00+01:00,car,8,10,-2
2026-03-23T06:00:00+01:00,pedestrian,3,2,1
2026-03-23T06:00:00+01:00,van,1,2,-1
2026-03-23T07:00:00+01:00,bicycle,2,3,-1
2026-03-23T07:00:00+01:00,car,15,20,-5
2026-03-23T07:00:00+01:00,pedestrian,27,14,13
2026-03-23T07:00:00+01:00,pram,0,1,-1
2026-03-23T07:00:00+01:00,van,3,7,-4
2026-03-23T08:00:00+01:00,bicycle,5,5,0
2026-03-23T08:00:00+01:00,car,12,22,-10
2026-03-23T08:00:00+01:00,light,1,1,0
2026-03-23T08:00:00+01:00,motorcycle,1,1,0
2026-03-23T08:00:00+01:00,pedestrian,20,22,-2
2026-03-23T08:00:00+01:00,van,4,2,2
2026-03-23T09:00:00+01:00,bicycle,2,3,-1
2026-03-23T09:00:00+01:00,car,23,25,-2
2026-03-23T09:00:00+01:00,light,2,1,1
2026-03-23T09:00:00+01:00,pedestrian,37,28,9
2026-03-23T09:00:00+01:00,pram,0,1,-1
2026-03-23T09:00:00+01:00,van,5,6,-1
2026-03-23T10:00:00+01:00,bicycle,4,2,2
2026-03-23T10:00:00+01:00,car,18,14,4
2026-03-23T10:00:00+01:00,light,4,3,1
2026-03-23T10:00:00+01:00,pedestrian,25,27,-2
2026-03-23T10:00:00+01:00,van,9,8,1
2026-03-23T11:00:00+01:00,bicycle,5,4,1
2026-03-23T11:00:00+01:00,car,16,18,-2
2026-03-23T11:00:00+01:00,light,10,8,2
2026-03-23T11:00:00+01:00,motorcycle,1,0,1
2026-03-23T11:00:00+01:00,pedestrian,50,62,-12
2026-03-23T11:00:00+01:00,van,4,5,-1
2026-03-23T12:00:00+01:00,bicycle,5,5,0
2026-03-23T12:00:00+01:00,car,11,11,0
2026-03-23T12:00:00+01:00,pedestrian,70,69,1
2026-03-23T12:00:00+01:00,van,3,3,0
2026-03-23T12:00:00+01:00,wheelchair,0,1,-1
2026-03-23T13:00:00+01:00,bicycle,1,2,-1
2026-03-23T13:00:00+01:00,car,15,14,1
2026-03-23T13:00:00+01:00,light,1,1,0
2026-03-23T13:00:00+01:00,pedestrian,53,64,-11
2026-03-23T13:00:00+01:00,van,6,7,-1
2026-03-23T14:00:00+01:00,bicycle,5,6,-1
2026-03-23T14:00:00+01:00,car,19,23,-4
2026-03-23T14:00:00+01:00,light,2,3,-1
2026-03-23T14:00:00+01:00,pedestrian,52,42,10
2026-03-23T14:00:00+01:00,van,4,2,2
2026-03-23T14:00:00+01:00,wheelchair,0,1,-1
2026-03-23T15:00:00+01:00,bicycle,2,2,0
2026-03-23T15:00:00+01:00,car,36,31,5
2026-03-23T15:00:00+01:00,motorcycle,1,0,1
2026-03-23T15:00:00+01:00,pedestrian,94,66,28
2026-03-23T15:00:00+01:00,pram,0,1,-1
2026-03-23T15:00:00+01:00,van,2,0,2
2026-03-23T16:00:00+01:00,bicycle,6,8,-2
2026-03-23T16:00:00+01:00,car,16,15,1
2026-03-23T16:00:00+01:00,pedestrian,79,94,-15
2026-03-23T16:00:00+01:00,van,5,4,1
2026-03-23T17:00:00+01:00,bicycle,5,2,3
2026-03-23T17:00:00+01:00,car,17,22,-5
2026-03-23T17:00:00+01:00,pedestrian,37,49,-12
2026-03-23T18:00:00+01:00,bicycle,1,5,-4
2026-03-23T18:00:00+01:00,car,24,20,4
2026-03-23T18:00:00+01:00,motorcycle,1,0,1
2026-03-23T18:00:00+01:00,pedestrian,37,37,0
2026-03-23T18:00:00+01:00,pram,1,0,1
2026-03-23T19:00:00+01:00,bicycle,1,0,1
2026-03-23T19:00:00+01:00,car,17,19,-2
2026-03-23T19:00:00+01:00,motorcycle,1,0,1
2026-03-23T19:00:00+01:00,pedestrian,15,5,10
2026-03-23T20:00:00+01:00,bicycle,1,0,1
2026-03-23T20:00:00+01:00,car,16,10,6
2026-03-23T21:00:00+01:00,bus,0,1,-1
2026-03-23T21:00:00+01:00,car,6,6,0
2026-03-23T21:00:00+01:00,pedestrian,2,0,2
2026-03-23T22:00:00+01:00,bus,1,0,1
2026-03-23T22:00:00+01:00,car,2,2,0
2026-03-23T22:00:00+01:00,pedestrian,3,0,3
2026-03-23T23:00:00+01:00,car,0,1,-1
2026-03-23T23:00:00+01:00,pedestrian,0,2,-2
2026-03-24T00:00:00+01:00,car,1,1,0
2026-03-24T00:00:00+01:00,pedestrian,1,0,1
2026-03-24T02:00:00+01:00,motorcycle,0,1,-1
2026-03-24T02:00:00+01:00,pedestrian,1,0,1
2026-03-24T04:00:00+01:00,car,2,1,1
2026-03-24T05:00:00+01:00,light,1,1,0
2026-03-24T06:00:00+01:00,bicycle,2,0,2
2026-03-24T06:00:00+01:00,car,6,6,0
2026-03-24T06:00:00+01:00,light,1,1,0
2026-03-24T06:00:00+01:00,pedestrian,2,5,-3
2026-03-24T06:00:00+01:00,van,1,3,-2
2026-03-24T07:00:00+01:00,bicycle,7,5,2
2026-03-24T07:00:00+01:00,car,18,21,-3
2026-03-24T07:00:00+01:00,light,3,5,-2
2026-03-24T07:00:00+01:00,motorcycle,0,1,-1
2026-03-24T07:00:00+01:00,pedestrian,30,27,3
2026-03-24T07:00:00+01:00,van,6,6,0
2026-03-24T08:00:00+01:00,bicycle,1,3,-2
2026-03-24T08:00:00+01:00,car,30,35,-5
2026-03-24T08:00:00+01:00,light,3,3,0
2026-03-24T08:00:00+01:00,motorcycle,1,2,-1
2026-03-24T08:00:00+01:00,pedestrian,41,58,-17
2026-03-24T08:00:00+01:00,van,2,2,0
2026-03-24T09:00:00+01:00,bicycle,1,1,0
2026-03-24T09:00:00+01:00,car,83,79,4
2026-03-24T09:00:00+01:00,light,2,4,-2
2026-03-24T09:00:00+01:00,motorcycle,1,0,1
2026-03-24T09:00:00+01:00,pedestrian,55,44,11
2026-03-24T09:00:00+01:00,van,8,3,5
2026-03-24T10:00:00+01:00,bicycle,2,4,-2
2026-03-24T10:00:00+01:00,car,54,57,-3
2026-03-24T10:00:00+01:00,heavy,1,1,0
2026-03-24T10:00:00+01:00,light,6,1,5
2026-03-24T10:00:00+01:00,motorcycle,1,0,1
2026-03-24T10:00:00+01:00,pedestrian,70,65,5
2026-03-24T10:00:00+01:00,pram,1,0,1
2026-03-24T10:00:00+01:00,van,6,4,2
2026-03-24T11:00:00+01:00,bicycle,7,7,0
2026-03-24T11:00:00+01:00,car,30,40,-10
2026-03-24T11:00:00+01:00,light,3,4,-1
2026-03-24T11:00:00+01:00,motorcycle,0,1,-1
2026-03-24T11:00:00+01:00,pedestrian,74,73,1
2026-03-24T11:00:00+01:00,pram,0,1,-1
2026-03-24T11:00:00+01:00,van,8,5,3
2026-03-24T12:00:00+01:00,bicycle,4,2,2
2026-03-24T12:00:00+01:00,car,14,21,-7
2026-03-24T12:00:00+01:00,heavy,1,0,1
2026-03-24T12:00:00+01:00,light,1,0,1
2026-03-24T12:00:00+01:00,motorcycle,0,1,-1
2026-03-24T12:00:00+01:00,pedestrian,56,61,-5
2026-03-24T12:00:00+01:00,van,4,6,-2
2026-03-24T13:00:00+01:00,animal,1,0,1
2026-03-24T13:00:00+01:00,bicycle,2,3,-1
2026-03-24T13:00:00+01:00,car,30,23,7
2026-03-24T13:00:00+01:00,light,3,4,-1
2026-03-24T13:00:00+01:00,pedestrian,58,49,9
2026-03-24T13:00:00+01:00,van,5,6,-1
2026-03-24T14:00:00+01:00,bicycle,1,4,-3
2026-03-24T14:00:00+01:00,car,29,16,13
2026-03-24T14:00:00+01:00,light,1,0,1
2026-03-24T14:00:00+01:00,pedestrian,30,30,0
2026-03-24T14:00:00+01:00,pram,1,0,1
2026-03-24T14:00:00+01:00,van,6,4,2
2026-03-24T15:00:00+01:00,bicycle,3,5,-2
2026-03-24T15:00:00+01:00,car,27,18,9
2026-03-24T15:00:00+01:00,pedestrian,53,31,22
2026-03-24T15:00:00+01:00,van,4,2,2
2026-03-24T16:00:00+01:00,bicycle,0,2,-2
2026-03-24T16:00:00+01:00,car,45,50,-5
2026-03-24T16:00:00+01:00,motorcycle,0,1,-1
2026-03-24T16:00:00+01:00,pedestrian,32,29,3
2026-03-24T16:00:00+01:00,van,7,6,1
2026-03-24T17:00:00+01:00,bicycle,1,0,1
2026-03-24T17:00:00+01:00,car,37,40,-3
2026-03-24T17:00:00+01:00,pedestrian,24,37,-13
2026-03-24T17:00:00+01:00,van,1,1,0
2026-03-24T18:00:00+01:00,car,67,82,-15
2026-03-24T18:00:00+01:00,pedestrian,16,20,-4
2026-03-24T18:00:00+01:00,van,1,2,-1
2026-03-24T19:00:00+01:00,car,23,36,-13
2026-03-24T19:00:00+01:00,pedestrian,3,0,3
2026-03-24T20:00:00+01:00,car,13,8,5
2026-03-24T20:00:00+01:00,pedestrian,1,1,0
2026-03-24T21:00:00+01:00,bus,0,1,-1
2026-03-24T21:00:00+01:00,car,10,7,3
2026-03-24T21:00:00+01:00,pedestrian,1,1,0
2026-03-24T22:00:00+01:00,bus,2,1,1
2026-03-24T22:00:00+01:00,car,5,1,4
2026-03-24T22:00:00+01:00,pedestrian,2,1,1
2026-03-24T23:00:00+01:00,car,1,1,0
2026-03-24T23:00:00+01:00,pedestrian,1,2,-1
2026-03-25T00:00:00+01:00,car,0,1,-1
2026-03-25T00:00:00+01:00,pedestrian,3,0,3
2026-03-25T05:00:00+01:00,car,1,1,0
2026-03-25T06:00:00+01:00,car,62,63,-1
2026-03-25T06:00:00+01:00,light,2,1,1
2026-03-25T06:00:00+01:00,pedestrian,3,1,2
2026-03-25T06:00:00+01:00,van,3,4,-1
2026-03-25T07:00:00+01:00,bicycle,2,2,0
2026-03-25T07:00:00+01:00,car,11,11,0
2026-03-25T07:00:00+01:00,car trailer,1,1,0
2026-03-25T07:00:00+01:00,light,8,4,4
2026-03-25T07:00:00+01:00,motorcycle,0,1,-1
2026-03-25T07:00:00+01:00,pedestrian,20,17,3
2026-03-25T07:00:00+01:00,van,1,2,-1
2026-03-25T08:00:00+01:00,bicycle,2,4,-2
2026-03-25T08:00:00+01:00,car,12,30,-18
2026-03-25T08:00:00+01:00,car trailer,2,0,2
2026-03-25T08:00:00+01:00,light,3,4,-1
2026-03-25T08:00:00+01:00,motorcycle,0,1,-1
2026-03-25T08:00:00+01:00,pedestrian,22,22,0
2026-03-25T08:00:00+01:00,van,5,4,1
2026-03-25T09:00:00+01:00,animal,0,1,-1
2026-03-25T09:00:00+01:00,bicycle,0,1,-1
2026-03-25T09:00:00+01:00,car,36,43,-7
2026-03-25T09:00:00+01:00,light,6,3,3
2026-03-25T09:00:00+01:00,motorcycle,0,1,-1
2026-03-25T09:00:00+01:00,pedestrian,11,30,-19
2026-03-25T09:00:00+01:00,van,11,10,1
2026-03-25T10:00:00+01:00,car,28,49,-21
2026-03-25T10:00:00+01:00,light,3,2,1
2026-03-25T10:00:00+01:00,motorcycle,1,0,1
2026-03-25T10:00:00+01:00,pedestrian,16,13,3
2026-03-25T10:00:00+01:00,van,14,10,4
2026-03-25T11:00:00+01:00,bicycle,1,0,1
2026-03-25T11:00:00+01:00,car,39,44,-5
2026-03-25T11:00:00+01:00,heavy,1,0,1
2026-03-25T11:00:00+01:00,light,4,1,3
2026-03-25T11:00:00+01:00,pedestrian,18,30,-12
2026-03-25T11:00:00+01:00,van,2,2,0
2026-03-25T12:00:00+01:00,bicycle,1,2,-1
2026-03-25T12:00:00+01:00,car,37,53,-16
2026-03-25T12:00:00+01:00,light,2,1,1
2026-03-25T12:00:00+01:00,motorcycle,1,1,0
2026-03-25T12:00:00+01:00,pedestrian,46,59,-13
2026-03-25T12:00:00+01:00,van,3,2,1
2026-03-25T13:00:00+01:00,bicycle,2,1,1
2026-03-25T13:00:00+01:00,car,42,32,10
2026-03-25T13:00:00+01:00,light,0,1,-1
2026-03-25T13:00:00+01:00,motorcycle,2,0,2
2026-03-25T13:00:00+01:00,pedestrian,42,43,-1
2026-03-25T13:00:00+01:00,van,7,5,2
2026-03-25T14:00:00+01:00,bicycle,3,4,-1
2026-03-25T14:00:00+01:00,car,35,29,6
2026-03-25T14:00:00+01:00,motorcycle,0,1,-1
2026-03-25T14:00:00+01:00,pedestrian,47,65,-18
2026-03-25T14:00:00+01:00,van,5,8,-3
2026-03-25T15:00:00+01:00,bicycle,3,7,-4
2026-03-25T15:00:00+01:00,car,51,36,15
2026-03-25T15:00:00+01:00,light,2,2,0
2026-03-25T15:00:00+01:00,pedestrian,52,46,6
2026-03-25T15:00:00+01:00,van,3,0,3
2026-03-25T16:00:00+01:00,bicycle,5,5,0
2026-03-25T16:00:00+01:00,bus,1,0,1
2026-03-25T16:00:00+01:00,car,40,35,5
2026-03-25T16:00:00+01:00,motorcycle,1,0,1
2026-03-25T16:00:00+01:00,pedestrian,41,42,-1
2026-03-25T16:00:00+01:00,van,1,1,0
2026-03-25T17:00:00+01:00,bicycle,3,3,0
2026-03-25T17:00:00+01:00,car,45,35,10
2026-03-25T17:00:00+01:00,motorcycle,0,1,-1
2026-03-25T17:00:00+01:00,pedestrian,47,52,-5
2026-03-25T17:00:00+01:00,van,2,2,0
2026-03-25T18:00:00+01:00,bicycle,3,3,0
2026-03-25T18:00:00+01:00,car,17,19,-2
2026-03-25T18:00:00+01:00,pedestrian,62,53,9
2026-03-25T19:00:00+01:00,bicycle,2,3,-1
2026-03-25T19:00:00+01:00,car,35,30,5
2026-03-25T19:00:00+01:00,light,1,0,1
2026-03-25T19:00:00+01:00,pedestrian,14,11,3
2026-03-25T19:00:00+01:00,van,3,2,1
2026-03-25T20:00:00+01:00,car,29,17,12
2026-03-25T20:00:00+01:00,pedestrian,4,1,3
2026-03-25T20:00:00+01:00,van,0,1,-1
2026-03-25T21:00:00+01:00,car,8,6,2
2026-03-25T21:00:00+01:00,pedestrian,2,0,2
2026-03-25T21:00:00+01:00,van,1,0,1
2026-03-25T22:00:00+01:00,car,4,3,1
2026-03-25T22:00:00+01:00,van,0,1,-1
2026-03-25T23:00:00+01:00,car,1,1,0
2026-03-26T00:00:00+01:00,bicycle,1,0,1
2026-03-26T00:00:00+01:00,car,4,6,-2
2026-03-26T00:00:00+01:00,pedestrian,1,0,1
2026-03-26T01:00:00+01:00,car,13,17,-4
2026-03-26T01:00:00+01:00,pedestrian,2,0,2
2026-03-26T02:00:00+01:00,car,18,15,3
2026-03-26T02:00:00+01:00,motorcycle,0,2,-2
2026-03-26T02:00:00+01:00,pedestrian,1,1,0
2026-03-26T03:00:00+01:00,car,18,22,-4
2026-03-26T04:00:00+01:00,car,7,7,0
2026-03-26T04:00:00+01:00,van,3,2,1
2026-03-26T05:00:00+01:00,car,0,1,-1
2026-03-26T05:00:00+01:00,light,0,1,-1
2026-03-26T05:00:00+01:00,pedestrian,1,1,0
2026-03-26T05:00:00+01:00,van,1,1,0
2026-03-26T06:00:00+01:00,bicycle,3,0,3
2026-03-26T06:00:00+01:00,car,28,28,0
2026-03-26T06:00:00+01:00,light,6,10,-4
2026-03-26T06:00:00+01:00,pedestrian,12,15,-3
2026-03-26T06:00:00+01:00,van,2,3,-1
2026-03-26T07:00:00+01:00,car,12,17,-5
2026-03-26T07:00:00+01:00,car trailer,1,1,0
2026-03-26T07:00:00+01:00,light,4,6,-2
2026-03-26T07:00:00+01:00,pedestrian,15,10,5
2026-03-26T07:00:00+01:00,pram,0,1,-1
2026-03-26T07:00:00+01:00,van,4,5,-1
2026-03-26T08:00:00+01:00,bicycle,1,4,-3
2026-03-26T08:00:00+01:00,car,22,37,-15
2026-03-26T08:00:00+01:00,light,2,2,0
2026-03-26T08:00:00+01:00,pedestrian,18,24,-6
2026-03-26T08:00:00+01:00,pram,1,1,0
2026-03-26T08:00:00+01:00,van,5,8,-3
2026-03-26T09:00:00+01:00,bicycle,2,3,-1
2026-03-26T09:00:00+01:00,car,22,32,-10
2026-03-26T09:00:00+01:00,light,2,0,2
2026-03-26T09:00:00+01:00,motorcycle,1,0,1
2026-03-26T09:00:00+01:00,pedestrian,27,46,-19
2026-03-26T09:00:00+01:00,van,8,11,-3
2026-03-26T10:00:00+01:00,bicycle,2,0,2
2026-03-26T10:00:00+01:00,car,41,46,-5
2026-03-26T10:00:00+01:00,light,4,1,3
2026-03-26T10:00:00+01:00,motorcycle,0,2,-2
2026-03-26T10:00:00+01:00,pedestrian,37,43,-6
2026-03-26T10:00:00+01:00,van,19,10,9
2026-03-26T11:00:00+01:00,bicycle,4,8,-4
2026-03-26T11:00:00+01:00,bus,1,0,1
2026-03-26T11:00:00+01:00,car,37,69,-32
2026-03-26T11:00:00+01:00,pedestrian,54,62,-8
2026-03-26T11:00:00+01:00,van,2,3,-1
2026-03-26T12:00:00+01:00,bicycle,4,6,-2
2026-03-26T12:00:00+01:00,car,46,62,-16
2026-03-26T12:00:00+01:00,car trailer,1,0,1
2026-03-26T12:00:00+01:00,light,0,1,-1
2026-03-26T12:00:00+01:00,motorcycle,0,2,-2
2026-03-26T12:00:00+01:00,pedestrian,51,61,-10
2026-03-26T12:00:00+01:00,van,7,5,2
2026-03-26T13:00:00+01:00,car,25,29,-4
2026-03-26T13:00:00+01:00,light,1,0,1
2026-03-26T13:00:00+01:00,pedestrian,41,43,-2
2026-03-26T13:00:00+01:00,van,2,1,1
2026-03-26T14:00:00+01:00,bicycle,0,2,-2
2026-03-26T14:00:00+01:00,car,52,38,14
2026-03-26T14:00:00+01:00,pedestrian,30,48,-18
2026-03-26T14:00:00+01:00,van,1,1,0
2026-03-26T15:00:00+01:00,bicycle,5,3,2
2026-03-26T15:00:00+01:00,car,48,28,20
2026-03-26T15:00:00+01:00,pedestrian,79,62,17
2026-03-26T15:00:00+01:00,van,5,4,1
2026-03-26T16:00:00+01:00,bicycle,4,3,1
2026-03-26T16:00:00+01:00,car,33,32,1
2026-03-26T16:00:00+01:00,motorcycle,0,1,-1
2026-03-26T16:00:00+01:00,pedestrian,33,49,-16
2026-03-26T16:00:00+01:00,van,1,1,0
2026-03-26T17:00:00+01:00,bicycle,3,3,0
2026-03-26T17:00:00+01:00,car,38,48,-10
2026-03-26T17:00:00+01:00,motorcycle,0,1,-1
2026-03-26T17:00:00+01:00,pedestrian,67,81,-14
2026-03-26T18:00:00+01:00,bicycle,4,6,-2
2026-03-26T18:00:00+01:00,car,28,28,0
2026-03-26T18:00:00+01:00,pedestrian,70,73,-3
2026-03-26T18:00:00+01:00,van,1,2,-1
2026-03-26T19:00:00+01:00,car,42,15,27
2026-03-26T19:00:00+01:00,pedestrian,16,14,2
2026-03-26T19:00:00+01:00,van,2,1,1
2026-03-26T20:00:00+01:00,car,33,11,22
2026-03-26T20:00:00+01:00,pedestrian,2,1,1
2026-03-26T21:00:00+01:00,car,24,18,6
2026-03-26T21:00:00+01:00,pedestrian,4,1,3
2026-03-26T22:00:00+01:00,car,12,4,8
2026-03-26T22:00:00+01:00,pedestrian,4,0,4
2026-03-26T22:00:00+01:00,van,1,1,0
2026-03-26T23:00:00+01:00,car,6,6,0
2026-03-26T23:00:00+01:00,pedestrian,5,2,3
2026-03-26T23:00:00+01:00,van,1,0,1
2026-03-27T00:00:00+01:00,car,11,6,5
2026-03-27T00:00:00+01:00,pedestrian,2,1,1
2026-03-27T01:00:00+01:00,car,2,1,1
2026-03-27T01:00:00+01:00,pedestrian,3,1,2
2026-03-27T02:00:00+01:00,car,3,1,2
2026-03-27T02:00:00+01:00,motorcycle,0,1,-1
2026-03-27T02:00:00+01:00,pedestrian,2,1,1
2026-03-27T03:00:00+01:00,car,0,1,-1
2026-03-27T03:00:00+01:00,pedestrian,0,1,-1
2026-03-27T04:00:00+01:00,pedestrian,0,1,-1
2026-03-27T05:00:00+01:00,car,0,1,-1
2026-03-27T05:00:00+01:00,light,1,2,-1
2026-03-27T05:00:00+01:00,pedestrian,1,0,1
2026-03-27T06:00:00+01:00,bicycle,1,0,1
2026-03-27T06:00:00+01:00,car,10,12,-2
2026-03-27T06:00:00+01:00,light,3,3,0
2026-03-27T06:00:00+01:00,pedestrian,4,6,-2
2026-03-27T06:00:00+01:00,van,0,1,-1
2026-03-27T07:00:00+01:00,bicycle,1,0,1
2026-03-27T07:00:00+01:00,car,17,27,-10
2026-03-27T07:00:00+01:00,light,4,4,0
2026-03-27T07:00:00+01:00,motorcycle,2,1,1
2026-03-27T07:00:00+01:00,pedestrian,27,8,19
2026-03-27T07:00:00+01:00,van,2,5,-3
2026-03-27T08:00:00+01:00,bicycle,1,1,0
2026-03-27T08:00:00+01:00,car,21,28,-7
2026-03-27T08:00:00+01:00,heavy,0,1,-1
2026-03-27T08:00:00+01:00,light,5,4,1
2026-03-27T08:00:00+01:00,pedestrian,36,54,-18
2026-03-27T08:00:00+01:00,van,5,7,-2
2026-03-27T09:00:00+01:00,bicycle,4,2,2
2026-03-27T09:00:00+01:00,car,32,23,9
2026-03-27T09:00:00+01:00,light,3,3,0
2026-03-27T09:00:00+01:00,pedestrian,37,40,-3
2026-03-27T09:00:00+01:00,van,3,0,3
2026-03-27T10:00:00+01:00,bicycle,2,1,1
2026-03-27T10:00:00+01:00,car,27,37,-10
2026-03-27T10:00:00+01:00,light,2,1,1
2026-03-27T10:00:00+01:00,motorcycle,1,0,1
2026-03-27T10:00:00+01:00,pedestrian,52,55,-3
2026-03-27T10:00:00+01:00,van,8,9,-1
2026-03-27T10:00:00+01:00,wheelchair,1,0,1
2026-03-27T11:00:00+01:00,car,37,36,1
2026-03-27T11:00:00+01:00,light,1,0,1
2026-03-27T11:00:00+01:00,motorcycle,0,1,-1
2026-03-27T11:00:00+01:00,pedestrian,52,39,13
2026-03-27T11:00:00+01:00,van,5,2,3
2026-03-27T12:00:00+01:00,bicycle,3,2,1
2026-03-27T12:00:00+01:00,car,29,51,-22
2026-03-27T12:00:00+01:00,car trailer,1,0,1
2026-03-27T12:00:00+01:00,light,1,0,1
2026-03-27T12:00:00+01:00,pedestrian,89,91,-2
2026-03-27T12:00:00+01:00,pram,0,1,-1
2026-03-27T12:00:00+01:00,van,5,5,0
2026-03-27T13:00:00+01:00,bicycle,5,4,1
2026-03-27T13:00:00+01:00,car,55,34,21
2026-03-27T13:00:00+01:00,motorcycle,1,0,1
2026-03-27T13:00:00+01:00,pedestrian,46,47,-1
2026-03-27T13:00:00+01:00,pram,1,0,1
2026-03-27T13:00:00+01:00,van,5,4,1
2026-03-27T14:00:00+01:00,bicycle,0,1,-1
2026-03-27T14:00:00+01:00,car,22,13,9
2026-03-27T14:00:00+01:00,light,0,1,-1
2026-03-27T14:00:00+01:00,motorcycle,0,1,-1
2026-03-27T14:00:00+01:00,pedestrian,61,60,1
2026-03-27T14:00:00+01:00,pram,0,1,-1
2026-03-27T14:00:00+01:00,van,1,2,-1
2026-03-27T15:00:00+01:00,bicycle,2,6,-4
2026-03-27T15:00:00+01:00,car,21,19,2
2026-03-27T15:00:00+01:00,motorcycle,0,1,-1
2026-03-27T15:00:00+01:00,pedestrian,58,76,-18
2026-03-27T15:00:00+01:00,pram,0,1,-1
2026-03-27T15:00:00+01:00,van,3,1,2
2026-03-27T16:00:00+01:00,bicycle,4,4,0
2026-03-27T16:00:00+01:00,car,32,21,11
2026-03-27T16:00:00+01:00,pedestrian,71,78,-7
2026-03-27T16:00:00+01:00,pram,0,1,-1
2026-03-27T16:00:00+01:00,van,3,3,0
2026-03-27T17:00:00+01:00,bicycle,5,1,4
2026-03-27T17:00:00+01:00,car,41,52,-11
2026-03-27T17:00:00+01:00,light,1,1,0
2026-03-27T17:00:00+01:00,pedestrian,49,67,-18
2026-03-27T17:00:00+01:00,pram,0,1,-1
2026-03-27T18:00:00+01:00,bicycle,3,4,-1
2026-03-27T18:00:00+01:00,car,47,45,2
2026-03-27T18:00:00+01:00,pedestrian,49,62,-13
2026-03-27T19:00:00+01:00,car,23,17,6
2026-03-27T19:00:00+01:00,pedestrian,17,21,-4
2026-03-27T19:00:00+01:00,van,2,2,0
2026-03-27T20:00:00+01:00,bicycle,1,0,1
2026-03-27T20:00:00+01:00,car,19,13,6
2026-03-27T20:00:00+01:00,pedestrian,4,2,2
2026-03-27T20:00:00+01:00,van,1,0,1
2026-03-27T21:00:00+01:00,car,22,15,7
2026-03-27T21:00:00+01:00,light,2,0,2
2026-03-27T21:00:00+01:00,pedestrian,1,1,0
2026-03-27T21:00:00+01:00,van,1,1,0
2026-03-27T22:00:00+01:00,car,12,9,3
2026-03-27T22:00:00+01:00,van,2,0,2
2026-03-27T23:00:00+01:00,car,12,15,-3
2026-03-27T23:00:00+01:00,van,1,0,1
2026-03-28T00:00:00+01:00,car,6,5,1
2026-03-28T01:00:00+01:00,car,8,6,2
2026-03-28T02:00:00+01:00,car,1,1,0
2026-03-28T02:00:00+01:00,motorcycle,0,1,-1
2026-03-28T02:00:00+01:00,pedestrian,1,0,1
2026-03-28T03:00:00+01:00,bicycle,1,0,1
2026-03-28T03:00:00+01:00,car,8,9,-1
2026-03-28T03:00:00+01:00,pedestrian,1,0,1
2026-03-28T04:00:00+01:00,car,6,7,-1
2026-03-28T05:00:00+01:00,car,8,3,5
2026-03-28T05:00:00+01:00,motorcycle,1,0,1
2026-03-28T05:00:00+01:00,pedestrian,0,1,-1
2026-03-28T05:00:00+01:00,van,1,0,1
2026-03-28T06:00:00+01:00,car,5,5,0
2026-03-28T06:00:00+01:00,pedestrian,3,2,1
2026-03-28T07:00:00+01:00,car,4,5,-1
2026-03-28T07:00:00+01:00,pedestrian,10,7,3
2026-03-28T07:00:00+01:00,van,1,0,1
2026-03-28T08:00:00+01:00,bicycle,0,1,-1
2026-03-28T08:00:00+01:00,car,12,12,0
2026-03-28T08:00:00+01:00,motorcycle,1,1,0
2026-03-28T08:00:00+01:00,pedestrian,9,14,-5
2026-03-28T09:00:00+01:00,bicycle,0,2,-2
2026-03-28T09:00:00+01:00,car,11,17,-6
2026-03-28T09:00:00+01:00,light,1,0,1
2026-03-28T09:00:00+01:00,pedestrian,14,21,-7
2026-03-28T09:00:00+01:00,van,1,4,-3
2026-03-28T10:00:00+01:00,animal,1,0,1
2026-03-28T10:00:00+01:00,bicycle,2,0,2
2026-03-28T10:00:00+01:00,car,33,54,-21
2026-03-28T10:00:00+01:00,car trailer,1,1,0
2026-03-28T10:00:00+01:00,light,3,1,2
2026-03-28T10:00:00+01:00,motorcycle,1,0,1
2026-03-28T10:00:00+01:00,pedestrian,58,61,-3
2026-03-28T10:00:00+01:00,pram,1,0,1
2026-03-28T10:00:00+01:00,van,4,2,2
2026-03-28T11:00:00+01:00,bicycle,6,8,-2
2026-03-28T11:00:00+01:00,car,27,42,-15
2026-03-28T11:00:00+01:00,light,0,1,-1
2026-03-28T11:00:00+01:00,motorcycle,3,3,0
2026-03-28T11:00:00+01:00,pedestrian,90,82,8
2026-03-28T11:00:00+01:00,van,1,1,0
2026-03-28T12:00:00+01:00,bicycle,6,7,-1
2026-03-28T12:00:00+01:00,car,29,38,-9
2026-03-28T12:00:00+01:00,light,1,0,1
2026-03-28T12:00:00+01:00,pedestrian,61,76,-15
2026-03-28T12:00:00+01:00,van,1,0,1
2026-03-28T13:00:00+01:00,bicycle,0,2,-2
2026-03-28T13:00:00+01:00,car,34,36,-2
2026-03-28T13:00:00+01:00,motorcycle,1,0,1
2026-03-28T13:00:00+01:00,pedestrian,84,116,-32
2026-03-28T13:00:00+01:00,pram,1,0,1
2026-03-28T13:00:00+01:00,van,0,1,-1
2026-03-28T14:00:00+01:00,animal,1,0,1
2026-03-28T14:00:00+01:00,bicycle,4,5,-1
2026-03-28T14:00:00+01:00,car,35,30,5
2026-03-28T14:00:00+01:00,motorcycle,1,1,0
2026-03-28T14:00:00+01:00,pedestrian,92,67,25
2026-03-28T14:00:00+01:00,van,2,2,0
2026-03-28T15:00:00+01:00,bicycle,4,1,3
2026-03-28T15:00:00+01:00,bus,1,0,1
2026-03-28T15:00:00+01:00,car,44,23,21
2026-03-28T15:00:00+01:00,pedestrian,74,70,4
2026-03-28T15:00:00+01:00,van,1,0,1
2026-03-28T16:00:00+01:00,bicycle,4,3,1
2026-03-28T16:00:00+01:00,car,35,36,-1
2026-03-28T16:00:00+01:00,pedestrian,66,62,4
2026-03-28T17:00:00+01:00,bicycle,4,3,1
2026-03-28T17:00:00+01:00,car,21,19,2
2026-03-28T17:00:00+01:00,pedestrian,50,72,-22
2026-03-28T17:00:00+01:00,van,0,1,-1
2026-03-28T18:00:00+01:00,bicycle,2,3,-1
2026-03-28T18:00:00+01:00,car,33,40,-7
2026-03-28T18:00:00+01:00,motorcycle,0,1,-1
2026-03-28T18:00:00+01:00,pedestrian,75,94,-19
2026-03-28T19:00:00+01:00,car,29,23,6
2026-03-28T19:00:00+01:00,light,1,1,0
2026-03-28T19:00:00+01:00,pedestrian,36,39,-3
2026-03-28T20:00:00+01:00,car,23,26,-3
2026-03-28T20:00:00+01:00,pedestrian,2,9,-7
2026-03-28T20:00:00+01:00,van,0,1,-1
2026-03-28T21:00:00+01:00,car,18,11,7
2026-03-28T21:00:00+01:00,pedestrian,6,4,2
2026-03-28T22:00:00+01:00,car,27,20,7
2026-03-28T22:00:00+01:00,pedestrian,5,2,3
2026-03-28T23:00:00+01:00,car,20,10,10
2026-03-28T23:00:00+01:00,pedestrian,3,4,-1
2026-03-29T00:00:00+01:00,car,24,19,5
2026-03-29T00:00:00+01:00,pedestrian,3,1,2
2026-03-29T01:00:00+01:00,car,14,7,7
2026-03-29T01:00:00+01:00,pedestrian,6,2,4
2026-03-29T03:00:00+02:00,car,11,9,2
2026-03-29T03:00:00+02:00,motorcycle,0,1,-1
2026-03-29T03:00:00+02:00,pedestrian,5,2,3
2026-03-29T03:00:00+02:00,van,1,0,1
2026-03-29T04:00:00+02:00,car,7,3,4
2026-03-29T04:00:00+02:00,pedestrian,7,0,7
2026-03-29T05:00:00+02:00,car,5,1,4
2026-03-29T05:00:00+02:00,light,3,2,1
2026-03-29T05:00:00+02:00,pedestrian,4,0,4
2026-03-29T06:00:00+02:00,car,3,2,1
2026-03-29T06:00:00+02:00,pedestrian,3,2,1
2026-03-29T07:00:00+02:00,car,5,6,-1
2026-03-29T07:00:00+02:00,pedestrian,5,4,1
2026-03-29T08:00:00+02:00,car,5,7,-2
2026-03-29T08:00:00+02:00,light,2,0,2
2026-03-29T08:00:00+02:00,pedestrian,7,3,4
2026-03-29T09:00:00+02:00,car,11,13,-2
2026-03-29T09:00:00+02:00,pedestrian,9,7,2
2026-03-29T09:00:00+02:00,van,1,0,1
2026-03-29T10:00:00+02:00,car,19,37,-18
2026-03-29T10:00:00+02:00,motorcycle,1,0,1
2026-03-29T10:00:00+02:00,pedestrian,13,21,-8
2026-03-29T10:00:00+02:00,van,2,2,0
2026-03-29T11:00:00+02:00,animal,0,1,-1
2026-03-29T11:00:00+02:00,bicycle,0,1,-1
2026-03-29T11:00:00+02:00,car,15,40,-25
2026-03-29T11:00:00+02:00,pedestrian,20,12,8
2026-03-29T11:00:00+02:00,van,0,1,-1
2026-03-29T12:00:00+02:00,bicycle,2,3,-1
2026-03-29T12:00:00+02:00,car,26,22,4
2026-03-29T12:00:00+02:00,pedestrian,18,19,-1
2026-03-29T13:00:00+02:00,bicycle,1,1,0
2026-03-29T13:00:00+02:00,car,27,20,7
2026-03-29T13:00:00+02:00,pedestrian,30,28,2
2026-03-29T14:00:00+02:00,bicycle,4,3,1
2026-03-29T14:00:00+02:00,car,28,20,8
2026-03-29T14:00:00+02:00,pedestrian,36,41,-5
2026-03-29T14:00:00+02:00,van,0,1,-1
2026-03-29T15:00:00+02:00,bicycle,1,6,-5
2026-03-29T15:00:00+02:00,car,29,18,11
2026-03-29T15:00:00+02:00,car trailer,2,1,1
2026-03-29T15:00:00+02:00,pedestrian,41,51,-10
2026-03-29T15:00:00+02:00,van,1,0,1
2026-03-29T16:00:00+02:00,bicycle,4,2,2
2026-03-29T16:00:00+02:00,car,30,23,7
2026-03-29T16:00:00+02:00,pedestrian,32,34,-2
2026-03-29T16:00:00+02:00,pram,1,0,1
2026-03-29T17:00:00+02:00,bicycle,1,6,-5
2026-03-29T17:00:00+02:00,car,35,35,0
2026-03-29T17:00:00+02:00,car trailer,2,0,2
2026-03-29T17:00:00+02:00,pedestrian,27,54,-27
2026-03-29T17:00:00+02:00,van,1,1,0
2026-03-29T18:00:00+02:00,bicycle,4,5,-1
2026-03-29T18:00:00+02:00,car,9,16,-7
2026-03-29T18:00:00+02:00,motorcycle,0,1,-1
2026-03-29T18:00:00+02:00,pedestrian,34,36,-2
2026-03-29T19:00:00+02:00,bicycle,0,3,-3
2026-03-29T19:00:00+02:00,car,19,15,4
2026-03-29T19:00:00+02:00,pedestrian,32,32,0
2026-03-29T19:00:00+02:00,pram,1,0,1
2026-03-29T20:00:00+02:00,bicycle,0,1,-1
2026-03-29T20:00:00+02:00,car,18,27,-9
2026-03-29T20:00:00+02:00,pedestrian,21,13,8
2026-03-29T21:00:00+02:00,car,11,8,3
2026-03-29T22:00:00+02:00,car,3,1,2
2026-03-30T00:00:00+02:00,car,1,0,1
2026-03-30T03:00:00+02:00,car,1,0,1
2026-03-30T05:00:00+02:00,car,8,2,6
2026-03-30T05:00:00+02:00,light,1,1,0
2026-03-30T05:00:00+02:00,pedestrian,1,0,1
2026-03-30T06:00:00+02:00,car,14,15,-1
2026-03-30T06:00:00+02:00,light,9,7,2
2026-03-30T06:00:00+02:00,pedestrian,4,1,3
2026-03-30T06:00:00+02:00,van,1,1,0
2026-03-30T07:00:00+02:00,car,7,12,-5
2026-03-30T07:00:00+02:00,pedestrian,6,3,3
2026-03-30T07:00:00+02:00,van,3,7,-4
2026-03-30T08:00:00+02:00,bicycle,2,1,1
2026-03-30T08:00:00+02:00,car,13,26,-13
2026-03-30T08:00:00+02:00,light,1,2,-1
2026-03-30T08:00:00+02:00,motorcycle,0,1,-1
2026-03-30T08:00:00+02:00,pedestrian,3,2,1
2026-03-30T08:00:00+02:00,van,11,7,4
2026-03-30T09:00:00+02:00,bicycle,0,1,-1
2026-03-30T09:00:00+02:00,car,26,22,4
2026-03-30T09:00:00+02:00,heavy,1,0,1
2026-03-30T09:00:00+02:00,light,4,2,2
2026-03-30T09:00:00+02:00,motorcycle,0,1,-1
2026-03-30T09:00:00+02:00,pedestrian,15,17,-2
2026-03-30T09:00:00+02:00,van,6,4,2
2026-03-30T10:00:00+02:00,bicycle,1,4,-3
2026-03-30T10:00:00+02:00,car,42,65,-23
2026-03-30T10:00:00+02:00,light,2,2,0
2026-03-30T10:00:00+02:00,pedestrian,43,56,-13
2026-03-30T10:00:00+02:00,van,7,9,-2
2026-03-30T11:00:00+02:00,bicycle,3,2,1
2026-03-30T11:00:00+02:00,car,33,49,-16
2026-03-30T11:00:00+02:00,light,2,1,1
2026-03-30T11:00:00+02:00,motorcycle,0,1,-1
2026-03-30T11:00:00+02:00,pedestrian,47,44,3
2026-03-30T11:00:00+02:00,pram,1,1,0
2026-03-30T11:00:00+02:00,van,3,4,-1
2026-03-30T12:00:00+02:00,bicycle,6,3,3
2026-03-30T12:00:00+02:00,car,26,28,-2
2026-03-30T12:00:00+02:00,light,1,0,1
2026-03-30T12:00:00+02:00,pedestrian,58,75,-17
2026-03-30T12:00:00+02:00,pram,2,0,2
2026-03-30T12:00:00+02:00,van,3,3,0
2026-03-30T13:00:00+02:00,bicycle,2,3,-1
2026-03-30T13:00:00+02:00,car,29,21,8
2026-03-30T13:00:00+02:00,light,1,0,1
2026-03-30T13:00:00+02:00,motorcycle,1,0,1
2026-03-30T13:00:00+02:00,pedestrian,60,56,4
2026-03-30T13:00:00+02:00,van,4,6,-2
2026-03-30T14:00:00+02:00,bicycle,5,3,2
2026-03-30T14:00:00+02:00,car,39,32,7
2026-03-30T14:00:00+02:00,motorcycle,1,0,1
2026-03-30T14:00:00+02:00,pedestrian,69,67,2
2026-03-30T14:00:00+02:00,pram,0,2,-2
2026-03-30T14:00:00+02:00,van,1,2,-1
2026-03-30T15:00:00+02:00,bicycle,2,3,-1
2026-03-30T15:00:00+02:00,car,60,35,25
2026-03-30T15:00:00+02:00,pedestrian,58,37,21
2026-03-30T15:00:00+02:00,van,3,3,0
2026-03-30T16:00:00+02:00,bicycle,1,4,-3
2026-03-30T16:00:00+02:00,car,23,23,0
2026-03-30T16:00:00+02:00,light,1,0,1
2026-03-30T16:00:00+02:00,pedestrian,58,63,-5
2026-03-30T16:00:00+02:00,van,1,1,0
2026-03-30T17:00:00+02:00,bicycle,5,2,3
2026-03-30T17:00:00+02:00,car,32,26,6
2026-03-30T17:00:00+02:00,car trailer,1,1,0
2026-03-30T17:00:00+02:00,motorcycle,0,2,-2
2026-03-30T17:00:00+02:00,pedestrian,54,75,-21
2026-03-30T17:00:00+02:00,van,3,1,2
2026-03-30T18:00:00+02:00,bicycle,2,0,2
2026-03-30T18:00:00+02:00,car,18,20,-2
2026-03-30T18:00:00+02:00,motorcycle,1,0,1
2026-03-30T18:00:00+02:00,pedestrian,38,51,-13
2026-03-30T18:00:00+02:00,pram,1,0,1
2026-03-30T18:00:00+02:00,van,0,1,-1
2026-03-30T19:00:00+02:00,bicycle,4,6,-2
2026-03-30T19:00:00+02:00,car,19,21,-2
2026-03-30T19:00:00+02:00,motorcycle,1,1,0
2026-03-30T19:00:00+02:00,pedestrian,51,44,7
2026-03-30T19:00:00+02:00,scooter,0,1,-1
2026-03-30T20:00:00+02:00,bicycle,0,4,-4
2026-03-30T20:00:00+02:00,car,49,39,10
2026-03-30T20:00:00+02:00,pedestrian,29,11,18
2026-03-30T20:00:00+02:00,pram,1,0,1
2026-03-30T21:00:00+02:00,car,110,95,15
2026-03-30T21:00:00+02:00,pedestrian,6,3,3
2026-03-30T22:00:00+02:00,car,121,117,4
2026-03-30T22:00:00+02:00,pedestrian,1,0,1
2026-03-30T23:00:00+02:00,car,35,37,-2
2026-03-30T23:00:00+02:00,pedestrian,2,0,2
2026-03-31T00:00:00+02:00,car,2,4,-2
2026-03-31T01:00:00+02:00,car,0,1,-1
2026-03-31T01:00:00+02:00,pedestrian,1,0,1
2026-03-31T02:00:00+02:00,car,6,5,1
2026-03-31T02:00:00+02:00,motorcycle,0,1,-1
2026-03-31T03:00:00+02:00,car,2,5,-3
2026-03-31T04:00:00+02:00,car,6,3,3
2026-03-31T05:00:00+02:00,car,7,4,3
2026-03-31T06:00:00+02:00,car,14,18,-4
2026-03-31T06:00:00+02:00,light,7,9,-2
2026-03-31T06:00:00+02:00,van,3,5,-2
2026-03-31T07:00:00+02:00,bicycle,0,1,-1
2026-03-31T07:00:00+02:00,car,15,20,-5
2026-03-31T07:00:00+02:00,light,6,9,-3
2026-03-31T07:00:00+02:00,pedestrian,21,10,11
2026-03-31T07:00:00+02:00,van,2,4,-2
2026-03-31T08:00:00+02:00,bicycle,1,3,-2
2026-03-31T08:00:00+02:00,car,12,17,-5
2026-03-31T08:00:00+02:00,car trailer,1,0,1
2026-03-31T08:00:00+02:00,heavy,1,0,1
2026-03-31T08:00:00+02:00,light,4,5,-1
2026-03-31T08:00:00+02:00,motorcycle,2,1,1
2026-03-31T08:00:00+02:00,pedestrian,13,17,-4
2026-03-31T08:00:00+02:00,van,2,3,-1
2026-03-31T09:00:00+02:00,bicycle,0,3,-3
2026-03-31T09:00:00+02:00,car,36,41,-5
2026-03-31T09:00:00+02:00,light,2,2,0
2026-03-31T09:00:00+02:00,motorcycle,1,2,-1
2026-03-31T09:00:00+02:00,pedestrian,42,32,10
2026-03-31T09:00:00+02:00,van,7,6,1
2026-03-31T10:00:00+02:00,bicycle,10,12,-2
2026-03-31T10:00:00+02:00,car,44,55,-11
2026-03-31T10:00:00+02:00,light,5,1,4
2026-03-31T10:00:00+02:00,motorcycle,1,0,1
2026-03-31T10:00:00+02:00,pedestrian,67,62,5
2026-03-31T10:00:00+02:00,pram,1,0,1
2026-03-31T10:00:00+02:00,van,9,6,3
2026-03-31T11:00:00+02:00,bicycle,5,3,2
2026-03-31T11:00:00+02:00,car,50,59,-9
2026-03-31T11:00:00+02:00,light,2,2,0
2026-03-31T11:00:00+02:00,motorcycle,1,1,0
2026-03-31T11:00:00+02:00,pedestrian,89,92,-3
2026-03-31T11:00:00+02:00,pram,1,0,1
2026-03-31T11:00:00+02:00,van,2,6,-4
2026-03-31T12:00:00+02:00,bicycle,6,2,4
2026-03-31T12:00:00+02:00,car,68,78,-10
2026-03-31T12:00:00+02:00,light,4,6,-2
2026-03-31T12:00:00+02:00,pedestrian,129,109,20
2026-03-31T12:00:00+02:00,van,7,9,-2
2026-03-31T13:00:00+02:00,bicycle,4,8,-4
2026-03-31T13:00:00+02:00,car,35,36,-1
2026-03-31T13:00:00+02:00,heavy,0,1,-1
2026-03-31T13:00:00+02:00,light,4,2,2
2026-03-31T13:00:00+02:00,pedestrian,111,96,15
2026-03-31T13:00:00+02:00,van,2,3,-1
2026-03-31T14:00:00+02:00,bicycle,2,2,0
2026-03-31T14:00:00+02:00,car,26,29,-3
2026-03-31T14:00:00+02:00,light,2,0,2
2026-03-31T14:00:00+02:00,pedestrian,65,73,-8
2026-03-31T14:00:00+02:00,van,2,2,0
2026-03-31T15:00:00+02:00,bicycle,3,2,1
2026-03-31T15:00:00+02:00,car,48,20,28
2026-03-31T15:00:00+02:00,pedestrian,45,57,-12
2026-03-31T15:00:00+02:00,pram,2,2,0
2026-03-31T15:00:00+02:00,van,1,0,1
2026-03-31T16:00:00+02:00,bicycle,1,2,-1
2026-03-31T16:00:00+02:00,car,94,76,18
2026-03-31T16:00:00+02:00,car trailer,2,1,1
2026-03-31T16:00:00+02:00,light,1,0,1
2026-03-31T16:00:00+02:00,pedestrian,63,65,-2
2026-03-31T16:00:00+02:00,van,3,4,-1
2026-03-31T17:00:00+02:00,bicycle,4,4,0
2026-03-31T17:00:00+02:00,car,51,48,3
2026-03-31T17:00:00+02:00,motorcycle,1,2,-1
2026-03-31T17:00:00+02:00,pedestrian,64,81,-17
2026-03-31T17:00:00+02:00,van,4,2,2
2026-03-31T18:00:00+02:00,bicycle,3,5,-2
2026-03-31T18:00:00+02:00,car,27,36,-9
2026-03-31T18:00:00+02:00,pedestrian,57,74,-17
2026-03-31T19:00:00+02:00,bicycle,2,4,-2
2026-03-31T19:00:00+02:00,car,30,29,1
2026-03-31T19:00:00+02:00,light,0,3,-3
2026-03-31T19:00:00+02:00,pedestrian,51,79,-28
2026-03-31T20:00:00+02:00,bicycle,3,1,2
2026-03-31T20:00:00+02:00,car,17,15,2
2026-03-31T20:00:00+02:00,pedestrian,38,30,8
2026-03-31T20:00:00+02:00,van,0,1,-1
2026-03-31T21:00:00+02:00,car,79,72,7
2026-03-31T21:00:00+02:00,pedestrian,4,5,-1
2026-03-31T22:00:00+02:00,car,136,144,-8
2026-03-31T22:00:00+02:00,pedestrian,2,2,0
2026-03-31T23:00:00+02:00,car,117,114,3
2026-03-31T23:00:00+02:00,pedestrian,5,0,5
2026-04-01T00:00:00+02:00,car,67,68,-1
2026-04-01T00:00:00+02:00,pedestrian,2,0,2
2026-04-01T01:00:00+02:00,car,38,39,-1
2026-04-01T01:00:00+02:00,pedestrian,2,1,1
2026-04-01T02:00:00+02:00,car,46,43,3
2026-04-01T03:00:00+02:00,car,118,110,8
2026-04-01T03:00:00+02:00,motorcycle,0,1,-1
2026-04-01T04:00:00+02:00,car,52,53,-1
2026-04-01T05:00:00+02:00,car,43,36,7
2026-04-01T05:00:00+02:00,pedestrian,1,0,1
2026-04-01T06:00:00+02:00,bicycle,1,0,1
2026-04-01T06:00:00+02:00,car,9,10,-1
2026-04-01T06:00:00+02:00,light,1,1,0
2026-04-01T06:00:00+02:00,pedestrian,5,1,4
2026-04-01T06:00:00+02:00,van,2,2,0
2026-04-01T07:00:00+02:00,car,8,9,-1
2026-04-01T07:00:00+02:00,light,3,3,0
2026-04-01T07:00:00+02:00,pedestrian,6,7,-1
2026-04-01T07:00:00+02:00,van,4,4,0
2026-04-01T08:00:00+02:00,car,5,13,-8
2026-04-01T08:00:00+02:00,light,5,5,0
2026-04-01T08:00:00+02:00,motorcycle,2,2,0
2026-04-01T08:00:00+02:00,pedestrian,8,8,0
2026-04-01T08:00:00+02:00,van,16,16,0
2026-04-01T09:00:00+02:00,bicycle,1,3,-2
2026-04-01T09:00:00+02:00,car,26,25,1
2026-04-01T09:00:00+02:00,heavy,1,1,0
2026-04-01T09:00:00+02:00,light,2,0,2
2026-04-01T09:00:00+02:00,motorcycle,3,2,1
2026-04-01T09:00:00+02:00,pedestrian,27,19,8
2026-04-01T09:00:00+02:00,van,7,9,-2
2026-04-01T10:00:00+02:00,bicycle,2,3,-1
2026-04-01T10:00:00+02:00,car,27,35,-8
2026-04-01T10:00:00+02:00,light,2,4,-2
2026-04-01T10:00:00+02:00,pedestrian,36,27,9
2026-04-01T10:00:00+02:00,van,9,9,0
2026-04-01T11:00:00+02:00,bicycle,1,0,1
2026-04-01T11:00:00+02:00,car,21,39,-18
2026-04-01T11:00:00+02:00,light,2,0,2
2026-04-01T11:00:00+02:00,pedestrian,19,28,-9
2026-04-01T11:00:00+02:00,van,9,7,2
2026-04-01T12:00:00+02:00,bicycle,4,5,-1
2026-04-01T12:00:00+02:00,car,54,50,4
2026-04-01T12:00:00+02:00,motorcycle,3,3,0
2026-04-01T12:00:00+02:00,pedestrian,63,70,-7
2026-04-01T12:00:00+02:00,pram,0,1,-1
2026-04-01T12:00:00+02:00,van,7,8,-1
2026-04-01T13:00:00+02:00,bicycle,3,3,0
2026-04-01T13:00:00+02:00,car,37,49,-12
2026-04-01T13:00:00+02:00,motorcycle,1,0,1
2026-04-01T13:00:00+02:00,pedestrian,75,85,-10
2026-04-01T13:00:00+02:00,pram,1,0,1
2026-04-01T13:00:00+02:00,van,5,4,1
2026-04-01T14:00:00+02:00,bicycle,8,6,2
2026-04-01T14:00:00+02:00,car,40,27,13
2026-04-01T14:00:00+02:00,light,1,1,0
2026-04-01T14:00:00+02:00,motorcycle,1,0,1
2026-04-01T14:00:00+02:00,pedestrian,85,79,6
2026-04-01T14:00:00+02:00,pram,1,0,1
2026-04-01T14:00:00+02:00,van,5,5,0
2026-04-01T15:00:00+02:00,bicycle,2,5,-3
2026-04-01T15:00:00+02:00,car,43,38,5
2026-04-01T15:00:00+02:00,pedestrian,60,77,-17
2026-04-01T15:00:00+02:00,van,3,1,2
2026-04-01T15:00:00+02:00,wheelchair,1,0,1
2026-04-01T16:00:00+02:00,bicycle,5,5,0
2026-04-01T16:00:00+02:00,car,37,37,0
2026-04-01T16:00:00+02:00,light,2,1,1
2026-04-01T16:00:00+02:00,pedestrian,64,59,5
2026-04-01T16:00:00+02:00,pram,0,1,-1
2026-04-01T16:00:00+02:00,van,2,1,1
2026-04-01T16:00:00+02:00,wheelchair,1,0,1
2026-04-01T17:00:00+02:00,bicycle,4,5,-1
2026-04-01T17:00:00+02:00,car,34,25,9
2026-04-01T17:00:00+02:00,motorcycle,1,0,1
2026-04-01T17:00:00+02:00,pedestrian,53,83,-30
2026-04-01T17:00:00+02:00,van,5,3,2
2026-04-01T18:00:00+02:00,bicycle,10,13,-3
2026-04-01T18:00:00+02:00,car,29,35,-6
2026-04-01T18:00:00+02:00,motorcycle,1,3,-2
2026-04-01T18:00:00+02:00,pedestrian,53,54,-1
2026-04-01T18:00:00+02:00,van,1,1,0
2026-04-01T19:00:00+02:00,bicycle,2,3,-1
2026-04-01T19:00:00+02:00,car,15,20,-5
2026-04-01T19:00:00+02:00,pedestrian,36,61,-25
2026-04-01T19:00:00+02:00,van,1,1,0
2026-04-01T20:00:00+02:00,bicycle,1,1,0
2026-04-01T20:00:00+02:00,car,30,30,0
2026-04-01T20:00:00+02:00,pedestrian,33,32,1
2026-04-01T20:00:00+02:00,van,1,0,1
2026-04-01T21:00:00+02:00,bicycle,1,0,1
2026-04-01T21:00:00+02:00,car,72,67,5
2026-04-01T21:00:00+02:00,car trailer,0,1,-1
2026-04-01T21:00:00+02:00,pedestrian,5,2,3
2026-04-01T22:00:00+02:00,car,61,45,16
2026-04-01T22:00:00+02:00,pedestrian,6,5,1
2026-04-01T23:00:00+02:00,car,75,71,4
2026-04-01T23:00:00+02:00,pedestrian,6,1,5
2026-04-02T00:00:00+02:00,car,48,45,3
2026-04-02T00:00:00+02:00,pedestrian,3,3,0
2026-04-02T01:00:00+02:00,car,39,25,14
2026-04-02T01:00:00+02:00,pedestrian,1,1,0
2026-04-02T02:00:00+02:00,car,72,64,8
2026-04-02T02:00:00+02:00,motorcycle,0,1,-1
2026-04-02T02:00:00+02:00,pedestrian,6,0,6
2026-04-02T03:00:00+02:00,car,27,21,6
2026-04-02T03:00:00+02:00,pedestrian,6,3,3
2026-04-02T04:00:00+02:00,pedestrian,1,1,0
2026-04-02T05:00:00+02:00,car,7,10,-3
2026-04-02T05:00:00+02:00,pedestrian,0,2,-2
2026-04-02T05:00:00+02:00,van,1,1,0
2026-04-02T06:00:00+02:00,bicycle,2,0,2
2026-04-02T06:00:00+02:00,car,22,23,-1
2026-04-02T06:00:00+02:00,light,1,1,0
2026-04-02T06:00:00+02:00,motorcycle,0,1,-1
2026-04-02T06:00:00+02:00,pedestrian,1,1,0
2026-04-02T06:00:00+02:00,van,1,1,0
2026-04-02T07:00:00+02:00,car,1,2,-1
2026-04-02T07:00:00+02:00,light,3,4,-1
2026-04-02T07:00:00+02:00,pedestrian,4,1,3
2026-04-02T07:00:00+02:00,van,0,1,-1
2026-04-02T08:00:00+02:00,bicycle,1,1,0
2026-04-02T08:00:00+02:00,car,8,5,3
2026-04-02T08:00:00+02:00,light,2,2,0
2026-04-02T08:00:00+02:00,motorcycle,1,1,0
2026-04-02T08:00:00+02:00,pedestrian,3,8,-5
2026-04-02T08:00:00+02:00,pram,0,1,-1
2026-04-02T08:00:00+02:00,van,1,1,0
2026-04-02T09:00:00+02:00,bicycle,1,1,0
2026-04-02T09:00:00+02:00,car,16,17,-1
2026-04-02T09:00:00+02:00,pedestrian,24,13,11
2026-04-02T09:00:00+02:00,pram,1,0,1
2026-04-02T09:00:00+02:00,van,1,2,-1
2026-04-02T10:00:00+02:00,bicycle,1,1,0
2026-04-02T10:00:00+02:00,car,11,38,-27
2026-04-02T10:00:00+02:00,pedestrian,18,22,-4
2026-04-02T11:00:00+02:00,bicycle,2,5,-3
2026-04-02T11:00:00+02:00,car,17,47,-30
2026-04-02T11:00:00+02:00,motorcycle,1,1,0
2026-04-02T11:00:00+02:00,pedestrian,28,34,-6
2026-04-02T11:00:00+02:00,pram,1,0,1
2026-04-02T12:00:00+02:00,bicycle,6,6,0
2026-04-02T12:00:00+02:00,car,34,44,-10
2026-04-02T12:00:00+02:00,pedestrian,37,41,-4
2026-04-02T12:00:00+02:00,pram,0,1,-1
2026-04-02T12:00:00+02:00,van,1,1,0
2026-04-02T13:00:00+02:00,bicycle,4,3,1
2026-04-02T13:00:00+02:00,car,51,37,14
2026-04-02T13:00:00+02:00,motorcycle,0,1,-1
2026-04-02T13:00:00+02:00,pedestrian,47,52,-5
2026-04-02T13:00:00+02:00,van,1,1,0
2026-04-02T14:00:00+02:00,bicycle,2,2,0
2026-04-02T14:00:00+02:00,car,57,35,22
2026-04-02T14:00:00+02:00,pedestrian,48,33,15
2026-04-02T14:00:00+02:00,pram,1,0,1
2026-04-02T14:00:00+02:00,van,2,2,0
2026-04-02T15:00:00+02:00,car,32,25,7
2026-04-02T15:00:00+02:00,pedestrian,23,23,0
2026-04-02T15:00:00+02:00,van,1,0,1
2026-04-02T16:00:00+02:00,bicycle,1,1,0
2026-04-02T16:00:00+02:00,car,47,26,21
2026-04-02T16:00:00+02:00,pedestrian,26,49,-23
2026-04-02T17:00:00+02:00,bicycle,1,1,0
2026-04-02T17:00:00+02:00,car,35,27,8
2026-04-02T17:00:00+02:00,motorcycle,0,1,-1
2026-04-02T17:00:00+02:00,pedestrian,32,47,-15
2026-04-02T18:00:00+02:00,bicycle,2,3,-1
2026-04-02T18:00:00+02:00,car,24,27,-3
2026-04-02T18:00:00+02:00,motorcycle,1,0,1
2026-04-02T18:00:00+02:00,pedestrian,32,52,-20
2026-04-02T18:00:00+02:00,van,2,2,0
2026-04-02T19:00:00+02:00,bicycle,6,4,2
2026-04-02T19:00:00+02:00,car,22,20,2
2026-04-02T19:00:00+02:00,pedestrian,52,42,10
2026-04-02T20:00:00+02:00,bicycle,0,2,-2
2026-04-02T20:00:00+02:00,car,37,35,2
2026-04-02T20:00:00+02:00,pedestrian,31,27,4
2026-04-02T21:00:00+02:00,car,93,85,8
2026-04-02T21:00:00+02:00,motorcycle,0,1,-1
2026-04-02T21:00:00+02:00,pedestrian,2,4,-2
2026-04-02T21:00:00+02:00,van,2,1,1
2026-04-02T22:00:00+02:00,car,115,114,1
2026-04-02T22:00:00+02:00,pedestrian,10,0,10
2026-04-02T23:00:00+02:00,car,18,16,2
2026-04-02T23:00:00+02:00,pedestrian,9,2,7
2026-04-03T00:00:00+02:00,car,23,22,1
2026-04-03T00:00:00+02:00,pedestrian,12,2,10
2026-04-03T01:00:00+02:00,car,20,19,1
2026-04-03T01:00:00+02:00,pedestrian,8,1,7
2026-04-03T02:00:00+02:00,car,33,24,9
2026-04-03T02:00:00+02:00,motorcycle,0,1,-1
2026-04-03T02:00:00+02:00,pedestrian,11,2,9
2026-04-03T03:00:00+02:00,car,26,27,-1
2026-04-03T03:00:00+02:00,pedestrian,9,3,6
2026-04-03T03:00:00+02:00,van,3,2,1
2026-04-03T04:00:00+02:00,car,21,22,-1
2026-04-03T04:00:00+02:00,pedestrian,5,5,0
2026-04-03T04:00:00+02:00,van,1,1,0
2026-04-03T05:00:00+02:00,car,50,41,9
2026-04-03T06:00:00+02:00,car,24,19,5
2026-04-03T06:00:00+02:00,light,7,5,2
2026-04-03T06:00:00+02:00,pedestrian,3,4,-1
2026-04-03T06:00:00+02:00,van,1,1,0
2026-04-03T07:00:00+02:00,car,1,0,1
2026-04-03T07:00:00+02:00,pedestrian,6,2,4
2026-04-03T07:00:00+02:00,van,1,1,0
2026-04-03T08:00:00+02:00,car,5,5,0
2026-04-03T08:00:00+02:00,light,0,1,-1
2026-04-03T08:00:00+02:00,pedestrian,7,3,4
2026-04-03T08:00:00+02:00,van,1,0,1
2026-04-03T09:00:00+02:00,bicycle,1,4,-3
2026-04-03T09:00:00+02:00,car,8,12,-4
2026-04-03T09:00:00+02:00,motorcycle,0,1,-1
2026-04-03T09:00:00+02:00,pedestrian,8,6,2
2026-04-03T09:00:00+02:00,van,1,0,1
2026-04-03T10:00:00+02:00,bicycle,1,3,-2
2026-04-03T10:00:00+02:00,car,17,51,-34
2026-04-03T10:00:00+02:00,motorcycle,1,0,1
2026-04-03T10:00:00+02:00,pedestrian,37,23,14
2026-04-03T10:00:00+02:00,van,1,1,0
2026-04-03T11:00:00+02:00,bicycle,2,2,0
2026-04-03T11:00:00+02:00,car,27,40,-13
2026-04-03T11:00:00+02:00,motorcycle,1,0,1
2026-04-03T11:00:00+02:00,pedestrian,45,47,-2
2026-04-03T11:00:00+02:00,pram,1,0,1
2026-04-03T11:00:00+02:00,van,2,6,-4
2026-04-03T12:00:00+02:00,bicycle,1,3,-2
2026-04-03T12:00:00+02:00,car,42,34,8
2026-04-03T12:00:00+02:00,light,1,0,1
2026-04-03T12:00:00+02:00,motorcycle,1,0,1
2026-04-03T12:00:00+02:00,pedestrian,83,83,0
2026-04-03T12:00:00+02:00,pram,1,2,-1
2026-04-03T12:00:00+02:00,van,3,1,2
2026-04-03T13:00:00+02:00,bicycle,0,4,-4
2026-04-03T13:00:00+02:00,car,26,32,-6
2026-04-03T13:00:00+02:00,pedestrian,31,48,-17
2026-04-03T13:00:00+02:00,van,1,0,1
2026-04-03T14:00:00+02:00,bicycle,5,3,2
2026-04-03T14:00:00+02:00,car,41,27,14
2026-04-03T14:00:00+02:00,pedestrian,67,99,-32
2026-04-03T14:00:00+02:00,pram,1,1,0
2026-04-03T14:00:00+02:00,van,3,0,3
2026-04-03T15:00:00+02:00,bicycle,3,9,-6
2026-04-03T15:00:00+02:00,car,49,31,18
2026-04-03T15:00:00+02:00,pedestrian,97,165,-68
2026-04-03T15:00:00+02:00,pram,1,0,1
2026-04-03T15:00:00+02:00,van,3,6,-3
2026-04-03T16:00:00+02:00,bicycle,3,3,0
2026-04-03T16:00:00+02:00,car,41,26,15
2026-04-03T16:00:00+02:00,pedestrian,61,92,-31
2026-04-03T16:00:00+02:00,van,4,1,3
2026-04-03T17:00:00+02:00,bicycle,3,5,-2
2026-04-03T17:00:00+02:00,car,29,29,0
2026-04-03T17:00:00+02:00,motorcycle,2,0,2
2026-04-03T17:00:00+02:00,pedestrian,70,95,-25
2026-04-03T17:00:00+02:00,van,1,0,1
2026-04-03T18:00:00+02:00,bicycle,2,3,-1
2026-04-03T18:00:00+02:00,car,33,33,0
2026-04-03T18:00:00+02:00,pedestrian,53,89,-36
2026-04-03T19:00:00+02:00,bicycle,1,2,-1
2026-04-03T19:00:00+02:00,car,22,25,-3
2026-04-03T19:00:00+02:00,light,1,1,0
2026-04-03T19:00:00+02:00,pedestrian,49,33,16
2026-04-03T20:00:00+02:00,bicycle,1,1,0
2026-04-03T20:00:00+02:00,car,16,19,-3
2026-04-03T20:00:00+02:00,light,1,1,0
2026-04-03T20:00:00+02:00,pedestrian,19,11,8
2026-04-03T21:00:00+02:00,car,27,30,-3
2026-04-03T21:00:00+02:00,van,1,0,1
2026-04-03T22:00:00+02:00,car,23,19,4
2026-04-03T23:00:00+02:00,car,9,8,1
2026-04-04T00:00:00+02:00,car,15,10,5
2026-04-04T01:00:00+02:00,car,3,5,-2
2026-04-04T01:00:00+02:00,light,0,1,-1
2026-04-04T01:00:00+02:00,pedestrian,0,1,-1
2026-04-04T01:00:00+02:00,van,1,0,1
2026-04-04T02:00:00+02:00,car,10,9,1
2026-04-04T02:00:00+02:00,pedestrian,2,1,1
2026-04-04T03:00:00+02:00,car,6,3,3
2026-04-04T03:00:00+02:00,pedestrian,4,0,4
2026-04-04T04:00:00+02:00,car,2,3,-1
2026-04-04T04:00:00+02:00,pedestrian,4,0,4
2026-04-04T05:00:00+02:00,car,13,11,2
2026-04-04T05:00:00+02:00,pedestrian,0,1,-1
2026-04-04T06:00:00+02:00,car,7,6,1
2026-04-04T06:00:00+02:00,pedestrian,7,1,6
2026-04-04T07:00:00+02:00,car,5,2,3
2026-04-04T07:00:00+02:00,pedestrian,4,7,-3
2026-04-04T08:00:00+02:00,car,4,5,-1
2026-04-04T08:00:00+02:00,pedestrian,10,14,-4
2026-04-04T08:00:00+02:00,van,0,1,-1
2026-04-04T09:00:00+02:00,bicycle,0,2,-2
2026-04-04T09:00:00+02:00,car,17,21,-4
2026-04-04T09:00:00+02:00,light,3,1,2
2026-04-04T09:00:00+02:00,pedestrian,17,16,1
2026-04-04T10:00:00+02:00,bicycle,7,2,5
2026-04-04T10:00:00+02:00,car,12,40,-28
2026-04-04T10:00:00+02:00,car trailer,1,1,0
2026-04-04T10:00:00+02:00,light,2,0,2
2026-04-04T10:00:00+02:00,pedestrian,31,50,-19
2026-04-04T11:00:00+02:00,bicycle,2,0,2
2026-04-04T11:00:00+02:00,car,23,52,-29
2026-04-04T11:00:00+02:00,light,1,0,1
2026-04-04T11:00:00+02:00,pedestrian,49,53,-4
2026-04-04T11:00:00+02:00,pram,0,1,-1
2026-04-04T11:00:00+02:00,van,0,1,-1
2026-04-04T11:00:00+02:00,wheelchair,0,1,-1
2026-04-04T12:00:00+02:00,bicycle,2,3,-1
2026-04-04T12:00:00+02:00,car,39,54,-15
2026-04-04T12:00:00+02:00,pedestrian,110,88,22
2026-04-04T12:00:00+02:00,pram,1,1,0
2026-04-04T12:00:00+02:00,van,2,2,0
2026-04-04T13:00:00+02:00,car,43,40,3
2026-04-04T13:00:00+02:00,pedestrian,71,100,-29
2026-04-04T13:00:00+02:00,pram,1,0,1
2026-04-04T13:00:00+02:00,van,2,3,-1
2026-04-04T14:00:00+02:00,bicycle,4,5,-1
2026-04-04T14:00:00+02:00,car,62,36,26
2026-04-04T14:00:00+02:00,pedestrian,65,68,-3
2026-04-04T14:00:00+02:00,pram,0,1,-1
2026-04-04T14:00:00+02:00,scooter,1,1,0
2026-04-04T14:00:00+02:00,van,1,0,1
2026-04-04T14:00:00+02:00,wheelchair,1,0,1
2026-04-04T15:00:00+02:00,bicycle,4,3,1
2026-04-04T15:00:00+02:00,car,32,15,17
2026-04-04T15:00:00+02:00,car trailer,1,0,1
2026-04-04T15:00:00+02:00,pedestrian,53,46,7
2026-04-04T15:00:00+02:00,van,1,2,-1
2026-04-04T16:00:00+02:00,bicycle,2,4,-2
2026-04-04T16:00:00+02:00,car,30,19,11
2026-04-04T16:00:00+02:00,pedestrian,52,74,-22
2026-04-04T16:00:00+02:00,pram,1,0,1
2026-04-04T16:00:00+02:00,van,2,1,1
2026-04-04T17:00:00+02:00,bicycle,2,0,2
2026-04-04T17:00:00+02:00,car,33,29,4
2026-04-04T17:00:00+02:00,pedestrian,34,54,-20
2026-04-04T17:00:00+02:00,van,1,1,0
2026-04-04T18:00:00+02:00,bicycle,0,4,-4
2026-04-04T18:00:00+02:00,car,25,31,-6
2026-04-04T18:00:00+02:00,pedestrian,36,57,-21
2026-04-04T18:00:00+02:00,pram,1,0,1
2026-04-04T18:00:00+02:00,van,2,3,-1
2026-04-04T19:00:00+02:00,bicycle,1,3,-2
2026-04-04T19:00:00+02:00,bus,0,1,-1
2026-04-04T19:00:00+02:00,car,28,19,9
2026-04-04T19:00:00+02:00,motorcycle,1,1,0
2026-04-04T19:00:00+02:00,pedestrian,52,53,-1
2026-04-04T19:00:00+02:00,van,1,0,1
2026-04-04T20:00:00+02:00,bicycle,2,0,2
2026-04-04T20:00:00+02:00,car,25,20,5
2026-04-04T20:00:00+02:00,pedestrian,48,57,-9
2026-04-04T21:00:00+02:00,car,16,11,5
2026-04-04T21:00:00+02:00,pedestrian,9,5,4
2026-04-04T22:00:00+02:00,bus,0,1,-1
2026-04-04T22:00:00+02:00,car,15,18,-3
2026-04-04T22:00:00+02:00,light,1,1,0
2026-04-04T22:00:00+02:00,pedestrian,3,4,-1
2026-04-04T23:00:00+02:00,car,16,13,3
2026-04-04T23:00:00+02:00,pedestrian,5,3,2
2026-04-05T00:00:00+02:00,car,14,7,7
2026-04-05T00:00:00+02:00,pedestrian,1,2,-1
2026-04-05T01:00:00+02:00,car,3,9,-6
2026-04-05T01:00:00+02:00,pedestrian,6,3,3
2026-04-05T01:00:00+02:00,van,1,0,1
2026-04-05T02:00:00+02:00,car,13,9,4
2026-04-05T02:00:00+02:00,motorcycle,0,1,-1
2026-04-05T02:00:00+02:00,pedestrian,4,6,-2
2026-04-05T03:00:00+02:00,car,8,8,0
2026-04-05T03:00:00+02:00,pedestrian,3,3,0
2026-04-05T04:00:00+02:00,car,9,4,5
2026-04-05T04:00:00+02:00,pedestrian,4,1,3
2026-04-05T05:00:00+02:00,car,0,1,-1
2026-04-05T06:00:00+02:00,car,16,12,4
2026-04-05T06:00:00+02:00,pedestrian,4,1,3
2026-04-05T07:00:00+02:00,pedestrian,4,3,1
2026-04-05T08:00:00+02:00,bicycle,0,1,-1
2026-04-05T08:00:00+02:00,car,11,18,-7
2026-04-05T08:00:00+02:00,light,1,1,0
2026-04-05T08:00:00+02:00,motorcycle,0,1,-1
2026-04-05T08:00:00+02:00,pedestrian,5,8,-3
2026-04-05T08:00:00+02:00,van,2,2,0
2026-04-05T09:00:00+02:00,car,20,19,1
2026-04-05T09:00:00+02:00,pedestrian,6,14,-8
2026-04-05T10:00:00+02:00,car,23,39,-16
2026-04-05T10:00:00+02:00,motorcycle,0,1,-1
2026-04-05T10:00:00+02:00,pedestrian,12,30,-18
2026-04-05T11:00:00+02:00,bicycle,1,1,0
2026-04-05T11:00:00+02:00,car,18,31,-13
2026-04-05T11:00:00+02:00,pedestrian,31,31,0
2026-04-05T11:00:00+02:00,pram,1,2,-1
2026-04-05T11:00:00+02:00,van,1,4,-3
2026-04-05T12:00:00+02:00,bicycle,0,2,-2
2026-04-05T12:00:00+02:00,car,25,31,-6
2026-04-05T12:00:00+02:00,pedestrian,11,14,-3
2026-04-05T12:00:00+02:00,van,1,1,0
2026-04-05T13:00:00+02:00,bicycle,0,1,-1
2026-04-05T13:00:00+02:00,car,34,44,-10
2026-04-05T13:00:00+02:00,pedestrian,20,16,4
2026-04-05T13:00:00+02:00,van,1,3,-2
2026-04-05T14:00:00+02:00,bus,0,1,-1
2026-04-05T14:00:00+02:00,car,40,33,7
2026-04-05T14:00:00+02:00,pedestrian,15,21,-6
2026-04-05T14:00:00+02:00,pram,1,1,0
2026-04-05T14:00:00+02:00,van,3,2,1
2026-04-05T15:00:00+02:00,bicycle,2,1,1
2026-04-05T15:00:00+02:00,bus,1,0,1
2026-04-05T15:00:00+02:00,car,34,22,12
2026-04-05T15:00:00+02:00,pedestrian,32,35,-3
2026-04-05T15:00:00+02:00,pram,0,1,-1
2026-04-05T15:00:00+02:00,van,4,2,2
2026-04-05T16:00:00+02:00,bicycle,2,2,0
2026-04-05T16:00:00+02:00,car,35,24,11
2026-04-05T16:00:00+02:00,motorcycle,1,1,0
2026-04-05T16:00:00+02:00,pedestrian,38,42,-4
2026-04-05T16:00:00+02:00,van,4,1,3
2026-04-05T17:00:00+02:00,bicycle,3,3,0
2026-04-05T17:00:00+02:00,car,35,25,10
2026-04-05T17:00:00+02:00,motorcycle,0,1,-1
2026-04-05T17:00:00+02:00,pedestrian,52,39,13
2026-04-05T17:00:00+02:00,van,3,3,0
2026-04-05T18:00:00+02:00,bicycle,1,0,1
2026-04-05T18:00:00+02:00,car,23,24,-1
2026-04-05T18:00:00+02:00,motorcycle,3,2,1
2026-04-05T18:00:00+02:00,pedestrian,42,62,-20
2026-04-05T19:00:00+02:00,bicycle,2,1,1
2026-04-05T19:00:00+02:00,car,16,12,4
2026-04-05T19:00:00+02:00,pedestrian,32,40,-8
2026-04-05T19:00:00+02:00,scooter,0,1,-1
2026-04-05T20:00:00+02:00,bicycle,2,2,0
2026-04-05T20:00:00+02:00,car,17,20,-3
2026-04-05T20:00:00+02:00,pedestrian,30,19,11
2026-04-05T21:00:00+02:00,car,45,58,-13
2026-04-05T21:00:00+02:00,pedestrian,9,6,3
2026-04-05T22:00:00+02:00,car,61,59,2
2026-04-05T22:00:00+02:00,pedestrian,6,7,-1
2026-04-05T23:00:00+02:00,car,25,28,-3
2026-04-05T23:00:00+02:00,pedestrian,2,0,2
2026-04-06T00:00:00+02:00,car,20,15,5
2026-04-06T00:00:00+02:00,pedestrian,7,0,7
2026-04-06T01:00:00+02:00,car,22,17,5
2026-04-06T01:00:00+02:00,pedestrian,1,2,-1
2026-04-06T02:00:00+02:00,car,29,37,-8
2026-04-06T02:00:00+02:00,pedestrian,1,0,1
2026-04-06T03:00:00+02:00,car,36,42,-6
2026-04-06T04:00:00+02:00,car,26,26,0
2026-04-06T04:00:00+02:00,light,0,1,-1
2026-04-06T04:00:00+02:00,pedestrian,1,2,-1
2026-04-06T05:00:00+02:00,car,44,40,4
2026-04-06T05:00:00+02:00,light,1,0,1
2026-04-06T06:00:00+02:00,car,6,3,3
2026-04-06T07:00:00+02:00,car,8,6,2
2026-04-06T07:00:00+02:00,light,2,1,1
2026-04-06T07:00:00+02:00,pedestrian,2,3,-1
2026-04-06T07:00:00+02:00,van,0,1,-1
2026-04-06T08:00:00+02:00,bicycle,2,1,1
2026-04-06T08:00:00+02:00,car,8,6,2
2026-04-06T08:00:00+02:00,pedestrian,8,7,1
2026-04-06T08:00:00+02:00,van,2,3,-1
2026-04-06T09:00:00+02:00,bicycle,1,4,-3
2026-04-06T09:00:00+02:00,car,12,12,0
2026-04-06T09:00:00+02:00,motorcycle,0,1,-1
2026-04-06T09:00:00+02:00,pedestrian,18,5,13
2026-04-06T09:00:00+02:00,van,0,1,-1
2026-04-06T10:00:00+02:00,bicycle,1,0,1
2026-04-06T10:00:00+02:00,car,18,23,-5
2026-04-06T10:00:00+02:00,pedestrian,15,27,-12
2026-04-06T10:00:00+02:00,van,0,1,-1
2026-04-06T11:00:00+02:00,bicycle,4,6,-2
2026-04-06T11:00:00+02:00,car,24,41,-17
2026-04-06T11:00:00+02:00,motorcycle,1,0,1
2026-04-06T11:00:00+02:00,pedestrian,26,39,-13
2026-04-06T12:00:00+02:00,animal,1,1,0
2026-04-06T12:00:00+02:00,bicycle,3,6,-3
2026-04-06T12:00:00+02:00,car,20,31,-11
2026-04-06T12:00:00+02:00,motorcycle,1,0,1
2026-04-06T12:00:00+02:00,pedestrian,40,49,-9
2026-04-06T12:00:00+02:00,van,2,3,-1
2026-04-06T12:00:00+02:00,wheelchair,1,1,0
2026-04-06T13:00:00+02:00,bicycle,2,2,0
2026-04-06T13:00:00+02:00,car,30,28,2
2026-04-06T13:00:00+02:00,motorcycle,1,0,1
2026-04-06T13:00:00+02:00,pedestrian,51,30,21
2026-04-06T13:00:00+02:00,pram,1,0,1
2026-04-06T13:00:00+02:00,van,1,4,-3
2026-04-06T14:00:00+02:00,bicycle,1,0,1
2026-04-06T14:00:00+02:00,car,35,28,7
2026-04-06T14:00:00+02:00,light,1,1,0
2026-04-06T14:00:00+02:00,motorcycle,1,2,-1
2026-04-06T14:00:00+02:00,pedestrian,50,42,8
2026-04-06T14:00:00+02:00,van,1,0,1
2026-04-06T15:00:00+02:00,bicycle,4,2,2
2026-04-06T15:00:00+02:00,car,32,24,8
2026-04-06T15:00:00+02:00,motorcycle,1,2,-1
2026-04-06T15:00:00+02:00,pedestrian,42,43,-1
2026-04-06T15:00:00+02:00,pram,1,0,1
2026-04-06T15:00:00+02:00,van,3,0,3
2026-04-06T16:00:00+02:00,bicycle,2,1,1
2026-04-06T16:00:00+02:00,car,34,21,13
2026-04-06T16:00:00+02:00,car trailer,1,0,1
2026-04-06T16:00:00+02:00,pedestrian,36,34,2
2026-04-06T16:00:00+02:00,pram,0,1,-1
2026-04-06T16:00:00+02:00,van,1,0,1
2026-04-06T17:00:00+02:00,bicycle,3,3,0
2026-04-06T17:00:00+02:00,car,30,31,-1
2026-04-06T17:00:00+02:00,light,0,1,-1
2026-04-06T17:00:00+02:00,motorcycle,0,1,-1
2026-04-06T17:00:00+02:00,pedestrian,27,25,2
2026-04-06T18:00:00+02:00,bicycle,2,2,0
2026-04-06T18:00:00+02:00,car,34,31,3
2026-04-06T18:00:00+02:00,light,1,0,1
2026-04-06T18:00:00+02:00,pedestrian,18,28,-10
2026-04-06T19:00:00+02:00,bicycle,2,2,0
2026-04-06T19:00:00+02:00,car,15,11,4
2026-04-06T19:00:00+02:00,pedestrian,45,22,23
2026-04-06T19:00:00+02:00,scooter,0,1,-1
2026-04-06T20:00:00+02:00,animal,0,1,-1
2026-04-06T20:00:00+02:00,bicycle,1,0,1
2026-04-06T20:00:00+02:00,car,25,27,-2
2026-04-06T20:00:00+02:00,pedestrian,34,26,8
2026-04-06T21:00:00+02:00,bicycle,0,1,-1
2026-04-06T21:00:00+02:00,car,51,44,7
2026-04-06T21:00:00+02:00,pedestrian,3,0,3
2026-04-06T22:00:00+02:00,car,18,32,-14
2026-04-06T22:00:00+02:00,pedestrian,2,0,2
2026-04-06T23:00:00+02:00,car,9,13,-4
2026-04-07T00:00:00+02:00,car,2,2,0
2026-04-07T00:00:00+02:00,pedestrian,1,0,1
2026-04-07T01:00:00+02:00,car,2,2,0
2026-04-07T01:00:00+02:00,motorcycle,0,1,-1
2026-04-07T01:00:00+02:00,pedestrian,1,0,1
2026-04-07T04:00:00+02:00,car,3,4,-1
2026-04-07T04:00:00+02:00,light,0,1,-1
2026-04-07T04:00:00+02:00,pedestrian,1,0,1
2026-04-07T05:00:00+02:00,car,3,2,1
2026-04-07T06:00:00+02:00,bicycle,1,1,0
2026-04-07T06:00:00+02:00,car,14,16,-2
2026-04-07T06:00:00+02:00,light,1,1,0
2026-04-07T06:00:00+02:00,pedestrian,11,3,8
2026-04-07T06:00:00+02:00,van,1,1,0
2026-04-07T07:00:00+02:00,bicycle,3,4,-1
2026-04-07T07:00:00+02:00,car,62,59,3
2026-04-07T07:00:00+02:00,light,2,2,0
2026-04-07T07:00:00+02:00,motorcycle,1,0,1
2026-04-07T07:00:00+02:00,pedestrian,20,17,3
2026-04-07T07:00:00+02:00,van,1,3,-2
2026-04-07T08:00:00+02:00,car,17,19,-2
2026-04-07T08:00:00+02:00,light,1,2,-1
2026-04-07T08:00:00+02:00,pedestrian,13,17,-4
2026-04-07T08:00:00+02:00,van,7,9,-2
2026-04-07T09:00:00+02:00,bicycle,1,4,-3
2026-04-07T09:00:00+02:00,car,26,35,-9
2026-04-07T09:00:00+02:00,light,4,5,-1
2026-04-07T09:00:00+02:00,pedestrian,18,16,2
2026-04-07T09:00:00+02:00,van,10,10,0
2026-04-07T10:00:00+02:00,car,113,132,-19
2026-04-07T10:00:00+02:00,light,7,5,2
2026-04-07T10:00:00+02:00,pedestrian,19,15,4
2026-04-07T10:00:00+02:00,van,8,2,6
2026-04-07T11:00:00+02:00,bicycle,0,1,-1
2026-04-07T11:00:00+02:00,car,43,42,1
2026-04-07T11:00:00+02:00,light,8,3,5
2026-04-07T11:00:00+02:00,pedestrian,31,23,8
2026-04-07T11:00:00+02:00,van,1,1,0
2026-04-07T12:00:00+02:00,bicycle,2,3,-1
2026-04-07T12:00:00+02:00,car,25,29,-4
2026-04-07T12:00:00+02:00,pedestrian,26,28,-2
2026-04-07T12:00:00+02:00,van,9,7,2
2026-04-07T13:00:00+02:00,bicycle,1,1,0
2026-04-07T13:00:00+02:00,car,23,28,-5
2026-04-07T13:00:00+02:00,pedestrian,29,28,1
2026-04-07T13:00:00+02:00,van,4,4,0
2026-04-07T14:00:00+02:00,bicycle,4,8,-4
2026-04-07T14:00:00+02:00,car,30,25,5
2026-04-07T14:00:00+02:00,motorcycle,1,1,0
2026-04-07T14:00:00+02:00,pedestrian,22,42,-20
2026-04-07T14:00:00+02:00,pram,1,0,1
2026-04-07T14:00:00+02:00,van,4,3,1
2026-04-07T15:00:00+02:00,bicycle,5,3,2
2026-04-07T15:00:00+02:00,car,39,17,22
2026-04-07T15:00:00+02:00,motorcycle,2,0,2
2026-04-07T15:00:00+02:00,pedestrian,32,36,-4
2026-04-07T15:00:00+02:00,pram,0,1,-1
2026-04-07T15:00:00+02:00,scooter,1,0,1
2026-04-07T15:00:00+02:00,van,3,3,0
2026-04-07T16:00:00+02:00,bicycle,1,1,0
2026-04-07T16:00:00+02:00,car,39,23,16
2026-04-07T16:00:00+02:00,light,0,1,-1
2026-04-07T16:00:00+02:00,pedestrian,40,50,-10
2026-04-07T16:00:00+02:00,pram,1,0,1
2026-04-07T16:00:00+02:00,van,5,2,3
2026-04-07T17:00:00+02:00,bicycle,1,2,-1
2026-04-07T17:00:00+02:00,car,31,39,-8
2026-04-07T17:00:00+02:00,motorcycle,2,1,1
2026-04-07T17:00:00+02:00,pedestrian,37,32,5
2026-04-07T17:00:00+02:00,van,1,1,0
2026-04-07T18:00:00+02:00,bicycle,1,8,-7
2026-04-07T18:00:00+02:00,car,27,24,3
2026-04-07T18:00:00+02:00,pedestrian,21,24,-3
2026-04-07T18:00:00+02:00,van,1,0,1
2026-04-07T19:00:00+02:00,bicycle,6,6,0
2026-04-07T19:00:00+02:00,car,12,13,-1
2026-04-07T19:00:00+02:00,motorcycle,2,2,0
2026-04-07T19:00:00+02:00,pedestrian,32,30,2
2026-04-07T19:00:00+02:00,van,2,2,0
2026-04-07T20:00:00+02:00,bicycle,2,2,0
2026-04-07T20:00:00+02:00,car,26,14,12
2026-04-07T20:00:00+02:00,pedestrian,42,38,4
2026-04-07T20:00:00+02:00,van,1,0,1
2026-04-07T21:00:00+02:00,car,47,47,0
2026-04-07T21:00:00+02:00,pedestrian,3,2,1
2026-04-07T22:00:00+02:00,car,15,16,-1
2026-04-07T22:00:00+02:00,pedestrian,2,1,1
2026-04-07T23:00:00+02:00,car,4,5,-1
2026-04-07T23:00:00+02:00,pedestrian,1,1,0
2026-04-08T00:00:00+02:00,car,0,1,-1
2026-04-08T00:00:00+02:00,pedestrian,1,0,1
2026-04-08T01:00:00+02:00,car,1,0,1
2026-04-08T02:00:00+02:00,car,0,1,-1
2026-04-08T02:00:00+02:00,light,1,2,-1
2026-04-08T02:00:00+02:00,pedestrian,1,1,0
2026-04-08T03:00:00+02:00,car,0,4,-4
2026-04-08T04:00:00+02:00,car,3,2,1
2026-04-08T05:00:00+02:00,car,18,11,7
2026-04-08T05:00:00+02:00,light,3,2,1
2026-04-08T05:00:00+02:00,van,1,1,0
2026-04-08T06:00:00+02:00,bicycle,0,1,-1
2026-04-08T06:00:00+02:00,car,3,5,-2
2026-04-08T06:00:00+02:00,pedestrian,5,3,2
2026-04-08T06:00:00+02:00,van,3,4,-1
2026-04-08T07:00:00+02:00,bicycle,1,5,-4
2026-04-08T07:00:00+02:00,car,29,52,-23
2026-04-08T07:00:00+02:00,light,0,1,-1
2026-04-08T07:00:00+02:00,pedestrian,15,11,4
2026-04-08T07:00:00+02:00,van,2,4,-2
2026-04-08T08:00:00+02:00,bicycle,1,1,0
2026-04-08T08:00:00+02:00,car,13,14,-1
2026-04-08T08:00:00+02:00,light,4,2,2
2026-04-08T08:00:00+02:00,pedestrian,2,3,-1
2026-04-08T08:00:00+02:00,van,8,7,1
2026-04-08T09:00:00+02:00,bicycle,2,0,2
2026-04-08T09:00:00+02:00,car,74,60,14
2026-04-08T09:00:00+02:00,light,4,1,3
2026-04-08T09:00:00+02:00,pedestrian,20,14,6
2026-04-08T09:00:00+02:00,van,8,8,0
2026-04-08T10:00:00+02:00,car,25,34,-9
2026-04-08T10:00:00+02:00,light,1,2,-1
2026-04-08T10:00:00+02:00,pedestrian,35,19,16
2026-04-08T10:00:00+02:00,van,13,9,4
2026-04-08T11:00:00+02:00,bicycle,0,1,-1
2026-04-08T11:00:00+02:00,car,29,34,-5
2026-04-08T11:00:00+02:00,light,5,1,4
2026-04-08T11:00:00+02:00,pedestrian,23,21,2
2026-04-08T11:00:00+02:00,van,8,4,4
2026-04-08T12:00:00+02:00,bicycle,2,0,2
2026-04-08T12:00:00+02:00,car,26,31,-5
2026-04-08T12:00:00+02:00,light,1,1,0
2026-04-08T12:00:00+02:00,pedestrian,39,60,-21
2026-04-08T12:00:00+02:00,van,2,3,-1
2026-04-08T13:00:00+02:00,bicycle,1,1,0
2026-04-08T13:00:00+02:00,car,42,35,7
2026-04-08T13:00:00+02:00,light,1,1,0
2026-04-08T13:00:00+02:00,pedestrian,30,32,-2
2026-04-08T13:00:00+02:00,pram,0,1,-1
2026-04-08T13:00:00+02:00,van,3,3,0
2026-04-08T14:00:00+02:00,bicycle,0,2,-2
2026-04-08T14:00:00+02:00,car,31,32,-1
2026-04-08T14:00:00+02:00,motorcycle,0,1,-1
2026-04-08T14:00:00+02:00,pedestrian,25,24,1
2026-04-08T14:00:00+02:00,van,11,11,0
2026-04-08T15:00:00+02:00,bicycle,7,3,4
2026-04-08T15:00:00+02:00,car,33,34,-1
2026-04-08T15:00:00+02:00,light,1,0,1
2026-04-08T15:00:00+02:00,motorcycle,4,1,3
2026-04-08T15:00:00+02:00,pedestrian,46,63,-17
2026-04-08T15:00:00+02:00,pram,1,2,-1
2026-04-08T15:00:00+02:00,van,3,5,-2
2026-04-08T16:00:00+02:00,bicycle,5,3,2
2026-04-08T16:00:00+02:00,car,36,26,10
2026-04-08T16:00:00+02:00,motorcycle,2,1,1
2026-04-08T16:00:00+02:00,pedestrian,73,80,-7
2026-04-08T16:00:00+02:00,van,4,2,2
2026-04-08T17:00:00+02:00,bicycle,1,4,-3
2026-04-08T17:00:00+02:00,car,24,29,-5
2026-04-08T17:00:00+02:00,motorcycle,0,2,-2
2026-04-08T17:00:00+02:00,pedestrian,73,93,-20
2026-04-08T17:00:00+02:00,van,1,1,0
2026-04-08T18:00:00+02:00,bicycle,2,6,-4
2026-04-08T18:00:00+02:00,car,23,36,-13
2026-04-08T18:00:00+02:00,pedestrian,51,45,6
2026-04-08T18:00:00+02:00,van,2,2,0
2026-04-08T19:00:00+02:00,animal,0,1,-1
2026-04-08T19:00:00+02:00,bicycle,5,0,5
2026-04-08T19:00:00+02:00,car,25,30,-5
2026-04-08T19:00:00+02:00,pedestrian,84,62,22
2026-04-08T19:00:00+02:00,van,1,1,0
2026-04-08T20:00:00+02:00,bicycle,2,4,-2
2026-04-08T20:00:00+02:00,car,21,13,8
2026-04-08T20:00:00+02:00,pedestrian,30,33,-3
2026-04-08T21:00:00+02:00,car,68,19,49
2026-04-08T21:00:00+02:00,pedestrian,9,5,4
2026-04-08T22:00:00+02:00,car,13,7,6
2026-04-08T22:00:00+02:00,pedestrian,2,0,2
2026-04-08T23:00:00+02:00,car,1,3,-2
2026-04-08T23:00:00+02:00,pedestrian,3,3,0
2026-04-09T00:00:00+02:00,car,5,4,1
2026-04-09T01:00:00+02:00,car,1,1,0
2026-04-09T02:00:00+02:00,car,3,3,0
2026-04-09T03:00:00+02:00,car,5,3,2
2026-04-09T04:00:00+02:00,car,1,2,-1
2026-04-09T05:00:00+02:00,light,1,2,-1
2026-04-09T05:00:00+02:00,van,0,1,-1
2026-04-09T06:00:00+02:00,car,8,6,2
2026-04-09T06:00:00+02:00,pedestrian,7,5,2
2026-04-09T06:00:00+02:00,van,3,2,1
2026-04-09T07:00:00+02:00,bicycle,7,7,0
2026-04-09T07:00:00+02:00,car,27,22,5
2026-04-09T07:00:00+02:00,light,1,1,0
2026-04-09T07:00:00+02:00,pedestrian,24,24,0
2026-04-09T07:00:00+02:00,van,5,9,-4
2026-04-09T08:00:00+02:00,bicycle,4,5,-1
2026-04-09T08:00:00+02:00,car,18,21,-3
2026-04-09T08:00:00+02:00,light,4,4,0
2026-04-09T08:00:00+02:00,motorcycle,0,1,-1
2026-04-09T08:00:00+02:00,pedestrian,7,8,-1
2026-04-09T08:00:00+02:00,van,4,4,0
2026-04-09T08:00:00+02:00,wheelchair,0,1,-1
2026-04-09T09:00:00+02:00,bicycle,0,2,-2
2026-04-09T09:00:00+02:00,car,42,31,11
2026-04-09T09:00:00+02:00,heavy,1,0,1
2026-04-09T09:00:00+02:00,light,1,2,-1
2026-04-09T09:00:00+02:00,pedestrian,17,9,8
2026-04-09T09:00:00+02:00,van,6,4,2
2026-04-09T10:00:00+02:00,bicycle,1,0,1
2026-04-09T10:00:00+02:00,car,31,37,-6
2026-04-09T10:00:00+02:00,light,3,0,3
2026-04-09T10:00:00+02:00,pedestrian,10,24,-14
2026-04-09T10:00:00+02:00,van,11,5,6
2026-04-09T11:00:00+02:00,bicycle,1,0,1
2026-04-09T11:00:00+02:00,car,25,33,-8
2026-04-09T11:00:00+02:00,light,1,1,0
2026-04-09T11:00:00+02:00,pedestrian,31,43,-12
2026-04-09T11:00:00+02:00,van,6,6,0
2026-04-09T12:00:00+02:00,animal,0,1,-1
2026-04-09T12:00:00+02:00,bicycle,3,2,1
2026-04-09T12:00:00+02:00,car,22,25,-3
2026-04-09T12:00:00+02:00,light,1,1,0
2026-04-09T12:00:00+02:00,pedestrian,37,47,-10
2026-04-09T12:00:00+02:00,van,3,5,-2
2026-04-09T13:00:00+02:00,bicycle,1,1,0
2026-04-09T13:00:00+02:00,car,36,52,-16
2026-04-09T13:00:00+02:00,pedestrian,32,31,1
2026-04-09T13:00:00+02:00,pram,0,1,-1
2026-04-09T13:00:00+02:00,van,7,8,-1
2026-04-09T14:00:00+02:00,bicycle,2,1,1
2026-04-09T14:00:00+02:00,car,24,24,0
2026-04-09T14:00:00+02:00,pedestrian,16,29,-13
2026-04-09T14:00:00+02:00,van,9,7,2
2026-04-09T15:00:00+02:00,bicycle,3,3,0
2026-04-09T15:00:00+02:00,car,43,31,12
2026-04-09T15:00:00+02:00,motorcycle,0,1,-1
2026-04-09T15:00:00+02:00,pedestrian,17,24,-7
2026-04-09T15:00:00+02:00,pram,2,0,2
2026-04-09T15:00:00+02:00,van,4,7,-3
2026-04-09T16:00:00+02:00,bicycle,2,0,2
2026-04-09T16:00:00+02:00,car,24,22,2
2026-04-09T16:00:00+02:00,car trailer,1,0,1
2026-04-09T16:00:00+02:00,light,0,1,-1
2026-04-09T16:00:00+02:00,motorcycle,0,1,-1
2026-04-09T16:00:00+02:00,pedestrian,30,23,7
2026-04-09T16:00:00+02:00,van,1,2,-1
2026-04-09T17:00:00+02:00,bicycle,4,1,3
2026-04-09T17:00:00+02:00,car,42,40,2
2026-04-09T17:00:00+02:00,light,3,1,2
2026-04-09T17:00:00+02:00,motorcycle,2,0,2
2026-04-09T17:00:00+02:00,pedestrian,20,42,-22
2026-04-09T17:00:00+02:00,van,2,0,2
2026-04-09T18:00:00+02:00,bicycle,8,10,-2
2026-04-09T18:00:00+02:00,car,28,28,0
2026-04-09T18:00:00+02:00,motorcycle,0,1,-1
2026-04-09T18:00:00+02:00,pedestrian,41,51,-10
2026-04-09T19:00:00+02:00,bicycle,7,9,-2
2026-04-09T19:00:00+02:00,car,24,9,15
2026-04-09T19:00:00+02:00,pedestrian,55,34,21
2026-04-09T19:00:00+02:00,van,2,2,0
2026-04-09T20:00:00+02:00,bicycle,3,5,-2
2026-04-09T20:00:00+02:00,car,41,19,22
2026-04-09T20:00:00+02:00,motorcycle,0,1,-1
2026-04-09T20:00:00+02:00,pedestrian,31,33,-2
2026-04-09T20:00:00+02:00,scooter,0,1,-1
2026-04-09T21:00:00+02:00,bicycle,0,1,-1
2026-04-09T21:00:00+02:00,car,49,36,13
2026-04-09T21:00:00+02:00,light,0,1,-1
2026-04-09T21:00:00+02:00,pedestrian,7,7,0
2026-04-09T21:00:00+02:00,van,1,1,0
2026-04-09T22:00:00+02:00,car,96,90,6
2026-04-09T22:00:00+02:00,pedestrian,5,3,2
2026-04-09T23:00:00+02:00,car,122,108,14
2026-04-10T00:00:00+02:00,car,48,57,-9
2026-04-10T01:00:00+02:00,car,22,22,0
2026-04-10T02:00:00+02:00,car,68,67,1
2026-04-10T02:00:00+02:00,motorcycle,0,1,-1
2026-04-10T02:00:00+02:00,pedestrian,2,5,-3
2026-04-10T03:00:00+02:00,car,42,33,9
2026-04-10T04:00:00+02:00,car,9,3,6
2026-04-10T04:00:00+02:00,pedestrian,0,1,-1
2026-04-10T04:00:00+02:00,tractor,0,1,-1
2026-04-10T05:00:00+02:00,car,2,3,-1
2026-04-10T05:00:00+02:00,van,2,1,1
2026-04-10T06:00:00+02:00,car,41,35,6
2026-04-10T06:00:00+02:00,light,2,2,0
2026-04-10T06:00:00+02:00,pedestrian,0,1,-1
2026-04-10T06:00:00+02:00,van,3,7,-4
2026-04-10T07:00:00+02:00,car,93,98,-5
2026-04-10T07:00:00+02:00,light,1,4,-3
2026-04-10T07:00:00+02:00,pedestrian,10,7,3
2026-04-10T07:00:00+02:00,van,4,8,-4
2026-04-10T08:00:00+02:00,car,43,52,-9
2026-04-10T08:00:00+02:00,light,3,3,0
2026-04-10T08:00:00+02:00,pedestrian,13,17,-4
2026-04-10T08:00:00+02:00,van,7,10,-3
2026-04-10T09:00:00+02:00,bicycle,0,1,-1
2026-04-10T09:00:00+02:00,car,59,45,14
2026-04-10T09:00:00+02:00,light,2,1,1
2026-04-10T09:00:00+02:00,pedestrian,20,13,7
2026-04-10T09:00:00+02:00,van,9,9,0
2026-04-10T10:00:00+02:00,bicycle,1,1,0
2026-04-10T10:00:00+02:00,car,48,79,-31
2026-04-10T10:00:00+02:00,light,7,5,2
2026-04-10T10:00:00+02:00,pedestrian,25,21,4
2026-04-10T10:00:00+02:00,van,12,11,1
2026-04-10T11:00:00+02:00,bicycle,0,1,-1
2026-04-10T11:00:00+02:00,car,53,72,-19
2026-04-10T11:00:00+02:00,light,1,2,-1
2026-04-10T11:00:00+02:00,pedestrian,31,38,-7
2026-04-10T11:00:00+02:00,van,6,8,-2
2026-04-10T12:00:00+02:00,bicycle,2,1,1
2026-04-10T12:00:00+02:00,car,33,39,-6
2026-04-10T12:00:00+02:00,light,4,3,1
2026-04-10T12:00:00+02:00,motorcycle,1,0,1
2026-04-10T12:00:00+02:00,pedestrian,27,42,-15
2026-04-10T12:00:00+02:00,pram,0,1,-1
2026-04-10T12:00:00+02:00,van,7,5,2
2026-04-10T13:00:00+02:00,bicycle,0,1,-1
2026-04-10T13:00:00+02:00,car,28,24,4
2026-04-10T13:00:00+02:00,light,3,1,2
2026-04-10T13:00:00+02:00,pedestrian,28,36,-8
2026-04-10T13:00:00+02:00,van,4,5,-1
2026-04-10T13:00:00+02:00,wheelchair,0,1,-1
2026-04-10T14:00:00+02:00,bicycle,4,7,-3
2026-04-10T14:00:00+02:00,car,51,33,18
2026-04-10T14:00:00+02:00,light,1,1,0
2026-04-10T14:00:00+02:00,pedestrian,30,53,-23
2026-04-10T14:00:00+02:00,pram,0,2,-2
2026-04-10T14:00:00+02:00,van,1,1,0
2026-04-10T14:00:00+02:00,wheelchair,1,1,0
2026-04-10T15:00:00+02:00,bicycle,3,6,-3
2026-04-10T15:00:00+02:00,car,34,36,-2
2026-04-10T15:00:00+02:00,motorcycle,0,2,-2
2026-04-10T15:00:00+02:00,pedestrian,70,55,15
2026-04-10T15:00:00+02:00,van,1,2,-1
2026-04-10T16:00:00+02:00,bicycle,7,6,1
2026-04-10T16:00:00+02:00,car,34,35,-1
2026-04-10T16:00:00+02:00,pedestrian,67,55,12
2026-04-10T16:00:00+02:00,van,2,1,1
2026-04-10T17:00:00+02:00,bicycle,2,0,2
2026-04-10T17:00:00+02:00,car,50,49,1
2026-04-10T17:00:00+02:00,pedestrian,51,59,-8
2026-04-10T18:00:00+02:00,bicycle,1,1,0
2026-04-10T18:00:00+02:00,car,42,54,-12
2026-04-10T18:00:00+02:00,light,1,1,0
2026-04-10T18:00:00+02:00,pedestrian,53,73,-20
2026-04-10T18:00:00+02:00,pram,1,1,0
2026-04-10T18:00:00+02:00,van,3,1,2
2026-04-10T19:00:00+02:00,bicycle,1,0,1
2026-04-10T19:00:00+02:00,car,21,20,1
2026-04-10T19:00:00+02:00,pedestrian,31,29,2
2026-04-10T20:00:00+02:00,bicycle,0,2,-2
2026-04-10T20:00:00+02:00,car,27,24,3
2026-04-10T20:00:00+02:00,pedestrian,52,48,4
2026-04-10T21:00:00+02:00,car,25,14,11
2026-04-10T21:00:00+02:00,light,1,1,0
2026-04-10T21:00:00+02:00,pedestrian,8,10,-2
2026-04-10T22:00:00+02:00,car,17,6,11
2026-04-10T22:00:00+02:00,pedestrian,7,2,5
2026-04-10T22:00:00+02:00,van,0,1,-1
2026-04-10T23:00:00+02:00,car,7,1,6
2026-04-10T23:00:00+02:00,pedestrian,5,5,0
2026-04-11T00:00:00+02:00,car,13,15,-2
2026-04-11T00:00:00+02:00,pedestrian,4,5,-1
2026-04-11T01:00:00+02:00,car,9,9,0
2026-04-11T01:00:00+02:00,pedestrian,12,4,8
2026-04-11T02:00:00+02:00,car,10,11,-1
2026-04-11T02:00:00+02:00,pedestrian,7,2,5
2026-04-11T03:00:00+02:00,car,4,5,-1
2026-04-11T03:00:00+02:00,pedestrian,6,0,6
2026-04-11T04:00:00+02:00,car,4,5,-1
2026-04-11T04:00:00+02:00,pedestrian,4,1,3
2026-04-11T05:00:00+02:00,car,19,17,2
2026-04-11T06:00:00+02:00,bus,0,1,-1
2026-04-11T06:00:00+02:00,car,13,4,9
2026-04-11T06:00:00+02:00,pedestrian,1,2,-1
2026-04-11T07:00:00+02:00,bicycle,1,3,-2
2026-04-11T07:00:00+02:00,car,6,4,2
2026-04-11T07:00:00+02:00,pedestrian,12,12,0
2026-04-11T07:00:00+02:00,van,2,1,1
2026-04-11T08:00:00+02:00,car,4,3,1
2026-04-11T08:00:00+02:00,pedestrian,4,3,1
2026-04-11T09:00:00+02:00,car,44,58,-14
2026-04-11T09:00:00+02:00,car trailer,1,0,1
2026-04-11T09:00:00+02:00,light,1,0,1
2026-04-11T09:00:00+02:00,pedestrian,14,18,-4
2026-04-11T09:00:00+02:00,van,1,1,0
2026-04-11T10:00:00+02:00,bicycle,2,0,2
2026-04-11T10:00:00+02:00,car,55,80,-25
2026-04-11T10:00:00+02:00,light,2,0,2
2026-04-11T10:00:00+02:00,pedestrian,32,25,7
2026-04-11T10:00:00+02:00,van,1,1,0
2026-04-11T11:00:00+02:00,bicycle,1,1,0
2026-04-11T11:00:00+02:00,car,14,47,-33
2026-04-11T11:00:00+02:00,pedestrian,23,32,-9
2026-04-11T11:00:00+02:00,van,1,2,-1
2026-04-11T12:00:00+02:00,bicycle,2,3,-1
2026-04-11T12:00:00+02:00,car,24,39,-15
2026-04-11T12:00:00+02:00,pedestrian,40,31,9
2026-04-11T12:00:00+02:00,pram,2,2,0
2026-04-11T12:00:00+02:00,van,1,0,1
2026-04-11T13:00:00+02:00,bicycle,4,1,3
2026-04-11T13:00:00+02:00,car,45,40,5
2026-04-11T13:00:00+02:00,pedestrian,25,32,-7
2026-04-11T13:00:00+02:00,pram,1,2,-1
2026-04-11T13:00:00+02:00,van,4,2,2
2026-04-11T14:00:00+02:00,bicycle,5,4,1
2026-04-11T14:00:00+02:00,car,59,67,-8
2026-04-11T14:00:00+02:00,pedestrian,39,47,-8
2026-04-11T14:00:00+02:00,pram,0,2,-2
2026-04-11T14:00:00+02:00,van,2,1,1
2026-04-11T15:00:00+02:00,animal,0,1,-1
2026-04-11T15:00:00+02:00,bicycle,4,3,1
2026-04-11T15:00:00+02:00,car,40,55,-15
2026-04-11T15:00:00+02:00,pedestrian,34,56,-22
2026-04-11T15:00:00+02:00,pram,1,2,-1
2026-04-11T15:00:00+02:00,van,3,3,0
2026-04-11T16:00:00+02:00,bicycle,2,4,-2
2026-04-11T16:00:00+02:00,car,83,46,37
2026-04-11T16:00:00+02:00,pedestrian,46,48,-2
2026-04-11T16:00:00+02:00,van,1,0,1
2026-04-11T17:00:00+02:00,bicycle,2,4,-2
2026-04-11T17:00:00+02:00,car,73,45,28
2026-04-11T17:00:00+02:00,motorcycle,1,0,1
2026-04-11T17:00:00+02:00,pedestrian,62,67,-5
2026-04-11T18:00:00+02:00,bicycle,3,3,0
2026-04-11T18:00:00+02:00,car,60,57,3
2026-04-11T18:00:00+02:00,car trailer,1,1,0
2026-04-11T18:00:00+02:00,motorcycle,1,0,1
2026-04-11T18:00:00+02:00,pedestrian,73,75,-2
2026-04-11T19:00:00+02:00,bicycle,3,7,-4
2026-04-11T19:00:00+02:00,car,34,23,11
2026-04-11T19:00:00+02:00,pedestrian,75,68,7
2026-04-11T19:00:00+02:00,pram,1,1,0
2026-04-11T20:00:00+02:00,bicycle,2,2,0
2026-04-11T20:00:00+02:00,car,23,22,1
2026-04-11T20:00:00+02:00,light,1,1,0
2026-04-11T20:00:00+02:00,motorcycle,0,1,-1
2026-04-11T20:00:00+02:00,pedestrian,47,55,-8
2026-04-11T20:00:00+02:00,van,1,1,0
2026-04-11T21:00:00+02:00,bicycle,0,1,-1
2026-04-11T21:00:00+02:00,car,52,36,16
2026-04-11T21:00:00+02:00,pedestrian,10,4,6
2026-04-11T21:00:00+02:00,van,1,0,1
2026-04-11T22:00:00+02:00,car,81,74,7
2026-04-11T22:00:00+02:00,pedestrian,9,8,1
2026-04-11T23:00:00+02:00,car,110,103,7
2026-04-11T23:00:00+02:00,pedestrian,9,2,7
2026-04-12T00:00:00+02:00,car,41,44,-3
2026-04-12T00:00:00+02:00,pedestrian,9,8,1
2026-04-12T01:00:00+02:00,car,16,14,2
2026-04-12T01:00:00+02:00,pedestrian,8,3,5
2026-04-12T02:00:00+02:00,car,11,7,4
2026-04-12T02:00:00+02:00,pedestrian,1,1,0
2026-04-12T03:00:00+02:00,car,5,5,0
2026-04-12T04:00:00+02:00,car,10,11,-1
2026-04-12T04:00:00+02:00,van,1,1,0
2026-04-12T05:00:00+02:00,bicycle,1,0,1
2026-04-12T05:00:00+02:00,car,8,9,-1
2026-04-12T06:00:00+02:00,bicycle,1,0,1
2026-04-12T06:00:00+02:00,car,6,7,-1
2026-04-12T06:00:00+02:00,motorcycle,1,0,1
2026-04-12T06:00:00+02:00,pedestrian,2,3,-1
2026-04-12T07:00:00+02:00,bicycle,1,0,1
2026-04-12T07:00:00+02:00,car,5,4,1
2026-04-12T07:00:00+02:00,pedestrian,5,4,1
2026-04-12T08:00:00+02:00,car,6,6,0
2026-04-12T08:00:00+02:00,light,1,0,1
2026-04-12T08:00:00+02:00,pedestrian,5,3,2
2026-04-12T08:00:00+02:00,van,1,1,0
2026-04-12T09:00:00+02:00,bicycle,1,2,-1
2026-04-12T09:00:00+02:00,car,23,40,-17
2026-04-12T09:00:00+02:00,car trailer,1,1,0
2026-04-12T09:00:00+02:00,pedestrian,13,15,-2
2026-04-12T09:00:00+02:00,van,1,0,1
2026-04-12T10:00:00+02:00,bus,1,1,0
2026-04-12T10:00:00+02:00,car,75,107,-32
2026-04-12T10:00:00+02:00,pedestrian,16,5,11
2026-04-12T11:00:00+02:00,bicycle,2,1,1
2026-04-12T11:00:00+02:00,bus,2,1,1
2026-04-12T11:00:00+02:00,car,24,29,-5
2026-04-12T11:00:00+02:00,pedestrian,11,16,-5
2026-04-12T12:00:00+02:00,bicycle,3,3,0
2026-04-12T12:00:00+02:00,car,40,43,-3
2026-04-12T12:00:00+02:00,motorcycle,0,3,-3
2026-04-12T12:00:00+02:00,pedestrian,31,21,10
2026-04-12T12:00:00+02:00,van,0,1,-1
2026-04-12T13:00:00+02:00,bicycle,1,2,-1
2026-04-12T13:00:00+02:00,car,28,22,6
2026-04-12T13:00:00+02:00,pedestrian,25,37,-12
2026-04-12T13:00:00+02:00,van,1,2,-1
2026-04-12T14:00:00+02:00,bicycle,3,2,1
2026-04-12T14:00:00+02:00,car,26,21,5
2026-04-12T14:00:00+02:00,light,1,0,1
2026-04-12T14:00:00+02:00,motorcycle,0,1,-1
2026-04-12T14:00:00+02:00,pedestrian,43,42,1
2026-04-12T14:00:00+02:00,pram,0,2,-2
2026-04-12T14:00:00+02:00,van,2,0,2
2026-04-12T15:00:00+02:00,bicycle,4,4,0
2026-04-12T15:00:00+02:00,car,17,9,8
2026-04-12T15:00:00+02:00,motorcycle,0,1,-1
2026-04-12T15:00:00+02:00,pedestrian,34,28,6
2026-04-12T16:00:00+02:00,bicycle,5,4,1
2026-04-12T16:00:00+02:00,car,43,21,22
2026-04-12T16:00:00+02:00,motorcycle,1,1,0
2026-04-12T16:00:00+02:00,pedestrian,32,49,-17
2026-04-12T17:00:00+02:00,bicycle,0,3,-3
2026-04-12T17:00:00+02:00,car,29,31,-2
2026-04-12T17:00:00+02:00,car trailer,1,1,0
2026-04-12T17:00:00+02:00,motorcycle,0,3,-3
2026-04-12T17:00:00+02:00,pedestrian,28,47,-19
2026-04-12T17:00:00+02:00,van,2,0,2
2026-04-12T18:00:00+02:00,bicycle,2,3,-1
2026-04-12T18:00:00+02:00,car,27,14,13
2026-04-12T18:00:00+02:00,motorcycle,2,0,2
2026-04-12T18:00:00+02:00,pedestrian,41,36,5
2026-04-12T18:00:00+02:00,van,1,1,0
2026-04-12T19:00:00+02:00,bicycle,3,3,0
2026-04-12T19:00:00+02:00,car,17,20,-3
2026-04-12T19:00:00+02:00,pedestrian,52,46,6
2026-04-12T19:00:00+02:00,van,6,4,2
2026-04-12T20:00:00+02:00,bicycle,1,1,0
2026-04-12T20:00:00+02:00,car,23,20,3
2026-04-12T20:00:00+02:00,pedestrian,38,24,14
2026-04-12T20:00:00+02:00,van,1,2,-1
2026-04-12T21:00:00+02:00,car,126,123,3
2026-04-12T21:00:00+02:00,pedestrian,4,2,2
2026-04-12T22:00:00+02:00,car,61,47,14
2026-04-12T22:00:00+02:00,pedestrian,2,1,1
2026-04-12T23:00:00+02:00,car,16,11,5
2026-04-12T23:00:00+02:00,pedestrian,3,1,2
2026-04-13T00:00:00+02:00,car,1,0,1
2026-04-13T00:00:00+02:00,pedestrian,0,1,-1
2026-04-13T02:00:00+02:00,car,0,1,-1
2026-04-13T02:00:00+02:00,motorcycle,0,1,-1
2026-04-13T03:00:00+02:00,car,10,11,-1
2026-04-13T03:00:00+02:00,van,1,1,0
2026-04-13T04:00:00+02:00,car,12,5,7
2026-04-13T05:00:00+02:00,car,1,2,-1
2026-04-13T05:00:00+02:00,light,1,2,-1
2026-04-13T05:00:00+02:00,pedestrian,0,1,-1
2026-04-13T06:00:00+02:00,bicycle,1,0,1
2026-04-13T06:00:00+02:00,car,6,7,-1
2026-04-13T06:00:00+02:00,light,6,2,4
2026-04-13T06:00:00+02:00,pedestrian,9,4,5
2026-04-13T06:00:00+02:00,van,0,1,-1
2026-04-13T07:00:00+02:00,bicycle,3,3,0
2026-04-13T07:00:00+02:00,car,11,11,0
2026-04-13T07:00:00+02:00,light,2,3,-1
2026-04-13T07:00:00+02:00,pedestrian,29,34,-5
2026-04-13T07:00:00+02:00,van,0,2,-2
2026-04-13T08:00:00+02:00,bicycle,5,4,1
2026-04-13T08:00:00+02:00,car,28,26,2
2026-04-13T08:00:00+02:00,light,6,4,2
2026-04-13T08:00:00+02:00,motorcycle,0,1,-1
2026-04-13T08:00:00+02:00,pedestrian,32,40,-8
2026-04-13T08:00:00+02:00,scooter,0,1,-1
2026-04-13T08:00:00+02:00,van,4,2,2
2026-04-13T08:00:00+02:00,wheelchair,1,0,1
2026-04-13T09:00:00+02:00,bicycle,1,4,-3
2026-04-13T09:00:00+02:00,car,14,13,1
2026-04-13T09:00:00+02:00,light,3,5,-2
2026-04-13T09:00:00+02:00,motorcycle,1,2,-1
2026-04-13T09:00:00+02:00,pedestrian,36,48,-12
2026-04-13T09:00:00+02:00,van,7,4,3
2026-04-13T10:00:00+02:00,bicycle,4,7,-3
2026-04-13T10:00:00+02:00,car,19,12,7
2026-04-13T10:00:00+02:00,light,5,9,-4
2026-04-13T10:00:00+02:00,motorcycle,1,1,0
2026-04-13T10:00:00+02:00,pedestrian,42,57,-15
2026-04-13T10:00:00+02:00,pram,0,1,-1
2026-04-13T10:00:00+02:00,van,5,2,3
2026-04-13T10:00:00+02:00,wheelchair,1,0,1
2026-04-13T11:00:00+02:00,bicycle,7,3,4
2026-04-13T11:00:00+02:00,car,4,2,2
2026-04-13T11:00:00+02:00,light,10,13,-3
2026-04-13T11:00:00+02:00,pedestrian,72,72,0
2026-04-13T11:00:00+02:00,van,4,4,0
2026-04-13T12:00:00+02:00,bicycle,6,4,2
2026-04-13T12:00:00+02:00,car,7,6,1
2026-04-13T12:00:00+02:00,light,1,1,0
2026-04-13T12:00:00+02:00,motorcycle,0,1,-1
2026-04-13T12:00:00+02:00,pedestrian,67,57,10
2026-04-13T12:00:00+02:00,van,3,4,-1
2026-04-13T13:00:00+02:00,bicycle,4,4,0
2026-04-13T13:00:00+02:00,car,8,7,1
2026-04-13T13:00:00+02:00,light,7,11,-4
2026-04-13T13:00:00+02:00,motorcycle,1,2,-1
2026-04-13T13:00:00+02:00,pedestrian,47,53,-6
2026-04-13T13:00:00+02:00,pram,0,1,-1
2026-04-13T13:00:00+02:00,van,5,6,-1
2026-04-13T14:00:00+02:00,bicycle,5,7,-2
2026-04-13T14:00:00+02:00,car,17,22,-5
2026-04-13T14:00:00+02:00,car trailer,1,0,1
2026-04-13T14:00:00+02:00,light,4,3,1
2026-04-13T14:00:00+02:00,motorcycle,2,0,2
2026-04-13T14:00:00+02:00,pedestrian,90,66,24
2026-04-13T14:00:00+02:00,van,6,5,1
2026-04-13T15:00:00+02:00,bicycle,9,6,3
2026-04-13T15:00:00+02:00,car,19,24,-5
2026-04-13T15:00:00+02:00,light,1,3,-2
2026-04-13T15:00:00+02:00,motorcycle,2,2,0
2026-04-13T15:00:00+02:00,pedestrian,54,53,1
2026-04-13T15:00:00+02:00,pram,1,0,1
2026-04-13T15:00:00+02:00,van,1,1,0
2026-04-13T15:00:00+02:00,wheelchair,1,0,1
2026-04-13T16:00:00+02:00,bicycle,6,9,-3
2026-04-13T16:00:00+02:00,car,21,21,0
2026-04-13T16:00:00+02:00,light,2,2,0
2026-04-13T16:00:00+02:00,motorcycle,3,0,3
2026-04-13T16:00:00+02:00,pedestrian,44,55,-11
2026-04-13T16:00:00+02:00,van,1,4,-3
2026-04-13T17:00:00+02:00,animal,1,0,1
2026-04-13T17:00:00+02:00,bicycle,2,3,-1
2026-04-13T17:00:00+02:00,car,14,22,-8
2026-04-13T17:00:00+02:00,light,1,0,1
2026-04-13T17:00:00+02:00,pedestrian,42,51,-9
2026-04-13T17:00:00+02:00,van,2,1,1
2026-04-13T18:00:00+02:00,bicycle,4,7,-3
2026-04-13T18:00:00+02:00,car,5,5,0
2026-04-13T18:00:00+02:00,motorcycle,1,1,0
2026-04-13T18:00:00+02:00,pedestrian,41,45,-4
2026-04-13T18:00:00+02:00,van,2,3,-1
2026-04-13T19:00:00+02:00,bicycle,4,0,4
2026-04-13T19:00:00+02:00,car,12,15,-3
2026-04-13T19:00:00+02:00,pedestrian,42,31,11
2026-04-13T19:00:00+02:00,van,2,0,2
2026-04-13T20:00:00+02:00,car,20,20,0
2026-04-13T20:00:00+02:00,pedestrian,11,3,8
2026-04-13T20:00:00+02:00,van,1,1,0
2026-04-13T21:00:00+02:00,car,10,12,-2
2026-04-13T21:00:00+02:00,van,1,0,1
2026-04-13T22:00:00+02:00,car,5,1,4
2026-04-13T23:00:00+02:00,car,1,1,0
2026-04-14T02:00:00+02:00,car,3,3,0
2026-04-14T05:00:00+02:00,light,1,1,0
2026-04-14T05:00:00+02:00,pedestrian,1,0,1
2026-04-14T06:00:00+02:00,bus,1,2,-1
2026-04-14T06:00:00+02:00,car,21,14,7
2026-04-14T06:00:00+02:00,light,6,8,-2
2026-04-14T06:00:00+02:00,pedestrian,5,0,5
2026-04-14T06:00:00+02:00,van,0,2,-2
2026-04-14T07:00:00+02:00,bicycle,0,1,-1
2026-04-14T07:00:00+02:00,car,25,20,5
2026-04-14T07:00:00+02:00,light,2,3,-1
2026-04-14T07:00:00+02:00,motorcycle,0,1,-1
2026-04-14T07:00:00+02:00,pedestrian,13,13,0
2026-04-14T07:00:00+02:00,pram,1,0,1
2026-04-14T07:00:00+02:00,van,4,3,1
2026-04-14T08:00:00+02:00,car,26,29,-3
2026-04-14T08:00:00+02:00,light,5,9,-4
2026-04-14T08:00:00+02:00,pedestrian,16,12,4
2026-04-14T08:00:00+02:00,van,19,16,3
2026-04-14T09:00:00+02:00,bicycle,0,1,-1
2026-04-14T09:00:00+02:00,car,11,12,-1
2026-04-14T09:00:00+02:00,light,6,4,2
2026-04-14T09:00:00+02:00,motorcycle,0,1,-1
2026-04-14T09:00:00+02:00,pedestrian,26,17,9
2026-04-14T09:00:00+02:00,van,6,8,-2
2026-04-14T10:00:00+02:00,car,15,5,10
2026-04-14T10:00:00+02:00,pedestrian,16,19,-3
2026-04-14T10:00:00+02:00,van,14,9,5
2026-04-14T11:00:00+02:00,bicycle,0,2,-2
2026-04-14T11:00:00+02:00,car,19,26,-7
2026-04-14T11:00:00+02:00,light,2,2,0
2026-04-14T11:00:00+02:00,motorcycle,1,1,0
2026-04-14T11:00:00+02:00,pedestrian,35,29,6
2026-04-14T11:00:00+02:00,van,4,2,2
2026-04-14T12:00:00+02:00,bicycle,3,2,1
2026-04-14T12:00:00+02:00,car,20,22,-2
2026-04-14T12:00:00+02:00,pedestrian,44,53,-9
2026-04-14T12:00:00+02:00,pram,0,1,-1
2026-04-14T12:00:00+02:00,van,5,7,-2
2026-04-14T13:00:00+02:00,bicycle,4,3,1
2026-04-14T13:00:00+02:00,car,18,13,5
2026-04-14T13:00:00+02:00,pedestrian,52,53,-1
2026-04-14T13:00:00+02:00,van,3,2,1
2026-04-14T14:00:00+02:00,bicycle,0,1,-1
2026-04-14T14:00:00+02:00,car,19,12,7
2026-04-14T14:00:00+02:00,light,1,1,0
2026-04-14T14:00:00+02:00,pedestrian,49,47,2
2026-04-14T14:00:00+02:00,pram,0,1,-1
2026-04-14T14:00:00+02:00,van,1,1,0
2026-04-14T15:00:00+02:00,bicycle,4,6,-2
2026-04-14T15:00:00+02:00,car,12,10,2
2026-04-14T15:00:00+02:00,light,1,0,1
2026-04-14T15:00:00+02:00,pedestrian,74,66,8
2026-04-14T15:00:00+02:00,van,2,2,0
2026-04-14T16:00:00+02:00,bicycle,3,4,-1
2026-04-14T16:00:00+02:00,car,15,16,-1
2026-04-14T16:00:00+02:00,light,2,1,1
2026-04-14T16:00:00+02:00,pedestrian,64,53,11
2026-04-14T16:00:00+02:00,pram,1,0,1
2026-04-14T17:00:00+02:00,bicycle,2,5,-3
2026-04-14T17:00:00+02:00,car,18,13,5
2026-04-14T17:00:00+02:00,pedestrian,54,62,-8
2026-04-14T17:00:00+02:00,van,1,2,-1
2026-04-14T18:00:00+02:00,bicycle,3,3,0
2026-04-14T18:00:00+02:00,car,17,18,-1
2026-04-14T18:00:00+02:00,motorcycle,1,1,0
2026-04-14T18:00:00+02:00,pedestrian,47,65,-18
2026-04-14T18:00:00+02:00,pram,1,1,0
2026-04-14T18:00:00+02:00,van,1,0,1
2026-04-14T19:00:00+02:00,bicycle,9,4,5
2026-04-14T19:00:00+02:00,car,11,12,-1
2026-04-14T19:00:00+02:00,pedestrian,71,62,9
2026-04-14T20:00:00+02:00,bicycle,2,3,-1
2026-04-14T20:00:00+02:00,car,7,11,-4
2026-04-14T20:00:00+02:00,pedestrian,57,55,2
2026-04-14T21:00:00+02:00,bicycle,1,0,1
2026-04-14T21:00:00+02:00,bus,4,1,3
2026-04-14T21:00:00+02:00,car,63,66,-3
2026-04-14T21:00:00+02:00,pedestrian,2,5,-3
2026-04-14T21:00:00+02:00,van,1,1,0
2026-04-14T22:00:00+02:00,car,3,3,0
2026-04-14T22:00:00+02:00,pedestrian,4,0,4
2026-04-14T23:00:00+02:00,car,2,2,0
2026-04-14T23:00:00+02:00,light,1,1,0
2026-04-14T23:00:00+02:00,pedestrian,3,0,3
2026-04-15T00:00:00+02:00,car,0,1,-1
2026-04-15T00:00:00+02:00,pedestrian,1,0,1
2026-04-15T01:00:00+02:00,car,3,2,1
2026-04-15T05:00:00+02:00,car,4,9,-5
2026-04-15T05:00:00+02:00,light,1,1,0
2026-04-15T05:00:00+02:00,van,1,4,-3
2026-04-15T06:00:00+02:00,bus,1,0,1
2026-04-15T06:00:00+02:00,car,5,6,-1
2026-04-15T06:00:00+02:00,light,2,3,-1
2026-04-15T06:00:00+02:00,pedestrian,12,6,6
2026-04-15T06:00:00+02:00,van,5,4,1
2026-04-15T07:00:00+02:00,animal,1,0,1
2026-04-15T07:00:00+02:00,bicycle,2,3,-1
2026-04-15T07:00:00+02:00,car,3,3,0
2026-04-15T07:00:00+02:00,light,2,2,0
2026-04-15T07:00:00+02:00,pedestrian,14,17,-3
2026-04-15T07:00:00+02:00,van,1,2,-1
2026-04-15T08:00:00+02:00,bicycle,6,4,2
2026-04-15T08:00:00+02:00,car,13,16,-3
2026-04-15T08:00:00+02:00,light,2,6,-4
2026-04-15T08:00:00+02:00,pedestrian,20,22,-2
2026-04-15T08:00:00+02:00,van,2,1,1
2026-04-15T09:00:00+02:00,bicycle,4,7,-3
2026-04-15T09:00:00+02:00,car,29,29,0
2026-04-15T09:00:00+02:00,car trailer,0,1,-1
2026-04-15T09:00:00+02:00,light,2,0,2
2026-04-15T09:00:00+02:00,pedestrian,36,39,-3
2026-04-15T09:00:00+02:00,van,0,1,-1
2026-04-15T10:00:00+02:00,bicycle,1,4,-3
2026-04-15T10:00:00+02:00,car,23,16,7
2026-04-15T10:00:00+02:00,light,1,2,-1
2026-04-15T10:00:00+02:00,pedestrian,47,47,0
2026-04-15T10:00:00+02:00,van,7,8,-1
2026-04-15T11:00:00+02:00,bicycle,4,4,0
2026-04-15T11:00:00+02:00,car,7,7,0
2026-04-15T11:00:00+02:00,light,5,4,1
2026-04-15T11:00:00+02:00,pedestrian,85,92,-7
2026-04-15T11:00:00+02:00,van,9,11,-2
2026-04-15T12:00:00+02:00,bicycle,1,2,-1
2026-04-15T12:00:00+02:00,car,22,19,3
2026-04-15T12:00:00+02:00,light,1,0,1
2026-04-15T12:00:00+02:00,pedestrian,57,63,-6
2026-04-15T12:00:00+02:00,pram,0,2,-2
2026-04-15T12:00:00+02:00,van,1,1,0
2026-04-15T13:00:00+02:00,bicycle,4,8,-4
2026-04-15T13:00:00+02:00,car,9,9,0
2026-04-15T13:00:00+02:00,light,2,2,0
2026-04-15T13:00:00+02:00,motorcycle,1,0,1
2026-04-15T13:00:00+02:00,pedestrian,62,77,-15
2026-04-15T13:00:00+02:00,van,3,4,-1
2026-04-15T14:00:00+02:00,bicycle,2,8,-6
2026-04-15T14:00:00+02:00,car,5,5,0
2026-04-15T14:00:00+02:00,light,2,3,-1
2026-04-15T14:00:00+02:00,pedestrian,67,54,13
2026-04-15T14:00:00+02:00,pram,0,1,-1
2026-04-15T14:00:00+02:00,van,2,7,-5
2026-04-15T15:00:00+02:00,bicycle,16,7,9
2026-04-15T15:00:00+02:00,car,16,11,5
2026-04-15T15:00:00+02:00,light,1,0,1
2026-04-15T15:00:00+02:00,pedestrian,92,77,15
2026-04-15T15:00:00+02:00,scooter,0,1,-1
2026-04-15T15:00:00+02:00,van,3,5,-2
2026-04-15T16:00:00+02:00,bicycle,6,2,4
2026-04-15T16:00:00+02:00,car,12,19,-7
2026-04-15T16:00:00+02:00,light,3,0,3
2026-04-15T16:00:00+02:00,motorcycle,0,4,-4
2026-04-15T16:00:00+02:00,pedestrian,92,83,9
2026-04-15T17:00:00+02:00,bicycle,4,8,-4
2026-04-15T17:00:00+02:00,car,13,13,0
2026-04-15T17:00:00+02:00,motorcycle,3,2,1
2026-04-15T17:00:00+02:00,pedestrian,67,65,2
2026-04-15T18:00:00+02:00,bicycle,3,3,0
2026-04-15T18:00:00+02:00,car,10,11,-1
2026-04-15T18:00:00+02:00,motorcycle,2,1,1
2026-04-15T18:00:00+02:00,pedestrian,46,67,-21
2026-04-15T18:00:00+02:00,pram,1,2,-1
2026-04-15T19:00:00+02:00,bicycle,4,6,-2
2026-04-15T19:00:00+02:00,car,4,5,-1
2026-04-15T19:00:00+02:00,pedestrian,51,54,-3
2026-04-15T20:00:00+02:00,bicycle,4,2,2
2026-04-15T20:00:00+02:00,car,11,11,0
2026-04-15T20:00:00+02:00,pedestrian,54,44,10
2026-04-15T20:00:00+02:00,van,1,2,-1
2026-04-15T21:00:00+02:00,car,66,49,17
2026-04-15T21:00:00+02:00,pedestrian,4,4,0
2026-04-15T22:00:00+02:00,car,3,3,0
2026-04-15T22:00:00+02:00,pedestrian,7,4,3
2026-04-15T23:00:00+02:00,car,6,14,-8
2026-04-15T23:00:00+02:00,pedestrian,1,3,-2
2026-04-16T00:00:00+02:00,pedestrian,1,0,1
2026-04-16T01:00:00+02:00,car,0,1,-1
2026-04-16T01:00:00+02:00,pedestrian,0,1,-1
2026-04-16T02:00:00+02:00,motorcycle,0,1,-1
2026-04-16T02:00:00+02:00,pedestrian,0,1,-1
2026-04-16T05:00:00+02:00,pedestrian,9,9,0
2026-04-16T06:00:00+02:00,bicycle,1,0,1
2026-04-16T06:00:00+02:00,car,3,5,-2
2026-04-16T06:00:00+02:00,light,2,4,-2
2026-04-16T06:00:00+02:00,pedestrian,20,20,0
2026-04-16T06:00:00+02:00,van,3,3,0
2026-04-16T07:00:00+02:00,bicycle,1,8,-7
2026-04-16T07:00:00+02:00,car,12,13,-1
2026-04-16T07:00:00+02:00,light,1,2,-1
2026-04-16T07:00:00+02:00,pedestrian,34,32,2
2026-04-16T07:00:00+02:00,van,3,5,-2
2026-04-16T08:00:00+02:00,animal,1,0,1
2026-04-16T08:00:00+02:00,bicycle,1,1,0
2026-04-16T08:00:00+02:00,car,39,50,-11
2026-04-16T08:00:00+02:00,light,2,3,-1
2026-04-16T08:00:00+02:00,motorcycle,1,1,0
2026-04-16T08:00:00+02:00,pedestrian,20,35,-15
2026-04-16T08:00:00+02:00,van,5,5,0
2026-04-16T09:00:00+02:00,bicycle,3,4,-1
2026-04-16T09:00:00+02:00,car,15,25,-10
2026-04-16T09:00:00+02:00,pedestrian,19,44,-25
2026-04-16T09:00:00+02:00,pram,1,0,1
2026-04-16T09:00:00+02:00,van,3,3,0
2026-04-16T10:00:00+02:00,bicycle,0,3,-3
2026-04-16T10:00:00+02:00,car,26,21,5
2026-04-16T10:00:00+02:00,light,4,4,0
2026-04-16T10:00:00+02:00,motorcycle,1,0,1
2026-04-16T10:00:00+02:00,pedestrian,50,71,-21
2026-04-16T10:00:00+02:00,van,4,6,-2
2026-04-16T11:00:00+02:00,bicycle,4,3,1
2026-04-16T11:00:00+02:00,car,7,11,-4
2026-04-16T11:00:00+02:00,light,4,5,-1
2026-04-16T11:00:00+02:00,pedestrian,64,62,2
2026-04-16T11:00:00+02:00,van,2,2,0
2026-04-16T12:00:00+02:00,bicycle,3,3,0
2026-04-16T12:00:00+02:00,car,6,8,-2
2026-04-16T12:00:00+02:00,light,2,1,1
2026-04-16T12:00:00+02:00,pedestrian,82,63,19
2026-04-16T12:00:00+02:00,van,4,4,0
2026-04-16T13:00:00+02:00,bicycle,2,3,-1
2026-04-16T13:00:00+02:00,car,9,10,-1
2026-04-16T13:00:00+02:00,light,3,4,-1
2026-04-16T13:00:00+02:00,motorcycle,0,1,-1
2026-04-16T13:00:00+02:00,pedestrian,82,79,3
2026-04-16T13:00:00+02:00,van,4,5,-1
2026-04-16T13:00:00+02:00,wheelchair,0,1,-1
2026-04-16T14:00:00+02:00,bicycle,2,6,-4
2026-04-16T14:00:00+02:00,car,2,2,0
2026-04-16T14:00:00+02:00,light,2,1,1
2026-04-16T14:00:00+02:00,pedestrian,99,73,26
2026-04-16T14:00:00+02:00,van,1,1,0
2026-04-16T15:00:00+02:00,bicycle,3,1,2
2026-04-16T15:00:00+02:00,car,9,8,1
2026-04-16T15:00:00+02:00,light,2,2,0
2026-04-16T15:00:00+02:00,motorcycle,0,1,-1
2026-04-16T15:00:00+02:00,pedestrian,64,70,-6
2026-04-16T15:00:00+02:00,van,1,1,0
2026-04-16T16:00:00+02:00,bicycle,2,0,2
2026-04-16T16:00:00+02:00,car,7,7,0
2026-04-16T16:00:00+02:00,light,1,1,0
2026-04-16T16:00:00+02:00,motorcycle,1,0,1
2026-04-16T16:00:00+02:00,pedestrian,57,54,3
2026-04-16T17:00:00+02:00,bicycle,1,1,0
2026-04-16T17:00:00+02:00,car,15,13,2
2026-04-16T17:00:00+02:00,pedestrian,31,28,3
2026-04-16T17:00:00+02:00,van,4,2,2
2026-04-16T18:00:00+02:00,bicycle,1,4,-3
2026-04-16T18:00:00+02:00,car,10,10,0
2026-04-16T18:00:00+02:00,pedestrian,40,56,-16
2026-04-16T19:00:00+02:00,bicycle,2,3,-1
2026-04-16T19:00:00+02:00,car,8,7,1
2026-04-16T19:00:00+02:00,pedestrian,68,71,-3
2026-04-16T20:00:00+02:00,bicycle,1,3,-2
2026-04-16T20:00:00+02:00,car,15,14,1
2026-04-16T20:00:00+02:00,motorcycle,1,1,0
2026-04-16T20:00:00+02:00,pedestrian,50,42,8
2026-04-16T20:00:00+02:00,pram,0,1,-1
2026-04-16T21:00:00+02:00,car,35,37,-2
2026-04-16T21:00:00+02:00,pedestrian,5,6,-1
2026-04-16T22:00:00+02:00,car,0,2,-2
2026-04-16T22:00:00+02:00,pedestrian,1,1,0
2026-04-16T23:00:00+02:00,car,12,10,2
2026-04-16T23:00:00+02:00,pedestrian,1,0,1
2026-04-17T00:00:00+02:00,car,8,5,3
2026-04-17T00:00:00+02:00,pedestrian,0,1,-1
2026-04-17T01:00:00+02:00,car,5,6,-1
2026-04-17T02:00:00+02:00,car,1,1,0
2026-04-17T03:00:00+02:00,car,1,1,0
2026-04-17T03:00:00+02:00,pedestrian,0,1,-1
2026-04-17T04:00:00+02:00,bus,0,1,-1
2026-04-17T04:00:00+02:00,car,1,3,-2
2026-04-17T04:00:00+02:00,tractor,1,0,1
2026-04-17T05:00:00+02:00,car,10,6,4
2026-04-17T05:00:00+02:00,light,0,1,-1
2026-04-17T05:00:00+02:00,pedestrian,0,1,-1
2026-04-17T06:00:00+02:00,bicycle,1,0,1
2026-04-17T06:00:00+02:00,car,2,3,-1
2026-04-17T06:00:00+02:00,light,8,9,-1
2026-04-17T06:00:00+02:00,pedestrian,10,8,2
2026-04-17T07:00:00+02:00,bicycle,1,2,-1
2026-04-17T07:00:00+02:00,car,4,8,-4
2026-04-17T07:00:00+02:00,light,9,7,2
2026-04-17T07:00:00+02:00,motorcycle,0,1,-1
2026-04-17T07:00:00+02:00,pedestrian,18,19,-1
2026-04-17T07:00:00+02:00,van,1,4,-3
2026-04-17T08:00:00+02:00,bicycle,1,4,-3
2026-04-17T08:00:00+02:00,car,14,19,-5
2026-04-17T08:00:00+02:00,light,0,2,-2
2026-04-17T08:00:00+02:00,motorcycle,0,2,-2
2026-04-17T08:00:00+02:00,pedestrian,28,35,-7
2026-04-17T08:00:00+02:00,van,5,4,1
2026-04-17T09:00:00+02:00,bicycle,0,1,-1
2026-04-17T09:00:00+02:00,car,11,20,-9
2026-04-17T09:00:00+02:00,light,0,1,-1
2026-04-17T09:00:00+02:00,motorcycle,1,0,1
2026-04-17T09:00:00+02:00,pedestrian,28,39,-11
2026-04-17T10:00:00+02:00,bicycle,4,4,0
2026-04-17T10:00:00+02:00,car,18,8,10
2026-04-17T10:00:00+02:00,light,4,4,0
2026-04-17T10:00:00+02:00,motorcycle,2,0,2
2026-04-17T10:00:00+02:00,pedestrian,53,52,1
2026-04-17T11:00:00+02:00,bicycle,2,3,-1
2026-04-17T11:00:00+02:00,car,5,5,0
2026-04-17T11:00:00+02:00,light,1,2,-1
2026-04-17T11:00:00+02:00,pedestrian,46,46,0
2026-04-17T12:00:00+02:00,bicycle,2,1,1
2026-04-17T12:00:00+02:00,car,5,4,1
2026-04-17T12:00:00+02:00,light,0,1,-1
2026-04-17T12:00:00+02:00,motorcycle,1,0,1
2026-04-17T12:00:00+02:00,pedestrian,60,80,-20
2026-04-17T13:00:00+02:00,bicycle,1,7,-6
2026-04-17T13:00:00+02:00,car,4,5,-1
2026-04-17T13:00:00+02:00,light,21,18,3
2026-04-17T13:00:00+02:00,pedestrian,34,56,-22
2026-04-17T13:00:00+02:00,van,2,1,1
2026-04-17T14:00:00+02:00,bicycle,0,1,-1
2026-04-17T14:00:00+02:00,car,1,0,1
2026-04-17T14:00:00+02:00,light,3,4,-1
2026-04-17T14:00:00+02:00,pedestrian,29,23,6
2026-04-17T15:00:00+02:00,bicycle,1,1,0
2026-04-17T15:00:00+02:00,car,1,0,1
2026-04-17T15:00:00+02:00,light,1,3,-2
2026-04-17T15:00:00+02:00,motorcycle,2,1,1
2026-04-17T15:00:00+02:00,pedestrian,63,49,14
2026-04-17T16:00:00+02:00,bicycle,7,4,3
2026-04-17T16:00:00+02:00,car,0,1,-1
2026-04-17T16:00:00+02:00,light,18,16,2
2026-04-17T16:00:00+02:00,pedestrian,78,99,-21
2026-04-17T17:00:00+02:00,bicycle,5,5,0
2026-04-17T17:00:00+02:00,car,1,2,-1
2026-04-17T17:00:00+02:00,light,3,4,-1
2026-04-17T17:00:00+02:00,motorcycle,0,1,-1
2026-04-17T17:00:00+02:00,pedestrian,97,121,-24
2026-04-17T17:00:00+02:00,van,1,1,0
2026-04-17T18:00:00+02:00,bicycle,1,3,-2
2026-04-17T18:00:00+02:00,car,4,2,2
2026-04-17T18:00:00+02:00,motorcycle,1,0,1
2026-04-17T18:00:00+02:00,pedestrian,92,128,-36
2026-04-17T19:00:00+02:00,bicycle,1,0,1
2026-04-17T19:00:00+02:00,car,5,2,3
2026-04-17T19:00:00+02:00,pedestrian,76,87,-11
2026-04-17T20:00:00+02:00,bicycle,1,2,-1
2026-04-17T20:00:00+02:00,car,1,0,1
2026-04-17T20:00:00+02:00,pedestrian,80,64,16
2026-04-17T20:00:00+02:00,van,1,1,0
2026-04-17T21:00:00+02:00,car,33,25,8
2026-04-17T21:00:00+02:00,pedestrian,24,27,-3
2026-04-17T22:00:00+02:00,car,46,46,0
2026-04-17T22:00:00+02:00,pedestrian,10,16,-6
2026-04-17T23:00:00+02:00,car,92,80,12
2026-04-17T23:00:00+02:00,pedestrian,18,14,4
2026-04-18T00:00:00+02:00,car,113,99,14
2026-04-18T00:00:00+02:00,pedestrian,2,6,-4
2026-04-18T01:00:00+02:00,car,116,119,-3
2026-04-18T01:00:00+02:00,pedestrian,9,7,2
2026-04-18T02:00:00+02:00,car,86,55,31
2026-04-18T02:00:00+02:00,pedestrian,8,6,2
2026-04-18T03:00:00+02:00,car,111,93,18
2026-04-18T03:00:00+02:00,pedestrian,6,3,3
2026-04-18T04:00:00+02:00,car,101,78,23
2026-04-18T04:00:00+02:00,pedestrian,0,1,-1
2026-04-18T05:00:00+02:00,bicycle,1,0,1
2026-04-18T05:00:00+02:00,car,62,57,5
2026-04-18T05:00:00+02:00,pedestrian,0,1,-1
2026-04-18T06:00:00+02:00,pedestrian,1,1,0
2026-04-18T07:00:00+02:00,car,3,4,-1
2026-04-18T07:00:00+02:00,pedestrian,9,9,0
2026-04-18T07:00:00+02:00,van,0,1,-1
2026-04-18T08:00:00+02:00,bicycle,0,1,-1
2026-04-18T08:00:00+02:00,car,1,1,0
2026-04-18T08:00:00+02:00,light,1,0,1
2026-04-18T08:00:00+02:00,pedestrian,9,10,-1
2026-04-18T08:00:00+02:00,van,1,0,1
2026-04-18T09:00:00+02:00,bicycle,0,2,-2
2026-04-18T09:00:00+02:00,car,4,3,1
2026-04-18T09:00:00+02:00,pedestrian,35,31,4
2026-04-18T09:00:00+02:00,van,4,4,0
2026-04-18T10:00:00+02:00,bicycle,0,2,-2
2026-04-18T10:00:00+02:00,car,1,2,-1
2026-04-18T10:00:00+02:00,light,1,0,1
2026-04-18T10:00:00+02:00,pedestrian,57,69,-12
2026-04-18T10:00:00+02:00,van,1,1,0
2026-04-18T11:00:00+02:00,bicycle,2,8,-6
2026-04-18T11:00:00+02:00,car,2,1,1
2026-04-18T11:00:00+02:00,pedestrian,97,90,7
2026-04-18T12:00:00+02:00,bicycle,3,1,2
2026-04-18T12:00:00+02:00,car,1,0,1
2026-04-18T12:00:00+02:00,pedestrian,117,128,-11
2026-04-18T13:00:00+02:00,bicycle,1,2,-1
2026-04-18T13:00:00+02:00,pedestrian,94,121,-27
2026-04-18T14:00:00+02:00,bicycle,1,3,-2
2026-04-18T14:00:00+02:00,car,2,2,0
2026-04-18T14:00:00+02:00,car trailer,1,1,0
2026-04-18T14:00:00+02:00,motorcycle,1,0,1
2026-04-18T14:00:00+02:00,pedestrian,99,122,-23
2026-04-18T14:00:00+02:00,van,0,1,-1
2026-04-18T15:00:00+02:00,bicycle,2,6,-4
2026-04-18T15:00:00+02:00,car,1,2,-1
2026-04-18T15:00:00+02:00,motorcycle,1,0,1
2026-04-18T15:00:00+02:00,pedestrian,83,111,-28
2026-04-18T15:00:00+02:00,van,1,0,1
2026-04-18T16:00:00+02:00,bicycle,1,2,-1
2026-04-18T16:00:00+02:00,car,6,7,-1
2026-04-18T16:00:00+02:00,pedestrian,79,73,6
2026-04-18T16:00:00+02:00,van,1,1,0
2026-04-18T17:00:00+02:00,animal,1,0,1
2026-04-18T17:00:00+02:00,bicycle,0,3,-3
2026-04-18T17:00:00+02:00,car,4,8,-4
2026-04-18T17:00:00+02:00,car trailer,0,4,-4
2026-04-18T17:00:00+02:00,pedestrian,34,47,-13
2026-04-18T17:00:00+02:00,van,0,1,-1
2026-04-18T18:00:00+02:00,bicycle,2,2,0
2026-04-18T18:00:00+02:00,car,3,6,-3
2026-04-18T18:00:00+02:00,pedestrian,44,49,-5
2026-04-18T19:00:00+02:00,bicycle,4,2,2
2026-04-18T19:00:00+02:00,car,3,2,1
2026-04-18T19:00:00+02:00,car trailer,1,0,1
2026-04-18T19:00:00+02:00,pedestrian,76,86,-10
2026-04-18T19:00:00+02:00,van,1,0,1
2026-04-18T20:00:00+02:00,bicycle,1,1,0
2026-04-18T20:00:00+02:00,car,0,2,-2
2026-04-18T20:00:00+02:00,pedestrian,84,78,6
2026-04-18T21:00:00+02:00,bicycle,0,1,-1
2026-04-18T21:00:00+02:00,car,1,1,0
2026-04-18T21:00:00+02:00,pedestrian,10,9,1
2026-04-18T22:00:00+02:00,car,8,6,2
2026-04-18T22:00:00+02:00,pedestrian,16,11,5
2026-04-18T23:00:00+02:00,car,3,2,1
2026-04-18T23:00:00+02:00,pedestrian,10,1,9
2026-04-18T23:00:00+02:00,van,1,0,1
2026-04-19T00:00:00+02:00,pedestrian,4,3,1
2026-04-19T01:00:00+02:00,car,1,0,1
2026-04-19T01:00:00+02:00,pedestrian,3,2,1
2026-04-19T02:00:00+02:00,car,2,2,0
2026-04-19T02:00:00+02:00,pedestrian,1,1,0
2026-04-19T03:00:00+02:00,car,1,0,1
2026-04-19T03:00:00+02:00,pedestrian,3,1,2
2026-04-19T04:00:00+02:00,car,2,0,2
2026-04-19T04:00:00+02:00,pedestrian,1,1,0
2026-04-19T05:00:00+02:00,car,4,7,-3
2026-04-19T05:00:00+02:00,car trailer,1,0,1
2026-04-19T05:00:00+02:00,motorcycle,1,0,1
2026-04-19T05:00:00+02:00,pedestrian,0,1,-1
2026-04-19T06:00:00+02:00,car,1,0,1
2026-04-19T06:00:00+02:00,pedestrian,2,2,0
2026-04-19T07:00:00+02:00,bicycle,0,1,-1
2026-04-19T07:00:00+02:00,car,1,2,-1
2026-04-19T07:00:00+02:00,pedestrian,1,1,0
2026-04-19T07:00:00+02:00,van,0,1,-1
2026-04-19T08:00:00+02:00,car,4,4,0
2026-04-19T08:00:00+02:00,pedestrian,12,17,-5
2026-04-19T09:00:00+02:00,bicycle,1,2,-1
2026-04-19T09:00:00+02:00,car,19,13,6
2026-04-19T09:00:00+02:00,pedestrian,17,19,-2
2026-04-19T10:00:00+02:00,bicycle,3,1,2
2026-04-19T10:00:00+02:00,car,2,0,2
2026-04-19T10:00:00+02:00,pedestrian,24,33,-9
2026-04-19T11:00:00+02:00,bicycle,1,0,1
2026-04-19T11:00:00+02:00,car,0,1,-1
2026-04-19T11:00:00+02:00,pedestrian,43,56,-13
2026-04-19T11:00:00+02:00,scooter,0,1,-1
2026-04-19T12:00:00+02:00,bicycle,6,1,5
2026-04-19T12:00:00+02:00,pedestrian,71,61,10
2026-04-19T12:00:00+02:00,pram,1,0,1
2026-04-19T12:00:00+02:00,wheelchair,1,0,1
2026-04-19T13:00:00+02:00,bicycle,7,3,4
2026-04-19T13:00:00+02:00,pedestrian,45,66,-21
2026-04-19T14:00:00+02:00,bicycle,1,4,-3
2026-04-19T14:00:00+02:00,motorcycle,1,1,0
2026-04-19T14:00:00+02:00,pedestrian,64,75,-11
2026-04-19T15:00:00+02:00,bicycle,3,6,-3
2026-04-19T15:00:00+02:00,car,1,1,0
2026-04-19T15:00:00+02:00,pedestrian,66,55,11
2026-04-19T15:00:00+02:00,pram,0,1,-1
2026-04-19T16:00:00+02:00,bicycle,4,1,3
2026-04-19T16:00:00+02:00,car,1,2,-1
2026-04-19T16:00:00+02:00,pedestrian,45,42,3
2026-04-19T16:00:00+02:00,van,1,1,0
2026-04-19T17:00:00+02:00,bicycle,3,1,2
2026-04-19T17:00:00+02:00,car,4,5,-1
2026-04-19T17:00:00+02:00,light,2,2,0
2026-04-19T17:00:00+02:00,pedestrian,51,82,-31
2026-04-19T17:00:00+02:00,scooter,0,1,-1
2026-04-19T18:00:00+02:00,bicycle,1,1,0
2026-04-19T18:00:00+02:00,car,1,1,0
2026-04-19T18:00:00+02:00,motorcycle,1,1,0
2026-04-19T18:00:00+02:00,pedestrian,60,70,-10
2026-04-19T18:00:00+02:00,pram,0,1,-1
2026-04-19T18:00:00+02:00,van,4,4,0
2026-04-19T18:00:00+02:00,wheelchair,1,0,1
2026-04-19T19:00:00+02:00,bicycle,0,1,-1
2026-04-19T19:00:00+02:00,car,1,1,0
2026-04-19T19:00:00+02:00,pedestrian,20,20,0
2026-04-19T20:00:00+02:00,bicycle,0,1,-1
2026-04-19T20:00:00+02:00,car,0,2,-2
2026-04-19T20:00:00+02:00,pedestrian,8,7,1
2026-04-19T21:00:00+02:00,car,16,11,5
2026-04-19T21:00:00+02:00,van,1,1,0
2026-04-19T22:00:00+02:00,car,17,11,6
2026-04-19T22:00:00+02:00,pedestrian,1,0,1
2026-04-19T23:00:00+02:00,car,1,1,0
2026-04-20T00:00:00+02:00,car,0,1,-1
2026-04-20T01:00:00+02:00,pedestrian,0,1,-1
2026-04-20T02:00:00+02:00,pedestrian,1,0,1
2026-04-20T03:00:00+02:00,car,1,0,1
2026-04-20T04:00:00+02:00,car,1,2,-1
2026-04-20T05:00:00+02:00,light,2,2,0
2026-04-20T06:00:00+02:00,bicycle,1,0,1
2026-04-20T06:00:00+02:00,car,1,2,-1
2026-04-20T06:00:00+02:00,light,2,2,0
2026-04-20T06:00:00+02:00,pedestrian,6,5,1
2026-04-20T07:00:00+02:00,bicycle,6,4,2
2026-04-20T07:00:00+02:00,car,4,4,0
2026-04-20T07:00:00+02:00,pedestrian,27,16,11
2026-04-20T08:00:00+02:00,bicycle,4,1,3
2026-04-20T08:00:00+02:00,car,3,4,-1
2026-04-20T08:00:00+02:00,light,2,2,0
2026-04-20T08:00:00+02:00,motorcycle,1,0,1
2026-04-20T08:00:00+02:00,pedestrian,25,23,2
2026-04-20T08:00:00+02:00,van,2,1,1
2026-04-20T09:00:00+02:00,bicycle,1,3,-2
2026-04-20T09:00:00+02:00,car,2,3,-1
2026-04-20T09:00:00+02:00,light,1,1,0
2026-04-20T09:00:00+02:00,pedestrian,46,56,-10
2026-04-20T09:00:00+02:00,pram,0,1,-1
2026-04-20T09:00:00+02:00,van,1,2,-1
2026-04-20T10:00:00+02:00,bicycle,0,1,-1
2026-04-20T10:00:00+02:00,car,8,1,7
2026-04-20T10:00:00+02:00,light,1,0,1
2026-04-20T10:00:00+02:00,motorcycle,1,0,1
2026-04-20T10:00:00+02:00,pedestrian,54,57,-3
2026-04-20T10:00:00+02:00,van,2,0,2
2026-04-20T11:00:00+02:00,bicycle,1,2,-1
2026-04-20T11:00:00+02:00,pedestrian,17,16,1
2026-04-20T12:00:00+02:00,car,0,2,-2
2026-04-20T12:00:00+02:00,pedestrian,40,45,-5
2026-04-20T12:00:00+02:00,van,2,1,1
2026-04-20T13:00:00+02:00,bicycle,0,1,-1
2026-04-20T13:00:00+02:00,car,1,0,1
2026-04-20T13:00:00+02:00,pedestrian,11,11,0
2026-04-20T13:00:00+02:00,pram,0,1,-1
2026-04-20T13:00:00+02:00,van,1,0,1
2026-04-20T14:00:00+02:00,bicycle,0,1,-1
2026-04-20T14:00:00+02:00,car,1,0,1
2026-04-20T14:00:00+02:00,light,1,0,1
2026-04-20T14:00:00+02:00,pedestrian,7,12,-5
2026-04-20T14:00:00+02:00,van,1,0,1
2026-04-20T15:00:00+02:00,bicycle,1,0,1
2026-04-20T15:00:00+02:00,car,1,3,-2
2026-04-20T15:00:00+02:00,pedestrian,11,11,0
2026-04-20T16:00:00+02:00,bicycle,0,1,-1
2026-04-20T16:00:00+02:00,car,1,3,-2
2026-04-20T16:00:00+02:00,pedestrian,6,1,5
2026-04-20T17:00:00+02:00,bicycle,0,1,-1
2026-04-20T17:00:00+02:00,car,3,3,0
2026-04-20T17:00:00+02:00,pedestrian,8,10,-2
2026-04-20T17:00:00+02:00,van,0,1,-1
2026-04-20T18:00:00+02:00,bicycle,1,0,1
2026-04-20T18:00:00+02:00,car,7,5,2
2026-04-20T18:00:00+02:00,pedestrian,5,13,-8
2026-04-20T18:00:00+02:00,van,1,0,1
2026-04-20T19:00:00+02:00,bicycle,3,5,-2
2026-04-20T19:00:00+02:00,pedestrian,32,35,-3
2026-04-20T19:00:00+02:00,van,1,0,1
2026-04-20T20:00:00+02:00,car,1,0,1
2026-04-20T20:00:00+02:00,motorcycle,0,1,-1
2026-04-20T20:00:00+02:00,pedestrian,49,38,11
2026-04-20T20:00:00+02:00,van,1,1,0
2026-04-20T21:00:00+02:00,bicycle,1,0,1
2026-04-20T21:00:00+02:00,car,28,31,-3
2026-04-20T21:00:00+02:00,pedestrian,12,3,9
2026-04-20T21:00:00+02:00,van,0,1,-1
2026-04-20T22:00:00+02:00,car,23,21,2
2026-04-20T22:00:00+02:00,pedestrian,2,1,1
2026-04-20T23:00:00+02:00,car,2,1,1
2026-04-21T01:00:00+02:00,pedestrian,1,0,1
2026-04-21T02:00:00+02:00,pedestrian,0,1,-1
2026-04-21T04:00:00+02:00,pedestrian,0,1,-1
2026-04-21T05:00:00+02:00,car,4,3,1
2026-04-21T05:00:00+02:00,light,0,2,-2
2026-04-21T05:00:00+02:00,pedestrian,1,3,-2
2026-04-21T05:00:00+02:00,van,1,1,0
2026-04-21T06:00:00+02:00,car,19,14,5
2026-04-21T06:00:00+02:00,light,2,3,-1
2026-04-21T06:00:00+02:00,pedestrian,3,5,-2
2026-04-21T06:00:00+02:00,van,1,1,0
2026-04-21T07:00:00+02:00,car,2,4,-2
2026-04-21T07:00:00+02:00,light,1,0,1
2026-04-21T07:00:00+02:00,pedestrian,14,17,-3
2026-04-21T07:00:00+02:00,van,1,0,1
2026-04-21T08:00:00+02:00,car,4,2,2
2026-04-21T08:00:00+02:00,pedestrian,8,9,-1
2026-04-21T09:00:00+02:00,car,1,2,-1
2026-04-21T09:00:00+02:00,pedestrian,9,5,4
2026-04-21T10:00:00+02:00,bicycle,0,1,-1
2026-04-21T10:00:00+02:00,car,51,33,18
2026-04-21T10:00:00+02:00,pedestrian,6,12,-6
2026-04-21T10:00:00+02:00,van,1,1,0
2026-04-21T11:00:00+02:00,car,31,30,1
2026-04-21T11:00:00+02:00,pedestrian,11,11,0
2026-04-21T11:00:00+02:00,van,1,0,1
2026-04-21T12:00:00+02:00,car,4,5,-1
2026-04-21T12:00:00+02:00,pedestrian,27,26,1
2026-04-21T12:00:00+02:00,van,1,1,0
2026-04-21T13:00:00+02:00,car,1,1,0
2026-04-21T13:00:00+02:00,light,0,1,-1
2026-04-21T13:00:00+02:00,pedestrian,13,13,0
2026-04-21T14:00:00+02:00,car,0,2,-2
2026-04-21T14:00:00+02:00,pedestrian,4,9,-5
2026-04-21T15:00:00+02:00,car,1,0,1
2026-04-21T15:00:00+02:00,light,1,1,0
2026-04-21T15:00:00+02:00,pedestrian,7,14,-7
2026-04-21T15:00:00+02:00,van,0,1,-1
2026-04-21T16:00:00+02:00,car,10,13,-3
2026-04-21T16:00:00+02:00,pedestrian,6,9,-3
2026-04-21T17:00:00+02:00,car,3,2,1
2026-04-21T17:00:00+02:00,pedestrian,6,12,-6
2026-04-21T17:00:00+02:00,van,1,0,1
2026-04-21T18:00:00+02:00,bicycle,0,1,-1
2026-04-21T18:00:00+02:00,car,5,4,1
2026-04-21T18:00:00+02:00,motorcycle,0,1,-1
2026-04-21T18:00:00+02:00,pedestrian,17,17,0
2026-04-21T19:00:00+02:00,bicycle,7,2,5
2026-04-21T19:00:00+02:00,car,3,2,1
2026-04-21T19:00:00+02:00,pedestrian,49,44,5
2026-04-21T20:00:00+02:00,bicycle,4,3,1
2026-04-21T20:00:00+02:00,car,2,4,-2
2026-04-21T20:00:00+02:00,pedestrian,61,62,-1
2026-04-21T21:00:00+02:00,car,55,66,-11
2026-04-21T21:00:00+02:00,pedestrian,15,6,9
2026-04-21T22:00:00+02:00,car,67,76,-9
2026-04-21T22:00:00+02:00,pedestrian,5,3,2
2026-04-21T22:00:00+02:00,van,1,0,1
2026-04-21T23:00:00+02:00,car,7,5,2
2026-04-21T23:00:00+02:00,pedestrian,1,1,0
2026-04-22T03:00:00+02:00,car,27,27,0
2026-04-22T04:00:00+02:00,car,41,32,9
2026-04-22T04:00:00+02:00,van,1,2,-1
2026-04-22T05:00:00+02:00,car,5,5,0
2026-04-22T05:00:00+02:00,pedestrian,2,3,-1
2026-04-22T05:00:00+02:00,van,2,2,0
2026-04-22T06:00:00+02:00,car,10,12,-2
2026-04-22T06:00:00+02:00,pedestrian,6,7,-1
2026-04-22T06:00:00+02:00,van,2,1,1
2026-04-22T07:00:00+02:00,car,6,7,-1
2026-04-22T07:00:00+02:00,pedestrian,27,16,11
2026-04-22T07:00:00+02:00,van,2,1,1
2026-04-22T08:00:00+02:00,car,3,3,0
2026-04-22T08:00:00+02:00,pedestrian,3,11,-8
2026-04-22T09:00:00+02:00,bicycle,0,2,-2
2026-04-22T09:00:00+02:00,car,7,5,2
2026-04-22T09:00:00+02:00,pedestrian,12,16,-4
2026-04-22T09:00:00+02:00,van,1,0,1
2026-04-22T10:00:00+02:00,car,8,6,2
2026-04-22T10:00:00+02:00,light,2,1,1
2026-04-22T10:00:00+02:00,pedestrian,13,14,-1
2026-04-22T10:00:00+02:00,van,2,1,1
2026-04-22T11:00:00+02:00,car,4,6,-2
2026-04-22T11:00:00+02:00,light,1,0,1
2026-04-22T11:00:00+02:00,pedestrian,8,13,-5
2026-04-22T12:00:00+02:00,car,4,1,3
2026-04-22T12:00:00+02:00,pedestrian,11,25,-14
2026-04-22T12:00:00+02:00,van,1,0,1
2026-04-22T13:00:00+02:00,bicycle,0,1,-1
2026-04-22T13:00:00+02:00,pedestrian,10,22,-12
2026-04-22T13:00:00+02:00,van,1,1,0
2026-04-22T14:00:00+02:00,bicycle,1,2,-1
2026-04-22T14:00:00+02:00,car,1,0,1
2026-04-22T14:00:00+02:00,light,1,0,1
2026-04-22T14:00:00+02:00,motorcycle,1,1,0
2026-04-22T14:00:00+02:00,pedestrian,19,26,-7
2026-04-22T14:00:00+02:00,van,1,2,-1
2026-04-22T15:00:00+02:00,bicycle,1,0,1
2026-04-22T15:00:00+02:00,car,1,2,-1
2026-04-22T15:00:00+02:00,pedestrian,9,9,0
2026-04-22T16:00:00+02:00,bicycle,0,1,-1
2026-04-22T16:00:00+02:00,car,4,2,2
2026-04-22T16:00:00+02:00,pedestrian,15,22,-7
2026-04-22T17:00:00+02:00,bicycle,0,1,-1
2026-04-22T17:00:00+02:00,car,10,5,5
2026-04-22T17:00:00+02:00,pedestrian,10,19,-9
2026-04-22T18:00:00+02:00,bicycle,0,3,-3
2026-04-22T18:00:00+02:00,car,8,15,-7
2026-04-22T18:00:00+02:00,pedestrian,9,27,-18
2026-04-22T19:00:00+02:00,bicycle,3,4,-1
2026-04-22T19:00:00+02:00,car,3,2,1
2026-04-22T19:00:00+02:00,pedestrian,56,48,8
2026-04-22T20:00:00+02:00,bicycle,3,4,-1
2026-04-22T20:00:00+02:00,car,2,2,0
2026-04-22T20:00:00+02:00,pedestrian,62,60,2
2026-04-22T21:00:00+02:00,car,37,50,-13
2026-04-22T21:00:00+02:00,motorcycle,1,1,0
2026-04-22T21:00:00+02:00,pedestrian,22,16,6
2026-04-22T22:00:00+02:00,car,78,91,-13
2026-04-22T23:00:00+02:00,car,15,20,-5
2026-04-22T23:00:00+02:00,pedestrian,2,0,2
2026-04-22T23:00:00+02:00,van,0,1,-1
2026-04-23T02:00:00+02:00,car,5,4,1
2026-04-23T03:00:00+02:00,car,1,0,1
2026-04-23T04:00:00+02:00,car,1,0,1
2026-04-23T05:00:00+02:00,car,46,41,5
2026-04-23T05:00:00+02:00,pedestrian,0,1,-1
2026-04-23T05:00:00+02:00,van,29,31,-2
2026-04-23T06:00:00+02:00,bicycle,0,2,-2
2026-04-23T06:00:00+02:00,car,20,25,-5
2026-04-23T06:00:00+02:00,light,1,1,0
2026-04-23T06:00:00+02:00,pedestrian,6,5,1
2026-04-23T06:00:00+02:00,van,1,2,-1
2026-04-23T07:00:00+02:00,bicycle,2,1,1
2026-04-23T07:00:00+02:00,car,26,19,7
2026-04-23T07:00:00+02:00,pedestrian,31,24,7
2026-04-23T07:00:00+02:00,van,3,4,-1
2026-04-23T08:00:00+02:00,bicycle,0,2,-2
2026-04-23T08:00:00+02:00,car,22,9,13
2026-04-23T08:00:00+02:00,pedestrian,21,22,-1
2026-04-23T08:00:00+02:00,van,2,5,-3
2026-04-23T09:00:00+02:00,car,4,9,-5
2026-04-23T09:00:00+02:00,pedestrian,12,8,4
2026-04-23T09:00:00+02:00,van,1,2,-1
2026-04-23T10:00:00+02:00,car,5,7,-2
2026-04-23T10:00:00+02:00,pedestrian,7,13,-6
2026-04-23T10:00:00+02:00,van,7,1,6
2026-04-23T11:00:00+02:00,car,6,5,1
2026-04-23T11:00:00+02:00,light,2,1,1
2026-04-23T11:00:00+02:00,pedestrian,4,16,-12
2026-04-23T11:00:00+02:00,van,0,1,-1
2026-04-23T12:00:00+02:00,car,1,2,-1
2026-04-23T12:00:00+02:00,pedestrian,17,23,-6
2026-04-23T13:00:00+02:00,pedestrian,12,11,1
2026-04-23T14:00:00+02:00,bicycle,1,1,0
2026-04-23T14:00:00+02:00,pedestrian,3,7,-4
2026-04-23T14:00:00+02:00,van,1,0,1
2026-04-23T15:00:00+02:00,bicycle,1,1,0
2026-04-23T15:00:00+02:00,car,1,1,0
2026-04-23T15:00:00+02:00,pedestrian,19,25,-6
2026-04-23T16:00:00+02:00,car,1,2,-1
2026-04-23T16:00:00+02:00,pedestrian,28,25,3
2026-04-23T17:00:00+02:00,car,6,5,1
2026-04-23T17:00:00+02:00,pedestrian,9,8,1
2026-04-23T18:00:00+02:00,bicycle,0,1,-1
2026-04-23T18:00:00+02:00,car,15,15,0
2026-04-23T18:00:00+02:00,pedestrian,9,10,-1
2026-04-23T18:00:00+02:00,van,1,1,0
2026-04-23T19:00:00+02:00,bicycle,0,2,-2
2026-04-23T19:00:00+02:00,car,4,7,-3
2026-04-23T19:00:00+02:00,pedestrian,48,39,9
2026-04-23T20:00:00+02:00,bicycle,0,4,-4
2026-04-23T20:00:00+02:00,car,19,18,1
2026-04-23T20:00:00+02:00,pedestrian,55,46,9
2026-04-23T20:00:00+02:00,van,1,0,1
2026-04-23T21:00:00+02:00,car,24,27,-3
2026-04-23T21:00:00+02:00,pedestrian,22,20,2
2026-04-23T22:00:00+02:00,car,17,11,6
2026-04-23T22:00:00+02:00,pedestrian,4,0,4
2026-04-23T23:00:00+02:00,car,2,1,1
2026-04-23T23:00:00+02:00,pedestrian,2,1,1
2026-04-24T00:00:00+02:00,car,0,1,-1
2026-04-24T00:00:00+02:00,pedestrian,1,1,0
2026-04-24T01:00:00+02:00,car,1,0,1
2026-04-24T04:00:00+02:00,car,4,1,3
2026-04-24T04:00:00+02:00,pedestrian,1,0,1
2026-04-24T04:00:00+02:00,van,1,0,1
2026-04-24T05:00:00+02:00,car,4,2,2
2026-04-24T05:00:00+02:00,pedestrian,1,4,-3
2026-04-24T05:00:00+02:00,van,3,2,1
2026-04-24T06:00:00+02:00,bicycle,1,1,0
2026-04-24T06:00:00+02:00,car,23,23,0
2026-04-24T06:00:00+02:00,light,3,2,1
2026-04-24T06:00:00+02:00,pedestrian,9,3,6
2026-04-24T06:00:00+02:00,van,0,1,-1
2026-04-24T07:00:00+02:00,bicycle,2,0,2
2026-04-24T07:00:00+02:00,car,19,14,5
2026-04-24T07:00:00+02:00,pedestrian,19,16,3
2026-04-24T07:00:00+02:00,van,3,2,1
2026-04-24T08:00:00+02:00,car,0,2,-2
2026-04-24T08:00:00+02:00,pedestrian,4,1,3
2026-04-24T08:00:00+02:00,van,1,0,1
2026-04-24T09:00:00+02:00,car,1,1,0
2026-04-24T09:00:00+02:00,pedestrian,16,14,2
2026-04-24T09:00:00+02:00,van,2,0,2
2026-04-24T10:00:00+02:00,car,1,3,-2
2026-04-24T10:00:00+02:00,light,1,1,0
2026-04-24T10:00:00+02:00,pedestrian,20,19,1
2026-04-24T10:00:00+02:00,van,0,1,-1
2026-04-24T11:00:00+02:00,car,16,15,1
2026-04-24T11:00:00+02:00,light,0,1,-1
2026-04-24T11:00:00+02:00,pedestrian,16,14,2
2026-04-24T11:00:00+02:00,van,40,40,0
2026-04-24T12:00:00+02:00,bicycle,1,0,1
2026-04-24T12:00:00+02:00,car,2,6,-4
2026-04-24T12:00:00+02:00,pedestrian,25,31,-6
2026-04-24T12:00:00+02:00,van,25,19,6
2026-04-24T13:00:00+02:00,car,5,4,1
2026-04-24T13:00:00+02:00,pedestrian,18,17,1
2026-04-24T14:00:00+02:00,bicycle,1,2,-1
2026-04-24T14:00:00+02:00,car,0,1,-1
2026-04-24T14:00:00+02:00,pedestrian,9,9,0
2026-04-24T15:00:00+02:00,bicycle,3,1,2
2026-04-24T15:00:00+02:00,car,2,1,1
2026-04-24T15:00:00+02:00,pedestrian,6,15,-9
2026-04-24T15:00:00+02:00,pram,0,1,-1
2026-04-24T16:00:00+02:00,car,4,7,-3
2026-04-24T16:00:00+02:00,pedestrian,8,14,-6
2026-04-24T17:00:00+02:00,car,9,10,-1
2026-04-24T17:00:00+02:00,pedestrian,2,16,-14
2026-04-24T17:00:00+02:00,van,0,2,-2
2026-04-24T18:00:00+02:00,bicycle,0,1,-1
2026-04-24T18:00:00+02:00,car,28,29,-1
2026-04-24T18:00:00+02:00,pedestrian,20,35,-15
2026-04-24T18:00:00+02:00,van,1,0,1
2026-04-24T19:00:00+02:00,bicycle,4,2,2
2026-04-24T19:00:00+02:00,car,13,15,-2
2026-04-24T19:00:00+02:00,pedestrian,67,87,-20
2026-04-24T20:00:00+02:00,animal,0,1,-1
2026-04-24T20:00:00+02:00,bicycle,6,5,1
2026-04-24T20:00:00+02:00,car,1,2,-1
2026-04-24T20:00:00+02:00,pedestrian,82,76,6
2026-04-24T21:00:00+02:00,bicycle,1,0,1
2026-04-24T21:00:00+02:00,car,43,45,-2
2026-04-24T21:00:00+02:00,pedestrian,29,41,-12
2026-04-24T21:00:00+02:00,van,0,1,-1
2026-04-24T22:00:00+02:00,car,54,54,0
2026-04-24T22:00:00+02:00,pedestrian,18,8,10
2026-04-24T23:00:00+02:00,car,42,31,11
2026-04-24T23:00:00+02:00,pedestrian,12,11,1
2026-04-25T00:00:00+02:00,car,9,15,-6
2026-04-25T00:00:00+02:00,pedestrian,8,4,4
2026-04-25T01:00:00+02:00,car,2,5,-3
2026-04-25T01:00:00+02:00,pedestrian,7,7,0
2026-04-25T01:00:00+02:00,van,1,1,0
2026-04-25T02:00:00+02:00,car,0,1,-1
2026-04-25T02:00:00+02:00,pedestrian,4,1,3
2026-04-25T03:00:00+02:00,car,5,5,0
2026-04-25T03:00:00+02:00,pedestrian,5,2,3
2026-04-25T04:00:00+02:00,car,5,9,-4
2026-04-25T04:00:00+02:00,pedestrian,4,2,2
2026-04-25T05:00:00+02:00,car,2,1,1
2026-04-25T05:00:00+02:00,motorcycle,1,0,1
2026-04-25T05:00:00+02:00,pedestrian,2,1,1
2026-04-25T05:00:00+02:00,van,2,1,1
2026-04-25T06:00:00+02:00,bicycle,1,0,1
2026-04-25T06:00:00+02:00,car,5,9,-4
2026-04-25T06:00:00+02:00,pedestrian,6,1,5
2026-04-25T06:00:00+02:00,van,0,2,-2
2026-04-25T07:00:00+02:00,car,8,9,-1
2026-04-25T07:00:00+02:00,pedestrian,7,6,1
2026-04-25T08:00:00+02:00,car,7,14,-7
2026-04-25T08:00:00+02:00,light,2,1,1
2026-04-25T08:00:00+02:00,pedestrian,18,18,0
2026-04-25T09:00:00+02:00,bicycle,1,1,0
2026-04-25T09:00:00+02:00,car,8,12,-4
2026-04-25T09:00:00+02:00,pedestrian,32,13,19
2026-04-25T10:00:00+02:00,bicycle,5,5,0
2026-04-25T10:00:00+02:00,car,19,21,-2
2026-04-25T10:00:00+02:00,pedestrian,110,101,9
2026-04-25T10:00:00+02:00,pram,0,1,-1
2026-04-25T10:00:00+02:00,scooter,0,1,-1
2026-04-25T10:00:00+02:00,van,1,0,1
2026-04-25T11:00:00+02:00,bicycle,4,2,2
2026-04-25T11:00:00+02:00,car,15,20,-5
2026-04-25T11:00:00+02:00,pedestrian,64,62,2
2026-04-25T12:00:00+02:00,bicycle,3,6,-3
2026-04-25T12:00:00+02:00,car,0,8,-8
2026-04-25T12:00:00+02:00,pedestrian,96,118,-22
2026-04-25T12:00:00+02:00,pram,1,1,0
2026-04-25T13:00:00+02:00,bicycle,6,5,1
2026-04-25T13:00:00+02:00,car,6,5,1
2026-04-25T13:00:00+02:00,motorcycle,1,0,1
2026-04-25T13:00:00+02:00,pedestrian,96,104,-8
2026-04-25T13:00:00+02:00,pram,0,2,-2
2026-04-25T14:00:00+02:00,bicycle,4,2,2
2026-04-25T14:00:00+02:00,car,4,4,0
2026-04-25T14:00:00+02:00,motorcycle,2,1,1
2026-04-25T14:00:00+02:00,pedestrian,75,95,-20
2026-04-25T15:00:00+02:00,car,2,5,-3
2026-04-25T15:00:00+02:00,pedestrian,44,43,1
2026-04-25T16:00:00+02:00,car,42,43,-1
2026-04-25T16:00:00+02:00,pedestrian,20,46,-26
2026-04-25T17:00:00+02:00,car,5,5,0
2026-04-25T17:00:00+02:00,pedestrian,8,17,-9
2026-04-25T18:00:00+02:00,bicycle,1,1,0
2026-04-25T18:00:00+02:00,car,8,7,1
2026-04-25T18:00:00+02:00,pedestrian,24,32,-8
2026-04-25T19:00:00+02:00,bicycle,1,2,-1
2026-04-25T19:00:00+02:00,car,11,14,-3
2026-04-25T19:00:00+02:00,pedestrian,76,84,-8
2026-04-25T19:00:00+02:00,pram,0,1,-1
2026-04-25T19:00:00+02:00,van,0,1,-1
2026-04-25T20:00:00+02:00,bicycle,5,7,-2
2026-04-25T20:00:00+02:00,car,19,20,-1
2026-04-25T20:00:00+02:00,pedestrian,68,92,-24
2026-04-25T20:00:00+02:00,van,1,0,1
2026-04-25T21:00:00+02:00,car,61,50,11
2026-04-25T21:00:00+02:00,pedestrian,34,37,-3
2026-04-25T22:00:00+02:00,car,71,94,-23
2026-04-25T22:00:00+02:00,pedestrian,3,3,0
2026-04-25T23:00:00+02:00,car,9,11,-2
2026-04-25T23:00:00+02:00,pedestrian,3,3,0
2026-04-26T00:00:00+02:00,car,0,1,-1
2026-04-26T00:00:00+02:00,pedestrian,1,1,0
2026-04-26T01:00:00+02:00,pedestrian,3,0,3
2026-04-26T02:00:00+02:00,car,0,3,-3
2026-04-26T02:00:00+02:00,pedestrian,3,4,-1
2026-04-26T03:00:00+02:00,car,1,1,0
2026-04-26T03:00:00+02:00,pedestrian,2,1,1
2026-04-26T04:00:00+02:00,car,17,10,7
2026-04-26T04:00:00+02:00,pedestrian,4,1,3
2026-04-26T05:00:00+02:00,car,10,14,-4
2026-04-26T05:00:00+02:00,pedestrian,0,1,-1
2026-04-26T06:00:00+02:00,bicycle,0,1,-1
2026-04-26T06:00:00+02:00,car,78,73,5
2026-04-26T06:00:00+02:00,pedestrian,4,1,3
2026-04-26T07:00:00+02:00,car,23,18,5
2026-04-26T07:00:00+02:00,pedestrian,1,1,0
2026-04-26T08:00:00+02:00,car,0,2,-2
2026-04-26T08:00:00+02:00,pedestrian,0,1,-1
2026-04-26T09:00:00+02:00,car,3,1,2
2026-04-26T09:00:00+02:00,pedestrian,1,1,0
2026-04-26T10:00:00+02:00,car,7,4,3
2026-04-26T10:00:00+02:00,pedestrian,0,4,-4
2026-04-26T11:00:00+02:00,animal,0,1,-1
2026-04-26T11:00:00+02:00,car,6,7,-1
2026-04-26T11:00:00+02:00,pedestrian,8,12,-4
2026-04-26T12:00:00+02:00,bicycle,1,2,-1
2026-04-26T12:00:00+02:00,pedestrian,25,26,-1
2026-04-26T13:00:00+02:00,bicycle,1,0,1
2026-04-26T13:00:00+02:00,car,1,1,0
2026-04-26T13:00:00+02:00,pedestrian,17,26,-9
2026-04-26T14:00:00+02:00,bicycle,1,1,0
2026-04-26T14:00:00+02:00,car,1,4,-3
2026-04-26T14:00:00+02:00,pedestrian,36,44,-8
2026-04-26T14:00:00+02:00,van,1,1,0
2026-04-26T15:00:00+02:00,car,5,4,1
2026-04-26T15:00:00+02:00,motorcycle,1,0,1
2026-04-26T15:00:00+02:00,pedestrian,18,9,9
2026-04-26T15:00:00+02:00,van,1,0,1
2026-04-26T16:00:00+02:00,car,5,5,0
2026-04-26T16:00:00+02:00,pedestrian,7,8,-1
2026-04-26T17:00:00+02:00,car,2,5,-3
2026-04-26T17:00:00+02:00,pedestrian,0,8,-8
2026-04-26T18:00:00+02:00,car,14,8,6
2026-04-26T18:00:00+02:00,pedestrian,11,8,3
2026-04-26T19:00:00+02:00,bicycle,1,2,-1
2026-04-26T19:00:00+02:00,car,8,14,-6
2026-04-26T19:00:00+02:00,pedestrian,40,38,2
2026-04-26T19:00:00+02:00,pram,0,1,-1
2026-04-26T19:00:00+02:00,van,1,1,0
2026-04-26T20:00:00+02:00,bicycle,0,1,-1
2026-04-26T20:00:00+02:00,car,43,56,-13
2026-04-26T20:00:00+02:00,pedestrian,33,28,5
2026-04-26T20:00:00+02:00,van,0,1,-1
2026-04-26T21:00:00+02:00,car,43,31,12
2026-04-26T21:00:00+02:00,pedestrian,7,4,3
2026-04-26T22:00:00+02:00,car,14,13,1
2026-04-26T22:00:00+02:00,pedestrian,0,1,-1
2026-04-26T23:00:00+02:00,car,22,16,6
2026-04-27T00:00:00+02:00,car,28,20,8
2026-04-27T01:00:00+02:00,car,64,43,21
2026-04-27T01:00:00+02:00,pedestrian,0,1,-1
2026-04-27T02:00:00+02:00,car,15,21,-6
2026-04-27T03:00:00+02:00,car,4,0,4
2026-04-27T04:00:00+02:00,car,0,1,-1
2026-04-27T05:00:00+02:00,car,3,2,1
2026-04-27T05:00:00+02:00,light,0,1,-1
2026-04-27T05:00:00+02:00,pedestrian,2,3,-1
2026-04-27T06:00:00+02:00,bicycle,1,0,1
2026-04-27T06:00:00+02:00,car,25,21,4
2026-04-27T06:00:00+02:00,light,4,0,4
2026-04-27T06:00:00+02:00,pedestrian,6,4,2
2026-04-27T06:00:00+02:00,van,0,3,-3
2026-04-27T07:00:00+02:00,bicycle,0,2,-2
2026-04-27T07:00:00+02:00,car,20,15,5
2026-04-27T07:00:00+02:00,light,1,0,1
2026-04-27T07:00:00+02:00,motorcycle,1,0,1
2026-04-27T07:00:00+02:00,pedestrian,46,31,15
2026-04-27T07:00:00+02:00,scooter,0,1,-1
2026-04-27T07:00:00+02:00,van,0,1,-1
2026-04-27T07:00:00+02:00,wheelchair,2,2,0
2026-04-27T08:00:00+02:00,bicycle,0,1,-1
2026-04-27T08:00:00+02:00,car,3,8,-5
2026-04-27T08:00:00+02:00,light,1,2,-1
2026-04-27T08:00:00+02:00,pedestrian,7,11,-4
2026-04-27T08:00:00+02:00,van,0,1,-1
2026-04-27T09:00:00+02:00,bicycle,0,2,-2
2026-04-27T09:00:00+02:00,car,4,9,-5
2026-04-27T09:00:00+02:00,pedestrian,17,13,4
2026-04-27T09:00:00+02:00,van,2,2,0
2026-04-27T10:00:00+02:00,car,41,38,3
2026-04-27T10:00:00+02:00,light,1,1,0
2026-04-27T10:00:00+02:00,pedestrian,22,17,5
2026-04-27T10:00:00+02:00,van,6,1,5
2026-04-27T11:00:00+02:00,bicycle,0,1,-1
2026-04-27T11:00:00+02:00,car,29,27,2
2026-04-27T11:00:00+02:00,pedestrian,7,12,-5
2026-04-27T11:00:00+02:00,van,3,2,1
2026-04-27T12:00:00+02:00,car,1,2,-1
2026-04-27T12:00:00+02:00,light,0,2,-2
2026-04-27T12:00:00+02:00,pedestrian,15,12,3
2026-04-27T12:00:00+02:00,van,4,3,1
2026-04-27T13:00:00+02:00,car,1,1,0
2026-04-27T13:00:00+02:00,pedestrian,16,24,-8
2026-04-27T13:00:00+02:00,van,1,2,-1
2026-04-27T14:00:00+02:00,bicycle,1,3,-2
2026-04-27T14:00:00+02:00,car,3,1,2
2026-04-27T14:00:00+02:00,pedestrian,12,13,-1
2026-04-27T15:00:00+02:00,car,4,4,0
2026-04-27T15:00:00+02:00,pedestrian,7,4,3
2026-04-27T16:00:00+02:00,car,3,1,2
2026-04-27T16:00:00+02:00,pedestrian,12,7,5
2026-04-27T17:00:00+02:00,car,6,7,-1
2026-04-27T17:00:00+02:00,pedestrian,4,10,-6
2026-04-27T18:00:00+02:00,bicycle,0,2,-2
2026-04-27T18:00:00+02:00,car,12,13,-1
2026-04-27T18:00:00+02:00,motorcycle,1,0,1
2026-04-27T18:00:00+02:00,pedestrian,5,22,-17
2026-04-27T19:00:00+02:00,bicycle,1,0,1
2026-04-27T19:00:00+02:00,car,4,2,2
2026-04-27T19:00:00+02:00,pedestrian,40,33,7
2026-04-27T20:00:00+02:00,bicycle,1,2,-1
2026-04-27T20:00:00+02:00,car,3,4,-1
2026-04-27T20:00:00+02:00,pedestrian,47,28,19
2026-04-27T21:00:00+02:00,car,48,43,5
2026-04-27T21:00:00+02:00,pedestrian,20,11,9
2026-04-27T21:00:00+02:00,van,1,0,1
2026-04-27T22:00:00+02:00,car,45,50,-5
2026-04-27T22:00:00+02:00,pedestrian,1,1,0
2026-04-27T23:00:00+02:00,car,44,38,6
2026-04-28T00:00:00+02:00,car,6,12,-6
2026-04-28T00:00:00+02:00,pedestrian,1,0,1
2026-04-28T01:00:00+02:00,van,1,0,1
2026-04-28T03:00:00+02:00,car,0,1,-1
2026-04-28T03:00:00+02:00,pedestrian,0,1,-1
2026-04-28T04:00:00+02:00,pedestrian,0,1,-1
2026-04-28T05:00:00+02:00,car,34,28,6
2026-04-28T05:00:00+02:00,light,0,1,-1
2026-04-28T05:00:00+02:00,pedestrian,1,2,-1
2026-04-28T05:00:00+02:00,van,1,1,0
2026-04-28T06:00:00+02:00,car,31,41,-10
2026-04-28T06:00:00+02:00,light,2,2,0
2026-04-28T06:00:00+02:00,pedestrian,4,4,0
2026-04-28T06:00:00+02:00,van,4,2,2
2026-04-28T07:00:00+02:00,bicycle,3,1,2
2026-04-28T07:00:00+02:00,car,8,16,-8
2026-04-28T07:00:00+02:00,light,3,2,1
2026-04-28T07:00:00+02:00,pedestrian,20,21,-1
2026-04-28T07:00:00+02:00,van,0,2,-2
2026-04-28T08:00:00+02:00,bus,2,0,2
2026-04-28T08:00:00+02:00,car,4,2,2
2026-04-28T08:00:00+02:00,light,1,1,0
2026-04-28T08:00:00+02:00,pedestrian,8,10,-2
2026-04-28T08:00:00+02:00,van,2,0,2
2026-04-28T09:00:00+02:00,bicycle,0,2,-2
2026-04-28T09:00:00+02:00,car,17,16,1
2026-04-28T09:00:00+02:00,pedestrian,13,14,-1
2026-04-28T09:00:00+02:00,van,1,0,1
2026-04-28T10:00:00+02:00,car,13,15,-2
2026-04-28T10:00:00+02:00,light,4,3,1
2026-04-28T10:00:00+02:00,pedestrian,13,11,2
2026-04-28T10:00:00+02:00,van,4,0,4
2026-04-28T11:00:00+02:00,car,11,10,1
2026-04-28T11:00:00+02:00,light,12,15,-3
2026-04-28T11:00:00+02:00,motorcycle,0,1,-1
2026-04-28T11:00:00+02:00,pedestrian,9,20,-11
2026-04-28T11:00:00+02:00,van,1,2,-1
2026-04-28T12:00:00+02:00,car,2,2,0
2026-04-28T12:00:00+02:00,pedestrian,39,42,-3
2026-04-28T12:00:00+02:00,pram,0,1,-1
2026-04-28T13:00:00+02:00,car,0,1,-1
2026-04-28T13:00:00+02:00,pedestrian,39,34,5
2026-04-28T14:00:00+02:00,bicycle,0,1,-1
2026-04-28T14:00:00+02:00,car,0,1,-1
2026-04-28T14:00:00+02:00,pedestrian,13,19,-6
2026-04-28T14:00:00+02:00,van,2,1,1
2026-04-28T15:00:00+02:00,pedestrian,9,2,7
2026-04-28T16:00:00+02:00,pedestrian,4,1,3
2026-04-28T17:00:00+02:00,bicycle,0,1,-1
2026-04-28T17:00:00+02:00,car,5,4,1
2026-04-28T17:00:00+02:00,pedestrian,4,3,1
2026-04-28T18:00:00+02:00,bicycle,1,3,-2
2026-04-28T18:00:00+02:00,car,24,13,11
2026-04-28T18:00:00+02:00,pedestrian,33,50,-17
2026-04-28T18:00:00+02:00,van,1,1,0
2026-04-28T19:00:00+02:00,bicycle,3,7,-4
2026-04-28T19:00:00+02:00,car,18,11,7
2026-04-28T19:00:00+02:00,pedestrian,46,50,-4
2026-04-28T19:00:00+02:00,van,0,1,-1
2026-04-28T20:00:00+02:00,bicycle,1,1,0
2026-04-28T20:00:00+02:00,car,8,8,0
2026-04-28T20:00:00+02:00,pedestrian,31,25,6
2026-04-28T20:00:00+02:00,van,0,3,-3
2026-04-28T21:00:00+02:00,car,18,23,-5
2026-04-28T21:00:00+02:00,pedestrian,12,28,-16
2026-04-28T22:00:00+02:00,car,12,9,3
2026-04-28T22:00:00+02:00,pedestrian,3,0,3
2026-04-28T22:00:00+02:00,van,1,1,0
2026-04-28T23:00:00+02:00,pedestrian,2,0,2
2026-04-29T01:00:00+02:00,pedestrian,1,0,1
2026-04-29T02:00:00+02:00,bicycle,0,1,-1
2026-04-29T03:00:00+02:00,car,0,1,-1
2026-04-29T03:00:00+02:00,van,0,2,-2
2026-04-29T04:00:00+02:00,van,7,7,0
2026-04-29T05:00:00+02:00,car,3,3,0
2026-04-29T05:00:00+02:00,pedestrian,1,1,0
2026-04-29T06:00:00+02:00,car,27,23,4
2026-04-29T06:00:00+02:00,light,9,2,7
2026-04-29T06:00:00+02:00,pedestrian,7,2,5
2026-04-29T06:00:00+02:00,van,2,3,-1
2026-04-29T07:00:00+02:00,bicycle,1,0,1
2026-04-29T07:00:00+02:00,car,11,11,0
2026-04-29T07:00:00+02:00,light,1,1,0
2026-04-29T07:00:00+02:00,pedestrian,11,8,3
2026-04-29T07:00:00+02:00,van,2,4,-2
2026-04-29T08:00:00+02:00,car,2,3,-1
2026-04-29T08:00:00+02:00,light,1,2,-1
2026-04-29T08:00:00+02:00,pedestrian,0,9,-9
2026-04-29T08:00:00+02:00,scooter,0,1,-1
2026-04-29T09:00:00+02:00,car,6,7,-1
2026-04-29T09:00:00+02:00,light,1,0,1
2026-04-29T09:00:00+02:00,pedestrian,4,4,0
2026-04-29T09:00:00+02:00,van,2,1,1
2026-04-29T10:00:00+02:00,animal,1,0,1
2026-04-29T10:00:00+02:00,car,13,9,4
2026-04-29T10:00:00+02:00,light,1,0,1
2026-04-29T10:00:00+02:00,pedestrian,10,8,2
2026-04-29T10:00:00+02:00,van,4,6,-2
2026-04-29T11:00:00+02:00,bicycle,1,0,1
2026-04-29T11:00:00+02:00,car,5,3,2
2026-04-29T11:00:00+02:00,pedestrian,20,20,0
2026-04-29T11:00:00+02:00,van,3,2,1
2026-04-29T12:00:00+02:00,pedestrian,11,20,-9
2026-04-29T13:00:00+02:00,car,1,2,-1
2026-04-29T13:00:00+02:00,pedestrian,8,20,-12
2026-04-29T14:00:00+02:00,pedestrian,12,19,-7
2026-04-29T15:00:00+02:00,bicycle,3,2,1
2026-04-29T15:00:00+02:00,car,1,1,0
2026-04-29T15:00:00+02:00,pedestrian,10,6,4
2026-04-29T16:00:00+02:00,bicycle,0,1,-1
2026-04-29T16:00:00+02:00,car,2,1,1
2026-04-29T16:00:00+02:00,pedestrian,1,1,0
2026-04-29T17:00:00+02:00,car,3,1,2
2026-04-29T17:00:00+02:00,light,1,1,0
2026-04-29T17:00:00+02:00,pedestrian,1,6,-5
2026-04-29T18:00:00+02:00,car,11,12,-1
2026-04-29T18:00:00+02:00,pedestrian,6,16,-10
2026-04-29T18:00:00+02:00,pram,1,0,1
2026-04-29T19:00:00+02:00,bicycle,2,2,0
2026-04-29T19:00:00+02:00,car,3,4,-1
2026-04-29T19:00:00+02:00,pedestrian,37,37,0
2026-04-29T19:00:00+02:00,van,1,0,1
2026-04-29T20:00:00+02:00,bicycle,0,7,-7
2026-04-29T20:00:00+02:00,car,0,1,-1
2026-04-29T20:00:00+02:00,light,1,1,0
2026-04-29T20:00:00+02:00,pedestrian,25,39,-14
2026-04-29T21:00:00+02:00,bicycle,0,1,-1
2026-04-29T21:00:00+02:00,car,2,4,-2
2026-04-29T21:00:00+02:00,light,0,1,-1
2026-04-29T21:00:00+02:00,pedestrian,14,11,3
2026-04-29T21:00:00+02:00,van,2,2,0
2026-04-29T22:00:00+02:00,car,1,2,-1
2026-04-29T22:00:00+02:00,light,1,0,1
2026-04-29T22:00:00+02:00,pedestrian,2,2,0
2026-04-29T23:00:00+02:00,pedestrian,1,1,0
2026-04-30T04:00:00+02:00,van,1,0,1
2026-04-30T05:00:00+02:00,car,1,2,-1
2026-04-30T05:00:00+02:00,pedestrian,1,1,0
2026-04-30T05:00:00+02:00,van,1,1,0
2026-04-30T06:00:00+02:00,bicycle,0,1,-1
2026-04-30T06:00:00+02:00,car,11,9,2
2026-04-30T06:00:00+02:00,pedestrian,8,4,4
2026-04-30T06:00:00+02:00,van,0,1,-1
2026-04-30T07:00:00+02:00,bicycle,1,3,-2
2026-04-30T07:00:00+02:00,car,5,5,0
2026-04-30T07:00:00+02:00,pedestrian,13,19,-6
2026-04-30T07:00:00+02:00,van,2,4,-2
2026-04-30T08:00:00+02:00,car,5,3,2
2026-04-30T08:00:00+02:00,light,3,3,0
2026-04-30T08:00:00+02:00,pedestrian,3,1,2
2026-04-30T09:00:00+02:00,car,4,1,3
2026-04-30T09:00:00+02:00,pedestrian,1,4,-3
2026-04-30T09:00:00+02:00,van,3,2,1
2026-04-30T10:00:00+02:00,car,3,3,0
2026-04-30T10:00:00+02:00,pedestrian,0,4,-4
2026-04-30T10:00:00+02:00,van,7,1,6
2026-04-30T11:00:00+02:00,car,6,5,1
2026-04-30T11:00:00+02:00,pedestrian,10,12,-2
2026-04-30T11:00:00+02:00,van,2,1,1
2026-04-30T12:00:00+02:00,bicycle,0,1,-1
2026-04-30T12:00:00+02:00,car,1,1,0
2026-04-30T12:00:00+02:00,light,6,4,2
2026-04-30T12:00:00+02:00,pedestrian,8,16,-8
2026-04-30T13:00:00+02:00,car,2,2,0
2026-04-30T13:00:00+02:00,light,1,0,1
2026-04-30T13:00:00+02:00,pedestrian,19,12,7
2026-04-30T13:00:00+02:00,van,1,1,0
2026-04-30T14:00:00+02:00,bicycle,1,0,1
2026-04-30T14:00:00+02:00,car,6,9,-3
2026-04-30T14:00:00+02:00,pedestrian,9,18,-9
2026-04-30T15:00:00+02:00,car,1,2,-1
2026-04-30T15:00:00+02:00,light,1,1,0
2026-04-30T15:00:00+02:00,pedestrian,3,7,-4
2026-04-30T15:00:00+02:00,van,1,1,0
2026-04-30T16:00:00+02:00,car,1,0,1
2026-04-30T16:00:00+02:00,light,2,1,1
2026-04-30T16:00:00+02:00,pedestrian,4,9,-5
2026-04-30T17:00:00+02:00,car,5,1,4
2026-04-30T17:00:00+02:00,pedestrian,0,4,-4
2026-04-30T17:00:00+02:00,van,1,0,1
2026-04-30T18:00:00+02:00,car,16,12,4
2026-04-30T18:00:00+02:00,pedestrian,4,15,-11
2026-04-30T18:00:00+02:00,pram,1,0,1
2026-04-30T18:00:00+02:00,van,0,1,-1
2026-04-30T19:00:00+02:00,bicycle,1,6,-5
2026-04-30T19:00:00+02:00,car,1,0,1
2026-04-30T19:00:00+02:00,pedestrian,49,38,11
2026-04-30T20:00:00+02:00,bicycle,3,3,0
2026-04-30T20:00:00+02:00,car,0,1,-1
2026-04-30T20:00:00+02:00,pedestrian,54,47,7
2026-04-30T21:00:00+02:00,bicycle,1,0,1
2026-04-30T21:00:00+02:00,car,0,1,-1
2026-04-30T21:00:00+02:00,pedestrian,8,13,-5
2026-04-30T22:00:00+02:00,car,2,2,0
2026-04-30T22:00:00+02:00,pedestrian,1,1,0
2026-04-30T23:00:00+02:00,pedestrian,2,4,-2
2026-05-01T00:00:00+02:00,pedestrian,2,0,2
2026-05-01T01:00:00+02:00,car,2,0,2
2026-05-01T01:00:00+02:00,van,1,0,1
2026-05-01T02:00:00+02:00,car,1,1,0
2026-05-01T02:00:00+02:00,pedestrian,4,1,3
2026-05-01T03:00:00+02:00,car,1,0,1
2026-05-01T03:00:00+02:00,pedestrian,1,2,-1
2026-05-01T04:00:00+02:00,car,1,0,1
2026-05-01T04:00:00+02:00,pedestrian,0,2,-2
2026-05-01T04:00:00+02:00,van,18,24,-6
2026-05-01T05:00:00+02:00,car,2,3,-1
2026-05-01T05:00:00+02:00,pedestrian,3,2,1
2026-05-01T06:00:00+02:00,bicycle,0,1,-1
2026-05-01T06:00:00+02:00,car,7,5,2
2026-05-01T06:00:00+02:00,light,1,0,1
2026-05-01T06:00:00+02:00,pedestrian,8,6,2
2026-05-01T07:00:00+02:00,bicycle,1,0,1
2026-05-01T07:00:00+02:00,car,13,9,4
2026-05-01T07:00:00+02:00,light,1,0,1
2026-05-01T07:00:00+02:00,pedestrian,13,14,-1
2026-05-01T07:00:00+02:00,van,1,0,1
2026-05-01T08:00:00+02:00,car,6,6,0
2026-05-01T08:00:00+02:00,pedestrian,5,8,-3
2026-05-01T09:00:00+02:00,bicycle,1,0,1
2026-05-01T09:00:00+02:00,car,2,4,-2
2026-05-01T09:00:00+02:00,pedestrian,5,3,2
2026-05-01T09:00:00+02:00,van,1,1,0
2026-05-01T10:00:00+02:00,car,4,2,2
2026-05-01T10:00:00+02:00,light,1,1,0
2026-05-01T10:00:00+02:00,pedestrian,6,14,-8
2026-05-01T10:00:00+02:00,van,1,0,1
2026-05-01T11:00:00+02:00,car,5,11,-6
2026-05-01T11:00:00+02:00,pedestrian,17,20,-3
2026-05-01T12:00:00+02:00,car,5,13,-8
2026-05-01T12:00:00+02:00,pedestrian,39,42,-3
2026-05-01T13:00:00+02:00,car,6,10,-4
2026-05-01T13:00:00+02:00,pedestrian,23,19,4
2026-05-01T13:00:00+02:00,van,3,2,1
2026-05-01T14:00:00+02:00,car,15,9,6
2026-05-01T14:00:00+02:00,pedestrian,3,11,-8
2026-05-01T14:00:00+02:00,van,1,0,1
2026-05-01T15:00:00+02:00,car,14,12,2
2026-05-01T15:00:00+02:00,pedestrian,4,3,1
2026-05-01T16:00:00+02:00,car,1,11,-10
2026-05-01T16:00:00+02:00,pedestrian,1,1,0
2026-05-01T17:00:00+02:00,car,15,17,-2
2026-05-01T17:00:00+02:00,motorcycle,1,1,0
2026-05-01T17:00:00+02:00,pedestrian,2,2,0
2026-05-01T18:00:00+02:00,car,39,36,3
2026-05-01T18:00:00+02:00,pedestrian,16,26,-10
2026-05-01T19:00:00+02:00,bicycle,4,5,-1
2026-05-01T19:00:00+02:00,car,9,10,-1
2026-05-01T19:00:00+02:00,pedestrian,81,94,-13
2026-05-01T19:00:00+02:00,scooter,0,1,-1
2026-05-01T20:00:00+02:00,bicycle,4,2,2
2026-05-01T20:00:00+02:00,car,9,9,0
2026-05-01T20:00:00+02:00,pedestrian,56,61,-5
2026-05-01T20:00:00+02:00,van,1,1,0
2026-05-01T21:00:00+02:00,bicycle,0,1,-1
2026-05-01T21:00:00+02:00,car,8,8,0
2026-05-01T21:00:00+02:00,pedestrian,38,22,16
2026-05-01T22:00:00+02:00,car,15,23,-8
2026-05-01T22:00:00+02:00,pedestrian,2,4,-2
2026-05-01T23:00:00+02:00,car,36,40,-4
2026-05-01T23:00:00+02:00,pedestrian,6,3,3
2026-05-02T00:00:00+02:00,car,38,32,6
2026-05-02T00:00:00+02:00,pedestrian,2,2,0
2026-05-02T00:00:00+02:00,van,3,3,0
2026-05-02T01:00:00+02:00,car,2,7,-5
2026-05-02T01:00:00+02:00,light,0,1,-1
2026-05-02T01:00:00+02:00,pedestrian,6,5,1
2026-05-02T01:00:00+02:00,van,1,0,1
2026-05-02T02:00:00+02:00,car,2,5,-3
2026-05-02T02:00:00+02:00,pedestrian,4,0,4
2026-05-02T03:00:00+02:00,car,4,1,3
2026-05-02T03:00:00+02:00,pedestrian,0,1,-1
2026-05-02T03:00:00+02:00,van,1,0,1
2026-05-02T04:00:00+02:00,car,2,2,0
2026-05-02T04:00:00+02:00,pedestrian,0,2,-2
2026-05-02T05:00:00+02:00,car,3,1,2
2026-05-02T05:00:00+02:00,pedestrian,9,5,4
2026-05-02T06:00:00+02:00,car,3,5,-2
2026-05-02T06:00:00+02:00,pedestrian,1,1,0
2026-05-02T07:00:00+02:00,bicycle,0,1,-1
2026-05-02T07:00:00+02:00,car,4,6,-2
2026-05-02T07:00:00+02:00,light,2,1,1
2026-05-02T07:00:00+02:00,pedestrian,2,3,-1
2026-05-02T07:00:00+02:00,van,1,1,0
2026-05-02T08:00:00+02:00,car,6,3,3
2026-05-02T08:00:00+02:00,pedestrian,2,0,2
2026-05-02T09:00:00+02:00,car,1,6,-5
2026-05-02T09:00:00+02:00,pedestrian,1,3,-2
2026-05-02T09:00:00+02:00,van,1,1,0
2026-05-02T10:00:00+02:00,animal,1,0,1
2026-05-02T10:00:00+02:00,car,8,30,-22
2026-05-02T10:00:00+02:00,pedestrian,10,17,-7
2026-05-02T10:00:00+02:00,van,1,1,0
2026-05-02T11:00:00+02:00,car,16,31,-15
2026-05-02T11:00:00+02:00,pedestrian,12,7,5
2026-05-02T12:00:00+02:00,bicycle,1,0,1
2026-05-02T12:00:00+02:00,car,13,19,-6
2026-05-02T12:00:00+02:00,pedestrian,6,9,-3
2026-05-02T12:00:00+02:00,pram,0,1,-1
2026-05-02T12:00:00+02:00,van,1,2,-1
2026-05-02T13:00:00+02:00,car,19,18,1
2026-05-02T13:00:00+02:00,motorcycle,1,0,1
2026-05-02T13:00:00+02:00,pedestrian,8,13,-5
2026-05-02T14:00:00+02:00,bicycle,1,1,0
2026-05-02T14:00:00+02:00,car,21,5,16
2026-05-02T14:00:00+02:00,pedestrian,10,11,-1
2026-05-02T14:00:00+02:00,van,1,1,0
2026-05-02T15:00:00+02:00,car,12,11,1
2026-05-02T15:00:00+02:00,pedestrian,11,24,-13
2026-05-02T15:00:00+02:00,van,0,1,-1
2026-05-02T16:00:00+02:00,bicycle,2,3,-1
2026-05-02T16:00:00+02:00,car,13,9,4
2026-05-02T16:00:00+02:00,light,1,0,1
2026-05-02T16:00:00+02:00,pedestrian,15,26,-11
2026-05-02T16:00:00+02:00,van,1,1,0
2026-05-02T17:00:00+02:00,bicycle,2,2,0
2026-05-02T17:00:00+02:00,car,11,16,-5
2026-05-02T17:00:00+02:00,motorcycle,0,1,-1
2026-05-02T17:00:00+02:00,pedestrian,46,76,-30
2026-05-02T17:00:00+02:00,van,1,1,0
2026-05-02T18:00:00+02:00,bicycle,4,1,3
2026-05-02T18:00:00+02:00,car,22,28,-6
2026-05-02T18:00:00+02:00,pedestrian,55,60,-5
2026-05-02T19:00:00+02:00,bicycle,1,2,-1
2026-05-02T19:00:00+02:00,car,23,23,0
2026-05-02T19:00:00+02:00,pedestrian,43,45,-2
2026-05-02T20:00:00+02:00,bicycle,2,1,1
2026-05-02T20:00:00+02:00,car,19,14,5
2026-05-02T20:00:00+02:00,light,1,0,1
2026-05-02T20:00:00+02:00,pedestrian,33,34,-1
2026-05-02T20:00:00+02:00,van,2,2,0
2026-05-02T21:00:00+02:00,bicycle,0,4,-4
2026-05-02T21:00:00+02:00,car,13,20,-7
2026-05-02T21:00:00+02:00,pedestrian,37,30,7
2026-05-02T22:00:00+02:00,bus,0,1,-1
2026-05-02T22:00:00+02:00,car,2,2,0
2026-05-02T22:00:00+02:00,pedestrian,3,7,-4
2026-05-02T22:00:00+02:00,van,0,1,-1
2026-05-02T23:00:00+02:00,car,7,5,2
2026-05-02T23:00:00+02:00,pedestrian,2,0,2
2026-05-03T00:00:00+02:00,car,8,2,6
2026-05-03T00:00:00+02:00,pedestrian,5,6,-1
2026-05-03T01:00:00+02:00,car,3,1,2
2026-05-03T01:00:00+02:00,pedestrian,2,1,1
2026-05-03T02:00:00+02:00,car,2,2,0
2026-05-03T02:00:00+02:00,pedestrian,4,3,1
2026-05-03T03:00:00+02:00,pedestrian,2,0,2
2026-05-03T04:00:00+02:00,car,2,1,1
2026-05-03T04:00:00+02:00,pedestrian,1,1,0
2026-05-03T05:00:00+02:00,car,2,4,-2
2026-05-03T05:00:00+02:00,pedestrian,0,1,-1
2026-05-03T05:00:00+02:00,van,1,2,-1
2026-05-03T06:00:00+02:00,bicycle,1,0,1
2026-05-03T06:00:00+02:00,car,4,4,0
2026-05-03T06:00:00+02:00,light,0,1,-1
2026-05-03T06:00:00+02:00,pedestrian,4,2,2
2026-05-03T06:00:00+02:00,van,0,2,-2
2026-05-03T07:00:00+02:00,car,2,0,2
2026-05-03T07:00:00+02:00,light,3,1,2
2026-05-03T07:00:00+02:00,pedestrian,4,5,-1
2026-05-03T07:00:00+02:00,van,1,3,-2
2026-05-03T08:00:00+02:00,bicycle,0,1,-1
2026-05-03T08:00:00+02:00,car,7,6,1
2026-05-03T08:00:00+02:00,pedestrian,4,5,-1
2026-05-03T08:00:00+02:00,van,1,2,-1
2026-05-03T09:00:00+02:00,bicycle,1,0,1
2026-05-03T09:00:00+02:00,car,12,9,3
2026-05-03T09:00:00+02:00,pedestrian,4,6,-2
2026-05-03T09:00:00+02:00,van,0,2,-2
2026-05-03T10:00:00+02:00,bicycle,1,0,1
2026-05-03T10:00:00+02:00,car,7,20,-13
2026-05-03T10:00:00+02:00,pedestrian,9,17,-8
2026-05-03T10:00:00+02:00,van,0,1,-1
2026-05-03T11:00:00+02:00,bicycle,1,2,-1
2026-05-03T11:00:00+02:00,car,15,23,-8
2026-05-03T11:00:00+02:00,pedestrian,11,16,-5
2026-05-03T11:00:00+02:00,van,1,0,1
2026-05-03T12:00:00+02:00,bicycle,1,1,0
2026-05-03T12:00:00+02:00,car,12,12,0
2026-05-03T12:00:00+02:00,pedestrian,11,11,0
2026-05-03T12:00:00+02:00,van,1,0,1
2026-05-03T13:00:00+02:00,car,11,14,-3
2026-05-03T13:00:00+02:00,pedestrian,10,7,3
2026-05-03T13:00:00+02:00,van,0,1,-1
2026-05-03T14:00:00+02:00,bicycle,2,5,-3
2026-05-03T14:00:00+02:00,car,21,13,8
2026-05-03T14:00:00+02:00,pedestrian,17,19,-2
2026-05-03T14:00:00+02:00,van,2,1,1
2026-05-03T15:00:00+02:00,bicycle,0,3,-3
2026-05-03T15:00:00+02:00,car,16,15,1
2026-05-03T15:00:00+02:00,pedestrian,16,18,-2
2026-05-03T15:00:00+02:00,van,1,0,1
2026-05-03T16:00:00+02:00,bicycle,1,3,-2
2026-05-03T16:00:00+02:00,car,21,16,5
2026-05-03T16:00:00+02:00,pedestrian,11,25,-14
2026-05-03T16:00:00+02:00,van,0,1,-1
2026-05-03T17:00:00+02:00,bicycle,4,6,-2
2026-05-03T17:00:00+02:00,car,20,19,1
2026-05-03T17:00:00+02:00,pedestrian,10,26,-16
2026-05-03T17:00:00+02:00,van,0,3,-3
2026-05-03T18:00:00+02:00,bicycle,1,0,1
2026-05-03T18:00:00+02:00,car,24,20,4
2026-05-03T18:00:00+02:00,pedestrian,11,9,2
2026-05-03T18:00:00+02:00,van,1,2,-1
2026-05-03T19:00:00+02:00,bicycle,1,2,-1
2026-05-03T19:00:00+02:00,car,10,13,-3
2026-05-03T19:00:00+02:00,pedestrian,9,15,-6
2026-05-03T19:00:00+02:00,van,2,3,-1
2026-05-03T20:00:00+02:00,bicycle,0,1,-1
2026-05-03T20:00:00+02:00,car,15,12,3
2026-05-03T20:00:00+02:00,pedestrian,9,12,-3
2026-05-03T20:00:00+02:00,van,8,5,3
2026-05-03T21:00:00+02:00,car,36,36,0
2026-05-03T21:00:00+02:00,pedestrian,0,1,-1
2026-05-03T21:00:00+02:00,van,12,15,-3
2026-05-03T22:00:00+02:00,car,1,1,0
2026-05-03T23:00:00+02:00,car,1,1,0
2026-05-04T00:00:00+02:00,car,6,4,2
2026-05-04T02:00:00+02:00,car,1,1,0
2026-05-04T02:00:00+02:00,van,4,1,3
2026-05-04T03:00:00+02:00,car,11,15,-4
2026-05-04T03:00:00+02:00,van,1,3,-2
2026-05-04T04:00:00+02:00,car,56,40,16
2026-05-04T04:00:00+02:00,van,33,27,6
2026-05-04T05:00:00+02:00,car,4,2,2
2026-05-04T05:00:00+02:00,pedestrian,2,1,1
2026-05-04T05:00:00+02:00,van,4,4,0
2026-05-04T06:00:00+02:00,bicycle,0,1,-1
2026-05-04T06:00:00+02:00,car,5,5,0
2026-05-04T06:00:00+02:00,light,2,2,0
2026-05-04T06:00:00+02:00,pedestrian,3,3,0
2026-05-04T06:00:00+02:00,van,0,1,-1
2026-05-04T07:00:00+02:00,car,5,10,-5
2026-05-04T07:00:00+02:00,light,2,2,0
2026-05-04T07:00:00+02:00,pedestrian,8,8,0
2026-05-04T07:00:00+02:00,van,1,2,-1
2026-05-04T08:00:00+02:00,car,13,13,0
2026-05-04T08:00:00+02:00,light,3,1,2
2026-05-04T08:00:00+02:00,pedestrian,5,5,0
2026-05-04T08:00:00+02:00,van,1,3,-2
2026-05-04T09:00:00+02:00,car,8,11,-3
2026-05-04T09:00:00+02:00,pedestrian,5,5,0
2026-05-04T09:00:00+02:00,van,6,7,-1
2026-05-04T10:00:00+02:00,car,11,13,-2
2026-05-04T10:00:00+02:00,motorcycle,1,0,1
2026-05-04T10:00:00+02:00,pedestrian,34,33,1
2026-05-04T10:00:00+02:00,van,7,1,6
2026-05-04T11:00:00+02:00,bicycle,2,0,2
2026-05-04T11:00:00+02:00,car,10,14,-4
2026-05-04T11:00:00+02:00,light,1,0,1
2026-05-04T11:00:00+02:00,pedestrian,49,48,1
2026-05-04T11:00:00+02:00,pram,3,0,3
2026-05-04T11:00:00+02:00,van,0,1,-1
2026-05-04T12:00:00+02:00,bicycle,1,0,1
2026-05-04T12:00:00+02:00,car,16,15,1
2026-05-04T12:00:00+02:00,pedestrian,34,50,-16
2026-05-04T12:00:00+02:00,van,3,0,3
2026-05-04T13:00:00+02:00,car,4,4,0
2026-05-04T13:00:00+02:00,pedestrian,13,18,-5
2026-05-04T13:00:00+02:00,van,1,0,1
2026-05-04T14:00:00+02:00,car,6,3,3
2026-05-04T14:00:00+02:00,pedestrian,11,8,3
2026-05-04T14:00:00+02:00,van,3,1,2
2026-05-04T15:00:00+02:00,bicycle,2,2,0
2026-05-04T15:00:00+02:00,car,8,9,-1
2026-05-04T15:00:00+02:00,motorcycle,0,1,-1
2026-05-04T15:00:00+02:00,pedestrian,2,6,-4
2026-05-04T15:00:00+02:00,van,1,0,1
2026-05-04T16:00:00+02:00,car,27,23,4
2026-05-04T16:00:00+02:00,pedestrian,1,0,1
2026-05-04T17:00:00+02:00,car,45,60,-15
2026-05-04T17:00:00+02:00,light,1,1,0
2026-05-04T17:00:00+02:00,motorcycle,0,1,-1
2026-05-04T17:00:00+02:00,pedestrian,1,1,0
2026-05-04T17:00:00+02:00,van,0,1,-1
2026-05-04T18:00:00+02:00,car,22,18,4
2026-05-04T18:00:00+02:00,pedestrian,8,10,-2
2026-05-04T19:00:00+02:00,bicycle,3,3,0
2026-05-04T19:00:00+02:00,car,14,11,3
2026-05-04T19:00:00+02:00,pedestrian,34,30,4
2026-05-04T19:00:00+02:00,pram,0,1,-1
2026-05-04T19:00:00+02:00,van,0,4,-4
2026-05-04T20:00:00+02:00,bicycle,2,1,1
2026-05-04T20:00:00+02:00,car,9,10,-1
2026-05-04T20:00:00+02:00,pedestrian,20,26,-6
2026-05-04T20:00:00+02:00,van,2,4,-2
2026-05-04T21:00:00+02:00,bicycle,0,1,-1
2026-05-04T21:00:00+02:00,car,20,10,10
2026-05-04T21:00:00+02:00,light,1,1,0
2026-05-04T21:00:00+02:00,pedestrian,4,18,-14
2026-05-04T21:00:00+02:00,van,20,30,-10
2026-05-04T22:00:00+02:00,car,11,11,0
2026-05-04T22:00:00+02:00,pedestrian,1,0,1
2026-05-04T23:00:00+02:00,car,1,3,-2
2026-05-05T00:00:00+02:00,car,0,3,-3
2026-05-05T01:00:00+02:00,car,1,1,0
2026-05-05T02:00:00+02:00,car,3,3,0
2026-05-05T02:00:00+02:00,pedestrian,1,0,1
2026-05-05T03:00:00+02:00,motorcycle,0,1,-1
2026-05-05T04:00:00+02:00,car,0,1,-1
2026-05-05T04:00:00+02:00,pedestrian,0,1,-1
2026-05-05T04:00:00+02:00,van,11,17,-6
2026-05-05T05:00:00+02:00,car,3,5,-2
2026-05-05T05:00:00+02:00,light,2,1,1
2026-05-05T05:00:00+02:00,pedestrian,2,2,0
2026-05-05T05:00:00+02:00,van,1,2,-1
2026-05-05T06:00:00+02:00,car,10,10,0
2026-05-05T06:00:00+02:00,pedestrian,3,4,-1
2026-05-05T07:00:00+02:00,bicycle,1,1,0
2026-05-05T07:00:00+02:00,car,20,26,-6
2026-05-05T07:00:00+02:00,pedestrian,14,13,1
2026-05-05T07:00:00+02:00,van,24,29,-5
2026-05-05T08:00:00+02:00,car,29,35,-6
2026-05-05T08:00:00+02:00,pedestrian,5,4,1
2026-05-05T08:00:00+02:00,van,11,12,-1
2026-05-05T09:00:00+02:00,bicycle,1,0,1
2026-05-05T09:00:00+02:00,car,44,56,-12
2026-05-05T09:00:00+02:00,pedestrian,24,23,1
2026-05-05T09:00:00+02:00,van,3,0,3
2026-05-05T10:00:00+02:00,bicycle,1,1,0
2026-05-05T10:00:00+02:00,car,11,14,-3
2026-05-05T10:00:00+02:00,pedestrian,31,30,1
2026-05-05T10:00:00+02:00,van,3,1,2
2026-05-05T11:00:00+02:00,bicycle,1,1,0
2026-05-05T11:00:00+02:00,car,6,4,2
2026-05-05T11:00:00+02:00,pedestrian,32,31,1
2026-05-05T11:00:00+02:00,van,3,0,3
2026-05-05T12:00:00+02:00,bicycle,2,2,0
2026-05-05T12:00:00+02:00,car,2,1,1
2026-05-05T12:00:00+02:00,pedestrian,35,59,-24
2026-05-05T13:00:00+02:00,bicycle,0,1,-1
2026-05-05T13:00:00+02:00,car,1,2,-1
2026-05-05T13:00:00+02:00,pedestrian,31,39,-8
2026-05-05T14:00:00+02:00,bicycle,2,3,-1
2026-05-05T14:00:00+02:00,car,2,0,2
2026-05-05T14:00:00+02:00,pedestrian,52,41,11
2026-05-05T15:00:00+02:00,bicycle,4,4,0
2026-05-05T15:00:00+02:00,car,2,1,1
2026-05-05T15:00:00+02:00,pedestrian,46,34,12
2026-05-05T16:00:00+02:00,bicycle,4,5,-1
2026-05-05T16:00:00+02:00,car,2,2,0
2026-05-05T16:00:00+02:00,pedestrian,66,63,3
2026-05-05T16:00:00+02:00,pram,0,1,-1
2026-05-05T17:00:00+02:00,bicycle,3,2,1
2026-05-05T17:00:00+02:00,car,8,6,2
2026-05-05T17:00:00+02:00,pedestrian,30,47,-17
2026-05-05T18:00:00+02:00,bicycle,0,1,-1
2026-05-05T18:00:00+02:00,car,5,3,2
2026-05-05T18:00:00+02:00,pedestrian,32,48,-16
2026-05-05T18:00:00+02:00,van,1,0,1
2026-05-05T19:00:00+02:00,bicycle,1,0,1
2026-05-05T19:00:00+02:00,car,4,3,1
2026-05-05T19:00:00+02:00,pedestrian,32,37,-5
2026-05-05T19:00:00+02:00,scooter,0,1,-1
2026-05-05T20:00:00+02:00,bicycle,1,1,0
2026-05-05T20:00:00+02:00,car,8,4,4
2026-05-05T20:00:00+02:00,pedestrian,18,32,-14
2026-05-05T21:00:00+02:00,car,5,2,3
2026-05-05T21:00:00+02:00,pedestrian,21,21,0
2026-05-05T22:00:00+02:00,car,11,6,5
2026-05-05T22:00:00+02:00,pedestrian,0,1,-1
2026-05-05T23:00:00+02:00,car,2,0,2
2026-05-05T23:00:00+02:00,pedestrian,1,0,1
2026-05-06T00:00:00+02:00,car,0,1,-1
2026-05-06T00:00:00+02:00,pedestrian,1,0,1
2026-05-06T05:00:00+02:00,bicycle,0,1,-1
2026-05-06T05:00:00+02:00,car,1,1,0
2026-05-06T05:00:00+02:00,light,1,0,1
2026-05-06T05:00:00+02:00,pedestrian,0,2,-2
2026-05-06T05:00:00+02:00,van,0,1,-1
2026-05-06T06:00:00+02:00,car,6,5,1
2026-05-06T06:00:00+02:00,pedestrian,3,2,1
2026-05-06T06:00:00+02:00,van,3,1,2
2026-05-06T07:00:00+02:00,car,5,8,-3
2026-05-06T07:00:00+02:00,light,1,0,1
2026-05-06T07:00:00+02:00,motorcycle,0,1,-1
2026-05-06T07:00:00+02:00,pedestrian,4,15,-11
2026-05-06T07:00:00+02:00,van,2,1,1
2026-05-06T08:00:00+02:00,car,1,3,-2
2026-05-06T08:00:00+02:00,light,1,0,1
2026-05-06T08:00:00+02:00,pedestrian,14,12,2
2026-05-06T09:00:00+02:00,car,7,0,7
2026-05-06T09:00:00+02:00,pedestrian,1,4,-3
2026-05-06T09:00:00+02:00,van,1,0,1
2026-05-06T10:00:00+02:00,car,5,0,5
2026-05-06T10:00:00+02:00,light,0,1,-1
2026-05-06T10:00:00+02:00,pedestrian,1,1,0
2026-05-06T11:00:00+02:00,pedestrian,4,8,-4
2026-05-06T12:00:00+02:00,pedestrian,36,29,7
2026-05-06T13:00:00+02:00,car,1,1,0
2026-05-06T13:00:00+02:00,pedestrian,10,23,-13
2026-05-06T14:00:00+02:00,car,0,1,-1
2026-05-06T14:00:00+02:00,pedestrian,9,17,-8
2026-05-06T15:00:00+02:00,pedestrian,5,5,0
2026-05-06T16:00:00+02:00,car,0,3,-3
2026-05-06T16:00:00+02:00,pedestrian,1,0,1
2026-05-06T17:00:00+02:00,car,9,10,-1
2026-05-06T17:00:00+02:00,pedestrian,3,2,1
2026-05-06T17:00:00+02:00,van,1,0,1
2026-05-06T18:00:00+02:00,bicycle,1,1,0
2026-05-06T18:00:00+02:00,car,10,8,2
2026-05-06T18:00:00+02:00,pedestrian,61,81,-20
2026-05-06T19:00:00+02:00,bicycle,0,1,-1
2026-05-06T19:00:00+02:00,car,11,4,7
2026-05-06T19:00:00+02:00,pedestrian,38,32,6
2026-05-06T20:00:00+02:00,car,8,4,4
2026-05-06T20:00:00+02:00,pedestrian,19,36,-17
2026-05-06T20:00:00+02:00,van,2,1,1
2026-05-06T21:00:00+02:00,bicycle,2,1,1
2026-05-06T21:00:00+02:00,car,9,6,3
2026-05-06T21:00:00+02:00,pedestrian,19,9,10
2026-05-06T21:00:00+02:00,van,1,0,1
2026-05-06T22:00:00+02:00,bicycle,1,0,1
2026-05-06T22:00:00+02:00,car,11,4,7
2026-05-06T22:00:00+02:00,pedestrian,2,1,1
2026-05-06T23:00:00+02:00,car,1,0,1
2026-05-06T23:00:00+02:00,pedestrian,3,1,2
2026-05-07T00:00:00+02:00,car,0,1,-1
2026-05-07T01:00:00+02:00,car,0,1,-1
2026-05-07T01:00:00+02:00,pedestrian,1,0,1
2026-05-07T04:00:00+02:00,pedestrian,0,1,-1
2026-05-07T05:00:00+02:00,pedestrian,0,1,-1
2026-05-07T06:00:00+02:00,bicycle,0,1,-1
2026-05-07T06:00:00+02:00,car,4,8,-4
2026-05-07T06:00:00+02:00,light,1,0,1
2026-05-07T06:00:00+02:00,pedestrian,4,6,-2
2026-05-07T06:00:00+02:00,van,1,1,0
2026-05-07T07:00:00+02:00,bicycle,1,2,-1
2026-05-07T07:00:00+02:00,car,24,21,3
2026-05-07T07:00:00+02:00,light,1,0,1
2026-05-07T07:00:00+02:00,motorcycle,1,0,1
2026-05-07T07:00:00+02:00,pedestrian,28,25,3
2026-05-07T07:00:00+02:00,van,0,1,-1
2026-05-07T08:00:00+02:00,car,5,16,-11
2026-05-07T08:00:00+02:00,light,1,0,1
2026-05-07T08:00:00+02:00,pedestrian,17,24,-7
2026-05-07T08:00:00+02:00,van,1,0,1
2026-05-07T09:00:00+02:00,car,3,5,-2
2026-05-07T09:00:00+02:00,motorcycle,0,1,-1
2026-05-07T09:00:00+02:00,pedestrian,18,20,-2
2026-05-07T10:00:00+02:00,bicycle,0,1,-1
2026-05-07T10:00:00+02:00,car,5,3,2
2026-05-07T10:00:00+02:00,pedestrian,27,26,1
2026-05-07T10:00:00+02:00,van,1,1,0
2026-05-07T11:00:00+02:00,car,4,3,1
2026-05-07T11:00:00+02:00,pedestrian,11,12,-1
2026-05-07T12:00:00+02:00,pedestrian,11,13,-2
2026-05-07T13:00:00+02:00,pedestrian,7,5,2
2026-05-07T14:00:00+02:00,bicycle,0,4,-4
2026-05-07T14:00:00+02:00,car,1,0,1
2026-05-07T14:00:00+02:00,pedestrian,14,16,-2
2026-05-07T15:00:00+02:00,bicycle,1,1,0
2026-05-07T15:00:00+02:00,pedestrian,7,4,3
2026-05-07T16:00:00+02:00,bicycle,1,0,1
2026-05-07T16:00:00+02:00,car,1,0,1
2026-05-07T16:00:00+02:00,motorcycle,1,0,1
2026-05-07T16:00:00+02:00,pedestrian,41,40,1
2026-05-07T17:00:00+02:00,bicycle,1,0,1
2026-05-07T17:00:00+02:00,car,2,1,1
2026-05-07T17:00:00+02:00,motorcycle,0,1,-1
2026-05-07T17:00:00+02:00,pedestrian,33,50,-17
2026-05-07T18:00:00+02:00,car,4,5,-1
2026-05-07T18:00:00+02:00,motorcycle,1,1,0
2026-05-07T18:00:00+02:00,pedestrian,15,26,-11
2026-05-07T19:00:00+02:00,bicycle,3,0,3
2026-05-07T19:00:00+02:00,pedestrian,27,32,-5
2026-05-07T20:00:00+02:00,animal,0,1,-1
2026-05-07T20:00:00+02:00,bicycle,2,2,0
2026-05-07T20:00:00+02:00,car,3,3,0
2026-05-07T20:00:00+02:00,pedestrian,24,17,7
2026-05-07T20:00:00+02:00,van,2,0,2
2026-05-07T21:00:00+02:00,bicycle,0,4,-4
2026-05-07T21:00:00+02:00,car,3,2,1
2026-05-07T21:00:00+02:00,pedestrian,5,12,-7
2026-05-07T21:00:00+02:00,pram,0,1,-1
2026-05-07T22:00:00+02:00,car,3,2,1
2026-05-07T22:00:00+02:00,pedestrian,1,0,1
2026-05-07T22:00:00+02:00,van,0,1,-1
2026-05-07T23:00:00+02:00,car,0,1,-1
2026-05-07T23:00:00+02:00,pedestrian,2,3,-1
2026-05-08T00:00:00+02:00,car,1,2,-1
2026-05-08T00:00:00+02:00,pedestrian,6,4,2
2026-05-08T01:00:00+02:00,pedestrian,1,0,1
2026-05-08T02:00:00+02:00,car,1,0,1
2026-05-08T03:00:00+02:00,car,1,0,1
2026-05-08T03:00:00+02:00,pedestrian,1,0,1
2026-05-08T05:00:00+02:00,bicycle,0,1,-1
2026-05-08T05:00:00+02:00,car,1,0,1
2026-05-08T05:00:00+02:00,light,1,0,1
2026-05-08T05:00:00+02:00,pedestrian,1,1,0
2026-05-08T06:00:00+02:00,car,8,5,3
2026-05-08T06:00:00+02:00,light,2,2,0
2026-05-08T06:00:00+02:00,pedestrian,2,3,-1
2026-05-08T07:00:00+02:00,bicycle,3,1,2
2026-05-08T07:00:00+02:00,car,6,10,-4
2026-05-08T07:00:00+02:00,pedestrian,4,4,0
2026-05-08T07:00:00+02:00,tractor,1,0,1
2026-05-08T07:00:00+02:00,van,2,0,2
2026-05-08T08:00:00+02:00,car,0,1,-1
2026-05-08T08:00:00+02:00,light,1,0,1
