Title,Description,Date,Time
Lav selv smykker,"Design dine egne smykker med vores materialeudvalg fra 149,- kr. Tilføj ekstra smukke perler og skab personlige armbånd, øreringe og halskæder. Smykker kan laves hver dag.",Man. 26. maj 2025 til lør. 26. sep. 2026,10:00
Bevægelse i varmt vand,"For dig, der ikke kan deltage på et alment hold. Bevægelse i varmt vand foregår i varmtvands bassin, hvor øvelserne er særligt tilrettelagt til den enkelte deltagers handicap, så som funktionsnedsættelse og mobilitetsproblemer.

  Arrangeret af FOF Sydjylland.",Tir. 19. aug. 2025 til tir. 5. maj 2026,See description
Træning i varmt vand i Vamdrup,"Vedligeholdelse og styrke til hele kroppen. Hver gang vil vi træne muskelstyrke, kondition, balance og udspænding. Vi får pulsen lidt op i det dejlige vand.

  Arrangeret af FOF Sydjylland.",Tir. 19. aug. 2025 til tir. 5. maj 2026 33 mødegange,08.45
Bevægelse i varmt vand,"For dig, der ikke kan deltage på et alment hold. Bevægelse i varmt vand foregår i varmtvands bassin, hvor øvelserne er særligt tilrettelagt til den enkelte deltagers handicap, så som funktionsnedsættelse og mobilitetsproblemer.

  Arrangeret af FOF Sydjylland.",Ons. 20. aug. 2025 til ons. 20. maj 2026,See description
Rygtræning i varmt vand,"For dig med ryglidelser, der ikke kan deltage på et alment hold. Holdet er for dig, som har en alvorlig ryglidelse. Derfor er øvelserne særligt tilrettelagt til den enkelte deltagers handicap-ryglidelse.

  Arrangeret af FOF Sydjylland.",Ons. 20. aug. 2025 til ons. 20. maj 2026 34 mødegange,18.45
Morbus Bechterew,"Her er øvelserne særligt tilrettelagt i forhold til det handicap, som Morbus Bechterew gigten har forvoldt din krop, så bevægeligheden bevares i kroppen og forebygger at ryggen bliver krum.

  Arrangeret af FOF Sydjylland.",Ons. 20. aug. 2025 til ons. 17. jun. 2026 37 mødegange,18.50
Bevægelse i varmt vand,"For dig, der ikke kan deltage på et alment hold. Bevægelse i varmt vand foregår i varmtvands bassin, hvor øvelserne er særligt tilrettelagt til den enkelte deltagers handicap, så som funktionsnedsættelse og mobilitetsproblemer.

  Arrangeret af FOF Sydjylland.",Tor. 21. aug. 2025 til tor. 7. maj 2026 33 mødegange,15.15
Bevægelse i varmt vand,"For dig, der ikke kan deltage på et alment hold. Bevægelse i varmt vand foregår i varmtvands bassin, hvor øvelserne er særligt tilrettelagt til den enkelte deltagers handicap, så som funktionsnedsættelse og mobilitetsproblemer.

  Arrangeret af FOF Sydjylland.",Fre. 22. aug. 2025 til fre. 8. maj 2026,See description
Rygtræning for smerteplagede,"Træningen består i mobiliserende, styrkende og stabiliserende øvelser baseret på seneste forskning indenfor ryglidelser - og er særligt tilrettelagt til den enkelte deltagers mere alvorlige fysiske ryglidelser.

  Arrangeret af FOF Sydjylland.",Tor. 28. aug. 2025 til tor. 30. apr. 2026 30 mødegange,18.10
Offentlig rundvisning i Koldinghus' historie,"Tag med på en spændende tur rundt på slottet med en erfaren guide, der levende og engageret fortæller om slottets mere end 750 års historie. Fra borg til kongeslot og fra storhed til ruin.",Fre. 29. 2025 til fre. 30. aug. 2030 13:00-14:00,13:00
Bevægelse i varmt vand,"For dig, der ikke kan deltage på et alment hold. Bevægelse i varmt vand foregår i varmtvands bassin, hvor øvelserne er særligt tilrettelagt til den enkelte deltagers handicap, så som funktionsnedsættelse og mobilitetsproblemer.

  Arrangeret af FOF Sydjylland.",Man. 1. sep. 2025 til ons. 29. apr. 2026,See description
Bevægelse i varmt vand,"For dig, der ikke kan deltage på et alment hold. Bevægelse i varmt vand foregår i varmtvands bassin, hvor øvelserne er særligt tilrettelagt til den enkelte deltagers handicap, så som funktionsnedsættelse og mobilitetsproblemer.

  Arrangeret af FOF Sydjylland.",Man. 1. sep. 2025 til man. 1. jun. 2026 32 mødegange,12.45
Bowling - kvinder og mænd,Tirsdagsklubben er et dejligt fællesskab for kvinder og mænd. Vi spiller bowling hver tirsdag fra 09.30 - 11.30 i perioden 2.9.2025 til 28.04.2026.,Tir. 2. sep. 2025 til tir. 28. apr. 2026 Tirsdage,09:30
Bevægelse i vand,"For dig, der ikke kan deltage på et alment hold.

  Arrangeret af FOF Sydjylland.",Tir. 2. sep. 2025 til tir. 12. maj 2026 28 mødegange,15.45
Bevægelse i varmt vand,"For dig, der ikke kan deltage på et alment hold. Bevægelse i varmt vand foregår i varmtvands bassin, hvor øvelserne er særligt tilrettelagt til den enkelte deltagers handicap, så som funktionsnedsættelse og mobilitetsproblemer.

  Arrangeret af FOF Sydjylland.",Ons. 3. sep. 2025 til ons. 6. maj 2026,See description
Aqua-rytmik - OK-Skolen,"Aqua-rytmik er bevægelses- og styrketræning i svømmebassin.

  Arrangeret af FOF Sydjylland.",Tor. 4. sep. 2025 til tor. 23. apr. 2026 24 mødegange,See description
Tegn og mal med tvist,"Vi undervises af to med hobby indenfor tegn/mal/broderer på gamle malerier (Sandie) og akvarel på papir (Kirsten). Vi har materialerne, du dukker bare op de mandage du kan. Er der problemer med at komme ind på Det Gamle Posthus, så ring på (26152304).",Man. 20. okt. 2025 til man. 29. jun. 2026 17:00-20.00,17:00
Social madlavning for mænd,"2 kokke underviser i madlavning af madspilsmad. Der er plads til 10 personer i køkkenet hver gang. Tilmeld dig senest tirsdag i den uge du ønsker at deltage, SMS til 26152304.

  Arrangeret af Folkehuset Kolding.",Ons. 22. okt. 2025 til ons. 24. jun. 2026 17:00-20.30,17:00
Galleri Nick Gade Art,Kunstudstillingen er intuitiv billedkunst som du finder i gågaden Søndergade 15B 6000 Kolding. Åben Torsdag/Fredag 11.00 - 17.00 Lørdag 10.00 - 14.00 Øvrige dage er der muligvis åbent. Kontakt galleriet: maler@nickgade.dk 22397382.,Tor. 1. jan. til tor. 31. dec. 2026 Torsdag/fredag 11:00 17:00 Lørdag 10:00 14:00,11:00
Udstilling: Christiansfeld - En by bliver til,"Se genstande fra Brødremenigheds store samling og bliv klogere på Brødremenigheden og Christiansfeld. Brødremenigheden og Museum Kolding er gået sammen om en udstilling, som inviterer dig med på en rejse tilbage til årene omkring 1800 i Christiansfeld.",Fre. 2. jan. til tir. 22. dec. 2026 10:00 - 16:00,10:00
Udstilling: Vores Smykker,"Besøg udstillingen i Søstrehuset i Christiansfeld og se et uddrag af Statens Kunstfond smykkesamling. Smykker er små kunstværker, der kommer til live på kroppen.",Fre. 2. jan. til tir. 22. dec. 2026 10:00 - 16:00,10:00
Moravian church settlements,"I sommeren 2024 blev Christiansfelds verdensarvsstatus udvidet. I Søstrehuset kan man i en lille ny udstilling; Moravian Church Settlement, se og læse historien om herrnhuterstjernen, der er et centralt symbol i den internationale Brødremenighed.",Fre. 2. jan. til tir. 22. dec. 2026 10:00 - 16:00,10:00
Udstilling: 1943 - Gestapo kommer,"Udstillingen tager udgangspunkt i de mennesker, der havde deres gang på Staldgården fra efteråret 1943 og frem til befrielsen. Både de modstandsfolk, der ridsede deres navn i væggen i Zelle II, og Gestapos folk, der befandt sig på den anden side.",Fre. 2. jan. til tir. 22. dec. 2026 10:00 - 16:00,10:00
Udstilling: Made in Kolding,"Udstillingen MADE IN KOLDING fortæller historien om nogle af de virksomheder og produkter, der er blevet skabt i Kolding fra slutningen af 1800-tallet til i dag.",Fre. 2. jan. til tir. 22. dec. 2026 11:00 - 16:00,11:00
Kyster og Sølvet - Udstilling,En ny udstilling af Museum Kolding i de historiske lokaler på Staldgården. Udstillingen 'Kyster og sølvet' viser historien om dansk sølv skabt i Kolding.,Fre. 2. jan. 2026 til ons. 22. dec. 2027 10:00 - 17:00,10:00
Kolding Kammerkor,Arrangeret af FOF Sydjylland.,Man. 5. jan. til man. 1. jun. 2026 12 mødegange,See description
Yoga,Arrangeret af FOF Sydjylland.,Man. 5. jan. til man. 15. jun. 2026 19 mødegange,18.45
Kolding Bykor - Syng i kor,Arrangeret af FOF Sydjylland.,Tir. 6. jan. til tir. 19. maj 2026 18 mødegange,See description
Yoga,Arrangeret af FOF Sydjylland.,Tir. 6. jan. til tir. 26. maj 2026 18 mødegange,11.30
Hatha Yoga,"Den mest kendte yogaform herhjemme er Hatha yoga, og kendetegnende for undervisningen er, at øvelserne opbygges roligt og bevidst, hvor man tager sig tid til at lytte til og respektere kroppen og dens grænser, og hvor man i hele processen øver sig i at.

  Arrangeret af FOF Sydjylland.",Tir. 6. jan. til tir. 9. jun. 2026 20 mødegange,16.30
Yoga,Arrangeret af FOF Sydjylland.,Tir. 6. jan. til tir. 16. jun. 2026 21 mødegange,11.45
Glad bevægelse med øget puls - Særligt tilrettelagt,"Efter Helle Gotveds metode. Opnå velvære og styrk din krop ved en grundig opvarmning af kroppen i rytmiske bevægelser til god musik.

  Arrangeret af FOF Sydjylland.",Ons. 7. jan. til ons. 29. apr. 2026 13 mødegange,09.30
Keramik og morgenkaffe,"Er du begynder eller let øvet? Så er dette kursus for dig. Der findes nok ikke en bedre måde at starte dagen på, end at fordybe sig i keramikken og lerets sanselige verden.

  Arrangeret af FOF Sydjylland.",Ons. 7. jan. til ons. 27. maj 2026 19 mødegange,12.40
Yoga - Særligt tilrettelagt,Arrangeret af FOF Sydjylland.,Ons. 7. jan. til ons. 3. jun. 2026 18 mødegange,12.15
Yoga,Arrangeret af FOF Sydjylland.,Ons. 7. jan. til ons. 17. jun. 2026 20 mødegange,10.30
Yoga for mænd,Arrangeret af FOF Sydjylland.,Ons. 7. jan. til ons. 17. jun. 2026 20 mødegange,20.30
Kolding Pipe Band,Arrangeret af FOF Sydjylland.,Ons. 7. jan. til ons. 24. jun. 2026 23 mødegange,19.30
Rygtræning,Arrangeret af FOF Sydjylland.,Tor. 8. jan. til tor. 30. apr. 2026 15 mødegange,18.15
Yoga for seniorer,"Blide øvelser der styrker kroppen og forebygger skavanker. Yoga er for alle - også selvom du måske har et par skavanker, som mange jo har når man er senior. Yoga er godt både for din krop og dit sind.

  Arrangeret af FOF Sydjylland.",Tor. 8. jan. til tor. 21. maj 2026 16 mødegange,11.30
Yoga,Arrangeret af FOF Sydjylland.,Tor. 8. jan. til tor. 18. jun. 2026 19 mødegange,18.30
Kreativt billedværksted,Arrangeret af FOF Sydjylland.,Fre. 9. jan. til fre. 24. apr. 2026 8 mødegange,09.15
Syng i Nicolaikoret,Arrangeret af FOF Sydjylland.,Man. 12. jan. til man. 4. maj 2026 17 mødegange,21.15
Fransk for øvede - OK-Skolen,Arrangeret af FOF Sydjylland.,Man. 12. jan. til man. 11. maj 2026 15 mødegange,11.50
"Keramik, stentøj og porcelæn",Arrangeret af FOF Sydjylland.,Man. 12. jan. til man. 18. maj 2026 14 mødegange,18.30
KoldingKoret,Arrangeret af FOF Sydjylland.,Tir. 13. jan. til lør. 9. maj 2026 14 mødegange,20.30
Fredagshøjskolen 2026 forår,Arrangeret af FOF Sydjylland.,Fre. 16. jan. til fre. 24. apr. 2026 8 mødegange,09.45
"Maleri, akryl og akvarel",Arrangeret af FOF Sydjylland.,Man. 19. jan. til man. 27. apr. 2026 8 mødegange,09.15
Ballet lignende motion for alle,Arrangeret af FOF Sydjylland.,Ons. 21. jan. til ons. 13. maj 2026 14 mødegange,15.30
Mal hele eftermiddagen med Adam Gabriel,Arrangeret af FOF Sydjylland.,Tor. 22. jan. til tor. 23. apr. 2026 12 mødegange,See description
Balletskolen for let øvede,Arrangeret af FOF Sydjylland.,Tor. 22. jan. til tor. 23. apr. 2026 12 mødegange,15.20
Design med nål og tråd (sykursus),Arrangeret af FOF Sydjylland.,Tor. 22. jan. til tor. 30. apr. 2026 13 mødegange,12.40
Design og syning - Særligt tilrettelagt,"For dig, der ikke kan deltage på et alment hold. Lær at sy eller bliv endnu bedre på dette sykursus for begyndere og øvede. Dette hold er for dig, der ikke kan deltage på et almindeligt hold.

  Arrangeret af FOF Sydjylland.",Tir. 27. jan. til tir. 5. maj 2026 13 mødegange,13.40
Christiansfeld Gospelkor,Arrangeret af FOF Sydjylland.,Tir. 27. jan. til tir. 2. jun. 2026 16 mødegange,See description
Samtalegruppe for pårørende,"Få hjælp til rollen som pårørende. Som pårørende til én med psykisk sygdom eller udviklingsforstyrrelse kan en samtalegruppe give nye perspektiver og redskaber til en bedre hverdag.

  Arrangeret af Bedre Psykiatri - Kolding.",Tir. 17. feb. til tir. 12. maj 2026,See description
Dreje og pottemageri,"På dette kursus kommer du til at dykke ned i teknikken, der kaldes at dreje med ler. Det kaldes at dreje, fordi man arbejder med leret på en drejeskive, hvor man benytter sig af centrifugalkraften til at forme leret.

  Arrangeret af FOF Sydjylland.",Tor. 19. feb. til tor. 30. apr. 2026 10 mødegange,15.45
Guitarspil,Arrangeret af FOF Sydjylland.,Ons. 25. feb. til ons. 6. maj 2026 10 mødegange,See description
Østasiatisk madlavning,"Kom på en kulinarisk tur til Østasien. Oplev Vietnam, Japan, Korea og Kina - i køkkenet. Vi fokuserer på en sund og balanceret kost fyldt med grønt, som også er nem og hurtig at lave i hverdagen.

  Arrangeret af FOF Sydjylland.",Tor. 26. feb. til tor. 23. apr. 2026 5 mødegange,17.30
Find Foråret i naturen,Hjælp forskere med at registrere ændringer i klimaet.,Fre. 6. mar. til søn. 31. maj 2026,23.59
Qi Gong,"Måske du har set reality serien ""Shaolin,"" hvor kendte danskere kommer tæt på Shaolin-munkene og deres livsførelse og træning?

  Arrangeret af FOF Sydjylland.",Man. 9. mar. til man. 4. maj 2026 8 mødegange,16.45
Udstilling: Vævede mesterværker,"Oplev nogle af Danmarks mest markante gobeliner og billedvævninger. Værker, der gennem mere end 550 år har vævet sig ind i både magten og folkets historie.",Fre. 27. mar. til søn. 25. okt. 2026 10:00-17:00,10:00
Slowlooking: Vævede mesterværker,"Giv dig selv en unik kunstoplevelse i roligt tempo. Med slowlooking inviterer vi dig helt tæt på Vævede mesterværker, hvor du ser mere, mærker mere og går hjem med en oplevelse, der varer ved.",Søn. 29. mar. til søn. 30. aug. 2026 14:00-15:00,14:00
Naturtræning - Kolding,"Naturtræning er udendørs holdtræning i skov, ved strand m.m. med frivillig træner. Øvelser styrker muskler, balance, puls og sanser i et socialt fællesskab for voksne og seniorer og indgår i et forskningsprojekt om gigt.",Man. 30. mar. til man. 15. jun. 2026,10:00
Barselsakademiet,"Savner du kultur midt i bleer og babytid? Velkommen til Barselsakademiet, der er skabt til dig, der ønsker at fordybe dig i spændende fortællinger i barselsvenlige omgivelser.",Tir. 31. mar. til tir. 16. jun. 2026 10:00-11:00,10:00
Væveundervisning i Ruinsalen,"Fordyb dig i vævningens kunst over fire onsdage i april, når tekstildesigner Christina Christensen inviterer til intuitiv og kreativ væveundervisning i den stemningsfulde Ruinsal på Koldinghus.",Ons. 1. til ons. 22. apr. 2026 17:30-20:30,17:30
"Keramik, stentøj og porcelæn - Særligt tilrettelagt",Arrangeret af FOF Sydjylland.,Tir. 7. apr. til tor. 28. maj 2026 8 mødegange,12.40
Keramik,Arrangeret af FOF Sydjylland.,Tor. 9. apr. til tor. 7. maj 2026 5 mødegange,21.30
Mensendieck,Arrangeret af FOF Sydjylland.,Tor. 9. apr. til tor. 28. maj 2026,See description
FredagsRO,"Lad op til weekenden i grønne rammer med FredagsRO, hvor du får instruktion og viden til at øge kvaliteten af pauser og pusterum. Du lærer, hvordan du styrker harmonien i krop, sjæl og sanser med fokus på en masse positiv energi.",Fre. 10. apr. til fre. 26. jun. 2026 15:00-17:00,15:00
Pilates for alle,Arrangeret af FOF Sydjylland.,Man. 13. apr. til man. 18. maj 2026 6 mødegange,14.30
Cellerciser interval med pilates,"Oplev en ny og sjov metode til at få en meget effektiv og skånsom træning på kort tid. Træning på cellerciseren er enkelt, praktisk og sjovt for alle.

  Arrangeret af FOF Sydjylland.",Man. 13. apr. til man. 18. maj 2026 6 mødegange,18.30
Iværksætterforløb hos Business Kolding,Overvejer du at starte virksomhed? På Business Koldings korte Iværksætterforløb får du viden til at komme godt i gang med din iværksætterrejse.,Ons. 15. apr. til ons. 6. maj 2026 17:00 - 20:00,17:00
Mavedans for begyndere,"Drømmer du om en sjov og svedig motionsform, hvor du samtidig lærer noget nyt?. Få en energifyldt introduktion til mavedansens univers, hvor vi arbejder med grundlæggende teknik, isolationer, rytmeforståelse og bevægelsesmønstre.

  Arrangeret af FOF Sydjylland.",Ons. 15. apr. til ons. 17. jun. 2026 10 mødegange,17.15
Mavedans for øvede,Arrangeret af FOF Sydjylland.,Ons. 15. apr. til ons. 17. jun. 2026 10 mødegange,18.30
Fordybelse i ler og form - keramikhold for voksne,"Er du klar til at udfolde dine kreative sider i godt selskab? Kulturskolen Kolding inviterer voksne til et inspirerende keramikhold, hvor både begyndere og erfarne kan forme og skabe unikke kreationer i ler.",Tor. 16. apr. til tor. 28. maj 2026,10:00
Kompasset peger mod nord - Hardy Brix udstilling,"Hardy Brix viser værker fra Lofoten, Svalbard, Island, Grønland, Arktis og Antarktis.

  Arrangeret af Kolding Kunstforening.",Lør. 18. apr. til søn. 10. maj 2026 Tirsdag-fredag,See description
Særrundvisning: Lad fortiden tale og nutiden leve,"Kom med bag facaden på Koldinghus og oplev, hvordan arkitekterne Inger & Johannes Exner lod fortiden stå synligt, mens nutiden fik nyt liv. En unik rundvisning, hvor du også kommer helt op under det imponerende tag.",Søn. 19. apr. til søn. 21. jun. 2026 10:30-12:00,10:30
Haveskole sæson 2026,"Drømmer du om at lave køkkenhave, men har svært ved at komme i gang? Savner du et fællesskab at dele din glæde ved køkkenhave med? Eller har du lyst til at dele din viden om køkkenhave med andre? Så er Haveskole i Geografisk Have noget for dig.",Tir. 21. apr. til tir. 25. aug. 2026 17:00-19:00,17:00
Guidet tur i Christiansfeld: Verdensarv i særklasse,Velkommen til UNESCO-byen Christiansfeld - en by med en enestående historie. Tag med os på en historisk byvandring gennem de smukke gader i Christiansfeld. Vores guide fortæller dig historier om Brødremenigheden og byens historie.,Ons. 22. apr. 2026 13:30 - 15:00,13:30
Oplev AI-agenter og digitale mennesker i aktion,"AI-agenter kan automatisere opgaver, støtte beslutninger og fungere som digitale assistenter i virksomheder. Men hvordan reagerer vi egentlig på at interagere med et digitalt menneske? - Og hvordan kan virksomheder bruge AI-agenter i praksis?",Ons. 22. apr. 2026 15:00 - 18:00,15:00
Slaget ved Kolding - dramatiseret byvandring,"Karaktererne enkefru Karen Jensen og major Victor Knabstrup tager jer med igennem Koldings gader, mens de mindes de voldsomme gadekampe, de tapre soldater og pressede koldingensere.",Ons. 22. apr. 2026 19:00 - 20:30,19:00
Palæstina Film Festival: All That's Left of You,"En medrivende, følelsesladet film, der er en krønike over syv årtier, gennem flere generationer af en palæstinensisk families liv. Filmen har engelske undertekster. Billetter: nicolaibio.dk.

  Arrangeret af Palæstina Film Festival.",Ons. 22. apr. 2026 19:00 - 22.00,19:00
Vandgymnastik,"Træning i vand til god musik. Vi træner kroppens center, med fokus på ryg og mave, og bruger vandets modstand til at styrke alle kroppens muskler.",Ons. 22. apr. 2026,See description
Pickleball,"Er en ketsjersport, der spilles med en let bold og et paddle (hårdt bat). Pickleball spilles på en bane i badmintonstørrelse, med tennis-lignende net. Der er elementer fra andre ketsjer/ bat spil - som tennis, squash, badminton og bordtennis.",Ons. 22. apr. 2026,See description
Motionsgymnastik i Arena Syd VAMDRUP,"Har du lyst til at få rørt hele kroppen og få sved på panden, så er disse timer noget for dig. En gymnastiktime med højt humør og dejlig inspirerende musik. Men pas på, - du bliver hurtig afhængig !!!",Ons. 22. apr. 2026,See description
Babysalmesang,"Sammen vil vi synge, nynne, danse, vugge, og lytte os igennem velkendte sange og salmer i en afslappet og rolig atmosfære. Vi vil puste sæbebobler og spille på rasleæg, og meget mere. Vi vil bruge vores krop og vores stemme.",Ons. 22. apr. 2026,See description
Krolf,"Vi spiller krolf fra april til og med juni måned og igen fra august til oktober. Der er køller og bolde til udlån - og vi opfordrer ALLE der har lyst, til at komme og prøve.",Ons. 22. apr. 2026,See description
Petanque,"Kolding KFUM Senioridræt er er forening for senior der kan være aktive om dagen. Alle kan deltage og der lægges stor vægt på det sociale, så der er altid kaffepause. Der er kugle at spille med, så sørg for påklædning der passer til vejret.",Ons. 22. apr. 2026,See description
Babytræf med fællesspisning,Arrangeret i samarbejde med Madkulturen.,Ons. 22. apr. 2026,See description
Let's dance i arena syd vamdrup,"Ved brug af den skønne musik sammen med enkelte dansetrin kommer forbrændingen i vejret og kroppen fyldes med energi - samtidig med at det er sjovt og nemt at lære- Alle kan være med - unge som ældre, mænd og kvinder.",Ons. 22. apr. 2026,10.15
Funktionel / balancetræning,"Funktionel træning fokuserer på naturlige bevægelser, som den menneskelige krop allerede er skabt til at lave. Bevægelser som at løfte, trække, rotere eller skubbe, er bevægelser som vi allerede laver, eller kan få brug for i dagligdagen.",Ons. 22. apr. 2026,10.30
Vandgymnastik i Kongeåbadet VAMDRUP,"Træning i vand til god musik. Vi træner kroppens center, med fokus på ryg og mave, og bruger vandets modstand til at styrke alle kroppens muskler.",Ons. 22. apr. 2026,See description
Mission: Bæver,"Animationsfilmen 'Mission: Bæver' er Disney og Pixars nyeste eventyr, der stiller spørgsmålet: Hvad hvis du kunne tale med dyr og forstå, hvad de siger?",Ons. 22. apr. 2026,11.30
De forbandede år 3 - Fredens pris,"Året er 1945. Krigen er endelig slut. Danmark er frit, men splittet. Meget har ændret sig for familien Skov. Karl og Evas ægteskab er tyndslidt, og Eva beslutter at forlade sin mand.",Ons. 22. apr. 2026,11.30
Super Mario Galaxy Filmen,Here we go. Again! Animationsfilmen 'Super Mario Galaxy Filmen' (The Super Mario Galaxy Movie) er fortsættelsen til Super Mario Bros. Filmen fra 2023 og denne gang bliver eventyret endnu større!,Ons. 22. apr. 2026,11.45
Project Hail Mary,I science fiction-filmen 'Project Hail Mary' skal Ryan Gosling redde jordens fremtid ved hjælp af en unik portion videnskab og humor!,Ons. 22. apr. 2026,16.50
Kom og spil kegler (For alle niveauer - 55+ år),"HUSK indendørssko! Hvordan spiller man kegler?. Man starter med at indtage en ""startstilling"". Denne afhænger af hvilken teknik man bruger. Kaster man med to hænder, stiller man sig med spredte ben hen over linoleumsstykket.",Ons. 22. apr. 2026,See description
Romeria - Min sommer i Galicien,ROMERÍA er en stærk og sanselig film om at lede efter sine rød- der - og finde sin egen stemme.,Ons. 22. apr. 2026,13.15
Hopper og det mystiske Murmeldyr,Dybt inde i et hemmeligt bjerg gemmer der sig ifølge gamle legender et mystisk murmeldyr med en helt særlig evne: Det kan skrue tiden tilbage!,Ons. 22. apr. 2026,13.50
Lille Amelie - Org. version,Amélie er en lille belgisk pige født i Japan sidst i 1960'erne.,Ons. 22. apr. 2026,See description
Kolding:DOX - Cambodia Beer Dreams,Filmvisning og oplæg med Morten Grønbæk.,Ons. 22. apr. 2026,14:30
Bueskydning,Vi skyder med bue og pile mod en skive. Det kræver stor koncentration når man skyder. Man kommer til hallen (hal 2 i Pulzion) og bliver mødt af en der tager sig af dig. Du vil blive introduceret for alle så i ved hvem i er.,Ons. 22. apr. 2026,14.20
Klassefesten 4 - Venner for livet,"I den danske komedie 'Klassefesten 4 - Venner for livet' er kammeraterne tilbage for fjerde gang! Men, intet er som det plejer!",Ons. 22. apr. 2026,14.45
Rundvisning - Harteværket,"Oplev historien for opførelsen af Danmarks første vandkraftværk, som blev indviet i 1920. En utrolig spændende historie, som også i fremtiden vil have en vigtig rolle for Kolding i forbindelse med de klimatilpasninger, som er forberedt på Harteværket.",Ons. 22. apr. 2026,See description
Lee Cronin's The Mummy,"En ung pige forsvinder sporløst i ørkenen. Otte år senere bliver hendes knuste familie chokeret, da hun vender tilbage til dem. Det, der burde være en glædelig genforening, forvandles til et levende mareridt.",Ons. 22. apr. 2026,15.30
De Forbandede År 3 - Fredens pris - Dk. tekster,"Året er 1945. Krigen er endelig slut. Danmark er frit, men splittet. Meget har ændret sig for familien Skov, Karl og Evas ægteskab er tyndslidt, og Eva beslutter at forlade sin mand.",Ons. 22. apr. 2026,See description
Father Mother Sister Brother,"Er den nye, længeventede film fra manuskriptforfatter / instruktør Jim Jarmusch.",Ons. 22. apr. 2026,16.30
Linedance/ Absolut Begynder,For dem der aldrig har prøvet før.,Ons. 22. apr. 2026,17.55
Boccia for voksne med særlige behov,"Boccia er en sport, der minder meget om petanque. Det spilles indendørs, og går ud på at kaste bolde tættest på en hvid bold. Det er en forholdsvis rolig/stille sport, hvor der er mulighed for at sidde ned hvis man har behov for det.",Ons. 22. apr. 2026,See description
Hockey for voksne med særlige behov,"Til hockey er der plads til alle uanset niveau. Efter en god opvarmning, træner vi med hockeystave og puck, hvor vi øver i at skyde til hinanden samt at skyde på mål. Hvis du ikke har prøvet at spille hockey før, skal du nok blive sat ind i reglerne.",Ons. 22. apr. 2026,See description
Brætspilsklubben,"Elsker du brætspil, og mangler du et hyggeligt fællesskab at spille sammen med?",Ons. 22. apr. 2026,20.30
Gourmetmad,Arrangeret af FOF Sydjylland.,Ons. 22. apr. 2026,See description
Community Dinner - fællesspisning,"Er du klar på god mad, hygge og nye fællesskaber?",Ons. 22. apr. 2026,17:00
Ungdomstræning,"Badminton i Kolding KFUM Badminton er for alle uanset niveau. Hos os er det vigtigt at have det sjovt når man dyrker motion og sport, derfor er der ingen krav om hverken niveau eller kondition.",Ons. 22. apr. 2026,17.30
Motionsmix,Sjov motionsgymnastik for både damer og herrer. Alle kan deltage uanset alder og skavanker.,Ons. 22. apr. 2026,See description
Linedance / Begynder,For dem der kender lidt til grundtrin.,Ons. 22. apr. 2026,18.05
The Drama,"Filmen 'The Drama' handler om et lykkeligt par, hvis forhold bliver sat på prøve, da en uventet indrømmelse kommer på bordet. Emma og Charlie elsker hinanden og glæder sig til både bryllup og et liv sammen.",Ons. 22. apr. 2026,18.15
Krolf for alle - aften,"Til træning der spiller vi 2-3 runder, vi har i alt 4 forskellige baner man kan komme og prøve. Det man får ud af det er: at møde nye mennesker, hyggeligt socialt samvær, venskaber for alle aldersgrupper. Man skal huske varmt tøj til tider.",Ons. 22. apr. 2026,18.30
Paradis,'Mikkel og Louise tager på en velfortjent all inclusive-ferie til en spansk ø sammen med deres to døtre Sille og Ella. Omgivelserne inviterer til en uges afslapning med palmetræer og et lyseblåt Atlanterhav i horisonten.,Ons. 22. apr. 2026,See description
All That's Left of You,Velkommen til Palæstina Film Festival 2026. Bemærk at filmen vises med engelske undertekster. Efter filmen vil der være smagsprøver fra det palæstinensiske køkken.,Ons. 22. apr. 2026,See description
Comedy queens stand-up show,Du kender måske stand-up og måske endda også drag queens - men sådan her har du aldrig fået den før.,Ons. 22. apr. 2026,See description
Det store 90'er Quiz Show,Vi skal på en tidsrejse til et af de mest farverige og uforglemmelige årtier i musikkens historie. Et årti også kendt som ''Det Glade Årti''.,Ons. 22. apr. 2026,19.30
Hamnet,"'Hamnet' er en film om kærlighed og tab, og handler om, hvad der inspirerede til skabelsen af Shakespeares tidløse mesterværk Hamlet.",Ons. 22. apr. 2026,19.30
Prøvetræning til seniortræning/spil,"Kom og prøv dine kræfter med badminton, hvad enten du er nybegynder eller øvet. Vi starter med fælles opvarming eller lille spil. Vi følger op med evt. træning/øvelse.",Ons. 22. apr. 2026,See description
Linedance / Letøvet,For dem der kender alle grundtrin og har lyst til større udfordringer.,Ons. 22. apr. 2026,20.10
Fight Club (re-release 1999),"En deprimeret mand med søvnløshed møder en mystisk sæbesælger ved navn Tyler Durden og ender kort efter med at bo i hans faldefærdige hus, efter at hans perfekte lejlighed er blevet ødelagt.",Ons. 22. apr. 2026,20.45
Klog på klassisk musik II,En dybdegående og underholdende rejse ind i den klassiske musiks fantastiske verden!,Ons. 22. apr. til tor. 7. maj 2026,18:30
Nive & The Deer Children,"Varme fortællinger og arktisk mystik møder americana-folk i det magiske univers, som Nive & the Deer Children har døbt inuit-indie. Nive & The Deer Children er en uforglemmelig rejse ind i et musikals.",Tor. 23. apr. 2026,See description
KlimaHandledag - Vi syr for Mødrehjælpen,"Kom og vær med til at sy muleposer, dukkesengetøj og krea-forklæder til Mødrehjælpen.",Tor. 23. apr. 2026 10:00 - 20:00,10:00
Bogreception: Den Blodrøde Å - novellesamling om Slaget ved Kolding,"Ib Søby er forfatter til den anmelderroste historiske roman 6. juli (2013) og udkommer foråret 2026 med novellesamlingen Den Blodrøde Å, som kredser om slaget ved Kolding.",Tor. 23. apr. 2026 16:30 - 18:00,16:30
Klimahandledag - bålhygge med pandekager og lokale råvarer fra æblehaven,"Alle er velkomne til et par hyggelige timer i bålhytten bag Simon Peters Hus. Vi bager pandekager med og uden brændenælder - vi bager snobrød og rister skumfiduser og spiser honningkager. og det hele krydres med kirkebiernes honning og æblemos og -saft.

  Arrangeret af Simon Peters Kirke.",Tor. 23. apr. 2026 16:30-18:30,16:30
Crafternoon Tea,"Er du interesseret i mending, syning & upcycling? Eller måske strik, hækling & broderi?",Tor. 23. apr. 2026 17:00 - 20:00,17:00
Foredrag: Slaget ved Kolding - helte og spioner,Tag med til et levende og medrivende foredrag på Museum Kolding i anledning af 177-årsdagen for det voldsomme by-slag under Treårskrigen.,Tor. 23. apr. 2026 19:00 - 21:00,19:00
TorsdagsSmagning - Glasset & Gaflen - Forår,"Til denne TorsdagsSmagning afholder vi vores populære arrangement GLASSET & GAFLEN. Denne aften med temaet FORÅR. I samarbejde med SAMVÆR, præsenteres der 5 serveringer, hvor der matches 5 dejlige vine.",Tor. 23. apr. 2026 19:00-21:30,19:00
Motionsgymnastik,"Har du lyst til at få rørt hele kroppen og få sved på panden, så er disse timer noget for dig. En gymnastiktime med højt humør og dejlig inspirerende musik. Men pas på, - du bliver hurtig afhængig !!!",Tor. 23. apr. 2026,See description
Styrke/ryg træning,"Her styrkes alle kroppens muskler, så ryggen kan klare hverdagen. Husk måtte.",Tor. 23. apr. 2026,09.30
Krolfspil for senior,"Krolf er et rigtig hyggelig spil, hvor alle kan deltage. Det er en blanding af golf og kroket. Praktisk påklædning efter vejret, gerne kraftige sko eller i regnvejr gummistøvler.",Tor. 23. apr. 2026,09.30
Vandreture,"Ture ud i naturen i omegnen af Kolding med fokus på fællesskab, socialt samvær, motion og gode historier. Der er altid en pause, hvor den medbragte kaffe nydes.",Tor. 23. apr. 2026,09.30
Stavgang,"Der kan som udgangspunkt lånes stave i IFA de første par gange. Der vil hver gang være mulighed for instruktion i stavgangsteknik, ligesom der som regel er mulighed fora t vælge hold med forskellige tempi.",Tor. 23. apr. 2026,11.30
Torsdagscafe,Er det muligt at gøre en uret god igen. Thomas Bjerg Mikkelsen vil komme med fortsættelser til hans bog: Alle vil bare elskes.,Tor. 23. apr. 2026,See description
Knæ / hoftetræning,"Har du problemer med knæ og hofte, er dette hold noget for dig. Musklerne i benet har sammenhæng med. musklerne i hofte. På holdet arbejdes der med specifik styrketræning til disse muskler. I opstarten vil det.",Tor. 23. apr. 2026,10.15
I Swear,"I dramaet 'I Swear' fortælles den sande historie om en sand ener, John Davidson.",Tor. 23. apr. 2026,11.30
Affektionsværdi,"Joachim Triers 'Affektionsværdi', som vandt Grand Prix i Cannes, følger søstrene Nora (Renate Reinsve) og Agnes (Inga Ibsdotter Lilleaas), som genforenes med deres far Gustav (Stellan Skarsgård) - en førhen ganske feteret instruktør, som drømmer om det.",Tor. 23. apr. 2026,11.30
Michael,'Michael' skildrer en af de mest indflydelsesrige kunstnere nogensinde.,Tor. 23. apr. 2026,11.30
Super Mario Galaxy Filmen,Here we go. Again! Animationsfilmen 'Super Mario Galaxy Filmen' (The Super Mario Galaxy Movie) er fortsættelsen til Super Mario Bros. Filmen fra 2023 og denne gang bliver eventyret endnu større!,Tor. 23. apr. 2026,11.45
De forbandede år 3 - Fredens pris,"Året er 1945. Krigen er endelig slut. Danmark er frit, men splittet. Meget har ændret sig for familien Skov. Karl og Evas ægteskab er tyndslidt, og Eva beslutter at forlade sin mand.",Tor. 23. apr. 2026,11.50
Project Hail Mary,I science fiction-filmen 'Project Hail Mary' skal Ryan Gosling redde jordens fremtid ved hjælp af en unik portion videnskab og humor!,Tor. 23. apr. 2026,16.40
Gym Stick-----styrketræning,"Gymstick muliggør en effektiv træning af styrke, udholdenhed, bevægelighed og koordination. Det er muligt. at lave mange øvelser for at træne hele kroppen samt målrettet arbejde for enkelte muskelgrupper.",Tor. 23. apr. 2026,12.15
Yoga,"Deltagerne på holdene giver udtryk for, at hele kroppen bliver arbejdet godt igennem i et roligt tempo, at de kommer ud i yderstillinger og bliver mere smidige.",Tor. 23. apr. 2026,12.15
En kage til præsidenten,"Iraks officielle Oscar-kandidat 2026! Vinder af Camera D'Or på Cannes Film Festival. Irak, 1990'erne.",Tor. 23. apr. 2026,See description
Mission: Bæver,"Animationsfilmen 'Mission: Bæver' er Disney og Pixars nyeste eventyr, der stiller spørgsmålet: Hvad hvis du kunne tale med dyr og forstå, hvad de siger?",Tor. 23. apr. 2026,14.15
Marty Supreme,I det tempofyldte drama 'Marty Supreme' træder Timothée Chalamet ('Dune') ind i rollen som den ihærdige Marty Mauser - en und mand med en stor drøm!,Tor. 23. apr. 2026,14.45
Lee Cronin's The Mummy,"En ung pige forsvinder sporløst i ørkenen. Otte år senere bliver hendes knuste familie chokeret, da hun vender tilbage til dem. Det, der burde være en glædelig genforening, forvandles til et levende mareridt.",Tor. 23. apr. 2026,15.30
Ungdomstræning for 5-18 årige,"Til vores træninger er timen delt op i 3 sektioner opvarmning/træningsøvelser/bowling & leg. Vi starter med en fælles opvarmning, for at få kroppen igang og klar til træningen.",Tor. 23. apr. 2026,See description
Kolding Børnehøjskole,"På Kolding Børnehøjskole tilbyder vi kurser, hvor børn kan fordybe sig og lære noget om det, som de er sammen om. Vores mål er at gøre verden større for de mindste. Vi tror på, at selv store ting kan skabes i det små, og af de små.",Tor. 23. apr. 2026,See description
De Forbandede År 3 - Fredens pris - Dk. tekster,"Året er 1945. Krigen er endelig slut. Danmark er frit, men splittet. Meget har ændret sig for familien Skov, Karl og Evas ægteskab er tyndslidt, og Eva beslutter at forlade sin mand.",Tor. 23. apr. 2026,16.30
Fællessang i Kirken,,Tor. 23. apr. 2026,16.30
Klima Handledag,,Tor. 23. apr. 2026,16.30
Father Mother Sister Brother,"Er den nye, længeventede film fra manuskriptforfatter / instruktør Jim Jarmusch.",Tor. 23. apr. 2026,See description
U7 mix,En tryg og sjov start på dit barns håndboldeventyr. Medbring sko og tøj man kan bevæge sig i.,Tor. 23. apr. 2026,17.45
Begynderhold,"Som nybegynder eller let øvet, går meget af træningen ud på at indøve de helt basale teknikker som stød, parader, spark og stillinger, samt de grundlæggende japanske termer, der bruges.",Tor. 23. apr. 2026,See description
Lytteklubben Musik uden grænser,"En rocklytteklub, hvor man graver god musik frem for hinanden og i fællesskab lytter koncentreret.",Tor. 23. apr. 2026,See description
"Smagsaften med gobelinerne: magt, myter og mennesker","Oplev en særlig aften, hvor tre gobeliner fra ""Vævede mesterværker"" danner afsæt for en sanselig smagsrejse gennem magt, myter og menneskelige fortællinger, og hvor du selv skaber dit eget kunstneriske måltid.",Tor. 23. apr. 2026,17:00
Tennis 5-8 årige,Udendørstræning: 1. Maj 2022 - 16. September 2022.,Tor. 23. apr. 2026,17.15
Junior squash for alle 6-16 årige,Mangler din søn eller datter en ny sportsgren?. SÅ ER DET SQUASH! Squash er sjovt for alle aldre - squash er blandt verdens sundeste sportsgrene & squash er motion!,Tor. 23. apr. 2026,17.30
"Oplæg med Lau Svenssen - indsigt, erfaring og viden","Dansk Aktionærforening har fornøjelsen af at byde velkommen til. Lau Svenssen , en af Danmarks mest erfarne og anerkendte aktieanalytikere og medstifter af. Svenssen & Tudborg.",Tor. 23. apr. 2026,17.30
Linedance / Øvet,For dem der kan alle grundtrin og lyst til større udfordringer.,Tor. 23. apr. 2026,17.30
Fodbold alle torsdage kl. 18.00,"Vi er en flok gamle gutter, der spiller fodbold for sjov, vores ældste mand er 87 år -yngste 38. Vi hedder KIF Oldboys, men langt de fleste har tidligere spillet i andre klubber, flere har aldrig spillet fodbold i en klub før KIF Oldboys.",Tor. 23. apr. 2026,See description
Menighedsrådsmøde,,Tor. 23. apr. 2026,See description
The Drama,"Filmen 'The Drama' handler om et lykkeligt par, hvis forhold bliver sat på prøve, da en uventet indrømmelse kommer på bordet. Emma og Charlie elsker hinanden og glæder sig til både bryllup og et liv sammen.",Tor. 23. apr. 2026,18.30
Realistisk selvforsvar for alle (9+ år),Vi træner selvforsvar på mix hold tirsdage og torsdage fra kl 18:30 til 20:00 kom ned i kluben og prøv omdet er noget for dig.,Tor. 23. apr. 2026,18.30
Hold 3 (13 år +),"Vores største hold. Her er plads til både eliten, talenterne, og dem der bare gerne vil have sved på panden og lære at bryde. Teknik træningen slutte kl. 19.30 fra 19.30 til 20.00 er der Open Mat.",Tor. 23. apr. 2026,18.30
"Ilden, Vandet, Jorden, Luften","Klimaforandringerne er her nu - også i Danmark og i hele Norden. Skovbrande breder sig i Sverige, havene stiger i Danmark, stormene bliver voldsommere på Færøerne, og landskabet skrider i Norge. Naturen giver os tydelige tegn.",Tor. 23. apr. 2026,See description
Fællesklang,"Er du mellem 18 og 35 år og glad for at synge? Så er Fællesklang Kolding det rytmiske kor for dig - helt uden optagelsesprøve! Fællesklang Kolding er et kor for alle mellem 18 og 35 år, der elsker at synge alt fra pophits og gospel til Disney-klassikere.",Tor. 23. apr. 2026,See description
Skriv løs,"Skriver du, og har du lyst til at sidde sammen med andre og skrive? Så kom og vær med til Skriv løs.",Tor. 23. apr. 2026,20.45
Kegler for hele familien,"De fleste har prøvet bowling eller set spillet. Man kan godt sammenligne at spille bowling med kegler. Forskellen på disse 2 spil er, at kuglen er mindre i kegler, og uden huller til fingrene.",Tor. 23. apr. 2026,See description
Det store 90'er Quiz Show,Vi skal på en tidsrejse til et af de mest farverige og uforglemmelige årtier i musikkens historie. Et årti også kendt som ?Det Glade Årti?,Tor. 23. apr. 2026,19.30
Koncert med Stockholms Mandskör/Kolding Mandskor/Mandhatten,,Tor. 23. apr. 2026,19.30
Grappling and Brazilian jiu-jitsu,Grappling and BJJ for all skill levels.,Tor. 23. apr. 2026,See description
Scream 7,Ghostface vender tilbage! Den legendariske gyserfranchise 'Scream' er tilbage med sit syvende kapitel.,Tor. 23. apr. 2026,See description
Open Mic,,Tor. 23. apr. 2026,21:00
Klassefesten 4 - Venner for livet,"I den danske komedie 'Klassefesten 4 - Venner for livet' er kammeraterne tilbage for fjerde gang! Men, intet er som det plejer!",Tor. 23. apr. 2026,21.15
Klap teaterfestival,Kommer igen til Kolding og os.,Tor. 23. til søn. 26. apr. 2026,23.59
KLAP Teaterfestival,,Tor. 23. til søn. 26. apr. 2026,08:00
Sang-teknik,Arrangeret af FOF Sydjylland.,Tor. 23. apr. til man. 17. aug. 2026 10 mødegange,See description
Metalcafé #13.2,"Metalcaféen er stedet, hvor metalfolket samles og dyrker deres fælles passion. Aftenen indeholder den populære Metal Quiz, en DJ der spiller alle de kendte metal hits og hele 2 livebands, som ingen ve.",Fre. 24. apr. 2026,See description
50 års jubilæum for Krydderurtehaven med Anemette Olesen,"Den kendte forfatter og krydderurteekspert, Anemette Olesen, 'genindvier' den nyrenoverede 50 år gamle krydderurtehave. Kom og vær med til at hylde krydderurterne, der giver både smag og kulør på maden og tilværelsen som sådan.",Fre. 24. apr. 2026 15:30-17:45,15:30
Samsø - heldagstur med frokost,,Fre. 24. apr. 2026,07.15
Sang og spjæt med dagplejerne,"Sang og Spjæt er 30 minutters musik og sang for de mindste og foregår i Vonsild Kirke Alle dagplejere, vuggestuer og hjemmepassere i Vonsild er velkomne til at deltage.",Fre. 24. apr. 2026,09.30
Super Mario Galaxy Filmen,Here we go. Again! Animationsfilmen 'Super Mario Galaxy Filmen' (The Super Mario Galaxy Movie) er fortsættelsen til Super Mario Bros. Filmen fra 2023 og denne gang bliver eventyret endnu større!,Fre. 24. apr. 2026,11.30
Project Hail Mary,I science fiction-filmen 'Project Hail Mary' skal Ryan Gosling redde jordens fremtid ved hjælp af en unik portion videnskab og humor!,Fre. 24. apr. 2026,11.30
Minder om ham,"Efter løsladelsen fra fængslet forsøger en kvinde at genopbygge relationen til sin unge datter, men møder modstand fra alle - undtagen en barejer med en særlig forbindelse til barnet.",Fre. 24. apr. 2026,11.45
De forbandede år 3 - Fredens pris,"Året er 1945. Krigen er endelig slut. Danmark er frit, men splittet. Meget har ændret sig for familien Skov. Karl og Evas ægteskab er tyndslidt, og Eva beslutter at forlade sin mand.",Fre. 24. apr. 2026,17.15
Affektionsværdi,"Det norske drama 'Affektionsværdi' følger søstrene Nora (Renate Reinsve) og Agnes (Inga Ibsdotter Lilleaas), som genforenes med deres far Gustav (Stellan Skarsgård) - en førhen ganske feteret instruktør, som drømmer om det store comeback.",Fre. 24. apr. 2026,18.20
De Forbandede År 3 - Fredens pris - Dk. tekster,"Året er 1945. Krigen er endelig slut. Danmark er frit, men splittet. Meget har ændret sig for familien Skov, Karl og Evas ægteskab er tyndslidt, og Eva beslutter at forlade sin mand.",Fre. 24. apr. 2026,12.30
Hamnet,"'Hamnet' er en film om kærlighed og tab, og handler om, hvad der inspirerede til skabelsen af Shakespeares tidløse mesterværk Hamlet.",Fre. 24. apr. 2026,See description
Spaghetti Hamlet,,Fre. 24. apr. 2026,See description
Verdens mindste historie,,Fre. 24. apr. 2026,See description
Kaboom,,Fre. 24. apr. 2026,See description
Se!,,Fre. 24. apr. 2026,See description
Maja og den magiske sofa,,Fre. 24. apr. 2026,See description
Gro,,Fre. 24. apr. 2026,See description
Søndag,,Fre. 24. apr. 2026,See description
Hvordan mon?,,Fre. 24. apr. 2026,See description
Farvel gamle Herbert,,Fre. 24. apr. 2026,16.45
Kolonisterne,,Fre. 24. apr. 2026,See description
Kom og spil kegler hver fredag eftermiddag,"HUSK indendørssko! Hvordan spiller man kegler?. Man starter med at indtage en ""startstilling"". Denne afhænger af hvilken teknik man bruger. Kaster man med to hænder, stiller man sig med spredte ben hen over linoleumsstykket.",Fre. 24. apr. 2026,See description
Hvem Bestemmer?,,Fre. 24. apr. 2026,13.15
Regnbuebillen,,Fre. 24. apr. 2026,13.30
Den lykkelige bonde,,Fre. 24. apr. 2026,13.30
"Rør mig, rør mig ikke",,Fre. 24. apr. 2026,13.45
Isprinsessen,,Fre. 24. apr. 2026,See description
GræshoppeSalsa,,Fre. 24. apr. 2026,14.15
Birdy,,Fre. 24. apr. 2026,14.15
Sea Stories,,Fre. 24. apr. 2026,14.15
Klassefesten 4 - Venner for livet,"I den danske komedie 'Klassefesten 4 - Venner for livet' er kammeraterne tilbage for fjerde gang! Men, intet er som det plejer!",Fre. 24. apr. 2026,14.20
Den standhaftige Tinsoldat,,Fre. 24. apr. 2026,14.30
Børn af Gaia,,Fre. 24. apr. 2026,14.30
Ulige Uger,,Fre. 24. apr. 2026,14.30
Verdens bedste veninder,,Fre. 24. apr. 2026,14.30
Eftermiddags møde,Kaffe og kage mellem krudt og kugler v/Ruth Birk Christensen Kontaktperson: Rigmor Karstoft 75 56 62 27.,Fre. 24. apr. 2026,14.30
Mission: Bæver,"Animationsfilmen 'Mission: Bæver' er Disney og Pixars nyeste eventyr, der stiller spørgsmålet: Hvad hvis du kunne tale med dyr og forstå, hvad de siger?",Fre. 24. apr. 2026,14.50
Balalajka,,Fre. 24. apr. 2026,See description
Sort Hul,,Fre. 24. apr. 2026,15.15
Michael,'Michael' skildrer en af de mest indflydelsesrige kunstnere nogensinde.,Fre. 24. apr. 2026,15.40
Konen i Muddergrøften,,Fre. 24. apr. 2026,15.45
"Ilden, Vandet, Jorden, Luften","Klimaforandringerne er her nu - også i Danmark og i hele Norden. Skovbrande breder sig i Sverige, havene stiger i Danmark, stormene bliver voldsommere på Færøerne, og landskabet skrider i Norge. Naturen giver os tydelige tegn.",Fre. 24. apr. 2026,See description
Vi Skal Gøre Det Igen,,Fre. 24. apr. 2026,See description
Hikikomori,,Fre. 24. apr. 2026,See description
Kaizen Kidz,"Holdet er tilrettelagt med en blanding af karate og fysisk aktivitet og leg, således at der hele tiden er aktivitet, og at børnene får tid til at bearbejde deres indtryk.",Fre. 24. apr. 2026,17.30
Romeo & Julie,,Fre. 24. apr. 2026,16.30
Space Cowboy,,Fre. 24. apr. 2026,16.30
Se mørket,,Fre. 24. apr. 2026,16.30
Heritage,,Fre. 24. apr. 2026,16.30
Der kommer nogen,,Fre. 24. apr. 2026,See description
Det bedste i verden,,Fre. 24. apr. 2026,See description
Jekyll on Ice,,Fre. 24. apr. 2026,See description
Venter,,Fre. 24. apr. 2026,17.15
Sne og sand,,Fre. 24. apr. 2026,17.30
Aflyst: among us live,"Løs opgaverne, hold øje - og håb, at du ikke bliver det næste offer!",Fre. 24. apr. 2026,17.30
Freestyle wrestling,Training for youth/senior + 15 years. The training is for beginners and advanced wrestlers of all levels.,Fre. 24. apr. 2026,17.30
Fodboldkamp A-Liga Mesterskabsspil - Kolding IF mod HB Køge Women,,Fre. 24. apr. 2026,See description
The Drama,"Filmen 'The Drama' handler om et lykkeligt par, hvis forhold bliver sat på prøve, da en uventet indrømmelse kommer på bordet. Emma og Charlie elsker hinanden og glæder sig til både bryllup og et liv sammen.",Fre. 24. apr. 2026,18.15
Jernmanden,,Fre. 24. apr. 2026,18.30
Lille Amelie - Org. version,Amélie er en lille belgisk pige født i Japan sidst i 1960'erne.,Fre. 24. apr. 2026,See description
Stormen på Kronborg,,Fre. 24. apr. 2026,19.30
Gudstjeneste: Kolding Natkirke,,Fre. 24. apr. 2026,19.30
Scream 7,Ghostface vender tilbage! Den legendariske gyserfranchise 'Scream' er tilbage med sit syvende kapitel.,Fre. 24. apr. 2026,20.50
Karaoke,"Harald er igen tovholder til karaoke night, hvor alle har muligheden for at komme på scenen for at synge. Vi starter karaoke kl.22.00 og det eneste du skal gøre er at tage dine venner under armen og svinge forbi pubben til en musikalsk aften.",Fre. 24. apr. 2026,22:00
"Guidet oplevelse i ""Kongebarn""","Kom med på en guidet oplevelse i ""Kongebarn"", der begynder med en tankevækkende introduktion til udstillingen med fokus på kongebørnenes skæbnefortællinger og udstillingens unikke genstande.",Fre. 24. apr. til lør. 27. jun. 2026 11:00-12:00,11:00
Forår på Brødsgård. Dyrene lukkes på græs,"Vi byder velkommen til forårsfest på Landbomuseet Kolding. Boden og cafeteriet har åbent. Smeden hamrer, og der fanges insekter i søen. Dyrene lukkes på græs.",Lør. 25. apr. 2026 10:00-16.00,10:00
Åben Idrætspark - Seest,"Vi holder åbent hus i Seest Idrætspark. Kom og prøv atletik, bueskydning, fodbold, krolf, mountainbike, petanque og tennis! Arrangementet er gratis.

  Arrangeret af Seest Boldklub.",Lør. 25. apr. 2026 12:30-15.45,12:30
Guidet tur i Christiansfeld: Verdensarv i særklasse,Velkommen til UNESCO-byen Christiansfeld - en by med en enestående historie. Tag med os på en historisk byvandring gennem de smukke gader i Christiansfeld. Vores guide fortæller dig historier om Brødremenigheden og byens historie.,Lør. 25. apr. 2026 13:30 - 15:00,13:30
Håndbold for børn (2-5 årige),"Motorik baner, boldmassage og meget mere. Aktiviteterne gennemføres sammen med en forældre/voksen. Sørg for at børnene har noget ordentligt fodtøj og tøj de kan bevæge sig i. Sæsonen starter i august/september og slutter i april/maj.",Lør. 25. apr. 2026,See description
Der kommer nogen,,Lør. 25. apr. 2026,09.30
Havbarnet,,Lør. 25. apr. 2026,09.30
Et Tomatliv,,Lør. 25. apr. 2026,09.30
Æg,,Lør. 25. apr. 2026,09.30
Tante Bruns Fødselsdag,,Lør. 25. apr. 2026,09.30
Pelzz,,Lør. 25. apr. 2026,09.30
Min farfars guitar,,Lør. 25. apr. 2026,09.30
Den Glade Løve,,Lør. 25. apr. 2026,09.30
Stedsans,,Lør. 25. apr. 2026,09.30
Du er Her,,Lør. 25. apr. 2026,09.30
Rundt og Rundt,,Lør. 25. apr. 2026,09.30
Historien om et æg,,Lør. 25. apr. 2026,09.30
En Eventyrlig Klang,,Lør. 25. apr. 2026,09.30
"Gudstjeneste: Konfirmation, Friskolen ved Ole Witte Madsen",,Lør. 25. apr. 2026,09.30
Mindre découpager,"Lav de flotteste kort til enhver lejlighed. Kurset udbydes efter reglerne om fleksibelt tilrettelagt undervisning. Det betyder bl.a. at der ikke er undervisning i hele kursusforløbet.

  Arrangeret af FOF Sydjylland.",Lør. 25. apr. 2026,09.30
Ivalus første Sang,,Lør. 25. apr. 2026,11.30
Appelsiner & Citroner,,Lør. 25. apr. 2026,11.45
The Bodyguards,,Lør. 25. apr. 2026,12.15
Hønes Første Æg,,Lør. 25. apr. 2026,12.30
Det var engang en skov,,Lør. 25. apr. 2026,13.45
JuleBalladen,,Lør. 25. apr. 2026,See description
Mission: Bæver,"Animationsfilmen 'Mission: Bæver' er Disney og Pixars nyeste eventyr, der stiller spørgsmålet: Hvad hvis du kunne tale med dyr og forstå, hvad de siger?",Lør. 25. apr. 2026,10.15
Skidt og Pyt på Store Vaskedag,,Lør. 25. apr. 2026,10.15
Gudstjeneste: Konfirmation,,Lør. 25. apr. 2026,10.30
Arnie & Barney,Det populære myremakkerpar Arnie og Barney fra 'Bien Maja'-universet er klar i deres helt egen biograffilm fyldt med hylende morsom slapstick-komik og fantasifuld underholdning for hele familien.,Lør. 25. apr. 2026,10.30
Kæledyrs-ekspressen,"En flok kæledyr, der er fanget i ombord på et hurtigtkørende lyntog, må forpurre planerne for en hævngerrig grævling, der er ude efter hævn.",Lør. 25. apr. 2026,10.30
50 farlige ting,,Lør. 25. apr. 2026,10.30
Gudstjeneste: Konfirmation Åbent hold,,Lør. 25. apr. 2026,10.30
Gudstjeneste: Konfirmation: Dalby Skoles gamle A-klasse,,Lør. 25. apr. 2026,10.30
Peter Plys,,Lør. 25. apr. 2026,10.45
Nissepigen der blev væk,,Lør. 25. apr. 2026,10.45
Det Er Ganske Vist,,Lør. 25. apr. 2026,10.45
Super Mario Galaxy Filmen,Here we go. Again! Animationsfilmen 'Super Mario Galaxy Filmen' (The Super Mario Galaxy Movie) er fortsættelsen til Super Mario Bros. Filmen fra 2023 og denne gang bliver eventyret endnu større!,Lør. 25. apr. 2026,10.45
Fridas store rejse,,Lør. 25. apr. 2026,See description
4. Pladsen,,Lør. 25. apr. 2026,See description
Hvorfor bliver det nat,,Lør. 25. apr. 2026,15.45
Chicks,,Lør. 25. apr. 2026,11.15
De Røde Løbere,,Lør. 25. apr. 2026,11.15
"Hvor er du, Rudolf?",,Lør. 25. apr. 2026,11.15
"Godnat, Alfons Åberg!",,Lør. 25. apr. 2026,11.30
"Gudstjeneste: Konfirmation, Aalykkeskolen ved Katrine Papsø Madsen",,Lør. 25. apr. 2026,11.30
De forbandede år 3 - Fredens pris,"Året er 1945. Krigen er endelig slut. Danmark er frit, men splittet. Meget har ændret sig for familien Skov. Karl og Evas ægteskab er tyndslidt, og Eva beslutter at forlade sin mand.",Lør. 25. apr. 2026,15.30
Svinedrengen,,Lør. 25. apr. 2026,See description
Spørg juniorbibliotekarerne,"Få bogtips af børn fra bogklubben Bogmestrene, når de er med børnebibliotekaren på arbejde.",Lør. 25. apr. 2026,See description
Ens,,Lør. 25. apr. 2026,12.15
Ind i Mørket,,Lør. 25. apr. 2026,12.30
Affektionsværdi,Joachim Triers nyeste film vandt Grand Prix i Cannes og har nu slået nordisk rekord med hele 9 Oscar-nomineringer!,Lør. 25. apr. 2026,12.30
Jeg ser dig,,Lør. 25. apr. 2026,12.45
Lille Amelie - Dansk Tale,Amélie er en lille belgisk pige født i Japan sidst i 1960'erne.,Lør. 25. apr. 2026,See description
Ludo,,Lør. 25. apr. 2026,See description
Tom Donovan,,Lør. 25. apr. 2026,13:00
Rødhætte,,Lør. 25. apr. 2026,13.30
Verdens mindste historie,,Lør. 25. apr. 2026,See description
Bevinget,,Lør. 25. apr. 2026,See description
Pølse!,,Lør. 25. apr. 2026,14.15
Livet er ikke Sort/Hvidt,,Lør. 25. apr. 2026,14.15
En Biting,,Lør. 25. apr. 2026,14.30
3-2-1-Stem,,Lør. 25. apr. 2026,14.30
Rundvisning - Harteværket,"Oplev historien for opførelsen af Danmarks første vandkraftværk, som blev indviet i 1920. En utrolig spændende historie, som også i fremtiden vil have en vigtig rolle for Kolding i forbindelse med de klimatilpasninger, som er forberedt på Harteværket.",Lør. 25. apr. 2026,See description
Det bedste i verden,,Lør. 25. apr. 2026,See description
Det store 90'er Quiz Show,Vi skal på en tidsrejse til et af de mest farverige og uforglemmelige årtier i musikkens historie. Et årti også kendt som ?Det Glade Årti?,Lør. 25. apr. 2026,19.30
Harry Potter og fangen fra Azkaban,,Lør. 25. apr. 2026,15.15
Peddersen og Findus - Rævejagten,,Lør. 25. apr. 2026,15.30
Med strømmen af Plastik,,Lør. 25. apr. 2026,15.30
Drøm,,Lør. 25. apr. 2026,15.30
Klippetiklop!,,Lør. 25. apr. 2026,15.45
To Be,,Lør. 25. apr. 2026,15.45
Michael,'Michael' skildrer en af de mest indflydelsesrige kunstnere nogensinde.,Lør. 25. apr. 2026,15.45
En kage til præsidenten,"Iraks officielle Oscar-kandidat 2026! Vinder af Camera D'Or på Cannes Film Festival. Irak, 1990'erne.",Lør. 25. apr. 2026,See description
Blå Sne,,Lør. 25. apr. 2026,18.30
Snehvide,,Lør. 25. apr. 2026,16.15
I mellemtiden,,Lør. 25. apr. 2026,16.15
Otto er et næsehorn,,Lør. 25. apr. 2026,16.15
Peddersen og Findus - Jul hos Peddersen,,Lør. 25. apr. 2026,16.30
Romeo & Julie,,Lør. 25. apr. 2026,See description
Gud bevare Danmark,,Lør. 25. apr. 2026,17.15
Bjowulf,,Lør. 25. apr. 2026,17.30
To mænd og en planke,,Lør. 25. apr. 2026,17.45
Rivaler,,Lør. 25. apr. 2026,18.15
Klassefesten 4 - Venner for livet,"I den danske komedie 'Klassefesten 4 - Venner for livet' er kammeraterne tilbage for fjerde gang! Men, intet er som det plejer!",Lør. 25. apr. 2026,18.40
Father Mother Sister Brother,"Er den nye, længeventede film fra manuskriptforfatter / instruktør Jim Jarmusch.",Lør. 25. apr. 2026,See description
Dronningens Kurbad,Velkommen til en lun og afslappende aften i Dronning Dorotheas Badstue.,Lør. 25. apr. 2026,19:00
Spillet om H2O,,Lør. 25. apr. 2026,19.30
Balalajka,,Lør. 25. apr. 2026,19.30
Spaghetti Hamlet,,Lør. 25. apr. 2026,See description
Morten Bennet Band,,Lør. 25. apr. 2026,See description
The Drama,"Filmen 'The Drama' handler om et lykkeligt par, hvis forhold bliver sat på prøve, da en uventet indrømmelse kommer på bordet. Emma og Charlie elsker hinanden og glæder sig til både bryllup og et liv sammen.",Lør. 25. apr. 2026,21.15
Benny Gram,,Lør. 25. apr. 2026,22:00
Offentlig rundvisning: Vævede mesterværker,"Kom med på en guidet rundvisning i udstillingen ""Vævede mesterværker"" og oplev nogle af Danmarks mest markante gobeliner og billedvævninger.",Lør. 25. apr. til søn. 28. jun. 2026 11:00-13:00,11:00
Med Gestapo i hælene - Dramatiseret guidet tur,Pas på du ikke bliver opdaget af Gestapo! Vores to guider - i karakter som modstandsfolkene Gerda og Jørgen - tager dig med tilbage til tiden under 2. Verdenskrig på en dramatiseret guidet tur i Kolding.,Søn. 26. apr. 2026 10:30 - 12:00,10:30
Guidet tur i Christiansfeld: Verdensarv i særklasse,Velkommen til UNESCO-byen Christiansfeld - en by med en enestående historie. Tag med os på en historisk byvandring gennem de smukke gader i Christiansfeld. Vores guide fortæller dig historier om Brødremenigheden og byens historie.,Søn. 26. apr. 2026 13:30 - 15:00,13:30
Gudstjeneste i Immanuelskirken ved Jan Holm Mortensen,,Søn. 26. apr. 2026,See description
Gudstjeneste i Hjarup Kirke,,Søn. 26. apr. 2026,See description
Fodbold alle søndage kl. 9.00,"Vi er en flok gamle gutter, der spiller fodbold for sjov, vores ældste mand er 87 år -yngste 38. Vi hedder KIF Oldboys, men langt de fleste har tidligere spillet i andre klubber, flere har aldrig spillet fodbold i en klub før KIF Oldboys.",Søn. 26. apr. 2026,See description
Gudstjeneste: Konfirmation i Almind Kirke,,Søn. 26. apr. 2026,10.30
Spring Copenhagen Lagersalg Kolding,,Søn. 26. apr. 2026,See description
Klippetiklop!,,Søn. 26. apr. 2026,09.30
Pudemin,,Søn. 26. apr. 2026,09.30
BabyClé,,Søn. 26. apr. 2026,09.30
Lille Bjørn og Legekassen,,Søn. 26. apr. 2026,09.30
Fusskopf,,Søn. 26. apr. 2026,09.30
Så blev farfar et spøgelse,,Søn. 26. apr. 2026,09.30
Himmelsange,,Søn. 26. apr. 2026,09.30
(h)op,,Søn. 26. apr. 2026,09.30
Damen der blev et træ,,Søn. 26. apr. 2026,09.30
Bold !,,Søn. 26. apr. 2026,09.30
Alfons Åberg,,Søn. 26. apr. 2026,09.30
Julies Julemission,,Søn. 26. apr. 2026,09.30
Kejserens nye klæder,,Søn. 26. apr. 2026,09.30
Lille Myr,,Søn. 26. apr. 2026,09.30
Lille frk. Larsens store kærlighed,,Søn. 26. apr. 2026,12.30
Engleagtig,,Søn. 26. apr. 2026,13.30
Verdens Stærkeste Mand,,Søn. 26. apr. 2026,13.30
Gratis squash,"Kom og prøv squash i Kolding KFUM Squash - helt uforpligtende! Har du lyst til at prøve kræfter med squash - alene eller sammen med andre?. Så kig forbi Kolding KFUM Squash hver søndag kl. 10:00-11:30 og prøv en sjov, svedig og social sport!",Søn. 26. apr. 2026,See description
"Fødselsdagsfest, Alfons Åberg!",,Søn. 26. apr. 2026,10.15
Mission: Bæver,"Animationsfilmen 'Mission: Bæver' er Disney og Pixars nyeste eventyr, der stiller spørgsmålet: Hvad hvis du kunne tale med dyr og forstå, hvad de siger?",Søn. 26. apr. 2026,10.15
Jytte og Lille Sol,,Søn. 26. apr. 2026,10.15
Gudstjeneste: Konfirmation,,Søn. 26. apr. 2026,10.30
Gudstjeneste: 3. s. e. påske,,Søn. 26. apr. 2026,10.30
Gudstjeneste ved Bent Oluf Damm,Gudstjeneste ved Peter Noer. Efterfølgende frokost og menighedsmøde.,Søn. 26. apr. 2026,10.30
Arnie & Barney,Det populære myremakkerpar Arnie og Barney fra 'Bien Maja'-universet er klar i deres helt egen biograffilm fyldt med hylende morsom slapstick-komik og fantasifuld underholdning for hele familien.,Søn. 26. apr. 2026,10.30
"Dans, lille måge, dans!",,Søn. 26. apr. 2026,10.30
Gudstjeneste,,Søn. 26. apr. 2026,10.30
Gudstjeneste 10.30,,Søn. 26. apr. 2026,10.30
Gudstjeneste i Vamdrup Kirke,,Søn. 26. apr. 2026,10.30
"Gudstjeneste - Vejen, sandheden og livet",,Søn. 26. apr. 2026,10.30
Gudstjeneste - Vejen og sandheden og livet,,Søn. 26. apr. 2026,10.30
Tyrstrup gudstjeneste,Gudstjeneste v/Annette Wiuf Christensen.,Søn. 26. apr. 2026,10.30
Højmesse ved Kristina Nilsson,,Søn. 26. apr. 2026,10.30
Gudstjeneste Seest ASA,,Søn. 26. apr. 2026,10.30
Højmesse ved Lars Seeberg,,Søn. 26. apr. 2026,10.30
Gudstjeneste i Kristkirken ved Jan Holm Mortensen,,Søn. 26. apr. 2026,10.30
Det hemmelige bibliotek 2,,Søn. 26. apr. 2026,10.45
Popcorn,,Søn. 26. apr. 2026,10.45
Super Mario Galaxy Filmen,Here we go. Again! Animationsfilmen 'Super Mario Galaxy Filmen' (The Super Mario Galaxy Movie) er fortsættelsen til Super Mario Bros. Filmen fra 2023 og denne gang bliver eventyret endnu større!,Søn. 26. apr. 2026,10.45
Alderskabinettet,,Søn. 26. apr. 2026,See description
Kalles Kat,,Søn. 26. apr. 2026,13.30
Et Juleeventyr,,Søn. 26. apr. 2026,13.45
En Lille Ny,,Søn. 26. apr. 2026,13.45
Jeg hedder Joop,,Søn. 26. apr. 2026,13.45
Verden imellem Os,,Søn. 26. apr. 2026,See description
Historien om Karl Bertil Johnssons Juleaften,,Søn. 26. apr. 2026,See description
Mr. Zap the Clown,,Søn. 26. apr. 2026,See description
Rivaler,,Søn. 26. apr. 2026,11.15
Humørhelt,,Søn. 26. apr. 2026,11.15
Intet,,Søn. 26. apr. 2026,11.15
Det Er Sandt,,Søn. 26. apr. 2026,11.30
Trip trap træsko,,Søn. 26. apr. 2026,13.30
Affektionsværdi,Joachim Triers nyeste film vandt Grand Prix i Cannes og har nu slået nordisk rekord med hele 9 Oscar-nomineringer!,Søn. 26. apr. 2026,See description
De forbandede år 3 - Fredens pris,"Året er 1945. Krigen er endelig slut. Danmark er frit, men splittet. Meget har ændret sig for familien Skov. Karl og Evas ægteskab er tyndslidt, og Eva beslutter at forlade sin mand.",Søn. 26. apr. 2026,15.30
Hjertebank,,Søn. 26. apr. 2026,12.15
Lille Amelie - Dansk Tale,Amélie er en lille belgisk pige født i Japan sidst i 1960'erne.,Søn. 26. apr. 2026,12.30
Wake Up!,,Søn. 26. apr. 2026,12.30
Project Hail Mary,I science fiction-filmen 'Project Hail Mary' skal Ryan Gosling redde jordens fremtid ved hjælp af en unik portion videnskab og humor!,Søn. 26. apr. 2026,12.45
Rundvisning - Mikkel Thomsen,"Idet rundvisningen foregår både udendørs og indendørs, anmoder vi om, at du er påklædt efter vejret. Venligst kom 10 min. før rundvisningen starter. Vi har P-pladser tæt på Harteværket. Varighed: 1,5 time. Arrangør: Harteværket.",Søn. 26. apr. 2026,See description
De Tre Tanter,,Søn. 26. apr. 2026,14.30
What Fires Together Wires Together,,Søn. 26. apr. 2026,14.30
Surprise,,Søn. 26. apr. 2026,13.45
Koramok,Jordrup sangkor og Broager egenskor Afholder koncert. Når entré til Koldinghus er betalt.,Søn. 26. apr. 2026,See description
Hamnet,"'Hamnet' er en film om kærlighed og tab, og handler om, hvad der inspirerede til skabelsen af Shakespeares tidløse mesterværk Hamlet.",Søn. 26. apr. 2026,14.30
Ludo,,Søn. 26. apr. 2026,See description
Harry Potter og fangen fra Azkaban,,Søn. 26. apr. 2026,15.15
Michael,'Michael' skildrer en af de mest indflydelsesrige kunstnere nogensinde.,Søn. 26. apr. 2026,15.45
KIF Kolding vs. Aarhus Håndbold,Afgørelsens time!! 3. og sidste playoff kamp i 1. division. Nu skal det afgøres hvem der skal møde HØJ Elite i kampen om at rykke op i landets bedste række.,Søn. 26. apr. 2026,17:00
De Forbandede År 3 - Fredens pris - Dk. tekster,"Året er 1945. Krigen er endelig slut. Danmark er frit, men splittet. Meget har ændret sig for familien Skov, Karl og Evas ægteskab er tyndslidt, og Eva beslutter at forlade sin mand.",Søn. 26. apr. 2026,See description
The Drama,"Filmen 'The Drama' handler om et lykkeligt par, hvis forhold bliver sat på prøve, da en uventet indrømmelse kommer på bordet. Emma og Charlie elsker hinanden og glæder sig til både bryllup og et liv sammen.",Søn. 26. apr. 2026,18.40
Flagermusen,"Operettten over dem alle: Johann Strauss' ""Flagermusen"". Det er den eviggrønne klassiker om det bedre borgerskabs problemer. Her rykket fra 1870'ernes Wien frem til 1980'ernes Danmark. Musik på højeste niveau. For unge og voksne - et kig på os selv.

  Arrangeret af Kolding Teaterforening.",Søn. 26. apr. 2026,19.30
Koncert i Nr. Bjert Kirke - fløjte og orgel i smuk forening,"Nr. Bjert Kirke inviterer til en stemningsfuld koncert fredag den 26. april kl. 19.30, hvor organist Poul Skjølstrup Larsen og fløjtenist Eva Østergaard sammen skaber en aften med både nærvær, virtuositet og musikalsk overskud.",Søn. 26. apr. 2026,19.30
Klassefesten 4 - Venner for livet,"I den danske komedie 'Klassefesten 4 - Venner for livet' er kammeraterne tilbage for fjerde gang! Men, intet er som det plejer!",Søn. 26. apr. 2026,20.50
Lee Cronin's The Mummy,"En ung pige forsvinder sporløst i ørkenen. Otte år senere bliver hendes knuste familie chokeret, da hun vender tilbage til dem. Det, der burde være en glædelig genforening, forvandles til et levende mareridt.",Søn. 26. apr. 2026,21.15
Southern Avenue (US),"Southern Avenue, det Blues Music Award-vindende og GRAMMY-nominerede familieband fra Memphis, spiller original Memphis-blues, moderne soul og gospel-inspireret rootsmusik, der er både opløftende og ti.",Man. 27. apr. 2026,See description
Kim Fupz Aakeson: Skyggen foran mig,"Kom og hør Kim Fupz Aakeson fortælle om Skyggen foran mig, der er nomineret til DR Romanprisen. Romanen handler om en mand, der løslades fra fængslet - efter at have tilbragt mange år i et fællesskab med mænd, der alle har gjort noget fatalt.

  Arrangeret af Litteratur6000.",Man. 27. apr. 2026 19:30 - 21:00,19:30
Knuds Garage International Pubquiz,English Pubquiz at Knuds Garage Come to a pub quiz in a cozy setting with 20 questions.,Man. 27. apr. 2026 20:30 - 22:30,20:30
Badminton,"Du medbringer en ketcher og bolde. Der spilles stort set kun double, da dette er det mest sociale og ikke så hårdt fysisk.",Man. 27. apr. 2026,See description
Styrke /ryg træning i Arena Syd VAMDRUP,"I Styrkeryg trænings timen arbejdes der med alle kroppens muskler. Vi bruger elastik, som kan købes hos IFA. Husk måtte til styrkeøvelser på gulvet.",Man. 27. apr. 2026,See description
Aerobic,"Vore aerobictimer er tilpasset så alle kan deltage. Der laves små serier kombineret med hop og løb. Det er fedtforbrændende og konditionstrænende. Husk måtte til gulvøvelser, hvor der trænes mave og ryg.",Man. 27. apr. 2026,10.15
Krolfspil for senior,"Krolf er et rigtig hyggelig spil, hvor alle kan deltage. Det er en blanding af golf og kroket. Praktisk påklædning efter vejret, gerne kraftige sko eller i regnvejr gummistøvler.",Man. 27. apr. 2026,09.30
Stavgang/ gåture,"Der kan som udgangspunkt lånes stave i IFA de første par gange. Der vil hver gang være mulighed for instruktion i stavgangsteknik, ligesom der som regel er mulighed fora t vælge hold med forskellige tempi.",Man. 27. apr. 2026,11.30
Styrke/ryg træning,"Her styrkes alle kroppens muskler, så ryggen kan klare hverdagen. Husk vandflaske og en måtte til gulvøvelserne.",Man. 27. apr. 2026,10.45
I Swear,"I dramaet 'I Swear' fortælles den sande historie om en sand ener, John Davidson.",Man. 27. apr. 2026,11.30
Affektionsværdi,"Det norske drama 'Affektionsværdi' følger søstrene Nora (Renate Reinsve) og Agnes (Inga Ibsdotter Lilleaas), som genforenes med deres far Gustav (Stellan Skarsgård) - en førhen ganske feteret instruktør, som drømmer om det store comeback.",Man. 27. apr. 2026,11.30
Super Mario Galaxy Filmen,Here we go. Again! Animationsfilmen 'Super Mario Galaxy Filmen' (The Super Mario Galaxy Movie) er fortsættelsen til Super Mario Bros. Filmen fra 2023 og denne gang bliver eventyret endnu større!,Man. 27. apr. 2026,11.30
De forbandede år 3 - Fredens pris,"Året er 1945. Krigen er endelig slut. Danmark er frit, men splittet. Meget har ændret sig for familien Skov. Karl og Evas ægteskab er tyndslidt, og Eva beslutter at forlade sin mand.",Man. 27. apr. 2026,11.40
Mandehørm (styrke for mænd),"Som navnet siger - styrke kun for mænd. Der arbejdes med vægte så ""bøfferne"" holdes ved lige. Endvidere styrke af ryg og mave. Bækkenbunds træning er ikke kun for kvinder. Kom og lær din bækkenbund at kende.",Man. 27. apr. 2026,See description
Stram op,"Efter ca. 35 min. ""opvarmning"", hvor pulsen stiger, strammer vi maven, ballerne, lårene og ryggen op med forskellige øvelser. Med og uden elastikker. Husk vandflaske og måtte til gulvøvelserne.",Man. 27. apr. 2026,See description
Deltag i turneringer. Få åbningskendskab,Deltagelse i klubturneringen. Deltagelse i holdturneringen mod spillere fra andre klubber. Teori og åbningskendskab.,Man. 27. apr. 2026,See description
Project Hail Mary,I science fiction-filmen 'Project Hail Mary' skal Ryan Gosling redde jordens fremtid ved hjælp af en unik portion videnskab og humor!,Man. 27. apr. 2026,13.45
The Drama,"Filmen 'The Drama' handler om et lykkeligt par, hvis forhold bliver sat på prøve, da en uventet indrømmelse kommer på bordet. Emma og Charlie elsker hinanden og glæder sig til både bryllup og et liv sammen.",Man. 27. apr. 2026,14.30
Motionsdamer,Traditionel motionsgymnastik for damer. Alle kan deltage uanset alder og skavanker.,Man. 27. apr. 2026,15.20
De Forbandede År 3 - Fredens pris - Dk. tekster,"Året er 1945. Krigen er endelig slut. Danmark er frit, men splittet. Meget har ændret sig for familien Skov, Karl og Evas ægteskab er tyndslidt, og Eva beslutter at forlade sin mand.",Man. 27. apr. 2026,See description
Bogklubben Bogmestrene: mandagsklubben,"Vær med i børnebibliotekets bogklub, hvor der kun er tre regler!",Man. 27. apr. 2026,See description
Hamnet,"'Hamnet' er en film om kærlighed og tab, og handler om, hvad der inspirerede til skabelsen af Shakespeares tidløse mesterværk Hamlet.",Man. 27. apr. 2026,16.30
Litterær Salon: Meter i sekundet,"Sammen med Kolding Teaterforening inviterer vi til læsekreds, spisning og forestilling.",Man. 27. apr. 2026,16.30
Linedance / Absolut Begynder,For dem der aldrig har prøvet linedance før.,Man. 27. apr. 2026,17.55
Floorball U9-U11,"Husk indendørssko og gerne sportstøj, vi sørger for resten :-).",Man. 27. apr. 2026,18.30
Fællesskab & Forkælelse - en aften for krop og sind hos Dorotheas Badestue,"Kreds Kolding inviterer til Fællesskab & Forkælelse - en aften for krop og sind hos Dorotheas Badestue ved slotssøbadet i Kolding. Vi glæder os til at møde dig/jer.

  Arrangeret af Kræftforeningen Tidslerne.",Man. 27. apr. 2026,See description
Gå-/Løbe-fællesskab,"Gå- & løbe-fællesskab, hvor minimum en frivillig fra HG&IF deltager på holdene. Så har du svært ved at komme afsted selv, så kom og vær med. Det forpligtiger lidt mere når man ved andre venter :-). Der er 3 niveauer: 1) Gå-holdet.",Man. 27. apr. 2026,17.15
Hip Hop/ Funk (10-12 årige),"Er du vild med at danse foran spejlet? Og kan du ikke sidde stille, når der sættes musik på? Til hiphop/funk sætter vi gang i festen. Der vil blive arbejdet med koreografier, attitude og styrketræning.",Man. 27. apr. 2026,17.30
Ungdomstræning,"Badminton i Kolding KFUM Badminton er for alle uanset niveau. Hos os er det vigtigt at have det sjovt når man dyrker motion og sport, derfor er der ingen krav om hverken niveau eller kondition.",Man. 27. apr. 2026,See description
Linedance / Begynder,For dem der kender lidt til grundtrin.,Man. 27. apr. 2026,18.05
Mma - for alle,"Muay Thai og MMA træning for nye og erfarende udøvere. Holdet giver plads til at nørde basis-teknik, udvikle skills og skabe flow - uanset om du er helt ny eller allerede træner fast.",Man. 27. apr. 2026,18.30
Kim Fupz Aakeson,"Kim Fupz Åkeson fortæller om romanen ""Skyggen foran mig"". En mand løslades efter mange år i fængsel og flytter ind hos en gammel ven. Han er som et barn, uden pas, uden sundhedskort, uden NemID. Det eneste han har, er en ide om at gå helt til Verdens Ende.

  Arrangeret af Litteratur6000.",Man. 27. apr. 2026,See description
Motionsherrer,Traditionel motionsgymnastik for herrer. Alle kan deltage uanset alder og skavanker. Holdet er meget socialt og har et godt sammenhold.,Man. 27. apr. 2026,See description
Litteratur6000: Kim Fupz Aakeson: Skyggen foran mig,"Kim Fupz Aakeson fortæller om ""Skyggen foran mig"".",Man. 27. apr. 2026,See description
Kom og spil kegler - hver mandag aften (55+ år),"HUSK indendørssko! Hvordan spiller man kegler?. Man starter med at indtage en ""startstilling"". Denne afhænger af hvilken teknik man bruger. Kaster man med to hænder, stiller man sig med spredte ben hen over linoleumsstykket.",Man. 27. apr. 2026,See description
Linedance / Begynder +,For dem der kender de fleste grundtrin.,Man. 27. apr. 2026,19.10
Rytme Quinder,Moderne rytmegymnastik. Sæsonen afsluttes med ca. 3 opvisninger.,Man. 27. apr. 2026,19.15
Mixhold voksen,"Fælles opvarmning hvor alle kan være med, øvelser og afslutter ofte med kamp. God stemning og fokus på at der er plads til alle.",Man. 27. apr. 2026,19.15
Spillet om H2O,,Man. 27. apr. 2026,19.30
Meter i sekundet,"Stine Pilgaards anmelderroste bestseller og den efterfølgende filmatisering blev en kæmpe succes. I Folketeatrets komedie inviteres alle til et musikalsk og komprimeret højskoleophold i Velling.

  Arrangeret af Kolding Teaterforening.",Man. 27. apr. 2026,19.30
Father Mother Sister Brother,"Er den nye, længeventede film fra manuskriptforfatter / instruktør Jim Jarmusch.",Man. 27. apr. 2026,19.30
Linedance / Let øvet,For dem der kan alle grundtrin og lyst til større udfordringer.,Man. 27. apr. 2026,20.10
Lee Cronin's The Mummy,"En ung pige forsvinder sporløst i ørkenen. Otte år senere bliver hendes knuste familie chokeret, da hun vender tilbage til dem. Det, der burde være en glædelig genforening, forvandles til et levende mareridt.",Man. 27. apr. 2026,21.15
På sporet af Trapholts historie,"Hvordan hænger to tandlæger, en berømt æbleplantage og kunstmuseet Trapholt sammen? Kolding Stadsarkiv inviterer publikum indenfor i arkivets maskinrum, hvor vi går på opdagelse i historien om Trapholts tilblivelse.",Tir. 28. apr. 2026 17:00-18:30,17:00
Vores Kim Larsen - Mark & Christoffer med gæst Justine Boesen,"Tag med på en musikalsk rejse gennem Kim Larsen og Gasolins legendariske univers, når duoen Mark & Christoffer i selskab med den talentfulde folkemusiker Justine Boesen inviterer til en akustisk hyldest til en af Danmarks største sangskrivere.",Tir. 28. apr. 2026 19:30 - 21:30,19:30
Motionsgymnastik,"Har du lyst til at få rørt hele kroppen og få sved på panden, så er disse timer noget for dig. En gymnastiktime med højt humør og dejlig inspirerende musik. Men pas på, - du bliver hurtig afhængig !!!",Tir. 28. apr. 2026,See description
Bodybike,Fuld fart på pedalerne og gang i svedproduktionen. HUSK vand og spinningsko. Her er konditionstræning for alle pengene.,Tir. 28. apr. 2026,09.30
Børnebiffen - Filmpakke 1 - Fra 3 år,"Den lille ridder. Instruktør: Per Fly. Der var engang en lille dreng, som boede i et rige, hvor skænderier, slåskampe, raseri og vrede var forbudt, så der var ikke længere brug for riddere.",Tir. 28. apr. 2026,See description
Styrke/ryg træning,"Her styrkes alle kroppens muskler, så ryggen kan klare hverdagen. Husk måtte til gulvøvelser.",Tir. 28. apr. 2026,See description
Vandgymnastik,"Træning i vand til god musik. Vi træner kroppens center, med fokus på ryg og mave, og bruger vandets modstand til at styrke alle kroppens muskler.",Tir. 28. apr. 2026,See description
Intervaltræning,"Med et antal trænings skift, veksler man mellem øvelser for både styrke og kondition. Inden for kort tid opnår man stor effekt. Der er fuld fart på, og man får virkelig sved på panden og pulsen op. Så kom og prøv.",Tir. 28. apr. 2026,See description
Mission: Bæver,"Animationsfilmen 'Mission: Bæver' er Disney og Pixars nyeste eventyr, der stiller spørgsmålet: Hvad hvis du kunne tale med dyr og forstå, hvad de siger?",Tir. 28. apr. 2026,11.30
De forbandede år 3 - Fredens pris,"Året er 1945. Krigen er endelig slut. Danmark er frit, men splittet. Meget har ændret sig for familien Skov. Karl og Evas ægteskab er tyndslidt, og Eva beslutter at forlade sin mand.",Tir. 28. apr. 2026,11.30
Super Mario Galaxy Filmen,Here we go. Again! Animationsfilmen 'Super Mario Galaxy Filmen' (The Super Mario Galaxy Movie) er fortsættelsen til Super Mario Bros. Filmen fra 2023 og denne gang bliver eventyret endnu større!,Tir. 28. apr. 2026,16.20
Affektionsværdi,"Det norske drama 'Affektionsværdi' følger søstrene Nora (Renate Reinsve) og Agnes (Inga Ibsdotter Lilleaas), som genforenes med deres far Gustav (Stellan Skarsgård) - en førhen ganske feteret instruktør, som drømmer om det store comeback.",Tir. 28. apr. 2026,12.15
Let's Dance,"Ved brug af skøn musik til mange forskellige dansearter, sammen med enkelte dansetrin kommer forbrændingen i vejret og kroppen fyldes med energi - samtidig med at det er sjovt og nemt at lære- Alle kan være med - unge som ældre, mænd og kvinder, hvis bare.",Tir. 28. apr. 2026,See description
Kom og spil kegler (For alle niveauer - 55+ år),"HUSK indendørssko! Hvordan spiller man kegler?. Man starter med at indtage en ""startstilling"". Denne afhænger af hvilken teknik man bruger. Kaster man med to hænder, stiller man sig med spredte ben hen over linoleumsstykket.",Tir. 28. apr. 2026,See description
"Ilden, Vandet, Jorden, Luften","Klimaforandringerne er her nu - også i Danmark og i hele Norden. Skovbrande breder sig i Sverige, havene stiger i Danmark, stormene bliver voldsommere på Færøerne, og landskabet skrider i Norge. Naturen giver os tydelige tegn.",Tir. 28. apr. 2026,See description
Klassefesten 4 - Venner for livet,"I den danske komedie 'Klassefesten 4 - Venner for livet' er kammeraterne tilbage for fjerde gang! Men, intet er som det plejer!",Tir. 28. apr. 2026,See description
I Swear,"I dramaet 'I Swear' fortælles den sande historie om en sand ener, John Davidson.",Tir. 28. apr. 2026,14.30
Gudstjeneste med nadver,,Tir. 28. apr. 2026,14.30
Minder om ham,"Efter løsladelsen fra fængslet forsøger en kvinde at genopbygge relationen til sin unge datter, men møder modstand fra alle - undtagen en barejer med en særlig forbindelse til barnet.",Tir. 28. apr. 2026,14.50
Bogklubben Bogmestrene: tirsdagsklubben,"Vær med i børnebibliotekets bogklub, hvor der kun er tre regler!",Tir. 28. apr. 2026,See description
Ninja kids - 4 til 7 år,"Er for børn i alderen 4 til ca. 7 år. Her bliver hovedsageligt trænet motorik, leget og ""tumlet"" på madrassen og der sluttes altid af med at ""bryde/slås for sjov"".",Tir. 28. apr. 2026,16.30
Bowling for ungdom (5-18 år),"Til vores træninger er timen delt op i 3 sektioner opvarmning/træningsøvelser/bowling & leg. Vi starter med en fælles opvarmning, for at få kroppen igang og klar til træningen.",Tir. 28. apr. 2026,16.30
Tyrstrup englesangs-koncert i kirken,"Englesang i Christiansfeld Tyrstrup Kirke danner tirsdag den 28. april rammen om en vaskeægte englesangskoncert, når Therese og Daniel Eichenwald denne dag tager børn og børnefamilier med ind i parrets sangunivers af nye såvel som gamle, kristne sange for.",Tir. 28. apr. 2026,See description
Begynderhold,"Som nybegynder eller let øvet, går meget af træningen ud på at indøve de helt basale teknikker som stød, parader, spark og stillinger, samt de grundlæggende japanske termer, der bruges.",Tir. 28. apr. 2026,See description
Realistisk selvforsvar for alle (9+ år),Vi træner selvforsvar på mix hold tirsdage og torsdage fra kl 18:30 til 20:00 kom ned i klubben og prøv om det er noget for dig.,Tir. 28. apr. 2026,18.30
Lytteklubben Musik uden grænser,"En rocklytteklub, hvor man graver god musik frem for hinanden og i fællesskab lytter koncentreret.",Tir. 28. apr. 2026,See description
Tennistræning for seniorer,"Niveau Beskrivelse. 1 Begynder. Har ikke tidligere modtaget træning og spillere som har spillet 1-2 sæsoner. Ønsker at lære de grundlæggende principper og teknik, og møde andre nystartede. 2 Let øvet.",Tir. 28. apr. 2026,See description
Prøv squash med koldings bedste,"Om tirsdagen er der altid fælles træning, og der er mulighed for at komme forbi og prøve det.",Tir. 28. apr. 2026,See description
Tennis 5-8 årige,Udendørstræning: 1. Maj 2022 - 16. September 2022.,Tir. 28. apr. 2026,17.15
The Drama,"Filmen 'The Drama' handler om et lykkeligt par, hvis forhold bliver sat på prøve, da en uventet indrømmelse kommer på bordet. Emma og Charlie elsker hinanden og glæder sig til både bryllup og et liv sammen.",Tir. 28. apr. 2026,17.30
Begynder brydning - 7 til 13 år,"Træningen består af kampleg, akrobatik, koordinationsøvelser samt bryde relaterede øvelser. Her læres at slå de mest basale brydegreb, og under træning får de også mulighed for at bryde rigtigt.",Tir. 28. apr. 2026,17.30
Fodbold alle tirsdage kl. 18.00,"Vi er en flok gamle gutter, der spiller fodbold for sjov, vores ældste mand er 87 år -yngste 38. Vi hedder KIF Oldboys, men langt de fleste har tidligere spillet i andre klubber, flere har aldrig spillet fodbold i en klub før KIF Oldboys.",Tir. 28. apr. 2026,See description
Hold 3 (13 år +),"Vores største hold. Her er plads til både eliten, talenterne, og dem der bare gerne vil have sved på panden og lære at bryde. Teknik træningen slutte kl. 19.30 fra 19.30 til 20.00 er der Open Mat.",Tir. 28. apr. 2026,18.30
Krolf for alle - aften,"Til træning der spiller vi 2-3 runder, vi har i alt 4 forskellige baner man kan komme og prøve. Det man får ud af det er: at møde nye mennesker, hyggeligt socialt samvær, venskaber for alle aldersgrupper. Man skal huske varmt tøj til tider.",Tir. 28. apr. 2026,18.30
De Forbandede År 3 - Fredens pris - Dk. tekster,"Året er 1945. Krigen er endelig slut. Danmark er frit, men splittet. Meget har ændret sig for familien Skov, Karl og Evas ægteskab er tyndslidt, og Eva beslutter at forlade sin mand.",Tir. 28. apr. 2026,See description
Atomkraft i Danmark?,"Med jagten på nye energiformer er spørgsmålet, om det er blevet tid til atomkraft i Danmark.",Tir. 28. apr. 2026,20.30
Meditativ bibellæsning,Fælles læsning og samtale om én af den kommende søndags tekster.,Tir. 28. apr. 2026,See description
Kegler for hele familien,"De fleste har prøvet bowling eller set spillet. Man kan godt sammenligne at spille bowling med kegler. Forskellen på disse 2 spil er, at kuglen er mindre i kegler, og uden huller til fingrene.",Tir. 28. apr. 2026,See description
Seniortræning Bowling,"Til vores bowlingtræninger er den sociale hygge i højsædet. Alle fra begyndere til øvede kan være med, og der mulighed for træningsøvelser eller en dyst mod andre bowlingspillere fra klubben.",Tir. 28. apr. 2026,19.15
Spillet om H2O,,Tir. 28. apr. 2026,19.30
Vores Kim Larsen - Mark & Christoffer,OBS: unummererede siddepladser. Vores Kim Larsen - Mark & Christoffer. m/ gæst Justine Boesen. En akustisk hyldest til Kim Larsens sangskat.,Tir. 28. apr. 2026,19.30
En kage til præsidenten,"Iraks officielle Oscar-kandidat 2026! Vinder af Camera D'Or på Cannes Film Festival. Irak, 1990'erne.",Tir. 28. apr. 2026,19.30
Emma Rawicz & Viridan Trio,Moderne jazz med kant og nærvær fra et af Europas stærkeste unge saxofontalenter.,Tir. 28. apr. 2026,19.30
Grappling og Brazilian jiu-jitsu,Grappling og BJJ for alle niveauer.,Tir. 28. apr. 2026,See description
Lee Cronin's The Mummy,"En ung pige forsvinder sporløst i ørkenen. Otte år senere bliver hendes knuste familie chokeret, da hun vender tilbage til dem. Det, der burde være en glædelig genforening, forvandles til et levende mareridt.",Tir. 28. apr. 2026,21.15
Mavedans for let øvede,Arrangeret af FOF Sydjylland.,Tir. 28. apr. til tir. 23. jun. 2026 9 mødegange,18.30
Guidet tur i Christiansfeld: Verdensarv i særklasse,Velkommen til UNESCO-byen Christiansfeld - en by med en enestående historie. Tag med os på en historisk byvandring gennem de smukke gader i Christiansfeld. Vores guide fortæller dig historier om Brødremenigheden og byens historie.,Ons. 29. apr. 2026 13:30 - 15:00,13:30
Slaget ved Kolding - dramatiseret byvandring,"Karaktererne enkefru Karen Jensen og major Victor Knabstrup tager jer med igennem Koldings gader, mens de mindes de voldsomme gadekampe, de tapre soldater og pressede koldingensere.",Ons. 29. apr. 2026 19:00 - 20:30,19:00
George Michael Xperience - Hyldest til legenden,"For alle George Michael-fans venter der en helt særlig oplevelse: GEORGE MICHAEL XPERIENCE bringer magien, stemmen og stemningen fra den elskede superstjerne tilbage på scenen.",Ons. 29. apr. 2026 19:00 - 21:30,19:00
Flyverhjemmeværnets jubilæumskoncert,"Oplev Flyverhjemmeværnets 70-års jubilæumskoncert i Kirkesalen på Koldinghus. Med sig har orkestret Amalie Dollerup som solist, så der er garanti for en festlig og hyggelig aften!",Ons. 29. apr. 2026 19:00-21:00,19:00
Pubquiz På Knuds garage,"Hver Onsdag kl 20, kan du komme på Knuds Garage og få din paratviden udfordret.",Ons. 29. apr. 2026 20:00 - 23:00,20:00
Motionsgymnastik i Arena Syd VAMDRUP,"Har du lyst til at få rørt hele kroppen og få sved på panden, så er disse timer noget for dig. En gymnastiktime med højt humør og dejlig inspirerende musik. Men pas på, - du bliver hurtig afhængig !!!",Ons. 29. apr. 2026,See description
Pickleball,"Er en ketsjersport, der spilles med en let bold og et paddle (hårdt bat). Pickleball spilles på en bane i badmintonstørrelse, med tennis-lignende net. Der er elementer fra andre ketsjer/ bat spil - som tennis, squash, badminton og bordtennis.",Ons. 29. apr. 2026,See description
Vandgymnastik,"Træning i vand til god musik. Vi træner kroppens center, med fokus på ryg og mave, og bruger vandets modstand til at styrke alle kroppens muskler.",Ons. 29. apr. 2026,See description
Babysalmesang,"Sammen vil vi synge, nynne, danse, vugge, og lytte os igennem velkendte sange og salmer i en afslappet og rolig atmosfære. Vi vil puste sæbebobler og spille på rasleæg, og meget mere. Vi vil bruge vores krop og vores stemme.",Ons. 29. apr. 2026,See description
Børnebiffen - Filmpakke 1 - Fra 5 år,"Ernst på togrejse. Instruktør: Alice de Champfleury. Ernst og mor skal med toget ud af byen på en lille ferie. Inde i toget finder mor deres pladser, og Ernst går ud på gangen og kigger ud af vinduet.",Ons. 29. apr. 2026,See description
Krolf,"Vi spiller krolf fra april til og med juni måned og igen fra august til oktober. Der er køller og bolde til udlån - og vi opfordrer ALLE der har lyst, til at komme og prøve.",Ons. 29. apr. 2026,See description
Petanque,"Kolding KFUM Senioridræt er er forening for senior der kan være aktive om dagen. Alle kan deltage og der lægges stor vægt på det sociale, så der er altid kaffepause. Der er kugle at spille med, så sørg for påklædning der passer til vejret.",Ons. 29. apr. 2026,See description
Let's dance i arena syd vamdrup,"Ved brug af den skønne musik sammen med enkelte dansetrin kommer forbrændingen i vejret og kroppen fyldes med energi - samtidig med at det er sjovt og nemt at lære- Alle kan være med - unge som ældre, mænd og kvinder.",Ons. 29. apr. 2026,10.15
Funktionel / balancetræning,"Funktionel træning fokuserer på naturlige bevægelser, som den menneskelige krop allerede er skabt til at lave. Bevægelser som at løfte, trække, rotere eller skubbe, er bevægelser som vi allerede laver, eller kan få brug for i dagligdagen.",Ons. 29. apr. 2026,10.30
Vandgymnastik i Kongeåbadet VAMDRUP,"Træning i vand til god musik. Vi træner kroppens center, med fokus på ryg og mave, og bruger vandets modstand til at styrke alle kroppens muskler.",Ons. 29. apr. 2026,See description
Mission: Bæver,"Animationsfilmen 'Mission: Bæver' er Disney og Pixars nyeste eventyr, der stiller spørgsmålet: Hvad hvis du kunne tale med dyr og forstå, hvad de siger?",Ons. 29. apr. 2026,11.30
Hopper og det mystiske Murmeldyr,Dybt inde i et hemmeligt bjerg gemmer der sig ifølge gamle legender et mystisk murmeldyr med en helt særlig evne: Det kan skrue tiden tilbage!,Ons. 29. apr. 2026,11.30
Project Hail Mary,I science fiction-filmen 'Project Hail Mary' skal Ryan Gosling redde jordens fremtid ved hjælp af en unik portion videnskab og humor!,Ons. 29. apr. 2026,11.50
De forbandede år 3 - Fredens pris,"Året er 1945. Krigen er endelig slut. Danmark er frit, men splittet. Meget har ændret sig for familien Skov. Karl og Evas ægteskab er tyndslidt, og Eva beslutter at forlade sin mand.",Ons. 29. apr. 2026,See description
Affektionsværdi,"Det norske drama 'Affektionsværdi' følger søstrene Nora (Renate Reinsve) og Agnes (Inga Ibsdotter Lilleaas), som genforenes med deres far Gustav (Stellan Skarsgård) - en førhen ganske feteret instruktør, som drømmer om det store comeback.",Ons. 29. apr. 2026,12.30
Michael,"Filmen 'Michael' skildrer en af de mest indflydelsesrige kunstnere nogensinde, Michael Jackson.",Ons. 29. apr. 2026,12.40
Kom og spil kegler (For alle niveauer - 55+ år),"HUSK indendørssko! Hvordan spiller man kegler?. Man starter med at indtage en ""startstilling"". Denne afhænger af hvilken teknik man bruger. Kaster man med to hænder, stiller man sig med spredte ben hen over linoleumsstykket.",Ons. 29. apr. 2026,See description
Father Mother Sister Brother,"Er den nye, længeventede film fra manuskriptforfatter / instruktør Jim Jarmusch.",Ons. 29. apr. 2026,See description
Super Mario Galaxy Filmen,Here we go. Again! Animationsfilmen 'Super Mario Galaxy Filmen' (The Super Mario Galaxy Movie) er fortsættelsen til Super Mario Bros. Filmen fra 2023 og denne gang bliver eventyret endnu større!,Ons. 29. apr. 2026,14.15
Bueskydning,Vi skyder med bue og pile mod en skive. Det kræver stor koncentration når man skyder. Man kommer til hallen (hal 2 i Pulzion) og bliver mødt af en der tager sig af dig. Du vil blive introduceret for alle så i ved hvem i er.,Ons. 29. apr. 2026,14.20
Rundvisning - Harteværket,"Oplev historien for opførelsen af Danmarks første vandkraftværk, som blev indviet i 1920. En utrolig spændende historie, som også i fremtiden vil have en vigtig rolle for Kolding i forbindelse med de klimatilpasninger, som er forberedt på Harteværket.",Ons. 29. apr. 2026,See description
"Sogneeftermiddag: ""Præstehistorier""","Med Johannes Gjesing - som er sognepræst og har levet sit præsteliv i Sønderjylland begyndende med Halk mod øst og nu Gram og Fole i vest. Han vil med humor fortælle om mennesker, han har mødt, og deres betydning for hans møde med Sønderjylland.",Ons. 29. apr. 2026,See description
I Swear,"I dramaet 'I Swear' fortælles den sande historie om en sand ener, John Davidson.",Ons. 29. apr. 2026,15.15
Tennistræning for juniorer mellem 7 og 17 år,"Gå til tennis hos KIF Tennis og få gratis træning. Nu starter vi igen hold for juniorer - et for 7-11 årige og et for 12-15 årige. Vi har et super godt trænerteam, og et godt fællesskab.",Ons. 29. apr. 2026,See description
Filmlæseklubben: Slottet af Franz Kafka,"Læs bogen ""Slottet"" af Franz Kafka og se filmen ""The Castle"".",Ons. 29. apr. 2026,21.10
De Forbandede År 3 - Fredens pris - Dk. tekster,"Året er 1945. Krigen er endelig slut. Danmark er frit, men splittet. Meget har ændret sig for familien Skov, Karl og Evas ægteskab er tyndslidt, og Eva beslutter at forlade sin mand.",Ons. 29. apr. 2026,16.30
"Ilden, Vandet, Jorden, Luften","Klimaforandringerne er her nu - også i Danmark og i hele Norden. Skovbrande breder sig i Sverige, havene stiger i Danmark, stormene bliver voldsommere på Færøerne, og landskabet skrider i Norge. Naturen giver os tydelige tegn.",Ons. 29. apr. 2026,See description
Linedance/ Absolut Begynder,For dem der aldrig har prøvet før.,Ons. 29. apr. 2026,17.55
Hockey for voksne med særlige behov,"Til hockey er der plads til alle uanset niveau. Efter en god opvarmning, træner vi med hockeystave og puck, hvor vi øver i at skyde til hinanden samt at skyde på mål. Hvis du ikke har prøvet at spille hockey før, skal du nok blive sat ind i reglerne.",Ons. 29. apr. 2026,See description
Menighedsrådsmøde,,Ons. 29. apr. 2026,See description
Brætspilsklubben,"Elsker du brætspil, og mangler du et hyggeligt fællesskab at spille sammen med?",Ons. 29. apr. 2026,20.30
Voksenfritteren,"Er et fællesskab for voksne, der elsker at hygge og være kreative sammen.",Ons. 29. apr. 2026,See description
Forårets temasmagning - Slovenien,,Ons. 29. apr. 2026,17:30
Ungdomstræning,"Badminton i Kolding KFUM Badminton er for alle uanset niveau. Hos os er det vigtigt at have det sjovt når man dyrker motion og sport, derfor er der ingen krav om hverken niveau eller kondition.",Ons. 29. apr. 2026,17.30
Motionsmix,Sjov motionsgymnastik for både damer og herrer. Alle kan deltage uanset alder og skavanker.,Ons. 29. apr. 2026,See description
Linedance / Begynder,For dem der kender lidt til grundtrin.,Ons. 29. apr. 2026,18.05
Karate unge (13+) og voksne,"Hvad er karate?. Karate er først og fremmest selvforsvar! Når vi træner, så passer vi godt på hinanden. Men når man først er lidt øvet, så går vi tæt på hinanden - og man kan godt få et blåt mærke med hjem.",Ons. 29. apr. 2026,18.30
Slutspilskamp HH Elite vs. Viborg,"Vi er nået til 3. slutspilskamp, og denne gang er det Viborg, der kommer på besøg. Sidst vi mødte Viborg på hjemmebane, var det en intens kamp, hvor vi til slut træk fra og fik 2 point med. Vi går selvfølgelig efter det samme denne gang.",Ons. 29. apr. 2026,18.30
Krolf for alle - aften,"Til træning der spiller vi 2-3 runder, vi har i alt 4 forskellige baner man kan komme og prøve. Det man får ud af det er: at møde nye mennesker, hyggeligt socialt samvær, venskaber for alle aldersgrupper. Man skal huske varmt tøj til tider.",Ons. 29. apr. 2026,18.30
The Castle N,Engelske undertekster. With english subtitles. Denne gang skal vi læse 'Slottet' af Franz Kafka.,Ons. 29. apr. 2026,See description
Kolding - FAST TRACK - er du klar til at stoppe med at vente?,Fast track - er du klar til at stoppe med at vente?. Elsker du at stå i kø og vente og vente og vente?. Så er denne aften nok ikke for dig. Men hvis du har lyst til:.,Ons. 29. apr. 2026,21.30
Girls night out - the Devil Wears Prada 2,Onsdag den 29. april kan du opleve Meryl Streep i djævelsk topform til GIRLS NIGHT OUT på 'The Devil Wears Prada 2'!Fortsættelsen til kæmpehittet fra 2006 er en af årets mest hypede film og alle de originale stjerner vender tilbage i de ikoniske roller.Gå.,Ons. 29. apr. 2026,19.30
Filosofisk salon med TÆNKEPAUSE i kirkerummet,"Vi samles øverst i kirkerummet på stole og forreste bænk. Vi har læst en TÆNKEPAUSE (50 letlæste sider om et filosofisk emne/begreb) Vi laver en runde, hvor vi hver især peger på forskellige emner i teksten/emnet, det er spændende at tale om.",Ons. 29. apr. 2026,19.30
George Michael Xperience // Væveriet Kolding,GEORGE MICHAEL XPERIENCE - En uforglemmelig hyldest til en musikalsk legende.,Ons. 29. apr. 2026,See description
Prøvetræning til seniortræning/spil,"Kom og prøv dine kræfter med badminton, hvad enten du er nybegynder eller øvet. Vi starter med fælles opvarming eller lille spil. Vi følger op med evt. træning/øvelse.",Ons. 29. apr. 2026,See description
Linedance / Letøvet,For dem der kender alle grundtrin og har lyst til større udfordringer.,Ons. 29. apr. 2026,20.10
Klassefesten 4 - Venner for livet,"I den danske komedie 'Klassefesten 4 - Venner for livet' er kammeraterne tilbage for fjerde gang! Men, intet er som det plejer!",Ons. 29. apr. 2026,See description
Lee Cronin's The Mummy,"En ung pige forsvinder sporløst i ørkenen. Otte år senere bliver hendes knuste familie chokeret, da hun vender tilbage til dem. Det, der burde være en glædelig genforening, forvandles til et levende mareridt.",Ons. 29. apr. 2026,21.15
The Drama,"Filmen 'The Drama' handler om et lykkeligt par, hvis forhold bliver sat på prøve, da en uventet indrømmelse kommer på bordet. Emma og Charlie elsker hinanden og glæder sig til både bryllup og et liv sammen.",Ons. 29. apr. 2026,21.15
Thomas Fonnesbæk & Justin Kauflin,Jazz gør verden til et bedre sted. Derfor markerer vi den af Herbie Hancock og UNESCO indstiftede International Jazz Day med en koncert med den verdenskendte duo Fonnesbæk & Kauflin. De har forfinet d.,Tor. 30. apr. 2026,See description
Crafternoon Tea,"Er du interesseret i mending, syning & upcycling? Eller måske strik, hækling & broderi?",Tor. 30. apr. 2026 17:00 - 20:00,17:00
Store Bededagsvandring,Tag med på en stemningsfuld aftenvandring på voldene omkring Koldinghus 30. april. Her holder vi traditionen med Store Bededag i hævd og dykker ned i fortællingen om dagen og dens historie.,Tor. 30. apr. 2026 17:00-18:00,17:00
Motionsgymnastik,"Har du lyst til at få rørt hele kroppen og få sved på panden, så er disse timer noget for dig. En gymnastiktime med højt humør og dejlig inspirerende musik. Men pas på, - du bliver hurtig afhængig !!!",Tor. 30. apr. 2026,See description
Styrke/ryg træning,"Her styrkes alle kroppens muskler, så ryggen kan klare hverdagen. Husk måtte.",Tor. 30. apr. 2026,09.30
Krolfspil for senior,"Krolf er et rigtig hyggelig spil, hvor alle kan deltage. Det er en blanding af golf og kroket. Praktisk påklædning efter vejret, gerne kraftige sko eller i regnvejr gummistøvler.",Tor. 30. apr. 2026,09.30
Vandreture,"Ture ud i naturen i omegnen af Kolding med fokus på fællesskab, socialt samvær, motion og gode historier. Der er altid en pause, hvor den medbragte kaffe nydes.",Tor. 30. apr. 2026,09.30
Stavgang,"Der kan som udgangspunkt lånes stave i IFA de første par gange. Der vil hver gang være mulighed for instruktion i stavgangsteknik, ligesom der som regel er mulighed fora t vælge hold med forskellige tempi.",Tor. 30. apr. 2026,11.30
Torsdagscafe,"Billedsprog, fortællinger i ord og billeder, en genvej til sindet. Annette Graversen vil fortælle.",Tor. 30. apr. 2026,See description
Knæ / hoftetræning,"Har du problemer med knæ og hofte, er dette hold noget for dig. Musklerne i benet har sammenhæng med. musklerne i hofte. På holdet arbejdes der med specifik styrketræning til disse muskler. I opstarten vil det.",Tor. 30. apr. 2026,10.15
Let's Dance,"Ved brug af skøn musik til mange forskellige dansearter, sammen med enkelte dansetrin kommer forbrændingen i vejret og kroppen fyldes med energi - samtidig med at det er sjovt og nemt at lære- Alle kan være med - unge som ældre, mænd og kvinder, hvis bare.",Tor. 30. apr. 2026,See description
Mission: Bæver,"Animationsfilmen 'Mission: Bæver' er Disney og Pixars nyeste eventyr, der stiller spørgsmålet: Hvad hvis du kunne tale med dyr og forstå, hvad de siger?",Tor. 30. apr. 2026,11.30
Super Mario Galaxy Filmen,Here we go. Again! Animationsfilmen 'Super Mario Galaxy Filmen' (The Super Mario Galaxy Movie) er fortsættelsen til Super Mario Bros. Filmen fra 2023 og denne gang bliver eventyret endnu større!,Tor. 30. apr. 2026,11.30
Klassefesten 4 - Venner for livet,"I den danske komedie 'Klassefesten 4 - Venner for livet' er kammeraterne tilbage for fjerde gang! Men, intet er som det plejer!",Tor. 30. apr. 2026,See description
Ene & alene (udflugt),Torsdag 30. april kl. 12.00 Tur til Jels Voldsted. Her nyder vi den smukke natur og spiser en let frokost. Slutteligt kaffe og kage.,Tor. 30. apr. 2026,See description
Yoga,"Deltagerne på holdene giver udtryk for, at hele kroppen bliver arbejdet godt igennem i et roligt tempo, at de kommer ud i yderstillinger og bliver mere smidige.",Tor. 30. apr. 2026,12.15
Affektionsværdi,"Det norske drama 'Affektionsværdi' følger søstrene Nora (Renate Reinsve) og Agnes (Inga Ibsdotter Lilleaas), som genforenes med deres far Gustav (Stellan Skarsgård) - en førhen ganske feteret instruktør, som drømmer om det store comeback.",Tor. 30. apr. 2026,12.15
The Devil Wears Prada 2,"""A sequel? For spring? Groundbreaking."". Filmen 'The Devil Wears Prada 2' er fortsættelsen til den elskede film fra 2006, The Devil Wears Prada.",Tor. 30. apr. 2026,12.30
Michael,"Filmen 'Michael' skildrer en af de mest indflydelsesrige kunstnere nogensinde, Michael Jackson.",Tor. 30. apr. 2026,12.40
The Drama,"Filmen 'The Drama' handler om et lykkeligt par, hvis forhold bliver sat på prøve, da en uventet indrømmelse kommer på bordet. Emma og Charlie elsker hinanden og glæder sig til både bryllup og et liv sammen.",Tor. 30. apr. 2026,13.45
Father Mother Sister Brother,"Er den nye, længeventede film fra manuskriptforfatter / instruktør Jim Jarmusch.",Tor. 30. apr. 2026,See description
De forbandede år 3 - Fredens pris,"Året er 1945. Krigen er endelig slut. Danmark er frit, men splittet. Meget har ændret sig for familien Skov. Karl og Evas ægteskab er tyndslidt, og Eva beslutter at forlade sin mand.",Tor. 30. apr. 2026,18.20
Mangafællesskabet,Elsker du manga og anime?,Tor. 30. apr. 2026,See description
Rockmusiksalon,"Uformelle eftermiddage, hvor man lytter til rockmusik i alle afskygninger.",Tor. 30. apr. 2026,15.30
Ungdomstræning for 5-18 årige,"Til vores træninger er timen delt op i 3 sektioner opvarmning/træningsøvelser/bowling & leg. Vi starter med en fælles opvarmning, for at få kroppen igang og klar til træningen.",Tor. 30. apr. 2026,See description
Kolding Børnehøjskole,"På Kolding Børnehøjskole tilbyder vi kurser, hvor børn kan fordybe sig og lære noget om det, som de er sammen om. Vores mål er at gøre verden større for de mindste. Vi tror på, at selv store ting kan skabes i det små, og af de små.",Tor. 30. apr. 2026,See description
Bæredygtig Bogklub,Har du lyst til at mødes med andre og diskutere bæredygtig litteratur?,Tor. 30. apr. 2026,16.30
"Ilden, Vandet, Jorden, Luften","Klimaforandringerne er her nu - også i Danmark og i hele Norden. Skovbrande breder sig i Sverige, havene stiger i Danmark, stormene bliver voldsommere på Færøerne, og landskabet skrider i Norge. Naturen giver os tydelige tegn.",Tor. 30. apr. 2026,See description
Project Hail Mary,I science fiction-filmen 'Project Hail Mary' skal Ryan Gosling redde jordens fremtid ved hjælp af en unik portion videnskab og humor!,Tor. 30. apr. 2026,21.10
U7 mix,En tryg og sjov start på dit barns håndboldeventyr. Medbring sko og tøj man kan bevæge sig i.,Tor. 30. apr. 2026,17.45
Månedens sange i det fri,Kom til Månedens sange i det fri.,Tor. 30. apr. 2026,17.45
Begynderhold,"Som nybegynder eller let øvet, går meget af træningen ud på at indøve de helt basale teknikker som stød, parader, spark og stillinger, samt de grundlæggende japanske termer, der bruges.",Tor. 30. apr. 2026,See description
Cirkus Trapez,"Cirkus Trapez`s 10 års Jubilæumsforestilling - Aldrig Nok. Kære Publikum. Det er med stolthed, at vi i år kan byde velkommen til Cirkus Trapez`s 10 års jubilæum og årets forestilling ""Aldrig Nok"".

  Arrangeret af Cirkus Trapez.",Tor. 30. apr. 2026,18.45
Tennis 5-8 årige,Udendørstræning: 1. Maj 2022 - 16. September 2022.,Tor. 30. apr. 2026,17.15
Begynder brydning - 7 til 13 år,"Træningen består af leg, motorik/akrobatik, koordinationsøvelser samt bryde relaterede øvelser. Her læres at slå de mest basale brydegreb, og under træning får de også mulighed for at bryde rigtigt.",Tor. 30. apr. 2026,17.30
Junior squash for alle 6-16 årige,Mangler din søn eller datter en ny sportsgren?. SÅ ER DET SQUASH! Squash er sjovt for alle aldre - squash er blandt verdens sundeste sportsgrene & squash er motion!,Tor. 30. apr. 2026,17.30
Linedance / Øvet,For dem der kan alle grundtrin og lyst til større udfordringer.,Tor. 30. apr. 2026,17.30
Film & Pizza,,Tor. 30. apr. 2026,17.30
Hold 3 (13 år +),"Vores største hold. Her er plads til både eliten, talenterne, og dem der bare gerne vil have sved på panden og lære at bryde. Teknik træningen slutte kl. 19.30 fra 19.30 til 20.00 er der Open Mat.",Tor. 30. apr. 2026,18.30
Realistisk selvforsvar for alle (9+ år),Vi træner selvforsvar på mix hold tirsdage og torsdage fra kl 18:30 til 20:00 kom ned i kluben og prøv omdet er noget for dig.,Tor. 30. apr. 2026,18.30
Folkeuniversitet: Aktuelle danske bestsellere - med kant,Grav et spadestik dybere ned i dansk litteraturs aktuelle bestsellere sammen med eksperterne.,Tor. 30. apr. 2026,18.30
Vægtløs,"Den 15-årige Lea skal tilbringe sommeren på en sundhedskoloni, hvor hun bliver venner med den spontane og selvsikre Sasha, som Lea både beundrer og spejler sig i.",Tor. 30. apr. 2026,See description
Franz,"Filmen skildrer det gådefulde liv for Franz Kafka, fra hans ungdom i Prag til hans død i 1924. I stedet for at være en traditionel biografi er Franz sat op som en kalejdoskopisk mosaik af drømme, breve, fragmenter fra hans fiktion og historiske episoder.",Tor. 30. apr. 2026,See description
Musikgudstjeneste bededagsaften,,Tor. 30. apr. 2026,See description
Fællesklang,"Er du mellem 18 og 35 år og glad for at synge? Så er Fællesklang Kolding det rytmiske kor for dig - helt uden optagelsesprøve! Fællesklang Kolding er et kor for alle mellem 18 og 35 år, der elsker at synge alt fra pophits og gospel til Disney-klassikere.",Tor. 30. apr. 2026,See description
MIchael Schøt - Jubelpessimist,"Michael Schøt. Jubelpessimist. Det ene øjeblik bider man negle til verdens begivenheder, og det næste øjeblik griner man. i afmagt. Det er præcis i rummet mellem de to følelser, Michael Schøt har befundet sig det.",Tor. 30. apr. 2026,See description
Kegler for hele familien,"De fleste har prøvet bowling eller set spillet. Man kan godt sammenligne at spille bowling med kegler. Forskellen på disse 2 spil er, at kuglen er mindre i kegler, og uden huller til fingrene.",Tor. 30. apr. 2026,See description
Kolding International Voices øver,,Tor. 30. apr. 2026,21.30
Rhythm of the Dance 2026,"Oplev magien, myterne og musikken fra Irland, når Rhythm of the Dance vender tilbage til Danmark i 2026! The National Dance Company of Ireland præsenterer et storslået show fyldt med mesterlig irsk dans, levende musik og spektakulære kostumer.",Tor. 30. apr. 2026,19:30
Kvinder I Sokker og Sandaler,,Tor. 30. apr. 2026,19.30
De Forbandede År 3 - Fredens pris - Dk. tekster,"Året er 1945. Krigen er endelig slut. Danmark er frit, men splittet. Meget har ændret sig for familien Skov, Karl og Evas ægteskab er tyndslidt, og Eva beslutter at forlade sin mand.",Tor. 30. apr. 2026,19.30
Comedy Night m. Thomas Hartmann og Daniel Lill,"Bloom Stage byder på stærk comedy-aften den 30. april. Den 30. april inviterer Bloom Stage til en aften i comedyens tegn, når tre stærke navne inden for dansk stand-up indtager scenen.",Tor. 30. apr. 2026,21.30
Grappling and Brazilian jiu-jitsu,Grappling and BJJ for all skill levels.,Tor. 30. apr. 2026,See description
Open Mic,,Tor. 30. apr. 2026,21:00
Whistle,En gruppe utilpassede og intetanende gymnasieelever falder over en forbandet genstand - en ældgammel aztekisk dødsfløjte.,Tor. 30. apr. 2026,21.10
Pieszak lagersalg,,Tor. 30. apr. til søn. 3. maj 2026,See description
Sammen syr vi Koldingkjolen 2026,"Vær med til at forme årets fællesskabsprojekt på Koldinghus. Til opstartseventet bliver du medskaber af Koldingkjolen 2026: Du får et startkit, en introduktion til ideen bag kjolen og lærer de første sting, så du kan fortsætte arbejdet hjemme.",Tor. 30. apr. til ons. 6. maj 2026 15:30-16:30,15:30
Gudstjeneste: Store Bededag andagt,,Fre. 1. maj 2026,10.15
Mission: Bæver,"Animationsfilmen 'Mission: Bæver' er Disney og Pixars nyeste eventyr, der stiller spørgsmålet: Hvad hvis du kunne tale med dyr og forstå, hvad de siger?",Fre. 1. maj 2026,11.30
Super Mario Galaxy Filmen,Here we go. Again! Animationsfilmen 'Super Mario Galaxy Filmen' (The Super Mario Galaxy Movie) er fortsættelsen til Super Mario Bros. Filmen fra 2023 og denne gang bliver eventyret endnu større!,Fre. 1. maj 2026,11.30
Affektionsværdi,"Det norske drama 'Affektionsværdi' følger søstrene Nora (Renate Reinsve) og Agnes (Inga Ibsdotter Lilleaas), som genforenes med deres far Gustav (Stellan Skarsgård) - en førhen ganske feteret instruktør, som drømmer om det store comeback.",Fre. 1. maj 2026,12.15
The Devil Wears Prada 2,"""A sequel? For spring? Groundbreaking."". Filmen 'The Devil Wears Prada 2' er fortsættelsen til den elskede film fra 2006, The Devil Wears Prada.",Fre. 1. maj 2026,12.30
Michael,"Filmen 'Michael' skildrer en af de mest indflydelsesrige kunstnere nogensinde, Michael Jackson.",Fre. 1. maj 2026,12.40
Franz,"Filmen skildrer det gådefulde liv for Franz Kafka, fra hans ungdom i Prag til hans død i 1924. I stedet for at være en traditionel biografi er Franz sat op som en kalejdoskopisk mosaik af drømme, breve, fragmenter fra hans fiktion og historiske episoder.",Fre. 1. maj 2026,See description
Kom og spil kegler hver fredag eftermiddag,"HUSK indendørssko! Hvordan spiller man kegler?. Man starter med at indtage en ""startstilling"". Denne afhænger af hvilken teknik man bruger. Kaster man med to hænder, stiller man sig med spredte ben hen over linoleumsstykket.",Fre. 1. maj 2026,See description
The Drama,"Filmen 'The Drama' handler om et lykkeligt par, hvis forhold bliver sat på prøve, da en uventet indrømmelse kommer på bordet. Emma og Charlie elsker hinanden og glæder sig til både bryllup og et liv sammen.",Fre. 1. maj 2026,14.15
De forbandede år 3 - Fredens pris,"Året er 1945. Krigen er endelig slut. Danmark er frit, men splittet. Meget har ændret sig for familien Skov. Karl og Evas ægteskab er tyndslidt, og Eva beslutter at forlade sin mand.",Fre. 1. maj 2026,15.15
En kage til præsidenten,"Iraks officielle Oscar-kandidat 2026! Vinder af Camera D'Or på Cannes Film Festival. Irak, 1990'erne.",Fre. 1. maj 2026,See description
Kaizen Kidz,"Holdet er tilrettelagt med en blanding af karate og fysisk aktivitet og leg, således at der hele tiden er aktivitet, og at børnene får tid til at bearbejde deres indtryk.",Fre. 1. maj 2026,17.30
De Forbandede År 3 - Fredens pris - Dk. tekster,"Året er 1945. Krigen er endelig slut. Danmark er frit, men splittet. Meget har ændret sig for familien Skov, Karl og Evas ægteskab er tyndslidt, og Eva beslutter at forlade sin mand.",Fre. 1. maj 2026,16.30
Project Hail Mary,I science fiction-filmen 'Project Hail Mary' skal Ryan Gosling redde jordens fremtid ved hjælp af en unik portion videnskab og humor!,Fre. 1. maj 2026,16.45
Freestyle wrestling,Training for youth/senior + 15 years. The training is for beginners and advanced wrestlers of all levels.,Fre. 1. maj 2026,17.30
Father Mother Sister Brother,"Er den nye, længeventede film fra manuskriptforfatter / instruktør Jim Jarmusch.",Fre. 1. maj 2026,See description
Koncert med Arvid Asmussen,Arvid Asmussen kvintet - En stemningsfuld aften med akustisk nærvær og strygere.,Fre. 1. maj 2026,20.15
Lovsangskoncert i Kristkirken med Arvid Asmussen Kvintet,,Fre. 1. maj 2026,20.30
Det store 90'er Quiz Show,Vi skal på en tidsrejse til et af de mest farverige og uforglemmelige årtier i musikkens historie. Et årti også kendt som ?Det Glade Årti?,Fre. 1. maj 2026,19.30
Lee Cronin's The Mummy,"En ung pige forsvinder sporløst i ørkenen. Otte år senere bliver hendes knuste familie chokeret, da hun vender tilbage til dem. Det, der burde være en glædelig genforening, forvandles til et levende mareridt.",Fre. 1. maj 2026,21.15
Whistle,En gruppe utilpassede og intetanende gymnasieelever falder over en forbandet genstand - en ældgammel aztekisk dødsfløjte.,Fre. 1. maj 2026,21.15
Karaoke,"Harald er igen tovholder til karaoke night, hvor alle har muligheden for at komme på scenen for at synge. Vi starter karaoke kl.22.00 og det eneste du skal gøre er at tage dine venner under armen og svinge forbi pubben til en musikalsk aften.",Fre. 1. maj 2026,22:00
Emil fra Lønneberg,"Så er der åbnet for 6. 8. kl. tirsdag-teaterholdets elevforestilling ""Emil fra Lønneberg"" med alle de kendte sange. Holdet har de sidste par måneder arbejdet hårdt på Astrid Lindgrens klassiker og glæder sig til at vise den for jer.

  Arrangeret af Teaterskolen Kolding.",Fre. 1. og lør. 2. maj 2026,See description
Kunst i Vejkirker i Syd og Sønderjylland,"13 vejkirker har åbnet de unikke kirkerum for 13 kunstnere. Følg kirkeruten igennem Syd og Sønderjylland Et møde mellem det historiske og det kunstneriske, lokale og det rejsende. En invitation til at stoppe op og finde nye perspektiver.",Fre. 1. maj til tor. 1. okt. 2026,09:00
BerthelsenLyberth - Mellem Storm & Stilhed - En koncertsamtale,"Velkommen ind til en unik oplevelse! En samtale og en koncert på en og samme tid med Rasmus Lyberth og Julie Berthelsen. Det var en storslået oplevelse for såvel publikum som artister i 2025, og det v.",Lør. 2. maj 2026,See description
Guidet tur i Christiansfeld - Verdensarv i særklasse,Velkommen til UNESCO-byen Christiansfeld - en by med en enestående historie. Tag med os på en historisk byvandring gennem de smukke gader i Christiansfeld. Vores guide fortæller dig historier om Brødremenigheden og byens historie - fra grundlæggelsen og.,Lør. 2. maj 2026 13:30 - 15:00,13:30
Konfirmation af 8. Y fra Sct. Michaels Skole,,Lør. 2. maj 2026,09.45
"Gudstjeneste: Konfirmation - 8.A, Lyshøjskolen v. Kristina Nilsson",,Lør. 2. maj 2026,See description
Håndbold for børn (2-5 årige),"Motorik baner, boldmassage og meget mere. Aktiviteterne gennemføres sammen med en forældre/voksen. Sørg for at børnene har noget ordentligt fodtøj og tøj de kan bevæge sig i. Sæsonen starter i august/september og slutter i april/maj.",Lør. 2. maj 2026,See description
Gudstjeneste: Konfirmation 8.a i Vamdrup Kirke,,Lør. 2. maj 2026,09.30
Gudstjeneste: Konfirmation ID 1,,Lør. 2. maj 2026,09.30
"Gudstjeneste: Konfirmation, Realskolen ved Henriette Bacher Lind",,Lør. 2. maj 2026,09.30
Gudstjeneste: Konfirmationer 9.30 ASA + 11.00 MB Seest,Konfirmation kl. 9.30 ved Anna-Sofie Arendt og kl. 11.00 ved Michael Berghof.,Lør. 2. maj 2026,09.30
Mission: Bæver,"Animationsfilmen 'Mission: Bæver' er Disney og Pixars nyeste eventyr, der stiller spørgsmålet: Hvad hvis du kunne tale med dyr og forstå, hvad de siger?",Lør. 2. maj 2026,13.45
Konfirmationsgudstjeneste,,Lør. 2. maj 2026,See description
Løbetræning,Vi løber mandag og onsdag klokken 17 samt lørdag klokken 10 fra Bøgelund (i sommerhalvåret starter den lange tur på +16km kl. 09.00). Hvor holder vi til? Bramdrup Skovvej 40. Kom i god tid - vi starter præcis.,Lør. 2. maj 2026,See description
Klassefesten 4 - Venner for livet,"I den danske komedie 'Klassefesten 4 - Venner for livet' er kammeraterne tilbage for fjerde gang! Men, intet er som det plejer!",Lør. 2. maj 2026,10.10
Fortælling med Minigrå,"Den første lørdag i måneden er der højtlæsning for børn i alderen 3-7 år og deres familier. Kom og få en god historie med leg og kreative indslag, når børnebibliotekaren læser en af sine favoritbilledbøger højt.",Lør. 2. maj 2026,10.30
Konfirmationsgudstjeneste i Kristkirken,,Lør. 2. maj 2026,10.30
Gudstjeneste: Konfirmation: Dalby Skoles gamle B-klasse,,Lør. 2. maj 2026,10.30
Gudstjeneste: Konfirmation (8.A) Tyrstrup,,Lør. 2. maj 2026,10.30
Super Mario Galaxy Filmen,Here we go. Again! Animationsfilmen 'Super Mario Galaxy Filmen' (The Super Mario Galaxy Movie) er fortsættelsen til Super Mario Bros. Filmen fra 2023 og denne gang bliver eventyret endnu større!,Lør. 2. maj 2026,10.30
De forbandede år 3 - Fredens pris,"Året er 1945. Krigen er endelig slut. Danmark er frit, men splittet. Meget har ændret sig for familien Skov. Karl og Evas ægteskab er tyndslidt, og Eva beslutter at forlade sin mand.",Lør. 2. maj 2026,10.45
Gudstjeneste: Konfirmation 8.b i Vamdrup Kirke,,Lør. 2. maj 2026,See description
"Gudstjeneste: Konfirmation - 8.B, Lyshøjskolen v. Lars Seeberg",,Lør. 2. maj 2026,See description
Forårets temasmagning - Slovenien,,Lør. 2. maj 2026,11:30
Gudstjeneste: Konfirmation ID 2,,Lør. 2. maj 2026,11.30
"Gudstjeneste: Konfirmation, Realskolen ved Katrine Papsø Madsen",,Lør. 2. maj 2026,11.30
Konfirmation af 8. Z fra Sct. Michaels Skole,,Lør. 2. maj 2026,12.45
Den Store Marthadag i biografen,"Oplev den danske klassiker 'Martha' på Den Store Marthadag d. 2. maj for kun 65 kr.Hvert år, den første lørdag i maj, fejres 'Den Store Marthadag', og her hyldes Erik Ballings danske klassiker fra 1967!",Lør. 2. maj 2026,12.30
De Forbandede År 3 - Fredens pris - Dk. tekster,"Året er 1945. Krigen er endelig slut. Danmark er frit, men splittet. Meget har ændret sig for familien Skov, Karl og Evas ægteskab er tyndslidt, og Eva beslutter at forlade sin mand.",Lør. 2. maj 2026,13.30
Lille Amelie - Dansk Tale,Amélie er en lille belgisk pige født i Japan sidst i 1960'erne.,Lør. 2. maj 2026,See description
Rundvisning - Harteværket,"Oplev historien for opførelsen af Danmarks første vandkraftværk, som blev indviet i 1920. En utrolig spændende historie, som også i fremtiden vil have en vigtig rolle for Kolding i forbindelse med de klimatilpasninger, som er forberedt på Harteværket.",Lør. 2. maj 2026,See description
Harry Potter og flammernes pokal,,Lør. 2. maj 2026,See description
Kæledyrs-ekspressen,"Da en gruppe kæledyr ved et uheld bliver væk fra deres ejere og ender ombord på et højhastighedstog tværs gennem Europa, starter et hæsblæsende eventyr fyldt med kaos, sjove misforståelser - og uventet venskab.",Lør. 2. maj 2026,See description
Det store 90'er Quiz Show,Vi skal på en tidsrejse til et af de mest farverige og uforglemmelige årtier i musikkens historie. Et årti også kendt som ?Det Glade Årti?,Lør. 2. maj 2026,19.30
Michael,"Filmen 'Michael' skildrer en af de mest indflydelsesrige kunstnere nogensinde, Michael Jackson.",Lør. 2. maj 2026,15.20
The Devil Wears Prada 2,"""A sequel? For spring? Groundbreaking."". Filmen 'The Devil Wears Prada 2' er fortsættelsen til den elskede film fra 2006, The Devil Wears Prada.",Lør. 2. maj 2026,15.40
Franz,"Filmen skildrer det gådefulde liv for Franz Kafka, fra hans ungdom i Prag til hans død i 1924. I stedet for at være en traditionel biografi er Franz sat op som en kalejdoskopisk mosaik af drømme, breve, fragmenter fra hans fiktion og historiske episoder.",Lør. 2. maj 2026,See description
Affektionsværdi,Joachim Triers nyeste film vandt Grand Prix i Cannes og har nu slået nordisk rekord med hele 9 Oscar-nomineringer!,Lør. 2. maj 2026,16.30
Father Mother Sister Brother,"Er den nye, længeventede film fra manuskriptforfatter / instruktør Jim Jarmusch.",Lør. 2. maj 2026,See description
The Drama,"Filmen 'The Drama' handler om et lykkeligt par, hvis forhold bliver sat på prøve, da en uventet indrømmelse kommer på bordet. Emma og Charlie elsker hinanden og glæder sig til både bryllup og et liv sammen.",Lør. 2. maj 2026,21.10
Lee Cronin's The Mummy,"En ung pige forsvinder sporløst i ørkenen. Otte år senere bliver hendes knuste familie chokeret, da hun vender tilbage til dem. Det, der burde være en glædelig genforening, forvandles til et levende mareridt.",Lør. 2. maj 2026,21.10
Med Gestapo i hælene - Dramatiseret guidet tur,Pas på du ikke bliver opdaget af Gestapo! Vores to guider - i karakter som modstandsfolkene Gerda og Jørgen - tager dig med tilbage til tiden under 2. Verdenskrig på en dramatiseret guidet tur i Kolding.,Søn. 3. maj 2026 10:30 - 12:00,10:30
Guidet tur i Christiansfeld - Verdensarv i særklasse,Velkommen til UNESCO-byen Christiansfeld - en by med en enestående historie. Tag med os på en historisk byvandring gennem de smukke gader i Christiansfeld. Vores guide fortæller dig historier om Brødremenigheden og byens historie - fra grundlæggelsen og.,Søn. 3. maj 2026 13:30 - 15:00,13:30
Fodbold alle søndage kl. 9.00,"Vi er en flok gamle gutter, der spiller fodbold for sjov, vores ældste mand er 87 år -yngste 38. Vi hedder KIF Oldboys, men langt de fleste har tidligere spillet i andre klubber, flere har aldrig spillet fodbold i en klub før KIF Oldboys.",Søn. 3. maj 2026,See description
Gudstjeneste: Konfirmation i Viuf Kirke,,Søn. 3. maj 2026,10.30
Kæledyrs-ekspressen,"En flok kæledyr, der er fanget i ombord på et hurtigtkørende lyntog, må forpurre planerne for en hævngerrig grævling, der er ude efter hævn.",Søn. 3. maj 2026,See description
Mission: Bæver,"Animationsfilmen 'Mission: Bæver' er Disney og Pixars nyeste eventyr, der stiller spørgsmålet: Hvad hvis du kunne tale med dyr og forstå, hvad de siger?",Søn. 3. maj 2026,See description
Konfirmationsgudstjeneste,,Søn. 3. maj 2026,See description
Gratis squash,"Kom og prøv squash i Kolding KFUM Squash - helt uforpligtende! Har du lyst til at prøve kræfter med squash - alene eller sammen med andre?. Så kig forbi Kolding KFUM Squash hver søndag kl. 10:00-11:30 og prøv en sjov, svedig og social sport!",Søn. 3. maj 2026,See description
Gudstjeneste: 4. s. e. påske,,Søn. 3. maj 2026,10.15
Gudstjeneste: Konfirmation,,Søn. 3. maj 2026,10.30
Gudstjeneste - Jesus og jøderne,,Søn. 3. maj 2026,10.30
Gudstjeneste: Konfirmation Aadalskolen,,Søn. 3. maj 2026,10.30
Gudstjeneste,,Søn. 3. maj 2026,10.30
Højmesse ved Kristina Nilsson,,Søn. 3. maj 2026,10.30
Gudstjeneste - Menneskesønnens ophøjelse,,Søn. 3. maj 2026,10.30
Højmesse ved Henriette Bacher Lind,,Søn. 3. maj 2026,10.30
Gudstjeneste i Kristkirken ved Jes Nedergaard Espersen,,Søn. 3. maj 2026,10.30
Gudstjeneste: Konfirmation: Dalby Skoles gamle C-klasse,,Søn. 3. maj 2026,10.30
Gudstjeneste: Konfirmation i Hjarup Kirke,,Søn. 3. maj 2026,10.30
Gudstjeneste: Konfirmation tyrstrup (8.B),,Søn. 3. maj 2026,10.30
Super Mario Galaxy Filmen,Here we go. Again! Animationsfilmen 'Super Mario Galaxy Filmen' (The Super Mario Galaxy Movie) er fortsættelsen til Super Mario Bros. Filmen fra 2023 og denne gang bliver eventyret endnu større!,Søn. 3. maj 2026,10.30
De forbandede år 3 - Fredens pris,"Året er 1945. Krigen er endelig slut. Danmark er frit, men splittet. Meget har ændret sig for familien Skov. Karl og Evas ægteskab er tyndslidt, og Eva beslutter at forlade sin mand.",Søn. 3. maj 2026,See description
Michael,"Filmen 'Michael' skildrer en af de mest indflydelsesrige kunstnere nogensinde, Michael Jackson.",Søn. 3. maj 2026,12.10
Affektionsværdi,"Det norske drama 'Affektionsværdi' følger søstrene Nora (Renate Reinsve) og Agnes (Inga Ibsdotter Lilleaas), som genforenes med deres far Gustav (Stellan Skarsgård) - en førhen ganske feteret instruktør, som drømmer om det store comeback.",Søn. 3. maj 2026,12.20
Rundvisning - Mikkel Thomsen,"Idet rundvisningen foregår både udendørs og indendørs, anmoder vi om, at du er påklædt efter vejret. Venligst kom 10 min. før rundvisningen starter. Vi har P-pladser tæt på Harteværket. Varighed: 1,5 time. Arrangør: Harteværket.",Søn. 3. maj 2026,See description
Fodboldkamp Betinia LIGA - Oprykningsspil 2025/26 - Kolding IF mod Hvidovre,,Søn. 3. maj 2026,See description
Klassefesten 4 - Venner for livet,"I den danske komedie 'Klassefesten 4 - Venner for livet' er kammeraterne tilbage for fjerde gang! Men, intet er som det plejer!",Søn. 3. maj 2026,13.50
Lille Amelie - Dansk Tale,Amélie er en lille belgisk pige født i Japan sidst i 1960'erne.,Søn. 3. maj 2026,See description
Harry Potter og flammernes pokal,,Søn. 3. maj 2026,See description
The Devil Wears Prada 2,"""A sequel? For spring? Groundbreaking."". Filmen 'The Devil Wears Prada 2' er fortsættelsen til den elskede film fra 2006, The Devil Wears Prada.",Søn. 3. maj 2026,15.40
"Ilden, Vandet, Jorden, Luften","Klimaforandringerne er her nu - også i Danmark og i hele Norden. Skovbrande breder sig i Sverige, havene stiger i Danmark, stormene bliver voldsommere på Færøerne, og landskabet skrider i Norge. Naturen giver os tydelige tegn.",Søn. 3. maj 2026,See description
Project Hail Mary,"Naturfagslæreren Ryland Grace (Ryan Gosling) vågner op på et rumskib lysår hjemmefra uden at kunne huske, hvem han er, eller hvordan han er havnet der.",Søn. 3. maj 2026,See description
Vægtløs,"Den 15-årige Lea skal tilbringe sommeren på en sundhedskoloni, hvor hun bliver venner med den spontane og selvsikre Sasha, som Lea både beundrer og spejler sig i.",Søn. 3. maj 2026,See description
Franz,"Filmen skildrer det gådefulde liv for Franz Kafka, fra hans ungdom i Prag til hans død i 1924. I stedet for at være en traditionel biografi er Franz sat op som en kalejdoskopisk mosaik af drømme, breve, fragmenter fra hans fiktion og historiske episoder.",Søn. 3. maj 2026,See description
De Forbandede År 3 - Fredens pris - Dk. tekster,"Året er 1945. Krigen er endelig slut. Danmark er frit, men splittet. Meget har ændret sig for familien Skov, Karl og Evas ægteskab er tyndslidt, og Eva beslutter at forlade sin mand.",Søn. 3. maj 2026,19.30
Det man ikke dør af,"Teaterskolens ungdomshold byder velkommen til elevforestillingen ""Det man ikke dør af."" - Martin kan ikke finde ud af det med at have en kæreste. Hun skrider og svæger hævn.

  Arrangeret af Teaterskolen Kolding.",Søn. 3. maj 2026,19.30
Whistle,En gruppe utilpassede og intetanende gymnasieelever falder over en forbandet genstand - en ældgammel aztekisk dødsfløjte.,Søn. 3. maj 2026,21.10
"Nyt plejehjem, nye muligheder - Åbent hus på Dorotheas Have, Koldings kommende plejehjem","Er du nysgerrig på byggeriet af det nye plejehjem - og på hvordan Kolding Kommune arbejder med at skabe demensvenlige lokalsamfund? Så kig forbi til en uformel snak, og hør om visionerne bag, jobmuligheder og samarbejdet med bydelen.",Man. 4. maj 2026 09:00 - 15.00,09:00
Rundvisning på Dorotheas Have,"Er du nysgerrig på hvordan byggeriet af Dorotheas Have, Koldings nye plejehjem skrider frem? Vil du gerne se mere end det du kan se bag hegnet? Så kom med på rundvisning på byggepladsen og hør om ambitionerne for det nye plejehjem. Tilmelding på mail.",Man. 4. maj 2026 15.00 - 16.30,15.00
Fejring af årsdagen for Danmarks Befrielse,Kom og vær med når vi 4. maj fejrer årsdagen for Danmarks Befrielse i 1945.,Man. 4. maj 2026 19:00 - 21:15,19:00
Koldinghus tænder lys i vinduerne,Vi tænder lys i vinduerne for syvende år i træk mandag 4. maj 2026 for at mindes årsdagen for befrielsen.,Man. 4. maj 2026 20:37-21:00,20:37
Badminton,"Du medbringer en ketcher og bolde. Der spilles stort set kun double, da dette er det mest sociale og ikke så hårdt fysisk.",Man. 4. maj 2026,See description
Styrke /ryg træning i Arena Syd VAMDRUP,"I Styrkeryg trænings timen arbejdes der med alle kroppens muskler. Vi bruger elastik, som kan købes hos IFA. Husk måtte til styrkeøvelser på gulvet.",Man. 4. maj 2026,See description
Aerobic,"Vore aerobictimer er tilpasset så alle kan deltage. Der laves små serier kombineret med hop og løb. Det er fedtforbrændende og konditionstrænende. Husk måtte til gulvøvelser, hvor der trænes mave og ryg.",Man. 4. maj 2026,10.15
Tennis for 60+'ere,Træning for 60+'ere - alle kan være med. Kom og oplev glæderne og sammenholdet ved at træne og spille tennis med jævnaldrende!,Man. 4. maj 2026,See description
Krolfspil for senior,"Krolf er et rigtig hyggelig spil, hvor alle kan deltage. Det er en blanding af golf og kroket. Praktisk påklædning efter vejret, gerne kraftige sko eller i regnvejr gummistøvler.",Man. 4. maj 2026,09.30
Krolf for alle - formiddag,"Man træner 2-3 runder. Man får gode fællesskaber, hyggeligt socialt samvær, venskaber for alle aldre. Varmt tøj til tider. Mandag klokken 9:30 og onsdag klokken 18:30. Kontingent 250 kr. Sæsonen starter 1 maj og slutter 30 september.",Man. 4. maj 2026,09.30
Stavgang/ gåture,"Der kan som udgangspunkt lånes stave i IFA de første par gange. Der vil hver gang være mulighed for instruktion i stavgangsteknik, ligesom der som regel er mulighed fora t vælge hold med forskellige tempi.",Man. 4. maj 2026,11.30
Styrke/ryg træning,"Her styrkes alle kroppens muskler, så ryggen kan klare hverdagen. Husk vandflaske og en måtte til gulvøvelserne.",Man. 4. maj 2026,10.45
Mission: Bæver,"Animationsfilmen 'Mission: Bæver' er Disney og Pixars nyeste eventyr, der stiller spørgsmålet: Hvad hvis du kunne tale med dyr og forstå, hvad de siger?",Man. 4. maj 2026,11.30
Super Mario Galaxy Filmen,Here we go. Again! Animationsfilmen 'Super Mario Galaxy Filmen' (The Super Mario Galaxy Movie) er fortsættelsen til Super Mario Bros. Filmen fra 2023 og denne gang bliver eventyret endnu større!,Man. 4. maj 2026,11.30
Klassefesten 4 - Venner for livet,"I den danske komedie 'Klassefesten 4 - Venner for livet' er kammeraterne tilbage for fjerde gang! Men, intet er som det plejer!",Man. 4. maj 2026,See description
Mandehørm (styrke for mænd),"Som navnet siger - styrke kun for mænd. Der arbejdes med vægte så ""bøfferne"" holdes ved lige. Endvidere styrke af ryg og mave. Bækkenbunds træning er ikke kun for kvinder. Kom og lær din bækkenbund at kende.",Man. 4. maj 2026,See description
Deltag i turneringer. Få åbningskendskab,Deltagelse i klubturneringen. Deltagelse i holdturneringen mod spillere fra andre klubber. Teori og åbningskendskab.,Man. 4. maj 2026,See description
Affektionsværdi,"Det norske drama 'Affektionsværdi' følger søstrene Nora (Renate Reinsve) og Agnes (Inga Ibsdotter Lilleaas), som genforenes med deres far Gustav (Stellan Skarsgård) - en førhen ganske feteret instruktør, som drømmer om det store comeback.",Man. 4. maj 2026,15.20
Michael,"Filmen 'Michael' skildrer en af de mest indflydelsesrige kunstnere nogensinde, Michael Jackson.",Man. 4. maj 2026,12.15
The Devil Wears Prada 2,"""A sequel? For spring? Groundbreaking."". Filmen 'The Devil Wears Prada 2' er fortsættelsen til den elskede film fra 2006, The Devil Wears Prada.",Man. 4. maj 2026,12.30
Røverhistorier,"Tom Skovgaard fortæller røverhistorier fra sine 37 år som kriminalassistent og 12 år som lokalpolitiker - og hver af en af dem er med garanti den rene, skære og pure sandhed. En eftermiddag med grin, alvor og dialog.",Man. 4. maj 2026,See description
Røverhistorier fra en Politimand,"Vi har fået Tom Skovgård til Vamdrup Kino, hvor han fortæller om sin tid som Kriminalbetjent i København, Odense og Vejle, med sjove historier iblandt. Ligesom han kommer ind på Lokalpolitik, som han også har bedrevet. En underholdende eftermiddag i Kino.",Man. 4. maj 2026,14:00
De forbandede år 3 - Fredens pris,"Året er 1945. Krigen er endelig slut. Danmark er frit, men splittet. Meget har ændret sig for familien Skov. Karl og Evas ægteskab er tyndslidt, og Eva beslutter at forlade sin mand.",Man. 4. maj 2026,14.15
The Drama,"Filmen 'The Drama' handler om et lykkeligt par, hvis forhold bliver sat på prøve, da en uventet indrømmelse kommer på bordet. Emma og Charlie elsker hinanden og glæder sig til både bryllup og et liv sammen.",Man. 4. maj 2026,14.30
Motionsdamer,Traditionel motionsgymnastik for damer. Alle kan deltage uanset alder og skavanker.,Man. 4. maj 2026,15.20
Franz,"Filmen skildrer det gådefulde liv for Franz Kafka, fra hans ungdom i Prag til hans død i 1924. I stedet for at være en traditionel biografi er Franz sat op som en kalejdoskopisk mosaik af drømme, breve, fragmenter fra hans fiktion og historiske episoder.",Man. 4. maj 2026,See description
OHØJ! Kom til sørøverkoncert for de 3-5-årige,"Kom med om bord, når Kulturskolen Kolding giver koncert for de yngste!",Man. 4. maj 2026,16.45
De Forbandede År 3 - Fredens pris - Dk. tekster,"Året er 1945. Krigen er endelig slut. Danmark er frit, men splittet. Meget har ændret sig for familien Skov, Karl og Evas ægteskab er tyndslidt, og Eva beslutter at forlade sin mand.",Man. 4. maj 2026,16.30
Project Hail Mary,I science fiction-filmen 'Project Hail Mary' skal Ryan Gosling redde jordens fremtid ved hjælp af en unik portion videnskab og humor!,Man. 4. maj 2026,See description
Linedance / Absolut Begynder,For dem der aldrig har prøvet linedance før.,Man. 4. maj 2026,17.55
Floorball U9-U11,"Husk indendørssko og gerne sportstøj, vi sørger for resten :-).",Man. 4. maj 2026,18.30
Løbetræning,"Vi løber mandag og onsdag klokken 17 samt lørdag klokken 10 fra Bøgelund, Bramdrup. Skovvej 40. Kom i god tid - vi starter præcis. Du kan deltage 3-4 gange før du melder dig ind i klubben. Lavt kontingent - 300 kroner for et kalenderår.",Man. 4. maj 2026,18.30
Lytteklubben Musik uden grænser,"En rocklytteklub, hvor man graver god musik frem for hinanden og i fællesskab lytter koncentreret.",Man. 4. maj 2026,See description
Gå-/Løbe-fællesskab,"Gå- & løbe-fællesskab, hvor minimum en frivillig fra HG&IF deltager på holdene. Så har du svært ved at komme afsted selv, så kom og vær med. Det forpligtiger lidt mere når man ved andre venter :-). Der er 3 niveauer: 1) Gå-holdet.",Man. 4. maj 2026,17.15
Hip Hop/ Funk (10-12 årige),"Er du vild med at danse foran spejlet? Og kan du ikke sidde stille, når der sættes musik på? Til hiphop/funk sætter vi gang i festen. Der vil blive arbejdet med koreografier, attitude og styrketræning.",Man. 4. maj 2026,17.30
Linedance / Begynder,For dem der kender lidt til grundtrin.,Man. 4. maj 2026,18.05
Mma - for alle,"Muay Thai og MMA træning for nye og erfarende udøvere. Holdet giver plads til at nørde basis-teknik, udvikle skills og skabe flow - uanset om du er helt ny eller allerede træner fast.",Man. 4. maj 2026,18.30
4. maj-gudstjeneste ved Ole Witte Madsen,,Man. 4. maj 2026,18.30
"Ilden, Vandet, Jorden, Luften","Klimaforandringerne er her nu - også i Danmark og i hele Norden. Skovbrande breder sig i Sverige, havene stiger i Danmark, stormene bliver voldsommere på Færøerne, og landskabet skrider i Norge. Naturen giver os tydelige tegn.",Man. 4. maj 2026,See description
Motionsherrer,Traditionel motionsgymnastik for herrer. Alle kan deltage uanset alder og skavanker. Holdet er meget socialt og har et godt sammenhold.,Man. 4. maj 2026,See description
Dramatisk læsekreds,Prøv at læse dramatik tre gange i foråret - og mød en professionel dramatiker.,Man. 4. maj 2026,20.45
Kom og spil kegler - hver mandag aften (55+ år),"HUSK indendørssko! Hvordan spiller man kegler?. Man starter med at indtage en ""startstilling"". Denne afhænger af hvilken teknik man bruger. Kaster man med to hænder, stiller man sig med spredte ben hen over linoleumsstykket.",Man. 4. maj 2026,See description
"""Music Talk"" med sangere og sangskrivere fra MGK","Mandag den 4. maj kl. 19.00 inviterer MGK-Syd Kolding til ""Music Talk"" på Books & Beans.",Man. 4. maj 2026,19:00
Linedance / Begynder +,For dem der kender de fleste grundtrin.,Man. 4. maj 2026,19.10
Rytme Quinder,Moderne rytmegymnastik. Sæsonen afsluttes med ca. 3 opvisninger.,Man. 4. maj 2026,19.15
Mixhold voksen,"Fælles opvarmning hvor alle kan være med, øvelser og afslutter ofte med kamp. God stemning og fokus på at der er plads til alle.",Man. 4. maj 2026,19.15
Det man ikke dør af,"Teaterskolens ungdomshold byder velkommen til elevforestillingen ""Det man ikke dør af."" - Martin kan ikke finde ud af det med at have en kæreste. Hun skrider og svæger hævn.

  Arrangeret af Teaterskolen Kolding.",Man. 4. maj 2026,19.30
Linedance / Let øvet,For dem der kan alle grundtrin og lyst til større udfordringer.,Man. 4. maj 2026,20.10
Whistle,En gruppe utilpassede og intetanende gymnasieelever falder over en forbandet genstand - en ældgammel aztekisk dødsfløjte.,Man. 4. maj 2026,21.10
Lee Cronin's The Mummy,"En ung pige forsvinder sporløst i ørkenen. Otte år senere bliver hendes knuste familie chokeret, da hun vender tilbage til dem. Det, der burde være en glædelig genforening, forvandles til et levende mareridt.",Man. 4. maj 2026,21.10
Væv & vin med Vibe Munck,"Træd ind i Vibe Muncks vævede univers, når hun introducerer dig for gobelinvævning. Her skal du skabe dit eget vævede værk med et glas vin i hånden.",Tir. 5. maj 2026 17:30-20.30,17:30
Motionsgymnastik,"Har du lyst til at få rørt hele kroppen og få sved på panden, så er disse timer noget for dig. En gymnastiktime med højt humør og dejlig inspirerende musik. Men pas på, - du bliver hurtig afhængig !!!",Tir. 5. maj 2026,See description
Bodybike,Fuld fart på pedalerne og gang i svedproduktionen. HUSK vand og spinningsko. Her er konditionstræning for alle pengene.,Tir. 5. maj 2026,09.30
Vonsildhave gudstjeneste,,Tir. 5. maj 2026,See description
Børnebiffen - Filmpakke 2 - Fra 3 år,"Astons sten. Instruktør: Uzi og Lotta Geffenblad. Aston er meget glad for sine ensomme sten, som han finder hver dag på vejen hjem.",Tir. 5. maj 2026,See description
Styrke/ryg træning,"Her styrkes alle kroppens muskler, så ryggen kan klare hverdagen. Husk måtte til gulvøvelser.",Tir. 5. maj 2026,See description
Byvandring i Skovvejen/Skovparken,Den 5. maj kl. 10 inviteres alle interesserede med på en byvandring gennem et af Koldings største almene boligområder.,Tir. 5. maj 2026,10:00
Demensgudstjeneste Demensugen Seest Kirke ASA,,Tir. 5. maj 2026,10.30
Vandgymnastik,"Træning i vand til god musik. Vi træner kroppens center, med fokus på ryg og mave, og bruger vandets modstand til at styrke alle kroppens muskler.",Tir. 5. maj 2026,See description
Intervaltræning,"Med et antal trænings skift, veksler man mellem øvelser for både styrke og kondition. Inden for kort tid opnår man stor effekt. Der er fuld fart på, og man får virkelig sved på panden og pulsen op. Så kom og prøv.",Tir. 5. maj 2026,See description
Mission: Bæver,"Animationsfilmen 'Mission: Bæver' er Disney og Pixars nyeste eventyr, der stiller spørgsmålet: Hvad hvis du kunne tale med dyr og forstå, hvad de siger?",Tir. 5. maj 2026,11.30
Super Mario Galaxy Filmen,Here we go. Again! Animationsfilmen 'Super Mario Galaxy Filmen' (The Super Mario Galaxy Movie) er fortsættelsen til Super Mario Bros. Filmen fra 2023 og denne gang bliver eventyret endnu større!,Tir. 5. maj 2026,11.30
Affektionsværdi,"Det norske drama 'Affektionsværdi' følger søstrene Nora (Renate Reinsve) og Agnes (Inga Ibsdotter Lilleaas), som genforenes med deres far Gustav (Stellan Skarsgård) - en førhen ganske feteret instruktør, som drømmer om det store comeback.",Tir. 5. maj 2026,12.15
The Devil Wears Prada 2,"""A sequel? For spring? Groundbreaking."". Filmen 'The Devil Wears Prada 2' er fortsættelsen til den elskede film fra 2006, The Devil Wears Prada.",Tir. 5. maj 2026,12.30
Michael,"Filmen 'Michael' skildrer en af de mest indflydelsesrige kunstnere nogensinde, Michael Jackson.",Tir. 5. maj 2026,12.40
Let's Dance,"Ved brug af skøn musik til mange forskellige dansearter, sammen med enkelte dansetrin kommer forbrændingen i vejret og kroppen fyldes med energi - samtidig med at det er sjovt og nemt at lære- Alle kan være med - unge som ældre, mænd og kvinder, hvis bare.",Tir. 5. maj 2026,See description
Kom og spil kegler (For alle niveauer - 55+ år),"HUSK indendørssko! Hvordan spiller man kegler?. Man starter med at indtage en ""startstilling"". Denne afhænger af hvilken teknik man bruger. Kaster man med to hænder, stiller man sig med spredte ben hen over linoleumsstykket.",Tir. 5. maj 2026,See description
De Forbandede År 3 - Fredens pris - Dk. tekster,"Året er 1945. Krigen er endelig slut. Danmark er frit, men splittet. Meget har ændret sig for familien Skov, Karl og Evas ægteskab er tyndslidt, og Eva beslutter at forlade sin mand.",Tir. 5. maj 2026,13.30
"Ilden, Vandet, Jorden, Luften","Klimaforandringerne er her nu - også i Danmark og i hele Norden. Skovbrande breder sig i Sverige, havene stiger i Danmark, stormene bliver voldsommere på Færøerne, og landskabet skrider i Norge. Naturen giver os tydelige tegn.",Tir. 5. maj 2026,See description
De forbandede år 3 - Fredens pris,"Året er 1945. Krigen er endelig slut. Danmark er frit, men splittet. Meget har ændret sig for familien Skov. Karl og Evas ægteskab er tyndslidt, og Eva beslutter at forlade sin mand.",Tir. 5. maj 2026,14.15
The Drama,"Filmen 'The Drama' handler om et lykkeligt par, hvis forhold bliver sat på prøve, da en uventet indrømmelse kommer på bordet. Emma og Charlie elsker hinanden og glæder sig til både bryllup og et liv sammen.",Tir. 5. maj 2026,14.30
Franz,"Filmen skildrer det gådefulde liv for Franz Kafka, fra hans ungdom i Prag til hans død i 1924. I stedet for at være en traditionel biografi er Franz sat op som en kalejdoskopisk mosaik af drømme, breve, fragmenter fra hans fiktion og historiske episoder.",Tir. 5. maj 2026,See description
Readathonmakkere: Læseklub for unge,Er du vild med YA-bøger? Mød andre unge og del din læseglæde!,Tir. 5. maj 2026,See description
Ninja kids - 4 til 7 år,"Er for børn i alderen 4 til ca. 7 år. Her bliver hovedsageligt trænet motorik, leget og ""tumlet"" på madrassen og der sluttes altid af med at ""bryde/slås for sjov"".",Tir. 5. maj 2026,16.30
Bowling for ungdom (5-18 år),"Til vores træninger er timen delt op i 3 sektioner opvarmning/træningsøvelser/bowling & leg. Vi starter med en fælles opvarmning, for at få kroppen igang og klar til træningen.",Tir. 5. maj 2026,16.30
Linocut workshop,"Learn the basics of linoleum cutting and Printing.

  Arrangeret af Nicolai Kultur.",Tir. 5. maj 2026,See description
Project Hail Mary,I science fiction-filmen 'Project Hail Mary' skal Ryan Gosling redde jordens fremtid ved hjælp af en unik portion videnskab og humor!,Tir. 5. maj 2026,21.10
Begynderhold,"Som nybegynder eller let øvet, går meget af træningen ud på at indøve de helt basale teknikker som stød, parader, spark og stillinger, samt de grundlæggende japanske termer, der bruges.",Tir. 5. maj 2026,See description
Realistisk selvforsvar for alle (9+ år),Vi træner selvforsvar på mix hold tirsdage og torsdage fra kl 18:30 til 20:00 kom ned i klubben og prøv om det er noget for dig.,Tir. 5. maj 2026,18.30
Tennistræning for seniorer,"Niveau Beskrivelse. 1 Begynder. Har ikke tidligere modtaget træning og spillere som har spillet 1-2 sæsoner. Ønsker at lære de grundlæggende principper og teknik, og møde andre nystartede. 2 Let øvet.",Tir. 5. maj 2026,See description
Prøv squash med koldings bedste,"Om tirsdagen er der altid fælles træning, og der er mulighed for at komme forbi og prøve det.",Tir. 5. maj 2026,See description
Tennis 5-8 årige,Udendørstræning: 1. Maj 2022 - 16. September 2022.,Tir. 5. maj 2026,17.15
Begynder brydning - 7 til 13 år,"Træningen består af kampleg, akrobatik, koordinationsøvelser samt bryde relaterede øvelser. Her læres at slå de mest basale brydegreb, og under træning får de også mulighed for at bryde rigtigt.",Tir. 5. maj 2026,17.30
Fodbold alle tirsdage kl. 18.00,"Vi er en flok gamle gutter, der spiller fodbold for sjov, vores ældste mand er 87 år -yngste 38. Vi hedder KIF Oldboys, men langt de fleste har tidligere spillet i andre klubber, flere har aldrig spillet fodbold i en klub før KIF Oldboys.",Tir. 5. maj 2026,See description
Aflyst: Folkeuniversitet: Aktuelle danske bestsellere - med kant,Grav et spadestik dybere ned i dansk litteraturs aktuelle bestsellere sammen med eksperterne.,Tir. 5. maj 2026,18.30
Krolf for alle - aften,"Til træning der spiller vi 2-3 runder, vi har i alt 4 forskellige baner man kan komme og prøve. Det man får ud af det er: at møde nye mennesker, hyggeligt socialt samvær, venskaber for alle aldersgrupper. Man skal huske varmt tøj til tider.",Tir. 5. maj 2026,18.30
Father Mother Sister Brother,"Er den nye, længeventede film fra manuskriptforfatter / instruktør Jim Jarmusch.",Tir. 5. maj 2026,See description
Befrielsesgudstjeneste,,Tir. 5. maj 2026,See description
Prøverummet,"Velkommen til. Prøverummet - vores helt nye stand-up koncept, hvor komikere tester spritnyt materiale foran publikum for første gang. Her er der ingen gamle klassikere eller sikre punchlines -kun rå, friske jokes der bliver prøvet af live.",Tir. 5. maj 2026,See description
Kegler for hele familien,"De fleste har prøvet bowling eller set spillet. Man kan godt sammenligne at spille bowling med kegler. Forskellen på disse 2 spil er, at kuglen er mindre i kegler, og uden huller til fingrene.",Tir. 5. maj 2026,See description
Seniortræning Bowling,"Til vores bowlingtræninger er den sociale hygge i højsædet. Alle fra begyndere til øvede kan være med, og der mulighed for træningsøvelser eller en dyst mod andre bowlingspillere fra klubben.",Tir. 5. maj 2026,19.15
Grappling og Brazilian jiu-jitsu,Grappling og BJJ for alle niveauer.,Tir. 5. maj 2026,See description
Jazzkonkurrencen 2026,Oplev morgendagens jazzstjerner!,Tir. 5. maj 2026,20:00
Pub Quiz,,Tir. 5. maj 2026,20:00
Whistle,En gruppe utilpassede og intetanende gymnasieelever falder over en forbandet genstand - en ældgammel aztekisk dødsfløjte.,Tir. 5. maj 2026,21.10
Guidet tur i Christiansfeld - Verdensarv i særklasse,Velkommen til UNESCO-byen Christiansfeld - en by med en enestående historie. Tag med os på en historisk byvandring gennem de smukke gader i Christiansfeld. Vores guide fortæller dig historier om Brødremenigheden og byens historie - fra grundlæggelsen og.,Ons. 6. maj 2026 13:30 - 15:00,13:30
Pubquiz På Knuds garage,"Hver Onsdag kl 20, kan du komme på Knuds Garage og få din paratviden udfordret.",Ons. 6. maj 2026 20:00 - 23:00,20:00
Pickleball,"Er en ketsjersport, der spilles med en let bold og et paddle (hårdt bat). Pickleball spilles på en bane i badmintonstørrelse, med tennis-lignende net. Der er elementer fra andre ketsjer/ bat spil - som tennis, squash, badminton og bordtennis.",Ons. 6. maj 2026,See description
Vandgymnastik,"Træning i vand til god musik. Vi træner kroppens center, med fokus på ryg og mave, og bruger vandets modstand til at styrke alle kroppens muskler.",Ons. 6. maj 2026,See description
Motionsgymnastik i Arena Syd VAMDRUP,"Har du lyst til at få rørt hele kroppen og få sved på panden, så er disse timer noget for dig. En gymnastiktime med højt humør og dejlig inspirerende musik. Men pas på, - du bliver hurtig afhængig !!!",Ons. 6. maj 2026,See description
Gudstjeneste: Morgenandagt ved Henriette Bacher Lind,,Ons. 6. maj 2026,09.30
Babysalmesang,"Sammen vil vi synge, nynne, danse, vugge, og lytte os igennem velkendte sange og salmer i en afslappet og rolig atmosfære. Vi vil puste sæbebobler og spille på rasleæg, og meget mere. Vi vil bruge vores krop og vores stemme.",Ons. 6. maj 2026,See description
Babytræf ved Sundhedsplejen,Sundhedsplejen inviterer alle forældre med børn under 1 år til Babytræf. Onsdage i ulige uger taler vi om barnets kost og onsdage i lige uger taler vi om barnets søvn. Arrangementet starter præcis klokken 10.,Ons. 6. maj 2026,See description
Petanque,"Kolding KFUM Senioridræt er er forening for senior der kan være aktive om dagen. Alle kan deltage og der lægges stor vægt på det sociale, så der er altid kaffepause. Der er kugle at spille med, så sørg for påklædning der passer til vejret.",Ons. 6. maj 2026,See description
Krolf,"Vi spiller krolf fra april til og med juni måned og igen fra august til oktober. Der er køller og bolde til udlån - og vi opfordrer ALLE der har lyst, til at komme og prøve.",Ons. 6. maj 2026,See description
Let's dance i arena syd vamdrup,"Ved brug af den skønne musik sammen med enkelte dansetrin kommer forbrændingen i vejret og kroppen fyldes med energi - samtidig med at det er sjovt og nemt at lære- Alle kan være med - unge som ældre, mænd og kvinder.",Ons. 6. maj 2026,10.15
Funktionel / balancetræning,"Funktionel træning fokuserer på naturlige bevægelser, som den menneskelige krop allerede er skabt til at lave. Bevægelser som at løfte, trække, rotere eller skubbe, er bevægelser som vi allerede laver, eller kan få brug for i dagligdagen.",Ons. 6. maj 2026,10.30
Vandgymnastik i Kongeåbadet VAMDRUP,"Træning i vand til god musik. Vi træner kroppens center, med fokus på ryg og mave, og bruger vandets modstand til at styrke alle kroppens muskler.",Ons. 6. maj 2026,See description
Super Mario Galaxy Filmen,Here we go. Again! Animationsfilmen 'Super Mario Galaxy Filmen' (The Super Mario Galaxy Movie) er fortsættelsen til Super Mario Bros. Filmen fra 2023 og denne gang bliver eventyret endnu større!,Ons. 6. maj 2026,11.30
The Drama,"Filmen 'The Drama' handler om et lykkeligt par, hvis forhold bliver sat på prøve, da en uventet indrømmelse kommer på bordet. Emma og Charlie elsker hinanden og glæder sig til både bryllup og et liv sammen.",Ons. 6. maj 2026,11.45
Affektionsværdi,"Det norske drama 'Affektionsværdi' følger søstrene Nora (Renate Reinsve) og Agnes (Inga Ibsdotter Lilleaas), som genforenes med deres far Gustav (Stellan Skarsgård) - en førhen ganske feteret instruktør, som drømmer om det store comeback.",Ons. 6. maj 2026,12.15
The Devil Wears Prada 2,"""A sequel? For spring? Groundbreaking."". Filmen 'The Devil Wears Prada 2' er fortsættelsen til den elskede film fra 2006, The Devil Wears Prada.",Ons. 6. maj 2026,12.30
Michael,"Filmen 'Michael' skildrer en af de mest indflydelsesrige kunstnere nogensinde, Michael Jackson.",Ons. 6. maj 2026,12.40
Kom og spil kegler (For alle niveauer - 55+ år),"HUSK indendørssko! Hvordan spiller man kegler?. Man starter med at indtage en ""startstilling"". Denne afhænger af hvilken teknik man bruger. Kaster man med to hænder, stiller man sig med spredte ben hen over linoleumsstykket.",Ons. 6. maj 2026,See description
Project Hail Mary,I science fiction-filmen 'Project Hail Mary' skal Ryan Gosling redde jordens fremtid ved hjælp af en unik portion videnskab og humor!,Ons. 6. maj 2026,13.45
En kage til præsidenten,"Iraks officielle Oscar-kandidat 2026! Vinder af Camera D'Or på Cannes Film Festival. Irak, 1990'erne.",Ons. 6. maj 2026,See description
De forbandede år 3 - Fredens pris,"Året er 1945. Krigen er endelig slut. Danmark er frit, men splittet. Meget har ændret sig for familien Skov. Karl og Evas ægteskab er tyndslidt, og Eva beslutter at forlade sin mand.",Ons. 6. maj 2026,14.20
Bueskydning,Vi skyder med bue og pile mod en skive. Det kræver stor koncentration når man skyder. Man kommer til hallen (hal 2 i Pulzion) og bliver mødt af en der tager sig af dig. Du vil blive introduceret for alle så i ved hvem i er.,Ons. 6. maj 2026,14.20
Gigt Café i Kolding - Oplæg om fremtidsfuldmagt og arv,"Velkommen igen til caféen i kolding ! Denne gang får vi besøg af advokat Charlotte Szocska, som fortæller om fremtidsfuldmagt og testamente.",Ons. 6. maj 2026,15.30
Tennistræning for juniorer mellem 7 og 17 år,"Gå til tennis hos KIF Tennis og få gratis træning. Nu starter vi igen hold for juniorer - et for 7-11 årige og et for 12-15 årige. Vi har et super godt trænerteam, og et godt fællesskab.",Ons. 6. maj 2026,See description
Smag på tang fra Lillebælt / Taste seaweed from Little Belt,"Smag på, og lær om tang fra Naturpark Lillebælt/ Taste and learn about seaweed from Naturpark Lillebælt.",Ons. 6. maj 2026,16.30
Klassefesten 4 - Venner for livet,"I den danske komedie 'Klassefesten 4 - Venner for livet' er kammeraterne tilbage for fjerde gang! Men, intet er som det plejer!",Ons. 6. maj 2026,16.30
"Ilden, Vandet, Jorden, Luften","Klimaforandringerne er her nu - også i Danmark og i hele Norden. Skovbrande breder sig i Sverige, havene stiger i Danmark, stormene bliver voldsommere på Færøerne, og landskabet skrider i Norge. Naturen giver os tydelige tegn.",Ons. 6. maj 2026,See description
Linedance/ Absolut Begynder,For dem der aldrig har prøvet før.,Ons. 6. maj 2026,17.55
Løbetræning,"Vi løber mandag og onsdag klokken 17 samt lørdag klokken 10 fra Bøgelund, Bramdrup. Skovvej 40. Kom i god tid - vi starter præcis. Du kan deltage 3-4 gange før du melder dig ind i klubben. Lavt kontingent - 300 kroner for et kalenderår.",Ons. 6. maj 2026,18.30
Boccia for voksne med særlige behov,"Boccia er en sport, der minder meget om petanque. Det spilles indendørs, og går ud på at kaste bolde tættest på en hvid bold. Det er en forholdsvis rolig/stille sport, hvor der er mulighed for at sidde ned hvis man har behov for det.",Ons. 6. maj 2026,See description
Hockey for voksne med særlige behov,"Til hockey er der plads til alle uanset niveau. Efter en god opvarmning, træner vi med hockeystave og puck, hvor vi øver i at skyde til hinanden samt at skyde på mål. Hvis du ikke har prøvet at spille hockey før, skal du nok blive sat ind i reglerne.",Ons. 6. maj 2026,See description
Brætspilsklubben,"Elsker du brætspil, og mangler du et hyggeligt fællesskab at spille sammen med?",Ons. 6. maj 2026,20.30
Galla 2026: Historien Går Gennem Kolding - Forestilling 1,"""Historien Går Gennem Kolding"" starter i Sankt Nicolai Kirke (kl. 18.00) og slutter i Koldinghus (kl. 19.30). Billetten giver adgang til begge steder, ligesom billetholdere vil modtage et program.

  Arrangeret af Kulturskolen Kolding.",Ons. 6. maj 2026,See description
Motionsmix,Sjov motionsgymnastik for både damer og herrer. Alle kan deltage uanset alder og skavanker.,Ons. 6. maj 2026,See description
Linedance / Begynder,For dem der kender lidt til grundtrin.,Ons. 6. maj 2026,18.05
Karate unge (13+) og voksne,"Hvad er karate?. Karate er først og fremmest selvforsvar! Når vi træner, så passer vi godt på hinanden. Men når man først er lidt øvet, så går vi tæt på hinanden - og man kan godt få et blåt mærke med hjem.",Ons. 6. maj 2026,18.30
Krolf for alle - aften,"Til træning der spiller vi 2-3 runder, vi har i alt 4 forskellige baner man kan komme og prøve. Det man får ud af det er: at møde nye mennesker, hyggeligt socialt samvær, venskaber for alle aldersgrupper. Man skal huske varmt tøj til tider.",Ons. 6. maj 2026,18.30
Toner Fra Badehotellet // Væveriet Kolding,"Toner fra Badehotellet tager på Danmarksturné. Til maj 2026 kan publikum over hele landet glæde sig til at opleve Toner fra Badehotellet ? et nyt, swingende musikalsk show med Jens Jacob Tychsen, kendt og elsket som den dameglade og charmerende Hr.",Ons. 6. maj 2026,See description
Franz,"Filmen skildrer det gådefulde liv for Franz Kafka, fra hans ungdom i Prag til hans død i 1924. I stedet for at være en traditionel biografi er Franz sat op som en kalejdoskopisk mosaik af drømme, breve, fragmenter fra hans fiktion og historiske episoder.",Ons. 6. maj 2026,See description
Vægtløs,"Den 15-årige Lea skal tilbringe sommeren på en sundhedskoloni, hvor hun bliver venner med den spontane og selvsikre Sasha, som Lea både beundrer og spejler sig i.",Ons. 6. maj 2026,See description
DR Romanklub - Aftenholdet,"DR Romanklubben er for dig, der er interesseret i ny litteratur og gerne vil diskutere den med andre.",Ons. 6. maj 2026,20.30
Gratis badminton Spilfællesskab,Kolding KFUM Badminton inviterer hver onsdag i maj fra 19.00 - 21.00 til gratis åben spilfællesskab! Alle er velkomne til at komme og spille med. Spilfællesskabet er gratis.,Ons. 6. maj 2026,See description
Kvinde Kend Din Krop,,Ons. 6. maj 2026,19.30
Det store 90'er Quiz Show,Vi skal på en tidsrejse til et af de mest farverige og uforglemmelige årtier i musikkens historie. Et årti også kendt som ''Det Glade Årti''.,Ons. 6. maj 2026,19.30
De Forbandede År 3 - Fredens pris - Dk. tekster,"Året er 1945. Krigen er endelig slut. Danmark er frit, men splittet. Meget har ændret sig for familien Skov, Karl og Evas ægteskab er tyndslidt, og Eva beslutter at forlade sin mand.",Ons. 6. maj 2026,19.30
Mos Mosh Gallery KIF Padel Masters 2026,,Ons. 6. til søn. 10. maj 2026 10:00 - 20.00,10:00
"Nyt plejehjem, nye muligheder - Åbent hus på Dorotheas Have, Koldings kommende plejehjem","Er du nysgerrig på byggeriet af det nye plejehjem - og på hvordan Kolding Kommune arbejder med at skabe demensvenlige lokalsamfund? Så kig forbi til en uformel snak, og hør om visionerne bag, jobmuligheder og samarbejdet med bydelen.",Tor. 7. maj 2026 09:00 - 15.00,09:00
Craft Salon,Kom forbi Garn og Craft til et par timers hyggeligt samvær omkring Craft/håndarbejde. Alle er velkomne og du behøver ikke melde dig til.,Tor. 7. maj 2026 14:00 - 20:00,14:00
Rundvisning på Dorotheas Have,"Er du nysgerrig på hvordan byggeriet af Dorotheas Have, Koldings nye plejehjem skrider frem? Vil du gerne se mere end det du kan se bag hegnet? Så kom med på rundvisning på byggepladsen og hør om ambitionerne for det nye plejehjem. Tilmelding på mail.",Tor. 7. maj 2026 16.00 - 17.30,16.00
Motionsgymnastik,"Har du lyst til at få rørt hele kroppen og få sved på panden, så er disse timer noget for dig. En gymnastiktime med højt humør og dejlig inspirerende musik. Men pas på, - du bliver hurtig afhængig !!!",Tor. 7. maj 2026,See description
Styrke/ryg træning,"Her styrkes alle kroppens muskler, så ryggen kan klare hverdagen. Husk måtte.",Tor. 7. maj 2026,09.30
Krolfspil for senior,"Krolf er et rigtig hyggelig spil, hvor alle kan deltage. Det er en blanding af golf og kroket. Praktisk påklædning efter vejret, gerne kraftige sko eller i regnvejr gummistøvler.",Tor. 7. maj 2026,09.30
Vandreture,"Ture ud i naturen i omegnen af Kolding med fokus på fællesskab, socialt samvær, motion og gode historier. Der er altid en pause, hvor den medbragte kaffe nydes.",Tor. 7. maj 2026,09.30
Stavgang,"Der kan som udgangspunkt lånes stave i IFA de første par gange. Der vil hver gang være mulighed for instruktion i stavgangsteknik, ligesom der som regel er mulighed fora t vælge hold med forskellige tempi.",Tor. 7. maj 2026,11.30
Torsdagscafé,Sangformiddag med Jørgen Juhl ved klaveret.,Tor. 7. maj 2026,See description
Knæ / hoftetræning,"Har du problemer med knæ og hofte, er dette hold noget for dig. Musklerne i benet har sammenhæng med. musklerne i hofte. På holdet arbejdes der med specifik styrketræning til disse muskler. I opstarten vil det.",Tor. 7. maj 2026,10.15
Let's Dance,"Ved brug af skøn musik til mange forskellige dansearter, sammen med enkelte dansetrin kommer forbrændingen i vejret og kroppen fyldes med energi - samtidig med at det er sjovt og nemt at lære- Alle kan være med - unge som ældre, mænd og kvinder, hvis bare.",Tor. 7. maj 2026,See description
The Devil Wears Prada 2,"""A sequel? For spring? Groundbreaking."". Filmen 'The Devil Wears Prada 2' er fortsættelsen til den elskede film fra 2006, The Devil Wears Prada.",Tor. 7. maj 2026,11.30
Affektionsværdi,"Det norske drama 'Affektionsværdi' følger søstrene Nora (Renate Reinsve) og Agnes (Inga Ibsdotter Lilleaas), som genforenes med deres far Gustav (Stellan Skarsgård) - en førhen ganske feteret instruktør, som drømmer om det store comeback.",Tor. 7. maj 2026,15.15
Gym Stick-----styrketræning,"Gymstick muliggør en effektiv træning af styrke, udholdenhed, bevægelighed og koordination. Det er muligt. at lave mange øvelser for at træne hele kroppen samt målrettet arbejde for enkelte muskelgrupper.",Tor. 7. maj 2026,12.15
Yoga,"Deltagerne på holdene giver udtryk for, at hele kroppen bliver arbejdet godt igennem i et roligt tempo, at de kommer ud i yderstillinger og bliver mere smidige.",Tor. 7. maj 2026,12.15
Dragens vogter,"I det gamle Kina opdager den unge pige Ping, at hun er skæbnebestemt til at beskytte den sidste levende drage og et mystisk æg, der bærer håbet for hele dragens slægt.",Tor. 7. maj 2026,12.30
Michael,"Filmen 'Michael' skildrer en af de mest indflydelsesrige kunstnere nogensinde, Michael Jackson.",Tor. 7. maj 2026,12.45
De Forbandede År 3 - Fredens pris - Dk. tekster,"Året er 1945. Krigen er endelig slut. Danmark er frit, men splittet. Meget har ændret sig for familien Skov, Karl og Evas ægteskab er tyndslidt, og Eva beslutter at forlade sin mand.",Tor. 7. maj 2026,See description
Super Mario Galaxy Filmen,Here we go. Again! Animationsfilmen 'Super Mario Galaxy Filmen' (The Super Mario Galaxy Movie) er fortsættelsen til Super Mario Bros. Filmen fra 2023 og denne gang bliver eventyret endnu større!,Tor. 7. maj 2026,See description
Mangafællesskabet,Elsker du manga og anime?,Tor. 7. maj 2026,See description
Ungdomstræning for 5-18 årige,"Til vores træninger er timen delt op i 3 sektioner opvarmning/træningsøvelser/bowling & leg. Vi starter med en fælles opvarmning, for at få kroppen igang og klar til træningen.",Tor. 7. maj 2026,See description
Kolding Børnehøjskole,"På Kolding Børnehøjskole tilbyder vi kurser, hvor børn kan fordybe sig og lære noget om det, som de er sammen om. Vores mål er at gøre verden større for de mindste. Vi tror på, at selv store ting kan skabes i det små, og af de små.",Tor. 7. maj 2026,See description
Project Hail Mary,I science fiction-filmen 'Project Hail Mary' skal Ryan Gosling redde jordens fremtid ved hjælp af en unik portion videnskab og humor!,Tor. 7. maj 2026,16.15
Galla 2026: Historien Går Gennem Kolding - Forestilling 2,"""Historien Går Gennem Kolding"" starter i Sankt Nicolai Kirke (kl. 18.00) og slutter i Koldinghus (kl. 19.30). Billetten giver adgang til begge steder, ligesom billetholdere vil modtage et program.

  Arrangeret af Kulturskolen Kolding.",Tor. 7. maj 2026,16.30
Rockmusiksalon,"Uformelle eftermiddage, hvor man lytter til rockmusik i alle afskygninger.",Tor. 7. maj 2026,16.30
Værn,"Sydsverige i begyndelsen af 70'erne. Den kolde krig er allestedsnærværende. Påvirket af de stærke billeder i brochuren 'Hvis krigen kommer', begynder landarbejderen og eneboeren Karl-Göran Persson at sikre sit hus.",Tor. 7. maj 2026,See description
U7 mix,En tryg og sjov start på dit barns håndboldeventyr. Medbring sko og tøj man kan bevæge sig i.,Tor. 7. maj 2026,17.45
Begynderhold,"Som nybegynder eller let øvet, går meget af træningen ud på at indøve de helt basale teknikker som stød, parader, spark og stillinger, samt de grundlæggende japanske termer, der bruges.",Tor. 7. maj 2026,See description
Bålgudstjeneste Ødis,"Velkommen til bålgudstjeneste i præstegårdshaven i Ødis! Vi starter med en lille børnegudstjeneste, spejderne har nogle lege med, og til sidst hygger vi os omkring bålet med pølser og snobrød.",Tor. 7. maj 2026,See description
Tennis 5-8 årige,Udendørstræning: 1. Maj 2022 - 16. September 2022.,Tor. 7. maj 2026,17.15
Begynder brydning - 7 til 13 år,"Træningen består af leg, motorik/akrobatik, koordinationsøvelser samt bryde relaterede øvelser. Her læres at slå de mest basale brydegreb, og under træning får de også mulighed for at bryde rigtigt.",Tor. 7. maj 2026,17.30
Junior squash for alle 6-16 årige,Mangler din søn eller datter en ny sportsgren?. SÅ ER DET SQUASH! Squash er sjovt for alle aldre - squash er blandt verdens sundeste sportsgrene & squash er motion!,Tor. 7. maj 2026,17.30
Linedance / Øvet,For dem der kan alle grundtrin og lyst til større udfordringer.,Tor. 7. maj 2026,17.30
De forbandede år 3 - Fredens pris,"Året er 1945. Krigen er endelig slut. Danmark er frit, men splittet. Meget har ændret sig for familien Skov. Karl og Evas ægteskab er tyndslidt, og Eva beslutter at forlade sin mand.",Tor. 7. maj 2026,17.45
Håndbold for damer,Kræver tidligere håndbolderfaring. Fokus på det sociale og spille god håndbold. Sæsonen starter i august og kører indtil april. Sommertræning i maj og juni.,Tor. 7. maj 2026,19.45
Forårskoncert i Dalby Kirke,"Dalby Kirkes børnekor, ungdomskor, voksenkor og kvindekor synger et varieret program bestående af forårssange, nyere popsange og gospel. Der bliver også en fællessang eller to. Dørene åbnes kl. 18.15. Gratis adgang!",Tor. 7. maj 2026,18.30
Hold 3 (13 år +),"Vores største hold. Her er plads til både eliten, talenterne, og dem der bare gerne vil have sved på panden og lære at bryde. Teknik træningen slutte kl. 19.30 fra 19.30 til 20.00 er der Open Mat.",Tor. 7. maj 2026,18.30
Realistisk selvforsvar for alle (9+ år),Vi træner selvforsvar på mix hold tirsdage og torsdage fra kl 18:30 til 20:00 kom ned i kluben og prøv omdet er noget for dig.,Tor. 7. maj 2026,18.30
Aftenvagt,"Floria (spillet af Leonie Benesch - mindst lige så fantastisk som i 'Lærerværelset') er en dedikeret sygeplejerske, der med urokkelig dedikation navigerer i det ubarmhjertige opskruet tempo på en kirurgisk afdeling på et hospital i Schweiz.",Tor. 7. maj 2026,See description
Fællesklang,"Er du mellem 18 og 35 år og glad for at synge? Så er Fællesklang Kolding det rytmiske kor for dig - helt uden optagelsesprøve! Fællesklang Kolding er et kor for alle mellem 18 og 35 år, der elsker at synge alt fra pophits og gospel til Disney-klassikere.",Tor. 7. maj 2026,See description
Kegler for hele familien,"De fleste har prøvet bowling eller set spillet. Man kan godt sammenligne at spille bowling med kegler. Forskellen på disse 2 spil er, at kuglen er mindre i kegler, og uden huller til fingrene.",Tor. 7. maj 2026,See description
Det store 90'er Quiz Show,Vi skal på en tidsrejse til et af de mest farverige og uforglemmelige årtier i musikkens historie. Et årti også kendt som ?Det Glade Årti?,Tor. 7. maj 2026,19.30
Stig Rossen på Houens Odde Gaard,Dato: 07.05.2026 kl. 19.30. Oplev en stemningsfyldt intimkoncert med Stig Rossen og hans pianist i helt unikke omgivelser på Houens Odde Gaard lidt uden for Kolding. Intimkoncert med Stig Rossen. Varighed: 2 x 40 minutter.,Tor. 7. maj 2026,19.30
Dust Bunny,"Tiårige Aurora har en mystisk nabo (Mads Mikkelsen), som dræber virkelige monstre - han er lejemorder. Så da Aurora har brug for hjælp til at dræbe det monster, hun tror har spist hele hendes familie, hyrer hun ham.",Tor. 7. maj 2026,19.30
Grappling and Brazilian jiu-jitsu,Grappling and BJJ for all skill levels.,Tor. 7. maj 2026,See description
Iron Maiden: Burning Ambition,,Tor. 7. maj 2026,20.45
Billie Eilish - Hit Me Hard and Soft: The Tour,Optaget under hendes udsolgte verdensturné bringer Billie Eilish - HIT ME HARD AND SOFT: THE TOUR (LIVE IN 3D) en nyskabende koncertoplevelse til det store lærred fra en af sin generations mest anerkendte og succesfulde kunstnere.,Tor. 7. maj 2026,See description
Open Mic,,Tor. 7. maj 2026,21:00
Mortal Kombat II,"De populære fanfavoritter - nu med selveste Johnny Cage på holdet - står over for hinanden i det ultimative opgør for at nedkæmpe Shao Kahns mørke herredømme, der truer selve Jordrigets eksistens og dets beskyttere.",Tor. 7. maj 2026,21.15
SPJustFrost - For meget af det go'e,"SPJustFrost er tilbage, og 2026 bliver året, hvor vi skruer helt op for det goé! Den dynamiske og fantastisk spillende trio har gennem tiden manifesteret sin position som en af Danmarks bedste live-ac.",Fre. 8. maj 2026,See description
Medlemsoptagelse i Koldinghus Ordnen,"Et historisk, humoristisk teaterstykke - opdelt i flere fornøjelige scener og med garanti for både latter og kongelige løjer. Historieformidling, når den er både oplysende og underholdende. Tilmelding på www.koldinghusordnen.dk.",Fre. 8. maj 2026 15:15 - 16.45,15:15
Koncert - Purple Parade,En uforglemmelig Prince-aften i selskab med Purple Parade.,Fre. 8. maj 2026 20:30 - 22:30,20:30
Fårbrydelsen,"I denne finurlige og nyskabende krimihistorie er George (Hugh Jackman) en fårehyrde, der hver aften læser detektivromaner højt for sine elskede får - overbevist om, at de umuligt kan forstå dem.",Fre. 8. maj 2026,11.30
Affektionsværdi,"Det norske drama 'Affektionsværdi' følger søstrene Nora (Renate Reinsve) og Agnes (Inga Ibsdotter Lilleaas), som genforenes med deres far Gustav (Stellan Skarsgård) - en førhen ganske feteret instruktør, som drømmer om det store comeback.",Fre. 8. maj 2026,12.15
De forbandede år 3 - Fredens pris,"Året er 1945. Krigen er endelig slut. Danmark er frit, men splittet. Meget har ændret sig for familien Skov. Karl og Evas ægteskab er tyndslidt, og Eva beslutter at forlade sin mand.",Fre. 8. maj 2026,12.30
Michael,"Filmen 'Michael' skildrer en af de mest indflydelsesrige kunstnere nogensinde, Michael Jackson.",Fre. 8. maj 2026,12.45
Kom og spil kegler hver fredag eftermiddag,"HUSK indendørssko! Hvordan spiller man kegler?. Man starter med at indtage en ""startstilling"". Denne afhænger af hvilken teknik man bruger. Kaster man med to hænder, stiller man sig med spredte ben hen over linoleumsstykket.",Fre. 8. maj 2026,See description
Franz,"Filmen skildrer det gådefulde liv for Franz Kafka, fra hans ungdom i Prag til hans død i 1924. I stedet for at være en traditionel biografi er Franz sat op som en kalejdoskopisk mosaik af drømme, breve, fragmenter fra hans fiktion og historiske episoder.",Fre. 8. maj 2026,13.30
Super Mario Galaxy Filmen,Here we go. Again! Animationsfilmen 'Super Mario Galaxy Filmen' (The Super Mario Galaxy Movie) er fortsættelsen til Super Mario Bros. Filmen fra 2023 og denne gang bliver eventyret endnu større!,Fre. 8. maj 2026,14.10
Forpremiere: Aphaca - Brug for hinanden,Kom til landsdækkende forpremiere på dokumentarfilmen 'Aphaca - Brug for hinanden den 8. og 9. maj.,Fre. 8. maj 2026,See description
Kaizen Kidz,"Holdet er tilrettelagt med en blanding af karate og fysisk aktivitet og leg, således at der hele tiden er aktivitet, og at børnene får tid til at bearbejde deres indtryk.",Fre. 8. maj 2026,17.30
Aftenvagt,"Floria (spillet af Leonie Benesch - mindst lige så fantastisk som i 'Lærerværelset') er en dedikeret sygeplejerske, der med urokkelig dedikation navigerer i det ubarmhjertige opskruet tempo på en kirurgisk afdeling på et hospital i Schweiz.",Fre. 8. maj 2026,16.30
Project Hail Mary,I science fiction-filmen 'Project Hail Mary' skal Ryan Gosling redde jordens fremtid ved hjælp af en unik portion videnskab og humor!,Fre. 8. maj 2026,16.30
Dust Bunny,"Tiårige Aurora har en mystisk nabo (Mads Mikkelsen), som dræber virkelige monstre - han er lejemorder. Så da Aurora har brug for hjælp til at dræbe det monster, hun tror har spist hele hendes familie, hyrer hun ham.",Fre. 8. maj 2026,See description
Freestyle wrestling,Training for youth/senior + 15 years. The training is for beginners and advanced wrestlers of all levels.,Fre. 8. maj 2026,17.30
Mortal Kombat II,"De populære fanfavoritter - nu med selveste Johnny Cage på holdet - står over for hinanden i det ultimative opgør for at nedkæmpe Shao Kahns mørke herredømme, der truer selve Jordrigets eksistens og dets beskyttere.",Fre. 8. maj 2026,21.15
Det store 90'er Quiz Show,Vi skal på en tidsrejse til et af de mest farverige og uforglemmelige årtier i musikkens historie. Et årti også kendt som ?Det Glade Årti?,Fre. 8. maj 2026,19.30
Amy Winehouse Tribute,"Med den karismatiske sanger Samara Bahrami i front, hyldes den legendariske sanger og sangskriver Amy Winehouse. Sammen genopliver de nogle fantastiske sange, som sanger og sangskriver Amy Winehouse skabte før sin alt for tidlige død i 2011.",Fre. 8. maj 2026,See description
Amy Winehouse Tribute live i EWII House i Kolding,"MusicBooking.dk præsenterer en helt særlig koncertoplevelse, når Amy Winehouse Tribute indtager scenen i EWII House fredag den 8. maj kl. 20.

  Arrangeret af Music Booking.dk.",Fre. 8. maj 2026,20:00
Iron Maiden: Burning Ambition,,Fre. 8. maj 2026,20.45
Billie Eilish - Hit Me Hard and Soft: The Tour,Optaget under hendes udsolgte verdensturné bringer Billie Eilish - HIT ME HARD AND SOFT: THE TOUR (LIVE IN 3D) en nyskabende koncertoplevelse til det store lærred fra en af sin generations mest anerkendte og succesfulde kunstnere.,Fre. 8. maj 2026,See description
Udstilling: Årets Pressefoto 2025,Oplev årets bedste pressefoto.,Fre. 8. til lør. 30. maj 2026,See description
Bog Release hos Skærsøgaard vin,"I år er det 25 år siden at den allerførste årgang dansk vin kom på markedet. Det skal ikke gå ubemærket hen - Sven Moesgaard har skrevet en bog om de 25 år - for dansk vin og historien bagom Skærsøgaard vin. Bøger til salg, et glas bobler og gode tilbud.",Lør. 9. maj 2026 13:00 - 15.00,13:00
Guidet tur i Christiansfeld - Verdensarv i særklasse,Velkommen til UNESCO-byen Christiansfeld - en by med en enestående historie. Tag med os på en historisk byvandring gennem de smukke gader i Christiansfeld. Vores guide fortæller dig historier om Brødremenigheden og byens historie - fra grundlæggelsen og.,Lør. 9. maj 2026 13:30 - 15:00,13:30
"Gudstjeneste: Konfirmation - 8.C, Lyshøjskolen v. Henrik Johannessen","8.C, Lyshøjskolen konfirmeres v. Henrik Johannessen.",Lør. 9. maj 2026,See description
Håndbold for børn (2-5 årige),"Motorik baner, boldmassage og meget mere. Aktiviteterne gennemføres sammen med en forældre/voksen. Sørg for at børnene har noget ordentligt fodtøj og tøj de kan bevæge sig i. Sæsonen starter i august/september og slutter i april/maj.",Lør. 9. maj 2026,See description
Indisk madlavning,Arrangeret af FOF Sydjylland.,Lør. 9. maj 2026,15.25
"Gudstjeneste: Konfirmation, Realskolen ved Niels Risbjerg Lai",,Lør. 9. maj 2026,09.30
Mission: Bæver,"Animationsfilmen 'Mission: Bæver' er Disney og Pixars nyeste eventyr, der stiller spørgsmålet: Hvad hvis du kunne tale med dyr og forstå, hvad de siger?",Lør. 9. maj 2026,See description
Løbetræning,Vi løber mandag og onsdag klokken 17 samt lørdag klokken 10 fra Bøgelund (i sommerhalvåret starter den lange tur på +16km kl. 09.00). Hvor holder vi til? Bramdrup Skovvej 40. Kom i god tid - vi starter præcis.,Lør. 9. maj 2026,See description
Kvinder / Mandfolk på MTB,Mountainbike for alle - Fokus på stier og fællesskab. Har du lyst til at komme ud i den friske luft på din mountainbike uden at bekymre dig om svære tekniske spor og stejle skrænter?,Lør. 9. maj 2026,See description
Fårbrydelsen,"I denne finurlige og nyskabende krimihistorie er George (Hugh Jackman) en fårehyrde, der hver aften læser detektivromaner højt for sine elskede får - overbevist om, at de umuligt kan forstå dem.",Lør. 9. maj 2026,10.15
Gudstjeneste: Konfirmation,,Lør. 9. maj 2026,10.30
"Gudstjeneste: Konfirmation - 8.D, Lyshøjskolen v. Lars Seeberg","8.D, Lyshøjskolen konfirmeres v. Lars Seeberg.",Lør. 9. maj 2026,See description
Super Mario Galaxy Filmen,Here we go. Again! Animationsfilmen 'Super Mario Galaxy Filmen' (The Super Mario Galaxy Movie) er fortsættelsen til Super Mario Bros. Filmen fra 2023 og denne gang bliver eventyret endnu større!,Lør. 9. maj 2026,13.30
Gudstjeneste: Konfirmation Brændkjær B,,Lør. 9. maj 2026,11.30
"Gudstjeneste: Konfirmation, Realskolen ved Ole Witte Madsen",,Lør. 9. maj 2026,11.30
The Devil Wears Prada 2,"""A sequel? For spring? Groundbreaking."". Filmen 'The Devil Wears Prada 2' er fortsættelsen til den elskede film fra 2006, The Devil Wears Prada.",Lør. 9. maj 2026,12.30
Affektionsværdi,"Det norske drama 'Affektionsværdi' følger søstrene Nora (Renate Reinsve) og Agnes (Inga Ibsdotter Lilleaas), som genforenes med deres far Gustav (Stellan Skarsgård) - en førhen ganske feteret instruktør, som drømmer om det store comeback.",Lør. 9. maj 2026,12.50
Dust Bunny,"Tiårige Aurora har en mystisk nabo (Mads Mikkelsen), som dræber virkelige monstre - han er lejemorder. Så da Aurora har brug for hjælp til at dræbe det monster, hun tror har spist hele hendes familie, hyrer hun ham.",Lør. 9. maj 2026,See description
Rundvisning - Harteværket,"Oplev historien for opførelsen af Danmarks første vandkraftværk, som blev indviet i 1920. En utrolig spændende historie, som også i fremtiden vil have en vigtig rolle for Kolding i forbindelse med de klimatilpasninger, som er forberedt på Harteværket.",Lør. 9. maj 2026,See description
Kæledyrs-ekspressen,"Da en gruppe kæledyr ved et uheld bliver væk fra deres ejere og ender ombord på et højhastighedstog tværs gennem Europa, starter et hæsblæsende eventyr fyldt med kaos, sjove misforståelser - og uventet venskab.",Lør. 9. maj 2026,See description
Det store 90'er Quiz Show,Vi skal på en tidsrejse til et af de mest farverige og uforglemmelige årtier i musikkens historie. Et årti også kendt som ?Det Glade Årti?,Lør. 9. maj 2026,19.30
Harry Potter og Fønixordenen,,Lør. 9. maj 2026,15.15
Michael,"Filmen 'Michael' skildrer en af de mest indflydelsesrige kunstnere nogensinde, Michael Jackson.",Lør. 9. maj 2026,15.50
Forpremiere: Aphaca - Brug for hinanden,Kom til landsdækkende forpremiere på dokumentarfilmen 'Aphaca - Brug for hinanden den 8. og 9. maj.,Lør. 9. maj 2026,See description
De Forbandede År 3 - Fredens pris - Dk. tekster,"Året er 1945. Krigen er endelig slut. Danmark er frit, men splittet. Meget har ændret sig for familien Skov, Karl og Evas ægteskab er tyndslidt, og Eva beslutter at forlade sin mand.",Lør. 9. maj 2026,See description
Mortal Kombat II,"De populære fanfavoritter - nu med selveste Johnny Cage på holdet - står over for hinanden i det ultimative opgør for at nedkæmpe Shao Kahns mørke herredømme, der truer selve Jordrigets eksistens og dets beskyttere.",Lør. 9. maj 2026,17.15
"Du er unik, skat","Talentholdet præsenterer elevforestillingen ""Du er unik, skat"". En forestilling inspireret af den ikoniske 80'er film ""The Breakfast Club"". En blandet flok elever har eftersidning en lørdag.

  Arrangeret af Teaterskolen Kolding.",Lør. 9. maj 2026,18.40
Iron Maiden: Burning Ambition,"""Iron Maiden: Burning Ambition"" fortæller historien om, hvordan Iron Maiden har været med til at forme en kulturel bevægelse og udfordre traditionelle opfattelser af rockmusik og heavy metals bredere samfundsmæssige og kulturelle betydning.",Lør. 9. maj 2026,18.30
* glas & glimmer - på rabalder bar*,"Solen går ned, musikken stiger, og vi tænder op for en aften fyldt med farver, kreativitet og gode vibes - er du klar til at male på genbrugsglas, mingle og feste fra første øjeblik?. Lørdag d. 9. maj.",Lør. 9. maj 2026,See description
Billie Eilish - Hit Me Hard and Soft: The Tour,Optaget under hendes udsolgte verdensturné bringer Billie Eilish - HIT ME HARD AND SOFT: THE TOUR (LIVE IN 3D) en nyskabende koncertoplevelse til det store lærred fra en af sin generations mest anerkendte og succesfulde kunstnere.,Lør. 9. maj 2026,See description
Lee Cronin's The Mummy,"En ung pige forsvinder sporløst i ørkenen. Otte år senere bliver hendes knuste familie chokeret, da hun vender tilbage til dem. Det, der burde være en glædelig genforening, forvandles til et levende mareridt.",Lør. 9. maj 2026,21.15
Plantefarvning og ecoprint - for børn og voksne (også voksne uden børn),"Få en fantastisk nærværende oplevelse og lær om både plantefarvning og ecoprint. For børn og voksne - og voksne uden børn. Ecoprint er plante aftryk. Vi samler selv materialerne og skaber unikt tøj/stof.

  Arrangeret af FOF Sydjylland.",Lør. 9. og søn. 10. maj 2026 2 mødegange,See description
Los Fuegos på Knuds Dance Hall,"KOLDING, Gør jer klar til at danse! Los Fuegos bringer varmen med en fusion af latinamerikanske rytmer, reggae, rock, Balkan og meget mere. Kom og mærk ilden! Julian Maraboto Mario Casas Michael Miño Yannik Hartig""El Vikingo"".",Lør. 9. og søn. 10. maj 2026 21:00 - 03:00,21:00
Deloitte løbet 2026- Kolding BC,,Søn. 10. maj 2026,See description
Med Gestapo i hælene - Dramatiseret guidet tur,Pas på du ikke bliver opdaget af Gestapo! Vores to guider - i karakter som modstandsfolkene Gerda og Jørgen - tager dig med tilbage til tiden under 2. Verdenskrig på en dramatiseret guidet tur i Kolding.,Søn. 10. maj 2026 10:30 - 12:00,10:30
"Mødre, magtspil og kongelige skandaler","Fejr Mors dag med en særrundvisning på Koldinghus, hvor vi dykker ned i livet og skæbnerne for tre markante mødre i den kongelige historie.",Søn. 10. maj 2026 11:00-14:00,11:00
Guidet tur i Christiansfeld - Verdensarv i særklasse,Velkommen til UNESCO-byen Christiansfeld - en by med en enestående historie. Tag med os på en historisk byvandring gennem de smukke gader i Christiansfeld. Vores guide fortæller dig historier om Brødremenigheden og byens historie - fra grundlæggelsen og.,Søn. 10. maj 2026 13:30 - 15:00,13:30
Gudstjeneste v. Ole Pihl,,Søn. 10. maj 2026,09.45
Gudstjeneste i Immanuelskirken ved Michael Lerche Nygaard,,Søn. 10. maj 2026,See description
Gudstjeneste i Hjarup Kirke,,Søn. 10. maj 2026,See description
Gudstjeneste,,Søn. 10. maj 2026,See description
Fodbold alle søndage kl. 9.00,"Vi er en flok gamle gutter, der spiller fodbold for sjov, vores ældste mand er 87 år -yngste 38. Vi hedder KIF Oldboys, men langt de fleste har tidligere spillet i andre klubber, flere har aldrig spillet fodbold i en klub før KIF Oldboys.",Søn. 10. maj 2026,See description
Mission: Bæver,"Animationsfilmen 'Mission: Bæver' er Disney og Pixars nyeste eventyr, der stiller spørgsmålet: Hvad hvis du kunne tale med dyr og forstå, hvad de siger?",Søn. 10. maj 2026,See description
Gratis squash,"Kom og prøv squash i Kolding KFUM Squash - helt uforpligtende! Har du lyst til at prøve kræfter med squash - alene eller sammen med andre?. Så kig forbi Kolding KFUM Squash hver søndag kl. 10:00-11:30 og prøv en sjov, svedig og social sport!",Søn. 10. maj 2026,See description
Dragens vogter,"I det gamle Kina opdager den unge pige Ping, at hun er skæbnebestemt til at beskytte den sidste levende drage og et mystisk æg, der bærer håbet for hele dragens slægt.",Søn. 10. maj 2026,10.15
Fårbrydelsen,"I denne finurlige og nyskabende krimihistorie er George (Hugh Jackman) en fårehyrde, der hver aften læser detektivromaner højt for sine elskede får - overbevist om, at de umuligt kan forstå dem.",Søn. 10. maj 2026,10.15
Gudstjeneste: Konfirmation,,Søn. 10. maj 2026,10.30
Gudstjeneste ved Trine Lydeking,,Søn. 10. maj 2026,10.30
Super Mario Galaxy Filmen,Here we go. Again! Animationsfilmen 'Super Mario Galaxy Filmen' (The Super Mario Galaxy Movie) er fortsættelsen til Super Mario Bros. Filmen fra 2023 og denne gang bliver eventyret endnu større!,Søn. 10. maj 2026,10.30
Gudstjeneste - Jesu sidste bøn,,Søn. 10. maj 2026,10.30
Gudstjeneste 10.30,,Søn. 10. maj 2026,10.30
Musikgudstjeneste,Gadekoret medvirker.,Søn. 10. maj 2026,10.30
Gudstjeneste v/ Stephan Wung-Sung de Fønss,Efter gudstjenesten bydes der på kaffe og te i kirkens lokaler.,Søn. 10. maj 2026,10.30
Tyrstrup gudstjeneste,Gudstjeneste v/Liv Marit Tjelle Holm. Indsamling til menighedsplejen i Tyrstrup Sogn.,Søn. 10. maj 2026,10.30
Højmesse ved Katrine Papsø,,Søn. 10. maj 2026,10.30
Gudstjeneste Ødis,,Søn. 10. maj 2026,10.30
Højmesse ved Ole Witte Madsen,,Søn. 10. maj 2026,10.30
Gudstjeneste i Kristkirken ved Michael Lerche Nygaard,,Søn. 10. maj 2026,10.30
Samvær & samtale i kreativt fællesskab,"Fordybelse, snak og kreativitet i fællesskabet - det DU har brug for. Kom og giv dig selv nogle timer med fordybelse, snak og kreativitet i fællesskab.

  Arrangeret af Bedre Psykiatri - Kolding.",Søn. 10. maj 2026,14.30
Billie Eilish - Hit Me Hard and Soft: The Tour,Optaget under hendes udsolgte verdensturné bringer Billie Eilish - HIT ME HARD AND SOFT: THE TOUR (LIVE IN 3D) en nyskabende koncertoplevelse til det store lærred fra en af sin generations mest anerkendte og succesfulde kunstnere.,Søn. 10. maj 2026,11.30
Fodboldkamp A-Liga Mesterskabsspil - Kolding IF mod FC Nordsjælland,,Søn. 10. maj 2026,See description
Michael,"Filmen 'Michael' skildrer en af de mest indflydelsesrige kunstnere nogensinde, Michael Jackson.",Søn. 10. maj 2026,12.15
Affektionsværdi,Joachim Triers nyeste film vandt Grand Prix i Cannes og har nu slået nordisk rekord med hele 9 Oscar-nomineringer!,Søn. 10. maj 2026,12.30
Rundvisning - Mikkel Thomsen,"Idet rundvisningen foregår både udendørs og indendørs, anmoder vi om, at du er påklædt efter vejret. Venligst kom 10 min. før rundvisningen starter. Vi har P-pladser tæt på Harteværket. Varighed: 1,5 time. Arrangør: Harteværket.",Søn. 10. maj 2026,See description
Kagebord Mors dag,"Vi genoptager traditionen og byder på Kagebord som i gamle dage. Buffetten vil være spækket med lækkerier, som Cheesecake, boller og meget meget mere. Prisen er inklusiv kaffe, the og saft til børn og barnlige sjæle.",Søn. 10. maj 2026,See description
Forårskoncert med Kolding Bykor,,Søn. 10. maj 2026,14:30
Mark Schedler & Memphis Boulevard,"Velkommen til Søndags Matine med 60er musik mm. Og der må danses. Mark Schedler og Memphis BVLD spiller og synger Chuck Berry, Johnny Cash, Elvis, Willie Nelson, John Denver mfl.",Søn. 10. maj 2026,See description
Mors dag: Pride & Prejudice (2005),Tid til at finde korset og kyse frem! Vi viser Jane Austens højtelskede 'Pride & Prejudice' fra 2005. Søndag d. 10. maj kan du opleve den episke kærlighedshistorie mellem Mr. Darcy og Elizabeth Bennet på det store lærred.,Søn. 10. maj 2026,See description
Franz,"Filmen skildrer det gådefulde liv for Franz Kafka, fra hans ungdom i Prag til hans død i 1924. I stedet for at være en traditionel biografi er Franz sat op som en kalejdoskopisk mosaik af drømme, breve, fragmenter fra hans fiktion og historiske episoder.",Søn. 10. maj 2026,See description
Koncert med Aarhus Strygerensemble i Tyrstrup Kirke,,Søn. 10. maj 2026,15:00
Harry Potter og Fønixordenen,,Søn. 10. maj 2026,15.15
The Devil Wears Prada 2,"""A sequel? For spring? Groundbreaking."". Filmen 'The Devil Wears Prada 2' er fortsættelsen til den elskede film fra 2006, The Devil Wears Prada.",Søn. 10. maj 2026,15.30
Koncert med koret UP!,,Søn. 10. maj 2026,See description
Aftenvagt,"Floria (spillet af Leonie Benesch - mindst lige så fantastisk som i 'Lærerværelset') er en dedikeret sygeplejerske, der med urokkelig dedikation navigerer i det ubarmhjertige opskruet tempo på en kirurgisk afdeling på et hospital i Schweiz.",Søn. 10. maj 2026,See description
Project Hail Mary,I science fiction-filmen 'Project Hail Mary' skal Ryan Gosling redde jordens fremtid ved hjælp af en unik portion videnskab og humor!,Søn. 10. maj 2026,See description
"Du er unik, skat","Talentholdet præsenterer elevforestillingen ""Du er unik, skat"". En forestilling inspireret af den ikoniske 80'er film ""The Breakfast Club"". En blandet flok elever har eftersidning en lørdag.

  Arrangeret af Teaterskolen Kolding.",Søn. 10. maj 2026,18.40
Dust Bunny,"Tiårige Aurora har en mystisk nabo (Mads Mikkelsen), som dræber virkelige monstre - han er lejemorder. Så da Aurora har brug for hjælp til at dræbe det monster, hun tror har spist hele hendes familie, hyrer hun ham.",Søn. 10. maj 2026,18.30
Aftengudstjeneste Seest ASA,,Søn. 10. maj 2026,See description
Mortal Kombat II,"De populære fanfavoritter - nu med selveste Johnny Cage på holdet - står over for hinanden i det ultimative opgør for at nedkæmpe Shao Kahns mørke herredømme, der truer selve Jordrigets eksistens og dets beskyttere.",Søn. 10. maj 2026,21.15
Knuds Garage International Pubquiz,English Pubquiz at Knuds Garage Come to a pub quiz in a cozy setting with 20 questions.,Man. 11. maj 2026 20:30 - 22:30,20:30
Badminton,"Du medbringer en ketcher og bolde. Der spilles stort set kun double, da dette er det mest sociale og ikke så hårdt fysisk.",Man. 11. maj 2026,See description
Styrke /ryg træning i Arena Syd VAMDRUP,"I Styrkeryg trænings timen arbejdes der med alle kroppens muskler. Vi bruger elastik, som kan købes hos IFA. Husk måtte til styrkeøvelser på gulvet.",Man. 11. maj 2026,See description
Tennis for 60+'ere,Træning for 60+'ere - alle kan være med. Kom og oplev glæderne og sammenholdet ved at træne og spille tennis med jævnaldrende!,Man. 11. maj 2026,See description
Krolf for alle - formiddag,"Man træner 2-3 runder. Man får gode fællesskaber, hyggeligt socialt samvær, venskaber for alle aldre. Varmt tøj til tider. Mandag klokken 9:30 og onsdag klokken 18:30. Kontingent 250 kr. Sæsonen starter 1 maj og slutter 30 september.",Man. 11. maj 2026,09.30
Krolfspil for senior,"Krolf er et rigtig hyggelig spil, hvor alle kan deltage. Det er en blanding af golf og kroket. Praktisk påklædning efter vejret, gerne kraftige sko eller i regnvejr gummistøvler.",Man. 11. maj 2026,09.30
Stavgang/ gåture,"Der kan som udgangspunkt lånes stave i IFA de første par gange. Der vil hver gang være mulighed for instruktion i stavgangsteknik, ligesom der som regel er mulighed fora t vælge hold med forskellige tempi.",Man. 11. maj 2026,11.30
Styrke/ryg træning,"Her styrkes alle kroppens muskler, så ryggen kan klare hverdagen. Husk vandflaske og en måtte til gulvøvelserne.",Man. 11. maj 2026,10.45
Dragens vogter,"I det gamle Kina opdager den unge pige Ping, at hun er skæbnebestemt til at beskytte den sidste levende drage og et mystisk æg, der bærer håbet for hele dragens slægt.",Man. 11. maj 2026,11.30
Stram op,"Efter ca. 35 min. ""opvarmning"", hvor pulsen stiger, strammer vi maven, ballerne, lårene og ryggen op med forskellige øvelser. Med og uden elastikker. Husk vandflaske og måtte til gulvøvelserne.",Man. 11. maj 2026,See description
Mandehørm (styrke for mænd),"Som navnet siger - styrke kun for mænd. Der arbejdes med vægte så ""bøfferne"" holdes ved lige. Endvidere styrke af ryg og mave. Bækkenbunds træning er ikke kun for kvinder. Kom og lær din bækkenbund at kende.",Man. 11. maj 2026,See description
Deltag i turneringer. Få åbningskendskab,Deltagelse i klubturneringen. Deltagelse i holdturneringen mod spillere fra andre klubber. Teori og åbningskendskab.,Man. 11. maj 2026,See description
The Devil Wears Prada 2,"""A sequel? For spring? Groundbreaking."". Filmen 'The Devil Wears Prada 2' er fortsættelsen til den elskede film fra 2006, The Devil Wears Prada.",Man. 11. maj 2026,See description
Affektionsværdi,"Det norske drama 'Affektionsværdi' følger søstrene Nora (Renate Reinsve) og Agnes (Inga Ibsdotter Lilleaas), som genforenes med deres far Gustav (Stellan Skarsgård) - en førhen ganske feteret instruktør, som drømmer om det store comeback.",Man. 11. maj 2026,12.15
Mission: Bæver,"Animationsfilmen 'Mission: Bæver' er Disney og Pixars nyeste eventyr, der stiller spørgsmålet: Hvad hvis du kunne tale med dyr og forstå, hvad de siger?",Man. 11. maj 2026,12.30
Michael,"Filmen 'Michael' skildrer en af de mest indflydelsesrige kunstnere nogensinde, Michael Jackson.",Man. 11. maj 2026,12.45
Super Mario Galaxy Filmen,Here we go. Again! Animationsfilmen 'Super Mario Galaxy Filmen' (The Super Mario Galaxy Movie) er fortsættelsen til Super Mario Bros. Filmen fra 2023 og denne gang bliver eventyret endnu større!,Man. 11. maj 2026,13.40
De forbandede år 3 - Fredens pris,"Året er 1945. Krigen er endelig slut. Danmark er frit, men splittet. Meget har ændret sig for familien Skov. Karl og Evas ægteskab er tyndslidt, og Eva beslutter at forlade sin mand.",Man. 11. maj 2026,See description
Motionsdamer,Traditionel motionsgymnastik for damer. Alle kan deltage uanset alder og skavanker.,Man. 11. maj 2026,15.20
Iron Maiden: Burning Ambition,"""Iron Maiden: Burning Ambition"" fortæller historien om, hvordan Iron Maiden har været med til at forme en kulturel bevægelse og udfordre traditionelle opfattelser af rockmusik og heavy metals bredere samfundsmæssige og kulturelle betydning.",Man. 11. maj 2026,15.30
Aftenvagt,"Floria (spillet af Leonie Benesch - mindst lige så fantastisk som i 'Lærerværelset') er en dedikeret sygeplejerske, der med urokkelig dedikation navigerer i det ubarmhjertige opskruet tempo på en kirurgisk afdeling på et hospital i Schweiz.",Man. 11. maj 2026,See description
Linedance / Absolut Begynder,For dem der aldrig har prøvet linedance før.,Man. 11. maj 2026,17.55
Floorball U9-U11,"Husk indendørssko og gerne sportstøj, vi sørger for resten :-).",Man. 11. maj 2026,18.30
Løbetræning,"Vi løber mandag og onsdag klokken 17 samt lørdag klokken 10 fra Bøgelund, Bramdrup. Skovvej 40. Kom i god tid - vi starter præcis. Du kan deltage 3-4 gange før du melder dig ind i klubben. Lavt kontingent - 300 kroner for et kalenderår.",Man. 11. maj 2026,18.30
Gå-/Løbe-fællesskab,"Gå- & løbe-fællesskab, hvor minimum en frivillig fra HG&IF deltager på holdene. Så har du svært ved at komme afsted selv, så kom og vær med. Det forpligtiger lidt mere når man ved andre venter :-). Der er 3 niveauer: 1) Gå-holdet.",Man. 11. maj 2026,17.15
Hip Hop/ Funk (10-12 årige),"Er du vild med at danse foran spejlet? Og kan du ikke sidde stille, når der sættes musik på? Til hiphop/funk sætter vi gang i festen. Der vil blive arbejdet med koreografier, attitude og styrketræning.",Man. 11. maj 2026,17.30
Project Hail Mary,I science fiction-filmen 'Project Hail Mary' skal Ryan Gosling redde jordens fremtid ved hjælp af en unik portion videnskab og humor!,Man. 11. maj 2026,17.50
"Gratis foredrag om arv og testamente, inkl. middag på Mormors Landkøkken","Kom til gratis foredrag om arv og testamente, og få svar på alt hvad. du skal vide for at skabe sikkerhed for dig selv og din familie som gift og samlevende,. samtidigt med at vi byder på en lækker middag. Sikkerhed ved sygdom.",Man. 11. maj 2026,See description
Linedance / Begynder,For dem der kender lidt til grundtrin.,Man. 11. maj 2026,18.05
Mma - for alle,"Muay Thai og MMA træning for nye og erfarende udøvere. Holdet giver plads til at nørde basis-teknik, udvikle skills og skabe flow - uanset om du er helt ny eller allerede træner fast.",Man. 11. maj 2026,18.30
Motionsherrer,Traditionel motionsgymnastik for herrer. Alle kan deltage uanset alder og skavanker. Holdet er meget socialt og har et godt sammenhold.,Man. 11. maj 2026,See description
Kom og spil kegler - hver mandag aften (55+ år),"HUSK indendørssko! Hvordan spiller man kegler?. Man starter med at indtage en ""startstilling"". Denne afhænger af hvilken teknik man bruger. Kaster man med to hænder, stiller man sig med spredte ben hen over linoleumsstykket.",Man. 11. maj 2026,See description
Linedance / Begynder +,For dem der kender de fleste grundtrin.,Man. 11. maj 2026,19.10
Rytme Quinder,Moderne rytmegymnastik. Sæsonen afsluttes med ca. 3 opvisninger.,Man. 11. maj 2026,19.15
Mixhold voksen,"Fælles opvarmning hvor alle kan være med, øvelser og afslutter ofte med kamp. God stemning og fokus på at der er plads til alle.",Man. 11. maj 2026,19.15
Hjem,"Filmen tager sin begyndelse i 1991, på et tidspunkt, hvor hele Balkanregionen er i opløsning.",Man. 11. maj 2026,19.30
Værn,"Sydsverige i begyndelsen af 70'erne. Den kolde krig er allestedsnærværende. Påvirket af de stærke billeder i brochuren 'Hvis krigen kommer', begynder landarbejderen og eneboeren Karl-Göran Persson at sikre sit hus.",Man. 11. maj 2026,See description
Linedance / Let øvet,For dem der kan alle grundtrin og lyst til større udfordringer.,Man. 11. maj 2026,20.10
Lee Cronin's The Mummy,"En ung pige forsvinder sporløst i ørkenen. Otte år senere bliver hendes knuste familie chokeret, da hun vender tilbage til dem. Det, der burde være en glædelig genforening, forvandles til et levende mareridt.",Man. 11. maj 2026,21.10
Mortal Kombat II,"De populære fanfavoritter - nu med selveste Johnny Cage på holdet - står over for hinanden i det ultimative opgør for at nedkæmpe Shao Kahns mørke herredømme, der truer selve Jordrigets eksistens og dets beskyttere.",Man. 11. maj 2026,21.15
Kultur i Kirken,"Koncerter, fernisering og digtoplæsning fylder aftenen, når Kristkirken igen åbner dørene op for arrangementet Kultur i Kirken.",Tir. 12. maj 2026 17:00-21:00,17:00
Broderi og bobler,"Maria fra Farveladeleg har planlagt et par timers hyggeligt broderi. Vi lærer flere forskellige sting og teknikker og får fifs og tricks til at komme godt i gang med broderi. Vi broderer et motiv sammen og følges ad, trin for trin.",Tir. 12. maj 2026 17:30 - 20:30,17:30
Et forstyrret sind - Bag seriemorderens maske - Foredrag med criminal profiler Florence McLean,"I sit nye, nervepirrende foredrag deler hun ud af mere end 20 års erfaring med både danske og internationale kriminalsager og inviterer dig helt tæt på de 10 personlighedsforstyrrelser som findes i det amerikanske diagnosesystem.",Tir. 12. maj 2026 19:00 - 21:00,19:00
Foredrag med Florence McLean - Et forstyrret sind,"Træd indenfor og tag plads i mørket, hvor criminal profiler, Florence McLean, står klar til at lade masken falde.

  Arrangeret af Original Talks.",Tir. 12. maj 2026 19:00 - 21:15,19:00
Motionsgymnastik,"Har du lyst til at få rørt hele kroppen og få sved på panden, så er disse timer noget for dig. En gymnastiktime med højt humør og dejlig inspirerende musik. Men pas på, - du bliver hurtig afhængig !!!",Tir. 12. maj 2026,See description
Bodybike,Fuld fart på pedalerne og gang i svedproduktionen. HUSK vand og spinningsko. Her er konditionstræning for alle pengene.,Tir. 12. maj 2026,09.30
Børnebiffen - Filmpakke 3 - Fra 3 år,Fløjteløs. Instruktør: Siri Melchior. Historien finder sted i en farverig og trafikeret by fuld af mennesker og dyr. Alle er meget musikalske og kan fløjte undtagen den lille fugl Fløjteløs.,Tir. 12. maj 2026,See description
Styrke/ryg træning,"Her styrkes alle kroppens muskler, så ryggen kan klare hverdagen. Husk måtte til gulvøvelser.",Tir. 12. maj 2026,See description
Vandgymnastik,"Træning i vand til god musik. Vi træner kroppens center, med fokus på ryg og mave, og bruger vandets modstand til at styrke alle kroppens muskler.",Tir. 12. maj 2026,See description
Intervaltræning,"Med et antal trænings skift, veksler man mellem øvelser for både styrke og kondition. Inden for kort tid opnår man stor effekt. Der er fuld fart på, og man får virkelig sved på panden og pulsen op. Så kom og prøv.",Tir. 12. maj 2026,See description
Super Mario Galaxy Filmen,Here we go. Again! Animationsfilmen 'Super Mario Galaxy Filmen' (The Super Mario Galaxy Movie) er fortsættelsen til Super Mario Bros. Filmen fra 2023 og denne gang bliver eventyret endnu større!,Tir. 12. maj 2026,11.30
Affektionsværdi,"Det norske drama 'Affektionsværdi' følger søstrene Nora (Renate Reinsve) og Agnes (Inga Ibsdotter Lilleaas), som genforenes med deres far Gustav (Stellan Skarsgård) - en førhen ganske feteret instruktør, som drømmer om det store comeback.",Tir. 12. maj 2026,12.15
Fårbrydelsen,"I denne finurlige og nyskabende krimihistorie er George (Hugh Jackman) en fårehyrde, der hver aften læser detektivromaner højt for sine elskede får - overbevist om, at de umuligt kan forstå dem.",Tir. 12. maj 2026,12.30
The Devil Wears Prada 2,"""A sequel? For spring? Groundbreaking."". Filmen 'The Devil Wears Prada 2' er fortsættelsen til den elskede film fra 2006, The Devil Wears Prada.",Tir. 12. maj 2026,12.30
Michael,"Filmen 'Michael' skildrer en af de mest indflydelsesrige kunstnere nogensinde, Michael Jackson.",Tir. 12. maj 2026,12.45
Kom og spil kegler (For alle niveauer - 55+ år),"HUSK indendørssko! Hvordan spiller man kegler?. Man starter med at indtage en ""startstilling"". Denne afhænger af hvilken teknik man bruger. Kaster man med to hænder, stiller man sig med spredte ben hen over linoleumsstykket.",Tir. 12. maj 2026,See description
Franz,"Filmen skildrer det gådefulde liv for Franz Kafka, fra hans ungdom i Prag til hans død i 1924. I stedet for at være en traditionel biografi er Franz sat op som en kalejdoskopisk mosaik af drømme, breve, fragmenter fra hans fiktion og historiske episoder.",Tir. 12. maj 2026,13.15
Dust Bunny,"Tiårige Aurora har en mystisk nabo (Mads Mikkelsen), som dræber virkelige monstre - han er lejemorder. Så da Aurora har brug for hjælp til at dræbe det monster, hun tror har spist hele hendes familie, hyrer hun ham.",Tir. 12. maj 2026,See description
De forbandede år 3 - Fredens pris,"Året er 1945. Krigen er endelig slut. Danmark er frit, men splittet. Meget har ændret sig for familien Skov. Karl og Evas ægteskab er tyndslidt, og Eva beslutter at forlade sin mand.",Tir. 12. maj 2026,See description
"Fulton sejlads, Kolding","Tag madkurven til en tretimers sejlads med den 3-mastede skonnert 'Fulton af Marstal'.

  Arrangeret af Fulton af Marstal.",Tir. 12. maj 2026,See description
Aftenvagt,"Floria (spillet af Leonie Benesch - mindst lige så fantastisk som i 'Lærerværelset') er en dedikeret sygeplejerske, der med urokkelig dedikation navigerer i det ubarmhjertige opskruet tempo på en kirurgisk afdeling på et hospital i Schweiz.",Tir. 12. maj 2026,See description
Ninja kids - 4 til 7 år,"Er for børn i alderen 4 til ca. 7 år. Her bliver hovedsageligt trænet motorik, leget og ""tumlet"" på madrassen og der sluttes altid af med at ""bryde/slås for sjov"".",Tir. 12. maj 2026,16.30
Bowling for ungdom (5-18 år),"Til vores træninger er timen delt op i 3 sektioner opvarmning/træningsøvelser/bowling & leg. Vi starter med en fælles opvarmning, for at få kroppen igang og klar til træningen.",Tir. 12. maj 2026,16.30
Gudstjeneste: Børnekirke i Vamdrup Kirke,,Tir. 12. maj 2026,See description
Begynderhold,"Som nybegynder eller let øvet, går meget af træningen ud på at indøve de helt basale teknikker som stød, parader, spark og stillinger, samt de grundlæggende japanske termer, der bruges.",Tir. 12. maj 2026,See description
Realistisk selvforsvar for alle (9+ år),Vi træner selvforsvar på mix hold tirsdage og torsdage fra kl 18:30 til 20:00 kom ned i klubben og prøv om det er noget for dig.,Tir. 12. maj 2026,18.30
Tennistræning for seniorer,"Niveau Beskrivelse. 1 Begynder. Har ikke tidligere modtaget træning og spillere som har spillet 1-2 sæsoner. Ønsker at lære de grundlæggende principper og teknik, og møde andre nystartede. 2 Let øvet.",Tir. 12. maj 2026,See description
Prøv squash med koldings bedste,"Om tirsdagen er der altid fælles træning, og der er mulighed for at komme forbi og prøve det.",Tir. 12. maj 2026,See description
Fernisering - Oplev kunst i mange former,"Udstillingen giver et unikt indblik i forskellige kunstneriske tilgange og materialer. Stemningsfulde malerier, jesmonite, keramik og hækleri.",Tir. 12. maj 2026,17:00
Koncert med Kristkirkens Kantori og ungdomskor,Kristkirkens Kantori og Ungdomskor fylder kirkerummet med deres stemmer.,Tir. 12. maj 2026,17:00
Tennis 5-8 årige,Udendørstræning: 1. Maj 2022 - 16. September 2022.,Tir. 12. maj 2026,17.15
Begynder brydning - 7 til 13 år,"Træningen består af kampleg, akrobatik, koordinationsøvelser samt bryde relaterede øvelser. Her læres at slå de mest basale brydegreb, og under træning får de også mulighed for at bryde rigtigt.",Tir. 12. maj 2026,17.30
Håndbold for herrer,Fordel med tidligere håndbolderfaring. Fokus på det sociale og spille god håndbold. Sæsonen starter i august og kører indtil april. Sommertræning i maj og juni.,Tir. 12. maj 2026,19.45
Koncert med South City Gospel Choir,"Rytmer og glæde spreder sig, når South City Gospel Choir synger.",Tir. 12. maj 2026,18:00
Hold 3 (13 år +),"Vores største hold. Her er plads til både eliten, talenterne, og dem der bare gerne vil have sved på panden og lære at bryde. Teknik træningen slutte kl. 19.30 fra 19.30 til 20.00 er der Open Mat.",Tir. 12. maj 2026,18.30
Krolf for alle - aften,"Til træning der spiller vi 2-3 runder, vi har i alt 4 forskellige baner man kan komme og prøve. Det man får ud af det er: at møde nye mennesker, hyggeligt socialt samvær, venskaber for alle aldersgrupper. Man skal huske varmt tøj til tider.",Tir. 12. maj 2026,18.30
Hjem,"Filmen tager sin begyndelse i 1991, på et tidspunkt, hvor hele Balkanregionen er i opløsning.",Tir. 12. maj 2026,18.45
De Forbandede År 3 - Fredens pris - Dk. tekster,"Året er 1945. Krigen er endelig slut. Danmark er frit, men splittet. Meget har ændret sig for familien Skov, Karl og Evas ægteskab er tyndslidt, og Eva beslutter at forlade sin mand.",Tir. 12. maj 2026,See description
Kegler for hele familien,"De fleste har prøvet bowling eller set spillet. Man kan godt sammenligne at spille bowling med kegler. Forskellen på disse 2 spil er, at kuglen er mindre i kegler, og uden huller til fingrene.",Tir. 12. maj 2026,See description
KoldingKoret Forårskoncert i Nicolai Scene,"Korsang med både danske forårssange, velkendte klassikere og nyere satser. Besøg af Johannes Hartmann Nygaard fra Kolding Kulturskoles Talentlinje, med indslag på guitar. Koret byder på et glas bobler samt små kager.",Tir. 12. maj 2026,19:30
Kultur med Tune Jacobson og Jes Nedergaard Espersen,Gospelsangerinden Tune Jacobson og Jes Nedergaard Espersen jammer.,Tir. 12. maj 2026,19:35
Seniortræning,"Til vores bowlingtræninger er den sociale hygge i højsædet. Alle fra begyndere til øvede kan være med, og der mulighed for træningsøvelser eller en dyst mod andre bowlingspillere fra klubben.",Tir. 12. maj 2026,19.15
Håndbold for damer,Kræver tidligere håndbolderfaring. Fokus på det sociale og spille god håndbold. Sæsonen starter i august og kører indtil april. Sommertræning i maj og juni.,Tir. 12. maj 2026,19.45
Grappling og Brazilian jiu-jitsu,Grappling og BJJ for alle niveauer.,Tir. 12. maj 2026,See description
MGK-koncert på Ewii House,"Oplev bredden, talentet og magien fra MGK Kolding - samlet i én eksklusiv koncert!",Tir. 12. maj 2026,20:00
Koncert med Nanna Due Noer og Steffen Bay,To af danmarks store gospelsangere gæster Kristkirken og fylder kirken med deres smukke sange.,Tir. 12. maj 2026,20:15
Billie Eilish - Hit Me Hard and Soft: The Tour,Optaget under hendes udsolgte verdensturné bringer Billie Eilish - HIT ME HARD AND SOFT: THE TOUR (LIVE IN 3D) en nyskabende koncertoplevelse til det store lærred fra en af sin generations mest anerkendte og succesfulde kunstnere.,Tir. 12. maj 2026,See description
Mortal Kombat II,"De populære fanfavoritter - nu med selveste Johnny Cage på holdet - står over for hinanden i det ultimative opgør for at nedkæmpe Shao Kahns mørke herredømme, der truer selve Jordrigets eksistens og dets beskyttere.",Tir. 12. maj 2026,21.15
Iron Maiden: Burning Ambition,"""Iron Maiden: Burning Ambition"" fortæller historien om, hvordan Iron Maiden har været med til at forme en kulturel bevægelse og udfordre traditionelle opfattelser af rockmusik og heavy metals bredere samfundsmæssige og kulturelle betydning.",Tir. 12. maj 2026,21.15
Guidet tur i Christiansfeld - Verdensarv i særklasse,Velkommen til UNESCO-byen Christiansfeld - en by med en enestående historie. Tag med os på en historisk byvandring gennem de smukke gader i Christiansfeld. Vores guide fortæller dig historier om Brødremenigheden og byens historie - fra grundlæggelsen og.,Ons. 13. maj 2026 13:30 - 15:00,13:30
Pubquiz På Knuds garage,"Hver Onsdag kl 20, kan du komme på Knuds Garage og få din paratviden udfordret.",Ons. 13. maj 2026 20:00 - 23:00,20:00
Pickleball,"Er en ketsjersport, der spilles med en let bold og et paddle (hårdt bat). Pickleball spilles på en bane i badmintonstørrelse, med tennis-lignende net. Der er elementer fra andre ketsjer/ bat spil - som tennis, squash, badminton og bordtennis.",Ons. 13. maj 2026,See description
Vandgymnastik,"Træning i vand til god musik. Vi træner kroppens center, med fokus på ryg og mave, og bruger vandets modstand til at styrke alle kroppens muskler.",Ons. 13. maj 2026,See description
Motionsgymnastik i Arena Syd VAMDRUP,"Har du lyst til at få rørt hele kroppen og få sved på panden, så er disse timer noget for dig. En gymnastiktime med højt humør og dejlig inspirerende musik. Men pas på, - du bliver hurtig afhængig !!!",Ons. 13. maj 2026,See description
Babysalmesang,"Sammen vil vi synge, nynne, danse, vugge, og lytte os igennem velkendte sange og salmer i en afslappet og rolig atmosfære. Vi vil puste sæbebobler og spille på rasleæg, og meget mere. Vi vil bruge vores krop og vores stemme.",Ons. 13. maj 2026,See description
Børnebiffen - Filmpakke 3 fra 4 år,"Den alt for lille prins. Instruktør: Zoia Trofimova. Den lille prins er i gang med forårsrengøringen. Alt skal med, inde som ude. Solen skal også have en tur - selv om den er langt væk. Det kræver mange forsøg, men lykkes til sidst.",Ons. 13. maj 2026,See description
Krolf,"Vi spiller krolf fra april til og med juni måned og igen fra august til oktober. Der er køller og bolde til udlån - og vi opfordrer ALLE der har lyst, til at komme og prøve.",Ons. 13. maj 2026,See description
Petanque,"Kolding KFUM Senioridræt er er forening for senior der kan være aktive om dagen. Alle kan deltage og der lægges stor vægt på det sociale, så der er altid kaffepause. Der er kugle at spille med, så sørg for påklædning der passer til vejret.",Ons. 13. maj 2026,See description
Let's dance i arena syd vamdrup,"Ved brug af den skønne musik sammen med enkelte dansetrin kommer forbrændingen i vejret og kroppen fyldes med energi - samtidig med at det er sjovt og nemt at lære- Alle kan være med - unge som ældre, mænd og kvinder.",Ons. 13. maj 2026,10.15
Funktionel / balancetræning,"Funktionel træning fokuserer på naturlige bevægelser, som den menneskelige krop allerede er skabt til at lave. Bevægelser som at løfte, trække, rotere eller skubbe, er bevægelser som vi allerede laver, eller kan få brug for i dagligdagen.",Ons. 13. maj 2026,10.30
Vandgymnastik i Kongeåbadet VAMDRUP,"Træning i vand til god musik. Vi træner kroppens center, med fokus på ryg og mave, og bruger vandets modstand til at styrke alle kroppens muskler.",Ons. 13. maj 2026,See description
Ustoppelig,"Filmen vises med dansk tale. 'Ustoppelig' er en actionfyldt animationsfilm med de mindste helte, du nogensinde har set. Kaja er en ustoppelig lille celle, der bor i nyrerne på tiårige Erik.",Ons. 13. maj 2026,11.30
Fårbrydelsen,"I denne finurlige og nyskabende krimihistorie er George (Hugh Jackman) en fårehyrde, der hver aften læser detektivromaner højt for sine elskede får - overbevist om, at de umuligt kan forstå dem.",Ons. 13. maj 2026,11.30
Affektionsværdi,"Det norske drama 'Affektionsværdi' følger søstrene Nora (Renate Reinsve) og Agnes (Inga Ibsdotter Lilleaas), som genforenes med deres far Gustav (Stellan Skarsgård) - en førhen ganske feteret instruktør, som drømmer om det store comeback.",Ons. 13. maj 2026,See description
Hjem,"Filmen tager sin begyndelse i 1991, på et tidspunkt, hvor hele Balkanregionen er i opløsning.",Ons. 13. maj 2026,12.30
The Devil Wears Prada 2,"""A sequel? For spring? Groundbreaking."". Filmen 'The Devil Wears Prada 2' er fortsættelsen til den elskede film fra 2006, The Devil Wears Prada.",Ons. 13. maj 2026,12.30
Michael,"Filmen 'Michael' skildrer en af de mest indflydelsesrige kunstnere nogensinde, Michael Jackson.",Ons. 13. maj 2026,12.45
De Forbandede År 3 - Fredens pris - Dk. tekster,"Året er 1945. Krigen er endelig slut. Danmark er frit, men splittet. Meget har ændret sig for familien Skov, Karl og Evas ægteskab er tyndslidt, og Eva beslutter at forlade sin mand.",Ons. 13. maj 2026,See description
Dust Bunny,"Tiårige Aurora har en mystisk nabo (Mads Mikkelsen), som dræber virkelige monstre - han er lejemorder. Så da Aurora har brug for hjælp til at dræbe det monster, hun tror har spist hele hendes familie, hyrer hun ham.",Ons. 13. maj 2026,13.30
Super Mario Galaxy Filmen,Here we go. Again! Animationsfilmen 'Super Mario Galaxy Filmen' (The Super Mario Galaxy Movie) er fortsættelsen til Super Mario Bros. Filmen fra 2023 og denne gang bliver eventyret endnu større!,Ons. 13. maj 2026,See description
Bueskydning,Vi skyder med bue og pile mod en skive. Det kræver stor koncentration når man skyder. Man kommer til hallen (hal 2 i Pulzion) og bliver mødt af en der tager sig af dig. Du vil blive introduceret for alle så i ved hvem i er.,Ons. 13. maj 2026,14.20
Rundvisning - Harteværket,"Oplev historien for opførelsen af Danmarks første vandkraftværk, som blev indviet i 1920. En utrolig spændende historie, som også i fremtiden vil have en vigtig rolle for Kolding i forbindelse med de klimatilpasninger, som er forberedt på Harteværket.",Ons. 13. maj 2026,See description
De forbandede år 3 - Fredens pris,"Året er 1945. Krigen er endelig slut. Danmark er frit, men splittet. Meget har ændret sig for familien Skov. Karl og Evas ægteskab er tyndslidt, og Eva beslutter at forlade sin mand.",Ons. 13. maj 2026,15.30
Aphaca - Brug for hinanden,"Er et nærværende og intimt portræt af fire drenge, der tager hele Danmark med storm. En film fyldt med håb og drømme midt i en larmende verden, hvor vi har brug for hinanden. En film om Aphaca.",Ons. 13. maj 2026,See description
Tennistræning for juniorer mellem 7 og 17 år,"Gå til tennis hos KIF Tennis og få gratis træning. Nu starter vi igen hold for juniorer - et for 7-11 årige og et for 12-15 årige. Vi har et super godt trænerteam, og et godt fællesskab.",Ons. 13. maj 2026,See description
Billie Eilish - Hit Me Hard and Soft: The Tour,Optaget under hendes udsolgte verdensturné bringer Billie Eilish - HIT ME HARD AND SOFT: THE TOUR (LIVE IN 3D) en nyskabende koncertoplevelse til det store lærred fra en af sin generations mest anerkendte og succesfulde kunstnere.,Ons. 13. maj 2026,16.20
Linedance/ Absolut Begynder,For dem der aldrig har prøvet før.,Ons. 13. maj 2026,17.55
Løbetræning,"Vi løber mandag og onsdag klokken 17 samt lørdag klokken 10 fra Bøgelund, Bramdrup. Skovvej 40. Kom i god tid - vi starter præcis. Du kan deltage 3-4 gange før du melder dig ind i klubben. Lavt kontingent - 300 kroner for et kalenderår.",Ons. 13. maj 2026,18.30
Hockey for voksne med særlige behov,"Til hockey er der plads til alle uanset niveau. Efter en god opvarmning, træner vi med hockeystave og puck, hvor vi øver i at skyde til hinanden samt at skyde på mål. Hvis du ikke har prøvet at spille hockey før, skal du nok blive sat ind i reglerne.",Ons. 13. maj 2026,See description
Brætspilsklubben,"Elsker du brætspil, og mangler du et hyggeligt fællesskab at spille sammen med?",Ons. 13. maj 2026,20.30
Voksenfritteren,"Er et fællesskab for voksne, der elsker at hygge og være kreative sammen.",Ons. 13. maj 2026,See description
Andagt før rådsmøde,,Ons. 13. maj 2026,18.15
Motionsmix,Sjov motionsgymnastik for både damer og herrer. Alle kan deltage uanset alder og skavanker.,Ons. 13. maj 2026,See description
Linedance / Begynder,For dem der kender lidt til grundtrin.,Ons. 13. maj 2026,18.05
Top Gun 40th Anniversary,"""Talk to me, Goose"". Genoplev den elskede actionklassiker 'Top Gun' på det store lærred i anledning af filmens 40-års jubilæum.",Ons. 13. maj 2026,18.15
Mahamad Habane,"Højpandet. Dato: 13.05.2026 kl. 18.30 - Doors til salen kl. 18.00. Højpandet er et show, der kombinerer eftertænksomhed med humor, når Mahamad stopper op og spørger; Hvorfor gør vi egentlig, som vi gør?",Ons. 13. maj 2026,18.30
Aphaca: Brug for hinanden,"Siden 8. klasse har Bertram, Bertil, Rumle og Noah har haft et band, der netop har fået en pladekontrakt.",Ons. 13. maj 2026,18.30
Karate unge (13+) og voksne,"Hvad er karate?. Karate er først og fremmest selvforsvar! Når vi træner, så passer vi godt på hinanden. Men når man først er lidt øvet, så går vi tæt på hinanden - og man kan godt få et blåt mærke med hjem.",Ons. 13. maj 2026,18.30
Krolf for alle - aften,"Til træning der spiller vi 2-3 runder, vi har i alt 4 forskellige baner man kan komme og prøve. Det man får ud af det er: at møde nye mennesker, hyggeligt socialt samvær, venskaber for alle aldersgrupper. Man skal huske varmt tøj til tider.",Ons. 13. maj 2026,18.30
The Master N,Dette er et event hvor Casper Christensen fra Filmnørdens Hjørne introducerer filmen. Vær derfor på plads i salen til tiden. Købte billetter til denne forestilling kan ikke refunderes.,Ons. 13. maj 2026,See description
Aftenvagt,"Floria (spillet af Leonie Benesch - mindst lige så fantastisk som i 'Lærerværelset') er en dedikeret sygeplejerske, der med urokkelig dedikation navigerer i det ubarmhjertige opskruet tempo på en kirurgisk afdeling på et hospital i Schweiz.",Ons. 13. maj 2026,See description
In the Grey,Et hemmeligt hold af eliteagenter lever i skyggerne.,Ons. 13. maj 2026,See description
Vamdrup: Få det bedre med klang og gongbad,Tid til ro med Klangbad i Helsecenteret: Få det bedre. Fredag d. 6. februar Kl. 17:00-18:30Bønstrupvej 11 i VamdrupTilmelding på mobil 60 661 631 ellerTryk her >>. Hvad siger deltagere om klang og gong bad med Anne Viese?,Ons. 13. maj 2026,See description
Gratis badminton Spilfællesskab,Kolding KFUM Badminton inviterer hver onsdag i maj fra 19.00 - 21.00 til gratis åben spilfællesskab! Alle er velkomne til at komme og spille med. Spilfællesskabet er gratis.,Ons. 13. maj 2026,See description
Linedance / Letøvet,For dem der kender alle grundtrin og har lyst til større udfordringer.,Ons. 13. maj 2026,20.10
Mortal Kombat II,"De populære fanfavoritter - nu med selveste Johnny Cage på holdet - står over for hinanden i det ultimative opgør for at nedkæmpe Shao Kahns mørke herredømme, der truer selve Jordrigets eksistens og dets beskyttere.",Ons. 13. maj 2026,See description
AySay,"Med deres levende koncerter og unikke kulturelle udtryk fortsætter AySay med at tryllebinde publikum og udvide forståelsen af, hvad populærmusik kan være. AySay er et band, der forener anatolske folke.",Tor. 14. maj 2026,See description
Løb for SIND(et) 2026,,Tor. 14. maj 2026,See description
"Sanketur ved Marielundskoven, Kolding","Tag med Bjarkes Vilde Mad til Marielundskoven på en forårs urtetur, hvor du oplever glæden ved at sanke urter og får viden om deres mangfoldighed.",Tor. 14. maj 2026 10:00-13.00,10:00
Concerto Copenhagen med Viva Vivaldi,"Concerto Copenhagen bringer Vivaldis musik til live på Koldinghus. Oplev de værker, der gjorde ham verdensberømt, fra Venedig til det danske hof, i en koncert fyldt med virtuositet, farver og barokkens sprudlende energi.",Tor. 14. maj 2026 16:00-17:30,16:00
Kristi himmelfartsdag - gudstjeneste ved Helle Torp,,Tor. 14. maj 2026,See description
Gudstjeneste: Kristi himmelfarts dag,,Tor. 14. maj 2026,See description
Gudstjeneste,,Tor. 14. maj 2026,09.45
Krolfspil for senior,"Krolf er et rigtig hyggelig spil, hvor alle kan deltage. Det er en blanding af golf og kroket. Praktisk påklædning efter vejret, gerne kraftige sko eller i regnvejr gummistøvler.",Tor. 14. maj 2026,09.30
Kolding: kursus i klangskåle - modul 1 a - med Anne Viese,"Torsdag er der nymåne klangbad. Vi har fokus på det nye vi skal sætte i gang, det nye vi omgiver os med - foråret og meget andet der snart spirer frem.",Tor. 14. maj 2026,09.30
Dragens vogter,"I det gamle Kina opdager den unge pige Ping, at hun er skæbnebestemt til at beskytte den sidste levende drage og et mystisk æg, der bærer håbet for hele dragens slægt.",Tor. 14. maj 2026,See description
Ustoppelig,"Filmen vises med dansk tale. 'Ustoppelig' er en actionfyldt animationsfilm med de mindste helte, du nogensinde har set. Kaja er en ustoppelig lille celle, der bor i nyrerne på tiårige Erik.",Tor. 14. maj 2026,See description
Gudstjeneste: Karen Blixen Konfirmation,Konfirmation af elever fra Karen Blixen-skolen.,Tor. 14. maj 2026,See description
Familiegudstjeneste Kristi Himmelfartsdag,,Tor. 14. maj 2026,10.30
Fårbrydelsen,"I denne finurlige og nyskabende krimihistorie er George (Hugh Jackman) en fårehyrde, der hver aften læser detektivromaner højt for sine elskede får - overbevist om, at de umuligt kan forstå dem.",Tor. 14. maj 2026,10.30
Super Mario Galaxy Filmen,Here we go. Again! Animationsfilmen 'Super Mario Galaxy Filmen' (The Super Mario Galaxy Movie) er fortsættelsen til Super Mario Bros. Filmen fra 2023 og denne gang bliver eventyret endnu større!,Tor. 14. maj 2026,10.30
Gudstjeneste 10.30,V/Iben Munkgaard Davids.,Tor. 14. maj 2026,10.30
Kristi Himmelfarts gudstjeneste,,Tor. 14. maj 2026,10.30
Fælles gudstjeneste i Vamdrup Kirke,,Tor. 14. maj 2026,10.30
Gudstjeneste: Kristi Himmelfarts Dag,,Tor. 14. maj 2026,10.30
Tyrstrup gudstjeneste (Kristi himmelfart),Gudstjeneste v/Liv Marit Tjelle Holm.,Tor. 14. maj 2026,10.30
Højmesse ved Katrine Papsø Madsen,,Tor. 14. maj 2026,10.30
Kristi himmelfarts-gudstjeneste,,Tor. 14. maj 2026,10.30
Højmesse ved Karina Steinecke Dahlmann,,Tor. 14. maj 2026,10.30
Rytmisk gudstjeneste i Kristkirken ved Jes Nedergaard Espersen,,Tor. 14. maj 2026,10.30
Gudstjeneste Ødis,,Tor. 14. maj 2026,10.30
The Devil Wears Prada 2,"""A sequel? For spring? Groundbreaking."". Filmen 'The Devil Wears Prada 2' er fortsættelsen til den elskede film fra 2006, The Devil Wears Prada.",Tor. 14. maj 2026,See description
Michael,"Filmen 'Michael' skildrer en af de mest indflydelsesrige kunstnere nogensinde, Michael Jackson.",Tor. 14. maj 2026,12.45
Billie Eilish - Hit Me Hard and Soft: The Tour,Optaget under hendes udsolgte verdensturné bringer Billie Eilish - HIT ME HARD AND SOFT: THE TOUR (LIVE IN 3D) en nyskabende koncertoplevelse til det store lærred fra en af sin generations mest anerkendte og succesfulde kunstnere.,Tor. 14. maj 2026,12.50
De Forbandede År 3 - Fredens pris - Dk. tekster,"Året er 1945. Krigen er endelig slut. Danmark er frit, men splittet. Meget har ændret sig for familien Skov, Karl og Evas ægteskab er tyndslidt, og Eva beslutter at forlade sin mand.",Tor. 14. maj 2026,See description
Affektionsværdi,Joachim Triers nyeste film vandt Grand Prix i Cannes og har nu slået nordisk rekord med hele 9 Oscar-nomineringer!,Tor. 14. maj 2026,13.30
De forbandede år 3 - Fredens pris,"Året er 1945. Krigen er endelig slut. Danmark er frit, men splittet. Meget har ændret sig for familien Skov. Karl og Evas ægteskab er tyndslidt, og Eva beslutter at forlade sin mand.",Tor. 14. maj 2026,15.30
In the Grey,Et hemmeligt hold af eliteagenter lever i skyggerne.,Tor. 14. maj 2026,15.45
Aftenvagt,"Floria (spillet af Leonie Benesch - mindst lige så fantastisk som i 'Lærerværelset') er en dedikeret sygeplejerske, der med urokkelig dedikation navigerer i det ubarmhjertige opskruet tempo på en kirurgisk afdeling på et hospital i Schweiz.",Tor. 14. maj 2026,See description
Kolding Børnehøjskole,"På Kolding Børnehøjskole tilbyder vi kurser, hvor børn kan fordybe sig og lære noget om det, som de er sammen om. Vores mål er at gøre verden større for de mindste. Vi tror på, at selv store ting kan skabes i det små, og af de små.",Tor. 14. maj 2026,See description
U7 mix,En tryg og sjov start på dit barns håndboldeventyr. Medbring sko og tøj man kan bevæge sig i.,Tor. 14. maj 2026,17.45
Begynderhold,"Som nybegynder eller let øvet, går meget af træningen ud på at indøve de helt basale teknikker som stød, parader, spark og stillinger, samt de grundlæggende japanske termer, der bruges.",Tor. 14. maj 2026,See description
Tennis 5-8 årige,Udendørstræning: 1. Maj 2022 - 16. September 2022.,Tor. 14. maj 2026,17.15
Begynder brydning - 7 til 13 år,"Træningen består af leg, motorik/akrobatik, koordinationsøvelser samt bryde relaterede øvelser. Her læres at slå de mest basale brydegreb, og under træning får de også mulighed for at bryde rigtigt.",Tor. 14. maj 2026,17.30
Junior squash for alle 6-16 årige,Mangler din søn eller datter en ny sportsgren?. SÅ ER DET SQUASH! Squash er sjovt for alle aldre - squash er blandt verdens sundeste sportsgrene & squash er motion!,Tor. 14. maj 2026,17.30
Linedance / Øvet,For dem der kan alle grundtrin og lyst til større udfordringer.,Tor. 14. maj 2026,17.30
Fodbold alle torsdage kl. 18.00,"Vi er en flok gamle gutter, der spiller fodbold for sjov, vores ældste mand er 87 år -yngste 38. Vi hedder KIF Oldboys, men langt de fleste har tidligere spillet i andre klubber, flere har aldrig spillet fodbold i en klub før KIF Oldboys.",Tor. 14. maj 2026,See description
Håndbold for damer,Kræver tidligere håndbolderfaring. Fokus på det sociale og spille god håndbold. Sæsonen starter i august og kører indtil april. Sommertræning i maj og juni.,Tor. 14. maj 2026,19.45
Top Gun 40th Anniversary,"""Talk to me, Goose"". Genoplev den elskede actionklassiker 'Top Gun' på det store lærred i anledning af filmens 40-års jubilæum.",Tor. 14. maj 2026,18.30
Aphaca: Brug for hinanden,"Siden 8. klasse har Bertram, Bertil, Rumle og Noah har haft et band, der netop har fået en pladekontrakt.",Tor. 14. maj 2026,18.30
Realistisk selvforsvar for alle (9+ år),Vi træner selvforsvar på mix hold tirsdage og torsdage fra kl 18:30 til 20:00 kom ned i kluben og prøv omdet er noget for dig.,Tor. 14. maj 2026,18.30
Hold 3 (13 år +),"Vores største hold. Her er plads til både eliten, talenterne, og dem der bare gerne vil have sved på panden og lære at bryde. Teknik træningen slutte kl. 19.30 fra 19.30 til 20.00 er der Open Mat.",Tor. 14. maj 2026,18.30
Ready or Not 2: Here I Come,Grace (Samara Weaving) har overlevet Le Dormas-familiens brutale angreb - men mareridtet er langt fra slut!,Tor. 14. maj 2026,See description
Aphaca - Brug for hinanden,"Er et nærværende og intimt portræt af fire drenge, der tager hele Danmark med storm. En film fyldt med håb og drømme midt i en larmende verden, hvor vi har brug for hinanden. En film om Aphaca.",Tor. 14. maj 2026,See description
I Swear,"Er baseret på den inspirerende historie om John Davidson, der vokser op i 1980'ernes Skotland. Som teenager er han populær, målmand på fodboldholdet og fuld af selvtillid, indtil diagnosen Tourettes syndrom vender hans liv på hovedet.",Tor. 14. maj 2026,See description
Fællesklang,"Er du mellem 18 og 35 år og glad for at synge? Så er Fællesklang Kolding det rytmiske kor for dig - helt uden optagelsesprøve! Fællesklang Kolding er et kor for alle mellem 18 og 35 år, der elsker at synge alt fra pophits og gospel til Disney-klassikere.",Tor. 14. maj 2026,See description
Det store 90'er Quiz Show,Vi skal på en tidsrejse til et af de mest farverige og uforglemmelige årtier i musikkens historie. Et årti også kendt som ?Det Glade Årti?,Tor. 14. maj 2026,19.30
Hjem,"Filmen tager sin begyndelse i 1991, på et tidspunkt, hvor hele Balkanregionen er i opløsning.",Tor. 14. maj 2026,19.30
Håndbold for herrer,Fordel med tidligere håndbolderfaring. Fokus på det sociale og spille god håndbold. Sæsonen starter i august og kører indtil april. Sommertræning i maj og juni.,Tor. 14. maj 2026,19.45
Grappling and Brazilian jiu-jitsu,Grappling and BJJ for all skill levels.,Tor. 14. maj 2026,See description
Mortal Kombat II,"De populære fanfavoritter - nu med selveste Johnny Cage på holdet - står over for hinanden i det ultimative opgør for at nedkæmpe Shao Kahns mørke herredømme, der truer selve Jordrigets eksistens og dets beskyttere.",Tor. 14. maj 2026,20.45
Open Mic,,Tor. 14. maj 2026,21:00
Obsession,"I gyserfilmen 'Obsession' er teenageren Bear håbløst forelsket i sin barndomsven Nikki. I et desperat forsøg på at vinde hendes kærlighed får han fat i de mystiske ""One Wish Willow"" og ønsker, at Nikki vil elske ham højere end nogen anden i verden.",Tor. 14. maj 2026,21.15
"Klangkursus i Kolding: Lær om klangskåle til meditation, yoga og terapi","Introduktion til klangskåle og gong - modul 1 + 2. Kursus for dig der vil i gang med at lære om klangskåle og gong. For dig der gerne vil tilbyde meditation, yoga og/eller terapi med klangskåle og gong. Du arbejder med mennesker, enten som:.",Tor. 14. og fre. 15. maj 2026,See description
Den Blå Byfest,"En 3 dages byfest i hjertet af Kolding. Kom og hør musik, spis dejlig mad og nyd kolde drikke. Gratis entré og alle er velkomme.",Tor. 14. til lør. 16. maj 2026 12:00 - 24.00,12:00
Landbruget kommer til byen,"Majmarked i Kolding byder på oplevelser for hele familien. På Vestertorv lige ved siden af Sankt Nicolai Kirke finder du landboforeningen Spiras, hvor du kan klappe en kalv, finde flødekarameller i korncontaineren eller tjekke de store traktorer ud.

  Arrangeret af Spiras.",Fre. 15. maj 2026 10:00 - 15:00,10:00
Koldings Montmartre til Majmarked,"Koldings Montmartre er en række kunstnere og kreative udstillere, der har stande på Den Spanske Trappe.",Fre. 15. maj 2026 10:00-18:00,10:00
"Kære børn, gå på opdagelse i kirken","Børn, familier og voksne er velkomne til at gå på opdagelse i kirkens mange spændende historier. Kirken er byens ældste hus og (måske) lidt ældre end Koldinghus fra 1250. Det er gratis og alle er velkomne.",Fre. 15. maj 2026 10:00-18:00,10:00
Hvad spiser vi i fremtiden?,"Kan vi spise sundere, grønnere og mere bæredygtigt? Kan vi tilpasse vores madvaner til fremtidens udfordringer?",Fre. 15. maj 2026 12:00 + 13:00 + 14:00,12:00
Lykkehjul Normal,"Kom og prøv normals helt eget lykkehjul! Det foregår ude i gågaden omkring pølsevogne, tæt på butikken. Her har alle mulighed for at vinde en gevinst! Alle aldre må prøve. Og ingen får lov til at gå tomhændet hjem.",Fre. 15. maj 2026 14:00-14:45,14:00
Majmarked Tombola,Tombola med 400 gevinster. Til fordel for de Danske Hospitalsklovne.,Fre. 15. maj 2026,09:30
Super Mario Galaxy Filmen,Here we go. Again! Animationsfilmen 'Super Mario Galaxy Filmen' (The Super Mario Galaxy Movie) er fortsættelsen til Super Mario Bros. Filmen fra 2023 og denne gang bliver eventyret endnu større!,Fre. 15. maj 2026,15.30
Uddeling af kort med blomsterfrø,Kig forbi Akseltorv i Kolding på fredag d. 15. marts. Vi deler gratis postkort ud til gæster der kommer forbi på pladsen.,Fre. 15. maj 2026,10:00
Tæl blomster i Østergade,I forbindelse med Majmarked har vi lavet en konkurrence i Østergade. Du skal tælle blomster i butikkernes vinduer.,Fre. 15. maj 2026,10:00
Ustoppelig,"Filmen vises med dansk tale. 'Ustoppelig' er en actionfyldt animationsfilm med de mindste helte, du nogensinde har set. Kaja er en ustoppelig lille celle, der bor i nyrerne på tiårige Erik.",Fre. 15. maj 2026,10.15
Fårbrydelsen,"I denne finurlige og nyskabende krimihistorie er George (Hugh Jackman) en fårehyrde, der hver aften læser detektivromaner højt for sine elskede får - overbevist om, at de umuligt kan forstå dem.",Fre. 15. maj 2026,10.20
Majmarked Børnebanko,"Vi gentager successen fra sidste år! alle pengene går til sommerferie aktiviteter for udsatte børn i kolding. i samarbejde med blå byfest afholder vi udendørs børnebanko i borchs gård.

  Arrangeret af Tobbers.",Fre. 15. maj 2026,11.30
The Devil Wears Prada 2,"""A sequel? For spring? Groundbreaking."". Filmen 'The Devil Wears Prada 2' er fortsættelsen til den elskede film fra 2006, The Devil Wears Prada.",Fre. 15. maj 2026,12.15
Michael,"Filmen 'Michael' skildrer en af de mest indflydelsesrige kunstnere nogensinde, Michael Jackson.",Fre. 15. maj 2026,12.15
Affektionsværdi,"Det norske drama 'Affektionsværdi' følger søstrene Nora (Renate Reinsve) og Agnes (Inga Ibsdotter Lilleaas), som genforenes med deres far Gustav (Stellan Skarsgård) - en førhen ganske feteret instruktør, som drømmer om det store comeback.",Fre. 15. maj 2026,12.45
Hjem,"Filmen tager sin begyndelse i 1991, på et tidspunkt, hvor hele Balkanregionen er i opløsning.",Fre. 15. maj 2026,17.45
Kom og spil kegler hver fredag eftermiddag,"HUSK indendørssko! Hvordan spiller man kegler?. Man starter med at indtage en ""startstilling"". Denne afhænger af hvilken teknik man bruger. Kaster man med to hænder, stiller man sig med spredte ben hen over linoleumsstykket.",Fre. 15. maj 2026,See description
In the Grey,Et hemmeligt hold af eliteagenter lever i skyggerne.,Fre. 15. maj 2026,13.10
Værn,"Sydsverige i begyndelsen af 70'erne. Den kolde krig er allestedsnærværende. Påvirket af de stærke billeder i brochuren 'Hvis krigen kommer', begynder landarbejderen og eneboeren Karl-Göran Persson at sikre sit hus.",Fre. 15. maj 2026,14.30
Billie Eilish - Hit Me Hard and Soft: The Tour,Optaget under hendes udsolgte verdensturné bringer Billie Eilish - HIT ME HARD AND SOFT: THE TOUR (LIVE IN 3D) en nyskabende koncertoplevelse til det store lærred fra en af sin generations mest anerkendte og succesfulde kunstnere.,Fre. 15. maj 2026,15.30
Kaizen Kidz,"Holdet er tilrettelagt med en blanding af karate og fysisk aktivitet og leg, således at der hele tiden er aktivitet, og at børnene får tid til at bearbejde deres indtryk.",Fre. 15. maj 2026,17.30
"Flødebolle kursus hos Frellsen, Kolding",Imponér venner eller familie med dine egne flødebolle kreationer! Lær at fremstille 10 flødeboller hos Frellsen.,Fre. 15. maj 2026,16:00
Franz,"Filmen skildrer det gådefulde liv for Franz Kafka, fra hans ungdom i Prag til hans død i 1924. I stedet for at være en traditionel biografi er Franz sat op som en kalejdoskopisk mosaik af drømme, breve, fragmenter fra hans fiktion og historiske episoder.",Fre. 15. maj 2026,16.30
Freestyle wrestling,Training for youth/senior + 15 years. The training is for beginners and advanced wrestlers of all levels.,Fre. 15. maj 2026,17.30
Fodboldkamp Betinia LIGA - Oprykningsspil 2025/26 - Kolding IF mod Lyngby BK,,Fre. 15. maj 2026,See description
Aphaca: Brug for hinanden,"Siden 8. klasse har Bertram, Bertil, Rumle og Noah har haft et band, der netop har fået en pladekontrakt.",Fre. 15. maj 2026,18.30
Ready or Not 2: Here I Come,Grace (Samara Weaving) har overlevet Le Dormas-familiens brutale angreb - men mareridtet er langt fra slut!,Fre. 15. maj 2026,See description
I Swear,"Er baseret på den inspirerende historie om John Davidson, der vokser op i 1980'ernes Skotland. Som teenager er han populær, målmand på fodboldholdet og fuld af selvtillid, indtil diagnosen Tourettes syndrom vender hans liv på hovedet.",Fre. 15. maj 2026,See description
Det store 90'er Quiz Show,Vi skal på en tidsrejse til et af de mest farverige og uforglemmelige årtier i musikkens historie. Et årti også kendt som ?Det Glade Årti?,Fre. 15. maj 2026,19.30
Dust Bunny,"Tiårige Aurora har en mystisk nabo (Mads Mikkelsen), som dræber virkelige monstre - han er lejemorder. Så da Aurora har brug for hjælp til at dræbe det monster, hun tror har spist hele hendes familie, hyrer hun ham.",Fre. 15. maj 2026,See description
Iron Maiden: Burning Ambition,"""Iron Maiden: Burning Ambition"" fortæller historien om, hvordan Iron Maiden har været med til at forme en kulturel bevægelse og udfordre traditionelle opfattelser af rockmusik og heavy metals bredere samfundsmæssige og kulturelle betydning.",Fre. 15. maj 2026,See description
Obsession,"I gyserfilmen 'Obsession' er teenageren Bear håbløst forelsket i sin barndomsven Nikki. I et desperat forsøg på at vinde hendes kærlighed får han fat i de mystiske ""One Wish Willow"" og ønsker, at Nikki vil elske ham højere end nogen anden i verden.",Fre. 15. maj 2026,21.15
DJ Søren Bang,,Fre. 15. maj 2026,22:00
Maj Marked,"I forbindelse med Maj Marked, har du mulighed for at købe og sælge hjemmestrik/hækling. Du kan læse mere om, hvordan du kan sælge færdig strik/hækling på min hjemmeside.",Fre. 15. og lør. 16. maj 2026 11:00 - 15:00,11:00
Op Lagt - Fernisering/Udstilling,"En hyldest til forfaldet, der transformeres til ny, kunstnerisk værdi? At forvandle affald til æstetik? Kan det ændre noget ved vores adfærd og tingenes tilstand?",Fre. 15. maj til søn. 28. jun. 2026,16:00
Kolstrup Gods Halvmarathon-52,,Lør. 16. maj 2026,See description
Guidet tur i Christiansfeld - Verdensarv i særklasse,Velkommen til UNESCO-byen Christiansfeld - en by med en enestående historie. Tag med os på en historisk byvandring gennem de smukke gader i Christiansfeld. Vores guide fortæller dig historier om Brødremenigheden og byens historie - fra grundlæggelsen og.,Lør. 16. maj 2026 13:30 - 15:00,13:30
Håndbold for børn (2-5 årige),"Motorik baner, boldmassage og meget mere. Aktiviteterne gennemføres sammen med en forældre/voksen. Sørg for at børnene har noget ordentligt fodtøj og tøj de kan bevæge sig i. Sæsonen starter i august/september og slutter i april/maj.",Lør. 16. maj 2026,See description
Fårbrydelsen,"I denne finurlige og nyskabende krimihistorie er George (Hugh Jackman) en fårehyrde, der hver aften læser detektivromaner højt for sine elskede får - overbevist om, at de umuligt kan forstå dem.",Lør. 16. maj 2026,See description
Løbetræning,Vi løber mandag og onsdag klokken 17 samt lørdag klokken 10 fra Bøgelund (i sommerhalvåret starter den lange tur på +16km kl. 09.00). Hvor holder vi til? Bramdrup Skovvej 40. Kom i god tid - vi starter præcis.,Lør. 16. maj 2026,See description
Kvinder / Mandfolk på MTB,Mountainbike for alle - Fokus på stier og fællesskab. Har du lyst til at komme ud i den friske luft på din mountainbike uden at bekymre dig om svære tekniske spor og stejle skrænter?,Lør. 16. maj 2026,See description
Minikrea,Kreativ hygge for børnefamilier.,Lør. 16. maj 2026,See description
Ustoppelig,"Filmen vises med dansk tale. 'Ustoppelig' er en actionfyldt animationsfilm med de mindste helte, du nogensinde har set. Kaja er en ustoppelig lille celle, der bor i nyrerne på tiårige Erik.",Lør. 16. maj 2026,10.10
Hjem,"Filmen tager sin begyndelse i 1991, på et tidspunkt, hvor hele Balkanregionen er i opløsning.",Lør. 16. maj 2026,10.15
Super Mario Galaxy Filmen,Here we go. Again! Animationsfilmen 'Super Mario Galaxy Filmen' (The Super Mario Galaxy Movie) er fortsættelsen til Super Mario Bros. Filmen fra 2023 og denne gang bliver eventyret endnu større!,Lør. 16. maj 2026,10.30
"Flødebolle kursus hos Frellsen, Kolding",Imponér venner eller familie med dine egne flødebolle kreationer! Lær at fremstille 10 flødeboller hos Frellsen.,Lør. 16. maj 2026,11:00
Affektionsværdi,"Det norske drama 'Affektionsværdi' følger søstrene Nora (Renate Reinsve) og Agnes (Inga Ibsdotter Lilleaas), som genforenes med deres far Gustav (Stellan Skarsgård) - en førhen ganske feteret instruktør, som drømmer om det store comeback.",Lør. 16. maj 2026,12.15
Charles tante,"Hvad gør de to fiffige jurastuderende Charles og Peter, når de mangler en anstandsdame for at komme tæt på deres udkårne? Klæder deres studiekammerat Ditlev ud som Charles' tante fra Brasilien, selvfølgelig.",Lør. 16. maj 2026,12.30
Billie Eilish - Hit Me Hard and Soft: The Tour,Optaget under hendes udsolgte verdensturné bringer Billie Eilish - HIT ME HARD AND SOFT: THE TOUR (LIVE IN 3D) en nyskabende koncertoplevelse til det store lærred fra en af sin generations mest anerkendte og succesfulde kunstnere.,Lør. 16. maj 2026,12.55
Mads Toghøj,,Lør. 16. maj 2026,13:00
Aphaca - Brug for hinanden,"Er et nærværende og intimt portræt af fire drenge, der tager hele Danmark med storm. En film fyldt med håb og drømme midt i en larmende verden, hvor vi har brug for hinanden. En film om Aphaca.",Lør. 16. maj 2026,14.30
Rundvisning - Harteværket,"Oplev historien for opførelsen af Danmarks første vandkraftværk, som blev indviet i 1920. En utrolig spændende historie, som også i fremtiden vil have en vigtig rolle for Kolding i forbindelse med de klimatilpasninger, som er forberedt på Harteværket.",Lør. 16. maj 2026,See description
Harry Potter og halvblodsprinsen,,Lør. 16. maj 2026,See description
Det store 90'er Quiz Show,Vi skal på en tidsrejse til et af de mest farverige og uforglemmelige årtier i musikkens historie. Et årti også kendt som ?Det Glade Årti?,Lør. 16. maj 2026,19.30
Michael,"Filmen 'Michael' skildrer en af de mest indflydelsesrige kunstnere nogensinde, Michael Jackson.",Lør. 16. maj 2026,15.10
In the Grey,Et hemmeligt hold af eliteagenter lever i skyggerne.,Lør. 16. maj 2026,15.55
De Forbandede År 3 - Fredens pris - Dk. tekster,"Året er 1945. Krigen er endelig slut. Danmark er frit, men splittet. Meget har ændret sig for familien Skov, Karl og Evas ægteskab er tyndslidt, og Eva beslutter at forlade sin mand.",Lør. 16. maj 2026,See description
Simon Talbot,"Ekstra Extra. Simon Talbot indledte i foråret 2025 sin sjette Danmarksturné, og det hele blev ekstra! Ekstra Simon, ekstra sjovt - og ekstra stort.",Lør. 16. maj 2026,18.30
Aphaca: Brug for hinanden,"Siden 8. klasse har Bertram, Bertil, Rumle og Noah har haft et band, der netop har fået en pladekontrakt.",Lør. 16. maj 2026,18.30
Obsession,"I gyserfilmen 'Obsession' er teenageren Bear håbløst forelsket i sin barndomsven Nikki. I et desperat forsøg på at vinde hendes kærlighed får han fat i de mystiske ""One Wish Willow"" og ønsker, at Nikki vil elske ham højere end nogen anden i verden.",Lør. 16. maj 2026,See description
Mortal Kombat II,"De populære fanfavoritter - nu med selveste Johnny Cage på holdet - står over for hinanden i det ultimative opgør for at nedkæmpe Shao Kahns mørke herredømme, der truer selve Jordrigets eksistens og dets beskyttere.",Lør. 16. maj 2026,See description
Karaoke,"Harald er igen tovholder til karaoke night, hvor alle har muligheden for at komme på scenen for at synge. Vi starter karaoke kl.22.00 og det eneste du skal gøre er at tage dine venner under armen og svinge forbi pubben til en musikalsk aften.",Lør. 16. maj 2026,22:00
Guidet tur i Christiansfeld - Verdensarv i særklasse,Velkommen til UNESCO-byen Christiansfeld - en by med en enestående historie. Tag med os på en historisk byvandring gennem de smukke gader i Christiansfeld. Vores guide fortæller dig historier om Brødremenigheden og byens historie - fra grundlæggelsen og.,Søn. 17. maj 2026 13:30 - 15:00,13:30
DM i orienteringsløb - Sprint-stafet 2026,"Kolding OK inviterer til DM Sprint og DM Sprint-stafet.

  Arrangeret af Kolding Orienterings Klub.",Søn. 17. maj 2026,See description
Gudstjeneste ved Helle Torp,,Søn. 17. maj 2026,See description
Gudstjeneste: 6. s. e. påske,,Søn. 17. maj 2026,See description
Gudstjeneste - Jesu ypperstepræstelige bøn,,Søn. 17. maj 2026,See description
Fodbold alle søndage kl. 9.00,"Vi er en flok gamle gutter, der spiller fodbold for sjov, vores ældste mand er 87 år -yngste 38. Vi hedder KIF Oldboys, men langt de fleste har tidligere spillet i andre klubber, flere har aldrig spillet fodbold i en klub før KIF Oldboys.",Søn. 17. maj 2026,See description
Gudstjeneste i Immanuelskirken ved Jan Holm Mortensen,,Søn. 17. maj 2026,See description
Gratis squash,"Kom og prøv squash i Kolding KFUM Squash - helt uforpligtende! Har du lyst til at prøve kræfter med squash - alene eller sammen med andre?. Så kig forbi Kolding KFUM Squash hver søndag kl. 10:00-11:30 og prøv en sjov, svedig og social sport!",Søn. 17. maj 2026,See description
Hjem,"Filmen tager sin begyndelse i 1991, på et tidspunkt, hvor hele Balkanregionen er i opløsning.",Søn. 17. maj 2026,15.45
Dragens vogter,"I det gamle Kina opdager den unge pige Ping, at hun er skæbnebestemt til at beskytte den sidste levende drage og et mystisk æg, der bærer håbet for hele dragens slægt.",Søn. 17. maj 2026,10.15
Billie Eilish - Hit Me Hard and Soft: The Tour,Optaget under hendes udsolgte verdensturné bringer Billie Eilish - HIT ME HARD AND SOFT: THE TOUR (LIVE IN 3D) en nyskabende koncertoplevelse til det store lærred fra en af sin generations mest anerkendte og succesfulde kunstnere.,Søn. 17. maj 2026,10.20
Gudstjeneste,,Søn. 17. maj 2026,10.30
Super Mario Galaxy Filmen,Here we go. Again! Animationsfilmen 'Super Mario Galaxy Filmen' (The Super Mario Galaxy Movie) er fortsættelsen til Super Mario Bros. Filmen fra 2023 og denne gang bliver eventyret endnu større!,Søn. 17. maj 2026,10.30
Fælles gudstjeneste i Hjarup Kirke,,Søn. 17. maj 2026,10.30
Gudstjeneste 10.30,V/Iben Munkgaard Davids.,Søn. 17. maj 2026,10.30
Højmesse ved Katrine Papsø Madsen,,Søn. 17. maj 2026,10.30
Gudstjeneste Seest ASA,,Søn. 17. maj 2026,10.30
Gudstjeneste v/ Stephan Wung-Sung de Fønss,Efter gudstjenesten byder der på kaffe og te i kirkens lokaler.,Søn. 17. maj 2026,10.30
Højmesse ved Henriette Bacher Lind,,Søn. 17. maj 2026,10.30
Gudstjeneste i Kristkirken ved Jan Holm Mortensen,,Søn. 17. maj 2026,10.30
The Devil Wears Prada 2,"""A sequel? For spring? Groundbreaking."". Filmen 'The Devil Wears Prada 2' er fortsættelsen til den elskede film fra 2006, The Devil Wears Prada.",Søn. 17. maj 2026,10.30
Affektionsværdi,Joachim Triers nyeste film vandt Grand Prix i Cannes og har nu slået nordisk rekord med hele 9 Oscar-nomineringer!,Søn. 17. maj 2026,See description
Aftenvagt,"Floria (spillet af Leonie Benesch - mindst lige så fantastisk som i 'Lærerværelset') er en dedikeret sygeplejerske, der med urokkelig dedikation navigerer i det ubarmhjertige opskruet tempo på en kirurgisk afdeling på et hospital i Schweiz.",Søn. 17. maj 2026,12.30
Rundvisning - Mikkel Thomsen,"Idet rundvisningen foregår både udendørs og indendørs, anmoder vi om, at du er påklædt efter vejret. Venligst kom 10 min. før rundvisningen starter. Vi har P-pladser tæt på Harteværket. Varighed: 1,5 time. Arrangør: Harteværket.",Søn. 17. maj 2026,See description
Aphaca: Brug for hinanden,"Siden 8. klasse har Bertram, Bertil, Rumle og Noah har haft et band, der netop har fået en pladekontrakt.",Søn. 17. maj 2026,See description
Michael,"Filmen 'Michael' skildrer en af de mest indflydelsesrige kunstnere nogensinde, Michael Jackson.",Søn. 17. maj 2026,13.20
Top Gun 40th Anniversary,"""Talk to me, Goose"". Genoplev den elskede actionklassiker 'Top Gun' på det store lærred i anledning af filmens 40-års jubilæum.",Søn. 17. maj 2026,14.45
Harry Potter og halvblodsprinsen,,Søn. 17. maj 2026,See description
Dust Bunny,"Tiårige Aurora har en mystisk nabo (Mads Mikkelsen), som dræber virkelige monstre - han er lejemorder. Så da Aurora har brug for hjælp til at dræbe det monster, hun tror har spist hele hendes familie, hyrer hun ham.",Søn. 17. maj 2026,15.30
In the Grey,Et hemmeligt hold af eliteagenter lever i skyggerne.,Søn. 17. maj 2026,18.30
Ready or Not 2: Here I Come,Grace (Samara Weaving) har overlevet Le Dormas-familiens brutale angreb - men mareridtet er langt fra slut!,Søn. 17. maj 2026,See description
I Swear,"Er baseret på den inspirerende historie om John Davidson, der vokser op i 1980'ernes Skotland. Som teenager er han populær, målmand på fodboldholdet og fuld af selvtillid, indtil diagnosen Tourettes syndrom vender hans liv på hovedet.",Søn. 17. maj 2026,See description
Project Hail Mary,I science fiction-filmen 'Project Hail Mary' skal Ryan Gosling redde jordens fremtid ved hjælp af en unik portion videnskab og humor!,Søn. 17. maj 2026,See description
Mortal Kombat II,"De populære fanfavoritter - nu med selveste Johnny Cage på holdet - står over for hinanden i det ultimative opgør for at nedkæmpe Shao Kahns mørke herredømme, der truer selve Jordrigets eksistens og dets beskyttere.",Søn. 17. maj 2026,20.45
Louis Armstrongs liv og musik - feat. Prinsens Musikkorps,"Louis Armstrongs liv og musik er en koncert, der hylder en af jazzens største ikoner - trompetisten, sangeren og entertaineren, der for altid ændrede populærmusikkens historie.",Man. 18. maj 2026,See description
Knuds Garage International Pubquiz,English Pubquiz at Knuds Garage Come to a pub quiz in a cozy setting with 20 questions.,Man. 18. maj 2026 20:30 - 22:30,20:30
Badminton,"Du medbringer en ketcher og bolde. Der spilles stort set kun double, da dette er det mest sociale og ikke så hårdt fysisk.",Man. 18. maj 2026,See description
Aerobic,"Vore aerobictimer er tilpasset så alle kan deltage. Der laves små serier kombineret med hop og løb. Det er fedtforbrændende og konditionstrænende. Husk måtte til gulvøvelser, hvor der trænes mave og ryg.",Man. 18. maj 2026,10.15
Tennis for 60+'ere,Træning for 60+'ere - alle kan være med. Kom og oplev glæderne og sammenholdet ved at træne og spille tennis med jævnaldrende!,Man. 18. maj 2026,See description
Krolfspil for senior,"Krolf er et rigtig hyggelig spil, hvor alle kan deltage. Det er en blanding af golf og kroket. Praktisk påklædning efter vejret, gerne kraftige sko eller i regnvejr gummistøvler.",Man. 18. maj 2026,09.30
Krolf for alle - formiddag,"Man træner 2-3 runder. Man får gode fællesskaber, hyggeligt socialt samvær, venskaber for alle aldre. Varmt tøj til tider. Mandag klokken 9:30 og onsdag klokken 18:30. Kontingent 250 kr. Sæsonen starter 1 maj og slutter 30 september.",Man. 18. maj 2026,09.30
Stavgang/ gåture,"Der kan som udgangspunkt lånes stave i IFA de første par gange. Der vil hver gang være mulighed for instruktion i stavgangsteknik, ligesom der som regel er mulighed fora t vælge hold med forskellige tempi.",Man. 18. maj 2026,11.30
Styrke/ryg træning,"Her styrkes alle kroppens muskler, så ryggen kan klare hverdagen. Husk vandflaske og en måtte til gulvøvelserne.",Man. 18. maj 2026,10.45
Super Mario Galaxy Filmen,Here we go. Again! Animationsfilmen 'Super Mario Galaxy Filmen' (The Super Mario Galaxy Movie) er fortsættelsen til Super Mario Bros. Filmen fra 2023 og denne gang bliver eventyret endnu større!,Man. 18. maj 2026,11.30
Mission: Bæver,"Animationsfilmen 'Mission: Bæver' er Disney og Pixars nyeste eventyr, der stiller spørgsmålet: Hvad hvis du kunne tale med dyr og forstå, hvad de siger?",Man. 18. maj 2026,11.30
Ustoppelig,"Filmen vises med dansk tale. 'Ustoppelig' er en actionfyldt animationsfilm med de mindste helte, du nogensinde har set. Kaja er en ustoppelig lille celle, der bor i nyrerne på tiårige Erik.",Man. 18. maj 2026,11.30
Stram op,"Efter ca. 35 min. ""opvarmning"", hvor pulsen stiger, strammer vi maven, ballerne, lårene og ryggen op med forskellige øvelser. Med og uden elastikker. Husk vandflaske og måtte til gulvøvelserne.",Man. 18. maj 2026,See description
Mandehørm (styrke for mænd),"Som navnet siger - styrke kun for mænd. Der arbejdes med vægte så ""bøfferne"" holdes ved lige. Endvidere styrke af ryg og mave. Bækkenbunds træning er ikke kun for kvinder. Kom og lær din bækkenbund at kende.",Man. 18. maj 2026,See description
Affektionsværdi,"Det norske drama 'Affektionsværdi' følger søstrene Nora (Renate Reinsve) og Agnes (Inga Ibsdotter Lilleaas), som genforenes med deres far Gustav (Stellan Skarsgård) - en førhen ganske feteret instruktør, som drømmer om det store comeback.",Man. 18. maj 2026,See description
Michael,"Filmen 'Michael' skildrer en af de mest indflydelsesrige kunstnere nogensinde, Michael Jackson.",Man. 18. maj 2026,12.45
Billie Eilish - Hit Me Hard and Soft: The Tour,Optaget under hendes udsolgte verdensturné bringer Billie Eilish - HIT ME HARD AND SOFT: THE TOUR (LIVE IN 3D) en nyskabende koncertoplevelse til det store lærred fra en af sin generations mest anerkendte og succesfulde kunstnere.,Man. 18. maj 2026,12.45
Hjem,"Filmen tager sin begyndelse i 1991, på et tidspunkt, hvor hele Balkanregionen er i opløsning.",Man. 18. maj 2026,13.30
The Devil Wears Prada 2,"""A sequel? For spring? Groundbreaking."". Filmen 'The Devil Wears Prada 2' er fortsættelsen til den elskede film fra 2006, The Devil Wears Prada.",Man. 18. maj 2026,13.45
Fårbrydelsen,"I denne finurlige og nyskabende krimihistorie er George (Hugh Jackman) en fårehyrde, der hver aften læser detektivromaner højt for sine elskede får - overbevist om, at de umuligt kan forstå dem.",Man. 18. maj 2026,16.30
Motionsdamer,Traditionel motionsgymnastik for damer. Alle kan deltage uanset alder og skavanker.,Man. 18. maj 2026,15.20
Aphaca: Brug for hinanden,"Siden 8. klasse har Bertram, Bertil, Rumle og Noah har haft et band, der netop har fået en pladekontrakt.",Man. 18. maj 2026,15.30
Bogklubben Bogmestrene: mandagsklubben,"Vær med i børnebibliotekets bogklub, hvor der kun er tre regler!",Man. 18. maj 2026,See description
Værn,"Sydsverige i begyndelsen af 70'erne. Den kolde krig er allestedsnærværende. Påvirket af de stærke billeder i brochuren 'Hvis krigen kommer', begynder landarbejderen og eneboeren Karl-Göran Persson at sikre sit hus.",Man. 18. maj 2026,16.45
Linedance / Absolut Begynder,For dem der aldrig har prøvet linedance før.,Man. 18. maj 2026,17.55
Løbetræning,"Vi løber mandag og onsdag klokken 17 samt lørdag klokken 10 fra Bøgelund, Bramdrup. Skovvej 40. Kom i god tid - vi starter præcis. Du kan deltage 3-4 gange før du melder dig ind i klubben. Lavt kontingent - 300 kroner for et kalenderår.",Man. 18. maj 2026,18.30
Lytteklubben Musik uden grænser,"En rocklytteklub, hvor man graver god musik frem for hinanden og i fællesskab lytter koncentreret.",Man. 18. maj 2026,See description
Gå-/Løbe-fællesskab,"Gå- & løbe-fællesskab, hvor minimum en frivillig fra HG&IF deltager på holdene. Så har du svært ved at komme afsted selv, så kom og vær med. Det forpligtiger lidt mere når man ved andre venter :-). Der er 3 niveauer: 1) Gå-holdet.",Man. 18. maj 2026,17.15
Hip Hop/ Funk (10-12 årige),"Er du vild med at danse foran spejlet? Og kan du ikke sidde stille, når der sættes musik på? Til hiphop/funk sætter vi gang i festen. Der vil blive arbejdet med koreografier, attitude og styrketræning.",Man. 18. maj 2026,17.30
Linedance / Begynder,For dem der kender lidt til grundtrin.,Man. 18. maj 2026,18.05
Iron Maiden: Burning Ambition,"""Iron Maiden: Burning Ambition"" fortæller historien om, hvordan Iron Maiden har været med til at forme en kulturel bevægelse og udfordre traditionelle opfattelser af rockmusik og heavy metals bredere samfundsmæssige og kulturelle betydning.",Man. 18. maj 2026,18.15
Mma - for alle,"Muay Thai og MMA træning for nye og erfarende udøvere. Holdet giver plads til at nørde basis-teknik, udvikle skills og skabe flow - uanset om du er helt ny eller allerede træner fast.",Man. 18. maj 2026,18.30
In the Grey,Et hemmeligt hold af eliteagenter lever i skyggerne.,Man. 18. maj 2026,21.10
Motionsherrer,Traditionel motionsgymnastik for herrer. Alle kan deltage uanset alder og skavanker. Holdet er meget socialt og har et godt sammenhold.,Man. 18. maj 2026,See description
Kom og spil kegler - hver mandag aften (55+ år),"HUSK indendørssko! Hvordan spiller man kegler?. Man starter med at indtage en ""startstilling"". Denne afhænger af hvilken teknik man bruger. Kaster man med to hænder, stiller man sig med spredte ben hen over linoleumsstykket.",Man. 18. maj 2026,See description
ActivityDating i Kolding 55+ år,"Vi er glade for at kunne præsentere ActivityDating - Spil-edition hos Spilcaféen Kolding! ActivityDating er et sjovt live datingkoncept, hvor deltagerne løbende rokerer pladser og spiller spil sammen med andre singler.",Man. 18. maj 2026,See description
ActivityDating i Kolding 30-45 år,"Vi er glade for at kunne præsentere ActivityDating - Spil-edition hos Spilcaféen Kolding! ActivityDating er et sjovt live datingkoncept, hvor deltagerne løbende rokerer pladser og spiller spil sammen med andre singler.",Man. 18. maj 2026,See description
ActivityDating i Kolding 20-30 år,"Vi er glade for at kunne præsentere ActivityDating - Spil-edition hos Spilcaféen Kolding! ActivityDating er et sjovt live datingkoncept, hvor deltagerne løbende rokerer pladser og spiller spil sammen med andre singler.",Man. 18. maj 2026,See description
Oplev Guitarensemblet i Kristkirken,"Oplev Kulturskolen Koldings GUITARENSEMBLE spille værker af bl.a. Mozart, Bizet og De Falla. Medvirkende: Andreas Christian Pedersen, Emilie Sui Lundholm Liebing, Johannes Hartmann Nygaard, Serhii Hordiichuk, Morten Spanggaard & Per McDonald.",Man. 18. maj 2026,19:00
Linedance / Begynder +,For dem der kender de fleste grundtrin.,Man. 18. maj 2026,19.10
Rytme Quinder,Moderne rytmegymnastik. Sæsonen afsluttes med ca. 3 opvisninger.,Man. 18. maj 2026,19.15
Mixhold voksen,"Fælles opvarmning hvor alle kan være med, øvelser og afslutter ofte med kamp. God stemning og fokus på at der er plads til alle.",Man. 18. maj 2026,19.15
Eleanors sandhed,Så er det atter tid til hygge i Koldings hyggeligste biograf. Fra kl. 18.00 byder vi på fællesspisning hvor Tobbers igen kommer og gør aftenen forrygende inden vi starter film kl. 19.30.,Man. 18. maj 2026,19.30
Linedance / Let øvet,For dem der kan alle grundtrin og lyst til større udfordringer.,Man. 18. maj 2026,20.10
Mortal Kombat II,"De populære fanfavoritter - nu med selveste Johnny Cage på holdet - står over for hinanden i det ultimative opgør for at nedkæmpe Shao Kahns mørke herredømme, der truer selve Jordrigets eksistens og dets beskyttere.",Man. 18. maj 2026,21.15
Motionsgymnastik,"Har du lyst til at få rørt hele kroppen og få sved på panden, så er disse timer noget for dig. En gymnastiktime med højt humør og dejlig inspirerende musik. Men pas på, - du bliver hurtig afhængig !!!",Tir. 19. maj 2026,See description
Bodybike,Fuld fart på pedalerne og gang i svedproduktionen. HUSK vand og spinningsko. Her er konditionstræning for alle pengene.,Tir. 19. maj 2026,09.30
Børnebiffen - Filmpakke 4 - Fra 3 år,"Cirkeline - Klodsmus. Instruktør, Jannik Hastrup. Det er regnvejr, og musebedstefar fortæller histo-rien om Klodsmus - en musevariant af ""Klodshans"", H.C. Andersens eventyr om herremandens søn, der vinder kongedatterens hjerte.",Tir. 19. maj 2026,See description
Vandgymnastik,"Træning i vand til god musik. Vi træner kroppens center, med fokus på ryg og mave, og bruger vandets modstand til at styrke alle kroppens muskler.",Tir. 19. maj 2026,See description
Intervaltræning,"Med et antal trænings skift, veksler man mellem øvelser for både styrke og kondition. Inden for kort tid opnår man stor effekt. Der er fuld fart på, og man får virkelig sved på panden og pulsen op. Så kom og prøv.",Tir. 19. maj 2026,See description
Fårbrydelsen,"I denne finurlige og nyskabende krimihistorie er George (Hugh Jackman) en fårehyrde, der hver aften læser detektivromaner højt for sine elskede får - overbevist om, at de umuligt kan forstå dem.",Tir. 19. maj 2026,11.25
Super Mario Galaxy Filmen,Here we go. Again! Animationsfilmen 'Super Mario Galaxy Filmen' (The Super Mario Galaxy Movie) er fortsættelsen til Super Mario Bros. Filmen fra 2023 og denne gang bliver eventyret endnu større!,Tir. 19. maj 2026,11.30
Dragens vogter,"I det gamle Kina opdager den unge pige Ping, at hun er skæbnebestemt til at beskytte den sidste levende drage og et mystisk æg, der bærer håbet for hele dragens slægt.",Tir. 19. maj 2026,11.30
De forbandede år 3 - Fredens pris,"Året er 1945. Krigen er endelig slut. Danmark er frit, men splittet. Meget har ændret sig for familien Skov. Karl og Evas ægteskab er tyndslidt, og Eva beslutter at forlade sin mand.",Tir. 19. maj 2026,See description
Affektionsværdi,"Det norske drama 'Affektionsværdi' følger søstrene Nora (Renate Reinsve) og Agnes (Inga Ibsdotter Lilleaas), som genforenes med deres far Gustav (Stellan Skarsgård) - en førhen ganske feteret instruktør, som drømmer om det store comeback.",Tir. 19. maj 2026,20.15
Michael,"Filmen 'Michael' skildrer en af de mest indflydelsesrige kunstnere nogensinde, Michael Jackson.",Tir. 19. maj 2026,12.45
Kom og spil kegler (For alle niveauer - 55+ år),"HUSK indendørssko! Hvordan spiller man kegler?. Man starter med at indtage en ""startstilling"". Denne afhænger af hvilken teknik man bruger. Kaster man med to hænder, stiller man sig med spredte ben hen over linoleumsstykket.",Tir. 19. maj 2026,See description
Billie Eilish - Hit Me Hard and Soft: The Tour,Optaget under hendes udsolgte verdensturné bringer Billie Eilish - HIT ME HARD AND SOFT: THE TOUR (LIVE IN 3D) en nyskabende koncertoplevelse til det store lærred fra en af sin generations mest anerkendte og succesfulde kunstnere.,Tir. 19. maj 2026,13.40
The Devil Wears Prada 2,"""A sequel? For spring? Groundbreaking."". Filmen 'The Devil Wears Prada 2' er fortsættelsen til den elskede film fra 2006, The Devil Wears Prada.",Tir. 19. maj 2026,13.45
Dust Bunny,"Tiårige Aurora har en mystisk nabo (Mads Mikkelsen), som dræber virkelige monstre - han er lejemorder. Så da Aurora har brug for hjælp til at dræbe det monster, hun tror har spist hele hendes familie, hyrer hun ham.",Tir. 19. maj 2026,See description
Bogklubben Bogmestrene: tirsdagsklubben,"Vær med i børnebibliotekets bogklub, hvor der kun er tre regler!",Tir. 19. maj 2026,See description
Iron Maiden: Burning Ambition,"""Iron Maiden: Burning Ambition"" fortæller historien om, hvordan Iron Maiden har været med til at forme en kulturel bevægelse og udfordre traditionelle opfattelser af rockmusik og heavy metals bredere samfundsmæssige og kulturelle betydning.",Tir. 19. maj 2026,16.15
Værn,"Sydsverige i begyndelsen af 70'erne. Den kolde krig er allestedsnærværende. Påvirket af de stærke billeder i brochuren 'Hvis krigen kommer', begynder landarbejderen og eneboeren Karl-Göran Persson at sikre sit hus.",Tir. 19. maj 2026,16.30
Bowling for ungdom (5-18 år),"Til vores træninger er timen delt op i 3 sektioner opvarmning/træningsøvelser/bowling & leg. Vi starter med en fælles opvarmning, for at få kroppen igang og klar til træningen.",Tir. 19. maj 2026,16.30
Ninja kids - 4 til 7 år,"Er for børn i alderen 4 til ca. 7 år. Her bliver hovedsageligt trænet motorik, leget og ""tumlet"" på madrassen og der sluttes altid af med at ""bryde/slås for sjov"".",Tir. 19. maj 2026,16.30
Hjem,"Filmen tager sin begyndelse i 1991, på et tidspunkt, hvor hele Balkanregionen er i opløsning.",Tir. 19. maj 2026,See description
Begynderhold,"Som nybegynder eller let øvet, går meget af træningen ud på at indøve de helt basale teknikker som stød, parader, spark og stillinger, samt de grundlæggende japanske termer, der bruges.",Tir. 19. maj 2026,See description
Realistisk selvforsvar for alle (9+ år),Vi træner selvforsvar på mix hold tirsdage og torsdage fra kl 18:30 til 20:00 kom ned i klubben og prøv om det er noget for dig.,Tir. 19. maj 2026,18.30
Tennistræning for seniorer,"Niveau Beskrivelse. 1 Begynder. Har ikke tidligere modtaget træning og spillere som har spillet 1-2 sæsoner. Ønsker at lære de grundlæggende principper og teknik, og møde andre nystartede. 2 Let øvet.",Tir. 19. maj 2026,See description
Prøv squash med koldings bedste,"Om tirsdagen er der altid fælles træning, og der er mulighed for at komme forbi og prøve det.",Tir. 19. maj 2026,See description
Begynder brydning - 7 til 13 år,"Træningen består af kampleg, akrobatik, koordinationsøvelser samt bryde relaterede øvelser. Her læres at slå de mest basale brydegreb, og under træning får de også mulighed for at bryde rigtigt.",Tir. 19. maj 2026,17.30
Investeringsaften med fokus på sundhed og biotek,Besøg af FluoGuide Biotekselskab samt Global Health Invest - globale investeringer i sundhedssektoren.,Tir. 19. maj 2026,17.30
Fodbold alle tirsdage kl. 18.00,"Vi er en flok gamle gutter, der spiller fodbold for sjov, vores ældste mand er 87 år -yngste 38. Vi hedder KIF Oldboys, men langt de fleste har tidligere spillet i andre klubber, flere har aldrig spillet fodbold i en klub før KIF Oldboys.",Tir. 19. maj 2026,See description
Håndbold for herrer,Fordel med tidligere håndbolderfaring. Fokus på det sociale og spille god håndbold. Sæsonen starter i august og kører indtil april. Sommertræning i maj og juni.,Tir. 19. maj 2026,19.45
Klarsynsaften med Pehr Mathiesen,"Lyst til Livet v/Pehr Mathiesen fortsætter samarbejdet med Tobbers i de smukke lokaler i Dalbygade. Denne gang i en spændende, fornyet udgave af den spirituelle aften, hvor indholdet - som altid - suppleres med sanselig mad lavet fra bunden.",Tir. 19. maj 2026,See description
Hold 3 (13 år +),"Vores største hold. Her er plads til både eliten, talenterne, og dem der bare gerne vil have sved på panden og lære at bryde. Teknik træningen slutte kl. 19.30 fra 19.30 til 20.00 er der Open Mat.",Tir. 19. maj 2026,18.30
Aflyst: Folkeuniversitet: Aktuelle danske bestsellere - med kant,Grav et spadestik dybere ned i dansk litteraturs aktuelle bestsellere sammen med eksperterne.,Tir. 19. maj 2026,18.30
Krolf for alle - aften,"Til træning der spiller vi 2-3 runder, vi har i alt 4 forskellige baner man kan komme og prøve. Det man får ud af det er: at møde nye mennesker, hyggeligt socialt samvær, venskaber for alle aldersgrupper. Man skal huske varmt tøj til tider.",Tir. 19. maj 2026,18.30
In the Grey,Et hemmeligt hold af eliteagenter lever i skyggerne.,Tir. 19. maj 2026,18.45
Aftenvagt,"Floria (spillet af Leonie Benesch - mindst lige så fantastisk som i 'Lærerværelset') er en dedikeret sygeplejerske, der med urokkelig dedikation navigerer i det ubarmhjertige opskruet tempo på en kirurgisk afdeling på et hospital i Schweiz.",Tir. 19. maj 2026,See description
Kegler for hele familien,"De fleste har prøvet bowling eller set spillet. Man kan godt sammenligne at spille bowling med kegler. Forskellen på disse 2 spil er, at kuglen er mindre i kegler, og uden huller til fingrene.",Tir. 19. maj 2026,See description
Kirkekorets forårskoncert,"Forårskoncert i Harte Kirke Kirkekoret og Juniorkoret v/Marie Ulsdal vil synge forårets smukke sange, og organist Larisa Volchenko spiller orgelmusik fra kirkens orgel. Koncerten vil også blive krydret med fællessange!",Tir. 19. maj 2026,See description
Håndbold for damer,Kræver tidligere håndbolderfaring. Fokus på det sociale og spille god håndbold. Sæsonen starter i august og kører indtil april. Sommertræning i maj og juni.,Tir. 19. maj 2026,19.45
Grappling og Brazilian jiu-jitsu,Grappling og BJJ for alle niveauer.,Tir. 19. maj 2026,See description
Pub Quiz,,Tir. 19. maj 2026,20:00
Lee Cronin's The Mummy,"En ung pige forsvinder sporløst i ørkenen. Otte år senere bliver hendes knuste familie chokeret, da hun vender tilbage til dem. Det, der burde være en glædelig genforening, forvandles til et levende mareridt.",Tir. 19. maj 2026,21.15
European Street Market,"- er et stemningsfuldt, udendørs pop-up marked med boder fra hele Europa. Oplev alt fra oste og delikatesser til søde fristelser, håndværk og street food - midt i en levende, europæisk atmosfære.",Tir. 19. til lør. 23. maj 2026 10:00 - 18:00 & 10:00 - 15:00,10:00
Guidet tur i Christiansfeld - Verdensarv i særklasse,Velkommen til UNESCO-byen Christiansfeld - en by med en enestående historie. Tag med os på en historisk byvandring gennem de smukke gader i Christiansfeld. Vores guide fortæller dig historier om Brødremenigheden og byens historie - fra grundlæggelsen og.,Ons. 20. maj 2026 13:30 - 15:00,13:30
Indvielse af Kongeåstien,Onsdag den 20. maj indvier vi 12 km af Kongeåstien - de sidste etaper fra kommunegrænsen mellem Vejen og Kolding til udspringet i Gåskær.,Ons. 20. maj 2026 14:30 - 16:00,14:30
Pubquiz På Knuds garage,"Hver Onsdag kl 20, kan du komme på Knuds Garage og få din paratviden udfordret.",Ons. 20. maj 2026 20:00 - 23:00,20:00
Motionsgymnastik i Arena Syd VAMDRUP,"Har du lyst til at få rørt hele kroppen og få sved på panden, så er disse timer noget for dig. En gymnastiktime med højt humør og dejlig inspirerende musik. Men pas på, - du bliver hurtig afhængig !!!",Ons. 20. maj 2026,See description
Pickleball,"Er en ketsjersport, der spilles med en let bold og et paddle (hårdt bat). Pickleball spilles på en bane i badmintonstørrelse, med tennis-lignende net. Der er elementer fra andre ketsjer/ bat spil - som tennis, squash, badminton og bordtennis.",Ons. 20. maj 2026,See description
Vandgymnastik,"Træning i vand til god musik. Vi træner kroppens center, med fokus på ryg og mave, og bruger vandets modstand til at styrke alle kroppens muskler.",Ons. 20. maj 2026,See description
Babysalmesang,"Sammen vil vi synge, nynne, danse, vugge, og lytte os igennem velkendte sange og salmer i en afslappet og rolig atmosfære. Vi vil puste sæbebobler og spille på rasleæg, og meget mere. Vi vil bruge vores krop og vores stemme.",Ons. 20. maj 2026,See description
Krolf,"Vi spiller krolf fra april til og med juni måned og igen fra august til oktober. Der er køller og bolde til udlån - og vi opfordrer ALLE der har lyst, til at komme og prøve.",Ons. 20. maj 2026,See description
Petanque,"Kolding KFUM Senioridræt er er forening for senior der kan være aktive om dagen. Alle kan deltage og der lægges stor vægt på det sociale, så der er altid kaffepause. Der er kugle at spille med, så sørg for påklædning der passer til vejret.",Ons. 20. maj 2026,See description
Let's dance i arena syd vamdrup,"Ved brug af den skønne musik sammen med enkelte dansetrin kommer forbrændingen i vejret og kroppen fyldes med energi - samtidig med at det er sjovt og nemt at lære- Alle kan være med - unge som ældre, mænd og kvinder.",Ons. 20. maj 2026,10.15
Funktionel / balancetræning,"Funktionel træning fokuserer på naturlige bevægelser, som den menneskelige krop allerede er skabt til at lave. Bevægelser som at løfte, trække, rotere eller skubbe, er bevægelser som vi allerede laver, eller kan få brug for i dagligdagen.",Ons. 20. maj 2026,10.30
Vandgymnastik i Kongeåbadet VAMDRUP,"Træning i vand til god musik. Vi træner kroppens center, med fokus på ryg og mave, og bruger vandets modstand til at styrke alle kroppens muskler.",Ons. 20. maj 2026,See description
Super Mario Galaxy Filmen,Here we go. Again! Animationsfilmen 'Super Mario Galaxy Filmen' (The Super Mario Galaxy Movie) er fortsættelsen til Super Mario Bros. Filmen fra 2023 og denne gang bliver eventyret endnu større!,Ons. 20. maj 2026,11.30
Hjem,"Filmen tager sin begyndelse i 1991, på et tidspunkt, hvor hele Balkanregionen er i opløsning.",Ons. 20. maj 2026,11.30
Affektionsværdi,"Det norske drama 'Affektionsværdi' følger søstrene Nora (Renate Reinsve) og Agnes (Inga Ibsdotter Lilleaas), som genforenes med deres far Gustav (Stellan Skarsgård) - en førhen ganske feteret instruktør, som drømmer om det store comeback.",Ons. 20. maj 2026,11.45
The Devil Wears Prada 2,"""A sequel? For spring? Groundbreaking."". Filmen 'The Devil Wears Prada 2' er fortsættelsen til den elskede film fra 2006, The Devil Wears Prada.",Ons. 20. maj 2026,13.45
The Mandalorian & Grogu,"Tag med dusørjægeren Din Djarin og hans unge lærling Grogu på en ny mission i 'The Mandalorian & Grogu.'. Imperiet er faldet, men galaksen er langt fra fredelig.",Ons. 20. maj 2026,16.45
Kom og spil kegler (For alle niveauer - 55+ år),"HUSK indendørssko! Hvordan spiller man kegler?. Man starter med at indtage en ""startstilling"". Denne afhænger af hvilken teknik man bruger. Kaster man med to hænder, stiller man sig med spredte ben hen over linoleumsstykket.",Ons. 20. maj 2026,See description
Aftenvagt,"Floria (spillet af Leonie Benesch - mindst lige så fantastisk som i 'Lærerværelset') er en dedikeret sygeplejerske, der med urokkelig dedikation navigerer i det ubarmhjertige opskruet tempo på en kirurgisk afdeling på et hospital i Schweiz.",Ons. 20. maj 2026,13.30
Sogneeftermiddag - Islandske sagaer,"Island blev bosat i vikingetiden, og de islandske sagaer fortæller om, hvordan det gik for sig - naboer røg i totterne på hinanden over en strandet hval eller en stak hø, og der blev udført magiske ritualer for at forudsige fremtiden, mens balstyrige.",Ons. 20. maj 2026,See description
Fårbrydelsen,"I denne finurlige og nyskabende krimihistorie er George (Hugh Jackman) en fårehyrde, der hver aften læser detektivromaner højt for sine elskede får - overbevist om, at de umuligt kan forstå dem.",Ons. 20. maj 2026,14.10
Bueskydning,Vi skyder med bue og pile mod en skive. Det kræver stor koncentration når man skyder. Man kommer til hallen (hal 2 i Pulzion) og bliver mødt af en der tager sig af dig. Du vil blive introduceret for alle så i ved hvem i er.,Ons. 20. maj 2026,14.20
Rundvisning - Harteværket,"Oplev historien for opførelsen af Danmarks første vandkraftværk, som blev indviet i 1920. En utrolig spændende historie, som også i fremtiden vil have en vigtig rolle for Kolding i forbindelse med de klimatilpasninger, som er forberedt på Harteværket.",Ons. 20. maj 2026,See description
Franz,"Filmen skildrer det gådefulde liv for Franz Kafka, fra hans ungdom i Prag til hans død i 1924. I stedet for at være en traditionel biografi er Franz sat op som en kalejdoskopisk mosaik af drømme, breve, fragmenter fra hans fiktion og historiske episoder.",Ons. 20. maj 2026,See description
Tennistræning for juniorer mellem 7 og 17 år,"Gå til tennis hos KIF Tennis og få gratis træning. Nu starter vi igen hold for juniorer - et for 7-11 årige og et for 12-15 årige. Vi har et super godt trænerteam, og et godt fællesskab.",Ons. 20. maj 2026,See description
Linedance/ Absolut Begynder,For dem der aldrig har prøvet før.,Ons. 20. maj 2026,17.55
Løbetræning,"Vi løber mandag og onsdag klokken 17 samt lørdag klokken 10 fra Bøgelund, Bramdrup. Skovvej 40. Kom i god tid - vi starter præcis. Du kan deltage 3-4 gange før du melder dig ind i klubben. Lavt kontingent - 300 kroner for et kalenderår.",Ons. 20. maj 2026,18.30
Hockey for voksne med særlige behov,"Til hockey er der plads til alle uanset niveau. Efter en god opvarmning, træner vi med hockeystave og puck, hvor vi øver i at skyde til hinanden samt at skyde på mål. Hvis du ikke har prøvet at spille hockey før, skal du nok blive sat ind i reglerne.",Ons. 20. maj 2026,See description
Brætspilsklubben,"Elsker du brætspil, og mangler du et hyggeligt fællesskab at spille sammen med?",Ons. 20. maj 2026,20.30
Menighedsrådsmøde,,Ons. 20. maj 2026,See description
Motionsmix,Sjov motionsgymnastik for både damer og herrer. Alle kan deltage uanset alder og skavanker.,Ons. 20. maj 2026,See description
"Mathias Vinsten Munk ""Unge med ADHD og autisme er også en ressource""","AuDHD-ungecaféen inviterer. Foredrag v/ Mathias Vinsten Munk ""Unge med ADHD og autisme er en ressource"". Unge og forældre/omsorgspersoner er meget velkomne.

  Arrangeret af ADHD Forening Sydjylland.",Ons. 20. maj 2026,See description
Linedance / Begynder,For dem der kender lidt til grundtrin.,Ons. 20. maj 2026,18.05
Billie Eilish - Hit Me Hard and Soft: The Tour,Optaget under hendes udsolgte verdensturné bringer Billie Eilish - HIT ME HARD AND SOFT: THE TOUR (LIVE IN 3D) en nyskabende koncertoplevelse til det store lærred fra en af sin generations mest anerkendte og succesfulde kunstnere.,Ons. 20. maj 2026,18.15
Fangalla: Star Wars: The Mandalorian & Grogu,Kom til fangalla på den nye Star Wars-film den 'Star Wars: The Mandalorian & Grogu' 20. majI have spoken: Vi skal have en fangalla!,Ons. 20. maj 2026,18.20
Karate unge (13+) og voksne,"Hvad er karate?. Karate er først og fremmest selvforsvar! Når vi træner, så passer vi godt på hinanden. Men når man først er lidt øvet, så går vi tæt på hinanden - og man kan godt få et blåt mærke med hjem.",Ons. 20. maj 2026,18.30
Krolf for alle - aften,"Til træning der spiller vi 2-3 runder, vi har i alt 4 forskellige baner man kan komme og prøve. Det man får ud af det er: at møde nye mennesker, hyggeligt socialt samvær, venskaber for alle aldersgrupper. Man skal huske varmt tøj til tider.",Ons. 20. maj 2026,18.30
Ready or Not 2: Here I Come,Grace (Samara Weaving) har overlevet Le Dormas-familiens brutale angreb - men mareridtet er langt fra slut!,Ons. 20. maj 2026,See description
I Swear,"Er baseret på den inspirerende historie om John Davidson, der vokser op i 1980'ernes Skotland. Som teenager er han populær, målmand på fodboldholdet og fuld af selvtillid, indtil diagnosen Tourettes syndrom vender hans liv på hovedet.",Ons. 20. maj 2026,See description
Dust Bunny,"Tiårige Aurora har en mystisk nabo (Mads Mikkelsen), som dræber virkelige monstre - han er lejemorder. Så da Aurora har brug for hjælp til at dræbe det monster, hun tror har spist hele hendes familie, hyrer hun ham.",Ons. 20. maj 2026,See description
"Foredrag ""Grundtvig - vanvid og visioner"" v/Asser Amdisen","De fleste af os har et billede af Grundtvig, som den bløde og venlige præst, som skabte højskolen, det moderne Danmark og skrev de smukke salmer.",Ons. 20. maj 2026,See description
Gratis badminton Spilfællesskab,Kolding KFUM Badminton inviterer hver onsdag i maj fra 19.00 - 21.00 til gratis åben spilfællesskab! Alle er velkomne til at komme og spille med. Spilfællesskabet er gratis.,Ons. 20. maj 2026,See description
Fællessang - omkring et flygel,"Oplev glæden ved at synge, udfordringen ved at lære nyt, nostalgien ved det kendte, fornøjelsen ved fællesskabet. og, og, - man kan blive ved.",Ons. 20. maj 2026,19:00
I sang: Kristkirken Kolding,"Med koncertprojektet I SANG mødes musikere, kor og publikum i en sammensmeltning af nyskabende musik og fællessang.",Ons. 20. maj 2026,19.30
Linedance / Letøvet,For dem der kender alle grundtrin og har lyst til større udfordringer.,Ons. 20. maj 2026,20.10
In the Grey,Et hemmeligt hold af eliteagenter lever i skyggerne.,Ons. 20. maj 2026,See description
Aaron Parks Little Big + Zinssou Quartet,"Småt kan være uovertruffent godt. Sådan er det med Aaron Parks Little Big, der tæller fire af de allerstørste musikere på den internationale jazzscene lige nu. Småt bliver ganske enkelt ikke meget stø.",Tor. 21. maj 2026,See description
RepairCafé Kolding,Kom og få hjælp til at reparere og på den måde forlænge dine tings levetid. Lad os sammen fixe alt fra lige fra cykler til tekstil og på den måde nedsætte forbruget.,Tor. 21. maj 2026 19:00 - 21:00,19:00
Foredrag: Modstandsbevægelsen i Kolding - Historien i 10 aktioner,"Når talen falder på Kolding under besættelsen, handler det oftest om Gestapo, der spredte frygt fra Staldgården. Men hvad med modstandsbevægelsen i Kolding?",Tor. 21. maj 2026 19:00 - 21:00,19:00
"Kvinde, kend din sommervin","Denne aften dedikeres til alle skønne kvinder, der ønsker en aften i vores selskab, hvor vi giver vores bud på året sommervine.",Tor. 21. maj 2026 19:00-21.30,19:00
Motionsgymnastik,"Har du lyst til at få rørt hele kroppen og få sved på panden, så er disse timer noget for dig. En gymnastiktime med højt humør og dejlig inspirerende musik. Men pas på, - du bliver hurtig afhængig !!!",Tor. 21. maj 2026,See description
Styrke/ryg træning,"Her styrkes alle kroppens muskler, så ryggen kan klare hverdagen. Husk måtte.",Tor. 21. maj 2026,09.30
Vandreture,"Ture ud i naturen i omegnen af Kolding med fokus på fællesskab, socialt samvær, motion og gode historier. Der er altid en pause, hvor den medbragte kaffe nydes.",Tor. 21. maj 2026,09.30
DR Romanklub - Formiddagsholdet,"DR Romanklubben er for dig, der er interesseret i ny litteratur og gerne vil diskutere den med andre.",Tor. 21. maj 2026,11.30
Stavgang,"Der kan som udgangspunkt lånes stave i IFA de første par gange. Der vil hver gang være mulighed for instruktion i stavgangsteknik, ligesom der som regel er mulighed fora t vælge hold med forskellige tempi.",Tor. 21. maj 2026,11.30
Torsdagscafe,Et liv i med- og modgang med Grundtvig i ryggen. Foredrag ved tidligere politiker og regionsrådsformand Carl Holst.,Tor. 21. maj 2026,See description
Knæ / hoftetræning,"Har du problemer med knæ og hofte, er dette hold noget for dig. Musklerne i benet har sammenhæng med. musklerne i hofte. På holdet arbejdes der med specifik styrketræning til disse muskler. I opstarten vil det.",Tor. 21. maj 2026,10.15
Let's Dance,"Ved brug af skøn musik til mange forskellige dansearter, sammen med enkelte dansetrin kommer forbrændingen i vejret og kroppen fyldes med energi - samtidig med at det er sjovt og nemt at lære- Alle kan være med - unge som ældre, mænd og kvinder, hvis bare.",Tor. 21. maj 2026,See description
In the Grey,Et hemmeligt hold af eliteagenter lever i skyggerne.,Tor. 21. maj 2026,11.30
Eleanors sandhed,"Det hjertevarme drama 'Eleanors sandhed' følger Eleanor Morgenstein, der efter et stort tab forlader Florida og flytter til New York for at begynde forfra.",Tor. 21. maj 2026,11.30
Super Mario Galaxy Filmen,Here we go. Again! Animationsfilmen 'Super Mario Galaxy Filmen' (The Super Mario Galaxy Movie) er fortsættelsen til Super Mario Bros. Filmen fra 2023 og denne gang bliver eventyret endnu større!,Tor. 21. maj 2026,See description
Gym Stick-----styrketræning,"Gymstick muliggør en effektiv træning af styrke, udholdenhed, bevægelighed og koordination. Det er muligt. at lave mange øvelser for at træne hele kroppen samt målrettet arbejde for enkelte muskelgrupper.",Tor. 21. maj 2026,12.15
Yoga,"Deltagerne på holdene giver udtryk for, at hele kroppen bliver arbejdet godt igennem i et roligt tempo, at de kommer ud i yderstillinger og bliver mere smidige.",Tor. 21. maj 2026,12.15
The Mandalorian & Grogu,"Tag med dusørjægeren Din Djarin og hans unge lærling Grogu på en ny mission i 'The Mandalorian & Grogu.'. Imperiet er faldet, men galaksen er langt fra fredelig.",Tor. 21. maj 2026,12.30
Michael,"Filmen 'Michael' skildrer en af de mest indflydelsesrige kunstnere nogensinde, Michael Jackson.",Tor. 21. maj 2026,12.45
Aftenvagt,"Floria (spillet af Leonie Benesch - mindst lige så fantastisk som i 'Lærerværelset') er en dedikeret sygeplejerske, der med urokkelig dedikation navigerer i det ubarmhjertige opskruet tempo på en kirurgisk afdeling på et hospital i Schweiz.",Tor. 21. maj 2026,13.30
Affektionsværdi,"Det norske drama 'Affektionsværdi' følger søstrene Nora (Renate Reinsve) og Agnes (Inga Ibsdotter Lilleaas), som genforenes med deres far Gustav (Stellan Skarsgård) - en førhen ganske feteret instruktør, som drømmer om det store comeback.",Tor. 21. maj 2026,14.15
De forbandede år 3 - Fredens pris,"Året er 1945. Krigen er endelig slut. Danmark er frit, men splittet. Meget har ændret sig for familien Skov. Karl og Evas ægteskab er tyndslidt, og Eva beslutter at forlade sin mand.",Tor. 21. maj 2026,14.20
Mangafællesskabet,Elsker du manga og anime?,Tor. 21. maj 2026,See description
Rockmusiksalon,"Uformelle eftermiddage, hvor man lytter til rockmusik i alle afskygninger.",Tor. 21. maj 2026,15.45
Aphaca - Brug for hinanden,"Er et nærværende og intimt portræt af fire drenge, der tager hele Danmark med storm. En film fyldt med håb og drømme midt i en larmende verden, hvor vi har brug for hinanden. En film om Aphaca.",Tor. 21. maj 2026,See description
Kolding Børnehøjskole,"På Kolding Børnehøjskole tilbyder vi kurser, hvor børn kan fordybe sig og lære noget om det, som de er sammen om. Vores mål er at gøre verden større for de mindste. Vi tror på, at selv store ting kan skabes i det små, og af de små.",Tor. 21. maj 2026,See description
Ungdomstræning for 5-18 årige,"Til vores træninger er timen delt op i 3 sektioner opvarmning/træningsøvelser/bowling & leg. Vi starter med en fælles opvarmning, for at få kroppen igang og klar til træningen.",Tor. 21. maj 2026,See description
Fællessang i Kirken,,Tor. 21. maj 2026,16.30
Begynderhold,"Som nybegynder eller let øvet, går meget af træningen ud på at indøve de helt basale teknikker som stød, parader, spark og stillinger, samt de grundlæggende japanske termer, der bruges.",Tor. 21. maj 2026,See description
Aphaca: Brug for hinanden,"Siden 8. klasse har Bertram, Bertil, Rumle og Noah har haft et band, der netop har fået en pladekontrakt.",Tor. 21. maj 2026,17.10
Tennis 5-8 årige,Udendørstræning: 1. Maj 2022 - 16. September 2022.,Tor. 21. maj 2026,17.15
Begynder brydning - 7 til 13 år,"Træningen består af leg, motorik/akrobatik, koordinationsøvelser samt bryde relaterede øvelser. Her læres at slå de mest basale brydegreb, og under træning får de også mulighed for at bryde rigtigt.",Tor. 21. maj 2026,17.30
Junior squash for alle 6-16 årige,Mangler din søn eller datter en ny sportsgren?. SÅ ER DET SQUASH! Squash er sjovt for alle aldre - squash er blandt verdens sundeste sportsgrene & squash er motion!,Tor. 21. maj 2026,17.30
Linedance / Øvet,For dem der kan alle grundtrin og lyst til større udfordringer.,Tor. 21. maj 2026,17.30
Fodbold alle torsdage kl. 18.00,"Vi er en flok gamle gutter, der spiller fodbold for sjov, vores ældste mand er 87 år -yngste 38. Vi hedder KIF Oldboys, men langt de fleste har tidligere spillet i andre klubber, flere har aldrig spillet fodbold i en klub før KIF Oldboys.",Tor. 21. maj 2026,See description
Håndbold for damer,Kræver tidligere håndbolderfaring. Fokus på det sociale og spille god håndbold. Sæsonen starter i august og kører indtil april. Sommertræning i maj og juni.,Tor. 21. maj 2026,19.45
Hold 3 (13 år +),"Vores største hold. Her er plads til både eliten, talenterne, og dem der bare gerne vil have sved på panden og lære at bryde. Teknik træningen slutte kl. 19.30 fra 19.30 til 20.00 er der Open Mat.",Tor. 21. maj 2026,18.30
Realistisk selvforsvar for alle (9+ år),Vi træner selvforsvar på mix hold tirsdage og torsdage fra kl 18:30 til 20:00 kom ned i kluben og prøv omdet er noget for dig.,Tor. 21. maj 2026,18.30
Hjem,"Filmen tager sin begyndelse i 1991, på et tidspunkt, hvor hele Balkanregionen er i opløsning.",Tor. 21. maj 2026,See description
Lill's Legestue,"En aften du ikke vil gå glip af! Den lokale komiker, hiver nogle af sine dygtigste kolleger forbi Tobbers på en aften hvor alt kan ske. Hvem du kan opleve, får du først at vide på dagen, men én ting er helt sikkert: Det bliver sjovt!",Tor. 21. maj 2026,See description
Kegler for hele familien,"De fleste har prøvet bowling eller set spillet. Man kan godt sammenligne at spille bowling med kegler. Forskellen på disse 2 spil er, at kuglen er mindre i kegler, og uden huller til fingrene.",Tor. 21. maj 2026,See description
Duel 3.0 - Fratelli Vine Vs. Vestergaard Wines,"Fratelli Kolding inviterer til næste holmgang ver. 3.0. I kælderen dyster de to passionerede sommelierer, om æren - og dine smagsløg. Begge med faglige rødder i Kolding. På den ene side:.",Tor. 21. maj 2026,See description
Det store 90'er Quiz Show,Vi skal på en tidsrejse til et af de mest farverige og uforglemmelige årtier i musikkens historie. Et årti også kendt som ?Det Glade Årti?,Tor. 21. maj 2026,19.30
Comedy med kosmonauterne - maj 2026,,Tor. 21. maj 2026,19.30
Håndbold for herrer,Fordel med tidligere håndbolderfaring. Fokus på det sociale og spille god håndbold. Sæsonen starter i august og kører indtil april. Sommertræning i maj og juni.,Tor. 21. maj 2026,19.45
Grappling and Brazilian jiu-jitsu,Grappling and BJJ for all skill levels.,Tor. 21. maj 2026,See description
Open Mic,,Tor. 21. maj 2026,21:00
Obsession,"I gyserfilmen 'Obsession' er teenageren Bear håbløst forelsket i sin barndomsven Nikki. I et desperat forsøg på at vinde hendes kærlighed får han fat i de mystiske ""One Wish Willow"" og ønsker, at Nikki vil elske ham højere end nogen anden i verden.",Tor. 21. maj 2026,21.10
Sang og spjæt med dagplejerne,"Sang og Spjæt er 30 minutters musik og sang for de mindste og foregår i Vonsild Kirke Alle dagplejere, vuggestuer og hjemmepassere i Vonsild er velkomne til at deltage.",Fre. 22. maj 2026,09.30
Før søndagen i sognegården/JLA,,Fre. 22. maj 2026,10.15
Super Mario Galaxy Filmen,Here we go. Again! Animationsfilmen 'Super Mario Galaxy Filmen' (The Super Mario Galaxy Movie) er fortsættelsen til Super Mario Bros. Filmen fra 2023 og denne gang bliver eventyret endnu større!,Fre. 22. maj 2026,11.30
The Mandalorian & Grogu,"Tag med dusørjægeren Din Djarin og hans unge lærling Grogu på en ny mission i 'The Mandalorian & Grogu.'. Imperiet er faldet, men galaksen er langt fra fredelig.",Fre. 22. maj 2026,12.30
Michael,"Filmen 'Michael' skildrer en af de mest indflydelsesrige kunstnere nogensinde, Michael Jackson.",Fre. 22. maj 2026,12.45
Kom og spil kegler hver fredag eftermiddag,"HUSK indendørssko! Hvordan spiller man kegler?. Man starter med at indtage en ""startstilling"". Denne afhænger af hvilken teknik man bruger. Kaster man med to hænder, stiller man sig med spredte ben hen over linoleumsstykket.",Fre. 22. maj 2026,See description
Aftenvagt,"Floria (spillet af Leonie Benesch - mindst lige så fantastisk som i 'Lærerværelset') er en dedikeret sygeplejerske, der med urokkelig dedikation navigerer i det ubarmhjertige opskruet tempo på en kirurgisk afdeling på et hospital i Schweiz.",Fre. 22. maj 2026,See description
Affektionsværdi,"Det norske drama 'Affektionsværdi' følger søstrene Nora (Renate Reinsve) og Agnes (Inga Ibsdotter Lilleaas), som genforenes med deres far Gustav (Stellan Skarsgård) - en førhen ganske feteret instruktør, som drømmer om det store comeback.",Fre. 22. maj 2026,See description
Eleanors sandhed,"Det hjertevarme drama 'Eleanors sandhed' følger Eleanor Morgenstein, der efter et stort tab forlader Florida og flytter til New York for at begynde forfra.",Fre. 22. maj 2026,16.20
Project Hail Mary,I science fiction-filmen 'Project Hail Mary' skal Ryan Gosling redde jordens fremtid ved hjælp af en unik portion videnskab og humor!,Fre. 22. maj 2026,15.35
Billie Eilish - Hit Me Hard and Soft: The Tour,Optaget under hendes udsolgte verdensturné bringer Billie Eilish - HIT ME HARD AND SOFT: THE TOUR (LIVE IN 3D) en nyskabende koncertoplevelse til det store lærred fra en af sin generations mest anerkendte og succesfulde kunstnere.,Fre. 22. maj 2026,15.50
Kaizen Kidz,"Holdet er tilrettelagt med en blanding af karate og fysisk aktivitet og leg, således at der hele tiden er aktivitet, og at børnene får tid til at bearbejde deres indtryk.",Fre. 22. maj 2026,17.30
"Flødebolle kursus hos Frellsen, Kolding",Imponér venner eller familie med dine egne flødebolle kreationer! Lær at fremstille 10 flødeboller hos Frellsen.,Fre. 22. maj 2026,16:00
Hjem,"Filmen tager sin begyndelse i 1991, på et tidspunkt, hvor hele Balkanregionen er i opløsning.",Fre. 22. maj 2026,16.30
The Devil Wears Prada 2,"""A sequel? For spring? Groundbreaking."". Filmen 'The Devil Wears Prada 2' er fortsættelsen til den elskede film fra 2006, The Devil Wears Prada.",Fre. 22. maj 2026,17.15
Freestyle wrestling,Training for youth/senior + 15 years. The training is for beginners and advanced wrestlers of all levels.,Fre. 22. maj 2026,17.30
Obsession,"I gyserfilmen 'Obsession' er teenageren Bear håbløst forelsket i sin barndomsven Nikki. I et desperat forsøg på at vinde hendes kærlighed får han fat i de mystiske ""One Wish Willow"" og ønsker, at Nikki vil elske ham højere end nogen anden i verden.",Fre. 22. maj 2026,18.50
De Forbandede År 3 - Fredens pris - Dk. tekster,"Året er 1945. Krigen er endelig slut. Danmark er frit, men splittet. Meget har ændret sig for familien Skov, Karl og Evas ægteskab er tyndslidt, og Eva beslutter at forlade sin mand.",Fre. 22. maj 2026,See description
Det store 90'er Quiz Show,Vi skal på en tidsrejse til et af de mest farverige og uforglemmelige årtier i musikkens historie. Et årti også kendt som ?Det Glade Årti?,Fre. 22. maj 2026,19.30
Koncert med Gosia og Karin,"Gosia Vind synger salmer, opera og musicals sammen med organisten i Tyrstrup Kirke, Karin Mølbak. Fri entre.",Fre. 22. maj 2026,19.30
Passenger,"Pas på, hvem du samler op. I gyserfilmen 'Passenger' er det unge par Tyler og Maddie på roadtrip, da de bliver vidner til en voldsom bilulykke.",Fre. 22. maj 2026,21.15
Vandretur på Kongeåstien,"Kongeåens Vandrefællesskab og Bevæg dig for livet inviterer på vandretur. Turen er let krævende idet der ikke er belægning på stien, tag godt fodtøj på og påklædning efter vejret. Tilmelding er gratis og skal ske her: shopkolding.dk/vandretur.",Lør. 23. maj 2026 10:00-13:30,10:00
Guidet tur i Christiansfeld - Verdensarv i særklasse,Velkommen til UNESCO-byen Christiansfeld - en by med en enestående historie. Tag med os på en historisk byvandring gennem de smukke gader i Christiansfeld. Vores guide fortæller dig historier om Brødremenigheden og byens historie - fra grundlæggelsen og.,Lør. 23. maj 2026 13:30 - 15:00,13:30
Guidet tur: De Dødes By - Historier fra Kolding Gamle Kirkegård,"Under gravstenene på Gamle Kirkegård hviler mange af de mennesker, der har været med til at skabe det Kolding, vi går rundt i i dag. De fortæller om, hvordan Kolding gik fra købstad til industriby.",Lør. 23. maj 2026 14:00 - 15:30,14:00
Havfrueaften,"Oplev en inspirerende aften for kvinder, med hygge og forkælelse i en afslappet atmosfære.",Lør. 23. maj 2026 19:00 - 23:00,19:00
Håndbold for børn (2-5 årige),"Motorik baner, boldmassage og meget mere. Aktiviteterne gennemføres sammen med en forældre/voksen. Sørg for at børnene har noget ordentligt fodtøj og tøj de kan bevæge sig i. Sæsonen starter i august/september og slutter i april/maj.",Lør. 23. maj 2026,See description
Ustoppelig,"Filmen vises med dansk tale. 'Ustoppelig' er en actionfyldt animationsfilm med de mindste helte, du nogensinde har set. Kaja er en ustoppelig lille celle, der bor i nyrerne på tiårige Erik.",Lør. 23. maj 2026,See description
Fårbrydelsen,"I denne finurlige og nyskabende krimihistorie er George (Hugh Jackman) en fårehyrde, der hver aften læser detektivromaner højt for sine elskede får - overbevist om, at de umuligt kan forstå dem.",Lør. 23. maj 2026,12.15
Løbetræning,Vi løber mandag og onsdag klokken 17 samt lørdag klokken 10 fra Bøgelund (i sommerhalvåret starter den lange tur på +16km kl. 09.00). Hvor holder vi til? Bramdrup Skovvej 40. Kom i god tid - vi starter præcis.,Lør. 23. maj 2026,See description
Kvinder / Mandfolk på MTB,Mountainbike for alle - Fokus på stier og fællesskab. Har du lyst til at komme ud i den friske luft på din mountainbike uden at bekymre dig om svære tekniske spor og stejle skrænter?,Lør. 23. maj 2026,See description
Minikrea,Kreativ hygge for børnefamilier.,Lør. 23. maj 2026,See description
Super Mario Galaxy Filmen,Here we go. Again! Animationsfilmen 'Super Mario Galaxy Filmen' (The Super Mario Galaxy Movie) er fortsættelsen til Super Mario Bros. Filmen fra 2023 og denne gang bliver eventyret endnu større!,Lør. 23. maj 2026,14.10
The Mandalorian & Grogu,"Tag med dusørjægeren Din Djarin og hans unge lærling Grogu på en ny mission i 'The Mandalorian & Grogu.'. Imperiet er faldet, men galaksen er langt fra fredelig.",Lør. 23. maj 2026,12.30
Affektionsværdi,"Det norske drama 'Affektionsværdi' følger søstrene Nora (Renate Reinsve) og Agnes (Inga Ibsdotter Lilleaas), som genforenes med deres far Gustav (Stellan Skarsgård) - en førhen ganske feteret instruktør, som drømmer om det store comeback.",Lør. 23. maj 2026,10.15
Eleanors sandhed,"Det hjertevarme drama 'Eleanors sandhed' følger Eleanor Morgenstein, der efter et stort tab forlader Florida og flytter til New York for at begynde forfra.",Lør. 23. maj 2026,10.30
Michael,"Filmen 'Michael' skildrer en af de mest indflydelsesrige kunstnere nogensinde, Michael Jackson.",Lør. 23. maj 2026,13.50
Værn,"Sydsverige i begyndelsen af 70'erne. Den kolde krig er allestedsnærværende. Påvirket af de stærke billeder i brochuren 'Hvis krigen kommer', begynder landarbejderen og eneboeren Karl-Göran Persson at sikre sit hus.",Lør. 23. maj 2026,See description
Strong Ale,,Lør. 23. maj 2026,13:00
Hjem,"Filmen tager sin begyndelse i 1991, på et tidspunkt, hvor hele Balkanregionen er i opløsning.",Lør. 23. maj 2026,13.15
Rundvisning - Harteværket,"Oplev historien for opførelsen af Danmarks første vandkraftværk, som blev indviet i 1920. En utrolig spændende historie, som også i fremtiden vil have en vigtig rolle for Kolding i forbindelse med de klimatilpasninger, som er forberedt på Harteværket.",Lør. 23. maj 2026,See description
Harry Potter og dødsregalierne - del 1,,Lør. 23. maj 2026,See description
The Devil Wears Prada 2,"""A sequel? For spring? Groundbreaking."". Filmen 'The Devil Wears Prada 2' er fortsættelsen til den elskede film fra 2006, The Devil Wears Prada.",Lør. 23. maj 2026,15.50
De Forbandede År 3 - Fredens pris - Dk. tekster,"Året er 1945. Krigen er endelig slut. Danmark er frit, men splittet. Meget har ændret sig for familien Skov, Karl og Evas ægteskab er tyndslidt, og Eva beslutter at forlade sin mand.",Lør. 23. maj 2026,See description
In the Grey,Et hemmeligt hold af eliteagenter lever i skyggerne.,Lør. 23. maj 2026,16.20
Mark le Fevre - Det fejler ik' en skid,"""Det Fejler Ik' En Skid"" ""Det her show er mit hjertebarn og noget, jeg glæder mig uhyggeligt meget til at lave. Showet tager udgangspunkt i hverdagens små og store bump.",Lør. 23. maj 2026,See description
Drishyam 3,English Subtitles. No refund on tickets. Billetter til denne forestilling kan ikke refunderes. Drishyam 3 is an upcoming Indian Malayalam-language crime thriller film written and directed by Jeethu Joseph.,Lør. 23. maj 2026,See description
Aphaca - Brug for hinanden,"Er et nærværende og intimt portræt af fire drenge, der tager hele Danmark med storm. En film fyldt med håb og drømme midt i en larmende verden, hvor vi har brug for hinanden. En film om Aphaca.",Lør. 23. maj 2026,See description
Caktus + DIYana (support),"Caktus, med saxofonist og komponist Maria Dybbroe i front, bevæger sig i et spændingsfelt mellem det finstemte og det kraftfulde.",Lør. 23. maj 2026,See description
Hannah Aldridge & Lachlan Bryan,"Intim duo-turné i Europa: Oplev Hannah Aldridge og Lachlan Bryan helt tæt på, når de indtager scenen som duo med stemmer, guitar og klaver.",Lør. 23. maj 2026,See description
Passenger,"Pas på, hvem du samler op. I gyserfilmen 'Passenger' er det unge par Tyler og Maddie på roadtrip, da de bliver vidner til en voldsom bilulykke.",Lør. 23. maj 2026,21.15
Jesper Gade,,Lør. 23. maj 2026,22:00
Med Gestapo i hælene - Dramatiseret guidet tur,Pas på du ikke bliver opdaget af Gestapo! Vores to guider - i karakter som modstandsfolkene Gerda og Jørgen - tager dig med tilbage til tiden under 2. Verdenskrig på en dramatiseret guidet tur i Kolding.,Søn. 24. maj 2026 10:30 - 12:00,10:30
Guidet tur i Christiansfeld - Verdensarv i særklasse,Velkommen til UNESCO-byen Christiansfeld - en by med en enestående historie. Tag med os på en historisk byvandring gennem de smukke gader i Christiansfeld. Vores guide fortæller dig historier om Brødremenigheden og byens historie - fra grundlæggelsen og.,Søn. 24. maj 2026 13:30 - 15:00,13:30
Gobelinkoncert med Novo Quartet,"Kom med til en sanselig aften, når den anmelderroste Novo Quartet fortolker udstillingen Vævede mesterværker og spiller klassiske stykker, der tager dig med på en musikalsk tidsvandring.",Søn. 24. maj 2026 18:00-19:00,18:00
Gudstjeneste: Pinsedag,,Søn. 24. maj 2026,See description
Morgensanggudstjeneste Ødis,Velkommen til morgensang-gudstjeneste på pinsedag. Bagefter tager vi cyklen eller bilen videre til Stepping kirke til gudstjeneste kl. 10.30 og grill udenfor kirken bagefter.,Søn. 24. maj 2026,09.30
Gudstjeneste i Hjarup Kirke,,Søn. 24. maj 2026,See description
Gudstjeneste,,Søn. 24. maj 2026,See description
Fårbrydelsen,"I denne finurlige og nyskabende krimihistorie er George (Hugh Jackman) en fårehyrde, der hver aften læser detektivromaner højt for sine elskede får - overbevist om, at de umuligt kan forstå dem.",Søn. 24. maj 2026,See description
Ustoppelig,"Filmen vises med dansk tale. 'Ustoppelig' er en actionfyldt animationsfilm med de mindste helte, du nogensinde har set. Kaja er en ustoppelig lille celle, der bor i nyrerne på tiårige Erik.",Søn. 24. maj 2026,See description
Gratis squash,"Kom og prøv squash i Kolding KFUM Squash - helt uforpligtende! Har du lyst til at prøve kræfter med squash - alene eller sammen med andre?. Så kig forbi Kolding KFUM Squash hver søndag kl. 10:00-11:30 og prøv en sjov, svedig og social sport!",Søn. 24. maj 2026,See description
Super Mario Galaxy Filmen,Here we go. Again! Animationsfilmen 'Super Mario Galaxy Filmen' (The Super Mario Galaxy Movie) er fortsættelsen til Super Mario Bros. Filmen fra 2023 og denne gang bliver eventyret endnu større!,Søn. 24. maj 2026,14.10
The Mandalorian & Grogu,"Tag med dusørjægeren Din Djarin og hans unge lærling Grogu på en ny mission i 'The Mandalorian & Grogu.'. Imperiet er faldet, men galaksen er langt fra fredelig.",Søn. 24. maj 2026,12.30
Pinsedag - Gudstjeneste ved Peter Noer,,Søn. 24. maj 2026,10.30
Gudstjeneste og efterfølgende indskrivning for nye konfirmander,,Søn. 24. maj 2026,10.30
Gudstjeneste - Løftet om en anden talsmand,,Søn. 24. maj 2026,10.30
Gudstjeneste i Vamdrup Kirke,,Søn. 24. maj 2026,10.30
Tyrstrup gudstjeneste (pinsedag),Gudstjeneste v/Annette Wiuf Christensen.,Søn. 24. maj 2026,10.30
Gudstjeneste: Hele verden fejrer Pinse i Dalby,Med læsninger på alverdens sprog. Der er efterfølgende kirkecafé i sognehuset.,Søn. 24. maj 2026,10.30
Højmesse ved Kristina Nilsson,,Søn. 24. maj 2026,10.30
Friluftsgudstjeneste,På Jordrup Kirkegård. Kaj Boisen spiller trompet. Spejderne medvirker og sælger kaffe/kage efter gudstjenesten.,Søn. 24. maj 2026,10.30
Gudstjeneste Seest MB,,Søn. 24. maj 2026,10.30
Festgudstjeneste i forbindelse med Pinsedag for begge menigheder v/ Michael Markussen,,Søn. 24. maj 2026,10.30
Pinse-gudstjeneste,,Søn. 24. maj 2026,10.30
Højmesse ved Ole Engberg,,Søn. 24. maj 2026,10.30
Michael,"Filmen 'Michael' skildrer en af de mest indflydelsesrige kunstnere nogensinde, Michael Jackson.",Søn. 24. maj 2026,10.30
Eleanors sandhed,"Det hjertevarme drama 'Eleanors sandhed' følger Eleanor Morgenstein, der efter et stort tab forlader Florida og flytter til New York for at begynde forfra.",Søn. 24. maj 2026,18.45
The Devil Wears Prada 2,"""A sequel? For spring? Groundbreaking."". Filmen 'The Devil Wears Prada 2' er fortsættelsen til den elskede film fra 2006, The Devil Wears Prada.",Søn. 24. maj 2026,13.15
Kreamarked i Pinsen,"Kom til KREAMARKED i Pinsen, søndag d. 24. maj 2026 kl. 12.00-17.00. Adresse: Lyshøj Torvet (Lyshøj Allé 2-8, Kolding Ø) - udendørs. Arrangør: Smilet Is (www.smilet-is.dk). Gratis entré.",Søn. 24. maj 2026,See description
Rundvisning - Mikkel Thomsen,"Idet rundvisningen foregår både udendørs og indendørs, anmoder vi om, at du er påklædt efter vejret. Venligst kom 10 min. før rundvisningen starter. Vi har P-pladser tæt på Harteværket. Varighed: 1,5 time. Arrangør: Harteværket.",Søn. 24. maj 2026,See description
Aftenvagt,"Floria (spillet af Leonie Benesch - mindst lige så fantastisk som i 'Lærerværelset') er en dedikeret sygeplejerske, der med urokkelig dedikation navigerer i det ubarmhjertige opskruet tempo på en kirurgisk afdeling på et hospital i Schweiz.",Søn. 24. maj 2026,13.30
Affektionsværdi,"Det norske drama 'Affektionsværdi' følger søstrene Nora (Renate Reinsve) og Agnes (Inga Ibsdotter Lilleaas), som genforenes med deres far Gustav (Stellan Skarsgård) - en førhen ganske feteret instruktør, som drømmer om det store comeback.",Søn. 24. maj 2026,13.50
De Forbandede År 3 - Fredens pris - Dk. tekster,"Året er 1945. Krigen er endelig slut. Danmark er frit, men splittet. Meget har ændret sig for familien Skov, Karl og Evas ægteskab er tyndslidt, og Eva beslutter at forlade sin mand.",Søn. 24. maj 2026,See description
Billie Eilish - Hit Me Hard and Soft: The Tour,Optaget under hendes udsolgte verdensturné bringer Billie Eilish - HIT ME HARD AND SOFT: THE TOUR (LIVE IN 3D) en nyskabende koncertoplevelse til det store lærred fra en af sin generations mest anerkendte og succesfulde kunstnere.,Søn. 24. maj 2026,18.40
Hjem,"Filmen tager sin begyndelse i 1991, på et tidspunkt, hvor hele Balkanregionen er i opløsning.",Søn. 24. maj 2026,See description
In the Grey,Et hemmeligt hold af eliteagenter lever i skyggerne.,Søn. 24. maj 2026,21.15
Knuds Garage International Pubquiz,English Pubquiz at Knuds Garage Come to a pub quiz in a cozy setting with 20 questions.,Man. 25. maj 2026 20:30 - 22:30,20:30
Tennis for 60+'ere,Træning for 60+'ere - alle kan være med. Kom og oplev glæderne og sammenholdet ved at træne og spille tennis med jævnaldrende!,Man. 25. maj 2026,See description
Pinsevandring fra Nr. Bjert Kirke til Eltang Kirke,"Vandring, gudstjeneste og frokost I det dejlige forårsvejr vandrer vi fra Nr. Bjert Kirke til Eltang Kirke kl. 9.00. Kl. 10.30 er der gudstjeneste i Eltang Kirke ved Henrik Johannessen og Kristina Nilsson.",Man. 25. maj 2026,12.30
Krolfspil for senior,"Krolf er et rigtig hyggelig spil, hvor alle kan deltage. Det er en blanding af golf og kroket. Praktisk påklædning efter vejret, gerne kraftige sko eller i regnvejr gummistøvler.",Man. 25. maj 2026,09.30
Krolf for alle - formiddag,"Man træner 2-3 runder. Man får gode fællesskaber, hyggeligt socialt samvær, venskaber for alle aldre. Varmt tøj til tider. Mandag klokken 9:30 og onsdag klokken 18:30. Kontingent 250 kr. Sæsonen starter 1 maj og slutter 30 september.",Man. 25. maj 2026,09.30
Ustoppelig,"Filmen vises med dansk tale. 'Ustoppelig' er en actionfyldt animationsfilm med de mindste helte, du nogensinde har set. Kaja er en ustoppelig lille celle, der bor i nyrerne på tiårige Erik.",Man. 25. maj 2026,See description
The Devil Wears Prada 2,"""A sequel? For spring? Groundbreaking."". Filmen 'The Devil Wears Prada 2' er fortsættelsen til den elskede film fra 2006, The Devil Wears Prada.",Man. 25. maj 2026,12.30
The Mandalorian & Grogu,"Tag med dusørjægeren Din Djarin og hans unge lærling Grogu på en ny mission i 'The Mandalorian & Grogu.'. Imperiet er faldet, men galaksen er langt fra fredelig.",Man. 25. maj 2026,12.30
Eleanors sandhed,"Det hjertevarme drama 'Eleanors sandhed' følger Eleanor Morgenstein, der efter et stort tab forlader Florida og flytter til New York for at begynde forfra.",Man. 25. maj 2026,10.10
Super Mario Galaxy Filmen,Here we go. Again! Animationsfilmen 'Super Mario Galaxy Filmen' (The Super Mario Galaxy Movie) er fortsættelsen til Super Mario Bros. Filmen fra 2023 og denne gang bliver eventyret endnu større!,Man. 25. maj 2026,10.15
"Gudstjeneste: Pinse for børn, skattejagt og frokost",,Man. 25. maj 2026,10.30
Gudstjeneste: Anden pinsedag - Livets brød,,Man. 25. maj 2026,10.30
2. Pinsedags Gudstjeneste med afslutning af minikonfirmander v/ Michael Markussen,Efter gudstjenesten bydes der på kaffe og te i kirkens lokaler.,Man. 25. maj 2026,10.30
Michael,"Filmen 'Michael' skildrer en af de mest indflydelsesrige kunstnere nogensinde, Michael Jackson.",Man. 25. maj 2026,10.45
Fårbrydelsen,"I denne finurlige og nyskabende krimihistorie er George (Hugh Jackman) en fårehyrde, der hver aften læser detektivromaner højt for sine elskede får - overbevist om, at de umuligt kan forstå dem.",Man. 25. maj 2026,See description
Deltag i turneringer. Få åbningskendskab,Deltagelse i klubturneringen. Deltagelse i holdturneringen mod spillere fra andre klubber. Teori og åbningskendskab.,Man. 25. maj 2026,See description
Fodboldkamp Betinia LIGA - Oprykningsspil 2025/26 - Kolding IF mod Hillerød Fodbold,,Man. 25. maj 2026,See description
Gudstjeneste: 2. pinsedag - gudstj. på Skamlingsbanken,Fælles i provstiet.,Man. 25. maj 2026,See description
"Skamlingsbanken, Friluftsgudstjeneste for Kolding Provsti",,Man. 25. maj 2026,See description
Friluftsgudstjeneste på Skamlingsbanken - Kolding Provsti,,Man. 25. maj 2026,See description
Friluftsgudstjeneste på Skamlingsbanken. Fællesgudstjeneste for Kolding Provsti,,Man. 25. maj 2026,See description
Fælles pinsegudstjeneste på Skamlingsbanken,,Man. 25. maj 2026,See description
Friluftsgudstjeneste på Skamlingsbanken,Fælles for Kolding Provsti - derfor ingen gudstjeneste i Dalby Kirke.,Man. 25. maj 2026,See description
Provstiets friluftsgudstjeneste på Skamlingsbanken,,Man. 25. maj 2026,15.30
Affektionsværdi,"Det norske drama 'Affektionsværdi' følger søstrene Nora (Renate Reinsve) og Agnes (Inga Ibsdotter Lilleaas), som genforenes med deres far Gustav (Stellan Skarsgård) - en førhen ganske feteret instruktør, som drømmer om det store comeback.",Man. 25. maj 2026,14.30
Hjem,"Filmen tager sin begyndelse i 1991, på et tidspunkt, hvor hele Balkanregionen er i opløsning.",Man. 25. maj 2026,14.55
Motionsdamer,Traditionel motionsgymnastik for damer. Alle kan deltage uanset alder og skavanker.,Man. 25. maj 2026,15.20
Linedance / Absolut Begynder,For dem der aldrig har prøvet linedance før.,Man. 25. maj 2026,17.55
Floorball U9-U11,"Husk indendørssko og gerne sportstøj, vi sørger for resten :-).",Man. 25. maj 2026,18.30
Løbetræning,"Vi løber mandag og onsdag klokken 17 samt lørdag klokken 10 fra Bøgelund, Bramdrup. Skovvej 40. Kom i god tid - vi starter præcis. Du kan deltage 3-4 gange før du melder dig ind i klubben. Lavt kontingent - 300 kroner for et kalenderår.",Man. 25. maj 2026,18.30
Gå-/Løbe-fællesskab,"Gå- & løbe-fællesskab, hvor minimum en frivillig fra HG&IF deltager på holdene. Så har du svært ved at komme afsted selv, så kom og vær med. Det forpligtiger lidt mere når man ved andre venter :-). Der er 3 niveauer: 1) Gå-holdet.",Man. 25. maj 2026,17.15
Mortal Kombat II,"De populære fanfavoritter - nu med selveste Johnny Cage på holdet - står over for hinanden i det ultimative opgør for at nedkæmpe Shao Kahns mørke herredømme, der truer selve Jordrigets eksistens og dets beskyttere.",Man. 25. maj 2026,17.20
Top Gun 40th Anniversary,"""Talk to me, Goose"". Genoplev den elskede actionklassiker 'Top Gun' på det store lærred i anledning af filmens 40-års jubilæum.",Man. 25. maj 2026,17.30
Linedance / Begynder,For dem der kender lidt til grundtrin.,Man. 25. maj 2026,18.05
Mma - for alle,"Muay Thai og MMA træning for nye og erfarende udøvere. Holdet giver plads til at nørde basis-teknik, udvikle skills og skabe flow - uanset om du er helt ny eller allerede træner fast.",Man. 25. maj 2026,18.30
Aftenvagt,"Floria (spillet af Leonie Benesch - mindst lige så fantastisk som i 'Lærerværelset') er en dedikeret sygeplejerske, der med urokkelig dedikation navigerer i det ubarmhjertige opskruet tempo på en kirurgisk afdeling på et hospital i Schweiz.",Man. 25. maj 2026,See description
Motionsherrer,Traditionel motionsgymnastik for herrer. Alle kan deltage uanset alder og skavanker. Holdet er meget socialt og har et godt sammenhold.,Man. 25. maj 2026,See description
Kom og spil kegler - hver mandag aften (55+ år),"HUSK indendørssko! Hvordan spiller man kegler?. Man starter med at indtage en ""startstilling"". Denne afhænger af hvilken teknik man bruger. Kaster man med to hænder, stiller man sig med spredte ben hen over linoleumsstykket.",Man. 25. maj 2026,See description
Linedance / Begynder +,For dem der kender de fleste grundtrin.,Man. 25. maj 2026,19.10
Rytme Quinder,Moderne rytmegymnastik. Sæsonen afsluttes med ca. 3 opvisninger.,Man. 25. maj 2026,19.15
Mixhold voksen,"Fælles opvarmning hvor alle kan være med, øvelser og afslutter ofte med kamp. God stemning og fokus på at der er plads til alle.",Man. 25. maj 2026,19.15
Linedance / Let øvet,For dem der kan alle grundtrin og lyst til større udfordringer.,Man. 25. maj 2026,20.10
Obsession,"I gyserfilmen 'Obsession' er teenageren Bear håbløst forelsket i sin barndomsven Nikki. I et desperat forsøg på at vinde hendes kærlighed får han fat i de mystiske ""One Wish Willow"" og ønsker, at Nikki vil elske ham højere end nogen anden i verden.",Man. 25. maj 2026,21.10
Yoga under åben himmel 2026,Bevæg dig for livet inviterer traditionen tro til Yoga under åben himmel - Ganske gratis!,Tir. 26. maj 2026 16.30-18.00,16.30
"Hvad betyder det for det gode liv, at vi kommer ud i naturen?","Foredraget er en del af Sundhedsdage Kolding. Bliv klogere på, hvordan naturen kan give ro, energi og overskud, og hvordan du kan bruge den i din hverdag. Læs mere og tilmelding dig på www.kolding.dk/sundhedsdage.",Tir. 26. maj 2026 17:00 - 19:00,17:00
Motionsgymnastik,"Har du lyst til at få rørt hele kroppen og få sved på panden, så er disse timer noget for dig. En gymnastiktime med højt humør og dejlig inspirerende musik. Men pas på, - du bliver hurtig afhængig !!!",Tir. 26. maj 2026,See description
Bodybike,Fuld fart på pedalerne og gang i svedproduktionen. HUSK vand og spinningsko. Her er konditionstræning for alle pengene.,Tir. 26. maj 2026,09.30
Børnebiffen - Filmpakke 5 - Fra 3 år,"Safari Europa - Mus. Instruktør: Adam Schmedes. Mus sætter pris på en god hule. Den skal være varm og hyggelig. Gerne med udsigt, og der skal være rigeligt med mad, også til vinteren. Så de samler forråd - nødder og bær.",Tir. 26. maj 2026,See description
Styrke/ryg træning,"Her styrkes alle kroppens muskler, så ryggen kan klare hverdagen. Husk måtte til gulvøvelser.",Tir. 26. maj 2026,See description
Intervaltræning,"Med et antal trænings skift, veksler man mellem øvelser for både styrke og kondition. Inden for kort tid opnår man stor effekt. Der er fuld fart på, og man får virkelig sved på panden og pulsen op. Så kom og prøv.",Tir. 26. maj 2026,See description
Vandgymnastik,"Træning i vand til god musik. Vi træner kroppens center, med fokus på ryg og mave, og bruger vandets modstand til at styrke alle kroppens muskler.",Tir. 26. maj 2026,See description
Eleanors sandhed,"Det hjertevarme drama 'Eleanors sandhed' følger Eleanor Morgenstein, der efter et stort tab forlader Florida og flytter til New York for at begynde forfra.",Tir. 26. maj 2026,11.30
The Mandalorian & Grogu,"Tag med dusørjægeren Din Djarin og hans unge lærling Grogu på en ny mission i 'The Mandalorian & Grogu.'. Imperiet er faldet, men galaksen er langt fra fredelig.",Tir. 26. maj 2026,12.30
Kom og spil kegler (For alle niveauer - 55+ år),"HUSK indendørssko! Hvordan spiller man kegler?. Man starter med at indtage en ""startstilling"". Denne afhænger af hvilken teknik man bruger. Kaster man med to hænder, stiller man sig med spredte ben hen over linoleumsstykket.",Tir. 26. maj 2026,See description
Hjem,"Filmen tager sin begyndelse i 1991, på et tidspunkt, hvor hele Balkanregionen er i opløsning.",Tir. 26. maj 2026,14.30
Gudstjeneste med nadver,,Tir. 26. maj 2026,14.30
In the Grey,Et hemmeligt hold af eliteagenter lever i skyggerne.,Tir. 26. maj 2026,21.10
The Devil Wears Prada 2,"""A sequel? For spring? Groundbreaking."". Filmen 'The Devil Wears Prada 2' er fortsættelsen til den elskede film fra 2006, The Devil Wears Prada.",Tir. 26. maj 2026,15.30
Værn,"Sydsverige i begyndelsen af 70'erne. Den kolde krig er allestedsnærværende. Påvirket af de stærke billeder i brochuren 'Hvis krigen kommer', begynder landarbejderen og eneboeren Karl-Göran Persson at sikre sit hus.",Tir. 26. maj 2026,See description
Affektionsværdi,Joachim Triers nyeste film vandt Grand Prix i Cannes og har nu slået nordisk rekord med hele 9 Oscar-nomineringer!,Tir. 26. maj 2026,16.30
Bowling for ungdom (5-18 år),"Til vores træninger er timen delt op i 3 sektioner opvarmning/træningsøvelser/bowling & leg. Vi starter med en fælles opvarmning, for at få kroppen igang og klar til træningen.",Tir. 26. maj 2026,16.30
Ninja kids - 4 til 7 år,"Er for børn i alderen 4 til ca. 7 år. Her bliver hovedsageligt trænet motorik, leget og ""tumlet"" på madrassen og der sluttes altid af med at ""bryde/slås for sjov"".",Tir. 26. maj 2026,16.30
Gudstjeneste: Gud og Pizza,Korenes sommerafslutning. Fællesspisning i konfirmandstuen.,Tir. 26. maj 2026,See description
Chainmail Jewelry workshop,We welcome you to a friendly and creative session where you can learn the art of chainmail jewelry making. This workshop is suitable for complete beginners and for anyone curious about metal weaving techniques and handmade jewelry.,Tir. 26. maj 2026,See description
Begynderhold,"Som nybegynder eller let øvet, går meget af træningen ud på at indøve de helt basale teknikker som stød, parader, spark og stillinger, samt de grundlæggende japanske termer, der bruges.",Tir. 26. maj 2026,See description
Lytteklubben Musik uden grænser,"En rocklytteklub, hvor man graver god musik frem for hinanden og i fællesskab lytter koncentreret.",Tir. 26. maj 2026,See description
Tennistræning for seniorer,"Niveau Beskrivelse. 1 Begynder. Har ikke tidligere modtaget træning og spillere som har spillet 1-2 sæsoner. Ønsker at lære de grundlæggende principper og teknik, og møde andre nystartede. 2 Let øvet.",Tir. 26. maj 2026,See description
Prøv squash med koldings bedste,"Om tirsdagen er der altid fælles træning, og der er mulighed for at komme forbi og prøve det.",Tir. 26. maj 2026,See description
Tennis 5-8 årige,Udendørstræning: 1. Maj 2022 - 16. September 2022.,Tir. 26. maj 2026,17.15
Aphaca: Brug for hinanden,"Siden 8. klasse har Bertram, Bertil, Rumle og Noah har haft et band, der netop har fået en pladekontrakt.",Tir. 26. maj 2026,17.20
Begynder brydning - 7 til 13 år,"Træningen består af kampleg, akrobatik, koordinationsøvelser samt bryde relaterede øvelser. Her læres at slå de mest basale brydegreb, og under træning får de også mulighed for at bryde rigtigt.",Tir. 26. maj 2026,17.30
Fodbold alle tirsdage kl. 18.00,"Vi er en flok gamle gutter, der spiller fodbold for sjov, vores ældste mand er 87 år -yngste 38. Vi hedder KIF Oldboys, men langt de fleste har tidligere spillet i andre klubber, flere har aldrig spillet fodbold i en klub før KIF Oldboys.",Tir. 26. maj 2026,See description
Håndbold for herrer,Fordel med tidligere håndbolderfaring. Fokus på det sociale og spille god håndbold. Sæsonen starter i august og kører indtil april. Sommertræning i maj og juni.,Tir. 26. maj 2026,19.45
Oplev Hylkedalen,"Hør om klimaprojektet i Hylkedalen og de forbedringer for den meget sjældne birkemus, som projektet har medført. Ruten er ca. 3 km. og kræver gode ben. Arrrangeret af Soroptimist Kolding og Bluekolding. Betaling går ubeskåret til skolemad i Burkina Faso.",Tir. 26. maj 2026,18:30
Michael,"Filmen 'Michael' skildrer en af de mest indflydelsesrige kunstnere nogensinde, Michael Jackson.",Tir. 26. maj 2026,18.20
Hold 3 (13 år +),"Vores største hold. Her er plads til både eliten, talenterne, og dem der bare gerne vil have sved på panden og lære at bryde. Teknik træningen slutte kl. 19.30 fra 19.30 til 20.00 er der Open Mat.",Tir. 26. maj 2026,18.30
Krolf for alle - aften,"Til træning der spiller vi 2-3 runder, vi har i alt 4 forskellige baner man kan komme og prøve. Det man får ud af det er: at møde nye mennesker, hyggeligt socialt samvær, venskaber for alle aldersgrupper. Man skal huske varmt tøj til tider.",Tir. 26. maj 2026,18.30
Kegler for hele familien,"De fleste har prøvet bowling eller set spillet. Man kan godt sammenligne at spille bowling med kegler. Forskellen på disse 2 spil er, at kuglen er mindre i kegler, og uden huller til fingrene.",Tir. 26. maj 2026,See description
Seniortræning,"Til vores bowlingtræninger er den sociale hygge i højsædet. Alle fra begyndere til øvede kan være med, og der mulighed for træningsøvelser eller en dyst mod andre bowlingspillere fra klubben.",Tir. 26. maj 2026,19.15
Håndbold for damer,Kræver tidligere håndbolderfaring. Fokus på det sociale og spille god håndbold. Sæsonen starter i august og kører indtil april. Sommertræning i maj og juni.,Tir. 26. maj 2026,19.45
Grappling og Brazilian jiu-jitsu,Grappling og BJJ for alle niveauer.,Tir. 26. maj 2026,See description
Pub Quiz,,Tir. 26. maj 2026,20:00
Sommerkoncert med MGK-Syd,"Tirsdag den 26. maj kl. 20.00 inviterer MGK-Syd til en stemningsfuld aften på Godset i Kolding, hvor de rytmiske sammenspilshold indtager scenen med musik, energi og masser af personlighed.",Tir. 26. maj 2026,20:00
Guidet tur i Christiansfeld - Verdensarv i særklasse,Velkommen til UNESCO-byen Christiansfeld - en by med en enestående historie. Tag med os på en historisk byvandring gennem de smukke gader i Christiansfeld. Vores guide fortæller dig historier om Brødremenigheden og byens historie - fra grundlæggelsen og.,Ons. 27. maj 2026 13:30 - 15:00,13:30
Pubquiz På Knuds garage,"Hver Onsdag kl 20, kan du komme på Knuds Garage og få din paratviden udfordret.",Ons. 27. maj 2026 20:00 - 23:00,20:00
Pickleball,"Er en ketsjersport, der spilles med en let bold og et paddle (hårdt bat). Pickleball spilles på en bane i badmintonstørrelse, med tennis-lignende net. Der er elementer fra andre ketsjer/ bat spil - som tennis, squash, badminton og bordtennis.",Ons. 27. maj 2026,See description
Motionsgymnastik i Arena Syd VAMDRUP,"Har du lyst til at få rørt hele kroppen og få sved på panden, så er disse timer noget for dig. En gymnastiktime med højt humør og dejlig inspirerende musik. Men pas på, - du bliver hurtig afhængig !!!",Ons. 27. maj 2026,See description
Vandgymnastik,"Træning i vand til god musik. Vi træner kroppens center, med fokus på ryg og mave, og bruger vandets modstand til at styrke alle kroppens muskler.",Ons. 27. maj 2026,See description
Børnebiffen - Filmpakke 5 - Fra 5 år,"Sallies historier - Min onkel og min onkels nye hund. Instruktør: Peter Hausner, Søren Tomas. Onkel tuller rundt alene og keder sig. En dag anskaffer han sig en hund. Onkel har købt hundekurv, hundehalsbånd og en skål til hundemaden.",Ons. 27. maj 2026,See description
Babytræf ved Sundhedsplejen,Sundhedsplejen inviterer alle forældre med børn under 1 år til Babytræf. Onsdage i ulige uger taler vi om barnets kost og onsdage i lige uger taler vi om barnets søvn. Arrangementet starter præcis klokken 10.,Ons. 27. maj 2026,See description
Petanque,"Kolding KFUM Senioridræt er er forening for senior der kan være aktive om dagen. Alle kan deltage og der lægges stor vægt på det sociale, så der er altid kaffepause. Der er kugle at spille med, så sørg for påklædning der passer til vejret.",Ons. 27. maj 2026,See description
Krolf,"Vi spiller krolf fra april til og med juni måned og igen fra august til oktober. Der er køller og bolde til udlån - og vi opfordrer ALLE der har lyst, til at komme og prøve.",Ons. 27. maj 2026,See description
Let's dance i arena syd vamdrup,"Ved brug af den skønne musik sammen med enkelte dansetrin kommer forbrændingen i vejret og kroppen fyldes med energi - samtidig med at det er sjovt og nemt at lære- Alle kan være med - unge som ældre, mænd og kvinder.",Ons. 27. maj 2026,10.15
Funktionel / balancetræning,"Funktionel træning fokuserer på naturlige bevægelser, som den menneskelige krop allerede er skabt til at lave. Bevægelser som at løfte, trække, rotere eller skubbe, er bevægelser som vi allerede laver, eller kan få brug for i dagligdagen.",Ons. 27. maj 2026,10.30
Vandgymnastik i Kongeåbadet VAMDRUP,"Træning i vand til god musik. Vi træner kroppens center, med fokus på ryg og mave, og bruger vandets modstand til at styrke alle kroppens muskler.",Ons. 27. maj 2026,See description
Super Mario Galaxy Filmen,Here we go. Again! Animationsfilmen 'Super Mario Galaxy Filmen' (The Super Mario Galaxy Movie) er fortsættelsen til Super Mario Bros. Filmen fra 2023 og denne gang bliver eventyret endnu større!,Ons. 27. maj 2026,11.30
Michael,"Filmen 'Michael' skildrer en af de mest indflydelsesrige kunstnere nogensinde, Michael Jackson.",Ons. 27. maj 2026,11.30
Fårbrydelsen,"I denne finurlige og nyskabende krimihistorie er George (Hugh Jackman) en fårehyrde, der hver aften læser detektivromaner højt for sine elskede får - overbevist om, at de umuligt kan forstå dem.",Ons. 27. maj 2026,See description
Eleanors sandhed,"Det hjertevarme drama 'Eleanors sandhed' følger Eleanor Morgenstein, der efter et stort tab forlader Florida og flytter til New York for at begynde forfra.",Ons. 27. maj 2026,13.40
The Devil Wears Prada 2,"""A sequel? For spring? Groundbreaking."". Filmen 'The Devil Wears Prada 2' er fortsættelsen til den elskede film fra 2006, The Devil Wears Prada.",Ons. 27. maj 2026,12.30
Kom og spil kegler (For alle niveauer - 55+ år),"HUSK indendørssko! Hvordan spiller man kegler?. Man starter med at indtage en ""startstilling"". Denne afhænger af hvilken teknik man bruger. Kaster man med to hænder, stiller man sig med spredte ben hen over linoleumsstykket.",Ons. 27. maj 2026,See description
Hjem,"Filmen tager sin begyndelse i 1991, på et tidspunkt, hvor hele Balkanregionen er i opløsning.",Ons. 27. maj 2026,See description
Bueskydning,Vi skyder med bue og pile mod en skive. Det kræver stor koncentration når man skyder. Man kommer til hallen (hal 2 i Pulzion) og bliver mødt af en der tager sig af dig. Du vil blive introduceret for alle så i ved hvem i er.,Ons. 27. maj 2026,14.20
Rundvisning - Harteværket,"Oplev historien for opførelsen af Danmarks første vandkraftværk, som blev indviet i 1920. En utrolig spændende historie, som også i fremtiden vil have en vigtig rolle for Kolding i forbindelse med de klimatilpasninger, som er forberedt på Harteværket.",Ons. 27. maj 2026,See description
Affektionsværdi,"Det norske drama 'Affektionsværdi' følger søstrene Nora (Renate Reinsve) og Agnes (Inga Ibsdotter Lilleaas), som genforenes med deres far Gustav (Stellan Skarsgård) - en førhen ganske feteret instruktør, som drømmer om det store comeback.",Ons. 27. maj 2026,See description
Tennistræning for juniorer mellem 7 og 17 år,"Gå til tennis hos KIF Tennis og få gratis træning. Nu starter vi igen hold for juniorer - et for 7-11 årige og et for 12-15 årige. Vi har et super godt trænerteam, og et godt fællesskab.",Ons. 27. maj 2026,See description
Aphaca - Brug for hinanden,"Er et nærværende og intimt portræt af fire drenge, der tager hele Danmark med storm. En film fyldt med håb og drømme midt i en larmende verden, hvor vi har brug for hinanden. En film om Aphaca.",Ons. 27. maj 2026,16.30
Linedance/ Absolut Begynder,For dem der aldrig har prøvet før.,Ons. 27. maj 2026,17.55
Løbetræning,"Vi løber mandag og onsdag klokken 17 samt lørdag klokken 10 fra Bøgelund, Bramdrup. Skovvej 40. Kom i god tid - vi starter præcis. Du kan deltage 3-4 gange før du melder dig ind i klubben. Lavt kontingent - 300 kroner for et kalenderår.",Ons. 27. maj 2026,18.30
Hockey for voksne med særlige behov,"Til hockey er der plads til alle uanset niveau. Efter en god opvarmning, træner vi med hockeystave og puck, hvor vi øver i at skyde til hinanden samt at skyde på mål. Hvis du ikke har prøvet at spille hockey før, skal du nok blive sat ind i reglerne.",Ons. 27. maj 2026,See description
Pizza - Fra mel til mesterværk,"Lær hvordan du laver en rigtig pizza - bagt i en italiensk Effeuno ovn.

  Arrangeret af FOF Sydjylland.",Ons. 27. maj 2026,19.45
Brætspilsklubben,"Elsker du brætspil, og mangler du et hyggeligt fællesskab at spille sammen med?",Ons. 27. maj 2026,20.30
Voksenfritteren,"Er et fællesskab for voksne, der elsker at hygge og være kreative sammen.",Ons. 27. maj 2026,See description
Linoleumstryk// Linocut workshop Free for youth,"Join Et Fælles Frirum for an evening of lino printing, creativity, and reflection.",Ons. 27. maj 2026,17:00
In the Grey,Et hemmeligt hold af eliteagenter lever i skyggerne.,Ons. 27. maj 2026,17.30
Motionsmix,Sjov motionsgymnastik for både damer og herrer. Alle kan deltage uanset alder og skavanker.,Ons. 27. maj 2026,See description
Linedance / Begynder,For dem der kender lidt til grundtrin.,Ons. 27. maj 2026,18.05
Karate unge (13+) og voksne,"Hvad er karate?. Karate er først og fremmest selvforsvar! Når vi træner, så passer vi godt på hinanden. Men når man først er lidt øvet, så går vi tæt på hinanden - og man kan godt få et blåt mærke med hjem.",Ons. 27. maj 2026,18.30
Krolf for alle - aften,"Til træning der spiller vi 2-3 runder, vi har i alt 4 forskellige baner man kan komme og prøve. Det man får ud af det er: at møde nye mennesker, hyggeligt socialt samvær, venskaber for alle aldersgrupper. Man skal huske varmt tøj til tider.",Ons. 27. maj 2026,18.30
Fantasia N,'Fantasia' var - og er måske stadig - Disney-studiernes mest ambitiøse værk i spillefilmslængde. Den voksede ud af en lille animeret billedfortælling på otte minutter med Mickey Mouse i rollen som 'Troldmandens lærling'.,Ons. 27. maj 2026,See description
Kolding - Relax and in Joy - når balance bliver til nærvær og livsglæde,Relax and in Joy - når balance bliver til nærvær og livsglæde. Alt i livet handler om balance. Balance mellem selvudvikling og integration. Mellem indsigt og ro. Mellem at gøre - og bare at være.,Ons. 27. maj 2026,21.30
Rytmisk sommerkoncert på Godset,"Musik gør noget ved os. Den kan samle os, løfte os, udfordre os og give ro. Den taler til både krop, hjerne og følelser - og i musikken er der plads til både grin, eftertanke og store øjeblikke.",Ons. 27. maj 2026,19:00
Linedance / Letøvet,For dem der kender alle grundtrin og har lyst til større udfordringer.,Ons. 27. maj 2026,20.10
Mortal Kombat II,"De populære fanfavoritter - nu med selveste Johnny Cage på holdet - står over for hinanden i det ultimative opgør for at nedkæmpe Shao Kahns mørke herredømme, der truer selve Jordrigets eksistens og dets beskyttere.",Ons. 27. maj 2026,21.10
Obsession,"I gyserfilmen 'Obsession' er teenageren Bear håbløst forelsket i sin barndomsven Nikki. I et desperat forsøg på at vinde hendes kærlighed får han fat i de mystiske ""One Wish Willow"" og ønsker, at Nikki vil elske ham højere end nogen anden i verden.",Ons. 27. maj 2026,21.10
Arkæologisk foredrag: Udgravningerne omkring Klostergade og Munkegade i Kolding,"Peter Kahr Jørgensen, arkæolog ved Museum Sønderjylland, vil præsentere de foreløbige resultater af de arkæologiske fund gjort i Klostergade og Munkegade i Kolding de senere år,.",Tor. 28. maj 2026 19:00 - 20:30,19:00
Vinsmagning - Glasset & Gaflen,"Denne torsdag byder på vores populære smagning Glasset & Gaflen, hvor du skal nyde 5 glas og 5 serveringer. Denne gang med Italiensk tema, da vi har besøg af Morten fra ""Made By Mama"", der pt. er aktuel i Masterchef.",Tor. 28. maj 2026 19:00-21.30,19:00
Motionsgymnastik,"Har du lyst til at få rørt hele kroppen og få sved på panden, så er disse timer noget for dig. En gymnastiktime med højt humør og dejlig inspirerende musik. Men pas på, - du bliver hurtig afhængig !!!",Tor. 28. maj 2026,See description
Styrke/ryg træning,"Her styrkes alle kroppens muskler, så ryggen kan klare hverdagen. Husk måtte.",Tor. 28. maj 2026,09.30
Krolfspil for senior,"Krolf er et rigtig hyggelig spil, hvor alle kan deltage. Det er en blanding af golf og kroket. Praktisk påklædning efter vejret, gerne kraftige sko eller i regnvejr gummistøvler.",Tor. 28. maj 2026,09.30
Vandreture,"Ture ud i naturen i omegnen af Kolding med fokus på fællesskab, socialt samvær, motion og gode historier. Der er altid en pause, hvor den medbragte kaffe nydes.",Tor. 28. maj 2026,09.30
Torsdagscafé,"Tidl. diplomat Carsten Rasmussen, kommer og fortæller om det at være diplomat midt i en brydningstid.",Tor. 28. maj 2026,See description
Knæ / hoftetræning,"Har du problemer med knæ og hofte, er dette hold noget for dig. Musklerne i benet har sammenhæng med. musklerne i hofte. På holdet arbejdes der med specifik styrketræning til disse muskler. I opstarten vil det.",Tor. 28. maj 2026,10.15
Let's Dance,"Ved brug af skøn musik til mange forskellige dansearter, sammen med enkelte dansetrin kommer forbrændingen i vejret og kroppen fyldes med energi - samtidig med at det er sjovt og nemt at lære- Alle kan være med - unge som ældre, mænd og kvinder, hvis bare.",Tor. 28. maj 2026,See description
Michael,"Filmen 'Michael' skildrer en af de mest indflydelsesrige kunstnere nogensinde, Michael Jackson.",Tor. 28. maj 2026,11.30
Eleanors sandhed,"Det hjertevarme drama 'Eleanors sandhed' følger Eleanor Morgenstein, der efter et stort tab forlader Florida og flytter til New York for at begynde forfra.",Tor. 28. maj 2026,11.40
Gym Stick-----styrketræning,"Gymstick muliggør en effektiv træning af styrke, udholdenhed, bevægelighed og koordination. Det er muligt. at lave mange øvelser for at træne hele kroppen samt målrettet arbejde for enkelte muskelgrupper.",Tor. 28. maj 2026,12.15
Yoga,"Deltagerne på holdene giver udtryk for, at hele kroppen bliver arbejdet godt igennem i et roligt tempo, at de kommer ud i yderstillinger og bliver mere smidige.",Tor. 28. maj 2026,12.15
The Mandalorian & Grogu,"Tag med dusørjægeren Din Djarin og hans unge lærling Grogu på en ny mission i 'The Mandalorian & Grogu.'. Imperiet er faldet, men galaksen er langt fra fredelig.",Tor. 28. maj 2026,12.30
Aftenvagt,"Floria (spillet af Leonie Benesch - mindst lige så fantastisk som i 'Lærerværelset') er en dedikeret sygeplejerske, der med urokkelig dedikation navigerer i det ubarmhjertige opskruet tempo på en kirurgisk afdeling på et hospital i Schweiz.",Tor. 28. maj 2026,13.30
Mangafællesskabet,Elsker du manga og anime?,Tor. 28. maj 2026,See description
Det blå spor,"Tereza på 77 har boet hele sit liv i en lille by i Amazonas-junglen, da hun en dag modtager en besked fra myndighederne, der beordrer hende at flytte til en seniorboligkoloni.",Tor. 28. maj 2026,See description
Kolding Børnehøjskole,"På Kolding Børnehøjskole tilbyder vi kurser, hvor børn kan fordybe sig og lære noget om det, som de er sammen om. Vores mål er at gøre verden større for de mindste. Vi tror på, at selv store ting kan skabes i det små, og af de små.",Tor. 28. maj 2026,See description
"Flødebolle kursus hos Frellsen, Kolding",Imponér venner eller familie med dine egne flødebolle kreationer! Lær at fremstille 10 flødeboller hos Frellsen.,Tor. 28. maj 2026,16:00
Affektionsværdi,Joachim Triers nyeste film vandt Grand Prix i Cannes og har nu slået nordisk rekord med hele 9 Oscar-nomineringer!,Tor. 28. maj 2026,16.30
Rockmusiksalon,"Uformelle eftermiddage, hvor man lytter til rockmusik i alle afskygninger.",Tor. 28. maj 2026,16.30
Månedens sange i det fri,Kom til Månedens sange i det fri.,Tor. 28. maj 2026,17.45
U7 mix,En tryg og sjov start på dit barns håndboldeventyr. Medbring sko og tøj man kan bevæge sig i.,Tor. 28. maj 2026,17.45
Begynderhold,"Som nybegynder eller let øvet, går meget af træningen ud på at indøve de helt basale teknikker som stød, parader, spark og stillinger, samt de grundlæggende japanske termer, der bruges.",Tor. 28. maj 2026,See description
Bæredygtig Bogklub med film i Nicolai Biograf,Har du lyst til at mødes med andre og diskutere bæredygtig litteratur?,Tor. 28. maj 2026,20.30
Tennis 5-8 årige,Udendørstræning: 1. Maj 2022 - 16. September 2022.,Tor. 28. maj 2026,17.15
The Devil Wears Prada 2,"""A sequel? For spring? Groundbreaking."". Filmen 'The Devil Wears Prada 2' er fortsættelsen til den elskede film fra 2006, The Devil Wears Prada.",Tor. 28. maj 2026,17.20
Begynder brydning - 7 til 13 år,"Træningen består af leg, motorik/akrobatik, koordinationsøvelser samt bryde relaterede øvelser. Her læres at slå de mest basale brydegreb, og under træning får de også mulighed for at bryde rigtigt.",Tor. 28. maj 2026,17.30
Junior squash for alle 6-16 årige,Mangler din søn eller datter en ny sportsgren?. SÅ ER DET SQUASH! Squash er sjovt for alle aldre - squash er blandt verdens sundeste sportsgrene & squash er motion!,Tor. 28. maj 2026,17.30
Fodbold alle torsdage kl. 18.00,"Vi er en flok gamle gutter, der spiller fodbold for sjov, vores ældste mand er 87 år -yngste 38. Vi hedder KIF Oldboys, men langt de fleste har tidligere spillet i andre klubber, flere har aldrig spillet fodbold i en klub før KIF Oldboys.",Tor. 28. maj 2026,See description
Håndbold for damer,Kræver tidligere håndbolderfaring. Fokus på det sociale og spille god håndbold. Sæsonen starter i august og kører indtil april. Sommertræning i maj og juni.,Tor. 28. maj 2026,19.45
Realistisk selvforsvar for alle (9+ år),Vi træner selvforsvar på mix hold tirsdage og torsdage fra kl 18:30 til 20:00 kom ned i kluben og prøv omdet er noget for dig.,Tor. 28. maj 2026,18.30
Hold 3 (13 år +),"Vores største hold. Her er plads til både eliten, talenterne, og dem der bare gerne vil have sved på panden og lære at bryde. Teknik træningen slutte kl. 19.30 fra 19.30 til 20.00 er der Open Mat.",Tor. 28. maj 2026,18.30
Fællesskabsaften,Pia Hinderfelt - livsfortælling. HUSK Tilmelding til fællesspisning til Else på tel 2649 0103 - gerne SMS - senest dagen før.,Tor. 28. maj 2026,18.30
Fodboldkamp A-Liga Mesterskabsspil - Kolding IF mod Fortuna Hjørring,,Tor. 28. maj 2026,See description
Franz,"Filmen skildrer det gådefulde liv for Franz Kafka, fra hans ungdom i Prag til hans død i 1924. I stedet for at være en traditionel biografi er Franz sat op som en kalejdoskopisk mosaik af drømme, breve, fragmenter fra hans fiktion og historiske episoder.",Tor. 28. maj 2026,See description
"Ilden, Vandet, Jorden, Luften","Klimaforandringerne er her nu - også i Danmark og i hele Norden. Skovbrande breder sig i Sverige, havene stiger i Danmark, stormene bliver voldsommere på Færøerne, og landskabet skrider i Norge. Naturen giver os tydelige tegn.",Tor. 28. maj 2026,See description
Fællesklang,"Er du mellem 18 og 35 år og glad for at synge? Så er Fællesklang Kolding det rytmiske kor for dig - helt uden optagelsesprøve! Fællesklang Kolding er et kor for alle mellem 18 og 35 år, der elsker at synge alt fra pophits og gospel til Disney-klassikere.",Tor. 28. maj 2026,See description
Skriv løs,"Skriver du, og har du lyst til at sidde sammen med andre og skrive? Så kom og vær med til Skriv løs.",Tor. 28. maj 2026,20.45
Kegler for hele familien,"De fleste har prøvet bowling eller set spillet. Man kan godt sammenligne at spille bowling med kegler. Forskellen på disse 2 spil er, at kuglen er mindre i kegler, og uden huller til fingrene.",Tor. 28. maj 2026,See description
Grappling and Brazilian jiu-jitsu,Grappling and BJJ for all skill levels.,Tor. 28. maj 2026,See description
Open Mic,,Tor. 28. maj 2026,21:00
Metalcafé #13.3,"Metalcaféen er stedet, hvor metalfolket samles og dyrker deres fælles passion. Denne aften er med japansk tema. Aftenen indeholder som altid den populære Metal Quiz, en DJ der spiller alle de kendte m.",Fre. 29. maj 2026,See description
Rasmus Madsen med Band // Shu-bi-dua 2.0,"Oplev en uforglemmelig aften ved Slotssøen i Kolding d. 29. maj med Rasmus Madsen, der hylder Johnny Madsen, og Shu-bi-dua 2.0, som bringer de elskede hits til live i et brag af musik, nostalgi og festlig energi.",Fre. 29. maj 2026 17:00 - 22:30,17:00
Sang og spjæt med dagplejerne,"Sang og Spjæt er 30 minutters musik og sang for de mindste og foregår i Vonsild Kirke Alle dagplejere, vuggestuer og hjemmepassere i Vonsild er velkomne til at deltage.",Fre. 29. maj 2026,09.30
Gudstjeneste på Olivenhaven,,Fre. 29. maj 2026,10.30
Eleanors sandhed,"Det hjertevarme drama 'Eleanors sandhed' følger Eleanor Morgenstein, der efter et stort tab forlader Florida og flytter til New York for at begynde forfra.",Fre. 29. maj 2026,11.30
Hjem,"Filmen tager sin begyndelse i 1991, på et tidspunkt, hvor hele Balkanregionen er i opløsning.",Fre. 29. maj 2026,11.45
The Mandalorian & Grogu,"Tag med dusørjægeren Din Djarin og hans unge lærling Grogu på en ny mission i 'The Mandalorian & Grogu.'. Imperiet er faldet, men galaksen er langt fra fredelig.",Fre. 29. maj 2026,12.30
Kom og spil kegler hver fredag eftermiddag,"HUSK indendørssko! Hvordan spiller man kegler?. Man starter med at indtage en ""startstilling"". Denne afhænger af hvilken teknik man bruger. Kaster man med to hænder, stiller man sig med spredte ben hen over linoleumsstykket.",Fre. 29. maj 2026,See description
Det blå spor,"Tereza på 77 har boet hele sit liv i en lille by i Amazonas-junglen, da hun en dag modtager en besked fra myndighederne, der beordrer hende at flytte til en seniorboligkoloni.",Fre. 29. maj 2026,13.30
Japan - Denmark Film Festival 29. 31. maj 2026,Du er ved at købe en 3 dages billet til Japan - Denmark Filmfestival 2026. Du har desuden mulighed for i købsflowet at tilkøbe aftensmad til lørdag eller søndag - eller begge dage - menuen er ekskl. drikkevarer og menuen er en overraskelse.,Fre. 29. maj 2026,See description
Kaizen Kidz,"Holdet er tilrettelagt med en blanding af karate og fysisk aktivitet og leg, således at der hele tiden er aktivitet, og at børnene får tid til at bearbejde deres indtryk.",Fre. 29. maj 2026,17.30
"Flødebolle kursus hos Frellsen, Kolding",Imponér venner eller familie med dine egne flødebolle kreationer! Lær at fremstille 10 flødeboller hos Frellsen.,Fre. 29. maj 2026,16:00
The Devil Wears Prada 2,"""A sequel? For spring? Groundbreaking."". Filmen 'The Devil Wears Prada 2' er fortsættelsen til den elskede film fra 2006, The Devil Wears Prada.",Fre. 29. maj 2026,17.15
Freestyle wrestling,Training for youth/senior + 15 years. The training is for beginners and advanced wrestlers of all levels.,Fre. 29. maj 2026,17.30
Franz,"Filmen skildrer det gådefulde liv for Franz Kafka, fra hans ungdom i Prag til hans død i 1924. I stedet for at være en traditionel biografi er Franz sat op som en kalejdoskopisk mosaik af drømme, breve, fragmenter fra hans fiktion og historiske episoder.",Fre. 29. maj 2026,See description
Klassisk soiré med MGK-Syd,Ved denne soiré kan publikum opleve talentfulde klassiske elever fra MGK Syd.,Fre. 29. maj 2026,19:00
Affektionsværdi,Joachim Triers nyeste film vandt Grand Prix i Cannes og har nu slået nordisk rekord med hele 9 Oscar-nomineringer!,Fre. 29. maj 2026,19.30
Gudstjeneste: Kolding Natkirke,,Fre. 29. maj 2026,19.30
Backrooms,I den intense gyserfilm 'Backrooms' åbner en uforklarlig passage sig i kælderen under et møbelshowroom. Da psykiateren Dr.,Fre. 29. maj 2026,21.15
Lunderskov Open Air 2026,"Inviterer dig til at opleve musik og fællesskab i hjertet af sommeren.

  Arrangeret af Lunderskov Open Air.",Fre. 29. og lør. 30. maj 2026,See description
Trådens Smag,"Oplev en sanselig aften, hvor smag, farver og kunsthåndværk væves sammen. Skab dit eget kulinariske mesterværk inspireret af tre billedvævninger fra udstillingen ""Vævede mesterværker"".",Lør. 30. maj 2026 17:00-20:00,17:00
Sommeraften i Slotssøbadet - forkælelse for krop & sjæl,"Glæd dig til en stemningsfuld sommeraften i Slotssøbadet, hvor velvære, bevægelse og lækker mad går hånd i hånd.",Lør. 30. maj 2026 18:00 - 23:00,18:00
Håndbold for børn (2-5 årige),"Motorik baner, boldmassage og meget mere. Aktiviteterne gennemføres sammen med en forældre/voksen. Sørg for at børnene har noget ordentligt fodtøj og tøj de kan bevæge sig i. Sæsonen starter i august/september og slutter i april/maj.",Lør. 30. maj 2026,See description
Fårbrydelsen,"I denne finurlige og nyskabende krimihistorie er George (Hugh Jackman) en fårehyrde, der hver aften læser detektivromaner højt for sine elskede får - overbevist om, at de umuligt kan forstå dem.",Lør. 30. maj 2026,12.45
Løbetræning,Vi løber mandag og onsdag klokken 17 samt lørdag klokken 10 fra Bøgelund (i sommerhalvåret starter den lange tur på +16km kl. 09.00). Hvor holder vi til? Bramdrup Skovvej 40. Kom i god tid - vi starter præcis.,Lør. 30. maj 2026,See description
Kvinder / Mandfolk på MTB,Mountainbike for alle - Fokus på stier og fællesskab. Har du lyst til at komme ud i den friske luft på din mountainbike uden at bekymre dig om svære tekniske spor og stejle skrænter?,Lør. 30. maj 2026,See description
Minikrea,Kreativ hygge for børnefamilier.,Lør. 30. maj 2026,See description
The Mandalorian & Grogu,"Tag med dusørjægeren Din Djarin og hans unge lærling Grogu på en ny mission i 'The Mandalorian & Grogu.'. Imperiet er faldet, men galaksen er langt fra fredelig.",Lør. 30. maj 2026,12.30
Cosplay event med Kaho Shibuya,Cosplay event i Kolding med japansk cosplayer Kaho Shibuya.,Lør. 30. maj 2026,10:00
Super Mario Galaxy Filmen,Here we go. Again! Animationsfilmen 'Super Mario Galaxy Filmen' (The Super Mario Galaxy Movie) er fortsættelsen til Super Mario Bros. Filmen fra 2023 og denne gang bliver eventyret endnu større!,Lør. 30. maj 2026,10.30
"Flødebolle kursus hos Frellsen, Kolding",Imponér venner eller familie med dine egne flødebolle kreationer! Lær at fremstille 10 flødeboller hos Frellsen.,Lør. 30. maj 2026,11:00
Forårets temasmagning - Slovenien,,Lør. 30. maj 2026,11:30
Affektionsværdi,Joachim Triers nyeste film vandt Grand Prix i Cannes og har nu slået nordisk rekord med hele 9 Oscar-nomineringer!,Lør. 30. maj 2026,13.30
Giro d'Italia watch party &Beer Battle,"Vi sparker tingene i gang med en ølkamp mellem Alexander fra Stepping Stone og Henrik fra BeerShoppen. Alex præsenterer 4 danske øl, og Henrik 4 udenlandske - og det er op til dig at bestemme, hvem der rider med sejren!",Lør. 30. maj 2026,14:00
Rundvisning - Harteværket,"Oplev historien for opførelsen af Danmarks første vandkraftværk, som blev indviet i 1920. En utrolig spændende historie, som også i fremtiden vil have en vigtig rolle for Kolding i forbindelse med de klimatilpasninger, som er forberedt på Harteværket.",Lør. 30. maj 2026,See description
3v3 LIGA - Fodboldturnering 13-15 år på Aalykkeskolen,"Den 30. maj afvikler foreningen Eow! en 3v3 skolegårdsfodbold turnering for unge i alderen 13-15 år. Det er gratis at tilmelde sig og der gives præmier til 1., 2. og 3. plads. Turneringen er en del af et forløb foreningen årligt laver, som hedder KOM UD!

  Arrangeret af Eow!.",Lør. 30. maj 2026,See description
Harry Potter og dødsregalierne - del 2,,Lør. 30. maj 2026,15.15
Det blå spor,"Tereza på 77 har boet hele sit liv i en lille by i Amazonas-junglen, da hun en dag modtager en besked fra myndighederne, der beordrer hende at flytte til en seniorboligkoloni.",Lør. 30. maj 2026,See description
Champions League Finalen 2026,,Lør. 30. maj 2026,18:00
Michael,"Filmen 'Michael' skildrer en af de mest indflydelsesrige kunstnere nogensinde, Michael Jackson.",Lør. 30. maj 2026,18.15
Eleanors sandhed,"Eleanor Morgenstein har altid været engageret i og forbundet til de mennesker, der er omkring hende.",Lør. 30. maj 2026,19.30
Elevation U2 Tribute,"Gør dig klar til en aften fyldt med ikoniske hits, fællesskab og ren koncertenergi, når Elevation - U2 Tribute indtager scenen i EWII House lørdag den 30. maj kl. 20.00.

  Arrangeret af Musicbooking.dk.",Lør. 30. maj 2026,20:00
Backrooms,I den intense gyserfilm 'Backrooms' åbner en uforklarlig passage sig i kælderen under et møbelshowroom. Da psykiateren Dr.,Lør. 30. maj 2026,20.30
The Devil Wears Prada 2,"""A sequel? For spring? Groundbreaking."". Filmen 'The Devil Wears Prada 2' er fortsættelsen til den elskede film fra 2006, The Devil Wears Prada.",Lør. 30. maj 2026,21.15
Plantemarked 2026,Plantemarkedet er Geografisk Haves største event - og en tilbagevendende og elsket begivenhed for alle haveentusiaster.,Lør. 30. og søn. 31. maj 2026 10:00-17:00,10:00
Åbent værksted: Vævede mesterværker,"Hvordan bevares skrøbelige tekstiler for fremtiden? Den 30. 31. maj kan du møde Den Kongelige Samlings konservatorer på Koldinghus og få indblik i et håndværk, der normalt foregår bag lukkede døre.",Lør. 30. og søn. 31. maj 2026 11:00-14:30,11:00
Parkinson Padel Open 2026,"Når mennesker mødes gennem sport, sker der noget særligt. Parkinson Padel Open 2026 samler mennesker med Parkinson fra England, Sverige, Norge, Belgien, USA og Danmark, til en weekend fyldt med bevægelse, fællesskab og livsglæde i Kolding.",Lør. 30. og søn. 31. maj 2026,10:00
Yoga under åben himmel 2026,Bevæg dig for livet inviterer traditionen tro til Yoga under åben himmel - Ganske gratis!,Søn. 31. maj 2026 09.30-10.30,09.30
Fidus og Fællesskab - reparations cafe på Eltang Skole,"Et grønt mødested for børn og voksne. I Fidus & Fællesskab samles vi på tværs af generationer for at give tingene længere liv - og hinanden mere tid. Vi reparerer, upcycler, nørkler og skaber nyt af det, vi allerede har.",Søn. 31. maj 2026 13:00-16:00,13:00
Guidet tur i Christiansfeld - Verdensarv i særklasse,Velkommen til UNESCO-byen Christiansfeld - en by med en enestående historie. Tag med os på en historisk byvandring gennem de smukke gader i Christiansfeld. Vores guide fortæller dig historier om Brødremenigheden og byens historie - fra grundlæggelsen og.,Søn. 31. maj 2026 13:30 - 15:00,13:30
Sommerkoncert med koret N³ - No Name Needed,Koret N³ - No Name Needed er klar til at give jer en fantastisk aften i musikkens tegn! Koret synger sommeren ind på Godset i Kolding. Vi synger alt lige fra gospel til Disney. https://www.facebook.com/share/1Fp753yC9v/?mibextid=wwXIfr Vi ses!,Søn. 31. maj 2026 19:30 - 21:00,19:30
Gudstjeneste: Trinitatis søndag,,Søn. 31. maj 2026,See description
Gudstjeneste i Vamdrup Kirke,,Søn. 31. maj 2026,See description
Gudstjeneste v. Elli Foldager,,Søn. 31. maj 2026,See description
Fodbold alle søndage kl. 9.00,"Vi er en flok gamle gutter, der spiller fodbold for sjov, vores ældste mand er 87 år -yngste 38. Vi hedder KIF Oldboys, men langt de fleste har tidligere spillet i andre klubber, flere har aldrig spillet fodbold i en klub før KIF Oldboys.",Søn. 31. maj 2026,See description
Gratis squash,"Kom og prøv squash i Kolding KFUM Squash - helt uforpligtende! Har du lyst til at prøve kræfter med squash - alene eller sammen med andre?. Så kig forbi Kolding KFUM Squash hver søndag kl. 10:00-11:30 og prøv en sjov, svedig og social sport!",Søn. 31. maj 2026,See description
The Mandalorian & Grogu,"Tag med dusørjægeren Din Djarin og hans unge lærling Grogu på en ny mission i 'The Mandalorian & Grogu.'. Imperiet er faldet, men galaksen er langt fra fredelig.",Søn. 31. maj 2026,12.30
Super Mario Galaxy Filmen,Here we go. Again! Animationsfilmen 'Super Mario Galaxy Filmen' (The Super Mario Galaxy Movie) er fortsættelsen til Super Mario Bros. Filmen fra 2023 og denne gang bliver eventyret endnu større!,Søn. 31. maj 2026,10.15
Gudstjeneste ved Peter Noer,Neil Tye prædiker. Efterfølgende frokost og foredrag.,Søn. 31. maj 2026,10.30
Gudstjeneste,,Søn. 31. maj 2026,10.30
Hjem,"Filmen tager sin begyndelse i 1991, på et tidspunkt, hvor hele Balkanregionen er i opløsning.",Søn. 31. maj 2026,10.30
Gudstjeneste 10.30,V/Ole Pihl.,Søn. 31. maj 2026,10.30
Gudstjeneste - Dåbsbefalingen,,Søn. 31. maj 2026,10.30
Gudstjeneste i Hjarup Kirke,,Søn. 31. maj 2026,10.30
Højmesse ved Kristina Nilsson,,Søn. 31. maj 2026,10.30
Missionssøndags-Gudstjeneste v/ Stephan Wung-Sung de Fønss,"Mia Schmidt-Mikkelsen, præst i Ung K i Århus, holder prædiken. Efterfølgende bydes der på en sandwich i kirkens lokaler, mens Mia holder et indlæg, og der debatteres.",Søn. 31. maj 2026,10.30
Gudstjeneste Seest ASA+MB Konfirmationsindskrivning,Friluftsgudstjeneste ved Anna-Sofie Arendt og Michael Berghof. Konfirmandindskrivning.,Søn. 31. maj 2026,10.30
Gudstjeneste - Missionssøndag,"Trinitatis søndag Matt 28,16-20 v/ sognepræst Fríða M. Thomsen Missionssøndag i Harte Sogn - alle er velkomne!",Søn. 31. maj 2026,10.30
Tyrstrup gospelgudstjeneste,Gudstjeneste v/Annette Wiuf Christensen. Denne dag medvirker Christiansfeld Gospelkor.,Søn. 31. maj 2026,10.30
Højmesse ved Henriette Bacher Lind,,Søn. 31. maj 2026,10.30
Gudstjeneste i Kristkirken ved Jes Nedergaard Espersen,,Søn. 31. maj 2026,10.30
Gudstjeneste Ødis,,Søn. 31. maj 2026,10.30
Rundvisning - Mikkel Thomsen,"Idet rundvisningen foregår både udendørs og indendørs, anmoder vi om, at du er påklædt efter vejret. Venligst kom 10 min. før rundvisningen starter. Vi har P-pladser tæt på Harteværket. Varighed: 1,5 time. Arrangør: Harteværket.",Søn. 31. maj 2026,See description
Det blå spor,"Tereza på 77 har boet hele sit liv i en lille by i Amazonas-junglen, da hun en dag modtager en besked fra myndighederne, der beordrer hende at flytte til en seniorboligkoloni.",Søn. 31. maj 2026,See description
Eleanors sandhed,"Det hjertevarme drama 'Eleanors sandhed' følger Eleanor Morgenstein, der efter et stort tab forlader Florida og flytter til New York for at begynde forfra.",Søn. 31. maj 2026,15.20
Harry Potter og dødsregalierne - del 2,,Søn. 31. maj 2026,15.15
Affektionsværdi,Joachim Triers nyeste film vandt Grand Prix i Cannes og har nu slået nordisk rekord med hele 9 Oscar-nomineringer!,Søn. 31. maj 2026,See description
Michael,"Filmen 'Michael' skildrer en af de mest indflydelsesrige kunstnere nogensinde, Michael Jackson.",Søn. 31. maj 2026,18.15
The Devil Wears Prada 2,"Følger Miranda Priestlys kamp mod Emily Charlton, hendes tidligere assistent, der nu er en rivaliserende direktør, mens de konkurrerer om annonceindtægter midt i faldende trykte medier, mens Miranda nærmer sig pensionering.",Søn. 31. maj 2026,See description
Franz,"Filmen skildrer det gådefulde liv for Franz Kafka, fra hans ungdom i Prag til hans død i 1924. I stedet for at være en traditionel biografi er Franz sat op som en kalejdoskopisk mosaik af drømme, breve, fragmenter fra hans fiktion og historiske episoder.",Søn. 31. maj 2026,See description
Artist workshop // oil pastels,This workshop is free for youth between 17-35 Please sign up through the forms link.,Man. 1. jun. 2026 17:00-19:30,17:00
Knuds Garage International Pubquiz,English Pubquiz at Knuds Garage Come to a pub quiz in a cozy setting with 20 questions.,Man. 1. jun. 2026 20:30 - 22:30,20:30
Badminton,"Du medbringer en ketcher og bolde. Der spilles stort set kun double, da dette er det mest sociale og ikke så hårdt fysisk.",Man. 1. jun. 2026,See description
Styrke /ryg træning i Arena Syd VAMDRUP,"I Styrkeryg trænings timen arbejdes der med alle kroppens muskler. Vi bruger elastik, som kan købes hos IFA. Husk måtte til styrkeøvelser på gulvet.",Man. 1. jun. 2026,See description
Aerobic,"Vore aerobictimer er tilpasset så alle kan deltage. Der laves små serier kombineret med hop og løb. Det er fedtforbrændende og konditionstrænende. Husk måtte til gulvøvelser, hvor der trænes mave og ryg.",Man. 1. jun. 2026,10.15
Tennis for 60+'ere,Træning for 60+'ere - alle kan være med. Kom og oplev glæderne og sammenholdet ved at træne og spille tennis med jævnaldrende!,Man. 1. jun. 2026,See description
Krolf for alle - formiddag,"Man træner 2-3 runder. Man får gode fællesskaber, hyggeligt socialt samvær, venskaber for alle aldre. Varmt tøj til tider. Mandag klokken 9:30 og onsdag klokken 18:30. Kontingent 250 kr. Sæsonen starter 1 maj og slutter 30 september.",Man. 1. jun. 2026,09.30
Stavgang/ gåture,"Der kan som udgangspunkt lånes stave i IFA de første par gange. Der vil hver gang være mulighed for instruktion i stavgangsteknik, ligesom der som regel er mulighed fora t vælge hold med forskellige tempi.",Man. 1. jun. 2026,11.30
Styrke/ryg træning,"Her styrkes alle kroppens muskler, så ryggen kan klare hverdagen. Husk vandflaske og en måtte til gulvøvelserne.",Man. 1. jun. 2026,10.45
Super Mario Galaxy Filmen,Here we go. Again! Animationsfilmen 'Super Mario Galaxy Filmen' (The Super Mario Galaxy Movie) er fortsættelsen til Super Mario Bros. Filmen fra 2023 og denne gang bliver eventyret endnu større!,Man. 1. jun. 2026,11.30
Michael,"Filmen 'Michael' skildrer en af de mest indflydelsesrige kunstnere nogensinde, Michael Jackson.",Man. 1. jun. 2026,11.30
Mandehørm (styrke for mænd),"Som navnet siger - styrke kun for mænd. Der arbejdes med vægte så ""bøfferne"" holdes ved lige. Endvidere styrke af ryg og mave. Bækkenbunds træning er ikke kun for kvinder. Kom og lær din bækkenbund at kende.",Man. 1. jun. 2026,See description
Stram op,"Efter ca. 35 min. ""opvarmning"", hvor pulsen stiger, strammer vi maven, ballerne, lårene og ryggen op med forskellige øvelser. Med og uden elastikker. Husk vandflaske og måtte til gulvøvelserne.",Man. 1. jun. 2026,See description
Deltag i turneringer. Få åbningskendskab,Deltagelse i klubturneringen. Deltagelse i holdturneringen mod spillere fra andre klubber. Teori og åbningskendskab.,Man. 1. jun. 2026,See description
The Mandalorian & Grogu,"Tag med dusørjægeren Din Djarin og hans unge lærling Grogu på en ny mission i 'The Mandalorian & Grogu.'. Imperiet er faldet, men galaksen er langt fra fredelig.",Man. 1. jun. 2026,12.30
Eleanors sandhed,"Det hjertevarme drama 'Eleanors sandhed' følger Eleanor Morgenstein, der efter et stort tab forlader Florida og flytter til New York for at begynde forfra.",Man. 1. jun. 2026,13.45
Hjem,"Filmen tager sin begyndelse i 1991, på et tidspunkt, hvor hele Balkanregionen er i opløsning.",Man. 1. jun. 2026,14.30
Motionsdamer,Traditionel motionsgymnastik for damer. Alle kan deltage uanset alder og skavanker.,Man. 1. jun. 2026,15.20
Linedance / Absolut Begynder,For dem der aldrig har prøvet linedance før.,Man. 1. jun. 2026,17.55
Floorball U9-U11,"Husk indendørssko og gerne sportstøj, vi sørger for resten :-).",Man. 1. jun. 2026,18.30
Lytteklubben Musik uden grænser,"En rocklytteklub, hvor man graver god musik frem for hinanden og i fællesskab lytter koncentreret.",Man. 1. jun. 2026,See description
Jordbærtærte - En bid af sommer,Arrangeret af FOF Sydjylland.,Man. 1. jun. 2026,20.40
Gå-/Løbe-fællesskab,"Gå- & løbe-fællesskab, hvor minimum en frivillig fra HG&IF deltager på holdene. Så har du svært ved at komme afsted selv, så kom og vær med. Det forpligtiger lidt mere når man ved andre venter :-). Der er 3 niveauer: 1) Gå-holdet.",Man. 1. jun. 2026,17.15
Hip Hop/ Funk (10-12 årige),"Er du vild med at danse foran spejlet? Og kan du ikke sidde stille, når der sættes musik på? Til hiphop/funk sætter vi gang i festen. Der vil blive arbejdet med koreografier, attitude og styrketræning.",Man. 1. jun. 2026,17.30
Linedance / Begynder,For dem der kender lidt til grundtrin.,Man. 1. jun. 2026,18.05
Mma - for alle,"Muay Thai og MMA træning for nye og erfarende udøvere. Holdet giver plads til at nørde basis-teknik, udvikle skills og skabe flow - uanset om du er helt ny eller allerede træner fast.",Man. 1. jun. 2026,18.30
Motionsherrer,Traditionel motionsgymnastik for herrer. Alle kan deltage uanset alder og skavanker. Holdet er meget socialt og har et godt sammenhold.,Man. 1. jun. 2026,See description
Kom og spil kegler - hver mandag aften (55+ år),"HUSK indendørssko! Hvordan spiller man kegler?. Man starter med at indtage en ""startstilling"". Denne afhænger af hvilken teknik man bruger. Kaster man med to hænder, stiller man sig med spredte ben hen over linoleumsstykket.",Man. 1. jun. 2026,See description
Linedance / Begynder +,For dem der kender de fleste grundtrin.,Man. 1. jun. 2026,19.10
Rytme Quinder,Moderne rytmegymnastik. Sæsonen afsluttes med ca. 3 opvisninger.,Man. 1. jun. 2026,19.15
Mixhold voksen,"Fælles opvarmning hvor alle kan være med, øvelser og afslutter ofte med kamp. God stemning og fokus på at der er plads til alle.",Man. 1. jun. 2026,19.15
The Devil Wears Prada 2,"""A sequel? For spring? Groundbreaking."". Filmen 'The Devil Wears Prada 2' er fortsættelsen til den elskede film fra 2006, The Devil Wears Prada.",Man. 1. jun. 2026,21.15
Smukke Sild - Broderi Workshop,"Med nål og tråd, perler, pailletter og småbitte stofrester laver vi skønne brocher formet som sild. Farvestrålende og glitrende som deres levende artsfæller i havet - et absolut must til sommergarderoben.",Tir. 2. jun. 2026 17:00 - 20:00,17:00
Yoga under åben himmel 2026,Bevæg dig for livet inviterer traditionen tro til Yoga under åben himmel - Ganske gratis!,Tir. 2. jun. 2026 17.00-18.00,17.00
Manual til mennesker,"Adfærdspsykolog, radiovært og forfatter Henrik Tingleff, holder luppen frem og forklarer dig hvorfor din nabo larmer meget mere end dig, hvorfor din kollega aldrig kan holde en aftale.og hvorfor vi alle sammen køber alt for dyr kaffe og croissanter!",Tir. 2. jun. 2026 19:00 - 21:00,19:00
Foredrag - Henrik Tingleff - Manual til mennesker,"Adfærdspsykolog, radiovært og forfatter Henrik Tingleff, holder luppen frem og forklarer dig hvorfor din nabo larmer meget mere end dig, hvorfor din kollega aldrig kan holde en aftale.og hvorfor vi alle sammen køber alt for dyr kaffe og croissanter!

  Arrangeret af Original Talks.",Tir. 2. jun. 2026 19:00 - 21:15,19:00
Motionsgymnastik,"Har du lyst til at få rørt hele kroppen og få sved på panden, så er disse timer noget for dig. En gymnastiktime med højt humør og dejlig inspirerende musik. Men pas på, - du bliver hurtig afhængig !!!",Tir. 2. jun. 2026,See description
Bodybike,Fuld fart på pedalerne og gang i svedproduktionen. HUSK vand og spinningsko. Her er konditionstræning for alle pengene.,Tir. 2. jun. 2026,09.30
Vonsildhave gudstjeneste,,Tir. 2. jun. 2026,See description
Børnebiffen - Filmpakke 6 - Fra 3 år,"Ernst i svømmehallen. Instruktør: Alice de Champfleury. Ernst og mor skal i svømmehallen. Mens mor køber billet, kigger Ernst gennem en stor glasrude ind i svømmehallen. Han får øje på en sød pige, og 10 meter vippen.",Tir. 2. jun. 2026,See description
Styrke/ryg træning,"Her styrkes alle kroppens muskler, så ryggen kan klare hverdagen. Husk måtte til gulvøvelser.",Tir. 2. jun. 2026,See description
Vandgymnastik,"Træning i vand til god musik. Vi træner kroppens center, med fokus på ryg og mave, og bruger vandets modstand til at styrke alle kroppens muskler.",Tir. 2. jun. 2026,See description
Intervaltræning,"Med et antal trænings skift, veksler man mellem øvelser for både styrke og kondition. Inden for kort tid opnår man stor effekt. Der er fuld fart på, og man får virkelig sved på panden og pulsen op. Så kom og prøv.",Tir. 2. jun. 2026,See description
Michael,"Filmen 'Michael' skildrer en af de mest indflydelsesrige kunstnere nogensinde, Michael Jackson.",Tir. 2. jun. 2026,11.30
The Mandalorian & Grogu,"Tag med dusørjægeren Din Djarin og hans unge lærling Grogu på en ny mission i 'The Mandalorian & Grogu.'. Imperiet er faldet, men galaksen er langt fra fredelig.",Tir. 2. jun. 2026,12.30
Kom og spil kegler (For alle niveauer - 55+ år),"HUSK indendørssko! Hvordan spiller man kegler?. Man starter med at indtage en ""startstilling"". Denne afhænger af hvilken teknik man bruger. Kaster man med to hænder, stiller man sig med spredte ben hen over linoleumsstykket.",Tir. 2. jun. 2026,See description
Eleanors sandhed,"Det hjertevarme drama 'Eleanors sandhed' følger Eleanor Morgenstein, der efter et stort tab forlader Florida og flytter til New York for at begynde forfra.",Tir. 2. jun. 2026,13.45
Hjem,"Filmen tager sin begyndelse i 1991, på et tidspunkt, hvor hele Balkanregionen er i opløsning.",Tir. 2. jun. 2026,14.30
Readathonmakkere: Læseklub for unge,Er du vild med YA-bøger? Mød andre unge og del din læseglæde!,Tir. 2. jun. 2026,See description
Ninja kids - 4 til 7 år,"Er for børn i alderen 4 til ca. 7 år. Her bliver hovedsageligt trænet motorik, leget og ""tumlet"" på madrassen og der sluttes altid af med at ""bryde/slås for sjov"".",Tir. 2. jun. 2026,16.30
Bowling for ungdom (5-18 år),"Til vores træninger er timen delt op i 3 sektioner opvarmning/træningsøvelser/bowling & leg. Vi starter med en fælles opvarmning, for at få kroppen igang og klar til træningen.",Tir. 2. jun. 2026,16.30
Begynderhold,"Som nybegynder eller let øvet, går meget af træningen ud på at indøve de helt basale teknikker som stød, parader, spark og stillinger, samt de grundlæggende japanske termer, der bruges.",Tir. 2. jun. 2026,See description
Realistisk selvforsvar for alle (9+ år),Vi træner selvforsvar på mix hold tirsdage og torsdage fra kl 18:30 til 20:00 kom ned i klubben og prøv om det er noget for dig.,Tir. 2. jun. 2026,18.30
Tennistræning for seniorer,"Niveau Beskrivelse. 1 Begynder. Har ikke tidligere modtaget træning og spillere som har spillet 1-2 sæsoner. Ønsker at lære de grundlæggende principper og teknik, og møde andre nystartede. 2 Let øvet.",Tir. 2. jun. 2026,See description
Tennis 5-8 årige,Udendørstræning: 1. Maj 2022 - 16. September 2022.,Tir. 2. jun. 2026,17.15
Begynder brydning - 7 til 13 år,"Træningen består af kampleg, akrobatik, koordinationsøvelser samt bryde relaterede øvelser. Her læres at slå de mest basale brydegreb, og under træning får de også mulighed for at bryde rigtigt.",Tir. 2. jun. 2026,17.30
Fodbold alle tirsdage kl. 18.00,"Vi er en flok gamle gutter, der spiller fodbold for sjov, vores ældste mand er 87 år -yngste 38. Vi hedder KIF Oldboys, men langt de fleste har tidligere spillet i andre klubber, flere har aldrig spillet fodbold i en klub før KIF Oldboys.",Tir. 2. jun. 2026,See description
Håndbold for herrer,Fordel med tidligere håndbolderfaring. Fokus på det sociale og spille god håndbold. Sæsonen starter i august og kører indtil april. Sommertræning i maj og juni.,Tir. 2. jun. 2026,19.45
Hold 3 (13 år +),"Vores største hold. Her er plads til både eliten, talenterne, og dem der bare gerne vil have sved på panden og lære at bryde. Teknik træningen slutte kl. 19.30 fra 19.30 til 20.00 er der Open Mat.",Tir. 2. jun. 2026,18.30
Krolf for alle - aften,"Til træning der spiller vi 2-3 runder, vi har i alt 4 forskellige baner man kan komme og prøve. Det man får ud af det er: at møde nye mennesker, hyggeligt socialt samvær, venskaber for alle aldersgrupper. Man skal huske varmt tøj til tider.",Tir. 2. jun. 2026,18.30
Prøverummet,"Velkommen til. Prøverummet - vores helt nye stand-up koncept, hvor komikere tester spritnyt materiale foran publikum for første gang. Her er der ingen gamle klassikere eller sikre punchlines -kun rå, friske jokes der bliver prøvet af live.",Tir. 2. jun. 2026,See description
Kegler for hele familien,"De fleste har prøvet bowling eller set spillet. Man kan godt sammenligne at spille bowling med kegler. Forskellen på disse 2 spil er, at kuglen er mindre i kegler, og uden huller til fingrene.",Tir. 2. jun. 2026,See description
Seniortræning,"Til vores bowlingtræninger er den sociale hygge i højsædet. Alle fra begyndere til øvede kan være med, og der mulighed for træningsøvelser eller en dyst mod andre bowlingspillere fra klubben.",Tir. 2. jun. 2026,19.15
Koncert med Kantoriet i Sankt Nicolai Kirke,Ved denne koncert kan man opleve frugterne af de første tre måneders korarbejde med Mikkel Andreassen som leder af Nicolai Kantori. Repertoiret afspejler kirkeåret fra Påske til Pinse.,Tir. 2. jun. 2026,19.15
Aphaca - Brug for hinanden,Instruktør Emil Næsby Hansen besøger os inden filmen startes og fortæller lidt om hvordan det har været at følge Aphaca på vejen til deres store succes.,Tir. 2. jun. 2026,19.30
Håndbold for damer,Kræver tidligere håndbolderfaring. Fokus på det sociale og spille god håndbold. Sæsonen starter i august og kører indtil april. Sommertræning i maj og juni.,Tir. 2. jun. 2026,19.45
Pub Quiz,,Tir. 2. jun. 2026,20:00
The Devil Wears Prada 2,"""A sequel? For spring? Groundbreaking."". Filmen 'The Devil Wears Prada 2' er fortsættelsen til den elskede film fra 2006, The Devil Wears Prada.",Tir. 2. jun. 2026,21.15
Udstilling: Ålegræs - et liv bunden,Hvorfor er ålegræs så vigtig for de danske have?,Tir. 2. jun. til søn. 2. aug. 2026,23.59
Guidet tur i Christiansfeld - Verdensarv i særklasse,Velkommen til UNESCO-byen Christiansfeld - en by med en enestående historie. Tag med os på en historisk byvandring gennem de smukke gader i Christiansfeld. Vores guide fortæller dig historier om Brødremenigheden og byens historie - fra grundlæggelsen og.,Ons. 3. jun. 2026 13:30 - 15:00,13:30
Med Gestapo i hælene - Dramatiseret guidet tur,Pas på du ikke bliver opdaget af Gestapo! Vores to guider - i karakter som modstandsfolkene Gerda og Jørgen - tager dig med tilbage til tiden under 2. Verdenskrig på en dramatiseret guidet tur i Kolding.,Ons. 3. jun. 2026 19:00 - 20:30,19:00
Pubquiz På Knuds garage,"Hver Onsdag kl 20, kan du komme på Knuds Garage og få din paratviden udfordret.",Ons. 3. jun. 2026 20:00 - 23:00,20:00
Motionsgymnastik i Arena Syd VAMDRUP,"Har du lyst til at få rørt hele kroppen og få sved på panden, så er disse timer noget for dig. En gymnastiktime med højt humør og dejlig inspirerende musik. Men pas på, - du bliver hurtig afhængig !!!",Ons. 3. jun. 2026,See description
Vandgymnastik,"Træning i vand til god musik. Vi træner kroppens center, med fokus på ryg og mave, og bruger vandets modstand til at styrke alle kroppens muskler.",Ons. 3. jun. 2026,See description
Pickleball,"Er en ketsjersport, der spilles med en let bold og et paddle (hårdt bat). Pickleball spilles på en bane i badmintonstørrelse, med tennis-lignende net. Der er elementer fra andre ketsjer/ bat spil - som tennis, squash, badminton og bordtennis.",Ons. 3. jun. 2026,See description
Gudstjeneste: Morgenandagt ved provst Karina Steinecke Dahlmann,Den første onsdag i måneden kl. 9.30-10 Alle er velkomne Ved andagten er der musik fra et frivilligt klassisk ensemble og en frivillig synger for. Præsten fortæller kort om et emne efter eget valg.,Ons. 3. jun. 2026,09.30
Børnebiffen - Filmpakke 6 - Fra 5 år,Snowys jul. Instruktør: Gustav Kvaal. Der er to dage til juleaften. Efter at have mistet både sin mor og sit hjem er en lille hundehvalp helt alene i en sneklædt verden.,Ons. 3. jun. 2026,See description
Babytræf ved Sundhedsplejen,Sundhedsplejen inviterer alle forældre med børn under 1 år til Babytræf. Onsdage i ulige uger taler vi om barnets kost og onsdage i lige uger taler vi om barnets søvn. Arrangementet starter præcis klokken 10.,Ons. 3. jun. 2026,See description
Krolf,"Vi spiller krolf fra april til og med juni måned og igen fra august til oktober. Der er køller og bolde til udlån - og vi opfordrer ALLE der har lyst, til at komme og prøve.",Ons. 3. jun. 2026,See description
Let's dance i arena syd vamdrup,"Ved brug af den skønne musik sammen med enkelte dansetrin kommer forbrændingen i vejret og kroppen fyldes med energi - samtidig med at det er sjovt og nemt at lære- Alle kan være med - unge som ældre, mænd og kvinder.",Ons. 3. jun. 2026,10.15
Funktionel / balancetræning,"Funktionel træning fokuserer på naturlige bevægelser, som den menneskelige krop allerede er skabt til at lave. Bevægelser som at løfte, trække, rotere eller skubbe, er bevægelser som vi allerede laver, eller kan få brug for i dagligdagen.",Ons. 3. jun. 2026,10.30
Vandgymnastik i Kongeåbadet VAMDRUP,"Træning i vand til god musik. Vi træner kroppens center, med fokus på ryg og mave, og bruger vandets modstand til at styrke alle kroppens muskler.",Ons. 3. jun. 2026,See description
Super Mario Galaxy Filmen,Here we go. Again! Animationsfilmen 'Super Mario Galaxy Filmen' (The Super Mario Galaxy Movie) er fortsættelsen til Super Mario Bros. Filmen fra 2023 og denne gang bliver eventyret endnu større!,Ons. 3. jun. 2026,11.30
Michael,"Filmen 'Michael' skildrer en af de mest indflydelsesrige kunstnere nogensinde, Michael Jackson.",Ons. 3. jun. 2026,11.45
The Mandalorian & Grogu,"Tag med dusørjægeren Din Djarin og hans unge lærling Grogu på en ny mission i 'The Mandalorian & Grogu.'. Imperiet er faldet, men galaksen er langt fra fredelig.",Ons. 3. jun. 2026,12.30
Kom og spil kegler (For alle niveauer - 55+ år),"HUSK indendørssko! Hvordan spiller man kegler?. Man starter med at indtage en ""startstilling"". Denne afhænger af hvilken teknik man bruger. Kaster man med to hænder, stiller man sig med spredte ben hen over linoleumsstykket.",Ons. 3. jun. 2026,See description
Eleanors sandhed,"Det hjertevarme drama 'Eleanors sandhed' følger Eleanor Morgenstein, der efter et stort tab forlader Florida og flytter til New York for at begynde forfra.",Ons. 3. jun. 2026,13.45
Sogneeftermiddag i sognehuset: Om Dalbys historie,"Dalbys historie - i Brændkjærs beretning Carsten Borchs bog hedder ""Brændkjærs beretning"", men det meste af Brændkjærs forhistorie foregår faktisk i Dalby og Tved. Hør den fascinerende historie.",Ons. 3. jun. 2026,See description
Bueskydning,Vi skyder med bue og pile mod en skive. Det kræver stor koncentration når man skyder. Man kommer til hallen (hal 2 i Pulzion) og bliver mødt af en der tager sig af dig. Du vil blive introduceret for alle så i ved hvem i er.,Ons. 3. jun. 2026,14.20
Rundvisning - Harteværket,"Oplev historien for opførelsen af Danmarks første vandkraftværk, som blev indviet i 1920. En utrolig spændende historie, som også i fremtiden vil have en vigtig rolle for Kolding i forbindelse med de klimatilpasninger, som er forberedt på Harteværket.",Ons. 3. jun. 2026,See description
Kolding Gigt Café - med besøg fra Hjælpemiddelcentralen,Velkommen igen til Gigt Caféen i Kolding ! Vi får besøg af Malene Møring Funder fra hjælpemiddelcentralen i Kolding. Vi hører om muligheder og fremgangsmåde.,Ons. 3. jun. 2026,15.30
Tennistræning for juniorer mellem 7 og 17 år,"Gå til tennis hos KIF Tennis og få gratis træning. Nu starter vi igen hold for juniorer - et for 7-11 årige og et for 12-15 årige. Vi har et super godt trænerteam, og et godt fællesskab.",Ons. 3. jun. 2026,See description
Jazzlytteklubben,Et fællesskab hvor vi lytter til jazzens mange facetter.,Ons. 3. jun. 2026,See description
Linedance/ Absolut Begynder,For dem der aldrig har prøvet før.,Ons. 3. jun. 2026,17.55
Løbetræning,"Vi løber mandag og onsdag klokken 17 samt lørdag klokken 10 fra Bøgelund, Bramdrup. Skovvej 40. Kom i god tid - vi starter præcis. Du kan deltage 3-4 gange før du melder dig ind i klubben. Lavt kontingent - 300 kroner for et kalenderår.",Ons. 3. jun. 2026,18.30
Boccia for voksne med særlige behov,"Boccia er en sport, der minder meget om petanque. Det spilles indendørs, og går ud på at kaste bolde tættest på en hvid bold. Det er en forholdsvis rolig/stille sport, hvor der er mulighed for at sidde ned hvis man har behov for det.",Ons. 3. jun. 2026,See description
Hockey for voksne med særlige behov,"Til hockey er der plads til alle uanset niveau. Efter en god opvarmning, træner vi med hockeystave og puck, hvor vi øver i at skyde til hinanden samt at skyde på mål. Hvis du ikke har prøvet at spille hockey før, skal du nok blive sat ind i reglerne.",Ons. 3. jun. 2026,See description
Brætspilsklubben,"Elsker du brætspil, og mangler du et hyggeligt fællesskab at spille sammen med?",Ons. 3. jun. 2026,20.30
Forårets temasmagning - Slovenien,,Ons. 3. jun. 2026,17:30
Motionsmix,Sjov motionsgymnastik for både damer og herrer. Alle kan deltage uanset alder og skavanker.,Ons. 3. jun. 2026,See description
Menighedsrådsmøde,,Ons. 3. jun. 2026,See description
Linedance / Begynder,For dem der kender lidt til grundtrin.,Ons. 3. jun. 2026,18.05
Karate unge (13+) og voksne,"Hvad er karate?. Karate er først og fremmest selvforsvar! Når vi træner, så passer vi godt på hinanden. Men når man først er lidt øvet, så går vi tæt på hinanden - og man kan godt få et blåt mærke med hjem.",Ons. 3. jun. 2026,18.30
Krolf for alle - aften,"Til træning der spiller vi 2-3 runder, vi har i alt 4 forskellige baner man kan komme og prøve. Det man får ud af det er: at møde nye mennesker, hyggeligt socialt samvær, venskaber for alle aldersgrupper. Man skal huske varmt tøj til tider.",Ons. 3. jun. 2026,18.30
The Devil Wears Prada 2,"Følger Miranda Priestlys kamp mod Emily Charlton, hendes tidligere assistent, der nu er en rivaliserende direktør, mens de konkurrerer om annonceindtægter midt i faldende trykte medier, mens Miranda nærmer sig pensionering.",Ons. 3. jun. 2026,See description
Franz,"Filmen skildrer det gådefulde liv for Franz Kafka, fra hans ungdom i Prag til hans død i 1924. I stedet for at være en traditionel biografi er Franz sat op som en kalejdoskopisk mosaik af drømme, breve, fragmenter fra hans fiktion og historiske episoder.",Ons. 3. jun. 2026,See description
Linedance / Letøvet,For dem der kender alle grundtrin og har lyst til større udfordringer.,Ons. 3. jun. 2026,20.10
Craft Salon,Kom forbi Garn og Craft til et par timers hyggeligt samvær omkring Craft/håndarbejde. Alle er velkomne og du behøver ikke melde dig til.,Tor. 4. jun. 2026 14:00 - 20:00,14:00
Koldinghus by Night: Gobelinfest,"Træd ind i en inspirerende og farverig verden af musik, kreativitet og levende fortællinger fra 500 års gobelinhistorie til Koldinghus by Night.",Tor. 4. jun. 2026 19:00-22:00,19:00
Vinsmagning - Bobler,"Til denne smagning, dykker vi ned i forskellige bobler og mousserende vine. Bobler er nemlig ikke bare bobler - men det forhindrer os ikke i, at elske dem alle!",Tor. 4. jun. 2026 19.00-21.30,19.00
Motionsgymnastik,"Har du lyst til at få rørt hele kroppen og få sved på panden, så er disse timer noget for dig. En gymnastiktime med højt humør og dejlig inspirerende musik. Men pas på, - du bliver hurtig afhængig !!!",Tor. 4. jun. 2026,See description
Styrke/ryg træning,"Her styrkes alle kroppens muskler, så ryggen kan klare hverdagen. Husk måtte.",Tor. 4. jun. 2026,09.30
Vandreture,"Ture ud i naturen i omegnen af Kolding med fokus på fællesskab, socialt samvær, motion og gode historier. Der er altid en pause, hvor den medbragte kaffe nydes.",Tor. 4. jun. 2026,09.30
Stavgang,"Der kan som udgangspunkt lånes stave i IFA de første par gange. Der vil hver gang være mulighed for instruktion i stavgangsteknik, ligesom der som regel er mulighed fora t vælge hold med forskellige tempi.",Tor. 4. jun. 2026,11.30
Torsdagscafe,"Christian Medom, pensioneret kriminalbetjent, vil fortælle om sit liv, først som gadebetjent og senere som ansat i politiets efterretningstjeneste.",Tor. 4. jun. 2026,See description
Knæ / hoftetræning,"Har du problemer med knæ og hofte, er dette hold noget for dig. Musklerne i benet har sammenhæng med. musklerne i hofte. På holdet arbejdes der med specifik styrketræning til disse muskler. I opstarten vil det.",Tor. 4. jun. 2026,10.15
Let's Dance,"Ved brug af skøn musik til mange forskellige dansearter, sammen med enkelte dansetrin kommer forbrændingen i vejret og kroppen fyldes med energi - samtidig med at det er sjovt og nemt at lære- Alle kan være med - unge som ældre, mænd og kvinder, hvis bare.",Tor. 4. jun. 2026,See description
Hjem,"Filmen 'Hjem' tager sin begyndelse i 1991, på et tidspunkt, hvor hele Balkanregionen er i opløsning. Den 6-årige Maja sammen med sine forældre til Danmark og efterlader sine to ældre brødre derhjemme med løfte om en snarlig genforening.",Tor. 4. jun. 2026,11.30
The Devil Wears Prada 2,"""A sequel? For spring? Groundbreaking."". Filmen 'The Devil Wears Prada 2' er fortsættelsen til den elskede film fra 2006, The Devil Wears Prada.",Tor. 4. jun. 2026,11.30
Gym Stick-----styrketræning,"Gymstick muliggør en effektiv træning af styrke, udholdenhed, bevægelighed og koordination. Det er muligt. at lave mange øvelser for at træne hele kroppen samt målrettet arbejde for enkelte muskelgrupper.",Tor. 4. jun. 2026,12.15
Yoga,"Deltagerne på holdene giver udtryk for, at hele kroppen bliver arbejdet godt igennem i et roligt tempo, at de kommer ud i yderstillinger og bliver mere smidige.",Tor. 4. jun. 2026,12.15
Ustoppelig,"Filmen vises med dansk tale. 'Ustoppelig' er en actionfyldt animationsfilm med de mindste helte, du nogensinde har set. Kaja er en ustoppelig lille celle, der bor i nyrerne på tiårige Erik.",Tor. 4. jun. 2026,See description
Rockmusiksalon,"Uformelle eftermiddage, hvor man lytter til rockmusik i alle afskygninger.",Tor. 4. jun. 2026,14.30
Mangafællesskabet,Elsker du manga og anime?,Tor. 4. jun. 2026,See description
Michael,"Filmen 'Michael' skildrer en af de mest indflydelsesrige kunstnere nogensinde, Michael Jackson.",Tor. 4. jun. 2026,15.15
Eleanors sandhed,"Det hjertevarme drama 'Eleanors sandhed' følger Eleanor Morgenstein, der efter et stort tab forlader Florida og flytter til New York for at begynde forfra.",Tor. 4. jun. 2026,18.20
Kolding Børnehøjskole,"På Kolding Børnehøjskole tilbyder vi kurser, hvor børn kan fordybe sig og lære noget om det, som de er sammen om. Vores mål er at gøre verden større for de mindste. Vi tror på, at selv store ting kan skabes i det små, og af de små.",Tor. 4. jun. 2026,See description
Ungdomstræning for 5-18 årige,"Til vores træninger er timen delt op i 3 sektioner opvarmning/træningsøvelser/bowling & leg. Vi starter med en fælles opvarmning, for at få kroppen igang og klar til træningen.",Tor. 4. jun. 2026,See description
"Flødebolle kursus hos Frellsen, Kolding",Imponér venner eller familie med dine egne flødebolle kreationer! Lær at fremstille 10 flødeboller hos Frellsen.,Tor. 4. jun. 2026,16:00
U7 mix,En tryg og sjov start på dit barns håndboldeventyr. Medbring sko og tøj man kan bevæge sig i.,Tor. 4. jun. 2026,17.45
Begynderhold,"Som nybegynder eller let øvet, går meget af træningen ud på at indøve de helt basale teknikker som stød, parader, spark og stillinger, samt de grundlæggende japanske termer, der bruges.",Tor. 4. jun. 2026,See description
Sommerkoncert,Ved Dalby Kirkes voksenkor og ungdomskor Der kan købes drikkevarer før koncerten. Gratis entré - alle er velkomne!,Tor. 4. jun. 2026,See description
Tennis 5-8 årige,Udendørstræning: 1. Maj 2022 - 16. September 2022.,Tor. 4. jun. 2026,17.15
Begynder brydning - 7 til 13 år,"Træningen består af leg, motorik/akrobatik, koordinationsøvelser samt bryde relaterede øvelser. Her læres at slå de mest basale brydegreb, og under træning får de også mulighed for at bryde rigtigt.",Tor. 4. jun. 2026,17.30
Junior squash for alle 6-16 årige,Mangler din søn eller datter en ny sportsgren?. SÅ ER DET SQUASH! Squash er sjovt for alle aldre - squash er blandt verdens sundeste sportsgrene & squash er motion!,Tor. 4. jun. 2026,17.30
Linedance / Øvet,For dem der kan alle grundtrin og lyst til større udfordringer.,Tor. 4. jun. 2026,17.30
Håndbold for damer,Kræver tidligere håndbolderfaring. Fokus på det sociale og spille god håndbold. Sæsonen starter i august og kører indtil april. Sommertræning i maj og juni.,Tor. 4. jun. 2026,19.45
Kolding International Voices. Sommerafslutning med fællessang og sommerhygge,,Tor. 4. jun. 2026,21.30
Hold 3 (13 år +),"Vores største hold. Her er plads til både eliten, talenterne, og dem der bare gerne vil have sved på panden og lære at bryde. Teknik træningen slutte kl. 19.30 fra 19.30 til 20.00 er der Open Mat.",Tor. 4. jun. 2026,18.30
Realistisk selvforsvar for alle (9+ år),Vi træner selvforsvar på mix hold tirsdage og torsdage fra kl 18:30 til 20:00 kom ned i kluben og prøv omdet er noget for dig.,Tor. 4. jun. 2026,18.30
Die My Love,Jennifer Lawrence og Robert Pattinson i Lynne Ramsays stærke og rørende drama om identitet og moderskab.,Tor. 4. jun. 2026,See description
In the Grey,"Følger et hemmeligt team af eliteagenter, som opererer i skyggerne, lige så komfortable med at udøve magt og indflydelse som med at håndtere automatvåben og sprængstoffer.",Tor. 4. jun. 2026,See description
The Amazing Digital Circus: The Last Act,Billetsalget starter den 29. april kl. 10:00 her på nfbio.dk. Den virale internetsensation The Amazing Digital Circus når sit længe ventede klimaks i en spillefilmslignende biografoplevelse!,Tor. 4. jun. 2026,21.15
Fællesklang,"Er du mellem 18 og 35 år og glad for at synge? Så er Fællesklang Kolding det rytmiske kor for dig - helt uden optagelsesprøve! Fællesklang Kolding er et kor for alle mellem 18 og 35 år, der elsker at synge alt fra pophits og gospel til Disney-klassikere.",Tor. 4. jun. 2026,See description
Kegler for hele familien,"De fleste har prøvet bowling eller set spillet. Man kan godt sammenligne at spille bowling med kegler. Forskellen på disse 2 spil er, at kuglen er mindre i kegler, og uden huller til fingrene.",Tor. 4. jun. 2026,See description
Bowmore vs Laphroaig - Whiskysmagning,"Gør dig klar til et brag af en smagning, når vi inviterer dig indenfor til ""The Battle of Islay"". Til denne whiskysmagning sætter vi to af verdens mest ikoniske destillerier op mod hinanden: Bowmore og Laphroaig.",Tor. 4. jun. 2026,19:00
Håndbold for herrer,Fordel med tidligere håndbolderfaring. Fokus på det sociale og spille god håndbold. Sæsonen starter i august og kører indtil april. Sommertræning i maj og juni.,Tor. 4. jun. 2026,19.45
Grappling and Brazilian jiu-jitsu,Grappling and BJJ for all skill levels.,Tor. 4. jun. 2026,See description
Open Mic,,Tor. 4. jun. 2026,21:00
Scary Movie 6,"Gyserkomedien 'Scary Movie 6', sender den ikoniske (og kaotiske) filmserie tilbage på det store lærred, med et nyt møde mellem gamle og nye dræbere, der igen spreder panik.",Tor. 4. jun. 2026,21.15
DEMOKRA 2-5-10 Grundlovsdag for børn,"Nicolai for børn inviterer til Grundlovsfest - en festlig dag med demokrati, medborgerskab, fællesskab og samskabelse i børnehøjde.",Fre. 5. jun. 2026 10:00 - 15:00,10:00
GRØNlovsdag med SF og Radikale,"Kaffe og boller ved Klokketårnet. Gåtur med Jørn Chemnitz. Jørn fortæller om historien og sammenhængskraften i naturen på Skamling. Talk med Karina Lorentzen Dehnhardt og Merete Due Paarup: Hvad kan demokratiet gøre for naturen, klimaet og menneskene.",Fre. 5. jun. 2026 10:00-13.30,10:00
Særrundvisning: Branden på Koldinghus,"Var det de spanske soldater, der brændte slottet ned? Er der mange efterkommere af spanske soldater i Kolding? Ville de spanske soldater myrde Marskal Bernadotte? Alt det og meget mere kan du høre om på denne særrundvisning på fars dag.",Fre. 5. jun. 2026 13:00-14:00,13:00
Grundlovsfest på Skamlingsbanken,"Grundlovsfesten på Skamlingsbanken er en gratis folkefest, der afholdes hvert år den 5. juni. Fra scenen har vi fællessang, koncert med Sigurd Barrett, korkoncert, en grundlovsrap, unge talere og kåring af Årets Danske Stemme.",Fre. 5. jun. 2026 13:30 - 17:30,13:30
Birthe Kjær & Feel Good Band // Bellami,"Oplev en festlig aften ved Slotssøen i Kolding d. 5. juni med Bellami, der hylder Kim Larsens musik, og Birthe Kjær & Feel Good Band, som skaber fællessang, nostalgi og glæde for publikum i alle aldre.",Fre. 5. jun. 2026 17:00 - 22:30,17:00
Super Mario Galaxy Filmen,Here we go. Again! Animationsfilmen 'Super Mario Galaxy Filmen' (The Super Mario Galaxy Movie) er fortsættelsen til Super Mario Bros. Filmen fra 2023 og denne gang bliver eventyret endnu større!,Fre. 5. jun. 2026,See description
Grundlovsdag for børn,Kom og prøv naturbingo og farvelæg insekter.,Fre. 5. jun. 2026,See description
Byvandring i Skovvejen/Skovparken,Den 5. juni kl. 10 inviteres alle interesserede med på en byvandring gennem et af Koldings største almene boligområder.,Fre. 5. jun. 2026,10:00
The Mandalorian & Grogu,"Tag med dusørjægeren Din Djarin og hans unge lærling Grogu på en ny mission i 'The Mandalorian & Grogu.'. Imperiet er faldet, men galaksen er langt fra fredelig.",Fre. 5. jun. 2026,12.15
The Devil Wears Prada 2,"""A sequel? For spring? Groundbreaking."". Filmen 'The Devil Wears Prada 2' er fortsættelsen til den elskede film fra 2006, The Devil Wears Prada.",Fre. 5. jun. 2026,12.30
Kom og spil kegler hver fredag eftermiddag,"HUSK indendørssko! Hvordan spiller man kegler?. Man starter med at indtage en ""startstilling"". Denne afhænger af hvilken teknik man bruger. Kaster man med to hænder, stiller man sig med spredte ben hen over linoleumsstykket.",Fre. 5. jun. 2026,See description
Michael,"Filmen 'Michael' skildrer en af de mest indflydelsesrige kunstnere nogensinde, Michael Jackson.",Fre. 5. jun. 2026,15.45
Kaizen Kidz,"Holdet er tilrettelagt med en blanding af karate og fysisk aktivitet og leg, således at der hele tiden er aktivitet, og at børnene får tid til at bearbejde deres indtryk.",Fre. 5. jun. 2026,17.30
Eleanors sandhed,"Det hjertevarme drama 'Eleanors sandhed' følger Eleanor Morgenstein, der efter et stort tab forlader Florida og flytter til New York for at begynde forfra.",Fre. 5. jun. 2026,16.45
Freestyle wrestling,Training for youth/senior + 15 years. The training is for beginners and advanced wrestlers of all levels.,Fre. 5. jun. 2026,17.30
Die My Love,Jennifer Lawrence og Robert Pattinson i Lynne Ramsays stærke og rørende drama om identitet og moderskab.,Fre. 5. jun. 2026,See description
In the Grey,"Følger et hemmeligt team af eliteagenter, som opererer i skyggerne, lige så komfortable med at udøve magt og indflydelse som med at håndtere automatvåben og sprængstoffer.",Fre. 5. jun. 2026,See description
The Amazing Digital Circus: The Last Act,Billetsalget starter den 29. april kl. 10:00 her på nfbio.dk. Den virale internetsensation The Amazing Digital Circus når sit længe ventede klimaks i en spillefilmslignende biografoplevelse!,Fre. 5. jun. 2026,21.15
JazzHaus: Musvit + Min Veninde Signe,"JazzHaus præsenterer Qrundlovsjazz - en aften med markante stemmer og tydelige aftryk. Min Veninde Signe bevæger sig i et blødt og nærværende singersongwriterunivers, hvor musikken føles som en samtale mellem venner.",Fre. 5. jun. 2026,See description
Qrundlovsjazz: Musvit + Min Veninde Signe,"Qrundlovsjazz i JazzHaus - en aften, der bevæger sig mellem det nære og det kantede.",Fre. 5. jun. 2026,See description
Glimtvis + Noah Smith,"Midt i en tid hvor verden ofte taler om afstand mellem USA og Europa, vælger den danske americana-duo Glimtvis og den amerikanske sangskriver Noah Smith at gøre det modsatte: De tager på turné sammen i Danmark for at samles om musikken.",Fre. 5. jun. 2026,See description
Backrooms,I den intense gyserfilm 'Backrooms' åbner en uforklarlig passage sig i kælderen under et møbelshowroom. Da psykiateren Dr.,Fre. 5. jun. 2026,20.40
