date,hour,group,congestion_score
2026-02-09,15,weekday_special,344.35193996460765
2026-02-09,16,weekday_special,249.86944083492014
2026-02-09,17,weekday_special,250.73941340592307
2026-02-09,18,weekday_special,116.73440497671389
2026-02-09,19,weekday_special,85.9442978171584
2026-02-09,20,weekday_special,83.31275547402927
2026-02-09,21,weekday_special,56.685563549389315
2026-02-09,22,weekday_special,41.012858054106516
2026-02-09,23,weekday_special,186.87739821432555
2026-02-10,0,weekday_special,53.40932648658708
2026-02-10,1,weekday_special,33.86414778753965
2026-02-10,2,weekday_special,74.16417252877162
2026-02-10,3,weekday_special,108.31504419220978
2026-02-10,4,weekday_special,96.0345942411161
2026-02-10,5,weekday_special,147.5913854021078
2026-02-10,6,weekday_special,94.09428428510797
2026-02-10,7,weekday_special,305.3070932796451
2026-02-10,8,weekday_special,72.92781741803023
2026-02-10,9,weekday_special,144.67208798512587
2026-02-10,10,weekday_special,322.9253908563201
2026-02-10,11,weekday_special,372.07108805735083
2026-02-10,12,weekday_special,391.23535916695994
2026-02-10,13,weekday_special,645.0069934025485
2026-02-10,14,weekday_special,565.2043565253829
2026-02-10,15,weekday_special,532.7483266525998
2026-02-10,16,weekday_special,414.97223832597535
2026-02-10,17,weekday_special,255.1750289848713
2026-02-10,18,weekday_special,151.0729610076757
2026-02-10,19,weekday_special,108.61462514794323
2026-02-10,20,weekday_special,99.17202076869955
2026-02-10,21,weekday_special,59.61164703701348
2026-02-10,22,weekday_special,46.455199120504886
2026-02-10,23,weekday_special,26.590073832163796
2026-02-11,0,weekday_special,39.69453342580459
2026-02-11,1,weekday_special,28.661290416792127
2026-02-11,2,weekday_special,38.934923726269716
2026-02-11,3,weekday_special,31.920496559356536
2026-02-11,4,weekday_special,39.54035714114033
2026-02-11,5,weekday_special,57.06426407091186
2026-02-11,6,weekday_special,50.253435328859894
2026-02-11,7,weekday_special,253.0575092718531
2026-02-11,8,weekday_special,471.3091040996354
2026-02-11,9,weekday_special,233.66239616966487
2026-02-11,10,weekday_special,266.2299566887009
2026-02-11,11,weekday_special,318.0739450111683
2026-02-11,12,weekday_special,517.9770531649121
2026-02-11,13,weekday_special,730.2669248696948
2026-02-11,14,weekday_special,584.8228548555179
2026-02-11,15,weekday_special,491.04988482727026
2026-02-11,16,weekday_special,373.39215602946615
2026-02-11,17,weekday_special,269.85552749626464
2026-02-11,18,weekday_special,180.96240406186436
2026-02-11,19,weekday_special,118.07948086685816
2026-02-11,20,weekday_special,81.83625910511557
2026-02-11,21,weekday_special,72.28716441614577
2026-02-11,22,weekday_special,88.71969196780884
2026-02-11,23,weekday_special,40.176222739865324
2026-02-12,0,weekday_special,47.77994607356092
2026-02-12,1,weekday_special,37.272957848464074
2026-02-12,2,weekday_special,46.07189928200259
2026-02-12,3,weekday_special,52.15294392943622
2026-02-12,4,weekday_special,44.80409770051128
2026-02-12,5,weekday_special,53.18867656633026
2026-02-12,6,weekday_special,45.61747382503995
2026-02-12,7,weekday_special,265.1972409389558
2026-02-12,8,weekday_special,171.18829011061223
2026-02-12,9,weekday_special,121.43256046480764
2026-02-12,10,weekday_special,314.9187683639883
2026-02-12,11,weekday_special,178.5788989517359
2026-02-12,12,weekday_special,214.75558249387743
2026-02-12,13,weekday_special,195.44393597302746
2026-02-12,14,weekday_special,169.91097791177424
2026-02-12,15,weekday_special,190.28485977529678
2026-02-12,16,weekday_special,187.61901040689668
2026-02-12,17,weekday_special,199.24268540291234
2026-02-12,18,weekday_special,183.6483684179275
2026-02-12,19,weekday_special,160.27939013962904
2026-02-12,20,weekday_special,133.22580873972257
2026-02-12,21,weekday_special,191.12537591364614
2026-02-12,22,weekday_special,247.1931634608489
2026-02-12,23,weekday_special,220.40172045334836
2026-02-13,0,weekday_special,84.57670729458846
2026-02-13,1,weekday_special,64.70174387449077
2026-02-13,2,weekday_special,98.6466561233991
2026-02-13,3,weekday_special,55.16033165057618
2026-02-13,4,weekday_special,66.33580151026757
2026-02-13,5,weekday_special,139.41421659010336
2026-02-13,6,weekday_special,194.7510999546276
2026-02-13,7,weekday_special,247.94045054606522
2026-02-13,8,weekday_special,427.98199588977764
2026-02-13,9,weekday_special,568.2776373220835
2026-02-13,10,weekday_special,421.3814390914323
2026-02-13,11,weekday_special,496.55425933703225
2026-02-13,12,weekday_special,419.61597966705415
2026-02-13,13,weekday_special,331.28857785954136
2026-02-13,14,weekday_special,356.20472265733144
2026-02-13,15,weekday_special,409.36869545989407
2026-02-13,16,weekday_special,361.57811523010434
2026-02-13,17,weekday_special,377.5290821130427
2026-02-13,18,weekday_special,251.97801695673544
2026-02-13,19,weekday_special,175.9562074848539
2026-02-13,20,weekday_special,348.0450162064818
2026-02-13,21,weekday_special,254.51452953500143
2026-02-13,22,weekday_special,96.51615026828645
2026-02-13,23,weekday_special,142.00003184697678
2026-02-14,0,weekend_special,194.77305310996545
2026-02-14,1,weekend_special,181.15468008598828
2026-02-14,2,weekend_special,199.89675291910018
2026-02-14,3,weekend_special,120.24883874899422
2026-02-14,4,weekend_special,163.68498149590258
2026-02-14,5,weekend_special,97.03641973554221
2026-02-14,6,weekend_special,182.3391708367318
2026-02-14,7,weekend_special,94.68568384183442
2026-02-14,8,weekend_special,116.2475666292357
2026-02-14,9,weekend_special,367.26018283589855
2026-02-14,10,weekend_special,361.7260294546469
2026-02-14,11,weekend_special,416.99837777654653
2026-02-14,12,weekend_special,429.7716165814795
2026-02-14,13,weekend_special,500.77008535116613
2026-02-14,14,weekend_special,560.1141512296005
2026-02-14,15,weekend_special,459.50622534803813
2026-02-14,16,weekend_special,402.3761066322827
2026-02-14,17,weekend_special,289.8304961086386
2026-02-14,18,weekend_special,321.91307307910927
2026-02-14,19,weekend_special,364.4538956495087
2026-02-14,20,weekend_special,163.84975555980867
2026-02-14,21,weekend_special,126.0067476546681
2026-02-14,22,weekend_special,137.3897844372629
2026-02-14,23,weekend_special,154.28708437863776
2026-02-15,0,weekend_special,401.1644138442455
2026-02-15,1,weekend_special,332.2821737988348
2026-02-15,2,weekend_special,335.0291882354133
2026-02-15,3,weekend_special,231.69111552608126
2026-02-15,4,weekend_special,208.07321954149015
2026-02-15,5,weekend_special,73.95355426748895
2026-02-15,6,weekend_special,45.71067646938366
2026-02-15,7,weekend_special,286.74537425731603
2026-02-15,8,weekend_special,274.72083465127963
2026-02-15,9,weekend_special,208.2225408621729
2026-02-15,10,weekend_special,203.79147119316454
2026-02-15,11,weekend_special,164.9698416245867
2026-02-15,12,weekend_special,188.47476372527785
2026-02-15,13,weekend_special,207.2687093501369
2026-02-15,14,weekend_special,212.24937713506355
2026-02-15,15,weekend_special,190.7339604244413
2026-02-15,16,weekend_special,182.71086773012502
2026-02-15,17,weekend_special,203.43701511030534
2026-02-15,18,weekend_special,206.73426244814647
2026-02-15,19,weekend_special,225.13270873254643
2026-02-15,20,weekend_special,229.02193267421077
2026-02-15,21,weekend_special,158.58145587024703
2026-02-15,22,weekend_special,149.19057616632045
2026-02-15,23,weekend_special,110.79908458933774
2026-02-16,0,weekday_regular,54.65399729453577
2026-02-16,1,weekday_regular,61.53372015580433
2026-02-16,2,weekday_regular,94.9413896212512
2026-02-16,3,weekday_regular,88.60452718209132
2026-02-16,4,weekday_regular,50.79273153058301
2026-02-16,5,weekday_regular,80.9591167971644
2026-02-16,6,weekday_regular,563.065872594173
2026-02-16,7,weekday_regular,288.6004084990691
2026-02-16,8,weekday_regular,204.14944527748986
2026-02-16,9,weekday_regular,192.94487979514068
2026-02-16,10,weekday_regular,273.9744960552659
2026-02-16,11,weekday_regular,233.83663230062595
2026-02-16,12,weekday_regular,456.8148932004003
2026-02-16,13,weekday_regular,370.05668819045457
2026-02-16,14,weekday_regular,329.61869191968685
2026-02-16,15,weekday_regular,293.06184898053687
2026-02-16,16,weekday_regular,433.15089942876386
2026-02-16,17,weekday_regular,448.43521552298336
2026-02-16,18,weekday_regular,223.6080826958684
2026-02-16,19,weekday_regular,91.85540575968477
2026-02-16,20,weekday_regular,85.23410285968637
2026-02-16,21,weekday_regular,64.88192072694318
2026-02-16,22,weekday_regular,67.07931850412774
2026-02-16,23,weekday_regular,46.08887361197063
2026-02-17,0,weekday_regular,60.97562002660368
2026-02-17,1,weekday_regular,48.98475696466943
2026-02-17,2,weekday_regular,60.906832777038716
2026-02-17,3,weekday_regular,88.9759117242485
2026-02-17,4,weekday_regular,163.284872158986
2026-02-17,5,weekday_regular,210.42269436504884
2026-02-17,6,weekday_regular,134.82467016926182
2026-02-17,7,weekday_regular,356.69103979039556
2026-02-17,8,weekday_regular,321.6451557778769
2026-02-17,9,weekday_regular,340.55563455812955
2026-02-17,10,weekday_regular,515.645236126889
2026-02-17,11,weekday_regular,347.3230976489663
2026-02-17,12,weekday_regular,358.38846970715827
2026-02-17,13,weekday_regular,197.00860259728634
2026-02-17,14,weekday_regular,191.70588927836997
2026-02-17,15,weekday_regular,249.3632420344665
2026-02-17,16,weekday_regular,232.44325109949565
2026-02-17,17,weekday_regular,222.34524733172822
2026-02-17,18,weekday_regular,189.49645213076272
2026-02-17,19,weekday_regular,138.53123767619527
2026-02-17,20,weekday_regular,138.30597027034986
2026-02-17,21,weekday_regular,94.93739449755334
2026-02-17,22,weekday_regular,54.17243423117645
2026-02-17,23,weekday_regular,36.17161138258325
2026-02-18,0,weekday_regular,46.180012393271596
2026-02-18,1,weekday_regular,68.36732215955698
2026-02-18,2,weekday_regular,103.98478712080261
2026-02-18,3,weekday_regular,86.23839752370645
2026-02-18,4,weekday_regular,66.51492456473699
2026-02-18,5,weekday_regular,94.09419545557165
2026-02-18,6,weekday_regular,76.06011552805538
2026-02-18,7,weekday_regular,229.6453245516472
2026-02-18,8,weekday_regular,317.4987119586648
2026-02-18,9,weekday_regular,436.02894095985505
2026-02-18,10,weekday_regular,373.12316977255296
2026-02-18,11,weekday_regular,275.1771206932936
2026-02-18,12,weekday_regular,219.2954712851677
2026-02-18,13,weekday_regular,239.843654965536
2026-02-18,14,weekday_regular,209.23150620553108
2026-02-18,15,weekday_regular,394.79354255219084
2026-02-18,16,weekday_regular,355.25412023431284
2026-02-18,17,weekday_regular,237.85331036486483
2026-02-18,18,weekday_regular,275.4533515570074
2026-02-18,19,weekday_regular,158.78653804828855
2026-02-18,20,weekday_regular,154.62162297082426
2026-02-18,21,weekday_regular,124.35272916809512
2026-02-18,22,weekday_regular,94.5196282939275
2026-02-18,23,weekday_regular,53.73623123607504
2026-02-19,0,weekday_regular,85.13196357950349
2026-02-19,1,weekday_regular,69.26723985416464
2026-02-19,2,weekday_regular,141.4968616826183
2026-02-19,3,weekday_regular,156.27930036114745
2026-02-19,4,weekday_regular,131.49168182545097
2026-02-19,5,weekday_regular,116.8200316030189
2026-02-19,6,weekday_regular,71.14365774215207
2026-02-19,7,weekday_regular,238.000952374607
2026-02-19,8,weekday_regular,214.48797304463486
2026-02-19,9,weekday_regular,341.24002163343414
2026-02-19,10,weekday_regular,200.4076134292034
2026-02-19,11,weekday_regular,238.04040527490042
2026-02-19,12,weekday_regular,205.7236973615806
2026-02-19,13,weekday_regular,421.2547507667161
2026-02-19,14,weekday_regular,635.572974269686
2026-02-19,15,weekday_regular,457.207706244288
2026-02-19,16,weekday_regular,406.2688741700138
2026-02-19,17,weekday_regular,241.65154881774023
2026-02-19,18,weekday_regular,223.35842317973407
2026-02-19,19,weekday_regular,197.78183716156013
2026-02-19,20,weekday_regular,194.52158869108482
2026-02-19,21,weekday_regular,202.38458369908895
2026-02-19,22,weekday_regular,177.50342373330275
2026-02-19,23,weekday_regular,69.42886391651541
2026-02-20,0,weekday_regular,110.25198935177468
2026-02-20,1,weekday_regular,176.40183203450346
2026-02-20,2,weekday_regular,181.13605277828034
2026-02-20,3,weekday_regular,63.891519600376995
2026-02-20,4,weekday_regular,80.19316482660301
2026-02-20,5,weekday_regular,77.74779295867648
2026-02-20,6,weekday_regular,155.19722933196826
2026-02-20,7,weekday_regular,231.24878455560605
2026-02-20,8,weekday_regular,334.8034992323242
2026-02-20,9,weekday_regular,412.75659390315593
2026-02-20,10,weekday_regular,505.2186729772136
2026-02-20,11,weekday_regular,537.6084373271276
2026-02-20,12,weekday_regular,421.8602405814914
2026-02-20,13,weekday_regular,513.7445370006074
2026-02-20,14,weekday_regular,520.6007266232914
2026-02-20,15,weekday_regular,471.55720912243873
2026-02-20,16,weekday_regular,191.74892750561875
2026-02-20,17,weekday_regular,310.60827601140875
2026-02-20,18,weekday_regular,295.66491247623435
2026-02-20,19,weekday_regular,316.1689251505155
2026-02-20,20,weekday_regular,219.5020630376278
2026-02-20,21,weekday_regular,148.72001977637308
2026-02-20,22,weekday_regular,335.0229651591403
2026-02-20,23,weekday_regular,221.60866965403986
2026-02-21,0,weekend_regular,289.09027136944263
2026-02-21,1,weekend_regular,224.7691893279359
2026-02-21,2,weekend_regular,221.28827732695552
2026-02-21,3,weekend_regular,273.8806274262883
2026-02-21,4,weekend_regular,233.724021201998
2026-02-21,5,weekend_regular,158.92336655710864
2026-02-21,6,weekend_regular,70.86761344664922
2026-02-21,7,weekend_regular,283.0114222849675
2026-02-21,8,weekend_regular,207.4667857967164
2026-02-21,9,weekend_regular,301.7015749445855
2026-02-21,10,weekend_regular,518.3325744063383
2026-02-21,11,weekend_regular,386.67456162282383
2026-02-21,12,weekend_regular,435.73466934455166
2026-02-21,13,weekend_regular,492.9469742107534
2026-02-21,14,weekend_regular,462.4837214763029
2026-02-21,15,weekend_regular,335.0283201647518
2026-02-21,16,weekend_regular,357.53170089845685
2026-02-21,17,weekend_regular,295.4173236707582
2026-02-21,18,weekend_regular,298.5151180706441
2026-02-21,19,weekend_regular,266.41818136434847
2026-02-21,20,weekend_regular,207.35112400936032
2026-02-21,21,weekend_regular,316.1312543481023
2026-02-21,22,weekend_regular,233.22883635348944
2026-02-21,23,weekend_regular,261.764871545666
2026-02-22,0,weekend_regular,267.16741216511286
2026-02-22,1,weekend_regular,325.9400733265651
2026-02-22,2,weekend_regular,263.37669348483234
2026-02-22,3,weekend_regular,161.94003953465136
2026-02-22,4,weekend_regular,107.39978848969838
2026-02-22,5,weekend_regular,75.94987799271883
2026-02-22,6,weekend_regular,90.41652315434254
2026-02-22,7,weekend_regular,159.93714106782295
2026-02-22,8,weekend_regular,206.87385441418695
2026-02-22,9,weekend_regular,315.33890696064395
2026-02-22,10,weekend_regular,185.79236469224722
2026-02-22,11,weekend_regular,129.93989126459286
2026-02-22,12,weekend_regular,165.90807163775062
2026-02-22,13,weekend_regular,207.32766353898833
2026-02-22,14,weekend_regular,211.68639280408112
2026-02-22,15,weekend_regular,212.5059753661091
2026-02-22,16,weekend_regular,279.79610234318017
2026-02-22,17,weekend_regular,149.846974470769
2026-02-22,18,weekend_regular,130.90558637524708
2026-02-22,19,weekend_regular,159.48522294850625
2026-02-22,20,weekend_regular,128.11607968890155
2026-02-22,21,weekend_regular,95.00724967414135
2026-02-22,22,weekend_regular,75.61568267074765
2026-02-22,23,weekend_regular,53.59821121078036
2026-02-23,0,weekday_regular,192.8100998873054
2026-02-23,1,weekday_regular,286.626408837593
2026-02-23,2,weekday_regular,329.428394352169
2026-02-23,3,weekday_regular,201.3288548792087
2026-02-23,4,weekday_regular,164.56186567118976
2026-02-23,5,weekday_regular,83.44041943122673
2026-02-23,6,weekday_regular,190.21214150172182
2026-02-23,7,weekday_regular,530.7779186810944
2026-02-23,8,weekday_regular,484.4170383797367
2026-02-23,9,weekday_regular,462.9225639895193
2026-02-23,10,weekday_regular,318.9493228642981
2026-02-23,11,weekday_regular,342.32731020785076
2026-02-23,12,weekday_regular,325.0953304278818
2026-02-23,13,weekday_regular,350.07222600929504
2026-02-23,14,weekday_regular,387.31806306276235
2026-02-23,15,weekday_regular,415.64960181014794
2026-02-23,16,weekday_regular,458.52916218274754
2026-02-23,17,weekday_regular,334.3569293540415
2026-02-23,18,weekday_regular,268.9292123971654
2026-02-23,19,weekday_regular,221.39857353654665
2026-02-23,20,weekday_regular,186.93710160970303
2026-02-23,21,weekday_regular,195.56482343725742
2026-02-23,22,weekday_regular,94.73747754243445
2026-02-23,23,weekday_regular,71.30108543155475
2026-02-24,0,weekday_regular,122.48252541286885
2026-02-24,1,weekday_regular,365.69967724670084
2026-02-24,2,weekday_regular,214.464727513013
2026-02-24,3,weekday_regular,131.41552382582245
2026-02-24,4,weekday_regular,133.34975844256888
2026-02-24,5,weekday_regular,56.80486858392564
2026-02-24,6,weekday_regular,129.39074121065428
2026-02-24,7,weekday_regular,341.24241049787963
2026-02-24,8,weekday_regular,520.4172367622666
2026-02-24,9,weekday_regular,582.3412727505773
2026-02-24,10,weekday_regular,507.6603698069159
2026-02-24,11,weekday_regular,415.8765104587851
2026-02-24,12,weekday_regular,356.6313348947069
2026-02-24,13,weekday_regular,432.71936324309036
2026-02-24,14,weekday_regular,390.3247815391012
2026-02-24,15,weekday_regular,448.32252531867647
2026-02-24,16,weekday_regular,474.71568246725064
2026-02-24,17,weekday_regular,279.64822356623955
2026-02-24,18,weekday_regular,312.8911000142152
2026-02-24,19,weekday_regular,545.9121344420888
2026-02-24,20,weekday_regular,513.0513377828707
2026-02-24,21,weekday_regular,215.7723335549541
2026-02-24,22,weekday_regular,232.8810159477591
2026-02-24,23,weekday_regular,264.103875168306
2026-02-25,0,weekday_regular,261.8888585338372
2026-02-25,1,weekday_regular,195.58152982146248
2026-02-25,2,weekday_regular,144.29695539004072
2026-02-25,3,weekday_regular,91.25908024205475
2026-02-25,4,weekday_regular,65.80176698753738
2026-02-25,5,weekday_regular,112.1817251341254
2026-02-25,6,weekday_regular,200.4452671138406
2026-02-25,7,weekday_regular,384.5314550739729
2026-02-25,8,weekday_regular,338.70272357928434
2026-02-25,9,weekday_regular,288.0012955013792
2026-02-25,10,weekday_regular,297.80334451905617
2026-02-25,11,weekday_regular,553.5465703571945
2026-02-25,12,weekday_regular,796.3633517120586
2026-02-25,13,weekday_regular,482.7153429283004
2026-02-25,14,weekday_regular,443.00686493073033
2026-02-25,15,weekday_regular,326.9168692061032
2026-02-25,16,weekday_regular,265.76989883902854
2026-02-25,17,weekday_regular,404.7617484662173
2026-02-25,18,weekday_regular,544.3160272511408
2026-02-25,19,weekday_regular,526.3249833314541
2026-02-25,20,weekday_regular,375.7022437280041
2026-02-25,21,weekday_regular,288.8279289302942
2026-02-25,22,weekday_regular,218.35246920256984
2026-02-25,23,weekday_regular,260.0911170760575
2026-02-26,0,weekday_special,248.27920304373686
2026-02-26,1,weekday_special,158.10307931076989
2026-02-26,2,weekday_special,104.7505896154468
2026-02-26,3,weekday_special,44.78060479797196
2026-02-26,4,weekday_special,68.07096014311966
2026-02-26,5,weekday_special,82.29004535720051
2026-02-26,6,weekday_special,159.41106632077333
2026-02-26,7,weekday_special,344.67881533186204
2026-02-26,8,weekday_special,454.939747736895
2026-02-26,9,weekday_special,299.6058331765104
2026-02-26,10,weekday_special,547.3466054244102
2026-02-26,11,weekday_special,650.8375979164472
2026-02-26,12,weekday_special,655.9026601808403
2026-02-26,13,weekday_special,634.6395460826366
2026-02-26,14,weekday_special,609.351334243946
2026-02-26,15,weekday_special,662.5816918652978
2026-02-26,16,weekday_special,517.3980450330118
2026-02-26,17,weekday_special,344.9374782577312
2026-02-26,18,weekday_special,504.621175104446
2026-02-26,19,weekday_special,384.26020904400417
2026-02-26,20,weekday_special,296.82843685504895
2026-02-26,21,weekday_special,218.28872485774664
2026-02-26,22,weekday_special,139.31517970033622
2026-02-26,23,weekday_special,216.73778966655468
2026-02-27,0,weekday_regular,407.17129702355135
2026-02-27,1,weekday_regular,323.29661858457604
2026-02-27,2,weekday_regular,274.04565011180443
2026-02-27,3,weekday_regular,197.24648408760964
2026-02-27,4,weekday_regular,81.53841172429054
2026-02-27,5,weekday_regular,292.03631200005634
2026-02-27,6,weekday_regular,310.87527714969883
2026-02-27,7,weekday_regular,422.84485951335466
2026-02-27,8,weekday_regular,333.840873562854
2026-02-27,9,weekday_regular,345.5768669194316
2026-02-27,10,weekday_regular,321.1773743891197
2026-02-27,11,weekday_regular,533.2976313012321
2026-02-27,12,weekday_regular,588.0484492762993
2026-02-27,13,weekday_regular,558.9543052777676
2026-02-27,14,weekday_regular,554.9707000764532
2026-02-27,15,weekday_regular,417.65136357870824
2026-02-27,16,weekday_regular,333.9675530083998
2026-02-27,17,weekday_regular,386.2148360546706
2026-02-27,18,weekday_regular,589.1518885786193
2026-02-27,19,weekday_regular,402.5760792829129
2026-02-27,20,weekday_regular,268.79487593295954
2026-02-27,21,weekday_regular,262.1380388481957
2026-02-27,22,weekday_regular,342.0342635699286
2026-02-27,23,weekday_regular,226.3528783083134
2026-02-28,0,weekend_regular,250.4755109623775
2026-02-28,1,weekend_regular,326.2802134097236
2026-02-28,2,weekend_regular,280.3756114140016
2026-02-28,3,weekend_regular,148.7911855575942
2026-02-28,4,weekend_regular,179.35576182147022
2026-02-28,5,weekend_regular,102.0322849637048
2026-02-28,6,weekend_regular,147.88545858441756
2026-02-28,7,weekend_regular,165.14005803617
2026-02-28,8,weekend_regular,149.7954141367968
2026-02-28,9,weekend_regular,163.65808665947435
2026-02-28,10,weekend_regular,251.90779646250274
2026-02-28,11,weekend_regular,401.7734833623489
2026-02-28,12,weekend_regular,391.400850012306
2026-02-28,13,weekend_regular,443.5323050148103
2026-02-28,14,weekend_regular,312.4211688093144
2026-02-28,15,weekend_regular,372.33362817007105
2026-02-28,16,weekend_regular,359.75928242096165
2026-02-28,17,weekend_regular,430.97656868967124
2026-02-28,18,weekend_regular,406.7921878808688
2026-02-28,19,weekend_regular,234.03089503120881
2026-02-28,20,weekend_regular,207.25762184545817
2026-02-28,21,weekend_regular,190.79894301534333
2026-02-28,22,weekend_regular,410.94776671201316
2026-02-28,23,weekend_regular,523.8455673356359
2026-03-01,0,weekend_regular,394.44891628125845
2026-03-01,1,weekend_regular,390.80371071268445
2026-03-01,2,weekend_regular,246.66287552496524
2026-03-01,3,weekend_regular,147.81533518555796
2026-03-01,4,weekend_regular,157.2502893727546
2026-03-01,5,weekend_regular,69.65429310493911
2026-03-01,6,weekend_regular,119.56283883623755
2026-03-01,7,weekend_regular,191.42851910333079
2026-03-01,8,weekend_regular,145.27574964733645
2026-03-01,9,weekend_regular,100.44695799270706
2026-03-01,10,weekend_regular,287.8998564944602
2026-03-01,11,weekend_regular,177.52497551523695
2026-03-01,12,weekend_regular,153.572012429347
2026-03-01,13,weekend_regular,144.9362911729845
2026-03-01,14,weekend_regular,118.30790022392577
2026-03-01,15,weekend_regular,166.02596172179193
2026-03-01,16,weekend_regular,286.94756095752496
2026-03-01,17,weekend_regular,200.13517369224223
2026-03-01,18,weekend_regular,159.04054635378932
2026-03-01,19,weekend_regular,83.07094914506001
2026-03-01,20,weekend_regular,55.17064911470669
2026-03-01,21,weekend_regular,58.042869443869705
2026-03-01,22,weekend_regular,36.10798059509278
2026-03-01,23,weekend_regular,47.38276805522031
2026-03-02,0,weekday_regular,75.09436751839979
2026-03-02,1,weekday_regular,50.70278173251333
2026-03-02,2,weekday_regular,64.08842837995209
2026-03-02,3,weekday_regular,67.10737989621154
2026-03-02,4,weekday_regular,200.4402954089789
2026-03-02,5,weekday_regular,109.15376661432603
2026-03-02,6,weekday_regular,141.66855963053473
2026-03-02,7,weekday_regular,245.33319897465185
2026-03-02,8,weekday_regular,204.81776737417835
2026-03-02,9,weekday_regular,277.7683127534578
2026-03-02,10,weekday_regular,416.2321162240346
2026-03-02,11,weekday_regular,411.17702163848026
2026-03-02,12,weekday_regular,347.4382376157281
2026-03-02,13,weekday_regular,298.60174220186957
2026-03-02,14,weekday_regular,287.46689334106077
2026-03-02,15,weekday_regular,394.3948286580087
2026-03-02,16,weekday_regular,452.37247081060116
2026-03-02,17,weekday_regular,351.83219892048254
2026-03-02,18,weekday_regular,277.2508577321769
2026-03-02,19,weekday_regular,200.18705026031571
2026-03-02,20,weekday_regular,269.90673238866685
2026-03-02,21,weekday_regular,254.3686185336455
2026-03-02,22,weekday_regular,258.82800255875406
2026-03-02,23,weekday_regular,259.37135902170075
2026-03-03,0,weekday_regular,139.50852561474022
2026-03-03,1,weekday_regular,113.25735225387643
2026-03-03,2,weekday_regular,264.9135057014449
2026-03-03,3,weekday_regular,262.1920127736016
2026-03-03,4,weekday_regular,155.81543195788964
2026-03-03,5,weekday_regular,94.60371787606547
2026-03-03,6,weekday_regular,110.72441303184715
2026-03-03,7,weekday_regular,443.33060015470136
2026-03-03,8,weekday_regular,593.5432812267171
2026-03-03,9,weekday_regular,371.54854369600605
2026-03-03,10,weekday_regular,477.7957543096155
2026-03-03,11,weekday_regular,326.9056928324842
2026-03-03,12,weekday_regular,426.79339829827836
2026-03-03,13,weekday_regular,334.19343033307814
2026-03-03,14,weekday_regular,477.6929028194022
2026-03-03,15,weekday_regular,523.3317769304118
2026-03-03,16,weekday_regular,438.4965962044305
2026-03-03,17,weekday_regular,382.22569524226157
2026-03-03,18,weekday_regular,352.4725057783862
2026-03-03,19,weekday_regular,378.1595694008658
2026-03-03,20,weekday_regular,198.99427563472105
2026-03-03,21,weekday_regular,131.41462894664272
2026-03-03,22,weekday_regular,70.01627442282629
2026-03-03,23,weekday_regular,144.1030452639514
2026-03-04,0,weekday_regular,125.64690225955539
2026-03-04,1,weekday_regular,153.82879503622462
2026-03-04,2,weekday_regular,160.05164765571138
2026-03-04,3,weekday_regular,112.59007383167778
2026-03-04,4,weekday_regular,136.97642070716068
2026-03-04,5,weekday_regular,399.3957134018516
2026-03-04,6,weekday_regular,419.3516123819671
2026-03-04,7,weekday_regular,309.61365661044687
2026-03-04,8,weekday_regular,233.9870122245323
2026-03-04,9,weekday_regular,345.24344983066976
2026-03-04,10,weekday_regular,360.6361575158811
2026-03-04,11,weekday_regular,387.02587641124694
2026-03-04,12,weekday_regular,406.52145639661774
2026-03-04,13,weekday_regular,304.5387749187671
2026-03-04,14,weekday_regular,394.17485610415656
2026-03-04,15,weekday_regular,368.10704352541467
2026-03-04,16,weekday_regular,472.1327273096711
2026-03-04,17,weekday_regular,422.8171755828421
2026-03-04,18,weekday_regular,307.5697259108721
2026-03-04,19,weekday_regular,142.93805793300336
2026-03-04,20,weekday_regular,130.4428644878194
2026-03-04,21,weekday_regular,110.97085441918142
2026-03-04,22,weekday_regular,155.4787299369575
2026-03-04,23,weekday_regular,165.25368965534767
2026-03-05,0,weekday_regular,181.13627085343344
2026-03-05,1,weekday_regular,132.3788395367303
2026-03-05,2,weekday_regular,57.21785846568659
2026-03-05,3,weekday_regular,43.83440461262052
2026-03-05,4,weekday_regular,41.18434330921494
2026-03-05,5,weekday_regular,62.976189107763815
2026-03-05,6,weekday_regular,119.40944669684725
2026-03-05,7,weekday_regular,188.04964746725915
2026-03-05,8,weekday_regular,298.9580958533304
2026-03-05,9,weekday_regular,446.45135253200806
2026-03-05,10,weekday_regular,449.9104657088151
2026-03-05,11,weekday_regular,376.8720789918692
2026-03-05,12,weekday_regular,278.0283400133097
2026-03-05,13,weekday_regular,361.82398783023507
2026-03-05,14,weekday_regular,441.54395775747713
2026-03-05,15,weekday_regular,490.422441178309
2026-03-05,16,weekday_regular,465.2085915746002
2026-03-05,17,weekday_regular,301.14854437934133
2026-03-05,18,weekday_regular,294.01515098780123
2026-03-05,19,weekday_regular,197.49542499498853
2026-03-05,20,weekday_regular,196.89695961911949
2026-03-05,21,weekday_regular,195.8903675852941
2026-03-05,22,weekday_regular,137.91359945443313
2026-03-05,23,weekday_regular,117.31791840430292
2026-03-06,0,weekday_regular,211.2526129161585
2026-03-06,1,weekday_regular,131.14368835699787
2026-03-06,2,weekday_regular,87.22763534443328
2026-03-06,3,weekday_regular,37.04055695709991
2026-03-06,4,weekday_regular,71.2852378727479
2026-03-06,5,weekday_regular,191.81020256283827
2026-03-06,6,weekday_regular,232.87929581600875
2026-03-06,7,weekday_regular,330.5905947272277
2026-03-06,8,weekday_regular,144.46680166018695
2026-03-06,9,weekday_regular,178.7819394154513
2026-03-06,10,weekday_regular,168.4159589319416
2026-03-06,11,weekday_regular,314.7788665396858
2026-03-06,12,weekday_regular,311.86538541869453
2026-03-06,13,weekday_regular,238.6018821759755
2026-03-06,14,weekday_regular,217.43268071362726
2026-03-06,15,weekday_regular,196.52036832610514
2026-03-06,16,weekday_regular,265.8185719256128
2026-03-06,17,weekday_regular,262.05400962768545
2026-03-06,18,weekday_regular,344.1221215816335
2026-03-06,19,weekday_regular,287.7214214899517
2026-03-06,20,weekday_regular,162.69724457439344
2026-03-06,21,weekday_regular,98.21423334223664
2026-03-06,22,weekday_regular,92.85956058611171
2026-03-06,23,weekday_regular,121.75886528412548
2026-03-07,0,weekend_regular,150.73139481921928
2026-03-07,1,weekend_regular,105.03804359353016
2026-03-07,2,weekend_regular,73.91811437315943
2026-03-07,3,weekend_regular,106.75736463268235
2026-03-07,4,weekend_regular,177.50442210817815
2026-03-07,5,weekend_regular,31.53123856552861
2026-03-07,6,weekend_regular,55.23737586820101
2026-03-07,7,weekend_regular,160.83764369365588
2026-03-07,8,weekend_regular,136.10581547877797
2026-03-07,9,weekend_regular,308.422956787923
2026-03-07,10,weekend_regular,360.56853007770627
2026-03-07,11,weekend_regular,519.2584628813792
2026-03-07,12,weekend_regular,428.79862195918565
2026-03-07,13,weekend_regular,298.43062697366605
2026-03-07,14,weekend_regular,355.69383090233976
2026-03-07,15,weekend_regular,502.01567445022977
2026-03-07,16,weekend_regular,323.62345032519806
2026-03-07,17,weekend_regular,292.70664109114523
2026-03-07,18,weekend_regular,193.5837483575127
2026-03-07,19,weekend_regular,80.87942202539534
2026-03-07,20,weekend_regular,65.77398673403133
2026-03-07,21,weekend_regular,113.07753267740183
2026-03-07,22,weekend_regular,129.80888105890858
2026-03-07,23,weekend_regular,64.73220722203013
2026-03-08,0,weekend_special,99.13439200775422
2026-03-08,1,weekend_special,123.95134566499357
2026-03-08,2,weekend_special,227.97747024588128
2026-03-08,3,weekend_special,153.25627243958434
2026-03-08,4,weekend_special,107.06868113855373
2026-03-08,5,weekend_special,31.356857579224595
2026-03-08,6,weekend_special,119.65027532631534
2026-03-08,7,weekend_special,456.17689705516153
2026-03-08,8,weekend_special,300.0323698857719
2026-03-08,9,weekend_special,315.09551234012014
2026-03-08,10,weekend_special,256.8465108719542
2026-03-08,11,weekend_special,187.71254711143283
2026-03-08,12,weekend_special,329.0259863877409
2026-03-08,13,weekend_special,316.41140246002624
2026-03-08,14,weekend_special,316.5908639442033
2026-03-08,15,weekend_special,244.05891370355334
2026-03-08,16,weekend_special,148.23177856805756
2026-03-08,17,weekend_special,172.88934512211245
2026-03-08,18,weekend_special,237.43891861955507
2026-03-08,19,weekend_special,219.27035121444328
2026-03-08,20,weekend_special,138.05783753759047
2026-03-08,21,weekend_special,114.42506029191026
2026-03-08,22,weekend_special,75.36101225524041
2026-03-08,23,weekend_special,377.6096685612732
2026-03-09,0,weekday_regular,473.7483614566165
2026-03-09,1,weekday_regular,253.49160935144832
2026-03-09,2,weekday_regular,137.92640899324974
2026-03-09,3,weekday_regular,104.13394487860819
2026-03-09,4,weekday_regular,169.49073856474894
2026-03-09,5,weekday_regular,235.96122514677006
2026-03-09,6,weekday_regular,109.5418175836197
2026-03-09,7,weekday_regular,135.78874821762452
2026-03-09,8,weekday_regular,169.7112784867453
2026-03-09,9,weekday_regular,157.62618107744441
2026-03-09,10,weekday_regular,272.98313720712935
2026-03-09,11,weekday_regular,291.86630093904137
2026-03-09,12,weekday_regular,120.89206823873653
2026-03-09,13,weekday_regular,167.9510006855685
2026-03-09,14,weekday_regular,145.31994647483236
2026-03-09,15,weekday_regular,203.6587363449298
2026-03-09,16,weekday_regular,249.21137206477286
2026-03-09,17,weekday_regular,138.22254981935995
2026-03-09,18,weekday_regular,210.47244721088356
2026-03-09,19,weekday_regular,86.01501641803273
2026-03-09,20,weekday_regular,96.63197174260192
2026-03-09,21,weekday_regular,208.94631270350416
2026-03-09,22,weekday_regular,105.3339517812529
2026-03-09,23,weekday_regular,65.88687228626466
2026-03-10,0,weekday_regular,47.66086034889864
2026-03-10,1,weekday_regular,38.67096014328581
2026-03-10,2,weekday_regular,149.87445332539323
2026-03-10,3,weekday_regular,133.30253040475912
2026-03-10,4,weekday_regular,127.17965303867227
2026-03-10,5,weekday_regular,62.203854879994935
2026-03-10,6,weekday_regular,128.6534010848704
2026-03-10,7,weekday_regular,334.7520868721431
2026-03-10,8,weekday_regular,384.18804399747887
2026-03-10,9,weekday_regular,246.5457569319863
2026-03-10,10,weekday_regular,185.7344600674986
2026-03-10,11,weekday_regular,191.60743907694862
2026-03-10,12,weekday_regular,191.94364171447077
2026-03-10,13,weekday_regular,203.40906515675158
2026-03-10,14,weekday_regular,196.14363236968362
2026-03-10,15,weekday_regular,201.87077455970532
2026-03-10,16,weekday_regular,132.57578733800938
2026-03-10,17,weekday_regular,160.96340914917235
2026-03-10,18,weekday_regular,233.89762345875835
2026-03-10,19,weekday_regular,255.95300201060843
2026-03-10,20,weekday_regular,130.68998893209067
2026-03-10,21,weekday_regular,96.60204271799006
2026-03-10,22,weekday_regular,73.99665277926431
2026-03-10,23,weekday_regular,27.65667442906235
2026-03-11,0,weekday_regular,25.047883220285883
2026-03-11,1,weekday_regular,29.248106808244643
2026-03-11,2,weekday_regular,49.45950427059162
2026-03-11,3,weekday_regular,29.71996079090144
2026-03-11,4,weekday_regular,27.1497770270918
2026-03-11,5,weekday_regular,81.00397093481985
2026-03-11,6,weekday_regular,203.2428870149247
2026-03-11,7,weekday_regular,153.87766549804857
2026-03-11,8,weekday_regular,134.45570890844056
2026-03-11,9,weekday_regular,104.46479246365111
2026-03-11,10,weekday_regular,218.17484863242456
2026-03-11,11,weekday_regular,448.2110469506659
2026-03-11,12,weekday_regular,338.20814865163413
2026-03-11,13,weekday_regular,316.7697208891604
2026-03-11,14,weekday_regular,265.43899945740554
2026-03-11,15,weekday_regular,219.45387649040225
2026-03-11,16,weekday_regular,325.7289909138517
2026-03-11,17,weekday_regular,197.6455711332648
2026-03-11,18,weekday_regular,182.4079674012358
2026-03-11,19,weekday_regular,90.12352417824394
2026-03-11,20,weekday_regular,154.15850726284364
2026-03-11,21,weekday_regular,192.08100946401083
2026-03-11,22,weekday_regular,170.01523830503749
2026-03-11,23,weekday_regular,39.56926698768558
2026-03-12,0,weekday_regular,25.507527875003944
2026-03-12,1,weekday_regular,177.80094345913804
2026-03-12,2,weekday_regular,35.6905238263634
2026-03-12,3,weekday_regular,36.305405859027815
2026-03-12,4,weekday_regular,55.17590394321232
2026-03-12,5,weekday_regular,58.38394514240201
2026-03-12,6,weekday_regular,184.24229070557234
2026-03-12,7,weekday_regular,158.19333163016282
2026-03-12,8,weekday_regular,132.74610822257034
2026-03-12,9,weekday_regular,268.6595806204898
2026-03-12,10,weekday_regular,197.54518310539262
2026-03-12,11,weekday_regular,298.6280546117749
2026-03-12,12,weekday_regular,304.9083631263135
2026-03-12,13,weekday_regular,285.7745016039791
2026-03-12,14,weekday_regular,336.84609618233446
2026-03-12,15,weekday_regular,465.20941082787647
2026-03-12,16,weekday_regular,468.1471185515597
2026-03-12,17,weekday_regular,405.5384894862648
2026-03-12,18,weekday_regular,339.87670235607715
2026-03-12,19,weekday_regular,109.2282099119234
2026-03-12,20,weekday_regular,122.50625058422665
2026-03-12,21,weekday_regular,161.38654764747892
2026-03-12,22,weekday_regular,72.76630131441439
2026-03-12,23,weekday_regular,35.53205104949643
2026-03-13,0,weekday_regular,81.50102848220016
2026-03-13,1,weekday_regular,68.8420822575768
2026-03-13,2,weekday_regular,59.63241542769825
2026-03-13,3,weekday_regular,34.24198856551328
2026-03-13,4,weekday_regular,178.93550030353646
2026-03-13,5,weekday_regular,31.76472751404549
2026-03-13,6,weekday_regular,282.3660499877262
2026-03-13,7,weekday_regular,275.6422753042543
2026-03-13,8,weekday_regular,199.7678323904739
2026-03-13,9,weekday_regular,260.66822353621205
2026-03-13,10,weekday_regular,396.8076997241765
2026-03-13,11,weekday_regular,506.9261546845944
2026-03-13,12,weekday_regular,615.2947187335591
2026-03-13,13,weekday_regular,590.3240090078059
2026-03-13,14,weekday_regular,354.41771158222224
2026-03-13,15,weekday_regular,248.72194118945848
2026-03-13,16,weekday_regular,335.1360598412812
2026-03-13,17,weekday_regular,482.37652467054147
2026-03-13,18,weekday_regular,299.494342946473
2026-03-13,19,weekday_regular,73.35932004886578
2026-03-13,20,weekday_regular,49.73939020710401
2026-03-13,21,weekday_regular,76.07510727413037
2026-03-13,22,weekday_regular,124.4993070562388
2026-03-13,23,weekday_regular,161.74055877432414
2026-03-14,0,weekend_regular,101.0340177405543
2026-03-14,1,weekend_regular,73.80616331303756
2026-03-14,2,weekend_regular,62.609653325783114
2026-03-14,3,weekend_regular,57.18454159831893
2026-03-14,4,weekend_regular,64.1532043720648
2026-03-14,5,weekend_regular,147.90640121142718
2026-03-14,6,weekend_regular,222.81752835905525
2026-03-14,7,weekend_regular,156.6739434931992
2026-03-14,8,weekend_regular,120.49610012201397
2026-03-14,9,weekend_regular,176.15314163811337
2026-03-14,10,weekend_regular,170.78210826994768
2026-03-14,11,weekend_regular,359.0186237915475
2026-03-14,12,weekend_regular,277.7019856955685
2026-03-14,13,weekend_regular,348.252439868276
2026-03-14,14,weekend_regular,275.7811321392421
2026-03-14,15,weekend_regular,229.03335675014665
2026-03-14,16,weekend_regular,234.57299881883944
2026-03-14,17,weekend_regular,463.75746170586626
2026-03-14,18,weekend_regular,296.91939155605655
2026-03-14,19,weekend_regular,255.21092847012886
2026-03-14,20,weekend_regular,149.76306650213965
2026-03-14,21,weekend_regular,125.0202105099203
2026-03-14,22,weekend_regular,125.84303859948945
2026-03-14,23,weekend_regular,74.14969894989866
2026-03-15,0,weekend_regular,102.3230223508841
2026-03-15,1,weekend_regular,88.0916530077568
2026-03-15,2,weekend_regular,58.28599351729636
2026-03-15,3,weekend_regular,78.99015925581315
2026-03-15,4,weekend_regular,48.91256909899178
2026-03-15,5,weekend_regular,40.33685733263391
2026-03-15,6,weekend_regular,189.65824115054698
2026-03-15,7,weekend_regular,107.480340531263
2026-03-15,8,weekend_regular,228.62622359733987
2026-03-15,9,weekend_regular,191.11566574920747
2026-03-15,10,weekend_regular,145.61935354300505
2026-03-15,11,weekend_regular,370.49937445939554
2026-03-15,12,weekend_regular,439.42290228904875
2026-03-15,13,weekend_regular,377.5238975382028
2026-03-15,14,weekend_regular,324.09194561936965
2026-03-15,15,weekend_regular,141.9200842101053
2026-03-15,16,weekend_regular,162.67203922351013
2026-03-15,17,weekend_regular,229.91257173768437
2026-03-15,18,weekend_regular,215.01582807771334
2026-03-15,19,weekend_regular,62.69094290891968
2026-03-15,20,weekend_regular,65.64187180700625
2026-03-15,21,weekend_regular,36.78465345622982
2026-03-15,22,weekend_regular,34.19963067652566
2026-03-15,23,weekend_regular,30.2551144825496
2026-03-16,0,weekday_regular,30.70488170460476
2026-03-16,1,weekday_regular,178.93550030353646
2026-03-16,2,weekday_regular,24.888238565566155
2026-03-16,3,weekday_regular,44.5942534029235
2026-03-16,4,weekday_regular,60.402862158013136
2026-03-16,5,weekday_regular,74.9554504013422
2026-03-16,6,weekday_regular,415.027946704898
2026-03-16,7,weekday_regular,542.067098296807
2026-03-16,8,weekday_regular,358.1873941366761
2026-03-16,9,weekday_regular,243.36070760253364
2026-03-16,10,weekday_regular,283.2368479588869
2026-03-16,11,weekday_regular,247.66418218074392
2026-03-16,12,weekday_regular,459.65506531995413
2026-03-16,13,weekday_regular,459.9788721239181
2026-03-16,14,weekday_regular,454.9050617701496
2026-03-16,15,weekday_regular,297.2256547180875
2026-03-16,16,weekday_regular,231.67150834082966
2026-03-16,17,weekday_regular,199.25719635446086
2026-03-16,18,weekday_regular,143.36701573281937
2026-03-16,19,weekday_regular,55.895262882072615
2026-03-16,20,weekday_regular,56.76853947447091
2026-03-16,21,weekday_regular,44.478128050637565
2026-03-16,22,weekday_regular,35.19840716544846
2026-03-16,23,weekday_regular,39.67463067649473
2026-03-17,0,weekday_regular,61.660959907914986
2026-03-17,1,weekday_regular,34.06836503017229
2026-03-17,2,weekday_regular,33.61755760667475
2026-03-17,3,weekday_regular,34.08743172110931
2026-03-17,4,weekday_regular,32.64236062731845
2026-03-17,5,weekday_regular,33.081812962561884
2026-03-17,6,weekday_regular,87.70329647360916
2026-03-17,7,weekday_regular,353.08534144841303
2026-03-17,8,weekday_regular,474.1877609863569
2026-03-17,9,weekday_regular,556.0271692947221
2026-03-17,10,weekday_regular,555.7522346214556
2026-03-17,11,weekday_regular,442.0159835143682
2026-03-17,12,weekday_regular,245.5664956045238
2026-03-17,13,weekday_regular,355.43437331104366
2026-03-17,14,weekday_regular,524.339721144645
2026-03-17,15,weekday_regular,487.5609962580709
2026-03-17,16,weekday_regular,279.84701234680193
2026-03-17,17,weekday_regular,225.58182989874317
2026-03-17,18,weekday_regular,148.8112890977069
2026-03-17,19,weekday_regular,82.56922793360391
2026-03-17,20,weekday_regular,63.16372384920399
2026-03-17,21,weekday_regular,55.33100227145073
2026-03-17,22,weekday_regular,38.824093006747944
2026-03-17,23,weekday_regular,30.371517131111517
2026-03-18,0,weekday_regular,25.580960143359817
2026-03-18,1,weekday_regular,23.75368172116771
2026-03-18,2,weekday_regular,24.888238565566155
2026-03-18,3,weekday_regular,177.80094345913804
2026-03-18,4,weekday_regular,177.80094345913804
2026-03-18,5,weekday_regular,33.07728313445273
2026-03-18,6,weekday_regular,84.7359405280811
2026-03-18,7,weekday_regular,182.99357087081097
2026-03-18,8,weekday_regular,509.41559395456284
2026-03-18,9,weekday_regular,420.3124957773186
2026-03-18,10,weekday_regular,491.0330288971279
2026-03-18,11,weekday_regular,349.5405185474857
2026-03-18,12,weekday_regular,180.2762951996341
2026-03-18,13,weekday_regular,191.34865724518093
2026-03-18,14,weekday_regular,275.00836558023997
2026-03-18,15,weekday_regular,231.48266903688676
2026-03-18,16,weekday_regular,297.6081717372007
2026-03-18,17,weekday_regular,172.23253966724772
2026-03-18,18,weekday_regular,201.67445652871214
2026-03-18,19,weekday_regular,176.3231709804241
2026-03-18,20,weekday_regular,64.10070887847615
2026-03-18,21,weekday_regular,56.934845963700724
2026-03-18,22,weekday_regular,36.7988076564599
2026-03-18,23,weekday_regular,31.116740498804887
2026-03-19,0,weekday_regular,32.21406359159815
2026-03-19,1,weekday_regular,178.36822188133726
2026-03-19,2,weekday_regular,24.453681721163747
2026-03-19,3,weekday_regular,177.80094345913804
2026-03-19,4,weekday_regular,177.80094345913804
2026-03-19,5,weekday_regular,59.027979373180614
2026-03-19,6,weekday_regular,271.35502067615676
2026-03-19,7,weekday_regular,272.72960561580715
2026-03-19,8,weekday_regular,229.6248699585496
2026-03-19,9,weekday_regular,223.14617977301597
2026-03-19,10,weekday_regular,212.66783959870114
2026-03-19,11,weekday_regular,461.85040496971993
2026-03-19,12,weekday_regular,395.7401194162661
2026-03-19,13,weekday_regular,301.29419177035015
2026-03-19,14,weekday_regular,263.1668698648008
2026-03-19,15,weekday_regular,192.5640329038477
2026-03-19,16,weekday_regular,323.0233665867046
2026-03-19,17,weekday_regular,331.27855294901906
2026-03-19,18,weekday_regular,186.39453009317435
2026-03-19,19,weekday_regular,116.38319976300605
2026-03-19,20,weekday_regular,85.97708031177578
2026-03-19,21,weekday_regular,58.96222455451036
2026-03-19,22,weekday_regular,192.77892276624755
2026-03-19,23,weekday_regular,443.96650567420994
2026-03-20,0,weekday_regular,304.12119225164804
2026-03-20,1,weekday_regular,149.18288600076116
2026-03-20,2,weekday_regular,48.200971533091376
2026-03-20,3,weekday_regular,23.75368172116771
2026-03-20,4,weekday_regular,32.746528223679206
2026-03-20,5,weekday_regular,228.08813738780196
2026-03-20,6,weekday_regular,216.97873448292333
2026-03-20,7,weekday_regular,181.4144808392252
2026-03-20,8,weekday_regular,178.76043165988392
2026-03-20,9,weekday_regular,207.50743752202192
2026-03-20,10,weekday_regular,241.05415035320186
2026-03-20,11,weekday_regular,244.08752414112493
2026-03-20,12,weekday_regular,261.65015253278085
2026-03-20,13,weekday_regular,240.57638687793025
2026-03-20,14,weekday_regular,162.4716907775641
2026-03-20,15,weekday_regular,163.46017990717303
2026-03-20,16,weekday_regular,168.79935392562942
2026-03-20,17,weekday_regular,224.8724453486544
2026-03-20,18,weekday_regular,246.95269569787567
2026-03-20,19,weekday_regular,172.49067205744802
2026-03-20,20,weekday_regular,150.84304622140684
2026-03-20,21,weekday_regular,120.32552122879997
2026-03-20,22,weekday_regular,77.80942872520146
2026-03-20,23,weekday_regular,161.44358358434093
2026-03-21,0,weekend_regular,108.46492120662184
2026-03-21,1,weekend_regular,77.48773843667553
2026-03-21,2,weekend_regular,106.07261766766251
2026-03-21,3,weekend_regular,61.519949875077714
2026-03-21,4,weekend_regular,69.0475314484695
2026-03-21,5,weekend_regular,78.37488391426345
2026-03-21,6,weekend_regular,191.2987992611313
2026-03-21,7,weekend_regular,169.6921152290406
2026-03-21,8,weekend_regular,190.62186901105778
2026-03-21,9,weekend_regular,175.97279597201594
2026-03-21,10,weekend_regular,182.716402882182
2026-03-21,11,weekend_regular,213.64120874375277
2026-03-21,12,weekend_regular,293.8053641535622
2026-03-21,13,weekend_regular,246.77865656204438
2026-03-21,14,weekend_regular,236.18465318178048
2026-03-21,15,weekend_regular,203.93848214778103
2026-03-21,16,weekend_regular,195.77682942049205
2026-03-21,17,weekend_regular,188.06887639677015
2026-03-21,18,weekend_regular,155.25473797496636
2026-03-21,19,weekend_regular,140.1419932399443
2026-03-21,20,weekend_regular,121.79699982573725
2026-03-21,21,weekend_regular,75.38972018447089
2026-03-21,22,weekend_regular,127.00151795442322
2026-03-21,23,weekend_regular,102.90761163972103
2026-03-22,0,weekend_regular,90.49225828657322
2026-03-22,1,weekend_regular,217.09620576673478
2026-03-22,2,weekend_regular,119.48730205716106
2026-03-22,3,weekend_regular,59.55854924347469
2026-03-22,4,weekend_regular,40.802165508947155
2026-03-22,5,weekend_regular,57.16221246924721
2026-03-22,6,weekend_regular,33.33060479803666
2026-03-22,7,weekend_regular,90.7191818256814
2026-03-22,8,weekend_regular,199.1796022156817
2026-03-22,9,weekend_regular,304.5295999589619
2026-03-22,10,weekend_regular,144.4350828844902
2026-03-22,11,weekend_regular,204.22527397387853
2026-03-22,12,weekend_regular,154.75923601826776
2026-03-22,13,weekend_regular,106.0211876594677
2026-03-22,14,weekend_regular,97.59459530756017
2026-03-22,15,weekend_regular,171.54571683393985
2026-03-22,16,weekend_regular,179.9344958714568
2026-03-22,17,weekend_regular,195.6637665401212
2026-03-22,18,weekend_regular,197.54213020580602
2026-03-22,19,weekend_regular,93.17766765516173
2026-03-22,20,weekend_regular,51.132116458262914
2026-03-22,21,weekend_regular,41.1143771590682
2026-03-22,22,weekend_regular,25.27550559790697
2026-03-22,23,weekend_regular,27.035674197837636
2026-03-23,0,weekday_regular,26.64144957473053
2026-03-23,1,weekday_regular,25.08524585764829
2026-03-23,2,weekday_regular,26.393238565557652
2026-03-23,3,weekday_regular,177.80094345913804
2026-03-23,4,weekday_regular,177.80094345913804
2026-03-23,5,weekday_regular,128.9867332102255
2026-03-23,6,weekday_regular,108.10480340230498
2026-03-23,7,weekday_regular,88.55066230115762
2026-03-23,8,weekday_regular,119.36480203956295
2026-03-23,9,weekday_regular,158.72777961112436
2026-03-23,10,weekday_regular,289.552519617913
2026-03-23,11,weekday_regular,287.7655436427206
2026-03-23,12,weekday_regular,237.10001704578366
2026-03-23,13,weekday_regular,176.55630004801088
2026-03-23,14,weekday_regular,219.47122415402586
2026-03-23,15,weekday_regular,167.56162996670253
2026-03-23,16,weekday_regular,201.77095504187932
2026-03-23,17,weekday_regular,183.16741114025265
2026-03-23,18,weekday_regular,169.86377424557074
2026-03-23,19,weekday_regular,82.5722664967704
2026-03-23,20,weekday_regular,54.282225025018676
2026-03-23,21,weekday_regular,35.44438434624578
2026-03-23,22,weekday_regular,31.97198640067728
2026-03-23,23,weekday_regular,27.568681721146135
2026-03-24,0,weekday_special,30.488238565534516
2026-03-24,1,weekday_special,25.82743172115596
2026-03-24,2,weekday_special,24.320960143366932
2026-03-24,3,weekday_special,27.451117618582686
2026-03-24,4,weekday_special,31.12395285124518
2026-03-24,5,weekday_special,110.15344573657119
2026-03-24,6,weekday_special,149.01560612022223
2026-03-24,7,weekday_special,171.9698183403529
2026-03-24,8,weekday_special,195.09058785794394
2026-03-24,9,weekday_special,234.23369701795048
2026-03-24,10,weekday_special,541.7880150852461
2026-03-24,11,weekday_special,473.07330804665855
2026-03-24,12,weekday_special,115.39463247278886
2026-03-24,13,weekday_special,516.8345901931634
2026-03-24,14,weekday_special,306.65635313464895
2026-03-24,15,weekday_special,192.7092862690151
2026-03-24,16,weekday_special,467.07054466213503
2026-03-24,17,weekday_special,507.1630581808863
2026-03-24,18,weekday_special,556.9269112884216
2026-03-24,19,weekday_special,233.36528911829882
2026-03-24,20,weekday_special,74.35127583424736
2026-03-24,21,weekday_special,128.94936637436928
2026-03-24,22,weekday_special,45.67760857349717
2026-03-24,23,weekday_special,178.93550030353646
2026-03-25,0,weekday_regular,179.5027787257357
2026-03-25,1,weekday_regular,24.453681721163747
2026-03-25,2,weekday_regular,42.39519275671597
2026-03-25,3,weekday_regular,38.09071875812373
2026-03-25,4,weekday_regular,30.062542480625723
2026-03-25,5,weekday_regular,179.95147127609061
2026-03-25,6,weekday_regular,416.6269794203793
2026-03-25,7,weekday_regular,267.13637415421687
2026-03-25,8,weekday_regular,218.2052801539731
2026-03-25,9,weekday_regular,611.897314997711
2026-03-25,10,weekday_regular,604.6233959556184
2026-03-25,11,weekday_regular,410.7381804779278
2026-03-25,12,weekday_regular,313.17952882806765
2026-03-25,13,weekday_regular,301.1302914951137
2026-03-25,14,weekday_regular,285.0860864291689
2026-03-25,15,weekday_regular,509.760599740785
2026-03-25,16,weekday_regular,380.3786323477998
2026-03-25,17,weekday_regular,287.8488187673544
2026-03-25,18,weekday_regular,197.9834399723609
2026-03-25,19,weekday_regular,100.75961828330465
2026-03-25,20,weekday_regular,197.19229070549915
2026-03-25,21,weekday_regular,216.34088252220076
2026-03-25,22,weekday_regular,146.0067098829707
2026-03-25,23,weekday_regular,90.68612039940214
2026-03-26,0,weekday_regular,72.1511173143497
2026-03-26,1,weekday_regular,171.03292215593586
2026-03-26,2,weekday_regular,193.35322174205533
2026-03-26,3,weekday_regular,193.2699564777481
2026-03-26,4,weekday_regular,110.33149883743951
2026-03-26,5,weekday_regular,134.77946719030598
2026-03-26,6,weekday_regular,175.52167949824775
2026-03-26,7,weekday_regular,167.73434247944994
2026-03-26,8,weekday_regular,193.81476917222216
2026-03-26,9,weekday_regular,172.20158707869734
2026-03-26,10,weekday_regular,358.79496220774064
2026-03-26,11,weekday_regular,525.4219090798163
2026-03-26,12,weekday_regular,457.47942228264054
2026-03-26,13,weekday_regular,312.89038034337887
2026-03-26,14,weekday_regular,272.6935929015996
2026-03-26,15,weekday_regular,216.6150604545976
2026-03-26,16,weekday_regular,567.998623406041
2026-03-26,17,weekday_regular,437.64214107257266
2026-03-26,18,weekday_regular,393.87157524019756
2026-03-26,19,weekday_regular,178.55186246227447
2026-03-26,20,weekday_regular,164.83737386587634
2026-03-26,21,weekday_regular,205.52662986974357
2026-03-26,22,weekday_regular,170.0335512614186
2026-03-26,23,weekday_regular,102.77924688774982
2026-03-27,0,weekday_regular,125.52739211831498
2026-03-27,1,weekday_regular,66.42560014772818
2026-03-27,2,weekday_regular,70.17428435823328
2026-03-27,3,weekday_regular,168.18382828930552
2026-03-27,4,weekday_regular,176.41815540451546
2026-03-27,5,weekday_regular,106.40817277563175
2026-03-27,6,weekday_regular,245.48220693117352
2026-03-27,7,weekday_regular,158.30450470538992
2026-03-27,8,weekday_regular,138.9751707809076
2026-03-27,9,weekday_regular,400.0430261020472
2026-03-27,10,weekday_regular,531.9641734601208
2026-03-27,11,weekday_regular,450.6005443916531
2026-03-27,12,weekday_regular,438.12779043372143
2026-03-27,13,weekday_regular,226.883696920169
2026-03-27,14,weekday_regular,164.3395878296579
2026-03-27,15,weekday_regular,448.8251875214926
2026-03-27,16,weekday_regular,458.94937795599435
2026-03-27,17,weekday_regular,399.09724577679515
2026-03-27,18,weekday_regular,453.25109958376623
2026-03-27,19,weekday_regular,143.16789397151325
2026-03-27,20,weekday_regular,149.1617278018354
2026-03-27,21,weekday_regular,197.6875259606057
2026-03-27,22,weekday_regular,174.08755584572697
2026-03-27,23,weekday_regular,240.32807393584807
2026-03-28,0,weekend_special,221.10600862978518
2026-03-28,1,weekend_special,156.43903828464013
2026-03-28,2,weekend_special,470.21317711878976
2026-03-28,3,weekend_special,353.2036369939617
2026-03-28,4,weekend_special,439.81167039693025
2026-03-28,5,weekend_special,171.3623178316965
2026-03-28,6,weekend_special,208.31663497493707
2026-03-28,7,weekend_special,204.40901189933697
2026-03-28,8,weekend_special,423.12909221518095
2026-03-28,9,weekend_special,227.1152192690156
2026-03-28,10,weekend_special,355.9050748652546
2026-03-28,11,weekend_special,322.1868461637506
2026-03-28,12,weekend_special,222.7480620931092
2026-03-28,13,weekend_special,241.39910261465906
2026-03-28,14,weekend_special,340.49806027160105
2026-03-28,15,weekend_special,305.91144530712364
2026-03-28,16,weekend_special,224.20616937100354
2026-03-28,17,weekend_special,122.28390811513752
2026-03-28,18,weekend_special,164.69176936371764
2026-03-28,19,weekend_special,258.29194973481793
2026-03-28,20,weekend_special,191.17277642162367
2026-03-28,21,weekend_special,160.22545193492607
2026-03-28,22,weekend_special,82.6515024026464
2026-03-28,23,weekend_special,96.44674896328308
2026-03-29,0,weekend_special,187.47188841080902
2026-03-29,1,weekend_special,230.05511140806948
2026-03-29,3,weekend_special,210.7355406998629
2026-03-29,4,weekend_special,182.5085072626834
2026-03-29,5,weekend_special,105.77323053924533
2026-03-29,6,weekend_special,73.73849277321497
2026-03-29,7,weekend_special,336.0010273449361
2026-03-29,8,weekend_special,176.63000746596109
2026-03-29,9,weekend_special,200.73657694231787
2026-03-29,10,weekend_special,233.86011908079726
2026-03-29,11,weekend_special,203.21325366374282
2026-03-29,12,weekend_special,302.47953261192345
2026-03-29,13,weekend_special,490.8676723115318
2026-03-29,14,weekend_special,462.2280816949995
2026-03-29,15,weekend_special,467.96381294864375
2026-03-29,16,weekend_special,223.61954532399514
2026-03-29,17,weekend_special,159.9484258841264
2026-03-29,18,weekend_special,177.62807200322607
2026-03-29,19,weekend_special,452.125961917855
2026-03-29,20,weekend_special,185.02409388872127
2026-03-29,21,weekend_special,74.86553923690042
2026-03-29,22,weekend_special,45.71915335128722
2026-03-29,23,weekend_special,32.58657645795989
2026-03-30,0,weekday_special,31.250074067378392
2026-03-30,1,weekday_special,23.75368172116771
2026-03-30,2,weekday_special,49.81947119470459
2026-03-30,3,weekday_special,66.53507779018719
2026-03-30,4,weekday_special,60.11823868298751
2026-03-30,5,weekday_special,63.78969438119415
2026-03-30,6,weekday_special,203.78977662596284
2026-03-30,7,weekday_special,219.09385138758327
2026-03-30,8,weekday_special,307.97017996186804
2026-03-30,9,weekday_special,214.84660924635995
2026-03-30,10,weekday_special,154.58682528960946
2026-03-30,11,weekday_special,363.33091256469936
2026-03-30,12,weekday_special,445.59380312573035
2026-03-30,13,weekday_special,360.53129009833833
2026-03-30,14,weekday_special,369.7443885440963
2026-03-30,15,weekday_special,316.19733263118724
2026-03-30,16,weekday_special,172.53353633276652
2026-03-30,17,weekday_special,342.4507068813384
2026-03-30,18,weekday_special,355.44749759399883
2026-03-30,19,weekday_special,248.22710963453778
2026-03-30,20,weekday_special,198.14958716189304
2026-03-30,21,weekday_special,146.9579786959528
2026-03-30,22,weekday_special,187.50629666483565
2026-03-30,23,weekday_special,121.37137840383419
2026-03-31,0,weekday_special,40.980192588463694
2026-03-31,1,weekday_special,36.82657812082431
2026-03-31,2,weekday_special,40.40208909639344
2026-03-31,3,weekday_special,36.82368160347335
2026-03-31,4,weekday_special,43.91518357956949
2026-03-31,5,weekday_special,52.724630676420986
2026-03-31,6,weekday_special,176.36053967246426
2026-03-31,7,weekday_special,402.6793048751822
2026-03-31,8,weekday_special,204.33228636663156
2026-03-31,9,weekday_special,200.99728770073662
2026-03-31,10,weekday_special,369.89219077734276
2026-03-31,11,weekday_special,386.7549625933397
2026-03-31,12,weekday_special,517.8777953551532
2026-03-31,13,weekday_special,351.50557097606907
2026-03-31,14,weekday_special,287.94464366003535
2026-03-31,15,weekday_special,184.14642220993494
2026-03-31,16,weekday_special,370.39830534232283
2026-03-31,17,weekday_special,441.7542758706118
2026-03-31,18,weekday_special,345.9973589964122
2026-03-31,19,weekday_special,233.68722833515122
2026-03-31,20,weekday_special,101.56662323098519
2026-03-31,21,weekday_special,120.45804392797947
2026-03-31,22,weekday_special,250.80560398381928
2026-03-31,23,weekday_special,184.2873208326336
2026-04-01,0,weekday_special,190.77460995745432
2026-04-01,1,weekday_special,120.43550042690015
2026-04-01,2,weekday_special,97.83030732387881
2026-04-01,3,weekday_special,248.7004900852372
2026-04-01,4,weekday_special,187.4365507004098
2026-04-01,5,weekday_special,182.0684777517252
2026-04-01,6,weekday_special,217.07561803657427
2026-04-01,7,weekday_special,212.7191205595949
2026-04-01,8,weekday_special,259.66256576923706
2026-04-01,9,weekday_special,488.7327992234847
2026-04-01,10,weekday_special,354.95777716396435
2026-04-01,11,weekday_special,289.45933317489994
2026-04-01,12,weekday_special,369.28949633043584
2026-04-01,13,weekday_special,253.14233104674906
2026-04-01,14,weekday_special,297.5542931637926
2026-04-01,15,weekday_special,443.82014376297377
2026-04-01,16,weekday_special,447.4281215016922
2026-04-01,17,weekday_special,394.26152479711106
2026-04-01,18,weekday_special,227.0422783583139
2026-04-01,19,weekday_special,167.36843302646412
2026-04-01,20,weekday_special,210.82635933147216
2026-04-01,21,weekday_special,123.69028754128101
2026-04-01,22,weekday_special,97.20233600831513
2026-04-01,23,weekday_special,99.10323391913836
2026-04-02,0,weekday_special,90.83488125311229
2026-04-02,1,weekday_special,176.54327255576968
2026-04-02,2,weekday_special,213.23843042680207
2026-04-02,3,weekday_special,98.17025519559584
2026-04-02,4,weekday_special,24.320960143366932
2026-04-02,5,weekday_special,33.8267928196604
2026-04-02,6,weekday_special,136.80792035201432
2026-04-02,7,weekday_special,618.096969971511
2026-04-02,8,weekday_special,720.9009591619963
2026-04-02,9,weekday_special,596.5874433463189
2026-04-02,10,weekday_special,339.4750826310703
2026-04-02,11,weekday_special,252.88183756568642
2026-04-02,12,weekday_special,221.90659930973183
2026-04-02,13,weekday_special,451.06337193708407
2026-04-02,14,weekday_special,399.76277097916886
2026-04-02,15,weekday_special,454.2076549410182
2026-04-02,16,weekday_special,341.349544577737
2026-04-02,17,weekday_special,156.07335127229013
2026-04-02,18,weekday_special,254.76407488716563
2026-04-02,19,weekday_special,274.767763542054
2026-04-02,20,weekday_special,165.98295653539202
2026-04-02,21,weekday_special,140.7336272489204
2026-04-02,22,weekday_special,147.98701390753348
2026-04-02,23,weekday_special,120.01519912008919
2026-04-03,0,weekday_special,250.61477518118107
2026-04-03,1,weekday_special,164.4290390010679
2026-04-03,2,weekday_special,142.54653135121737
2026-04-03,3,weekday_special,91.74004690217745
2026-04-03,4,weekday_special,80.10374034653037
2026-04-03,5,weekday_special,175.55592519885215
2026-04-03,6,weekday_special,240.13313651378638
2026-04-03,7,weekday_special,181.77549706085705
2026-04-03,8,weekday_special,174.60167783232336
2026-04-03,9,weekday_special,160.00955232441882
2026-04-03,10,weekday_special,219.33621965893465
2026-04-03,11,weekday_special,448.3559710189783
2026-04-03,12,weekday_special,454.89121746400906
2026-04-03,13,weekday_special,243.9040449205829
2026-04-03,14,weekday_special,233.78312145810423
2026-04-03,15,weekday_special,260.7987872397438
2026-04-03,16,weekday_special,290.4383455291986
2026-04-03,17,weekday_special,354.9496667815448
2026-04-03,18,weekday_special,272.3738847904052
2026-04-03,19,weekday_special,325.8296827494451
2026-04-03,20,weekday_special,112.64544997883225
2026-04-03,21,weekday_special,69.05362841298583
2026-04-03,22,weekday_special,92.13565333267161
2026-04-03,23,weekday_special,39.58154046207653
2026-04-04,0,weekend_special,76.57890743662159
2026-04-04,1,weekend_special,33.12779540992446
2026-04-04,2,weekend_special,45.14403204673519
2026-04-04,3,weekend_special,48.56593962726225
2026-04-04,4,weekend_special,52.136215890585504
2026-04-04,5,weekend_special,111.85947170760916
2026-04-04,6,weekend_special,156.8386169119513
2026-04-04,7,weekend_special,128.9500966113041
2026-04-04,8,weekend_special,71.77860370137859
2026-04-04,9,weekend_special,191.34191283347238
2026-04-04,10,weekend_special,197.42661819377554
2026-04-04,11,weekend_special,258.00747468602833
2026-04-04,12,weekend_special,352.50039605905755
2026-04-04,13,weekend_special,273.6027547745095
2026-04-04,14,weekend_special,216.09434403072197
2026-04-04,15,weekend_special,298.52932311801266
2026-04-04,16,weekend_special,195.27291213976756
2026-04-04,17,weekend_special,229.85159857857568
2026-04-04,18,weekend_special,130.47162195364103
2026-04-04,19,weekend_special,98.640161453201
2026-04-04,20,weekend_special,157.05962917506992
2026-04-04,21,weekend_special,93.1216735258363
2026-04-04,22,weekend_special,114.72729239218702
2026-04-04,23,weekend_special,112.14910686135784
2026-04-05,0,weekend_special,80.77773963282917
2026-04-05,1,weekend_special,53.457330140554944
2026-04-05,2,weekend_special,97.42478088259803
2026-04-05,3,weekend_special,56.59716584659742
2026-04-05,4,weekend_special,68.6834357976854
2026-04-05,5,weekend_special,28.824413428456126
2026-04-05,6,weekend_special,110.40997586805128
2026-04-05,7,weekend_special,217.6071844606903
2026-04-05,8,weekend_special,277.6253986236577
2026-04-05,9,weekend_special,262.60639922097687
2026-04-05,10,weekend_special,208.2993158864582
2026-04-05,11,weekend_special,193.52376786186892
2026-04-05,12,weekend_special,170.00967623227382
2026-04-05,13,weekend_special,323.8182640030099
2026-04-05,14,weekend_special,198.50248800075263
2026-04-05,15,weekend_special,243.92265759293835
2026-04-05,16,weekend_special,215.5090546271875
2026-04-05,17,weekend_special,173.1764456804055
2026-04-05,18,weekend_special,220.461253891818
2026-04-05,19,weekend_special,405.3348755564052
2026-04-05,20,weekend_special,155.3255268374928
2026-04-05,21,weekend_special,140.42367164764448
2026-04-05,22,weekend_special,127.45435220247614
2026-04-05,23,weekend_special,86.02444827527887
2026-04-06,0,weekday_special,131.73730438318083
2026-04-06,1,weekday_special,92.22835815870923
2026-04-06,2,weekday_special,150.56127780757646
2026-04-06,3,weekday_special,189.41557334057146
2026-04-06,4,weekday_special,78.08138489107716
2026-04-06,5,weekday_special,207.59150677186952
2026-04-06,6,weekday_special,172.40167459786454
2026-04-06,7,weekday_special,136.27944383959246
2026-04-06,8,weekday_special,112.46073599071683
2026-04-06,9,weekday_special,197.49632596635576
2026-04-06,10,weekday_special,189.59748778803157
2026-04-06,11,weekday_special,355.5504632418614
2026-04-06,12,weekday_special,417.4174250746409
2026-04-06,13,weekday_special,346.5850805742064
2026-04-06,14,weekday_special,270.22760475177574
2026-04-06,15,weekday_special,211.9355299973553
2026-04-06,16,weekday_special,208.7161393161132
2026-04-06,17,weekday_special,398.92893968277195
2026-04-06,18,weekday_special,368.39922221308063
2026-04-06,19,weekday_special,249.8693556161465
2026-04-06,20,weekday_special,194.32968576134405
2026-04-06,21,weekday_special,88.94461125657236
2026-04-06,22,weekday_special,87.09015925576736
2026-04-06,23,weekday_special,41.850096611796346
2026-04-07,0,weekday_regular,29.920381852604976
2026-04-07,1,weekday_regular,30.951813284030578
2026-04-07,2,weekday_regular,51.53342506084175
2026-04-07,3,weekday_regular,72.97520070823131
2026-04-07,4,weekday_regular,148.68858488295558
2026-04-07,5,weekday_regular,107.08969420249389
2026-04-07,6,weekday_regular,284.1884205076117
2026-04-07,7,weekday_regular,184.54022392253754
2026-04-07,8,weekday_regular,187.06698487959645
2026-04-07,9,weekday_regular,388.69142097080646
2026-04-07,10,weekday_regular,350.5272024319004
2026-04-07,11,weekday_regular,352.93958551374874
2026-04-07,12,weekday_regular,324.5429706655282
2026-04-07,13,weekday_regular,172.51978605359977
2026-04-07,14,weekday_regular,128.74009486537022
2026-04-07,15,weekday_regular,150.4455707160484
2026-04-07,16,weekday_regular,163.32771892361052
2026-04-07,17,weekday_regular,201.9322018029459
2026-04-07,18,weekday_regular,117.0798356072252
2026-04-07,19,weekday_regular,104.66936357846492
2026-04-07,20,weekday_regular,159.75957800517176
2026-04-07,21,weekday_regular,191.5961925739302
2026-04-07,22,weekday_regular,75.2951780562124
2026-04-07,23,weekday_regular,29.944619286690283
2026-04-08,0,weekday_regular,24.320960143366932
2026-04-08,1,weekday_regular,25.02096014336297
2026-04-08,2,weekday_regular,33.25168340719409
2026-04-08,3,weekday_regular,61.01947119464131
2026-04-08,4,weekday_regular,45.991880624012936
2026-04-08,5,weekday_regular,60.84679402239843
2026-04-08,6,weekday_regular,66.92119757370659
2026-04-08,7,weekday_regular,168.12092309962128
2026-04-08,8,weekday_regular,137.82194700461707
2026-04-08,9,weekday_regular,305.34841957900124
2026-04-08,10,weekday_regular,231.56003649141513
2026-04-08,11,weekday_regular,264.2886755645664
2026-04-08,12,weekday_regular,212.83892885002646
2026-04-08,13,weekday_regular,411.2740640509925
2026-04-08,14,weekday_regular,250.955948957787
2026-04-08,15,weekday_regular,162.09938554746827
2026-04-08,16,weekday_regular,189.9300061374334
2026-04-08,17,weekday_regular,179.92050848120195
2026-04-08,18,weekday_regular,306.0579467345324
2026-04-08,19,weekday_regular,522.4218948918816
2026-04-08,20,weekday_regular,347.90058833464605
2026-04-08,21,weekday_regular,117.85760707232792
2026-04-08,22,weekday_regular,77.34815410653277
2026-04-08,23,weekday_regular,49.04911119930813
2026-04-09,0,weekday_regular,34.91928731526278
2026-04-09,1,weekday_regular,42.83411803799913
2026-04-09,2,weekday_regular,123.18818146089724
2026-04-09,3,weekday_regular,84.67235231284823
2026-04-09,4,weekday_regular,51.12190807756747
2026-04-09,5,weekday_regular,41.074907511693254
2026-04-09,6,weekday_regular,711.6431372709545
2026-04-09,7,weekday_regular,631.2102732666007
2026-04-09,8,weekday_regular,188.8340617730971
2026-04-09,9,weekday_regular,157.81482760409574
2026-04-09,10,weekday_regular,180.8597758718716
2026-04-09,11,weekday_regular,379.3073722538338
2026-04-09,12,weekday_regular,344.9160904989839
2026-04-09,13,weekday_regular,323.7803901189245
2026-04-09,14,weekday_regular,153.38442064974603
2026-04-09,15,weekday_regular,184.54140501482715
2026-04-09,16,weekday_regular,138.48984294349222
2026-04-09,17,weekday_regular,439.7552032337526
2026-04-09,18,weekday_regular,578.2215783615923
2026-04-09,19,weekday_regular,593.6396160721735
2026-04-09,20,weekday_regular,426.63284411358643
2026-04-09,21,weekday_regular,101.03703356764572
2026-04-09,22,weekday_regular,153.69333724659927
2026-04-09,23,weekday_regular,182.5445658956329
2026-04-10,0,weekday_regular,126.65673019682892
2026-04-10,1,weekday_regular,89.14095890798569
2026-04-10,2,weekday_regular,113.28135309301337
2026-04-10,3,weekday_regular,96.60629853018092
2026-04-10,4,weekday_regular,132.3245721357606
2026-04-10,5,weekday_regular,100.25893177318142
2026-04-10,6,weekday_regular,384.9107418087815
2026-04-10,7,weekday_regular,438.8983393733637
2026-04-10,8,weekday_regular,271.59235505155954
2026-04-10,9,weekday_regular,178.0607870133244
2026-04-10,10,weekday_regular,574.7524645761808
2026-04-10,11,weekday_regular,468.8705145198851
2026-04-10,12,weekday_regular,593.0695856893393
2026-04-10,13,weekday_regular,266.0252447568003
2026-04-10,14,weekday_regular,258.51529667427235
2026-04-10,15,weekday_regular,229.87438913287997
2026-04-10,16,weekday_regular,447.3628170302202
2026-04-10,17,weekday_regular,527.3611873229505
2026-04-10,18,weekday_regular,391.14102266163934
2026-04-10,19,weekday_regular,253.09765779356985
2026-04-10,20,weekday_regular,159.53183496912882
2026-04-10,21,weekday_regular,89.75417439146665
2026-04-10,22,weekday_regular,78.52099543266377
2026-04-10,23,weekday_regular,34.77822011457857
2026-04-11,0,weekend_regular,58.40106781882389
2026-04-11,1,weekend_regular,55.213014597375235
2026-04-11,2,weekend_regular,76.25629747406978
2026-04-11,3,weekend_regular,49.70828412486347
2026-04-11,4,weekend_regular,46.91370397045111
2026-04-11,5,weekend_regular,129.8701296371509
2026-04-11,6,weekend_regular,164.9601003821918
2026-04-11,7,weekend_regular,587.369982035452
2026-04-11,8,weekend_regular,180.89585728881704
2026-04-11,9,weekend_regular,327.2242761261647
2026-04-11,10,weekend_regular,223.97137602391282
2026-04-11,11,weekend_regular,191.21390014194955
2026-04-11,12,weekend_regular,134.22069976307986
2026-04-11,13,weekend_regular,317.82956224096154
2026-04-11,14,weekend_regular,307.93356298064094
2026-04-11,15,weekend_regular,332.38260764921745
2026-04-11,16,weekend_regular,353.45870318686667
2026-04-11,17,weekend_regular,272.2641395433249
2026-04-11,18,weekend_regular,376.107197012001
2026-04-11,19,weekend_regular,788.6511681982987
2026-04-11,20,weekend_regular,504.890043332971
2026-04-11,21,weekend_regular,87.56528629262385
2026-04-11,22,weekend_regular,121.84532508468529
2026-04-11,23,weekend_regular,149.8756570913249
2026-04-12,0,weekend_special,229.74260283012487
2026-04-12,1,weekend_special,112.45443448690378
2026-04-12,2,weekend_special,50.80599579689061
2026-04-12,3,weekend_special,40.83713265561266
2026-04-12,4,weekend_special,37.9214552086878
2026-04-12,5,weekend_special,73.96273297525124
2026-04-12,6,weekend_special,629.8240855569917
2026-04-12,7,weekend_special,460.1271743868517
2026-04-12,8,weekend_special,351.35020910268474
2026-04-12,9,weekend_special,216.19080685552152
2026-04-12,10,weekend_special,134.96057816614245
2026-04-12,11,weekend_special,333.7913624098877
2026-04-12,12,weekend_special,526.0764253786396
2026-04-12,13,weekend_special,367.6211954764202
2026-04-12,14,weekend_special,258.45343860500896
2026-04-12,15,weekend_special,218.0262361743205
2026-04-12,16,weekend_special,195.46026727829843
2026-04-12,17,weekend_special,381.75680152497426
2026-04-12,18,weekend_special,360.0920063457519
2026-04-12,19,weekend_special,356.3611597179887
2026-04-12,20,weekend_special,186.51344364153778
2026-04-12,21,weekend_special,145.2834078567962
2026-04-12,22,weekend_special,83.39353810905715
2026-04-12,23,weekend_special,39.8161180843864
2026-04-13,0,weekday_regular,25.067012774941645
2026-04-13,1,weekday_regular,25.503681721157818
2026-04-13,2,weekday_regular,24.503681721163474
2026-04-13,3,weekday_regular,57.10752641648793
2026-04-13,4,weekday_regular,112.06102278709774
2026-04-13,5,weekday_regular,77.7916714262658
2026-04-13,6,weekday_regular,539.322040107593
2026-04-13,7,weekday_regular,406.986186519684
2026-04-13,8,weekday_regular,249.1901429398563
2026-04-13,9,weekday_regular,329.6874697787114
2026-04-13,10,weekday_regular,456.6008387777306
2026-04-13,11,weekday_regular,437.042973725515
2026-04-13,12,weekday_regular,200.20237666646125
2026-04-13,13,weekday_regular,217.9424652981321
2026-04-13,14,weekday_regular,283.39343817037417
2026-04-13,15,weekday_regular,481.65180745987766
2026-04-13,16,weekday_regular,449.79756757308127
2026-04-13,17,weekday_regular,423.0312045281038
2026-04-13,18,weekday_regular,287.2786486227228
2026-04-13,19,weekday_regular,149.1761543218509
2026-04-13,20,weekday_regular,305.1741463010189
2026-04-13,21,weekday_regular,64.12323154465341
2026-04-13,22,weekday_regular,37.06244225315723
2026-04-13,23,weekday_regular,25.61670482421067
2026-04-14,0,weekday_regular,27.097102773780392
2026-04-14,1,weekday_regular,23.75368172116771
2026-04-14,2,weekday_regular,47.6827897149125
2026-04-14,3,weekday_regular,32.617318084753975
2026-04-14,4,weekday_regular,32.343805177909275
2026-04-14,5,weekday_regular,42.79202125087511
2026-04-14,6,weekday_regular,174.37103492899143
2026-04-14,7,weekday_regular,272.30860223827386
2026-04-14,8,weekday_regular,424.6802358139271
2026-04-14,9,weekday_regular,328.1154664163524
2026-04-14,10,weekday_regular,242.65751759174057
2026-04-14,11,weekday_regular,210.1859864137215
2026-04-14,12,weekday_regular,166.11529084295213
2026-04-14,13,weekday_regular,493.7851758701778
2026-04-14,14,weekday_regular,487.86514412414704
2026-04-14,15,weekday_regular,387.3614274959001
2026-04-14,16,weekday_regular,317.7473296641287
2026-04-14,17,weekday_regular,269.35678410320077
2026-04-14,18,weekday_regular,337.156876417107
2026-04-14,19,weekday_regular,501.1578451027327
2026-04-14,20,weekday_regular,410.97035258847444
2026-04-14,21,weekday_regular,144.4890588399075
2026-04-14,22,weekday_regular,36.67858827907381
2026-04-14,23,weekday_regular,41.302806799737624
2026-04-15,0,weekday_regular,178.36822188133726
2026-04-15,1,weekday_regular,25.455516987765378
2026-04-15,2,weekday_regular,28.92836526544224
2026-04-15,3,weekday_regular,40.9036817210708
2026-04-15,4,weekday_regular,75.75368172087383
2026-04-15,5,weekday_regular,117.17446687582509
2026-04-15,6,weekday_regular,566.6868485668664
2026-04-15,7,weekday_regular,430.05767925237114
2026-04-15,8,weekday_regular,307.12569992690214
2026-04-15,9,weekday_regular,204.4923632767654
2026-04-15,10,weekday_regular,234.69974219966716
2026-04-15,11,weekday_regular,351.4787088389087
2026-04-15,12,weekday_regular,527.2359819094663
2026-04-15,13,weekday_regular,356.4785542591071
2026-04-15,14,weekday_regular,334.3233065459386
2026-04-15,15,weekday_regular,243.10132605630739
2026-04-15,16,weekday_regular,406.78100885849915
2026-04-15,17,weekday_regular,440.2830866815302
2026-04-15,18,weekday_regular,458.05050011535934
2026-04-15,19,weekday_regular,480.85466789204895
2026-04-15,20,weekday_regular,301.63900444263015
2026-04-15,21,weekday_regular,124.82346732739788
2026-04-15,22,weekday_regular,32.58686255781177
2026-04-15,23,weekday_regular,36.64963067651178
2026-04-16,0,weekday_regular,178.36822188133726
2026-04-16,1,weekday_regular,24.694897937378585
2026-04-16,2,weekday_regular,25.302166569643816
2026-04-16,3,weekday_regular,177.80094345913804
2026-04-16,4,weekday_regular,177.80094345913804
2026-04-16,5,weekday_regular,65.6489602480255
2026-04-16,6,weekday_regular,402.4752775794391
2026-04-16,7,weekday_regular,248.06275854091916
2026-04-16,8,weekday_regular,371.5829197935252
2026-04-16,9,weekday_regular,551.3690816776082
2026-04-16,10,weekday_regular,530.8293212897188
2026-04-16,11,weekday_regular,407.1101340450846
2026-04-16,12,weekday_regular,287.4538364005855
2026-04-16,13,weekday_regular,228.84770041083942
2026-04-16,14,weekday_regular,322.201946719408
2026-04-16,15,weekday_regular,451.74238712850763
2026-04-16,16,weekday_regular,327.43611442921645
2026-04-16,17,weekday_regular,296.8287310863243
2026-04-16,18,weekday_regular,136.51651969741718
2026-04-16,19,weekday_regular,192.76764015648118
2026-04-16,20,weekday_regular,241.40220418716936
2026-04-16,21,weekday_regular,215.5581730385605
2026-04-16,22,weekday_regular,110.05428307471793
2026-04-16,23,weekday_regular,90.71901953604007
2026-04-17,0,weekday_regular,63.60710069975494
2026-04-17,1,weekday_regular,148.58905967406315
2026-04-17,2,weekday_regular,166.0423484691517
2026-04-17,3,weekday_regular,85.49075618906724
2026-04-17,4,weekday_regular,96.36756986758702
2026-04-17,5,weekday_regular,109.5635560221889
2026-04-17,6,weekday_regular,276.4933481465649
2026-04-17,7,weekday_regular,697.8709152153402
2026-04-17,8,weekday_regular,643.9576305487251
2026-04-17,9,weekday_regular,669.3130352112128
2026-04-17,10,weekday_regular,533.2177809180049
2026-04-17,11,weekday_regular,183.0703289593897
2026-04-17,12,weekday_regular,319.9861202084858
2026-04-17,13,weekday_regular,236.61249801884944
2026-04-17,14,weekday_regular,185.43617349097363
2026-04-17,15,weekday_regular,264.31645770499637
2026-04-17,16,weekday_regular,319.12966645224907
2026-04-17,17,weekday_regular,232.61360898654354
2026-04-17,18,weekday_regular,420.42413611685595
2026-04-17,19,weekday_regular,514.6232311528445
2026-04-17,20,weekday_regular,497.50598155076545
2026-04-17,21,weekday_regular,176.17923061359573
2026-04-17,22,weekday_regular,191.64318125829158
2026-04-17,23,weekday_regular,230.20383407271322
2026-04-18,0,weekend_regular,371.5216159120549
2026-04-18,1,weekend_regular,459.5553704589203
2026-04-18,2,weekend_regular,383.3641303508682
2026-04-18,3,weekend_regular,243.55633138132288
2026-04-18,4,weekend_regular,243.5121757010204
2026-04-18,5,weekend_regular,481.16241310680914
2026-04-18,6,weekend_regular,415.93642740687903
2026-04-18,7,weekend_regular,451.59212127002746
2026-04-18,8,weekend_regular,311.7198396695031
2026-04-18,9,weekend_regular,214.88661954305795
2026-04-18,10,weekend_regular,304.56710654933397
2026-04-18,11,weekend_regular,398.97776153828033
2026-04-18,12,weekend_regular,335.7986647575601
2026-04-18,13,weekend_regular,249.25471908452187
2026-04-18,14,weekend_regular,277.70302291893324
2026-04-18,15,weekend_regular,205.55326967343325
2026-04-18,16,weekend_regular,282.39217529889055
2026-04-18,17,weekend_regular,367.7485928166972
2026-04-18,18,weekend_regular,213.46326400131588
2026-04-18,19,weekend_regular,182.38916578929553
2026-04-18,20,weekend_regular,148.88960285242194
2026-04-18,21,weekend_regular,89.33705705852219
2026-04-18,22,weekend_regular,163.5913267309872
2026-04-18,23,weekend_regular,63.52623752651374
2026-04-19,0,weekend_regular,44.68996187252736
2026-04-19,1,weekend_regular,41.433957896815826
2026-04-19,2,weekend_regular,49.65280016422213
2026-04-19,3,weekend_regular,58.799218174006995
2026-04-19,4,weekend_regular,120.01348174752282
2026-04-19,5,weekend_regular,238.16739837117558
2026-04-19,6,weekend_regular,233.0392902615101
2026-04-19,7,weekend_regular,155.36667237805437
2026-04-19,8,weekend_regular,188.11821412068386
2026-04-19,9,weekend_regular,502.72560893803677
2026-04-19,10,weekend_regular,208.644947351553
2026-04-19,11,weekend_regular,321.6494822289145
2026-04-19,12,weekend_regular,246.5632870626768
2026-04-19,13,weekend_regular,219.32436194520955
2026-04-19,14,weekend_regular,224.11194809619923
2026-04-19,15,weekend_regular,308.86736483604267
2026-04-19,16,weekend_regular,242.77171503475208
2026-04-19,17,weekend_regular,361.5123341929652
2026-04-19,18,weekend_regular,277.7857944165015
2026-04-19,19,weekend_regular,178.0410141777129
2026-04-19,20,weekend_regular,309.84267832793955
2026-04-19,21,weekend_regular,86.79083595088426
2026-04-19,22,weekend_regular,43.02094332070246
2026-04-19,23,weekend_regular,178.36822188133726
2026-04-20,0,weekday_regular,177.80094345913804
2026-04-20,1,weekday_regular,177.80094345913804
2026-04-20,2,weekday_regular,65.79596014313253
2026-04-20,3,weekday_regular,157.18459650625243
2026-04-20,4,weekday_regular,88.31478730349909
2026-04-20,5,weekday_regular,143.99904723296913
2026-04-20,6,weekday_regular,109.3744155969912
2026-04-20,7,weekday_regular,383.841602526669
2026-04-20,8,weekday_regular,566.0422659685136
2026-04-20,9,weekday_regular,458.11317670558213
2026-04-20,10,weekday_regular,222.92851044735502
2026-04-20,11,weekday_regular,234.73359284115014
2026-04-20,12,weekday_regular,163.24915393389392
2026-04-20,13,weekday_regular,272.52089690217326
2026-04-20,14,weekday_regular,167.77912164104805
2026-04-20,15,weekday_regular,92.29540647256977
2026-04-20,16,weekday_regular,96.09436751828115
2026-04-20,17,weekday_regular,107.13157357315391
2026-04-20,18,weekday_regular,225.1253822624426
2026-04-20,19,weekday_regular,297.7729792360284
2026-04-20,20,weekday_regular,245.37220734719665
2026-04-20,21,weekday_regular,102.07724900538074
2026-04-20,22,weekday_regular,53.31723318515213
2026-04-20,23,weekday_regular,26.630629869904112
2026-04-21,0,weekday_regular,177.80094345913804
2026-04-21,1,weekday_regular,178.36822188133726
2026-04-21,2,weekday_regular,25.91522018269393
2026-04-21,3,weekday_regular,177.80094345913804
2026-04-21,4,weekday_regular,177.80094345913804
2026-04-21,5,weekday_regular,161.80804902060316
2026-04-21,6,weekday_regular,535.9780579173766
2026-04-21,7,weekday_regular,117.82470782386825
2026-04-21,8,weekday_regular,187.79258507464368
2026-04-21,9,weekday_regular,129.19249719259608
2026-04-21,10,weekday_regular,145.05031422972445
2026-04-21,11,weekday_regular,227.79106821038326
2026-04-21,12,weekday_regular,323.0452812816017
2026-04-21,13,weekday_regular,286.076984007799
2026-04-21,14,weekday_regular,73.25006813697041
2026-04-21,15,weekday_regular,50.708488220137866
2026-04-21,16,weekday_regular,83.30336016028048
2026-04-21,17,weekday_regular,207.4926501526799
2026-04-21,18,weekday_regular,274.097954735479
2026-04-21,19,weekday_regular,469.85947938142124
2026-04-21,20,weekday_regular,431.4347899537946
2026-04-21,21,weekday_regular,118.86069985064185
2026-04-21,22,weekday_regular,152.1286429048556
2026-04-21,23,weekday_regular,56.404038728232194
2026-04-22,0,weekday_regular,177.80094345913804
2026-04-22,1,weekday_regular,177.80094345913804
2026-04-22,2,weekday_regular,26.80027263024138
2026-04-22,3,weekday_regular,64.42677806777178
2026-04-22,4,weekday_regular,111.92482999862584
2026-04-22,5,weekday_regular,333.89803617167263
2026-04-22,6,weekday_regular,355.24984662147335
2026-04-22,7,weekday_regular,140.45676094129726
2026-04-22,8,weekday_regular,78.13810124192918
2026-04-22,9,weekday_regular,189.31851750877814
2026-04-22,10,weekday_regular,302.70192142188705
2026-04-22,11,weekday_regular,307.04734726082984
2026-04-22,12,weekday_regular,279.093386168966
2026-04-22,13,weekday_regular,167.94877725931633
2026-04-22,14,weekday_regular,129.1096422376517
2026-04-22,15,weekday_regular,104.65092558268569
2026-04-22,16,weekday_regular,106.99195689773904
2026-04-22,17,weekday_regular,208.46553305890922
2026-04-22,18,weekday_regular,149.40025481017955
2026-04-22,19,weekday_regular,139.70968509871147
2026-04-22,20,weekday_regular,270.18633600733756
2026-04-22,21,weekday_regular,234.91801863106724
2026-04-22,22,weekday_regular,217.51564207291452
2026-04-22,23,weekday_regular,56.30058905572838
2026-04-23,0,weekday_regular,177.80094345913804
2026-04-23,1,weekday_regular,177.80094345913804
2026-04-23,2,weekday_regular,69.74138962139364
2026-04-23,3,weekday_regular,90.18543382720523
2026-04-23,4,weekday_regular,33.42096014331548
2026-04-23,5,weekday_regular,315.518462254988
2026-04-23,6,weekday_regular,201.63497754183035
2026-04-23,7,weekday_regular,536.155320038987
2026-04-23,8,weekday_regular,458.1691181064857
2026-04-23,9,weekday_regular,117.35237078851831
2026-04-23,10,weekday_regular,249.3925236535868
2026-04-23,11,weekday_regular,311.23322894104103
2026-04-23,12,weekday_regular,333.2020371112353
2026-04-23,13,weekday_regular,230.41079252327103
2026-04-23,14,weekday_regular,159.4198794315261
2026-04-23,15,weekday_regular,115.87175102892971
2026-04-23,16,weekday_regular,194.63985764400155
2026-04-23,17,weekday_regular,414.130920252955
2026-04-23,18,weekday_regular,288.33448198765177
2026-04-23,19,weekday_regular,215.62253699659095
2026-04-23,20,weekday_regular,160.6775558808854
2026-04-23,21,weekday_regular,159.5252652359881
2026-04-23,22,weekday_regular,163.78656148136412
2026-04-23,23,weekday_regular,34.200844190406144
2026-04-24,0,weekday_regular,33.25781201425755
2026-04-24,1,weekday_regular,25.02096014336297
2026-04-24,2,weekday_regular,134.9165369836974
2026-04-24,3,weekday_regular,177.5898180839347
2026-04-24,4,weekday_regular,104.24945751708523
2026-04-24,5,weekday_regular,189.70795234086694
2026-04-24,6,weekday_regular,177.36783931448736
2026-04-24,7,weekday_regular,235.24545033529955
2026-04-24,8,weekday_regular,107.24192830361058
2026-04-24,9,weekday_regular,286.46728573674443
2026-04-24,10,weekday_regular,114.44169508372549
2026-04-24,11,weekday_regular,197.2112568647496
2026-04-24,12,weekday_regular,159.26214420681023
2026-04-24,13,weekday_regular,322.9707564827641
2026-04-24,14,weekday_regular,235.0763606857081
2026-04-24,15,weekday_regular,136.46043658043652
2026-04-24,16,weekday_regular,182.43034096851827
2026-04-24,17,weekday_regular,158.52209894597527
2026-04-24,18,weekday_regular,194.46610888513712
2026-04-24,19,weekday_regular,387.69385207885153
2026-04-24,20,weekday_regular,377.2400378502098
2026-04-24,21,weekday_regular,260.1495666150373
2026-04-24,22,weekday_regular,132.11307728806008
2026-04-24,23,weekday_regular,84.68682792104983
2026-04-25,0,weekend_special,60.59805584131806
2026-04-25,1,weekend_special,101.22202099417582
2026-04-25,2,weekend_special,57.4662569482484
2026-04-25,3,weekend_special,59.19873443066655
2026-04-25,4,weekend_special,77.69292571231765
2026-04-25,5,weekend_special,457.5112186443529
2026-04-25,6,weekend_special,774.592897572916
2026-04-25,7,weekend_special,438.81535200225164
2026-04-25,8,weekend_special,283.11593246476923
2026-04-25,9,weekend_special,287.44232529951444
2026-04-25,10,weekend_special,231.39217906925575
2026-04-25,11,weekend_special,250.3883226759504
2026-04-25,12,weekend_special,190.36076075303885
2026-04-25,13,weekend_special,278.17236487249784
2026-04-25,14,weekend_special,283.64095100196687
2026-04-25,15,weekend_special,119.43071871938338
2026-04-25,16,weekend_special,258.9457868081624
2026-04-25,17,weekend_special,324.3764028444026
2026-04-25,18,weekend_special,252.93320487982533
2026-04-25,19,weekend_special,238.9761841245466
2026-04-25,20,weekend_special,289.36964043658395
2026-04-25,21,weekend_special,189.39621735577782
2026-04-25,22,weekend_special,186.61123233164787
2026-04-25,23,weekend_special,99.84307406921806
2026-04-26,0,weekend_regular,96.26798531458505
2026-04-26,1,weekend_regular,64.21189582526563
2026-04-26,2,weekend_regular,77.22803527378417
2026-04-26,3,weekend_regular,128.73504230363739
2026-04-26,4,weekend_regular,102.17695377636937
2026-04-26,5,weekend_regular,460.58891031871366
2026-04-26,6,weekend_regular,324.57829942140626
2026-04-26,7,weekend_regular,133.87606694818115
2026-04-26,8,weekend_regular,201.93704304638453
2026-04-26,9,weekend_regular,410.00752888716664
2026-04-26,10,weekend_regular,208.44947211317304
2026-04-26,11,weekend_regular,177.10997571750477
2026-04-26,12,weekend_regular,170.40461328133404
2026-04-26,13,weekend_regular,136.2727279049362
2026-04-26,14,weekend_regular,313.2374292928598
2026-04-26,15,weekend_regular,84.67971592375514
2026-04-26,16,weekend_regular,73.26149132814703
2026-04-26,17,weekend_regular,112.93820131078827
2026-04-26,18,weekend_regular,121.14864164156252
2026-04-26,19,weekend_regular,201.80818395801577
2026-04-26,20,weekend_regular,720.6390567168945
2026-04-26,21,weekend_regular,220.01429080580647
2026-04-26,22,weekend_regular,38.089482070944996
2026-04-26,23,weekend_regular,48.61505700948055
2026-04-27,0,weekday_regular,55.792740700549274
2026-04-27,1,weekday_regular,127.5081849520629
2026-04-27,2,weekday_regular,44.70831259954019
2026-04-27,3,weekday_regular,28.38946207661789
2026-04-27,4,weekday_regular,23.75368172116771
2026-04-27,5,weekday_regular,257.11679447863435
2026-04-27,6,weekday_regular,334.2278431047182
2026-04-27,7,weekday_regular,657.7339515157147
2026-04-27,8,weekday_regular,244.84131215291887
2026-04-27,9,weekday_regular,425.1487065803341
2026-04-27,10,weekday_regular,218.08316064159706
2026-04-27,11,weekday_regular,169.22553053274322
2026-04-27,12,weekday_regular,365.2644246394453
2026-04-27,13,weekday_regular,429.31304200272984
2026-04-27,14,weekday_regular,259.6311934207163
2026-04-27,15,weekday_regular,70.60317016654585
2026-04-27,16,weekday_regular,73.91238328452289
2026-04-27,17,weekday_regular,137.30435768896172
2026-04-27,18,weekday_regular,356.362420591659
2026-04-27,19,weekday_regular,272.43724775590846
2026-04-27,20,weekday_regular,394.7796383228835
2026-04-27,21,weekday_regular,156.06472382404723
2026-04-27,22,weekday_regular,76.4024365106028
2026-04-27,23,weekday_regular,97.85938684311014
2026-04-28,0,weekday_regular,34.33842377997311
2026-04-28,1,weekday_regular,50.9389088611652
2026-04-28,2,weekday_regular,35.0344509518732
2026-04-28,3,weekday_regular,33.1748581917027
2026-04-28,4,weekday_regular,23.75368172116771
2026-04-28,5,weekday_regular,643.6421790884918
2026-04-28,6,weekday_regular,375.862658601677
2026-04-28,7,weekday_regular,245.7909737017341
2026-04-28,8,weekday_regular,144.0872207306463
2026-04-28,9,weekday_regular,137.2141488854733
2026-04-28,10,weekday_regular,204.91467085067558
2026-04-28,11,weekday_regular,385.73823568051023
2026-04-28,12,weekday_regular,325.50209702976184
2026-04-28,13,weekday_regular,259.33231874799026
2026-04-28,14,weekday_regular,111.94203323159797
2026-04-28,15,weekday_regular,69.163470304221
2026-04-28,16,weekday_regular,275.529197326077
2026-04-28,17,weekday_regular,355.53020546169824
2026-04-28,18,weekday_regular,325.2358926148336
2026-04-28,19,weekday_regular,251.33439361334908
2026-04-28,20,weekday_regular,196.39808201155248
2026-04-28,21,weekday_regular,181.35165063760164
2026-04-28,22,weekday_regular,71.21039963403305
2026-04-28,23,weekday_regular,39.99030106548079
2026-04-29,0,weekday_regular,23.75368172116771
2026-04-29,1,weekday_regular,24.320960143366932
2026-04-29,2,weekday_regular,29.887892247448832
2026-04-29,3,weekday_regular,31.07355259630566
2026-04-29,4,weekday_regular,52.029858746600326
2026-04-29,5,weekday_regular,348.7406628293429
2026-04-29,6,weekday_regular,268.5733142743543
2026-04-29,7,weekday_regular,177.01713177384465
2026-04-29,8,weekday_regular,100.44094282466217
2026-04-29,9,weekday_regular,224.07780441379532
2026-04-29,10,weekday_regular,172.8333035991056
2026-04-29,11,weekday_regular,212.27670156731025
2026-04-29,12,weekday_regular,139.43643107903898
2026-04-29,13,weekday_regular,125.95516903259032
2026-04-29,14,weekday_regular,127.22493552542778
2026-04-29,15,weekday_regular,193.1966469702509
2026-04-29,16,weekday_regular,139.74819104476913
2026-04-29,17,weekday_regular,136.1331175599682
2026-04-29,18,weekday_regular,113.31899988676089
2026-04-29,19,weekday_regular,190.42342107531059
2026-04-29,20,weekday_regular,302.1603369648
2026-04-29,21,weekday_regular,165.42989951384894
2026-04-29,22,weekday_regular,63.29552268248119
2026-04-29,23,weekday_regular,28.38096014334397
2026-04-30,0,weekday_regular,109.84424093120748
2026-04-30,1,weekday_regular,185.34200408867557
2026-04-30,2,weekday_regular,166.16277262945383
2026-04-30,3,weekday_regular,76.47054312950337
2026-04-30,4,weekday_regular,78.10075096627483
2026-04-30,5,weekday_regular,182.27048193207514
2026-04-30,6,weekday_regular,233.56800917498313
2026-04-30,7,weekday_regular,148.79239302312985
2026-04-30,8,weekday_regular,268.4769705465564
2026-04-30,9,weekday_regular,186.43839758292208
2026-04-30,10,weekday_regular,127.28681797283409
2026-04-30,11,weekday_regular,295.4787064771705
2026-04-30,12,weekday_regular,232.41371525116733
2026-04-30,13,weekday_regular,253.7459325045024
2026-04-30,14,weekday_regular,148.63375799297984
2026-04-30,15,weekday_regular,89.73032409352055
2026-04-30,16,weekday_regular,177.840248454918
2026-04-30,17,weekday_regular,152.90415374812932
2026-04-30,18,weekday_regular,203.63902858640205
2026-04-30,19,weekday_regular,157.5929579572805
2026-04-30,20,weekday_regular,158.71813463979822
2026-04-30,21,weekday_regular,115.55277726406048
2026-04-30,22,weekday_regular,75.81867488221758
2026-04-30,23,weekday_regular,68.95234112941966
2026-05-01,0,weekday_special,41.77360441912927
2026-05-01,1,weekday_special,48.97951390121267
2026-05-01,2,weekday_special,52.184945626890936
2026-05-01,3,weekday_special,244.15402803801123
2026-05-01,4,weekday_special,185.0037572184516
2026-05-01,5,weekday_special,497.9077231209982
2026-05-01,6,weekday_special,209.2401490850074
2026-05-01,7,weekday_special,210.52767573238617
2026-05-01,8,weekday_special,218.96564760724706
2026-05-01,9,weekday_special,228.5893961377639
2026-05-01,10,weekday_special,220.576275311737
2026-05-01,11,weekday_special,208.95098416475162
2026-05-01,12,weekday_special,235.55007964594867
2026-05-01,13,weekday_special,142.03257380103838
2026-05-01,14,weekday_special,184.08635770702
2026-05-01,15,weekday_special,81.46432220037727
2026-05-01,16,weekday_special,140.1623077656944
2026-05-01,17,weekday_special,219.93396963549216
2026-05-01,18,weekday_special,185.55472999056963
2026-05-01,19,weekday_special,217.54318521488085
2026-05-01,20,weekday_special,197.63243861885246
2026-05-01,21,weekday_special,184.27136512760603
2026-05-01,22,weekday_special,87.75468925680332
2026-05-01,23,weekday_special,108.9771881466864
2026-05-02,0,weekend_regular,155.49151027014733
2026-05-02,1,weekend_regular,109.33168111024949
2026-05-02,2,weekend_regular,95.74837789500103
2026-05-02,3,weekend_regular,84.07285920706647
2026-05-02,4,weekend_regular,64.08458234502174
2026-05-02,5,weekend_regular,129.29695276456053
2026-05-02,6,weekend_regular,145.71626059916156
2026-05-02,7,weekend_regular,350.8093296606884
2026-05-02,8,weekend_regular,171.59779703717288
2026-05-02,9,weekend_regular,89.37645595569884
2026-05-02,10,weekend_regular,87.55984153215766
2026-05-02,11,weekend_regular,118.93917035606287
2026-05-02,12,weekend_regular,138.72754223199306
2026-05-02,13,weekend_regular,252.4331025415433
2026-05-02,14,weekend_regular,187.8111310241277
2026-05-02,15,weekend_regular,146.95388428850006
2026-05-02,16,weekend_regular,120.15474273426508
2026-05-02,17,weekend_regular,258.008577841463
2026-05-02,18,weekend_regular,380.154877821614
2026-05-02,19,weekend_regular,204.91515762468592
2026-05-02,20,weekend_regular,305.67018456023237
2026-05-02,21,weekend_regular,187.93101496135137
2026-05-02,22,weekend_regular,83.68515935815691
2026-05-02,23,weekend_regular,123.96064128701785
2026-05-03,0,weekend_regular,93.48790602570645
2026-05-03,1,weekend_regular,93.23571075261488
2026-05-03,2,weekend_regular,61.82865907234887
2026-05-03,3,weekend_regular,43.0642498014185
2026-05-03,4,weekend_regular,90.61227230069449
2026-05-03,5,weekend_regular,351.431888143742
2026-05-03,6,weekend_regular,394.3155708391061
2026-05-03,7,weekend_regular,294.1382911778313
2026-05-03,8,weekend_regular,211.16047187899375
2026-05-03,9,weekend_regular,268.6009399134696
2026-05-03,10,weekend_regular,550.7740400621861
2026-05-03,11,weekend_regular,574.2145828028828
2026-05-03,12,weekend_regular,281.5689338187537
2026-05-03,13,weekend_regular,192.3751649501021
2026-05-03,14,weekend_regular,161.54682036856775
2026-05-03,15,weekend_regular,246.98871430160804
2026-05-03,16,weekend_regular,324.61186307320014
2026-05-03,17,weekend_regular,414.54848530059826
2026-05-03,18,weekend_regular,330.2922412903476
2026-05-03,19,weekend_regular,239.51841227155958
2026-05-03,20,weekend_regular,306.8848967499426
2026-05-03,21,weekend_regular,427.2592959846037
2026-05-03,22,weekend_regular,44.34823287052646
2026-05-03,23,weekend_regular,29.451339890173386
2026-05-04,0,weekday_regular,51.96248045935101
2026-05-04,1,weekday_regular,25.573681721157385
2026-05-04,2,weekday_regular,36.28886901283187
2026-05-04,3,weekday_regular,157.48207541842
2026-05-04,4,weekday_regular,221.84365774842917
2026-05-04,5,weekday_regular,269.60304248223906
2026-05-04,6,weekday_regular,209.01620278425023
2026-05-04,7,weekday_regular,102.27660110297542
2026-05-04,8,weekday_regular,181.7243907561213
2026-05-04,9,weekday_regular,133.13176842449442
2026-05-04,10,weekday_regular,270.36346789171944
2026-05-04,11,weekday_regular,272.9776507854894
2026-05-04,12,weekday_regular,178.86049819563536
2026-05-04,13,weekday_regular,179.4249172773759
2026-05-04,14,weekday_regular,235.60616987340794
2026-05-04,15,weekday_regular,209.1653915197562
2026-05-04,16,weekday_regular,270.4004510262902
2026-05-04,17,weekday_regular,143.31122210946057
2026-05-04,18,weekday_regular,149.61875803325285
2026-05-04,19,weekday_regular,464.02556955405146
2026-05-04,20,weekday_regular,362.77937772410655
2026-05-04,21,weekday_regular,351.44416825431006
2026-05-04,22,weekday_regular,178.51556824126766
2026-05-04,23,weekday_regular,76.16228029304975
2026-05-05,0,weekday_regular,297.1119711933071
2026-05-05,1,weekday_regular,202.4062561949921
2026-05-05,2,weekday_regular,100.43213915954406
2026-05-05,3,weekday_regular,25.73701505448983
2026-05-05,4,weekday_regular,86.29707769837427
2026-05-05,5,weekday_regular,163.67350000708728
2026-05-05,6,weekday_regular,170.52040647212772
2026-05-05,7,weekday_regular,377.9123125764778
2026-05-05,8,weekday_regular,255.009272715453
2026-05-05,9,weekday_regular,267.1166450831851
2026-05-05,10,weekday_regular,141.9054615545773
2026-05-05,11,weekday_regular,365.53217115066286
2026-05-05,12,weekday_regular,377.1284983497076
2026-05-05,13,weekday_regular,289.7525362062187
2026-05-05,14,weekday_regular,180.3545725838914
2026-05-05,15,weekday_regular,190.1745520192509
2026-05-05,16,weekday_regular,185.2564418929802
2026-05-05,17,weekday_regular,551.1668338705919
2026-05-05,18,weekday_regular,540.6193750861927
2026-05-05,19,weekday_regular,442.0509584864923
2026-05-05,20,weekday_regular,191.8526366196832
2026-05-05,21,weekday_regular,113.82379596806685
2026-05-05,22,weekday_regular,189.16297513369037
2026-05-05,23,weekday_regular,265.4631814600932
2026-05-06,0,weekday_special,207.11283514233392
2026-05-06,1,weekday_special,177.32999750977348
2026-05-06,2,weekday_special,84.85631329976974
2026-05-06,3,weekday_special,67.42109745125799
2026-05-06,4,weekday_special,322.0741533044271
2026-05-06,5,weekday_special,415.6178221943813
2026-05-06,6,weekday_special,70.40582402326751
2026-05-06,7,weekday_special,139.41005090124338
2026-05-06,8,weekday_special,132.78868030631065
2026-05-06,9,weekday_special,221.70453502324466
2026-05-06,10,weekday_special,218.02882248909822
2026-05-06,11,weekday_special,449.7469206905354
2026-05-06,12,weekday_special,232.06148093220014
2026-05-06,13,weekday_special,167.75022812626526
2026-05-06,14,weekday_special,95.23135001831439
2026-05-06,15,weekday_special,149.06226240516065
2026-05-06,16,weekday_special,289.0021060446026
2026-05-06,17,weekday_special,261.03201831372144
2026-05-06,18,weekday_special,127.82502822036875
2026-05-06,19,weekday_special,114.07873236294395
2026-05-06,20,weekday_special,293.3389664898303
2026-05-06,21,weekday_special,624.099854365742
2026-05-06,22,weekday_special,117.39906647357769
2026-05-06,23,weekday_special,60.98643177340335
2026-05-07,0,weekday_regular,28.571863539322266
2026-05-07,1,weekday_regular,28.659118038079214
2026-05-07,2,weekday_regular,48.20762908945056
2026-05-07,3,weekday_regular,133.88394487844005
2026-05-07,4,weekday_regular,305.2968415855337
2026-05-07,5,weekday_regular,577.9241773053272
2026-05-07,6,weekday_regular,344.9107997188587
2026-05-07,7,weekday_regular,130.9809744138359
2026-05-07,8,weekday_regular,435.4794045215556
2026-05-07,9,weekday_regular,73.84346937660928
2026-05-07,10,weekday_regular,75.72192625673912
2026-05-07,11,weekday_regular,102.80893155760407
2026-05-07,12,weekday_regular,126.08836530195514
2026-05-07,13,weekday_regular,212.70900722241862
2026-05-07,14,weekday_regular,221.95746055074844
2026-05-07,15,weekday_regular,209.15476408677443
2026-05-07,16,weekday_regular,211.13511650754177
2026-05-07,17,weekday_regular,159.20072129434635
2026-05-07,18,weekday_regular,113.69682691909388
2026-05-07,19,weekday_regular,217.49219566841822
2026-05-07,20,weekday_regular,148.01232225543433
2026-05-07,21,weekday_regular,213.66296172929282
2026-05-07,22,weekday_regular,73.55611819450607
2026-05-07,23,weekday_regular,147.81169251223992
2026-05-08,0,weekday_regular,216.32666416831935
2026-05-08,1,weekday_regular,551.822754398759
2026-05-08,2,weekday_regular,328.5257627732267
2026-05-08,3,weekday_regular,130.2380083018129
2026-05-08,4,weekday_regular,120.2236850517351
2026-05-08,5,weekday_regular,259.5283033010052
2026-05-08,6,weekday_regular,214.6259415171683
2026-05-08,7,weekday_regular,160.50748496048215
