Event Type,Title,Description,Date,Time,Event URL
Workshop Lav selv smykker,Lav selv smykker,"Design dine egne smykker med vores materialeudvalg fra 149,- kr. Tilføj ekstra smukke perler og skab personlige armbånd, øreringe og halskæder. Smykker kan laves hver dag.",Man. 26. maj 2025 til lør. 26. sep. 2026,10:00,https://www.kultunaut.dk/perl/arrmore/type-nynaut?ArrNr=18818221
Andet motionstilbud Bevægelse i varmt vand,Bevægelse i varmt vand,"For dig, der ikke kan deltage på et alment hold. Bevægelse i varmt vand foregår i varmtvands bassin, hvor øvelserne er særligt tilrettelagt til den enkelte deltagers handicap, så som funktionsnedsættelse og mobilitetsproblemer.

  Arrangeret af FOF Sydjylland.",Tir. 19. aug. 2025 til tir. 5. maj 2026,See description,https://www.kultunaut.dk/perl/arrmore/type-nynaut?ArrNr=19355798
Andet motionstilbud Træning i varmt vand i Vamdrup,Træning i varmt vand i Vamdrup,"Vedligeholdelse og styrke til hele kroppen. Hver gang vil vi træne muskelstyrke, kondition, balance og udspænding. Vi får pulsen lidt op i det dejlige vand.

  Arrangeret af FOF Sydjylland.",Tir. 19. aug. 2025 til tir. 5. maj 2026 33 mødegange,08.45,https://www.kultunaut.dk/perl/arrmore/type-nynaut?ArrNr=19352209
Andet motionstilbud Bevægelse i varmt vand,Bevægelse i varmt vand,"For dig, der ikke kan deltage på et alment hold. Bevægelse i varmt vand foregår i varmtvands bassin, hvor øvelserne er særligt tilrettelagt til den enkelte deltagers handicap, så som funktionsnedsættelse og mobilitetsproblemer.

  Arrangeret af FOF Sydjylland.",Ons. 20. aug. 2025 til ons. 20. maj 2026,See description,https://www.kultunaut.dk/perl/arrmore/type-nynaut?ArrNr=19797921
Andet motionstilbud Rygtræning i varmt vand,Rygtræning i varmt vand,"For dig med ryglidelser, der ikke kan deltage på et alment hold. Holdet er for dig, som har en alvorlig ryglidelse. Derfor er øvelserne særligt tilrettelagt til den enkelte deltagers handicap-ryglidelse.

  Arrangeret af FOF Sydjylland.",Ons. 20. aug. 2025 til ons. 20. maj 2026 34 mødegange,18.45,https://www.kultunaut.dk/perl/arrmore/type-nynaut?ArrNr=19797821
Gymnastik/aerobic Morbus Bechterew,Morbus Bechterew,"Her er øvelserne særligt tilrettelagt i forhold til det handicap, som Morbus Bechterew gigten har forvoldt din krop, så bevægeligheden bevares i kroppen og forebygger at ryggen bliver krum.

  Arrangeret af FOF Sydjylland.",Ons. 20. aug. 2025 til ons. 17. jun. 2026 37 mødegange,18.50,https://www.kultunaut.dk/perl/arrmore/type-nynaut?ArrNr=19797871
Andet motionstilbud Bevægelse i varmt vand,Bevægelse i varmt vand,"For dig, der ikke kan deltage på et alment hold. Bevægelse i varmt vand foregår i varmtvands bassin, hvor øvelserne er særligt tilrettelagt til den enkelte deltagers handicap, så som funktionsnedsættelse og mobilitetsproblemer.

  Arrangeret af FOF Sydjylland.",Tor. 21. aug. 2025 til tor. 7. maj 2026 33 mødegange,15.15,https://www.kultunaut.dk/perl/arrmore/type-nynaut?ArrNr=19868566
Andet motionstilbud Bevægelse i varmt vand,Bevægelse i varmt vand,"For dig, der ikke kan deltage på et alment hold. Bevægelse i varmt vand foregår i varmtvands bassin, hvor øvelserne er særligt tilrettelagt til den enkelte deltagers handicap, så som funktionsnedsættelse og mobilitetsproblemer.

  Arrangeret af FOF Sydjylland.",Fre. 22. aug. 2025 til fre. 8. maj 2026,See description,https://www.kultunaut.dk/perl/arrmore/type-nynaut?ArrNr=19868511
Undervisning Rygtræning for smerteplagede,Rygtræning for smerteplagede,"Træningen består i mobiliserende, styrkende og stabiliserende øvelser baseret på seneste forskning indenfor ryglidelser - og er særligt tilrettelagt til den enkelte deltagers mere alvorlige fysiske ryglidelser.

  Arrangeret af FOF Sydjylland.",Tor. 28. aug. 2025 til tor. 30. apr. 2026 30 mødegange,18.10,https://www.kultunaut.dk/perl/arrmore/type-nynaut?ArrNr=19351409
Omvisning Offentlig rundvisning i Koldinghus' historie,Offentlig rundvisning i Koldinghus' historie,"Tag med på en spændende tur rundt på slottet med en erfaren guide, der levende og engageret fortæller om slottets mere end 750 års historie. Fra borg til kongeslot og fra storhed til ruin.",Fre. 29. 2025 til fre. 30. aug. 2030 13:00-14:00,13:00,https://www.kultunaut.dk/perl/arrmore/type-nynaut?ArrNr=19097447
Andet motionstilbud Bevægelse i varmt vand,Bevægelse i varmt vand,"For dig, der ikke kan deltage på et alment hold. Bevægelse i varmt vand foregår i varmtvands bassin, hvor øvelserne er særligt tilrettelagt til den enkelte deltagers handicap, så som funktionsnedsættelse og mobilitetsproblemer.

  Arrangeret af FOF Sydjylland.",Man. 1. sep. 2025 til ons. 29. apr. 2026,See description,https://www.kultunaut.dk/perl/arrmore/type-nynaut?ArrNr=19868779
Andet motionstilbud Bevægelse i varmt vand,Bevægelse i varmt vand,"For dig, der ikke kan deltage på et alment hold. Bevægelse i varmt vand foregår i varmtvands bassin, hvor øvelserne er særligt tilrettelagt til den enkelte deltagers handicap, så som funktionsnedsættelse og mobilitetsproblemer.

  Arrangeret af FOF Sydjylland.",Man. 1. sep. 2025 til man. 1. jun. 2026 32 mødegange,12.45,https://www.kultunaut.dk/perl/arrmore/type-nynaut?ArrNr=19937257
Andet motionstilbud Bowling - kvinder og mænd,Bowling - kvinder og mænd,Tirsdagsklubben er et dejligt fællesskab for kvinder og mænd. Vi spiller bowling hver tirsdag fra 09.30 - 11.30 i perioden 2.9.2025 til 28.04.2026.,Tir. 2. sep. 2025 til tir. 28. apr. 2026 Tirsdage,09:30,https://www.kultunaut.dk/perl/arrmore/type-nynaut?ArrNr=19100461
Andet motionstilbud Bevægelse i vand,Bevægelse i vand,"For dig, der ikke kan deltage på et alment hold.

  Arrangeret af FOF Sydjylland.",Tir. 2. sep. 2025 til tir. 12. maj 2026 28 mødegange,15.45,https://www.kultunaut.dk/perl/arrmore/type-nynaut?ArrNr=19406806
Andet motionstilbud Bevægelse i varmt vand,Bevægelse i varmt vand,"For dig, der ikke kan deltage på et alment hold. Bevægelse i varmt vand foregår i varmtvands bassin, hvor øvelserne er særligt tilrettelagt til den enkelte deltagers handicap, så som funktionsnedsættelse og mobilitetsproblemer.

  Arrangeret af FOF Sydjylland.",Ons. 3. sep. 2025 til ons. 6. maj 2026,See description,https://www.kultunaut.dk/perl/arrmore/type-nynaut?ArrNr=19868476
Undervisning Tegn og mal med tvist,Tegn og mal med tvist,"Vi undervises af to med hobby indenfor tegn/mal/broderer på gamle malerier (Sandie) og akvarel på papir (Kirsten). Vi har materialerne, du dukker bare op de mandage du kan. Er der problemer med at komme ind på Det Gamle Posthus, så ring på (26152304).",Man. 20. okt. 2025 til man. 29. jun. 2026 17:00-20.00,17:00,https://www.kultunaut.dk/perl/arrmore/type-nynaut?ArrNr=19262679
Undervisning Social madlavning for mænd,Social madlavning for mænd,"2 kokke underviser i madlavning af madspilsmad. Der er plads til 10 personer i køkkenet hver gang. Tilmeld dig senest tirsdag i den uge du ønsker at deltage, SMS til 26152304.

  Arrangeret af Folkehuset Kolding.",Ons. 22. okt. 2025 til ons. 24. jun. 2026 17:00-20.30,17:00,https://www.kultunaut.dk/perl/arrmore/type-nynaut?ArrNr=19262683
Billedkunst Galleri Nick Gade Art,Galleri Nick Gade Art,Kunstudstillingen er intuitiv billedkunst som du finder i gågaden Søndergade 15B 6000 Kolding. Åben Torsdag/Fredag 11.00 - 17.00 Lørdag 10.00 - 14.00 Øvrige dage er der muligvis åbent. Kontakt galleriet: maler@nickgade.dk 22397382.,Tor. 1. jan. til tor. 31. dec. 2026 Torsdag/fredag 11:00 17:00 Lørdag 10:00 14:00,11:00,https://www.kultunaut.dk/perl/arrmore/type-nynaut?ArrNr=19883092
Historisk Udstilling: Christiansfeld - En by bliver til,Udstilling: Christiansfeld - En by bliver til,"Se genstande fra Brødremenigheds store samling og bliv klogere på Brødremenigheden og Christiansfeld. Brødremenigheden og Museum Kolding er gået sammen om en udstilling, som inviterer dig med på en rejse tilbage til årene omkring 1800 i Christiansfeld.",Fre. 2. jan. til tir. 22. dec. 2026 10:00 - 16:00,10:00,https://www.kultunaut.dk/perl/arrmore/type-nynaut?ArrNr=18176130
Kunsthåndværk Udstilling: Vores Smykker,Udstilling: Vores Smykker,"Besøg udstillingen i Søstrehuset i Christiansfeld og se et uddrag af Statens Kunstfond smykkesamling. Smykker er små kunstværker, der kommer til live på kroppen.",Fre. 2. jan. til tir. 22. dec. 2026 10:00 - 16:00,10:00,https://www.kultunaut.dk/perl/arrmore/type-nynaut?ArrNr=18176132
Installation Moravian church settlements,Moravian church settlements,"I sommeren 2024 blev Christiansfelds verdensarvsstatus udvidet. I Søstrehuset kan man i en lille ny udstilling; Moravian Church Settlement, se og læse historien om herrnhuterstjernen, der er et centralt symbol i den internationale Brødremenighed.",Fre. 2. jan. til tir. 22. dec. 2026 10:00 - 16:00,10:00,https://www.kultunaut.dk/perl/arrmore/type-nynaut?ArrNr=18176140
Historisk Udstilling: 1943 - Gestapo kommer,Udstilling: 1943 - Gestapo kommer,"Udstillingen tager udgangspunkt i de mennesker, der havde deres gang på Staldgården fra efteråret 1943 og frem til befrielsen. Både de modstandsfolk, der ridsede deres navn i væggen i Zelle II, og Gestapos folk, der befandt sig på den anden side.",Fre. 2. jan. til tir. 22. dec. 2026 10:00 - 16:00,10:00,https://www.kultunaut.dk/perl/arrmore/type-nynaut?ArrNr=18176141
Historisk Zelle II - En filmisk forestilling,Zelle II - En filmisk forestilling,"Vær forberedt på dyster stemning og kuldegysninger, når du besøger den berygtede Zelle II - Danmarks eneste bevarede Gestapo-celle.",Fre. 2. jan. til tir. 22. dec. 2026 10:00-16:00,10:00,https://www.kultunaut.dk/perl/arrmore/type-nynaut?ArrNr=19384145
Kunsthåndværk Kyster og Sølvet - Udstilling,Kyster og Sølvet - Udstilling,En ny udstilling af Museum Kolding i de historiske lokaler på Staldgården. Udstillingen 'Kyster og sølvet' viser historien om dansk sølv skabt i Kolding.,Fre. 2. jan. 2026 til ons. 22. dec. 2027 10:00 - 17:00,10:00,https://www.kultunaut.dk/perl/arrmore/type-nynaut?ArrNr=18925206
Undervisning Kolding Kammerkor,Kolding Kammerkor,Arrangeret af FOF Sydjylland.,Man. 5. jan. til man. 1. jun. 2026 12 mødegange,See description,https://www.kultunaut.dk/perl/arrmore/type-nynaut?ArrNr=19728058
Gymnastik/aerobic Yoga,Yoga,Arrangeret af FOF Sydjylland.,Man. 5. jan. til man. 15. jun. 2026 19 mødegange,18.45,https://www.kultunaut.dk/perl/arrmore/type-nynaut?ArrNr=19728689
Undervisning Kolding Bykor - Syng i kor,Kolding Bykor - Syng i kor,Arrangeret af FOF Sydjylland.,Tir. 6. jan. til tir. 19. maj 2026 18 mødegange,See description,https://www.kultunaut.dk/perl/arrmore/type-nynaut?ArrNr=19728230
Gymnastik/aerobic Yoga,Yoga,Arrangeret af FOF Sydjylland.,Tir. 6. jan. til tir. 26. maj 2026 18 mødegange,11.30,https://www.kultunaut.dk/perl/arrmore/type-nynaut?ArrNr=19728712
Andet motionstilbud Hatha Yoga,Hatha Yoga,"Den mest kendte yogaform herhjemme er Hatha yoga, og kendetegnende for undervisningen er, at øvelserne opbygges roligt og bevidst, hvor man tager sig tid til at lytte til og respektere kroppen og dens grænser, og hvor man i hele processen øver sig i at.

  Arrangeret af FOF Sydjylland.",Tir. 6. jan. til tir. 9. jun. 2026 20 mødegange,16.30,https://www.kultunaut.dk/perl/arrmore/type-nynaut?ArrNr=19728497
Gymnastik/aerobic Yoga,Yoga,Arrangeret af FOF Sydjylland.,Tir. 6. jan. til tir. 16. jun. 2026 21 mødegange,11.45,https://www.kultunaut.dk/perl/arrmore/type-nynaut?ArrNr=19728687
Gymnastik/aerobic Glad bevægelse med øget puls - Særligt tilrettelagt,Glad bevægelse med øget puls - Særligt tilrettelagt,"Efter Helle Gotveds metode. Opnå velvære og styrk din krop ved en grundig opvarmning af kroppen i rytmiske bevægelser til god musik.

  Arrangeret af FOF Sydjylland.",Ons. 7. jan. til ons. 29. apr. 2026 13 mødegange,09.30,https://www.kultunaut.dk/perl/arrmore/type-nynaut?ArrNr=19858958
Undervisning Keramik og morgenkaffe,Keramik og morgenkaffe,"Er du begynder eller let øvet? Så er dette kursus for dig. Der findes nok ikke en bedre måde at starte dagen på, end at fordybe sig i keramikken og lerets sanselige verden.

  Arrangeret af FOF Sydjylland.",Ons. 7. jan. til ons. 27. maj 2026 19 mødegange,12.40,https://www.kultunaut.dk/perl/arrmore/type-nynaut?ArrNr=19728049
Gymnastik/aerobic Yoga - Særligt tilrettelagt,Yoga - Særligt tilrettelagt,Arrangeret af FOF Sydjylland.,Ons. 7. jan. til ons. 3. jun. 2026 18 mødegange,12.15,https://www.kultunaut.dk/perl/arrmore/type-nynaut?ArrNr=19728599
Andet motionstilbud Yoga med De 5 Tibetanere,Yoga med De 5 Tibetanere,"De 5 tibetanere - kom godt i gang. Et kort introduktionsforløb til de 5 tibetanere. Du lærer De 5 Tibetanske Riter, så du er godt rustet til selv at fortsætte træningen derhjemme, hvis det er det du ønsker.

  Arrangeret af FOF Sydjylland.",Ons. 7. jan. til ons. 10. jun. 2026 20 mødegange,08.30,https://www.kultunaut.dk/perl/arrmore/type-nynaut?ArrNr=19728416
Gymnastik/aerobic Yoga,Yoga,Arrangeret af FOF Sydjylland.,Ons. 7. jan. til ons. 17. jun. 2026 20 mødegange,17.30,https://www.kultunaut.dk/perl/arrmore/type-nynaut?ArrNr=19728345
Andet motionstilbud Yoga for mænd,Yoga for mænd,Arrangeret af FOF Sydjylland.,Ons. 7. jan. til ons. 17. jun. 2026 20 mødegange,20.30,https://www.kultunaut.dk/perl/arrmore/type-nynaut?ArrNr=19728006
Undervisning Kolding Pipe Band,Kolding Pipe Band,Arrangeret af FOF Sydjylland.,Ons. 7. jan. til ons. 24. jun. 2026 23 mødegange,19.30,https://www.kultunaut.dk/perl/arrmore/type-nynaut?ArrNr=19728707
Gymnastik/aerobic Rygtræning,Rygtræning,Arrangeret af FOF Sydjylland.,Tor. 8. jan. til tor. 30. apr. 2026 15 mødegange,18.15,https://www.kultunaut.dk/perl/arrmore/type-nynaut?ArrNr=19728710
Andet motionstilbud Yoga for seniorer,Yoga for seniorer,"Blide øvelser der styrker kroppen og forebygger skavanker. Yoga er for alle - også selvom du måske har et par skavanker, som mange jo har når man er senior. Yoga er godt både for din krop og dit sind.

  Arrangeret af FOF Sydjylland.",Tor. 8. jan. til tor. 21. maj 2026 16 mødegange,11.30,https://www.kultunaut.dk/perl/arrmore/type-nynaut?ArrNr=19728631
Gymnastik/aerobic Yoga,Yoga,Arrangeret af FOF Sydjylland.,Tor. 8. jan. til tor. 18. jun. 2026 19 mødegange,18.30,https://www.kultunaut.dk/perl/arrmore/type-nynaut?ArrNr=19728022
Undervisning Syng i Nicolaikoret,Syng i Nicolaikoret,Arrangeret af FOF Sydjylland.,Man. 12. jan. til man. 4. maj 2026 17 mødegange,21.15,https://www.kultunaut.dk/perl/arrmore/type-nynaut?ArrNr=19728558
Undervisning Fransk for øvede - OK-Skolen,Fransk for øvede - OK-Skolen,Arrangeret af FOF Sydjylland.,Man. 12. jan. til man. 11. maj 2026 15 mødegange,11.50,https://www.kultunaut.dk/perl/arrmore/type-nynaut?ArrNr=19728606
"Undervisning Keramik, stentøj og porcelæn","Keramik, stentøj og porcelæn",Arrangeret af FOF Sydjylland.,Man. 12. jan. til man. 18. maj 2026 14 mødegange,18.30,https://www.kultunaut.dk/perl/arrmore/type-nynaut?ArrNr=19728431
Skøjteløb KoldingKoret,KoldingKoret,Arrangeret af FOF Sydjylland.,Tir. 13. jan. til lør. 9. maj 2026 14 mødegange,20.30,https://www.kultunaut.dk/perl/arrmore/type-nynaut?ArrNr=19751012
Undervisning Italiensk for øvede - OK-Skolen,Italiensk for øvede - OK-Skolen,Arrangeret af FOF Sydjylland.,Tir. 13. jan. til tir. 12. maj 2026 15 mødegange,11.50,https://www.kultunaut.dk/perl/arrmore/type-nynaut?ArrNr=19728053
"Undervisning Maleri, akryl og akvarel","Maleri, akryl og akvarel",Arrangeret af FOF Sydjylland.,Man. 19. jan. til man. 27. apr. 2026 8 mødegange,09.15,https://www.kultunaut.dk/perl/arrmore/type-nynaut?ArrNr=19351722
Undervisning Design med nål og tråd (sykursus),Design med nål og tråd (sykursus),Arrangeret af FOF Sydjylland.,Tor. 22. jan. til tor. 30. apr. 2026 13 mødegange,12.40,https://www.kultunaut.dk/perl/arrmore/type-nynaut?ArrNr=19730958
Undervisning Design og syning - Særligt tilrettelagt,Design og syning - Særligt tilrettelagt,"For dig, der ikke kan deltage på et alment hold. Lær at sy eller bliv endnu bedre på dette sykursus for begyndere og øvede. Dette hold er for dig, der ikke kan deltage på et almindeligt hold.

  Arrangeret af FOF Sydjylland.",Tir. 27. jan. til tir. 5. maj 2026 13 mødegange,13.40,https://www.kultunaut.dk/perl/arrmore/type-nynaut?ArrNr=19728613
Undervisning Christiansfeld Gospelkor,Christiansfeld Gospelkor,Arrangeret af FOF Sydjylland.,Tir. 27. jan. til tir. 2. jun. 2026 16 mødegange,See description,https://www.kultunaut.dk/perl/arrmore/type-nynaut?ArrNr=19978705
Møder Samtalegruppe for pårørende,Samtalegruppe for pårørende,"Få hjælp til rollen som pårørende. Som pårørende til én med psykisk sygdom eller udviklingsforstyrrelse kan en samtalegruppe give nye perspektiver og redskaber til en bedre hverdag.

  Arrangeret af Bedre Psykiatri - Kolding.",Tir. 17. feb. til tir. 12. maj 2026,See description,https://www.kultunaut.dk/perl/arrmore/type-nynaut?ArrNr=19644171
Undervisning Dreje og pottemageri,Dreje og pottemageri,"På dette kursus kommer du til at dykke ned i teknikken, der kaldes at dreje med ler. Det kaldes at dreje, fordi man arbejder med leret på en drejeskive, hvor man benytter sig af centrifugalkraften til at forme leret.

  Arrangeret af FOF Sydjylland.",Tor. 19. feb. til tor. 30. apr. 2026 10 mødegange,15.45,https://www.kultunaut.dk/perl/arrmore/type-nynaut?ArrNr=19728644
Undervisning Guitarspil,Guitarspil,Arrangeret af FOF Sydjylland.,Ons. 25. feb. til ons. 6. maj 2026 10 mødegange,See description,https://www.kultunaut.dk/perl/arrmore/type-nynaut?ArrNr=19728624
Billedkunst Kunstudstilling: En hyldest til snæbel-fisken,Kunstudstilling: En hyldest til snæbel-fisken,Oplev kunstudstillingen 'En hyldest til snæbel-fisken' i Vores Hus.,Tor. 26. feb. til søn. 31. maj 2026,23.59,https://www.kultunaut.dk/perl/arrmore/type-nynaut?ArrNr=19686824
Natur Find Foråret i naturen,Find Foråret i naturen,Hjælp forskere med at registrere ændringer i klimaet.,Fre. 6. mar. til søn. 31. maj 2026,23.59,https://www.kultunaut.dk/perl/arrmore/type-nynaut?ArrNr=19863171
Andet motionstilbud Qi Gong,Qi Gong,"Måske du har set reality serien ""Shaolin,"" hvor kendte danskere kommer tæt på Shaolin-munkene og deres livsførelse og træning?

  Arrangeret af FOF Sydjylland.",Man. 9. mar. til man. 4. maj 2026 8 mødegange,16.45,https://www.kultunaut.dk/perl/arrmore/type-nynaut?ArrNr=19917892
Kunsthåndværk Vævede mesterværker,Vævede mesterværker,"Oplev nogle af Danmarks mest markante gobeliner og billedvævninger. Værker, der gennem mere end 550 år har vævet sig ind i både magten og folkets historie.",Fre. 27. mar. til søn. 25. okt. 2026 10:00 - 17:00,10:00,https://www.kultunaut.dk/perl/arrmore/type-nynaut?ArrNr=19997104
Kunsthåndværk Udstilling: Vævede mesterværker,Udstilling: Vævede mesterværker,"Oplev nogle af Danmarks mest markante gobeliner og billedvævninger. Værker, der gennem mere end 550 år har vævet sig ind i både magten og folkets historie.",Fre. 27. mar. til søn. 25. okt. 2026 10:00-17:00,10:00,https://www.kultunaut.dk/perl/arrmore/type-nynaut?ArrNr=19783845
Kunsthåndværk Slowlooking: Vævede mesterværker,Slowlooking: Vævede mesterværker,"Giv dig selv en unik kunstoplevelse i roligt tempo. Med slowlooking inviterer vi dig helt tæt på Vævede mesterværker, hvor du ser mere, mærker mere og går hjem med en oplevelse, der varer ved.",Søn. 29. mar. til søn. 30. aug. 2026 14:00-15:00,14:00,https://www.kultunaut.dk/perl/arrmore/type-nynaut?ArrNr=19741592
"Workshop, Børn Barselsakademiet",Barselsakademiet,"Savner du kultur midt i bleer og babytid? Velkommen til Barselsakademiet, der er skabt til dig, der ønsker at fordybe dig i spændende fortællinger i barselsvenlige omgivelser.",Tir. 31. mar. til tir. 16. jun. 2026 10:00-11:00,10:00,https://www.kultunaut.dk/perl/arrmore/type-nynaut?ArrNr=19783847
"Undervisning Keramik, stentøj og porcelæn - Særligt tilrettelagt","Keramik, stentøj og porcelæn - Særligt tilrettelagt",Arrangeret af FOF Sydjylland.,Tir. 7. apr. til tor. 28. maj 2026 8 mødegange,12.40,https://www.kultunaut.dk/perl/arrmore/type-nynaut?ArrNr=19895567
Undervisning Keramik,Keramik,Arrangeret af FOF Sydjylland.,Tor. 9. apr. til tor. 7. maj 2026 5 mødegange,21.30,https://www.kultunaut.dk/perl/arrmore/type-nynaut?ArrNr=19773828
Undervisning Mensendieck,Mensendieck,Arrangeret af FOF Sydjylland.,Tor. 9. apr. til tor. 28. maj 2026,See description,https://www.kultunaut.dk/perl/arrmore/type-nynaut?ArrNr=19861899
Natur FredagsRO,FredagsRO,"Lad op til weekenden i grønne rammer med FredagsRO, hvor du får instruktion og viden til at øge kvaliteten af pauser og pusterum. Du lærer, hvordan du styrker harmonien i krop, sjæl og sanser med fokus på en masse positiv energi.",Fre. 10. apr. til fre. 26. jun. 2026 15:00-17:00,15:00,https://www.kultunaut.dk/perl/arrmore/type-nynaut?ArrNr=19710116
Gymnastik/aerobic Pilates for alle,Pilates for alle,Arrangeret af FOF Sydjylland.,Man. 13. apr. til man. 18. maj 2026 6 mødegange,14.30,https://www.kultunaut.dk/perl/arrmore/type-nynaut?ArrNr=19728073
Undervisning Cellerciser,Cellerciser,Arrangeret af FOF Sydjylland.,Man. 13. apr. til man. 18. maj 2026 6 mødegange,15.30,https://www.kultunaut.dk/perl/arrmore/type-nynaut?ArrNr=19728010
Andet motionstilbud Cellerciser interval med pilates,Cellerciser interval med pilates,"Oplev en ny og sjov metode til at få en meget effektiv og skånsom træning på kort tid. Træning på cellerciseren er enkelt, praktisk og sjovt for alle.

  Arrangeret af FOF Sydjylland.",Man. 13. apr. til man. 18. maj 2026 6 mødegange,18.30,https://www.kultunaut.dk/perl/arrmore/type-nynaut?ArrNr=19728130
Workshop Iværksætterforløb hos Business Kolding,Iværksætterforløb hos Business Kolding,Overvejer du at starte virksomhed? På Business Koldings korte Iværksætterforløb får du viden til at komme godt i gang med din iværksætterrejse.,Ons. 15. apr. til ons. 6. maj 2026 17:00 - 20:00,17:00,https://www.kultunaut.dk/perl/arrmore/type-nynaut?ArrNr=19586089
Undervisning Mavedans for begyndere,Mavedans for begyndere,"Drømmer du om en sjov og svedig motionsform, hvor du samtidig lærer noget nyt?. Få en energifyldt introduktion til mavedansens univers, hvor vi arbejder med grundlæggende teknik, isolationer, rytmeforståelse og bevægelsesmønstre.

  Arrangeret af FOF Sydjylland.",Ons. 15. apr. til ons. 17. jun. 2026 10 mødegange,17.15,https://www.kultunaut.dk/perl/arrmore/type-nynaut?ArrNr=19852314
Danseundervisning Mavedans for øvede,Mavedans for øvede,Arrangeret af FOF Sydjylland.,Ons. 15. apr. til ons. 17. jun. 2026 10 mødegange,18.30,https://www.kultunaut.dk/perl/arrmore/type-nynaut?ArrNr=19735952
Undervisning Fordybelse i ler og form - keramikhold for voksne,Fordybelse i ler og form - keramikhold for voksne,"Er du klar til at udfolde dine kreative sider i godt selskab? Kulturskolen Kolding inviterer voksne til et inspirerende keramikhold, hvor både begyndere og erfarne kan forme og skabe unikke kreationer i ler.",Tor. 16. apr. til tor. 28. maj 2026,10:00,https://www.kultunaut.dk/perl/arrmore/type-nynaut?ArrNr=19808856
Omvisning Særrundvisning: Lad fortiden tale og nutiden leve,Særrundvisning: Lad fortiden tale og nutiden leve,"Kom med bag facaden på Koldinghus og oplev, hvordan arkitekterne Inger & Johannes Exner lod fortiden stå synligt, mens nutiden fik nyt liv. En unik rundvisning, hvor du også kommer helt op under det imponerende tag.",Søn. 19. apr. til søn. 21. jun. 2026 10:30-12:00,10:30,https://www.kultunaut.dk/perl/arrmore/type-nynaut?ArrNr=19728865
Workshop Haveskole sæson 2026,Haveskole sæson 2026,"Drømmer du om at lave køkkenhave, men har svært ved at komme i gang? Savner du et fællesskab at dele din glæde ved køkkenhave med? Eller har du lyst til at dele din viden om køkkenhave med andre? Så er Haveskole i Geografisk Have noget for dig.",Tir. 21. apr. til tir. 25. aug. 2026 17:00-19:00,17:00,https://www.kultunaut.dk/perl/arrmore/type-nynaut?ArrNr=19710120
Foredrag Klog på klassisk musik II,Klog på klassisk musik II,En dybdegående og underholdende rejse ind i den klassiske musiks fantastiske verden!,Ons. 22. apr. til tor. 7. maj 2026,18:30,https://www.kultunaut.dk/perl/arrmore/type-nynaut?ArrNr=19084640
Undervisning Sang-teknik,Sang-teknik,Arrangeret af FOF Sydjylland.,Tor. 23. apr. til man. 17. aug. 2026 10 mødegange,See description,https://www.kultunaut.dk/perl/arrmore/type-nynaut?ArrNr=19728094
"Omvisning Guidet oplevelse i ""Kongebarn""","Guidet oplevelse i ""Kongebarn""","Kom med på en guidet oplevelse i ""Kongebarn"", der begynder med en tankevækkende introduktion til udstillingen med fokus på kongebørnenes skæbnefortællinger og udstillingens unikke genstande.",Fre. 24. apr. til lør. 27. jun. 2026 11:00-12:00,11:00,https://www.kultunaut.dk/perl/arrmore/type-nynaut?ArrNr=19896587
Omvisning Offentlig rundvisning: Vævede mesterværker,Offentlig rundvisning: Vævede mesterværker,"Kom med på en guidet rundvisning i udstillingen ""Vævede mesterværker"" og oplev nogle af Danmarks mest markante gobeliner og billedvævninger.",Lør. 25. apr. til søn. 28. jun. 2026 11:00-13:00,11:00,https://www.kultunaut.dk/perl/arrmore/type-nynaut?ArrNr=19896586
Musik Southern Avenue (US),Southern Avenue (US),"Southern Avenue, det Blues Music Award-vindende og GRAMMY-nominerede familieband fra Memphis, spiller original Memphis-blues, moderne soul og gospel-inspireret rootsmusik, der er både opløftende og ti.",Man. 27. apr. 2026,See description,https://www.kultunaut.dk/perl/arrmore/type-nynaut?ArrNr=19759320
Foredrag Kim Fupz Aakeson: Skyggen foran mig,Kim Fupz Aakeson: Skyggen foran mig,"Kom og hør Kim Fupz Aakeson fortælle om Skyggen foran mig, der er nomineret til DR Romanprisen. Romanen handler om en mand, der løslades fra fængslet - efter at have tilbragt mange år i et fællesskab med mænd, der alle har gjort noget fatalt.

  Arrangeret af Litteratur6000.",Man. 27. apr. 2026 19:30 - 21:00,19:30,https://www.kultunaut.dk/perl/arrmore/type-nynaut?ArrNr=19491658
Andet Knuds Garage International Pubquiz,Knuds Garage International Pubquiz,English Pubquiz at Knuds Garage Come to a pub quiz in a cozy setting with 20 questions.,Man. 27. apr. 2026 20:30 - 22:30,20:30,https://www.kultunaut.dk/perl/arrmore/type-nynaut?ArrNr=19535616
Ketchersport Badminton,Badminton,"Du medbringer en ketcher og bolde. Der spilles stort set kun double, da dette er det mest sociale og ikke så hårdt fysisk.",Man. 27. apr. 2026,See description,https://www.kultunaut.dk/perl/arrmore/type-nynaut?ArrNr=19810186
Andet motionstilbud Styrke /ryg træning i Arena Syd VAMDRUP,Styrke /ryg træning i Arena Syd VAMDRUP,"I Styrkeryg trænings timen arbejdes der med alle kroppens muskler. Vi bruger elastik, som kan købes hos IFA. Husk måtte til styrkeøvelser på gulvet.",Man. 27. apr. 2026,See description,https://www.kultunaut.dk/perl/arrmore/type-nynaut?ArrNr=19810841
Fitness/styrketræning Aerobic,Aerobic,"Vore aerobictimer er tilpasset så alle kan deltage. Der laves små serier kombineret med hop og løb. Det er fedtforbrændende og konditionstrænende. Husk måtte til gulvøvelser, hvor der trænes mave og ryg.",Man. 27. apr. 2026,10.15,https://www.kultunaut.dk/perl/arrmore/type-nynaut?ArrNr=19810233
Andet motionstilbud Krolfspil for senior,Krolfspil for senior,"Krolf er et rigtig hyggelig spil, hvor alle kan deltage. Det er en blanding af golf og kroket. Praktisk påklædning efter vejret, gerne kraftige sko eller i regnvejr gummistøvler.",Man. 27. apr. 2026,09.30,https://www.kultunaut.dk/perl/arrmore/type-nynaut?ArrNr=19810695
Vandretur/stavgang Stavgang/ gåture,Stavgang/ gåture,"Der kan som udgangspunkt lånes stave i IFA de første par gange. Der vil hver gang være mulighed for instruktion i stavgangsteknik, ligesom der som regel er mulighed fora t vælge hold med forskellige tempi.",Man. 27. apr. 2026,11.30,https://www.kultunaut.dk/perl/arrmore/type-nynaut?ArrNr=19810800
Fitness/styrketræning Styrke/ryg træning,Styrke/ryg træning,"Her styrkes alle kroppens muskler, så ryggen kan klare hverdagen. Husk vandflaske og en måtte til gulvøvelserne.",Man. 27. apr. 2026,10.45,https://www.kultunaut.dk/perl/arrmore/type-nynaut?ArrNr=19810408
Dokumentar I Swear,I Swear,"I dramaet 'I Swear' fortælles den sande historie om en sand ener, John Davidson.",Man. 27. apr. 2026,11.30,https://www.kultunaut.dk/perl/arrmore/type-nynaut?ArrNr=19879655
Action/Drama Affektionsværdi,Affektionsværdi,"Det norske drama 'Affektionsværdi' følger søstrene Nora (Renate Reinsve) og Agnes (Inga Ibsdotter Lilleaas), som genforenes med deres far Gustav (Stellan Skarsgård) - en førhen ganske feteret instruktør, som drømmer om det store comeback.",Man. 27. apr. 2026,11.30,https://www.kultunaut.dk/perl/arrmore/type-nynaut?ArrNr=19879287
Tegnefilm/Animation Super Mario Galaxy Filmen,Super Mario Galaxy Filmen,Here we go. Again! Animationsfilmen 'Super Mario Galaxy Filmen' (The Super Mario Galaxy Movie) er fortsættelsen til Super Mario Bros. Filmen fra 2023 og denne gang bliver eventyret endnu større!,Man. 27. apr. 2026,11.30,https://www.kultunaut.dk/perl/arrmore/type-nynaut?ArrNr=19879606
Action/Drama De forbandede år 3 - Fredens pris,De forbandede år 3 - Fredens pris,"Året er 1945. Krigen er endelig slut. Danmark er frit, men splittet. Meget har ændret sig for familien Skov. Karl og Evas ægteskab er tyndslidt, og Eva beslutter at forlade sin mand.",Man. 27. apr. 2026,11.40,https://www.kultunaut.dk/perl/arrmore/type-nynaut?ArrNr=19880306
Andet motionstilbud Mandehørm (styrke for mænd),Mandehørm (styrke for mænd),"Som navnet siger - styrke kun for mænd. Der arbejdes med vægte så ""bøfferne"" holdes ved lige. Endvidere styrke af ryg og mave. Bækkenbunds træning er ikke kun for kvinder. Kom og lær din bækkenbund at kende.",Man. 27. apr. 2026,See description,https://www.kultunaut.dk/perl/arrmore/type-nynaut?ArrNr=19810467
Andet motionstilbud Stram op,Stram op,"Efter ca. 35 min. ""opvarmning"", hvor pulsen stiger, strammer vi maven, ballerne, lårene og ryggen op med forskellige øvelser. Med og uden elastikker. Husk vandflaske og måtte til gulvøvelserne.",Man. 27. apr. 2026,See description,https://www.kultunaut.dk/perl/arrmore/type-nynaut?ArrNr=19810705
Andet motionstilbud Deltag i turneringer. Få åbningskendskab,Deltag i turneringer. Få åbningskendskab,Deltagelse i klubturneringen. Deltagelse i holdturneringen mod spillere fra andre klubber. Teori og åbningskendskab.,Man. 27. apr. 2026,See description,https://www.kultunaut.dk/perl/arrmore/type-nynaut?ArrNr=19810248
Science Fiction Project Hail Mary,Project Hail Mary,I science fiction-filmen 'Project Hail Mary' skal Ryan Gosling redde jordens fremtid ved hjælp af en unik portion videnskab og humor!,Man. 27. apr. 2026,13.45,https://www.kultunaut.dk/perl/arrmore/type-nynaut?ArrNr=19879398
Action/Drama The Drama,The Drama,"Filmen 'The Drama' handler om et lykkeligt par, hvis forhold bliver sat på prøve, da en uventet indrømmelse kommer på bordet. Emma og Charlie elsker hinanden og glæder sig til både bryllup og et liv sammen.",Man. 27. apr. 2026,14.30,https://www.kultunaut.dk/perl/arrmore/type-nynaut?ArrNr=19879652
Gymnastik/aerobic Motionsdamer,Motionsdamer,Traditionel motionsgymnastik for damer. Alle kan deltage uanset alder og skavanker.,Man. 27. apr. 2026,15.20,https://www.kultunaut.dk/perl/arrmore/type-nynaut?ArrNr=19810492
Action/Drama De Forbandede År 3 - Fredens pris - Dk. tekster,De Forbandede År 3 - Fredens pris - Dk. tekster,"Året er 1945. Krigen er endelig slut. Danmark er frit, men splittet. Meget har ændret sig for familien Skov, Karl og Evas ægteskab er tyndslidt, og Eva beslutter at forlade sin mand.",Man. 27. apr. 2026,See description,https://www.kultunaut.dk/perl/arrmore/type-nynaut?ArrNr=19848187
"Lyrik/oplæsning, Børn Bogklubben Bogmestrene: mandagsklubben",Bogklubben Bogmestrene: mandagsklubben,"Vær med i børnebibliotekets bogklub, hvor der kun er tre regler!",Man. 27. apr. 2026,See description,https://www.kultunaut.dk/perl/arrmore/type-nynaut?ArrNr=19346304
Andre Film Hamnet,Hamnet,"'Hamnet' er en film om kærlighed og tab, og handler om, hvad der inspirerede til skabelsen af Shakespeares tidløse mesterværk Hamlet.",Man. 27. apr. 2026,16.30,https://www.kultunaut.dk/perl/arrmore/type-nynaut?ArrNr=19847345
Lyrik/oplæsning Litterær Salon: Meter i sekundet,Litterær Salon: Meter i sekundet,"Sammen med Kolding Teaterforening inviterer vi til læsekreds, spisning og forestilling.",Man. 27. apr. 2026,16.30,https://www.kultunaut.dk/perl/arrmore/type-nynaut?ArrNr=19358217
"Danseundervisning, Børn Linedance / Absolut Begynder",Linedance / Absolut Begynder,For dem der aldrig har prøvet linedance før.,Man. 27. apr. 2026,17.55,https://www.kultunaut.dk/perl/arrmore/type-nynaut?ArrNr=19810051
"Andet boldspil, Børn Floorball U9-U11",Floorball U9-U11,"Husk indendørssko og gerne sportstøj, vi sørger for resten :-).",Man. 27. apr. 2026,18.30,https://www.kultunaut.dk/perl/arrmore/type-nynaut?ArrNr=19810621
Andet Fællesskab & Forkælelse - en aften for krop og sind hos Dorotheas Badestue,Fællesskab & Forkælelse - en aften for krop og sind hos Dorotheas Badestue,"Kreds Kolding inviterer til Fællesskab & Forkælelse - en aften for krop og sind hos Dorotheas Badestue ved slotssøbadet i Kolding. Vi glæder os til at møde dig/jer.

  Arrangeret af Kræftforeningen Tidslerne.",Man. 27. apr. 2026,See description,https://www.kultunaut.dk/perl/arrmore/type-nynaut?ArrNr=19725287
"Løbetræning/jogging, Børn Gå-/Løbe-fællesskab",Gå-/Løbe-fællesskab,"Gå- & løbe-fællesskab, hvor minimum en frivillig fra HG&IF deltager på holdene. Så har du svært ved at komme afsted selv, så kom og vær med. Det forpligtiger lidt mere når man ved andre venter :-). Der er 3 niveauer: 1) Gå-holdet.",Man. 27. apr. 2026,17.15,https://www.kultunaut.dk/perl/arrmore/type-nynaut?ArrNr=19810761
"Danseundervisning, Børn Hip Hop/ Funk (10-12 årige)",Hip Hop/ Funk (10-12 årige),"Er du vild med at danse foran spejlet? Og kan du ikke sidde stille, når der sættes musik på? Til hiphop/funk sætter vi gang i festen. Der vil blive arbejdet med koreografier, attitude og styrketræning.",Man. 27. apr. 2026,17.30,https://www.kultunaut.dk/perl/arrmore/type-nynaut?ArrNr=19810676
For børn Ungdomstræning,Ungdomstræning,"Badminton i Kolding KFUM Badminton er for alle uanset niveau. Hos os er det vigtigt at have det sjovt når man dyrker motion og sport, derfor er der ingen krav om hverken niveau eller kondition.",Man. 27. apr. 2026,See description,https://www.kultunaut.dk/perl/arrmore/type-nynaut?ArrNr=19810830
"Danseundervisning, Børn Linedance / Begynder",Linedance / Begynder,For dem der kender lidt til grundtrin.,Man. 27. apr. 2026,18.05,https://www.kultunaut.dk/perl/arrmore/type-nynaut?ArrNr=19810708
Andet motionstilbud Mma - for alle,Mma - for alle,"Muay Thai og MMA træning for nye og erfarende udøvere. Holdet giver plads til at nørde basis-teknik, udvikle skills og skabe flow - uanset om du er helt ny eller allerede træner fast.",Man. 27. apr. 2026,18.30,https://www.kultunaut.dk/perl/arrmore/type-nynaut?ArrNr=19810440
Foredrag Kim Fupz Aakeson,Kim Fupz Aakeson,"Kim Fupz Åkeson fortæller om romanen ""Skyggen foran mig"". En mand løslades efter mange år i fængsel og flytter ind hos en gammel ven. Han er som et barn, uden pas, uden sundhedskort, uden NemID. Det eneste han har, er en ide om at gå helt til Verdens Ende.

  Arrangeret af Litteratur6000.",Man. 27. apr. 2026,See description,https://www.kultunaut.dk/perl/arrmore/type-nynaut?ArrNr=19415361
Gymnastik/aerobic Motionsherrer,Motionsherrer,Traditionel motionsgymnastik for herrer. Alle kan deltage uanset alder og skavanker. Holdet er meget socialt og har et godt sammenhold.,Man. 27. apr. 2026,See description,https://www.kultunaut.dk/perl/arrmore/type-nynaut?ArrNr=19810714
Foredrag Litteratur6000: Kim Fupz Aakeson: Skyggen foran mig,Litteratur6000: Kim Fupz Aakeson: Skyggen foran mig,"Kim Fupz Aakeson fortæller om ""Skyggen foran mig"".",Man. 27. apr. 2026,See description,https://www.kultunaut.dk/perl/arrmore/type-nynaut?ArrNr=19455992
Andet motionstilbud Kom og spil kegler - hver mandag aften (55+ år),Kom og spil kegler - hver mandag aften (55+ år),"HUSK indendørssko! Hvordan spiller man kegler?. Man starter med at indtage en ""startstilling"". Denne afhænger af hvilken teknik man bruger. Kaster man med to hænder, stiller man sig med spredte ben hen over linoleumsstykket.",Man. 27. apr. 2026,See description,https://www.kultunaut.dk/perl/arrmore/type-nynaut?ArrNr=19810579
"Danseundervisning, Børn Linedance / Begynder +",Linedance / Begynder +,For dem der kender de fleste grundtrin.,Man. 27. apr. 2026,19.10,https://www.kultunaut.dk/perl/arrmore/type-nynaut?ArrNr=19810209
Gymnastik/aerobic Rytme Quinder,Rytme Quinder,Moderne rytmegymnastik. Sæsonen afsluttes med ca. 3 opvisninger.,Man. 27. apr. 2026,19.15,https://www.kultunaut.dk/perl/arrmore/type-nynaut?ArrNr=19810031
Andet boldspil Mixhold voksen,Mixhold voksen,"Fælles opvarmning hvor alle kan være med, øvelser og afslutter ofte med kamp. God stemning og fokus på at der er plads til alle.",Man. 27. apr. 2026,19.15,https://www.kultunaut.dk/perl/arrmore/type-nynaut?ArrNr=19810541
Anden forestilling Spillet om H2O,Spillet om H2O,,Man. 27. apr. 2026,19.30,https://www.kultunaut.dk/perl/arrmore/type-nynaut?ArrNr=18739244
Skuespil Meter i sekundet,Meter i sekundet,"Stine Pilgaards anmelderroste bestseller og den efterfølgende filmatisering blev en kæmpe succes. I Folketeatrets komedie inviteres alle til et musikalsk og komprimeret højskoleophold i Velling.

  Arrangeret af Kolding Teaterforening.",Man. 27. apr. 2026,19.30,https://www.kultunaut.dk/perl/arrmore/type-nynaut?ArrNr=19157404
Andre Film Father Mother Sister Brother,Father Mother Sister Brother,"Er den nye, længeventede film fra manuskriptforfatter / instruktør Jim Jarmusch.",Man. 27. apr. 2026,19.30,https://www.kultunaut.dk/perl/arrmore/type-nynaut?ArrNr=19847466
"Danseundervisning, Børn Linedance / Let øvet",Linedance / Let øvet,For dem der kan alle grundtrin og lyst til større udfordringer.,Man. 27. apr. 2026,20.10,https://www.kultunaut.dk/perl/arrmore/type-nynaut?ArrNr=19810068
Thriller/Gyser Lee Cronin's The Mummy,Lee Cronin's The Mummy,"En ung pige forsvinder sporløst i ørkenen. Otte år senere bliver hendes knuste familie chokeret, da hun vender tilbage til dem. Det, der burde være en glædelig genforening, forvandles til et levende mareridt.",Man. 27. apr. 2026,21.15,https://www.kultunaut.dk/perl/arrmore/type-nynaut?ArrNr=19878826
Foredrag På sporet af Trapholts historie,På sporet af Trapholts historie,"Hvordan hænger to tandlæger, en berømt æbleplantage og kunstmuseet Trapholt sammen? Kolding Stadsarkiv inviterer publikum indenfor i arkivets maskinrum, hvor vi går på opdagelse i historien om Trapholts tilblivelse.",Tir. 28. apr. 2026 17:00-18:30,17:00,https://www.kultunaut.dk/perl/arrmore/type-nynaut?ArrNr=19839696
Folk/Vise/Country Vores Kim Larsen - Mark & Christoffer med gæst Justine Boesen,Vores Kim Larsen - Mark & Christoffer med gæst Justine Boesen,"Tag med på en musikalsk rejse gennem Kim Larsen og Gasolins legendariske univers, når duoen Mark & Christoffer i selskab med den talentfulde folkemusiker Justine Boesen inviterer til en akustisk hyldest til en af Danmarks største sangskrivere.",Tir. 28. apr. 2026 19:30 - 21:30,19:30,https://www.kultunaut.dk/perl/arrmore/type-nynaut?ArrNr=19802233
Andet motionstilbud Motionsgymnastik,Motionsgymnastik,"Har du lyst til at få rørt hele kroppen og få sved på panden, så er disse timer noget for dig. En gymnastiktime med højt humør og dejlig inspirerende musik. Men pas på, - du bliver hurtig afhængig !!!",Tir. 28. apr. 2026,See description,https://www.kultunaut.dk/perl/arrmore/type-nynaut?ArrNr=19813588
Andet motionstilbud Bodybike,Bodybike,Fuld fart på pedalerne og gang i svedproduktionen. HUSK vand og spinningsko. Her er konditionstræning for alle pengene.,Tir. 28. apr. 2026,09.30,https://www.kultunaut.dk/perl/arrmore/type-nynaut?ArrNr=19813835
Andre Film Børnebiffen - Filmpakke 1 - Fra 3 år,Børnebiffen - Filmpakke 1 - Fra 3 år,"Den lille ridder. Instruktør: Per Fly. Der var engang en lille dreng, som boede i et rige, hvor skænderier, slåskampe, raseri og vrede var forbudt, så der var ikke længere brug for riddere.",Tir. 28. apr. 2026,See description,https://www.kultunaut.dk/perl/arrmore/type-nynaut?ArrNr=19785330
Fitness/styrketræning Styrke/ryg træning,Styrke/ryg træning,"Her styrkes alle kroppens muskler, så ryggen kan klare hverdagen. Husk måtte til gulvøvelser.",Tir. 28. apr. 2026,See description,https://www.kultunaut.dk/perl/arrmore/type-nynaut?ArrNr=19813595
Gymnastik/aerobic Vandgymnastik,Vandgymnastik,"Træning i vand til god musik. Vi træner kroppens center, med fokus på ryg og mave, og bruger vandets modstand til at styrke alle kroppens muskler.",Tir. 28. apr. 2026,See description,https://www.kultunaut.dk/perl/arrmore/type-nynaut?ArrNr=19813572
Fitness/styrketræning Intervaltræning,Intervaltræning,"Med et antal trænings skift, veksler man mellem øvelser for både styrke og kondition. Inden for kort tid opnår man stor effekt. Der er fuld fart på, og man får virkelig sved på panden og pulsen op. Så kom og prøv.",Tir. 28. apr. 2026,See description,https://www.kultunaut.dk/perl/arrmore/type-nynaut?ArrNr=19814087
Tegnefilm/Animation Mission: Bæver,Mission: Bæver,"Animationsfilmen 'Mission: Bæver' er Disney og Pixars nyeste eventyr, der stiller spørgsmålet: Hvad hvis du kunne tale med dyr og forstå, hvad de siger?",Tir. 28. apr. 2026,11.30,https://www.kultunaut.dk/perl/arrmore/type-nynaut?ArrNr=19879442
Action/Drama De forbandede år 3 - Fredens pris,De forbandede år 3 - Fredens pris,"Året er 1945. Krigen er endelig slut. Danmark er frit, men splittet. Meget har ændret sig for familien Skov. Karl og Evas ægteskab er tyndslidt, og Eva beslutter at forlade sin mand.",Tir. 28. apr. 2026,11.30,https://www.kultunaut.dk/perl/arrmore/type-nynaut?ArrNr=19879418
Tegnefilm/Animation Super Mario Galaxy Filmen,Super Mario Galaxy Filmen,Here we go. Again! Animationsfilmen 'Super Mario Galaxy Filmen' (The Super Mario Galaxy Movie) er fortsættelsen til Super Mario Bros. Filmen fra 2023 og denne gang bliver eventyret endnu større!,Tir. 28. apr. 2026,16.20,https://www.kultunaut.dk/perl/arrmore/type-nynaut?ArrNr=19879279
Action/Drama Affektionsværdi,Affektionsværdi,"Det norske drama 'Affektionsværdi' følger søstrene Nora (Renate Reinsve) og Agnes (Inga Ibsdotter Lilleaas), som genforenes med deres far Gustav (Stellan Skarsgård) - en førhen ganske feteret instruktør, som drømmer om det store comeback.",Tir. 28. apr. 2026,12.15,https://www.kultunaut.dk/perl/arrmore/type-nynaut?ArrNr=19880591
Danseundervisning Let's Dance,Let's Dance,"Ved brug af skøn musik til mange forskellige dansearter, sammen med enkelte dansetrin kommer forbrændingen i vejret og kroppen fyldes med energi - samtidig med at det er sjovt og nemt at lære- Alle kan være med - unge som ældre, mænd og kvinder, hvis bare.",Tir. 28. apr. 2026,See description,https://www.kultunaut.dk/perl/arrmore/type-nynaut?ArrNr=19813587
Andet motionstilbud Kom og spil kegler (For alle niveauer - 55+ år),Kom og spil kegler (For alle niveauer - 55+ år),"HUSK indendørssko! Hvordan spiller man kegler?. Man starter med at indtage en ""startstilling"". Denne afhænger af hvilken teknik man bruger. Kaster man med to hænder, stiller man sig med spredte ben hen over linoleumsstykket.",Tir. 28. apr. 2026,See description,https://www.kultunaut.dk/perl/arrmore/type-nynaut?ArrNr=19813828
"Andre Film Ilden, Vandet, Jorden, Luften","Ilden, Vandet, Jorden, Luften","Klimaforandringerne er her nu - også i Danmark og i hele Norden. Skovbrande breder sig i Sverige, havene stiger i Danmark, stormene bliver voldsommere på Færøerne, og landskabet skrider i Norge. Naturen giver os tydelige tegn.",Tir. 28. apr. 2026,See description,https://www.kultunaut.dk/perl/arrmore/type-nynaut?ArrNr=19847243
Komedie/Romantik Klassefesten 4 - Venner for livet,Klassefesten 4 - Venner for livet,"I den danske komedie 'Klassefesten 4 - Venner for livet' er kammeraterne tilbage for fjerde gang! Men, intet er som det plejer!",Tir. 28. apr. 2026,See description,https://www.kultunaut.dk/perl/arrmore/type-nynaut?ArrNr=19879290
Dokumentar I Swear,I Swear,"I dramaet 'I Swear' fortælles den sande historie om en sand ener, John Davidson.",Tir. 28. apr. 2026,14.30,https://www.kultunaut.dk/perl/arrmore/type-nynaut?ArrNr=19880082
Gudstjeneste Gudstjeneste med nadver,Gudstjeneste med nadver,,Tir. 28. apr. 2026,14.30,https://www.kultunaut.dk/perl/arrmore/type-nynaut?ArrNr=19783606
Komedie/Romantik Minder om ham,Minder om ham,"Efter løsladelsen fra fængslet forsøger en kvinde at genopbygge relationen til sin unge datter, men møder modstand fra alle - undtagen en barejer med en særlig forbindelse til barnet.",Tir. 28. apr. 2026,14.50,https://www.kultunaut.dk/perl/arrmore/type-nynaut?ArrNr=19879445
"Lyrik/oplæsning, Børn Bogklubben Bogmestrene: tirsdagsklubben",Bogklubben Bogmestrene: tirsdagsklubben,"Vær med i børnebibliotekets bogklub, hvor der kun er tre regler!",Tir. 28. apr. 2026,See description,https://www.kultunaut.dk/perl/arrmore/type-nynaut?ArrNr=19346100
"Kampsporttræning, Børn Ninja kids - 4 til 7 år",Ninja kids - 4 til 7 år,"Er for børn i alderen 4 til ca. 7 år. Her bliver hovedsageligt trænet motorik, leget og ""tumlet"" på madrassen og der sluttes altid af med at ""bryde/slås for sjov"".",Tir. 28. apr. 2026,16.30,https://www.kultunaut.dk/perl/arrmore/type-nynaut?ArrNr=19813529
Andet motionstilbud Bowling for ungdom (5-18 år),Bowling for ungdom (5-18 år),"Til vores træninger er timen delt op i 3 sektioner opvarmning/træningsøvelser/bowling & leg. Vi starter med en fælles opvarmning, for at få kroppen igang og klar til træningen.",Tir. 28. apr. 2026,16.30,https://www.kultunaut.dk/perl/arrmore/type-nynaut?ArrNr=19813982
Musik Tyrstrup englesangs-koncert i kirken,Tyrstrup englesangs-koncert i kirken,"Englesang i Christiansfeld Tyrstrup Kirke danner tirsdag den 28. april rammen om en vaskeægte englesangskoncert, når Therese og Daniel Eichenwald denne dag tager børn og børnefamilier med ind i parrets sangunivers af nye såvel som gamle, kristne sange for.",Tir. 28. apr. 2026,See description,https://www.kultunaut.dk/perl/arrmore/type-nynaut?ArrNr=19728569
"Kampsporttræning, Børn Begynderhold",Begynderhold,"Som nybegynder eller let øvet, går meget af træningen ud på at indøve de helt basale teknikker som stød, parader, spark og stillinger, samt de grundlæggende japanske termer, der bruges.",Tir. 28. apr. 2026,See description,https://www.kultunaut.dk/perl/arrmore/type-nynaut?ArrNr=19813973
"Andet motionstilbud, Børn Realistisk selvforsvar for alle (9+ år)",Realistisk selvforsvar for alle (9+ år),Vi træner selvforsvar på mix hold tirsdage og torsdage fra kl 18:30 til 20:00 kom ned i klubben og prøv om det er noget for dig.,Tir. 28. apr. 2026,18.30,https://www.kultunaut.dk/perl/arrmore/type-nynaut?ArrNr=19813966
Møder Lytteklubben Musik uden grænser,Lytteklubben Musik uden grænser,"En rocklytteklub, hvor man graver god musik frem for hinanden og i fællesskab lytter koncentreret.",Tir. 28. apr. 2026,See description,https://www.kultunaut.dk/perl/arrmore/type-nynaut?ArrNr=19804119
Ketchersport Tennistræning for seniorer,Tennistræning for seniorer,"Niveau Beskrivelse. 1 Begynder. Har ikke tidligere modtaget træning og spillere som har spillet 1-2 sæsoner. Ønsker at lære de grundlæggende principper og teknik, og møde andre nystartede. 2 Let øvet.",Tir. 28. apr. 2026,See description,https://www.kultunaut.dk/perl/arrmore/type-nynaut?ArrNr=19908287
"Ketchersport, Børn Prøv squash med koldings bedste",Prøv squash med koldings bedste,"Om tirsdagen er der altid fælles træning, og der er mulighed for at komme forbi og prøve det.",Tir. 28. apr. 2026,See description,https://www.kultunaut.dk/perl/arrmore/type-nynaut?ArrNr=19813638
"Ketchersport, Børn Tennis 5-8 årige",Tennis 5-8 årige,Udendørstræning: 1. Maj 2022 - 16. September 2022.,Tir. 28. apr. 2026,17.15,https://www.kultunaut.dk/perl/arrmore/type-nynaut?ArrNr=19813795
Action/Drama The Drama,The Drama,"Filmen 'The Drama' handler om et lykkeligt par, hvis forhold bliver sat på prøve, da en uventet indrømmelse kommer på bordet. Emma og Charlie elsker hinanden og glæder sig til både bryllup og et liv sammen.",Tir. 28. apr. 2026,17.30,https://www.kultunaut.dk/perl/arrmore/type-nynaut?ArrNr=19880638
"Kampsporttræning, Børn Begynder brydning - 7 til 13 år",Begynder brydning - 7 til 13 år,"Træningen består af kampleg, akrobatik, koordinationsøvelser samt bryde relaterede øvelser. Her læres at slå de mest basale brydegreb, og under træning får de også mulighed for at bryde rigtigt.",Tir. 28. apr. 2026,17.30,https://www.kultunaut.dk/perl/arrmore/type-nynaut?ArrNr=19813818
Fodboldtræning Fodbold alle tirsdage kl. 18.00,Fodbold alle tirsdage kl. 18.00,"Vi er en flok gamle gutter, der spiller fodbold for sjov, vores ældste mand er 87 år -yngste 38. Vi hedder KIF Oldboys, men langt de fleste har tidligere spillet i andre klubber, flere har aldrig spillet fodbold i en klub før KIF Oldboys.",Tir. 28. apr. 2026,See description,https://www.kultunaut.dk/perl/arrmore/type-nynaut?ArrNr=19813604
"Kampsporttræning, Børn Hold 3 (13 år +)",Hold 3 (13 år +),"Vores største hold. Her er plads til både eliten, talenterne, og dem der bare gerne vil have sved på panden og lære at bryde. Teknik træningen slutte kl. 19.30 fra 19.30 til 20.00 er der Open Mat.",Tir. 28. apr. 2026,18.30,https://www.kultunaut.dk/perl/arrmore/type-nynaut?ArrNr=19813932
Andet motionstilbud Krolf for alle - aften,Krolf for alle - aften,"Til træning der spiller vi 2-3 runder, vi har i alt 4 forskellige baner man kan komme og prøve. Det man får ud af det er: at møde nye mennesker, hyggeligt socialt samvær, venskaber for alle aldersgrupper. Man skal huske varmt tøj til tider.",Tir. 28. apr. 2026,18.30,https://www.kultunaut.dk/perl/arrmore/type-nynaut?ArrNr=19813923
Action/Drama De Forbandede År 3 - Fredens pris - Dk. tekster,De Forbandede År 3 - Fredens pris - Dk. tekster,"Året er 1945. Krigen er endelig slut. Danmark er frit, men splittet. Meget har ændret sig for familien Skov, Karl og Evas ægteskab er tyndslidt, og Eva beslutter at forlade sin mand.",Tir. 28. apr. 2026,See description,https://www.kultunaut.dk/perl/arrmore/type-nynaut?ArrNr=19848153
Foredrag Atomkraft i Danmark?,Atomkraft i Danmark?,"Med jagten på nye energiformer er spørgsmålet, om det er blevet tid til atomkraft i Danmark.",Tir. 28. apr. 2026,20.30,https://www.kultunaut.dk/perl/arrmore/type-nynaut?ArrNr=19354167
Andet Meditativ bibellæsning,Meditativ bibellæsning,Fælles læsning og samtale om én af den kommende søndags tekster.,Tir. 28. apr. 2026,See description,https://www.kultunaut.dk/perl/arrmore/type-nynaut?ArrNr=18654219
Andet motionstilbud Kegler for hele familien,Kegler for hele familien,"De fleste har prøvet bowling eller set spillet. Man kan godt sammenligne at spille bowling med kegler. Forskellen på disse 2 spil er, at kuglen er mindre i kegler, og uden huller til fingrene.",Tir. 28. apr. 2026,See description,https://www.kultunaut.dk/perl/arrmore/type-nynaut?ArrNr=19813542
Andet boldspil Seniortræning Bowling,Seniortræning Bowling,"Til vores bowlingtræninger er den sociale hygge i højsædet. Alle fra begyndere til øvede kan være med, og der mulighed for træningsøvelser eller en dyst mod andre bowlingspillere fra klubben.",Tir. 28. apr. 2026,19.15,https://www.kultunaut.dk/perl/arrmore/type-nynaut?ArrNr=19813697
Anden forestilling Spillet om H2O,Spillet om H2O,,Tir. 28. apr. 2026,19.30,https://www.kultunaut.dk/perl/arrmore/type-nynaut?ArrNr=18739723
Musik Vores Kim Larsen - Mark & Christoffer,Vores Kim Larsen - Mark & Christoffer,OBS: unummererede siddepladser. Vores Kim Larsen - Mark & Christoffer. m/ gæst Justine Boesen. En akustisk hyldest til Kim Larsens sangskat.,Tir. 28. apr. 2026,19.30,https://www.kultunaut.dk/perl/arrmore/type-nynaut?ArrNr=19346227
Andre Film En kage til præsidenten,En kage til præsidenten,"Iraks officielle Oscar-kandidat 2026! Vinder af Camera D'Or på Cannes Film Festival. Irak, 1990'erne.",Tir. 28. apr. 2026,19.30,https://www.kultunaut.dk/perl/arrmore/type-nynaut?ArrNr=19847501
Jazz Emma Rawicz & Viridan Trio,Emma Rawicz & Viridan Trio,Moderne jazz med kant og nærvær fra et af Europas stærkeste unge saxofontalenter.,Tir. 28. apr. 2026,19.30,https://www.kultunaut.dk/perl/arrmore/type-nynaut?ArrNr=19869377
"Andet motionstilbud, Børn Grappling og Brazilian jiu-jitsu",Grappling og Brazilian jiu-jitsu,Grappling og BJJ for alle niveauer.,Tir. 28. apr. 2026,See description,https://www.kultunaut.dk/perl/arrmore/type-nynaut?ArrNr=19813706
Thriller/Gyser Lee Cronin's The Mummy,Lee Cronin's The Mummy,"En ung pige forsvinder sporløst i ørkenen. Otte år senere bliver hendes knuste familie chokeret, da hun vender tilbage til dem. Det, der burde være en glædelig genforening, forvandles til et levende mareridt.",Tir. 28. apr. 2026,21.15,https://www.kultunaut.dk/perl/arrmore/type-nynaut?ArrNr=19879462
Danseundervisning Mavedans for let øvede,Mavedans for let øvede,Arrangeret af FOF Sydjylland.,Tir. 28. apr. til tir. 23. jun. 2026 9 mødegange,18.30,https://www.kultunaut.dk/perl/arrmore/type-nynaut?ArrNr=19728367
Ekskursion Guidet tur i Christiansfeld: Verdensarv i særklasse,Guidet tur i Christiansfeld: Verdensarv i særklasse,Velkommen til UNESCO-byen Christiansfeld - en by med en enestående historie. Tag med os på en historisk byvandring gennem de smukke gader i Christiansfeld. Vores guide fortæller dig historier om Brødremenigheden og byens historie.,Ons. 29. apr. 2026 13:30 - 15:00,13:30,https://www.kultunaut.dk/perl/arrmore/type-nynaut?ArrNr=19659804
Ekskursion Slaget ved Kolding - dramatiseret byvandring,Slaget ved Kolding - dramatiseret byvandring,"Karaktererne enkefru Karen Jensen og major Victor Knabstrup tager jer med igennem Koldings gader, mens de mindes de voldsomme gadekampe, de tapre soldater og pressede koldingensere.",Ons. 29. apr. 2026 19:00 - 20:30,19:00,https://www.kultunaut.dk/perl/arrmore/type-nynaut?ArrNr=19834579
Rock/Pop George Michael Xperience - Hyldest til legenden,George Michael Xperience - Hyldest til legenden,"For alle George Michael-fans venter der en helt særlig oplevelse: GEORGE MICHAEL XPERIENCE bringer magien, stemmen og stemningen fra den elskede superstjerne tilbage på scenen.",Ons. 29. apr. 2026 19:00 - 21:30,19:00,https://www.kultunaut.dk/perl/arrmore/type-nynaut?ArrNr=19802244
Klassisk Flyverhjemmeværnets jubilæumskoncert,Flyverhjemmeværnets jubilæumskoncert,"Oplev Flyverhjemmeværnets 70-års jubilæumskoncert i Kirkesalen på Koldinghus. Med sig har orkestret Amalie Dollerup som solist, så der er garanti for en festlig og hyggelig aften!",Ons. 29. apr. 2026 19:00-21:00,19:00,https://www.kultunaut.dk/perl/arrmore/type-nynaut?ArrNr=19859773
Andet Pubquiz På Knuds garage,Pubquiz På Knuds garage,"Hver Onsdag kl 20, kan du komme på Knuds Garage og få din paratviden udfordret.",Ons. 29. apr. 2026 20:00 - 23:00,20:00,https://www.kultunaut.dk/perl/arrmore/type-nynaut?ArrNr=19531945
Gymnastik/aerobic Motionsgymnastik i Arena Syd VAMDRUP,Motionsgymnastik i Arena Syd VAMDRUP,"Har du lyst til at få rørt hele kroppen og få sved på panden, så er disse timer noget for dig. En gymnastiktime med højt humør og dejlig inspirerende musik. Men pas på, - du bliver hurtig afhængig !!!",Ons. 29. apr. 2026,See description,https://www.kultunaut.dk/perl/arrmore/type-nynaut?ArrNr=19815293
Ketchersport Pickleball,Pickleball,"Er en ketsjersport, der spilles med en let bold og et paddle (hårdt bat). Pickleball spilles på en bane i badmintonstørrelse, med tennis-lignende net. Der er elementer fra andre ketsjer/ bat spil - som tennis, squash, badminton og bordtennis.",Ons. 29. apr. 2026,See description,https://www.kultunaut.dk/perl/arrmore/type-nynaut?ArrNr=19815573
Gymnastik/aerobic Vandgymnastik,Vandgymnastik,"Træning i vand til god musik. Vi træner kroppens center, med fokus på ryg og mave, og bruger vandets modstand til at styrke alle kroppens muskler.",Ons. 29. apr. 2026,See description,https://www.kultunaut.dk/perl/arrmore/type-nynaut?ArrNr=19815586
Baby/barsel Babysalmesang,Babysalmesang,"Sammen vil vi synge, nynne, danse, vugge, og lytte os igennem velkendte sange og salmer i en afslappet og rolig atmosfære. Vi vil puste sæbebobler og spille på rasleæg, og meget mere. Vi vil bruge vores krop og vores stemme.",Ons. 29. apr. 2026,See description,https://www.kultunaut.dk/perl/arrmore/type-nynaut?ArrNr=19692585
Andre Film Børnebiffen - Filmpakke 1 - Fra 5 år,Børnebiffen - Filmpakke 1 - Fra 5 år,"Ernst på togrejse. Instruktør: Alice de Champfleury. Ernst og mor skal med toget ud af byen på en lille ferie. Inde i toget finder mor deres pladser, og Ernst går ud på gangen og kigger ud af vinduet.",Ons. 29. apr. 2026,See description,https://www.kultunaut.dk/perl/arrmore/type-nynaut?ArrNr=19847348
Andet motionstilbud Krolf,Krolf,"Vi spiller krolf fra april til og med juni måned og igen fra august til oktober. Der er køller og bolde til udlån - og vi opfordrer ALLE der har lyst, til at komme og prøve.",Ons. 29. apr. 2026,See description,https://www.kultunaut.dk/perl/arrmore/type-nynaut?ArrNr=19815125
Andet boldspil Petanque,Petanque,"Kolding KFUM Senioridræt er er forening for senior der kan være aktive om dagen. Alle kan deltage og der lægges stor vægt på det sociale, så der er altid kaffepause. Der er kugle at spille med, så sørg for påklædning der passer til vejret.",Ons. 29. apr. 2026,See description,https://www.kultunaut.dk/perl/arrmore/type-nynaut?ArrNr=19815579
Danseundervisning Let's dance i arena syd vamdrup,Let's dance i arena syd vamdrup,"Ved brug af den skønne musik sammen med enkelte dansetrin kommer forbrændingen i vejret og kroppen fyldes med energi - samtidig med at det er sjovt og nemt at lære- Alle kan være med - unge som ældre, mænd og kvinder.",Ons. 29. apr. 2026,10.15,https://www.kultunaut.dk/perl/arrmore/type-nynaut?ArrNr=19815618
Andet motionstilbud Funktionel / balancetræning,Funktionel / balancetræning,"Funktionel træning fokuserer på naturlige bevægelser, som den menneskelige krop allerede er skabt til at lave. Bevægelser som at løfte, trække, rotere eller skubbe, er bevægelser som vi allerede laver, eller kan få brug for i dagligdagen.",Ons. 29. apr. 2026,10.30,https://www.kultunaut.dk/perl/arrmore/type-nynaut?ArrNr=19815124
Andet motionstilbud Vandgymnastik i Kongeåbadet VAMDRUP,Vandgymnastik i Kongeåbadet VAMDRUP,"Træning i vand til god musik. Vi træner kroppens center, med fokus på ryg og mave, og bruger vandets modstand til at styrke alle kroppens muskler.",Ons. 29. apr. 2026,See description,https://www.kultunaut.dk/perl/arrmore/type-nynaut?ArrNr=19815216
Tegnefilm/Animation Mission: Bæver,Mission: Bæver,"Animationsfilmen 'Mission: Bæver' er Disney og Pixars nyeste eventyr, der stiller spørgsmålet: Hvad hvis du kunne tale med dyr og forstå, hvad de siger?",Ons. 29. apr. 2026,11.30,https://www.kultunaut.dk/perl/arrmore/type-nynaut?ArrNr=19879437
Tegnefilm/Animation Hopper og det mystiske Murmeldyr,Hopper og det mystiske Murmeldyr,Dybt inde i et hemmeligt bjerg gemmer der sig ifølge gamle legender et mystisk murmeldyr med en helt særlig evne: Det kan skrue tiden tilbage!,Ons. 29. apr. 2026,11.30,https://www.kultunaut.dk/perl/arrmore/type-nynaut?ArrNr=19880466
Science Fiction Project Hail Mary,Project Hail Mary,I science fiction-filmen 'Project Hail Mary' skal Ryan Gosling redde jordens fremtid ved hjælp af en unik portion videnskab og humor!,Ons. 29. apr. 2026,11.50,https://www.kultunaut.dk/perl/arrmore/type-nynaut?ArrNr=19880551
Action/Drama De forbandede år 3 - Fredens pris,De forbandede år 3 - Fredens pris,"Året er 1945. Krigen er endelig slut. Danmark er frit, men splittet. Meget har ændret sig for familien Skov. Karl og Evas ægteskab er tyndslidt, og Eva beslutter at forlade sin mand.",Ons. 29. apr. 2026,See description,https://www.kultunaut.dk/perl/arrmore/type-nynaut?ArrNr=19884424
Action/Drama Affektionsværdi,Affektionsværdi,"Det norske drama 'Affektionsværdi' følger søstrene Nora (Renate Reinsve) og Agnes (Inga Ibsdotter Lilleaas), som genforenes med deres far Gustav (Stellan Skarsgård) - en førhen ganske feteret instruktør, som drømmer om det store comeback.",Ons. 29. apr. 2026,12.30,https://www.kultunaut.dk/perl/arrmore/type-nynaut?ArrNr=19879632
Action/Drama Michael,Michael,"Filmen 'Michael' skildrer en af de mest indflydelsesrige kunstnere nogensinde, Michael Jackson.",Ons. 29. apr. 2026,12.40,https://www.kultunaut.dk/perl/arrmore/type-nynaut?ArrNr=19884511
Andet motionstilbud Kom og spil kegler (For alle niveauer - 55+ år),Kom og spil kegler (For alle niveauer - 55+ år),"HUSK indendørssko! Hvordan spiller man kegler?. Man starter med at indtage en ""startstilling"". Denne afhænger af hvilken teknik man bruger. Kaster man med to hænder, stiller man sig med spredte ben hen over linoleumsstykket.",Ons. 29. apr. 2026,See description,https://www.kultunaut.dk/perl/arrmore/type-nynaut?ArrNr=19815317
Andre Film Father Mother Sister Brother,Father Mother Sister Brother,"Er den nye, længeventede film fra manuskriptforfatter / instruktør Jim Jarmusch.",Ons. 29. apr. 2026,See description,https://www.kultunaut.dk/perl/arrmore/type-nynaut?ArrNr=19847774
Tegnefilm/Animation Super Mario Galaxy Filmen,Super Mario Galaxy Filmen,Here we go. Again! Animationsfilmen 'Super Mario Galaxy Filmen' (The Super Mario Galaxy Movie) er fortsættelsen til Super Mario Bros. Filmen fra 2023 og denne gang bliver eventyret endnu større!,Ons. 29. apr. 2026,14.15,https://www.kultunaut.dk/perl/arrmore/type-nynaut?ArrNr=19884430
Skydning Bueskydning,Bueskydning,Vi skyder med bue og pile mod en skive. Det kræver stor koncentration når man skyder. Man kommer til hallen (hal 2 i Pulzion) og bliver mødt af en der tager sig af dig. Du vil blive introduceret for alle så i ved hvem i er.,Ons. 29. apr. 2026,14.20,https://www.kultunaut.dk/perl/arrmore/type-nynaut?ArrNr=19815251
Omvisning Rundvisning - Harteværket,Rundvisning - Harteværket,"Oplev historien for opførelsen af Danmarks første vandkraftværk, som blev indviet i 1920. En utrolig spændende historie, som også i fremtiden vil have en vigtig rolle for Kolding i forbindelse med de klimatilpasninger, som er forberedt på Harteværket.",Ons. 29. apr. 2026,See description,https://www.kultunaut.dk/perl/arrmore/type-nynaut?ArrNr=19701085
"Foredrag Sogneeftermiddag: ""Præstehistorier""","Sogneeftermiddag: ""Præstehistorier""","Med Johannes Gjesing - som er sognepræst og har levet sit præsteliv i Sønderjylland begyndende med Halk mod øst og nu Gram og Fole i vest. Han vil med humor fortælle om mennesker, han har mødt, og deres betydning for hans møde med Sønderjylland.",Ons. 29. apr. 2026,See description,https://www.kultunaut.dk/perl/arrmore/type-nynaut?ArrNr=19868799
Dokumentar I Swear,I Swear,"I dramaet 'I Swear' fortælles den sande historie om en sand ener, John Davidson.",Ons. 29. apr. 2026,15.15,https://www.kultunaut.dk/perl/arrmore/type-nynaut?ArrNr=19878896
"Ketchersport, Børn Tennistræning for juniorer mellem 7 og 17 år",Tennistræning for juniorer mellem 7 og 17 år,"Gå til tennis hos KIF Tennis og få gratis træning. Nu starter vi igen hold for juniorer - et for 7-11 årige og et for 12-15 årige. Vi har et super godt trænerteam, og et godt fællesskab.",Ons. 29. apr. 2026,See description,https://www.kultunaut.dk/perl/arrmore/type-nynaut?ArrNr=19907670
Andre Film Filmlæseklubben: Slottet af Franz Kafka,Filmlæseklubben: Slottet af Franz Kafka,"Læs bogen ""Slottet"" af Franz Kafka og se filmen ""The Castle"".",Ons. 29. apr. 2026,21.10,https://www.kultunaut.dk/perl/arrmore/type-nynaut?ArrNr=19658283
Action/Drama De Forbandede År 3 - Fredens pris - Dk. tekster,De Forbandede År 3 - Fredens pris - Dk. tekster,"Året er 1945. Krigen er endelig slut. Danmark er frit, men splittet. Meget har ændret sig for familien Skov, Karl og Evas ægteskab er tyndslidt, og Eva beslutter at forlade sin mand.",Ons. 29. apr. 2026,16.30,https://www.kultunaut.dk/perl/arrmore/type-nynaut?ArrNr=19848123
"Andre Film Ilden, Vandet, Jorden, Luften","Ilden, Vandet, Jorden, Luften","Klimaforandringerne er her nu - også i Danmark og i hele Norden. Skovbrande breder sig i Sverige, havene stiger i Danmark, stormene bliver voldsommere på Færøerne, og landskabet skrider i Norge. Naturen giver os tydelige tegn.",Ons. 29. apr. 2026,See description,https://www.kultunaut.dk/perl/arrmore/type-nynaut?ArrNr=19847680
"Danseundervisning, Børn Linedance/ Absolut Begynder",Linedance/ Absolut Begynder,For dem der aldrig har prøvet før.,Ons. 29. apr. 2026,17.55,https://www.kultunaut.dk/perl/arrmore/type-nynaut?ArrNr=19815074
"Andet motionstilbud, Børn Hockey for voksne med særlige behov",Hockey for voksne med særlige behov,"Til hockey er der plads til alle uanset niveau. Efter en god opvarmning, træner vi med hockeystave og puck, hvor vi øver i at skyde til hinanden samt at skyde på mål. Hvis du ikke har prøvet at spille hockey før, skal du nok blive sat ind i reglerne.",Ons. 29. apr. 2026,See description,https://www.kultunaut.dk/perl/arrmore/type-nynaut?ArrNr=19815320
Møder Menighedsrådsmøde,Menighedsrådsmøde,,Ons. 29. apr. 2026,See description,https://www.kultunaut.dk/perl/arrmore/type-nynaut?ArrNr=19410771
Andet Brætspilsklubben,Brætspilsklubben,"Elsker du brætspil, og mangler du et hyggeligt fællesskab at spille sammen med?",Ons. 29. apr. 2026,20.30,https://www.kultunaut.dk/perl/arrmore/type-nynaut?ArrNr=19335758
Møder Voksenfritteren,Voksenfritteren,"Er et fællesskab for voksne, der elsker at hygge og være kreative sammen.",Ons. 29. apr. 2026,See description,https://www.kultunaut.dk/perl/arrmore/type-nynaut?ArrNr=19553944
Foredrag Forårets temasmagning - Slovenien,Forårets temasmagning - Slovenien,,Ons. 29. apr. 2026,17:30,https://www.kultunaut.dk/perl/arrmore/type-nynaut?ArrNr=19653336
For børn Ungdomstræning,Ungdomstræning,"Badminton i Kolding KFUM Badminton er for alle uanset niveau. Hos os er det vigtigt at have det sjovt når man dyrker motion og sport, derfor er der ingen krav om hverken niveau eller kondition.",Ons. 29. apr. 2026,17.30,https://www.kultunaut.dk/perl/arrmore/type-nynaut?ArrNr=19815380
Gymnastik/aerobic Motionsmix,Motionsmix,Sjov motionsgymnastik for både damer og herrer. Alle kan deltage uanset alder og skavanker.,Ons. 29. apr. 2026,See description,https://www.kultunaut.dk/perl/arrmore/type-nynaut?ArrNr=19815476
"Danseundervisning, Børn Linedance / Begynder",Linedance / Begynder,For dem der kender lidt til grundtrin.,Ons. 29. apr. 2026,18.05,https://www.kultunaut.dk/perl/arrmore/type-nynaut?ArrNr=19815292
"Kampsporttræning, Børn Karate unge (13+) og voksne",Karate unge (13+) og voksne,"Hvad er karate?. Karate er først og fremmest selvforsvar! Når vi træner, så passer vi godt på hinanden. Men når man først er lidt øvet, så går vi tæt på hinanden - og man kan godt få et blåt mærke med hjem.",Ons. 29. apr. 2026,18.30,https://www.kultunaut.dk/perl/arrmore/type-nynaut?ArrNr=19815596
Håndboldkamp Slutspilskamp HH Elite vs. Viborg,Slutspilskamp HH Elite vs. Viborg,"Vi er nået til 3. slutspilskamp, og denne gang er det Viborg, der kommer på besøg. Sidst vi mødte Viborg på hjemmebane, var det en intens kamp, hvor vi til slut træk fra og fik 2 point med. Vi går selvfølgelig efter det samme denne gang.",Ons. 29. apr. 2026,18.30,https://www.kultunaut.dk/perl/arrmore/type-nynaut?ArrNr=19862937
Andet motionstilbud Krolf for alle - aften,Krolf for alle - aften,"Til træning der spiller vi 2-3 runder, vi har i alt 4 forskellige baner man kan komme og prøve. Det man får ud af det er: at møde nye mennesker, hyggeligt socialt samvær, venskaber for alle aldersgrupper. Man skal huske varmt tøj til tider.",Ons. 29. apr. 2026,18.30,https://www.kultunaut.dk/perl/arrmore/type-nynaut?ArrNr=19815656
Andre Film The Castle N,The Castle N,Engelske undertekster. With english subtitles. Denne gang skal vi læse 'Slottet' af Franz Kafka.,Ons. 29. apr. 2026,See description,https://www.kultunaut.dk/perl/arrmore/type-nynaut?ArrNr=19720412
Foredrag Kolding - FAST TRACK - er du klar til at stoppe med at vente?,Kolding - FAST TRACK - er du klar til at stoppe med at vente?,Fast track - er du klar til at stoppe med at vente?. Elsker du at stå i kø og vente og vente og vente?. Så er denne aften nok ikke for dig. Men hvis du har lyst til:.,Ons. 29. apr. 2026,21.30,https://www.kultunaut.dk/perl/arrmore/type-nynaut?ArrNr=19587046
Komedie/Romantik Girls night out - the Devil Wears Prada 2,Girls night out - the Devil Wears Prada 2,Onsdag den 29. april kan du opleve Meryl Streep i djævelsk topform til GIRLS NIGHT OUT på 'The Devil Wears Prada 2'!Fortsættelsen til kæmpehittet fra 2006 er en af årets mest hypede film og alle de originale stjerner vender tilbage i de ikoniske roller.Gå.,Ons. 29. apr. 2026,19.30,https://www.kultunaut.dk/perl/arrmore/type-nynaut?ArrNr=19786672
Møder Filosofisk salon med TÆNKEPAUSE i kirkerummet,Filosofisk salon med TÆNKEPAUSE i kirkerummet,"Vi samles øverst i kirkerummet på stole og forreste bænk. Vi har læst en TÆNKEPAUSE (50 letlæste sider om et filosofisk emne/begreb) Vi laver en runde, hvor vi hver især peger på forskellige emner i teksten/emnet, det er spændende at tale om.",Ons. 29. apr. 2026,19.30,https://www.kultunaut.dk/perl/arrmore/type-nynaut?ArrNr=19774354
Rock/Pop George Michael Xperience // Væveriet Kolding,George Michael Xperience // Væveriet Kolding,GEORGE MICHAEL XPERIENCE - En uforglemmelig hyldest til en musikalsk legende.,Ons. 29. apr. 2026,See description,https://www.kultunaut.dk/perl/arrmore/type-nynaut?ArrNr=19906763
Andet motionstilbud Prøvetræning til seniortræning/spil,Prøvetræning til seniortræning/spil,"Kom og prøv dine kræfter med badminton, hvad enten du er nybegynder eller øvet. Vi starter med fælles opvarming eller lille spil. Vi følger op med evt. træning/øvelse.",Ons. 29. apr. 2026,See description,https://www.kultunaut.dk/perl/arrmore/type-nynaut?ArrNr=19815621
"Danseundervisning, Børn Linedance / Letøvet",Linedance / Letøvet,For dem der kender alle grundtrin og har lyst til større udfordringer.,Ons. 29. apr. 2026,20.10,https://www.kultunaut.dk/perl/arrmore/type-nynaut?ArrNr=19815118
Komedie/Romantik Klassefesten 4 - Venner for livet,Klassefesten 4 - Venner for livet,"I den danske komedie 'Klassefesten 4 - Venner for livet' er kammeraterne tilbage for fjerde gang! Men, intet er som det plejer!",Ons. 29. apr. 2026,See description,https://www.kultunaut.dk/perl/arrmore/type-nynaut?ArrNr=19879669
Thriller/Gyser Lee Cronin's The Mummy,Lee Cronin's The Mummy,"En ung pige forsvinder sporløst i ørkenen. Otte år senere bliver hendes knuste familie chokeret, da hun vender tilbage til dem. Det, der burde være en glædelig genforening, forvandles til et levende mareridt.",Ons. 29. apr. 2026,21.15,https://www.kultunaut.dk/perl/arrmore/type-nynaut?ArrNr=19879672
Action/Drama The Drama,The Drama,"Filmen 'The Drama' handler om et lykkeligt par, hvis forhold bliver sat på prøve, da en uventet indrømmelse kommer på bordet. Emma og Charlie elsker hinanden og glæder sig til både bryllup og et liv sammen.",Ons. 29. apr. 2026,21.15,https://www.kultunaut.dk/perl/arrmore/type-nynaut?ArrNr=19880480
Jazz Thomas Fonnesbæk & Justin Kauflin,Thomas Fonnesbæk & Justin Kauflin,Jazz gør verden til et bedre sted. Derfor markerer vi den af Herbie Hancock og UNESCO indstiftede International Jazz Day med en koncert med den verdenskendte duo Fonnesbæk & Kauflin. De har forfinet d.,Tor. 30. apr. 2026,See description,https://www.kultunaut.dk/perl/arrmore/type-nynaut?ArrNr=19896807
Workshop Crafternoon Tea,Crafternoon Tea,"Er du interesseret i mending, syning & upcycling? Eller måske strik, hækling & broderi?",Tor. 30. apr. 2026 17:00 - 20:00,17:00,https://www.kultunaut.dk/perl/arrmore/type-nynaut?ArrNr=19741660
Vandretur/stavgang Store Bededagsvandring,Store Bededagsvandring,Tag med på en stemningsfuld aftenvandring på voldene omkring Koldinghus 30. april. Her holder vi traditionen med Store Bededag i hævd og dykker ned i fortællingen om dagen og dens historie.,Tor. 30. apr. 2026 17:00-18:00,17:00,https://www.kultunaut.dk/perl/arrmore/type-nynaut?ArrNr=19896444
Andet motionstilbud Motionsgymnastik,Motionsgymnastik,"Har du lyst til at få rørt hele kroppen og få sved på panden, så er disse timer noget for dig. En gymnastiktime med højt humør og dejlig inspirerende musik. Men pas på, - du bliver hurtig afhængig !!!",Tor. 30. apr. 2026,See description,https://www.kultunaut.dk/perl/arrmore/type-nynaut?ArrNr=19819004
Fitness/styrketræning Styrke/ryg træning,Styrke/ryg træning,"Her styrkes alle kroppens muskler, så ryggen kan klare hverdagen. Husk måtte.",Tor. 30. apr. 2026,09.30,https://www.kultunaut.dk/perl/arrmore/type-nynaut?ArrNr=19817983
Andet motionstilbud Krolfspil for senior,Krolfspil for senior,"Krolf er et rigtig hyggelig spil, hvor alle kan deltage. Det er en blanding af golf og kroket. Praktisk påklædning efter vejret, gerne kraftige sko eller i regnvejr gummistøvler.",Tor. 30. apr. 2026,09.30,https://www.kultunaut.dk/perl/arrmore/type-nynaut?ArrNr=19818397
Andet motionstilbud Vandreture,Vandreture,"Ture ud i naturen i omegnen af Kolding med fokus på fællesskab, socialt samvær, motion og gode historier. Der er altid en pause, hvor den medbragte kaffe nydes.",Tor. 30. apr. 2026,09.30,https://www.kultunaut.dk/perl/arrmore/type-nynaut?ArrNr=19818245
Vandretur/stavgang Stavgang,Stavgang,"Der kan som udgangspunkt lånes stave i IFA de første par gange. Der vil hver gang være mulighed for instruktion i stavgangsteknik, ligesom der som regel er mulighed fora t vælge hold med forskellige tempi.",Tor. 30. apr. 2026,11.30,https://www.kultunaut.dk/perl/arrmore/type-nynaut?ArrNr=19817991
Møder Torsdagscafe,Torsdagscafe,"Billedsprog, fortællinger i ord og billeder, en genvej til sindet. Annette Graversen vil fortælle.",Tor. 30. apr. 2026,See description,https://www.kultunaut.dk/perl/arrmore/type-nynaut?ArrNr=19850378
Andet motionstilbud Knæ / hoftetræning,Knæ / hoftetræning,"Har du problemer med knæ og hofte, er dette hold noget for dig. Musklerne i benet har sammenhæng med. musklerne i hofte. På holdet arbejdes der med specifik styrketræning til disse muskler. I opstarten vil det.",Tor. 30. apr. 2026,10.15,https://www.kultunaut.dk/perl/arrmore/type-nynaut?ArrNr=19818479
Danseundervisning Let's Dance,Let's Dance,"Ved brug af skøn musik til mange forskellige dansearter, sammen med enkelte dansetrin kommer forbrændingen i vejret og kroppen fyldes med energi - samtidig med at det er sjovt og nemt at lære- Alle kan være med - unge som ældre, mænd og kvinder, hvis bare.",Tor. 30. apr. 2026,See description,https://www.kultunaut.dk/perl/arrmore/type-nynaut?ArrNr=19818802
Tegnefilm/Animation Mission: Bæver,Mission: Bæver,"Animationsfilmen 'Mission: Bæver' er Disney og Pixars nyeste eventyr, der stiller spørgsmålet: Hvad hvis du kunne tale med dyr og forstå, hvad de siger?",Tor. 30. apr. 2026,11.30,https://www.kultunaut.dk/perl/arrmore/type-nynaut?ArrNr=19906140
Tegnefilm/Animation Super Mario Galaxy Filmen,Super Mario Galaxy Filmen,Here we go. Again! Animationsfilmen 'Super Mario Galaxy Filmen' (The Super Mario Galaxy Movie) er fortsættelsen til Super Mario Bros. Filmen fra 2023 og denne gang bliver eventyret endnu større!,Tor. 30. apr. 2026,11.30,https://www.kultunaut.dk/perl/arrmore/type-nynaut?ArrNr=19907225
Komedie/Romantik Klassefesten 4 - Venner for livet,Klassefesten 4 - Venner for livet,"I den danske komedie 'Klassefesten 4 - Venner for livet' er kammeraterne tilbage for fjerde gang! Men, intet er som det plejer!",Tor. 30. apr. 2026,See description,https://www.kultunaut.dk/perl/arrmore/type-nynaut?ArrNr=19906979
Ekskursion Ene & alene (udflugt),Ene & alene (udflugt),Torsdag 30. april kl. 12.00 Tur til Jels Voldsted. Her nyder vi den smukke natur og spiser en let frokost. Slutteligt kaffe og kage.,Tor. 30. apr. 2026,See description,https://www.kultunaut.dk/perl/arrmore/type-nynaut?ArrNr=19626371
Gymnastik/aerobic Yoga,Yoga,"Deltagerne på holdene giver udtryk for, at hele kroppen bliver arbejdet godt igennem i et roligt tempo, at de kommer ud i yderstillinger og bliver mere smidige.",Tor. 30. apr. 2026,12.15,https://www.kultunaut.dk/perl/arrmore/type-nynaut?ArrNr=19819002
Action/Drama Affektionsværdi,Affektionsværdi,"Det norske drama 'Affektionsværdi' følger søstrene Nora (Renate Reinsve) og Agnes (Inga Ibsdotter Lilleaas), som genforenes med deres far Gustav (Stellan Skarsgård) - en førhen ganske feteret instruktør, som drømmer om det store comeback.",Tor. 30. apr. 2026,12.15,https://www.kultunaut.dk/perl/arrmore/type-nynaut?ArrNr=19888109
Komedie/Romantik The Devil Wears Prada 2,The Devil Wears Prada 2,"""A sequel? For spring? Groundbreaking."". Filmen 'The Devil Wears Prada 2' er fortsættelsen til den elskede film fra 2006, The Devil Wears Prada.",Tor. 30. apr. 2026,12.30,https://www.kultunaut.dk/perl/arrmore/type-nynaut?ArrNr=19870978
Action/Drama Michael,Michael,"Filmen 'Michael' skildrer en af de mest indflydelsesrige kunstnere nogensinde, Michael Jackson.",Tor. 30. apr. 2026,12.40,https://www.kultunaut.dk/perl/arrmore/type-nynaut?ArrNr=19888108
Action/Drama The Drama,The Drama,"Filmen 'The Drama' handler om et lykkeligt par, hvis forhold bliver sat på prøve, da en uventet indrømmelse kommer på bordet. Emma og Charlie elsker hinanden og glæder sig til både bryllup og et liv sammen.",Tor. 30. apr. 2026,13.45,https://www.kultunaut.dk/perl/arrmore/type-nynaut?ArrNr=19906457
Andre Film Father Mother Sister Brother,Father Mother Sister Brother,"Er den nye, længeventede film fra manuskriptforfatter / instruktør Jim Jarmusch.",Tor. 30. apr. 2026,See description,https://www.kultunaut.dk/perl/arrmore/type-nynaut?ArrNr=19890563
Action/Drama De forbandede år 3 - Fredens pris,De forbandede år 3 - Fredens pris,"Året er 1945. Krigen er endelig slut. Danmark er frit, men splittet. Meget har ændret sig for familien Skov. Karl og Evas ægteskab er tyndslidt, og Eva beslutter at forlade sin mand.",Tor. 30. apr. 2026,18.20,https://www.kultunaut.dk/perl/arrmore/type-nynaut?ArrNr=19906566
Møder Mangafællesskabet,Mangafællesskabet,Elsker du manga og anime?,Tor. 30. apr. 2026,See description,https://www.kultunaut.dk/perl/arrmore/type-nynaut?ArrNr=19484319
Møder Rockmusiksalon,Rockmusiksalon,"Uformelle eftermiddage, hvor man lytter til rockmusik i alle afskygninger.",Tor. 30. apr. 2026,15.30,https://www.kultunaut.dk/perl/arrmore/type-nynaut?ArrNr=19772054
Andet motionstilbud Ungdomstræning for 5-18 årige,Ungdomstræning for 5-18 årige,"Til vores træninger er timen delt op i 3 sektioner opvarmning/træningsøvelser/bowling & leg. Vi starter med en fælles opvarmning, for at få kroppen igang og klar til træningen.",Tor. 30. apr. 2026,See description,https://www.kultunaut.dk/perl/arrmore/type-nynaut?ArrNr=19818266
"Andet motionstilbud, Børn Kolding Børnehøjskole",Kolding Børnehøjskole,"På Kolding Børnehøjskole tilbyder vi kurser, hvor børn kan fordybe sig og lære noget om det, som de er sammen om. Vores mål er at gøre verden større for de mindste. Vi tror på, at selv store ting kan skabes i det små, og af de små.",Tor. 30. apr. 2026,See description,https://www.kultunaut.dk/perl/arrmore/type-nynaut?ArrNr=19828776
Lyrik/oplæsning Bæredygtig Bogklub,Bæredygtig Bogklub,Har du lyst til at mødes med andre og diskutere bæredygtig litteratur?,Tor. 30. apr. 2026,16.30,https://www.kultunaut.dk/perl/arrmore/type-nynaut?ArrNr=19346276
"Andre Film Ilden, Vandet, Jorden, Luften","Ilden, Vandet, Jorden, Luften","Klimaforandringerne er her nu - også i Danmark og i hele Norden. Skovbrande breder sig i Sverige, havene stiger i Danmark, stormene bliver voldsommere på Færøerne, og landskabet skrider i Norge. Naturen giver os tydelige tegn.",Tor. 30. apr. 2026,See description,https://www.kultunaut.dk/perl/arrmore/type-nynaut?ArrNr=19890477
Science Fiction Project Hail Mary,Project Hail Mary,I science fiction-filmen 'Project Hail Mary' skal Ryan Gosling redde jordens fremtid ved hjælp af en unik portion videnskab og humor!,Tor. 30. apr. 2026,21.10,https://www.kultunaut.dk/perl/arrmore/type-nynaut?ArrNr=19905944
"Andet motionstilbud, Børn U7 mix",U7 mix,En tryg og sjov start på dit barns håndboldeventyr. Medbring sko og tøj man kan bevæge sig i.,Tor. 30. apr. 2026,17.45,https://www.kultunaut.dk/perl/arrmore/type-nynaut?ArrNr=19818104
Gospel/Kor/Fællessang Månedens sange i det fri,Månedens sange i det fri,Kom til Månedens sange i det fri.,Tor. 30. apr. 2026,17.45,https://www.kultunaut.dk/perl/arrmore/type-nynaut?ArrNr=19863887
"Kampsporttræning, Børn Begynderhold",Begynderhold,"Som nybegynder eller let øvet, går meget af træningen ud på at indøve de helt basale teknikker som stød, parader, spark og stillinger, samt de grundlæggende japanske termer, der bruges.",Tor. 30. apr. 2026,See description,https://www.kultunaut.dk/perl/arrmore/type-nynaut?ArrNr=19818890
Anden forestilling Cirkus Trapez,Cirkus Trapez,"Cirkus Trapez`s 10 års Jubilæumsforestilling - Aldrig Nok. Kære Publikum. Det er med stolthed, at vi i år kan byde velkommen til Cirkus Trapez`s 10 års jubilæum og årets forestilling ""Aldrig Nok"".

  Arrangeret af Cirkus Trapez.",Tor. 30. apr. 2026,18.45,https://www.kultunaut.dk/perl/arrmore/type-nynaut?ArrNr=19748325
"Ketchersport, Børn Tennis 5-8 årige",Tennis 5-8 årige,Udendørstræning: 1. Maj 2022 - 16. September 2022.,Tor. 30. apr. 2026,17.15,https://www.kultunaut.dk/perl/arrmore/type-nynaut?ArrNr=19819131
"Kampsporttræning, Børn Begynder brydning - 7 til 13 år",Begynder brydning - 7 til 13 år,"Træningen består af leg, motorik/akrobatik, koordinationsøvelser samt bryde relaterede øvelser. Her læres at slå de mest basale brydegreb, og under træning får de også mulighed for at bryde rigtigt.",Tor. 30. apr. 2026,17.30,https://www.kultunaut.dk/perl/arrmore/type-nynaut?ArrNr=19818772
"Ketchersport, Børn Junior squash for alle 6-16 årige",Junior squash for alle 6-16 årige,Mangler din søn eller datter en ny sportsgren?. SÅ ER DET SQUASH! Squash er sjovt for alle aldre - squash er blandt verdens sundeste sportsgrene & squash er motion!,Tor. 30. apr. 2026,17.30,https://www.kultunaut.dk/perl/arrmore/type-nynaut?ArrNr=19818267
"Danseundervisning, Børn Linedance / Øvet",Linedance / Øvet,For dem der kan alle grundtrin og lyst til større udfordringer.,Tor. 30. apr. 2026,17.30,https://www.kultunaut.dk/perl/arrmore/type-nynaut?ArrNr=19818345
Møder Film & Pizza,Film & Pizza,,Tor. 30. apr. 2026,17.30,https://www.kultunaut.dk/perl/arrmore/type-nynaut?ArrNr=19709337
"Kampsporttræning, Børn Hold 3 (13 år +)",Hold 3 (13 år +),"Vores største hold. Her er plads til både eliten, talenterne, og dem der bare gerne vil have sved på panden og lære at bryde. Teknik træningen slutte kl. 19.30 fra 19.30 til 20.00 er der Open Mat.",Tor. 30. apr. 2026,18.30,https://www.kultunaut.dk/perl/arrmore/type-nynaut?ArrNr=19818207
"Andet motionstilbud, Børn Realistisk selvforsvar for alle (9+ år)",Realistisk selvforsvar for alle (9+ år),Vi træner selvforsvar på mix hold tirsdage og torsdage fra kl 18:30 til 20:00 kom ned i kluben og prøv omdet er noget for dig.,Tor. 30. apr. 2026,18.30,https://www.kultunaut.dk/perl/arrmore/type-nynaut?ArrNr=19818557
Foredrag Folkeuniversitet: Aktuelle danske bestsellere - med kant,Folkeuniversitet: Aktuelle danske bestsellere - med kant,Grav et spadestik dybere ned i dansk litteraturs aktuelle bestsellere sammen med eksperterne.,Tor. 30. apr. 2026,18.30,https://www.kultunaut.dk/perl/arrmore/type-nynaut?ArrNr=19397132
Action/Drama Vægtløs,Vægtløs,"Den 15-årige Lea skal tilbringe sommeren på en sundhedskoloni, hvor hun bliver venner med den spontane og selvsikre Sasha, som Lea både beundrer og spejler sig i.",Tor. 30. apr. 2026,See description,https://www.kultunaut.dk/perl/arrmore/type-nynaut?ArrNr=19768781
Action/Drama Franz,Franz,"Filmen skildrer det gådefulde liv for Franz Kafka, fra hans ungdom i Prag til hans død i 1924. I stedet for at være en traditionel biografi er Franz sat op som en kalejdoskopisk mosaik af drømme, breve, fragmenter fra hans fiktion og historiske episoder.",Tor. 30. apr. 2026,See description,https://www.kultunaut.dk/perl/arrmore/type-nynaut?ArrNr=19890727
Gudstjeneste Musikgudstjeneste bededagsaften,Musikgudstjeneste bededagsaften,,Tor. 30. apr. 2026,See description,https://www.kultunaut.dk/perl/arrmore/type-nynaut?ArrNr=19677306
Andet motionstilbud Fællesklang,Fællesklang,"Er du mellem 18 og 35 år og glad for at synge? Så er Fællesklang Kolding det rytmiske kor for dig - helt uden optagelsesprøve! Fællesklang Kolding er et kor for alle mellem 18 og 35 år, der elsker at synge alt fra pophits og gospel til Disney-klassikere.",Tor. 30. apr. 2026,See description,https://www.kultunaut.dk/perl/arrmore/type-nynaut?ArrNr=19828973
Show/stand up MIchael Schøt - Jubelpessimist,MIchael Schøt - Jubelpessimist,"Michael Schøt. Jubelpessimist. Det ene øjeblik bider man negle til verdens begivenheder, og det næste øjeblik griner man. i afmagt. Det er præcis i rummet mellem de to følelser, Michael Schøt har befundet sig det.",Tor. 30. apr. 2026,See description,https://www.kultunaut.dk/perl/arrmore/type-nynaut?ArrNr=19786857
Andet motionstilbud Kegler for hele familien,Kegler for hele familien,"De fleste har prøvet bowling eller set spillet. Man kan godt sammenligne at spille bowling med kegler. Forskellen på disse 2 spil er, at kuglen er mindre i kegler, og uden huller til fingrene.",Tor. 30. apr. 2026,See description,https://www.kultunaut.dk/perl/arrmore/type-nynaut?ArrNr=19817972
Gospel/Kor/Fællessang Kolding International Voices øver,Kolding International Voices øver,,Tor. 30. apr. 2026,21.30,https://www.kultunaut.dk/perl/arrmore/type-nynaut?ArrNr=19889077
Dans Rhythm of the Dance 2026,Rhythm of the Dance 2026,"Oplev magien, myterne og musikken fra Irland, når Rhythm of the Dance vender tilbage til Danmark i 2026! The National Dance Company of Ireland præsenterer et storslået show fyldt med mesterlig irsk dans, levende musik og spektakulære kostumer.",Tor. 30. apr. 2026,19:30,https://www.kultunaut.dk/perl/arrmore/type-nynaut?ArrNr=19407741
Skuespil Kvinder I Sokker og Sandaler,Kvinder I Sokker og Sandaler,,Tor. 30. apr. 2026,19.30,https://www.kultunaut.dk/perl/arrmore/type-nynaut?ArrNr=18739930
Action/Drama De Forbandede År 3 - Fredens pris - Dk. tekster,De Forbandede År 3 - Fredens pris - Dk. tekster,"Året er 1945. Krigen er endelig slut. Danmark er frit, men splittet. Meget har ændret sig for familien Skov, Karl og Evas ægteskab er tyndslidt, og Eva beslutter at forlade sin mand.",Tor. 30. apr. 2026,19.30,https://www.kultunaut.dk/perl/arrmore/type-nynaut?ArrNr=19890773
Show/stand up Comedy Night m. Thomas Hartmann og Daniel Lill,Comedy Night m. Thomas Hartmann og Daniel Lill,"Bloom Stage byder på stærk comedy-aften den 30. april. Den 30. april inviterer Bloom Stage til en aften i comedyens tegn, når tre stærke navne inden for dansk stand-up indtager scenen.",Tor. 30. apr. 2026,21.30,https://www.kultunaut.dk/perl/arrmore/type-nynaut?ArrNr=19872297
"Andet motionstilbud, Børn Grappling and Brazilian jiu-jitsu",Grappling and Brazilian jiu-jitsu,Grappling and BJJ for all skill levels.,Tor. 30. apr. 2026,See description,https://www.kultunaut.dk/perl/arrmore/type-nynaut?ArrNr=19818871
Show/stand up Open Mic,Open Mic,,Tor. 30. apr. 2026,21:00,https://www.kultunaut.dk/perl/arrmore/type-nynaut?ArrNr=19886386
Thriller/Gyser Whistle,Whistle,En gruppe utilpassede og intetanende gymnasieelever falder over en forbandet genstand - en ældgammel aztekisk dødsfløjte.,Tor. 30. apr. 2026,21.10,https://www.kultunaut.dk/perl/arrmore/type-nynaut?ArrNr=19907007
Shopping Pieszak lagersalg,Pieszak lagersalg,,Tor. 30. apr. til søn. 3. maj 2026,See description,https://www.kultunaut.dk/perl/arrmore/type-nynaut?ArrNr=19846900
Workshop Sammen syr vi Koldingkjolen 2026,Sammen syr vi Koldingkjolen 2026,"Vær med til at forme årets fællesskabsprojekt på Koldinghus. Til opstartseventet bliver du medskaber af Koldingkjolen 2026: Du får et startkit, en introduktion til ideen bag kjolen og lærer de første sting, så du kan fortsætte arbejdet hjemme.",Tor. 30. apr. til ons. 6. maj 2026 15:30-16:30,15:30,https://www.kultunaut.dk/perl/arrmore/type-nynaut?ArrNr=19798177
Gudstjeneste Gudstjeneste: Store Bededag andagt,Gudstjeneste: Store Bededag andagt,,Fre. 1. maj 2026,10.15,https://www.kultunaut.dk/perl/arrmore/type-nynaut?ArrNr=19839544
Tegnefilm/Animation Mission: Bæver,Mission: Bæver,"Animationsfilmen 'Mission: Bæver' er Disney og Pixars nyeste eventyr, der stiller spørgsmålet: Hvad hvis du kunne tale med dyr og forstå, hvad de siger?",Fre. 1. maj 2026,11.30,https://www.kultunaut.dk/perl/arrmore/type-nynaut?ArrNr=19906862
Tegnefilm/Animation Super Mario Galaxy Filmen,Super Mario Galaxy Filmen,Here we go. Again! Animationsfilmen 'Super Mario Galaxy Filmen' (The Super Mario Galaxy Movie) er fortsættelsen til Super Mario Bros. Filmen fra 2023 og denne gang bliver eventyret endnu større!,Fre. 1. maj 2026,11.30,https://www.kultunaut.dk/perl/arrmore/type-nynaut?ArrNr=19906366
Action/Drama Affektionsværdi,Affektionsværdi,"Det norske drama 'Affektionsværdi' følger søstrene Nora (Renate Reinsve) og Agnes (Inga Ibsdotter Lilleaas), som genforenes med deres far Gustav (Stellan Skarsgård) - en førhen ganske feteret instruktør, som drømmer om det store comeback.",Fre. 1. maj 2026,12.15,https://www.kultunaut.dk/perl/arrmore/type-nynaut?ArrNr=19907232
Komedie/Romantik The Devil Wears Prada 2,The Devil Wears Prada 2,"""A sequel? For spring? Groundbreaking."". Filmen 'The Devil Wears Prada 2' er fortsættelsen til den elskede film fra 2006, The Devil Wears Prada.",Fre. 1. maj 2026,12.30,https://www.kultunaut.dk/perl/arrmore/type-nynaut?ArrNr=19871214
Action/Drama Michael,Michael,"Filmen 'Michael' skildrer en af de mest indflydelsesrige kunstnere nogensinde, Michael Jackson.",Fre. 1. maj 2026,12.40,https://www.kultunaut.dk/perl/arrmore/type-nynaut?ArrNr=19888037
Action/Drama Franz,Franz,"Filmen skildrer det gådefulde liv for Franz Kafka, fra hans ungdom i Prag til hans død i 1924. I stedet for at være en traditionel biografi er Franz sat op som en kalejdoskopisk mosaik af drømme, breve, fragmenter fra hans fiktion og historiske episoder.",Fre. 1. maj 2026,See description,https://www.kultunaut.dk/perl/arrmore/type-nynaut?ArrNr=19890814
Andet motionstilbud Kom og spil kegler hver fredag eftermiddag,Kom og spil kegler hver fredag eftermiddag,"HUSK indendørssko! Hvordan spiller man kegler?. Man starter med at indtage en ""startstilling"". Denne afhænger af hvilken teknik man bruger. Kaster man med to hænder, stiller man sig med spredte ben hen over linoleumsstykket.",Fre. 1. maj 2026,See description,https://www.kultunaut.dk/perl/arrmore/type-nynaut?ArrNr=19822063
Action/Drama The Drama,The Drama,"Filmen 'The Drama' handler om et lykkeligt par, hvis forhold bliver sat på prøve, da en uventet indrømmelse kommer på bordet. Emma og Charlie elsker hinanden og glæder sig til både bryllup og et liv sammen.",Fre. 1. maj 2026,14.15,https://www.kultunaut.dk/perl/arrmore/type-nynaut?ArrNr=19907335
Action/Drama De forbandede år 3 - Fredens pris,De forbandede år 3 - Fredens pris,"Året er 1945. Krigen er endelig slut. Danmark er frit, men splittet. Meget har ændret sig for familien Skov. Karl og Evas ægteskab er tyndslidt, og Eva beslutter at forlade sin mand.",Fre. 1. maj 2026,15.15,https://www.kultunaut.dk/perl/arrmore/type-nynaut?ArrNr=19906004
Andre Film En kage til præsidenten,En kage til præsidenten,"Iraks officielle Oscar-kandidat 2026! Vinder af Camera D'Or på Cannes Film Festival. Irak, 1990'erne.",Fre. 1. maj 2026,See description,https://www.kultunaut.dk/perl/arrmore/type-nynaut?ArrNr=19890476
"Kampsporttræning, Børn Kaizen Kidz",Kaizen Kidz,"Holdet er tilrettelagt med en blanding af karate og fysisk aktivitet og leg, således at der hele tiden er aktivitet, og at børnene får tid til at bearbejde deres indtryk.",Fre. 1. maj 2026,17.30,https://www.kultunaut.dk/perl/arrmore/type-nynaut?ArrNr=19821613
Action/Drama De Forbandede År 3 - Fredens pris - Dk. tekster,De Forbandede År 3 - Fredens pris - Dk. tekster,"Året er 1945. Krigen er endelig slut. Danmark er frit, men splittet. Meget har ændret sig for familien Skov, Karl og Evas ægteskab er tyndslidt, og Eva beslutter at forlade sin mand.",Fre. 1. maj 2026,16.30,https://www.kultunaut.dk/perl/arrmore/type-nynaut?ArrNr=19890666
Science Fiction Project Hail Mary,Project Hail Mary,I science fiction-filmen 'Project Hail Mary' skal Ryan Gosling redde jordens fremtid ved hjælp af en unik portion videnskab og humor!,Fre. 1. maj 2026,16.45,https://www.kultunaut.dk/perl/arrmore/type-nynaut?ArrNr=19907277
"Kampsporttræning, Børn Freestyle wrestling",Freestyle wrestling,Training for youth/senior + 15 years. The training is for beginners and advanced wrestlers of all levels.,Fre. 1. maj 2026,17.30,https://www.kultunaut.dk/perl/arrmore/type-nynaut?ArrNr=19821911
Andre Film Father Mother Sister Brother,Father Mother Sister Brother,"Er den nye, længeventede film fra manuskriptforfatter / instruktør Jim Jarmusch.",Fre. 1. maj 2026,See description,https://www.kultunaut.dk/perl/arrmore/type-nynaut?ArrNr=19890695
Klassisk Koncert med Arvid Asmussen,Koncert med Arvid Asmussen,Arvid Asmussen kvintet - En stemningsfuld aften med akustisk nærvær og strygere.,Fre. 1. maj 2026,20.15,https://www.kultunaut.dk/perl/arrmore/type-nynaut?ArrNr=19587079
Musik Lovsangskoncert i Kristkirken med Arvid Asmussen Kvintet,Lovsangskoncert i Kristkirken med Arvid Asmussen Kvintet,,Fre. 1. maj 2026,20.30,https://www.kultunaut.dk/perl/arrmore/type-nynaut?ArrNr=19797868
Show/stand up Det store 90'er Quiz Show,Det store 90'er Quiz Show,Vi skal på en tidsrejse til et af de mest farverige og uforglemmelige årtier i musikkens historie. Et årti også kendt som ?Det Glade Årti?,Fre. 1. maj 2026,19.30,https://www.kultunaut.dk/perl/arrmore/type-nynaut?ArrNr=18715828
Thriller/Gyser Lee Cronin's The Mummy,Lee Cronin's The Mummy,"En ung pige forsvinder sporløst i ørkenen. Otte år senere bliver hendes knuste familie chokeret, da hun vender tilbage til dem. Det, der burde være en glædelig genforening, forvandles til et levende mareridt.",Fre. 1. maj 2026,21.15,https://www.kultunaut.dk/perl/arrmore/type-nynaut?ArrNr=19906584
Thriller/Gyser Whistle,Whistle,En gruppe utilpassede og intetanende gymnasieelever falder over en forbandet genstand - en ældgammel aztekisk dødsfløjte.,Fre. 1. maj 2026,21.15,https://www.kultunaut.dk/perl/arrmore/type-nynaut?ArrNr=19907589
Musik Karaoke,Karaoke,"Harald er igen tovholder til karaoke night, hvor alle har muligheden for at komme på scenen for at synge. Vi starter karaoke kl.22.00 og det eneste du skal gøre er at tage dine venner under armen og svinge forbi pubben til en musikalsk aften.",Fre. 1. maj 2026,22:00,https://www.kultunaut.dk/perl/arrmore/type-nynaut?ArrNr=19823092
Børneteater Emil fra Lønneberg,Emil fra Lønneberg,"Så er der åbnet for 6. 8. kl. tirsdag-teaterholdets elevforestilling ""Emil fra Lønneberg"" med alle de kendte sange. Holdet har de sidste par måneder arbejdet hårdt på Astrid Lindgrens klassiker og glæder sig til at vise den for jer.

  Arrangeret af Teaterskolen Kolding.",Fre. 1. og lør. 2. maj 2026,See description,https://www.kultunaut.dk/perl/arrmore/type-nynaut?ArrNr=19834239
Billedkunst Kunst i Vejkirker i Syd og Sønderjylland,Kunst i Vejkirker i Syd og Sønderjylland,"13 vejkirker har åbnet de unikke kirkerum for 13 kunstnere. Følg kirkeruten igennem Syd og Sønderjylland Et møde mellem det historiske og det kunstneriske, lokale og det rejsende. En invitation til at stoppe op og finde nye perspektiver.",Fre. 1. maj til tor. 1. okt. 2026,09:00,https://www.kultunaut.dk/perl/arrmore/type-nynaut?ArrNr=19900329
Rock/Pop BerthelsenLyberth - Mellem Storm & Stilhed - En koncertsamtale,BerthelsenLyberth - Mellem Storm & Stilhed - En koncertsamtale,"Velkommen ind til en unik oplevelse! En samtale og en koncert på en og samme tid med Rasmus Lyberth og Julie Berthelsen. Det var en storslået oplevelse for såvel publikum som artister i 2025, og det v.",Lør. 2. maj 2026,See description,https://www.kultunaut.dk/perl/arrmore/type-nynaut?ArrNr=18811519
Ekskursion Guidet tur i Christiansfeld - Verdensarv i særklasse,Guidet tur i Christiansfeld - Verdensarv i særklasse,Velkommen til UNESCO-byen Christiansfeld - en by med en enestående historie. Tag med os på en historisk byvandring gennem de smukke gader i Christiansfeld. Vores guide fortæller dig historier om Brødremenigheden og byens historie - fra grundlæggelsen og.,Lør. 2. maj 2026 13:30 - 15:00,13:30,https://www.kultunaut.dk/perl/arrmore/type-nynaut?ArrNr=19862164
Gudstjeneste Konfirmation af 8. Y fra Sct. Michaels Skole,Konfirmation af 8. Y fra Sct. Michaels Skole,,Lør. 2. maj 2026,09.45,https://www.kultunaut.dk/perl/arrmore/type-nynaut?ArrNr=19889740
"Gudstjeneste Gudstjeneste: Konfirmation - 8.A, Lyshøjskolen v. Kristina Nilsson","Gudstjeneste: Konfirmation - 8.A, Lyshøjskolen v. Kristina Nilsson",,Lør. 2. maj 2026,See description,https://www.kultunaut.dk/perl/arrmore/type-nynaut?ArrNr=19628829
For børn Håndbold for børn (2-5 årige),Håndbold for børn (2-5 årige),"Motorik baner, boldmassage og meget mere. Aktiviteterne gennemføres sammen med en forældre/voksen. Sørg for at børnene har noget ordentligt fodtøj og tøj de kan bevæge sig i. Sæsonen starter i august/september og slutter i april/maj.",Lør. 2. maj 2026,See description,https://www.kultunaut.dk/perl/arrmore/type-nynaut?ArrNr=19824475
Gudstjeneste Gudstjeneste: Konfirmation 8.a i Vamdrup Kirke,Gudstjeneste: Konfirmation 8.a i Vamdrup Kirke,,Lør. 2. maj 2026,09.30,https://www.kultunaut.dk/perl/arrmore/type-nynaut?ArrNr=19628598
Gudstjeneste Gudstjeneste: Konfirmation ID 1,Gudstjeneste: Konfirmation ID 1,,Lør. 2. maj 2026,09.30,https://www.kultunaut.dk/perl/arrmore/type-nynaut?ArrNr=19628612
"Gudstjeneste Gudstjeneste: Konfirmation, Realskolen ved Henriette Bacher Lind","Gudstjeneste: Konfirmation, Realskolen ved Henriette Bacher Lind",,Lør. 2. maj 2026,09.30,https://www.kultunaut.dk/perl/arrmore/type-nynaut?ArrNr=19628887
Gudstjeneste Gudstjeneste: Konfirmationer 9.30 ASA + 11.00 MB Seest,Gudstjeneste: Konfirmationer 9.30 ASA + 11.00 MB Seest,Konfirmation kl. 9.30 ved Anna-Sofie Arendt og kl. 11.00 ved Michael Berghof.,Lør. 2. maj 2026,09.30,https://www.kultunaut.dk/perl/arrmore/type-nynaut?ArrNr=19808724
Tegnefilm/Animation Mission: Bæver,Mission: Bæver,"Animationsfilmen 'Mission: Bæver' er Disney og Pixars nyeste eventyr, der stiller spørgsmålet: Hvad hvis du kunne tale med dyr og forstå, hvad de siger?",Lør. 2. maj 2026,13.45,https://www.kultunaut.dk/perl/arrmore/type-nynaut?ArrNr=19905945
Gudstjeneste Konfirmationsgudstjeneste,Konfirmationsgudstjeneste,,Lør. 2. maj 2026,See description,https://www.kultunaut.dk/perl/arrmore/type-nynaut?ArrNr=19628726
"Løbetræning/jogging, Børn Løbetræning",Løbetræning,Vi løber mandag og onsdag klokken 17 samt lørdag klokken 10 fra Bøgelund (i sommerhalvåret starter den lange tur på +16km kl. 09.00). Hvor holder vi til? Bramdrup Skovvej 40. Kom i god tid - vi starter præcis.,Lør. 2. maj 2026,See description,https://www.kultunaut.dk/perl/arrmore/type-nynaut?ArrNr=19920251
Komedie/Romantik Klassefesten 4 - Venner for livet,Klassefesten 4 - Venner for livet,"I den danske komedie 'Klassefesten 4 - Venner for livet' er kammeraterne tilbage for fjerde gang! Men, intet er som det plejer!",Lør. 2. maj 2026,10.10,https://www.kultunaut.dk/perl/arrmore/type-nynaut?ArrNr=19907001
"Lyrik/oplæsning, Børn Fortælling med Minigrå",Fortælling med Minigrå,"Den første lørdag i måneden er der højtlæsning for børn i alderen 3-7 år og deres familier. Kom og få en god historie med leg og kreative indslag, når børnebibliotekaren læser en af sine favoritbilledbøger højt.",Lør. 2. maj 2026,10.30,https://www.kultunaut.dk/perl/arrmore/type-nynaut?ArrNr=19227473
Gudstjeneste Konfirmationsgudstjeneste i Kristkirken,Konfirmationsgudstjeneste i Kristkirken,,Lør. 2. maj 2026,10.30,https://www.kultunaut.dk/perl/arrmore/type-nynaut?ArrNr=19680797
Gudstjeneste Gudstjeneste: Konfirmation: Dalby Skoles gamle B-klasse,Gudstjeneste: Konfirmation: Dalby Skoles gamle B-klasse,,Lør. 2. maj 2026,10.30,https://www.kultunaut.dk/perl/arrmore/type-nynaut?ArrNr=19692253
Gudstjeneste Gudstjeneste: Konfirmation (8.A) Tyrstrup,Gudstjeneste: Konfirmation (8.A) Tyrstrup,,Lør. 2. maj 2026,10.30,https://www.kultunaut.dk/perl/arrmore/type-nynaut?ArrNr=19727795
Tegnefilm/Animation Super Mario Galaxy Filmen,Super Mario Galaxy Filmen,Here we go. Again! Animationsfilmen 'Super Mario Galaxy Filmen' (The Super Mario Galaxy Movie) er fortsættelsen til Super Mario Bros. Filmen fra 2023 og denne gang bliver eventyret endnu større!,Lør. 2. maj 2026,10.30,https://www.kultunaut.dk/perl/arrmore/type-nynaut?ArrNr=19910512
Action/Drama De forbandede år 3 - Fredens pris,De forbandede år 3 - Fredens pris,"Året er 1945. Krigen er endelig slut. Danmark er frit, men splittet. Meget har ændret sig for familien Skov. Karl og Evas ægteskab er tyndslidt, og Eva beslutter at forlade sin mand.",Lør. 2. maj 2026,10.45,https://www.kultunaut.dk/perl/arrmore/type-nynaut?ArrNr=19906534
Gudstjeneste Gudstjeneste: Konfirmation 8.b i Vamdrup Kirke,Gudstjeneste: Konfirmation 8.b i Vamdrup Kirke,,Lør. 2. maj 2026,See description,https://www.kultunaut.dk/perl/arrmore/type-nynaut?ArrNr=19628650
"Gudstjeneste Gudstjeneste: Konfirmation - 8.B, Lyshøjskolen v. Lars Seeberg","Gudstjeneste: Konfirmation - 8.B, Lyshøjskolen v. Lars Seeberg",,Lør. 2. maj 2026,See description,https://www.kultunaut.dk/perl/arrmore/type-nynaut?ArrNr=19628786
Foredrag Forårets temasmagning - Slovenien,Forårets temasmagning - Slovenien,,Lør. 2. maj 2026,11:30,https://www.kultunaut.dk/perl/arrmore/type-nynaut?ArrNr=19653339
Gudstjeneste Gudstjeneste: Konfirmation ID 2,Gudstjeneste: Konfirmation ID 2,,Lør. 2. maj 2026,11.30,https://www.kultunaut.dk/perl/arrmore/type-nynaut?ArrNr=19628631
"Gudstjeneste Gudstjeneste: Konfirmation, Realskolen ved Katrine Papsø Madsen","Gudstjeneste: Konfirmation, Realskolen ved Katrine Papsø Madsen",,Lør. 2. maj 2026,11.30,https://www.kultunaut.dk/perl/arrmore/type-nynaut?ArrNr=19628688
Gudstjeneste Konfirmation af 8. Z fra Sct. Michaels Skole,Konfirmation af 8. Z fra Sct. Michaels Skole,,Lør. 2. maj 2026,12.45,https://www.kultunaut.dk/perl/arrmore/type-nynaut?ArrNr=19889688
Komedie/Romantik Den Store Marthadag i biografen,Den Store Marthadag i biografen,"Oplev den danske klassiker 'Martha' på Den Store Marthadag d. 2. maj for kun 65 kr.Hvert år, den første lørdag i maj, fejres 'Den Store Marthadag', og her hyldes Erik Ballings danske klassiker fra 1967!",Lør. 2. maj 2026,12.30,https://www.kultunaut.dk/perl/arrmore/type-nynaut?ArrNr=19756980
Action/Drama De Forbandede År 3 - Fredens pris - Dk. tekster,De Forbandede År 3 - Fredens pris - Dk. tekster,"Året er 1945. Krigen er endelig slut. Danmark er frit, men splittet. Meget har ændret sig for familien Skov, Karl og Evas ægteskab er tyndslidt, og Eva beslutter at forlade sin mand.",Lør. 2. maj 2026,13.30,https://www.kultunaut.dk/perl/arrmore/type-nynaut?ArrNr=19890575
Tegnefilm/Animation Lille Amelie - Dansk Tale,Lille Amelie - Dansk Tale,Amélie er en lille belgisk pige født i Japan sidst i 1960'erne.,Lør. 2. maj 2026,See description,https://www.kultunaut.dk/perl/arrmore/type-nynaut?ArrNr=19890584
Omvisning Rundvisning - Harteværket,Rundvisning - Harteværket,"Oplev historien for opførelsen af Danmarks første vandkraftværk, som blev indviet i 1920. En utrolig spændende historie, som også i fremtiden vil have en vigtig rolle for Kolding i forbindelse med de klimatilpasninger, som er forberedt på Harteværket.",Lør. 2. maj 2026,See description,https://www.kultunaut.dk/perl/arrmore/type-nynaut?ArrNr=19701709
Andre Film Harry Potter og flammernes pokal,Harry Potter og flammernes pokal,,Lør. 2. maj 2026,See description,https://www.kultunaut.dk/perl/arrmore/type-nynaut?ArrNr=19733509
Tegnefilm/Animation Kæledyrs-ekspressen,Kæledyrs-ekspressen,"Da en gruppe kæledyr ved et uheld bliver væk fra deres ejere og ender ombord på et højhastighedstog tværs gennem Europa, starter et hæsblæsende eventyr fyldt med kaos, sjove misforståelser - og uventet venskab.",Lør. 2. maj 2026,See description,https://www.kultunaut.dk/perl/arrmore/type-nynaut?ArrNr=19768791
Show/stand up Det store 90'er Quiz Show,Det store 90'er Quiz Show,Vi skal på en tidsrejse til et af de mest farverige og uforglemmelige årtier i musikkens historie. Et årti også kendt som ?Det Glade Årti?,Lør. 2. maj 2026,19.30,https://www.kultunaut.dk/perl/arrmore/type-nynaut?ArrNr=18715004
Action/Drama Michael,Michael,"Filmen 'Michael' skildrer en af de mest indflydelsesrige kunstnere nogensinde, Michael Jackson.",Lør. 2. maj 2026,15.20,https://www.kultunaut.dk/perl/arrmore/type-nynaut?ArrNr=19888240
Komedie/Romantik The Devil Wears Prada 2,The Devil Wears Prada 2,"""A sequel? For spring? Groundbreaking."". Filmen 'The Devil Wears Prada 2' er fortsættelsen til den elskede film fra 2006, The Devil Wears Prada.",Lør. 2. maj 2026,15.40,https://www.kultunaut.dk/perl/arrmore/type-nynaut?ArrNr=19871750
Action/Drama Franz,Franz,"Filmen skildrer det gådefulde liv for Franz Kafka, fra hans ungdom i Prag til hans død i 1924. I stedet for at være en traditionel biografi er Franz sat op som en kalejdoskopisk mosaik af drømme, breve, fragmenter fra hans fiktion og historiske episoder.",Lør. 2. maj 2026,See description,https://www.kultunaut.dk/perl/arrmore/type-nynaut?ArrNr=19890653
Action/Drama Affektionsværdi,Affektionsværdi,Joachim Triers nyeste film vandt Grand Prix i Cannes og har nu slået nordisk rekord med hele 9 Oscar-nomineringer!,Lør. 2. maj 2026,16.30,https://www.kultunaut.dk/perl/arrmore/type-nynaut?ArrNr=19890816
Andre Film Father Mother Sister Brother,Father Mother Sister Brother,"Er den nye, længeventede film fra manuskriptforfatter / instruktør Jim Jarmusch.",Lør. 2. maj 2026,See description,https://www.kultunaut.dk/perl/arrmore/type-nynaut?ArrNr=19890571
Action/Drama The Drama,The Drama,"Filmen 'The Drama' handler om et lykkeligt par, hvis forhold bliver sat på prøve, da en uventet indrømmelse kommer på bordet. Emma og Charlie elsker hinanden og glæder sig til både bryllup og et liv sammen.",Lør. 2. maj 2026,21.10,https://www.kultunaut.dk/perl/arrmore/type-nynaut?ArrNr=19907212
Thriller/Gyser Lee Cronin's The Mummy,Lee Cronin's The Mummy,"En ung pige forsvinder sporløst i ørkenen. Otte år senere bliver hendes knuste familie chokeret, da hun vender tilbage til dem. Det, der burde være en glædelig genforening, forvandles til et levende mareridt.",Lør. 2. maj 2026,21.10,https://www.kultunaut.dk/perl/arrmore/type-nynaut?ArrNr=19907329
Ekskursion Med Gestapo i hælene - Dramatiseret guidet tur,Med Gestapo i hælene - Dramatiseret guidet tur,Pas på du ikke bliver opdaget af Gestapo! Vores to guider - i karakter som modstandsfolkene Gerda og Jørgen - tager dig med tilbage til tiden under 2. Verdenskrig på en dramatiseret guidet tur i Kolding.,Søn. 3. maj 2026 10:30 - 12:00,10:30,https://www.kultunaut.dk/perl/arrmore/type-nynaut?ArrNr=19839632
Ekskursion Guidet tur i Christiansfeld - Verdensarv i særklasse,Guidet tur i Christiansfeld - Verdensarv i særklasse,Velkommen til UNESCO-byen Christiansfeld - en by med en enestående historie. Tag med os på en historisk byvandring gennem de smukke gader i Christiansfeld. Vores guide fortæller dig historier om Brødremenigheden og byens historie - fra grundlæggelsen og.,Søn. 3. maj 2026 13:30 - 15:00,13:30,https://www.kultunaut.dk/perl/arrmore/type-nynaut?ArrNr=19862200
Fodboldtræning Fodbold alle søndage kl. 9.00,Fodbold alle søndage kl. 9.00,"Vi er en flok gamle gutter, der spiller fodbold for sjov, vores ældste mand er 87 år -yngste 38. Vi hedder KIF Oldboys, men langt de fleste har tidligere spillet i andre klubber, flere har aldrig spillet fodbold i en klub før KIF Oldboys.",Søn. 3. maj 2026,See description,https://www.kultunaut.dk/perl/arrmore/type-nynaut?ArrNr=19827189
Gudstjeneste Gudstjeneste: Konfirmation i Viuf Kirke,Gudstjeneste: Konfirmation i Viuf Kirke,,Søn. 3. maj 2026,10.30,https://www.kultunaut.dk/perl/arrmore/type-nynaut?ArrNr=19706435
Tegnefilm/Animation Kæledyrs-ekspressen,Kæledyrs-ekspressen,"En flok kæledyr, der er fanget i ombord på et hurtigtkørende lyntog, må forpurre planerne for en hævngerrig grævling, der er ude efter hævn.",Søn. 3. maj 2026,See description,https://www.kultunaut.dk/perl/arrmore/type-nynaut?ArrNr=19906585
Tegnefilm/Animation Mission: Bæver,Mission: Bæver,"Animationsfilmen 'Mission: Bæver' er Disney og Pixars nyeste eventyr, der stiller spørgsmålet: Hvad hvis du kunne tale med dyr og forstå, hvad de siger?",Søn. 3. maj 2026,See description,https://www.kultunaut.dk/perl/arrmore/type-nynaut?ArrNr=19923284
Gudstjeneste Konfirmationsgudstjeneste,Konfirmationsgudstjeneste,,Søn. 3. maj 2026,See description,https://www.kultunaut.dk/perl/arrmore/type-nynaut?ArrNr=19631170
"Ketchersport, Børn Gratis squash",Gratis squash,"Kom og prøv squash i Kolding KFUM Squash - helt uforpligtende! Har du lyst til at prøve kræfter med squash - alene eller sammen med andre?. Så kig forbi Kolding KFUM Squash hver søndag kl. 10:00-11:30 og prøv en sjov, svedig og social sport!",Søn. 3. maj 2026,See description,https://www.kultunaut.dk/perl/arrmore/type-nynaut?ArrNr=19827241
Gudstjeneste Gudstjeneste: 4. s. e. påske,Gudstjeneste: 4. s. e. påske,,Søn. 3. maj 2026,10.15,https://www.kultunaut.dk/perl/arrmore/type-nynaut?ArrNr=19694571
Gudstjeneste Gudstjeneste: Konfirmation,Gudstjeneste: Konfirmation,,Søn. 3. maj 2026,10.30,https://www.kultunaut.dk/perl/arrmore/type-nynaut?ArrNr=19631445
Gudstjeneste Gudstjeneste - Jesus og jøderne,Gudstjeneste - Jesus og jøderne,,Søn. 3. maj 2026,10.30,https://www.kultunaut.dk/perl/arrmore/type-nynaut?ArrNr=19631468
Gudstjeneste Gudstjeneste: Konfirmation Aadalskolen,Gudstjeneste: Konfirmation Aadalskolen,,Søn. 3. maj 2026,10.30,https://www.kultunaut.dk/perl/arrmore/type-nynaut?ArrNr=19631778
Gudstjeneste Gudstjeneste,Gudstjeneste,,Søn. 3. maj 2026,10.30,https://www.kultunaut.dk/perl/arrmore/type-nynaut?ArrNr=19712566
Gudstjeneste Højmesse ved Kristina Nilsson,Højmesse ved Kristina Nilsson,,Søn. 3. maj 2026,10.30,https://www.kultunaut.dk/perl/arrmore/type-nynaut?ArrNr=19764025
Gudstjeneste Gudstjeneste - Menneskesønnens ophøjelse,Gudstjeneste - Menneskesønnens ophøjelse,,Søn. 3. maj 2026,10.30,https://www.kultunaut.dk/perl/arrmore/type-nynaut?ArrNr=19839357
Gudstjeneste Højmesse ved Henriette Bacher Lind,Højmesse ved Henriette Bacher Lind,,Søn. 3. maj 2026,10.30,https://www.kultunaut.dk/perl/arrmore/type-nynaut?ArrNr=19631586
Gudstjeneste Gudstjeneste i Kristkirken ved Jes Nedergaard Espersen,Gudstjeneste i Kristkirken ved Jes Nedergaard Espersen,,Søn. 3. maj 2026,10.30,https://www.kultunaut.dk/perl/arrmore/type-nynaut?ArrNr=19631291
Gudstjeneste Gudstjeneste: Konfirmation: Dalby Skoles gamle C-klasse,Gudstjeneste: Konfirmation: Dalby Skoles gamle C-klasse,,Søn. 3. maj 2026,10.30,https://www.kultunaut.dk/perl/arrmore/type-nynaut?ArrNr=19692227
Gudstjeneste Gudstjeneste: Konfirmation i Hjarup Kirke,Gudstjeneste: Konfirmation i Hjarup Kirke,,Søn. 3. maj 2026,10.30,https://www.kultunaut.dk/perl/arrmore/type-nynaut?ArrNr=19728320
Gudstjeneste Gudstjeneste: Konfirmation tyrstrup (8.B),Gudstjeneste: Konfirmation tyrstrup (8.B),,Søn. 3. maj 2026,10.30,https://www.kultunaut.dk/perl/arrmore/type-nynaut?ArrNr=19728523
Tegnefilm/Animation Super Mario Galaxy Filmen,Super Mario Galaxy Filmen,Here we go. Again! Animationsfilmen 'Super Mario Galaxy Filmen' (The Super Mario Galaxy Movie) er fortsættelsen til Super Mario Bros. Filmen fra 2023 og denne gang bliver eventyret endnu større!,Søn. 3. maj 2026,10.30,https://www.kultunaut.dk/perl/arrmore/type-nynaut?ArrNr=19920901
Action/Drama De forbandede år 3 - Fredens pris,De forbandede år 3 - Fredens pris,"Året er 1945. Krigen er endelig slut. Danmark er frit, men splittet. Meget har ændret sig for familien Skov. Karl og Evas ægteskab er tyndslidt, og Eva beslutter at forlade sin mand.",Søn. 3. maj 2026,See description,https://www.kultunaut.dk/perl/arrmore/type-nynaut?ArrNr=19920893
Action/Drama Michael,Michael,"Filmen 'Michael' skildrer en af de mest indflydelsesrige kunstnere nogensinde, Michael Jackson.",Søn. 3. maj 2026,12.10,https://www.kultunaut.dk/perl/arrmore/type-nynaut?ArrNr=19888080
Action/Drama Affektionsværdi,Affektionsværdi,"Det norske drama 'Affektionsværdi' følger søstrene Nora (Renate Reinsve) og Agnes (Inga Ibsdotter Lilleaas), som genforenes med deres far Gustav (Stellan Skarsgård) - en førhen ganske feteret instruktør, som drømmer om det store comeback.",Søn. 3. maj 2026,12.20,https://www.kultunaut.dk/perl/arrmore/type-nynaut?ArrNr=19906017
Omvisning Rundvisning - Mikkel Thomsen,Rundvisning - Mikkel Thomsen,"Idet rundvisningen foregår både udendørs og indendørs, anmoder vi om, at du er påklædt efter vejret. Venligst kom 10 min. før rundvisningen starter. Vi har P-pladser tæt på Harteværket. Varighed: 1,5 time. Arrangør: Harteværket.",Søn. 3. maj 2026,See description,https://www.kultunaut.dk/perl/arrmore/type-nynaut?ArrNr=19700812
Fodboldkamp Fodboldkamp Betinia LIGA - Oprykningsspil 2025/26 - Kolding IF mod Hvidovre,Fodboldkamp Betinia LIGA - Oprykningsspil 2025/26 - Kolding IF mod Hvidovre,,Søn. 3. maj 2026,See description,https://www.kultunaut.dk/perl/arrmore/type-nynaut?ArrNr=19825742
Komedie/Romantik Klassefesten 4 - Venner for livet,Klassefesten 4 - Venner for livet,"I den danske komedie 'Klassefesten 4 - Venner for livet' er kammeraterne tilbage for fjerde gang! Men, intet er som det plejer!",Søn. 3. maj 2026,13.50,https://www.kultunaut.dk/perl/arrmore/type-nynaut?ArrNr=19906788
Tegnefilm/Animation Lille Amelie - Dansk Tale,Lille Amelie - Dansk Tale,Amélie er en lille belgisk pige født i Japan sidst i 1960'erne.,Søn. 3. maj 2026,See description,https://www.kultunaut.dk/perl/arrmore/type-nynaut?ArrNr=19890748
Andre Film Harry Potter og flammernes pokal,Harry Potter og flammernes pokal,,Søn. 3. maj 2026,See description,https://www.kultunaut.dk/perl/arrmore/type-nynaut?ArrNr=19733019
Komedie/Romantik The Devil Wears Prada 2,The Devil Wears Prada 2,"""A sequel? For spring? Groundbreaking."". Filmen 'The Devil Wears Prada 2' er fortsættelsen til den elskede film fra 2006, The Devil Wears Prada.",Søn. 3. maj 2026,15.40,https://www.kultunaut.dk/perl/arrmore/type-nynaut?ArrNr=19870629
"Andre Film Ilden, Vandet, Jorden, Luften","Ilden, Vandet, Jorden, Luften","Klimaforandringerne er her nu - også i Danmark og i hele Norden. Skovbrande breder sig i Sverige, havene stiger i Danmark, stormene bliver voldsommere på Færøerne, og landskabet skrider i Norge. Naturen giver os tydelige tegn.",Søn. 3. maj 2026,See description,https://www.kultunaut.dk/perl/arrmore/type-nynaut?ArrNr=19890757
Thriller/Gyser Project Hail Mary,Project Hail Mary,"Naturfagslæreren Ryland Grace (Ryan Gosling) vågner op på et rumskib lysår hjemmefra uden at kunne huske, hvem han er, eller hvordan han er havnet der.",Søn. 3. maj 2026,See description,https://www.kultunaut.dk/perl/arrmore/type-nynaut?ArrNr=19766768
Action/Drama Vægtløs,Vægtløs,"Den 15-årige Lea skal tilbringe sommeren på en sundhedskoloni, hvor hun bliver venner med den spontane og selvsikre Sasha, som Lea både beundrer og spejler sig i.",Søn. 3. maj 2026,See description,https://www.kultunaut.dk/perl/arrmore/type-nynaut?ArrNr=19768455
Action/Drama Franz,Franz,"Filmen skildrer det gådefulde liv for Franz Kafka, fra hans ungdom i Prag til hans død i 1924. I stedet for at være en traditionel biografi er Franz sat op som en kalejdoskopisk mosaik af drømme, breve, fragmenter fra hans fiktion og historiske episoder.",Søn. 3. maj 2026,See description,https://www.kultunaut.dk/perl/arrmore/type-nynaut?ArrNr=19890825
Action/Drama De Forbandede År 3 - Fredens pris - Dk. tekster,De Forbandede År 3 - Fredens pris - Dk. tekster,"Året er 1945. Krigen er endelig slut. Danmark er frit, men splittet. Meget har ændret sig for familien Skov, Karl og Evas ægteskab er tyndslidt, og Eva beslutter at forlade sin mand.",Søn. 3. maj 2026,19.30,https://www.kultunaut.dk/perl/arrmore/type-nynaut?ArrNr=19890485
Skuespil Det man ikke dør af,Det man ikke dør af,"Teaterskolens ungdomshold byder velkommen til elevforestillingen ""Det man ikke dør af."" - Martin kan ikke finde ud af det med at have en kæreste. Hun skrider og svæger hævn.

  Arrangeret af Teaterskolen Kolding.",Søn. 3. maj 2026,19.30,https://www.kultunaut.dk/perl/arrmore/type-nynaut?ArrNr=19888921
Thriller/Gyser Whistle,Whistle,En gruppe utilpassede og intetanende gymnasieelever falder over en forbandet genstand - en ældgammel aztekisk dødsfløjte.,Søn. 3. maj 2026,21.10,https://www.kultunaut.dk/perl/arrmore/type-nynaut?ArrNr=19907082
"Andet Nyt plejehjem, nye muligheder - Åbent hus på Dorotheas Have, Koldings kommende plejehjem","Nyt plejehjem, nye muligheder - Åbent hus på Dorotheas Have, Koldings kommende plejehjem","Er du nysgerrig på byggeriet af det nye plejehjem - og på hvordan Kolding Kommune arbejder med at skabe demensvenlige lokalsamfund? Så kig forbi til en uformel snak, og hør om visionerne bag, jobmuligheder og samarbejdet med bydelen.",Man. 4. maj 2026 09:00 - 15.00,09:00,https://www.kultunaut.dk/perl/arrmore/type-nynaut?ArrNr=19859498
Omvisning Rundvisning på Dorotheas Have,Rundvisning på Dorotheas Have,"Er du nysgerrig på hvordan byggeriet af Dorotheas Have, Koldings nye plejehjem skrider frem? Vil du gerne se mere end det du kan se bag hegnet? Så kom med på rundvisning på byggepladsen og hør om ambitionerne for det nye plejehjem. Tilmelding på mail.",Man. 4. maj 2026 15.00 - 16.30,15.00,https://www.kultunaut.dk/perl/arrmore/type-nynaut?ArrNr=19859696
Marked/byfest Fejring af årsdagen for Danmarks Befrielse,Fejring af årsdagen for Danmarks Befrielse,Kom og vær med når vi 4. maj fejrer årsdagen for Danmarks Befrielse i 1945.,Man. 4. maj 2026 19:00 - 21:15,19:00,https://www.kultunaut.dk/perl/arrmore/type-nynaut?ArrNr=19889960
Andet Koldinghus tænder lys i vinduerne,Koldinghus tænder lys i vinduerne,Vi tænder lys i vinduerne for syvende år i træk mandag 4. maj 2026 for at mindes årsdagen for befrielsen.,Man. 4. maj 2026 20:37-21:00,20:37,https://www.kultunaut.dk/perl/arrmore/type-nynaut?ArrNr=19904449
Ketchersport Badminton,Badminton,"Du medbringer en ketcher og bolde. Der spilles stort set kun double, da dette er det mest sociale og ikke så hårdt fysisk.",Man. 4. maj 2026,See description,https://www.kultunaut.dk/perl/arrmore/type-nynaut?ArrNr=19828606
Andet motionstilbud Styrke /ryg træning i Arena Syd VAMDRUP,Styrke /ryg træning i Arena Syd VAMDRUP,"I Styrkeryg trænings timen arbejdes der med alle kroppens muskler. Vi bruger elastik, som kan købes hos IFA. Husk måtte til styrkeøvelser på gulvet.",Man. 4. maj 2026,See description,https://www.kultunaut.dk/perl/arrmore/type-nynaut?ArrNr=19828935
Fitness/styrketræning Aerobic,Aerobic,"Vore aerobictimer er tilpasset så alle kan deltage. Der laves små serier kombineret med hop og løb. Det er fedtforbrændende og konditionstrænende. Husk måtte til gulvøvelser, hvor der trænes mave og ryg.",Man. 4. maj 2026,10.15,https://www.kultunaut.dk/perl/arrmore/type-nynaut?ArrNr=19828801
Ketchersport Tennis for 60+'ere,Tennis for 60+'ere,Træning for 60+'ere - alle kan være med. Kom og oplev glæderne og sammenholdet ved at træne og spille tennis med jævnaldrende!,Man. 4. maj 2026,See description,https://www.kultunaut.dk/perl/arrmore/type-nynaut?ArrNr=19907805
Andet motionstilbud Krolfspil for senior,Krolfspil for senior,"Krolf er et rigtig hyggelig spil, hvor alle kan deltage. Det er en blanding af golf og kroket. Praktisk påklædning efter vejret, gerne kraftige sko eller i regnvejr gummistøvler.",Man. 4. maj 2026,09.30,https://www.kultunaut.dk/perl/arrmore/type-nynaut?ArrNr=19828471
Andet motionstilbud Krolf for alle - formiddag,Krolf for alle - formiddag,"Man træner 2-3 runder. Man får gode fællesskaber, hyggeligt socialt samvær, venskaber for alle aldre. Varmt tøj til tider. Mandag klokken 9:30 og onsdag klokken 18:30. Kontingent 250 kr. Sæsonen starter 1 maj og slutter 30 september.",Man. 4. maj 2026,09.30,https://www.kultunaut.dk/perl/arrmore/type-nynaut?ArrNr=19828997
Vandretur/stavgang Stavgang/ gåture,Stavgang/ gåture,"Der kan som udgangspunkt lånes stave i IFA de første par gange. Der vil hver gang være mulighed for instruktion i stavgangsteknik, ligesom der som regel er mulighed fora t vælge hold med forskellige tempi.",Man. 4. maj 2026,11.30,https://www.kultunaut.dk/perl/arrmore/type-nynaut?ArrNr=19828418
Fitness/styrketræning Styrke/ryg træning,Styrke/ryg træning,"Her styrkes alle kroppens muskler, så ryggen kan klare hverdagen. Husk vandflaske og en måtte til gulvøvelserne.",Man. 4. maj 2026,10.45,https://www.kultunaut.dk/perl/arrmore/type-nynaut?ArrNr=19828866
Tegnefilm/Animation Mission: Bæver,Mission: Bæver,"Animationsfilmen 'Mission: Bæver' er Disney og Pixars nyeste eventyr, der stiller spørgsmålet: Hvad hvis du kunne tale med dyr og forstå, hvad de siger?",Man. 4. maj 2026,11.30,https://www.kultunaut.dk/perl/arrmore/type-nynaut?ArrNr=19906122
Tegnefilm/Animation Super Mario Galaxy Filmen,Super Mario Galaxy Filmen,Here we go. Again! Animationsfilmen 'Super Mario Galaxy Filmen' (The Super Mario Galaxy Movie) er fortsættelsen til Super Mario Bros. Filmen fra 2023 og denne gang bliver eventyret endnu større!,Man. 4. maj 2026,11.30,https://www.kultunaut.dk/perl/arrmore/type-nynaut?ArrNr=19906950
Komedie/Romantik Klassefesten 4 - Venner for livet,Klassefesten 4 - Venner for livet,"I den danske komedie 'Klassefesten 4 - Venner for livet' er kammeraterne tilbage for fjerde gang! Men, intet er som det plejer!",Man. 4. maj 2026,See description,https://www.kultunaut.dk/perl/arrmore/type-nynaut?ArrNr=19907034
Andet motionstilbud Mandehørm (styrke for mænd),Mandehørm (styrke for mænd),"Som navnet siger - styrke kun for mænd. Der arbejdes med vægte så ""bøfferne"" holdes ved lige. Endvidere styrke af ryg og mave. Bækkenbunds træning er ikke kun for kvinder. Kom og lær din bækkenbund at kende.",Man. 4. maj 2026,See description,https://www.kultunaut.dk/perl/arrmore/type-nynaut?ArrNr=19828621
Andet motionstilbud Deltag i turneringer. Få åbningskendskab,Deltag i turneringer. Få åbningskendskab,Deltagelse i klubturneringen. Deltagelse i holdturneringen mod spillere fra andre klubber. Teori og åbningskendskab.,Man. 4. maj 2026,See description,https://www.kultunaut.dk/perl/arrmore/type-nynaut?ArrNr=19828351
Action/Drama Affektionsværdi,Affektionsværdi,"Det norske drama 'Affektionsværdi' følger søstrene Nora (Renate Reinsve) og Agnes (Inga Ibsdotter Lilleaas), som genforenes med deres far Gustav (Stellan Skarsgård) - en førhen ganske feteret instruktør, som drømmer om det store comeback.",Man. 4. maj 2026,15.20,https://www.kultunaut.dk/perl/arrmore/type-nynaut?ArrNr=19887972
Action/Drama Michael,Michael,"Filmen 'Michael' skildrer en af de mest indflydelsesrige kunstnere nogensinde, Michael Jackson.",Man. 4. maj 2026,12.15,https://www.kultunaut.dk/perl/arrmore/type-nynaut?ArrNr=19888190
Komedie/Romantik The Devil Wears Prada 2,The Devil Wears Prada 2,"""A sequel? For spring? Groundbreaking."". Filmen 'The Devil Wears Prada 2' er fortsættelsen til den elskede film fra 2006, The Devil Wears Prada.",Man. 4. maj 2026,12.30,https://www.kultunaut.dk/perl/arrmore/type-nynaut?ArrNr=19870862
Foredrag Røverhistorier,Røverhistorier,"Tom Skovgaard fortæller røverhistorier fra sine 37 år som kriminalassistent og 12 år som lokalpolitiker - og hver af en af dem er med garanti den rene, skære og pure sandhed. En eftermiddag med grin, alvor og dialog.",Man. 4. maj 2026,See description,https://www.kultunaut.dk/perl/arrmore/type-nynaut?ArrNr=19767127
Foredrag Røverhistorier fra en Politimand,Røverhistorier fra en Politimand,"Vi har fået Tom Skovgård til Vamdrup Kino, hvor han fortæller om sin tid som Kriminalbetjent i København, Odense og Vejle, med sjove historier iblandt. Ligesom han kommer ind på Lokalpolitik, som han også har bedrevet. En underholdende eftermiddag i Kino.",Man. 4. maj 2026,14:00,https://www.kultunaut.dk/perl/arrmore/type-nynaut?ArrNr=19805923
Action/Drama De forbandede år 3 - Fredens pris,De forbandede år 3 - Fredens pris,"Året er 1945. Krigen er endelig slut. Danmark er frit, men splittet. Meget har ændret sig for familien Skov. Karl og Evas ægteskab er tyndslidt, og Eva beslutter at forlade sin mand.",Man. 4. maj 2026,14.15,https://www.kultunaut.dk/perl/arrmore/type-nynaut?ArrNr=19906957
Action/Drama The Drama,The Drama,"Filmen 'The Drama' handler om et lykkeligt par, hvis forhold bliver sat på prøve, da en uventet indrømmelse kommer på bordet. Emma og Charlie elsker hinanden og glæder sig til både bryllup og et liv sammen.",Man. 4. maj 2026,14.30,https://www.kultunaut.dk/perl/arrmore/type-nynaut?ArrNr=19906294
Gymnastik/aerobic Motionsdamer,Motionsdamer,Traditionel motionsgymnastik for damer. Alle kan deltage uanset alder og skavanker.,Man. 4. maj 2026,15.20,https://www.kultunaut.dk/perl/arrmore/type-nynaut?ArrNr=19828951
Action/Drama Franz,Franz,"Filmen skildrer det gådefulde liv for Franz Kafka, fra hans ungdom i Prag til hans død i 1924. I stedet for at være en traditionel biografi er Franz sat op som en kalejdoskopisk mosaik af drømme, breve, fragmenter fra hans fiktion og historiske episoder.",Man. 4. maj 2026,See description,https://www.kultunaut.dk/perl/arrmore/type-nynaut?ArrNr=19890553
"Musik
          , Børn OHØJ! Kom til sørøverkoncert for de 3-5-årige",OHØJ! Kom til sørøverkoncert for de 3-5-årige,"Kom med om bord, når Kulturskolen Kolding giver koncert for de yngste!",Man. 4. maj 2026,16.45,https://www.kultunaut.dk/perl/arrmore/type-nynaut?ArrNr=19897123
Action/Drama De Forbandede År 3 - Fredens pris - Dk. tekster,De Forbandede År 3 - Fredens pris - Dk. tekster,"Året er 1945. Krigen er endelig slut. Danmark er frit, men splittet. Meget har ændret sig for familien Skov, Karl og Evas ægteskab er tyndslidt, og Eva beslutter at forlade sin mand.",Man. 4. maj 2026,16.30,https://www.kultunaut.dk/perl/arrmore/type-nynaut?ArrNr=19890587
Science Fiction Project Hail Mary,Project Hail Mary,I science fiction-filmen 'Project Hail Mary' skal Ryan Gosling redde jordens fremtid ved hjælp af en unik portion videnskab og humor!,Man. 4. maj 2026,See description,https://www.kultunaut.dk/perl/arrmore/type-nynaut?ArrNr=19906506
"Danseundervisning, Børn Linedance / Absolut Begynder",Linedance / Absolut Begynder,For dem der aldrig har prøvet linedance før.,Man. 4. maj 2026,17.55,https://www.kultunaut.dk/perl/arrmore/type-nynaut?ArrNr=19828679
"Andet boldspil, Børn Floorball U9-U11",Floorball U9-U11,"Husk indendørssko og gerne sportstøj, vi sørger for resten :-).",Man. 4. maj 2026,18.30,https://www.kultunaut.dk/perl/arrmore/type-nynaut?ArrNr=19828564
Løbetræning/jogging Løbetræning,Løbetræning,"Vi løber mandag og onsdag klokken 17 samt lørdag klokken 10 fra Bøgelund, Bramdrup. Skovvej 40. Kom i god tid - vi starter præcis. Du kan deltage 3-4 gange før du melder dig ind i klubben. Lavt kontingent - 300 kroner for et kalenderår.",Man. 4. maj 2026,18.30,https://www.kultunaut.dk/perl/arrmore/type-nynaut?ArrNr=19920792
Møder Lytteklubben Musik uden grænser,Lytteklubben Musik uden grænser,"En rocklytteklub, hvor man graver god musik frem for hinanden og i fællesskab lytter koncentreret.",Man. 4. maj 2026,See description,https://www.kultunaut.dk/perl/arrmore/type-nynaut?ArrNr=19324568
"Løbetræning/jogging, Børn Gå-/Løbe-fællesskab",Gå-/Løbe-fællesskab,"Gå- & løbe-fællesskab, hvor minimum en frivillig fra HG&IF deltager på holdene. Så har du svært ved at komme afsted selv, så kom og vær med. Det forpligtiger lidt mere når man ved andre venter :-). Der er 3 niveauer: 1) Gå-holdet.",Man. 4. maj 2026,17.15,https://www.kultunaut.dk/perl/arrmore/type-nynaut?ArrNr=19828387
"Danseundervisning, Børn Hip Hop/ Funk (10-12 årige)",Hip Hop/ Funk (10-12 årige),"Er du vild med at danse foran spejlet? Og kan du ikke sidde stille, når der sættes musik på? Til hiphop/funk sætter vi gang i festen. Der vil blive arbejdet med koreografier, attitude og styrketræning.",Man. 4. maj 2026,17.30,https://www.kultunaut.dk/perl/arrmore/type-nynaut?ArrNr=19828396
"Danseundervisning, Børn Linedance / Begynder",Linedance / Begynder,For dem der kender lidt til grundtrin.,Man. 4. maj 2026,18.05,https://www.kultunaut.dk/perl/arrmore/type-nynaut?ArrNr=19828584
Andet motionstilbud Mma - for alle,Mma - for alle,"Muay Thai og MMA træning for nye og erfarende udøvere. Holdet giver plads til at nørde basis-teknik, udvikle skills og skabe flow - uanset om du er helt ny eller allerede træner fast.",Man. 4. maj 2026,18.30,https://www.kultunaut.dk/perl/arrmore/type-nynaut?ArrNr=19828644
Gudstjeneste 4. maj-gudstjeneste ved Ole Witte Madsen,4. maj-gudstjeneste ved Ole Witte Madsen,,Man. 4. maj 2026,18.30,https://www.kultunaut.dk/perl/arrmore/type-nynaut?ArrNr=19872569
"Andre Film Ilden, Vandet, Jorden, Luften","Ilden, Vandet, Jorden, Luften","Klimaforandringerne er her nu - også i Danmark og i hele Norden. Skovbrande breder sig i Sverige, havene stiger i Danmark, stormene bliver voldsommere på Færøerne, og landskabet skrider i Norge. Naturen giver os tydelige tegn.",Man. 4. maj 2026,See description,https://www.kultunaut.dk/perl/arrmore/type-nynaut?ArrNr=19890426
Gymnastik/aerobic Motionsherrer,Motionsherrer,Traditionel motionsgymnastik for herrer. Alle kan deltage uanset alder og skavanker. Holdet er meget socialt og har et godt sammenhold.,Man. 4. maj 2026,See description,https://www.kultunaut.dk/perl/arrmore/type-nynaut?ArrNr=19828992
Lyrik/oplæsning Dramatisk læsekreds,Dramatisk læsekreds,Prøv at læse dramatik tre gange i foråret - og mød en professionel dramatiker.,Man. 4. maj 2026,20.45,https://www.kultunaut.dk/perl/arrmore/type-nynaut?ArrNr=19632947
Andet motionstilbud Kom og spil kegler - hver mandag aften (55+ år),Kom og spil kegler - hver mandag aften (55+ år),"HUSK indendørssko! Hvordan spiller man kegler?. Man starter med at indtage en ""startstilling"". Denne afhænger af hvilken teknik man bruger. Kaster man med to hænder, stiller man sig med spredte ben hen over linoleumsstykket.",Man. 4. maj 2026,See description,https://www.kultunaut.dk/perl/arrmore/type-nynaut?ArrNr=19828428
"Musik ""Music Talk"" med sangere og sangskrivere fra MGK","""Music Talk"" med sangere og sangskrivere fra MGK","Mandag den 4. maj kl. 19.00 inviterer MGK-Syd Kolding til ""Music Talk"" på Books & Beans.",Man. 4. maj 2026,19:00,https://www.kultunaut.dk/perl/arrmore/type-nynaut?ArrNr=19896577
"Danseundervisning, Børn Linedance / Begynder +",Linedance / Begynder +,For dem der kender de fleste grundtrin.,Man. 4. maj 2026,19.10,https://www.kultunaut.dk/perl/arrmore/type-nynaut?ArrNr=19828727
Gymnastik/aerobic Rytme Quinder,Rytme Quinder,Moderne rytmegymnastik. Sæsonen afsluttes med ca. 3 opvisninger.,Man. 4. maj 2026,19.15,https://www.kultunaut.dk/perl/arrmore/type-nynaut?ArrNr=19828912
Andet boldspil Mixhold voksen,Mixhold voksen,"Fælles opvarmning hvor alle kan være med, øvelser og afslutter ofte med kamp. God stemning og fokus på at der er plads til alle.",Man. 4. maj 2026,19.15,https://www.kultunaut.dk/perl/arrmore/type-nynaut?ArrNr=19828654
Skuespil Det man ikke dør af,Det man ikke dør af,"Teaterskolens ungdomshold byder velkommen til elevforestillingen ""Det man ikke dør af."" - Martin kan ikke finde ud af det med at have en kæreste. Hun skrider og svæger hævn.

  Arrangeret af Teaterskolen Kolding.",Man. 4. maj 2026,19.30,https://www.kultunaut.dk/perl/arrmore/type-nynaut?ArrNr=19888917
"Danseundervisning, Børn Linedance / Let øvet",Linedance / Let øvet,For dem der kan alle grundtrin og lyst til større udfordringer.,Man. 4. maj 2026,20.10,https://www.kultunaut.dk/perl/arrmore/type-nynaut?ArrNr=19828529
Thriller/Gyser Whistle,Whistle,En gruppe utilpassede og intetanende gymnasieelever falder over en forbandet genstand - en ældgammel aztekisk dødsfløjte.,Man. 4. maj 2026,21.10,https://www.kultunaut.dk/perl/arrmore/type-nynaut?ArrNr=19906378
Thriller/Gyser Lee Cronin's The Mummy,Lee Cronin's The Mummy,"En ung pige forsvinder sporløst i ørkenen. Otte år senere bliver hendes knuste familie chokeret, da hun vender tilbage til dem. Det, der burde være en glædelig genforening, forvandles til et levende mareridt.",Man. 4. maj 2026,21.10,https://www.kultunaut.dk/perl/arrmore/type-nynaut?ArrNr=19906526
Workshop Væv & vin med Vibe Munck,Væv & vin med Vibe Munck,"Træd ind i Vibe Muncks vævede univers, når hun introducerer dig for gobelinvævning. Her skal du skabe dit eget vævede værk med et glas vin i hånden.",Tir. 5. maj 2026 17:30-20.30,17:30,https://www.kultunaut.dk/perl/arrmore/type-nynaut?ArrNr=19896405
Andet motionstilbud Motionsgymnastik,Motionsgymnastik,"Har du lyst til at få rørt hele kroppen og få sved på panden, så er disse timer noget for dig. En gymnastiktime med højt humør og dejlig inspirerende musik. Men pas på, - du bliver hurtig afhængig !!!",Tir. 5. maj 2026,See description,https://www.kultunaut.dk/perl/arrmore/type-nynaut?ArrNr=19830187
Andet motionstilbud Bodybike,Bodybike,Fuld fart på pedalerne og gang i svedproduktionen. HUSK vand og spinningsko. Her er konditionstræning for alle pengene.,Tir. 5. maj 2026,09.30,https://www.kultunaut.dk/perl/arrmore/type-nynaut?ArrNr=19829846
Gudstjeneste Vonsildhave gudstjeneste,Vonsildhave gudstjeneste,,Tir. 5. maj 2026,See description,https://www.kultunaut.dk/perl/arrmore/type-nynaut?ArrNr=19640556
Andre Film Børnebiffen - Filmpakke 2 - Fra 3 år,Børnebiffen - Filmpakke 2 - Fra 3 år,"Astons sten. Instruktør: Uzi og Lotta Geffenblad. Aston er meget glad for sine ensomme sten, som han finder hver dag på vejen hjem.",Tir. 5. maj 2026,See description,https://www.kultunaut.dk/perl/arrmore/type-nynaut?ArrNr=19792509
Fitness/styrketræning Styrke/ryg træning,Styrke/ryg træning,"Her styrkes alle kroppens muskler, så ryggen kan klare hverdagen. Husk måtte til gulvøvelser.",Tir. 5. maj 2026,See description,https://www.kultunaut.dk/perl/arrmore/type-nynaut?ArrNr=19829836
Andet Byvandring i Skovvejen/Skovparken,Byvandring i Skovvejen/Skovparken,Den 5. maj kl. 10 inviteres alle interesserede med på en byvandring gennem et af Koldings største almene boligområder.,Tir. 5. maj 2026,10:00,https://www.kultunaut.dk/perl/arrmore/type-nynaut?ArrNr=19889999
Gudstjeneste Demensgudstjeneste Demensugen Seest Kirke ASA,Demensgudstjeneste Demensugen Seest Kirke ASA,,Tir. 5. maj 2026,10.30,https://www.kultunaut.dk/perl/arrmore/type-nynaut?ArrNr=19640597
Gymnastik/aerobic Vandgymnastik,Vandgymnastik,"Træning i vand til god musik. Vi træner kroppens center, med fokus på ryg og mave, og bruger vandets modstand til at styrke alle kroppens muskler.",Tir. 5. maj 2026,See description,https://www.kultunaut.dk/perl/arrmore/type-nynaut?ArrNr=19830228
Fitness/styrketræning Intervaltræning,Intervaltræning,"Med et antal trænings skift, veksler man mellem øvelser for både styrke og kondition. Inden for kort tid opnår man stor effekt. Der er fuld fart på, og man får virkelig sved på panden og pulsen op. Så kom og prøv.",Tir. 5. maj 2026,See description,https://www.kultunaut.dk/perl/arrmore/type-nynaut?ArrNr=19830423
Tegnefilm/Animation Mission: Bæver,Mission: Bæver,"Animationsfilmen 'Mission: Bæver' er Disney og Pixars nyeste eventyr, der stiller spørgsmålet: Hvad hvis du kunne tale med dyr og forstå, hvad de siger?",Tir. 5. maj 2026,11.30,https://www.kultunaut.dk/perl/arrmore/type-nynaut?ArrNr=19907187
Tegnefilm/Animation Super Mario Galaxy Filmen,Super Mario Galaxy Filmen,Here we go. Again! Animationsfilmen 'Super Mario Galaxy Filmen' (The Super Mario Galaxy Movie) er fortsættelsen til Super Mario Bros. Filmen fra 2023 og denne gang bliver eventyret endnu større!,Tir. 5. maj 2026,11.30,https://www.kultunaut.dk/perl/arrmore/type-nynaut?ArrNr=19906488
Action/Drama Affektionsværdi,Affektionsværdi,"Det norske drama 'Affektionsværdi' følger søstrene Nora (Renate Reinsve) og Agnes (Inga Ibsdotter Lilleaas), som genforenes med deres far Gustav (Stellan Skarsgård) - en førhen ganske feteret instruktør, som drømmer om det store comeback.",Tir. 5. maj 2026,12.15,https://www.kultunaut.dk/perl/arrmore/type-nynaut?ArrNr=19888008
Komedie/Romantik The Devil Wears Prada 2,The Devil Wears Prada 2,"""A sequel? For spring? Groundbreaking."". Filmen 'The Devil Wears Prada 2' er fortsættelsen til den elskede film fra 2006, The Devil Wears Prada.",Tir. 5. maj 2026,12.30,https://www.kultunaut.dk/perl/arrmore/type-nynaut?ArrNr=19871443
Action/Drama Michael,Michael,"Filmen 'Michael' skildrer en af de mest indflydelsesrige kunstnere nogensinde, Michael Jackson.",Tir. 5. maj 2026,12.40,https://www.kultunaut.dk/perl/arrmore/type-nynaut?ArrNr=19888247
Danseundervisning Let's Dance,Let's Dance,"Ved brug af skøn musik til mange forskellige dansearter, sammen med enkelte dansetrin kommer forbrændingen i vejret og kroppen fyldes med energi - samtidig med at det er sjovt og nemt at lære- Alle kan være med - unge som ældre, mænd og kvinder, hvis bare.",Tir. 5. maj 2026,See description,https://www.kultunaut.dk/perl/arrmore/type-nynaut?ArrNr=19829944
Andet motionstilbud Kom og spil kegler (For alle niveauer - 55+ år),Kom og spil kegler (For alle niveauer - 55+ år),"HUSK indendørssko! Hvordan spiller man kegler?. Man starter med at indtage en ""startstilling"". Denne afhænger af hvilken teknik man bruger. Kaster man med to hænder, stiller man sig med spredte ben hen over linoleumsstykket.",Tir. 5. maj 2026,See description,https://www.kultunaut.dk/perl/arrmore/type-nynaut?ArrNr=19830167
Action/Drama De Forbandede År 3 - Fredens pris - Dk. tekster,De Forbandede År 3 - Fredens pris - Dk. tekster,"Året er 1945. Krigen er endelig slut. Danmark er frit, men splittet. Meget har ændret sig for familien Skov, Karl og Evas ægteskab er tyndslidt, og Eva beslutter at forlade sin mand.",Tir. 5. maj 2026,13.30,https://www.kultunaut.dk/perl/arrmore/type-nynaut?ArrNr=19890792
"Andre Film Ilden, Vandet, Jorden, Luften","Ilden, Vandet, Jorden, Luften","Klimaforandringerne er her nu - også i Danmark og i hele Norden. Skovbrande breder sig i Sverige, havene stiger i Danmark, stormene bliver voldsommere på Færøerne, og landskabet skrider i Norge. Naturen giver os tydelige tegn.",Tir. 5. maj 2026,See description,https://www.kultunaut.dk/perl/arrmore/type-nynaut?ArrNr=19890813
Action/Drama De forbandede år 3 - Fredens pris,De forbandede år 3 - Fredens pris,"Året er 1945. Krigen er endelig slut. Danmark er frit, men splittet. Meget har ændret sig for familien Skov. Karl og Evas ægteskab er tyndslidt, og Eva beslutter at forlade sin mand.",Tir. 5. maj 2026,14.15,https://www.kultunaut.dk/perl/arrmore/type-nynaut?ArrNr=19906557
Action/Drama The Drama,The Drama,"Filmen 'The Drama' handler om et lykkeligt par, hvis forhold bliver sat på prøve, da en uventet indrømmelse kommer på bordet. Emma og Charlie elsker hinanden og glæder sig til både bryllup og et liv sammen.",Tir. 5. maj 2026,14.30,https://www.kultunaut.dk/perl/arrmore/type-nynaut?ArrNr=19906085
Action/Drama Franz,Franz,"Filmen skildrer det gådefulde liv for Franz Kafka, fra hans ungdom i Prag til hans død i 1924. I stedet for at være en traditionel biografi er Franz sat op som en kalejdoskopisk mosaik af drømme, breve, fragmenter fra hans fiktion og historiske episoder.",Tir. 5. maj 2026,See description,https://www.kultunaut.dk/perl/arrmore/type-nynaut?ArrNr=19890562
Lyrik/oplæsning Readathonmakkere: Læseklub for unge,Readathonmakkere: Læseklub for unge,Er du vild med YA-bøger? Mød andre unge og del din læseglæde!,Tir. 5. maj 2026,See description,https://www.kultunaut.dk/perl/arrmore/type-nynaut?ArrNr=19336085
"Kampsporttræning, Børn Ninja kids - 4 til 7 år",Ninja kids - 4 til 7 år,"Er for børn i alderen 4 til ca. 7 år. Her bliver hovedsageligt trænet motorik, leget og ""tumlet"" på madrassen og der sluttes altid af med at ""bryde/slås for sjov"".",Tir. 5. maj 2026,16.30,https://www.kultunaut.dk/perl/arrmore/type-nynaut?ArrNr=19829871
Andet motionstilbud Bowling for ungdom (5-18 år),Bowling for ungdom (5-18 år),"Til vores træninger er timen delt op i 3 sektioner opvarmning/træningsøvelser/bowling & leg. Vi starter med en fælles opvarmning, for at få kroppen igang og klar til træningen.",Tir. 5. maj 2026,16.30,https://www.kultunaut.dk/perl/arrmore/type-nynaut?ArrNr=19830145
Workshop Linocut workshop,Linocut workshop,"Learn the basics of linoleum cutting and Printing.

  Arrangeret af Nicolai Kultur.",Tir. 5. maj 2026,See description,https://www.kultunaut.dk/perl/arrmore/type-nynaut?ArrNr=19813111
Science Fiction Project Hail Mary,Project Hail Mary,I science fiction-filmen 'Project Hail Mary' skal Ryan Gosling redde jordens fremtid ved hjælp af en unik portion videnskab og humor!,Tir. 5. maj 2026,21.10,https://www.kultunaut.dk/perl/arrmore/type-nynaut?ArrNr=19906280
"Kampsporttræning, Børn Begynderhold",Begynderhold,"Som nybegynder eller let øvet, går meget af træningen ud på at indøve de helt basale teknikker som stød, parader, spark og stillinger, samt de grundlæggende japanske termer, der bruges.",Tir. 5. maj 2026,See description,https://www.kultunaut.dk/perl/arrmore/type-nynaut?ArrNr=19830405
"Andet motionstilbud, Børn Realistisk selvforsvar for alle (9+ år)",Realistisk selvforsvar for alle (9+ år),Vi træner selvforsvar på mix hold tirsdage og torsdage fra kl 18:30 til 20:00 kom ned i klubben og prøv om det er noget for dig.,Tir. 5. maj 2026,18.30,https://www.kultunaut.dk/perl/arrmore/type-nynaut?ArrNr=19830020
Ketchersport Tennistræning for seniorer,Tennistræning for seniorer,"Niveau Beskrivelse. 1 Begynder. Har ikke tidligere modtaget træning og spillere som har spillet 1-2 sæsoner. Ønsker at lære de grundlæggende principper og teknik, og møde andre nystartede. 2 Let øvet.",Tir. 5. maj 2026,See description,https://www.kultunaut.dk/perl/arrmore/type-nynaut?ArrNr=19908034
"Ketchersport, Børn Prøv squash med koldings bedste",Prøv squash med koldings bedste,"Om tirsdagen er der altid fælles træning, og der er mulighed for at komme forbi og prøve det.",Tir. 5. maj 2026,See description,https://www.kultunaut.dk/perl/arrmore/type-nynaut?ArrNr=19830321
"Ketchersport, Børn Tennis 5-8 årige",Tennis 5-8 årige,Udendørstræning: 1. Maj 2022 - 16. September 2022.,Tir. 5. maj 2026,17.15,https://www.kultunaut.dk/perl/arrmore/type-nynaut?ArrNr=19829966
"Kampsporttræning, Børn Begynder brydning - 7 til 13 år",Begynder brydning - 7 til 13 år,"Træningen består af kampleg, akrobatik, koordinationsøvelser samt bryde relaterede øvelser. Her læres at slå de mest basale brydegreb, og under træning får de også mulighed for at bryde rigtigt.",Tir. 5. maj 2026,17.30,https://www.kultunaut.dk/perl/arrmore/type-nynaut?ArrNr=19830238
Fodboldtræning Fodbold alle tirsdage kl. 18.00,Fodbold alle tirsdage kl. 18.00,"Vi er en flok gamle gutter, der spiller fodbold for sjov, vores ældste mand er 87 år -yngste 38. Vi hedder KIF Oldboys, men langt de fleste har tidligere spillet i andre klubber, flere har aldrig spillet fodbold i en klub før KIF Oldboys.",Tir. 5. maj 2026,See description,https://www.kultunaut.dk/perl/arrmore/type-nynaut?ArrNr=19829977
Foredrag Aflyst: Folkeuniversitet: Aktuelle danske bestsellere - med kant,Aflyst: Folkeuniversitet: Aktuelle danske bestsellere - med kant,Grav et spadestik dybere ned i dansk litteraturs aktuelle bestsellere sammen med eksperterne.,Tir. 5. maj 2026,18.30,https://www.kultunaut.dk/perl/arrmore/type-nynaut?ArrNr=19915719
Andet motionstilbud Krolf for alle - aften,Krolf for alle - aften,"Til træning der spiller vi 2-3 runder, vi har i alt 4 forskellige baner man kan komme og prøve. Det man får ud af det er: at møde nye mennesker, hyggeligt socialt samvær, venskaber for alle aldersgrupper. Man skal huske varmt tøj til tider.",Tir. 5. maj 2026,18.30,https://www.kultunaut.dk/perl/arrmore/type-nynaut?ArrNr=19830247
Andre Film Father Mother Sister Brother,Father Mother Sister Brother,"Er den nye, længeventede film fra manuskriptforfatter / instruktør Jim Jarmusch.",Tir. 5. maj 2026,See description,https://www.kultunaut.dk/perl/arrmore/type-nynaut?ArrNr=19890557
Gudstjeneste Befrielsesgudstjeneste,Befrielsesgudstjeneste,,Tir. 5. maj 2026,See description,https://www.kultunaut.dk/perl/arrmore/type-nynaut?ArrNr=19640455
Show/stand up Prøverummet,Prøverummet,"Velkommen til. Prøverummet - vores helt nye stand-up koncept, hvor komikere tester spritnyt materiale foran publikum for første gang. Her er der ingen gamle klassikere eller sikre punchlines -kun rå, friske jokes der bliver prøvet af live.",Tir. 5. maj 2026,See description,https://www.kultunaut.dk/perl/arrmore/type-nynaut?ArrNr=19616876
Andet motionstilbud Kegler for hele familien,Kegler for hele familien,"De fleste har prøvet bowling eller set spillet. Man kan godt sammenligne at spille bowling med kegler. Forskellen på disse 2 spil er, at kuglen er mindre i kegler, og uden huller til fingrene.",Tir. 5. maj 2026,See description,https://www.kultunaut.dk/perl/arrmore/type-nynaut?ArrNr=19830513
Andet boldspil Seniortræning Bowling,Seniortræning Bowling,"Til vores bowlingtræninger er den sociale hygge i højsædet. Alle fra begyndere til øvede kan være med, og der mulighed for træningsøvelser eller en dyst mod andre bowlingspillere fra klubben.",Tir. 5. maj 2026,19.15,https://www.kultunaut.dk/perl/arrmore/type-nynaut?ArrNr=19830032
"Andet motionstilbud, Børn Grappling og Brazilian jiu-jitsu",Grappling og Brazilian jiu-jitsu,Grappling og BJJ for alle niveauer.,Tir. 5. maj 2026,See description,https://www.kultunaut.dk/perl/arrmore/type-nynaut?ArrNr=19830431
Jazz Jazzkonkurrencen 2026,Jazzkonkurrencen 2026,Oplev morgendagens jazzstjerner!,Tir. 5. maj 2026,20:00,https://www.kultunaut.dk/perl/arrmore/type-nynaut?ArrNr=19334256
Møder Pub Quiz,Pub Quiz,,Tir. 5. maj 2026,20:00,https://www.kultunaut.dk/perl/arrmore/type-nynaut?ArrNr=19886398
Thriller/Gyser Whistle,Whistle,En gruppe utilpassede og intetanende gymnasieelever falder over en forbandet genstand - en ældgammel aztekisk dødsfløjte.,Tir. 5. maj 2026,21.10,https://www.kultunaut.dk/perl/arrmore/type-nynaut?ArrNr=19906793
Ekskursion Guidet tur i Christiansfeld - Verdensarv i særklasse,Guidet tur i Christiansfeld - Verdensarv i særklasse,Velkommen til UNESCO-byen Christiansfeld - en by med en enestående historie. Tag med os på en historisk byvandring gennem de smukke gader i Christiansfeld. Vores guide fortæller dig historier om Brødremenigheden og byens historie - fra grundlæggelsen og.,Ons. 6. maj 2026 13:30 - 15:00,13:30,https://www.kultunaut.dk/perl/arrmore/type-nynaut?ArrNr=19862190
Møder Pubquiz På Knuds garage,Pubquiz På Knuds garage,"Hver Onsdag kl 20, kan du komme på Knuds Garage og få din paratviden udfordret.",Ons. 6. maj 2026 20:00 - 23:00,20:00,https://www.kultunaut.dk/perl/arrmore/type-nynaut?ArrNr=19531948
Ketchersport Pickleball,Pickleball,"Er en ketsjersport, der spilles med en let bold og et paddle (hårdt bat). Pickleball spilles på en bane i badmintonstørrelse, med tennis-lignende net. Der er elementer fra andre ketsjer/ bat spil - som tennis, squash, badminton og bordtennis.",Ons. 6. maj 2026,See description,https://www.kultunaut.dk/perl/arrmore/type-nynaut?ArrNr=19831278
Gymnastik/aerobic Vandgymnastik,Vandgymnastik,"Træning i vand til god musik. Vi træner kroppens center, med fokus på ryg og mave, og bruger vandets modstand til at styrke alle kroppens muskler.",Ons. 6. maj 2026,See description,https://www.kultunaut.dk/perl/arrmore/type-nynaut?ArrNr=19831411
Gymnastik/aerobic Motionsgymnastik i Arena Syd VAMDRUP,Motionsgymnastik i Arena Syd VAMDRUP,"Har du lyst til at få rørt hele kroppen og få sved på panden, så er disse timer noget for dig. En gymnastiktime med højt humør og dejlig inspirerende musik. Men pas på, - du bliver hurtig afhængig !!!",Ons. 6. maj 2026,See description,https://www.kultunaut.dk/perl/arrmore/type-nynaut?ArrNr=19831580
Gudstjeneste Gudstjeneste: Morgenandagt ved Henriette Bacher Lind,Gudstjeneste: Morgenandagt ved Henriette Bacher Lind,,Ons. 6. maj 2026,09.30,https://www.kultunaut.dk/perl/arrmore/type-nynaut?ArrNr=19643365
Baby/barsel Babysalmesang,Babysalmesang,"Sammen vil vi synge, nynne, danse, vugge, og lytte os igennem velkendte sange og salmer i en afslappet og rolig atmosfære. Vi vil puste sæbebobler og spille på rasleæg, og meget mere. Vi vil bruge vores krop og vores stemme.",Ons. 6. maj 2026,See description,https://www.kultunaut.dk/perl/arrmore/type-nynaut?ArrNr=19692250
Baby/barsel Babytræf ved Sundhedsplejen,Babytræf ved Sundhedsplejen,Sundhedsplejen inviterer alle forældre med børn under 1 år til Babytræf. Onsdage i ulige uger taler vi om barnets kost og onsdage i lige uger taler vi om barnets søvn. Arrangementet starter præcis klokken 10.,Ons. 6. maj 2026,See description,https://www.kultunaut.dk/perl/arrmore/type-nynaut?ArrNr=19642437
Andet boldspil Petanque,Petanque,"Kolding KFUM Senioridræt er er forening for senior der kan være aktive om dagen. Alle kan deltage og der lægges stor vægt på det sociale, så der er altid kaffepause. Der er kugle at spille med, så sørg for påklædning der passer til vejret.",Ons. 6. maj 2026,See description,https://www.kultunaut.dk/perl/arrmore/type-nynaut?ArrNr=19831193
Andet motionstilbud Krolf,Krolf,"Vi spiller krolf fra april til og med juni måned og igen fra august til oktober. Der er køller og bolde til udlån - og vi opfordrer ALLE der har lyst, til at komme og prøve.",Ons. 6. maj 2026,See description,https://www.kultunaut.dk/perl/arrmore/type-nynaut?ArrNr=19831343
Danseundervisning Let's dance i arena syd vamdrup,Let's dance i arena syd vamdrup,"Ved brug af den skønne musik sammen med enkelte dansetrin kommer forbrændingen i vejret og kroppen fyldes med energi - samtidig med at det er sjovt og nemt at lære- Alle kan være med - unge som ældre, mænd og kvinder.",Ons. 6. maj 2026,10.15,https://www.kultunaut.dk/perl/arrmore/type-nynaut?ArrNr=19831571
Andet motionstilbud Funktionel / balancetræning,Funktionel / balancetræning,"Funktionel træning fokuserer på naturlige bevægelser, som den menneskelige krop allerede er skabt til at lave. Bevægelser som at løfte, trække, rotere eller skubbe, er bevægelser som vi allerede laver, eller kan få brug for i dagligdagen.",Ons. 6. maj 2026,10.30,https://www.kultunaut.dk/perl/arrmore/type-nynaut?ArrNr=19831463
Andet motionstilbud Vandgymnastik i Kongeåbadet VAMDRUP,Vandgymnastik i Kongeåbadet VAMDRUP,"Træning i vand til god musik. Vi træner kroppens center, med fokus på ryg og mave, og bruger vandets modstand til at styrke alle kroppens muskler.",Ons. 6. maj 2026,See description,https://www.kultunaut.dk/perl/arrmore/type-nynaut?ArrNr=19831281
Tegnefilm/Animation Super Mario Galaxy Filmen,Super Mario Galaxy Filmen,Here we go. Again! Animationsfilmen 'Super Mario Galaxy Filmen' (The Super Mario Galaxy Movie) er fortsættelsen til Super Mario Bros. Filmen fra 2023 og denne gang bliver eventyret endnu større!,Ons. 6. maj 2026,11.30,https://www.kultunaut.dk/perl/arrmore/type-nynaut?ArrNr=19920850
Action/Drama The Drama,The Drama,"Filmen 'The Drama' handler om et lykkeligt par, hvis forhold bliver sat på prøve, da en uventet indrømmelse kommer på bordet. Emma og Charlie elsker hinanden og glæder sig til både bryllup og et liv sammen.",Ons. 6. maj 2026,11.45,https://www.kultunaut.dk/perl/arrmore/type-nynaut?ArrNr=19907046
Action/Drama Affektionsværdi,Affektionsværdi,"Det norske drama 'Affektionsværdi' følger søstrene Nora (Renate Reinsve) og Agnes (Inga Ibsdotter Lilleaas), som genforenes med deres far Gustav (Stellan Skarsgård) - en førhen ganske feteret instruktør, som drømmer om det store comeback.",Ons. 6. maj 2026,12.15,https://www.kultunaut.dk/perl/arrmore/type-nynaut?ArrNr=19888168
Komedie/Romantik The Devil Wears Prada 2,The Devil Wears Prada 2,"""A sequel? For spring? Groundbreaking."". Filmen 'The Devil Wears Prada 2' er fortsættelsen til den elskede film fra 2006, The Devil Wears Prada.",Ons. 6. maj 2026,12.30,https://www.kultunaut.dk/perl/arrmore/type-nynaut?ArrNr=19870556
Action/Drama Michael,Michael,"Filmen 'Michael' skildrer en af de mest indflydelsesrige kunstnere nogensinde, Michael Jackson.",Ons. 6. maj 2026,12.40,https://www.kultunaut.dk/perl/arrmore/type-nynaut?ArrNr=19888198
Andet motionstilbud Kom og spil kegler (For alle niveauer - 55+ år),Kom og spil kegler (For alle niveauer - 55+ år),"HUSK indendørssko! Hvordan spiller man kegler?. Man starter med at indtage en ""startstilling"". Denne afhænger af hvilken teknik man bruger. Kaster man med to hænder, stiller man sig med spredte ben hen over linoleumsstykket.",Ons. 6. maj 2026,See description,https://www.kultunaut.dk/perl/arrmore/type-nynaut?ArrNr=19831827
Science Fiction Project Hail Mary,Project Hail Mary,I science fiction-filmen 'Project Hail Mary' skal Ryan Gosling redde jordens fremtid ved hjælp af en unik portion videnskab og humor!,Ons. 6. maj 2026,13.45,https://www.kultunaut.dk/perl/arrmore/type-nynaut?ArrNr=19907320
Andre Film En kage til præsidenten,En kage til præsidenten,"Iraks officielle Oscar-kandidat 2026! Vinder af Camera D'Or på Cannes Film Festival. Irak, 1990'erne.",Ons. 6. maj 2026,See description,https://www.kultunaut.dk/perl/arrmore/type-nynaut?ArrNr=19890849
Action/Drama De forbandede år 3 - Fredens pris,De forbandede år 3 - Fredens pris,"Året er 1945. Krigen er endelig slut. Danmark er frit, men splittet. Meget har ændret sig for familien Skov. Karl og Evas ægteskab er tyndslidt, og Eva beslutter at forlade sin mand.",Ons. 6. maj 2026,14.20,https://www.kultunaut.dk/perl/arrmore/type-nynaut?ArrNr=19920891
Skydning Bueskydning,Bueskydning,Vi skyder med bue og pile mod en skive. Det kræver stor koncentration når man skyder. Man kommer til hallen (hal 2 i Pulzion) og bliver mødt af en der tager sig af dig. Du vil blive introduceret for alle så i ved hvem i er.,Ons. 6. maj 2026,14.20,https://www.kultunaut.dk/perl/arrmore/type-nynaut?ArrNr=19831679
Andet Gigt Café i Kolding - Oplæg om fremtidsfuldmagt og arv,Gigt Café i Kolding - Oplæg om fremtidsfuldmagt og arv,"Velkommen igen til caféen i kolding ! Denne gang får vi besøg af advokat Charlotte Szocska, som fortæller om fremtidsfuldmagt og testamente.",Ons. 6. maj 2026,15.30,https://www.kultunaut.dk/perl/arrmore/type-nynaut?ArrNr=19791756
"Ketchersport, Børn Tennistræning for juniorer mellem 7 og 17 år",Tennistræning for juniorer mellem 7 og 17 år,"Gå til tennis hos KIF Tennis og få gratis træning. Nu starter vi igen hold for juniorer - et for 7-11 årige og et for 12-15 årige. Vi har et super godt trænerteam, og et godt fællesskab.",Ons. 6. maj 2026,See description,https://www.kultunaut.dk/perl/arrmore/type-nynaut?ArrNr=19908359
Natur Smag på tang fra Lillebælt / Taste seaweed from Little Belt,Smag på tang fra Lillebælt / Taste seaweed from Little Belt,"Smag på, og lær om tang fra Naturpark Lillebælt/ Taste and learn about seaweed from Naturpark Lillebælt.",Ons. 6. maj 2026,16.30,https://www.kultunaut.dk/perl/arrmore/type-nynaut?ArrNr=19641134
Komedie/Romantik Klassefesten 4 - Venner for livet,Klassefesten 4 - Venner for livet,"I den danske komedie 'Klassefesten 4 - Venner for livet' er kammeraterne tilbage for fjerde gang! Men, intet er som det plejer!",Ons. 6. maj 2026,16.30,https://www.kultunaut.dk/perl/arrmore/type-nynaut?ArrNr=19920892
"Andre Film Ilden, Vandet, Jorden, Luften","Ilden, Vandet, Jorden, Luften","Klimaforandringerne er her nu - også i Danmark og i hele Norden. Skovbrande breder sig i Sverige, havene stiger i Danmark, stormene bliver voldsommere på Færøerne, og landskabet skrider i Norge. Naturen giver os tydelige tegn.",Ons. 6. maj 2026,See description,https://www.kultunaut.dk/perl/arrmore/type-nynaut?ArrNr=19890683
"Danseundervisning, Børn Linedance/ Absolut Begynder",Linedance/ Absolut Begynder,For dem der aldrig har prøvet før.,Ons. 6. maj 2026,17.55,https://www.kultunaut.dk/perl/arrmore/type-nynaut?ArrNr=19831187
Løbetræning/jogging Løbetræning,Løbetræning,"Vi løber mandag og onsdag klokken 17 samt lørdag klokken 10 fra Bøgelund, Bramdrup. Skovvej 40. Kom i god tid - vi starter præcis. Du kan deltage 3-4 gange før du melder dig ind i klubben. Lavt kontingent - 300 kroner for et kalenderår.",Ons. 6. maj 2026,18.30,https://www.kultunaut.dk/perl/arrmore/type-nynaut?ArrNr=19919332
"Andet motionstilbud, Børn Boccia for voksne med særlige behov",Boccia for voksne med særlige behov,"Boccia er en sport, der minder meget om petanque. Det spilles indendørs, og går ud på at kaste bolde tættest på en hvid bold. Det er en forholdsvis rolig/stille sport, hvor der er mulighed for at sidde ned hvis man har behov for det.",Ons. 6. maj 2026,See description,https://www.kultunaut.dk/perl/arrmore/type-nynaut?ArrNr=19831414
"Andet motionstilbud, Børn Hockey for voksne med særlige behov",Hockey for voksne med særlige behov,"Til hockey er der plads til alle uanset niveau. Efter en god opvarmning, træner vi med hockeystave og puck, hvor vi øver i at skyde til hinanden samt at skyde på mål. Hvis du ikke har prøvet at spille hockey før, skal du nok blive sat ind i reglerne.",Ons. 6. maj 2026,See description,https://www.kultunaut.dk/perl/arrmore/type-nynaut?ArrNr=19831618
Andet Brætspilsklubben,Brætspilsklubben,"Elsker du brætspil, og mangler du et hyggeligt fællesskab at spille sammen med?",Ons. 6. maj 2026,20.30,https://www.kultunaut.dk/perl/arrmore/type-nynaut?ArrNr=19336008
Foredrag Galla 2026: Historien Går Gennem Kolding - Forestilling 1,Galla 2026: Historien Går Gennem Kolding - Forestilling 1,"""Historien Går Gennem Kolding"" starter i Sankt Nicolai Kirke (kl. 18.00) og slutter i Koldinghus (kl. 19.30). Billetten giver adgang til begge steder, ligesom billetholdere vil modtage et program.

  Arrangeret af Kulturskolen Kolding.",Ons. 6. maj 2026,See description,https://www.kultunaut.dk/perl/arrmore/type-nynaut?ArrNr=19809085
Gymnastik/aerobic Motionsmix,Motionsmix,Sjov motionsgymnastik for både damer og herrer. Alle kan deltage uanset alder og skavanker.,Ons. 6. maj 2026,See description,https://www.kultunaut.dk/perl/arrmore/type-nynaut?ArrNr=19831413
"Danseundervisning, Børn Linedance / Begynder",Linedance / Begynder,For dem der kender lidt til grundtrin.,Ons. 6. maj 2026,18.05,https://www.kultunaut.dk/perl/arrmore/type-nynaut?ArrNr=19831190
"Kampsporttræning, Børn Karate unge (13+) og voksne",Karate unge (13+) og voksne,"Hvad er karate?. Karate er først og fremmest selvforsvar! Når vi træner, så passer vi godt på hinanden. Men når man først er lidt øvet, så går vi tæt på hinanden - og man kan godt få et blåt mærke med hjem.",Ons. 6. maj 2026,18.30,https://www.kultunaut.dk/perl/arrmore/type-nynaut?ArrNr=19831533
Andet motionstilbud Krolf for alle - aften,Krolf for alle - aften,"Til træning der spiller vi 2-3 runder, vi har i alt 4 forskellige baner man kan komme og prøve. Det man får ud af det er: at møde nye mennesker, hyggeligt socialt samvær, venskaber for alle aldersgrupper. Man skal huske varmt tøj til tider.",Ons. 6. maj 2026,18.30,https://www.kultunaut.dk/perl/arrmore/type-nynaut?ArrNr=19831195
Musik Toner Fra Badehotellet // Væveriet Kolding,Toner Fra Badehotellet // Væveriet Kolding,"Toner fra Badehotellet tager på Danmarksturné. Til maj 2026 kan publikum over hele landet glæde sig til at opleve Toner fra Badehotellet ? et nyt, swingende musikalsk show med Jens Jacob Tychsen, kendt og elsket som den dameglade og charmerende Hr.",Ons. 6. maj 2026,See description,https://www.kultunaut.dk/perl/arrmore/type-nynaut?ArrNr=19131576
Action/Drama Franz,Franz,"Filmen skildrer det gådefulde liv for Franz Kafka, fra hans ungdom i Prag til hans død i 1924. I stedet for at være en traditionel biografi er Franz sat op som en kalejdoskopisk mosaik af drømme, breve, fragmenter fra hans fiktion og historiske episoder.",Ons. 6. maj 2026,See description,https://www.kultunaut.dk/perl/arrmore/type-nynaut?ArrNr=19890713
Action/Drama Vægtløs,Vægtløs,"Den 15-årige Lea skal tilbringe sommeren på en sundhedskoloni, hvor hun bliver venner med den spontane og selvsikre Sasha, som Lea både beundrer og spejler sig i.",Ons. 6. maj 2026,See description,https://www.kultunaut.dk/perl/arrmore/type-nynaut?ArrNr=19910204
Lyrik/oplæsning DR Romanklub - Aftenholdet,DR Romanklub - Aftenholdet,"DR Romanklubben er for dig, der er interesseret i ny litteratur og gerne vil diskutere den med andre.",Ons. 6. maj 2026,20.30,https://www.kultunaut.dk/perl/arrmore/type-nynaut?ArrNr=18931155
Andet motionstilbud Gratis badminton Spilfællesskab,Gratis badminton Spilfællesskab,Kolding KFUM Badminton inviterer hver onsdag i maj fra 19.00 - 21.00 til gratis åben spilfællesskab! Alle er velkomne til at komme og spille med. Spilfællesskabet er gratis.,Ons. 6. maj 2026,See description,https://www.kultunaut.dk/perl/arrmore/type-nynaut?ArrNr=19916034
Skuespil Kvinde Kend Din Krop,Kvinde Kend Din Krop,,Ons. 6. maj 2026,19.30,https://www.kultunaut.dk/perl/arrmore/type-nynaut?ArrNr=18740583
Show/stand up Det store 90'er Quiz Show,Det store 90'er Quiz Show,Vi skal på en tidsrejse til et af de mest farverige og uforglemmelige årtier i musikkens historie. Et årti også kendt som ''Det Glade Årti''.,Ons. 6. maj 2026,19.30,https://www.kultunaut.dk/perl/arrmore/type-nynaut?ArrNr=19625448
Action/Drama De Forbandede År 3 - Fredens pris - Dk. tekster,De Forbandede År 3 - Fredens pris - Dk. tekster,"Året er 1945. Krigen er endelig slut. Danmark er frit, men splittet. Meget har ændret sig for familien Skov, Karl og Evas ægteskab er tyndslidt, og Eva beslutter at forlade sin mand.",Ons. 6. maj 2026,19.30,https://www.kultunaut.dk/perl/arrmore/type-nynaut?ArrNr=19890456
Øvrige sportsturneringer Mos Mosh Gallery KIF Padel Masters 2026,Mos Mosh Gallery KIF Padel Masters 2026,,Ons. 6. til søn. 10. maj 2026 10:00 - 20.00,10:00,https://www.kultunaut.dk/perl/arrmore/type-nynaut?ArrNr=19876483
"Andet Nyt plejehjem, nye muligheder - Åbent hus på Dorotheas Have, Koldings kommende plejehjem","Nyt plejehjem, nye muligheder - Åbent hus på Dorotheas Have, Koldings kommende plejehjem","Er du nysgerrig på byggeriet af det nye plejehjem - og på hvordan Kolding Kommune arbejder med at skabe demensvenlige lokalsamfund? Så kig forbi til en uformel snak, og hør om visionerne bag, jobmuligheder og samarbejdet med bydelen.",Tor. 7. maj 2026 09:00 - 15.00,09:00,https://www.kultunaut.dk/perl/arrmore/type-nynaut?ArrNr=19859653
Workshop Craft Salon,Craft Salon,Kom forbi Garn og Craft til et par timers hyggeligt samvær omkring Craft/håndarbejde. Alle er velkomne og du behøver ikke melde dig til.,Tor. 7. maj 2026 14:00 - 20:00,14:00,https://www.kultunaut.dk/perl/arrmore/type-nynaut?ArrNr=19869228
Omvisning Rundvisning på Dorotheas Have,Rundvisning på Dorotheas Have,"Er du nysgerrig på hvordan byggeriet af Dorotheas Have, Koldings nye plejehjem skrider frem? Vil du gerne se mere end det du kan se bag hegnet? Så kom med på rundvisning på byggepladsen og hør om ambitionerne for det nye plejehjem. Tilmelding på mail.",Tor. 7. maj 2026 16.00 - 17.30,16.00,https://www.kultunaut.dk/perl/arrmore/type-nynaut?ArrNr=19859699
Andet motionstilbud Motionsgymnastik,Motionsgymnastik,"Har du lyst til at få rørt hele kroppen og få sved på panden, så er disse timer noget for dig. En gymnastiktime med højt humør og dejlig inspirerende musik. Men pas på, - du bliver hurtig afhængig !!!",Tor. 7. maj 2026,See description,https://www.kultunaut.dk/perl/arrmore/type-nynaut?ArrNr=19833543
Fitness/styrketræning Styrke/ryg træning,Styrke/ryg træning,"Her styrkes alle kroppens muskler, så ryggen kan klare hverdagen. Husk måtte.",Tor. 7. maj 2026,09.30,https://www.kultunaut.dk/perl/arrmore/type-nynaut?ArrNr=19833892
Andet motionstilbud Krolfspil for senior,Krolfspil for senior,"Krolf er et rigtig hyggelig spil, hvor alle kan deltage. Det er en blanding af golf og kroket. Praktisk påklædning efter vejret, gerne kraftige sko eller i regnvejr gummistøvler.",Tor. 7. maj 2026,09.30,https://www.kultunaut.dk/perl/arrmore/type-nynaut?ArrNr=19833668
Andet motionstilbud Vandreture,Vandreture,"Ture ud i naturen i omegnen af Kolding med fokus på fællesskab, socialt samvær, motion og gode historier. Der er altid en pause, hvor den medbragte kaffe nydes.",Tor. 7. maj 2026,09.30,https://www.kultunaut.dk/perl/arrmore/type-nynaut?ArrNr=19833580
Vandretur/stavgang Stavgang,Stavgang,"Der kan som udgangspunkt lånes stave i IFA de første par gange. Der vil hver gang være mulighed for instruktion i stavgangsteknik, ligesom der som regel er mulighed fora t vælge hold med forskellige tempi.",Tor. 7. maj 2026,11.30,https://www.kultunaut.dk/perl/arrmore/type-nynaut?ArrNr=19833517
Møder Torsdagscafé,Torsdagscafé,Sangformiddag med Jørgen Juhl ved klaveret.,Tor. 7. maj 2026,See description,https://www.kultunaut.dk/perl/arrmore/type-nynaut?ArrNr=19229281
Andet motionstilbud Knæ / hoftetræning,Knæ / hoftetræning,"Har du problemer med knæ og hofte, er dette hold noget for dig. Musklerne i benet har sammenhæng med. musklerne i hofte. På holdet arbejdes der med specifik styrketræning til disse muskler. I opstarten vil det.",Tor. 7. maj 2026,10.15,https://www.kultunaut.dk/perl/arrmore/type-nynaut?ArrNr=19834024
Danseundervisning Let's Dance,Let's Dance,"Ved brug af skøn musik til mange forskellige dansearter, sammen med enkelte dansetrin kommer forbrændingen i vejret og kroppen fyldes med energi - samtidig med at det er sjovt og nemt at lære- Alle kan være med - unge som ældre, mænd og kvinder, hvis bare.",Tor. 7. maj 2026,See description,https://www.kultunaut.dk/perl/arrmore/type-nynaut?ArrNr=19833709
Komedie/Romantik The Devil Wears Prada 2,The Devil Wears Prada 2,"""A sequel? For spring? Groundbreaking."". Filmen 'The Devil Wears Prada 2' er fortsættelsen til den elskede film fra 2006, The Devil Wears Prada.",Tor. 7. maj 2026,11.30,https://www.kultunaut.dk/perl/arrmore/type-nynaut?ArrNr=19887946
Action/Drama Affektionsværdi,Affektionsværdi,"Det norske drama 'Affektionsværdi' følger søstrene Nora (Renate Reinsve) og Agnes (Inga Ibsdotter Lilleaas), som genforenes med deres far Gustav (Stellan Skarsgård) - en førhen ganske feteret instruktør, som drømmer om det store comeback.",Tor. 7. maj 2026,15.15,https://www.kultunaut.dk/perl/arrmore/type-nynaut?ArrNr=19933025
Andet motionstilbud Gym Stick-----styrketræning,Gym Stick-----styrketræning,"Gymstick muliggør en effektiv træning af styrke, udholdenhed, bevægelighed og koordination. Det er muligt. at lave mange øvelser for at træne hele kroppen samt målrettet arbejde for enkelte muskelgrupper.",Tor. 7. maj 2026,12.15,https://www.kultunaut.dk/perl/arrmore/type-nynaut?ArrNr=19833591
Gymnastik/aerobic Yoga,Yoga,"Deltagerne på holdene giver udtryk for, at hele kroppen bliver arbejdet godt igennem i et roligt tempo, at de kommer ud i yderstillinger og bliver mere smidige.",Tor. 7. maj 2026,12.15,https://www.kultunaut.dk/perl/arrmore/type-nynaut?ArrNr=19833714
Tegnefilm/Animation Dragens vogter,Dragens vogter,"I det gamle Kina opdager den unge pige Ping, at hun er skæbnebestemt til at beskytte den sidste levende drage og et mystisk æg, der bærer håbet for hele dragens slægt.",Tor. 7. maj 2026,12.30,https://www.kultunaut.dk/perl/arrmore/type-nynaut?ArrNr=19923337
Action/Drama Michael,Michael,"Filmen 'Michael' skildrer en af de mest indflydelsesrige kunstnere nogensinde, Michael Jackson.",Tor. 7. maj 2026,12.45,https://www.kultunaut.dk/perl/arrmore/type-nynaut?ArrNr=19888208
Action/Drama De Forbandede År 3 - Fredens pris - Dk. tekster,De Forbandede År 3 - Fredens pris - Dk. tekster,"Året er 1945. Krigen er endelig slut. Danmark er frit, men splittet. Meget har ændret sig for familien Skov, Karl og Evas ægteskab er tyndslidt, og Eva beslutter at forlade sin mand.",Tor. 7. maj 2026,See description,https://www.kultunaut.dk/perl/arrmore/type-nynaut?ArrNr=19919220
Tegnefilm/Animation Super Mario Galaxy Filmen,Super Mario Galaxy Filmen,Here we go. Again! Animationsfilmen 'Super Mario Galaxy Filmen' (The Super Mario Galaxy Movie) er fortsættelsen til Super Mario Bros. Filmen fra 2023 og denne gang bliver eventyret endnu større!,Tor. 7. maj 2026,See description,https://www.kultunaut.dk/perl/arrmore/type-nynaut?ArrNr=19923330
Møder Mangafællesskabet,Mangafællesskabet,Elsker du manga og anime?,Tor. 7. maj 2026,See description,https://www.kultunaut.dk/perl/arrmore/type-nynaut?ArrNr=19484549
Andet motionstilbud Ungdomstræning for 5-18 årige,Ungdomstræning for 5-18 årige,"Til vores træninger er timen delt op i 3 sektioner opvarmning/træningsøvelser/bowling & leg. Vi starter med en fælles opvarmning, for at få kroppen igang og klar til træningen.",Tor. 7. maj 2026,See description,https://www.kultunaut.dk/perl/arrmore/type-nynaut?ArrNr=19833935
"Andet motionstilbud, Børn Kolding Børnehøjskole",Kolding Børnehøjskole,"På Kolding Børnehøjskole tilbyder vi kurser, hvor børn kan fordybe sig og lære noget om det, som de er sammen om. Vores mål er at gøre verden større for de mindste. Vi tror på, at selv store ting kan skabes i det små, og af de små.",Tor. 7. maj 2026,See description,https://www.kultunaut.dk/perl/arrmore/type-nynaut?ArrNr=19834165
Science Fiction Project Hail Mary,Project Hail Mary,I science fiction-filmen 'Project Hail Mary' skal Ryan Gosling redde jordens fremtid ved hjælp af en unik portion videnskab og humor!,Tor. 7. maj 2026,16.15,https://www.kultunaut.dk/perl/arrmore/type-nynaut?ArrNr=19923331
Foredrag Galla 2026: Historien Går Gennem Kolding - Forestilling 2,Galla 2026: Historien Går Gennem Kolding - Forestilling 2,"""Historien Går Gennem Kolding"" starter i Sankt Nicolai Kirke (kl. 18.00) og slutter i Koldinghus (kl. 19.30). Billetten giver adgang til begge steder, ligesom billetholdere vil modtage et program.

  Arrangeret af Kulturskolen Kolding.",Tor. 7. maj 2026,16.30,https://www.kultunaut.dk/perl/arrmore/type-nynaut?ArrNr=19809093
Møder Rockmusiksalon,Rockmusiksalon,"Uformelle eftermiddage, hvor man lytter til rockmusik i alle afskygninger.",Tor. 7. maj 2026,16.30,https://www.kultunaut.dk/perl/arrmore/type-nynaut?ArrNr=19773410
Andre Film Værn,Værn,"Sydsverige i begyndelsen af 70'erne. Den kolde krig er allestedsnærværende. Påvirket af de stærke billeder i brochuren 'Hvis krigen kommer', begynder landarbejderen og eneboeren Karl-Göran Persson at sikre sit hus.",Tor. 7. maj 2026,See description,https://www.kultunaut.dk/perl/arrmore/type-nynaut?ArrNr=19919523
"Andet motionstilbud, Børn U7 mix",U7 mix,En tryg og sjov start på dit barns håndboldeventyr. Medbring sko og tøj man kan bevæge sig i.,Tor. 7. maj 2026,17.45,https://www.kultunaut.dk/perl/arrmore/type-nynaut?ArrNr=19834002
"Kampsporttræning, Børn Begynderhold",Begynderhold,"Som nybegynder eller let øvet, går meget af træningen ud på at indøve de helt basale teknikker som stød, parader, spark og stillinger, samt de grundlæggende japanske termer, der bruges.",Tor. 7. maj 2026,See description,https://www.kultunaut.dk/perl/arrmore/type-nynaut?ArrNr=19834011
Gudstjeneste Bålgudstjeneste Ødis,Bålgudstjeneste Ødis,"Velkommen til bålgudstjeneste i præstegårdshaven i Ødis! Vi starter med en lille børnegudstjeneste, spejderne har nogle lege med, og til sidst hygger vi os omkring bålet med pølser og snobrød.",Tor. 7. maj 2026,See description,https://www.kultunaut.dk/perl/arrmore/type-nynaut?ArrNr=19783556
"Ketchersport, Børn Tennis 5-8 årige",Tennis 5-8 årige,Udendørstræning: 1. Maj 2022 - 16. September 2022.,Tor. 7. maj 2026,17.15,https://www.kultunaut.dk/perl/arrmore/type-nynaut?ArrNr=19833856
"Kampsporttræning, Børn Begynder brydning - 7 til 13 år",Begynder brydning - 7 til 13 år,"Træningen består af leg, motorik/akrobatik, koordinationsøvelser samt bryde relaterede øvelser. Her læres at slå de mest basale brydegreb, og under træning får de også mulighed for at bryde rigtigt.",Tor. 7. maj 2026,17.30,https://www.kultunaut.dk/perl/arrmore/type-nynaut?ArrNr=19834205
"Ketchersport, Børn Junior squash for alle 6-16 årige",Junior squash for alle 6-16 årige,Mangler din søn eller datter en ny sportsgren?. SÅ ER DET SQUASH! Squash er sjovt for alle aldre - squash er blandt verdens sundeste sportsgrene & squash er motion!,Tor. 7. maj 2026,17.30,https://www.kultunaut.dk/perl/arrmore/type-nynaut?ArrNr=19834110
"Danseundervisning, Børn Linedance / Øvet",Linedance / Øvet,For dem der kan alle grundtrin og lyst til større udfordringer.,Tor. 7. maj 2026,17.30,https://www.kultunaut.dk/perl/arrmore/type-nynaut?ArrNr=19833895
Action/Drama De forbandede år 3 - Fredens pris,De forbandede år 3 - Fredens pris,"Året er 1945. Krigen er endelig slut. Danmark er frit, men splittet. Meget har ændret sig for familien Skov. Karl og Evas ægteskab er tyndslidt, og Eva beslutter at forlade sin mand.",Tor. 7. maj 2026,17.45,https://www.kultunaut.dk/perl/arrmore/type-nynaut?ArrNr=19923319
"Andet motionstilbud, Børn Håndbold for damer",Håndbold for damer,Kræver tidligere håndbolderfaring. Fokus på det sociale og spille god håndbold. Sæsonen starter i august og kører indtil april. Sommertræning i maj og juni.,Tor. 7. maj 2026,19.45,https://www.kultunaut.dk/perl/arrmore/type-nynaut?ArrNr=19833594
Musik Forårskoncert i Dalby Kirke,Forårskoncert i Dalby Kirke,"Dalby Kirkes børnekor, ungdomskor, voksenkor og kvindekor synger et varieret program bestående af forårssange, nyere popsange og gospel. Der bliver også en fællessang eller to. Dørene åbnes kl. 18.15. Gratis adgang!",Tor. 7. maj 2026,18.30,https://www.kultunaut.dk/perl/arrmore/type-nynaut?ArrNr=19774324
"Kampsporttræning, Børn Hold 3 (13 år +)",Hold 3 (13 år +),"Vores største hold. Her er plads til både eliten, talenterne, og dem der bare gerne vil have sved på panden og lære at bryde. Teknik træningen slutte kl. 19.30 fra 19.30 til 20.00 er der Open Mat.",Tor. 7. maj 2026,18.30,https://www.kultunaut.dk/perl/arrmore/type-nynaut?ArrNr=19833540
"Andet motionstilbud, Børn Realistisk selvforsvar for alle (9+ år)",Realistisk selvforsvar for alle (9+ år),Vi træner selvforsvar på mix hold tirsdage og torsdage fra kl 18:30 til 20:00 kom ned i kluben og prøv omdet er noget for dig.,Tor. 7. maj 2026,18.30,https://www.kultunaut.dk/perl/arrmore/type-nynaut?ArrNr=19834031
Andre Film Aftenvagt,Aftenvagt,"Floria (spillet af Leonie Benesch - mindst lige så fantastisk som i 'Lærerværelset') er en dedikeret sygeplejerske, der med urokkelig dedikation navigerer i det ubarmhjertige opskruet tempo på en kirurgisk afdeling på et hospital i Schweiz.",Tor. 7. maj 2026,See description,https://www.kultunaut.dk/perl/arrmore/type-nynaut?ArrNr=19919252
Andet motionstilbud Fællesklang,Fællesklang,"Er du mellem 18 og 35 år og glad for at synge? Så er Fællesklang Kolding det rytmiske kor for dig - helt uden optagelsesprøve! Fællesklang Kolding er et kor for alle mellem 18 og 35 år, der elsker at synge alt fra pophits og gospel til Disney-klassikere.",Tor. 7. maj 2026,See description,https://www.kultunaut.dk/perl/arrmore/type-nynaut?ArrNr=19833916
Andet motionstilbud Kegler for hele familien,Kegler for hele familien,"De fleste har prøvet bowling eller set spillet. Man kan godt sammenligne at spille bowling med kegler. Forskellen på disse 2 spil er, at kuglen er mindre i kegler, og uden huller til fingrene.",Tor. 7. maj 2026,See description,https://www.kultunaut.dk/perl/arrmore/type-nynaut?ArrNr=19833563
Show/stand up Det store 90'er Quiz Show,Det store 90'er Quiz Show,Vi skal på en tidsrejse til et af de mest farverige og uforglemmelige årtier i musikkens historie. Et årti også kendt som ?Det Glade Årti?,Tor. 7. maj 2026,19.30,https://www.kultunaut.dk/perl/arrmore/type-nynaut?ArrNr=18714955
Musik Stig Rossen på Houens Odde Gaard,Stig Rossen på Houens Odde Gaard,Dato: 07.05.2026 kl. 19.30. Oplev en stemningsfyldt intimkoncert med Stig Rossen og hans pianist i helt unikke omgivelser på Houens Odde Gaard lidt uden for Kolding. Intimkoncert med Stig Rossen. Varighed: 2 x 40 minutter.,Tor. 7. maj 2026,19.30,https://www.kultunaut.dk/perl/arrmore/type-nynaut?ArrNr=18777555
Action/Drama Dust Bunny,Dust Bunny,"Tiårige Aurora har en mystisk nabo (Mads Mikkelsen), som dræber virkelige monstre - han er lejemorder. Så da Aurora har brug for hjælp til at dræbe det monster, hun tror har spist hele hendes familie, hyrer hun ham.",Tor. 7. maj 2026,19.30,https://www.kultunaut.dk/perl/arrmore/type-nynaut?ArrNr=19919295
"Andet motionstilbud, Børn Grappling and Brazilian jiu-jitsu",Grappling and Brazilian jiu-jitsu,Grappling and BJJ for all skill levels.,Tor. 7. maj 2026,See description,https://www.kultunaut.dk/perl/arrmore/type-nynaut?ArrNr=19833993
Andre Film Iron Maiden: Burning Ambition,Iron Maiden: Burning Ambition,,Tor. 7. maj 2026,20.45,https://www.kultunaut.dk/perl/arrmore/type-nynaut?ArrNr=19780054
Andre Film Billie Eilish - Hit Me Hard and Soft: The Tour,Billie Eilish - Hit Me Hard and Soft: The Tour,Optaget under hendes udsolgte verdensturné bringer Billie Eilish - HIT ME HARD AND SOFT: THE TOUR (LIVE IN 3D) en nyskabende koncertoplevelse til det store lærred fra en af sin generations mest anerkendte og succesfulde kunstnere.,Tor. 7. maj 2026,See description,https://www.kultunaut.dk/perl/arrmore/type-nynaut?ArrNr=19841923
Show/stand up Open Mic,Open Mic,,Tor. 7. maj 2026,21:00,https://www.kultunaut.dk/perl/arrmore/type-nynaut?ArrNr=19886389
Action/Drama Mortal Kombat II,Mortal Kombat II,"De populære fanfavoritter - nu med selveste Johnny Cage på holdet - står over for hinanden i det ultimative opgør for at nedkæmpe Shao Kahns mørke herredømme, der truer selve Jordrigets eksistens og dets beskyttere.",Tor. 7. maj 2026,21.15,https://www.kultunaut.dk/perl/arrmore/type-nynaut?ArrNr=19923312
Folk/Vise/Country SPJustFrost - For meget af det go'e,SPJustFrost - For meget af det go'e,"SPJustFrost er tilbage, og 2026 bliver året, hvor vi skruer helt op for det goé! Den dynamiske og fantastisk spillende trio har gennem tiden manifesteret sin position som en af Danmarks bedste live-ac.",Fre. 8. maj 2026,See description,https://www.kultunaut.dk/perl/arrmore/type-nynaut?ArrNr=18904283
Anden forestilling Medlemsoptagelse i Koldinghus Ordnen,Medlemsoptagelse i Koldinghus Ordnen,"Et historisk, humoristisk teaterstykke - opdelt i flere fornøjelige scener og med garanti for både latter og kongelige løjer. Historieformidling, når den er både oplysende og underholdende. Tilmelding på www.koldinghusordnen.dk.",Fre. 8. maj 2026 15:15 - 16.45,15:15,https://www.kultunaut.dk/perl/arrmore/type-nynaut?ArrNr=19686678
Rock/Pop Koncert - Purple Parade,Koncert - Purple Parade,En uforglemmelig Prince-aften i selskab med Purple Parade.,Fre. 8. maj 2026 20:30 - 22:30,20:30,https://www.kultunaut.dk/perl/arrmore/type-nynaut?ArrNr=19802252
Familiefilm Fårbrydelsen,Fårbrydelsen,"I denne finurlige og nyskabende krimihistorie er George (Hugh Jackman) en fårehyrde, der hver aften læser detektivromaner højt for sine elskede får - overbevist om, at de umuligt kan forstå dem.",Fre. 8. maj 2026,11.30,https://www.kultunaut.dk/perl/arrmore/type-nynaut?ArrNr=19923303
Action/Drama Affektionsværdi,Affektionsværdi,"Det norske drama 'Affektionsværdi' følger søstrene Nora (Renate Reinsve) og Agnes (Inga Ibsdotter Lilleaas), som genforenes med deres far Gustav (Stellan Skarsgård) - en førhen ganske feteret instruktør, som drømmer om det store comeback.",Fre. 8. maj 2026,12.15,https://www.kultunaut.dk/perl/arrmore/type-nynaut?ArrNr=19888110
Action/Drama De forbandede år 3 - Fredens pris,De forbandede år 3 - Fredens pris,"Året er 1945. Krigen er endelig slut. Danmark er frit, men splittet. Meget har ændret sig for familien Skov. Karl og Evas ægteskab er tyndslidt, og Eva beslutter at forlade sin mand.",Fre. 8. maj 2026,12.30,https://www.kultunaut.dk/perl/arrmore/type-nynaut?ArrNr=19923317
Action/Drama Michael,Michael,"Filmen 'Michael' skildrer en af de mest indflydelsesrige kunstnere nogensinde, Michael Jackson.",Fre. 8. maj 2026,12.45,https://www.kultunaut.dk/perl/arrmore/type-nynaut?ArrNr=19887980
Andet motionstilbud Kom og spil kegler hver fredag eftermiddag,Kom og spil kegler hver fredag eftermiddag,"HUSK indendørssko! Hvordan spiller man kegler?. Man starter med at indtage en ""startstilling"". Denne afhænger af hvilken teknik man bruger. Kaster man med to hænder, stiller man sig med spredte ben hen over linoleumsstykket.",Fre. 8. maj 2026,See description,https://www.kultunaut.dk/perl/arrmore/type-nynaut?ArrNr=19837211
Dokumentar Franz,Franz,"Filmen skildrer det gådefulde liv for Franz Kafka, fra hans ungdom i Prag til hans død i 1924. I stedet for at være en traditionel biografi er Franz sat op som en kalejdoskopisk mosaik af drømme, breve, fragmenter fra hans fiktion og historiske episoder.",Fre. 8. maj 2026,13.30,https://www.kultunaut.dk/perl/arrmore/type-nynaut?ArrNr=19919933
Tegnefilm/Animation Super Mario Galaxy Filmen,Super Mario Galaxy Filmen,Here we go. Again! Animationsfilmen 'Super Mario Galaxy Filmen' (The Super Mario Galaxy Movie) er fortsættelsen til Super Mario Bros. Filmen fra 2023 og denne gang bliver eventyret endnu større!,Fre. 8. maj 2026,14.10,https://www.kultunaut.dk/perl/arrmore/type-nynaut?ArrNr=19923338
Dokumentar Forpremiere: Aphaca - Brug for hinanden,Forpremiere: Aphaca - Brug for hinanden,Kom til landsdækkende forpremiere på dokumentarfilmen 'Aphaca - Brug for hinanden den 8. og 9. maj.,Fre. 8. maj 2026,See description,https://www.kultunaut.dk/perl/arrmore/type-nynaut?ArrNr=19906784
"Kampsporttræning, Børn Kaizen Kidz",Kaizen Kidz,"Holdet er tilrettelagt med en blanding af karate og fysisk aktivitet og leg, således at der hele tiden er aktivitet, og at børnene får tid til at bearbejde deres indtryk.",Fre. 8. maj 2026,17.30,https://www.kultunaut.dk/perl/arrmore/type-nynaut?ArrNr=19836262
Andre Film Aftenvagt,Aftenvagt,"Floria (spillet af Leonie Benesch - mindst lige så fantastisk som i 'Lærerværelset') er en dedikeret sygeplejerske, der med urokkelig dedikation navigerer i det ubarmhjertige opskruet tempo på en kirurgisk afdeling på et hospital i Schweiz.",Fre. 8. maj 2026,16.30,https://www.kultunaut.dk/perl/arrmore/type-nynaut?ArrNr=19919821
Science Fiction Project Hail Mary,Project Hail Mary,I science fiction-filmen 'Project Hail Mary' skal Ryan Gosling redde jordens fremtid ved hjælp af en unik portion videnskab og humor!,Fre. 8. maj 2026,16.30,https://www.kultunaut.dk/perl/arrmore/type-nynaut?ArrNr=19923289
Action/Drama Dust Bunny,Dust Bunny,"Tiårige Aurora har en mystisk nabo (Mads Mikkelsen), som dræber virkelige monstre - han er lejemorder. Så da Aurora har brug for hjælp til at dræbe det monster, hun tror har spist hele hendes familie, hyrer hun ham.",Fre. 8. maj 2026,See description,https://www.kultunaut.dk/perl/arrmore/type-nynaut?ArrNr=19919334
"Kampsporttræning, Børn Freestyle wrestling",Freestyle wrestling,Training for youth/senior + 15 years. The training is for beginners and advanced wrestlers of all levels.,Fre. 8. maj 2026,17.30,https://www.kultunaut.dk/perl/arrmore/type-nynaut?ArrNr=19836783
Action/Drama Mortal Kombat II,Mortal Kombat II,"De populære fanfavoritter - nu med selveste Johnny Cage på holdet - står over for hinanden i det ultimative opgør for at nedkæmpe Shao Kahns mørke herredømme, der truer selve Jordrigets eksistens og dets beskyttere.",Fre. 8. maj 2026,21.15,https://www.kultunaut.dk/perl/arrmore/type-nynaut?ArrNr=19923285
Show/stand up Det store 90'er Quiz Show,Det store 90'er Quiz Show,Vi skal på en tidsrejse til et af de mest farverige og uforglemmelige årtier i musikkens historie. Et årti også kendt som ?Det Glade Årti?,Fre. 8. maj 2026,19.30,https://www.kultunaut.dk/perl/arrmore/type-nynaut?ArrNr=18715057
Funk/Blues/R&B Amy Winehouse Tribute,Amy Winehouse Tribute,"Med den karismatiske sanger Samara Bahrami i front, hyldes den legendariske sanger og sangskriver Amy Winehouse. Sammen genopliver de nogle fantastiske sange, som sanger og sangskriver Amy Winehouse skabte før sin alt for tidlige død i 2011.",Fre. 8. maj 2026,See description,https://www.kultunaut.dk/perl/arrmore/type-nynaut?ArrNr=19769979
Rock/Pop Amy Winehouse Tribute live i EWII House i Kolding,Amy Winehouse Tribute live i EWII House i Kolding,"MusicBooking.dk præsenterer en helt særlig koncertoplevelse, når Amy Winehouse Tribute indtager scenen i EWII House fredag den 8. maj kl. 20.

  Arrangeret af Music Booking.dk.",Fre. 8. maj 2026,20:00,https://www.kultunaut.dk/perl/arrmore/type-nynaut?ArrNr=19771296
Andre Film Iron Maiden: Burning Ambition,Iron Maiden: Burning Ambition,,Fre. 8. maj 2026,20.45,https://www.kultunaut.dk/perl/arrmore/type-nynaut?ArrNr=19780099
Andre Film Billie Eilish - Hit Me Hard and Soft: The Tour,Billie Eilish - Hit Me Hard and Soft: The Tour,Optaget under hendes udsolgte verdensturné bringer Billie Eilish - HIT ME HARD AND SOFT: THE TOUR (LIVE IN 3D) en nyskabende koncertoplevelse til det store lærred fra en af sin generations mest anerkendte og succesfulde kunstnere.,Fre. 8. maj 2026,See description,https://www.kultunaut.dk/perl/arrmore/type-nynaut?ArrNr=19841718
Foto Udstilling: Årets Pressefoto 2025,Udstilling: Årets Pressefoto 2025,Oplev årets bedste pressefoto.,Fre. 8. til lør. 30. maj 2026,See description,https://www.kultunaut.dk/perl/arrmore/type-nynaut?ArrNr=19460707
Andet Bog Release hos Skærsøgaard vin,Bog Release hos Skærsøgaard vin,"I år er det 25 år siden at den allerførste årgang dansk vin kom på markedet. Det skal ikke gå ubemærket hen - Sven Moesgaard har skrevet en bog om de 25 år - for dansk vin og historien bagom Skærsøgaard vin. Bøger til salg, et glas bobler og gode tilbud.",Lør. 9. maj 2026 13:00 - 15.00,13:00,https://www.kultunaut.dk/perl/arrmore/type-nynaut?ArrNr=19832823
Ekskursion Guidet tur i Christiansfeld - Verdensarv i særklasse,Guidet tur i Christiansfeld - Verdensarv i særklasse,Velkommen til UNESCO-byen Christiansfeld - en by med en enestående historie. Tag med os på en historisk byvandring gennem de smukke gader i Christiansfeld. Vores guide fortæller dig historier om Brødremenigheden og byens historie - fra grundlæggelsen og.,Lør. 9. maj 2026 13:30 - 15:00,13:30,https://www.kultunaut.dk/perl/arrmore/type-nynaut?ArrNr=19862175
"Gudstjeneste Gudstjeneste: Konfirmation - 8.C, Lyshøjskolen v. Henrik Johannessen","Gudstjeneste: Konfirmation - 8.C, Lyshøjskolen v. Henrik Johannessen","8.C, Lyshøjskolen konfirmeres v. Henrik Johannessen.",Lør. 9. maj 2026,See description,https://www.kultunaut.dk/perl/arrmore/type-nynaut?ArrNr=19651134
For børn Håndbold for børn (2-5 årige),Håndbold for børn (2-5 årige),"Motorik baner, boldmassage og meget mere. Aktiviteterne gennemføres sammen med en forældre/voksen. Sørg for at børnene har noget ordentligt fodtøj og tøj de kan bevæge sig i. Sæsonen starter i august/september og slutter i april/maj.",Lør. 9. maj 2026,See description,https://www.kultunaut.dk/perl/arrmore/type-nynaut?ArrNr=19841989
Undervisning Indisk madlavning,Indisk madlavning,Arrangeret af FOF Sydjylland.,Lør. 9. maj 2026,15.25,https://www.kultunaut.dk/perl/arrmore/type-nynaut?ArrNr=19727987
"Gudstjeneste Gudstjeneste: Konfirmation, Realskolen ved Niels Risbjerg Lai","Gudstjeneste: Konfirmation, Realskolen ved Niels Risbjerg Lai",,Lør. 9. maj 2026,09.30,https://www.kultunaut.dk/perl/arrmore/type-nynaut?ArrNr=19651244
Tegnefilm/Animation Mission: Bæver,Mission: Bæver,"Animationsfilmen 'Mission: Bæver' er Disney og Pixars nyeste eventyr, der stiller spørgsmålet: Hvad hvis du kunne tale med dyr og forstå, hvad de siger?",Lør. 9. maj 2026,See description,https://www.kultunaut.dk/perl/arrmore/type-nynaut?ArrNr=19923329
"Løbetræning/jogging, Børn Løbetræning",Løbetræning,Vi løber mandag og onsdag klokken 17 samt lørdag klokken 10 fra Bøgelund (i sommerhalvåret starter den lange tur på +16km kl. 09.00). Hvor holder vi til? Bramdrup Skovvej 40. Kom i god tid - vi starter præcis.,Lør. 9. maj 2026,See description,https://www.kultunaut.dk/perl/arrmore/type-nynaut?ArrNr=19920794
"Andet motionstilbud, Børn Kvinder / Mandfolk på MTB",Kvinder / Mandfolk på MTB,Mountainbike for alle - Fokus på stier og fællesskab. Har du lyst til at komme ud i den friske luft på din mountainbike uden at bekymre dig om svære tekniske spor og stejle skrænter?,Lør. 9. maj 2026,See description,https://www.kultunaut.dk/perl/arrmore/type-nynaut?ArrNr=19943595
Familiefilm Fårbrydelsen,Fårbrydelsen,"I denne finurlige og nyskabende krimihistorie er George (Hugh Jackman) en fårehyrde, der hver aften læser detektivromaner højt for sine elskede får - overbevist om, at de umuligt kan forstå dem.",Lør. 9. maj 2026,10.15,https://www.kultunaut.dk/perl/arrmore/type-nynaut?ArrNr=19923291
Gudstjeneste Gudstjeneste: Konfirmation,Gudstjeneste: Konfirmation,,Lør. 9. maj 2026,10.30,https://www.kultunaut.dk/perl/arrmore/type-nynaut?ArrNr=19677222
"Gudstjeneste Gudstjeneste: Konfirmation - 8.D, Lyshøjskolen v. Lars Seeberg","Gudstjeneste: Konfirmation - 8.D, Lyshøjskolen v. Lars Seeberg","8.D, Lyshøjskolen konfirmeres v. Lars Seeberg.",Lør. 9. maj 2026,See description,https://www.kultunaut.dk/perl/arrmore/type-nynaut?ArrNr=19651235
Tegnefilm/Animation Super Mario Galaxy Filmen,Super Mario Galaxy Filmen,Here we go. Again! Animationsfilmen 'Super Mario Galaxy Filmen' (The Super Mario Galaxy Movie) er fortsættelsen til Super Mario Bros. Filmen fra 2023 og denne gang bliver eventyret endnu større!,Lør. 9. maj 2026,13.30,https://www.kultunaut.dk/perl/arrmore/type-nynaut?ArrNr=19923332
Gudstjeneste Gudstjeneste: Konfirmation Brændkjær B,Gudstjeneste: Konfirmation Brændkjær B,,Lør. 9. maj 2026,11.30,https://www.kultunaut.dk/perl/arrmore/type-nynaut?ArrNr=19651092
"Gudstjeneste Gudstjeneste: Konfirmation, Realskolen ved Ole Witte Madsen","Gudstjeneste: Konfirmation, Realskolen ved Ole Witte Madsen",,Lør. 9. maj 2026,11.30,https://www.kultunaut.dk/perl/arrmore/type-nynaut?ArrNr=19651263
Komedie/Romantik The Devil Wears Prada 2,The Devil Wears Prada 2,"""A sequel? For spring? Groundbreaking."". Filmen 'The Devil Wears Prada 2' er fortsættelsen til den elskede film fra 2006, The Devil Wears Prada.",Lør. 9. maj 2026,12.30,https://www.kultunaut.dk/perl/arrmore/type-nynaut?ArrNr=19888236
Action/Drama Affektionsværdi,Affektionsværdi,"Det norske drama 'Affektionsværdi' følger søstrene Nora (Renate Reinsve) og Agnes (Inga Ibsdotter Lilleaas), som genforenes med deres far Gustav (Stellan Skarsgård) - en førhen ganske feteret instruktør, som drømmer om det store comeback.",Lør. 9. maj 2026,12.50,https://www.kultunaut.dk/perl/arrmore/type-nynaut?ArrNr=19888053
Action/Drama Dust Bunny,Dust Bunny,"Tiårige Aurora har en mystisk nabo (Mads Mikkelsen), som dræber virkelige monstre - han er lejemorder. Så da Aurora har brug for hjælp til at dræbe det monster, hun tror har spist hele hendes familie, hyrer hun ham.",Lør. 9. maj 2026,See description,https://www.kultunaut.dk/perl/arrmore/type-nynaut?ArrNr=19919929
Omvisning Rundvisning - Harteværket,Rundvisning - Harteværket,"Oplev historien for opførelsen af Danmarks første vandkraftværk, som blev indviet i 1920. En utrolig spændende historie, som også i fremtiden vil have en vigtig rolle for Kolding i forbindelse med de klimatilpasninger, som er forberedt på Harteværket.",Lør. 9. maj 2026,See description,https://www.kultunaut.dk/perl/arrmore/type-nynaut?ArrNr=19701651
Tegnefilm/Animation Kæledyrs-ekspressen,Kæledyrs-ekspressen,"Da en gruppe kæledyr ved et uheld bliver væk fra deres ejere og ender ombord på et højhastighedstog tværs gennem Europa, starter et hæsblæsende eventyr fyldt med kaos, sjove misforståelser - og uventet venskab.",Lør. 9. maj 2026,See description,https://www.kultunaut.dk/perl/arrmore/type-nynaut?ArrNr=19765163
Show/stand up Det store 90'er Quiz Show,Det store 90'er Quiz Show,Vi skal på en tidsrejse til et af de mest farverige og uforglemmelige årtier i musikkens historie. Et årti også kendt som ?Det Glade Årti?,Lør. 9. maj 2026,19.30,https://www.kultunaut.dk/perl/arrmore/type-nynaut?ArrNr=18715492
Andre Film Harry Potter og Fønixordenen,Harry Potter og Fønixordenen,,Lør. 9. maj 2026,15.15,https://www.kultunaut.dk/perl/arrmore/type-nynaut?ArrNr=19733422
Action/Drama Michael,Michael,"Filmen 'Michael' skildrer en af de mest indflydelsesrige kunstnere nogensinde, Michael Jackson.",Lør. 9. maj 2026,15.50,https://www.kultunaut.dk/perl/arrmore/type-nynaut?ArrNr=19888246
Dokumentar Forpremiere: Aphaca - Brug for hinanden,Forpremiere: Aphaca - Brug for hinanden,Kom til landsdækkende forpremiere på dokumentarfilmen 'Aphaca - Brug for hinanden den 8. og 9. maj.,Lør. 9. maj 2026,See description,https://www.kultunaut.dk/perl/arrmore/type-nynaut?ArrNr=19906616
Action/Drama De Forbandede År 3 - Fredens pris - Dk. tekster,De Forbandede År 3 - Fredens pris - Dk. tekster,"Året er 1945. Krigen er endelig slut. Danmark er frit, men splittet. Meget har ændret sig for familien Skov, Karl og Evas ægteskab er tyndslidt, og Eva beslutter at forlade sin mand.",Lør. 9. maj 2026,See description,https://www.kultunaut.dk/perl/arrmore/type-nynaut?ArrNr=19919339
Action/Drama Mortal Kombat II,Mortal Kombat II,"De populære fanfavoritter - nu med selveste Johnny Cage på holdet - står over for hinanden i det ultimative opgør for at nedkæmpe Shao Kahns mørke herredømme, der truer selve Jordrigets eksistens og dets beskyttere.",Lør. 9. maj 2026,17.15,https://www.kultunaut.dk/perl/arrmore/type-nynaut?ArrNr=19923318
"Skuespil Du er unik, skat","Du er unik, skat","Talentholdet præsenterer elevforestillingen ""Du er unik, skat"". En forestilling inspireret af den ikoniske 80'er film ""The Breakfast Club"". En blandet flok elever har eftersidning en lørdag.

  Arrangeret af Teaterskolen Kolding.",Lør. 9. maj 2026,18.40,https://www.kultunaut.dk/perl/arrmore/type-nynaut?ArrNr=19894561
Andre Film Iron Maiden: Burning Ambition,Iron Maiden: Burning Ambition,"""Iron Maiden: Burning Ambition"" fortæller historien om, hvordan Iron Maiden har været med til at forme en kulturel bevægelse og udfordre traditionelle opfattelser af rockmusik og heavy metals bredere samfundsmæssige og kulturelle betydning.",Lør. 9. maj 2026,18.30,https://www.kultunaut.dk/perl/arrmore/type-nynaut?ArrNr=19923335
Musik * glas & glimmer - på rabalder bar*,* glas & glimmer - på rabalder bar*,"Solen går ned, musikken stiger, og vi tænder op for en aften fyldt med farver, kreativitet og gode vibes - er du klar til at male på genbrugsglas, mingle og feste fra første øjeblik?. Lørdag d. 9. maj.",Lør. 9. maj 2026,See description,https://www.kultunaut.dk/perl/arrmore/type-nynaut?ArrNr=19913115
Andre Film Billie Eilish - Hit Me Hard and Soft: The Tour,Billie Eilish - Hit Me Hard and Soft: The Tour,Optaget under hendes udsolgte verdensturné bringer Billie Eilish - HIT ME HARD AND SOFT: THE TOUR (LIVE IN 3D) en nyskabende koncertoplevelse til det store lærred fra en af sin generations mest anerkendte og succesfulde kunstnere.,Lør. 9. maj 2026,See description,https://www.kultunaut.dk/perl/arrmore/type-nynaut?ArrNr=19841823
Thriller/Gyser Lee Cronin's The Mummy,Lee Cronin's The Mummy,"En ung pige forsvinder sporløst i ørkenen. Otte år senere bliver hendes knuste familie chokeret, da hun vender tilbage til dem. Det, der burde være en glædelig genforening, forvandles til et levende mareridt.",Lør. 9. maj 2026,21.15,https://www.kultunaut.dk/perl/arrmore/type-nynaut?ArrNr=19923296
"Workshop, Børn Plantefarvning og ecoprint - for børn og voksne (også voksne uden børn)",Plantefarvning og ecoprint - for børn og voksne (også voksne uden børn),"Få en fantastisk nærværende oplevelse og lær om både plantefarvning og ecoprint. For børn og voksne - og voksne uden børn. Ecoprint er plante aftryk. Vi samler selv materialerne og skaber unikt tøj/stof.

  Arrangeret af FOF Sydjylland.",Lør. 9. og søn. 10. maj 2026 2 mødegange,See description,https://www.kultunaut.dk/perl/arrmore/type-nynaut?ArrNr=19728505
Verdensmusik/Latin Los Fuegos på Knuds Dance Hall,Los Fuegos på Knuds Dance Hall,"KOLDING, Gør jer klar til at danse! Los Fuegos bringer varmen med en fusion af latinamerikanske rytmer, reggae, rock, Balkan og meget mere. Kom og mærk ilden! Julian Maraboto Mario Casas Michael Miño Yannik Hartig""El Vikingo"".",Lør. 9. og søn. 10. maj 2026 21:00 - 03:00,21:00,https://www.kultunaut.dk/perl/arrmore/type-nynaut?ArrNr=19859826
Cykelløb Deloitte løbet 2026- Kolding BC,Deloitte løbet 2026- Kolding BC,,Søn. 10. maj 2026,See description,https://www.kultunaut.dk/perl/arrmore/type-nynaut?ArrNr=19441614
Ekskursion Med Gestapo i hælene - Dramatiseret guidet tur,Med Gestapo i hælene - Dramatiseret guidet tur,Pas på du ikke bliver opdaget af Gestapo! Vores to guider - i karakter som modstandsfolkene Gerda og Jørgen - tager dig med tilbage til tiden under 2. Verdenskrig på en dramatiseret guidet tur i Kolding.,Søn. 10. maj 2026 10:30 - 12:00,10:30,https://www.kultunaut.dk/perl/arrmore/type-nynaut?ArrNr=19839635
"Foredrag Mødre, magtspil og kongelige skandaler","Mødre, magtspil og kongelige skandaler","Fejr Mors dag med en særrundvisning på Koldinghus, hvor vi dykker ned i livet og skæbnerne for tre markante mødre i den kongelige historie.",Søn. 10. maj 2026 11:00-14:00,11:00,https://www.kultunaut.dk/perl/arrmore/type-nynaut?ArrNr=19854533
Ekskursion Guidet tur i Christiansfeld - Verdensarv i særklasse,Guidet tur i Christiansfeld - Verdensarv i særklasse,Velkommen til UNESCO-byen Christiansfeld - en by med en enestående historie. Tag med os på en historisk byvandring gennem de smukke gader i Christiansfeld. Vores guide fortæller dig historier om Brødremenigheden og byens historie - fra grundlæggelsen og.,Søn. 10. maj 2026 13:30 - 15:00,13:30,https://www.kultunaut.dk/perl/arrmore/type-nynaut?ArrNr=19862202
Gudstjeneste Gudstjeneste v. Ole Pihl,Gudstjeneste v. Ole Pihl,,Søn. 10. maj 2026,09.45,https://www.kultunaut.dk/perl/arrmore/type-nynaut?ArrNr=19692245
Gudstjeneste Gudstjeneste i Immanuelskirken ved Michael Lerche Nygaard,Gudstjeneste i Immanuelskirken ved Michael Lerche Nygaard,,Søn. 10. maj 2026,See description,https://www.kultunaut.dk/perl/arrmore/type-nynaut?ArrNr=19652399
Gudstjeneste Gudstjeneste i Hjarup Kirke,Gudstjeneste i Hjarup Kirke,,Søn. 10. maj 2026,See description,https://www.kultunaut.dk/perl/arrmore/type-nynaut?ArrNr=19652476
Gudstjeneste Gudstjeneste,Gudstjeneste,,Søn. 10. maj 2026,See description,https://www.kultunaut.dk/perl/arrmore/type-nynaut?ArrNr=19770902
Fodboldtræning Fodbold alle søndage kl. 9.00,Fodbold alle søndage kl. 9.00,"Vi er en flok gamle gutter, der spiller fodbold for sjov, vores ældste mand er 87 år -yngste 38. Vi hedder KIF Oldboys, men langt de fleste har tidligere spillet i andre klubber, flere har aldrig spillet fodbold i en klub før KIF Oldboys.",Søn. 10. maj 2026,See description,https://www.kultunaut.dk/perl/arrmore/type-nynaut?ArrNr=19844957
Tegnefilm/Animation Mission: Bæver,Mission: Bæver,"Animationsfilmen 'Mission: Bæver' er Disney og Pixars nyeste eventyr, der stiller spørgsmålet: Hvad hvis du kunne tale med dyr og forstå, hvad de siger?",Søn. 10. maj 2026,See description,https://www.kultunaut.dk/perl/arrmore/type-nynaut?ArrNr=19923305
"Ketchersport, Børn Gratis squash",Gratis squash,"Kom og prøv squash i Kolding KFUM Squash - helt uforpligtende! Har du lyst til at prøve kræfter med squash - alene eller sammen med andre?. Så kig forbi Kolding KFUM Squash hver søndag kl. 10:00-11:30 og prøv en sjov, svedig og social sport!",Søn. 10. maj 2026,See description,https://www.kultunaut.dk/perl/arrmore/type-nynaut?ArrNr=19844803
Tegnefilm/Animation Dragens vogter,Dragens vogter,"I det gamle Kina opdager den unge pige Ping, at hun er skæbnebestemt til at beskytte den sidste levende drage og et mystisk æg, der bærer håbet for hele dragens slægt.",Søn. 10. maj 2026,10.15,https://www.kultunaut.dk/perl/arrmore/type-nynaut?ArrNr=19923310
Familiefilm Fårbrydelsen,Fårbrydelsen,"I denne finurlige og nyskabende krimihistorie er George (Hugh Jackman) en fårehyrde, der hver aften læser detektivromaner højt for sine elskede får - overbevist om, at de umuligt kan forstå dem.",Søn. 10. maj 2026,10.15,https://www.kultunaut.dk/perl/arrmore/type-nynaut?ArrNr=19923302
Gudstjeneste Gudstjeneste: Konfirmation,Gudstjeneste: Konfirmation,,Søn. 10. maj 2026,10.30,https://www.kultunaut.dk/perl/arrmore/type-nynaut?ArrNr=19652794
Gudstjeneste Gudstjeneste ved Trine Lydeking,Gudstjeneste ved Trine Lydeking,,Søn. 10. maj 2026,10.30,https://www.kultunaut.dk/perl/arrmore/type-nynaut?ArrNr=19724792
Tegnefilm/Animation Super Mario Galaxy Filmen,Super Mario Galaxy Filmen,Here we go. Again! Animationsfilmen 'Super Mario Galaxy Filmen' (The Super Mario Galaxy Movie) er fortsættelsen til Super Mario Bros. Filmen fra 2023 og denne gang bliver eventyret endnu større!,Søn. 10. maj 2026,10.30,https://www.kultunaut.dk/perl/arrmore/type-nynaut?ArrNr=19947488
Gudstjeneste Gudstjeneste - Jesu sidste bøn,Gudstjeneste - Jesu sidste bøn,,Søn. 10. maj 2026,10.30,https://www.kultunaut.dk/perl/arrmore/type-nynaut?ArrNr=19652334
Gudstjeneste Gudstjeneste 10.30,Gudstjeneste 10.30,,Søn. 10. maj 2026,10.30,https://www.kultunaut.dk/perl/arrmore/type-nynaut?ArrNr=19652699
Gudstjeneste Musikgudstjeneste,Musikgudstjeneste,Gadekoret medvirker.,Søn. 10. maj 2026,10.30,https://www.kultunaut.dk/perl/arrmore/type-nynaut?ArrNr=19652705
Gudstjeneste Gudstjeneste v/ Stephan Wung-Sung de Fønss,Gudstjeneste v/ Stephan Wung-Sung de Fønss,Efter gudstjenesten bydes der på kaffe og te i kirkens lokaler.,Søn. 10. maj 2026,10.30,https://www.kultunaut.dk/perl/arrmore/type-nynaut?ArrNr=19717098
Gudstjeneste Tyrstrup gudstjeneste,Tyrstrup gudstjeneste,Gudstjeneste v/Liv Marit Tjelle Holm. Indsamling til menighedsplejen i Tyrstrup Sogn.,Søn. 10. maj 2026,10.30,https://www.kultunaut.dk/perl/arrmore/type-nynaut?ArrNr=19728151
Gudstjeneste Højmesse ved Katrine Papsø,Højmesse ved Katrine Papsø,,Søn. 10. maj 2026,10.30,https://www.kultunaut.dk/perl/arrmore/type-nynaut?ArrNr=19763920
Gudstjeneste Gudstjeneste Ødis,Gudstjeneste Ødis,,Søn. 10. maj 2026,10.30,https://www.kultunaut.dk/perl/arrmore/type-nynaut?ArrNr=19783702
Gudstjeneste Højmesse ved Ole Witte Madsen,Højmesse ved Ole Witte Madsen,,Søn. 10. maj 2026,10.30,https://www.kultunaut.dk/perl/arrmore/type-nynaut?ArrNr=19652865
Gudstjeneste Gudstjeneste i Kristkirken ved Michael Lerche Nygaard,Gudstjeneste i Kristkirken ved Michael Lerche Nygaard,,Søn. 10. maj 2026,10.30,https://www.kultunaut.dk/perl/arrmore/type-nynaut?ArrNr=19652944
Andet Samvær & samtale i kreativt fællesskab,Samvær & samtale i kreativt fællesskab,"Fordybelse, snak og kreativitet i fællesskabet - det DU har brug for. Kom og giv dig selv nogle timer med fordybelse, snak og kreativitet i fællesskab.

  Arrangeret af Bedre Psykiatri - Kolding.",Søn. 10. maj 2026,14.30,https://www.kultunaut.dk/perl/arrmore/type-nynaut?ArrNr=19854891
Dokumentar Billie Eilish - Hit Me Hard and Soft: The Tour,Billie Eilish - Hit Me Hard and Soft: The Tour,Optaget under hendes udsolgte verdensturné bringer Billie Eilish - HIT ME HARD AND SOFT: THE TOUR (LIVE IN 3D) en nyskabende koncertoplevelse til det store lærred fra en af sin generations mest anerkendte og succesfulde kunstnere.,Søn. 10. maj 2026,11.30,https://www.kultunaut.dk/perl/arrmore/type-nynaut?ArrNr=19945211
Fodboldkamp Fodboldkamp A-Liga Mesterskabsspil - Kolding IF mod FC Nordsjælland,Fodboldkamp A-Liga Mesterskabsspil - Kolding IF mod FC Nordsjælland,,Søn. 10. maj 2026,See description,https://www.kultunaut.dk/perl/arrmore/type-nynaut?ArrNr=19858173
Action/Drama Michael,Michael,"Filmen 'Michael' skildrer en af de mest indflydelsesrige kunstnere nogensinde, Michael Jackson.",Søn. 10. maj 2026,12.15,https://www.kultunaut.dk/perl/arrmore/type-nynaut?ArrNr=19887967
Action/Drama Affektionsværdi,Affektionsværdi,Joachim Triers nyeste film vandt Grand Prix i Cannes og har nu slået nordisk rekord med hele 9 Oscar-nomineringer!,Søn. 10. maj 2026,12.30,https://www.kultunaut.dk/perl/arrmore/type-nynaut?ArrNr=19919159
Omvisning Rundvisning - Mikkel Thomsen,Rundvisning - Mikkel Thomsen,"Idet rundvisningen foregår både udendørs og indendørs, anmoder vi om, at du er påklædt efter vejret. Venligst kom 10 min. før rundvisningen starter. Vi har P-pladser tæt på Harteværket. Varighed: 1,5 time. Arrangør: Harteværket.",Søn. 10. maj 2026,See description,https://www.kultunaut.dk/perl/arrmore/type-nynaut?ArrNr=19701583
Gastronomi Kagebord Mors dag,Kagebord Mors dag,"Vi genoptager traditionen og byder på Kagebord som i gamle dage. Buffetten vil være spækket med lækkerier, som Cheesecake, boller og meget meget mere. Prisen er inklusiv kaffe, the og saft til børn og barnlige sjæle.",Søn. 10. maj 2026,See description,https://www.kultunaut.dk/perl/arrmore/type-nynaut?ArrNr=19773494
Musik Forårskoncert med Kolding Bykor,Forårskoncert med Kolding Bykor,,Søn. 10. maj 2026,14:30,https://www.kultunaut.dk/perl/arrmore/type-nynaut?ArrNr=19876277
Folk/Vise/Country Mark Schedler & Memphis Boulevard,Mark Schedler & Memphis Boulevard,"Velkommen til Søndags Matine med 60er musik mm. Og der må danses. Mark Schedler og Memphis BVLD spiller og synger Chuck Berry, Johnny Cash, Elvis, Willie Nelson, John Denver mfl.",Søn. 10. maj 2026,See description,https://www.kultunaut.dk/perl/arrmore/type-nynaut?ArrNr=19807487
Komedie/Romantik Mors dag: Pride & Prejudice (2005),Mors dag: Pride & Prejudice (2005),Tid til at finde korset og kyse frem! Vi viser Jane Austens højtelskede 'Pride & Prejudice' fra 2005. Søndag d. 10. maj kan du opleve den episke kærlighedshistorie mellem Mr. Darcy og Elizabeth Bennet på det store lærred.,Søn. 10. maj 2026,See description,https://www.kultunaut.dk/perl/arrmore/type-nynaut?ArrNr=19891838
Dokumentar Franz,Franz,"Filmen skildrer det gådefulde liv for Franz Kafka, fra hans ungdom i Prag til hans død i 1924. I stedet for at være en traditionel biografi er Franz sat op som en kalejdoskopisk mosaik af drømme, breve, fragmenter fra hans fiktion og historiske episoder.",Søn. 10. maj 2026,See description,https://www.kultunaut.dk/perl/arrmore/type-nynaut?ArrNr=19920027
Klassisk Koncert med Aarhus Strygerensemble i Tyrstrup Kirke,Koncert med Aarhus Strygerensemble i Tyrstrup Kirke,,Søn. 10. maj 2026,15:00,https://www.kultunaut.dk/perl/arrmore/type-nynaut?ArrNr=19816610
Andre Film Harry Potter og Fønixordenen,Harry Potter og Fønixordenen,,Søn. 10. maj 2026,15.15,https://www.kultunaut.dk/perl/arrmore/type-nynaut?ArrNr=19732903
Komedie/Romantik The Devil Wears Prada 2,The Devil Wears Prada 2,"""A sequel? For spring? Groundbreaking."". Filmen 'The Devil Wears Prada 2' er fortsættelsen til den elskede film fra 2006, The Devil Wears Prada.",Søn. 10. maj 2026,15.30,https://www.kultunaut.dk/perl/arrmore/type-nynaut?ArrNr=19888114
Musik Koncert med koret UP!,Koncert med koret UP!,,Søn. 10. maj 2026,See description,https://www.kultunaut.dk/perl/arrmore/type-nynaut?ArrNr=19797924
Andre Film Aftenvagt,Aftenvagt,"Floria (spillet af Leonie Benesch - mindst lige så fantastisk som i 'Lærerværelset') er en dedikeret sygeplejerske, der med urokkelig dedikation navigerer i det ubarmhjertige opskruet tempo på en kirurgisk afdeling på et hospital i Schweiz.",Søn. 10. maj 2026,See description,https://www.kultunaut.dk/perl/arrmore/type-nynaut?ArrNr=19919113
Science Fiction Project Hail Mary,Project Hail Mary,I science fiction-filmen 'Project Hail Mary' skal Ryan Gosling redde jordens fremtid ved hjælp af en unik portion videnskab og humor!,Søn. 10. maj 2026,See description,https://www.kultunaut.dk/perl/arrmore/type-nynaut?ArrNr=19923328
"Skuespil Du er unik, skat","Du er unik, skat","Talentholdet præsenterer elevforestillingen ""Du er unik, skat"". En forestilling inspireret af den ikoniske 80'er film ""The Breakfast Club"". En blandet flok elever har eftersidning en lørdag.

  Arrangeret af Teaterskolen Kolding.",Søn. 10. maj 2026,18.40,https://www.kultunaut.dk/perl/arrmore/type-nynaut?ArrNr=19894748
Action/Drama Dust Bunny,Dust Bunny,"Tiårige Aurora har en mystisk nabo (Mads Mikkelsen), som dræber virkelige monstre - han er lejemorder. Så da Aurora har brug for hjælp til at dræbe det monster, hun tror har spist hele hendes familie, hyrer hun ham.",Søn. 10. maj 2026,18.30,https://www.kultunaut.dk/perl/arrmore/type-nynaut?ArrNr=19919615
Gudstjeneste Aftengudstjeneste Seest ASA,Aftengudstjeneste Seest ASA,,Søn. 10. maj 2026,See description,https://www.kultunaut.dk/perl/arrmore/type-nynaut?ArrNr=19808731
Action/Drama Mortal Kombat II,Mortal Kombat II,"De populære fanfavoritter - nu med selveste Johnny Cage på holdet - står over for hinanden i det ultimative opgør for at nedkæmpe Shao Kahns mørke herredømme, der truer selve Jordrigets eksistens og dets beskyttere.",Søn. 10. maj 2026,21.15,https://www.kultunaut.dk/perl/arrmore/type-nynaut?ArrNr=19923322
Andet Knuds Garage International Pubquiz,Knuds Garage International Pubquiz,English Pubquiz at Knuds Garage Come to a pub quiz in a cozy setting with 20 questions.,Man. 11. maj 2026 20:30 - 22:30,20:30,https://www.kultunaut.dk/perl/arrmore/type-nynaut?ArrNr=19535605
Ketchersport Badminton,Badminton,"Du medbringer en ketcher og bolde. Der spilles stort set kun double, da dette er det mest sociale og ikke så hårdt fysisk.",Man. 11. maj 2026,See description,https://www.kultunaut.dk/perl/arrmore/type-nynaut?ArrNr=19849146
Andet motionstilbud Styrke /ryg træning i Arena Syd VAMDRUP,Styrke /ryg træning i Arena Syd VAMDRUP,"I Styrkeryg trænings timen arbejdes der med alle kroppens muskler. Vi bruger elastik, som kan købes hos IFA. Husk måtte til styrkeøvelser på gulvet.",Man. 11. maj 2026,See description,https://www.kultunaut.dk/perl/arrmore/type-nynaut?ArrNr=19849735
Ketchersport Tennis for 60+'ere,Tennis for 60+'ere,Træning for 60+'ere - alle kan være med. Kom og oplev glæderne og sammenholdet ved at træne og spille tennis med jævnaldrende!,Man. 11. maj 2026,See description,https://www.kultunaut.dk/perl/arrmore/type-nynaut?ArrNr=19908511
Andet motionstilbud Krolf for alle - formiddag,Krolf for alle - formiddag,"Man træner 2-3 runder. Man får gode fællesskaber, hyggeligt socialt samvær, venskaber for alle aldre. Varmt tøj til tider. Mandag klokken 9:30 og onsdag klokken 18:30. Kontingent 250 kr. Sæsonen starter 1 maj og slutter 30 september.",Man. 11. maj 2026,09.30,https://www.kultunaut.dk/perl/arrmore/type-nynaut?ArrNr=19848849
Andet motionstilbud Krolfspil for senior,Krolfspil for senior,"Krolf er et rigtig hyggelig spil, hvor alle kan deltage. Det er en blanding af golf og kroket. Praktisk påklædning efter vejret, gerne kraftige sko eller i regnvejr gummistøvler.",Man. 11. maj 2026,09.30,https://www.kultunaut.dk/perl/arrmore/type-nynaut?ArrNr=19849662
Vandretur/stavgang Stavgang/ gåture,Stavgang/ gåture,"Der kan som udgangspunkt lånes stave i IFA de første par gange. Der vil hver gang være mulighed for instruktion i stavgangsteknik, ligesom der som regel er mulighed fora t vælge hold med forskellige tempi.",Man. 11. maj 2026,11.30,https://www.kultunaut.dk/perl/arrmore/type-nynaut?ArrNr=19848986
Fitness/styrketræning Styrke/ryg træning,Styrke/ryg træning,"Her styrkes alle kroppens muskler, så ryggen kan klare hverdagen. Husk vandflaske og en måtte til gulvøvelserne.",Man. 11. maj 2026,10.45,https://www.kultunaut.dk/perl/arrmore/type-nynaut?ArrNr=19849047
Tegnefilm/Animation Dragens vogter,Dragens vogter,"I det gamle Kina opdager den unge pige Ping, at hun er skæbnebestemt til at beskytte den sidste levende drage og et mystisk æg, der bærer håbet for hele dragens slægt.",Man. 11. maj 2026,11.30,https://www.kultunaut.dk/perl/arrmore/type-nynaut?ArrNr=19923309
Andet motionstilbud Stram op,Stram op,"Efter ca. 35 min. ""opvarmning"", hvor pulsen stiger, strammer vi maven, ballerne, lårene og ryggen op med forskellige øvelser. Med og uden elastikker. Husk vandflaske og måtte til gulvøvelserne.",Man. 11. maj 2026,See description,https://www.kultunaut.dk/perl/arrmore/type-nynaut?ArrNr=19848517
Andet motionstilbud Mandehørm (styrke for mænd),Mandehørm (styrke for mænd),"Som navnet siger - styrke kun for mænd. Der arbejdes med vægte så ""bøfferne"" holdes ved lige. Endvidere styrke af ryg og mave. Bækkenbunds træning er ikke kun for kvinder. Kom og lær din bækkenbund at kende.",Man. 11. maj 2026,See description,https://www.kultunaut.dk/perl/arrmore/type-nynaut?ArrNr=19848590
Andet motionstilbud Deltag i turneringer. Få åbningskendskab,Deltag i turneringer. Få åbningskendskab,Deltagelse i klubturneringen. Deltagelse i holdturneringen mod spillere fra andre klubber. Teori og åbningskendskab.,Man. 11. maj 2026,See description,https://www.kultunaut.dk/perl/arrmore/type-nynaut?ArrNr=19849330
Komedie/Romantik The Devil Wears Prada 2,The Devil Wears Prada 2,"""A sequel? For spring? Groundbreaking."". Filmen 'The Devil Wears Prada 2' er fortsættelsen til den elskede film fra 2006, The Devil Wears Prada.",Man. 11. maj 2026,See description,https://www.kultunaut.dk/perl/arrmore/type-nynaut?ArrNr=19888145
Action/Drama Affektionsværdi,Affektionsværdi,"Det norske drama 'Affektionsværdi' følger søstrene Nora (Renate Reinsve) og Agnes (Inga Ibsdotter Lilleaas), som genforenes med deres far Gustav (Stellan Skarsgård) - en førhen ganske feteret instruktør, som drømmer om det store comeback.",Man. 11. maj 2026,12.15,https://www.kultunaut.dk/perl/arrmore/type-nynaut?ArrNr=19888082
Tegnefilm/Animation Mission: Bæver,Mission: Bæver,"Animationsfilmen 'Mission: Bæver' er Disney og Pixars nyeste eventyr, der stiller spørgsmålet: Hvad hvis du kunne tale med dyr og forstå, hvad de siger?",Man. 11. maj 2026,12.30,https://www.kultunaut.dk/perl/arrmore/type-nynaut?ArrNr=19923301
Action/Drama Michael,Michael,"Filmen 'Michael' skildrer en af de mest indflydelsesrige kunstnere nogensinde, Michael Jackson.",Man. 11. maj 2026,12.45,https://www.kultunaut.dk/perl/arrmore/type-nynaut?ArrNr=19888136
Tegnefilm/Animation Super Mario Galaxy Filmen,Super Mario Galaxy Filmen,Here we go. Again! Animationsfilmen 'Super Mario Galaxy Filmen' (The Super Mario Galaxy Movie) er fortsættelsen til Super Mario Bros. Filmen fra 2023 og denne gang bliver eventyret endnu større!,Man. 11. maj 2026,13.40,https://www.kultunaut.dk/perl/arrmore/type-nynaut?ArrNr=19923315
Action/Drama De forbandede år 3 - Fredens pris,De forbandede år 3 - Fredens pris,"Året er 1945. Krigen er endelig slut. Danmark er frit, men splittet. Meget har ændret sig for familien Skov. Karl og Evas ægteskab er tyndslidt, og Eva beslutter at forlade sin mand.",Man. 11. maj 2026,See description,https://www.kultunaut.dk/perl/arrmore/type-nynaut?ArrNr=19923288
Gymnastik/aerobic Motionsdamer,Motionsdamer,Traditionel motionsgymnastik for damer. Alle kan deltage uanset alder og skavanker.,Man. 11. maj 2026,15.20,https://www.kultunaut.dk/perl/arrmore/type-nynaut?ArrNr=19849041
Andre Film Iron Maiden: Burning Ambition,Iron Maiden: Burning Ambition,"""Iron Maiden: Burning Ambition"" fortæller historien om, hvordan Iron Maiden har været med til at forme en kulturel bevægelse og udfordre traditionelle opfattelser af rockmusik og heavy metals bredere samfundsmæssige og kulturelle betydning.",Man. 11. maj 2026,15.30,https://www.kultunaut.dk/perl/arrmore/type-nynaut?ArrNr=19923308
Andre Film Aftenvagt,Aftenvagt,"Floria (spillet af Leonie Benesch - mindst lige så fantastisk som i 'Lærerværelset') er en dedikeret sygeplejerske, der med urokkelig dedikation navigerer i det ubarmhjertige opskruet tempo på en kirurgisk afdeling på et hospital i Schweiz.",Man. 11. maj 2026,See description,https://www.kultunaut.dk/perl/arrmore/type-nynaut?ArrNr=19919141
"Danseundervisning, Børn Linedance / Absolut Begynder",Linedance / Absolut Begynder,For dem der aldrig har prøvet linedance før.,Man. 11. maj 2026,17.55,https://www.kultunaut.dk/perl/arrmore/type-nynaut?ArrNr=19849733
"Andet boldspil, Børn Floorball U9-U11",Floorball U9-U11,"Husk indendørssko og gerne sportstøj, vi sørger for resten :-).",Man. 11. maj 2026,18.30,https://www.kultunaut.dk/perl/arrmore/type-nynaut?ArrNr=19848475
Løbetræning/jogging Løbetræning,Løbetræning,"Vi løber mandag og onsdag klokken 17 samt lørdag klokken 10 fra Bøgelund, Bramdrup. Skovvej 40. Kom i god tid - vi starter præcis. Du kan deltage 3-4 gange før du melder dig ind i klubben. Lavt kontingent - 300 kroner for et kalenderår.",Man. 11. maj 2026,18.30,https://www.kultunaut.dk/perl/arrmore/type-nynaut?ArrNr=19919024
"Løbetræning/jogging, Børn Gå-/Løbe-fællesskab",Gå-/Løbe-fællesskab,"Gå- & løbe-fællesskab, hvor minimum en frivillig fra HG&IF deltager på holdene. Så har du svært ved at komme afsted selv, så kom og vær med. Det forpligtiger lidt mere når man ved andre venter :-). Der er 3 niveauer: 1) Gå-holdet.",Man. 11. maj 2026,17.15,https://www.kultunaut.dk/perl/arrmore/type-nynaut?ArrNr=19849544
"Danseundervisning, Børn Hip Hop/ Funk (10-12 årige)",Hip Hop/ Funk (10-12 årige),"Er du vild med at danse foran spejlet? Og kan du ikke sidde stille, når der sættes musik på? Til hiphop/funk sætter vi gang i festen. Der vil blive arbejdet med koreografier, attitude og styrketræning.",Man. 11. maj 2026,17.30,https://www.kultunaut.dk/perl/arrmore/type-nynaut?ArrNr=19848586
Science Fiction Project Hail Mary,Project Hail Mary,I science fiction-filmen 'Project Hail Mary' skal Ryan Gosling redde jordens fremtid ved hjælp af en unik portion videnskab og humor!,Man. 11. maj 2026,17.50,https://www.kultunaut.dk/perl/arrmore/type-nynaut?ArrNr=19923327
"Foredrag Gratis foredrag om arv og testamente, inkl. middag på Mormors Landkøkken","Gratis foredrag om arv og testamente, inkl. middag på Mormors Landkøkken","Kom til gratis foredrag om arv og testamente, og få svar på alt hvad. du skal vide for at skabe sikkerhed for dig selv og din familie som gift og samlevende,. samtidigt med at vi byder på en lækker middag. Sikkerhed ved sygdom.",Man. 11. maj 2026,See description,https://www.kultunaut.dk/perl/arrmore/type-nynaut?ArrNr=19860061
"Danseundervisning, Børn Linedance / Begynder",Linedance / Begynder,For dem der kender lidt til grundtrin.,Man. 11. maj 2026,18.05,https://www.kultunaut.dk/perl/arrmore/type-nynaut?ArrNr=19848507
Andet motionstilbud Mma - for alle,Mma - for alle,"Muay Thai og MMA træning for nye og erfarende udøvere. Holdet giver plads til at nørde basis-teknik, udvikle skills og skabe flow - uanset om du er helt ny eller allerede træner fast.",Man. 11. maj 2026,18.30,https://www.kultunaut.dk/perl/arrmore/type-nynaut?ArrNr=19848503
Gymnastik/aerobic Motionsherrer,Motionsherrer,Traditionel motionsgymnastik for herrer. Alle kan deltage uanset alder og skavanker. Holdet er meget socialt og har et godt sammenhold.,Man. 11. maj 2026,See description,https://www.kultunaut.dk/perl/arrmore/type-nynaut?ArrNr=19849486
Andet motionstilbud Kom og spil kegler - hver mandag aften (55+ år),Kom og spil kegler - hver mandag aften (55+ år),"HUSK indendørssko! Hvordan spiller man kegler?. Man starter med at indtage en ""startstilling"". Denne afhænger af hvilken teknik man bruger. Kaster man med to hænder, stiller man sig med spredte ben hen over linoleumsstykket.",Man. 11. maj 2026,See description,https://www.kultunaut.dk/perl/arrmore/type-nynaut?ArrNr=19848850
"Danseundervisning, Børn Linedance / Begynder +",Linedance / Begynder +,For dem der kender de fleste grundtrin.,Man. 11. maj 2026,19.10,https://www.kultunaut.dk/perl/arrmore/type-nynaut?ArrNr=19849600
Gymnastik/aerobic Rytme Quinder,Rytme Quinder,Moderne rytmegymnastik. Sæsonen afsluttes med ca. 3 opvisninger.,Man. 11. maj 2026,19.15,https://www.kultunaut.dk/perl/arrmore/type-nynaut?ArrNr=19848539
Andet boldspil Mixhold voksen,Mixhold voksen,"Fælles opvarmning hvor alle kan være med, øvelser og afslutter ofte med kamp. God stemning og fokus på at der er plads til alle.",Man. 11. maj 2026,19.15,https://www.kultunaut.dk/perl/arrmore/type-nynaut?ArrNr=19848706
Andre Film Hjem,Hjem,"Filmen tager sin begyndelse i 1991, på et tidspunkt, hvor hele Balkanregionen er i opløsning.",Man. 11. maj 2026,19.30,https://www.kultunaut.dk/perl/arrmore/type-nynaut?ArrNr=19823516
Andre Film Værn,Værn,"Sydsverige i begyndelsen af 70'erne. Den kolde krig er allestedsnærværende. Påvirket af de stærke billeder i brochuren 'Hvis krigen kommer', begynder landarbejderen og eneboeren Karl-Göran Persson at sikre sit hus.",Man. 11. maj 2026,See description,https://www.kultunaut.dk/perl/arrmore/type-nynaut?ArrNr=19919808
"Danseundervisning, Børn Linedance / Let øvet",Linedance / Let øvet,For dem der kan alle grundtrin og lyst til større udfordringer.,Man. 11. maj 2026,20.10,https://www.kultunaut.dk/perl/arrmore/type-nynaut?ArrNr=19849677
Thriller/Gyser Lee Cronin's The Mummy,Lee Cronin's The Mummy,"En ung pige forsvinder sporløst i ørkenen. Otte år senere bliver hendes knuste familie chokeret, da hun vender tilbage til dem. Det, der burde være en glædelig genforening, forvandles til et levende mareridt.",Man. 11. maj 2026,21.10,https://www.kultunaut.dk/perl/arrmore/type-nynaut?ArrNr=19923326
Action/Drama Mortal Kombat II,Mortal Kombat II,"De populære fanfavoritter - nu med selveste Johnny Cage på holdet - står over for hinanden i det ultimative opgør for at nedkæmpe Shao Kahns mørke herredømme, der truer selve Jordrigets eksistens og dets beskyttere.",Man. 11. maj 2026,21.15,https://www.kultunaut.dk/perl/arrmore/type-nynaut?ArrNr=19923325
Musik Kultur i Kirken,Kultur i Kirken,"Koncerter, fernisering og digtoplæsning fylder aftenen, når Kristkirken igen åbner dørene op for arrangementet Kultur i Kirken.",Tir. 12. maj 2026 17:00-21:00,17:00,https://www.kultunaut.dk/perl/arrmore/type-nynaut?ArrNr=19915424
Workshop Broderi og bobler,Broderi og bobler,"Maria fra Farveladeleg har planlagt et par timers hyggeligt broderi. Vi lærer flere forskellige sting og teknikker og får fifs og tricks til at komme godt i gang med broderi. Vi broderer et motiv sammen og følges ad, trin for trin.",Tir. 12. maj 2026 17:30 - 20:30,17:30,https://www.kultunaut.dk/perl/arrmore/type-nynaut?ArrNr=19909264
Foredrag Et forstyrret sind - Bag seriemorderens maske - Foredrag med criminal profiler Florence McLean,Et forstyrret sind - Bag seriemorderens maske - Foredrag med criminal profiler Florence McLean,"I sit nye, nervepirrende foredrag deler hun ud af mere end 20 års erfaring med både danske og internationale kriminalsager og inviterer dig helt tæt på de 10 personlighedsforstyrrelser som findes i det amerikanske diagnosesystem.",Tir. 12. maj 2026 19:00 - 21:00,19:00,https://www.kultunaut.dk/perl/arrmore/type-nynaut?ArrNr=19407568
Foredrag Foredrag med Florence McLean - Et forstyrret sind,Foredrag med Florence McLean - Et forstyrret sind,"Træd indenfor og tag plads i mørket, hvor criminal profiler, Florence McLean, står klar til at lade masken falde.

  Arrangeret af Original Talks.",Tir. 12. maj 2026 19:00 - 21:15,19:00,https://www.kultunaut.dk/perl/arrmore/type-nynaut?ArrNr=19802259
Andet motionstilbud Motionsgymnastik,Motionsgymnastik,"Har du lyst til at få rørt hele kroppen og få sved på panden, så er disse timer noget for dig. En gymnastiktime med højt humør og dejlig inspirerende musik. Men pas på, - du bliver hurtig afhængig !!!",Tir. 12. maj 2026,See description,https://www.kultunaut.dk/perl/arrmore/type-nynaut?ArrNr=19851717
Andet motionstilbud Bodybike,Bodybike,Fuld fart på pedalerne og gang i svedproduktionen. HUSK vand og spinningsko. Her er konditionstræning for alle pengene.,Tir. 12. maj 2026,09.30,https://www.kultunaut.dk/perl/arrmore/type-nynaut?ArrNr=19851460
Andre Film Børnebiffen - Filmpakke 3 - Fra 3 år,Børnebiffen - Filmpakke 3 - Fra 3 år,Fløjteløs. Instruktør: Siri Melchior. Historien finder sted i en farverig og trafikeret by fuld af mennesker og dyr. Alle er meget musikalske og kan fløjte undtagen den lille fugl Fløjteløs.,Tir. 12. maj 2026,See description,https://www.kultunaut.dk/perl/arrmore/type-nynaut?ArrNr=19792083
Fitness/styrketræning Styrke/ryg træning,Styrke/ryg træning,"Her styrkes alle kroppens muskler, så ryggen kan klare hverdagen. Husk måtte til gulvøvelser.",Tir. 12. maj 2026,See description,https://www.kultunaut.dk/perl/arrmore/type-nynaut?ArrNr=19851777
Gymnastik/aerobic Vandgymnastik,Vandgymnastik,"Træning i vand til god musik. Vi træner kroppens center, med fokus på ryg og mave, og bruger vandets modstand til at styrke alle kroppens muskler.",Tir. 12. maj 2026,See description,https://www.kultunaut.dk/perl/arrmore/type-nynaut?ArrNr=19851731
Fitness/styrketræning Intervaltræning,Intervaltræning,"Med et antal trænings skift, veksler man mellem øvelser for både styrke og kondition. Inden for kort tid opnår man stor effekt. Der er fuld fart på, og man får virkelig sved på panden og pulsen op. Så kom og prøv.",Tir. 12. maj 2026,See description,https://www.kultunaut.dk/perl/arrmore/type-nynaut?ArrNr=19852071
Tegnefilm/Animation Super Mario Galaxy Filmen,Super Mario Galaxy Filmen,Here we go. Again! Animationsfilmen 'Super Mario Galaxy Filmen' (The Super Mario Galaxy Movie) er fortsættelsen til Super Mario Bros. Filmen fra 2023 og denne gang bliver eventyret endnu større!,Tir. 12. maj 2026,11.30,https://www.kultunaut.dk/perl/arrmore/type-nynaut?ArrNr=19923294
Action/Drama Affektionsværdi,Affektionsværdi,"Det norske drama 'Affektionsværdi' følger søstrene Nora (Renate Reinsve) og Agnes (Inga Ibsdotter Lilleaas), som genforenes med deres far Gustav (Stellan Skarsgård) - en førhen ganske feteret instruktør, som drømmer om det store comeback.",Tir. 12. maj 2026,12.15,https://www.kultunaut.dk/perl/arrmore/type-nynaut?ArrNr=19887985
Familiefilm Fårbrydelsen,Fårbrydelsen,"I denne finurlige og nyskabende krimihistorie er George (Hugh Jackman) en fårehyrde, der hver aften læser detektivromaner højt for sine elskede får - overbevist om, at de umuligt kan forstå dem.",Tir. 12. maj 2026,12.30,https://www.kultunaut.dk/perl/arrmore/type-nynaut?ArrNr=19923300
Komedie/Romantik The Devil Wears Prada 2,The Devil Wears Prada 2,"""A sequel? For spring? Groundbreaking."". Filmen 'The Devil Wears Prada 2' er fortsættelsen til den elskede film fra 2006, The Devil Wears Prada.",Tir. 12. maj 2026,12.30,https://www.kultunaut.dk/perl/arrmore/type-nynaut?ArrNr=19888128
Action/Drama Michael,Michael,"Filmen 'Michael' skildrer en af de mest indflydelsesrige kunstnere nogensinde, Michael Jackson.",Tir. 12. maj 2026,12.45,https://www.kultunaut.dk/perl/arrmore/type-nynaut?ArrNr=19888130
Andet motionstilbud Kom og spil kegler (For alle niveauer - 55+ år),Kom og spil kegler (For alle niveauer - 55+ år),"HUSK indendørssko! Hvordan spiller man kegler?. Man starter med at indtage en ""startstilling"". Denne afhænger af hvilken teknik man bruger. Kaster man med to hænder, stiller man sig med spredte ben hen over linoleumsstykket.",Tir. 12. maj 2026,See description,https://www.kultunaut.dk/perl/arrmore/type-nynaut?ArrNr=19851697
Dokumentar Franz,Franz,"Filmen skildrer det gådefulde liv for Franz Kafka, fra hans ungdom i Prag til hans død i 1924. I stedet for at være en traditionel biografi er Franz sat op som en kalejdoskopisk mosaik af drømme, breve, fragmenter fra hans fiktion og historiske episoder.",Tir. 12. maj 2026,13.15,https://www.kultunaut.dk/perl/arrmore/type-nynaut?ArrNr=19919565
Action/Drama Dust Bunny,Dust Bunny,"Tiårige Aurora har en mystisk nabo (Mads Mikkelsen), som dræber virkelige monstre - han er lejemorder. Så da Aurora har brug for hjælp til at dræbe det monster, hun tror har spist hele hendes familie, hyrer hun ham.",Tir. 12. maj 2026,See description,https://www.kultunaut.dk/perl/arrmore/type-nynaut?ArrNr=19919992
Action/Drama De forbandede år 3 - Fredens pris,De forbandede år 3 - Fredens pris,"Året er 1945. Krigen er endelig slut. Danmark er frit, men splittet. Meget har ændret sig for familien Skov. Karl og Evas ægteskab er tyndslidt, og Eva beslutter at forlade sin mand.",Tir. 12. maj 2026,See description,https://www.kultunaut.dk/perl/arrmore/type-nynaut?ArrNr=19923333
"Sejlads/roning Fulton sejlads, Kolding","Fulton sejlads, Kolding","Tag madkurven til en tretimers sejlads med den 3-mastede skonnert 'Fulton af Marstal'.

  Arrangeret af Fulton af Marstal.",Tir. 12. maj 2026,See description,https://www.kultunaut.dk/perl/arrmore/type-nynaut?ArrNr=19809078
Andre Film Aftenvagt,Aftenvagt,"Floria (spillet af Leonie Benesch - mindst lige så fantastisk som i 'Lærerværelset') er en dedikeret sygeplejerske, der med urokkelig dedikation navigerer i det ubarmhjertige opskruet tempo på en kirurgisk afdeling på et hospital i Schweiz.",Tir. 12. maj 2026,See description,https://www.kultunaut.dk/perl/arrmore/type-nynaut?ArrNr=19919582
"Kampsporttræning, Børn Ninja kids - 4 til 7 år",Ninja kids - 4 til 7 år,"Er for børn i alderen 4 til ca. 7 år. Her bliver hovedsageligt trænet motorik, leget og ""tumlet"" på madrassen og der sluttes altid af med at ""bryde/slås for sjov"".",Tir. 12. maj 2026,16.30,https://www.kultunaut.dk/perl/arrmore/type-nynaut?ArrNr=19851691
Andet motionstilbud Bowling for ungdom (5-18 år),Bowling for ungdom (5-18 år),"Til vores træninger er timen delt op i 3 sektioner opvarmning/træningsøvelser/bowling & leg. Vi starter med en fælles opvarmning, for at få kroppen igang og klar til træningen.",Tir. 12. maj 2026,16.30,https://www.kultunaut.dk/perl/arrmore/type-nynaut?ArrNr=19851906
Gudstjeneste Gudstjeneste: Børnekirke i Vamdrup Kirke,Gudstjeneste: Børnekirke i Vamdrup Kirke,,Tir. 12. maj 2026,See description,https://www.kultunaut.dk/perl/arrmore/type-nynaut?ArrNr=19659592
"Kampsporttræning, Børn Begynderhold",Begynderhold,"Som nybegynder eller let øvet, går meget af træningen ud på at indøve de helt basale teknikker som stød, parader, spark og stillinger, samt de grundlæggende japanske termer, der bruges.",Tir. 12. maj 2026,See description,https://www.kultunaut.dk/perl/arrmore/type-nynaut?ArrNr=19851366
"Andet motionstilbud, Børn Realistisk selvforsvar for alle (9+ år)",Realistisk selvforsvar for alle (9+ år),Vi træner selvforsvar på mix hold tirsdage og torsdage fra kl 18:30 til 20:00 kom ned i klubben og prøv om det er noget for dig.,Tir. 12. maj 2026,18.30,https://www.kultunaut.dk/perl/arrmore/type-nynaut?ArrNr=19851689
Ketchersport Tennistræning for seniorer,Tennistræning for seniorer,"Niveau Beskrivelse. 1 Begynder. Har ikke tidligere modtaget træning og spillere som har spillet 1-2 sæsoner. Ønsker at lære de grundlæggende principper og teknik, og møde andre nystartede. 2 Let øvet.",Tir. 12. maj 2026,See description,https://www.kultunaut.dk/perl/arrmore/type-nynaut?ArrNr=19907502
"Ketchersport, Børn Prøv squash med koldings bedste",Prøv squash med koldings bedste,"Om tirsdagen er der altid fælles træning, og der er mulighed for at komme forbi og prøve det.",Tir. 12. maj 2026,See description,https://www.kultunaut.dk/perl/arrmore/type-nynaut?ArrNr=19851402
Fernisering Fernisering - Oplev kunst i mange former,Fernisering - Oplev kunst i mange former,"Udstillingen giver et unikt indblik i forskellige kunstneriske tilgange og materialer. Stemningsfulde malerier, jesmonite, keramik og hækleri.",Tir. 12. maj 2026,17:00,https://www.kultunaut.dk/perl/arrmore/type-nynaut?ArrNr=19915420
Klassisk Koncert med Kristkirkens Kantori og ungdomskor,Koncert med Kristkirkens Kantori og ungdomskor,Kristkirkens Kantori og Ungdomskor fylder kirkerummet med deres stemmer.,Tir. 12. maj 2026,17:00,https://www.kultunaut.dk/perl/arrmore/type-nynaut?ArrNr=19915428
"Ketchersport, Børn Tennis 5-8 årige",Tennis 5-8 årige,Udendørstræning: 1. Maj 2022 - 16. September 2022.,Tir. 12. maj 2026,17.15,https://www.kultunaut.dk/perl/arrmore/type-nynaut?ArrNr=19851956
"Kampsporttræning, Børn Begynder brydning - 7 til 13 år",Begynder brydning - 7 til 13 år,"Træningen består af kampleg, akrobatik, koordinationsøvelser samt bryde relaterede øvelser. Her læres at slå de mest basale brydegreb, og under træning får de også mulighed for at bryde rigtigt.",Tir. 12. maj 2026,17.30,https://www.kultunaut.dk/perl/arrmore/type-nynaut?ArrNr=19851510
"Andet motionstilbud, Børn Håndbold for herrer",Håndbold for herrer,Fordel med tidligere håndbolderfaring. Fokus på det sociale og spille god håndbold. Sæsonen starter i august og kører indtil april. Sommertræning i maj og juni.,Tir. 12. maj 2026,19.45,https://www.kultunaut.dk/perl/arrmore/type-nynaut?ArrNr=19851631
Gospel/Kor/Fællessang Koncert med South City Gospel Choir,Koncert med South City Gospel Choir,"Rytmer og glæde spreder sig, når South City Gospel Choir synger.",Tir. 12. maj 2026,18:00,https://www.kultunaut.dk/perl/arrmore/type-nynaut?ArrNr=19915423
"Kampsporttræning, Børn Hold 3 (13 år +)",Hold 3 (13 år +),"Vores største hold. Her er plads til både eliten, talenterne, og dem der bare gerne vil have sved på panden og lære at bryde. Teknik træningen slutte kl. 19.30 fra 19.30 til 20.00 er der Open Mat.",Tir. 12. maj 2026,18.30,https://www.kultunaut.dk/perl/arrmore/type-nynaut?ArrNr=19852112
Andet motionstilbud Krolf for alle - aften,Krolf for alle - aften,"Til træning der spiller vi 2-3 runder, vi har i alt 4 forskellige baner man kan komme og prøve. Det man får ud af det er: at møde nye mennesker, hyggeligt socialt samvær, venskaber for alle aldersgrupper. Man skal huske varmt tøj til tider.",Tir. 12. maj 2026,18.30,https://www.kultunaut.dk/perl/arrmore/type-nynaut?ArrNr=19851820
Andre Film Hjem,Hjem,"Filmen tager sin begyndelse i 1991, på et tidspunkt, hvor hele Balkanregionen er i opløsning.",Tir. 12. maj 2026,18.45,https://www.kultunaut.dk/perl/arrmore/type-nynaut?ArrNr=19891794
Action/Drama De Forbandede År 3 - Fredens pris - Dk. tekster,De Forbandede År 3 - Fredens pris - Dk. tekster,"Året er 1945. Krigen er endelig slut. Danmark er frit, men splittet. Meget har ændret sig for familien Skov, Karl og Evas ægteskab er tyndslidt, og Eva beslutter at forlade sin mand.",Tir. 12. maj 2026,See description,https://www.kultunaut.dk/perl/arrmore/type-nynaut?ArrNr=19920028
Andet motionstilbud Kegler for hele familien,Kegler for hele familien,"De fleste har prøvet bowling eller set spillet. Man kan godt sammenligne at spille bowling med kegler. Forskellen på disse 2 spil er, at kuglen er mindre i kegler, og uden huller til fingrene.",Tir. 12. maj 2026,See description,https://www.kultunaut.dk/perl/arrmore/type-nynaut?ArrNr=19851444
Gospel/Kor/Fællessang KoldingKoret Forårskoncert i Nicolai Scene,KoldingKoret Forårskoncert i Nicolai Scene,"Korsang med både danske forårssange, velkendte klassikere og nyere satser. Besøg af Johannes Hartmann Nygaard fra Kolding Kulturskoles Talentlinje, med indslag på guitar. Koret byder på et glas bobler samt små kager.",Tir. 12. maj 2026,19:30,https://www.kultunaut.dk/perl/arrmore/type-nynaut?ArrNr=19866145
Musik Kultur med Tune Jacobson og Jes Nedergaard Espersen,Kultur med Tune Jacobson og Jes Nedergaard Espersen,Gospelsangerinden Tune Jacobson og Jes Nedergaard Espersen jammer.,Tir. 12. maj 2026,19:35,https://www.kultunaut.dk/perl/arrmore/type-nynaut?ArrNr=19915425
Andet boldspil Seniortræning,Seniortræning,"Til vores bowlingtræninger er den sociale hygge i højsædet. Alle fra begyndere til øvede kan være med, og der mulighed for træningsøvelser eller en dyst mod andre bowlingspillere fra klubben.",Tir. 12. maj 2026,19.15,https://www.kultunaut.dk/perl/arrmore/type-nynaut?ArrNr=19851927
"Andet motionstilbud, Børn Håndbold for damer",Håndbold for damer,Kræver tidligere håndbolderfaring. Fokus på det sociale og spille god håndbold. Sæsonen starter i august og kører indtil april. Sommertræning i maj og juni.,Tir. 12. maj 2026,19.45,https://www.kultunaut.dk/perl/arrmore/type-nynaut?ArrNr=19852006
"Andet motionstilbud, Børn Grappling og Brazilian jiu-jitsu",Grappling og Brazilian jiu-jitsu,Grappling og BJJ for alle niveauer.,Tir. 12. maj 2026,See description,https://www.kultunaut.dk/perl/arrmore/type-nynaut?ArrNr=19851477
Musik MGK-koncert på Ewii House,MGK-koncert på Ewii House,"Oplev bredden, talentet og magien fra MGK Kolding - samlet i én eksklusiv koncert!",Tir. 12. maj 2026,20:00,https://www.kultunaut.dk/perl/arrmore/type-nynaut?ArrNr=19942814
Musik Koncert med Nanna Due Noer og Steffen Bay,Koncert med Nanna Due Noer og Steffen Bay,To af danmarks store gospelsangere gæster Kristkirken og fylder kirken med deres smukke sange.,Tir. 12. maj 2026,20:15,https://www.kultunaut.dk/perl/arrmore/type-nynaut?ArrNr=19915427
Dokumentar Billie Eilish - Hit Me Hard and Soft: The Tour,Billie Eilish - Hit Me Hard and Soft: The Tour,Optaget under hendes udsolgte verdensturné bringer Billie Eilish - HIT ME HARD AND SOFT: THE TOUR (LIVE IN 3D) en nyskabende koncertoplevelse til det store lærred fra en af sin generations mest anerkendte og succesfulde kunstnere.,Tir. 12. maj 2026,See description,https://www.kultunaut.dk/perl/arrmore/type-nynaut?ArrNr=19884568
Action/Drama Mortal Kombat II,Mortal Kombat II,"De populære fanfavoritter - nu med selveste Johnny Cage på holdet - står over for hinanden i det ultimative opgør for at nedkæmpe Shao Kahns mørke herredømme, der truer selve Jordrigets eksistens og dets beskyttere.",Tir. 12. maj 2026,21.15,https://www.kultunaut.dk/perl/arrmore/type-nynaut?ArrNr=19923298
Andre Film Iron Maiden: Burning Ambition,Iron Maiden: Burning Ambition,"""Iron Maiden: Burning Ambition"" fortæller historien om, hvordan Iron Maiden har været med til at forme en kulturel bevægelse og udfordre traditionelle opfattelser af rockmusik og heavy metals bredere samfundsmæssige og kulturelle betydning.",Tir. 12. maj 2026,21.15,https://www.kultunaut.dk/perl/arrmore/type-nynaut?ArrNr=19923313
Ekskursion Guidet tur i Christiansfeld - Verdensarv i særklasse,Guidet tur i Christiansfeld - Verdensarv i særklasse,Velkommen til UNESCO-byen Christiansfeld - en by med en enestående historie. Tag med os på en historisk byvandring gennem de smukke gader i Christiansfeld. Vores guide fortæller dig historier om Brødremenigheden og byens historie - fra grundlæggelsen og.,Ons. 13. maj 2026 13:30 - 15:00,13:30,https://www.kultunaut.dk/perl/arrmore/type-nynaut?ArrNr=19862229
Møder Pubquiz På Knuds garage,Pubquiz På Knuds garage,"Hver Onsdag kl 20, kan du komme på Knuds Garage og få din paratviden udfordret.",Ons. 13. maj 2026 20:00 - 23:00,20:00,https://www.kultunaut.dk/perl/arrmore/type-nynaut?ArrNr=19531936
Ketchersport Pickleball,Pickleball,"Er en ketsjersport, der spilles med en let bold og et paddle (hårdt bat). Pickleball spilles på en bane i badmintonstørrelse, med tennis-lignende net. Der er elementer fra andre ketsjer/ bat spil - som tennis, squash, badminton og bordtennis.",Ons. 13. maj 2026,See description,https://www.kultunaut.dk/perl/arrmore/type-nynaut?ArrNr=19853092
Gymnastik/aerobic Vandgymnastik,Vandgymnastik,"Træning i vand til god musik. Vi træner kroppens center, med fokus på ryg og mave, og bruger vandets modstand til at styrke alle kroppens muskler.",Ons. 13. maj 2026,See description,https://www.kultunaut.dk/perl/arrmore/type-nynaut?ArrNr=19853497
Gymnastik/aerobic Motionsgymnastik i Arena Syd VAMDRUP,Motionsgymnastik i Arena Syd VAMDRUP,"Har du lyst til at få rørt hele kroppen og få sved på panden, så er disse timer noget for dig. En gymnastiktime med højt humør og dejlig inspirerende musik. Men pas på, - du bliver hurtig afhængig !!!",Ons. 13. maj 2026,See description,https://www.kultunaut.dk/perl/arrmore/type-nynaut?ArrNr=19853662
Baby/barsel Babysalmesang,Babysalmesang,"Sammen vil vi synge, nynne, danse, vugge, og lytte os igennem velkendte sange og salmer i en afslappet og rolig atmosfære. Vi vil puste sæbebobler og spille på rasleæg, og meget mere. Vi vil bruge vores krop og vores stemme.",Ons. 13. maj 2026,See description,https://www.kultunaut.dk/perl/arrmore/type-nynaut?ArrNr=19692381
Andre Film Børnebiffen - Filmpakke 3 fra 4 år,Børnebiffen - Filmpakke 3 fra 4 år,"Den alt for lille prins. Instruktør: Zoia Trofimova. Den lille prins er i gang med forårsrengøringen. Alt skal med, inde som ude. Solen skal også have en tur - selv om den er langt væk. Det kræver mange forsøg, men lykkes til sidst.",Ons. 13. maj 2026,See description,https://www.kultunaut.dk/perl/arrmore/type-nynaut?ArrNr=19792366
Andet motionstilbud Krolf,Krolf,"Vi spiller krolf fra april til og med juni måned og igen fra august til oktober. Der er køller og bolde til udlån - og vi opfordrer ALLE der har lyst, til at komme og prøve.",Ons. 13. maj 2026,See description,https://www.kultunaut.dk/perl/arrmore/type-nynaut?ArrNr=19853233
Andet boldspil Petanque,Petanque,"Kolding KFUM Senioridræt er er forening for senior der kan være aktive om dagen. Alle kan deltage og der lægges stor vægt på det sociale, så der er altid kaffepause. Der er kugle at spille med, så sørg for påklædning der passer til vejret.",Ons. 13. maj 2026,See description,https://www.kultunaut.dk/perl/arrmore/type-nynaut?ArrNr=19853570
Danseundervisning Let's dance i arena syd vamdrup,Let's dance i arena syd vamdrup,"Ved brug af den skønne musik sammen med enkelte dansetrin kommer forbrændingen i vejret og kroppen fyldes med energi - samtidig med at det er sjovt og nemt at lære- Alle kan være med - unge som ældre, mænd og kvinder.",Ons. 13. maj 2026,10.15,https://www.kultunaut.dk/perl/arrmore/type-nynaut?ArrNr=19853379
Andet motionstilbud Funktionel / balancetræning,Funktionel / balancetræning,"Funktionel træning fokuserer på naturlige bevægelser, som den menneskelige krop allerede er skabt til at lave. Bevægelser som at løfte, trække, rotere eller skubbe, er bevægelser som vi allerede laver, eller kan få brug for i dagligdagen.",Ons. 13. maj 2026,10.30,https://www.kultunaut.dk/perl/arrmore/type-nynaut?ArrNr=19853394
Andet motionstilbud Vandgymnastik i Kongeåbadet VAMDRUP,Vandgymnastik i Kongeåbadet VAMDRUP,"Træning i vand til god musik. Vi træner kroppens center, med fokus på ryg og mave, og bruger vandets modstand til at styrke alle kroppens muskler.",Ons. 13. maj 2026,See description,https://www.kultunaut.dk/perl/arrmore/type-nynaut?ArrNr=19853474
Tegnefilm/Animation Ustoppelig,Ustoppelig,"Filmen vises med dansk tale. 'Ustoppelig' er en actionfyldt animationsfilm med de mindste helte, du nogensinde har set. Kaja er en ustoppelig lille celle, der bor i nyrerne på tiårige Erik.",Ons. 13. maj 2026,11.30,https://www.kultunaut.dk/perl/arrmore/type-nynaut?ArrNr=19923293
Familiefilm Fårbrydelsen,Fårbrydelsen,"I denne finurlige og nyskabende krimihistorie er George (Hugh Jackman) en fårehyrde, der hver aften læser detektivromaner højt for sine elskede får - overbevist om, at de umuligt kan forstå dem.",Ons. 13. maj 2026,11.30,https://www.kultunaut.dk/perl/arrmore/type-nynaut?ArrNr=19923286
Action/Drama Affektionsværdi,Affektionsværdi,"Det norske drama 'Affektionsværdi' følger søstrene Nora (Renate Reinsve) og Agnes (Inga Ibsdotter Lilleaas), som genforenes med deres far Gustav (Stellan Skarsgård) - en førhen ganske feteret instruktør, som drømmer om det store comeback.",Ons. 13. maj 2026,See description,https://www.kultunaut.dk/perl/arrmore/type-nynaut?ArrNr=19916948
Andre Film Hjem,Hjem,"Filmen tager sin begyndelse i 1991, på et tidspunkt, hvor hele Balkanregionen er i opløsning.",Ons. 13. maj 2026,12.30,https://www.kultunaut.dk/perl/arrmore/type-nynaut?ArrNr=19923290
Komedie/Romantik The Devil Wears Prada 2,The Devil Wears Prada 2,"""A sequel? For spring? Groundbreaking."". Filmen 'The Devil Wears Prada 2' er fortsættelsen til den elskede film fra 2006, The Devil Wears Prada.",Ons. 13. maj 2026,12.30,https://www.kultunaut.dk/perl/arrmore/type-nynaut?ArrNr=19923311
Action/Drama Michael,Michael,"Filmen 'Michael' skildrer en af de mest indflydelsesrige kunstnere nogensinde, Michael Jackson.",Ons. 13. maj 2026,12.45,https://www.kultunaut.dk/perl/arrmore/type-nynaut?ArrNr=19916918
Action/Drama De Forbandede År 3 - Fredens pris - Dk. tekster,De Forbandede År 3 - Fredens pris - Dk. tekster,"Året er 1945. Krigen er endelig slut. Danmark er frit, men splittet. Meget har ændret sig for familien Skov, Karl og Evas ægteskab er tyndslidt, og Eva beslutter at forlade sin mand.",Ons. 13. maj 2026,See description,https://www.kultunaut.dk/perl/arrmore/type-nynaut?ArrNr=19919243
Action/Drama Dust Bunny,Dust Bunny,"Tiårige Aurora har en mystisk nabo (Mads Mikkelsen), som dræber virkelige monstre - han er lejemorder. Så da Aurora har brug for hjælp til at dræbe det monster, hun tror har spist hele hendes familie, hyrer hun ham.",Ons. 13. maj 2026,13.30,https://www.kultunaut.dk/perl/arrmore/type-nynaut?ArrNr=19920006
Tegnefilm/Animation Super Mario Galaxy Filmen,Super Mario Galaxy Filmen,Here we go. Again! Animationsfilmen 'Super Mario Galaxy Filmen' (The Super Mario Galaxy Movie) er fortsættelsen til Super Mario Bros. Filmen fra 2023 og denne gang bliver eventyret endnu større!,Ons. 13. maj 2026,See description,https://www.kultunaut.dk/perl/arrmore/type-nynaut?ArrNr=19923306
Skydning Bueskydning,Bueskydning,Vi skyder med bue og pile mod en skive. Det kræver stor koncentration når man skyder. Man kommer til hallen (hal 2 i Pulzion) og bliver mødt af en der tager sig af dig. Du vil blive introduceret for alle så i ved hvem i er.,Ons. 13. maj 2026,14.20,https://www.kultunaut.dk/perl/arrmore/type-nynaut?ArrNr=19853155
Omvisning Rundvisning - Harteværket,Rundvisning - Harteværket,"Oplev historien for opførelsen af Danmarks første vandkraftværk, som blev indviet i 1920. En utrolig spændende historie, som også i fremtiden vil have en vigtig rolle for Kolding i forbindelse med de klimatilpasninger, som er forberedt på Harteværket.",Ons. 13. maj 2026,See description,https://www.kultunaut.dk/perl/arrmore/type-nynaut?ArrNr=19701260
Action/Drama De forbandede år 3 - Fredens pris,De forbandede år 3 - Fredens pris,"Året er 1945. Krigen er endelig slut. Danmark er frit, men splittet. Meget har ændret sig for familien Skov. Karl og Evas ægteskab er tyndslidt, og Eva beslutter at forlade sin mand.",Ons. 13. maj 2026,15.30,https://www.kultunaut.dk/perl/arrmore/type-nynaut?ArrNr=19923316
Andre Film Aphaca - Brug for hinanden,Aphaca - Brug for hinanden,"Er et nærværende og intimt portræt af fire drenge, der tager hele Danmark med storm. En film fyldt med håb og drømme midt i en larmende verden, hvor vi har brug for hinanden. En film om Aphaca.",Ons. 13. maj 2026,See description,https://www.kultunaut.dk/perl/arrmore/type-nynaut?ArrNr=19919153
"Ketchersport, Børn Tennistræning for juniorer mellem 7 og 17 år",Tennistræning for juniorer mellem 7 og 17 år,"Gå til tennis hos KIF Tennis og få gratis træning. Nu starter vi igen hold for juniorer - et for 7-11 årige og et for 12-15 årige. Vi har et super godt trænerteam, og et godt fællesskab.",Ons. 13. maj 2026,See description,https://www.kultunaut.dk/perl/arrmore/type-nynaut?ArrNr=19908288
Dokumentar Billie Eilish - Hit Me Hard and Soft: The Tour,Billie Eilish - Hit Me Hard and Soft: The Tour,Optaget under hendes udsolgte verdensturné bringer Billie Eilish - HIT ME HARD AND SOFT: THE TOUR (LIVE IN 3D) en nyskabende koncertoplevelse til det store lærred fra en af sin generations mest anerkendte og succesfulde kunstnere.,Ons. 13. maj 2026,16.20,https://www.kultunaut.dk/perl/arrmore/type-nynaut?ArrNr=19923307
"Danseundervisning, Børn Linedance/ Absolut Begynder",Linedance/ Absolut Begynder,For dem der aldrig har prøvet før.,Ons. 13. maj 2026,17.55,https://www.kultunaut.dk/perl/arrmore/type-nynaut?ArrNr=19853287
Løbetræning/jogging Løbetræning,Løbetræning,"Vi løber mandag og onsdag klokken 17 samt lørdag klokken 10 fra Bøgelund, Bramdrup. Skovvej 40. Kom i god tid - vi starter præcis. Du kan deltage 3-4 gange før du melder dig ind i klubben. Lavt kontingent - 300 kroner for et kalenderår.",Ons. 13. maj 2026,18.30,https://www.kultunaut.dk/perl/arrmore/type-nynaut?ArrNr=19920601
"Andet motionstilbud, Børn Hockey for voksne med særlige behov",Hockey for voksne med særlige behov,"Til hockey er der plads til alle uanset niveau. Efter en god opvarmning, træner vi med hockeystave og puck, hvor vi øver i at skyde til hinanden samt at skyde på mål. Hvis du ikke har prøvet at spille hockey før, skal du nok blive sat ind i reglerne.",Ons. 13. maj 2026,See description,https://www.kultunaut.dk/perl/arrmore/type-nynaut?ArrNr=19853604
Møder Brætspilsklubben,Brætspilsklubben,"Elsker du brætspil, og mangler du et hyggeligt fællesskab at spille sammen med?",Ons. 13. maj 2026,20.30,https://www.kultunaut.dk/perl/arrmore/type-nynaut?ArrNr=19336153
Møder Voksenfritteren,Voksenfritteren,"Er et fællesskab for voksne, der elsker at hygge og være kreative sammen.",Ons. 13. maj 2026,See description,https://www.kultunaut.dk/perl/arrmore/type-nynaut?ArrNr=19553686
Gudstjeneste Andagt før rådsmøde,Andagt før rådsmøde,,Ons. 13. maj 2026,18.15,https://www.kultunaut.dk/perl/arrmore/type-nynaut?ArrNr=19358945
Gymnastik/aerobic Motionsmix,Motionsmix,Sjov motionsgymnastik for både damer og herrer. Alle kan deltage uanset alder og skavanker.,Ons. 13. maj 2026,See description,https://www.kultunaut.dk/perl/arrmore/type-nynaut?ArrNr=19853423
"Danseundervisning, Børn Linedance / Begynder",Linedance / Begynder,For dem der kender lidt til grundtrin.,Ons. 13. maj 2026,18.05,https://www.kultunaut.dk/perl/arrmore/type-nynaut?ArrNr=19853465
Action/Drama Top Gun 40th Anniversary,Top Gun 40th Anniversary,"""Talk to me, Goose"". Genoplev den elskede actionklassiker 'Top Gun' på det store lærred i anledning af filmens 40-års jubilæum.",Ons. 13. maj 2026,18.15,https://www.kultunaut.dk/perl/arrmore/type-nynaut?ArrNr=19945209
Show/stand up Mahamad Habane,Mahamad Habane,"Højpandet. Dato: 13.05.2026 kl. 18.30 - Doors til salen kl. 18.00. Højpandet er et show, der kombinerer eftertænksomhed med humor, når Mahamad stopper op og spørger; Hvorfor gør vi egentlig, som vi gør?",Ons. 13. maj 2026,18.30,https://www.kultunaut.dk/perl/arrmore/type-nynaut?ArrNr=19864353
Dokumentar Aphaca: Brug for hinanden,Aphaca: Brug for hinanden,"Siden 8. klasse har Bertram, Bertil, Rumle og Noah har haft et band, der netop har fået en pladekontrakt.",Ons. 13. maj 2026,18.30,https://www.kultunaut.dk/perl/arrmore/type-nynaut?ArrNr=19786772
"Kampsporttræning, Børn Karate unge (13+) og voksne",Karate unge (13+) og voksne,"Hvad er karate?. Karate er først og fremmest selvforsvar! Når vi træner, så passer vi godt på hinanden. Men når man først er lidt øvet, så går vi tæt på hinanden - og man kan godt få et blåt mærke med hjem.",Ons. 13. maj 2026,18.30,https://www.kultunaut.dk/perl/arrmore/type-nynaut?ArrNr=19853142
Andet motionstilbud Krolf for alle - aften,Krolf for alle - aften,"Til træning der spiller vi 2-3 runder, vi har i alt 4 forskellige baner man kan komme og prøve. Det man får ud af det er: at møde nye mennesker, hyggeligt socialt samvær, venskaber for alle aldersgrupper. Man skal huske varmt tøj til tider.",Ons. 13. maj 2026,18.30,https://www.kultunaut.dk/perl/arrmore/type-nynaut?ArrNr=19853480
Andre Film The Master N,The Master N,Dette er et event hvor Casper Christensen fra Filmnørdens Hjørne introducerer filmen. Vær derfor på plads i salen til tiden. Købte billetter til denne forestilling kan ikke refunderes.,Ons. 13. maj 2026,See description,https://www.kultunaut.dk/perl/arrmore/type-nynaut?ArrNr=19720482
Action/Drama Aftenvagt,Aftenvagt,"Floria (spillet af Leonie Benesch - mindst lige så fantastisk som i 'Lærerværelset') er en dedikeret sygeplejerske, der med urokkelig dedikation navigerer i det ubarmhjertige opskruet tempo på en kirurgisk afdeling på et hospital i Schweiz.",Ons. 13. maj 2026,See description,https://www.kultunaut.dk/perl/arrmore/type-nynaut?ArrNr=19920387
Action/Drama In the Grey,In the Grey,Et hemmeligt hold af eliteagenter lever i skyggerne.,Ons. 13. maj 2026,See description,https://www.kultunaut.dk/perl/arrmore/type-nynaut?ArrNr=19923314
Undervisning Vamdrup: Få det bedre med klang og gongbad,Vamdrup: Få det bedre med klang og gongbad,Tid til ro med Klangbad i Helsecenteret: Få det bedre. Fredag d. 6. februar Kl. 17:00-18:30Bønstrupvej 11 i VamdrupTilmelding på mobil 60 661 631 ellerTryk her >>. Hvad siger deltagere om klang og gong bad med Anne Viese?,Ons. 13. maj 2026,See description,https://www.kultunaut.dk/perl/arrmore/type-nynaut?ArrNr=19641221
Andet motionstilbud Gratis badminton Spilfællesskab,Gratis badminton Spilfællesskab,Kolding KFUM Badminton inviterer hver onsdag i maj fra 19.00 - 21.00 til gratis åben spilfællesskab! Alle er velkomne til at komme og spille med. Spilfællesskabet er gratis.,Ons. 13. maj 2026,See description,https://www.kultunaut.dk/perl/arrmore/type-nynaut?ArrNr=19916014
"Danseundervisning, Børn Linedance / Letøvet",Linedance / Letøvet,For dem der kender alle grundtrin og har lyst til større udfordringer.,Ons. 13. maj 2026,20.10,https://www.kultunaut.dk/perl/arrmore/type-nynaut?ArrNr=19853209
Action/Drama Mortal Kombat II,Mortal Kombat II,"De populære fanfavoritter - nu med selveste Johnny Cage på holdet - står over for hinanden i det ultimative opgør for at nedkæmpe Shao Kahns mørke herredømme, der truer selve Jordrigets eksistens og dets beskyttere.",Ons. 13. maj 2026,See description,https://www.kultunaut.dk/perl/arrmore/type-nynaut?ArrNr=19923324
Folk/Vise/Country AySay,AySay,"Med deres levende koncerter og unikke kulturelle udtryk fortsætter AySay med at tryllebinde publikum og udvide forståelsen af, hvad populærmusik kan være. AySay er et band, der forener anatolske folke.",Tor. 14. maj 2026,See description,https://www.kultunaut.dk/perl/arrmore/type-nynaut?ArrNr=19273409
Løb/atletikstævne Løb for SIND(et) 2026,Løb for SIND(et) 2026,,Tor. 14. maj 2026,See description,https://www.kultunaut.dk/perl/arrmore/type-nynaut?ArrNr=19544853
"Natur Sanketur ved Marielundskoven, Kolding","Sanketur ved Marielundskoven, Kolding","Tag med Bjarkes Vilde Mad til Marielundskoven på en forårs urtetur, hvor du oplever glæden ved at sanke urter og får viden om deres mangfoldighed.",Tor. 14. maj 2026 10:00-13.00,10:00,https://www.kultunaut.dk/perl/arrmore/type-nynaut?ArrNr=19915383
Klassisk Concerto Copenhagen med Viva Vivaldi,Concerto Copenhagen med Viva Vivaldi,"Concerto Copenhagen bringer Vivaldis musik til live på Koldinghus. Oplev de værker, der gjorde ham verdensberømt, fra Venedig til det danske hof, i en koncert fyldt med virtuositet, farver og barokkens sprudlende energi.",Tor. 14. maj 2026 16:00-17:30,16:00,https://www.kultunaut.dk/perl/arrmore/type-nynaut?ArrNr=19904456
Gudstjeneste Kristi himmelfartsdag - gudstjeneste ved Helle Torp,Kristi himmelfartsdag - gudstjeneste ved Helle Torp,,Tor. 14. maj 2026,See description,https://www.kultunaut.dk/perl/arrmore/type-nynaut?ArrNr=19665305
Gudstjeneste Gudstjeneste: Kristi himmelfarts dag,Gudstjeneste: Kristi himmelfarts dag,,Tor. 14. maj 2026,See description,https://www.kultunaut.dk/perl/arrmore/type-nynaut?ArrNr=19694578
Gudstjeneste Gudstjeneste,Gudstjeneste,,Tor. 14. maj 2026,09.45,https://www.kultunaut.dk/perl/arrmore/type-nynaut?ArrNr=19757712
Andet motionstilbud Krolfspil for senior,Krolfspil for senior,"Krolf er et rigtig hyggelig spil, hvor alle kan deltage. Det er en blanding af golf og kroket. Praktisk påklædning efter vejret, gerne kraftige sko eller i regnvejr gummistøvler.",Tor. 14. maj 2026,09.30,https://www.kultunaut.dk/perl/arrmore/type-nynaut?ArrNr=19856266
Undervisning Kolding: kursus i klangskåle - modul 1 a - med Anne Viese,Kolding: kursus i klangskåle - modul 1 a - med Anne Viese,"Torsdag er der nymåne klangbad. Vi har fokus på det nye vi skal sætte i gang, det nye vi omgiver os med - foråret og meget andet der snart spirer frem.",Tor. 14. maj 2026,09.30,https://www.kultunaut.dk/perl/arrmore/type-nynaut?ArrNr=19697392
Tegnefilm/Animation Dragens vogter,Dragens vogter,"I det gamle Kina opdager den unge pige Ping, at hun er skæbnebestemt til at beskytte den sidste levende drage og et mystisk æg, der bærer håbet for hele dragens slægt.",Tor. 14. maj 2026,See description,https://www.kultunaut.dk/perl/arrmore/type-nynaut?ArrNr=19951917
Tegnefilm/Animation Ustoppelig,Ustoppelig,"Filmen vises med dansk tale. 'Ustoppelig' er en actionfyldt animationsfilm med de mindste helte, du nogensinde har set. Kaja er en ustoppelig lille celle, der bor i nyrerne på tiårige Erik.",Tor. 14. maj 2026,See description,https://www.kultunaut.dk/perl/arrmore/type-nynaut?ArrNr=19952378
Gudstjeneste Gudstjeneste: Karen Blixen Konfirmation,Gudstjeneste: Karen Blixen Konfirmation,Konfirmation af elever fra Karen Blixen-skolen.,Tor. 14. maj 2026,See description,https://www.kultunaut.dk/perl/arrmore/type-nynaut?ArrNr=19808645
Gudstjeneste Familiegudstjeneste Kristi Himmelfartsdag,Familiegudstjeneste Kristi Himmelfartsdag,,Tor. 14. maj 2026,10.30,https://www.kultunaut.dk/perl/arrmore/type-nynaut?ArrNr=19724827
Familiefilm Fårbrydelsen,Fårbrydelsen,"I denne finurlige og nyskabende krimihistorie er George (Hugh Jackman) en fårehyrde, der hver aften læser detektivromaner højt for sine elskede får - overbevist om, at de umuligt kan forstå dem.",Tor. 14. maj 2026,10.30,https://www.kultunaut.dk/perl/arrmore/type-nynaut?ArrNr=19954490
Tegnefilm/Animation Super Mario Galaxy Filmen,Super Mario Galaxy Filmen,Here we go. Again! Animationsfilmen 'Super Mario Galaxy Filmen' (The Super Mario Galaxy Movie) er fortsættelsen til Super Mario Bros. Filmen fra 2023 og denne gang bliver eventyret endnu større!,Tor. 14. maj 2026,10.30,https://www.kultunaut.dk/perl/arrmore/type-nynaut?ArrNr=19951911
Gudstjeneste Gudstjeneste 10.30,Gudstjeneste 10.30,V/Iben Munkgaard Davids.,Tor. 14. maj 2026,10.30,https://www.kultunaut.dk/perl/arrmore/type-nynaut?ArrNr=19665558
Gudstjeneste Kristi Himmelfarts gudstjeneste,Kristi Himmelfarts gudstjeneste,,Tor. 14. maj 2026,10.30,https://www.kultunaut.dk/perl/arrmore/type-nynaut?ArrNr=19665610
Gudstjeneste Fælles gudstjeneste i Vamdrup Kirke,Fælles gudstjeneste i Vamdrup Kirke,,Tor. 14. maj 2026,10.30,https://www.kultunaut.dk/perl/arrmore/type-nynaut?ArrNr=19665652
Gudstjeneste Gudstjeneste: Kristi Himmelfarts Dag,Gudstjeneste: Kristi Himmelfarts Dag,,Tor. 14. maj 2026,10.30,https://www.kultunaut.dk/perl/arrmore/type-nynaut?ArrNr=19712531
Gudstjeneste Tyrstrup gudstjeneste (Kristi himmelfart),Tyrstrup gudstjeneste (Kristi himmelfart),Gudstjeneste v/Liv Marit Tjelle Holm.,Tor. 14. maj 2026,10.30,https://www.kultunaut.dk/perl/arrmore/type-nynaut?ArrNr=19727927
Gudstjeneste Højmesse ved Katrine Papsø Madsen,Højmesse ved Katrine Papsø Madsen,,Tor. 14. maj 2026,10.30,https://www.kultunaut.dk/perl/arrmore/type-nynaut?ArrNr=19763978
Gudstjeneste Kristi himmelfarts-gudstjeneste,Kristi himmelfarts-gudstjeneste,,Tor. 14. maj 2026,10.30,https://www.kultunaut.dk/perl/arrmore/type-nynaut?ArrNr=19934126
Gudstjeneste Højmesse ved Karina Steinecke Dahlmann,Højmesse ved Karina Steinecke Dahlmann,,Tor. 14. maj 2026,10.30,https://www.kultunaut.dk/perl/arrmore/type-nynaut?ArrNr=19665244
Gudstjeneste Rytmisk gudstjeneste i Kristkirken ved Jes Nedergaard Espersen,Rytmisk gudstjeneste i Kristkirken ved Jes Nedergaard Espersen,,Tor. 14. maj 2026,10.30,https://www.kultunaut.dk/perl/arrmore/type-nynaut?ArrNr=19665278
Gudstjeneste Gudstjeneste Ødis,Gudstjeneste Ødis,,Tor. 14. maj 2026,10.30,https://www.kultunaut.dk/perl/arrmore/type-nynaut?ArrNr=19912501
Komedie/Romantik The Devil Wears Prada 2,The Devil Wears Prada 2,"""A sequel? For spring? Groundbreaking."". Filmen 'The Devil Wears Prada 2' er fortsættelsen til den elskede film fra 2006, The Devil Wears Prada.",Tor. 14. maj 2026,See description,https://www.kultunaut.dk/perl/arrmore/type-nynaut?ArrNr=19916835
Action/Drama Michael,Michael,"Filmen 'Michael' skildrer en af de mest indflydelsesrige kunstnere nogensinde, Michael Jackson.",Tor. 14. maj 2026,12.45,https://www.kultunaut.dk/perl/arrmore/type-nynaut?ArrNr=19916689
Dokumentar Billie Eilish - Hit Me Hard and Soft: The Tour,Billie Eilish - Hit Me Hard and Soft: The Tour,Optaget under hendes udsolgte verdensturné bringer Billie Eilish - HIT ME HARD AND SOFT: THE TOUR (LIVE IN 3D) en nyskabende koncertoplevelse til det store lærred fra en af sin generations mest anerkendte og succesfulde kunstnere.,Tor. 14. maj 2026,12.50,https://www.kultunaut.dk/perl/arrmore/type-nynaut?ArrNr=19962417
Action/Drama De Forbandede År 3 - Fredens pris - Dk. tekster,De Forbandede År 3 - Fredens pris - Dk. tekster,"Året er 1945. Krigen er endelig slut. Danmark er frit, men splittet. Meget har ændret sig for familien Skov, Karl og Evas ægteskab er tyndslidt, og Eva beslutter at forlade sin mand.",Tor. 14. maj 2026,See description,https://www.kultunaut.dk/perl/arrmore/type-nynaut?ArrNr=19919177
Action/Drama Affektionsværdi,Affektionsværdi,Joachim Triers nyeste film vandt Grand Prix i Cannes og har nu slået nordisk rekord med hele 9 Oscar-nomineringer!,Tor. 14. maj 2026,13.30,https://www.kultunaut.dk/perl/arrmore/type-nynaut?ArrNr=19947451
Action/Drama De forbandede år 3 - Fredens pris,De forbandede år 3 - Fredens pris,"Året er 1945. Krigen er endelig slut. Danmark er frit, men splittet. Meget har ændret sig for familien Skov. Karl og Evas ægteskab er tyndslidt, og Eva beslutter at forlade sin mand.",Tor. 14. maj 2026,15.30,https://www.kultunaut.dk/perl/arrmore/type-nynaut?ArrNr=19954618
Action/Drama In the Grey,In the Grey,Et hemmeligt hold af eliteagenter lever i skyggerne.,Tor. 14. maj 2026,15.45,https://www.kultunaut.dk/perl/arrmore/type-nynaut?ArrNr=19953744
Andre Film Aftenvagt,Aftenvagt,"Floria (spillet af Leonie Benesch - mindst lige så fantastisk som i 'Lærerværelset') er en dedikeret sygeplejerske, der med urokkelig dedikation navigerer i det ubarmhjertige opskruet tempo på en kirurgisk afdeling på et hospital i Schweiz.",Tor. 14. maj 2026,See description,https://www.kultunaut.dk/perl/arrmore/type-nynaut?ArrNr=19919889
"Andet motionstilbud, Børn Kolding Børnehøjskole",Kolding Børnehøjskole,"På Kolding Børnehøjskole tilbyder vi kurser, hvor børn kan fordybe sig og lære noget om det, som de er sammen om. Vores mål er at gøre verden større for de mindste. Vi tror på, at selv store ting kan skabes i det små, og af de små.",Tor. 14. maj 2026,See description,https://www.kultunaut.dk/perl/arrmore/type-nynaut?ArrNr=19856154
"Andet motionstilbud, Børn U7 mix",U7 mix,En tryg og sjov start på dit barns håndboldeventyr. Medbring sko og tøj man kan bevæge sig i.,Tor. 14. maj 2026,17.45,https://www.kultunaut.dk/perl/arrmore/type-nynaut?ArrNr=19856548
"Kampsporttræning, Børn Begynderhold",Begynderhold,"Som nybegynder eller let øvet, går meget af træningen ud på at indøve de helt basale teknikker som stød, parader, spark og stillinger, samt de grundlæggende japanske termer, der bruges.",Tor. 14. maj 2026,See description,https://www.kultunaut.dk/perl/arrmore/type-nynaut?ArrNr=19856443
"Ketchersport, Børn Tennis 5-8 årige",Tennis 5-8 årige,Udendørstræning: 1. Maj 2022 - 16. September 2022.,Tor. 14. maj 2026,17.15,https://www.kultunaut.dk/perl/arrmore/type-nynaut?ArrNr=19856103
"Kampsporttræning, Børn Begynder brydning - 7 til 13 år",Begynder brydning - 7 til 13 år,"Træningen består af leg, motorik/akrobatik, koordinationsøvelser samt bryde relaterede øvelser. Her læres at slå de mest basale brydegreb, og under træning får de også mulighed for at bryde rigtigt.",Tor. 14. maj 2026,17.30,https://www.kultunaut.dk/perl/arrmore/type-nynaut?ArrNr=19856340
"Ketchersport, Børn Junior squash for alle 6-16 årige",Junior squash for alle 6-16 årige,Mangler din søn eller datter en ny sportsgren?. SÅ ER DET SQUASH! Squash er sjovt for alle aldre - squash er blandt verdens sundeste sportsgrene & squash er motion!,Tor. 14. maj 2026,17.30,https://www.kultunaut.dk/perl/arrmore/type-nynaut?ArrNr=19856095
"Danseundervisning, Børn Linedance / Øvet",Linedance / Øvet,For dem der kan alle grundtrin og lyst til større udfordringer.,Tor. 14. maj 2026,17.30,https://www.kultunaut.dk/perl/arrmore/type-nynaut?ArrNr=19856466
Fodboldtræning Fodbold alle torsdage kl. 18.00,Fodbold alle torsdage kl. 18.00,"Vi er en flok gamle gutter, der spiller fodbold for sjov, vores ældste mand er 87 år -yngste 38. Vi hedder KIF Oldboys, men langt de fleste har tidligere spillet i andre klubber, flere har aldrig spillet fodbold i en klub før KIF Oldboys.",Tor. 14. maj 2026,See description,https://www.kultunaut.dk/perl/arrmore/type-nynaut?ArrNr=19856268
"Andet motionstilbud, Børn Håndbold for damer",Håndbold for damer,Kræver tidligere håndbolderfaring. Fokus på det sociale og spille god håndbold. Sæsonen starter i august og kører indtil april. Sommertræning i maj og juni.,Tor. 14. maj 2026,19.45,https://www.kultunaut.dk/perl/arrmore/type-nynaut?ArrNr=19856410
Action/Drama Top Gun 40th Anniversary,Top Gun 40th Anniversary,"""Talk to me, Goose"". Genoplev den elskede actionklassiker 'Top Gun' på det store lærred i anledning af filmens 40-års jubilæum.",Tor. 14. maj 2026,18.30,https://www.kultunaut.dk/perl/arrmore/type-nynaut?ArrNr=19952996
Dokumentar Aphaca: Brug for hinanden,Aphaca: Brug for hinanden,"Siden 8. klasse har Bertram, Bertil, Rumle og Noah har haft et band, der netop har fået en pladekontrakt.",Tor. 14. maj 2026,18.30,https://www.kultunaut.dk/perl/arrmore/type-nynaut?ArrNr=19786661
"Andet motionstilbud, Børn Realistisk selvforsvar for alle (9+ år)",Realistisk selvforsvar for alle (9+ år),Vi træner selvforsvar på mix hold tirsdage og torsdage fra kl 18:30 til 20:00 kom ned i kluben og prøv omdet er noget for dig.,Tor. 14. maj 2026,18.30,https://www.kultunaut.dk/perl/arrmore/type-nynaut?ArrNr=19856117
"Kampsporttræning, Børn Hold 3 (13 år +)",Hold 3 (13 år +),"Vores største hold. Her er plads til både eliten, talenterne, og dem der bare gerne vil have sved på panden og lære at bryde. Teknik træningen slutte kl. 19.30 fra 19.30 til 20.00 er der Open Mat.",Tor. 14. maj 2026,18.30,https://www.kultunaut.dk/perl/arrmore/type-nynaut?ArrNr=19856491
Thriller/Gyser Ready or Not 2: Here I Come,Ready or Not 2: Here I Come,Grace (Samara Weaving) har overlevet Le Dormas-familiens brutale angreb - men mareridtet er langt fra slut!,Tor. 14. maj 2026,See description,https://www.kultunaut.dk/perl/arrmore/type-nynaut?ArrNr=19765356
Andre Film Aphaca - Brug for hinanden,Aphaca - Brug for hinanden,"Er et nærværende og intimt portræt af fire drenge, der tager hele Danmark med storm. En film fyldt med håb og drømme midt i en larmende verden, hvor vi har brug for hinanden. En film om Aphaca.",Tor. 14. maj 2026,See description,https://www.kultunaut.dk/perl/arrmore/type-nynaut?ArrNr=19919841
Komedie/Romantik I Swear,I Swear,"Er baseret på den inspirerende historie om John Davidson, der vokser op i 1980'ernes Skotland. Som teenager er han populær, målmand på fodboldholdet og fuld af selvtillid, indtil diagnosen Tourettes syndrom vender hans liv på hovedet.",Tor. 14. maj 2026,See description,https://www.kultunaut.dk/perl/arrmore/type-nynaut?ArrNr=19936767
Andet motionstilbud Fællesklang,Fællesklang,"Er du mellem 18 og 35 år og glad for at synge? Så er Fællesklang Kolding det rytmiske kor for dig - helt uden optagelsesprøve! Fællesklang Kolding er et kor for alle mellem 18 og 35 år, der elsker at synge alt fra pophits og gospel til Disney-klassikere.",Tor. 14. maj 2026,See description,https://www.kultunaut.dk/perl/arrmore/type-nynaut?ArrNr=19856305
Show/stand up Det store 90'er Quiz Show,Det store 90'er Quiz Show,Vi skal på en tidsrejse til et af de mest farverige og uforglemmelige årtier i musikkens historie. Et årti også kendt som ?Det Glade Årti?,Tor. 14. maj 2026,19.30,https://www.kultunaut.dk/perl/arrmore/type-nynaut?ArrNr=18714778
Andre Film Hjem,Hjem,"Filmen tager sin begyndelse i 1991, på et tidspunkt, hvor hele Balkanregionen er i opløsning.",Tor. 14. maj 2026,19.30,https://www.kultunaut.dk/perl/arrmore/type-nynaut?ArrNr=19919437
"Andet motionstilbud, Børn Håndbold for herrer",Håndbold for herrer,Fordel med tidligere håndbolderfaring. Fokus på det sociale og spille god håndbold. Sæsonen starter i august og kører indtil april. Sommertræning i maj og juni.,Tor. 14. maj 2026,19.45,https://www.kultunaut.dk/perl/arrmore/type-nynaut?ArrNr=19856374
"Andet motionstilbud, Børn Grappling and Brazilian jiu-jitsu",Grappling and Brazilian jiu-jitsu,Grappling and BJJ for all skill levels.,Tor. 14. maj 2026,See description,https://www.kultunaut.dk/perl/arrmore/type-nynaut?ArrNr=19856489
Action/Drama Mortal Kombat II,Mortal Kombat II,"De populære fanfavoritter - nu med selveste Johnny Cage på holdet - står over for hinanden i det ultimative opgør for at nedkæmpe Shao Kahns mørke herredømme, der truer selve Jordrigets eksistens og dets beskyttere.",Tor. 14. maj 2026,20.45,https://www.kultunaut.dk/perl/arrmore/type-nynaut?ArrNr=19953194
Show/stand up Open Mic,Open Mic,,Tor. 14. maj 2026,21:00,https://www.kultunaut.dk/perl/arrmore/type-nynaut?ArrNr=19886388
Thriller/Gyser Obsession,Obsession,"I gyserfilmen 'Obsession' er teenageren Bear håbløst forelsket i sin barndomsven Nikki. I et desperat forsøg på at vinde hendes kærlighed får han fat i de mystiske ""One Wish Willow"" og ønsker, at Nikki vil elske ham højere end nogen anden i verden.",Tor. 14. maj 2026,21.15,https://www.kultunaut.dk/perl/arrmore/type-nynaut?ArrNr=19954677
"Undervisning Klangkursus i Kolding: Lær om klangskåle til meditation, yoga og terapi","Klangkursus i Kolding: Lær om klangskåle til meditation, yoga og terapi","Introduktion til klangskåle og gong - modul 1 + 2. Kursus for dig der vil i gang med at lære om klangskåle og gong. For dig der gerne vil tilbyde meditation, yoga og/eller terapi med klangskåle og gong. Du arbejder med mennesker, enten som:.",Tor. 14. og fre. 15. maj 2026,See description,https://www.kultunaut.dk/perl/arrmore/type-nynaut?ArrNr=19791734
Marked/byfest Den Blå Byfest,Den Blå Byfest,"En 3 dages byfest i hjertet af Kolding. Kom og hør musik, spis dejlig mad og nyd kolde drikke. Gratis entré og alle er velkomme.",Tor. 14. til lør. 16. maj 2026 12:00 - 24.00,12:00,https://www.kultunaut.dk/perl/arrmore/type-nynaut?ArrNr=19909231
For børn Landbruget kommer til byen,Landbruget kommer til byen,"Majmarked i Kolding byder på oplevelser for hele familien. På Vestertorv lige ved siden af Sankt Nicolai Kirke finder du landboforeningen Spiras, hvor du kan klappe en kalv, finde flødekarameller i korncontaineren eller tjekke de store traktorer ud.

  Arrangeret af Spiras.",Fre. 15. maj 2026 10:00 - 15:00,10:00,https://www.kultunaut.dk/perl/arrmore/type-nynaut?ArrNr=19886466
Kunsthåndværk Koldings Montmartre til Majmarked,Koldings Montmartre til Majmarked,"Koldings Montmartre er en række kunstnere og kreative udstillere, der har stande på Den Spanske Trappe.",Fre. 15. maj 2026 10:00-18:00,10:00,https://www.kultunaut.dk/perl/arrmore/type-nynaut?ArrNr=19915385
"Marked/byfest Kære børn, gå på opdagelse i kirken","Kære børn, gå på opdagelse i kirken","Børn, familier og voksne er velkomne til at gå på opdagelse i kirkens mange spændende historier. Kirken er byens ældste hus og (måske) lidt ældre end Koldinghus fra 1250. Det er gratis og alle er velkomne.",Fre. 15. maj 2026 10:00-18:00,10:00,https://www.kultunaut.dk/perl/arrmore/type-nynaut?ArrNr=19918636
Foredrag Hvad spiser vi i fremtiden?,Hvad spiser vi i fremtiden?,"Kan vi spise sundere, grønnere og mere bæredygtigt? Kan vi tilpasse vores madvaner til fremtidens udfordringer?",Fre. 15. maj 2026 12:00 + 13:00 + 14:00,12:00,https://www.kultunaut.dk/perl/arrmore/type-nynaut?ArrNr=19814530
Andet Lykkehjul Normal,Lykkehjul Normal,"Kom og prøv normals helt eget lykkehjul! Det foregår ude i gågaden omkring pølsevogne, tæt på butikken. Her har alle mulighed for at vinde en gevinst! Alle aldre må prøve. Og ingen får lov til at gå tomhændet hjem.",Fre. 15. maj 2026 14:00-14:45,14:00,https://www.kultunaut.dk/perl/arrmore/type-nynaut?ArrNr=19940880
Marked/byfest Majmarked Tombola,Majmarked Tombola,Tombola med 400 gevinster. Til fordel for de Danske Hospitalsklovne.,Fre. 15. maj 2026,09:30,https://www.kultunaut.dk/perl/arrmore/type-nynaut?ArrNr=19925929
Tegnefilm/Animation Super Mario Galaxy Filmen,Super Mario Galaxy Filmen,Here we go. Again! Animationsfilmen 'Super Mario Galaxy Filmen' (The Super Mario Galaxy Movie) er fortsættelsen til Super Mario Bros. Filmen fra 2023 og denne gang bliver eventyret endnu større!,Fre. 15. maj 2026,15.30,https://www.kultunaut.dk/perl/arrmore/type-nynaut?ArrNr=19952939
Marked/byfest Uddeling af kort med blomsterfrø,Uddeling af kort med blomsterfrø,Kig forbi Akseltorv i Kolding på fredag d. 15. marts. Vi deler gratis postkort ud til gæster der kommer forbi på pladsen.,Fre. 15. maj 2026,10:00,https://www.kultunaut.dk/perl/arrmore/type-nynaut?ArrNr=19947996
Marked/byfest Tæl blomster i Østergade,Tæl blomster i Østergade,I forbindelse med Majmarked har vi lavet en konkurrence i Østergade. Du skal tælle blomster i butikkernes vinduer.,Fre. 15. maj 2026,10:00,https://www.kultunaut.dk/perl/arrmore/type-nynaut?ArrNr=19950468
Tegnefilm/Animation Ustoppelig,Ustoppelig,"Filmen vises med dansk tale. 'Ustoppelig' er en actionfyldt animationsfilm med de mindste helte, du nogensinde har set. Kaja er en ustoppelig lille celle, der bor i nyrerne på tiårige Erik.",Fre. 15. maj 2026,10.15,https://www.kultunaut.dk/perl/arrmore/type-nynaut?ArrNr=19954434
Familiefilm Fårbrydelsen,Fårbrydelsen,"I denne finurlige og nyskabende krimihistorie er George (Hugh Jackman) en fårehyrde, der hver aften læser detektivromaner højt for sine elskede får - overbevist om, at de umuligt kan forstå dem.",Fre. 15. maj 2026,10.20,https://www.kultunaut.dk/perl/arrmore/type-nynaut?ArrNr=19962386
Show/stand up Majmarked Børnebanko,Majmarked Børnebanko,"Vi gentager successen fra sidste år! alle pengene går til sommerferie aktiviteter for udsatte børn i kolding. i samarbejde med blå byfest afholder vi udendørs børnebanko i borchs gård.

  Arrangeret af Tobbers.",Fre. 15. maj 2026,11.30,https://www.kultunaut.dk/perl/arrmore/type-nynaut?ArrNr=19964550
Komedie/Romantik The Devil Wears Prada 2,The Devil Wears Prada 2,"""A sequel? For spring? Groundbreaking."". Filmen 'The Devil Wears Prada 2' er fortsættelsen til den elskede film fra 2006, The Devil Wears Prada.",Fre. 15. maj 2026,12.15,https://www.kultunaut.dk/perl/arrmore/type-nynaut?ArrNr=19916657
Action/Drama Michael,Michael,"Filmen 'Michael' skildrer en af de mest indflydelsesrige kunstnere nogensinde, Michael Jackson.",Fre. 15. maj 2026,12.15,https://www.kultunaut.dk/perl/arrmore/type-nynaut?ArrNr=19916954
Action/Drama Affektionsværdi,Affektionsværdi,"Det norske drama 'Affektionsværdi' følger søstrene Nora (Renate Reinsve) og Agnes (Inga Ibsdotter Lilleaas), som genforenes med deres far Gustav (Stellan Skarsgård) - en førhen ganske feteret instruktør, som drømmer om det store comeback.",Fre. 15. maj 2026,12.45,https://www.kultunaut.dk/perl/arrmore/type-nynaut?ArrNr=19916916
Andre Film Hjem,Hjem,"Filmen tager sin begyndelse i 1991, på et tidspunkt, hvor hele Balkanregionen er i opløsning.",Fre. 15. maj 2026,17.45,https://www.kultunaut.dk/perl/arrmore/type-nynaut?ArrNr=19952201
Andet motionstilbud Kom og spil kegler hver fredag eftermiddag,Kom og spil kegler hver fredag eftermiddag,"HUSK indendørssko! Hvordan spiller man kegler?. Man starter med at indtage en ""startstilling"". Denne afhænger af hvilken teknik man bruger. Kaster man med to hænder, stiller man sig med spredte ben hen over linoleumsstykket.",Fre. 15. maj 2026,See description,https://www.kultunaut.dk/perl/arrmore/type-nynaut?ArrNr=19860871
Action/Drama In the Grey,In the Grey,Et hemmeligt hold af eliteagenter lever i skyggerne.,Fre. 15. maj 2026,13.10,https://www.kultunaut.dk/perl/arrmore/type-nynaut?ArrNr=19962457
Andre Film Værn,Værn,"Sydsverige i begyndelsen af 70'erne. Den kolde krig er allestedsnærværende. Påvirket af de stærke billeder i brochuren 'Hvis krigen kommer', begynder landarbejderen og eneboeren Karl-Göran Persson at sikre sit hus.",Fre. 15. maj 2026,14.30,https://www.kultunaut.dk/perl/arrmore/type-nynaut?ArrNr=19944642
Dokumentar Billie Eilish - Hit Me Hard and Soft: The Tour,Billie Eilish - Hit Me Hard and Soft: The Tour,Optaget under hendes udsolgte verdensturné bringer Billie Eilish - HIT ME HARD AND SOFT: THE TOUR (LIVE IN 3D) en nyskabende koncertoplevelse til det store lærred fra en af sin generations mest anerkendte og succesfulde kunstnere.,Fre. 15. maj 2026,15.30,https://www.kultunaut.dk/perl/arrmore/type-nynaut?ArrNr=19952364
"Kampsporttræning, Børn Kaizen Kidz",Kaizen Kidz,"Holdet er tilrettelagt med en blanding af karate og fysisk aktivitet og leg, således at der hele tiden er aktivitet, og at børnene får tid til at bearbejde deres indtryk.",Fre. 15. maj 2026,17.30,https://www.kultunaut.dk/perl/arrmore/type-nynaut?ArrNr=19861004
"Workshop Flødebolle kursus hos Frellsen, Kolding","Flødebolle kursus hos Frellsen, Kolding",Imponér venner eller familie med dine egne flødebolle kreationer! Lær at fremstille 10 flødeboller hos Frellsen.,Fre. 15. maj 2026,16:00,https://www.kultunaut.dk/perl/arrmore/type-nynaut?ArrNr=19741516
Dokumentar Franz,Franz,"Filmen skildrer det gådefulde liv for Franz Kafka, fra hans ungdom i Prag til hans død i 1924. I stedet for at være en traditionel biografi er Franz sat op som en kalejdoskopisk mosaik af drømme, breve, fragmenter fra hans fiktion og historiske episoder.",Fre. 15. maj 2026,16.30,https://www.kultunaut.dk/perl/arrmore/type-nynaut?ArrNr=19944636
"Kampsporttræning, Børn Freestyle wrestling",Freestyle wrestling,Training for youth/senior + 15 years. The training is for beginners and advanced wrestlers of all levels.,Fre. 15. maj 2026,17.30,https://www.kultunaut.dk/perl/arrmore/type-nynaut?ArrNr=19860896
Fodboldkamp Fodboldkamp Betinia LIGA - Oprykningsspil 2025/26 - Kolding IF mod Lyngby BK,Fodboldkamp Betinia LIGA - Oprykningsspil 2025/26 - Kolding IF mod Lyngby BK,,Fre. 15. maj 2026,See description,https://www.kultunaut.dk/perl/arrmore/type-nynaut?ArrNr=19825657
Dokumentar Aphaca: Brug for hinanden,Aphaca: Brug for hinanden,"Siden 8. klasse har Bertram, Bertil, Rumle og Noah har haft et band, der netop har fået en pladekontrakt.",Fre. 15. maj 2026,18.30,https://www.kultunaut.dk/perl/arrmore/type-nynaut?ArrNr=19786632
Thriller/Gyser Ready or Not 2: Here I Come,Ready or Not 2: Here I Come,Grace (Samara Weaving) har overlevet Le Dormas-familiens brutale angreb - men mareridtet er langt fra slut!,Fre. 15. maj 2026,See description,https://www.kultunaut.dk/perl/arrmore/type-nynaut?ArrNr=19767880
Komedie/Romantik I Swear,I Swear,"Er baseret på den inspirerende historie om John Davidson, der vokser op i 1980'ernes Skotland. Som teenager er han populær, målmand på fodboldholdet og fuld af selvtillid, indtil diagnosen Tourettes syndrom vender hans liv på hovedet.",Fre. 15. maj 2026,See description,https://www.kultunaut.dk/perl/arrmore/type-nynaut?ArrNr=19936986
Show/stand up Det store 90'er Quiz Show,Det store 90'er Quiz Show,Vi skal på en tidsrejse til et af de mest farverige og uforglemmelige årtier i musikkens historie. Et årti også kendt som ?Det Glade Årti?,Fre. 15. maj 2026,19.30,https://www.kultunaut.dk/perl/arrmore/type-nynaut?ArrNr=18715623
Action/Drama Dust Bunny,Dust Bunny,"Tiårige Aurora har en mystisk nabo (Mads Mikkelsen), som dræber virkelige monstre - han er lejemorder. Så da Aurora har brug for hjælp til at dræbe det monster, hun tror har spist hele hendes familie, hyrer hun ham.",Fre. 15. maj 2026,See description,https://www.kultunaut.dk/perl/arrmore/type-nynaut?ArrNr=19945053
Andre Film Iron Maiden: Burning Ambition,Iron Maiden: Burning Ambition,"""Iron Maiden: Burning Ambition"" fortæller historien om, hvordan Iron Maiden har været med til at forme en kulturel bevægelse og udfordre traditionelle opfattelser af rockmusik og heavy metals bredere samfundsmæssige og kulturelle betydning.",Fre. 15. maj 2026,See description,https://www.kultunaut.dk/perl/arrmore/type-nynaut?ArrNr=19954055
Thriller/Gyser Obsession,Obsession,"I gyserfilmen 'Obsession' er teenageren Bear håbløst forelsket i sin barndomsven Nikki. I et desperat forsøg på at vinde hendes kærlighed får han fat i de mystiske ""One Wish Willow"" og ønsker, at Nikki vil elske ham højere end nogen anden i verden.",Fre. 15. maj 2026,21.15,https://www.kultunaut.dk/perl/arrmore/type-nynaut?ArrNr=19952665
Club/DJ DJ Søren Bang,DJ Søren Bang,,Fre. 15. maj 2026,22:00,https://www.kultunaut.dk/perl/arrmore/type-nynaut?ArrNr=19956360
Marked/byfest Maj Marked,Maj Marked,"I forbindelse med Maj Marked, har du mulighed for at købe og sælge hjemmestrik/hækling. Du kan læse mere om, hvordan du kan sælge færdig strik/hækling på min hjemmeside.",Fre. 15. og lør. 16. maj 2026 11:00 - 15:00,11:00,https://www.kultunaut.dk/perl/arrmore/type-nynaut?ArrNr=19869230
Billedkunst Op Lagt - Fernisering/Udstilling,Op Lagt - Fernisering/Udstilling,"En hyldest til forfaldet, der transformeres til ny, kunstnerisk værdi? At forvandle affald til æstetik? Kan det ændre noget ved vores adfærd og tingenes tilstand?",Fre. 15. maj til søn. 28. jun. 2026,16:00,https://www.kultunaut.dk/perl/arrmore/type-nynaut?ArrNr=19862430
Løb/atletikstævne Kolstrup Gods Halvmarathon-52,Kolstrup Gods Halvmarathon-52,,Lør. 16. maj 2026,See description,https://www.kultunaut.dk/perl/arrmore/type-nynaut?ArrNr=19717422
Ekskursion Guidet tur i Christiansfeld - Verdensarv i særklasse,Guidet tur i Christiansfeld - Verdensarv i særklasse,Velkommen til UNESCO-byen Christiansfeld - en by med en enestående historie. Tag med os på en historisk byvandring gennem de smukke gader i Christiansfeld. Vores guide fortæller dig historier om Brødremenigheden og byens historie - fra grundlæggelsen og.,Lør. 16. maj 2026 13:30 - 15:00,13:30,https://www.kultunaut.dk/perl/arrmore/type-nynaut?ArrNr=19862181
For børn Håndbold for børn (2-5 årige),Håndbold for børn (2-5 årige),"Motorik baner, boldmassage og meget mere. Aktiviteterne gennemføres sammen med en forældre/voksen. Sørg for at børnene har noget ordentligt fodtøj og tøj de kan bevæge sig i. Sæsonen starter i august/september og slutter i april/maj.",Lør. 16. maj 2026,See description,https://www.kultunaut.dk/perl/arrmore/type-nynaut?ArrNr=19864008
Familiefilm Fårbrydelsen,Fårbrydelsen,"I denne finurlige og nyskabende krimihistorie er George (Hugh Jackman) en fårehyrde, der hver aften læser detektivromaner højt for sine elskede får - overbevist om, at de umuligt kan forstå dem.",Lør. 16. maj 2026,See description,https://www.kultunaut.dk/perl/arrmore/type-nynaut?ArrNr=19916973
"Løbetræning/jogging, Børn Løbetræning",Løbetræning,Vi løber mandag og onsdag klokken 17 samt lørdag klokken 10 fra Bøgelund (i sommerhalvåret starter den lange tur på +16km kl. 09.00). Hvor holder vi til? Bramdrup Skovvej 40. Kom i god tid - vi starter præcis.,Lør. 16. maj 2026,See description,https://www.kultunaut.dk/perl/arrmore/type-nynaut?ArrNr=19919429
"Andet motionstilbud, Børn Kvinder / Mandfolk på MTB",Kvinder / Mandfolk på MTB,Mountainbike for alle - Fokus på stier og fællesskab. Har du lyst til at komme ud i den friske luft på din mountainbike uden at bekymre dig om svære tekniske spor og stejle skrænter?,Lør. 16. maj 2026,See description,https://www.kultunaut.dk/perl/arrmore/type-nynaut?ArrNr=19943396
For børn Minikrea,Minikrea,Kreativ hygge for børnefamilier.,Lør. 16. maj 2026,See description,https://www.kultunaut.dk/perl/arrmore/type-nynaut?ArrNr=19956740
Tegnefilm/Animation Ustoppelig,Ustoppelig,"Filmen vises med dansk tale. 'Ustoppelig' er en actionfyldt animationsfilm med de mindste helte, du nogensinde har set. Kaja er en ustoppelig lille celle, der bor i nyrerne på tiårige Erik.",Lør. 16. maj 2026,10.10,https://www.kultunaut.dk/perl/arrmore/type-nynaut?ArrNr=19952653
Andre Film Hjem,Hjem,"Filmen tager sin begyndelse i 1991, på et tidspunkt, hvor hele Balkanregionen er i opløsning.",Lør. 16. maj 2026,10.15,https://www.kultunaut.dk/perl/arrmore/type-nynaut?ArrNr=19966482
Tegnefilm/Animation Super Mario Galaxy Filmen,Super Mario Galaxy Filmen,Here we go. Again! Animationsfilmen 'Super Mario Galaxy Filmen' (The Super Mario Galaxy Movie) er fortsættelsen til Super Mario Bros. Filmen fra 2023 og denne gang bliver eventyret endnu større!,Lør. 16. maj 2026,10.30,https://www.kultunaut.dk/perl/arrmore/type-nynaut?ArrNr=19958457
"Workshop Flødebolle kursus hos Frellsen, Kolding","Flødebolle kursus hos Frellsen, Kolding",Imponér venner eller familie med dine egne flødebolle kreationer! Lær at fremstille 10 flødeboller hos Frellsen.,Lør. 16. maj 2026,11:00,https://www.kultunaut.dk/perl/arrmore/type-nynaut?ArrNr=19741513
Action/Drama Affektionsværdi,Affektionsværdi,"Det norske drama 'Affektionsværdi' følger søstrene Nora (Renate Reinsve) og Agnes (Inga Ibsdotter Lilleaas), som genforenes med deres far Gustav (Stellan Skarsgård) - en førhen ganske feteret instruktør, som drømmer om det store comeback.",Lør. 16. maj 2026,12.15,https://www.kultunaut.dk/perl/arrmore/type-nynaut?ArrNr=19916698
Komedie/Romantik Charles tante,Charles tante,"Hvad gør de to fiffige jurastuderende Charles og Peter, når de mangler en anstandsdame for at komme tæt på deres udkårne? Klæder deres studiekammerat Ditlev ud som Charles' tante fra Brasilien, selvfølgelig.",Lør. 16. maj 2026,12.30,https://www.kultunaut.dk/perl/arrmore/type-nynaut?ArrNr=19730322
Dokumentar Billie Eilish - Hit Me Hard and Soft: The Tour,Billie Eilish - Hit Me Hard and Soft: The Tour,Optaget under hendes udsolgte verdensturné bringer Billie Eilish - HIT ME HARD AND SOFT: THE TOUR (LIVE IN 3D) en nyskabende koncertoplevelse til det store lærred fra en af sin generations mest anerkendte og succesfulde kunstnere.,Lør. 16. maj 2026,12.55,https://www.kultunaut.dk/perl/arrmore/type-nynaut?ArrNr=19962520
Folk/Vise/Country Mads Toghøj,Mads Toghøj,,Lør. 16. maj 2026,13:00,https://www.kultunaut.dk/perl/arrmore/type-nynaut?ArrNr=19956352
Andre Film Aphaca - Brug for hinanden,Aphaca - Brug for hinanden,"Er et nærværende og intimt portræt af fire drenge, der tager hele Danmark med storm. En film fyldt med håb og drømme midt i en larmende verden, hvor vi har brug for hinanden. En film om Aphaca.",Lør. 16. maj 2026,14.30,https://www.kultunaut.dk/perl/arrmore/type-nynaut?ArrNr=19944658
Omvisning Rundvisning - Harteværket,Rundvisning - Harteværket,"Oplev historien for opførelsen af Danmarks første vandkraftværk, som blev indviet i 1920. En utrolig spændende historie, som også i fremtiden vil have en vigtig rolle for Kolding i forbindelse med de klimatilpasninger, som er forberedt på Harteværket.",Lør. 16. maj 2026,See description,https://www.kultunaut.dk/perl/arrmore/type-nynaut?ArrNr=19701561
Andre Film Harry Potter og halvblodsprinsen,Harry Potter og halvblodsprinsen,,Lør. 16. maj 2026,See description,https://www.kultunaut.dk/perl/arrmore/type-nynaut?ArrNr=19732919
Show/stand up Det store 90'er Quiz Show,Det store 90'er Quiz Show,Vi skal på en tidsrejse til et af de mest farverige og uforglemmelige årtier i musikkens historie. Et årti også kendt som ?Det Glade Årti?,Lør. 16. maj 2026,19.30,https://www.kultunaut.dk/perl/arrmore/type-nynaut?ArrNr=18715196
Action/Drama Michael,Michael,"Filmen 'Michael' skildrer en af de mest indflydelsesrige kunstnere nogensinde, Michael Jackson.",Lør. 16. maj 2026,15.10,https://www.kultunaut.dk/perl/arrmore/type-nynaut?ArrNr=19916971
Action/Drama In the Grey,In the Grey,Et hemmeligt hold af eliteagenter lever i skyggerne.,Lør. 16. maj 2026,15.55,https://www.kultunaut.dk/perl/arrmore/type-nynaut?ArrNr=19966526
Action/Drama De Forbandede År 3 - Fredens pris - Dk. tekster,De Forbandede År 3 - Fredens pris - Dk. tekster,"Året er 1945. Krigen er endelig slut. Danmark er frit, men splittet. Meget har ændret sig for familien Skov, Karl og Evas ægteskab er tyndslidt, og Eva beslutter at forlade sin mand.",Lør. 16. maj 2026,See description,https://www.kultunaut.dk/perl/arrmore/type-nynaut?ArrNr=19944903
Show/stand up Simon Talbot,Simon Talbot,"Ekstra Extra. Simon Talbot indledte i foråret 2025 sin sjette Danmarksturné, og det hele blev ekstra! Ekstra Simon, ekstra sjovt - og ekstra stort.",Lør. 16. maj 2026,18.30,https://www.kultunaut.dk/perl/arrmore/type-nynaut?ArrNr=19870989
Dokumentar Aphaca: Brug for hinanden,Aphaca: Brug for hinanden,"Siden 8. klasse har Bertram, Bertil, Rumle og Noah har haft et band, der netop har fået en pladekontrakt.",Lør. 16. maj 2026,18.30,https://www.kultunaut.dk/perl/arrmore/type-nynaut?ArrNr=19786558
Thriller/Gyser Obsession,Obsession,"I gyserfilmen 'Obsession' er teenageren Bear håbløst forelsket i sin barndomsven Nikki. I et desperat forsøg på at vinde hendes kærlighed får han fat i de mystiske ""One Wish Willow"" og ønsker, at Nikki vil elske ham højere end nogen anden i verden.",Lør. 16. maj 2026,See description,https://www.kultunaut.dk/perl/arrmore/type-nynaut?ArrNr=19952241
Action/Drama Mortal Kombat II,Mortal Kombat II,"De populære fanfavoritter - nu med selveste Johnny Cage på holdet - står over for hinanden i det ultimative opgør for at nedkæmpe Shao Kahns mørke herredømme, der truer selve Jordrigets eksistens og dets beskyttere.",Lør. 16. maj 2026,See description,https://www.kultunaut.dk/perl/arrmore/type-nynaut?ArrNr=19966580
Musik Karaoke,Karaoke,"Harald er igen tovholder til karaoke night, hvor alle har muligheden for at komme på scenen for at synge. Vi starter karaoke kl.22.00 og det eneste du skal gøre er at tage dine venner under armen og svinge forbi pubben til en musikalsk aften.",Lør. 16. maj 2026,22:00,https://www.kultunaut.dk/perl/arrmore/type-nynaut?ArrNr=19823091
Ekskursion Guidet tur i Christiansfeld - Verdensarv i særklasse,Guidet tur i Christiansfeld - Verdensarv i særklasse,Velkommen til UNESCO-byen Christiansfeld - en by med en enestående historie. Tag med os på en historisk byvandring gennem de smukke gader i Christiansfeld. Vores guide fortæller dig historier om Brødremenigheden og byens historie - fra grundlæggelsen og.,Søn. 17. maj 2026 13:30 - 15:00,13:30,https://www.kultunaut.dk/perl/arrmore/type-nynaut?ArrNr=19862183
Løbetræning/jogging DM i orienteringsløb - Sprint-stafet 2026,DM i orienteringsløb - Sprint-stafet 2026,"Kolding OK inviterer til DM Sprint og DM Sprint-stafet.

  Arrangeret af Kolding Orienterings Klub.",Søn. 17. maj 2026,See description,https://www.kultunaut.dk/perl/arrmore/type-nynaut?ArrNr=19311142
Gudstjeneste Gudstjeneste ved Helle Torp,Gudstjeneste ved Helle Torp,,Søn. 17. maj 2026,See description,https://www.kultunaut.dk/perl/arrmore/type-nynaut?ArrNr=19672132
Gudstjeneste Gudstjeneste: 6. s. e. påske,Gudstjeneste: 6. s. e. påske,,Søn. 17. maj 2026,See description,https://www.kultunaut.dk/perl/arrmore/type-nynaut?ArrNr=19672321
Gudstjeneste Gudstjeneste - Jesu ypperstepræstelige bøn,Gudstjeneste - Jesu ypperstepræstelige bøn,,Søn. 17. maj 2026,See description,https://www.kultunaut.dk/perl/arrmore/type-nynaut?ArrNr=19672145
Fodboldtræning Fodbold alle søndage kl. 9.00,Fodbold alle søndage kl. 9.00,"Vi er en flok gamle gutter, der spiller fodbold for sjov, vores ældste mand er 87 år -yngste 38. Vi hedder KIF Oldboys, men langt de fleste har tidligere spillet i andre klubber, flere har aldrig spillet fodbold i en klub før KIF Oldboys.",Søn. 17. maj 2026,See description,https://www.kultunaut.dk/perl/arrmore/type-nynaut?ArrNr=19867736
Gudstjeneste Gudstjeneste i Immanuelskirken ved Jan Holm Mortensen,Gudstjeneste i Immanuelskirken ved Jan Holm Mortensen,,Søn. 17. maj 2026,See description,https://www.kultunaut.dk/perl/arrmore/type-nynaut?ArrNr=19942690
"Ketchersport, Børn Gratis squash",Gratis squash,"Kom og prøv squash i Kolding KFUM Squash - helt uforpligtende! Har du lyst til at prøve kræfter med squash - alene eller sammen med andre?. Så kig forbi Kolding KFUM Squash hver søndag kl. 10:00-11:30 og prøv en sjov, svedig og social sport!",Søn. 17. maj 2026,See description,https://www.kultunaut.dk/perl/arrmore/type-nynaut?ArrNr=19867594
Andre Film Hjem,Hjem,"Filmen tager sin begyndelse i 1991, på et tidspunkt, hvor hele Balkanregionen er i opløsning.",Søn. 17. maj 2026,15.45,https://www.kultunaut.dk/perl/arrmore/type-nynaut?ArrNr=19953477
Tegnefilm/Animation Dragens vogter,Dragens vogter,"I det gamle Kina opdager den unge pige Ping, at hun er skæbnebestemt til at beskytte den sidste levende drage og et mystisk æg, der bærer håbet for hele dragens slægt.",Søn. 17. maj 2026,10.15,https://www.kultunaut.dk/perl/arrmore/type-nynaut?ArrNr=19966488
Dokumentar Billie Eilish - Hit Me Hard and Soft: The Tour,Billie Eilish - Hit Me Hard and Soft: The Tour,Optaget under hendes udsolgte verdensturné bringer Billie Eilish - HIT ME HARD AND SOFT: THE TOUR (LIVE IN 3D) en nyskabende koncertoplevelse til det store lærred fra en af sin generations mest anerkendte og succesfulde kunstnere.,Søn. 17. maj 2026,10.20,https://www.kultunaut.dk/perl/arrmore/type-nynaut?ArrNr=19966545
Gudstjeneste Gudstjeneste,Gudstjeneste,,Søn. 17. maj 2026,10.30,https://www.kultunaut.dk/perl/arrmore/type-nynaut?ArrNr=19671821
Tegnefilm/Animation Super Mario Galaxy Filmen,Super Mario Galaxy Filmen,Here we go. Again! Animationsfilmen 'Super Mario Galaxy Filmen' (The Super Mario Galaxy Movie) er fortsættelsen til Super Mario Bros. Filmen fra 2023 og denne gang bliver eventyret endnu større!,Søn. 17. maj 2026,10.30,https://www.kultunaut.dk/perl/arrmore/type-nynaut?ArrNr=19958705
Gudstjeneste Fælles gudstjeneste i Hjarup Kirke,Fælles gudstjeneste i Hjarup Kirke,,Søn. 17. maj 2026,10.30,https://www.kultunaut.dk/perl/arrmore/type-nynaut?ArrNr=19672091
Gudstjeneste Gudstjeneste 10.30,Gudstjeneste 10.30,V/Iben Munkgaard Davids.,Søn. 17. maj 2026,10.30,https://www.kultunaut.dk/perl/arrmore/type-nynaut?ArrNr=19672441
Gudstjeneste Højmesse ved Katrine Papsø Madsen,Højmesse ved Katrine Papsø Madsen,,Søn. 17. maj 2026,10.30,https://www.kultunaut.dk/perl/arrmore/type-nynaut?ArrNr=19763849
Gudstjeneste Gudstjeneste Seest ASA,Gudstjeneste Seest ASA,,Søn. 17. maj 2026,10.30,https://www.kultunaut.dk/perl/arrmore/type-nynaut?ArrNr=19808525
Gudstjeneste Gudstjeneste v/ Stephan Wung-Sung de Fønss,Gudstjeneste v/ Stephan Wung-Sung de Fønss,Efter gudstjenesten byder der på kaffe og te i kirkens lokaler.,Søn. 17. maj 2026,10.30,https://www.kultunaut.dk/perl/arrmore/type-nynaut?ArrNr=19967238
Gudstjeneste Højmesse ved Henriette Bacher Lind,Højmesse ved Henriette Bacher Lind,,Søn. 17. maj 2026,10.30,https://www.kultunaut.dk/perl/arrmore/type-nynaut?ArrNr=19671991
Gudstjeneste Gudstjeneste i Kristkirken ved Jan Holm Mortensen,Gudstjeneste i Kristkirken ved Jan Holm Mortensen,,Søn. 17. maj 2026,10.30,https://www.kultunaut.dk/perl/arrmore/type-nynaut?ArrNr=19672018
Komedie/Romantik The Devil Wears Prada 2,The Devil Wears Prada 2,"""A sequel? For spring? Groundbreaking."". Filmen 'The Devil Wears Prada 2' er fortsættelsen til den elskede film fra 2006, The Devil Wears Prada.",Søn. 17. maj 2026,10.30,https://www.kultunaut.dk/perl/arrmore/type-nynaut?ArrNr=19916766
Action/Drama Affektionsværdi,Affektionsværdi,Joachim Triers nyeste film vandt Grand Prix i Cannes og har nu slået nordisk rekord med hele 9 Oscar-nomineringer!,Søn. 17. maj 2026,See description,https://www.kultunaut.dk/perl/arrmore/type-nynaut?ArrNr=19944392
Andre Film Aftenvagt,Aftenvagt,"Floria (spillet af Leonie Benesch - mindst lige så fantastisk som i 'Lærerværelset') er en dedikeret sygeplejerske, der med urokkelig dedikation navigerer i det ubarmhjertige opskruet tempo på en kirurgisk afdeling på et hospital i Schweiz.",Søn. 17. maj 2026,12.30,https://www.kultunaut.dk/perl/arrmore/type-nynaut?ArrNr=19945146
Omvisning Rundvisning - Mikkel Thomsen,Rundvisning - Mikkel Thomsen,"Idet rundvisningen foregår både udendørs og indendørs, anmoder vi om, at du er påklædt efter vejret. Venligst kom 10 min. før rundvisningen starter. Vi har P-pladser tæt på Harteværket. Varighed: 1,5 time. Arrangør: Harteværket.",Søn. 17. maj 2026,See description,https://www.kultunaut.dk/perl/arrmore/type-nynaut?ArrNr=19701193
Dokumentar Aphaca: Brug for hinanden,Aphaca: Brug for hinanden,"Siden 8. klasse har Bertram, Bertil, Rumle og Noah har haft et band, der netop har fået en pladekontrakt.",Søn. 17. maj 2026,See description,https://www.kultunaut.dk/perl/arrmore/type-nynaut?ArrNr=19952856
Action/Drama Michael,Michael,"Filmen 'Michael' skildrer en af de mest indflydelsesrige kunstnere nogensinde, Michael Jackson.",Søn. 17. maj 2026,13.20,https://www.kultunaut.dk/perl/arrmore/type-nynaut?ArrNr=19916807
Action/Drama Top Gun 40th Anniversary,Top Gun 40th Anniversary,"""Talk to me, Goose"". Genoplev den elskede actionklassiker 'Top Gun' på det store lærred i anledning af filmens 40-års jubilæum.",Søn. 17. maj 2026,14.45,https://www.kultunaut.dk/perl/arrmore/type-nynaut?ArrNr=19962470
Andre Film Harry Potter og halvblodsprinsen,Harry Potter og halvblodsprinsen,,Søn. 17. maj 2026,See description,https://www.kultunaut.dk/perl/arrmore/type-nynaut?ArrNr=19733001
Action/Drama Dust Bunny,Dust Bunny,"Tiårige Aurora har en mystisk nabo (Mads Mikkelsen), som dræber virkelige monstre - han er lejemorder. Så da Aurora har brug for hjælp til at dræbe det monster, hun tror har spist hele hendes familie, hyrer hun ham.",Søn. 17. maj 2026,15.30,https://www.kultunaut.dk/perl/arrmore/type-nynaut?ArrNr=19945101
Action/Drama In the Grey,In the Grey,Et hemmeligt hold af eliteagenter lever i skyggerne.,Søn. 17. maj 2026,18.30,https://www.kultunaut.dk/perl/arrmore/type-nynaut?ArrNr=19962389
Thriller/Gyser Ready or Not 2: Here I Come,Ready or Not 2: Here I Come,Grace (Samara Weaving) har overlevet Le Dormas-familiens brutale angreb - men mareridtet er langt fra slut!,Søn. 17. maj 2026,See description,https://www.kultunaut.dk/perl/arrmore/type-nynaut?ArrNr=19769008
Komedie/Romantik I Swear,I Swear,"Er baseret på den inspirerende historie om John Davidson, der vokser op i 1980'ernes Skotland. Som teenager er han populær, målmand på fodboldholdet og fuld af selvtillid, indtil diagnosen Tourettes syndrom vender hans liv på hovedet.",Søn. 17. maj 2026,See description,https://www.kultunaut.dk/perl/arrmore/type-nynaut?ArrNr=19936969
Science Fiction Project Hail Mary,Project Hail Mary,I science fiction-filmen 'Project Hail Mary' skal Ryan Gosling redde jordens fremtid ved hjælp af en unik portion videnskab og humor!,Søn. 17. maj 2026,See description,https://www.kultunaut.dk/perl/arrmore/type-nynaut?ArrNr=19962490
Action/Drama Mortal Kombat II,Mortal Kombat II,"De populære fanfavoritter - nu med selveste Johnny Cage på holdet - står over for hinanden i det ultimative opgør for at nedkæmpe Shao Kahns mørke herredømme, der truer selve Jordrigets eksistens og dets beskyttere.",Søn. 17. maj 2026,20.45,https://www.kultunaut.dk/perl/arrmore/type-nynaut?ArrNr=19952972
Jazz Louis Armstrongs liv og musik - feat. Prinsens Musikkorps,Louis Armstrongs liv og musik - feat. Prinsens Musikkorps,"Louis Armstrongs liv og musik er en koncert, der hylder en af jazzens største ikoner - trompetisten, sangeren og entertaineren, der for altid ændrede populærmusikkens historie.",Man. 18. maj 2026,See description,https://www.kultunaut.dk/perl/arrmore/type-nynaut?ArrNr=19809034
Andet Knuds Garage International Pubquiz,Knuds Garage International Pubquiz,English Pubquiz at Knuds Garage Come to a pub quiz in a cozy setting with 20 questions.,Man. 18. maj 2026 20:30 - 22:30,20:30,https://www.kultunaut.dk/perl/arrmore/type-nynaut?ArrNr=19535603
Ketchersport Badminton,Badminton,"Du medbringer en ketcher og bolde. Der spilles stort set kun double, da dette er det mest sociale og ikke så hårdt fysisk.",Man. 18. maj 2026,See description,https://www.kultunaut.dk/perl/arrmore/type-nynaut?ArrNr=19871774
Fitness/styrketræning Aerobic,Aerobic,"Vore aerobictimer er tilpasset så alle kan deltage. Der laves små serier kombineret med hop og løb. Det er fedtforbrændende og konditionstrænende. Husk måtte til gulvøvelser, hvor der trænes mave og ryg.",Man. 18. maj 2026,10.15,https://www.kultunaut.dk/perl/arrmore/type-nynaut?ArrNr=19871758
Ketchersport Tennis for 60+'ere,Tennis for 60+'ere,Træning for 60+'ere - alle kan være med. Kom og oplev glæderne og sammenholdet ved at træne og spille tennis med jævnaldrende!,Man. 18. maj 2026,See description,https://www.kultunaut.dk/perl/arrmore/type-nynaut?ArrNr=19907946
Andet motionstilbud Krolfspil for senior,Krolfspil for senior,"Krolf er et rigtig hyggelig spil, hvor alle kan deltage. Det er en blanding af golf og kroket. Praktisk påklædning efter vejret, gerne kraftige sko eller i regnvejr gummistøvler.",Man. 18. maj 2026,09.30,https://www.kultunaut.dk/perl/arrmore/type-nynaut?ArrNr=19870708
Andet motionstilbud Krolf for alle - formiddag,Krolf for alle - formiddag,"Man træner 2-3 runder. Man får gode fællesskaber, hyggeligt socialt samvær, venskaber for alle aldre. Varmt tøj til tider. Mandag klokken 9:30 og onsdag klokken 18:30. Kontingent 250 kr. Sæsonen starter 1 maj og slutter 30 september.",Man. 18. maj 2026,09.30,https://www.kultunaut.dk/perl/arrmore/type-nynaut?ArrNr=19872195
Vandretur/stavgang Stavgang/ gåture,Stavgang/ gåture,"Der kan som udgangspunkt lånes stave i IFA de første par gange. Der vil hver gang være mulighed for instruktion i stavgangsteknik, ligesom der som regel er mulighed fora t vælge hold med forskellige tempi.",Man. 18. maj 2026,11.30,https://www.kultunaut.dk/perl/arrmore/type-nynaut?ArrNr=19871399
Fitness/styrketræning Styrke/ryg træning,Styrke/ryg træning,"Her styrkes alle kroppens muskler, så ryggen kan klare hverdagen. Husk vandflaske og en måtte til gulvøvelserne.",Man. 18. maj 2026,10.45,https://www.kultunaut.dk/perl/arrmore/type-nynaut?ArrNr=19872090
Tegnefilm/Animation Super Mario Galaxy Filmen,Super Mario Galaxy Filmen,Here we go. Again! Animationsfilmen 'Super Mario Galaxy Filmen' (The Super Mario Galaxy Movie) er fortsættelsen til Super Mario Bros. Filmen fra 2023 og denne gang bliver eventyret endnu større!,Man. 18. maj 2026,11.30,https://www.kultunaut.dk/perl/arrmore/type-nynaut?ArrNr=19916978
Tegnefilm/Animation Mission: Bæver,Mission: Bæver,"Animationsfilmen 'Mission: Bæver' er Disney og Pixars nyeste eventyr, der stiller spørgsmålet: Hvad hvis du kunne tale med dyr og forstå, hvad de siger?",Man. 18. maj 2026,11.30,https://www.kultunaut.dk/perl/arrmore/type-nynaut?ArrNr=19952894
Tegnefilm/Animation Ustoppelig,Ustoppelig,"Filmen vises med dansk tale. 'Ustoppelig' er en actionfyldt animationsfilm med de mindste helte, du nogensinde har set. Kaja er en ustoppelig lille celle, der bor i nyrerne på tiårige Erik.",Man. 18. maj 2026,11.30,https://www.kultunaut.dk/perl/arrmore/type-nynaut?ArrNr=19952926
Andet motionstilbud Stram op,Stram op,"Efter ca. 35 min. ""opvarmning"", hvor pulsen stiger, strammer vi maven, ballerne, lårene og ryggen op med forskellige øvelser. Med og uden elastikker. Husk vandflaske og måtte til gulvøvelserne.",Man. 18. maj 2026,See description,https://www.kultunaut.dk/perl/arrmore/type-nynaut?ArrNr=19870668
Andet motionstilbud Mandehørm (styrke for mænd),Mandehørm (styrke for mænd),"Som navnet siger - styrke kun for mænd. Der arbejdes med vægte så ""bøfferne"" holdes ved lige. Endvidere styrke af ryg og mave. Bækkenbunds træning er ikke kun for kvinder. Kom og lær din bækkenbund at kende.",Man. 18. maj 2026,See description,https://www.kultunaut.dk/perl/arrmore/type-nynaut?ArrNr=19871635
Action/Drama Affektionsværdi,Affektionsværdi,"Det norske drama 'Affektionsværdi' følger søstrene Nora (Renate Reinsve) og Agnes (Inga Ibsdotter Lilleaas), som genforenes med deres far Gustav (Stellan Skarsgård) - en førhen ganske feteret instruktør, som drømmer om det store comeback.",Man. 18. maj 2026,See description,https://www.kultunaut.dk/perl/arrmore/type-nynaut?ArrNr=19916859
Action/Drama Michael,Michael,"Filmen 'Michael' skildrer en af de mest indflydelsesrige kunstnere nogensinde, Michael Jackson.",Man. 18. maj 2026,12.45,https://www.kultunaut.dk/perl/arrmore/type-nynaut?ArrNr=19916720
Dokumentar Billie Eilish - Hit Me Hard and Soft: The Tour,Billie Eilish - Hit Me Hard and Soft: The Tour,Optaget under hendes udsolgte verdensturné bringer Billie Eilish - HIT ME HARD AND SOFT: THE TOUR (LIVE IN 3D) en nyskabende koncertoplevelse til det store lærred fra en af sin generations mest anerkendte og succesfulde kunstnere.,Man. 18. maj 2026,12.45,https://www.kultunaut.dk/perl/arrmore/type-nynaut?ArrNr=19958720
Andre Film Hjem,Hjem,"Filmen tager sin begyndelse i 1991, på et tidspunkt, hvor hele Balkanregionen er i opløsning.",Man. 18. maj 2026,13.30,https://www.kultunaut.dk/perl/arrmore/type-nynaut?ArrNr=19954747
Komedie/Romantik The Devil Wears Prada 2,The Devil Wears Prada 2,"""A sequel? For spring? Groundbreaking."". Filmen 'The Devil Wears Prada 2' er fortsættelsen til den elskede film fra 2006, The Devil Wears Prada.",Man. 18. maj 2026,13.45,https://www.kultunaut.dk/perl/arrmore/type-nynaut?ArrNr=19916849
Familiefilm Fårbrydelsen,Fårbrydelsen,"I denne finurlige og nyskabende krimihistorie er George (Hugh Jackman) en fårehyrde, der hver aften læser detektivromaner højt for sine elskede får - overbevist om, at de umuligt kan forstå dem.",Man. 18. maj 2026,16.30,https://www.kultunaut.dk/perl/arrmore/type-nynaut?ArrNr=19952223
Gymnastik/aerobic Motionsdamer,Motionsdamer,Traditionel motionsgymnastik for damer. Alle kan deltage uanset alder og skavanker.,Man. 18. maj 2026,15.20,https://www.kultunaut.dk/perl/arrmore/type-nynaut?ArrNr=19871907
Dokumentar Aphaca: Brug for hinanden,Aphaca: Brug for hinanden,"Siden 8. klasse har Bertram, Bertil, Rumle og Noah har haft et band, der netop har fået en pladekontrakt.",Man. 18. maj 2026,15.30,https://www.kultunaut.dk/perl/arrmore/type-nynaut?ArrNr=19954355
"Lyrik/oplæsning, Børn Bogklubben Bogmestrene: mandagsklubben",Bogklubben Bogmestrene: mandagsklubben,"Vær med i børnebibliotekets bogklub, hvor der kun er tre regler!",Man. 18. maj 2026,See description,https://www.kultunaut.dk/perl/arrmore/type-nynaut?ArrNr=19345972
Andre Film Værn,Værn,"Sydsverige i begyndelsen af 70'erne. Den kolde krig er allestedsnærværende. Påvirket af de stærke billeder i brochuren 'Hvis krigen kommer', begynder landarbejderen og eneboeren Karl-Göran Persson at sikre sit hus.",Man. 18. maj 2026,16.45,https://www.kultunaut.dk/perl/arrmore/type-nynaut?ArrNr=19944775
"Danseundervisning, Børn Linedance / Absolut Begynder",Linedance / Absolut Begynder,For dem der aldrig har prøvet linedance før.,Man. 18. maj 2026,17.55,https://www.kultunaut.dk/perl/arrmore/type-nynaut?ArrNr=19871177
Løbetræning/jogging Løbetræning,Løbetræning,"Vi løber mandag og onsdag klokken 17 samt lørdag klokken 10 fra Bøgelund, Bramdrup. Skovvej 40. Kom i god tid - vi starter præcis. Du kan deltage 3-4 gange før du melder dig ind i klubben. Lavt kontingent - 300 kroner for et kalenderår.",Man. 18. maj 2026,18.30,https://www.kultunaut.dk/perl/arrmore/type-nynaut?ArrNr=19919492
Møder Lytteklubben Musik uden grænser,Lytteklubben Musik uden grænser,"En rocklytteklub, hvor man graver god musik frem for hinanden og i fællesskab lytter koncentreret.",Man. 18. maj 2026,See description,https://www.kultunaut.dk/perl/arrmore/type-nynaut?ArrNr=19324515
"Løbetræning/jogging, Børn Gå-/Løbe-fællesskab",Gå-/Løbe-fællesskab,"Gå- & løbe-fællesskab, hvor minimum en frivillig fra HG&IF deltager på holdene. Så har du svært ved at komme afsted selv, så kom og vær med. Det forpligtiger lidt mere når man ved andre venter :-). Der er 3 niveauer: 1) Gå-holdet.",Man. 18. maj 2026,17.15,https://www.kultunaut.dk/perl/arrmore/type-nynaut?ArrNr=19871631
"Danseundervisning, Børn Hip Hop/ Funk (10-12 årige)",Hip Hop/ Funk (10-12 årige),"Er du vild med at danse foran spejlet? Og kan du ikke sidde stille, når der sættes musik på? Til hiphop/funk sætter vi gang i festen. Der vil blive arbejdet med koreografier, attitude og styrketræning.",Man. 18. maj 2026,17.30,https://www.kultunaut.dk/perl/arrmore/type-nynaut?ArrNr=19871702
"Danseundervisning, Børn Linedance / Begynder",Linedance / Begynder,For dem der kender lidt til grundtrin.,Man. 18. maj 2026,18.05,https://www.kultunaut.dk/perl/arrmore/type-nynaut?ArrNr=19871809
Andre Film Iron Maiden: Burning Ambition,Iron Maiden: Burning Ambition,"""Iron Maiden: Burning Ambition"" fortæller historien om, hvordan Iron Maiden har været med til at forme en kulturel bevægelse og udfordre traditionelle opfattelser af rockmusik og heavy metals bredere samfundsmæssige og kulturelle betydning.",Man. 18. maj 2026,18.15,https://www.kultunaut.dk/perl/arrmore/type-nynaut?ArrNr=19952531
Andet motionstilbud Mma - for alle,Mma - for alle,"Muay Thai og MMA træning for nye og erfarende udøvere. Holdet giver plads til at nørde basis-teknik, udvikle skills og skabe flow - uanset om du er helt ny eller allerede træner fast.",Man. 18. maj 2026,18.30,https://www.kultunaut.dk/perl/arrmore/type-nynaut?ArrNr=19871377
Action/Drama In the Grey,In the Grey,Et hemmeligt hold af eliteagenter lever i skyggerne.,Man. 18. maj 2026,21.10,https://www.kultunaut.dk/perl/arrmore/type-nynaut?ArrNr=19954193
Gymnastik/aerobic Motionsherrer,Motionsherrer,Traditionel motionsgymnastik for herrer. Alle kan deltage uanset alder og skavanker. Holdet er meget socialt og har et godt sammenhold.,Man. 18. maj 2026,See description,https://www.kultunaut.dk/perl/arrmore/type-nynaut?ArrNr=19870742
Andet motionstilbud Kom og spil kegler - hver mandag aften (55+ år),Kom og spil kegler - hver mandag aften (55+ år),"HUSK indendørssko! Hvordan spiller man kegler?. Man starter med at indtage en ""startstilling"". Denne afhænger af hvilken teknik man bruger. Kaster man med to hænder, stiller man sig med spredte ben hen over linoleumsstykket.",Man. 18. maj 2026,See description,https://www.kultunaut.dk/perl/arrmore/type-nynaut?ArrNr=19871984
Møder ActivityDating i Kolding 55+ år,ActivityDating i Kolding 55+ år,"Vi er glade for at kunne præsentere ActivityDating - Spil-edition hos Spilcaféen Kolding! ActivityDating er et sjovt live datingkoncept, hvor deltagerne løbende rokerer pladser og spiller spil sammen med andre singler.",Man. 18. maj 2026,See description,https://www.kultunaut.dk/perl/arrmore/type-nynaut?ArrNr=19846989
Møder ActivityDating i Kolding 30-45 år,ActivityDating i Kolding 30-45 år,"Vi er glade for at kunne præsentere ActivityDating - Spil-edition hos Spilcaféen Kolding! ActivityDating er et sjovt live datingkoncept, hvor deltagerne løbende rokerer pladser og spiller spil sammen med andre singler.",Man. 18. maj 2026,See description,https://www.kultunaut.dk/perl/arrmore/type-nynaut?ArrNr=19847027
Møder ActivityDating i Kolding 20-30 år,ActivityDating i Kolding 20-30 år,"Vi er glade for at kunne præsentere ActivityDating - Spil-edition hos Spilcaféen Kolding! ActivityDating er et sjovt live datingkoncept, hvor deltagerne løbende rokerer pladser og spiller spil sammen med andre singler.",Man. 18. maj 2026,See description,https://www.kultunaut.dk/perl/arrmore/type-nynaut?ArrNr=19847034
Klassisk Oplev Guitarensemblet i Kristkirken,Oplev Guitarensemblet i Kristkirken,"Oplev Kulturskolen Koldings GUITARENSEMBLE spille værker af bl.a. Mozart, Bizet og De Falla. Medvirkende: Andreas Christian Pedersen, Emilie Sui Lundholm Liebing, Johannes Hartmann Nygaard, Serhii Hordiichuk, Morten Spanggaard & Per McDonald.",Man. 18. maj 2026,19:00,https://www.kultunaut.dk/perl/arrmore/type-nynaut?ArrNr=19938479
"Danseundervisning, Børn Linedance / Begynder +",Linedance / Begynder +,For dem der kender de fleste grundtrin.,Man. 18. maj 2026,19.10,https://www.kultunaut.dk/perl/arrmore/type-nynaut?ArrNr=19871966
Gymnastik/aerobic Rytme Quinder,Rytme Quinder,Moderne rytmegymnastik. Sæsonen afsluttes med ca. 3 opvisninger.,Man. 18. maj 2026,19.15,https://www.kultunaut.dk/perl/arrmore/type-nynaut?ArrNr=19872038
Andet boldspil Mixhold voksen,Mixhold voksen,"Fælles opvarmning hvor alle kan være med, øvelser og afslutter ofte med kamp. God stemning og fokus på at der er plads til alle.",Man. 18. maj 2026,19.15,https://www.kultunaut.dk/perl/arrmore/type-nynaut?ArrNr=19871925
Andre Film Eleanors sandhed,Eleanors sandhed,Så er det atter tid til hygge i Koldings hyggeligste biograf. Fra kl. 18.00 byder vi på fællesspisning hvor Tobbers igen kommer og gør aftenen forrygende inden vi starter film kl. 19.30.,Man. 18. maj 2026,19.30,https://www.kultunaut.dk/perl/arrmore/type-nynaut?ArrNr=19932537
"Danseundervisning, Børn Linedance / Let øvet",Linedance / Let øvet,For dem der kan alle grundtrin og lyst til større udfordringer.,Man. 18. maj 2026,20.10,https://www.kultunaut.dk/perl/arrmore/type-nynaut?ArrNr=19871733
Action/Drama Mortal Kombat II,Mortal Kombat II,"De populære fanfavoritter - nu med selveste Johnny Cage på holdet - står over for hinanden i det ultimative opgør for at nedkæmpe Shao Kahns mørke herredømme, der truer selve Jordrigets eksistens og dets beskyttere.",Man. 18. maj 2026,21.15,https://www.kultunaut.dk/perl/arrmore/type-nynaut?ArrNr=19962492
Andet motionstilbud Motionsgymnastik,Motionsgymnastik,"Har du lyst til at få rørt hele kroppen og få sved på panden, så er disse timer noget for dig. En gymnastiktime med højt humør og dejlig inspirerende musik. Men pas på, - du bliver hurtig afhængig !!!",Tir. 19. maj 2026,See description,https://www.kultunaut.dk/perl/arrmore/type-nynaut?ArrNr=19873650
Andet motionstilbud Bodybike,Bodybike,Fuld fart på pedalerne og gang i svedproduktionen. HUSK vand og spinningsko. Her er konditionstræning for alle pengene.,Tir. 19. maj 2026,09.30,https://www.kultunaut.dk/perl/arrmore/type-nynaut?ArrNr=19874086
Andre Film Børnebiffen - Filmpakke 4 - Fra 3 år,Børnebiffen - Filmpakke 4 - Fra 3 år,"Cirkeline - Klodsmus. Instruktør, Jannik Hastrup. Det er regnvejr, og musebedstefar fortæller histo-rien om Klodsmus - en musevariant af ""Klodshans"", H.C. Andersens eventyr om herremandens søn, der vinder kongedatterens hjerte.",Tir. 19. maj 2026,See description,https://www.kultunaut.dk/perl/arrmore/type-nynaut?ArrNr=19792082
Gymnastik/aerobic Vandgymnastik,Vandgymnastik,"Træning i vand til god musik. Vi træner kroppens center, med fokus på ryg og mave, og bruger vandets modstand til at styrke alle kroppens muskler.",Tir. 19. maj 2026,See description,https://www.kultunaut.dk/perl/arrmore/type-nynaut?ArrNr=19873883
Fitness/styrketræning Intervaltræning,Intervaltræning,"Med et antal trænings skift, veksler man mellem øvelser for både styrke og kondition. Inden for kort tid opnår man stor effekt. Der er fuld fart på, og man får virkelig sved på panden og pulsen op. Så kom og prøv.",Tir. 19. maj 2026,See description,https://www.kultunaut.dk/perl/arrmore/type-nynaut?ArrNr=19873889
Familiefilm Fårbrydelsen,Fårbrydelsen,"I denne finurlige og nyskabende krimihistorie er George (Hugh Jackman) en fårehyrde, der hver aften læser detektivromaner højt for sine elskede får - overbevist om, at de umuligt kan forstå dem.",Tir. 19. maj 2026,11.25,https://www.kultunaut.dk/perl/arrmore/type-nynaut?ArrNr=19962388
Tegnefilm/Animation Super Mario Galaxy Filmen,Super Mario Galaxy Filmen,Here we go. Again! Animationsfilmen 'Super Mario Galaxy Filmen' (The Super Mario Galaxy Movie) er fortsættelsen til Super Mario Bros. Filmen fra 2023 og denne gang bliver eventyret endnu større!,Tir. 19. maj 2026,11.30,https://www.kultunaut.dk/perl/arrmore/type-nynaut?ArrNr=19916799
Tegnefilm/Animation Dragens vogter,Dragens vogter,"I det gamle Kina opdager den unge pige Ping, at hun er skæbnebestemt til at beskytte den sidste levende drage og et mystisk æg, der bærer håbet for hele dragens slægt.",Tir. 19. maj 2026,11.30,https://www.kultunaut.dk/perl/arrmore/type-nynaut?ArrNr=19954485
Action/Drama De forbandede år 3 - Fredens pris,De forbandede år 3 - Fredens pris,"Året er 1945. Krigen er endelig slut. Danmark er frit, men splittet. Meget har ændret sig for familien Skov. Karl og Evas ægteskab er tyndslidt, og Eva beslutter at forlade sin mand.",Tir. 19. maj 2026,See description,https://www.kultunaut.dk/perl/arrmore/type-nynaut?ArrNr=19952528
Action/Drama Affektionsværdi,Affektionsværdi,"Det norske drama 'Affektionsværdi' følger søstrene Nora (Renate Reinsve) og Agnes (Inga Ibsdotter Lilleaas), som genforenes med deres far Gustav (Stellan Skarsgård) - en førhen ganske feteret instruktør, som drømmer om det store comeback.",Tir. 19. maj 2026,20.15,https://www.kultunaut.dk/perl/arrmore/type-nynaut?ArrNr=19958590
Action/Drama Michael,Michael,"Filmen 'Michael' skildrer en af de mest indflydelsesrige kunstnere nogensinde, Michael Jackson.",Tir. 19. maj 2026,12.45,https://www.kultunaut.dk/perl/arrmore/type-nynaut?ArrNr=19958682
Andet motionstilbud Kom og spil kegler (For alle niveauer - 55+ år),Kom og spil kegler (For alle niveauer - 55+ år),"HUSK indendørssko! Hvordan spiller man kegler?. Man starter med at indtage en ""startstilling"". Denne afhænger af hvilken teknik man bruger. Kaster man med to hænder, stiller man sig med spredte ben hen over linoleumsstykket.",Tir. 19. maj 2026,See description,https://www.kultunaut.dk/perl/arrmore/type-nynaut?ArrNr=19873691
Dokumentar Billie Eilish - Hit Me Hard and Soft: The Tour,Billie Eilish - Hit Me Hard and Soft: The Tour,Optaget under hendes udsolgte verdensturné bringer Billie Eilish - HIT ME HARD AND SOFT: THE TOUR (LIVE IN 3D) en nyskabende koncertoplevelse til det store lærred fra en af sin generations mest anerkendte og succesfulde kunstnere.,Tir. 19. maj 2026,13.40,https://www.kultunaut.dk/perl/arrmore/type-nynaut?ArrNr=19962375
Komedie/Romantik The Devil Wears Prada 2,The Devil Wears Prada 2,"""A sequel? For spring? Groundbreaking."". Filmen 'The Devil Wears Prada 2' er fortsættelsen til den elskede film fra 2006, The Devil Wears Prada.",Tir. 19. maj 2026,13.45,https://www.kultunaut.dk/perl/arrmore/type-nynaut?ArrNr=19916944
Action/Drama Dust Bunny,Dust Bunny,"Tiårige Aurora har en mystisk nabo (Mads Mikkelsen), som dræber virkelige monstre - han er lejemorder. Så da Aurora har brug for hjælp til at dræbe det monster, hun tror har spist hele hendes familie, hyrer hun ham.",Tir. 19. maj 2026,See description,https://www.kultunaut.dk/perl/arrmore/type-nynaut?ArrNr=19950878
"Lyrik/oplæsning, Børn Bogklubben Bogmestrene: tirsdagsklubben",Bogklubben Bogmestrene: tirsdagsklubben,"Vær med i børnebibliotekets bogklub, hvor der kun er tre regler!",Tir. 19. maj 2026,See description,https://www.kultunaut.dk/perl/arrmore/type-nynaut?ArrNr=19346305
Andre Film Iron Maiden: Burning Ambition,Iron Maiden: Burning Ambition,"""Iron Maiden: Burning Ambition"" fortæller historien om, hvordan Iron Maiden har været med til at forme en kulturel bevægelse og udfordre traditionelle opfattelser af rockmusik og heavy metals bredere samfundsmæssige og kulturelle betydning.",Tir. 19. maj 2026,16.15,https://www.kultunaut.dk/perl/arrmore/type-nynaut?ArrNr=19951870
Andre Film Værn,Værn,"Sydsverige i begyndelsen af 70'erne. Den kolde krig er allestedsnærværende. Påvirket af de stærke billeder i brochuren 'Hvis krigen kommer', begynder landarbejderen og eneboeren Karl-Göran Persson at sikre sit hus.",Tir. 19. maj 2026,16.30,https://www.kultunaut.dk/perl/arrmore/type-nynaut?ArrNr=19944596
Andet motionstilbud Bowling for ungdom (5-18 år),Bowling for ungdom (5-18 år),"Til vores træninger er timen delt op i 3 sektioner opvarmning/træningsøvelser/bowling & leg. Vi starter med en fælles opvarmning, for at få kroppen igang og klar til træningen.",Tir. 19. maj 2026,16.30,https://www.kultunaut.dk/perl/arrmore/type-nynaut?ArrNr=19873879
"Kampsporttræning, Børn Ninja kids - 4 til 7 år",Ninja kids - 4 til 7 år,"Er for børn i alderen 4 til ca. 7 år. Her bliver hovedsageligt trænet motorik, leget og ""tumlet"" på madrassen og der sluttes altid af med at ""bryde/slås for sjov"".",Tir. 19. maj 2026,16.30,https://www.kultunaut.dk/perl/arrmore/type-nynaut?ArrNr=19874140
Andre Film Hjem,Hjem,"Filmen tager sin begyndelse i 1991, på et tidspunkt, hvor hele Balkanregionen er i opløsning.",Tir. 19. maj 2026,See description,https://www.kultunaut.dk/perl/arrmore/type-nynaut?ArrNr=19944429
"Kampsporttræning, Børn Begynderhold",Begynderhold,"Som nybegynder eller let øvet, går meget af træningen ud på at indøve de helt basale teknikker som stød, parader, spark og stillinger, samt de grundlæggende japanske termer, der bruges.",Tir. 19. maj 2026,See description,https://www.kultunaut.dk/perl/arrmore/type-nynaut?ArrNr=19874112
"Andet motionstilbud, Børn Realistisk selvforsvar for alle (9+ år)",Realistisk selvforsvar for alle (9+ år),Vi træner selvforsvar på mix hold tirsdage og torsdage fra kl 18:30 til 20:00 kom ned i klubben og prøv om det er noget for dig.,Tir. 19. maj 2026,18.30,https://www.kultunaut.dk/perl/arrmore/type-nynaut?ArrNr=19873543
Ketchersport Tennistræning for seniorer,Tennistræning for seniorer,"Niveau Beskrivelse. 1 Begynder. Har ikke tidligere modtaget træning og spillere som har spillet 1-2 sæsoner. Ønsker at lære de grundlæggende principper og teknik, og møde andre nystartede. 2 Let øvet.",Tir. 19. maj 2026,See description,https://www.kultunaut.dk/perl/arrmore/type-nynaut?ArrNr=19908229
"Ketchersport, Børn Prøv squash med koldings bedste",Prøv squash med koldings bedste,"Om tirsdagen er der altid fælles træning, og der er mulighed for at komme forbi og prøve det.",Tir. 19. maj 2026,See description,https://www.kultunaut.dk/perl/arrmore/type-nynaut?ArrNr=19873682
"Kampsporttræning, Børn Begynder brydning - 7 til 13 år",Begynder brydning - 7 til 13 år,"Træningen består af kampleg, akrobatik, koordinationsøvelser samt bryde relaterede øvelser. Her læres at slå de mest basale brydegreb, og under træning får de også mulighed for at bryde rigtigt.",Tir. 19. maj 2026,17.30,https://www.kultunaut.dk/perl/arrmore/type-nynaut?ArrNr=19873872
Foredrag Investeringsaften med fokus på sundhed og biotek,Investeringsaften med fokus på sundhed og biotek,Besøg af FluoGuide Biotekselskab samt Global Health Invest - globale investeringer i sundhedssektoren.,Tir. 19. maj 2026,17.30,https://www.kultunaut.dk/perl/arrmore/type-nynaut?ArrNr=19602137
Fodboldtræning Fodbold alle tirsdage kl. 18.00,Fodbold alle tirsdage kl. 18.00,"Vi er en flok gamle gutter, der spiller fodbold for sjov, vores ældste mand er 87 år -yngste 38. Vi hedder KIF Oldboys, men langt de fleste har tidligere spillet i andre klubber, flere har aldrig spillet fodbold i en klub før KIF Oldboys.",Tir. 19. maj 2026,See description,https://www.kultunaut.dk/perl/arrmore/type-nynaut?ArrNr=19873632
"Andet motionstilbud, Børn Håndbold for herrer",Håndbold for herrer,Fordel med tidligere håndbolderfaring. Fokus på det sociale og spille god håndbold. Sæsonen starter i august og kører indtil april. Sommertræning i maj og juni.,Tir. 19. maj 2026,19.45,https://www.kultunaut.dk/perl/arrmore/type-nynaut?ArrNr=19873850
Gastronomi Klarsynsaften med Pehr Mathiesen,Klarsynsaften med Pehr Mathiesen,"Lyst til Livet v/Pehr Mathiesen fortsætter samarbejdet med Tobbers i de smukke lokaler i Dalbygade. Denne gang i en spændende, fornyet udgave af den spirituelle aften, hvor indholdet - som altid - suppleres med sanselig mad lavet fra bunden.",Tir. 19. maj 2026,See description,https://www.kultunaut.dk/perl/arrmore/type-nynaut?ArrNr=19616886
"Kampsporttræning, Børn Hold 3 (13 år +)",Hold 3 (13 år +),"Vores største hold. Her er plads til både eliten, talenterne, og dem der bare gerne vil have sved på panden og lære at bryde. Teknik træningen slutte kl. 19.30 fra 19.30 til 20.00 er der Open Mat.",Tir. 19. maj 2026,18.30,https://www.kultunaut.dk/perl/arrmore/type-nynaut?ArrNr=19873985
Foredrag Aflyst: Folkeuniversitet: Aktuelle danske bestsellere - med kant,Aflyst: Folkeuniversitet: Aktuelle danske bestsellere - med kant,Grav et spadestik dybere ned i dansk litteraturs aktuelle bestsellere sammen med eksperterne.,Tir. 19. maj 2026,18.30,https://www.kultunaut.dk/perl/arrmore/type-nynaut?ArrNr=19915696
Andet motionstilbud Krolf for alle - aften,Krolf for alle - aften,"Til træning der spiller vi 2-3 runder, vi har i alt 4 forskellige baner man kan komme og prøve. Det man får ud af det er: at møde nye mennesker, hyggeligt socialt samvær, venskaber for alle aldersgrupper. Man skal huske varmt tøj til tider.",Tir. 19. maj 2026,18.30,https://www.kultunaut.dk/perl/arrmore/type-nynaut?ArrNr=19874116
Action/Drama In the Grey,In the Grey,Et hemmeligt hold af eliteagenter lever i skyggerne.,Tir. 19. maj 2026,18.45,https://www.kultunaut.dk/perl/arrmore/type-nynaut?ArrNr=19954519
Andre Film Aftenvagt,Aftenvagt,"Floria (spillet af Leonie Benesch - mindst lige så fantastisk som i 'Lærerværelset') er en dedikeret sygeplejerske, der med urokkelig dedikation navigerer i det ubarmhjertige opskruet tempo på en kirurgisk afdeling på et hospital i Schweiz.",Tir. 19. maj 2026,See description,https://www.kultunaut.dk/perl/arrmore/type-nynaut?ArrNr=19944542
Andet motionstilbud Kegler for hele familien,Kegler for hele familien,"De fleste har prøvet bowling eller set spillet. Man kan godt sammenligne at spille bowling med kegler. Forskellen på disse 2 spil er, at kuglen er mindre i kegler, og uden huller til fingrene.",Tir. 19. maj 2026,See description,https://www.kultunaut.dk/perl/arrmore/type-nynaut?ArrNr=19873789
Musik Kirkekorets forårskoncert,Kirkekorets forårskoncert,"Forårskoncert i Harte Kirke Kirkekoret og Juniorkoret v/Marie Ulsdal vil synge forårets smukke sange, og organist Larisa Volchenko spiller orgelmusik fra kirkens orgel. Koncerten vil også blive krydret med fællessange!",Tir. 19. maj 2026,See description,https://www.kultunaut.dk/perl/arrmore/type-nynaut?ArrNr=19946094
"Andet motionstilbud, Børn Håndbold for damer",Håndbold for damer,Kræver tidligere håndbolderfaring. Fokus på det sociale og spille god håndbold. Sæsonen starter i august og kører indtil april. Sommertræning i maj og juni.,Tir. 19. maj 2026,19.45,https://www.kultunaut.dk/perl/arrmore/type-nynaut?ArrNr=19873603
"Andet motionstilbud, Børn Grappling og Brazilian jiu-jitsu",Grappling og Brazilian jiu-jitsu,Grappling og BJJ for alle niveauer.,Tir. 19. maj 2026,See description,https://www.kultunaut.dk/perl/arrmore/type-nynaut?ArrNr=19873800
Møder Pub Quiz,Pub Quiz,,Tir. 19. maj 2026,20:00,https://www.kultunaut.dk/perl/arrmore/type-nynaut?ArrNr=19886396
Thriller/Gyser Lee Cronin's The Mummy,Lee Cronin's The Mummy,"En ung pige forsvinder sporløst i ørkenen. Otte år senere bliver hendes knuste familie chokeret, da hun vender tilbage til dem. Det, der burde være en glædelig genforening, forvandles til et levende mareridt.",Tir. 19. maj 2026,21.15,https://www.kultunaut.dk/perl/arrmore/type-nynaut?ArrNr=19953281
Marked/byfest European Street Market,European Street Market,"- er et stemningsfuldt, udendørs pop-up marked med boder fra hele Europa. Oplev alt fra oste og delikatesser til søde fristelser, håndværk og street food - midt i en levende, europæisk atmosfære.",Tir. 19. til lør. 23. maj 2026 10:00 - 18:00 & 10:00 - 15:00,10:00,https://www.kultunaut.dk/perl/arrmore/type-nynaut?ArrNr=19869190
Ekskursion Guidet tur i Christiansfeld - Verdensarv i særklasse,Guidet tur i Christiansfeld - Verdensarv i særklasse,Velkommen til UNESCO-byen Christiansfeld - en by med en enestående historie. Tag med os på en historisk byvandring gennem de smukke gader i Christiansfeld. Vores guide fortæller dig historier om Brødremenigheden og byens historie - fra grundlæggelsen og.,Ons. 20. maj 2026 13:30 - 15:00,13:30,https://www.kultunaut.dk/perl/arrmore/type-nynaut?ArrNr=19862196
Andet Indvielse af Kongeåstien,Indvielse af Kongeåstien,Onsdag den 20. maj indvier vi 12 km af Kongeåstien - de sidste etaper fra kommunegrænsen mellem Vejen og Kolding til udspringet i Gåskær.,Ons. 20. maj 2026 14:30 - 16:00,14:30,https://www.kultunaut.dk/perl/arrmore/type-nynaut?ArrNr=19931420
Møder Pubquiz På Knuds garage,Pubquiz På Knuds garage,"Hver Onsdag kl 20, kan du komme på Knuds Garage og få din paratviden udfordret.",Ons. 20. maj 2026 20:00 - 23:00,20:00,https://www.kultunaut.dk/perl/arrmore/type-nynaut?ArrNr=19531931
Gymnastik/aerobic Motionsgymnastik i Arena Syd VAMDRUP,Motionsgymnastik i Arena Syd VAMDRUP,"Har du lyst til at få rørt hele kroppen og få sved på panden, så er disse timer noget for dig. En gymnastiktime med højt humør og dejlig inspirerende musik. Men pas på, - du bliver hurtig afhængig !!!",Ons. 20. maj 2026,See description,https://www.kultunaut.dk/perl/arrmore/type-nynaut?ArrNr=19874840
Ketchersport Pickleball,Pickleball,"Er en ketsjersport, der spilles med en let bold og et paddle (hårdt bat). Pickleball spilles på en bane i badmintonstørrelse, med tennis-lignende net. Der er elementer fra andre ketsjer/ bat spil - som tennis, squash, badminton og bordtennis.",Ons. 20. maj 2026,See description,https://www.kultunaut.dk/perl/arrmore/type-nynaut?ArrNr=19874932
Gymnastik/aerobic Vandgymnastik,Vandgymnastik,"Træning i vand til god musik. Vi træner kroppens center, med fokus på ryg og mave, og bruger vandets modstand til at styrke alle kroppens muskler.",Ons. 20. maj 2026,See description,https://www.kultunaut.dk/perl/arrmore/type-nynaut?ArrNr=19875216
Baby/barsel Babysalmesang,Babysalmesang,"Sammen vil vi synge, nynne, danse, vugge, og lytte os igennem velkendte sange og salmer i en afslappet og rolig atmosfære. Vi vil puste sæbebobler og spille på rasleæg, og meget mere. Vi vil bruge vores krop og vores stemme.",Ons. 20. maj 2026,See description,https://www.kultunaut.dk/perl/arrmore/type-nynaut?ArrNr=19692512
Andet motionstilbud Krolf,Krolf,"Vi spiller krolf fra april til og med juni måned og igen fra august til oktober. Der er køller og bolde til udlån - og vi opfordrer ALLE der har lyst, til at komme og prøve.",Ons. 20. maj 2026,See description,https://www.kultunaut.dk/perl/arrmore/type-nynaut?ArrNr=19874852
Andet boldspil Petanque,Petanque,"Kolding KFUM Senioridræt er er forening for senior der kan være aktive om dagen. Alle kan deltage og der lægges stor vægt på det sociale, så der er altid kaffepause. Der er kugle at spille med, så sørg for påklædning der passer til vejret.",Ons. 20. maj 2026,See description,https://www.kultunaut.dk/perl/arrmore/type-nynaut?ArrNr=19875086
Danseundervisning Let's dance i arena syd vamdrup,Let's dance i arena syd vamdrup,"Ved brug af den skønne musik sammen med enkelte dansetrin kommer forbrændingen i vejret og kroppen fyldes med energi - samtidig med at det er sjovt og nemt at lære- Alle kan være med - unge som ældre, mænd og kvinder.",Ons. 20. maj 2026,10.15,https://www.kultunaut.dk/perl/arrmore/type-nynaut?ArrNr=19875082
Andet motionstilbud Funktionel / balancetræning,Funktionel / balancetræning,"Funktionel træning fokuserer på naturlige bevægelser, som den menneskelige krop allerede er skabt til at lave. Bevægelser som at løfte, trække, rotere eller skubbe, er bevægelser som vi allerede laver, eller kan få brug for i dagligdagen.",Ons. 20. maj 2026,10.30,https://www.kultunaut.dk/perl/arrmore/type-nynaut?ArrNr=19874927
Andet motionstilbud Vandgymnastik i Kongeåbadet VAMDRUP,Vandgymnastik i Kongeåbadet VAMDRUP,"Træning i vand til god musik. Vi træner kroppens center, med fokus på ryg og mave, og bruger vandets modstand til at styrke alle kroppens muskler.",Ons. 20. maj 2026,See description,https://www.kultunaut.dk/perl/arrmore/type-nynaut?ArrNr=19875346
Tegnefilm/Animation Super Mario Galaxy Filmen,Super Mario Galaxy Filmen,Here we go. Again! Animationsfilmen 'Super Mario Galaxy Filmen' (The Super Mario Galaxy Movie) er fortsættelsen til Super Mario Bros. Filmen fra 2023 og denne gang bliver eventyret endnu større!,Ons. 20. maj 2026,11.30,https://www.kultunaut.dk/perl/arrmore/type-nynaut?ArrNr=19933131
Andre Film Hjem,Hjem,"Filmen tager sin begyndelse i 1991, på et tidspunkt, hvor hele Balkanregionen er i opløsning.",Ons. 20. maj 2026,11.30,https://www.kultunaut.dk/perl/arrmore/type-nynaut?ArrNr=19966468
Action/Drama Affektionsværdi,Affektionsværdi,"Det norske drama 'Affektionsværdi' følger søstrene Nora (Renate Reinsve) og Agnes (Inga Ibsdotter Lilleaas), som genforenes med deres far Gustav (Stellan Skarsgård) - en førhen ganske feteret instruktør, som drømmer om det store comeback.",Ons. 20. maj 2026,11.45,https://www.kultunaut.dk/perl/arrmore/type-nynaut?ArrNr=19952449
Komedie/Romantik The Devil Wears Prada 2,The Devil Wears Prada 2,"""A sequel? For spring? Groundbreaking."". Filmen 'The Devil Wears Prada 2' er fortsættelsen til den elskede film fra 2006, The Devil Wears Prada.",Ons. 20. maj 2026,13.45,https://www.kultunaut.dk/perl/arrmore/type-nynaut?ArrNr=19958512
Science Fiction The Mandalorian & Grogu,The Mandalorian & Grogu,"Tag med dusørjægeren Din Djarin og hans unge lærling Grogu på en ny mission i 'The Mandalorian & Grogu.'. Imperiet er faldet, men galaksen er langt fra fredelig.",Ons. 20. maj 2026,16.45,https://www.kultunaut.dk/perl/arrmore/type-nynaut?ArrNr=19868097
Andet motionstilbud Kom og spil kegler (For alle niveauer - 55+ år),Kom og spil kegler (For alle niveauer - 55+ år),"HUSK indendørssko! Hvordan spiller man kegler?. Man starter med at indtage en ""startstilling"". Denne afhænger af hvilken teknik man bruger. Kaster man med to hænder, stiller man sig med spredte ben hen over linoleumsstykket.",Ons. 20. maj 2026,See description,https://www.kultunaut.dk/perl/arrmore/type-nynaut?ArrNr=19875182
Andre Film Aftenvagt,Aftenvagt,"Floria (spillet af Leonie Benesch - mindst lige så fantastisk som i 'Lærerværelset') er en dedikeret sygeplejerske, der med urokkelig dedikation navigerer i det ubarmhjertige opskruet tempo på en kirurgisk afdeling på et hospital i Schweiz.",Ons. 20. maj 2026,13.30,https://www.kultunaut.dk/perl/arrmore/type-nynaut?ArrNr=19964335
Foredrag Sogneeftermiddag - Islandske sagaer,Sogneeftermiddag - Islandske sagaer,"Island blev bosat i vikingetiden, og de islandske sagaer fortæller om, hvordan det gik for sig - naboer røg i totterne på hinanden over en strandet hval eller en stak hø, og der blev udført magiske ritualer for at forudsige fremtiden, mens balstyrige.",Ons. 20. maj 2026,See description,https://www.kultunaut.dk/perl/arrmore/type-nynaut?ArrNr=19774054
Familiefilm Fårbrydelsen,Fårbrydelsen,"I denne finurlige og nyskabende krimihistorie er George (Hugh Jackman) en fårehyrde, der hver aften læser detektivromaner højt for sine elskede får - overbevist om, at de umuligt kan forstå dem.",Ons. 20. maj 2026,14.10,https://www.kultunaut.dk/perl/arrmore/type-nynaut?ArrNr=19953322
Skydning Bueskydning,Bueskydning,Vi skyder med bue og pile mod en skive. Det kræver stor koncentration når man skyder. Man kommer til hallen (hal 2 i Pulzion) og bliver mødt af en der tager sig af dig. Du vil blive introduceret for alle så i ved hvem i er.,Ons. 20. maj 2026,14.20,https://www.kultunaut.dk/perl/arrmore/type-nynaut?ArrNr=19875252
Omvisning Rundvisning - Harteværket,Rundvisning - Harteværket,"Oplev historien for opførelsen af Danmarks første vandkraftværk, som blev indviet i 1920. En utrolig spændende historie, som også i fremtiden vil have en vigtig rolle for Kolding i forbindelse med de klimatilpasninger, som er forberedt på Harteværket.",Ons. 20. maj 2026,See description,https://www.kultunaut.dk/perl/arrmore/type-nynaut?ArrNr=19701636
Dokumentar Franz,Franz,"Filmen skildrer det gådefulde liv for Franz Kafka, fra hans ungdom i Prag til hans død i 1924. I stedet for at være en traditionel biografi er Franz sat op som en kalejdoskopisk mosaik af drømme, breve, fragmenter fra hans fiktion og historiske episoder.",Ons. 20. maj 2026,See description,https://www.kultunaut.dk/perl/arrmore/type-nynaut?ArrNr=19944376
"Ketchersport, Børn Tennistræning for juniorer mellem 7 og 17 år",Tennistræning for juniorer mellem 7 og 17 år,"Gå til tennis hos KIF Tennis og få gratis træning. Nu starter vi igen hold for juniorer - et for 7-11 årige og et for 12-15 årige. Vi har et super godt trænerteam, og et godt fællesskab.",Ons. 20. maj 2026,See description,https://www.kultunaut.dk/perl/arrmore/type-nynaut?ArrNr=19907908
"Danseundervisning, Børn Linedance/ Absolut Begynder",Linedance/ Absolut Begynder,For dem der aldrig har prøvet før.,Ons. 20. maj 2026,17.55,https://www.kultunaut.dk/perl/arrmore/type-nynaut?ArrNr=19874923
Løbetræning/jogging Løbetræning,Løbetræning,"Vi løber mandag og onsdag klokken 17 samt lørdag klokken 10 fra Bøgelund, Bramdrup. Skovvej 40. Kom i god tid - vi starter præcis. Du kan deltage 3-4 gange før du melder dig ind i klubben. Lavt kontingent - 300 kroner for et kalenderår.",Ons. 20. maj 2026,18.30,https://www.kultunaut.dk/perl/arrmore/type-nynaut?ArrNr=19920730
"Andet motionstilbud, Børn Hockey for voksne med særlige behov",Hockey for voksne med særlige behov,"Til hockey er der plads til alle uanset niveau. Efter en god opvarmning, træner vi med hockeystave og puck, hvor vi øver i at skyde til hinanden samt at skyde på mål. Hvis du ikke har prøvet at spille hockey før, skal du nok blive sat ind i reglerne.",Ons. 20. maj 2026,See description,https://www.kultunaut.dk/perl/arrmore/type-nynaut?ArrNr=19874824
Møder Brætspilsklubben,Brætspilsklubben,"Elsker du brætspil, og mangler du et hyggeligt fællesskab at spille sammen med?",Ons. 20. maj 2026,20.30,https://www.kultunaut.dk/perl/arrmore/type-nynaut?ArrNr=19336110
Møder Menighedsrådsmøde,Menighedsrådsmøde,,Ons. 20. maj 2026,See description,https://www.kultunaut.dk/perl/arrmore/type-nynaut?ArrNr=19783207
Gymnastik/aerobic Motionsmix,Motionsmix,Sjov motionsgymnastik for både damer og herrer. Alle kan deltage uanset alder og skavanker.,Ons. 20. maj 2026,See description,https://www.kultunaut.dk/perl/arrmore/type-nynaut?ArrNr=19875118
"Foredrag Mathias Vinsten Munk ""Unge med ADHD og autisme er også en ressource""","Mathias Vinsten Munk ""Unge med ADHD og autisme er også en ressource""","AuDHD-ungecaféen inviterer. Foredrag v/ Mathias Vinsten Munk ""Unge med ADHD og autisme er en ressource"". Unge og forældre/omsorgspersoner er meget velkomne.

  Arrangeret af ADHD Forening Sydjylland.",Ons. 20. maj 2026,See description,https://www.kultunaut.dk/perl/arrmore/type-nynaut?ArrNr=19932298
"Danseundervisning, Børn Linedance / Begynder",Linedance / Begynder,For dem der kender lidt til grundtrin.,Ons. 20. maj 2026,18.05,https://www.kultunaut.dk/perl/arrmore/type-nynaut?ArrNr=19875063
Dokumentar Billie Eilish - Hit Me Hard and Soft: The Tour,Billie Eilish - Hit Me Hard and Soft: The Tour,Optaget under hendes udsolgte verdensturné bringer Billie Eilish - HIT ME HARD AND SOFT: THE TOUR (LIVE IN 3D) en nyskabende koncertoplevelse til det store lærred fra en af sin generations mest anerkendte og succesfulde kunstnere.,Ons. 20. maj 2026,18.15,https://www.kultunaut.dk/perl/arrmore/type-nynaut?ArrNr=19952825
Science Fiction Fangalla: Star Wars: The Mandalorian & Grogu,Fangalla: Star Wars: The Mandalorian & Grogu,Kom til fangalla på den nye Star Wars-film den 'Star Wars: The Mandalorian & Grogu' 20. majI have spoken: Vi skal have en fangalla!,Ons. 20. maj 2026,18.20,https://www.kultunaut.dk/perl/arrmore/type-nynaut?ArrNr=19870603
"Kampsporttræning, Børn Karate unge (13+) og voksne",Karate unge (13+) og voksne,"Hvad er karate?. Karate er først og fremmest selvforsvar! Når vi træner, så passer vi godt på hinanden. Men når man først er lidt øvet, så går vi tæt på hinanden - og man kan godt få et blåt mærke med hjem.",Ons. 20. maj 2026,18.30,https://www.kultunaut.dk/perl/arrmore/type-nynaut?ArrNr=19874838
Andet motionstilbud Krolf for alle - aften,Krolf for alle - aften,"Til træning der spiller vi 2-3 runder, vi har i alt 4 forskellige baner man kan komme og prøve. Det man får ud af det er: at møde nye mennesker, hyggeligt socialt samvær, venskaber for alle aldersgrupper. Man skal huske varmt tøj til tider.",Ons. 20. maj 2026,18.30,https://www.kultunaut.dk/perl/arrmore/type-nynaut?ArrNr=19874962
Thriller/Gyser Ready or Not 2: Here I Come,Ready or Not 2: Here I Come,Grace (Samara Weaving) har overlevet Le Dormas-familiens brutale angreb - men mareridtet er langt fra slut!,Ons. 20. maj 2026,See description,https://www.kultunaut.dk/perl/arrmore/type-nynaut?ArrNr=19765589
Komedie/Romantik I Swear,I Swear,"Er baseret på den inspirerende historie om John Davidson, der vokser op i 1980'ernes Skotland. Som teenager er han populær, målmand på fodboldholdet og fuld af selvtillid, indtil diagnosen Tourettes syndrom vender hans liv på hovedet.",Ons. 20. maj 2026,See description,https://www.kultunaut.dk/perl/arrmore/type-nynaut?ArrNr=19936951
Action/Drama Dust Bunny,Dust Bunny,"Tiårige Aurora har en mystisk nabo (Mads Mikkelsen), som dræber virkelige monstre - han er lejemorder. Så da Aurora har brug for hjælp til at dræbe det monster, hun tror har spist hele hendes familie, hyrer hun ham.",Ons. 20. maj 2026,See description,https://www.kultunaut.dk/perl/arrmore/type-nynaut?ArrNr=19944491
"Foredrag Foredrag ""Grundtvig - vanvid og visioner"" v/Asser Amdisen","Foredrag ""Grundtvig - vanvid og visioner"" v/Asser Amdisen","De fleste af os har et billede af Grundtvig, som den bløde og venlige præst, som skabte højskolen, det moderne Danmark og skrev de smukke salmer.",Ons. 20. maj 2026,See description,https://www.kultunaut.dk/perl/arrmore/type-nynaut?ArrNr=19868377
Andet motionstilbud Gratis badminton Spilfællesskab,Gratis badminton Spilfællesskab,Kolding KFUM Badminton inviterer hver onsdag i maj fra 19.00 - 21.00 til gratis åben spilfællesskab! Alle er velkomne til at komme og spille med. Spilfællesskabet er gratis.,Ons. 20. maj 2026,See description,https://www.kultunaut.dk/perl/arrmore/type-nynaut?ArrNr=19916035
Gospel/Kor/Fællessang Fællessang - omkring et flygel,Fællessang - omkring et flygel,"Oplev glæden ved at synge, udfordringen ved at lære nyt, nostalgien ved det kendte, fornøjelsen ved fællesskabet. og, og, - man kan blive ved.",Ons. 20. maj 2026,19:00,https://www.kultunaut.dk/perl/arrmore/type-nynaut?ArrNr=19938669
Jazz I sang: Kristkirken Kolding,I sang: Kristkirken Kolding,"Med koncertprojektet I SANG mødes musikere, kor og publikum i en sammensmeltning af nyskabende musik og fællessang.",Ons. 20. maj 2026,19.30,https://www.kultunaut.dk/perl/arrmore/type-nynaut?ArrNr=19809031
"Danseundervisning, Børn Linedance / Letøvet",Linedance / Letøvet,For dem der kender alle grundtrin og har lyst til større udfordringer.,Ons. 20. maj 2026,20.10,https://www.kultunaut.dk/perl/arrmore/type-nynaut?ArrNr=19875130
Action/Drama In the Grey,In the Grey,Et hemmeligt hold af eliteagenter lever i skyggerne.,Ons. 20. maj 2026,See description,https://www.kultunaut.dk/perl/arrmore/type-nynaut?ArrNr=19953613
Jazz Aaron Parks Little Big + Zinssou Quartet,Aaron Parks Little Big + Zinssou Quartet,"Småt kan være uovertruffent godt. Sådan er det med Aaron Parks Little Big, der tæller fire af de allerstørste musikere på den internationale jazzscene lige nu. Småt bliver ganske enkelt ikke meget stø.",Tor. 21. maj 2026,See description,https://www.kultunaut.dk/perl/arrmore/type-nynaut?ArrNr=19352877
Workshop RepairCafé Kolding,RepairCafé Kolding,Kom og få hjælp til at reparere og på den måde forlænge dine tings levetid. Lad os sammen fixe alt fra lige fra cykler til tekstil og på den måde nedsætte forbruget.,Tor. 21. maj 2026 19:00 - 21:00,19:00,https://www.kultunaut.dk/perl/arrmore/type-nynaut?ArrNr=19418543
Foredrag Foredrag: Modstandsbevægelsen i Kolding - Historien i 10 aktioner,Foredrag: Modstandsbevægelsen i Kolding - Historien i 10 aktioner,"Når talen falder på Kolding under besættelsen, handler det oftest om Gestapo, der spredte frygt fra Staldgården. Men hvad med modstandsbevægelsen i Kolding?",Tor. 21. maj 2026 19:00 - 21:00,19:00,https://www.kultunaut.dk/perl/arrmore/type-nynaut?ArrNr=19886431
"Gastronomi Kvinde, kend din sommervin","Kvinde, kend din sommervin","Denne aften dedikeres til alle skønne kvinder, der ønsker en aften i vores selskab, hvor vi giver vores bud på året sommervine.",Tor. 21. maj 2026 19:00-21.30,19:00,https://www.kultunaut.dk/perl/arrmore/type-nynaut?ArrNr=19935269
Andet motionstilbud Motionsgymnastik,Motionsgymnastik,"Har du lyst til at få rørt hele kroppen og få sved på panden, så er disse timer noget for dig. En gymnastiktime med højt humør og dejlig inspirerende musik. Men pas på, - du bliver hurtig afhængig !!!",Tor. 21. maj 2026,See description,https://www.kultunaut.dk/perl/arrmore/type-nynaut?ArrNr=19878668
Fitness/styrketræning Styrke/ryg træning,Styrke/ryg træning,"Her styrkes alle kroppens muskler, så ryggen kan klare hverdagen. Husk måtte.",Tor. 21. maj 2026,09.30,https://www.kultunaut.dk/perl/arrmore/type-nynaut?ArrNr=19878435
Andet motionstilbud Vandreture,Vandreture,"Ture ud i naturen i omegnen af Kolding med fokus på fællesskab, socialt samvær, motion og gode historier. Der er altid en pause, hvor den medbragte kaffe nydes.",Tor. 21. maj 2026,09.30,https://www.kultunaut.dk/perl/arrmore/type-nynaut?ArrNr=19878813
Lyrik/oplæsning DR Romanklub - Formiddagsholdet,DR Romanklub - Formiddagsholdet,"DR Romanklubben er for dig, der er interesseret i ny litteratur og gerne vil diskutere den med andre.",Tor. 21. maj 2026,11.30,https://www.kultunaut.dk/perl/arrmore/type-nynaut?ArrNr=18931457
Vandretur/stavgang Stavgang,Stavgang,"Der kan som udgangspunkt lånes stave i IFA de første par gange. Der vil hver gang være mulighed for instruktion i stavgangsteknik, ligesom der som regel er mulighed fora t vælge hold med forskellige tempi.",Tor. 21. maj 2026,11.30,https://www.kultunaut.dk/perl/arrmore/type-nynaut?ArrNr=19878562
Møder Torsdagscafe,Torsdagscafe,Et liv i med- og modgang med Grundtvig i ryggen. Foredrag ved tidligere politiker og regionsrådsformand Carl Holst.,Tor. 21. maj 2026,See description,https://www.kultunaut.dk/perl/arrmore/type-nynaut?ArrNr=19850351
Andet motionstilbud Knæ / hoftetræning,Knæ / hoftetræning,"Har du problemer med knæ og hofte, er dette hold noget for dig. Musklerne i benet har sammenhæng med. musklerne i hofte. På holdet arbejdes der med specifik styrketræning til disse muskler. I opstarten vil det.",Tor. 21. maj 2026,10.15,https://www.kultunaut.dk/perl/arrmore/type-nynaut?ArrNr=19878855
Danseundervisning Let's Dance,Let's Dance,"Ved brug af skøn musik til mange forskellige dansearter, sammen med enkelte dansetrin kommer forbrændingen i vejret og kroppen fyldes med energi - samtidig med at det er sjovt og nemt at lære- Alle kan være med - unge som ældre, mænd og kvinder, hvis bare.",Tor. 21. maj 2026,See description,https://www.kultunaut.dk/perl/arrmore/type-nynaut?ArrNr=19878481
Action/Drama In the Grey,In the Grey,Et hemmeligt hold af eliteagenter lever i skyggerne.,Tor. 21. maj 2026,11.30,https://www.kultunaut.dk/perl/arrmore/type-nynaut?ArrNr=19966560
Action/Drama Eleanors sandhed,Eleanors sandhed,"Det hjertevarme drama 'Eleanors sandhed' følger Eleanor Morgenstein, der efter et stort tab forlader Florida og flytter til New York for at begynde forfra.",Tor. 21. maj 2026,11.30,https://www.kultunaut.dk/perl/arrmore/type-nynaut?ArrNr=19966460
Tegnefilm/Animation Super Mario Galaxy Filmen,Super Mario Galaxy Filmen,Here we go. Again! Animationsfilmen 'Super Mario Galaxy Filmen' (The Super Mario Galaxy Movie) er fortsættelsen til Super Mario Bros. Filmen fra 2023 og denne gang bliver eventyret endnu større!,Tor. 21. maj 2026,See description,https://www.kultunaut.dk/perl/arrmore/type-nynaut?ArrNr=19966477
Andet motionstilbud Gym Stick-----styrketræning,Gym Stick-----styrketræning,"Gymstick muliggør en effektiv træning af styrke, udholdenhed, bevægelighed og koordination. Det er muligt. at lave mange øvelser for at træne hele kroppen samt målrettet arbejde for enkelte muskelgrupper.",Tor. 21. maj 2026,12.15,https://www.kultunaut.dk/perl/arrmore/type-nynaut?ArrNr=19878627
Gymnastik/aerobic Yoga,Yoga,"Deltagerne på holdene giver udtryk for, at hele kroppen bliver arbejdet godt igennem i et roligt tempo, at de kommer ud i yderstillinger og bliver mere smidige.",Tor. 21. maj 2026,12.15,https://www.kultunaut.dk/perl/arrmore/type-nynaut?ArrNr=19878218
Science Fiction The Mandalorian & Grogu,The Mandalorian & Grogu,"Tag med dusørjægeren Din Djarin og hans unge lærling Grogu på en ny mission i 'The Mandalorian & Grogu.'. Imperiet er faldet, men galaksen er langt fra fredelig.",Tor. 21. maj 2026,12.30,https://www.kultunaut.dk/perl/arrmore/type-nynaut?ArrNr=19867899
Action/Drama Michael,Michael,"Filmen 'Michael' skildrer en af de mest indflydelsesrige kunstnere nogensinde, Michael Jackson.",Tor. 21. maj 2026,12.45,https://www.kultunaut.dk/perl/arrmore/type-nynaut?ArrNr=19966487
Andre Film Aftenvagt,Aftenvagt,"Floria (spillet af Leonie Benesch - mindst lige så fantastisk som i 'Lærerværelset') er en dedikeret sygeplejerske, der med urokkelig dedikation navigerer i det ubarmhjertige opskruet tempo på en kirurgisk afdeling på et hospital i Schweiz.",Tor. 21. maj 2026,13.30,https://www.kultunaut.dk/perl/arrmore/type-nynaut?ArrNr=19961941
Action/Drama Affektionsværdi,Affektionsværdi,"Det norske drama 'Affektionsværdi' følger søstrene Nora (Renate Reinsve) og Agnes (Inga Ibsdotter Lilleaas), som genforenes med deres far Gustav (Stellan Skarsgård) - en førhen ganske feteret instruktør, som drømmer om det store comeback.",Tor. 21. maj 2026,14.15,https://www.kultunaut.dk/perl/arrmore/type-nynaut?ArrNr=19966512
Action/Drama De forbandede år 3 - Fredens pris,De forbandede år 3 - Fredens pris,"Året er 1945. Krigen er endelig slut. Danmark er frit, men splittet. Meget har ændret sig for familien Skov. Karl og Evas ægteskab er tyndslidt, og Eva beslutter at forlade sin mand.",Tor. 21. maj 2026,14.20,https://www.kultunaut.dk/perl/arrmore/type-nynaut?ArrNr=19966446
Møder Mangafællesskabet,Mangafællesskabet,Elsker du manga og anime?,Tor. 21. maj 2026,See description,https://www.kultunaut.dk/perl/arrmore/type-nynaut?ArrNr=19484427
Møder Rockmusiksalon,Rockmusiksalon,"Uformelle eftermiddage, hvor man lytter til rockmusik i alle afskygninger.",Tor. 21. maj 2026,15.45,https://www.kultunaut.dk/perl/arrmore/type-nynaut?ArrNr=19772926
Andre Film Aphaca - Brug for hinanden,Aphaca - Brug for hinanden,"Er et nærværende og intimt portræt af fire drenge, der tager hele Danmark med storm. En film fyldt med håb og drømme midt i en larmende verden, hvor vi har brug for hinanden. En film om Aphaca.",Tor. 21. maj 2026,See description,https://www.kultunaut.dk/perl/arrmore/type-nynaut?ArrNr=19961827
"Andet motionstilbud, Børn Kolding Børnehøjskole",Kolding Børnehøjskole,"På Kolding Børnehøjskole tilbyder vi kurser, hvor børn kan fordybe sig og lære noget om det, som de er sammen om. Vores mål er at gøre verden større for de mindste. Vi tror på, at selv store ting kan skabes i det små, og af de små.",Tor. 21. maj 2026,See description,https://www.kultunaut.dk/perl/arrmore/type-nynaut?ArrNr=19878498
Andet motionstilbud Ungdomstræning for 5-18 årige,Ungdomstræning for 5-18 årige,"Til vores træninger er timen delt op i 3 sektioner opvarmning/træningsøvelser/bowling & leg. Vi starter med en fælles opvarmning, for at få kroppen igang og klar til træningen.",Tor. 21. maj 2026,See description,https://www.kultunaut.dk/perl/arrmore/type-nynaut?ArrNr=19878680
Gospel/Kor/Fællessang Fællessang i Kirken,Fællessang i Kirken,,Tor. 21. maj 2026,16.30,https://www.kultunaut.dk/perl/arrmore/type-nynaut?ArrNr=19548506
"Kampsporttræning, Børn Begynderhold",Begynderhold,"Som nybegynder eller let øvet, går meget af træningen ud på at indøve de helt basale teknikker som stød, parader, spark og stillinger, samt de grundlæggende japanske termer, der bruges.",Tor. 21. maj 2026,See description,https://www.kultunaut.dk/perl/arrmore/type-nynaut?ArrNr=19878798
Dokumentar Aphaca: Brug for hinanden,Aphaca: Brug for hinanden,"Siden 8. klasse har Bertram, Bertil, Rumle og Noah har haft et band, der netop har fået en pladekontrakt.",Tor. 21. maj 2026,17.10,https://www.kultunaut.dk/perl/arrmore/type-nynaut?ArrNr=19966579
"Ketchersport, Børn Tennis 5-8 årige",Tennis 5-8 årige,Udendørstræning: 1. Maj 2022 - 16. September 2022.,Tor. 21. maj 2026,17.15,https://www.kultunaut.dk/perl/arrmore/type-nynaut?ArrNr=19878174
"Kampsporttræning, Børn Begynder brydning - 7 til 13 år",Begynder brydning - 7 til 13 år,"Træningen består af leg, motorik/akrobatik, koordinationsøvelser samt bryde relaterede øvelser. Her læres at slå de mest basale brydegreb, og under træning får de også mulighed for at bryde rigtigt.",Tor. 21. maj 2026,17.30,https://www.kultunaut.dk/perl/arrmore/type-nynaut?ArrNr=19878209
"Ketchersport, Børn Junior squash for alle 6-16 årige",Junior squash for alle 6-16 årige,Mangler din søn eller datter en ny sportsgren?. SÅ ER DET SQUASH! Squash er sjovt for alle aldre - squash er blandt verdens sundeste sportsgrene & squash er motion!,Tor. 21. maj 2026,17.30,https://www.kultunaut.dk/perl/arrmore/type-nynaut?ArrNr=19878575
"Danseundervisning, Børn Linedance / Øvet",Linedance / Øvet,For dem der kan alle grundtrin og lyst til større udfordringer.,Tor. 21. maj 2026,17.30,https://www.kultunaut.dk/perl/arrmore/type-nynaut?ArrNr=19878423
Fodboldtræning Fodbold alle torsdage kl. 18.00,Fodbold alle torsdage kl. 18.00,"Vi er en flok gamle gutter, der spiller fodbold for sjov, vores ældste mand er 87 år -yngste 38. Vi hedder KIF Oldboys, men langt de fleste har tidligere spillet i andre klubber, flere har aldrig spillet fodbold i en klub før KIF Oldboys.",Tor. 21. maj 2026,See description,https://www.kultunaut.dk/perl/arrmore/type-nynaut?ArrNr=19878663
"Andet motionstilbud, Børn Håndbold for damer",Håndbold for damer,Kræver tidligere håndbolderfaring. Fokus på det sociale og spille god håndbold. Sæsonen starter i august og kører indtil april. Sommertræning i maj og juni.,Tor. 21. maj 2026,19.45,https://www.kultunaut.dk/perl/arrmore/type-nynaut?ArrNr=19878745
"Kampsporttræning, Børn Hold 3 (13 år +)",Hold 3 (13 år +),"Vores største hold. Her er plads til både eliten, talenterne, og dem der bare gerne vil have sved på panden og lære at bryde. Teknik træningen slutte kl. 19.30 fra 19.30 til 20.00 er der Open Mat.",Tor. 21. maj 2026,18.30,https://www.kultunaut.dk/perl/arrmore/type-nynaut?ArrNr=19878419
"Andet motionstilbud, Børn Realistisk selvforsvar for alle (9+ år)",Realistisk selvforsvar for alle (9+ år),Vi træner selvforsvar på mix hold tirsdage og torsdage fra kl 18:30 til 20:00 kom ned i kluben og prøv omdet er noget for dig.,Tor. 21. maj 2026,18.30,https://www.kultunaut.dk/perl/arrmore/type-nynaut?ArrNr=19878526
Andre Film Hjem,Hjem,"Filmen tager sin begyndelse i 1991, på et tidspunkt, hvor hele Balkanregionen er i opløsning.",Tor. 21. maj 2026,See description,https://www.kultunaut.dk/perl/arrmore/type-nynaut?ArrNr=19961313
Show/stand up Lill's Legestue,Lill's Legestue,"En aften du ikke vil gå glip af! Den lokale komiker, hiver nogle af sine dygtigste kolleger forbi Tobbers på en aften hvor alt kan ske. Hvem du kan opleve, får du først at vide på dagen, men én ting er helt sikkert: Det bliver sjovt!",Tor. 21. maj 2026,See description,https://www.kultunaut.dk/perl/arrmore/type-nynaut?ArrNr=19278387
Andet motionstilbud Kegler for hele familien,Kegler for hele familien,"De fleste har prøvet bowling eller set spillet. Man kan godt sammenligne at spille bowling med kegler. Forskellen på disse 2 spil er, at kuglen er mindre i kegler, og uden huller til fingrene.",Tor. 21. maj 2026,See description,https://www.kultunaut.dk/perl/arrmore/type-nynaut?ArrNr=19878242
Gastronomi Duel 3.0 - Fratelli Vine Vs. Vestergaard Wines,Duel 3.0 - Fratelli Vine Vs. Vestergaard Wines,"Fratelli Kolding inviterer til næste holmgang ver. 3.0. I kælderen dyster de to passionerede sommelierer, om æren - og dine smagsløg. Begge med faglige rødder i Kolding. På den ene side:.",Tor. 21. maj 2026,See description,https://www.kultunaut.dk/perl/arrmore/type-nynaut?ArrNr=19757390
Show/stand up Det store 90'er Quiz Show,Det store 90'er Quiz Show,Vi skal på en tidsrejse til et af de mest farverige og uforglemmelige årtier i musikkens historie. Et årti også kendt som ?Det Glade Årti?,Tor. 21. maj 2026,19.30,https://www.kultunaut.dk/perl/arrmore/type-nynaut?ArrNr=18714824
Show/stand up Comedy med kosmonauterne - maj 2026,Comedy med kosmonauterne - maj 2026,,Tor. 21. maj 2026,19.30,https://www.kultunaut.dk/perl/arrmore/type-nynaut?ArrNr=18739573
"Andet motionstilbud, Børn Håndbold for herrer",Håndbold for herrer,Fordel med tidligere håndbolderfaring. Fokus på det sociale og spille god håndbold. Sæsonen starter i august og kører indtil april. Sommertræning i maj og juni.,Tor. 21. maj 2026,19.45,https://www.kultunaut.dk/perl/arrmore/type-nynaut?ArrNr=19878720
"Andet motionstilbud, Børn Grappling and Brazilian jiu-jitsu",Grappling and Brazilian jiu-jitsu,Grappling and BJJ for all skill levels.,Tor. 21. maj 2026,See description,https://www.kultunaut.dk/perl/arrmore/type-nynaut?ArrNr=19878588
Show/stand up Open Mic,Open Mic,,Tor. 21. maj 2026,21:00,https://www.kultunaut.dk/perl/arrmore/type-nynaut?ArrNr=19886387
Thriller/Gyser Obsession,Obsession,"I gyserfilmen 'Obsession' er teenageren Bear håbløst forelsket i sin barndomsven Nikki. I et desperat forsøg på at vinde hendes kærlighed får han fat i de mystiske ""One Wish Willow"" og ønsker, at Nikki vil elske ham højere end nogen anden i verden.",Tor. 21. maj 2026,21.10,https://www.kultunaut.dk/perl/arrmore/type-nynaut?ArrNr=19973419
For børn Sang og spjæt med dagplejerne,Sang og spjæt med dagplejerne,"Sang og Spjæt er 30 minutters musik og sang for de mindste og foregår i Vonsild Kirke Alle dagplejere, vuggestuer og hjemmepassere i Vonsild er velkomne til at deltage.",Fre. 22. maj 2026,09.30,https://www.kultunaut.dk/perl/arrmore/type-nynaut?ArrNr=19404312
Andet Før søndagen i sognegården/JLA,Før søndagen i sognegården/JLA,,Fre. 22. maj 2026,10.15,https://www.kultunaut.dk/perl/arrmore/type-nynaut?ArrNr=19967171
Tegnefilm/Animation Super Mario Galaxy Filmen,Super Mario Galaxy Filmen,Here we go. Again! Animationsfilmen 'Super Mario Galaxy Filmen' (The Super Mario Galaxy Movie) er fortsættelsen til Super Mario Bros. Filmen fra 2023 og denne gang bliver eventyret endnu større!,Fre. 22. maj 2026,11.30,https://www.kultunaut.dk/perl/arrmore/type-nynaut?ArrNr=19966559
Science Fiction The Mandalorian & Grogu,The Mandalorian & Grogu,"Tag med dusørjægeren Din Djarin og hans unge lærling Grogu på en ny mission i 'The Mandalorian & Grogu.'. Imperiet er faldet, men galaksen er langt fra fredelig.",Fre. 22. maj 2026,12.30,https://www.kultunaut.dk/perl/arrmore/type-nynaut?ArrNr=19867979
Action/Drama Michael,Michael,"Filmen 'Michael' skildrer en af de mest indflydelsesrige kunstnere nogensinde, Michael Jackson.",Fre. 22. maj 2026,12.45,https://www.kultunaut.dk/perl/arrmore/type-nynaut?ArrNr=19966573
Andet motionstilbud Kom og spil kegler hver fredag eftermiddag,Kom og spil kegler hver fredag eftermiddag,"HUSK indendørssko! Hvordan spiller man kegler?. Man starter med at indtage en ""startstilling"". Denne afhænger af hvilken teknik man bruger. Kaster man med to hænder, stiller man sig med spredte ben hen over linoleumsstykket.",Fre. 22. maj 2026,See description,https://www.kultunaut.dk/perl/arrmore/type-nynaut?ArrNr=19884392
Andre Film Aftenvagt,Aftenvagt,"Floria (spillet af Leonie Benesch - mindst lige så fantastisk som i 'Lærerværelset') er en dedikeret sygeplejerske, der med urokkelig dedikation navigerer i det ubarmhjertige opskruet tempo på en kirurgisk afdeling på et hospital i Schweiz.",Fre. 22. maj 2026,See description,https://www.kultunaut.dk/perl/arrmore/type-nynaut?ArrNr=19961262
Action/Drama Affektionsværdi,Affektionsværdi,"Det norske drama 'Affektionsværdi' følger søstrene Nora (Renate Reinsve) og Agnes (Inga Ibsdotter Lilleaas), som genforenes med deres far Gustav (Stellan Skarsgård) - en førhen ganske feteret instruktør, som drømmer om det store comeback.",Fre. 22. maj 2026,See description,https://www.kultunaut.dk/perl/arrmore/type-nynaut?ArrNr=19966544
Action/Drama Eleanors sandhed,Eleanors sandhed,"Det hjertevarme drama 'Eleanors sandhed' følger Eleanor Morgenstein, der efter et stort tab forlader Florida og flytter til New York for at begynde forfra.",Fre. 22. maj 2026,16.20,https://www.kultunaut.dk/perl/arrmore/type-nynaut?ArrNr=19888033
Science Fiction Project Hail Mary,Project Hail Mary,I science fiction-filmen 'Project Hail Mary' skal Ryan Gosling redde jordens fremtid ved hjælp af en unik portion videnskab og humor!,Fre. 22. maj 2026,15.35,https://www.kultunaut.dk/perl/arrmore/type-nynaut?ArrNr=19981696
Dokumentar Billie Eilish - Hit Me Hard and Soft: The Tour,Billie Eilish - Hit Me Hard and Soft: The Tour,Optaget under hendes udsolgte verdensturné bringer Billie Eilish - HIT ME HARD AND SOFT: THE TOUR (LIVE IN 3D) en nyskabende koncertoplevelse til det store lærred fra en af sin generations mest anerkendte og succesfulde kunstnere.,Fre. 22. maj 2026,15.50,https://www.kultunaut.dk/perl/arrmore/type-nynaut?ArrNr=19966510
"Kampsporttræning, Børn Kaizen Kidz",Kaizen Kidz,"Holdet er tilrettelagt med en blanding af karate og fysisk aktivitet og leg, således at der hele tiden er aktivitet, og at børnene får tid til at bearbejde deres indtryk.",Fre. 22. maj 2026,17.30,https://www.kultunaut.dk/perl/arrmore/type-nynaut?ArrNr=19884284
"Workshop Flødebolle kursus hos Frellsen, Kolding","Flødebolle kursus hos Frellsen, Kolding",Imponér venner eller familie med dine egne flødebolle kreationer! Lær at fremstille 10 flødeboller hos Frellsen.,Fre. 22. maj 2026,16:00,https://www.kultunaut.dk/perl/arrmore/type-nynaut?ArrNr=19741515
Andre Film Hjem,Hjem,"Filmen tager sin begyndelse i 1991, på et tidspunkt, hvor hele Balkanregionen er i opløsning.",Fre. 22. maj 2026,16.30,https://www.kultunaut.dk/perl/arrmore/type-nynaut?ArrNr=19961609
Komedie/Romantik The Devil Wears Prada 2,The Devil Wears Prada 2,"""A sequel? For spring? Groundbreaking."". Filmen 'The Devil Wears Prada 2' er fortsættelsen til den elskede film fra 2006, The Devil Wears Prada.",Fre. 22. maj 2026,17.15,https://www.kultunaut.dk/perl/arrmore/type-nynaut?ArrNr=19932973
"Kampsporttræning, Børn Freestyle wrestling",Freestyle wrestling,Training for youth/senior + 15 years. The training is for beginners and advanced wrestlers of all levels.,Fre. 22. maj 2026,17.30,https://www.kultunaut.dk/perl/arrmore/type-nynaut?ArrNr=19884387
Thriller/Gyser Obsession,Obsession,"I gyserfilmen 'Obsession' er teenageren Bear håbløst forelsket i sin barndomsven Nikki. I et desperat forsøg på at vinde hendes kærlighed får han fat i de mystiske ""One Wish Willow"" og ønsker, at Nikki vil elske ham højere end nogen anden i verden.",Fre. 22. maj 2026,18.50,https://www.kultunaut.dk/perl/arrmore/type-nynaut?ArrNr=19981651
Action/Drama De Forbandede År 3 - Fredens pris - Dk. tekster,De Forbandede År 3 - Fredens pris - Dk. tekster,"Året er 1945. Krigen er endelig slut. Danmark er frit, men splittet. Meget har ændret sig for familien Skov, Karl og Evas ægteskab er tyndslidt, og Eva beslutter at forlade sin mand.",Fre. 22. maj 2026,See description,https://www.kultunaut.dk/perl/arrmore/type-nynaut?ArrNr=19961210
Show/stand up Det store 90'er Quiz Show,Det store 90'er Quiz Show,Vi skal på en tidsrejse til et af de mest farverige og uforglemmelige årtier i musikkens historie. Et årti også kendt som ?Det Glade Årti?,Fre. 22. maj 2026,19.30,https://www.kultunaut.dk/perl/arrmore/type-nynaut?ArrNr=18715258
Musik Koncert med Gosia og Karin,Koncert med Gosia og Karin,"Gosia Vind synger salmer, opera og musicals sammen med organisten i Tyrstrup Kirke, Karin Mølbak. Fri entre.",Fre. 22. maj 2026,19.30,https://www.kultunaut.dk/perl/arrmore/type-nynaut?ArrNr=19931096
Thriller/Gyser Passenger,Passenger,"Pas på, hvem du samler op. I gyserfilmen 'Passenger' er det unge par Tyler og Maddie på roadtrip, da de bliver vidner til en voldsom bilulykke.",Fre. 22. maj 2026,21.15,https://www.kultunaut.dk/perl/arrmore/type-nynaut?ArrNr=19966539
Vandretur/stavgang Vandretur på Kongeåstien,Vandretur på Kongeåstien,"Kongeåens Vandrefællesskab og Bevæg dig for livet inviterer på vandretur. Turen er let krævende idet der ikke er belægning på stien, tag godt fodtøj på og påklædning efter vejret. Tilmelding er gratis og skal ske her: shopkolding.dk/vandretur.",Lør. 23. maj 2026 10:00-13:30,10:00,https://www.kultunaut.dk/perl/arrmore/type-nynaut?ArrNr=19931627
Ekskursion Guidet tur i Christiansfeld - Verdensarv i særklasse,Guidet tur i Christiansfeld - Verdensarv i særklasse,Velkommen til UNESCO-byen Christiansfeld - en by med en enestående historie. Tag med os på en historisk byvandring gennem de smukke gader i Christiansfeld. Vores guide fortæller dig historier om Brødremenigheden og byens historie - fra grundlæggelsen og.,Lør. 23. maj 2026 13:30 - 15:00,13:30,https://www.kultunaut.dk/perl/arrmore/type-nynaut?ArrNr=19862180
Ekskursion Guidet tur: De Dødes By - Historier fra Kolding Gamle Kirkegård,Guidet tur: De Dødes By - Historier fra Kolding Gamle Kirkegård,"Under gravstenene på Gamle Kirkegård hviler mange af de mennesker, der har været med til at skabe det Kolding, vi går rundt i i dag. De fortæller om, hvordan Kolding gik fra købstad til industriby.",Lør. 23. maj 2026 14:00 - 15:30,14:00,https://www.kultunaut.dk/perl/arrmore/type-nynaut?ArrNr=19834570
Natur Havfrueaften,Havfrueaften,"Oplev en inspirerende aften for kvinder, med hygge og forkælelse i en afslappet atmosfære.",Lør. 23. maj 2026 19:00 - 23:00,19:00,https://www.kultunaut.dk/perl/arrmore/type-nynaut?ArrNr=19407737
For børn Håndbold for børn (2-5 årige),Håndbold for børn (2-5 årige),"Motorik baner, boldmassage og meget mere. Aktiviteterne gennemføres sammen med en forældre/voksen. Sørg for at børnene har noget ordentligt fodtøj og tøj de kan bevæge sig i. Sæsonen starter i august/september og slutter i april/maj.",Lør. 23. maj 2026,See description,https://www.kultunaut.dk/perl/arrmore/type-nynaut?ArrNr=19888719
Tegnefilm/Animation Ustoppelig,Ustoppelig,"Filmen vises med dansk tale. 'Ustoppelig' er en actionfyldt animationsfilm med de mindste helte, du nogensinde har set. Kaja er en ustoppelig lille celle, der bor i nyrerne på tiårige Erik.",Lør. 23. maj 2026,See description,https://www.kultunaut.dk/perl/arrmore/type-nynaut?ArrNr=19966435
Familiefilm Fårbrydelsen,Fårbrydelsen,"I denne finurlige og nyskabende krimihistorie er George (Hugh Jackman) en fårehyrde, der hver aften læser detektivromaner højt for sine elskede får - overbevist om, at de umuligt kan forstå dem.",Lør. 23. maj 2026,12.15,https://www.kultunaut.dk/perl/arrmore/type-nynaut?ArrNr=19968711
"Løbetræning/jogging, Børn Løbetræning",Løbetræning,Vi løber mandag og onsdag klokken 17 samt lørdag klokken 10 fra Bøgelund (i sommerhalvåret starter den lange tur på +16km kl. 09.00). Hvor holder vi til? Bramdrup Skovvej 40. Kom i god tid - vi starter præcis.,Lør. 23. maj 2026,See description,https://www.kultunaut.dk/perl/arrmore/type-nynaut?ArrNr=19919980
"Andet motionstilbud, Børn Kvinder / Mandfolk på MTB",Kvinder / Mandfolk på MTB,Mountainbike for alle - Fokus på stier og fællesskab. Har du lyst til at komme ud i den friske luft på din mountainbike uden at bekymre dig om svære tekniske spor og stejle skrænter?,Lør. 23. maj 2026,See description,https://www.kultunaut.dk/perl/arrmore/type-nynaut?ArrNr=19943773
For børn Minikrea,Minikrea,Kreativ hygge for børnefamilier.,Lør. 23. maj 2026,See description,https://www.kultunaut.dk/perl/arrmore/type-nynaut?ArrNr=19956781
Tegnefilm/Animation Super Mario Galaxy Filmen,Super Mario Galaxy Filmen,Here we go. Again! Animationsfilmen 'Super Mario Galaxy Filmen' (The Super Mario Galaxy Movie) er fortsættelsen til Super Mario Bros. Filmen fra 2023 og denne gang bliver eventyret endnu større!,Lør. 23. maj 2026,14.10,https://www.kultunaut.dk/perl/arrmore/type-nynaut?ArrNr=19966552
Science Fiction The Mandalorian & Grogu,The Mandalorian & Grogu,"Tag med dusørjægeren Din Djarin og hans unge lærling Grogu på en ny mission i 'The Mandalorian & Grogu.'. Imperiet er faldet, men galaksen er langt fra fredelig.",Lør. 23. maj 2026,12.30,https://www.kultunaut.dk/perl/arrmore/type-nynaut?ArrNr=19868023
Action/Drama Affektionsværdi,Affektionsværdi,"Det norske drama 'Affektionsværdi' følger søstrene Nora (Renate Reinsve) og Agnes (Inga Ibsdotter Lilleaas), som genforenes med deres far Gustav (Stellan Skarsgård) - en førhen ganske feteret instruktør, som drømmer om det store comeback.",Lør. 23. maj 2026,10.15,https://www.kultunaut.dk/perl/arrmore/type-nynaut?ArrNr=19966557
Action/Drama Eleanors sandhed,Eleanors sandhed,"Det hjertevarme drama 'Eleanors sandhed' følger Eleanor Morgenstein, der efter et stort tab forlader Florida og flytter til New York for at begynde forfra.",Lør. 23. maj 2026,10.30,https://www.kultunaut.dk/perl/arrmore/type-nynaut?ArrNr=19932916
Action/Drama Michael,Michael,"Filmen 'Michael' skildrer en af de mest indflydelsesrige kunstnere nogensinde, Michael Jackson.",Lør. 23. maj 2026,13.50,https://www.kultunaut.dk/perl/arrmore/type-nynaut?ArrNr=19966461
Andre Film Værn,Værn,"Sydsverige i begyndelsen af 70'erne. Den kolde krig er allestedsnærværende. Påvirket af de stærke billeder i brochuren 'Hvis krigen kommer', begynder landarbejderen og eneboeren Karl-Göran Persson at sikre sit hus.",Lør. 23. maj 2026,See description,https://www.kultunaut.dk/perl/arrmore/type-nynaut?ArrNr=19961828
Rock/Pop Strong Ale,Strong Ale,,Lør. 23. maj 2026,13:00,https://www.kultunaut.dk/perl/arrmore/type-nynaut?ArrNr=19956355
Andre Film Hjem,Hjem,"Filmen tager sin begyndelse i 1991, på et tidspunkt, hvor hele Balkanregionen er i opløsning.",Lør. 23. maj 2026,13.15,https://www.kultunaut.dk/perl/arrmore/type-nynaut?ArrNr=19966459
Omvisning Rundvisning - Harteværket,Rundvisning - Harteværket,"Oplev historien for opførelsen af Danmarks første vandkraftværk, som blev indviet i 1920. En utrolig spændende historie, som også i fremtiden vil have en vigtig rolle for Kolding i forbindelse med de klimatilpasninger, som er forberedt på Harteværket.",Lør. 23. maj 2026,See description,https://www.kultunaut.dk/perl/arrmore/type-nynaut?ArrNr=19701521
Andre Film Harry Potter og dødsregalierne - del 1,Harry Potter og dødsregalierne - del 1,,Lør. 23. maj 2026,See description,https://www.kultunaut.dk/perl/arrmore/type-nynaut?ArrNr=19732936
Komedie/Romantik The Devil Wears Prada 2,The Devil Wears Prada 2,"""A sequel? For spring? Groundbreaking."". Filmen 'The Devil Wears Prada 2' er fortsættelsen til den elskede film fra 2006, The Devil Wears Prada.",Lør. 23. maj 2026,15.50,https://www.kultunaut.dk/perl/arrmore/type-nynaut?ArrNr=19966489
Action/Drama De Forbandede År 3 - Fredens pris - Dk. tekster,De Forbandede År 3 - Fredens pris - Dk. tekster,"Året er 1945. Krigen er endelig slut. Danmark er frit, men splittet. Meget har ændret sig for familien Skov, Karl og Evas ægteskab er tyndslidt, og Eva beslutter at forlade sin mand.",Lør. 23. maj 2026,See description,https://www.kultunaut.dk/perl/arrmore/type-nynaut?ArrNr=19961683
Action/Drama In the Grey,In the Grey,Et hemmeligt hold af eliteagenter lever i skyggerne.,Lør. 23. maj 2026,16.20,https://www.kultunaut.dk/perl/arrmore/type-nynaut?ArrNr=19966566
Show/stand up Mark le Fevre - Det fejler ik' en skid,Mark le Fevre - Det fejler ik' en skid,"""Det Fejler Ik' En Skid"" ""Det her show er mit hjertebarn og noget, jeg glæder mig uhyggeligt meget til at lave. Showet tager udgangspunkt i hverdagens små og store bump.",Lør. 23. maj 2026,See description,https://www.kultunaut.dk/perl/arrmore/type-nynaut?ArrNr=19901022
Thriller/Gyser Drishyam 3,Drishyam 3,English Subtitles. No refund on tickets. Billetter til denne forestilling kan ikke refunderes. Drishyam 3 is an upcoming Indian Malayalam-language crime thriller film written and directed by Jeethu Joseph.,Lør. 23. maj 2026,See description,https://www.kultunaut.dk/perl/arrmore/type-nynaut?ArrNr=19939656
Andre Film Aphaca - Brug for hinanden,Aphaca - Brug for hinanden,"Er et nærværende og intimt portræt af fire drenge, der tager hele Danmark med storm. En film fyldt med håb og drømme midt i en larmende verden, hvor vi har brug for hinanden. En film om Aphaca.",Lør. 23. maj 2026,See description,https://www.kultunaut.dk/perl/arrmore/type-nynaut?ArrNr=19961760
Jazz Caktus + DIYana (support),Caktus + DIYana (support),"Caktus, med saxofonist og komponist Maria Dybbroe i front, bevæger sig i et spændingsfelt mellem det finstemte og det kraftfulde.",Lør. 23. maj 2026,See description,https://www.kultunaut.dk/perl/arrmore/type-nynaut?ArrNr=19843401
Musik Hannah Aldridge & Lachlan Bryan,Hannah Aldridge & Lachlan Bryan,"Intim duo-turné i Europa: Oplev Hannah Aldridge og Lachlan Bryan helt tæt på, når de indtager scenen som duo med stemmer, guitar og klaver.",Lør. 23. maj 2026,See description,https://www.kultunaut.dk/perl/arrmore/type-nynaut?ArrNr=19620890
Thriller/Gyser Passenger,Passenger,"Pas på, hvem du samler op. I gyserfilmen 'Passenger' er det unge par Tyler og Maddie på roadtrip, da de bliver vidner til en voldsom bilulykke.",Lør. 23. maj 2026,21.15,https://www.kultunaut.dk/perl/arrmore/type-nynaut?ArrNr=19966465
Rock/Pop Jesper Gade,Jesper Gade,,Lør. 23. maj 2026,22:00,https://www.kultunaut.dk/perl/arrmore/type-nynaut?ArrNr=19956361
Ekskursion Med Gestapo i hælene - Dramatiseret guidet tur,Med Gestapo i hælene - Dramatiseret guidet tur,Pas på du ikke bliver opdaget af Gestapo! Vores to guider - i karakter som modstandsfolkene Gerda og Jørgen - tager dig med tilbage til tiden under 2. Verdenskrig på en dramatiseret guidet tur i Kolding.,Søn. 24. maj 2026 10:30 - 12:00,10:30,https://www.kultunaut.dk/perl/arrmore/type-nynaut?ArrNr=19839633
Ekskursion Guidet tur i Christiansfeld - Verdensarv i særklasse,Guidet tur i Christiansfeld - Verdensarv i særklasse,Velkommen til UNESCO-byen Christiansfeld - en by med en enestående historie. Tag med os på en historisk byvandring gennem de smukke gader i Christiansfeld. Vores guide fortæller dig historier om Brødremenigheden og byens historie - fra grundlæggelsen og.,Søn. 24. maj 2026 13:30 - 15:00,13:30,https://www.kultunaut.dk/perl/arrmore/type-nynaut?ArrNr=19862174
Klassisk Gobelinkoncert med Novo Quartet,Gobelinkoncert med Novo Quartet,"Kom med til en sanselig aften, når den anmelderroste Novo Quartet fortolker udstillingen Vævede mesterværker og spiller klassiske stykker, der tager dig med på en musikalsk tidsvandring.",Søn. 24. maj 2026 18:00-19:00,18:00,https://www.kultunaut.dk/perl/arrmore/type-nynaut?ArrNr=19876343
Gudstjeneste Gudstjeneste: Pinsedag,Gudstjeneste: Pinsedag,,Søn. 24. maj 2026,See description,https://www.kultunaut.dk/perl/arrmore/type-nynaut?ArrNr=19696581
Gudstjeneste Morgensanggudstjeneste Ødis,Morgensanggudstjeneste Ødis,Velkommen til morgensang-gudstjeneste på pinsedag. Bagefter tager vi cyklen eller bilen videre til Stepping kirke til gudstjeneste kl. 10.30 og grill udenfor kirken bagefter.,Søn. 24. maj 2026,09.30,https://www.kultunaut.dk/perl/arrmore/type-nynaut?ArrNr=19912582
Gudstjeneste Gudstjeneste i Hjarup Kirke,Gudstjeneste i Hjarup Kirke,,Søn. 24. maj 2026,See description,https://www.kultunaut.dk/perl/arrmore/type-nynaut?ArrNr=19696270
Gudstjeneste Gudstjeneste,Gudstjeneste,,Søn. 24. maj 2026,See description,https://www.kultunaut.dk/perl/arrmore/type-nynaut?ArrNr=19770823
Familiefilm Fårbrydelsen,Fårbrydelsen,"I denne finurlige og nyskabende krimihistorie er George (Hugh Jackman) en fårehyrde, der hver aften læser detektivromaner højt for sine elskede får - overbevist om, at de umuligt kan forstå dem.",Søn. 24. maj 2026,See description,https://www.kultunaut.dk/perl/arrmore/type-nynaut?ArrNr=19932966
Tegnefilm/Animation Ustoppelig,Ustoppelig,"Filmen vises med dansk tale. 'Ustoppelig' er en actionfyldt animationsfilm med de mindste helte, du nogensinde har set. Kaja er en ustoppelig lille celle, der bor i nyrerne på tiårige Erik.",Søn. 24. maj 2026,See description,https://www.kultunaut.dk/perl/arrmore/type-nynaut?ArrNr=19966561
"Ketchersport, Børn Gratis squash",Gratis squash,"Kom og prøv squash i Kolding KFUM Squash - helt uforpligtende! Har du lyst til at prøve kræfter med squash - alene eller sammen med andre?. Så kig forbi Kolding KFUM Squash hver søndag kl. 10:00-11:30 og prøv en sjov, svedig og social sport!",Søn. 24. maj 2026,See description,https://www.kultunaut.dk/perl/arrmore/type-nynaut?ArrNr=19891692
Tegnefilm/Animation Super Mario Galaxy Filmen,Super Mario Galaxy Filmen,Here we go. Again! Animationsfilmen 'Super Mario Galaxy Filmen' (The Super Mario Galaxy Movie) er fortsættelsen til Super Mario Bros. Filmen fra 2023 og denne gang bliver eventyret endnu større!,Søn. 24. maj 2026,14.10,https://www.kultunaut.dk/perl/arrmore/type-nynaut?ArrNr=19966441
Science Fiction The Mandalorian & Grogu,The Mandalorian & Grogu,"Tag med dusørjægeren Din Djarin og hans unge lærling Grogu på en ny mission i 'The Mandalorian & Grogu.'. Imperiet er faldet, men galaksen er langt fra fredelig.",Søn. 24. maj 2026,12.30,https://www.kultunaut.dk/perl/arrmore/type-nynaut?ArrNr=19867998
Gudstjeneste Pinsedag - Gudstjeneste ved Peter Noer,Pinsedag - Gudstjeneste ved Peter Noer,,Søn. 24. maj 2026,10.30,https://www.kultunaut.dk/perl/arrmore/type-nynaut?ArrNr=19696348
Gudstjeneste Gudstjeneste og efterfølgende indskrivning for nye konfirmander,Gudstjeneste og efterfølgende indskrivning for nye konfirmander,,Søn. 24. maj 2026,10.30,https://www.kultunaut.dk/perl/arrmore/type-nynaut?ArrNr=19696510
Gudstjeneste Gudstjeneste - Løftet om en anden talsmand,Gudstjeneste - Løftet om en anden talsmand,,Søn. 24. maj 2026,10.30,https://www.kultunaut.dk/perl/arrmore/type-nynaut?ArrNr=19696160
Gudstjeneste Gudstjeneste i Vamdrup Kirke,Gudstjeneste i Vamdrup Kirke,,Søn. 24. maj 2026,10.30,https://www.kultunaut.dk/perl/arrmore/type-nynaut?ArrNr=19696729
Gudstjeneste Tyrstrup gudstjeneste (pinsedag),Tyrstrup gudstjeneste (pinsedag),Gudstjeneste v/Annette Wiuf Christensen.,Søn. 24. maj 2026,10.30,https://www.kultunaut.dk/perl/arrmore/type-nynaut?ArrNr=19728000
Gudstjeneste Gudstjeneste: Hele verden fejrer Pinse i Dalby,Gudstjeneste: Hele verden fejrer Pinse i Dalby,Med læsninger på alverdens sprog. Der er efterfølgende kirkecafé i sognehuset.,Søn. 24. maj 2026,10.30,https://www.kultunaut.dk/perl/arrmore/type-nynaut?ArrNr=19757783
Gudstjeneste Højmesse ved Kristina Nilsson,Højmesse ved Kristina Nilsson,,Søn. 24. maj 2026,10.30,https://www.kultunaut.dk/perl/arrmore/type-nynaut?ArrNr=19763953
Gudstjeneste Friluftsgudstjeneste,Friluftsgudstjeneste,På Jordrup Kirkegård. Kaj Boisen spiller trompet. Spejderne medvirker og sælger kaffe/kage efter gudstjenesten.,Søn. 24. maj 2026,10.30,https://www.kultunaut.dk/perl/arrmore/type-nynaut?ArrNr=19783619
Gudstjeneste Gudstjeneste Seest MB,Gudstjeneste Seest MB,,Søn. 24. maj 2026,10.30,https://www.kultunaut.dk/perl/arrmore/type-nynaut?ArrNr=19808495
Gudstjeneste Festgudstjeneste i forbindelse med Pinsedag for begge menigheder v/ Michael Markussen,Festgudstjeneste i forbindelse med Pinsedag for begge menigheder v/ Michael Markussen,,Søn. 24. maj 2026,10.30,https://www.kultunaut.dk/perl/arrmore/type-nynaut?ArrNr=19982073
Gudstjeneste Pinse-gudstjeneste,Pinse-gudstjeneste,,Søn. 24. maj 2026,10.30,https://www.kultunaut.dk/perl/arrmore/type-nynaut?ArrNr=19982204
Gudstjeneste Højmesse ved Ole Engberg,Højmesse ved Ole Engberg,,Søn. 24. maj 2026,10.30,https://www.kultunaut.dk/perl/arrmore/type-nynaut?ArrNr=19846428
Action/Drama Michael,Michael,"Filmen 'Michael' skildrer en af de mest indflydelsesrige kunstnere nogensinde, Michael Jackson.",Søn. 24. maj 2026,10.30,https://www.kultunaut.dk/perl/arrmore/type-nynaut?ArrNr=19966472
Action/Drama Eleanors sandhed,Eleanors sandhed,"Det hjertevarme drama 'Eleanors sandhed' følger Eleanor Morgenstein, der efter et stort tab forlader Florida og flytter til New York for at begynde forfra.",Søn. 24. maj 2026,18.45,https://www.kultunaut.dk/perl/arrmore/type-nynaut?ArrNr=19888036
Komedie/Romantik The Devil Wears Prada 2,The Devil Wears Prada 2,"""A sequel? For spring? Groundbreaking."". Filmen 'The Devil Wears Prada 2' er fortsættelsen til den elskede film fra 2006, The Devil Wears Prada.",Søn. 24. maj 2026,13.15,https://www.kultunaut.dk/perl/arrmore/type-nynaut?ArrNr=19966516
Marked/byfest Kreamarked i Pinsen,Kreamarked i Pinsen,"Kom til KREAMARKED i Pinsen, søndag d. 24. maj 2026 kl. 12.00-17.00. Adresse: Lyshøj Torvet (Lyshøj Allé 2-8, Kolding Ø) - udendørs. Arrangør: Smilet Is (www.smilet-is.dk). Gratis entré.",Søn. 24. maj 2026,See description,https://www.kultunaut.dk/perl/arrmore/type-nynaut?ArrNr=19872973
Omvisning Rundvisning - Mikkel Thomsen,Rundvisning - Mikkel Thomsen,"Idet rundvisningen foregår både udendørs og indendørs, anmoder vi om, at du er påklædt efter vejret. Venligst kom 10 min. før rundvisningen starter. Vi har P-pladser tæt på Harteværket. Varighed: 1,5 time. Arrangør: Harteværket.",Søn. 24. maj 2026,See description,https://www.kultunaut.dk/perl/arrmore/type-nynaut?ArrNr=19701467
Andre Film Aftenvagt,Aftenvagt,"Floria (spillet af Leonie Benesch - mindst lige så fantastisk som i 'Lærerværelset') er en dedikeret sygeplejerske, der med urokkelig dedikation navigerer i det ubarmhjertige opskruet tempo på en kirurgisk afdeling på et hospital i Schweiz.",Søn. 24. maj 2026,13.30,https://www.kultunaut.dk/perl/arrmore/type-nynaut?ArrNr=19961216
Action/Drama Affektionsværdi,Affektionsværdi,"Det norske drama 'Affektionsværdi' følger søstrene Nora (Renate Reinsve) og Agnes (Inga Ibsdotter Lilleaas), som genforenes med deres far Gustav (Stellan Skarsgård) - en førhen ganske feteret instruktør, som drømmer om det store comeback.",Søn. 24. maj 2026,13.50,https://www.kultunaut.dk/perl/arrmore/type-nynaut?ArrNr=19966469
Action/Drama De Forbandede År 3 - Fredens pris - Dk. tekster,De Forbandede År 3 - Fredens pris - Dk. tekster,"Året er 1945. Krigen er endelig slut. Danmark er frit, men splittet. Meget har ændret sig for familien Skov, Karl og Evas ægteskab er tyndslidt, og Eva beslutter at forlade sin mand.",Søn. 24. maj 2026,See description,https://www.kultunaut.dk/perl/arrmore/type-nynaut?ArrNr=19961268
Dokumentar Billie Eilish - Hit Me Hard and Soft: The Tour,Billie Eilish - Hit Me Hard and Soft: The Tour,Optaget under hendes udsolgte verdensturné bringer Billie Eilish - HIT ME HARD AND SOFT: THE TOUR (LIVE IN 3D) en nyskabende koncertoplevelse til det store lærred fra en af sin generations mest anerkendte og succesfulde kunstnere.,Søn. 24. maj 2026,18.40,https://www.kultunaut.dk/perl/arrmore/type-nynaut?ArrNr=19966506
Andre Film Hjem,Hjem,"Filmen tager sin begyndelse i 1991, på et tidspunkt, hvor hele Balkanregionen er i opløsning.",Søn. 24. maj 2026,See description,https://www.kultunaut.dk/perl/arrmore/type-nynaut?ArrNr=19961983
Action/Drama In the Grey,In the Grey,Et hemmeligt hold af eliteagenter lever i skyggerne.,Søn. 24. maj 2026,21.15,https://www.kultunaut.dk/perl/arrmore/type-nynaut?ArrNr=19974398
Andet Knuds Garage International Pubquiz,Knuds Garage International Pubquiz,English Pubquiz at Knuds Garage Come to a pub quiz in a cozy setting with 20 questions.,Man. 25. maj 2026 20:30 - 22:30,20:30,https://www.kultunaut.dk/perl/arrmore/type-nynaut?ArrNr=19535597
Ketchersport Tennis for 60+'ere,Tennis for 60+'ere,Træning for 60+'ere - alle kan være med. Kom og oplev glæderne og sammenholdet ved at træne og spille tennis med jævnaldrende!,Man. 25. maj 2026,See description,https://www.kultunaut.dk/perl/arrmore/type-nynaut?ArrNr=19908000
Gudstjeneste Pinsevandring fra Nr. Bjert Kirke til Eltang Kirke,Pinsevandring fra Nr. Bjert Kirke til Eltang Kirke,"Vandring, gudstjeneste og frokost I det dejlige forårsvejr vandrer vi fra Nr. Bjert Kirke til Eltang Kirke kl. 9.00. Kl. 10.30 er der gudstjeneste i Eltang Kirke ved Henrik Johannessen og Kristina Nilsson.",Man. 25. maj 2026,12.30,https://www.kultunaut.dk/perl/arrmore/type-nynaut?ArrNr=19774296
Andet motionstilbud Krolfspil for senior,Krolfspil for senior,"Krolf er et rigtig hyggelig spil, hvor alle kan deltage. Det er en blanding af golf og kroket. Praktisk påklædning efter vejret, gerne kraftige sko eller i regnvejr gummistøvler.",Man. 25. maj 2026,09.30,https://www.kultunaut.dk/perl/arrmore/type-nynaut?ArrNr=19898028
Andet motionstilbud Krolf for alle - formiddag,Krolf for alle - formiddag,"Man træner 2-3 runder. Man får gode fællesskaber, hyggeligt socialt samvær, venskaber for alle aldre. Varmt tøj til tider. Mandag klokken 9:30 og onsdag klokken 18:30. Kontingent 250 kr. Sæsonen starter 1 maj og slutter 30 september.",Man. 25. maj 2026,09.30,https://www.kultunaut.dk/perl/arrmore/type-nynaut?ArrNr=19898037
Tegnefilm/Animation Ustoppelig,Ustoppelig,"Filmen vises med dansk tale. 'Ustoppelig' er en actionfyldt animationsfilm med de mindste helte, du nogensinde har set. Kaja er en ustoppelig lille celle, der bor i nyrerne på tiårige Erik.",Man. 25. maj 2026,See description,https://www.kultunaut.dk/perl/arrmore/type-nynaut?ArrNr=19966572
Komedie/Romantik The Devil Wears Prada 2,The Devil Wears Prada 2,"""A sequel? For spring? Groundbreaking."". Filmen 'The Devil Wears Prada 2' er fortsættelsen til den elskede film fra 2006, The Devil Wears Prada.",Man. 25. maj 2026,12.30,https://www.kultunaut.dk/perl/arrmore/type-nynaut?ArrNr=19981505
Science Fiction The Mandalorian & Grogu,The Mandalorian & Grogu,"Tag med dusørjægeren Din Djarin og hans unge lærling Grogu på en ny mission i 'The Mandalorian & Grogu.'. Imperiet er faldet, men galaksen er langt fra fredelig.",Man. 25. maj 2026,12.30,https://www.kultunaut.dk/perl/arrmore/type-nynaut?ArrNr=19966437
Action/Drama Eleanors sandhed,Eleanors sandhed,"Det hjertevarme drama 'Eleanors sandhed' følger Eleanor Morgenstein, der efter et stort tab forlader Florida og flytter til New York for at begynde forfra.",Man. 25. maj 2026,10.10,https://www.kultunaut.dk/perl/arrmore/type-nynaut?ArrNr=19966470
Tegnefilm/Animation Super Mario Galaxy Filmen,Super Mario Galaxy Filmen,Here we go. Again! Animationsfilmen 'Super Mario Galaxy Filmen' (The Super Mario Galaxy Movie) er fortsættelsen til Super Mario Bros. Filmen fra 2023 og denne gang bliver eventyret endnu større!,Man. 25. maj 2026,10.15,https://www.kultunaut.dk/perl/arrmore/type-nynaut?ArrNr=19966454
"Gudstjeneste Gudstjeneste: Pinse for børn, skattejagt og frokost","Gudstjeneste: Pinse for børn, skattejagt og frokost",,Man. 25. maj 2026,10.30,https://www.kultunaut.dk/perl/arrmore/type-nynaut?ArrNr=19949449
Gudstjeneste Gudstjeneste: Anden pinsedag - Livets brød,Gudstjeneste: Anden pinsedag - Livets brød,,Man. 25. maj 2026,10.30,https://www.kultunaut.dk/perl/arrmore/type-nynaut?ArrNr=19846522
Gudstjeneste 2. Pinsedags Gudstjeneste med afslutning af minikonfirmander v/ Michael Markussen,2. Pinsedags Gudstjeneste med afslutning af minikonfirmander v/ Michael Markussen,Efter gudstjenesten bydes der på kaffe og te i kirkens lokaler.,Man. 25. maj 2026,10.30,https://www.kultunaut.dk/perl/arrmore/type-nynaut?ArrNr=19982641
Action/Drama Michael,Michael,"Filmen 'Michael' skildrer en af de mest indflydelsesrige kunstnere nogensinde, Michael Jackson.",Man. 25. maj 2026,10.45,https://www.kultunaut.dk/perl/arrmore/type-nynaut?ArrNr=19966483
Familiefilm Fårbrydelsen,Fårbrydelsen,"I denne finurlige og nyskabende krimihistorie er George (Hugh Jackman) en fårehyrde, der hver aften læser detektivromaner højt for sine elskede får - overbevist om, at de umuligt kan forstå dem.",Man. 25. maj 2026,See description,https://www.kultunaut.dk/perl/arrmore/type-nynaut?ArrNr=19966521
Andet motionstilbud Deltag i turneringer. Få åbningskendskab,Deltag i turneringer. Få åbningskendskab,Deltagelse i klubturneringen. Deltagelse i holdturneringen mod spillere fra andre klubber. Teori og åbningskendskab.,Man. 25. maj 2026,See description,https://www.kultunaut.dk/perl/arrmore/type-nynaut?ArrNr=19898080
Fodboldkamp Fodboldkamp Betinia LIGA - Oprykningsspil 2025/26 - Kolding IF mod Hillerød Fodbold,Fodboldkamp Betinia LIGA - Oprykningsspil 2025/26 - Kolding IF mod Hillerød Fodbold,,Man. 25. maj 2026,See description,https://www.kultunaut.dk/perl/arrmore/type-nynaut?ArrNr=19825556
Gudstjeneste Gudstjeneste: 2. pinsedag - gudstj. på Skamlingsbanken,Gudstjeneste: 2. pinsedag - gudstj. på Skamlingsbanken,Fælles i provstiet.,Man. 25. maj 2026,See description,https://www.kultunaut.dk/perl/arrmore/type-nynaut?ArrNr=19738819
"Gudstjeneste Skamlingsbanken, Friluftsgudstjeneste for Kolding Provsti","Skamlingsbanken, Friluftsgudstjeneste for Kolding Provsti",,Man. 25. maj 2026,See description,https://www.kultunaut.dk/perl/arrmore/type-nynaut?ArrNr=19703043
Gudstjeneste Friluftsgudstjeneste på Skamlingsbanken - Kolding Provsti,Friluftsgudstjeneste på Skamlingsbanken - Kolding Provsti,,Man. 25. maj 2026,See description,https://www.kultunaut.dk/perl/arrmore/type-nynaut?ArrNr=19703078
Gudstjeneste Friluftsgudstjeneste på Skamlingsbanken. Fællesgudstjeneste for Kolding Provsti,Friluftsgudstjeneste på Skamlingsbanken. Fællesgudstjeneste for Kolding Provsti,,Man. 25. maj 2026,See description,https://www.kultunaut.dk/perl/arrmore/type-nynaut?ArrNr=19703656
Gudstjeneste Fælles pinsegudstjeneste på Skamlingsbanken,Fælles pinsegudstjeneste på Skamlingsbanken,,Man. 25. maj 2026,See description,https://www.kultunaut.dk/perl/arrmore/type-nynaut?ArrNr=19709753
Gudstjeneste Fælles pinsegudstjeneste Skamlingsbanken,Fælles pinsegudstjeneste Skamlingsbanken,Kolding provsti arrangerer fælles friluftsgudstjeneste 2. pinsedag på Skamlingsbanken. Alle er hjerteligt velkommen! Se ellers info på Kolding provstis hjemmeside.,Man. 25. maj 2026,See description,https://www.kultunaut.dk/perl/arrmore/type-nynaut?ArrNr=19912604
Gudstjeneste Provstiets friluftsgudstjeneste på Skamlingsbanken,Provstiets friluftsgudstjeneste på Skamlingsbanken,,Man. 25. maj 2026,15.30,https://www.kultunaut.dk/perl/arrmore/type-nynaut?ArrNr=19703248
Action/Drama Affektionsværdi,Affektionsværdi,"Det norske drama 'Affektionsværdi' følger søstrene Nora (Renate Reinsve) og Agnes (Inga Ibsdotter Lilleaas), som genforenes med deres far Gustav (Stellan Skarsgård) - en førhen ganske feteret instruktør, som drømmer om det store comeback.",Man. 25. maj 2026,14.30,https://www.kultunaut.dk/perl/arrmore/type-nynaut?ArrNr=19966448
Andre Film Hjem,Hjem,"Filmen tager sin begyndelse i 1991, på et tidspunkt, hvor hele Balkanregionen er i opløsning.",Man. 25. maj 2026,14.55,https://www.kultunaut.dk/perl/arrmore/type-nynaut?ArrNr=19966452
Gymnastik/aerobic Motionsdamer,Motionsdamer,Traditionel motionsgymnastik for damer. Alle kan deltage uanset alder og skavanker.,Man. 25. maj 2026,15.20,https://www.kultunaut.dk/perl/arrmore/type-nynaut?ArrNr=19898448
"Danseundervisning, Børn Linedance / Absolut Begynder",Linedance / Absolut Begynder,For dem der aldrig har prøvet linedance før.,Man. 25. maj 2026,17.55,https://www.kultunaut.dk/perl/arrmore/type-nynaut?ArrNr=19898393
"Andet boldspil, Børn Floorball U9-U11",Floorball U9-U11,"Husk indendørssko og gerne sportstøj, vi sørger for resten :-).",Man. 25. maj 2026,18.30,https://www.kultunaut.dk/perl/arrmore/type-nynaut?ArrNr=19898027
Løbetræning/jogging Løbetræning,Løbetræning,"Vi løber mandag og onsdag klokken 17 samt lørdag klokken 10 fra Bøgelund, Bramdrup. Skovvej 40. Kom i god tid - vi starter præcis. Du kan deltage 3-4 gange før du melder dig ind i klubben. Lavt kontingent - 300 kroner for et kalenderår.",Man. 25. maj 2026,18.30,https://www.kultunaut.dk/perl/arrmore/type-nynaut?ArrNr=19920336
"Løbetræning/jogging, Børn Gå-/Løbe-fællesskab",Gå-/Løbe-fællesskab,"Gå- & løbe-fællesskab, hvor minimum en frivillig fra HG&IF deltager på holdene. Så har du svært ved at komme afsted selv, så kom og vær med. Det forpligtiger lidt mere når man ved andre venter :-). Der er 3 niveauer: 1) Gå-holdet.",Man. 25. maj 2026,17.15,https://www.kultunaut.dk/perl/arrmore/type-nynaut?ArrNr=19898650
Action/Drama Mortal Kombat II,Mortal Kombat II,"De populære fanfavoritter - nu med selveste Johnny Cage på holdet - står over for hinanden i det ultimative opgør for at nedkæmpe Shao Kahns mørke herredømme, der truer selve Jordrigets eksistens og dets beskyttere.",Man. 25. maj 2026,17.20,https://www.kultunaut.dk/perl/arrmore/type-nynaut?ArrNr=19966503
Action/Drama Top Gun 40th Anniversary,Top Gun 40th Anniversary,"""Talk to me, Goose"". Genoplev den elskede actionklassiker 'Top Gun' på det store lærred i anledning af filmens 40-års jubilæum.",Man. 25. maj 2026,17.30,https://www.kultunaut.dk/perl/arrmore/type-nynaut?ArrNr=19966456
"Danseundervisning, Børn Linedance / Begynder",Linedance / Begynder,For dem der kender lidt til grundtrin.,Man. 25. maj 2026,18.05,https://www.kultunaut.dk/perl/arrmore/type-nynaut?ArrNr=19898137
Andet motionstilbud Mma - for alle,Mma - for alle,"Muay Thai og MMA træning for nye og erfarende udøvere. Holdet giver plads til at nørde basis-teknik, udvikle skills og skabe flow - uanset om du er helt ny eller allerede træner fast.",Man. 25. maj 2026,18.30,https://www.kultunaut.dk/perl/arrmore/type-nynaut?ArrNr=19898627
Andre Film Aftenvagt,Aftenvagt,"Floria (spillet af Leonie Benesch - mindst lige så fantastisk som i 'Lærerværelset') er en dedikeret sygeplejerske, der med urokkelig dedikation navigerer i det ubarmhjertige opskruet tempo på en kirurgisk afdeling på et hospital i Schweiz.",Man. 25. maj 2026,See description,https://www.kultunaut.dk/perl/arrmore/type-nynaut?ArrNr=19961214
Gymnastik/aerobic Motionsherrer,Motionsherrer,Traditionel motionsgymnastik for herrer. Alle kan deltage uanset alder og skavanker. Holdet er meget socialt og har et godt sammenhold.,Man. 25. maj 2026,See description,https://www.kultunaut.dk/perl/arrmore/type-nynaut?ArrNr=19898096
Andet motionstilbud Kom og spil kegler - hver mandag aften (55+ år),Kom og spil kegler - hver mandag aften (55+ år),"HUSK indendørssko! Hvordan spiller man kegler?. Man starter med at indtage en ""startstilling"". Denne afhænger af hvilken teknik man bruger. Kaster man med to hænder, stiller man sig med spredte ben hen over linoleumsstykket.",Man. 25. maj 2026,See description,https://www.kultunaut.dk/perl/arrmore/type-nynaut?ArrNr=19898411
"Danseundervisning, Børn Linedance / Begynder +",Linedance / Begynder +,For dem der kender de fleste grundtrin.,Man. 25. maj 2026,19.10,https://www.kultunaut.dk/perl/arrmore/type-nynaut?ArrNr=19898023
Gymnastik/aerobic Rytme Quinder,Rytme Quinder,Moderne rytmegymnastik. Sæsonen afsluttes med ca. 3 opvisninger.,Man. 25. maj 2026,19.15,https://www.kultunaut.dk/perl/arrmore/type-nynaut?ArrNr=19898542
Andet boldspil Mixhold voksen,Mixhold voksen,"Fælles opvarmning hvor alle kan være med, øvelser og afslutter ofte med kamp. God stemning og fokus på at der er plads til alle.",Man. 25. maj 2026,19.15,https://www.kultunaut.dk/perl/arrmore/type-nynaut?ArrNr=19898376
"Danseundervisning, Børn Linedance / Let øvet",Linedance / Let øvet,For dem der kan alle grundtrin og lyst til større udfordringer.,Man. 25. maj 2026,20.10,https://www.kultunaut.dk/perl/arrmore/type-nynaut?ArrNr=19898205
Thriller/Gyser Obsession,Obsession,"I gyserfilmen 'Obsession' er teenageren Bear håbløst forelsket i sin barndomsven Nikki. I et desperat forsøg på at vinde hendes kærlighed får han fat i de mystiske ""One Wish Willow"" og ønsker, at Nikki vil elske ham højere end nogen anden i verden.",Man. 25. maj 2026,21.10,https://www.kultunaut.dk/perl/arrmore/type-nynaut?ArrNr=19981705
Andet motionstilbud Yoga under åben himmel 2026,Yoga under åben himmel 2026,Bevæg dig for livet inviterer traditionen tro til Yoga under åben himmel - Ganske gratis!,Tir. 26. maj 2026 16.30-18.00,16.30,https://www.kultunaut.dk/perl/arrmore/type-nynaut?ArrNr=19950307
"Foredrag Hvad betyder det for det gode liv, at vi kommer ud i naturen?","Hvad betyder det for det gode liv, at vi kommer ud i naturen?","Foredraget er en del af Sundhedsdage Kolding. Bliv klogere på, hvordan naturen kan give ro, energi og overskud, og hvordan du kan bruge den i din hverdag. Læs mere og tilmelding dig på www.kolding.dk/sundhedsdage.",Tir. 26. maj 2026 17:00 - 19:00,17:00,https://www.kultunaut.dk/perl/arrmore/type-nynaut?ArrNr=19925823
Andet motionstilbud Motionsgymnastik,Motionsgymnastik,"Har du lyst til at få rørt hele kroppen og få sved på panden, så er disse timer noget for dig. En gymnastiktime med højt humør og dejlig inspirerende musik. Men pas på, - du bliver hurtig afhængig !!!",Tir. 26. maj 2026,See description,https://www.kultunaut.dk/perl/arrmore/type-nynaut?ArrNr=19901720
Andet motionstilbud Bodybike,Bodybike,Fuld fart på pedalerne og gang i svedproduktionen. HUSK vand og spinningsko. Her er konditionstræning for alle pengene.,Tir. 26. maj 2026,09.30,https://www.kultunaut.dk/perl/arrmore/type-nynaut?ArrNr=19901536
Andre Film Børnebiffen - Filmpakke 5 - Fra 3 år,Børnebiffen - Filmpakke 5 - Fra 3 år,"Safari Europa - Mus. Instruktør: Adam Schmedes. Mus sætter pris på en god hule. Den skal være varm og hyggelig. Gerne med udsigt, og der skal være rigeligt med mad, også til vinteren. Så de samler forråd - nødder og bær.",Tir. 26. maj 2026,See description,https://www.kultunaut.dk/perl/arrmore/type-nynaut?ArrNr=19792458
Fitness/styrketræning Styrke/ryg træning,Styrke/ryg træning,"Her styrkes alle kroppens muskler, så ryggen kan klare hverdagen. Husk måtte til gulvøvelser.",Tir. 26. maj 2026,See description,https://www.kultunaut.dk/perl/arrmore/type-nynaut?ArrNr=19901388
Fitness/styrketræning Intervaltræning,Intervaltræning,"Med et antal trænings skift, veksler man mellem øvelser for både styrke og kondition. Inden for kort tid opnår man stor effekt. Der er fuld fart på, og man får virkelig sved på panden og pulsen op. Så kom og prøv.",Tir. 26. maj 2026,See description,https://www.kultunaut.dk/perl/arrmore/type-nynaut?ArrNr=19901298
Gymnastik/aerobic Vandgymnastik,Vandgymnastik,"Træning i vand til god musik. Vi træner kroppens center, med fokus på ryg og mave, og bruger vandets modstand til at styrke alle kroppens muskler.",Tir. 26. maj 2026,See description,https://www.kultunaut.dk/perl/arrmore/type-nynaut?ArrNr=19901717
Action/Drama Eleanors sandhed,Eleanors sandhed,"Det hjertevarme drama 'Eleanors sandhed' følger Eleanor Morgenstein, der efter et stort tab forlader Florida og flytter til New York for at begynde forfra.",Tir. 26. maj 2026,11.30,https://www.kultunaut.dk/perl/arrmore/type-nynaut?ArrNr=19966442
Science Fiction The Mandalorian & Grogu,The Mandalorian & Grogu,"Tag med dusørjægeren Din Djarin og hans unge lærling Grogu på en ny mission i 'The Mandalorian & Grogu.'. Imperiet er faldet, men galaksen er langt fra fredelig.",Tir. 26. maj 2026,12.30,https://www.kultunaut.dk/perl/arrmore/type-nynaut?ArrNr=19888090
Andet motionstilbud Kom og spil kegler (For alle niveauer - 55+ år),Kom og spil kegler (For alle niveauer - 55+ år),"HUSK indendørssko! Hvordan spiller man kegler?. Man starter med at indtage en ""startstilling"". Denne afhænger af hvilken teknik man bruger. Kaster man med to hænder, stiller man sig med spredte ben hen over linoleumsstykket.",Tir. 26. maj 2026,See description,https://www.kultunaut.dk/perl/arrmore/type-nynaut?ArrNr=19901714
Andre Film Hjem,Hjem,"Filmen tager sin begyndelse i 1991, på et tidspunkt, hvor hele Balkanregionen er i opløsning.",Tir. 26. maj 2026,14.30,https://www.kultunaut.dk/perl/arrmore/type-nynaut?ArrNr=19966466
Gudstjeneste Gudstjeneste med nadver,Gudstjeneste med nadver,,Tir. 26. maj 2026,14.30,https://www.kultunaut.dk/perl/arrmore/type-nynaut?ArrNr=19706013
Action/Drama In the Grey,In the Grey,Et hemmeligt hold af eliteagenter lever i skyggerne.,Tir. 26. maj 2026,21.10,https://www.kultunaut.dk/perl/arrmore/type-nynaut?ArrNr=19973741
Komedie/Romantik The Devil Wears Prada 2,The Devil Wears Prada 2,"""A sequel? For spring? Groundbreaking."". Filmen 'The Devil Wears Prada 2' er fortsættelsen til den elskede film fra 2006, The Devil Wears Prada.",Tir. 26. maj 2026,15.30,https://www.kultunaut.dk/perl/arrmore/type-nynaut?ArrNr=19932928
Andre Film Værn,Værn,"Sydsverige i begyndelsen af 70'erne. Den kolde krig er allestedsnærværende. Påvirket af de stærke billeder i brochuren 'Hvis krigen kommer', begynder landarbejderen og eneboeren Karl-Göran Persson at sikre sit hus.",Tir. 26. maj 2026,See description,https://www.kultunaut.dk/perl/arrmore/type-nynaut?ArrNr=19961349
Action/Drama Affektionsværdi,Affektionsværdi,Joachim Triers nyeste film vandt Grand Prix i Cannes og har nu slået nordisk rekord med hele 9 Oscar-nomineringer!,Tir. 26. maj 2026,16.30,https://www.kultunaut.dk/perl/arrmore/type-nynaut?ArrNr=19961740
Andet motionstilbud Bowling for ungdom (5-18 år),Bowling for ungdom (5-18 år),"Til vores træninger er timen delt op i 3 sektioner opvarmning/træningsøvelser/bowling & leg. Vi starter med en fælles opvarmning, for at få kroppen igang og klar til træningen.",Tir. 26. maj 2026,16.30,https://www.kultunaut.dk/perl/arrmore/type-nynaut?ArrNr=19901295
"Kampsporttræning, Børn Ninja kids - 4 til 7 år",Ninja kids - 4 til 7 år,"Er for børn i alderen 4 til ca. 7 år. Her bliver hovedsageligt trænet motorik, leget og ""tumlet"" på madrassen og der sluttes altid af med at ""bryde/slås for sjov"".",Tir. 26. maj 2026,16.30,https://www.kultunaut.dk/perl/arrmore/type-nynaut?ArrNr=19901511
Gudstjeneste Gudstjeneste: Gud og Pizza,Gudstjeneste: Gud og Pizza,Korenes sommerafslutning. Fællesspisning i konfirmandstuen.,Tir. 26. maj 2026,See description,https://www.kultunaut.dk/perl/arrmore/type-nynaut?ArrNr=19706423
Workshop Chainmail Jewelry workshop,Chainmail Jewelry workshop,We welcome you to a friendly and creative session where you can learn the art of chainmail jewelry making. This workshop is suitable for complete beginners and for anyone curious about metal weaving techniques and handmade jewelry.,Tir. 26. maj 2026,See description,https://www.kultunaut.dk/perl/arrmore/type-nynaut?ArrNr=19964052
"Kampsporttræning, Børn Begynderhold",Begynderhold,"Som nybegynder eller let øvet, går meget af træningen ud på at indøve de helt basale teknikker som stød, parader, spark og stillinger, samt de grundlæggende japanske termer, der bruges.",Tir. 26. maj 2026,See description,https://www.kultunaut.dk/perl/arrmore/type-nynaut?ArrNr=19901780
Møder Lytteklubben Musik uden grænser,Lytteklubben Musik uden grænser,"En rocklytteklub, hvor man graver god musik frem for hinanden og i fællesskab lytter koncentreret.",Tir. 26. maj 2026,See description,https://www.kultunaut.dk/perl/arrmore/type-nynaut?ArrNr=19803348
Ketchersport Tennistræning for seniorer,Tennistræning for seniorer,"Niveau Beskrivelse. 1 Begynder. Har ikke tidligere modtaget træning og spillere som har spillet 1-2 sæsoner. Ønsker at lære de grundlæggende principper og teknik, og møde andre nystartede. 2 Let øvet.",Tir. 26. maj 2026,See description,https://www.kultunaut.dk/perl/arrmore/type-nynaut?ArrNr=19908308
"Ketchersport, Børn Prøv squash med koldings bedste",Prøv squash med koldings bedste,"Om tirsdagen er der altid fælles træning, og der er mulighed for at komme forbi og prøve det.",Tir. 26. maj 2026,See description,https://www.kultunaut.dk/perl/arrmore/type-nynaut?ArrNr=19901696
"Ketchersport, Børn Tennis 5-8 årige",Tennis 5-8 årige,Udendørstræning: 1. Maj 2022 - 16. September 2022.,Tir. 26. maj 2026,17.15,https://www.kultunaut.dk/perl/arrmore/type-nynaut?ArrNr=19901334
Dokumentar Aphaca: Brug for hinanden,Aphaca: Brug for hinanden,"Siden 8. klasse har Bertram, Bertil, Rumle og Noah har haft et band, der netop har fået en pladekontrakt.",Tir. 26. maj 2026,17.20,https://www.kultunaut.dk/perl/arrmore/type-nynaut?ArrNr=19966436
"Kampsporttræning, Børn Begynder brydning - 7 til 13 år",Begynder brydning - 7 til 13 år,"Træningen består af kampleg, akrobatik, koordinationsøvelser samt bryde relaterede øvelser. Her læres at slå de mest basale brydegreb, og under træning får de også mulighed for at bryde rigtigt.",Tir. 26. maj 2026,17.30,https://www.kultunaut.dk/perl/arrmore/type-nynaut?ArrNr=19901462
Fodboldtræning Fodbold alle tirsdage kl. 18.00,Fodbold alle tirsdage kl. 18.00,"Vi er en flok gamle gutter, der spiller fodbold for sjov, vores ældste mand er 87 år -yngste 38. Vi hedder KIF Oldboys, men langt de fleste har tidligere spillet i andre klubber, flere har aldrig spillet fodbold i en klub før KIF Oldboys.",Tir. 26. maj 2026,See description,https://www.kultunaut.dk/perl/arrmore/type-nynaut?ArrNr=19901266
"Andet motionstilbud, Børn Håndbold for herrer",Håndbold for herrer,Fordel med tidligere håndbolderfaring. Fokus på det sociale og spille god håndbold. Sæsonen starter i august og kører indtil april. Sommertræning i maj og juni.,Tir. 26. maj 2026,19.45,https://www.kultunaut.dk/perl/arrmore/type-nynaut?ArrNr=19901343
Natur Oplev Hylkedalen,Oplev Hylkedalen,"Hør om klimaprojektet i Hylkedalen og de forbedringer for den meget sjældne birkemus, som projektet har medført. Ruten er ca. 3 km. og kræver gode ben. Arrrangeret af Soroptimist Kolding og Bluekolding. Betaling går ubeskåret til skolemad i Burkina Faso.",Tir. 26. maj 2026,18:30,https://www.kultunaut.dk/perl/arrmore/type-nynaut?ArrNr=19938570
Action/Drama Michael,Michael,"Filmen 'Michael' skildrer en af de mest indflydelsesrige kunstnere nogensinde, Michael Jackson.",Tir. 26. maj 2026,18.20,https://www.kultunaut.dk/perl/arrmore/type-nynaut?ArrNr=19933147
"Kampsporttræning, Børn Hold 3 (13 år +)",Hold 3 (13 år +),"Vores største hold. Her er plads til både eliten, talenterne, og dem der bare gerne vil have sved på panden og lære at bryde. Teknik træningen slutte kl. 19.30 fra 19.30 til 20.00 er der Open Mat.",Tir. 26. maj 2026,18.30,https://www.kultunaut.dk/perl/arrmore/type-nynaut?ArrNr=19901640
Andet motionstilbud Krolf for alle - aften,Krolf for alle - aften,"Til træning der spiller vi 2-3 runder, vi har i alt 4 forskellige baner man kan komme og prøve. Det man får ud af det er: at møde nye mennesker, hyggeligt socialt samvær, venskaber for alle aldersgrupper. Man skal huske varmt tøj til tider.",Tir. 26. maj 2026,18.30,https://www.kultunaut.dk/perl/arrmore/type-nynaut?ArrNr=19901825
Andet motionstilbud Kegler for hele familien,Kegler for hele familien,"De fleste har prøvet bowling eller set spillet. Man kan godt sammenligne at spille bowling med kegler. Forskellen på disse 2 spil er, at kuglen er mindre i kegler, og uden huller til fingrene.",Tir. 26. maj 2026,See description,https://www.kultunaut.dk/perl/arrmore/type-nynaut?ArrNr=19901375
Andet boldspil Seniortræning,Seniortræning,"Til vores bowlingtræninger er den sociale hygge i højsædet. Alle fra begyndere til øvede kan være med, og der mulighed for træningsøvelser eller en dyst mod andre bowlingspillere fra klubben.",Tir. 26. maj 2026,19.15,https://www.kultunaut.dk/perl/arrmore/type-nynaut?ArrNr=19901697
"Andet motionstilbud, Børn Håndbold for damer",Håndbold for damer,Kræver tidligere håndbolderfaring. Fokus på det sociale og spille god håndbold. Sæsonen starter i august og kører indtil april. Sommertræning i maj og juni.,Tir. 26. maj 2026,19.45,https://www.kultunaut.dk/perl/arrmore/type-nynaut?ArrNr=19901643
"Andet motionstilbud, Børn Grappling og Brazilian jiu-jitsu",Grappling og Brazilian jiu-jitsu,Grappling og BJJ for alle niveauer.,Tir. 26. maj 2026,See description,https://www.kultunaut.dk/perl/arrmore/type-nynaut?ArrNr=19901840
Møder Pub Quiz,Pub Quiz,,Tir. 26. maj 2026,20:00,https://www.kultunaut.dk/perl/arrmore/type-nynaut?ArrNr=19886397
Musik Sommerkoncert med MGK-Syd,Sommerkoncert med MGK-Syd,"Tirsdag den 26. maj kl. 20.00 inviterer MGK-Syd til en stemningsfuld aften på Godset i Kolding, hvor de rytmiske sammenspilshold indtager scenen med musik, energi og masser af personlighed.",Tir. 26. maj 2026,20:00,https://www.kultunaut.dk/perl/arrmore/type-nynaut?ArrNr=19971708
Ekskursion Guidet tur i Christiansfeld - Verdensarv i særklasse,Guidet tur i Christiansfeld - Verdensarv i særklasse,Velkommen til UNESCO-byen Christiansfeld - en by med en enestående historie. Tag med os på en historisk byvandring gennem de smukke gader i Christiansfeld. Vores guide fortæller dig historier om Brødremenigheden og byens historie - fra grundlæggelsen og.,Ons. 27. maj 2026 13:30 - 15:00,13:30,https://www.kultunaut.dk/perl/arrmore/type-nynaut?ArrNr=19862217
Møder Pubquiz På Knuds garage,Pubquiz På Knuds garage,"Hver Onsdag kl 20, kan du komme på Knuds Garage og få din paratviden udfordret.",Ons. 27. maj 2026 20:00 - 23:00,20:00,https://www.kultunaut.dk/perl/arrmore/type-nynaut?ArrNr=19531932
Ketchersport Pickleball,Pickleball,"Er en ketsjersport, der spilles med en let bold og et paddle (hårdt bat). Pickleball spilles på en bane i badmintonstørrelse, med tennis-lignende net. Der er elementer fra andre ketsjer/ bat spil - som tennis, squash, badminton og bordtennis.",Ons. 27. maj 2026,See description,https://www.kultunaut.dk/perl/arrmore/type-nynaut?ArrNr=19902947
Gymnastik/aerobic Motionsgymnastik i Arena Syd VAMDRUP,Motionsgymnastik i Arena Syd VAMDRUP,"Har du lyst til at få rørt hele kroppen og få sved på panden, så er disse timer noget for dig. En gymnastiktime med højt humør og dejlig inspirerende musik. Men pas på, - du bliver hurtig afhængig !!!",Ons. 27. maj 2026,See description,https://www.kultunaut.dk/perl/arrmore/type-nynaut?ArrNr=19903036
Gymnastik/aerobic Vandgymnastik,Vandgymnastik,"Træning i vand til god musik. Vi træner kroppens center, med fokus på ryg og mave, og bruger vandets modstand til at styrke alle kroppens muskler.",Ons. 27. maj 2026,See description,https://www.kultunaut.dk/perl/arrmore/type-nynaut?ArrNr=19903137
Andre Film Børnebiffen - Filmpakke 5 - Fra 5 år,Børnebiffen - Filmpakke 5 - Fra 5 år,"Sallies historier - Min onkel og min onkels nye hund. Instruktør: Peter Hausner, Søren Tomas. Onkel tuller rundt alene og keder sig. En dag anskaffer han sig en hund. Onkel har købt hundekurv, hundehalsbånd og en skål til hundemaden.",Ons. 27. maj 2026,See description,https://www.kultunaut.dk/perl/arrmore/type-nynaut?ArrNr=19792444
Baby/barsel Babytræf ved Sundhedsplejen,Babytræf ved Sundhedsplejen,Sundhedsplejen inviterer alle forældre med børn under 1 år til Babytræf. Onsdage i ulige uger taler vi om barnets kost og onsdage i lige uger taler vi om barnets søvn. Arrangementet starter præcis klokken 10.,Ons. 27. maj 2026,See description,https://www.kultunaut.dk/perl/arrmore/type-nynaut?ArrNr=19642433
Andet boldspil Petanque,Petanque,"Kolding KFUM Senioridræt er er forening for senior der kan være aktive om dagen. Alle kan deltage og der lægges stor vægt på det sociale, så der er altid kaffepause. Der er kugle at spille med, så sørg for påklædning der passer til vejret.",Ons. 27. maj 2026,See description,https://www.kultunaut.dk/perl/arrmore/type-nynaut?ArrNr=19902932
Andet motionstilbud Krolf,Krolf,"Vi spiller krolf fra april til og med juni måned og igen fra august til oktober. Der er køller og bolde til udlån - og vi opfordrer ALLE der har lyst, til at komme og prøve.",Ons. 27. maj 2026,See description,https://www.kultunaut.dk/perl/arrmore/type-nynaut?ArrNr=19903282
Danseundervisning Let's dance i arena syd vamdrup,Let's dance i arena syd vamdrup,"Ved brug af den skønne musik sammen med enkelte dansetrin kommer forbrændingen i vejret og kroppen fyldes med energi - samtidig med at det er sjovt og nemt at lære- Alle kan være med - unge som ældre, mænd og kvinder.",Ons. 27. maj 2026,10.15,https://www.kultunaut.dk/perl/arrmore/type-nynaut?ArrNr=19903334
Andet motionstilbud Funktionel / balancetræning,Funktionel / balancetræning,"Funktionel træning fokuserer på naturlige bevægelser, som den menneskelige krop allerede er skabt til at lave. Bevægelser som at løfte, trække, rotere eller skubbe, er bevægelser som vi allerede laver, eller kan få brug for i dagligdagen.",Ons. 27. maj 2026,10.30,https://www.kultunaut.dk/perl/arrmore/type-nynaut?ArrNr=19903450
Andet motionstilbud Vandgymnastik i Kongeåbadet VAMDRUP,Vandgymnastik i Kongeåbadet VAMDRUP,"Træning i vand til god musik. Vi træner kroppens center, med fokus på ryg og mave, og bruger vandets modstand til at styrke alle kroppens muskler.",Ons. 27. maj 2026,See description,https://www.kultunaut.dk/perl/arrmore/type-nynaut?ArrNr=19903128
Tegnefilm/Animation Super Mario Galaxy Filmen,Super Mario Galaxy Filmen,Here we go. Again! Animationsfilmen 'Super Mario Galaxy Filmen' (The Super Mario Galaxy Movie) er fortsættelsen til Super Mario Bros. Filmen fra 2023 og denne gang bliver eventyret endnu større!,Ons. 27. maj 2026,11.30,https://www.kultunaut.dk/perl/arrmore/type-nynaut?ArrNr=19932884
Action/Drama Michael,Michael,"Filmen 'Michael' skildrer en af de mest indflydelsesrige kunstnere nogensinde, Michael Jackson.",Ons. 27. maj 2026,11.30,https://www.kultunaut.dk/perl/arrmore/type-nynaut?ArrNr=19966528
Familiefilm Fårbrydelsen,Fårbrydelsen,"I denne finurlige og nyskabende krimihistorie er George (Hugh Jackman) en fårehyrde, der hver aften læser detektivromaner højt for sine elskede får - overbevist om, at de umuligt kan forstå dem.",Ons. 27. maj 2026,See description,https://www.kultunaut.dk/perl/arrmore/type-nynaut?ArrNr=19966538
Action/Drama Eleanors sandhed,Eleanors sandhed,"Det hjertevarme drama 'Eleanors sandhed' følger Eleanor Morgenstein, der efter et stort tab forlader Florida og flytter til New York for at begynde forfra.",Ons. 27. maj 2026,13.40,https://www.kultunaut.dk/perl/arrmore/type-nynaut?ArrNr=19966527
Komedie/Romantik The Devil Wears Prada 2,The Devil Wears Prada 2,"""A sequel? For spring? Groundbreaking."". Filmen 'The Devil Wears Prada 2' er fortsættelsen til den elskede film fra 2006, The Devil Wears Prada.",Ons. 27. maj 2026,12.30,https://www.kultunaut.dk/perl/arrmore/type-nynaut?ArrNr=19966464
Andet motionstilbud Kom og spil kegler (For alle niveauer - 55+ år),Kom og spil kegler (For alle niveauer - 55+ år),"HUSK indendørssko! Hvordan spiller man kegler?. Man starter med at indtage en ""startstilling"". Denne afhænger af hvilken teknik man bruger. Kaster man med to hænder, stiller man sig med spredte ben hen over linoleumsstykket.",Ons. 27. maj 2026,See description,https://www.kultunaut.dk/perl/arrmore/type-nynaut?ArrNr=19903023
Action/Drama Hjem,Hjem,"Filmen tager sin begyndelse i 1991, på et tidspunkt, hvor hele Balkanregionen er i opløsning.",Ons. 27. maj 2026,See description,https://www.kultunaut.dk/perl/arrmore/type-nynaut?ArrNr=19961561
Skydning Bueskydning,Bueskydning,Vi skyder med bue og pile mod en skive. Det kræver stor koncentration når man skyder. Man kommer til hallen (hal 2 i Pulzion) og bliver mødt af en der tager sig af dig. Du vil blive introduceret for alle så i ved hvem i er.,Ons. 27. maj 2026,14.20,https://www.kultunaut.dk/perl/arrmore/type-nynaut?ArrNr=19903159
Omvisning Rundvisning - Harteværket,Rundvisning - Harteværket,"Oplev historien for opførelsen af Danmarks første vandkraftværk, som blev indviet i 1920. En utrolig spændende historie, som også i fremtiden vil have en vigtig rolle for Kolding i forbindelse med de klimatilpasninger, som er forberedt på Harteværket.",Ons. 27. maj 2026,See description,https://www.kultunaut.dk/perl/arrmore/type-nynaut?ArrNr=19700904
Komedie/Romantik Affektionsværdi,Affektionsværdi,"Det norske drama 'Affektionsværdi' følger søstrene Nora (Renate Reinsve) og Agnes (Inga Ibsdotter Lilleaas), som genforenes med deres far Gustav (Stellan Skarsgård) - en førhen ganske feteret instruktør, som drømmer om det store comeback.",Ons. 27. maj 2026,See description,https://www.kultunaut.dk/perl/arrmore/type-nynaut?ArrNr=19966455
"Ketchersport, Børn Tennistræning for juniorer mellem 7 og 17 år",Tennistræning for juniorer mellem 7 og 17 år,"Gå til tennis hos KIF Tennis og få gratis træning. Nu starter vi igen hold for juniorer - et for 7-11 årige og et for 12-15 årige. Vi har et super godt trænerteam, og et godt fællesskab.",Ons. 27. maj 2026,See description,https://www.kultunaut.dk/perl/arrmore/type-nynaut?ArrNr=19908435
Dokumentar Aphaca - Brug for hinanden,Aphaca - Brug for hinanden,"Er et nærværende og intimt portræt af fire drenge, der tager hele Danmark med storm. En film fyldt med håb og drømme midt i en larmende verden, hvor vi har brug for hinanden. En film om Aphaca.",Ons. 27. maj 2026,16.30,https://www.kultunaut.dk/perl/arrmore/type-nynaut?ArrNr=19961611
"Danseundervisning, Børn Linedance/ Absolut Begynder",Linedance/ Absolut Begynder,For dem der aldrig har prøvet før.,Ons. 27. maj 2026,17.55,https://www.kultunaut.dk/perl/arrmore/type-nynaut?ArrNr=19903407
Løbetræning/jogging Løbetræning,Løbetræning,"Vi løber mandag og onsdag klokken 17 samt lørdag klokken 10 fra Bøgelund, Bramdrup. Skovvej 40. Kom i god tid - vi starter præcis. Du kan deltage 3-4 gange før du melder dig ind i klubben. Lavt kontingent - 300 kroner for et kalenderår.",Ons. 27. maj 2026,18.30,https://www.kultunaut.dk/perl/arrmore/type-nynaut?ArrNr=19920272
"Andet motionstilbud, Børn Hockey for voksne med særlige behov",Hockey for voksne med særlige behov,"Til hockey er der plads til alle uanset niveau. Efter en god opvarmning, træner vi med hockeystave og puck, hvor vi øver i at skyde til hinanden samt at skyde på mål. Hvis du ikke har prøvet at spille hockey før, skal du nok blive sat ind i reglerne.",Ons. 27. maj 2026,See description,https://www.kultunaut.dk/perl/arrmore/type-nynaut?ArrNr=19903106
Undervisning Pizza - Fra mel til mesterværk,Pizza - Fra mel til mesterværk,"Lær hvordan du laver en rigtig pizza - bagt i en italiensk Effeuno ovn.

  Arrangeret af FOF Sydjylland.",Ons. 27. maj 2026,19.45,https://www.kultunaut.dk/perl/arrmore/type-nynaut?ArrNr=19934768
Møder Brætspilsklubben,Brætspilsklubben,"Elsker du brætspil, og mangler du et hyggeligt fællesskab at spille sammen med?",Ons. 27. maj 2026,20.30,https://www.kultunaut.dk/perl/arrmore/type-nynaut?ArrNr=19336105
Møder Voksenfritteren,Voksenfritteren,"Er et fællesskab for voksne, der elsker at hygge og være kreative sammen.",Ons. 27. maj 2026,See description,https://www.kultunaut.dk/perl/arrmore/type-nynaut?ArrNr=19553689
Workshop Linoleumstryk// Linocut workshop Free for youth,Linoleumstryk// Linocut workshop Free for youth,"Join Et Fælles Frirum for an evening of lino printing, creativity, and reflection.",Ons. 27. maj 2026,17:00,https://www.kultunaut.dk/perl/arrmore/type-nynaut?ArrNr=19979453
Action/Drama In the Grey,In the Grey,Et hemmeligt hold af eliteagenter lever i skyggerne.,Ons. 27. maj 2026,17.30,https://www.kultunaut.dk/perl/arrmore/type-nynaut?ArrNr=19981703
Gymnastik/aerobic Motionsmix,Motionsmix,Sjov motionsgymnastik for både damer og herrer. Alle kan deltage uanset alder og skavanker.,Ons. 27. maj 2026,See description,https://www.kultunaut.dk/perl/arrmore/type-nynaut?ArrNr=19903010
"Danseundervisning, Børn Linedance / Begynder",Linedance / Begynder,For dem der kender lidt til grundtrin.,Ons. 27. maj 2026,18.05,https://www.kultunaut.dk/perl/arrmore/type-nynaut?ArrNr=19903138
"Kampsporttræning, Børn Karate unge (13+) og voksne",Karate unge (13+) og voksne,"Hvad er karate?. Karate er først og fremmest selvforsvar! Når vi træner, så passer vi godt på hinanden. Men når man først er lidt øvet, så går vi tæt på hinanden - og man kan godt få et blåt mærke med hjem.",Ons. 27. maj 2026,18.30,https://www.kultunaut.dk/perl/arrmore/type-nynaut?ArrNr=19903435
Andet motionstilbud Krolf for alle - aften,Krolf for alle - aften,"Til træning der spiller vi 2-3 runder, vi har i alt 4 forskellige baner man kan komme og prøve. Det man får ud af det er: at møde nye mennesker, hyggeligt socialt samvær, venskaber for alle aldersgrupper. Man skal huske varmt tøj til tider.",Ons. 27. maj 2026,18.30,https://www.kultunaut.dk/perl/arrmore/type-nynaut?ArrNr=19903093
Tegnefilm/Animation Fantasia N,Fantasia N,'Fantasia' var - og er måske stadig - Disney-studiernes mest ambitiøse værk i spillefilmslængde. Den voksede ud af en lille animeret billedfortælling på otte minutter med Mickey Mouse i rollen som 'Troldmandens lærling'.,Ons. 27. maj 2026,See description,https://www.kultunaut.dk/perl/arrmore/type-nynaut?ArrNr=19720448
Foredrag Kolding - Relax and in Joy - når balance bliver til nærvær og livsglæde,Kolding - Relax and in Joy - når balance bliver til nærvær og livsglæde,Relax and in Joy - når balance bliver til nærvær og livsglæde. Alt i livet handler om balance. Balance mellem selvudvikling og integration. Mellem indsigt og ro. Mellem at gøre - og bare at være.,Ons. 27. maj 2026,21.30,https://www.kultunaut.dk/perl/arrmore/type-nynaut?ArrNr=19587272
Musik Rytmisk sommerkoncert på Godset,Rytmisk sommerkoncert på Godset,"Musik gør noget ved os. Den kan samle os, løfte os, udfordre os og give ro. Den taler til både krop, hjerne og følelser - og i musikken er der plads til både grin, eftertanke og store øjeblikke.",Ons. 27. maj 2026,19:00,https://www.kultunaut.dk/perl/arrmore/type-nynaut?ArrNr=19971712
"Danseundervisning, Børn Linedance / Letøvet",Linedance / Letøvet,For dem der kender alle grundtrin og har lyst til større udfordringer.,Ons. 27. maj 2026,20.10,https://www.kultunaut.dk/perl/arrmore/type-nynaut?ArrNr=19903067
Action/Drama Mortal Kombat II,Mortal Kombat II,"De populære fanfavoritter - nu med selveste Johnny Cage på holdet - står over for hinanden i det ultimative opgør for at nedkæmpe Shao Kahns mørke herredømme, der truer selve Jordrigets eksistens og dets beskyttere.",Ons. 27. maj 2026,21.10,https://www.kultunaut.dk/perl/arrmore/type-nynaut?ArrNr=19966514
Thriller/Gyser Obsession,Obsession,"I gyserfilmen 'Obsession' er teenageren Bear håbløst forelsket i sin barndomsven Nikki. I et desperat forsøg på at vinde hendes kærlighed får han fat i de mystiske ""One Wish Willow"" og ønsker, at Nikki vil elske ham højere end nogen anden i verden.",Ons. 27. maj 2026,21.10,https://www.kultunaut.dk/perl/arrmore/type-nynaut?ArrNr=19981608
Gastronomi Seafood Festival på Gustav Lind ved Trapholt,Seafood Festival på Gustav Lind ved Trapholt,Seafood Festival hos Gustav Lind er en gastronomisk aften dedikeret til havet og dets bedste råvarer.,Ons. 27. til lør. 30. maj 2026 18:00 - 21:00,18:00,https://www.kultunaut.dk/perl/arrmore/type-nynaut?ArrNr=19996970
Foredrag Arkæologisk foredrag: Udgravningerne omkring Klostergade og Munkegade i Kolding,Arkæologisk foredrag: Udgravningerne omkring Klostergade og Munkegade i Kolding,"Peter Kahr Jørgensen, arkæolog ved Museum Sønderjylland, vil præsentere de foreløbige resultater af de arkæologiske fund gjort i Klostergade og Munkegade i Kolding de senere år,.",Tor. 28. maj 2026 19:00 - 20:30,19:00,https://www.kultunaut.dk/perl/arrmore/type-nynaut?ArrNr=19886532
Gastronomi Vinsmagning - Glasset & Gaflen,Vinsmagning - Glasset & Gaflen,"Denne torsdag byder på vores populære smagning Glasset & Gaflen, hvor du skal nyde 5 glas og 5 serveringer. Denne gang med Italiensk tema, da vi har besøg af Morten fra ""Made By Mama"", der pt. er aktuel i Masterchef.",Tor. 28. maj 2026 19:00-21.30,19:00,https://www.kultunaut.dk/perl/arrmore/type-nynaut?ArrNr=19935272
Andet motionstilbud Motionsgymnastik,Motionsgymnastik,"Har du lyst til at få rørt hele kroppen og få sved på panden, så er disse timer noget for dig. En gymnastiktime med højt humør og dejlig inspirerende musik. Men pas på, - du bliver hurtig afhængig !!!",Tor. 28. maj 2026,See description,https://www.kultunaut.dk/perl/arrmore/type-nynaut?ArrNr=19908346
Fitness/styrketræning Styrke/ryg træning,Styrke/ryg træning,"Her styrkes alle kroppens muskler, så ryggen kan klare hverdagen. Husk måtte.",Tor. 28. maj 2026,09.30,https://www.kultunaut.dk/perl/arrmore/type-nynaut?ArrNr=19907546
Andet motionstilbud Krolfspil for senior,Krolfspil for senior,"Krolf er et rigtig hyggelig spil, hvor alle kan deltage. Det er en blanding af golf og kroket. Praktisk påklædning efter vejret, gerne kraftige sko eller i regnvejr gummistøvler.",Tor. 28. maj 2026,09.30,https://www.kultunaut.dk/perl/arrmore/type-nynaut?ArrNr=19908299
Vandretur/stavgang Stavgang,Stavgang,"Der kan som udgangspunkt lånes stave i IFA de første par gange. Der vil hver gang være mulighed for instruktion i stavgangsteknik, ligesom der som regel er mulighed fora t vælge hold med forskellige tempi.",Tor. 28. maj 2026,11.30,https://www.kultunaut.dk/perl/arrmore/type-nynaut?ArrNr=19907992
Møder Torsdagscafé,Torsdagscafé,"Tidl. diplomat Carsten Rasmussen, kommer og fortæller om det at være diplomat midt i en brydningstid.",Tor. 28. maj 2026,See description,https://www.kultunaut.dk/perl/arrmore/type-nynaut?ArrNr=19229074
Andet motionstilbud Knæ / hoftetræning,Knæ / hoftetræning,"Har du problemer med knæ og hofte, er dette hold noget for dig. Musklerne i benet har sammenhæng med. musklerne i hofte. På holdet arbejdes der med specifik styrketræning til disse muskler. I opstarten vil det.",Tor. 28. maj 2026,10.15,https://www.kultunaut.dk/perl/arrmore/type-nynaut?ArrNr=19907631
Danseundervisning Let's Dance,Let's Dance,"Ved brug af skøn musik til mange forskellige dansearter, sammen med enkelte dansetrin kommer forbrændingen i vejret og kroppen fyldes med energi - samtidig med at det er sjovt og nemt at lære- Alle kan være med - unge som ældre, mænd og kvinder, hvis bare.",Tor. 28. maj 2026,See description,https://www.kultunaut.dk/perl/arrmore/type-nynaut?ArrNr=19908147
Tegnefilm/Animation Super Mario Galaxy Filmen,Super Mario Galaxy Filmen,Here we go. Again! Animationsfilmen 'Super Mario Galaxy Filmen' (The Super Mario Galaxy Movie) er fortsættelsen til Super Mario Bros. Filmen fra 2023 og denne gang bliver eventyret endnu større!,Tor. 28. maj 2026,11.30,https://www.kultunaut.dk/perl/arrmore/type-nynaut?ArrNr=19990549
Action/Drama Michael,Michael,"Filmen 'Michael' skildrer en af de mest indflydelsesrige kunstnere nogensinde, Michael Jackson.",Tor. 28. maj 2026,11.30,https://www.kultunaut.dk/perl/arrmore/type-nynaut?ArrNr=19977362
Action/Drama Eleanors sandhed,Eleanors sandhed,"Det hjertevarme drama 'Eleanors sandhed' følger Eleanor Morgenstein, der efter et stort tab forlader Florida og flytter til New York for at begynde forfra.",Tor. 28. maj 2026,11.40,https://www.kultunaut.dk/perl/arrmore/type-nynaut?ArrNr=19990108
Andet motionstilbud Gym Stick-----styrketræning,Gym Stick-----styrketræning,"Gymstick muliggør en effektiv træning af styrke, udholdenhed, bevægelighed og koordination. Det er muligt. at lave mange øvelser for at træne hele kroppen samt målrettet arbejde for enkelte muskelgrupper.",Tor. 28. maj 2026,12.15,https://www.kultunaut.dk/perl/arrmore/type-nynaut?ArrNr=19908015
Gymnastik/aerobic Yoga,Yoga,"Deltagerne på holdene giver udtryk for, at hele kroppen bliver arbejdet godt igennem i et roligt tempo, at de kommer ud i yderstillinger og bliver mere smidige.",Tor. 28. maj 2026,12.15,https://www.kultunaut.dk/perl/arrmore/type-nynaut?ArrNr=19907710
Science Fiction The Mandalorian & Grogu,The Mandalorian & Grogu,"Tag med dusørjægeren Din Djarin og hans unge lærling Grogu på en ny mission i 'The Mandalorian & Grogu.'. Imperiet er faldet, men galaksen er langt fra fredelig.",Tor. 28. maj 2026,12.30,https://www.kultunaut.dk/perl/arrmore/type-nynaut?ArrNr=19867872
Action/Drama Hjem,Hjem,"Filmen 'Hjem' tager sin begyndelse i 1991, på et tidspunkt, hvor hele Balkanregionen er i opløsning. Den 6-årige Maja sammen med sine forældre til Danmark og efterlader sine to ældre brødre derhjemme med løfte om en snarlig genforening.",Tor. 28. maj 2026,13.15,https://www.kultunaut.dk/perl/arrmore/type-nynaut?ArrNr=19989892
Thriller/Gyser Aftenvagt,Aftenvagt,"Floria (spillet af Leonie Benesch - mindst lige så fantastisk som i 'Lærerværelset') er en dedikeret sygeplejerske, der med urokkelig dedikation navigerer i det ubarmhjertige opskruet tempo på en kirurgisk afdeling på et hospital i Schweiz.",Tor. 28. maj 2026,13.30,https://www.kultunaut.dk/perl/arrmore/type-nynaut?ArrNr=19961813
Møder Mangafællesskabet,Mangafællesskabet,Elsker du manga og anime?,Tor. 28. maj 2026,See description,https://www.kultunaut.dk/perl/arrmore/type-nynaut?ArrNr=19484580
Science Fiction Det blå spor,Det blå spor,"Tereza på 77 har boet hele sit liv i en lille by i Amazonas-junglen, da hun en dag modtager en besked fra myndighederne, der beordrer hende at flytte til en seniorboligkoloni.",Tor. 28. maj 2026,See description,https://www.kultunaut.dk/perl/arrmore/type-nynaut?ArrNr=19961168
Thriller/Gyser Backrooms,Backrooms,I den intense gyserfilm 'Backrooms' åbner en uforklarlig passage sig i kælderen under et møbelshowroom. Da psykiateren Dr.,Tor. 28. maj 2026,20.45,https://www.kultunaut.dk/perl/arrmore/type-nynaut?ArrNr=19989479
Andet motionstilbud Ungdomstræning for 5-18 årige,Ungdomstræning for 5-18 årige,"Til vores træninger er timen delt op i 3 sektioner opvarmning/træningsøvelser/bowling & leg. Vi starter med en fælles opvarmning, for at få kroppen igang og klar til træningen.",Tor. 28. maj 2026,See description,https://www.kultunaut.dk/perl/arrmore/type-nynaut?ArrNr=19908478
"Andet motionstilbud, Børn Kolding Børnehøjskole",Kolding Børnehøjskole,"På Kolding Børnehøjskole tilbyder vi kurser, hvor børn kan fordybe sig og lære noget om det, som de er sammen om. Vores mål er at gøre verden større for de mindste. Vi tror på, at selv store ting kan skabes i det små, og af de små.",Tor. 28. maj 2026,See description,https://www.kultunaut.dk/perl/arrmore/type-nynaut?ArrNr=19908485
"Workshop Flødebolle kursus hos Frellsen, Kolding","Flødebolle kursus hos Frellsen, Kolding",Imponér venner eller familie med dine egne flødebolle kreationer! Lær at fremstille 10 flødeboller hos Frellsen.,Tor. 28. maj 2026,16:00,https://www.kultunaut.dk/perl/arrmore/type-nynaut?ArrNr=19741502
Komedie/Romantik Affektionsværdi,Affektionsværdi,Joachim Triers nyeste film vandt Grand Prix i Cannes og har nu slået nordisk rekord med hele 9 Oscar-nomineringer!,Tor. 28. maj 2026,16.30,https://www.kultunaut.dk/perl/arrmore/type-nynaut?ArrNr=19961396
Møder Rockmusiksalon,Rockmusiksalon,"Uformelle eftermiddage, hvor man lytter til rockmusik i alle afskygninger.",Tor. 28. maj 2026,16.30,https://www.kultunaut.dk/perl/arrmore/type-nynaut?ArrNr=19772971
Gospel/Kor/Fællessang Månedens sange i det fri,Månedens sange i det fri,Kom til Månedens sange i det fri.,Tor. 28. maj 2026,17.45,https://www.kultunaut.dk/perl/arrmore/type-nynaut?ArrNr=19863184
"Andet motionstilbud, Børn U7 mix",U7 mix,En tryg og sjov start på dit barns håndboldeventyr. Medbring sko og tøj man kan bevæge sig i.,Tor. 28. maj 2026,17.45,https://www.kultunaut.dk/perl/arrmore/type-nynaut?ArrNr=19908107
"Kampsporttræning, Børn Begynderhold",Begynderhold,"Som nybegynder eller let øvet, går meget af træningen ud på at indøve de helt basale teknikker som stød, parader, spark og stillinger, samt de grundlæggende japanske termer, der bruges.",Tor. 28. maj 2026,See description,https://www.kultunaut.dk/perl/arrmore/type-nynaut?ArrNr=19907969
Møder Figurspilsklub,Figurspilsklub,"Kom forbi Kolding Biblioteks figurspilsklub. Det er gratis, og du behøver ikke tilmelde dig.",Tor. 28. maj 2026,20.45,https://www.kultunaut.dk/perl/arrmore/type-nynaut?ArrNr=19998493
"Ketchersport, Børn Tennis 5-8 årige",Tennis 5-8 årige,Udendørstræning: 1. Maj 2022 - 16. September 2022.,Tor. 28. maj 2026,17.15,https://www.kultunaut.dk/perl/arrmore/type-nynaut?ArrNr=19908150
Komedie/Romantik The Devil Wears Prada 2,The Devil Wears Prada 2,"""A sequel? For spring? Groundbreaking."". Filmen 'The Devil Wears Prada 2' er fortsættelsen til den elskede film fra 2006, The Devil Wears Prada.",Tor. 28. maj 2026,17.20,https://www.kultunaut.dk/perl/arrmore/type-nynaut?ArrNr=19958584
"Kampsporttræning, Børn Begynder brydning - 7 til 13 år",Begynder brydning - 7 til 13 år,"Træningen består af leg, motorik/akrobatik, koordinationsøvelser samt bryde relaterede øvelser. Her læres at slå de mest basale brydegreb, og under træning får de også mulighed for at bryde rigtigt.",Tor. 28. maj 2026,17.30,https://www.kultunaut.dk/perl/arrmore/type-nynaut?ArrNr=19907917
"Ketchersport, Børn Junior squash for alle 6-16 årige",Junior squash for alle 6-16 årige,Mangler din søn eller datter en ny sportsgren?. SÅ ER DET SQUASH! Squash er sjovt for alle aldre - squash er blandt verdens sundeste sportsgrene & squash er motion!,Tor. 28. maj 2026,17.30,https://www.kultunaut.dk/perl/arrmore/type-nynaut?ArrNr=19908472
"Danseundervisning, Børn Linedance / Øvet",Linedance / Øvet,For dem der kan alle grundtrin og lyst til større udfordringer.,Tor. 28. maj 2026,17.30,https://www.kultunaut.dk/perl/arrmore/type-nynaut?ArrNr=19907959
Fodboldtræning Fodbold alle torsdage kl. 18.00,Fodbold alle torsdage kl. 18.00,"Vi er en flok gamle gutter, der spiller fodbold for sjov, vores ældste mand er 87 år -yngste 38. Vi hedder KIF Oldboys, men langt de fleste har tidligere spillet i andre klubber, flere har aldrig spillet fodbold i en klub før KIF Oldboys.",Tor. 28. maj 2026,See description,https://www.kultunaut.dk/perl/arrmore/type-nynaut?ArrNr=19908239
"Andet motionstilbud, Børn Håndbold for damer",Håndbold for damer,Kræver tidligere håndbolderfaring. Fokus på det sociale og spille god håndbold. Sæsonen starter i august og kører indtil april. Sommertræning i maj og juni.,Tor. 28. maj 2026,19.45,https://www.kultunaut.dk/perl/arrmore/type-nynaut?ArrNr=19908223
Action/Drama In the Grey,In the Grey,Et hemmeligt hold af eliteagenter lever i skyggerne.,Tor. 28. maj 2026,18.30,https://www.kultunaut.dk/perl/arrmore/type-nynaut?ArrNr=19990409
"Andet motionstilbud, Børn Realistisk selvforsvar for alle (9+ år)",Realistisk selvforsvar for alle (9+ år),Vi træner selvforsvar på mix hold tirsdage og torsdage fra kl 18:30 til 20:00 kom ned i kluben og prøv omdet er noget for dig.,Tor. 28. maj 2026,18.30,https://www.kultunaut.dk/perl/arrmore/type-nynaut?ArrNr=19907902
"Kampsporttræning, Børn Hold 3 (13 år +)",Hold 3 (13 år +),"Vores største hold. Her er plads til både eliten, talenterne, og dem der bare gerne vil have sved på panden og lære at bryde. Teknik træningen slutte kl. 19.30 fra 19.30 til 20.00 er der Open Mat.",Tor. 28. maj 2026,18.30,https://www.kultunaut.dk/perl/arrmore/type-nynaut?ArrNr=19908456
Møder Fællesskabsaften,Fællesskabsaften,Pia Hinderfelt - livsfortælling. HUSK Tilmelding til fællesspisning til Else på tel 2649 0103 - gerne SMS - senest dagen før.,Tor. 28. maj 2026,18.30,https://www.kultunaut.dk/perl/arrmore/type-nynaut?ArrNr=19501041
Action/Drama Franz,Franz,"Filmen skildrer det gådefulde liv for Franz Kafka, fra hans ungdom i Prag til hans død i 1924. I stedet for at være en traditionel biografi er Franz sat op som en kalejdoskopisk mosaik af drømme, breve, fragmenter fra hans fiktion og historiske episoder.",Tor. 28. maj 2026,See description,https://www.kultunaut.dk/perl/arrmore/type-nynaut?ArrNr=19936769
"Dokumentar Ilden, Vandet, Jorden, Luften","Ilden, Vandet, Jorden, Luften","Klimaforandringerne er her nu - også i Danmark og i hele Norden. Skovbrande breder sig i Sverige, havene stiger i Danmark, stormene bliver voldsommere på Færøerne, og landskabet skrider i Norge. Naturen giver os tydelige tegn.",Tor. 28. maj 2026,See description,https://www.kultunaut.dk/perl/arrmore/type-nynaut?ArrNr=19961175
Andet motionstilbud Fællesklang,Fællesklang,"Er du mellem 18 og 35 år og glad for at synge? Så er Fællesklang Kolding det rytmiske kor for dig - helt uden optagelsesprøve! Fællesklang Kolding er et kor for alle mellem 18 og 35 år, der elsker at synge alt fra pophits og gospel til Disney-klassikere.",Tor. 28. maj 2026,See description,https://www.kultunaut.dk/perl/arrmore/type-nynaut?ArrNr=19907685
Workshop Skriv løs,Skriv løs,"Skriver du, og har du lyst til at sidde sammen med andre og skrive? Så kom og vær med til Skriv løs.",Tor. 28. maj 2026,20.45,https://www.kultunaut.dk/perl/arrmore/type-nynaut?ArrNr=19346189
Andet motionstilbud Kegler for hele familien,Kegler for hele familien,"De fleste har prøvet bowling eller set spillet. Man kan godt sammenligne at spille bowling med kegler. Forskellen på disse 2 spil er, at kuglen er mindre i kegler, og uden huller til fingrene.",Tor. 28. maj 2026,See description,https://www.kultunaut.dk/perl/arrmore/type-nynaut?ArrNr=19908421
"Andet motionstilbud, Børn Håndbold for herrer",Håndbold for herrer,Fordel med tidligere håndbolderfaring. Fokus på det sociale og spille god håndbold. Sæsonen starter i august og kører indtil april. Sommertræning i maj og juni.,Tor. 28. maj 2026,19.45,https://www.kultunaut.dk/perl/arrmore/type-nynaut?ArrNr=19908392
"Andet motionstilbud, Børn Grappling and Brazilian jiu-jitsu",Grappling and Brazilian jiu-jitsu,Grappling and BJJ for all skill levels.,Tor. 28. maj 2026,See description,https://www.kultunaut.dk/perl/arrmore/type-nynaut?ArrNr=19907879
Show/stand up Open Mic,Open Mic,,Tor. 28. maj 2026,21:00,https://www.kultunaut.dk/perl/arrmore/type-nynaut?ArrNr=19886391
Thriller/Gyser Obsession,Obsession,"I gyserfilmen 'Obsession' er teenageren Bear håbløst forelsket i sin barndomsven Nikki. I et desperat forsøg på at vinde hendes kærlighed får han fat i de mystiske ""One Wish Willow"" og ønsker, at Nikki vil elske ham højere end nogen anden i verden.",Tor. 28. maj 2026,21.10,https://www.kultunaut.dk/perl/arrmore/type-nynaut?ArrNr=19990022
Musik Metalcafé #13.3,Metalcafé #13.3,"Metalcaféen er stedet, hvor metalfolket samles og dyrker deres fælles passion. Denne aften er med japansk tema. Aftenen indeholder som altid den populære Metal Quiz, en DJ der spiller alle de kendte m.",Fre. 29. maj 2026,See description,https://www.kultunaut.dk/perl/arrmore/type-nynaut?ArrNr=19896806
Rock/Pop Rasmus Madsen med Band // Shu-bi-dua 2.0,Rasmus Madsen med Band // Shu-bi-dua 2.0,"Oplev en uforglemmelig aften ved Slotssøen i Kolding d. 29. maj med Rasmus Madsen, der hylder Johnny Madsen, og Shu-bi-dua 2.0, som bringer de elskede hits til live i et brag af musik, nostalgi og festlig energi.",Fre. 29. maj 2026 17:00 - 22:30,17:00,https://www.kultunaut.dk/perl/arrmore/type-nynaut?ArrNr=19196715
Gudstjeneste Gudstjeneste på Olivenhaven,Gudstjeneste på Olivenhaven,,Fre. 29. maj 2026,10.30,https://www.kultunaut.dk/perl/arrmore/type-nynaut?ArrNr=19724956
Action/Drama Eleanors sandhed,Eleanors sandhed,"Det hjertevarme drama 'Eleanors sandhed' følger Eleanor Morgenstein, der efter et stort tab forlader Florida og flytter til New York for at begynde forfra.",Fre. 29. maj 2026,11.30,https://www.kultunaut.dk/perl/arrmore/type-nynaut?ArrNr=19990495
Tegnefilm/Animation Super Mario Galaxy Filmen,Super Mario Galaxy Filmen,Here we go. Again! Animationsfilmen 'Super Mario Galaxy Filmen' (The Super Mario Galaxy Movie) er fortsættelsen til Super Mario Bros. Filmen fra 2023 og denne gang bliver eventyret endnu større!,Fre. 29. maj 2026,11.45,https://www.kultunaut.dk/perl/arrmore/type-nynaut?ArrNr=19989974
Komedie/Romantik Affektionsværdi,Affektionsværdi,"Det norske drama 'Affektionsværdi' følger søstrene Nora (Renate Reinsve) og Agnes (Inga Ibsdotter Lilleaas), som genforenes med deres far Gustav (Stellan Skarsgård) - en førhen ganske feteret instruktør, som drømmer om det store comeback.",Fre. 29. maj 2026,12.30,https://www.kultunaut.dk/perl/arrmore/type-nynaut?ArrNr=19989730
Action/Drama Michael,Michael,"Filmen 'Michael' skildrer en af de mest indflydelsesrige kunstnere nogensinde, Michael Jackson.",Fre. 29. maj 2026,12.30,https://www.kultunaut.dk/perl/arrmore/type-nynaut?ArrNr=19990542
Science Fiction The Mandalorian & Grogu,The Mandalorian & Grogu,"Tag med dusørjægeren Din Djarin og hans unge lærling Grogu på en ny mission i 'The Mandalorian & Grogu.'. Imperiet er faldet, men galaksen er langt fra fredelig.",Fre. 29. maj 2026,12.30,https://www.kultunaut.dk/perl/arrmore/type-nynaut?ArrNr=19867972
Andet motionstilbud Kom og spil kegler hver fredag eftermiddag,Kom og spil kegler hver fredag eftermiddag,"HUSK indendørssko! Hvordan spiller man kegler?. Man starter med at indtage en ""startstilling"". Denne afhænger af hvilken teknik man bruger. Kaster man med to hænder, stiller man sig med spredte ben hen over linoleumsstykket.",Fre. 29. maj 2026,See description,https://www.kultunaut.dk/perl/arrmore/type-nynaut?ArrNr=19910500
Komedie/Romantik The Devil Wears Prada 2,The Devil Wears Prada 2,"""A sequel? For spring? Groundbreaking."". Filmen 'The Devil Wears Prada 2' er fortsættelsen til den elskede film fra 2006, The Devil Wears Prada.",Fre. 29. maj 2026,13.15,https://www.kultunaut.dk/perl/arrmore/type-nynaut?ArrNr=19990228
Science Fiction Det blå spor,Det blå spor,"Tereza på 77 har boet hele sit liv i en lille by i Amazonas-junglen, da hun en dag modtager en besked fra myndighederne, der beordrer hende at flytte til en seniorboligkoloni.",Fre. 29. maj 2026,13.30,https://www.kultunaut.dk/perl/arrmore/type-nynaut?ArrNr=19961336
Andre Film Japan - Denmark Film Festival 29. 31. maj 2026,Japan - Denmark Film Festival 29. 31. maj 2026,Du er ved at købe en 3 dages billet til Japan - Denmark Filmfestival 2026. Du har desuden mulighed for i købsflowet at tilkøbe aftensmad til lørdag eller søndag - eller begge dage - menuen er ekskl. drikkevarer og menuen er en overraskelse.,Fre. 29. maj 2026,See description,https://www.kultunaut.dk/perl/arrmore/type-nynaut?ArrNr=19809456
Familiefilm Fårbrydelsen,Fårbrydelsen,"I denne finurlige og nyskabende krimihistorie er George (Hugh Jackman) en fårehyrde, der hver aften læser detektivromaner højt for sine elskede får - overbevist om, at de umuligt kan forstå dem.",Fre. 29. maj 2026,15.30,https://www.kultunaut.dk/perl/arrmore/type-nynaut?ArrNr=19989909
"Kampsporttræning, Børn Kaizen Kidz",Kaizen Kidz,"Holdet er tilrettelagt med en blanding af karate og fysisk aktivitet og leg, således at der hele tiden er aktivitet, og at børnene får tid til at bearbejde deres indtryk.",Fre. 29. maj 2026,17.30,https://www.kultunaut.dk/perl/arrmore/type-nynaut?ArrNr=19910264
"Kampsporttræning, Børn Freestyle wrestling",Freestyle wrestling,Training for youth/senior + 15 years. The training is for beginners and advanced wrestlers of all levels.,Fre. 29. maj 2026,17.30,https://www.kultunaut.dk/perl/arrmore/type-nynaut?ArrNr=19910307
Action/Drama Franz,Franz,"Filmen skildrer det gådefulde liv for Franz Kafka, fra hans ungdom i Prag til hans død i 1924. I stedet for at være en traditionel biografi er Franz sat op som en kalejdoskopisk mosaik af drømme, breve, fragmenter fra hans fiktion og historiske episoder.",Fre. 29. maj 2026,See description,https://www.kultunaut.dk/perl/arrmore/type-nynaut?ArrNr=19936981
Klassisk Klassisk soiré med MGK-Syd,Klassisk soiré med MGK-Syd,Ved denne soiré kan publikum opleve talentfulde klassiske elever fra MGK Syd.,Fre. 29. maj 2026,19:00,https://www.kultunaut.dk/perl/arrmore/type-nynaut?ArrNr=19140864
Gudstjeneste Gudstjeneste: Kolding Natkirke,Gudstjeneste: Kolding Natkirke,,Fre. 29. maj 2026,19.30,https://www.kultunaut.dk/perl/arrmore/type-nynaut?ArrNr=19715468
Gudstjeneste Gudstjeneste: Kolding Natkirke i Sankt Nicolai Kirke,Gudstjeneste: Kolding Natkirke i Sankt Nicolai Kirke,Kom og oplev en særlig aften i Kolding Natkirke - et åbent og stemningsfuldt rum midt i byen.,Fre. 29. maj 2026,19.30,https://www.kultunaut.dk/perl/arrmore/type-nynaut?ArrNr=19991051
Thriller/Gyser Backrooms,Backrooms,I den intense gyserfilm 'Backrooms' åbner en uforklarlig passage sig i kælderen under et møbelshowroom. Da psykiateren Dr.,Fre. 29. maj 2026,21.15,https://www.kultunaut.dk/perl/arrmore/type-nynaut?ArrNr=19977425
Thriller/Gyser Obsession,Obsession,"I gyserfilmen 'Obsession' er teenageren Bear håbløst forelsket i sin barndomsven Nikki. I et desperat forsøg på at vinde hendes kærlighed får han fat i de mystiske ""One Wish Willow"" og ønsker, at Nikki vil elske ham højere end nogen anden i verden.",Fre. 29. maj 2026,21.15,https://www.kultunaut.dk/perl/arrmore/type-nynaut?ArrNr=19989851
Musik Lunderskov Open Air 2026,Lunderskov Open Air 2026,"Inviterer dig til at opleve musik og fællesskab i hjertet af sommeren.

  Arrangeret af Lunderskov Open Air.",Fre. 29. og lør. 30. maj 2026,See description,https://www.kultunaut.dk/perl/arrmore/type-nynaut?ArrNr=19117987
Ekskursion Guidet tur i Christiansfeld - Verdensarv i særklasse,Guidet tur i Christiansfeld - Verdensarv i særklasse,Velkommen til UNESCO-byen Christiansfeld - en by med en enestående historie. Tag med os på en historisk byvandring gennem de smukke gader i Christiansfeld. Vores guide fortæller dig historier om Brødremenigheden og byens historie - fra grundlæggelsen og.,Lør. 30. maj 2026 13:30 - 15:00,13:30,https://www.kultunaut.dk/perl/arrmore/type-nynaut?ArrNr=19862176
For børn Håndbold for børn (2-5 årige),Håndbold for børn (2-5 årige),"Motorik baner, boldmassage og meget mere. Aktiviteterne gennemføres sammen med en forældre/voksen. Sørg for at børnene har noget ordentligt fodtøj og tøj de kan bevæge sig i. Sæsonen starter i august/september og slutter i april/maj.",Lør. 30. maj 2026,See description,https://www.kultunaut.dk/perl/arrmore/type-nynaut?ArrNr=19913143
Familiefilm Fårbrydelsen,Fårbrydelsen,"I denne finurlige og nyskabende krimihistorie er George (Hugh Jackman) en fårehyrde, der hver aften læser detektivromaner højt for sine elskede får - overbevist om, at de umuligt kan forstå dem.",Lør. 30. maj 2026,12.45,https://www.kultunaut.dk/perl/arrmore/type-nynaut?ArrNr=19958441
"Løbetræning/jogging, Børn Løbetræning",Løbetræning,Vi løber mandag og onsdag klokken 17 samt lørdag klokken 10 fra Bøgelund (i sommerhalvåret starter den lange tur på +16km kl. 09.00). Hvor holder vi til? Bramdrup Skovvej 40. Kom i god tid - vi starter præcis.,Lør. 30. maj 2026,See description,https://www.kultunaut.dk/perl/arrmore/type-nynaut?ArrNr=19920261
"Andet motionstilbud, Børn Kvinder / Mandfolk på MTB",Kvinder / Mandfolk på MTB,Mountainbike for alle - Fokus på stier og fællesskab. Har du lyst til at komme ud i den friske luft på din mountainbike uden at bekymre dig om svære tekniske spor og stejle skrænter?,Lør. 30. maj 2026,See description,https://www.kultunaut.dk/perl/arrmore/type-nynaut?ArrNr=19943280
For børn Minikrea,Minikrea,Kreativ hygge for børnefamilier.,Lør. 30. maj 2026,See description,https://www.kultunaut.dk/perl/arrmore/type-nynaut?ArrNr=19956822
Science Fiction The Mandalorian & Grogu,The Mandalorian & Grogu,"Tag med dusørjægeren Din Djarin og hans unge lærling Grogu på en ny mission i 'The Mandalorian & Grogu.'. Imperiet er faldet, men galaksen er langt fra fredelig.",Lør. 30. maj 2026,12.30,https://www.kultunaut.dk/perl/arrmore/type-nynaut?ArrNr=19867799
Marked/byfest Cosplay event med Kaho Shibuya,Cosplay event med Kaho Shibuya,Cosplay event i Kolding med japansk cosplayer Kaho Shibuya.,Lør. 30. maj 2026,10:00,https://www.kultunaut.dk/perl/arrmore/type-nynaut?ArrNr=19874529
Komedie/Romantik Affektionsværdi,Affektionsværdi,"Det norske drama 'Affektionsværdi' følger søstrene Nora (Renate Reinsve) og Agnes (Inga Ibsdotter Lilleaas), som genforenes med deres far Gustav (Stellan Skarsgård) - en førhen ganske feteret instruktør, som drømmer om det store comeback.",Lør. 30. maj 2026,10.30,https://www.kultunaut.dk/perl/arrmore/type-nynaut?ArrNr=19989800
Tegnefilm/Animation Super Mario Galaxy Filmen,Super Mario Galaxy Filmen,Here we go. Again! Animationsfilmen 'Super Mario Galaxy Filmen' (The Super Mario Galaxy Movie) er fortsættelsen til Super Mario Bros. Filmen fra 2023 og denne gang bliver eventyret endnu større!,Lør. 30. maj 2026,10.30,https://www.kultunaut.dk/perl/arrmore/type-nynaut?ArrNr=19990190
"Workshop Flødebolle kursus hos Frellsen, Kolding","Flødebolle kursus hos Frellsen, Kolding",Imponér venner eller familie med dine egne flødebolle kreationer! Lær at fremstille 10 flødeboller hos Frellsen.,Lør. 30. maj 2026,11:00,https://www.kultunaut.dk/perl/arrmore/type-nynaut?ArrNr=19741508
Foredrag Forårets temasmagning - Slovenien,Forårets temasmagning - Slovenien,,Lør. 30. maj 2026,11:30,https://www.kultunaut.dk/perl/arrmore/type-nynaut?ArrNr=19653338
Action/Drama Michael,Michael,"Filmen 'Michael' skildrer en af de mest indflydelsesrige kunstnere nogensinde, Michael Jackson.",Lør. 30. maj 2026,12.20,https://www.kultunaut.dk/perl/arrmore/type-nynaut?ArrNr=19989515
Dokumentar Billie Eilish - Hit Me Hard and Soft: The Tour,Billie Eilish - Hit Me Hard and Soft: The Tour,Optaget under hendes udsolgte verdensturné bringer Billie Eilish - HIT ME HARD AND SOFT: THE TOUR (LIVE IN 3D) en nyskabende koncertoplevelse til det store lærred fra en af sin generations mest anerkendte og succesfulde kunstnere.,Lør. 30. maj 2026,13.10,https://www.kultunaut.dk/perl/arrmore/type-nynaut?ArrNr=19989650
Gastronomi Giro d'Italia watch party &Beer Battle,Giro d'Italia watch party &Beer Battle,"Vi sparker tingene i gang med en ølkamp mellem Alexander fra Stepping Stone og Henrik fra BeerShoppen. Alex præsenterer 4 danske øl, og Henrik 4 udenlandske - og det er op til dig at bestemme, hvem der rider med sejren!",Lør. 30. maj 2026,14:00,https://www.kultunaut.dk/perl/arrmore/type-nynaut?ArrNr=19968930
Omvisning Rundvisning - Harteværket,Rundvisning - Harteværket,"Oplev historien for opførelsen af Danmarks første vandkraftværk, som blev indviet i 1920. En utrolig spændende historie, som også i fremtiden vil have en vigtig rolle for Kolding i forbindelse med de klimatilpasninger, som er forberedt på Harteværket.",Lør. 30. maj 2026,See description,https://www.kultunaut.dk/perl/arrmore/type-nynaut?ArrNr=19701517
Fodboldkamp 3v3 LIGA - Fodboldturnering 13-15 år på Aalykkeskolen,3v3 LIGA - Fodboldturnering 13-15 år på Aalykkeskolen,"Den 30. maj afvikler foreningen Eow! en 3v3 skolegårdsfodbold turnering for unge i alderen 13-15 år. Det er gratis at tilmelde sig og der gives præmier til 1., 2. og 3. plads. Turneringen er en del af et forløb foreningen årligt laver, som hedder KOM UD!

  Arrangeret af Eow!.",Lør. 30. maj 2026,See description,https://www.kultunaut.dk/perl/arrmore/type-nynaut?ArrNr=19975496
Science Fiction Harry Potter og dødsregalierne - del 2,Harry Potter og dødsregalierne - del 2,,Lør. 30. maj 2026,15.15,https://www.kultunaut.dk/perl/arrmore/type-nynaut?ArrNr=19732955
Science Fiction Det blå spor,Det blå spor,"Tereza på 77 har boet hele sit liv i en lille by i Amazonas-junglen, da hun en dag modtager en besked fra myndighederne, der beordrer hende at flytte til en seniorboligkoloni.",Lør. 30. maj 2026,See description,https://www.kultunaut.dk/perl/arrmore/type-nynaut?ArrNr=19961584
Fodboldkamp Champions League Finalen 2026,Champions League Finalen 2026,,Lør. 30. maj 2026,18:00,https://www.kultunaut.dk/perl/arrmore/type-nynaut?ArrNr=19979876
Action/Drama In the Grey,In the Grey,Et hemmeligt hold af eliteagenter lever i skyggerne.,Lør. 30. maj 2026,18.45,https://www.kultunaut.dk/perl/arrmore/type-nynaut?ArrNr=19990160
Action/Drama Eleanors sandhed,Eleanors sandhed,"Eleanor Morgenstein har altid været engageret i og forbundet til de mennesker, der er omkring hende.",Lør. 30. maj 2026,19.30,https://www.kultunaut.dk/perl/arrmore/type-nynaut?ArrNr=19961066
Rock/Pop Elevation U2 Tribute,Elevation U2 Tribute,"Gør dig klar til en aften fyldt med ikoniske hits, fællesskab og ren koncertenergi, når Elevation - U2 Tribute indtager scenen i EWII House lørdag den 30. maj kl. 20.00.

  Arrangeret af Musicbooking.dk.",Lør. 30. maj 2026,20:00,https://www.kultunaut.dk/perl/arrmore/type-nynaut?ArrNr=19771299
Thriller/Gyser Backrooms,Backrooms,I den intense gyserfilm 'Backrooms' åbner en uforklarlig passage sig i kælderen under et møbelshowroom. Da psykiateren Dr.,Lør. 30. maj 2026,20.30,https://www.kultunaut.dk/perl/arrmore/type-nynaut?ArrNr=19977429
Thriller/Gyser Obsession,Obsession,"I gyserfilmen 'Obsession' er teenageren Bear håbløst forelsket i sin barndomsven Nikki. I et desperat forsøg på at vinde hendes kærlighed får han fat i de mystiske ""One Wish Willow"" og ønsker, at Nikki vil elske ham højere end nogen anden i verden.",Lør. 30. maj 2026,21.10,https://www.kultunaut.dk/perl/arrmore/type-nynaut?ArrNr=19990459
Komedie/Romantik The Devil Wears Prada 2,The Devil Wears Prada 2,"""A sequel? For spring? Groundbreaking."". Filmen 'The Devil Wears Prada 2' er fortsættelsen til den elskede film fra 2006, The Devil Wears Prada.",Lør. 30. maj 2026,21.15,https://www.kultunaut.dk/perl/arrmore/type-nynaut?ArrNr=19958468
"Musik
          , Børn FirstGrade Festival",FirstGrade Festival,,Lør. 30. og søn. 31. maj 2026 10:00 - 17:00,10:00,https://www.kultunaut.dk/perl/arrmore/type-nynaut?ArrNr=19618708
Marked/byfest Plantemarked 2026,Plantemarked 2026,Plantemarkedet er Geografisk Haves største event - og en tilbagevendende og elsket begivenhed for alle haveentusiaster.,Lør. 30. og søn. 31. maj 2026 10:00-17:00,10:00,https://www.kultunaut.dk/perl/arrmore/type-nynaut?ArrNr=19938633
Historisk Åbent værksted: Vævede mesterværker,Åbent værksted: Vævede mesterværker,"Hvordan bevares skrøbelige tekstiler for fremtiden? Den 30. 31. maj kan du møde Den Kongelige Samlings konservatorer på Koldinghus og få indblik i et håndværk, der normalt foregår bag lukkede døre.",Lør. 30. og søn. 31. maj 2026 11:00-14:30,11:00,https://www.kultunaut.dk/perl/arrmore/type-nynaut?ArrNr=19912809
Øvrige sportsturneringer Parkinson Padel Open 2026,Parkinson Padel Open 2026,"Når mennesker mødes gennem sport, sker der noget særligt. Parkinson Padel Open 2026 samler mennesker med Parkinson fra England, Sverige, Norge, Belgien, USA og Danmark, til en weekend fyldt med bevægelse, fællesskab og livsglæde i Kolding.",Lør. 30. og søn. 31. maj 2026,10:00,https://www.kultunaut.dk/perl/arrmore/type-nynaut?ArrNr=19971839
Andet motionstilbud Yoga under åben himmel 2026,Yoga under åben himmel 2026,Bevæg dig for livet inviterer traditionen tro til Yoga under åben himmel - Ganske gratis!,Søn. 31. maj 2026 09.30-10.30,09.30,https://www.kultunaut.dk/perl/arrmore/type-nynaut?ArrNr=19950311
Workshop Fidus og Fællesskab - reparations cafe på Eltang Skole,Fidus og Fællesskab - reparations cafe på Eltang Skole,"Et grønt mødested for børn og voksne. I Fidus & Fællesskab samles vi på tværs af generationer for at give tingene længere liv - og hinanden mere tid. Vi reparerer, upcycler, nørkler og skaber nyt af det, vi allerede har.",Søn. 31. maj 2026 13:00-16:00,13:00,https://www.kultunaut.dk/perl/arrmore/type-nynaut?ArrNr=19731782
Ekskursion Guidet tur i Christiansfeld - Verdensarv i særklasse,Guidet tur i Christiansfeld - Verdensarv i særklasse,Velkommen til UNESCO-byen Christiansfeld - en by med en enestående historie. Tag med os på en historisk byvandring gennem de smukke gader i Christiansfeld. Vores guide fortæller dig historier om Brødremenigheden og byens historie - fra grundlæggelsen og.,Søn. 31. maj 2026 13:30 - 15:00,13:30,https://www.kultunaut.dk/perl/arrmore/type-nynaut?ArrNr=19862192
Gospel/Kor/Fællessang Sommerkoncert med koret N³ - No Name Needed,Sommerkoncert med koret N³ - No Name Needed,Koret N³ - No Name Needed er klar til at give jer en fantastisk aften i musikkens tegn! Koret synger sommeren ind på Godset i Kolding. Vi synger alt lige fra gospel til Disney. https://www.facebook.com/share/1Fp753yC9v/?mibextid=wwXIfr Vi ses!,Søn. 31. maj 2026 19:30 - 21:00,19:30,https://www.kultunaut.dk/perl/arrmore/type-nynaut?ArrNr=19938660
Gudstjeneste Gudstjeneste: Trinitatis søndag,Gudstjeneste: Trinitatis søndag,,Søn. 31. maj 2026,See description,https://www.kultunaut.dk/perl/arrmore/type-nynaut?ArrNr=19719189
Gudstjeneste Gudstjeneste v. Elli Foldager,Gudstjeneste v. Elli Foldager,,Søn. 31. maj 2026,See description,https://www.kultunaut.dk/perl/arrmore/type-nynaut?ArrNr=19872357
Fodboldtræning Fodbold alle søndage kl. 9.00,Fodbold alle søndage kl. 9.00,"Vi er en flok gamle gutter, der spiller fodbold for sjov, vores ældste mand er 87 år -yngste 38. Vi hedder KIF Oldboys, men langt de fleste har tidligere spillet i andre klubber, flere har aldrig spillet fodbold i en klub før KIF Oldboys.",Søn. 31. maj 2026,See description,https://www.kultunaut.dk/perl/arrmore/type-nynaut?ArrNr=19915862
Tegnefilm/Animation Ustoppelig,Ustoppelig,"Filmen vises med dansk tale. 'Ustoppelig' er en actionfyldt animationsfilm med de mindste helte, du nogensinde har set. Kaja er en ustoppelig lille celle, der bor i nyrerne på tiårige Erik.",Søn. 31. maj 2026,See description,https://www.kultunaut.dk/perl/arrmore/type-nynaut?ArrNr=19989565
Familiefilm Fårbrydelsen,Fårbrydelsen,"I denne finurlige og nyskabende krimihistorie er George (Hugh Jackman) en fårehyrde, der hver aften læser detektivromaner højt for sine elskede får - overbevist om, at de umuligt kan forstå dem.",Søn. 31. maj 2026,See description,https://www.kultunaut.dk/perl/arrmore/type-nynaut?ArrNr=19990455
"Ketchersport, Børn Gratis squash",Gratis squash,"Kom og prøv squash i Kolding KFUM Squash - helt uforpligtende! Har du lyst til at prøve kræfter med squash - alene eller sammen med andre?. Så kig forbi Kolding KFUM Squash hver søndag kl. 10:00-11:30 og prøv en sjov, svedig og social sport!",Søn. 31. maj 2026,See description,https://www.kultunaut.dk/perl/arrmore/type-nynaut?ArrNr=19916093
Science Fiction The Mandalorian & Grogu,The Mandalorian & Grogu,"Tag med dusørjægeren Din Djarin og hans unge lærling Grogu på en ny mission i 'The Mandalorian & Grogu.'. Imperiet er faldet, men galaksen er langt fra fredelig.",Søn. 31. maj 2026,12.30,https://www.kultunaut.dk/perl/arrmore/type-nynaut?ArrNr=19867999
Action/Drama Michael,Michael,"Filmen 'Michael' skildrer en af de mest indflydelsesrige kunstnere nogensinde, Michael Jackson.",Søn. 31. maj 2026,18.15,https://www.kultunaut.dk/perl/arrmore/type-nynaut?ArrNr=19990497
Tegnefilm/Animation Super Mario Galaxy Filmen,Super Mario Galaxy Filmen,Here we go. Again! Animationsfilmen 'Super Mario Galaxy Filmen' (The Super Mario Galaxy Movie) er fortsættelsen til Super Mario Bros. Filmen fra 2023 og denne gang bliver eventyret endnu større!,Søn. 31. maj 2026,10.15,https://www.kultunaut.dk/perl/arrmore/type-nynaut?ArrNr=19958675
Gudstjeneste Gudstjeneste ved Peter Noer,Gudstjeneste ved Peter Noer,Neil Tye prædiker. Efterfølgende frokost og foredrag.,Søn. 31. maj 2026,10.30,https://www.kultunaut.dk/perl/arrmore/type-nynaut?ArrNr=19718755
Gudstjeneste Gudstjeneste,Gudstjeneste,,Søn. 31. maj 2026,10.30,https://www.kultunaut.dk/perl/arrmore/type-nynaut?ArrNr=19719225
Action/Drama Hjem,Hjem,"Filmen tager sin begyndelse i 1991, på et tidspunkt, hvor hele Balkanregionen er i opløsning.",Søn. 31. maj 2026,10.30,https://www.kultunaut.dk/perl/arrmore/type-nynaut?ArrNr=19961972
Gudstjeneste Gudstjeneste - Dåbsbefalingen,Gudstjeneste - Dåbsbefalingen,,Søn. 31. maj 2026,10.30,https://www.kultunaut.dk/perl/arrmore/type-nynaut?ArrNr=19719023
Gudstjeneste Gudstjeneste i Hjarup Kirke,Gudstjeneste i Hjarup Kirke,,Søn. 31. maj 2026,10.30,https://www.kultunaut.dk/perl/arrmore/type-nynaut?ArrNr=19719138
Gudstjeneste Højmesse ved Kristina Nilsson,Højmesse ved Kristina Nilsson,,Søn. 31. maj 2026,10.30,https://www.kultunaut.dk/perl/arrmore/type-nynaut?ArrNr=19763826
Gudstjeneste Missionssøndags-Gudstjeneste v/ Stephan Wung-Sung de Fønss,Missionssøndags-Gudstjeneste v/ Stephan Wung-Sung de Fønss,"Mia Schmidt-Mikkelsen, præst i Ung K i Århus, holder prædiken. Efterfølgende bydes der på en sandwich i kirkens lokaler, mens Mia holder et indlæg, og der debatteres.",Søn. 31. maj 2026,10.30,https://www.kultunaut.dk/perl/arrmore/type-nynaut?ArrNr=19783769
Gudstjeneste Gudstjeneste Seest ASA+MB Konfirmationsindskrivning,Gudstjeneste Seest ASA+MB Konfirmationsindskrivning,Friluftsgudstjeneste ved Anna-Sofie Arendt og Michael Berghof. Konfirmandindskrivning.,Søn. 31. maj 2026,10.30,https://www.kultunaut.dk/perl/arrmore/type-nynaut?ArrNr=19808544
Gudstjeneste Gudstjeneste - Missionssøndag,Gudstjeneste - Missionssøndag,"Trinitatis søndag Matt 28,16-20 v/ sognepræst Fríða M. Thomsen Missionssøndag i Harte Sogn - alle er velkomne!",Søn. 31. maj 2026,10.30,https://www.kultunaut.dk/perl/arrmore/type-nynaut?ArrNr=19865950
Gudstjeneste Tyrstrup gospelgudstjeneste,Tyrstrup gospelgudstjeneste,Gudstjeneste v/Annette Wiuf Christensen. Denne dag medvirker Christiansfeld Gospelkor.,Søn. 31. maj 2026,10.30,https://www.kultunaut.dk/perl/arrmore/type-nynaut?ArrNr=19915159
Gudstjeneste Højmesse ved Henriette Bacher Lind,Højmesse ved Henriette Bacher Lind,,Søn. 31. maj 2026,10.30,https://www.kultunaut.dk/perl/arrmore/type-nynaut?ArrNr=19719262
Gudstjeneste Gudstjeneste i Kristkirken ved Jes Nedergaard Espersen,Gudstjeneste i Kristkirken ved Jes Nedergaard Espersen,,Søn. 31. maj 2026,10.30,https://www.kultunaut.dk/perl/arrmore/type-nynaut?ArrNr=19718881
Gudstjeneste Gudstjeneste Ødis,Gudstjeneste Ødis,,Søn. 31. maj 2026,10.30,https://www.kultunaut.dk/perl/arrmore/type-nynaut?ArrNr=19912644
Omvisning Rundvisning - Mikkel Thomsen,Rundvisning - Mikkel Thomsen,"Idet rundvisningen foregår både udendørs og indendørs, anmoder vi om, at du er påklædt efter vejret. Venligst kom 10 min. før rundvisningen starter. Vi har P-pladser tæt på Harteværket. Varighed: 1,5 time. Arrangør: Harteværket.",Søn. 31. maj 2026,See description,https://www.kultunaut.dk/perl/arrmore/type-nynaut?ArrNr=19701432
Science Fiction Det blå spor,Det blå spor,"Tereza på 77 har boet hele sit liv i en lille by i Amazonas-junglen, da hun en dag modtager en besked fra myndighederne, der beordrer hende at flytte til en seniorboligkoloni.",Søn. 31. maj 2026,See description,https://www.kultunaut.dk/perl/arrmore/type-nynaut?ArrNr=19962054
Action/Drama Eleanors sandhed,Eleanors sandhed,"Det hjertevarme drama 'Eleanors sandhed' følger Eleanor Morgenstein, der efter et stort tab forlader Florida og flytter til New York for at begynde forfra.",Søn. 31. maj 2026,15.20,https://www.kultunaut.dk/perl/arrmore/type-nynaut?ArrNr=19958698
Komedie/Romantik The Devil Wears Prada 2,The Devil Wears Prada 2,"""A sequel? For spring? Groundbreaking."". Filmen 'The Devil Wears Prada 2' er fortsættelsen til den elskede film fra 2006, The Devil Wears Prada.",Søn. 31. maj 2026,13.15,https://www.kultunaut.dk/perl/arrmore/type-nynaut?ArrNr=19990038
Komedie/Romantik Affektionsværdi,Affektionsværdi,"Det norske drama 'Affektionsværdi' følger søstrene Nora (Renate Reinsve) og Agnes (Inga Ibsdotter Lilleaas), som genforenes med deres far Gustav (Stellan Skarsgård) - en førhen ganske feteret instruktør, som drømmer om det store comeback.",Søn. 31. maj 2026,See description,https://www.kultunaut.dk/perl/arrmore/type-nynaut?ArrNr=19989918
Science Fiction Harry Potter og dødsregalierne - del 2,Harry Potter og dødsregalierne - del 2,,Søn. 31. maj 2026,15.15,https://www.kultunaut.dk/perl/arrmore/type-nynaut?ArrNr=19733133
Tegnefilm/Animation Dragens Vogter,Dragens Vogter,"I det gamle Kina opdager den unge pige Ping, at hun er skæbnebestemt til at beskytte den sidste levende drage og et mystisk æg, der bærer håbet for hele dragens slægt.",Søn. 31. maj 2026,See description,https://www.kultunaut.dk/perl/arrmore/type-nynaut?ArrNr=19966800
Thriller/Gyser Obsession,Obsession,"I gyserfilmen 'Obsession' er teenageren Bear håbløst forelsket i sin barndomsven Nikki. I et desperat forsøg på at vinde hendes kærlighed får han fat i de mystiske ""One Wish Willow"" og ønsker, at Nikki vil elske ham højere end nogen anden i verden.",Søn. 31. maj 2026,18.45,https://www.kultunaut.dk/perl/arrmore/type-nynaut?ArrNr=19989470
Thriller/Gyser Backrooms,Backrooms,I den intense gyserfilm 'Backrooms' åbner en uforklarlig passage sig i kælderen under et møbelshowroom. Da psykiateren Dr.,Søn. 31. maj 2026,18.45,https://www.kultunaut.dk/perl/arrmore/type-nynaut?ArrNr=19989970
Action/Drama Franz,Franz,"Filmen skildrer det gådefulde liv for Franz Kafka, fra hans ungdom i Prag til hans død i 1924. I stedet for at være en traditionel biografi er Franz sat op som en kalejdoskopisk mosaik af drømme, breve, fragmenter fra hans fiktion og historiske episoder.",Søn. 31. maj 2026,See description,https://www.kultunaut.dk/perl/arrmore/type-nynaut?ArrNr=19936720
Thriller/Gyser Passenger,Passenger,"Pas på, hvem du samler op. I gyserfilmen 'Passenger' er det unge par Tyler og Maddie på roadtrip, da de bliver vidner til en voldsom bilulykke.",Søn. 31. maj 2026,21.10,https://www.kultunaut.dk/perl/arrmore/type-nynaut?ArrNr=19989834
Workshop Artist workshop // oil pastels,Artist workshop // oil pastels,This workshop is free for youth between 17-35 Please sign up through the forms link.,Man. 1. jun. 2026 17:00-19:30,17:00,https://www.kultunaut.dk/perl/arrmore/type-nynaut?ArrNr=19979617
Andet Knuds Garage International Pubquiz,Knuds Garage International Pubquiz,English Pubquiz at Knuds Garage Come to a pub quiz in a cozy setting with 20 questions.,Man. 1. jun. 2026 20:30 - 22:30,20:30,https://www.kultunaut.dk/perl/arrmore/type-nynaut?ArrNr=19535617
Ketchersport Badminton,Badminton,"Du medbringer en ketcher og bolde. Der spilles stort set kun double, da dette er det mest sociale og ikke så hårdt fysisk.",Man. 1. jun. 2026,See description,https://www.kultunaut.dk/perl/arrmore/type-nynaut?ArrNr=19920471
Andet motionstilbud Styrke /ryg træning i Arena Syd VAMDRUP,Styrke /ryg træning i Arena Syd VAMDRUP,"I Styrkeryg trænings timen arbejdes der med alle kroppens muskler. Vi bruger elastik, som kan købes hos IFA. Husk måtte til styrkeøvelser på gulvet.",Man. 1. jun. 2026,See description,https://www.kultunaut.dk/perl/arrmore/type-nynaut?ArrNr=19920620
Fitness/styrketræning Aerobic,Aerobic,"Vore aerobictimer er tilpasset så alle kan deltage. Der laves små serier kombineret med hop og løb. Det er fedtforbrændende og konditionstrænende. Husk måtte til gulvøvelser, hvor der trænes mave og ryg.",Man. 1. jun. 2026,10.15,https://www.kultunaut.dk/perl/arrmore/type-nynaut?ArrNr=19919034
Ketchersport Tennis for 60+'ere,Tennis for 60+'ere,Træning for 60+'ere - alle kan være med. Kom og oplev glæderne og sammenholdet ved at træne og spille tennis med jævnaldrende!,Man. 1. jun. 2026,See description,https://www.kultunaut.dk/perl/arrmore/type-nynaut?ArrNr=19919015
Andet motionstilbud Krolf for alle - formiddag,Krolf for alle - formiddag,"Man træner 2-3 runder. Man får gode fællesskaber, hyggeligt socialt samvær, venskaber for alle aldre. Varmt tøj til tider. Mandag klokken 9:30 og onsdag klokken 18:30. Kontingent 250 kr. Sæsonen starter 1 maj og slutter 30 september.",Man. 1. jun. 2026,09.30,https://www.kultunaut.dk/perl/arrmore/type-nynaut?ArrNr=19919006
Andet motionstilbud Krolfspil for senior,Krolfspil for senior,"Krolf er et rigtig hyggelig spil, hvor alle kan deltage. Det er en blanding af golf og kroket. Praktisk påklædning efter vejret, gerne kraftige sko eller i regnvejr gummistøvler.",Man. 1. jun. 2026,09.30,https://www.kultunaut.dk/perl/arrmore/type-nynaut?ArrNr=19920650
Vandretur/stavgang Stavgang/ gåture,Stavgang/ gåture,"Der kan som udgangspunkt lånes stave i IFA de første par gange. Der vil hver gang være mulighed for instruktion i stavgangsteknik, ligesom der som regel er mulighed fora t vælge hold med forskellige tempi.",Man. 1. jun. 2026,11.30,https://www.kultunaut.dk/perl/arrmore/type-nynaut?ArrNr=19920461
Fitness/styrketræning Styrke/ryg træning,Styrke/ryg træning,"Her styrkes alle kroppens muskler, så ryggen kan klare hverdagen. Husk vandflaske og en måtte til gulvøvelserne.",Man. 1. jun. 2026,10.45,https://www.kultunaut.dk/perl/arrmore/type-nynaut?ArrNr=19920762
Tegnefilm/Animation Super Mario Galaxy Filmen,Super Mario Galaxy Filmen,Here we go. Again! Animationsfilmen 'Super Mario Galaxy Filmen' (The Super Mario Galaxy Movie) er fortsættelsen til Super Mario Bros. Filmen fra 2023 og denne gang bliver eventyret endnu større!,Man. 1. jun. 2026,11.30,https://www.kultunaut.dk/perl/arrmore/type-nynaut?ArrNr=19958417
Action/Drama Michael,Michael,"Filmen 'Michael' skildrer en af de mest indflydelsesrige kunstnere nogensinde, Michael Jackson.",Man. 1. jun. 2026,11.30,https://www.kultunaut.dk/perl/arrmore/type-nynaut?ArrNr=19958514
Andet motionstilbud Mandehørm (styrke for mænd),Mandehørm (styrke for mænd),"Som navnet siger - styrke kun for mænd. Der arbejdes med vægte så ""bøfferne"" holdes ved lige. Endvidere styrke af ryg og mave. Bækkenbunds træning er ikke kun for kvinder. Kom og lær din bækkenbund at kende.",Man. 1. jun. 2026,See description,https://www.kultunaut.dk/perl/arrmore/type-nynaut?ArrNr=19919532
Andet motionstilbud Stram op,Stram op,"Efter ca. 35 min. ""opvarmning"", hvor pulsen stiger, strammer vi maven, ballerne, lårene og ryggen op med forskellige øvelser. Med og uden elastikker. Husk vandflaske og måtte til gulvøvelserne.",Man. 1. jun. 2026,See description,https://www.kultunaut.dk/perl/arrmore/type-nynaut?ArrNr=19920094
Andet motionstilbud Deltag i turneringer. Få åbningskendskab,Deltag i turneringer. Få åbningskendskab,Deltagelse i klubturneringen. Deltagelse i holdturneringen mod spillere fra andre klubber. Teori og åbningskendskab.,Man. 1. jun. 2026,See description,https://www.kultunaut.dk/perl/arrmore/type-nynaut?ArrNr=19919000
Komedie/Romantik Affektionsværdi,Affektionsværdi,"Det norske drama 'Affektionsværdi' følger søstrene Nora (Renate Reinsve) og Agnes (Inga Ibsdotter Lilleaas), som genforenes med deres far Gustav (Stellan Skarsgård) - en førhen ganske feteret instruktør, som drømmer om det store comeback.",Man. 1. jun. 2026,12.15,https://www.kultunaut.dk/perl/arrmore/type-nynaut?ArrNr=19989769
Science Fiction The Mandalorian & Grogu,The Mandalorian & Grogu,"Tag med dusørjægeren Din Djarin og hans unge lærling Grogu på en ny mission i 'The Mandalorian & Grogu.'. Imperiet er faldet, men galaksen er langt fra fredelig.",Man. 1. jun. 2026,12.30,https://www.kultunaut.dk/perl/arrmore/type-nynaut?ArrNr=19868121
Action/Drama Hjem,Hjem,"Filmen tager sin begyndelse i 1991, på et tidspunkt, hvor hele Balkanregionen er i opløsning.",Man. 1. jun. 2026,14.30,https://www.kultunaut.dk/perl/arrmore/type-nynaut?ArrNr=19958465
Gymnastik/aerobic Motionsdamer,Motionsdamer,Traditionel motionsgymnastik for damer. Alle kan deltage uanset alder og skavanker.,Man. 1. jun. 2026,15.20,https://www.kultunaut.dk/perl/arrmore/type-nynaut?ArrNr=19920632
Thriller/Gyser Backrooms,Backrooms,I den intense gyserfilm 'Backrooms' åbner en uforklarlig passage sig i kælderen under et møbelshowroom. Da psykiateren Dr.,Man. 1. jun. 2026,15.40,https://www.kultunaut.dk/perl/arrmore/type-nynaut?ArrNr=19989575
"Danseundervisning, Børn Linedance / Absolut Begynder",Linedance / Absolut Begynder,For dem der aldrig har prøvet linedance før.,Man. 1. jun. 2026,17.55,https://www.kultunaut.dk/perl/arrmore/type-nynaut?ArrNr=19920213
"Andet boldspil, Børn Floorball U9-U11",Floorball U9-U11,"Husk indendørssko og gerne sportstøj, vi sørger for resten :-).",Man. 1. jun. 2026,18.30,https://www.kultunaut.dk/perl/arrmore/type-nynaut?ArrNr=19920577
Møder Lytteklubben Musik uden grænser,Lytteklubben Musik uden grænser,"En rocklytteklub, hvor man graver god musik frem for hinanden og i fællesskab lytter koncentreret.",Man. 1. jun. 2026,See description,https://www.kultunaut.dk/perl/arrmore/type-nynaut?ArrNr=19324642
Undervisning Jordbærtærte - En bid af sommer,Jordbærtærte - En bid af sommer,Arrangeret af FOF Sydjylland.,Man. 1. jun. 2026,20.40,https://www.kultunaut.dk/perl/arrmore/type-nynaut?ArrNr=19728560
"Løbetræning/jogging, Børn Gå-/Løbe-fællesskab",Gå-/Løbe-fællesskab,"Gå- & løbe-fællesskab, hvor minimum en frivillig fra HG&IF deltager på holdene. Så har du svært ved at komme afsted selv, så kom og vær med. Det forpligtiger lidt mere når man ved andre venter :-). Der er 3 niveauer: 1) Gå-holdet.",Man. 1. jun. 2026,17.15,https://www.kultunaut.dk/perl/arrmore/type-nynaut?ArrNr=19919364
"Danseundervisning, Børn Hip Hop/ Funk (10-12 årige)",Hip Hop/ Funk (10-12 årige),"Er du vild med at danse foran spejlet? Og kan du ikke sidde stille, når der sættes musik på? Til hiphop/funk sætter vi gang i festen. Der vil blive arbejdet med koreografier, attitude og styrketræning.",Man. 1. jun. 2026,17.30,https://www.kultunaut.dk/perl/arrmore/type-nynaut?ArrNr=19920823
"Danseundervisning, Børn Linedance / Begynder",Linedance / Begynder,For dem der kender lidt til grundtrin.,Man. 1. jun. 2026,18.05,https://www.kultunaut.dk/perl/arrmore/type-nynaut?ArrNr=19920579
Andet motionstilbud Mma - for alle,Mma - for alle,"Muay Thai og MMA træning for nye og erfarende udøvere. Holdet giver plads til at nørde basis-teknik, udvikle skills og skabe flow - uanset om du er helt ny eller allerede træner fast.",Man. 1. jun. 2026,18.30,https://www.kultunaut.dk/perl/arrmore/type-nynaut?ArrNr=19919822
Science Fiction Det blå spor,Det blå spor,"Tereza på 77 har boet hele sit liv i en lille by i Amazonas-junglen, da hun en dag modtager en besked fra myndighederne, der beordrer hende at flytte til en seniorboligkoloni.",Man. 1. jun. 2026,See description,https://www.kultunaut.dk/perl/arrmore/type-nynaut?ArrNr=19988390
Gymnastik/aerobic Motionsherrer,Motionsherrer,Traditionel motionsgymnastik for herrer. Alle kan deltage uanset alder og skavanker. Holdet er meget socialt og har et godt sammenhold.,Man. 1. jun. 2026,See description,https://www.kultunaut.dk/perl/arrmore/type-nynaut?ArrNr=19919684
Andet motionstilbud Kom og spil kegler - hver mandag aften (55+ år),Kom og spil kegler - hver mandag aften (55+ år),"HUSK indendørssko! Hvordan spiller man kegler?. Man starter med at indtage en ""startstilling"". Denne afhænger af hvilken teknik man bruger. Kaster man med to hænder, stiller man sig med spredte ben hen over linoleumsstykket.",Man. 1. jun. 2026,See description,https://www.kultunaut.dk/perl/arrmore/type-nynaut?ArrNr=19920584
"Danseundervisning, Børn Linedance / Begynder +",Linedance / Begynder +,For dem der kender de fleste grundtrin.,Man. 1. jun. 2026,19.10,https://www.kultunaut.dk/perl/arrmore/type-nynaut?ArrNr=19920635
Gymnastik/aerobic Rytme Quinder,Rytme Quinder,Moderne rytmegymnastik. Sæsonen afsluttes med ca. 3 opvisninger.,Man. 1. jun. 2026,19.15,https://www.kultunaut.dk/perl/arrmore/type-nynaut?ArrNr=19919425
Action/Drama Eleanors sandhed,Eleanors sandhed,"Eleanor Morgenstein har altid været engageret i og forbundet til de mennesker, der er omkring hende.",Man. 1. jun. 2026,19.30,https://www.kultunaut.dk/perl/arrmore/type-nynaut?ArrNr=19988610
"Danseundervisning, Børn Linedance / Let øvet",Linedance / Let øvet,For dem der kan alle grundtrin og lyst til større udfordringer.,Man. 1. jun. 2026,20.10,https://www.kultunaut.dk/perl/arrmore/type-nynaut?ArrNr=19920591
Komedie/Romantik The Devil Wears Prada 2,The Devil Wears Prada 2,"""A sequel? For spring? Groundbreaking."". Filmen 'The Devil Wears Prada 2' er fortsættelsen til den elskede film fra 2006, The Devil Wears Prada.",Man. 1. jun. 2026,21.15,https://www.kultunaut.dk/perl/arrmore/type-nynaut?ArrNr=19958691
Action/Drama In the Grey,In the Grey,Et hemmeligt hold af eliteagenter lever i skyggerne.,Man. 1. jun. 2026,21.15,https://www.kultunaut.dk/perl/arrmore/type-nynaut?ArrNr=19989829
Fitness/styrketræning Fitness under åben himmel 2026,Fitness under åben himmel 2026,Bevæg dig for livet inviterer traditionen tro til Fitness under åben himmel - Ganske gratis!,Tir. 2. jun. 2026 16.30-17.30,16.30,https://www.kultunaut.dk/perl/arrmore/type-nynaut?ArrNr=20000980
Workshop Smukke Sild - Broderi Workshop,Smukke Sild - Broderi Workshop,"Med nål og tråd, perler, pailletter og småbitte stofrester laver vi skønne brocher formet som sild. Farvestrålende og glitrende som deres levende artsfæller i havet - et absolut must til sommergarderoben.",Tir. 2. jun. 2026 17:00 - 20:00,17:00,https://www.kultunaut.dk/perl/arrmore/type-nynaut?ArrNr=19963970
Andet motionstilbud Yoga under åben himmel 2026,Yoga under åben himmel 2026,Bevæg dig for livet inviterer traditionen tro til Yoga under åben himmel - Ganske gratis!,Tir. 2. jun. 2026 17.00-18.00,17.00,https://www.kultunaut.dk/perl/arrmore/type-nynaut?ArrNr=19950315
Foredrag Manual til mennesker,Manual til mennesker,"Adfærdspsykolog, radiovært og forfatter Henrik Tingleff, holder luppen frem og forklarer dig hvorfor din nabo larmer meget mere end dig, hvorfor din kollega aldrig kan holde en aftale.og hvorfor vi alle sammen køber alt for dyr kaffe og croissanter!",Tir. 2. jun. 2026 19:00 - 21:00,19:00,https://www.kultunaut.dk/perl/arrmore/type-nynaut?ArrNr=19117738
Foredrag Foredrag - Henrik Tingleff - Manual til mennesker,Foredrag - Henrik Tingleff - Manual til mennesker,"Adfærdspsykolog, radiovært og forfatter Henrik Tingleff, holder luppen frem og forklarer dig hvorfor din nabo larmer meget mere end dig, hvorfor din kollega aldrig kan holde en aftale.og hvorfor vi alle sammen køber alt for dyr kaffe og croissanter!

  Arrangeret af Original Talks.",Tir. 2. jun. 2026 19:00 - 21:15,19:00,https://www.kultunaut.dk/perl/arrmore/type-nynaut?ArrNr=19802265
Andet motionstilbud Motionsgymnastik,Motionsgymnastik,"Har du lyst til at få rørt hele kroppen og få sved på panden, så er disse timer noget for dig. En gymnastiktime med højt humør og dejlig inspirerende musik. Men pas på, - du bliver hurtig afhængig !!!",Tir. 2. jun. 2026,See description,https://www.kultunaut.dk/perl/arrmore/type-nynaut?ArrNr=19922867
Andet motionstilbud Bodybike,Bodybike,Fuld fart på pedalerne og gang i svedproduktionen. HUSK vand og spinningsko. Her er konditionstræning for alle pengene.,Tir. 2. jun. 2026,09.30,https://www.kultunaut.dk/perl/arrmore/type-nynaut?ArrNr=19922358
Gudstjeneste Vonsildhave gudstjeneste,Vonsildhave gudstjeneste,,Tir. 2. jun. 2026,See description,https://www.kultunaut.dk/perl/arrmore/type-nynaut?ArrNr=19727899
Fitness/styrketræning Styrke/ryg træning,Styrke/ryg træning,"Her styrkes alle kroppens muskler, så ryggen kan klare hverdagen. Husk måtte til gulvøvelser.",Tir. 2. jun. 2026,See description,https://www.kultunaut.dk/perl/arrmore/type-nynaut?ArrNr=19923202
Gymnastik/aerobic Vandgymnastik,Vandgymnastik,"Træning i vand til god musik. Vi træner kroppens center, med fokus på ryg og mave, og bruger vandets modstand til at styrke alle kroppens muskler.",Tir. 2. jun. 2026,See description,https://www.kultunaut.dk/perl/arrmore/type-nynaut?ArrNr=19922836
Fitness/styrketræning Intervaltræning,Intervaltræning,"Med et antal trænings skift, veksler man mellem øvelser for både styrke og kondition. Inden for kort tid opnår man stor effekt. Der er fuld fart på, og man får virkelig sved på panden og pulsen op. Så kom og prøv.",Tir. 2. jun. 2026,See description,https://www.kultunaut.dk/perl/arrmore/type-nynaut?ArrNr=19923147
Tegnefilm/Animation Super Mario Galaxy Filmen,Super Mario Galaxy Filmen,Here we go. Again! Animationsfilmen 'Super Mario Galaxy Filmen' (The Super Mario Galaxy Movie) er fortsættelsen til Super Mario Bros. Filmen fra 2023 og denne gang bliver eventyret endnu større!,Tir. 2. jun. 2026,11.30,https://www.kultunaut.dk/perl/arrmore/type-nynaut?ArrNr=19958676
Action/Drama Eleanors sandhed,Eleanors sandhed,"Det hjertevarme drama 'Eleanors sandhed' følger Eleanor Morgenstein, der efter et stort tab forlader Florida og flytter til New York for at begynde forfra.",Tir. 2. jun. 2026,11.30,https://www.kultunaut.dk/perl/arrmore/type-nynaut?ArrNr=19990296
Action/Drama Michael,Michael,"Filmen 'Michael' skildrer en af de mest indflydelsesrige kunstnere nogensinde, Michael Jackson.",Tir. 2. jun. 2026,11.30,https://www.kultunaut.dk/perl/arrmore/type-nynaut?ArrNr=19958644
Dokumentar Billie Eilish - Hit Me Hard and Soft: The Tour,Billie Eilish - Hit Me Hard and Soft: The Tour,Optaget under hendes udsolgte verdensturné bringer Billie Eilish - HIT ME HARD AND SOFT: THE TOUR (LIVE IN 3D) en nyskabende koncertoplevelse til det store lærred fra en af sin generations mest anerkendte og succesfulde kunstnere.,Tir. 2. jun. 2026,12.30,https://www.kultunaut.dk/perl/arrmore/type-nynaut?ArrNr=19989486
Science Fiction The Mandalorian & Grogu,The Mandalorian & Grogu,"Tag med dusørjægeren Din Djarin og hans unge lærling Grogu på en ny mission i 'The Mandalorian & Grogu.'. Imperiet er faldet, men galaksen er langt fra fredelig.",Tir. 2. jun. 2026,12.30,https://www.kultunaut.dk/perl/arrmore/type-nynaut?ArrNr=19867837
Andet motionstilbud Kom og spil kegler (For alle niveauer - 55+ år),Kom og spil kegler (For alle niveauer - 55+ år),"HUSK indendørssko! Hvordan spiller man kegler?. Man starter med at indtage en ""startstilling"". Denne afhænger af hvilken teknik man bruger. Kaster man med to hænder, stiller man sig med spredte ben hen over linoleumsstykket.",Tir. 2. jun. 2026,See description,https://www.kultunaut.dk/perl/arrmore/type-nynaut?ArrNr=19922581
Komedie/Romantik Affektionsværdi,Affektionsværdi,"Det norske drama 'Affektionsværdi' følger søstrene Nora (Renate Reinsve) og Agnes (Inga Ibsdotter Lilleaas), som genforenes med deres far Gustav (Stellan Skarsgård) - en førhen ganske feteret instruktør, som drømmer om det store comeback.",Tir. 2. jun. 2026,13.45,https://www.kultunaut.dk/perl/arrmore/type-nynaut?ArrNr=19990288
Thriller/Gyser Backrooms,Backrooms,I den intense gyserfilm 'Backrooms' åbner en uforklarlig passage sig i kælderen under et møbelshowroom. Da psykiateren Dr.,Tir. 2. jun. 2026,14.30,https://www.kultunaut.dk/perl/arrmore/type-nynaut?ArrNr=19989952
Action/Drama In the Grey,In the Grey,Et hemmeligt hold af eliteagenter lever i skyggerne.,Tir. 2. jun. 2026,See description,https://www.kultunaut.dk/perl/arrmore/type-nynaut?ArrNr=19990252
"Lyrik/oplæsning, Børn Readathonmakkere: Læseklub for unge",Readathonmakkere: Læseklub for unge,Er du vild med YA-bøger? Mød andre unge og del din læseglæde!,Tir. 2. jun. 2026,See description,https://www.kultunaut.dk/perl/arrmore/type-nynaut?ArrNr=19336127
"Kampsporttræning, Børn Ninja kids - 4 til 7 år",Ninja kids - 4 til 7 år,"Er for børn i alderen 4 til ca. 7 år. Her bliver hovedsageligt trænet motorik, leget og ""tumlet"" på madrassen og der sluttes altid af med at ""bryde/slås for sjov"".",Tir. 2. jun. 2026,16.30,https://www.kultunaut.dk/perl/arrmore/type-nynaut?ArrNr=19922808
Andet motionstilbud Bowling for ungdom (5-18 år),Bowling for ungdom (5-18 år),"Til vores træninger er timen delt op i 3 sektioner opvarmning/træningsøvelser/bowling & leg. Vi starter med en fælles opvarmning, for at få kroppen igang og klar til træningen.",Tir. 2. jun. 2026,16.30,https://www.kultunaut.dk/perl/arrmore/type-nynaut?ArrNr=19922832
Science Fiction Det blå spor,Det blå spor,"Tereza på 77 har boet hele sit liv i en lille by i Amazonas-junglen, da hun en dag modtager en besked fra myndighederne, der beordrer hende at flytte til en seniorboligkoloni.",Tir. 2. jun. 2026,See description,https://www.kultunaut.dk/perl/arrmore/type-nynaut?ArrNr=19988206
"Kampsporttræning, Børn Begynderhold",Begynderhold,"Som nybegynder eller let øvet, går meget af træningen ud på at indøve de helt basale teknikker som stød, parader, spark og stillinger, samt de grundlæggende japanske termer, der bruges.",Tir. 2. jun. 2026,See description,https://www.kultunaut.dk/perl/arrmore/type-nynaut?ArrNr=19923060
"Andet motionstilbud, Børn Realistisk selvforsvar for alle (9+ år)",Realistisk selvforsvar for alle (9+ år),Vi træner selvforsvar på mix hold tirsdage og torsdage fra kl 18:30 til 20:00 kom ned i klubben og prøv om det er noget for dig.,Tir. 2. jun. 2026,18.30,https://www.kultunaut.dk/perl/arrmore/type-nynaut?ArrNr=19922824
Ketchersport Tennistræning for seniorer,Tennistræning for seniorer,"Niveau Beskrivelse. 1 Begynder. Har ikke tidligere modtaget træning og spillere som har spillet 1-2 sæsoner. Ønsker at lære de grundlæggende principper og teknik, og møde andre nystartede. 2 Let øvet.",Tir. 2. jun. 2026,See description,https://www.kultunaut.dk/perl/arrmore/type-nynaut?ArrNr=19922775
"Ketchersport, Børn Prøv squash med koldings bedste",Prøv squash med koldings bedste,"Om tirsdagen er der altid fælles træning, og der er mulighed for at komme forbi og prøve det.",Tir. 2. jun. 2026,See description,https://www.kultunaut.dk/perl/arrmore/type-nynaut?ArrNr=19922652
"Ketchersport, Børn Tennis 5-8 årige",Tennis 5-8 årige,Udendørstræning: 1. Maj 2022 - 16. September 2022.,Tir. 2. jun. 2026,17.15,https://www.kultunaut.dk/perl/arrmore/type-nynaut?ArrNr=19922670
"Kampsporttræning, Børn Begynder brydning - 7 til 13 år",Begynder brydning - 7 til 13 år,"Træningen består af kampleg, akrobatik, koordinationsøvelser samt bryde relaterede øvelser. Her læres at slå de mest basale brydegreb, og under træning får de også mulighed for at bryde rigtigt.",Tir. 2. jun. 2026,17.30,https://www.kultunaut.dk/perl/arrmore/type-nynaut?ArrNr=19922919
"Andet motionstilbud, Børn Håndbold for herrer",Håndbold for herrer,Fordel med tidligere håndbolderfaring. Fokus på det sociale og spille god håndbold. Sæsonen starter i august og kører indtil april. Sommertræning i maj og juni.,Tir. 2. jun. 2026,19.45,https://www.kultunaut.dk/perl/arrmore/type-nynaut?ArrNr=19922644
Action/Drama Mortal Kombat II,Mortal Kombat II,"De populære fanfavoritter - nu med selveste Johnny Cage på holdet - står over for hinanden i det ultimative opgør for at nedkæmpe Shao Kahns mørke herredømme, der truer selve Jordrigets eksistens og dets beskyttere.",Tir. 2. jun. 2026,18.15,https://www.kultunaut.dk/perl/arrmore/type-nynaut?ArrNr=19989681
"Kampsporttræning, Børn Hold 3 (13 år +)",Hold 3 (13 år +),"Vores største hold. Her er plads til både eliten, talenterne, og dem der bare gerne vil have sved på panden og lære at bryde. Teknik træningen slutte kl. 19.30 fra 19.30 til 20.00 er der Open Mat.",Tir. 2. jun. 2026,18.30,https://www.kultunaut.dk/perl/arrmore/type-nynaut?ArrNr=19922330
Andet motionstilbud Krolf for alle - aften,Krolf for alle - aften,"Til træning der spiller vi 2-3 runder, vi har i alt 4 forskellige baner man kan komme og prøve. Det man får ud af det er: at møde nye mennesker, hyggeligt socialt samvær, venskaber for alle aldersgrupper. Man skal huske varmt tøj til tider.",Tir. 2. jun. 2026,18.30,https://www.kultunaut.dk/perl/arrmore/type-nynaut?ArrNr=19922812
Show/stand up Prøverummet,Prøverummet,"Velkommen til. Prøverummet - vores helt nye stand-up koncept, hvor komikere tester spritnyt materiale foran publikum for første gang. Her er der ingen gamle klassikere eller sikre punchlines -kun rå, friske jokes der bliver prøvet af live.",Tir. 2. jun. 2026,See description,https://www.kultunaut.dk/perl/arrmore/type-nynaut?ArrNr=19617081
Andet motionstilbud Kegler for hele familien,Kegler for hele familien,"De fleste har prøvet bowling eller set spillet. Man kan godt sammenligne at spille bowling med kegler. Forskellen på disse 2 spil er, at kuglen er mindre i kegler, og uden huller til fingrene.",Tir. 2. jun. 2026,See description,https://www.kultunaut.dk/perl/arrmore/type-nynaut?ArrNr=19923058
Andet boldspil Seniortræning,Seniortræning,"Til vores bowlingtræninger er den sociale hygge i højsædet. Alle fra begyndere til øvede kan være med, og der mulighed for træningsøvelser eller en dyst mod andre bowlingspillere fra klubben.",Tir. 2. jun. 2026,19.15,https://www.kultunaut.dk/perl/arrmore/type-nynaut?ArrNr=19922483
Musik Koncert med Kantoriet i Sankt Nicolai Kirke,Koncert med Kantoriet i Sankt Nicolai Kirke,Ved denne koncert kan man opleve frugterne af de første tre måneders korarbejde med Mikkel Andreassen som leder af Nicolai Kantori. Repertoiret afspejler kirkeåret fra Påske til Pinse.,Tir. 2. jun. 2026,19.15,https://www.kultunaut.dk/perl/arrmore/type-nynaut?ArrNr=19958984
Dokumentar Aphaca - Brug for hinanden,Aphaca - Brug for hinanden,Instruktør Emil Næsby Hansen besøger os inden filmen startes og fortæller lidt om hvordan det har været at følge Aphaca på vejen til deres store succes.,Tir. 2. jun. 2026,19.30,https://www.kultunaut.dk/perl/arrmore/type-nynaut?ArrNr=19980447
"Andet motionstilbud, Børn Håndbold for damer",Håndbold for damer,Kræver tidligere håndbolderfaring. Fokus på det sociale og spille god håndbold. Sæsonen starter i august og kører indtil april. Sommertræning i maj og juni.,Tir. 2. jun. 2026,19.45,https://www.kultunaut.dk/perl/arrmore/type-nynaut?ArrNr=19922589
"Andet motionstilbud, Børn Grappling og Brazilian jiu-jitsu",Grappling og Brazilian jiu-jitsu,Grappling og BJJ for alle niveauer.,Tir. 2. jun. 2026,See description,https://www.kultunaut.dk/perl/arrmore/type-nynaut?ArrNr=19923271
Thriller/Gyser Obsession,Obsession,"I gyserfilmen 'Obsession' er teenageren Bear håbløst forelsket i sin barndomsven Nikki. I et desperat forsøg på at vinde hendes kærlighed får han fat i de mystiske ""One Wish Willow"" og ønsker, at Nikki vil elske ham højere end nogen anden i verden.",Tir. 2. jun. 2026,21.10,https://www.kultunaut.dk/perl/arrmore/type-nynaut?ArrNr=19989757
Komedie/Romantik The Devil Wears Prada 2,The Devil Wears Prada 2,"""A sequel? For spring? Groundbreaking."". Filmen 'The Devil Wears Prada 2' er fortsættelsen til den elskede film fra 2006, The Devil Wears Prada.",Tir. 2. jun. 2026,21.15,https://www.kultunaut.dk/perl/arrmore/type-nynaut?ArrNr=19958508
Udstilling Udstilling: Ålegræs - et liv på bunden,Udstilling: Ålegræs - et liv på bunden,Hvorfor er ålegræs så vigtig for de danske have?,Tir. 2. jun. til søn. 2. aug. 2026,23.59,https://www.kultunaut.dk/perl/arrmore/type-nynaut?ArrNr=19998168
Ekskursion Guidet tur i Christiansfeld - Verdensarv i særklasse,Guidet tur i Christiansfeld - Verdensarv i særklasse,Velkommen til UNESCO-byen Christiansfeld - en by med en enestående historie. Tag med os på en historisk byvandring gennem de smukke gader i Christiansfeld. Vores guide fortæller dig historier om Brødremenigheden og byens historie - fra grundlæggelsen og.,Ons. 3. jun. 2026 13:30 - 15:00,13:30,https://www.kultunaut.dk/perl/arrmore/type-nynaut?ArrNr=19862221
Ekskursion Med Gestapo i hælene - Dramatiseret guidet tur,Med Gestapo i hælene - Dramatiseret guidet tur,Pas på du ikke bliver opdaget af Gestapo! Vores to guider - i karakter som modstandsfolkene Gerda og Jørgen - tager dig med tilbage til tiden under 2. Verdenskrig på en dramatiseret guidet tur i Kolding.,Ons. 3. jun. 2026 19:00 - 20:30,19:00,https://www.kultunaut.dk/perl/arrmore/type-nynaut?ArrNr=19839631
Møder Pubquiz På Knuds garage,Pubquiz På Knuds garage,"Hver Onsdag kl 20, kan du komme på Knuds Garage og få din paratviden udfordret.",Ons. 3. jun. 2026 20:00 - 23:00,20:00,https://www.kultunaut.dk/perl/arrmore/type-nynaut?ArrNr=19531946
Gymnastik/aerobic Motionsgymnastik i Arena Syd VAMDRUP,Motionsgymnastik i Arena Syd VAMDRUP,"Har du lyst til at få rørt hele kroppen og få sved på panden, så er disse timer noget for dig. En gymnastiktime med højt humør og dejlig inspirerende musik. Men pas på, - du bliver hurtig afhængig !!!",Ons. 3. jun. 2026,See description,https://www.kultunaut.dk/perl/arrmore/type-nynaut?ArrNr=19923756
Gymnastik/aerobic Vandgymnastik,Vandgymnastik,"Træning i vand til god musik. Vi træner kroppens center, med fokus på ryg og mave, og bruger vandets modstand til at styrke alle kroppens muskler.",Ons. 3. jun. 2026,See description,https://www.kultunaut.dk/perl/arrmore/type-nynaut?ArrNr=19924686
Ketchersport Pickleball,Pickleball,"Er en ketsjersport, der spilles med en let bold og et paddle (hårdt bat). Pickleball spilles på en bane i badmintonstørrelse, med tennis-lignende net. Der er elementer fra andre ketsjer/ bat spil - som tennis, squash, badminton og bordtennis.",Ons. 3. jun. 2026,See description,https://www.kultunaut.dk/perl/arrmore/type-nynaut?ArrNr=19924711
Gudstjeneste Gudstjeneste: Morgenandagt ved provst Karina Steinecke Dahlmann,Gudstjeneste: Morgenandagt ved provst Karina Steinecke Dahlmann,Den første onsdag i måneden kl. 9.30-10 Alle er velkomne Ved andagten er der musik fra et frivilligt klassisk ensemble og en frivillig synger for. Præsten fortæller kort om et emne efter eget valg.,Ons. 3. jun. 2026,09.30,https://www.kultunaut.dk/perl/arrmore/type-nynaut?ArrNr=19808638
Andre Film Børnebiffen - Filmpakke 6 - Fra 5 år,Børnebiffen - Filmpakke 6 - Fra 5 år,Snowys jul. Instruktør: Gustav Kvaal. Der er to dage til juleaften. Efter at have mistet både sin mor og sit hjem er en lille hundehvalp helt alene i en sneklædt verden.,Ons. 3. jun. 2026,See description,https://www.kultunaut.dk/perl/arrmore/type-nynaut?ArrNr=19950784
Baby/barsel Babytræf ved Sundhedsplejen,Babytræf ved Sundhedsplejen,Sundhedsplejen inviterer alle forældre med børn under 1 år til Babytræf. Onsdage i ulige uger taler vi om barnets kost og onsdage i lige uger taler vi om barnets søvn. Arrangementet starter præcis klokken 10.,Ons. 3. jun. 2026,See description,https://www.kultunaut.dk/perl/arrmore/type-nynaut?ArrNr=19642446
Andet motionstilbud Krolf,Krolf,"Vi spiller krolf fra april til og med juni måned og igen fra august til oktober. Der er køller og bolde til udlån - og vi opfordrer ALLE der har lyst, til at komme og prøve.",Ons. 3. jun. 2026,See description,https://www.kultunaut.dk/perl/arrmore/type-nynaut?ArrNr=19924665
Danseundervisning Let's dance i arena syd vamdrup,Let's dance i arena syd vamdrup,"Ved brug af den skønne musik sammen med enkelte dansetrin kommer forbrændingen i vejret og kroppen fyldes med energi - samtidig med at det er sjovt og nemt at lære- Alle kan være med - unge som ældre, mænd og kvinder.",Ons. 3. jun. 2026,10.15,https://www.kultunaut.dk/perl/arrmore/type-nynaut?ArrNr=19924437
Andet motionstilbud Funktionel / balancetræning,Funktionel / balancetræning,"Funktionel træning fokuserer på naturlige bevægelser, som den menneskelige krop allerede er skabt til at lave. Bevægelser som at løfte, trække, rotere eller skubbe, er bevægelser som vi allerede laver, eller kan få brug for i dagligdagen.",Ons. 3. jun. 2026,10.30,https://www.kultunaut.dk/perl/arrmore/type-nynaut?ArrNr=19924539
Andet motionstilbud Vandgymnastik i Kongeåbadet VAMDRUP,Vandgymnastik i Kongeåbadet VAMDRUP,"Træning i vand til god musik. Vi træner kroppens center, med fokus på ryg og mave, og bruger vandets modstand til at styrke alle kroppens muskler.",Ons. 3. jun. 2026,See description,https://www.kultunaut.dk/perl/arrmore/type-nynaut?ArrNr=19924237
Tegnefilm/Animation Super Mario Galaxy Filmen,Super Mario Galaxy Filmen,Here we go. Again! Animationsfilmen 'Super Mario Galaxy Filmen' (The Super Mario Galaxy Movie) er fortsættelsen til Super Mario Bros. Filmen fra 2023 og denne gang bliver eventyret endnu større!,Ons. 3. jun. 2026,11.30,https://www.kultunaut.dk/perl/arrmore/type-nynaut?ArrNr=19958588
Action/Drama Eleanors sandhed,Eleanors sandhed,"Det hjertevarme drama 'Eleanors sandhed' følger Eleanor Morgenstein, der efter et stort tab forlader Florida og flytter til New York for at begynde forfra.",Ons. 3. jun. 2026,11.30,https://www.kultunaut.dk/perl/arrmore/type-nynaut?ArrNr=19989507
Action/Drama Michael,Michael,"Filmen 'Michael' skildrer en af de mest indflydelsesrige kunstnere nogensinde, Michael Jackson.",Ons. 3. jun. 2026,11.45,https://www.kultunaut.dk/perl/arrmore/type-nynaut?ArrNr=19989653
Komedie/Romantik Affektionsværdi,Affektionsværdi,"Det norske drama 'Affektionsværdi' følger søstrene Nora (Renate Reinsve) og Agnes (Inga Ibsdotter Lilleaas), som genforenes med deres far Gustav (Stellan Skarsgård) - en førhen ganske feteret instruktør, som drømmer om det store comeback.",Ons. 3. jun. 2026,16.45,https://www.kultunaut.dk/perl/arrmore/type-nynaut?ArrNr=19990321
Science Fiction The Mandalorian & Grogu,The Mandalorian & Grogu,"Tag med dusørjægeren Din Djarin og hans unge lærling Grogu på en ny mission i 'The Mandalorian & Grogu.'. Imperiet er faldet, men galaksen er langt fra fredelig.",Ons. 3. jun. 2026,12.30,https://www.kultunaut.dk/perl/arrmore/type-nynaut?ArrNr=19867954
Andet motionstilbud Kom og spil kegler (For alle niveauer - 55+ år),Kom og spil kegler (For alle niveauer - 55+ år),"HUSK indendørssko! Hvordan spiller man kegler?. Man starter med at indtage en ""startstilling"". Denne afhænger af hvilken teknik man bruger. Kaster man med to hænder, stiller man sig med spredte ben hen over linoleumsstykket.",Ons. 3. jun. 2026,See description,https://www.kultunaut.dk/perl/arrmore/type-nynaut?ArrNr=19924749
Science Fiction Det blå spor,Det blå spor,"Tereza på 77 har boet hele sit liv i en lille by i Amazonas-junglen, da hun en dag modtager en besked fra myndighederne, der beordrer hende at flytte til en seniorboligkoloni.",Ons. 3. jun. 2026,13.30,https://www.kultunaut.dk/perl/arrmore/type-nynaut?ArrNr=19988233
Familiefilm Fårbrydelsen,Fårbrydelsen,"I denne finurlige og nyskabende krimihistorie er George (Hugh Jackman) en fårehyrde, der hver aften læser detektivromaner højt for sine elskede får - overbevist om, at de umuligt kan forstå dem.",Ons. 3. jun. 2026,See description,https://www.kultunaut.dk/perl/arrmore/type-nynaut?ArrNr=19989797
Foredrag Sogneeftermiddag i sognehuset: Om Dalbys historie,Sogneeftermiddag i sognehuset: Om Dalbys historie,"Dalbys historie - i Brændkjærs beretning Carsten Borchs bog hedder ""Brændkjærs beretning"", men det meste af Brændkjærs forhistorie foregår faktisk i Dalby og Tved. Hør den fascinerende historie.",Ons. 3. jun. 2026,See description,https://www.kultunaut.dk/perl/arrmore/type-nynaut?ArrNr=19945778
Skydning Bueskydning,Bueskydning,Vi skyder med bue og pile mod en skive. Det kræver stor koncentration når man skyder. Man kommer til hallen (hal 2 i Pulzion) og bliver mødt af en der tager sig af dig. Du vil blive introduceret for alle så i ved hvem i er.,Ons. 3. jun. 2026,14.20,https://www.kultunaut.dk/perl/arrmore/type-nynaut?ArrNr=19924587
Action/Drama Hjem,Hjem,"Filmen tager sin begyndelse i 1991, på et tidspunkt, hvor hele Balkanregionen er i opløsning.",Ons. 3. jun. 2026,14.45,https://www.kultunaut.dk/perl/arrmore/type-nynaut?ArrNr=19958628
Omvisning Rundvisning - Harteværket,Rundvisning - Harteværket,"Oplev historien for opførelsen af Danmarks første vandkraftværk, som blev indviet i 1920. En utrolig spændende historie, som også i fremtiden vil have en vigtig rolle for Kolding i forbindelse med de klimatilpasninger, som er forberedt på Harteværket.",Ons. 3. jun. 2026,See description,https://www.kultunaut.dk/perl/arrmore/type-nynaut?ArrNr=19701182
Møder Kolding Gigt Café - med besøg fra Hjælpemiddelcentralen,Kolding Gigt Café - med besøg fra Hjælpemiddelcentralen,Velkommen igen til Gigt Caféen i Kolding ! Vi får besøg af Malene Møring Funder fra hjælpemiddelcentralen i Kolding. Vi hører om muligheder og fremgangsmåde.,Ons. 3. jun. 2026,15.30,https://www.kultunaut.dk/perl/arrmore/type-nynaut?ArrNr=19791761
Thriller/Gyser Aftenvagt,Aftenvagt,"Floria (spillet af Leonie Benesch - mindst lige så fantastisk som i 'Lærerværelset') er en dedikeret sygeplejerske, der med urokkelig dedikation navigerer i det ubarmhjertige opskruet tempo på en kirurgisk afdeling på et hospital i Schweiz.",Ons. 3. jun. 2026,See description,https://www.kultunaut.dk/perl/arrmore/type-nynaut?ArrNr=19988395
"Ketchersport, Børn Tennistræning for juniorer mellem 7 og 17 år",Tennistræning for juniorer mellem 7 og 17 år,"Gå til tennis hos KIF Tennis og få gratis træning. Nu starter vi igen hold for juniorer - et for 7-11 årige og et for 12-15 årige. Vi har et super godt trænerteam, og et godt fællesskab.",Ons. 3. jun. 2026,See description,https://www.kultunaut.dk/perl/arrmore/type-nynaut?ArrNr=19924152
Jazz Jazzlytteklubben,Jazzlytteklubben,Et fællesskab hvor vi lytter til jazzens mange facetter.,Ons. 3. jun. 2026,See description,https://www.kultunaut.dk/perl/arrmore/type-nynaut?ArrNr=19980151
"Danseundervisning, Børn Linedance/ Absolut Begynder",Linedance/ Absolut Begynder,For dem der aldrig har prøvet før.,Ons. 3. jun. 2026,17.55,https://www.kultunaut.dk/perl/arrmore/type-nynaut?ArrNr=19924681
Løbetræning/jogging Løbetræning,Løbetræning,"Vi løber mandag og onsdag klokken 17 samt lørdag klokken 10 fra Bøgelund, Bramdrup. Skovvej 40. Kom i god tid - vi starter præcis. Du kan deltage 3-4 gange før du melder dig ind i klubben. Lavt kontingent - 300 kroner for et kalenderår.",Ons. 3. jun. 2026,18.30,https://www.kultunaut.dk/perl/arrmore/type-nynaut?ArrNr=19923775
"Andet motionstilbud, Børn Hockey for voksne med særlige behov",Hockey for voksne med særlige behov,"Til hockey er der plads til alle uanset niveau. Efter en god opvarmning, træner vi med hockeystave og puck, hvor vi øver i at skyde til hinanden samt at skyde på mål. Hvis du ikke har prøvet at spille hockey før, skal du nok blive sat ind i reglerne.",Ons. 3. jun. 2026,See description,https://www.kultunaut.dk/perl/arrmore/type-nynaut?ArrNr=19924523
Møder Brætspilsklubben,Brætspilsklubben,"Elsker du brætspil, og mangler du et hyggeligt fællesskab at spille sammen med?",Ons. 3. jun. 2026,20.30,https://www.kultunaut.dk/perl/arrmore/type-nynaut?ArrNr=19335995
Foredrag Forårets temasmagning - Slovenien,Forårets temasmagning - Slovenien,,Ons. 3. jun. 2026,17:30,https://www.kultunaut.dk/perl/arrmore/type-nynaut?ArrNr=19653337
Gymnastik/aerobic Motionsmix,Motionsmix,Sjov motionsgymnastik for både damer og herrer. Alle kan deltage uanset alder og skavanker.,Ons. 3. jun. 2026,See description,https://www.kultunaut.dk/perl/arrmore/type-nynaut?ArrNr=19924283
Møder Menighedsrådsmøde,Menighedsrådsmøde,,Ons. 3. jun. 2026,See description,https://www.kultunaut.dk/perl/arrmore/type-nynaut?ArrNr=19449373
Foredrag En aften om generationer med Emilia van Hauen,En aften om generationer med Emilia van Hauen,"Oplev Emilia van Hauen, en af landets mest efterspurgte foredragsholdere og citerede kultursociologer, hvad angår tidens trends og sociale tendenser i samfundet. Vin, vand og snacks indgår i prisen.",Ons. 3. jun. 2026,18:30,https://www.kultunaut.dk/perl/arrmore/type-nynaut?ArrNr=19712670
"Danseundervisning, Børn Linedance / Begynder",Linedance / Begynder,For dem der kender lidt til grundtrin.,Ons. 3. jun. 2026,18.05,https://www.kultunaut.dk/perl/arrmore/type-nynaut?ArrNr=19923784
"Kampsporttræning, Børn Karate unge (13+) og voksne",Karate unge (13+) og voksne,"Hvad er karate?. Karate er først og fremmest selvforsvar! Når vi træner, så passer vi godt på hinanden. Men når man først er lidt øvet, så går vi tæt på hinanden - og man kan godt få et blåt mærke med hjem.",Ons. 3. jun. 2026,18.30,https://www.kultunaut.dk/perl/arrmore/type-nynaut?ArrNr=19924768
Andet motionstilbud Krolf for alle - aften,Krolf for alle - aften,"Til træning der spiller vi 2-3 runder, vi har i alt 4 forskellige baner man kan komme og prøve. Det man får ud af det er: at møde nye mennesker, hyggeligt socialt samvær, venskaber for alle aldersgrupper. Man skal huske varmt tøj til tider.",Ons. 3. jun. 2026,18.30,https://www.kultunaut.dk/perl/arrmore/type-nynaut?ArrNr=19923781
Komedie/Romantik The Devil Wears Prada 2,The Devil Wears Prada 2,"Følger Miranda Priestlys kamp mod Emily Charlton, hendes tidligere assistent, der nu er en rivaliserende direktør, mens de konkurrerer om annonceindtægter midt i faldende trykte medier, mens Miranda nærmer sig pensionering.",Ons. 3. jun. 2026,See description,https://www.kultunaut.dk/perl/arrmore/type-nynaut?ArrNr=19936743
Action/Drama Franz,Franz,"Filmen skildrer det gådefulde liv for Franz Kafka, fra hans ungdom i Prag til hans død i 1924. I stedet for at være en traditionel biografi er Franz sat op som en kalejdoskopisk mosaik af drømme, breve, fragmenter fra hans fiktion og historiske episoder.",Ons. 3. jun. 2026,See description,https://www.kultunaut.dk/perl/arrmore/type-nynaut?ArrNr=19936868
Thriller/Gyser Backrooms,Backrooms,I den intense gyserfilm 'Backrooms' åbner en uforklarlig passage sig i kælderen under et møbelshowroom. Da psykiateren Dr.,Ons. 3. jun. 2026,See description,https://www.kultunaut.dk/perl/arrmore/type-nynaut?ArrNr=19989675
Thriller/Gyser Obsession,Obsession,"I gyserfilmen 'Obsession' er teenageren Bear håbløst forelsket i sin barndomsven Nikki. I et desperat forsøg på at vinde hendes kærlighed får han fat i de mystiske ""One Wish Willow"" og ønsker, at Nikki vil elske ham højere end nogen anden i verden.",Ons. 3. jun. 2026,21.15,https://www.kultunaut.dk/perl/arrmore/type-nynaut?ArrNr=19989702
Workshop Craft Salon,Craft Salon,Kom forbi Garn og Craft til et par timers hyggeligt samvær omkring Craft/håndarbejde. Alle er velkomne og du behøver ikke melde dig til.,Tor. 4. jun. 2026 14:00 - 20:00,14:00,https://www.kultunaut.dk/perl/arrmore/type-nynaut?ArrNr=19909258
Fitness/styrketræning Fitness under åben himmel 2026,Fitness under åben himmel 2026,Bevæg dig for livet inviterer traditionen tro til Fitness under åben himmel - Ganske gratis!,Tor. 4. jun. 2026 17.00-18.00,17.00,https://www.kultunaut.dk/perl/arrmore/type-nynaut?ArrNr=20000981
Musik Koldinghus by Night: Gobelinfest,Koldinghus by Night: Gobelinfest,"Træd ind i en inspirerende og farverig verden af musik, kreativitet og levende fortællinger fra 500 års gobelinhistorie til Koldinghus by Night.",Tor. 4. jun. 2026 19:00-22:00,19:00,https://www.kultunaut.dk/perl/arrmore/type-nynaut?ArrNr=19896441
Gastronomi Vinsmagning - Bobler,Vinsmagning - Bobler,"Til denne smagning, dykker vi ned i forskellige bobler og mousserende vine. Bobler er nemlig ikke bare bobler - men det forhindrer os ikke i, at elske dem alle!",Tor. 4. jun. 2026 19.00-21.30,19.00,https://www.kultunaut.dk/perl/arrmore/type-nynaut?ArrNr=19935293
Andet motionstilbud Motionsgymnastik,Motionsgymnastik,"Har du lyst til at få rørt hele kroppen og få sved på panden, så er disse timer noget for dig. En gymnastiktime med højt humør og dejlig inspirerende musik. Men pas på, - du bliver hurtig afhængig !!!",Tor. 4. jun. 2026,See description,https://www.kultunaut.dk/perl/arrmore/type-nynaut?ArrNr=19927158
Fitness/styrketræning Styrke/ryg træning,Styrke/ryg træning,"Her styrkes alle kroppens muskler, så ryggen kan klare hverdagen. Husk måtte.",Tor. 4. jun. 2026,09.30,https://www.kultunaut.dk/perl/arrmore/type-nynaut?ArrNr=19927519
Andet motionstilbud Krolfspil for senior,Krolfspil for senior,"Krolf er et rigtig hyggelig spil, hvor alle kan deltage. Det er en blanding af golf og kroket. Praktisk påklædning efter vejret, gerne kraftige sko eller i regnvejr gummistøvler.",Tor. 4. jun. 2026,09.30,https://www.kultunaut.dk/perl/arrmore/type-nynaut?ArrNr=19927809
Andet motionstilbud Vandreture,Vandreture,"Ture ud i naturen i omegnen af Kolding med fokus på fællesskab, socialt samvær, motion og gode historier. Der er altid en pause, hvor den medbragte kaffe nydes.",Tor. 4. jun. 2026,09.30,https://www.kultunaut.dk/perl/arrmore/type-nynaut?ArrNr=19927874
Vandretur/stavgang Stavgang,Stavgang,"Der kan som udgangspunkt lånes stave i IFA de første par gange. Der vil hver gang være mulighed for instruktion i stavgangsteknik, ligesom der som regel er mulighed fora t vælge hold med forskellige tempi.",Tor. 4. jun. 2026,11.30,https://www.kultunaut.dk/perl/arrmore/type-nynaut?ArrNr=19927207
Andet motionstilbud Knæ / hoftetræning,Knæ / hoftetræning,"Har du problemer med knæ og hofte, er dette hold noget for dig. Musklerne i benet har sammenhæng med. musklerne i hofte. På holdet arbejdes der med specifik styrketræning til disse muskler. I opstarten vil det.",Tor. 4. jun. 2026,10.15,https://www.kultunaut.dk/perl/arrmore/type-nynaut?ArrNr=19926713
Danseundervisning Let's Dance,Let's Dance,"Ved brug af skøn musik til mange forskellige dansearter, sammen med enkelte dansetrin kommer forbrændingen i vejret og kroppen fyldes med energi - samtidig med at det er sjovt og nemt at lære- Alle kan være med - unge som ældre, mænd og kvinder, hvis bare.",Tor. 4. jun. 2026,See description,https://www.kultunaut.dk/perl/arrmore/type-nynaut?ArrNr=19926800
Action/Drama Hjem,Hjem,"Filmen 'Hjem' tager sin begyndelse i 1991, på et tidspunkt, hvor hele Balkanregionen er i opløsning. Den 6-årige Maja sammen med sine forældre til Danmark og efterlader sine to ældre brødre derhjemme med løfte om en snarlig genforening.",Tor. 4. jun. 2026,11.30,https://www.kultunaut.dk/perl/arrmore/type-nynaut?ArrNr=19977377
Komedie/Romantik The Devil Wears Prada 2,The Devil Wears Prada 2,"""A sequel? For spring? Groundbreaking."". Filmen 'The Devil Wears Prada 2' er fortsættelsen til den elskede film fra 2006, The Devil Wears Prada.",Tor. 4. jun. 2026,11.30,https://www.kultunaut.dk/perl/arrmore/type-nynaut?ArrNr=19977407
Andet motionstilbud Gym Stick-----styrketræning,Gym Stick-----styrketræning,"Gymstick muliggør en effektiv træning af styrke, udholdenhed, bevægelighed og koordination. Det er muligt. at lave mange øvelser for at træne hele kroppen samt målrettet arbejde for enkelte muskelgrupper.",Tor. 4. jun. 2026,12.15,https://www.kultunaut.dk/perl/arrmore/type-nynaut?ArrNr=19927559
Gymnastik/aerobic Yoga,Yoga,"Deltagerne på holdene giver udtryk for, at hele kroppen bliver arbejdet godt igennem i et roligt tempo, at de kommer ud i yderstillinger og bliver mere smidige.",Tor. 4. jun. 2026,12.15,https://www.kultunaut.dk/perl/arrmore/type-nynaut?ArrNr=19927703
Tegnefilm/Animation Ustoppelig,Ustoppelig,"Filmen vises med dansk tale. 'Ustoppelig' er en actionfyldt animationsfilm med de mindste helte, du nogensinde har set. Kaja er en ustoppelig lille celle, der bor i nyrerne på tiårige Erik.",Tor. 4. jun. 2026,See description,https://www.kultunaut.dk/perl/arrmore/type-nynaut?ArrNr=19977223
Møder Rockmusiksalon,Rockmusiksalon,"Uformelle eftermiddage, hvor man lytter til rockmusik i alle afskygninger.",Tor. 4. jun. 2026,14.30,https://www.kultunaut.dk/perl/arrmore/type-nynaut?ArrNr=19773343
Møder Mangafællesskabet,Mangafællesskabet,Elsker du manga og anime?,Tor. 4. jun. 2026,See description,https://www.kultunaut.dk/perl/arrmore/type-nynaut?ArrNr=19483178
Science Fiction The Mandalorian & Grogu,The Mandalorian & Grogu,"Tag med dusørjægeren Din Djarin og hans unge lærling Grogu på en ny mission i 'The Mandalorian & Grogu.'. Imperiet er faldet, men galaksen er langt fra fredelig.",Tor. 4. jun. 2026,18.10,https://www.kultunaut.dk/perl/arrmore/type-nynaut?ArrNr=19977274
Action/Drama Michael,Michael,"Filmen 'Michael' skildrer en af de mest indflydelsesrige kunstnere nogensinde, Michael Jackson.",Tor. 4. jun. 2026,15.15,https://www.kultunaut.dk/perl/arrmore/type-nynaut?ArrNr=19977341
Action/Drama Eleanors sandhed,Eleanors sandhed,"Det hjertevarme drama 'Eleanors sandhed' følger Eleanor Morgenstein, der efter et stort tab forlader Florida og flytter til New York for at begynde forfra.",Tor. 4. jun. 2026,18.20,https://www.kultunaut.dk/perl/arrmore/type-nynaut?ArrNr=19977416
Andet motionstilbud Ungdomstræning for 5-18 årige,Ungdomstræning for 5-18 årige,"Til vores træninger er timen delt op i 3 sektioner opvarmning/træningsøvelser/bowling & leg. Vi starter med en fælles opvarmning, for at få kroppen igang og klar til træningen.",Tor. 4. jun. 2026,See description,https://www.kultunaut.dk/perl/arrmore/type-nynaut?ArrNr=19927742
"Workshop Flødebolle kursus hos Frellsen, Kolding","Flødebolle kursus hos Frellsen, Kolding",Imponér venner eller familie med dine egne flødebolle kreationer! Lær at fremstille 10 flødeboller hos Frellsen.,Tor. 4. jun. 2026,16:00,https://www.kultunaut.dk/perl/arrmore/type-nynaut?ArrNr=19741512
"Andet motionstilbud, Børn U7 mix",U7 mix,En tryg og sjov start på dit barns håndboldeventyr. Medbring sko og tøj man kan bevæge sig i.,Tor. 4. jun. 2026,17.45,https://www.kultunaut.dk/perl/arrmore/type-nynaut?ArrNr=19927857
"Kampsporttræning, Børn Begynderhold",Begynderhold,"Som nybegynder eller let øvet, går meget af træningen ud på at indøve de helt basale teknikker som stød, parader, spark og stillinger, samt de grundlæggende japanske termer, der bruges.",Tor. 4. jun. 2026,See description,https://www.kultunaut.dk/perl/arrmore/type-nynaut?ArrNr=19927243
Musik Sommerkoncert,Sommerkoncert,Ved Dalby Kirkes voksenkor og ungdomskor Der kan købes drikkevarer før koncerten. Gratis entré - alle er velkomne!,Tor. 4. jun. 2026,See description,https://www.kultunaut.dk/perl/arrmore/type-nynaut?ArrNr=19946129
Møder Figurspilsklub,Figurspilsklub,"Kom forbi Kolding Biblioteks figurspilsklub. Det er gratis, og du behøver ikke tilmelde dig.",Tor. 4. jun. 2026,20.45,https://www.kultunaut.dk/perl/arrmore/type-nynaut?ArrNr=19997867
"Ketchersport, Børn Tennis 5-8 årige",Tennis 5-8 årige,Udendørstræning: 1. Maj 2022 - 16. September 2022.,Tor. 4. jun. 2026,17.15,https://www.kultunaut.dk/perl/arrmore/type-nynaut?ArrNr=19927553
"Kampsporttræning, Børn Begynder brydning - 7 til 13 år",Begynder brydning - 7 til 13 år,"Træningen består af leg, motorik/akrobatik, koordinationsøvelser samt bryde relaterede øvelser. Her læres at slå de mest basale brydegreb, og under træning får de også mulighed for at bryde rigtigt.",Tor. 4. jun. 2026,17.30,https://www.kultunaut.dk/perl/arrmore/type-nynaut?ArrNr=19926855
"Ketchersport, Børn Junior squash for alle 6-16 årige",Junior squash for alle 6-16 årige,Mangler din søn eller datter en ny sportsgren?. SÅ ER DET SQUASH! Squash er sjovt for alle aldre - squash er blandt verdens sundeste sportsgrene & squash er motion!,Tor. 4. jun. 2026,17.30,https://www.kultunaut.dk/perl/arrmore/type-nynaut?ArrNr=19926697
"Danseundervisning, Børn Linedance / Øvet",Linedance / Øvet,For dem der kan alle grundtrin og lyst til større udfordringer.,Tor. 4. jun. 2026,17.30,https://www.kultunaut.dk/perl/arrmore/type-nynaut?ArrNr=19926788
Fodboldtræning Fodbold alle torsdage kl. 18.00,Fodbold alle torsdage kl. 18.00,"Vi er en flok gamle gutter, der spiller fodbold for sjov, vores ældste mand er 87 år -yngste 38. Vi hedder KIF Oldboys, men langt de fleste har tidligere spillet i andre klubber, flere har aldrig spillet fodbold i en klub før KIF Oldboys.",Tor. 4. jun. 2026,See description,https://www.kultunaut.dk/perl/arrmore/type-nynaut?ArrNr=19926869
"Andet motionstilbud, Børn Håndbold for damer",Håndbold for damer,Kræver tidligere håndbolderfaring. Fokus på det sociale og spille god håndbold. Sæsonen starter i august og kører indtil april. Sommertræning i maj og juni.,Tor. 4. jun. 2026,19.45,https://www.kultunaut.dk/perl/arrmore/type-nynaut?ArrNr=19927697
"Kampsporttræning, Børn Hold 3 (13 år +)",Hold 3 (13 år +),"Vores største hold. Her er plads til både eliten, talenterne, og dem der bare gerne vil have sved på panden og lære at bryde. Teknik træningen slutte kl. 19.30 fra 19.30 til 20.00 er der Open Mat.",Tor. 4. jun. 2026,18.30,https://www.kultunaut.dk/perl/arrmore/type-nynaut?ArrNr=19926835
"Andet motionstilbud, Børn Realistisk selvforsvar for alle (9+ år)",Realistisk selvforsvar for alle (9+ år),Vi træner selvforsvar på mix hold tirsdage og torsdage fra kl 18:30 til 20:00 kom ned i kluben og prøv omdet er noget for dig.,Tor. 4. jun. 2026,18.30,https://www.kultunaut.dk/perl/arrmore/type-nynaut?ArrNr=19926877
Thriller/Gyser Die My Love,Die My Love,Jennifer Lawrence og Robert Pattinson i Lynne Ramsays stærke og rørende drama om identitet og moderskab.,Tor. 4. jun. 2026,See description,https://www.kultunaut.dk/perl/arrmore/type-nynaut?ArrNr=19936808
Action/Drama In the Grey,In the Grey,"Følger et hemmeligt team af eliteagenter, som opererer i skyggerne, lige så komfortable med at udøve magt og indflydelse som med at håndtere automatvåben og sprængstoffer.",Tor. 4. jun. 2026,See description,https://www.kultunaut.dk/perl/arrmore/type-nynaut?ArrNr=19936918
Tegnefilm/Animation The Amazing Digital Circus: The Last Act,The Amazing Digital Circus: The Last Act,Billetsalget starter den 29. april kl. 10:00 her på nfbio.dk. Den virale internetsensation The Amazing Digital Circus når sit længe ventede klimaks i en spillefilmslignende biografoplevelse!,Tor. 4. jun. 2026,21.15,https://www.kultunaut.dk/perl/arrmore/type-nynaut?ArrNr=19898266
Andet motionstilbud Fællesklang,Fællesklang,"Er du mellem 18 og 35 år og glad for at synge? Så er Fællesklang Kolding det rytmiske kor for dig - helt uden optagelsesprøve! Fællesklang Kolding er et kor for alle mellem 18 og 35 år, der elsker at synge alt fra pophits og gospel til Disney-klassikere.",Tor. 4. jun. 2026,See description,https://www.kultunaut.dk/perl/arrmore/type-nynaut?ArrNr=19927500
Andet motionstilbud Kegler for hele familien,Kegler for hele familien,"De fleste har prøvet bowling eller set spillet. Man kan godt sammenligne at spille bowling med kegler. Forskellen på disse 2 spil er, at kuglen er mindre i kegler, og uden huller til fingrene.",Tor. 4. jun. 2026,See description,https://www.kultunaut.dk/perl/arrmore/type-nynaut?ArrNr=19927820
Gastronomi Bowmore vs Laphroaig - Whiskysmagning,Bowmore vs Laphroaig - Whiskysmagning,"Gør dig klar til et brag af en smagning, når vi inviterer dig indenfor til ""The Battle of Islay"". Til denne whiskysmagning sætter vi to af verdens mest ikoniske destillerier op mod hinanden: Bowmore og Laphroaig.",Tor. 4. jun. 2026,19:00,https://www.kultunaut.dk/perl/arrmore/type-nynaut?ArrNr=19979438
"Andet motionstilbud, Børn Håndbold for herrer",Håndbold for herrer,Fordel med tidligere håndbolderfaring. Fokus på det sociale og spille god håndbold. Sæsonen starter i august og kører indtil april. Sommertræning i maj og juni.,Tor. 4. jun. 2026,19.45,https://www.kultunaut.dk/perl/arrmore/type-nynaut?ArrNr=19927713
"Andet motionstilbud, Børn Grappling and Brazilian jiu-jitsu",Grappling and Brazilian jiu-jitsu,Grappling and BJJ for all skill levels.,Tor. 4. jun. 2026,See description,https://www.kultunaut.dk/perl/arrmore/type-nynaut?ArrNr=19927728
Science Fiction Masters of the Universe,Masters of the Universe,I universets fjerneste egne trues kongeriget Eternia af den ondskabsfulde Skeletor og hans mørkets hære.,Tor. 4. jun. 2026,20.40,https://www.kultunaut.dk/perl/arrmore/type-nynaut?ArrNr=19977419
Show/stand up Open Mic,Open Mic,,Tor. 4. jun. 2026,21:00,https://www.kultunaut.dk/perl/arrmore/type-nynaut?ArrNr=19886390
For børn DEMOKRA 2-5-10 Grundlovsdag for børn,DEMOKRA 2-5-10 Grundlovsdag for børn,"Nicolai for børn inviterer til Grundlovsfest - en festlig dag med demokrati, medborgerskab, fællesskab og samskabelse i børnehøjde.",Fre. 5. jun. 2026 10:00 - 15:00,10:00,https://www.kultunaut.dk/perl/arrmore/type-nynaut?ArrNr=19963971
Natur GRØNlovsdag med SF og Radikale,GRØNlovsdag med SF og Radikale,"Kaffe og boller ved Klokketårnet. Gåtur med Jørn Chemnitz. Jørn fortæller om historien og sammenhængskraften i naturen på Skamling. Talk med Karina Lorentzen Dehnhardt og Merete Due Paarup: Hvad kan demokratiet gøre for naturen, klimaet og menneskene.",Fre. 5. jun. 2026 10:00-13.30,10:00,https://www.kultunaut.dk/perl/arrmore/type-nynaut?ArrNr=19987824
Omvisning Særrundvisning: Branden på Koldinghus,Særrundvisning: Branden på Koldinghus,"Var det de spanske soldater, der brændte slottet ned? Er der mange efterkommere af spanske soldater i Kolding? Ville de spanske soldater myrde Marskal Bernadotte? Alt det og meget mere kan du høre om på denne særrundvisning på fars dag.",Fre. 5. jun. 2026 13:00-14:00,13:00,https://www.kultunaut.dk/perl/arrmore/type-nynaut?ArrNr=19963899
Marked/byfest Grundlovsfest på Skamlingsbanken,Grundlovsfest på Skamlingsbanken,"Grundlovsfesten på Skamlingsbanken er en gratis folkefest, der afholdes hvert år den 5. juni. Fra scenen har vi fællessang, koncert med Sigurd Barrett, korkoncert, en grundlovsrap, unge talere og kåring af Årets Danske Stemme.",Fre. 5. jun. 2026 13:30 - 17:30,13:30,https://www.kultunaut.dk/perl/arrmore/type-nynaut?ArrNr=19956374
Dansktop/underholdning Birthe Kjær & Feel Good Band // Bellami,Birthe Kjær & Feel Good Band // Bellami,"Oplev en festlig aften ved Slotssøen i Kolding d. 5. juni med Bellami, der hylder Kim Larsens musik, og Birthe Kjær & Feel Good Band, som skaber fællessang, nostalgi og glæde for publikum i alle aldre.",Fre. 5. jun. 2026 17:00 - 22:30,17:00,https://www.kultunaut.dk/perl/arrmore/type-nynaut?ArrNr=19196716
Tegnefilm/Animation Super Mario Galaxy Filmen,Super Mario Galaxy Filmen,Here we go. Again! Animationsfilmen 'Super Mario Galaxy Filmen' (The Super Mario Galaxy Movie) er fortsættelsen til Super Mario Bros. Filmen fra 2023 og denne gang bliver eventyret endnu større!,Fre. 5. jun. 2026,See description,https://www.kultunaut.dk/perl/arrmore/type-nynaut?ArrNr=19981747
For børn Grundlovsdag for børn,Grundlovsdag for børn,Kom og prøv naturbingo og farvelæg insekter.,Fre. 5. jun. 2026,See description,https://www.kultunaut.dk/perl/arrmore/type-nynaut?ArrNr=19926814
Ekskursion Byvandring i Skovvejen/Skovparken,Byvandring i Skovvejen/Skovparken,Den 5. juni kl. 10 inviteres alle interesserede med på en byvandring gennem et af Koldings største almene boligområder.,Fre. 5. jun. 2026,10:00,https://www.kultunaut.dk/perl/arrmore/type-nynaut?ArrNr=19890000
Science Fiction The Mandalorian & Grogu,The Mandalorian & Grogu,"Tag med dusørjægeren Din Djarin og hans unge lærling Grogu på en ny mission i 'The Mandalorian & Grogu.'. Imperiet er faldet, men galaksen er langt fra fredelig.",Fre. 5. jun. 2026,12.15,https://www.kultunaut.dk/perl/arrmore/type-nynaut?ArrNr=19977397
Komedie/Romantik The Devil Wears Prada 2,The Devil Wears Prada 2,"""A sequel? For spring? Groundbreaking."". Filmen 'The Devil Wears Prada 2' er fortsættelsen til den elskede film fra 2006, The Devil Wears Prada.",Fre. 5. jun. 2026,12.30,https://www.kultunaut.dk/perl/arrmore/type-nynaut?ArrNr=19977226
Science Fiction Masters of the Universe,Masters of the Universe,I universets fjerneste egne trues kongeriget Eternia af den ondskabsfulde Skeletor og hans mørkets hære.,Fre. 5. jun. 2026,12.45,https://www.kultunaut.dk/perl/arrmore/type-nynaut?ArrNr=19977349
Andet motionstilbud Kom og spil kegler hver fredag eftermiddag,Kom og spil kegler hver fredag eftermiddag,"HUSK indendørssko! Hvordan spiller man kegler?. Man starter med at indtage en ""startstilling"". Denne afhænger af hvilken teknik man bruger. Kaster man med to hænder, stiller man sig med spredte ben hen over linoleumsstykket.",Fre. 5. jun. 2026,See description,https://www.kultunaut.dk/perl/arrmore/type-nynaut?ArrNr=19932375
"Kampsporttræning, Børn Kaizen Kidz",Kaizen Kidz,"Holdet er tilrettelagt med en blanding af karate og fysisk aktivitet og leg, således at der hele tiden er aktivitet, og at børnene får tid til at bearbejde deres indtryk.",Fre. 5. jun. 2026,17.30,https://www.kultunaut.dk/perl/arrmore/type-nynaut?ArrNr=19932351
Action/Drama Eleanors sandhed,Eleanors sandhed,"Det hjertevarme drama 'Eleanors sandhed' følger Eleanor Morgenstein, der efter et stort tab forlader Florida og flytter til New York for at begynde forfra.",Fre. 5. jun. 2026,16.45,https://www.kultunaut.dk/perl/arrmore/type-nynaut?ArrNr=19977330
"Kampsporttræning, Børn Freestyle wrestling",Freestyle wrestling,Training for youth/senior + 15 years. The training is for beginners and advanced wrestlers of all levels.,Fre. 5. jun. 2026,17.30,https://www.kultunaut.dk/perl/arrmore/type-nynaut?ArrNr=19932482
Thriller/Gyser Die My Love,Die My Love,Jennifer Lawrence og Robert Pattinson i Lynne Ramsays stærke og rørende drama om identitet og moderskab.,Fre. 5. jun. 2026,See description,https://www.kultunaut.dk/perl/arrmore/type-nynaut?ArrNr=19936729
Action/Drama In the Grey,In the Grey,"Følger et hemmeligt team af eliteagenter, som opererer i skyggerne, lige så komfortable med at udøve magt og indflydelse som med at håndtere automatvåben og sprængstoffer.",Fre. 5. jun. 2026,See description,https://www.kultunaut.dk/perl/arrmore/type-nynaut?ArrNr=19936843
Familiefilm Obraz,Obraz,English Subtitles. No refund on tickets for this event.,Fre. 5. jun. 2026,See description,https://www.kultunaut.dk/perl/arrmore/type-nynaut?ArrNr=19988472
Tegnefilm/Animation The Amazing Digital Circus: The Last Act,The Amazing Digital Circus: The Last Act,Billetsalget starter den 29. april kl. 10:00 her på nfbio.dk. Den virale internetsensation The Amazing Digital Circus når sit længe ventede klimaks i en spillefilmslignende biografoplevelse!,Fre. 5. jun. 2026,21.15,https://www.kultunaut.dk/perl/arrmore/type-nynaut?ArrNr=19898159
Jazz JazzHaus: Musvit + Min Veninde Signe,JazzHaus: Musvit + Min Veninde Signe,"JazzHaus præsenterer Qrundlovsjazz - en aften med markante stemmer og tydelige aftryk. Min Veninde Signe bevæger sig i et blødt og nærværende singersongwriterunivers, hvor musikken føles som en samtale mellem venner.",Fre. 5. jun. 2026,See description,https://www.kultunaut.dk/perl/arrmore/type-nynaut?ArrNr=19862761
Jazz Qrundlovsjazz: Musvit + Min Veninde Signe,Qrundlovsjazz: Musvit + Min Veninde Signe,"Qrundlovsjazz i JazzHaus - en aften, der bevæger sig mellem det nære og det kantede.",Fre. 5. jun. 2026,See description,https://www.kultunaut.dk/perl/arrmore/type-nynaut?ArrNr=19904670
Musik Glimtvis + Noah Smith,Glimtvis + Noah Smith,"Midt i en tid hvor verden ofte taler om afstand mellem USA og Europa, vælger den danske americana-duo Glimtvis og den amerikanske sangskriver Noah Smith at gøre det modsatte: De tager på turné sammen i Danmark for at samles om musikken.",Fre. 5. jun. 2026,See description,https://www.kultunaut.dk/perl/arrmore/type-nynaut?ArrNr=19872308
Thriller/Gyser Backrooms,Backrooms,I den intense gyserfilm 'Backrooms' åbner en uforklarlig passage sig i kælderen under et møbelshowroom. Da psykiateren Dr.,Fre. 5. jun. 2026,20.40,https://www.kultunaut.dk/perl/arrmore/type-nynaut?ArrNr=19977292
Thriller/Gyser Scary Movie 6,Scary Movie 6,"Gyserkomedien 'Scary Movie 6', sender den ikoniske (og kaotiske) filmserie tilbage på det store lærred, med et nyt møde mellem gamle og nye dræbere, der igen spreder panik.",Fre. 5. jun. 2026,21.15,https://www.kultunaut.dk/perl/arrmore/type-nynaut?ArrNr=19977233
