exact_date,trip_id,arrival_time,departure_time,trip_headsign
2026-02-07,157435850,10:03:00,10:05:00,CPH Lufthavn
2026-02-07,157434212,10:04:00,10:06:00,Esbjerg St.
2026-02-07,157434506,10:11:00,10:13:00,Østerport St.
2026-02-07,157435575,10:40:00,10:43:00,Flensburg
2026-02-07,157434478,10:46:00,10:48:00,Esbjerg St.
2026-02-07,157434119,10:51:00,10:53:00,Skanderborg St.
2026-02-07,157434207,11:04:00,11:06:00,Esbjerg St.
2026-02-07,157434505,11:11:00,11:13:00,Østerport St.
2026-02-07,157435584,11:16:00,11:18:00,Fredericia St.
2026-02-07,157438496,11:44:00,11:46:00,København H
2026-02-07,157434477,11:46:00,11:48:00,Esbjerg St.
2026-02-07,157434113,11:51:00,11:53:00,Skanderborg St.
2026-02-07,157435811,11:52:00,11:54:00,Sønderborg St.
2026-02-07,157435846,12:03:00,12:05:00,CPH Lufthavn
2026-02-07,157434201,12:04:00,12:06:00,Esbjerg St.
2026-02-07,157434504,12:11:00,12:13:00,Østerport St.
2026-02-07,157438529,12:12:00,12:15:00,Hamburg Hbf
2026-02-07,157435574,12:40:00,12:43:00,Flensburg
2026-02-07,157434465,12:46:00,12:48:00,Esbjerg St.
2026-02-07,157437086,12:53:00,12:55:00,Fredericia St.
2026-02-07,157437092,13:04:00,13:06:00,Esbjerg St.
2026-02-07,157434503,13:11:00,13:13:00,Østerport St.
2026-02-07,157435565,13:16:00,13:18:00,Fredericia St.
2026-02-07,157438515,13:44:00,13:46:00,København H
2026-02-07,157434476,13:46:00,13:48:00,Esbjerg St.
2026-02-07,157434108,13:51:00,13:53:00,Skanderborg St.
2026-02-07,157435807,13:52:00,13:54:00,Sønderborg St.
2026-02-07,157435842,14:03:00,14:05:00,CPH Lufthavn
2026-02-07,157434196,14:04:00,14:06:00,Esbjerg St.
2026-02-07,157434502,14:11:00,14:13:00,Østerport St.
2026-02-07,157435573,14:40:00,14:43:00,Flensburg
2026-02-07,157434475,14:46:00,14:48:00,Esbjerg St.
2026-02-07,157434103,14:51:00,14:53:00,Skanderborg St.
2026-02-07,157434191,15:04:00,15:06:00,Esbjerg St.
2026-02-07,157434501,15:11:00,15:13:00,Østerport St.
2026-02-07,157435583,15:16:00,15:18:00,Fredericia St.
2026-02-07,157438472,15:44:00,15:46:00,København H
2026-02-07,157434464,15:46:00,15:48:00,Esbjerg St.
2026-02-07,157434097,15:51:00,15:53:00,Skanderborg St.
2026-02-07,157435803,15:52:00,15:54:00,Sønderborg St.
2026-02-07,157435837,16:03:00,16:05:00,CPH Lufthavn
2026-02-07,157434186,16:04:00,16:06:00,Esbjerg St.
2026-02-07,157434500,16:11:00,16:13:00,Østerport St.
2026-02-07,157438505,16:12:00,16:15:00,Hamburg Hbf
2026-02-07,157435572,16:40:00,16:43:00,Flensburg
2026-02-07,157434474,16:46:00,16:48:00,Esbjerg St.
2026-02-07,157437084,16:53:00,16:55:00,Fredericia St.
2026-02-07,157437090,17:04:00,17:06:00,Esbjerg St.
2026-02-07,157434499,17:11:00,17:13:00,Østerport St.
2026-02-07,157435582,17:16:00,17:18:00,Fredericia St.
2026-02-07,157434473,17:46:00,17:48:00,Esbjerg St.
2026-02-07,157434092,17:51:00,17:53:00,Skanderborg St.
2026-02-07,157435799,17:52:00,17:54:00,Sønderborg St.
2026-02-07,157435833,18:03:00,18:05:00,CPH Lufthavn
2026-02-07,157434181,18:04:00,18:06:00,Esbjerg St.
2026-02-07,157434498,18:11:00,18:13:00,Østerport St.
2026-02-07,157438490,18:12:00,18:15:00,Hamburg Hbf
2026-02-07,157435571,18:40:00,18:43:00,Flensburg
2026-02-07,157434472,18:46:00,18:48:00,Esbjerg St.
2026-02-07,157434087,18:51:00,18:53:00,Skanderborg St.
2026-02-07,157434176,19:04:00,19:06:00,Esbjerg St.
2026-02-07,157434497,19:11:00,19:13:00,Østerport St.
2026-02-07,157435581,19:16:00,19:18:00,Fredericia St.
2026-02-07,157438487,19:44:00,19:46:00,København H
2026-02-07,157434471,19:46:00,19:48:00,Esbjerg St.
2026-02-07,157434082,19:51:00,19:53:00,Skanderborg St.
2026-02-07,157435795,19:52:00,19:54:00,Sønderborg St.
2026-02-07,157435828,20:03:00,20:05:00,CPH Lufthavn
2026-02-07,157434171,20:04:00,20:06:00,Esbjerg St.
2026-02-07,157434435,20:11:00,20:13:00,Østerport St.
2026-02-07,157435570,20:40:00,20:43:00,Flensburg
2026-02-07,157434470,20:46:00,20:48:00,Esbjerg St.
2026-02-07,157434078,20:51:00,20:53:00,Skanderborg St.
2026-02-07,157434165,21:04:00,21:06:00,Esbjerg St.
2026-02-07,157435580,21:16:00,21:18:00,Fredericia St.
2026-02-07,157434469,21:46:00,21:48:00,Esbjerg St.
2026-02-07,157434073,21:51:00,21:53:00,Aarhus H
2026-02-07,157435789,21:52:00,21:54:00,Sønderborg St.
2026-02-07,157436459,22:03:00,22:05:00,Odense St.
2026-02-07,157434161,22:04:00,22:06:00,Esbjerg St.
2026-02-07,157435564,23:17:00,23:19:00,Fredericia St.
2026-02-07,157434155,23:25:00,23:27:00,Esbjerg St.
2026-02-07,157434143,23:29:00,23:31:00,CPH Lufthavn
2026-02-07,157436456,24:03:00,24:05:00,Fredericia St.
2026-02-07,157436462,24:07:00,24:09:00,Sønderborg St.
2026-02-07,157434141,24:29:00,24:31:00,Fredericia St.
2026-02-07,157435578,4:40:00,4:43:00,Flensburg
2026-02-07,157434226,6:20:00,6:22:00,Esbjerg St.
2026-02-07,157435577,6:40:00,6:43:00,Flensburg
2026-02-07,157434133,6:51:00,6:53:00,Aarhus H
2026-02-07,157434222,7:04:00,7:06:00,Esbjerg St.
2026-02-07,157434507,7:11:00,7:13:00,Østerport St.
2026-02-07,157435586,7:16:00,7:18:00,Fredericia St.
2026-02-07,157434128,7:51:00,7:53:00,Skanderborg St.
2026-02-07,157436463,7:52:00,7:54:00,Sønderborg St.
2026-02-07,157435854,8:03:00,8:05:00,CPH Lufthavn
2026-02-07,157434216,8:04:00,8:06:00,Esbjerg St.
2026-02-07,157434483,8:11:00,8:13:00,Østerport St.
2026-02-07,157438480,8:12:00,8:15:00,Hamburg Hbf
2026-02-07,157435576,8:40:00,8:43:00,Flensburg
2026-02-07,157434467,8:46:00,8:48:00,Esbjerg St.
2026-02-07,157437088,8:53:00,8:55:00,Fredericia St.
2026-02-07,157437094,9:04:00,9:06:00,Esbjerg St.
2026-02-07,157434482,9:11:00,9:13:00,Østerport St.
2026-02-07,157435585,9:16:00,9:18:00,Fredericia St.
2026-02-07,157434463,9:46:00,9:48:00,Esbjerg St.
2026-02-07,157434124,9:51:00,9:53:00,Skanderborg St.
2026-02-07,157435815,9:52:00,9:54:00,Sønderborg St.
2026-02-08,157435850,10:03:00,10:05:00,CPH Lufthavn
2026-02-08,157434212,10:04:00,10:06:00,Esbjerg St.
2026-02-08,157434506,10:11:00,10:13:00,Østerport St.
2026-02-08,157435575,10:40:00,10:43:00,Flensburg
2026-02-08,157434478,10:46:00,10:48:00,Esbjerg St.
2026-02-08,157434119,10:51:00,10:53:00,Skanderborg St.
2026-02-08,157434207,11:04:00,11:06:00,Esbjerg St.
2026-02-08,157434505,11:11:00,11:13:00,Østerport St.
2026-02-08,157435584,11:16:00,11:18:00,Fredericia St.
2026-02-08,157438496,11:44:00,11:46:00,København H
2026-02-08,157434477,11:46:00,11:48:00,Esbjerg St.
2026-02-08,157434113,11:51:00,11:53:00,Skanderborg St.
2026-02-08,157435811,11:52:00,11:54:00,Sønderborg St.
2026-02-08,157435846,12:03:00,12:05:00,CPH Lufthavn
2026-02-08,157434201,12:04:00,12:06:00,Esbjerg St.
2026-02-08,157434504,12:11:00,12:13:00,Østerport St.
2026-02-08,157438529,12:12:00,12:15:00,Hamburg Hbf
2026-02-08,157435574,12:40:00,12:43:00,Flensburg
2026-02-08,157434465,12:46:00,12:48:00,Esbjerg St.
2026-02-08,157437086,12:53:00,12:55:00,Fredericia St.
2026-02-08,157437092,13:04:00,13:06:00,Esbjerg St.
2026-02-08,157434503,13:11:00,13:13:00,Østerport St.
2026-02-08,157435565,13:16:00,13:18:00,Fredericia St.
2026-02-08,157438515,13:44:00,13:46:00,København H
2026-02-08,157434476,13:46:00,13:48:00,Esbjerg St.
2026-02-08,157434108,13:51:00,13:53:00,Skanderborg St.
2026-02-08,157435807,13:52:00,13:54:00,Sønderborg St.
2026-02-08,157435842,14:03:00,14:05:00,CPH Lufthavn
2026-02-08,157434196,14:04:00,14:06:00,Esbjerg St.
2026-02-08,157434502,14:11:00,14:13:00,Østerport St.
2026-02-08,157435573,14:40:00,14:43:00,Flensburg
2026-02-08,157434475,14:46:00,14:48:00,Esbjerg St.
2026-02-08,157434103,14:51:00,14:53:00,Skanderborg St.
2026-02-08,157434191,15:04:00,15:06:00,Esbjerg St.
2026-02-08,157434501,15:11:00,15:13:00,Østerport St.
2026-02-08,157435583,15:16:00,15:18:00,Fredericia St.
2026-02-08,157438472,15:44:00,15:46:00,København H
2026-02-08,157434464,15:46:00,15:48:00,Esbjerg St.
2026-02-08,157434097,15:51:00,15:53:00,Skanderborg St.
2026-02-08,157435803,15:52:00,15:54:00,Sønderborg St.
2026-02-08,157435837,16:03:00,16:05:00,CPH Lufthavn
2026-02-08,157434186,16:04:00,16:06:00,Esbjerg St.
2026-02-08,157434500,16:11:00,16:13:00,Østerport St.
2026-02-08,157438505,16:12:00,16:15:00,Hamburg Hbf
2026-02-08,157435572,16:40:00,16:43:00,Flensburg
2026-02-08,157434474,16:46:00,16:48:00,Esbjerg St.
2026-02-08,157437084,16:53:00,16:55:00,Fredericia St.
2026-02-08,157437090,17:04:00,17:06:00,Esbjerg St.
2026-02-08,157434499,17:11:00,17:13:00,Østerport St.
2026-02-08,157435582,17:16:00,17:18:00,Fredericia St.
2026-02-08,157434473,17:46:00,17:48:00,Esbjerg St.
2026-02-08,157434092,17:51:00,17:53:00,Skanderborg St.
2026-02-08,157435799,17:52:00,17:54:00,Sønderborg St.
2026-02-08,157435833,18:03:00,18:05:00,CPH Lufthavn
2026-02-08,157434181,18:04:00,18:06:00,Esbjerg St.
2026-02-08,157434498,18:11:00,18:13:00,Østerport St.
2026-02-08,157438490,18:12:00,18:15:00,Hamburg Hbf
2026-02-08,157435571,18:40:00,18:43:00,Flensburg
2026-02-08,157434472,18:46:00,18:48:00,Esbjerg St.
2026-02-08,157434087,18:51:00,18:53:00,Skanderborg St.
2026-02-08,157434176,19:04:00,19:06:00,Esbjerg St.
2026-02-08,157434497,19:11:00,19:13:00,Østerport St.
2026-02-08,157435581,19:16:00,19:18:00,Fredericia St.
2026-02-08,157438487,19:44:00,19:46:00,København H
2026-02-08,157434471,19:46:00,19:48:00,Esbjerg St.
2026-02-08,157434082,19:51:00,19:53:00,Skanderborg St.
2026-02-08,157435795,19:52:00,19:54:00,Sønderborg St.
2026-02-08,157435828,20:03:00,20:05:00,CPH Lufthavn
2026-02-08,157434171,20:04:00,20:06:00,Esbjerg St.
2026-02-08,157434485,20:11:00,20:13:00,København H
2026-02-08,157435570,20:40:00,20:43:00,Flensburg
2026-02-08,157434470,20:46:00,20:48:00,Esbjerg St.
2026-02-08,157434078,20:51:00,20:53:00,Skanderborg St.
2026-02-08,157434165,21:04:00,21:06:00,Esbjerg St.
2026-02-08,157435580,21:16:00,21:18:00,Fredericia St.
2026-02-08,157434469,21:46:00,21:48:00,Esbjerg St.
2026-02-08,157434073,21:51:00,21:53:00,Aarhus H
2026-02-08,157435789,21:52:00,21:54:00,Sønderborg St.
2026-02-08,157436459,22:03:00,22:05:00,Odense St.
2026-02-08,157434161,22:04:00,22:06:00,Esbjerg St.
2026-02-08,157435564,23:17:00,23:19:00,Fredericia St.
2026-02-08,157434155,23:25:00,23:27:00,Esbjerg St.
2026-02-08,157434148,23:29:00,23:31:00,Fredericia St.
2026-02-08,157436456,24:03:00,24:05:00,Fredericia St.
2026-02-08,157436462,24:07:00,24:09:00,Sønderborg St.
2026-02-08,157434141,24:29:00,24:31:00,Fredericia St.
2026-02-08,157434226,6:20:00,6:22:00,Esbjerg St.
2026-02-08,157435577,6:40:00,6:43:00,Flensburg
2026-02-08,157434133,6:51:00,6:53:00,Aarhus H
2026-02-08,157434222,7:04:00,7:06:00,Esbjerg St.
2026-02-08,157434507,7:11:00,7:13:00,Østerport St.
2026-02-08,157434128,7:51:00,7:53:00,Skanderborg St.
2026-02-08,157436463,7:52:00,7:54:00,Sønderborg St.
2026-02-08,157435854,8:03:00,8:05:00,CPH Lufthavn
2026-02-08,157434216,8:04:00,8:06:00,Esbjerg St.
2026-02-08,157434483,8:11:00,8:13:00,Østerport St.
2026-02-08,157438480,8:12:00,8:15:00,Hamburg Hbf
2026-02-08,157435576,8:40:00,8:43:00,Flensburg
2026-02-08,157434467,8:46:00,8:48:00,Esbjerg St.
2026-02-08,157437088,8:53:00,8:55:00,Fredericia St.
2026-02-08,157437094,9:04:00,9:06:00,Esbjerg St.
2026-02-08,157434482,9:11:00,9:13:00,Østerport St.
2026-02-08,157435585,9:16:00,9:18:00,Fredericia St.
2026-02-08,157434463,9:46:00,9:48:00,Esbjerg St.
2026-02-08,157434124,9:51:00,9:53:00,Skanderborg St.
2026-02-08,157435815,9:52:00,9:54:00,Sønderborg St.
2026-02-09,157435850,10:03:00,10:05:00,CPH Lufthavn
2026-02-09,157434212,10:04:00,10:06:00,Esbjerg St.
2026-02-09,157434506,10:11:00,10:13:00,Østerport St.
2026-02-09,157435575,10:40:00,10:43:00,Flensburg
2026-02-09,157434478,10:46:00,10:48:00,Esbjerg St.
2026-02-09,157434119,10:51:00,10:53:00,Skanderborg St.
2026-02-09,157434207,11:04:00,11:06:00,Esbjerg St.
2026-02-09,157434505,11:11:00,11:13:00,Østerport St.
2026-02-09,157435584,11:16:00,11:18:00,Fredericia St.
2026-02-09,157438496,11:44:00,11:46:00,København H
2026-02-09,157434477,11:46:00,11:48:00,Esbjerg St.
2026-02-09,157434113,11:51:00,11:53:00,Skanderborg St.
2026-02-09,157435811,11:52:00,11:54:00,Sønderborg St.
2026-02-09,157435846,12:03:00,12:05:00,CPH Lufthavn
2026-02-09,157434201,12:04:00,12:06:00,Esbjerg St.
2026-02-09,157434504,12:11:00,12:13:00,Østerport St.
2026-02-09,157438529,12:12:00,12:15:00,Hamburg Hbf
2026-02-09,157435574,12:40:00,12:43:00,Flensburg
2026-02-09,157434465,12:46:00,12:48:00,Esbjerg St.
2026-02-09,157437086,12:53:00,12:55:00,Fredericia St.
2026-02-09,157437092,13:04:00,13:06:00,Esbjerg St.
2026-02-09,157434503,13:11:00,13:13:00,Østerport St.
2026-02-09,157435565,13:16:00,13:18:00,Fredericia St.
2026-02-09,157438515,13:44:00,13:46:00,København H
2026-02-09,157434476,13:46:00,13:48:00,Esbjerg St.
2026-02-09,157434108,13:51:00,13:53:00,Skanderborg St.
2026-02-09,157435807,13:52:00,13:54:00,Sønderborg St.
2026-02-09,157435842,14:03:00,14:05:00,CPH Lufthavn
2026-02-09,157434196,14:04:00,14:06:00,Esbjerg St.
2026-02-09,157434502,14:11:00,14:13:00,Østerport St.
2026-02-09,157435573,14:40:00,14:43:00,Flensburg
2026-02-09,157434475,14:46:00,14:48:00,Esbjerg St.
2026-02-09,157434103,14:51:00,14:53:00,Skanderborg St.
2026-02-09,157434191,15:04:00,15:06:00,Esbjerg St.
2026-02-09,157434501,15:11:00,15:13:00,Østerport St.
2026-02-09,157435583,15:16:00,15:18:00,Fredericia St.
2026-02-09,157438472,15:44:00,15:46:00,København H
2026-02-09,157434464,15:46:00,15:48:00,Esbjerg St.
2026-02-09,157434097,15:51:00,15:53:00,Skanderborg St.
2026-02-09,157435803,15:52:00,15:54:00,Sønderborg St.
2026-02-09,157435837,16:03:00,16:05:00,CPH Lufthavn
2026-02-09,157434186,16:04:00,16:06:00,Esbjerg St.
2026-02-09,157434500,16:11:00,16:13:00,Østerport St.
2026-02-09,157438505,16:12:00,16:15:00,Hamburg Hbf
2026-02-09,157435572,16:40:00,16:43:00,Flensburg
2026-02-09,157434474,16:46:00,16:48:00,Esbjerg St.
2026-02-09,157437084,16:53:00,16:55:00,Fredericia St.
2026-02-09,157437090,17:04:00,17:06:00,Esbjerg St.
2026-02-09,157434499,17:11:00,17:13:00,Østerport St.
2026-02-09,157435582,17:16:00,17:18:00,Fredericia St.
2026-02-09,157434473,17:46:00,17:48:00,Esbjerg St.
2026-02-09,157434092,17:51:00,17:53:00,Skanderborg St.
2026-02-09,157435799,17:52:00,17:54:00,Sønderborg St.
2026-02-09,157435833,18:03:00,18:05:00,CPH Lufthavn
2026-02-09,157434181,18:04:00,18:06:00,Esbjerg St.
2026-02-09,157434498,18:11:00,18:13:00,Østerport St.
2026-02-09,157438490,18:12:00,18:15:00,Hamburg Hbf
2026-02-09,157435571,18:40:00,18:43:00,Flensburg
2026-02-09,157434472,18:46:00,18:48:00,Esbjerg St.
2026-02-09,157434087,18:51:00,18:53:00,Skanderborg St.
2026-02-09,157434176,19:04:00,19:06:00,Esbjerg St.
2026-02-09,157434497,19:11:00,19:13:00,Østerport St.
2026-02-09,157435581,19:16:00,19:18:00,Fredericia St.
2026-02-09,157438487,19:44:00,19:46:00,København H
2026-02-09,157434471,19:46:00,19:48:00,Esbjerg St.
2026-02-09,157434082,19:51:00,19:53:00,Skanderborg St.
2026-02-09,157435795,19:52:00,19:54:00,Sønderborg St.
2026-02-09,157435828,20:03:00,20:05:00,CPH Lufthavn
2026-02-09,157434171,20:04:00,20:06:00,Esbjerg St.
2026-02-09,157434435,20:11:00,20:13:00,Østerport St.
2026-02-09,157435570,20:40:00,20:43:00,Flensburg
2026-02-09,157434470,20:46:00,20:48:00,Esbjerg St.
2026-02-09,157434078,20:51:00,20:53:00,Skanderborg St.
2026-02-09,157434165,21:04:00,21:06:00,Esbjerg St.
2026-02-09,157435580,21:16:00,21:18:00,Fredericia St.
2026-02-09,157434469,21:46:00,21:48:00,Esbjerg St.
2026-02-09,157434073,21:51:00,21:53:00,Aarhus H
2026-02-09,157435789,21:52:00,21:54:00,Sønderborg St.
2026-02-09,157436459,22:03:00,22:05:00,Odense St.
2026-02-09,157434161,22:04:00,22:06:00,Esbjerg St.
2026-02-09,157436688,22:39:00,22:39:00,Kolding St.
2026-02-09,157436685,22:49:00,22:49:00,Fredericia St.
2026-02-09,157435564,23:17:00,23:19:00,Fredericia St.
2026-02-09,157434155,23:25:00,23:27:00,Esbjerg St.
2026-02-09,157434148,23:29:00,23:31:00,Fredericia St.
2026-02-09,157436456,24:03:00,24:05:00,Fredericia St.
2026-02-09,157436462,24:07:00,24:09:00,Sønderborg St.
2026-02-09,157434141,24:29:00,24:31:00,Fredericia St.
2026-02-09,157435578,4:40:00,4:43:00,Flensburg
2026-02-09,157434510,5:11:00,5:13:00,Østerport St.
2026-02-09,157434227,5:20:00,5:22:00,Esbjerg St.
2026-02-09,157434151,5:51:00,5:53:00,Skanderborg St.
2026-02-09,157435823,5:52:00,5:54:00,Sønderborg St.
2026-02-09,157435857,6:03:00,6:05:00,CPH Lufthavn
2026-02-09,157434509,6:11:00,6:13:00,Østerport St.
2026-02-09,157434226,6:20:00,6:22:00,Esbjerg St.
2026-02-09,157435577,6:40:00,6:43:00,Flensburg
2026-02-09,157434484,6:46:00,6:48:00,Esbjerg St.
2026-02-09,157434222,7:04:00,7:06:00,Esbjerg St.
2026-02-09,157434507,7:11:00,7:13:00,Østerport St.
2026-02-09,157435586,7:16:00,7:18:00,Fredericia St.
2026-02-09,157434479,7:46:00,7:48:00,Esbjerg St.
2026-02-09,157434128,7:51:00,7:53:00,Skanderborg St.
2026-02-09,157435819,7:52:00,7:54:00,Sønderborg St.
2026-02-09,157435854,8:03:00,8:05:00,CPH Lufthavn
2026-02-09,157434216,8:04:00,8:06:00,Esbjerg St.
2026-02-09,157434483,8:11:00,8:13:00,Østerport St.
2026-02-09,157438480,8:12:00,8:15:00,Hamburg Hbf
2026-02-09,157435576,8:40:00,8:43:00,Flensburg
2026-02-09,157434468,8:46:00,8:48:00,Esbjerg St.
2026-02-09,157437088,8:53:00,8:55:00,Fredericia St.
2026-02-09,157437094,9:04:00,9:06:00,Esbjerg St.
2026-02-09,157434482,9:11:00,9:13:00,Østerport St.
2026-02-09,157435585,9:16:00,9:18:00,Fredericia St.
2026-02-09,157434466,9:46:00,9:48:00,Esbjerg St.
2026-02-09,157434124,9:51:00,9:53:00,Skanderborg St.
2026-02-09,157435815,9:52:00,9:54:00,Sønderborg St.
2026-02-10,157435850,10:03:00,10:05:00,CPH Lufthavn
2026-02-10,157434212,10:04:00,10:06:00,Esbjerg St.
2026-02-10,157434506,10:11:00,10:13:00,Østerport St.
2026-02-10,157435575,10:40:00,10:43:00,Flensburg
2026-02-10,157434478,10:46:00,10:48:00,Esbjerg St.
2026-02-10,157434119,10:51:00,10:53:00,Skanderborg St.
2026-02-10,157434207,11:04:00,11:06:00,Esbjerg St.
2026-02-10,157434505,11:11:00,11:13:00,Østerport St.
2026-02-10,157435584,11:16:00,11:18:00,Fredericia St.
2026-02-10,157438496,11:44:00,11:46:00,København H
2026-02-10,157434477,11:46:00,11:48:00,Esbjerg St.
2026-02-10,157434113,11:51:00,11:53:00,Skanderborg St.
2026-02-10,157435811,11:52:00,11:54:00,Sønderborg St.
2026-02-10,157435846,12:03:00,12:05:00,CPH Lufthavn
2026-02-10,157434201,12:04:00,12:06:00,Esbjerg St.
2026-02-10,157434504,12:11:00,12:13:00,Østerport St.
2026-02-10,157438529,12:12:00,12:15:00,Hamburg Hbf
2026-02-10,157435574,12:40:00,12:43:00,Flensburg
2026-02-10,157434465,12:46:00,12:48:00,Esbjerg St.
2026-02-10,157437086,12:53:00,12:55:00,Fredericia St.
2026-02-10,157437092,13:04:00,13:06:00,Esbjerg St.
2026-02-10,157434503,13:11:00,13:13:00,Østerport St.
2026-02-10,157435565,13:16:00,13:18:00,Fredericia St.
2026-02-10,157438515,13:44:00,13:46:00,København H
2026-02-10,157434476,13:46:00,13:48:00,Esbjerg St.
2026-02-10,157434108,13:51:00,13:53:00,Skanderborg St.
2026-02-10,157435807,13:52:00,13:54:00,Sønderborg St.
2026-02-10,157435842,14:03:00,14:05:00,CPH Lufthavn
2026-02-10,157434196,14:04:00,14:06:00,Esbjerg St.
2026-02-10,157434502,14:11:00,14:13:00,Østerport St.
2026-02-10,157435573,14:40:00,14:43:00,Flensburg
2026-02-10,157434475,14:46:00,14:48:00,Esbjerg St.
2026-02-10,157434103,14:51:00,14:53:00,Skanderborg St.
2026-02-10,157434191,15:04:00,15:06:00,Esbjerg St.
2026-02-10,157434501,15:11:00,15:13:00,Østerport St.
2026-02-10,157435583,15:16:00,15:18:00,Fredericia St.
2026-02-10,157438472,15:44:00,15:46:00,København H
2026-02-10,157434464,15:46:00,15:48:00,Esbjerg St.
2026-02-10,157434097,15:51:00,15:53:00,Skanderborg St.
2026-02-10,157435803,15:52:00,15:54:00,Sønderborg St.
2026-02-10,157435837,16:03:00,16:05:00,CPH Lufthavn
2026-02-10,157434186,16:04:00,16:06:00,Esbjerg St.
2026-02-10,157434500,16:11:00,16:13:00,Østerport St.
2026-02-10,157438505,16:12:00,16:15:00,Hamburg Hbf
2026-02-10,157435572,16:40:00,16:43:00,Flensburg
2026-02-10,157434474,16:46:00,16:48:00,Esbjerg St.
2026-02-10,157437084,16:53:00,16:55:00,Fredericia St.
2026-02-10,157437090,17:04:00,17:06:00,Esbjerg St.
2026-02-10,157434499,17:11:00,17:13:00,Østerport St.
2026-02-10,157435582,17:16:00,17:18:00,Fredericia St.
2026-02-10,157434473,17:46:00,17:48:00,Esbjerg St.
2026-02-10,157434092,17:51:00,17:53:00,Skanderborg St.
2026-02-10,157435799,17:52:00,17:54:00,Sønderborg St.
2026-02-10,157435833,18:03:00,18:05:00,CPH Lufthavn
2026-02-10,157434181,18:04:00,18:06:00,Esbjerg St.
2026-02-10,157434498,18:11:00,18:13:00,Østerport St.
2026-02-10,157438490,18:12:00,18:15:00,Hamburg Hbf
2026-02-10,157435571,18:40:00,18:43:00,Flensburg
2026-02-10,157434472,18:46:00,18:48:00,Esbjerg St.
2026-02-10,157434087,18:51:00,18:53:00,Skanderborg St.
2026-02-10,157434176,19:04:00,19:06:00,Esbjerg St.
2026-02-10,157434497,19:11:00,19:13:00,Østerport St.
2026-02-10,157435581,19:16:00,19:18:00,Fredericia St.
2026-02-10,157438487,19:44:00,19:46:00,København H
2026-02-10,157434471,19:46:00,19:48:00,Esbjerg St.
2026-02-10,157434082,19:51:00,19:53:00,Skanderborg St.
2026-02-10,157435795,19:52:00,19:54:00,Sønderborg St.
2026-02-10,157435828,20:03:00,20:05:00,CPH Lufthavn
2026-02-10,157434171,20:04:00,20:06:00,Esbjerg St.
2026-02-10,157434435,20:11:00,20:13:00,Østerport St.
2026-02-10,157435570,20:40:00,20:43:00,Flensburg
2026-02-10,157434470,20:46:00,20:48:00,Esbjerg St.
2026-02-10,157434078,20:51:00,20:53:00,Skanderborg St.
2026-02-10,157434165,21:04:00,21:06:00,Esbjerg St.
2026-02-10,157435580,21:16:00,21:18:00,Fredericia St.
2026-02-10,157434469,21:46:00,21:48:00,Esbjerg St.
2026-02-10,157434073,21:51:00,21:53:00,Aarhus H
2026-02-10,157435789,21:52:00,21:54:00,Sønderborg St.
2026-02-10,157436459,22:03:00,22:05:00,Odense St.
2026-02-10,157434161,22:04:00,22:06:00,Esbjerg St.
2026-02-10,157436688,22:39:00,22:39:00,Kolding St.
2026-02-10,157436685,22:49:00,22:49:00,Fredericia St.
2026-02-10,157435564,23:17:00,23:19:00,Fredericia St.
2026-02-10,157434155,23:25:00,23:27:00,Esbjerg St.
2026-02-10,157434148,23:29:00,23:31:00,Fredericia St.
2026-02-10,157436456,24:03:00,24:05:00,Fredericia St.
2026-02-10,157436462,24:07:00,24:09:00,Sønderborg St.
2026-02-10,157434141,24:29:00,24:31:00,Fredericia St.
2026-02-10,157435578,4:40:00,4:43:00,Flensburg
2026-02-10,157434510,5:11:00,5:13:00,Østerport St.
2026-02-10,157434227,5:20:00,5:22:00,Esbjerg St.
2026-02-10,157434151,5:51:00,5:53:00,Skanderborg St.
2026-02-10,157435823,5:52:00,5:54:00,Sønderborg St.
2026-02-10,157435857,6:03:00,6:05:00,CPH Lufthavn
2026-02-10,157434509,6:11:00,6:13:00,Østerport St.
2026-02-10,157434226,6:20:00,6:22:00,Esbjerg St.
2026-02-10,157435577,6:40:00,6:43:00,Flensburg
2026-02-10,157434484,6:46:00,6:48:00,Esbjerg St.
2026-02-10,157434134,6:51:00,6:53:00,Skanderborg St.
2026-02-10,157434222,7:04:00,7:06:00,Esbjerg St.
2026-02-10,157434507,7:11:00,7:13:00,Østerport St.
2026-02-10,157435586,7:16:00,7:18:00,Fredericia St.
2026-02-10,157434479,7:46:00,7:48:00,Esbjerg St.
2026-02-10,157434128,7:51:00,7:53:00,Skanderborg St.
2026-02-10,157435819,7:52:00,7:54:00,Sønderborg St.
2026-02-10,157435854,8:03:00,8:05:00,CPH Lufthavn
2026-02-10,157434216,8:04:00,8:06:00,Esbjerg St.
2026-02-10,157434483,8:11:00,8:13:00,Østerport St.
2026-02-10,157438480,8:12:00,8:15:00,Hamburg Hbf
2026-02-10,157435576,8:40:00,8:43:00,Flensburg
2026-02-10,157434468,8:46:00,8:48:00,Esbjerg St.
2026-02-10,157437088,8:53:00,8:55:00,Fredericia St.
2026-02-10,157437094,9:04:00,9:06:00,Esbjerg St.
2026-02-10,157434482,9:11:00,9:13:00,Østerport St.
2026-02-10,157435585,9:16:00,9:18:00,Fredericia St.
2026-02-10,157434466,9:46:00,9:48:00,Esbjerg St.
2026-02-10,157434124,9:51:00,9:53:00,Skanderborg St.
2026-02-10,157435815,9:52:00,9:54:00,Sønderborg St.
2026-02-11,157435850,10:03:00,10:05:00,CPH Lufthavn
2026-02-11,157434212,10:04:00,10:06:00,Esbjerg St.
2026-02-11,157434506,10:11:00,10:13:00,Østerport St.
2026-02-11,157435575,10:40:00,10:43:00,Flensburg
2026-02-11,157434478,10:46:00,10:48:00,Esbjerg St.
2026-02-11,157434119,10:51:00,10:53:00,Skanderborg St.
2026-02-11,157434207,11:04:00,11:06:00,Esbjerg St.
2026-02-11,157434505,11:11:00,11:13:00,Østerport St.
2026-02-11,157435584,11:16:00,11:18:00,Fredericia St.
2026-02-11,157438496,11:44:00,11:46:00,København H
2026-02-11,157434477,11:46:00,11:48:00,Esbjerg St.
2026-02-11,157434113,11:51:00,11:53:00,Skanderborg St.
2026-02-11,157435811,11:52:00,11:54:00,Sønderborg St.
2026-02-11,157435846,12:03:00,12:05:00,CPH Lufthavn
2026-02-11,157434201,12:04:00,12:06:00,Esbjerg St.
2026-02-11,157434504,12:11:00,12:13:00,Østerport St.
2026-02-11,157438529,12:12:00,12:15:00,Hamburg Hbf
2026-02-11,157435574,12:40:00,12:43:00,Flensburg
2026-02-11,157434465,12:46:00,12:48:00,Esbjerg St.
2026-02-11,157437086,12:53:00,12:55:00,Fredericia St.
2026-02-11,157437092,13:04:00,13:06:00,Esbjerg St.
2026-02-11,157434503,13:11:00,13:13:00,Østerport St.
2026-02-11,157435565,13:16:00,13:18:00,Fredericia St.
2026-02-11,157438515,13:44:00,13:46:00,København H
2026-02-11,157434476,13:46:00,13:48:00,Esbjerg St.
2026-02-11,157434108,13:51:00,13:53:00,Skanderborg St.
2026-02-11,157435807,13:52:00,13:54:00,Sønderborg St.
2026-02-11,157435842,14:03:00,14:05:00,CPH Lufthavn
2026-02-11,157434196,14:04:00,14:06:00,Esbjerg St.
2026-02-11,157434502,14:11:00,14:13:00,Østerport St.
2026-02-11,157435573,14:40:00,14:43:00,Flensburg
2026-02-11,157434475,14:46:00,14:48:00,Esbjerg St.
2026-02-11,157434103,14:51:00,14:53:00,Skanderborg St.
2026-02-11,157434191,15:04:00,15:06:00,Esbjerg St.
2026-02-11,157434501,15:11:00,15:13:00,Østerport St.
2026-02-11,157435583,15:16:00,15:18:00,Fredericia St.
2026-02-11,157438472,15:44:00,15:46:00,København H
2026-02-11,157434464,15:46:00,15:48:00,Esbjerg St.
2026-02-11,157434097,15:51:00,15:53:00,Skanderborg St.
2026-02-11,157435803,15:52:00,15:54:00,Sønderborg St.
2026-02-11,157435837,16:03:00,16:05:00,CPH Lufthavn
2026-02-11,157434186,16:04:00,16:06:00,Esbjerg St.
2026-02-11,157434500,16:11:00,16:13:00,Østerport St.
2026-02-11,157438505,16:12:00,16:15:00,Hamburg Hbf
2026-02-11,157435572,16:40:00,16:43:00,Flensburg
2026-02-11,157434474,16:46:00,16:48:00,Esbjerg St.
2026-02-11,157437084,16:53:00,16:55:00,Fredericia St.
2026-02-11,157437090,17:04:00,17:06:00,Esbjerg St.
2026-02-11,157434499,17:11:00,17:13:00,Østerport St.
2026-02-11,157435582,17:16:00,17:18:00,Fredericia St.
2026-02-11,157434473,17:46:00,17:48:00,Esbjerg St.
2026-02-11,157434092,17:51:00,17:53:00,Skanderborg St.
2026-02-11,157435799,17:52:00,17:54:00,Sønderborg St.
2026-02-11,157435833,18:03:00,18:05:00,CPH Lufthavn
2026-02-11,157434181,18:04:00,18:06:00,Esbjerg St.
2026-02-11,157434498,18:11:00,18:13:00,Østerport St.
2026-02-11,157438490,18:12:00,18:15:00,Hamburg Hbf
2026-02-11,157435571,18:40:00,18:43:00,Flensburg
2026-02-11,157434472,18:46:00,18:48:00,Esbjerg St.
2026-02-11,157434087,18:51:00,18:53:00,Skanderborg St.
2026-02-11,157434176,19:04:00,19:06:00,Esbjerg St.
2026-02-11,157434497,19:11:00,19:13:00,Østerport St.
2026-02-11,157435581,19:16:00,19:18:00,Fredericia St.
2026-02-11,157438487,19:44:00,19:46:00,København H
2026-02-11,157434471,19:46:00,19:48:00,Esbjerg St.
2026-02-11,157434082,19:51:00,19:53:00,Skanderborg St.
2026-02-11,157435795,19:52:00,19:54:00,Sønderborg St.
2026-02-11,157435828,20:03:00,20:05:00,CPH Lufthavn
2026-02-11,157434171,20:04:00,20:06:00,Esbjerg St.
2026-02-11,157434435,20:11:00,20:13:00,Østerport St.
2026-02-11,157435570,20:40:00,20:43:00,Flensburg
2026-02-11,157434470,20:46:00,20:48:00,Esbjerg St.
2026-02-11,157434078,20:51:00,20:53:00,Skanderborg St.
2026-02-11,157434165,21:04:00,21:06:00,Esbjerg St.
2026-02-11,157435580,21:16:00,21:18:00,Fredericia St.
2026-02-11,157434469,21:46:00,21:48:00,Esbjerg St.
2026-02-11,157434073,21:51:00,21:53:00,Aarhus H
2026-02-11,157435789,21:52:00,21:54:00,Sønderborg St.
2026-02-11,157436459,22:03:00,22:05:00,Odense St.
2026-02-11,157434161,22:04:00,22:06:00,Esbjerg St.
2026-02-11,157436688,22:39:00,22:39:00,Kolding St.
2026-02-11,157436685,22:49:00,22:49:00,Fredericia St.
2026-02-11,157435564,23:17:00,23:19:00,Fredericia St.
2026-02-11,157434155,23:25:00,23:27:00,Esbjerg St.
2026-02-11,157434148,23:29:00,23:31:00,Fredericia St.
2026-02-11,157436456,24:03:00,24:05:00,Fredericia St.
2026-02-11,157436462,24:07:00,24:09:00,Sønderborg St.
2026-02-11,157434141,24:29:00,24:31:00,Fredericia St.
2026-02-11,157435578,4:40:00,4:43:00,Flensburg
2026-02-11,157434510,5:11:00,5:13:00,Østerport St.
2026-02-11,157434227,5:20:00,5:22:00,Esbjerg St.
2026-02-11,157434151,5:51:00,5:53:00,Skanderborg St.
2026-02-11,157435823,5:52:00,5:54:00,Sønderborg St.
2026-02-11,157435857,6:03:00,6:05:00,CPH Lufthavn
2026-02-11,157434509,6:11:00,6:13:00,Østerport St.
2026-02-11,157434226,6:20:00,6:22:00,Esbjerg St.
2026-02-11,157435577,6:40:00,6:43:00,Flensburg
2026-02-11,157434484,6:46:00,6:48:00,Esbjerg St.
2026-02-11,157434134,6:51:00,6:53:00,Skanderborg St.
2026-02-11,157434222,7:04:00,7:06:00,Esbjerg St.
2026-02-11,157434507,7:11:00,7:13:00,Østerport St.
2026-02-11,157435586,7:16:00,7:18:00,Fredericia St.
2026-02-11,157434479,7:46:00,7:48:00,Esbjerg St.
2026-02-11,157434128,7:51:00,7:53:00,Skanderborg St.
2026-02-11,157435819,7:52:00,7:54:00,Sønderborg St.
2026-02-11,157435854,8:03:00,8:05:00,CPH Lufthavn
2026-02-11,157434216,8:04:00,8:06:00,Esbjerg St.
2026-02-11,157434483,8:11:00,8:13:00,Østerport St.
2026-02-11,157438480,8:12:00,8:15:00,Hamburg Hbf
2026-02-11,157435576,8:40:00,8:43:00,Flensburg
2026-02-11,157434468,8:46:00,8:48:00,Esbjerg St.
2026-02-11,157437088,8:53:00,8:55:00,Fredericia St.
2026-02-11,157437094,9:04:00,9:06:00,Esbjerg St.
2026-02-11,157434482,9:11:00,9:13:00,Østerport St.
2026-02-11,157435585,9:16:00,9:18:00,Fredericia St.
2026-02-11,157434466,9:46:00,9:48:00,Esbjerg St.
2026-02-11,157434124,9:51:00,9:53:00,Skanderborg St.
2026-02-11,157435815,9:52:00,9:54:00,Sønderborg St.
2026-02-12,157435850,10:03:00,10:05:00,CPH Lufthavn
2026-02-12,157434212,10:04:00,10:06:00,Esbjerg St.
2026-02-12,157434506,10:11:00,10:13:00,Østerport St.
2026-02-12,157435575,10:40:00,10:43:00,Flensburg
2026-02-12,157434478,10:46:00,10:48:00,Esbjerg St.
2026-02-12,157434119,10:51:00,10:53:00,Skanderborg St.
2026-02-12,157434207,11:04:00,11:06:00,Esbjerg St.
2026-02-12,157434505,11:11:00,11:13:00,Østerport St.
2026-02-12,157435584,11:16:00,11:18:00,Fredericia St.
2026-02-12,157438496,11:44:00,11:46:00,København H
2026-02-12,157434477,11:46:00,11:48:00,Esbjerg St.
2026-02-12,157434113,11:51:00,11:53:00,Skanderborg St.
2026-02-12,157435811,11:52:00,11:54:00,Sønderborg St.
2026-02-12,157435846,12:03:00,12:05:00,CPH Lufthavn
2026-02-12,157434201,12:04:00,12:06:00,Esbjerg St.
2026-02-12,157434504,12:11:00,12:13:00,Østerport St.
2026-02-12,157438529,12:12:00,12:15:00,Hamburg Hbf
2026-02-12,157435574,12:40:00,12:43:00,Flensburg
2026-02-12,157434465,12:46:00,12:48:00,Esbjerg St.
2026-02-12,157437086,12:53:00,12:55:00,Fredericia St.
2026-02-12,157437092,13:04:00,13:06:00,Esbjerg St.
2026-02-12,157434503,13:11:00,13:13:00,Østerport St.
2026-02-12,157435565,13:16:00,13:18:00,Fredericia St.
2026-02-12,157438515,13:44:00,13:46:00,København H
2026-02-12,157434476,13:46:00,13:48:00,Esbjerg St.
2026-02-12,157434108,13:51:00,13:53:00,Skanderborg St.
2026-02-12,157435807,13:52:00,13:54:00,Sønderborg St.
2026-02-12,157435842,14:03:00,14:05:00,CPH Lufthavn
2026-02-12,157434196,14:04:00,14:06:00,Esbjerg St.
2026-02-12,157434502,14:11:00,14:13:00,Østerport St.
2026-02-12,157435573,14:40:00,14:43:00,Flensburg
2026-02-12,157434475,14:46:00,14:48:00,Esbjerg St.
2026-02-12,157434103,14:51:00,14:53:00,Skanderborg St.
2026-02-12,157434191,15:04:00,15:06:00,Esbjerg St.
2026-02-12,157434501,15:11:00,15:13:00,Østerport St.
2026-02-12,157435583,15:16:00,15:18:00,Fredericia St.
2026-02-12,157438472,15:44:00,15:46:00,København H
2026-02-12,157434464,15:46:00,15:48:00,Esbjerg St.
2026-02-12,157434097,15:51:00,15:53:00,Skanderborg St.
2026-02-12,157435803,15:52:00,15:54:00,Sønderborg St.
2026-02-12,157435837,16:03:00,16:05:00,CPH Lufthavn
2026-02-12,157434186,16:04:00,16:06:00,Esbjerg St.
2026-02-12,157434500,16:11:00,16:13:00,Østerport St.
2026-02-12,157438505,16:12:00,16:15:00,Hamburg Hbf
2026-02-12,157435572,16:40:00,16:43:00,Flensburg
2026-02-12,157434474,16:46:00,16:48:00,Esbjerg St.
2026-02-12,157437084,16:53:00,16:55:00,Fredericia St.
2026-02-12,157437090,17:04:00,17:06:00,Esbjerg St.
2026-02-12,157434499,17:11:00,17:13:00,Østerport St.
2026-02-12,157435582,17:16:00,17:18:00,Fredericia St.
2026-02-12,157434473,17:46:00,17:48:00,Esbjerg St.
2026-02-12,157434092,17:51:00,17:53:00,Skanderborg St.
2026-02-12,157435799,17:52:00,17:54:00,Sønderborg St.
2026-02-12,157435833,18:03:00,18:05:00,CPH Lufthavn
2026-02-12,157434181,18:04:00,18:06:00,Esbjerg St.
2026-02-12,157434498,18:11:00,18:13:00,Østerport St.
2026-02-12,157438490,18:12:00,18:15:00,Hamburg Hbf
2026-02-12,157435571,18:40:00,18:43:00,Flensburg
2026-02-12,157434472,18:46:00,18:48:00,Esbjerg St.
2026-02-12,157434087,18:51:00,18:53:00,Skanderborg St.
2026-02-12,157434176,19:04:00,19:06:00,Esbjerg St.
2026-02-12,157434497,19:11:00,19:13:00,Østerport St.
2026-02-12,157435581,19:16:00,19:18:00,Fredericia St.
2026-02-12,157438487,19:44:00,19:46:00,København H
2026-02-12,157434471,19:46:00,19:48:00,Esbjerg St.
2026-02-12,157434082,19:51:00,19:53:00,Skanderborg St.
2026-02-12,157435795,19:52:00,19:54:00,Sønderborg St.
2026-02-12,157435828,20:03:00,20:05:00,CPH Lufthavn
2026-02-12,157434171,20:04:00,20:06:00,Esbjerg St.
2026-02-12,157434435,20:11:00,20:13:00,Østerport St.
2026-02-12,157435570,20:40:00,20:43:00,Flensburg
2026-02-12,157434470,20:46:00,20:48:00,Esbjerg St.
2026-02-12,157434078,20:51:00,20:53:00,Skanderborg St.
2026-02-12,157434165,21:04:00,21:06:00,Esbjerg St.
2026-02-12,157435580,21:16:00,21:18:00,Fredericia St.
2026-02-12,157434469,21:46:00,21:48:00,Esbjerg St.
2026-02-12,157434073,21:51:00,21:53:00,Aarhus H
2026-02-12,157435789,21:52:00,21:54:00,Sønderborg St.
2026-02-12,157436459,22:03:00,22:05:00,Odense St.
2026-02-12,157434161,22:04:00,22:06:00,Esbjerg St.
2026-02-12,157436688,22:39:00,22:39:00,Kolding St.
2026-02-12,157436685,22:49:00,22:49:00,Fredericia St.
2026-02-12,157435564,23:17:00,23:19:00,Fredericia St.
2026-02-12,157434155,23:25:00,23:27:00,Esbjerg St.
2026-02-12,157434148,23:29:00,23:31:00,Fredericia St.
2026-02-12,157436456,24:03:00,24:05:00,Fredericia St.
2026-02-12,157436462,24:07:00,24:09:00,Sønderborg St.
2026-02-12,157434141,24:29:00,24:31:00,Fredericia St.
2026-02-12,157435578,4:40:00,4:43:00,Flensburg
2026-02-12,157434510,5:11:00,5:13:00,Østerport St.
2026-02-12,157434227,5:20:00,5:22:00,Esbjerg St.
2026-02-12,157434151,5:51:00,5:53:00,Skanderborg St.
2026-02-12,157435823,5:52:00,5:54:00,Sønderborg St.
2026-02-12,157435857,6:03:00,6:05:00,CPH Lufthavn
2026-02-12,157434509,6:11:00,6:13:00,Østerport St.
2026-02-12,157434226,6:20:00,6:22:00,Esbjerg St.
2026-02-12,157435577,6:40:00,6:43:00,Flensburg
2026-02-12,157434484,6:46:00,6:48:00,Esbjerg St.
2026-02-12,157434134,6:51:00,6:53:00,Skanderborg St.
2026-02-12,157434222,7:04:00,7:06:00,Esbjerg St.
2026-02-12,157434507,7:11:00,7:13:00,Østerport St.
2026-02-12,157435586,7:16:00,7:18:00,Fredericia St.
2026-02-12,157434479,7:46:00,7:48:00,Esbjerg St.
2026-02-12,157434128,7:51:00,7:53:00,Skanderborg St.
2026-02-12,157435819,7:52:00,7:54:00,Sønderborg St.
2026-02-12,157435854,8:03:00,8:05:00,CPH Lufthavn
2026-02-12,157434216,8:04:00,8:06:00,Esbjerg St.
2026-02-12,157434483,8:11:00,8:13:00,Østerport St.
2026-02-12,157438480,8:12:00,8:15:00,Hamburg Hbf
2026-02-12,157435576,8:40:00,8:43:00,Flensburg
2026-02-12,157434468,8:46:00,8:48:00,Esbjerg St.
2026-02-12,157437088,8:53:00,8:55:00,Fredericia St.
2026-02-12,157437094,9:04:00,9:06:00,Esbjerg St.
2026-02-12,157434482,9:11:00,9:13:00,Østerport St.
2026-02-12,157435585,9:16:00,9:18:00,Fredericia St.
2026-02-12,157434466,9:46:00,9:48:00,Esbjerg St.
2026-02-12,157434124,9:51:00,9:53:00,Skanderborg St.
2026-02-12,157435815,9:52:00,9:54:00,Sønderborg St.
2026-02-13,157435850,10:03:00,10:05:00,CPH Lufthavn
2026-02-13,157434212,10:04:00,10:06:00,Esbjerg St.
2026-02-13,157434506,10:11:00,10:13:00,Østerport St.
2026-02-13,157435575,10:40:00,10:43:00,Flensburg
2026-02-13,157434478,10:46:00,10:48:00,Esbjerg St.
2026-02-13,157434119,10:51:00,10:53:00,Skanderborg St.
2026-02-13,157434207,11:04:00,11:06:00,Esbjerg St.
2026-02-13,157434505,11:11:00,11:13:00,Østerport St.
2026-02-13,157435584,11:16:00,11:18:00,Fredericia St.
2026-02-13,157438496,11:44:00,11:46:00,København H
2026-02-13,157434477,11:46:00,11:48:00,Esbjerg St.
2026-02-13,157434113,11:51:00,11:53:00,Skanderborg St.
2026-02-13,157435811,11:52:00,11:54:00,Sønderborg St.
2026-02-13,157435846,12:03:00,12:05:00,CPH Lufthavn
2026-02-13,157434201,12:04:00,12:06:00,Esbjerg St.
2026-02-13,157434504,12:11:00,12:13:00,Østerport St.
2026-02-13,157438529,12:12:00,12:15:00,Hamburg Hbf
2026-02-13,157435574,12:40:00,12:43:00,Flensburg
2026-02-13,157434465,12:46:00,12:48:00,Esbjerg St.
2026-02-13,157437086,12:53:00,12:55:00,Fredericia St.
2026-02-13,157437092,13:04:00,13:06:00,Esbjerg St.
2026-02-13,157434503,13:11:00,13:13:00,Østerport St.
2026-02-13,157435565,13:16:00,13:18:00,Fredericia St.
2026-02-13,157438515,13:44:00,13:46:00,København H
2026-02-13,157434476,13:46:00,13:48:00,Esbjerg St.
2026-02-13,157434108,13:51:00,13:53:00,Skanderborg St.
2026-02-13,157435807,13:52:00,13:54:00,Sønderborg St.
2026-02-13,157435842,14:03:00,14:05:00,CPH Lufthavn
2026-02-13,157434196,14:04:00,14:06:00,Esbjerg St.
2026-02-13,157434502,14:11:00,14:13:00,Østerport St.
2026-02-13,157435573,14:40:00,14:43:00,Flensburg
2026-02-13,157434475,14:46:00,14:48:00,Esbjerg St.
2026-02-13,157434103,14:51:00,14:53:00,Skanderborg St.
2026-02-13,157434191,15:04:00,15:06:00,Esbjerg St.
2026-02-13,157434501,15:11:00,15:13:00,Østerport St.
2026-02-13,157435583,15:16:00,15:18:00,Fredericia St.
2026-02-13,157438472,15:44:00,15:46:00,København H
2026-02-13,157434464,15:46:00,15:48:00,Esbjerg St.
2026-02-13,157434097,15:51:00,15:53:00,Skanderborg St.
2026-02-13,157435803,15:52:00,15:54:00,Sønderborg St.
2026-02-13,157435837,16:03:00,16:05:00,CPH Lufthavn
2026-02-13,157434186,16:04:00,16:06:00,Esbjerg St.
2026-02-13,157434500,16:11:00,16:13:00,Østerport St.
2026-02-13,157438505,16:12:00,16:15:00,Hamburg Hbf
2026-02-13,157435572,16:40:00,16:43:00,Flensburg
2026-02-13,157434474,16:46:00,16:48:00,Esbjerg St.
2026-02-13,157437084,16:53:00,16:55:00,Fredericia St.
2026-02-13,157437090,17:04:00,17:06:00,Esbjerg St.
2026-02-13,157434499,17:11:00,17:13:00,Østerport St.
2026-02-13,157435582,17:16:00,17:18:00,Fredericia St.
2026-02-13,157434473,17:46:00,17:48:00,Esbjerg St.
2026-02-13,157434092,17:51:00,17:53:00,Skanderborg St.
2026-02-13,157435799,17:52:00,17:54:00,Sønderborg St.
2026-02-13,157435833,18:03:00,18:05:00,CPH Lufthavn
2026-02-13,157434181,18:04:00,18:06:00,Esbjerg St.
2026-02-13,157434498,18:11:00,18:13:00,Østerport St.
2026-02-13,157438490,18:12:00,18:15:00,Hamburg Hbf
2026-02-13,157435571,18:40:00,18:43:00,Flensburg
2026-02-13,157434472,18:46:00,18:48:00,Esbjerg St.
2026-02-13,157434087,18:51:00,18:53:00,Skanderborg St.
2026-02-13,157434176,19:04:00,19:06:00,Esbjerg St.
2026-02-13,157434497,19:11:00,19:13:00,Østerport St.
2026-02-13,157435581,19:16:00,19:18:00,Fredericia St.
2026-02-13,157438487,19:44:00,19:46:00,København H
2026-02-13,157434471,19:46:00,19:48:00,Esbjerg St.
2026-02-13,157434082,19:51:00,19:53:00,Skanderborg St.
2026-02-13,157435795,19:52:00,19:54:00,Sønderborg St.
2026-02-13,157435828,20:03:00,20:05:00,CPH Lufthavn
2026-02-13,157434171,20:04:00,20:06:00,Esbjerg St.
2026-02-13,157434435,20:11:00,20:13:00,Østerport St.
2026-02-13,157435570,20:40:00,20:43:00,Flensburg
2026-02-13,157434470,20:46:00,20:48:00,Esbjerg St.
2026-02-13,157434078,20:51:00,20:53:00,Skanderborg St.
2026-02-13,157434165,21:04:00,21:06:00,Esbjerg St.
2026-02-13,157435580,21:16:00,21:18:00,Fredericia St.
2026-02-13,157434469,21:46:00,21:48:00,Esbjerg St.
2026-02-13,157434073,21:51:00,21:53:00,Aarhus H
2026-02-13,157435789,21:52:00,21:54:00,Sønderborg St.
2026-02-13,157436459,22:03:00,22:05:00,Odense St.
2026-02-13,157434161,22:04:00,22:06:00,Esbjerg St.
2026-02-13,157436688,22:39:00,22:39:00,Kolding St.
2026-02-13,157436685,22:49:00,22:49:00,Fredericia St.
2026-02-13,157435564,23:17:00,23:19:00,Fredericia St.
2026-02-13,157434155,23:25:00,23:27:00,Esbjerg St.
2026-02-13,157434143,23:29:00,23:31:00,CPH Lufthavn
2026-02-13,157436456,24:03:00,24:05:00,Fredericia St.
2026-02-13,157436462,24:07:00,24:09:00,Sønderborg St.
2026-02-13,157434141,24:29:00,24:31:00,Fredericia St.
2026-02-13,157435578,4:40:00,4:43:00,Flensburg
2026-02-13,157434510,5:11:00,5:13:00,Østerport St.
2026-02-13,157434227,5:20:00,5:22:00,Esbjerg St.
2026-02-13,157434151,5:51:00,5:53:00,Skanderborg St.
2026-02-13,157435823,5:52:00,5:54:00,Sønderborg St.
2026-02-13,157435857,6:03:00,6:05:00,CPH Lufthavn
2026-02-13,157434509,6:11:00,6:13:00,Østerport St.
2026-02-13,157434226,6:20:00,6:22:00,Esbjerg St.
2026-02-13,157435577,6:40:00,6:43:00,Flensburg
2026-02-13,157434484,6:46:00,6:48:00,Esbjerg St.
2026-02-13,157434134,6:51:00,6:53:00,Skanderborg St.
2026-02-13,157434222,7:04:00,7:06:00,Esbjerg St.
2026-02-13,157434507,7:11:00,7:13:00,Østerport St.
2026-02-13,157435586,7:16:00,7:18:00,Fredericia St.
2026-02-13,157434479,7:46:00,7:48:00,Esbjerg St.
2026-02-13,157434128,7:51:00,7:53:00,Skanderborg St.
2026-02-13,157435819,7:52:00,7:54:00,Sønderborg St.
2026-02-13,157435854,8:03:00,8:05:00,CPH Lufthavn
2026-02-13,157434216,8:04:00,8:06:00,Esbjerg St.
2026-02-13,157434483,8:11:00,8:13:00,Østerport St.
2026-02-13,157438480,8:12:00,8:15:00,Hamburg Hbf
2026-02-13,157435576,8:40:00,8:43:00,Flensburg
2026-02-13,157434468,8:46:00,8:48:00,Esbjerg St.
2026-02-13,157437088,8:53:00,8:55:00,Fredericia St.
2026-02-13,157437094,9:04:00,9:06:00,Esbjerg St.
2026-02-13,157434482,9:11:00,9:13:00,Østerport St.
2026-02-13,157435585,9:16:00,9:18:00,Fredericia St.
2026-02-13,157434466,9:46:00,9:48:00,Esbjerg St.
2026-02-13,157434124,9:51:00,9:53:00,Skanderborg St.
2026-02-13,157435815,9:52:00,9:54:00,Sønderborg St.
2026-02-14,157435850,10:03:00,10:05:00,CPH Lufthavn
2026-02-14,157434212,10:04:00,10:06:00,Esbjerg St.
2026-02-14,157434506,10:11:00,10:13:00,Østerport St.
2026-02-14,157435575,10:40:00,10:43:00,Flensburg
2026-02-14,157434478,10:46:00,10:48:00,Esbjerg St.
2026-02-14,157434119,10:51:00,10:53:00,Skanderborg St.
2026-02-14,157434207,11:04:00,11:06:00,Esbjerg St.
2026-02-14,157434505,11:11:00,11:13:00,Østerport St.
2026-02-14,157435584,11:16:00,11:18:00,Fredericia St.
2026-02-14,157438496,11:44:00,11:46:00,København H
2026-02-14,157434477,11:46:00,11:48:00,Esbjerg St.
2026-02-14,157434113,11:51:00,11:53:00,Skanderborg St.
2026-02-14,157435811,11:52:00,11:54:00,Sønderborg St.
2026-02-14,157435846,12:03:00,12:05:00,CPH Lufthavn
2026-02-14,157434201,12:04:00,12:06:00,Esbjerg St.
2026-02-14,157434504,12:11:00,12:13:00,Østerport St.
2026-02-14,157438529,12:12:00,12:15:00,Hamburg Hbf
2026-02-14,157435574,12:40:00,12:43:00,Flensburg
2026-02-14,157434465,12:46:00,12:48:00,Esbjerg St.
2026-02-14,157437086,12:53:00,12:55:00,Fredericia St.
2026-02-14,157437092,13:04:00,13:06:00,Esbjerg St.
2026-02-14,157434503,13:11:00,13:13:00,Østerport St.
2026-02-14,157435565,13:16:00,13:18:00,Fredericia St.
2026-02-14,157438515,13:44:00,13:46:00,København H
2026-02-14,157434476,13:46:00,13:48:00,Esbjerg St.
2026-02-14,157434108,13:51:00,13:53:00,Skanderborg St.
2026-02-14,157435807,13:52:00,13:54:00,Sønderborg St.
2026-02-14,157435842,14:03:00,14:05:00,CPH Lufthavn
2026-02-14,157434196,14:04:00,14:06:00,Esbjerg St.
2026-02-14,157434502,14:11:00,14:13:00,Østerport St.
2026-02-14,157435573,14:40:00,14:43:00,Flensburg
2026-02-14,157434475,14:46:00,14:48:00,Esbjerg St.
2026-02-14,157434103,14:51:00,14:53:00,Skanderborg St.
2026-02-14,157434191,15:04:00,15:06:00,Esbjerg St.
2026-02-14,157434501,15:11:00,15:13:00,Østerport St.
2026-02-14,157435583,15:16:00,15:18:00,Fredericia St.
2026-02-14,157438472,15:44:00,15:46:00,København H
2026-02-14,157434464,15:46:00,15:48:00,Esbjerg St.
2026-02-14,157434097,15:51:00,15:53:00,Skanderborg St.
2026-02-14,157435803,15:52:00,15:54:00,Sønderborg St.
2026-02-14,157435837,16:03:00,16:05:00,CPH Lufthavn
2026-02-14,157434186,16:04:00,16:06:00,Esbjerg St.
2026-02-14,157434500,16:11:00,16:13:00,Østerport St.
2026-02-14,157438505,16:12:00,16:15:00,Hamburg Hbf
2026-02-14,157435572,16:40:00,16:43:00,Flensburg
2026-02-14,157434474,16:46:00,16:48:00,Esbjerg St.
2026-02-14,157437084,16:53:00,16:55:00,Fredericia St.
2026-02-14,157437090,17:04:00,17:06:00,Esbjerg St.
2026-02-14,157434499,17:11:00,17:13:00,Østerport St.
2026-02-14,157435582,17:16:00,17:18:00,Fredericia St.
2026-02-14,157434473,17:46:00,17:48:00,Esbjerg St.
2026-02-14,157434092,17:51:00,17:53:00,Skanderborg St.
2026-02-14,157435799,17:52:00,17:54:00,Sønderborg St.
2026-02-14,157435833,18:03:00,18:05:00,CPH Lufthavn
2026-02-14,157434181,18:04:00,18:06:00,Esbjerg St.
2026-02-14,157434498,18:11:00,18:13:00,Østerport St.
2026-02-14,157438490,18:12:00,18:15:00,Hamburg Hbf
2026-02-14,157435571,18:40:00,18:43:00,Flensburg
2026-02-14,157434472,18:46:00,18:48:00,Esbjerg St.
2026-02-14,157434087,18:51:00,18:53:00,Skanderborg St.
2026-02-14,157434176,19:04:00,19:06:00,Esbjerg St.
2026-02-14,157434497,19:11:00,19:13:00,Østerport St.
2026-02-14,157435581,19:16:00,19:18:00,Fredericia St.
2026-02-14,157438487,19:44:00,19:46:00,København H
2026-02-14,157434471,19:46:00,19:48:00,Esbjerg St.
2026-02-14,157434082,19:51:00,19:53:00,Skanderborg St.
2026-02-14,157435795,19:52:00,19:54:00,Sønderborg St.
2026-02-14,157435828,20:03:00,20:05:00,CPH Lufthavn
2026-02-14,157434171,20:04:00,20:06:00,Esbjerg St.
2026-02-14,157434435,20:11:00,20:13:00,Østerport St.
2026-02-14,157435570,20:40:00,20:43:00,Flensburg
2026-02-14,157434470,20:46:00,20:48:00,Esbjerg St.
2026-02-14,157434078,20:51:00,20:53:00,Skanderborg St.
2026-02-14,157434165,21:04:00,21:06:00,Esbjerg St.
2026-02-14,157435580,21:16:00,21:18:00,Fredericia St.
2026-02-14,157434469,21:46:00,21:48:00,Esbjerg St.
2026-02-14,157434073,21:51:00,21:53:00,Aarhus H
2026-02-14,157435789,21:52:00,21:54:00,Sønderborg St.
2026-02-14,157436459,22:03:00,22:05:00,Odense St.
2026-02-14,157434161,22:04:00,22:06:00,Esbjerg St.
2026-02-14,157435564,23:17:00,23:19:00,Fredericia St.
2026-02-14,157434155,23:25:00,23:27:00,Esbjerg St.
2026-02-14,157434143,23:29:00,23:31:00,CPH Lufthavn
2026-02-14,157436456,24:03:00,24:05:00,Fredericia St.
2026-02-14,157436462,24:07:00,24:09:00,Sønderborg St.
2026-02-14,157434141,24:29:00,24:31:00,Fredericia St.
2026-02-14,157435578,4:40:00,4:43:00,Flensburg
2026-02-14,157434226,6:20:00,6:22:00,Esbjerg St.
2026-02-14,157435577,6:40:00,6:43:00,Flensburg
2026-02-14,157434133,6:51:00,6:53:00,Aarhus H
2026-02-14,157434222,7:04:00,7:06:00,Esbjerg St.
2026-02-14,157434507,7:11:00,7:13:00,Østerport St.
2026-02-14,157435586,7:16:00,7:18:00,Fredericia St.
2026-02-14,157434128,7:51:00,7:53:00,Skanderborg St.
2026-02-14,157436463,7:52:00,7:54:00,Sønderborg St.
2026-02-14,157435854,8:03:00,8:05:00,CPH Lufthavn
2026-02-14,157434216,8:04:00,8:06:00,Esbjerg St.
2026-02-14,157434483,8:11:00,8:13:00,Østerport St.
2026-02-14,157438480,8:12:00,8:15:00,Hamburg Hbf
2026-02-14,157435576,8:40:00,8:43:00,Flensburg
2026-02-14,157434467,8:46:00,8:48:00,Esbjerg St.
2026-02-14,157437088,8:53:00,8:55:00,Fredericia St.
2026-02-14,157437094,9:04:00,9:06:00,Esbjerg St.
2026-02-14,157434482,9:11:00,9:13:00,Østerport St.
2026-02-14,157435585,9:16:00,9:18:00,Fredericia St.
2026-02-14,157434463,9:46:00,9:48:00,Esbjerg St.
2026-02-14,157434124,9:51:00,9:53:00,Skanderborg St.
2026-02-14,157435815,9:52:00,9:54:00,Sønderborg St.
2026-02-15,157435850,10:03:00,10:05:00,CPH Lufthavn
2026-02-15,157434212,10:04:00,10:06:00,Esbjerg St.
2026-02-15,157434506,10:11:00,10:13:00,Østerport St.
2026-02-15,157435575,10:40:00,10:43:00,Flensburg
2026-02-15,157434478,10:46:00,10:48:00,Esbjerg St.
2026-02-15,157434119,10:51:00,10:53:00,Skanderborg St.
2026-02-15,157434207,11:04:00,11:06:00,Esbjerg St.
2026-02-15,157434505,11:11:00,11:13:00,Østerport St.
2026-02-15,157435584,11:16:00,11:18:00,Fredericia St.
2026-02-15,157438496,11:44:00,11:46:00,København H
2026-02-15,157434477,11:46:00,11:48:00,Esbjerg St.
2026-02-15,157434113,11:51:00,11:53:00,Skanderborg St.
2026-02-15,157435811,11:52:00,11:54:00,Sønderborg St.
2026-02-15,157435846,12:03:00,12:05:00,CPH Lufthavn
2026-02-15,157434201,12:04:00,12:06:00,Esbjerg St.
2026-02-15,157434504,12:11:00,12:13:00,Østerport St.
2026-02-15,157438529,12:12:00,12:15:00,Hamburg Hbf
2026-02-15,157435574,12:40:00,12:43:00,Flensburg
2026-02-15,157434465,12:46:00,12:48:00,Esbjerg St.
2026-02-15,157437086,12:53:00,12:55:00,Fredericia St.
2026-02-15,157437092,13:04:00,13:06:00,Esbjerg St.
2026-02-15,157434503,13:11:00,13:13:00,Østerport St.
2026-02-15,157435565,13:16:00,13:18:00,Fredericia St.
2026-02-15,157438515,13:44:00,13:46:00,København H
2026-02-15,157434476,13:46:00,13:48:00,Esbjerg St.
2026-02-15,157434108,13:51:00,13:53:00,Skanderborg St.
2026-02-15,157435807,13:52:00,13:54:00,Sønderborg St.
2026-02-15,157435842,14:03:00,14:05:00,CPH Lufthavn
2026-02-15,157434196,14:04:00,14:06:00,Esbjerg St.
2026-02-15,157434502,14:11:00,14:13:00,Østerport St.
2026-02-15,157435573,14:40:00,14:43:00,Flensburg
2026-02-15,157434475,14:46:00,14:48:00,Esbjerg St.
2026-02-15,157434103,14:51:00,14:53:00,Skanderborg St.
2026-02-15,157434191,15:04:00,15:06:00,Esbjerg St.
2026-02-15,157434501,15:11:00,15:13:00,Østerport St.
2026-02-15,157435583,15:16:00,15:18:00,Fredericia St.
2026-02-15,157438472,15:44:00,15:46:00,København H
2026-02-15,157434464,15:46:00,15:48:00,Esbjerg St.
2026-02-15,157434097,15:51:00,15:53:00,Skanderborg St.
2026-02-15,157435803,15:52:00,15:54:00,Sønderborg St.
2026-02-15,157435837,16:03:00,16:05:00,CPH Lufthavn
2026-02-15,157434186,16:04:00,16:06:00,Esbjerg St.
2026-02-15,157434500,16:11:00,16:13:00,Østerport St.
2026-02-15,157438505,16:12:00,16:15:00,Hamburg Hbf
2026-02-15,157435572,16:40:00,16:43:00,Flensburg
2026-02-15,157434474,16:46:00,16:48:00,Esbjerg St.
2026-02-15,157437084,16:53:00,16:55:00,Fredericia St.
2026-02-15,157437090,17:04:00,17:06:00,Esbjerg St.
2026-02-15,157434499,17:11:00,17:13:00,Østerport St.
2026-02-15,157435582,17:16:00,17:18:00,Fredericia St.
2026-02-15,157434473,17:46:00,17:48:00,Esbjerg St.
2026-02-15,157434092,17:51:00,17:53:00,Skanderborg St.
2026-02-15,157435799,17:52:00,17:54:00,Sønderborg St.
2026-02-15,157435833,18:03:00,18:05:00,CPH Lufthavn
2026-02-15,157434181,18:04:00,18:06:00,Esbjerg St.
2026-02-15,157434498,18:11:00,18:13:00,Østerport St.
2026-02-15,157438490,18:12:00,18:15:00,Hamburg Hbf
2026-02-15,157435571,18:40:00,18:43:00,Flensburg
2026-02-15,157434472,18:46:00,18:48:00,Esbjerg St.
2026-02-15,157434087,18:51:00,18:53:00,Skanderborg St.
2026-02-15,157434176,19:04:00,19:06:00,Esbjerg St.
2026-02-15,157434497,19:11:00,19:13:00,Østerport St.
2026-02-15,157435581,19:16:00,19:18:00,Fredericia St.
2026-02-15,157438487,19:44:00,19:46:00,København H
2026-02-15,157434471,19:46:00,19:48:00,Esbjerg St.
2026-02-15,157434082,19:51:00,19:53:00,Skanderborg St.
2026-02-15,157435795,19:52:00,19:54:00,Sønderborg St.
2026-02-15,157435828,20:03:00,20:05:00,CPH Lufthavn
2026-02-15,157434171,20:04:00,20:06:00,Esbjerg St.
2026-02-15,157434485,20:11:00,20:13:00,København H
2026-02-15,157435570,20:40:00,20:43:00,Flensburg
2026-02-15,157434470,20:46:00,20:48:00,Esbjerg St.
2026-02-15,157434078,20:51:00,20:53:00,Skanderborg St.
2026-02-15,157434165,21:04:00,21:06:00,Esbjerg St.
2026-02-15,157435580,21:16:00,21:18:00,Fredericia St.
2026-02-15,157434469,21:46:00,21:48:00,Esbjerg St.
2026-02-15,157434073,21:51:00,21:53:00,Aarhus H
2026-02-15,157435789,21:52:00,21:54:00,Sønderborg St.
2026-02-15,157436459,22:03:00,22:05:00,Odense St.
2026-02-15,157434161,22:04:00,22:06:00,Esbjerg St.
2026-02-15,157435564,23:17:00,23:19:00,Fredericia St.
2026-02-15,157434155,23:25:00,23:27:00,Esbjerg St.
2026-02-15,157434148,23:29:00,23:31:00,Fredericia St.
2026-02-15,157436456,24:03:00,24:05:00,Fredericia St.
2026-02-15,157436462,24:07:00,24:09:00,Sønderborg St.
2026-02-15,157434141,24:29:00,24:31:00,Fredericia St.
2026-02-15,157434226,6:20:00,6:22:00,Esbjerg St.
2026-02-15,157435577,6:40:00,6:43:00,Flensburg
2026-02-15,157434133,6:51:00,6:53:00,Aarhus H
2026-02-15,157434222,7:04:00,7:06:00,Esbjerg St.
2026-02-15,157434507,7:11:00,7:13:00,Østerport St.
2026-02-15,157434128,7:51:00,7:53:00,Skanderborg St.
2026-02-15,157436463,7:52:00,7:54:00,Sønderborg St.
2026-02-15,157435854,8:03:00,8:05:00,CPH Lufthavn
2026-02-15,157434216,8:04:00,8:06:00,Esbjerg St.
2026-02-15,157434483,8:11:00,8:13:00,Østerport St.
2026-02-15,157438480,8:12:00,8:15:00,Hamburg Hbf
2026-02-15,157435576,8:40:00,8:43:00,Flensburg
2026-02-15,157434467,8:46:00,8:48:00,Esbjerg St.
2026-02-15,157437088,8:53:00,8:55:00,Fredericia St.
2026-02-15,157437094,9:04:00,9:06:00,Esbjerg St.
2026-02-15,157434482,9:11:00,9:13:00,Østerport St.
2026-02-15,157435585,9:16:00,9:18:00,Fredericia St.
2026-02-15,157434463,9:46:00,9:48:00,Esbjerg St.
2026-02-15,157434124,9:51:00,9:53:00,Skanderborg St.
2026-02-15,157435815,9:52:00,9:54:00,Sønderborg St.
2026-02-16,157435850,10:03:00,10:05:00,CPH Lufthavn
2026-02-16,157434212,10:04:00,10:06:00,Esbjerg St.
2026-02-16,157434506,10:11:00,10:13:00,Østerport St.
2026-02-16,157435575,10:40:00,10:43:00,Flensburg
2026-02-16,157434478,10:46:00,10:48:00,Esbjerg St.
2026-02-16,157434119,10:51:00,10:53:00,Skanderborg St.
2026-02-16,157434207,11:04:00,11:06:00,Esbjerg St.
2026-02-16,157434505,11:11:00,11:13:00,Østerport St.
2026-02-16,157435584,11:16:00,11:18:00,Fredericia St.
2026-02-16,157438496,11:44:00,11:46:00,København H
2026-02-16,157434477,11:46:00,11:48:00,Esbjerg St.
2026-02-16,157434113,11:51:00,11:53:00,Skanderborg St.
2026-02-16,157435811,11:52:00,11:54:00,Sønderborg St.
2026-02-16,157435846,12:03:00,12:05:00,CPH Lufthavn
2026-02-16,157434201,12:04:00,12:06:00,Esbjerg St.
2026-02-16,157434504,12:11:00,12:13:00,Østerport St.
2026-02-16,157438529,12:12:00,12:15:00,Hamburg Hbf
2026-02-16,157435574,12:40:00,12:43:00,Flensburg
2026-02-16,157434465,12:46:00,12:48:00,Esbjerg St.
2026-02-16,157437086,12:53:00,12:55:00,Fredericia St.
2026-02-16,157437092,13:04:00,13:06:00,Esbjerg St.
2026-02-16,157434503,13:11:00,13:13:00,Østerport St.
2026-02-16,157435565,13:16:00,13:18:00,Fredericia St.
2026-02-16,157438515,13:44:00,13:46:00,København H
2026-02-16,157434476,13:46:00,13:48:00,Esbjerg St.
2026-02-16,157434108,13:51:00,13:53:00,Skanderborg St.
2026-02-16,157435807,13:52:00,13:54:00,Sønderborg St.
2026-02-16,157435842,14:03:00,14:05:00,CPH Lufthavn
2026-02-16,157434196,14:04:00,14:06:00,Esbjerg St.
2026-02-16,157434502,14:11:00,14:13:00,Østerport St.
2026-02-16,157435573,14:40:00,14:43:00,Flensburg
2026-02-16,157434475,14:46:00,14:48:00,Esbjerg St.
2026-02-16,157434103,14:51:00,14:53:00,Skanderborg St.
2026-02-16,157434191,15:04:00,15:06:00,Esbjerg St.
2026-02-16,157434501,15:11:00,15:13:00,Østerport St.
2026-02-16,157435583,15:16:00,15:18:00,Fredericia St.
2026-02-16,157438472,15:44:00,15:46:00,København H
2026-02-16,157434464,15:46:00,15:48:00,Esbjerg St.
2026-02-16,157434097,15:51:00,15:53:00,Skanderborg St.
2026-02-16,157435803,15:52:00,15:54:00,Sønderborg St.
2026-02-16,157435837,16:03:00,16:05:00,CPH Lufthavn
2026-02-16,157434186,16:04:00,16:06:00,Esbjerg St.
2026-02-16,157434500,16:11:00,16:13:00,Østerport St.
2026-02-16,157438505,16:12:00,16:15:00,Hamburg Hbf
2026-02-16,157435572,16:40:00,16:43:00,Flensburg
2026-02-16,157434474,16:46:00,16:48:00,Esbjerg St.
2026-02-16,157437084,16:53:00,16:55:00,Fredericia St.
2026-02-16,157437090,17:04:00,17:06:00,Esbjerg St.
2026-02-16,157434499,17:11:00,17:13:00,Østerport St.
2026-02-16,157435582,17:16:00,17:18:00,Fredericia St.
2026-02-16,157434473,17:46:00,17:48:00,Esbjerg St.
2026-02-16,157434092,17:51:00,17:53:00,Skanderborg St.
2026-02-16,157435799,17:52:00,17:54:00,Sønderborg St.
2026-02-16,157435833,18:03:00,18:05:00,CPH Lufthavn
2026-02-16,157434181,18:04:00,18:06:00,Esbjerg St.
2026-02-16,157434498,18:11:00,18:13:00,Østerport St.
2026-02-16,157438490,18:12:00,18:15:00,Hamburg Hbf
2026-02-16,157435571,18:40:00,18:43:00,Flensburg
2026-02-16,157434472,18:46:00,18:48:00,Esbjerg St.
2026-02-16,157434087,18:51:00,18:53:00,Skanderborg St.
2026-02-16,157434176,19:04:00,19:06:00,Esbjerg St.
2026-02-16,157434497,19:11:00,19:13:00,Østerport St.
2026-02-16,157435581,19:16:00,19:18:00,Fredericia St.
2026-02-16,157438487,19:44:00,19:46:00,København H
2026-02-16,157434471,19:46:00,19:48:00,Esbjerg St.
2026-02-16,157434082,19:51:00,19:53:00,Skanderborg St.
2026-02-16,157435795,19:52:00,19:54:00,Sønderborg St.
2026-02-16,157435828,20:03:00,20:05:00,CPH Lufthavn
2026-02-16,157434171,20:04:00,20:06:00,Esbjerg St.
2026-02-16,157434435,20:11:00,20:13:00,Østerport St.
2026-02-16,157435570,20:40:00,20:43:00,Flensburg
2026-02-16,157434470,20:46:00,20:48:00,Esbjerg St.
2026-02-16,157434078,20:51:00,20:53:00,Skanderborg St.
2026-02-16,157434165,21:04:00,21:06:00,Esbjerg St.
2026-02-16,157435580,21:16:00,21:18:00,Fredericia St.
2026-02-16,157434469,21:46:00,21:48:00,Esbjerg St.
2026-02-16,157434073,21:51:00,21:53:00,Aarhus H
2026-02-16,157435789,21:52:00,21:54:00,Sønderborg St.
2026-02-16,157436459,22:03:00,22:05:00,Odense St.
2026-02-16,157434161,22:04:00,22:06:00,Esbjerg St.
2026-02-16,157436688,22:39:00,22:39:00,Kolding St.
2026-02-16,157436685,22:49:00,22:49:00,Fredericia St.
2026-02-16,157435564,23:17:00,23:19:00,Fredericia St.
2026-02-16,157434155,23:25:00,23:27:00,Esbjerg St.
2026-02-16,157434148,23:29:00,23:31:00,Fredericia St.
2026-02-16,157436456,24:03:00,24:05:00,Fredericia St.
2026-02-16,157436462,24:07:00,24:09:00,Sønderborg St.
2026-02-16,157434141,24:29:00,24:31:00,Fredericia St.
2026-02-16,157435578,4:40:00,4:43:00,Flensburg
2026-02-16,157434510,5:11:00,5:13:00,Østerport St.
2026-02-16,157434227,5:20:00,5:22:00,Esbjerg St.
2026-02-16,157434151,5:51:00,5:53:00,Skanderborg St.
2026-02-16,157435823,5:52:00,5:54:00,Sønderborg St.
2026-02-16,157435857,6:03:00,6:05:00,CPH Lufthavn
2026-02-16,157434509,6:11:00,6:13:00,Østerport St.
2026-02-16,157434226,6:20:00,6:22:00,Esbjerg St.
2026-02-16,157435577,6:40:00,6:43:00,Flensburg
2026-02-16,157434484,6:46:00,6:48:00,Esbjerg St.
2026-02-16,157434222,7:04:00,7:06:00,Esbjerg St.
2026-02-16,157434507,7:11:00,7:13:00,Østerport St.
2026-02-16,157435586,7:16:00,7:18:00,Fredericia St.
2026-02-16,157434479,7:46:00,7:48:00,Esbjerg St.
2026-02-16,157434128,7:51:00,7:53:00,Skanderborg St.
2026-02-16,157435819,7:52:00,7:54:00,Sønderborg St.
2026-02-16,157435854,8:03:00,8:05:00,CPH Lufthavn
2026-02-16,157434216,8:04:00,8:06:00,Esbjerg St.
2026-02-16,157434483,8:11:00,8:13:00,Østerport St.
2026-02-16,157438480,8:12:00,8:15:00,Hamburg Hbf
2026-02-16,157435576,8:40:00,8:43:00,Flensburg
2026-02-16,157434468,8:46:00,8:48:00,Esbjerg St.
2026-02-16,157437088,8:53:00,8:55:00,Fredericia St.
2026-02-16,157437094,9:04:00,9:06:00,Esbjerg St.
2026-02-16,157434482,9:11:00,9:13:00,Østerport St.
2026-02-16,157435585,9:16:00,9:18:00,Fredericia St.
2026-02-16,157434466,9:46:00,9:48:00,Esbjerg St.
2026-02-16,157434124,9:51:00,9:53:00,Skanderborg St.
2026-02-16,157435815,9:52:00,9:54:00,Sønderborg St.
2026-02-17,157435850,10:03:00,10:05:00,CPH Lufthavn
2026-02-17,157434212,10:04:00,10:06:00,Esbjerg St.
2026-02-17,157434506,10:11:00,10:13:00,Østerport St.
2026-02-17,157435575,10:40:00,10:43:00,Flensburg
2026-02-17,157434478,10:46:00,10:48:00,Esbjerg St.
2026-02-17,157434119,10:51:00,10:53:00,Skanderborg St.
2026-02-17,157434207,11:04:00,11:06:00,Esbjerg St.
2026-02-17,157434505,11:11:00,11:13:00,Østerport St.
2026-02-17,157435584,11:16:00,11:18:00,Fredericia St.
2026-02-17,157438496,11:44:00,11:46:00,København H
2026-02-17,157434477,11:46:00,11:48:00,Esbjerg St.
2026-02-17,157434113,11:51:00,11:53:00,Skanderborg St.
2026-02-17,157435811,11:52:00,11:54:00,Sønderborg St.
2026-02-17,157435846,12:03:00,12:05:00,CPH Lufthavn
2026-02-17,157434201,12:04:00,12:06:00,Esbjerg St.
2026-02-17,157434504,12:11:00,12:13:00,Østerport St.
2026-02-17,157438529,12:12:00,12:15:00,Hamburg Hbf
2026-02-17,157435574,12:40:00,12:43:00,Flensburg
2026-02-17,157434465,12:46:00,12:48:00,Esbjerg St.
2026-02-17,157437086,12:53:00,12:55:00,Fredericia St.
2026-02-17,157437092,13:04:00,13:06:00,Esbjerg St.
2026-02-17,157434503,13:11:00,13:13:00,Østerport St.
2026-02-17,157435565,13:16:00,13:18:00,Fredericia St.
2026-02-17,157438515,13:44:00,13:46:00,København H
2026-02-17,157434476,13:46:00,13:48:00,Esbjerg St.
2026-02-17,157434108,13:51:00,13:53:00,Skanderborg St.
2026-02-17,157435807,13:52:00,13:54:00,Sønderborg St.
2026-02-17,157435842,14:03:00,14:05:00,CPH Lufthavn
2026-02-17,157434196,14:04:00,14:06:00,Esbjerg St.
2026-02-17,157434502,14:11:00,14:13:00,Østerport St.
2026-02-17,157435573,14:40:00,14:43:00,Flensburg
2026-02-17,157434475,14:46:00,14:48:00,Esbjerg St.
2026-02-17,157434103,14:51:00,14:53:00,Skanderborg St.
2026-02-17,157434191,15:04:00,15:06:00,Esbjerg St.
2026-02-17,157434501,15:11:00,15:13:00,Østerport St.
2026-02-17,157435583,15:16:00,15:18:00,Fredericia St.
2026-02-17,157438472,15:44:00,15:46:00,København H
2026-02-17,157434464,15:46:00,15:48:00,Esbjerg St.
2026-02-17,157434097,15:51:00,15:53:00,Skanderborg St.
2026-02-17,157435803,15:52:00,15:54:00,Sønderborg St.
2026-02-17,157435837,16:03:00,16:05:00,CPH Lufthavn
2026-02-17,157434186,16:04:00,16:06:00,Esbjerg St.
2026-02-17,157434500,16:11:00,16:13:00,Østerport St.
2026-02-17,157438505,16:12:00,16:15:00,Hamburg Hbf
2026-02-17,157435572,16:40:00,16:43:00,Flensburg
2026-02-17,157434474,16:46:00,16:48:00,Esbjerg St.
2026-02-17,157437084,16:53:00,16:55:00,Fredericia St.
2026-02-17,157437090,17:04:00,17:06:00,Esbjerg St.
2026-02-17,157434499,17:11:00,17:13:00,Østerport St.
2026-02-17,157435582,17:16:00,17:18:00,Fredericia St.
2026-02-17,157434473,17:46:00,17:48:00,Esbjerg St.
2026-02-17,157434092,17:51:00,17:53:00,Skanderborg St.
2026-02-17,157435799,17:52:00,17:54:00,Sønderborg St.
2026-02-17,157435833,18:03:00,18:05:00,CPH Lufthavn
2026-02-17,157434181,18:04:00,18:06:00,Esbjerg St.
2026-02-17,157434498,18:11:00,18:13:00,Østerport St.
2026-02-17,157438490,18:12:00,18:15:00,Hamburg Hbf
2026-02-17,157435571,18:40:00,18:43:00,Flensburg
2026-02-17,157434472,18:46:00,18:48:00,Esbjerg St.
2026-02-17,157434087,18:51:00,18:53:00,Skanderborg St.
2026-02-17,157434176,19:04:00,19:06:00,Esbjerg St.
2026-02-17,157434497,19:11:00,19:13:00,Østerport St.
2026-02-17,157435581,19:16:00,19:18:00,Fredericia St.
2026-02-17,157438487,19:44:00,19:46:00,København H
2026-02-17,157434471,19:46:00,19:48:00,Esbjerg St.
2026-02-17,157434082,19:51:00,19:53:00,Skanderborg St.
2026-02-17,157435795,19:52:00,19:54:00,Sønderborg St.
2026-02-17,157435828,20:03:00,20:05:00,CPH Lufthavn
2026-02-17,157434171,20:04:00,20:06:00,Esbjerg St.
2026-02-17,157434435,20:11:00,20:13:00,Østerport St.
2026-02-17,157435570,20:40:00,20:43:00,Flensburg
2026-02-17,157434470,20:46:00,20:48:00,Esbjerg St.
2026-02-17,157434078,20:51:00,20:53:00,Skanderborg St.
2026-02-17,157434165,21:04:00,21:06:00,Esbjerg St.
2026-02-17,157435580,21:16:00,21:18:00,Fredericia St.
2026-02-17,157434469,21:46:00,21:48:00,Esbjerg St.
2026-02-17,157434073,21:51:00,21:53:00,Aarhus H
2026-02-17,157435789,21:52:00,21:54:00,Sønderborg St.
2026-02-17,157436459,22:03:00,22:05:00,Odense St.
2026-02-17,157434161,22:04:00,22:06:00,Esbjerg St.
2026-02-17,157436688,22:39:00,22:39:00,Kolding St.
2026-02-17,157436685,22:49:00,22:49:00,Fredericia St.
2026-02-17,157435564,23:17:00,23:19:00,Fredericia St.
2026-02-17,157434155,23:25:00,23:27:00,Esbjerg St.
2026-02-17,157434148,23:29:00,23:31:00,Fredericia St.
2026-02-17,157436456,24:03:00,24:05:00,Fredericia St.
2026-02-17,157436462,24:07:00,24:09:00,Sønderborg St.
2026-02-17,157434141,24:29:00,24:31:00,Fredericia St.
2026-02-17,157435578,4:40:00,4:43:00,Flensburg
2026-02-17,157434510,5:11:00,5:13:00,Østerport St.
2026-02-17,157434227,5:20:00,5:22:00,Esbjerg St.
2026-02-17,157434151,5:51:00,5:53:00,Skanderborg St.
2026-02-17,157435823,5:52:00,5:54:00,Sønderborg St.
2026-02-17,157435857,6:03:00,6:05:00,CPH Lufthavn
2026-02-17,157434509,6:11:00,6:13:00,Østerport St.
2026-02-17,157434226,6:20:00,6:22:00,Esbjerg St.
2026-02-17,157435577,6:40:00,6:43:00,Flensburg
2026-02-17,157434484,6:46:00,6:48:00,Esbjerg St.
2026-02-17,157434134,6:51:00,6:53:00,Skanderborg St.
2026-02-17,157434222,7:04:00,7:06:00,Esbjerg St.
2026-02-17,157434507,7:11:00,7:13:00,Østerport St.
2026-02-17,157435586,7:16:00,7:18:00,Fredericia St.
2026-02-17,157434479,7:46:00,7:48:00,Esbjerg St.
2026-02-17,157434128,7:51:00,7:53:00,Skanderborg St.
2026-02-17,157435819,7:52:00,7:54:00,Sønderborg St.
2026-02-17,157435854,8:03:00,8:05:00,CPH Lufthavn
2026-02-17,157434216,8:04:00,8:06:00,Esbjerg St.
2026-02-17,157434483,8:11:00,8:13:00,Østerport St.
2026-02-17,157438480,8:12:00,8:15:00,Hamburg Hbf
2026-02-17,157435576,8:40:00,8:43:00,Flensburg
2026-02-17,157434468,8:46:00,8:48:00,Esbjerg St.
2026-02-17,157437088,8:53:00,8:55:00,Fredericia St.
2026-02-17,157437094,9:04:00,9:06:00,Esbjerg St.
2026-02-17,157434482,9:11:00,9:13:00,Østerport St.
2026-02-17,157435585,9:16:00,9:18:00,Fredericia St.
2026-02-17,157434466,9:46:00,9:48:00,Esbjerg St.
2026-02-17,157434124,9:51:00,9:53:00,Skanderborg St.
2026-02-17,157435815,9:52:00,9:54:00,Sønderborg St.
2026-02-18,157435850,10:03:00,10:05:00,CPH Lufthavn
2026-02-18,157434212,10:04:00,10:06:00,Esbjerg St.
2026-02-18,157434506,10:11:00,10:13:00,Østerport St.
2026-02-18,157435575,10:40:00,10:43:00,Flensburg
2026-02-18,157434478,10:46:00,10:48:00,Esbjerg St.
2026-02-18,157434119,10:51:00,10:53:00,Skanderborg St.
2026-02-18,157434207,11:04:00,11:06:00,Esbjerg St.
2026-02-18,157434505,11:11:00,11:13:00,Østerport St.
2026-02-18,157435584,11:16:00,11:18:00,Fredericia St.
2026-02-18,157438496,11:44:00,11:46:00,København H
2026-02-18,157434477,11:46:00,11:48:00,Esbjerg St.
2026-02-18,157434113,11:51:00,11:53:00,Skanderborg St.
2026-02-18,157435811,11:52:00,11:54:00,Sønderborg St.
2026-02-18,157435846,12:03:00,12:05:00,CPH Lufthavn
2026-02-18,157434201,12:04:00,12:06:00,Esbjerg St.
2026-02-18,157434504,12:11:00,12:13:00,Østerport St.
2026-02-18,157438529,12:12:00,12:15:00,Hamburg Hbf
2026-02-18,157435574,12:40:00,12:43:00,Flensburg
2026-02-18,157434465,12:46:00,12:48:00,Esbjerg St.
2026-02-18,157437086,12:53:00,12:55:00,Fredericia St.
2026-02-18,157437092,13:04:00,13:06:00,Esbjerg St.
2026-02-18,157434503,13:11:00,13:13:00,Østerport St.
2026-02-18,157435565,13:16:00,13:18:00,Fredericia St.
2026-02-18,157438515,13:44:00,13:46:00,København H
2026-02-18,157434476,13:46:00,13:48:00,Esbjerg St.
2026-02-18,157434108,13:51:00,13:53:00,Skanderborg St.
2026-02-18,157435807,13:52:00,13:54:00,Sønderborg St.
2026-02-18,157435842,14:03:00,14:05:00,CPH Lufthavn
2026-02-18,157434196,14:04:00,14:06:00,Esbjerg St.
2026-02-18,157434502,14:11:00,14:13:00,Østerport St.
2026-02-18,157435573,14:40:00,14:43:00,Flensburg
2026-02-18,157434475,14:46:00,14:48:00,Esbjerg St.
2026-02-18,157434103,14:51:00,14:53:00,Skanderborg St.
2026-02-18,157434191,15:04:00,15:06:00,Esbjerg St.
2026-02-18,157434501,15:11:00,15:13:00,Østerport St.
2026-02-18,157435583,15:16:00,15:18:00,Fredericia St.
2026-02-18,157438472,15:44:00,15:46:00,København H
2026-02-18,157434464,15:46:00,15:48:00,Esbjerg St.
2026-02-18,157434097,15:51:00,15:53:00,Skanderborg St.
2026-02-18,157435803,15:52:00,15:54:00,Sønderborg St.
2026-02-18,157435837,16:03:00,16:05:00,CPH Lufthavn
2026-02-18,157434186,16:04:00,16:06:00,Esbjerg St.
2026-02-18,157434500,16:11:00,16:13:00,Østerport St.
2026-02-18,157438505,16:12:00,16:15:00,Hamburg Hbf
2026-02-18,157435572,16:40:00,16:43:00,Flensburg
2026-02-18,157434474,16:46:00,16:48:00,Esbjerg St.
2026-02-18,157437084,16:53:00,16:55:00,Fredericia St.
2026-02-18,157437090,17:04:00,17:06:00,Esbjerg St.
2026-02-18,157434499,17:11:00,17:13:00,Østerport St.
2026-02-18,157435582,17:16:00,17:18:00,Fredericia St.
2026-02-18,157434473,17:46:00,17:48:00,Esbjerg St.
2026-02-18,157434092,17:51:00,17:53:00,Skanderborg St.
2026-02-18,157435799,17:52:00,17:54:00,Sønderborg St.
2026-02-18,157435833,18:03:00,18:05:00,CPH Lufthavn
2026-02-18,157434181,18:04:00,18:06:00,Esbjerg St.
2026-02-18,157434498,18:11:00,18:13:00,Østerport St.
2026-02-18,157438490,18:12:00,18:15:00,Hamburg Hbf
2026-02-18,157435571,18:40:00,18:43:00,Flensburg
2026-02-18,157434472,18:46:00,18:48:00,Esbjerg St.
2026-02-18,157434087,18:51:00,18:53:00,Skanderborg St.
2026-02-18,157434176,19:04:00,19:06:00,Esbjerg St.
2026-02-18,157434497,19:11:00,19:13:00,Østerport St.
2026-02-18,157435581,19:16:00,19:18:00,Fredericia St.
2026-02-18,157438487,19:44:00,19:46:00,København H
2026-02-18,157434471,19:46:00,19:48:00,Esbjerg St.
2026-02-18,157434082,19:51:00,19:53:00,Skanderborg St.
2026-02-18,157435795,19:52:00,19:54:00,Sønderborg St.
2026-02-18,157435828,20:03:00,20:05:00,CPH Lufthavn
2026-02-18,157434171,20:04:00,20:06:00,Esbjerg St.
2026-02-18,157434435,20:11:00,20:13:00,Østerport St.
2026-02-18,157435570,20:40:00,20:43:00,Flensburg
2026-02-18,157434470,20:46:00,20:48:00,Esbjerg St.
2026-02-18,157434078,20:51:00,20:53:00,Skanderborg St.
2026-02-18,157434165,21:04:00,21:06:00,Esbjerg St.
2026-02-18,157435580,21:16:00,21:18:00,Fredericia St.
2026-02-18,157434469,21:46:00,21:48:00,Esbjerg St.
2026-02-18,157434073,21:51:00,21:53:00,Aarhus H
2026-02-18,157435789,21:52:00,21:54:00,Sønderborg St.
2026-02-18,157436459,22:03:00,22:05:00,Odense St.
2026-02-18,157434161,22:04:00,22:06:00,Esbjerg St.
2026-02-18,157436688,22:39:00,22:39:00,Kolding St.
2026-02-18,157436685,22:49:00,22:49:00,Fredericia St.
2026-02-18,157435564,23:17:00,23:19:00,Fredericia St.
2026-02-18,157434155,23:25:00,23:27:00,Esbjerg St.
2026-02-18,157434148,23:29:00,23:31:00,Fredericia St.
2026-02-18,157436456,24:03:00,24:05:00,Fredericia St.
2026-02-18,157436462,24:07:00,24:09:00,Sønderborg St.
2026-02-18,157434141,24:29:00,24:31:00,Fredericia St.
2026-02-18,157435578,4:40:00,4:43:00,Flensburg
2026-02-18,157434510,5:11:00,5:13:00,Østerport St.
2026-02-18,157434227,5:20:00,5:22:00,Esbjerg St.
2026-02-18,157434151,5:51:00,5:53:00,Skanderborg St.
2026-02-18,157435823,5:52:00,5:54:00,Sønderborg St.
2026-02-18,157435857,6:03:00,6:05:00,CPH Lufthavn
2026-02-18,157434509,6:11:00,6:13:00,Østerport St.
2026-02-18,157434226,6:20:00,6:22:00,Esbjerg St.
2026-02-18,157435577,6:40:00,6:43:00,Flensburg
2026-02-18,157434484,6:46:00,6:48:00,Esbjerg St.
2026-02-18,157434134,6:51:00,6:53:00,Skanderborg St.
2026-02-18,157434222,7:04:00,7:06:00,Esbjerg St.
2026-02-18,157434507,7:11:00,7:13:00,Østerport St.
2026-02-18,157435586,7:16:00,7:18:00,Fredericia St.
2026-02-18,157434479,7:46:00,7:48:00,Esbjerg St.
2026-02-18,157434128,7:51:00,7:53:00,Skanderborg St.
2026-02-18,157435819,7:52:00,7:54:00,Sønderborg St.
2026-02-18,157435854,8:03:00,8:05:00,CPH Lufthavn
2026-02-18,157434216,8:04:00,8:06:00,Esbjerg St.
2026-02-18,157434483,8:11:00,8:13:00,Østerport St.
2026-02-18,157438480,8:12:00,8:15:00,Hamburg Hbf
2026-02-18,157435576,8:40:00,8:43:00,Flensburg
2026-02-18,157434468,8:46:00,8:48:00,Esbjerg St.
2026-02-18,157437088,8:53:00,8:55:00,Fredericia St.
2026-02-18,157437094,9:04:00,9:06:00,Esbjerg St.
2026-02-18,157434482,9:11:00,9:13:00,Østerport St.
2026-02-18,157435585,9:16:00,9:18:00,Fredericia St.
2026-02-18,157434466,9:46:00,9:48:00,Esbjerg St.
2026-02-18,157434124,9:51:00,9:53:00,Skanderborg St.
2026-02-18,157435815,9:52:00,9:54:00,Sønderborg St.
2026-02-19,157435850,10:03:00,10:05:00,CPH Lufthavn
2026-02-19,157434212,10:04:00,10:06:00,Esbjerg St.
2026-02-19,157434506,10:11:00,10:13:00,Østerport St.
2026-02-19,157435575,10:40:00,10:43:00,Flensburg
2026-02-19,157434478,10:46:00,10:48:00,Esbjerg St.
2026-02-19,157434119,10:51:00,10:53:00,Skanderborg St.
2026-02-19,157434207,11:04:00,11:06:00,Esbjerg St.
2026-02-19,157434505,11:11:00,11:13:00,Østerport St.
2026-02-19,157435584,11:16:00,11:18:00,Fredericia St.
2026-02-19,157438496,11:44:00,11:46:00,København H
2026-02-19,157434477,11:46:00,11:48:00,Esbjerg St.
2026-02-19,157434113,11:51:00,11:53:00,Skanderborg St.
2026-02-19,157435811,11:52:00,11:54:00,Sønderborg St.
2026-02-19,157435846,12:03:00,12:05:00,CPH Lufthavn
2026-02-19,157434201,12:04:00,12:06:00,Esbjerg St.
2026-02-19,157434504,12:11:00,12:13:00,Østerport St.
2026-02-19,157438529,12:12:00,12:15:00,Hamburg Hbf
2026-02-19,157435574,12:40:00,12:43:00,Flensburg
2026-02-19,157434465,12:46:00,12:48:00,Esbjerg St.
2026-02-19,157437086,12:53:00,12:55:00,Fredericia St.
2026-02-19,157437092,13:04:00,13:06:00,Esbjerg St.
2026-02-19,157434503,13:11:00,13:13:00,Østerport St.
2026-02-19,157435565,13:16:00,13:18:00,Fredericia St.
2026-02-19,157438515,13:44:00,13:46:00,København H
2026-02-19,157434476,13:46:00,13:48:00,Esbjerg St.
2026-02-19,157434108,13:51:00,13:53:00,Skanderborg St.
2026-02-19,157435807,13:52:00,13:54:00,Sønderborg St.
2026-02-19,157435842,14:03:00,14:05:00,CPH Lufthavn
2026-02-19,157434196,14:04:00,14:06:00,Esbjerg St.
2026-02-19,157434502,14:11:00,14:13:00,Østerport St.
2026-02-19,157435573,14:40:00,14:43:00,Flensburg
2026-02-19,157434475,14:46:00,14:48:00,Esbjerg St.
2026-02-19,157434103,14:51:00,14:53:00,Skanderborg St.
2026-02-19,157434191,15:04:00,15:06:00,Esbjerg St.
2026-02-19,157434501,15:11:00,15:13:00,Østerport St.
2026-02-19,157435583,15:16:00,15:18:00,Fredericia St.
2026-02-19,157438472,15:44:00,15:46:00,København H
2026-02-19,157434464,15:46:00,15:48:00,Esbjerg St.
2026-02-19,157434097,15:51:00,15:53:00,Skanderborg St.
2026-02-19,157435803,15:52:00,15:54:00,Sønderborg St.
2026-02-19,157435837,16:03:00,16:05:00,CPH Lufthavn
2026-02-19,157434186,16:04:00,16:06:00,Esbjerg St.
2026-02-19,157434500,16:11:00,16:13:00,Østerport St.
2026-02-19,157438505,16:12:00,16:15:00,Hamburg Hbf
2026-02-19,157435572,16:40:00,16:43:00,Flensburg
2026-02-19,157434474,16:46:00,16:48:00,Esbjerg St.
2026-02-19,157437084,16:53:00,16:55:00,Fredericia St.
2026-02-19,157437090,17:04:00,17:06:00,Esbjerg St.
2026-02-19,157434499,17:11:00,17:13:00,Østerport St.
2026-02-19,157435582,17:16:00,17:18:00,Fredericia St.
2026-02-19,157434473,17:46:00,17:48:00,Esbjerg St.
2026-02-19,157434092,17:51:00,17:53:00,Skanderborg St.
2026-02-19,157435799,17:52:00,17:54:00,Sønderborg St.
2026-02-19,157435833,18:03:00,18:05:00,CPH Lufthavn
2026-02-19,157434181,18:04:00,18:06:00,Esbjerg St.
2026-02-19,157434498,18:11:00,18:13:00,Østerport St.
2026-02-19,157438490,18:12:00,18:15:00,Hamburg Hbf
2026-02-19,157435571,18:40:00,18:43:00,Flensburg
2026-02-19,157434472,18:46:00,18:48:00,Esbjerg St.
2026-02-19,157434087,18:51:00,18:53:00,Skanderborg St.
2026-02-19,157434176,19:04:00,19:06:00,Esbjerg St.
2026-02-19,157434497,19:11:00,19:13:00,Østerport St.
2026-02-19,157435581,19:16:00,19:18:00,Fredericia St.
2026-02-19,157438487,19:44:00,19:46:00,København H
2026-02-19,157434471,19:46:00,19:48:00,Esbjerg St.
2026-02-19,157434082,19:51:00,19:53:00,Skanderborg St.
2026-02-19,157435795,19:52:00,19:54:00,Sønderborg St.
2026-02-19,157435828,20:03:00,20:05:00,CPH Lufthavn
2026-02-19,157434171,20:04:00,20:06:00,Esbjerg St.
2026-02-19,157434435,20:11:00,20:13:00,Østerport St.
2026-02-19,157435570,20:40:00,20:43:00,Flensburg
2026-02-19,157434470,20:46:00,20:48:00,Esbjerg St.
2026-02-19,157434078,20:51:00,20:53:00,Skanderborg St.
2026-02-19,157434165,21:04:00,21:06:00,Esbjerg St.
2026-02-19,157435580,21:16:00,21:18:00,Fredericia St.
2026-02-19,157434469,21:46:00,21:48:00,Esbjerg St.
2026-02-19,157434073,21:51:00,21:53:00,Aarhus H
2026-02-19,157435789,21:52:00,21:54:00,Sønderborg St.
2026-02-19,157436459,22:03:00,22:05:00,Odense St.
2026-02-19,157434161,22:04:00,22:06:00,Esbjerg St.
2026-02-19,157436688,22:39:00,22:39:00,Kolding St.
2026-02-19,157436685,22:49:00,22:49:00,Fredericia St.
2026-02-19,157435564,23:17:00,23:19:00,Fredericia St.
2026-02-19,157434155,23:25:00,23:27:00,Esbjerg St.
2026-02-19,157434148,23:29:00,23:31:00,Fredericia St.
2026-02-19,157436456,24:03:00,24:05:00,Fredericia St.
2026-02-19,157436462,24:07:00,24:09:00,Sønderborg St.
2026-02-19,157434141,24:29:00,24:31:00,Fredericia St.
2026-02-19,157435578,4:40:00,4:43:00,Flensburg
2026-02-19,157434510,5:11:00,5:13:00,Østerport St.
2026-02-19,157434227,5:20:00,5:22:00,Esbjerg St.
2026-02-19,157434151,5:51:00,5:53:00,Skanderborg St.
2026-02-19,157435823,5:52:00,5:54:00,Sønderborg St.
2026-02-19,157435857,6:03:00,6:05:00,CPH Lufthavn
2026-02-19,157434509,6:11:00,6:13:00,Østerport St.
2026-02-19,157434226,6:20:00,6:22:00,Esbjerg St.
2026-02-19,157435577,6:40:00,6:43:00,Flensburg
2026-02-19,157434484,6:46:00,6:48:00,Esbjerg St.
2026-02-19,157434134,6:51:00,6:53:00,Skanderborg St.
2026-02-19,157434222,7:04:00,7:06:00,Esbjerg St.
2026-02-19,157434507,7:11:00,7:13:00,Østerport St.
2026-02-19,157435586,7:16:00,7:18:00,Fredericia St.
2026-02-19,157434479,7:46:00,7:48:00,Esbjerg St.
2026-02-19,157434128,7:51:00,7:53:00,Skanderborg St.
2026-02-19,157435819,7:52:00,7:54:00,Sønderborg St.
2026-02-19,157435854,8:03:00,8:05:00,CPH Lufthavn
2026-02-19,157434216,8:04:00,8:06:00,Esbjerg St.
2026-02-19,157434483,8:11:00,8:13:00,Østerport St.
2026-02-19,157438480,8:12:00,8:15:00,Hamburg Hbf
2026-02-19,157435576,8:40:00,8:43:00,Flensburg
2026-02-19,157434468,8:46:00,8:48:00,Esbjerg St.
2026-02-19,157437088,8:53:00,8:55:00,Fredericia St.
2026-02-19,157437094,9:04:00,9:06:00,Esbjerg St.
2026-02-19,157434482,9:11:00,9:13:00,Østerport St.
2026-02-19,157435585,9:16:00,9:18:00,Fredericia St.
2026-02-19,157434466,9:46:00,9:48:00,Esbjerg St.
2026-02-19,157434124,9:51:00,9:53:00,Skanderborg St.
2026-02-19,157435815,9:52:00,9:54:00,Sønderborg St.
2026-02-20,157435850,10:03:00,10:05:00,CPH Lufthavn
2026-02-20,157434212,10:04:00,10:06:00,Esbjerg St.
2026-02-20,157434506,10:11:00,10:13:00,Østerport St.
2026-02-20,157435575,10:40:00,10:43:00,Flensburg
2026-02-20,157434478,10:46:00,10:48:00,Esbjerg St.
2026-02-20,157434119,10:51:00,10:53:00,Skanderborg St.
2026-02-20,157434207,11:04:00,11:06:00,Esbjerg St.
2026-02-20,157434505,11:11:00,11:13:00,Østerport St.
2026-02-20,157435584,11:16:00,11:18:00,Fredericia St.
2026-02-20,157438496,11:44:00,11:46:00,København H
2026-02-20,157434477,11:46:00,11:48:00,Esbjerg St.
2026-02-20,157434113,11:51:00,11:53:00,Skanderborg St.
2026-02-20,157435811,11:52:00,11:54:00,Sønderborg St.
2026-02-20,157435846,12:03:00,12:05:00,CPH Lufthavn
2026-02-20,157434201,12:04:00,12:06:00,Esbjerg St.
2026-02-20,157434504,12:11:00,12:13:00,Østerport St.
2026-02-20,157438529,12:12:00,12:15:00,Hamburg Hbf
2026-02-20,157435574,12:40:00,12:43:00,Flensburg
2026-02-20,157434465,12:46:00,12:48:00,Esbjerg St.
2026-02-20,157437086,12:53:00,12:55:00,Fredericia St.
2026-02-20,157437092,13:04:00,13:06:00,Esbjerg St.
2026-02-20,157434503,13:11:00,13:13:00,Østerport St.
2026-02-20,157435565,13:16:00,13:18:00,Fredericia St.
2026-02-20,157438515,13:44:00,13:46:00,København H
2026-02-20,157434476,13:46:00,13:48:00,Esbjerg St.
2026-02-20,157434108,13:51:00,13:53:00,Skanderborg St.
2026-02-20,157435807,13:52:00,13:54:00,Sønderborg St.
2026-02-20,157435842,14:03:00,14:05:00,CPH Lufthavn
2026-02-20,157434196,14:04:00,14:06:00,Esbjerg St.
2026-02-20,157434502,14:11:00,14:13:00,Østerport St.
2026-02-20,157435573,14:40:00,14:43:00,Flensburg
2026-02-20,157434475,14:46:00,14:48:00,Esbjerg St.
2026-02-20,157434103,14:51:00,14:53:00,Skanderborg St.
2026-02-20,157434191,15:04:00,15:06:00,Esbjerg St.
2026-02-20,157434501,15:11:00,15:13:00,Østerport St.
2026-02-20,157435583,15:16:00,15:18:00,Fredericia St.
2026-02-20,157438472,15:44:00,15:46:00,København H
2026-02-20,157434464,15:46:00,15:48:00,Esbjerg St.
2026-02-20,157434097,15:51:00,15:53:00,Skanderborg St.
2026-02-20,157435803,15:52:00,15:54:00,Sønderborg St.
2026-02-20,157435837,16:03:00,16:05:00,CPH Lufthavn
2026-02-20,157434186,16:04:00,16:06:00,Esbjerg St.
2026-02-20,157434500,16:11:00,16:13:00,Østerport St.
2026-02-20,157438505,16:12:00,16:15:00,Hamburg Hbf
2026-02-20,157435572,16:40:00,16:43:00,Flensburg
2026-02-20,157434474,16:46:00,16:48:00,Esbjerg St.
2026-02-20,157437084,16:53:00,16:55:00,Fredericia St.
2026-02-20,157437090,17:04:00,17:06:00,Esbjerg St.
2026-02-20,157434499,17:11:00,17:13:00,Østerport St.
2026-02-20,157435582,17:16:00,17:18:00,Fredericia St.
2026-02-20,157434473,17:46:00,17:48:00,Esbjerg St.
2026-02-20,157434092,17:51:00,17:53:00,Skanderborg St.
2026-02-20,157435799,17:52:00,17:54:00,Sønderborg St.
2026-02-20,157435833,18:03:00,18:05:00,CPH Lufthavn
2026-02-20,157434181,18:04:00,18:06:00,Esbjerg St.
2026-02-20,157434498,18:11:00,18:13:00,Østerport St.
2026-02-20,157438490,18:12:00,18:15:00,Hamburg Hbf
2026-02-20,157435571,18:40:00,18:43:00,Flensburg
2026-02-20,157434472,18:46:00,18:48:00,Esbjerg St.
2026-02-20,157434087,18:51:00,18:53:00,Skanderborg St.
2026-02-20,157434176,19:04:00,19:06:00,Esbjerg St.
2026-02-20,157434497,19:11:00,19:13:00,Østerport St.
2026-02-20,157435581,19:16:00,19:18:00,Fredericia St.
2026-02-20,157438487,19:44:00,19:46:00,København H
2026-02-20,157434471,19:46:00,19:48:00,Esbjerg St.
2026-02-20,157434082,19:51:00,19:53:00,Skanderborg St.
2026-02-20,157435795,19:52:00,19:54:00,Sønderborg St.
2026-02-20,157435828,20:03:00,20:05:00,CPH Lufthavn
2026-02-20,157434171,20:04:00,20:06:00,Esbjerg St.
2026-02-20,157434435,20:11:00,20:13:00,Østerport St.
2026-02-20,157435570,20:40:00,20:43:00,Flensburg
2026-02-20,157434470,20:46:00,20:48:00,Esbjerg St.
2026-02-20,157434078,20:51:00,20:53:00,Skanderborg St.
2026-02-20,157434165,21:04:00,21:06:00,Esbjerg St.
2026-02-20,157435580,21:16:00,21:18:00,Fredericia St.
2026-02-20,157434469,21:46:00,21:48:00,Esbjerg St.
2026-02-20,157434073,21:51:00,21:53:00,Aarhus H
2026-02-20,157435789,21:52:00,21:54:00,Sønderborg St.
2026-02-20,157436459,22:03:00,22:05:00,Odense St.
2026-02-20,157434161,22:04:00,22:06:00,Esbjerg St.
2026-02-20,157436688,22:39:00,22:39:00,Kolding St.
2026-02-20,157436685,22:49:00,22:49:00,Fredericia St.
2026-02-20,157435564,23:17:00,23:19:00,Fredericia St.
2026-02-20,157434155,23:25:00,23:27:00,Esbjerg St.
2026-02-20,157434143,23:29:00,23:31:00,CPH Lufthavn
2026-02-20,157436456,24:03:00,24:05:00,Fredericia St.
2026-02-20,157436462,24:07:00,24:09:00,Sønderborg St.
2026-02-20,157434141,24:29:00,24:31:00,Fredericia St.
2026-02-20,157435578,4:40:00,4:43:00,Flensburg
2026-02-20,157434510,5:11:00,5:13:00,Østerport St.
2026-02-20,157434227,5:20:00,5:22:00,Esbjerg St.
2026-02-20,157434151,5:51:00,5:53:00,Skanderborg St.
2026-02-20,157435823,5:52:00,5:54:00,Sønderborg St.
2026-02-20,157435857,6:03:00,6:05:00,CPH Lufthavn
2026-02-20,157434509,6:11:00,6:13:00,Østerport St.
2026-02-20,157434226,6:20:00,6:22:00,Esbjerg St.
2026-02-20,157435577,6:40:00,6:43:00,Flensburg
2026-02-20,157434484,6:46:00,6:48:00,Esbjerg St.
2026-02-20,157434134,6:51:00,6:53:00,Skanderborg St.
2026-02-20,157434222,7:04:00,7:06:00,Esbjerg St.
2026-02-20,157434507,7:11:00,7:13:00,Østerport St.
2026-02-20,157435586,7:16:00,7:18:00,Fredericia St.
2026-02-20,157434479,7:46:00,7:48:00,Esbjerg St.
2026-02-20,157434128,7:51:00,7:53:00,Skanderborg St.
2026-02-20,157435819,7:52:00,7:54:00,Sønderborg St.
2026-02-20,157435854,8:03:00,8:05:00,CPH Lufthavn
2026-02-20,157434216,8:04:00,8:06:00,Esbjerg St.
2026-02-20,157434483,8:11:00,8:13:00,Østerport St.
2026-02-20,157438480,8:12:00,8:15:00,Hamburg Hbf
2026-02-20,157435576,8:40:00,8:43:00,Flensburg
2026-02-20,157434468,8:46:00,8:48:00,Esbjerg St.
2026-02-20,157437088,8:53:00,8:55:00,Fredericia St.
2026-02-20,157437094,9:04:00,9:06:00,Esbjerg St.
2026-02-20,157434482,9:11:00,9:13:00,Østerport St.
2026-02-20,157435585,9:16:00,9:18:00,Fredericia St.
2026-02-20,157434466,9:46:00,9:48:00,Esbjerg St.
2026-02-20,157434124,9:51:00,9:53:00,Skanderborg St.
2026-02-20,157435815,9:52:00,9:54:00,Sønderborg St.
2026-02-21,157435850,10:03:00,10:05:00,CPH Lufthavn
2026-02-21,157434212,10:04:00,10:06:00,Esbjerg St.
2026-02-21,157434506,10:11:00,10:13:00,Østerport St.
2026-02-21,157435575,10:40:00,10:43:00,Flensburg
2026-02-21,157434478,10:46:00,10:48:00,Esbjerg St.
2026-02-21,157434119,10:51:00,10:53:00,Skanderborg St.
2026-02-21,157434207,11:04:00,11:06:00,Esbjerg St.
2026-02-21,157434505,11:11:00,11:13:00,Østerport St.
2026-02-21,157435584,11:16:00,11:18:00,Fredericia St.
2026-02-21,157438496,11:44:00,11:46:00,København H
2026-02-21,157434477,11:46:00,11:48:00,Esbjerg St.
2026-02-21,157434113,11:51:00,11:53:00,Skanderborg St.
2026-02-21,157435811,11:52:00,11:54:00,Sønderborg St.
2026-02-21,157435846,12:03:00,12:05:00,CPH Lufthavn
2026-02-21,157434201,12:04:00,12:06:00,Esbjerg St.
2026-02-21,157434504,12:11:00,12:13:00,Østerport St.
2026-02-21,157438529,12:12:00,12:15:00,Hamburg Hbf
2026-02-21,157435574,12:40:00,12:43:00,Flensburg
2026-02-21,157434465,12:46:00,12:48:00,Esbjerg St.
2026-02-21,157437086,12:53:00,12:55:00,Fredericia St.
2026-02-21,157437092,13:04:00,13:06:00,Esbjerg St.
2026-02-21,157434503,13:11:00,13:13:00,Østerport St.
2026-02-21,157435565,13:16:00,13:18:00,Fredericia St.
2026-02-21,157438515,13:44:00,13:46:00,København H
2026-02-21,157434476,13:46:00,13:48:00,Esbjerg St.
2026-02-21,157434108,13:51:00,13:53:00,Skanderborg St.
2026-02-21,157435807,13:52:00,13:54:00,Sønderborg St.
2026-02-21,157435842,14:03:00,14:05:00,CPH Lufthavn
2026-02-21,157434196,14:04:00,14:06:00,Esbjerg St.
2026-02-21,157434502,14:11:00,14:13:00,Østerport St.
2026-02-21,157435573,14:40:00,14:43:00,Flensburg
2026-02-21,157434475,14:46:00,14:48:00,Esbjerg St.
2026-02-21,157434103,14:51:00,14:53:00,Skanderborg St.
2026-02-21,157434191,15:04:00,15:06:00,Esbjerg St.
2026-02-21,157434501,15:11:00,15:13:00,Østerport St.
2026-02-21,157435583,15:16:00,15:18:00,Fredericia St.
2026-02-21,157438472,15:44:00,15:46:00,København H
2026-02-21,157434464,15:46:00,15:48:00,Esbjerg St.
2026-02-21,157434097,15:51:00,15:53:00,Skanderborg St.
2026-02-21,157435803,15:52:00,15:54:00,Sønderborg St.
2026-02-21,157435837,16:03:00,16:05:00,CPH Lufthavn
2026-02-21,157434186,16:04:00,16:06:00,Esbjerg St.
2026-02-21,157434500,16:11:00,16:13:00,Østerport St.
2026-02-21,157438505,16:12:00,16:15:00,Hamburg Hbf
2026-02-21,157435572,16:40:00,16:43:00,Flensburg
2026-02-21,157434474,16:46:00,16:48:00,Esbjerg St.
2026-02-21,157437084,16:53:00,16:55:00,Fredericia St.
2026-02-21,157437090,17:04:00,17:06:00,Esbjerg St.
2026-02-21,157434499,17:11:00,17:13:00,Østerport St.
2026-02-21,157435582,17:16:00,17:18:00,Fredericia St.
2026-02-21,157434473,17:46:00,17:48:00,Esbjerg St.
2026-02-21,157434092,17:51:00,17:53:00,Skanderborg St.
2026-02-21,157435799,17:52:00,17:54:00,Sønderborg St.
2026-02-21,157435833,18:03:00,18:05:00,CPH Lufthavn
2026-02-21,157434181,18:04:00,18:06:00,Esbjerg St.
2026-02-21,157434498,18:11:00,18:13:00,Østerport St.
2026-02-21,157438490,18:12:00,18:15:00,Hamburg Hbf
2026-02-21,157435571,18:40:00,18:43:00,Flensburg
2026-02-21,157434472,18:46:00,18:48:00,Esbjerg St.
2026-02-21,157434087,18:51:00,18:53:00,Skanderborg St.
2026-02-21,157434176,19:04:00,19:06:00,Esbjerg St.
2026-02-21,157434497,19:11:00,19:13:00,Østerport St.
2026-02-21,157435581,19:16:00,19:18:00,Fredericia St.
2026-02-21,157438487,19:44:00,19:46:00,København H
2026-02-21,157434471,19:46:00,19:48:00,Esbjerg St.
2026-02-21,157434082,19:51:00,19:53:00,Skanderborg St.
2026-02-21,157435795,19:52:00,19:54:00,Sønderborg St.
2026-02-21,157435828,20:03:00,20:05:00,CPH Lufthavn
2026-02-21,157434171,20:04:00,20:06:00,Esbjerg St.
2026-02-21,157434435,20:11:00,20:13:00,Østerport St.
2026-02-21,157435570,20:40:00,20:43:00,Flensburg
2026-02-21,157434470,20:46:00,20:48:00,Esbjerg St.
2026-02-21,157434078,20:51:00,20:53:00,Skanderborg St.
2026-02-21,157434165,21:04:00,21:06:00,Esbjerg St.
2026-02-21,157435580,21:16:00,21:18:00,Fredericia St.
2026-02-21,157434469,21:46:00,21:48:00,Esbjerg St.
2026-02-21,157434073,21:51:00,21:53:00,Aarhus H
2026-02-21,157435789,21:52:00,21:54:00,Sønderborg St.
2026-02-21,157436459,22:03:00,22:05:00,Odense St.
2026-02-21,157434161,22:04:00,22:06:00,Esbjerg St.
2026-02-21,157435564,23:17:00,23:19:00,Fredericia St.
2026-02-21,157434155,23:25:00,23:27:00,Esbjerg St.
2026-02-21,157434143,23:29:00,23:31:00,CPH Lufthavn
2026-02-21,157436456,24:03:00,24:05:00,Fredericia St.
2026-02-21,157436462,24:07:00,24:09:00,Sønderborg St.
2026-02-21,157434141,24:29:00,24:31:00,Fredericia St.
2026-02-21,157435578,4:40:00,4:43:00,Flensburg
2026-02-21,157434226,6:20:00,6:22:00,Esbjerg St.
2026-02-21,157435577,6:40:00,6:43:00,Flensburg
2026-02-21,157434133,6:51:00,6:53:00,Aarhus H
2026-02-21,157434222,7:04:00,7:06:00,Esbjerg St.
2026-02-21,157434507,7:11:00,7:13:00,Østerport St.
2026-02-21,157435586,7:16:00,7:18:00,Fredericia St.
2026-02-21,157434128,7:51:00,7:53:00,Skanderborg St.
2026-02-21,157436463,7:52:00,7:54:00,Sønderborg St.
2026-02-21,157435854,8:03:00,8:05:00,CPH Lufthavn
2026-02-21,157434216,8:04:00,8:06:00,Esbjerg St.
2026-02-21,157434483,8:11:00,8:13:00,Østerport St.
2026-02-21,157438480,8:12:00,8:15:00,Hamburg Hbf
2026-02-21,157435576,8:40:00,8:43:00,Flensburg
2026-02-21,157434467,8:46:00,8:48:00,Esbjerg St.
2026-02-21,157437088,8:53:00,8:55:00,Fredericia St.
2026-02-21,157437094,9:04:00,9:06:00,Esbjerg St.
2026-02-21,157434482,9:11:00,9:13:00,Østerport St.
2026-02-21,157435585,9:16:00,9:18:00,Fredericia St.
2026-02-21,157434463,9:46:00,9:48:00,Esbjerg St.
2026-02-21,157434124,9:51:00,9:53:00,Skanderborg St.
2026-02-21,157435815,9:52:00,9:54:00,Sønderborg St.
2026-02-22,157435850,10:03:00,10:05:00,CPH Lufthavn
2026-02-22,157434212,10:04:00,10:06:00,Esbjerg St.
2026-02-22,157434506,10:11:00,10:13:00,Østerport St.
2026-02-22,157435575,10:40:00,10:43:00,Flensburg
2026-02-22,157434478,10:46:00,10:48:00,Esbjerg St.
2026-02-22,157434119,10:51:00,10:53:00,Skanderborg St.
2026-02-22,157434207,11:04:00,11:06:00,Esbjerg St.
2026-02-22,157434505,11:11:00,11:13:00,Østerport St.
2026-02-22,157435584,11:16:00,11:18:00,Fredericia St.
2026-02-22,157438496,11:44:00,11:46:00,København H
2026-02-22,157434477,11:46:00,11:48:00,Esbjerg St.
2026-02-22,157434113,11:51:00,11:53:00,Skanderborg St.
2026-02-22,157435811,11:52:00,11:54:00,Sønderborg St.
2026-02-22,157435846,12:03:00,12:05:00,CPH Lufthavn
2026-02-22,157434201,12:04:00,12:06:00,Esbjerg St.
2026-02-22,157434504,12:11:00,12:13:00,Østerport St.
2026-02-22,157438529,12:12:00,12:15:00,Hamburg Hbf
2026-02-22,157435574,12:40:00,12:43:00,Flensburg
2026-02-22,157434465,12:46:00,12:48:00,Esbjerg St.
2026-02-22,157437086,12:53:00,12:55:00,Fredericia St.
2026-02-22,157437092,13:04:00,13:06:00,Esbjerg St.
2026-02-22,157434503,13:11:00,13:13:00,Østerport St.
2026-02-22,157435565,13:16:00,13:18:00,Fredericia St.
2026-02-22,157438515,13:44:00,13:46:00,København H
2026-02-22,157434476,13:46:00,13:48:00,Esbjerg St.
2026-02-22,157434108,13:51:00,13:53:00,Skanderborg St.
2026-02-22,157435807,13:52:00,13:54:00,Sønderborg St.
2026-02-22,157435842,14:03:00,14:05:00,CPH Lufthavn
2026-02-22,157434196,14:04:00,14:06:00,Esbjerg St.
2026-02-22,157434502,14:11:00,14:13:00,Østerport St.
2026-02-22,157435573,14:40:00,14:43:00,Flensburg
2026-02-22,157434475,14:46:00,14:48:00,Esbjerg St.
2026-02-22,157434103,14:51:00,14:53:00,Skanderborg St.
2026-02-22,157434191,15:04:00,15:06:00,Esbjerg St.
2026-02-22,157434501,15:11:00,15:13:00,Østerport St.
2026-02-22,157435583,15:16:00,15:18:00,Fredericia St.
2026-02-22,157438472,15:44:00,15:46:00,København H
2026-02-22,157434464,15:46:00,15:48:00,Esbjerg St.
2026-02-22,157434097,15:51:00,15:53:00,Skanderborg St.
2026-02-22,157435803,15:52:00,15:54:00,Sønderborg St.
2026-02-22,157435837,16:03:00,16:05:00,CPH Lufthavn
2026-02-22,157434186,16:04:00,16:06:00,Esbjerg St.
2026-02-22,157434500,16:11:00,16:13:00,Østerport St.
2026-02-22,157438505,16:12:00,16:15:00,Hamburg Hbf
2026-02-22,157435572,16:40:00,16:43:00,Flensburg
2026-02-22,157434474,16:46:00,16:48:00,Esbjerg St.
2026-02-22,157437084,16:53:00,16:55:00,Fredericia St.
2026-02-22,157437090,17:04:00,17:06:00,Esbjerg St.
2026-02-22,157434499,17:11:00,17:13:00,Østerport St.
2026-02-22,157435582,17:16:00,17:18:00,Fredericia St.
2026-02-22,157434473,17:46:00,17:48:00,Esbjerg St.
2026-02-22,157434092,17:51:00,17:53:00,Skanderborg St.
2026-02-22,157435799,17:52:00,17:54:00,Sønderborg St.
2026-02-22,157435833,18:03:00,18:05:00,CPH Lufthavn
2026-02-22,157434181,18:04:00,18:06:00,Esbjerg St.
2026-02-22,157434498,18:11:00,18:13:00,Østerport St.
2026-02-22,157438490,18:12:00,18:15:00,Hamburg Hbf
2026-02-22,157435571,18:40:00,18:43:00,Flensburg
2026-02-22,157434472,18:46:00,18:48:00,Esbjerg St.
2026-02-22,157434087,18:51:00,18:53:00,Skanderborg St.
2026-02-22,157434176,19:04:00,19:06:00,Esbjerg St.
2026-02-22,157434497,19:11:00,19:13:00,Østerport St.
2026-02-22,157435581,19:16:00,19:18:00,Fredericia St.
2026-02-22,157438487,19:44:00,19:46:00,København H
2026-02-22,157434471,19:46:00,19:48:00,Esbjerg St.
2026-02-22,157434082,19:51:00,19:53:00,Skanderborg St.
2026-02-22,157435795,19:52:00,19:54:00,Sønderborg St.
2026-02-22,157435828,20:03:00,20:05:00,CPH Lufthavn
2026-02-22,157434171,20:04:00,20:06:00,Esbjerg St.
2026-02-22,157434485,20:11:00,20:13:00,København H
2026-02-22,157435570,20:40:00,20:43:00,Flensburg
2026-02-22,157434470,20:46:00,20:48:00,Esbjerg St.
2026-02-22,157434078,20:51:00,20:53:00,Skanderborg St.
2026-02-22,157434165,21:04:00,21:06:00,Esbjerg St.
2026-02-22,157435580,21:16:00,21:18:00,Fredericia St.
2026-02-22,157434469,21:46:00,21:48:00,Esbjerg St.
2026-02-22,157434073,21:51:00,21:53:00,Aarhus H
2026-02-22,157435789,21:52:00,21:54:00,Sønderborg St.
2026-02-22,157436459,22:03:00,22:05:00,Odense St.
2026-02-22,157434161,22:04:00,22:06:00,Esbjerg St.
2026-02-22,157435564,23:17:00,23:19:00,Fredericia St.
2026-02-22,157434155,23:25:00,23:27:00,Esbjerg St.
2026-02-22,157434148,23:29:00,23:31:00,Fredericia St.
2026-02-22,157436456,24:03:00,24:05:00,Fredericia St.
2026-02-22,157436462,24:07:00,24:09:00,Sønderborg St.
2026-02-22,157434141,24:29:00,24:31:00,Fredericia St.
2026-02-22,157434226,6:20:00,6:22:00,Esbjerg St.
2026-02-22,157435577,6:40:00,6:43:00,Flensburg
2026-02-22,157434133,6:51:00,6:53:00,Aarhus H
2026-02-22,157434222,7:04:00,7:06:00,Esbjerg St.
2026-02-22,157434507,7:11:00,7:13:00,Østerport St.
2026-02-22,157434128,7:51:00,7:53:00,Skanderborg St.
2026-02-22,157436463,7:52:00,7:54:00,Sønderborg St.
2026-02-22,157435854,8:03:00,8:05:00,CPH Lufthavn
2026-02-22,157434216,8:04:00,8:06:00,Esbjerg St.
2026-02-22,157434483,8:11:00,8:13:00,Østerport St.
2026-02-22,157438480,8:12:00,8:15:00,Hamburg Hbf
2026-02-22,157435576,8:40:00,8:43:00,Flensburg
2026-02-22,157434467,8:46:00,8:48:00,Esbjerg St.
2026-02-22,157437088,8:53:00,8:55:00,Fredericia St.
2026-02-22,157437094,9:04:00,9:06:00,Esbjerg St.
2026-02-22,157434482,9:11:00,9:13:00,Østerport St.
2026-02-22,157435585,9:16:00,9:18:00,Fredericia St.
2026-02-22,157434463,9:46:00,9:48:00,Esbjerg St.
2026-02-22,157434124,9:51:00,9:53:00,Skanderborg St.
2026-02-22,157435815,9:52:00,9:54:00,Sønderborg St.
2026-02-23,158419194,10:03:00,10:05:00,CPH Lufthavn
2026-02-23,158417170,10:04:00,10:06:00,Esbjerg St.
2026-02-23,158417488,10:11:00,10:13:00,Østerport St.
2026-02-23,158418862,10:40:00,10:43:00,Flensburg
2026-02-23,158417474,10:46:00,10:48:00,Esbjerg St.
2026-02-23,158417063,10:51:00,10:53:00,Skanderborg St.
2026-02-23,158417164,11:04:00,11:06:00,Esbjerg St.
2026-02-23,158417487,11:11:00,11:13:00,Østerport St.
2026-02-23,158418879,11:16:00,11:18:00,Fredericia St.
2026-02-23,158422251,11:44:00,11:46:00,København H
2026-02-23,158417473,11:46:00,11:48:00,Esbjerg St.
2026-02-23,158417052,11:51:00,11:53:00,Skanderborg St.
2026-02-23,158419154,11:52:00,11:54:00,Sønderborg St.
2026-02-23,158419190,12:03:00,12:05:00,CPH Lufthavn
2026-02-23,158417158,12:04:00,12:06:00,Esbjerg St.
2026-02-23,158417486,12:11:00,12:13:00,Østerport St.
2026-02-23,158418861,12:40:00,12:43:00,Flensburg
2026-02-23,158417461,12:46:00,12:48:00,Esbjerg St.
2026-02-23,158420629,12:53:00,12:55:00,Fredericia St.
2026-02-23,158420639,13:04:00,13:06:00,Esbjerg St.
2026-02-23,158417485,13:11:00,13:13:00,Østerport St.
2026-02-23,158418842,13:16:00,13:18:00,Fredericia St.
2026-02-23,158422271,13:44:00,13:46:00,København H
2026-02-23,158417472,13:46:00,13:48:00,Esbjerg St.
2026-02-23,158417043,13:51:00,13:53:00,Skanderborg St.
2026-02-23,158419150,13:52:00,13:54:00,Sønderborg St.
2026-02-23,158419186,14:03:00,14:05:00,CPH Lufthavn
2026-02-23,158417153,14:04:00,14:06:00,Esbjerg St.
2026-02-23,158417484,14:11:00,14:13:00,Østerport St.
2026-02-23,158418860,14:40:00,14:43:00,Flensburg
2026-02-23,158417471,14:46:00,14:48:00,Esbjerg St.
2026-02-23,158417035,14:51:00,14:53:00,Skanderborg St.
2026-02-23,158417147,15:04:00,15:06:00,Esbjerg St.
2026-02-23,158417483,15:11:00,15:13:00,Østerport St.
2026-02-23,158418878,15:16:00,15:18:00,Fredericia St.
2026-02-23,158417460,15:46:00,15:48:00,Esbjerg St.
2026-02-23,158417027,15:51:00,15:53:00,Skanderborg St.
2026-02-23,158419145,15:52:00,15:54:00,Sønderborg St.
2026-02-23,158419181,16:03:00,16:05:00,CPH Lufthavn
2026-02-23,158417142,16:04:00,16:06:00,Esbjerg St.
2026-02-23,158417482,16:11:00,16:13:00,Østerport St.
2026-02-23,158422260,16:12:00,16:15:00,Hamburg Hbf
2026-02-23,158418859,16:40:00,16:43:00,Flensburg
2026-02-23,158417470,16:46:00,16:48:00,Esbjerg St.
2026-02-23,158420626,16:53:00,16:55:00,Fredericia St.
2026-02-23,158420635,17:04:00,17:06:00,Esbjerg St.
2026-02-23,158417481,17:11:00,17:13:00,Østerport St.
2026-02-23,158418877,17:16:00,17:18:00,Fredericia St.
2026-02-23,158417469,17:46:00,17:48:00,Esbjerg St.
2026-02-23,158417019,17:51:00,17:53:00,Skanderborg St.
2026-02-23,158419140,17:52:00,17:54:00,Sønderborg St.
2026-02-23,158419177,18:03:00,18:05:00,CPH Lufthavn
2026-02-23,158417137,18:04:00,18:06:00,Esbjerg St.
2026-02-23,158417480,18:11:00,18:13:00,Østerport St.
2026-02-23,158422246,18:12:00,18:15:00,Hamburg Hbf
2026-02-23,158418858,18:40:00,18:43:00,Flensburg
2026-02-23,158417468,18:46:00,18:48:00,Esbjerg St.
2026-02-23,158417012,18:51:00,18:53:00,Skanderborg St.
2026-02-23,158417132,19:04:00,19:06:00,Esbjerg St.
2026-02-23,158417479,19:11:00,19:13:00,Østerport St.
2026-02-23,158418876,19:16:00,19:18:00,Fredericia St.
2026-02-23,158417467,19:46:00,19:48:00,Esbjerg St.
2026-02-23,158417007,19:51:00,19:53:00,Skanderborg St.
2026-02-23,158419134,19:52:00,19:54:00,Sønderborg St.
2026-02-23,158419173,20:03:00,20:05:00,CPH Lufthavn
2026-02-23,158417127,20:04:00,20:06:00,Esbjerg St.
2026-02-23,158417439,20:11:00,20:13:00,Østerport St.
2026-02-23,158418857,20:40:00,20:43:00,Flensburg
2026-02-23,158417466,20:46:00,20:48:00,Esbjerg St.
2026-02-23,158417002,20:51:00,20:53:00,Skanderborg St.
2026-02-23,158417121,21:04:00,21:06:00,Esbjerg St.
2026-02-23,158418875,21:16:00,21:18:00,Fredericia St.
2026-02-23,158417465,21:46:00,21:48:00,Esbjerg St.
2026-02-23,158416997,21:51:00,21:53:00,Aarhus H
2026-02-23,158419126,21:52:00,21:54:00,Sønderborg St.
2026-02-23,158419905,22:03:00,22:05:00,Odense St.
2026-02-23,158417117,22:04:00,22:06:00,Esbjerg St.
2026-02-23,158420227,22:39:00,22:39:00,Kolding St.
2026-02-23,158420222,22:49:00,22:49:00,Fredericia St.
2026-02-23,158418840,23:17:00,23:19:00,Fredericia St.
2026-02-23,158417110,23:25:00,23:27:00,Esbjerg St.
2026-02-23,158417104,23:29:00,23:31:00,Fredericia St.
2026-02-23,158419900,24:03:00,24:05:00,Fredericia St.
2026-02-23,158419909,24:07:00,24:09:00,Sønderborg St.
2026-02-23,158417097,24:29:00,24:31:00,Fredericia St.
2026-02-23,158418865,4:40:00,4:43:00,Flensburg
2026-02-23,158417492,5:11:00,5:13:00,Østerport St.
2026-02-23,158417185,5:20:00,5:22:00,Esbjerg St.
2026-02-23,158417107,5:51:00,5:53:00,Skanderborg St.
2026-02-23,158419168,5:52:00,5:54:00,Sønderborg St.
2026-02-23,158419202,6:03:00,6:05:00,CPH Lufthavn
2026-02-23,158417491,6:11:00,6:13:00,Østerport St.
2026-02-23,158417184,6:20:00,6:22:00,Esbjerg St.
2026-02-23,158418864,6:40:00,6:43:00,Flensburg
2026-02-23,158417478,6:46:00,6:48:00,Esbjerg St.
2026-02-23,158417090,6:51:00,6:53:00,Skanderborg St.
2026-02-23,158417180,7:04:00,7:06:00,Esbjerg St.
2026-02-23,158417489,7:11:00,7:13:00,Østerport St.
2026-02-23,158418881,7:16:00,7:18:00,Fredericia St.
2026-02-23,158417475,7:46:00,7:48:00,Esbjerg St.
2026-02-23,158417079,7:51:00,7:53:00,Skanderborg St.
2026-02-23,158419164,7:52:00,7:54:00,Sønderborg St.
2026-02-23,158419199,8:03:00,8:05:00,CPH Lufthavn
2026-02-23,158417174,8:04:00,8:06:00,Esbjerg St.
2026-02-23,158417477,8:11:00,8:13:00,Østerport St.
2026-02-23,158418863,8:40:00,8:43:00,Flensburg
2026-02-23,158417464,8:46:00,8:48:00,Esbjerg St.
2026-02-23,158420632,8:53:00,8:55:00,Fredericia St.
2026-02-23,158420642,9:04:00,9:06:00,Esbjerg St.
2026-02-23,158417476,9:11:00,9:13:00,Østerport St.
2026-02-23,158418880,9:16:00,9:18:00,Fredericia St.
2026-02-23,158417462,9:46:00,9:48:00,Esbjerg St.
2026-02-23,158417072,9:51:00,9:53:00,Skanderborg St.
2026-02-23,158419159,9:52:00,9:54:00,Sønderborg St.
2026-02-24,158419194,10:03:00,10:05:00,CPH Lufthavn
2026-02-24,158417170,10:04:00,10:06:00,Esbjerg St.
2026-02-24,158417488,10:11:00,10:13:00,Østerport St.
2026-02-24,158422286,10:12:00,10:15:00,Hamburg Hbf
2026-02-24,158418862,10:40:00,10:43:00,Flensburg
2026-02-24,158417474,10:46:00,10:48:00,Esbjerg St.
2026-02-24,158417063,10:51:00,10:53:00,Skanderborg St.
2026-02-24,158417164,11:04:00,11:06:00,Esbjerg St.
2026-02-24,158417487,11:11:00,11:13:00,Østerport St.
2026-02-24,158418879,11:16:00,11:18:00,Fredericia St.
2026-02-24,158422251,11:44:00,11:46:00,København H
2026-02-24,158417473,11:46:00,11:48:00,Esbjerg St.
2026-02-24,158417052,11:51:00,11:53:00,Skanderborg St.
2026-02-24,158419154,11:52:00,11:54:00,Sønderborg St.
2026-02-24,158419190,12:03:00,12:05:00,CPH Lufthavn
2026-02-24,158417158,12:04:00,12:06:00,Esbjerg St.
2026-02-24,158417486,12:11:00,12:13:00,Østerport St.
2026-02-24,158418861,12:40:00,12:43:00,Flensburg
2026-02-24,158417461,12:46:00,12:48:00,Esbjerg St.
2026-02-24,158420629,12:53:00,12:55:00,Fredericia St.
2026-02-24,158420639,13:04:00,13:06:00,Esbjerg St.
2026-02-24,158417485,13:11:00,13:13:00,Østerport St.
2026-02-24,158418842,13:16:00,13:18:00,Fredericia St.
2026-02-24,158422271,13:44:00,13:46:00,København H
2026-02-24,158417472,13:46:00,13:48:00,Esbjerg St.
2026-02-24,158417043,13:51:00,13:53:00,Skanderborg St.
2026-02-24,158419150,13:52:00,13:54:00,Sønderborg St.
2026-02-24,158419186,14:03:00,14:05:00,CPH Lufthavn
2026-02-24,158417153,14:04:00,14:06:00,Esbjerg St.
2026-02-24,158417484,14:11:00,14:13:00,Østerport St.
2026-02-24,158418860,14:40:00,14:43:00,Flensburg
2026-02-24,158417471,14:46:00,14:48:00,Esbjerg St.
2026-02-24,158417035,14:51:00,14:53:00,Skanderborg St.
2026-02-24,158417147,15:04:00,15:06:00,Esbjerg St.
2026-02-24,158417483,15:11:00,15:13:00,Østerport St.
2026-02-24,158418878,15:16:00,15:18:00,Fredericia St.
2026-02-24,158417460,15:46:00,15:48:00,Esbjerg St.
2026-02-24,158417027,15:51:00,15:53:00,Skanderborg St.
2026-02-24,158419145,15:52:00,15:54:00,Sønderborg St.
2026-02-24,158419181,16:03:00,16:05:00,CPH Lufthavn
2026-02-24,158417142,16:04:00,16:06:00,Esbjerg St.
2026-02-24,158417482,16:11:00,16:13:00,Østerport St.
2026-02-24,158422260,16:12:00,16:15:00,Hamburg Hbf
2026-02-24,158418859,16:40:00,16:43:00,Flensburg
2026-02-24,158417470,16:46:00,16:48:00,Esbjerg St.
2026-02-24,158420626,16:53:00,16:55:00,Fredericia St.
2026-02-24,158420635,17:04:00,17:06:00,Esbjerg St.
2026-02-24,158417481,17:11:00,17:13:00,Østerport St.
2026-02-24,158418877,17:16:00,17:18:00,Fredericia St.
2026-02-24,158422272,17:44:00,17:46:00,København H
2026-02-24,158417469,17:46:00,17:48:00,Esbjerg St.
2026-02-24,158417019,17:51:00,17:53:00,Skanderborg St.
2026-02-24,158419140,17:52:00,17:54:00,Sønderborg St.
2026-02-24,158419177,18:03:00,18:05:00,CPH Lufthavn
2026-02-24,158417137,18:04:00,18:06:00,Esbjerg St.
2026-02-24,158417480,18:11:00,18:13:00,Østerport St.
2026-02-24,158422246,18:12:00,18:15:00,Hamburg Hbf
2026-02-24,158418858,18:40:00,18:43:00,Flensburg
2026-02-24,158417468,18:46:00,18:48:00,Esbjerg St.
2026-02-24,158417012,18:51:00,18:53:00,Skanderborg St.
2026-02-24,158417132,19:04:00,19:06:00,Esbjerg St.
2026-02-24,158417479,19:11:00,19:13:00,Østerport St.
2026-02-24,158418876,19:16:00,19:18:00,Fredericia St.
2026-02-24,158417467,19:46:00,19:48:00,Esbjerg St.
2026-02-24,158417007,19:51:00,19:53:00,Skanderborg St.
2026-02-24,158419134,19:52:00,19:54:00,Sønderborg St.
2026-02-24,158419173,20:03:00,20:05:00,CPH Lufthavn
2026-02-24,158417127,20:04:00,20:06:00,Esbjerg St.
2026-02-24,158417439,20:11:00,20:13:00,Østerport St.
2026-02-24,158418857,20:40:00,20:43:00,Flensburg
2026-02-24,158417466,20:46:00,20:48:00,Esbjerg St.
2026-02-24,158417002,20:51:00,20:53:00,Skanderborg St.
2026-02-24,158417121,21:04:00,21:06:00,Esbjerg St.
2026-02-24,158418875,21:16:00,21:18:00,Fredericia St.
2026-02-24,158417465,21:46:00,21:48:00,Esbjerg St.
2026-02-24,158416997,21:51:00,21:53:00,Aarhus H
2026-02-24,158419126,21:52:00,21:54:00,Sønderborg St.
2026-02-24,158419905,22:03:00,22:05:00,Odense St.
2026-02-24,158417117,22:04:00,22:06:00,Esbjerg St.
2026-02-24,158420227,22:39:00,22:39:00,Kolding St.
2026-02-24,158420222,22:49:00,22:49:00,Fredericia St.
2026-02-24,158418840,23:17:00,23:19:00,Fredericia St.
2026-02-24,158417110,23:25:00,23:27:00,Esbjerg St.
2026-02-24,158417104,23:29:00,23:31:00,Fredericia St.
2026-02-24,158419900,24:03:00,24:05:00,Fredericia St.
2026-02-24,158419909,24:07:00,24:09:00,Sønderborg St.
2026-02-24,158417097,24:29:00,24:31:00,Fredericia St.
2026-02-24,158418865,4:40:00,4:43:00,Flensburg
2026-02-24,158417492,5:11:00,5:13:00,Østerport St.
2026-02-24,158417185,5:20:00,5:22:00,Esbjerg St.
2026-02-24,158417107,5:51:00,5:53:00,Skanderborg St.
2026-02-24,158419168,5:52:00,5:54:00,Sønderborg St.
2026-02-24,158419202,6:03:00,6:05:00,CPH Lufthavn
2026-02-24,158417491,6:11:00,6:13:00,Østerport St.
2026-02-24,158417184,6:20:00,6:22:00,Esbjerg St.
2026-02-24,158418864,6:40:00,6:43:00,Flensburg
2026-02-24,158417478,6:46:00,6:48:00,Esbjerg St.
2026-02-24,158417090,6:51:00,6:53:00,Skanderborg St.
2026-02-24,158417180,7:04:00,7:06:00,Esbjerg St.
2026-02-24,158417489,7:11:00,7:13:00,Østerport St.
2026-02-24,158418881,7:16:00,7:18:00,Fredericia St.
2026-02-24,158417475,7:46:00,7:48:00,Esbjerg St.
2026-02-24,158417079,7:51:00,7:53:00,Skanderborg St.
2026-02-24,158419164,7:52:00,7:54:00,Sønderborg St.
2026-02-24,158419199,8:03:00,8:05:00,CPH Lufthavn
2026-02-24,158417174,8:04:00,8:06:00,Esbjerg St.
2026-02-24,158417477,8:11:00,8:13:00,Østerport St.
2026-02-24,158418863,8:40:00,8:43:00,Flensburg
2026-02-24,158417464,8:46:00,8:48:00,Esbjerg St.
2026-02-24,158420632,8:53:00,8:55:00,Fredericia St.
2026-02-24,158420642,9:04:00,9:06:00,Esbjerg St.
2026-02-24,158417476,9:11:00,9:13:00,Østerport St.
2026-02-24,158418880,9:16:00,9:18:00,Fredericia St.
2026-02-24,158417462,9:46:00,9:48:00,Esbjerg St.
2026-02-24,158417072,9:51:00,9:53:00,Skanderborg St.
2026-02-24,158419159,9:52:00,9:54:00,Sønderborg St.
2026-02-25,158419194,10:03:00,10:05:00,CPH Lufthavn
2026-02-25,158417170,10:04:00,10:06:00,Esbjerg St.
2026-02-25,158417488,10:11:00,10:13:00,Østerport St.
2026-02-25,158418862,10:40:00,10:43:00,Flensburg
2026-02-25,158417474,10:46:00,10:48:00,Esbjerg St.
2026-02-25,158417063,10:51:00,10:53:00,Skanderborg St.
2026-02-25,158417164,11:04:00,11:06:00,Esbjerg St.
2026-02-25,158417487,11:11:00,11:13:00,Østerport St.
2026-02-25,158418879,11:16:00,11:18:00,Fredericia St.
2026-02-25,158422251,11:44:00,11:46:00,København H
2026-02-25,158417473,11:46:00,11:48:00,Esbjerg St.
2026-02-25,158417052,11:51:00,11:53:00,Skanderborg St.
2026-02-25,158419154,11:52:00,11:54:00,Sønderborg St.
2026-02-25,158419190,12:03:00,12:05:00,CPH Lufthavn
2026-02-25,158417158,12:04:00,12:06:00,Esbjerg St.
2026-02-25,158417486,12:11:00,12:13:00,Østerport St.
2026-02-25,158418861,12:40:00,12:43:00,Flensburg
2026-02-25,158417461,12:46:00,12:48:00,Esbjerg St.
2026-02-25,158420629,12:53:00,12:55:00,Fredericia St.
2026-02-25,158420639,13:04:00,13:06:00,Esbjerg St.
2026-02-25,158417485,13:11:00,13:13:00,Østerport St.
2026-02-25,158418842,13:16:00,13:18:00,Fredericia St.
2026-02-25,158422271,13:44:00,13:46:00,København H
2026-02-25,158417472,13:46:00,13:48:00,Esbjerg St.
2026-02-25,158417043,13:51:00,13:53:00,Skanderborg St.
2026-02-25,158419150,13:52:00,13:54:00,Sønderborg St.
2026-02-25,158419186,14:03:00,14:05:00,CPH Lufthavn
2026-02-25,158417153,14:04:00,14:06:00,Esbjerg St.
2026-02-25,158417484,14:11:00,14:13:00,Østerport St.
2026-02-25,158418860,14:40:00,14:43:00,Flensburg
2026-02-25,158417471,14:46:00,14:48:00,Esbjerg St.
2026-02-25,158417035,14:51:00,14:53:00,Skanderborg St.
2026-02-25,158417147,15:04:00,15:06:00,Esbjerg St.
2026-02-25,158417483,15:11:00,15:13:00,Østerport St.
2026-02-25,158418878,15:16:00,15:18:00,Fredericia St.
2026-02-25,158417460,15:46:00,15:48:00,Esbjerg St.
2026-02-25,158417027,15:51:00,15:53:00,Skanderborg St.
2026-02-25,158419145,15:52:00,15:54:00,Sønderborg St.
2026-02-25,158419181,16:03:00,16:05:00,CPH Lufthavn
2026-02-25,158417142,16:04:00,16:06:00,Esbjerg St.
2026-02-25,158417482,16:11:00,16:13:00,Østerport St.
2026-02-25,158422260,16:12:00,16:15:00,Hamburg Hbf
2026-02-25,158418859,16:40:00,16:43:00,Flensburg
2026-02-25,158417470,16:46:00,16:48:00,Esbjerg St.
2026-02-25,158420626,16:53:00,16:55:00,Fredericia St.
2026-02-25,158420635,17:04:00,17:06:00,Esbjerg St.
2026-02-25,158417481,17:11:00,17:13:00,Østerport St.
2026-02-25,158418877,17:16:00,17:18:00,Fredericia St.
2026-02-25,158417469,17:46:00,17:48:00,Esbjerg St.
2026-02-25,158417019,17:51:00,17:53:00,Skanderborg St.
2026-02-25,158419140,17:52:00,17:54:00,Sønderborg St.
2026-02-25,158419177,18:03:00,18:05:00,CPH Lufthavn
2026-02-25,158417137,18:04:00,18:06:00,Esbjerg St.
2026-02-25,158417480,18:11:00,18:13:00,Østerport St.
2026-02-25,158422246,18:12:00,18:15:00,Hamburg Hbf
2026-02-25,158418858,18:40:00,18:43:00,Flensburg
2026-02-25,158417468,18:46:00,18:48:00,Esbjerg St.
2026-02-25,158417012,18:51:00,18:53:00,Skanderborg St.
2026-02-25,158417132,19:04:00,19:06:00,Esbjerg St.
2026-02-25,158417479,19:11:00,19:13:00,Østerport St.
2026-02-25,158418876,19:16:00,19:18:00,Fredericia St.
2026-02-25,158417467,19:46:00,19:48:00,Esbjerg St.
2026-02-25,158417007,19:51:00,19:53:00,Skanderborg St.
2026-02-25,158419134,19:52:00,19:54:00,Sønderborg St.
2026-02-25,158419173,20:03:00,20:05:00,CPH Lufthavn
2026-02-25,158417127,20:04:00,20:06:00,Esbjerg St.
2026-02-25,158417439,20:11:00,20:13:00,Østerport St.
2026-02-25,158418857,20:40:00,20:43:00,Flensburg
2026-02-25,158417466,20:46:00,20:48:00,Esbjerg St.
2026-02-25,158417002,20:51:00,20:53:00,Skanderborg St.
2026-02-25,158417121,21:04:00,21:06:00,Esbjerg St.
2026-02-25,158418875,21:16:00,21:18:00,Fredericia St.
2026-02-25,158417465,21:46:00,21:48:00,Esbjerg St.
2026-02-25,158416997,21:51:00,21:53:00,Aarhus H
2026-02-25,158419126,21:52:00,21:54:00,Sønderborg St.
2026-02-25,158419905,22:03:00,22:05:00,Odense St.
2026-02-25,158417117,22:04:00,22:06:00,Esbjerg St.
2026-02-25,158420227,22:39:00,22:39:00,Kolding St.
2026-02-25,158420222,22:49:00,22:49:00,Fredericia St.
2026-02-25,158418840,23:17:00,23:19:00,Fredericia St.
2026-02-25,158417110,23:25:00,23:27:00,Esbjerg St.
2026-02-25,158417104,23:29:00,23:31:00,Fredericia St.
2026-02-25,158419900,24:03:00,24:05:00,Fredericia St.
2026-02-25,158419909,24:07:00,24:09:00,Sønderborg St.
2026-02-25,158417097,24:29:00,24:31:00,Fredericia St.
2026-02-25,158418865,4:40:00,4:43:00,Flensburg
2026-02-25,158417492,5:11:00,5:13:00,Østerport St.
2026-02-25,158417185,5:20:00,5:22:00,Esbjerg St.
2026-02-25,158417107,5:51:00,5:53:00,Skanderborg St.
2026-02-25,158419168,5:52:00,5:54:00,Sønderborg St.
2026-02-25,158419202,6:03:00,6:05:00,CPH Lufthavn
2026-02-25,158417491,6:11:00,6:13:00,Østerport St.
2026-02-25,158417184,6:20:00,6:22:00,Esbjerg St.
2026-02-25,158418864,6:40:00,6:43:00,Flensburg
2026-02-25,158417478,6:46:00,6:48:00,Esbjerg St.
2026-02-25,158417090,6:51:00,6:53:00,Skanderborg St.
2026-02-25,158417180,7:04:00,7:06:00,Esbjerg St.
2026-02-25,158417489,7:11:00,7:13:00,Østerport St.
2026-02-25,158418881,7:16:00,7:18:00,Fredericia St.
2026-02-25,158417475,7:46:00,7:48:00,Esbjerg St.
2026-02-25,158417079,7:51:00,7:53:00,Skanderborg St.
2026-02-25,158419164,7:52:00,7:54:00,Sønderborg St.
2026-02-25,158419199,8:03:00,8:05:00,CPH Lufthavn
2026-02-25,158417174,8:04:00,8:06:00,Esbjerg St.
2026-02-25,158417477,8:11:00,8:13:00,Østerport St.
2026-02-25,158418863,8:40:00,8:43:00,Flensburg
2026-02-25,158417464,8:46:00,8:48:00,Esbjerg St.
2026-02-25,158420632,8:53:00,8:55:00,Fredericia St.
2026-02-25,158420642,9:04:00,9:06:00,Esbjerg St.
2026-02-25,158417476,9:11:00,9:13:00,Østerport St.
2026-02-25,158418880,9:16:00,9:18:00,Fredericia St.
2026-02-25,158417462,9:46:00,9:48:00,Esbjerg St.
2026-02-25,158417072,9:51:00,9:53:00,Skanderborg St.
2026-02-25,158419159,9:52:00,9:54:00,Sønderborg St.
2026-02-26,158419194,10:03:00,10:05:00,CPH Lufthavn
2026-02-26,158417170,10:04:00,10:06:00,Esbjerg St.
2026-02-26,158417488,10:11:00,10:13:00,Østerport St.
2026-02-26,158418862,10:40:00,10:43:00,Flensburg
2026-02-26,158417474,10:46:00,10:48:00,Esbjerg St.
2026-02-26,158417063,10:51:00,10:53:00,Skanderborg St.
2026-02-26,158417164,11:04:00,11:06:00,Esbjerg St.
2026-02-26,158417487,11:11:00,11:13:00,Østerport St.
2026-02-26,158418879,11:16:00,11:18:00,Fredericia St.
2026-02-26,158422251,11:44:00,11:46:00,København H
2026-02-26,158417473,11:46:00,11:48:00,Esbjerg St.
2026-02-26,158417052,11:51:00,11:53:00,Skanderborg St.
2026-02-26,158419154,11:52:00,11:54:00,Sønderborg St.
2026-02-26,158419190,12:03:00,12:05:00,CPH Lufthavn
2026-02-26,158417158,12:04:00,12:06:00,Esbjerg St.
2026-02-26,158417486,12:11:00,12:13:00,Østerport St.
2026-02-26,158418861,12:40:00,12:43:00,Flensburg
2026-02-26,158417461,12:46:00,12:48:00,Esbjerg St.
2026-02-26,158420629,12:53:00,12:55:00,Fredericia St.
2026-02-26,158420639,13:04:00,13:06:00,Esbjerg St.
2026-02-26,158417485,13:11:00,13:13:00,Østerport St.
2026-02-26,158418842,13:16:00,13:18:00,Fredericia St.
2026-02-26,158422271,13:44:00,13:46:00,København H
2026-02-26,158417472,13:46:00,13:48:00,Esbjerg St.
2026-02-26,158417043,13:51:00,13:53:00,Skanderborg St.
2026-02-26,158419150,13:52:00,13:54:00,Sønderborg St.
2026-02-26,158419186,14:03:00,14:05:00,CPH Lufthavn
2026-02-26,158417153,14:04:00,14:06:00,Esbjerg St.
2026-02-26,158417484,14:11:00,14:13:00,Østerport St.
2026-02-26,158418860,14:40:00,14:43:00,Flensburg
2026-02-26,158417471,14:46:00,14:48:00,Esbjerg St.
2026-02-26,158417035,14:51:00,14:53:00,Skanderborg St.
2026-02-26,158417147,15:04:00,15:06:00,Esbjerg St.
2026-02-26,158417483,15:11:00,15:13:00,Østerport St.
2026-02-26,158418878,15:16:00,15:18:00,Fredericia St.
2026-02-26,158417460,15:46:00,15:48:00,Esbjerg St.
2026-02-26,158417027,15:51:00,15:53:00,Skanderborg St.
2026-02-26,158419145,15:52:00,15:54:00,Sønderborg St.
2026-02-26,158419181,16:03:00,16:05:00,CPH Lufthavn
2026-02-26,158417142,16:04:00,16:06:00,Esbjerg St.
2026-02-26,158417482,16:11:00,16:13:00,Østerport St.
2026-02-26,158422260,16:12:00,16:15:00,Hamburg Hbf
2026-02-26,158418859,16:40:00,16:43:00,Flensburg
2026-02-26,158417470,16:46:00,16:48:00,Esbjerg St.
2026-02-26,158420626,16:53:00,16:55:00,Fredericia St.
2026-02-26,158420635,17:04:00,17:06:00,Esbjerg St.
2026-02-26,158417481,17:11:00,17:13:00,Østerport St.
2026-02-26,158418877,17:16:00,17:18:00,Fredericia St.
2026-02-26,158417469,17:46:00,17:48:00,Esbjerg St.
2026-02-26,158417019,17:51:00,17:53:00,Skanderborg St.
2026-02-26,158419140,17:52:00,17:54:00,Sønderborg St.
2026-02-26,158419177,18:03:00,18:05:00,CPH Lufthavn
2026-02-26,158417137,18:04:00,18:06:00,Esbjerg St.
2026-02-26,158417480,18:11:00,18:13:00,Østerport St.
2026-02-26,158422246,18:12:00,18:15:00,Hamburg Hbf
2026-02-26,158418858,18:40:00,18:43:00,Flensburg
2026-02-26,158417468,18:46:00,18:48:00,Esbjerg St.
2026-02-26,158417012,18:51:00,18:53:00,Skanderborg St.
2026-02-26,158417132,19:04:00,19:06:00,Esbjerg St.
2026-02-26,158417479,19:11:00,19:13:00,Østerport St.
2026-02-26,158418876,19:16:00,19:18:00,Fredericia St.
2026-02-26,158417467,19:46:00,19:48:00,Esbjerg St.
2026-02-26,158417007,19:51:00,19:53:00,Skanderborg St.
2026-02-26,158419134,19:52:00,19:54:00,Sønderborg St.
2026-02-26,158419173,20:03:00,20:05:00,CPH Lufthavn
2026-02-26,158417127,20:04:00,20:06:00,Esbjerg St.
2026-02-26,158417439,20:11:00,20:13:00,Østerport St.
2026-02-26,158418857,20:40:00,20:43:00,Flensburg
2026-02-26,158417466,20:46:00,20:48:00,Esbjerg St.
2026-02-26,158417002,20:51:00,20:53:00,Skanderborg St.
2026-02-26,158417121,21:04:00,21:06:00,Esbjerg St.
2026-02-26,158418875,21:16:00,21:18:00,Fredericia St.
2026-02-26,158417465,21:46:00,21:48:00,Esbjerg St.
2026-02-26,158416997,21:51:00,21:53:00,Aarhus H
2026-02-26,158419126,21:52:00,21:54:00,Sønderborg St.
2026-02-26,158419905,22:03:00,22:05:00,Odense St.
2026-02-26,158417117,22:04:00,22:06:00,Esbjerg St.
2026-02-26,158420227,22:39:00,22:39:00,Kolding St.
2026-02-26,158420222,22:49:00,22:49:00,Fredericia St.
2026-02-26,158418840,23:17:00,23:19:00,Fredericia St.
2026-02-26,158417110,23:25:00,23:27:00,Esbjerg St.
2026-02-26,158417104,23:29:00,23:31:00,Fredericia St.
2026-02-26,158419900,24:03:00,24:05:00,Fredericia St.
2026-02-26,158419909,24:07:00,24:09:00,Sønderborg St.
2026-02-26,158417097,24:29:00,24:31:00,Fredericia St.
2026-02-26,158418865,4:40:00,4:43:00,Flensburg
2026-02-26,158417492,5:11:00,5:13:00,Østerport St.
2026-02-26,158417185,5:20:00,5:22:00,Esbjerg St.
2026-02-26,158417107,5:51:00,5:53:00,Skanderborg St.
2026-02-26,158419168,5:52:00,5:54:00,Sønderborg St.
2026-02-26,158419202,6:03:00,6:05:00,CPH Lufthavn
2026-02-26,158417491,6:11:00,6:13:00,Østerport St.
2026-02-26,158417184,6:20:00,6:22:00,Esbjerg St.
2026-02-26,158418864,6:40:00,6:43:00,Flensburg
2026-02-26,158417478,6:46:00,6:48:00,Esbjerg St.
2026-02-26,158417090,6:51:00,6:53:00,Skanderborg St.
2026-02-26,158417180,7:04:00,7:06:00,Esbjerg St.
2026-02-26,158417489,7:11:00,7:13:00,Østerport St.
2026-02-26,158418881,7:16:00,7:18:00,Fredericia St.
2026-02-26,158417475,7:46:00,7:48:00,Esbjerg St.
2026-02-26,158417079,7:51:00,7:53:00,Skanderborg St.
2026-02-26,158419164,7:52:00,7:54:00,Sønderborg St.
2026-02-26,158419199,8:03:00,8:05:00,CPH Lufthavn
2026-02-26,158417174,8:04:00,8:06:00,Esbjerg St.
2026-02-26,158417477,8:11:00,8:13:00,Østerport St.
2026-02-26,158418863,8:40:00,8:43:00,Flensburg
2026-02-26,158417464,8:46:00,8:48:00,Esbjerg St.
2026-02-26,158420632,8:53:00,8:55:00,Fredericia St.
2026-02-26,158420642,9:04:00,9:06:00,Esbjerg St.
2026-02-26,158417476,9:11:00,9:13:00,Østerport St.
2026-02-26,158418880,9:16:00,9:18:00,Fredericia St.
2026-02-26,158417462,9:46:00,9:48:00,Esbjerg St.
2026-02-26,158417072,9:51:00,9:53:00,Skanderborg St.
2026-02-26,158419159,9:52:00,9:54:00,Sønderborg St.
2026-02-27,158419194,10:03:00,10:05:00,CPH Lufthavn
2026-02-27,158417170,10:04:00,10:06:00,Esbjerg St.
2026-02-27,158417488,10:11:00,10:13:00,Østerport St.
2026-02-27,158418862,10:40:00,10:43:00,Flensburg
2026-02-27,158417474,10:46:00,10:48:00,Esbjerg St.
2026-02-27,158417063,10:51:00,10:53:00,Skanderborg St.
2026-02-27,158417164,11:04:00,11:06:00,Esbjerg St.
2026-02-27,158417487,11:11:00,11:13:00,Østerport St.
2026-02-27,158418879,11:16:00,11:18:00,Fredericia St.
2026-02-27,158422251,11:44:00,11:46:00,København H
2026-02-27,158417473,11:46:00,11:48:00,Esbjerg St.
2026-02-27,158417052,11:51:00,11:53:00,Skanderborg St.
2026-02-27,158419154,11:52:00,11:54:00,Sønderborg St.
2026-02-27,158419190,12:03:00,12:05:00,CPH Lufthavn
2026-02-27,158417158,12:04:00,12:06:00,Esbjerg St.
2026-02-27,158417486,12:11:00,12:13:00,Østerport St.
2026-02-27,158418861,12:40:00,12:43:00,Flensburg
2026-02-27,158417461,12:46:00,12:48:00,Esbjerg St.
2026-02-27,158420629,12:53:00,12:55:00,Fredericia St.
2026-02-27,158420639,13:04:00,13:06:00,Esbjerg St.
2026-02-27,158417485,13:11:00,13:13:00,Østerport St.
2026-02-27,158418842,13:16:00,13:18:00,Fredericia St.
2026-02-27,158422271,13:44:00,13:46:00,København H
2026-02-27,158417472,13:46:00,13:48:00,Esbjerg St.
2026-02-27,158417043,13:51:00,13:53:00,Skanderborg St.
2026-02-27,158419150,13:52:00,13:54:00,Sønderborg St.
2026-02-27,158419186,14:03:00,14:05:00,CPH Lufthavn
2026-02-27,158417153,14:04:00,14:06:00,Esbjerg St.
2026-02-27,158417484,14:11:00,14:13:00,Østerport St.
2026-02-27,158418860,14:40:00,14:43:00,Flensburg
2026-02-27,158417471,14:46:00,14:48:00,Esbjerg St.
2026-02-27,158417035,14:51:00,14:53:00,Skanderborg St.
2026-02-27,158417147,15:04:00,15:06:00,Esbjerg St.
2026-02-27,158417483,15:11:00,15:13:00,Østerport St.
2026-02-27,158418878,15:16:00,15:18:00,Fredericia St.
2026-02-27,158417460,15:46:00,15:48:00,Esbjerg St.
2026-02-27,158417027,15:51:00,15:53:00,Skanderborg St.
2026-02-27,158419145,15:52:00,15:54:00,Sønderborg St.
2026-02-27,158419181,16:03:00,16:05:00,CPH Lufthavn
2026-02-27,158417142,16:04:00,16:06:00,Esbjerg St.
2026-02-27,158417482,16:11:00,16:13:00,Østerport St.
2026-02-27,158422260,16:12:00,16:15:00,Hamburg Hbf
2026-02-27,158418859,16:40:00,16:43:00,Flensburg
2026-02-27,158417470,16:46:00,16:48:00,Esbjerg St.
2026-02-27,158420626,16:53:00,16:55:00,Fredericia St.
2026-02-27,158420635,17:04:00,17:06:00,Esbjerg St.
2026-02-27,158417481,17:11:00,17:13:00,Østerport St.
2026-02-27,158418877,17:16:00,17:18:00,Fredericia St.
2026-02-27,158417469,17:46:00,17:48:00,Esbjerg St.
2026-02-27,158417019,17:51:00,17:53:00,Skanderborg St.
2026-02-27,158419140,17:52:00,17:54:00,Sønderborg St.
2026-02-27,158419177,18:03:00,18:05:00,CPH Lufthavn
2026-02-27,158417137,18:04:00,18:06:00,Esbjerg St.
2026-02-27,158417480,18:11:00,18:13:00,Østerport St.
2026-02-27,158422246,18:12:00,18:15:00,Hamburg Hbf
2026-02-27,158418858,18:40:00,18:43:00,Flensburg
2026-02-27,158417468,18:46:00,18:48:00,Esbjerg St.
2026-02-27,158417012,18:51:00,18:53:00,Skanderborg St.
2026-02-27,158417132,19:04:00,19:06:00,Esbjerg St.
2026-02-27,158417479,19:11:00,19:13:00,Østerport St.
2026-02-27,158418876,19:16:00,19:18:00,Fredericia St.
2026-02-27,158417467,19:46:00,19:48:00,Esbjerg St.
2026-02-27,158417007,19:51:00,19:53:00,Skanderborg St.
2026-02-27,158419134,19:52:00,19:54:00,Sønderborg St.
2026-02-27,158419173,20:03:00,20:05:00,CPH Lufthavn
2026-02-27,158417127,20:04:00,20:06:00,Esbjerg St.
2026-02-27,158417439,20:11:00,20:13:00,Østerport St.
2026-02-27,158418857,20:40:00,20:43:00,Flensburg
2026-02-27,158417466,20:46:00,20:48:00,Esbjerg St.
2026-02-27,158417002,20:51:00,20:53:00,Skanderborg St.
2026-02-27,158417121,21:04:00,21:06:00,Esbjerg St.
2026-02-27,158418875,21:16:00,21:18:00,Fredericia St.
2026-02-27,158417465,21:46:00,21:48:00,Esbjerg St.
2026-02-27,158416997,21:51:00,21:53:00,Aarhus H
2026-02-27,158419126,21:52:00,21:54:00,Sønderborg St.
2026-02-27,158419905,22:03:00,22:05:00,Odense St.
2026-02-27,158417117,22:04:00,22:06:00,Esbjerg St.
2026-02-27,158420227,22:39:00,22:39:00,Kolding St.
2026-02-27,158420222,22:49:00,22:49:00,Fredericia St.
2026-02-27,158418840,23:17:00,23:19:00,Fredericia St.
2026-02-27,158417110,23:25:00,23:27:00,Esbjerg St.
2026-02-27,158417098,23:29:00,23:31:00,CPH Lufthavn
2026-02-27,158419900,24:03:00,24:05:00,Fredericia St.
2026-02-27,158419909,24:07:00,24:09:00,Sønderborg St.
2026-02-27,158417097,24:29:00,24:31:00,Fredericia St.
2026-02-27,158418865,4:40:00,4:43:00,Flensburg
2026-02-27,158417492,5:11:00,5:13:00,Østerport St.
2026-02-27,158417185,5:20:00,5:22:00,Esbjerg St.
2026-02-27,158417107,5:51:00,5:53:00,Skanderborg St.
2026-02-27,158419168,5:52:00,5:54:00,Sønderborg St.
2026-02-27,158419202,6:03:00,6:05:00,CPH Lufthavn
2026-02-27,158417491,6:11:00,6:13:00,Østerport St.
2026-02-27,158417184,6:20:00,6:22:00,Esbjerg St.
2026-02-27,158418864,6:40:00,6:43:00,Flensburg
2026-02-27,158417478,6:46:00,6:48:00,Esbjerg St.
2026-02-27,158417090,6:51:00,6:53:00,Skanderborg St.
2026-02-27,158417180,7:04:00,7:06:00,Esbjerg St.
2026-02-27,158417489,7:11:00,7:13:00,Østerport St.
2026-02-27,158418881,7:16:00,7:18:00,Fredericia St.
2026-02-27,158417475,7:46:00,7:48:00,Esbjerg St.
2026-02-27,158417079,7:51:00,7:53:00,Skanderborg St.
2026-02-27,158419164,7:52:00,7:54:00,Sønderborg St.
2026-02-27,158419199,8:03:00,8:05:00,CPH Lufthavn
2026-02-27,158417174,8:04:00,8:06:00,Esbjerg St.
2026-02-27,158417477,8:11:00,8:13:00,Østerport St.
2026-02-27,158418863,8:40:00,8:43:00,Flensburg
2026-02-27,158417464,8:46:00,8:48:00,Esbjerg St.
2026-02-27,158420632,8:53:00,8:55:00,Fredericia St.
2026-02-27,158420642,9:04:00,9:06:00,Esbjerg St.
2026-02-27,158417476,9:11:00,9:13:00,Østerport St.
2026-02-27,158418880,9:16:00,9:18:00,Fredericia St.
2026-02-27,158417462,9:46:00,9:48:00,Esbjerg St.
2026-02-27,158417072,9:51:00,9:53:00,Skanderborg St.
2026-02-27,158419159,9:52:00,9:54:00,Sønderborg St.
2026-02-28,158419194,10:03:00,10:05:00,CPH Lufthavn
2026-02-28,158417170,10:04:00,10:06:00,Esbjerg St.
2026-02-28,158417488,10:11:00,10:13:00,Østerport St.
2026-02-28,158422286,10:12:00,10:15:00,Hamburg Hbf
2026-02-28,158418862,10:40:00,10:43:00,Flensburg
2026-02-28,158417474,10:46:00,10:48:00,Esbjerg St.
2026-02-28,158417063,10:51:00,10:53:00,Skanderborg St.
2026-02-28,158417164,11:04:00,11:06:00,Esbjerg St.
2026-02-28,158417487,11:11:00,11:13:00,Østerport St.
2026-02-28,158418879,11:16:00,11:18:00,Fredericia St.
2026-02-28,158422251,11:44:00,11:46:00,København H
2026-02-28,158417473,11:46:00,11:48:00,Esbjerg St.
2026-02-28,158417052,11:51:00,11:53:00,Skanderborg St.
2026-02-28,158419154,11:52:00,11:54:00,Sønderborg St.
2026-02-28,158419190,12:03:00,12:05:00,CPH Lufthavn
2026-02-28,158417158,12:04:00,12:06:00,Esbjerg St.
2026-02-28,158417486,12:11:00,12:13:00,Østerport St.
2026-02-28,158418861,12:40:00,12:43:00,Flensburg
2026-02-28,158417461,12:46:00,12:48:00,Esbjerg St.
2026-02-28,158420629,12:53:00,12:55:00,Fredericia St.
2026-02-28,158420639,13:04:00,13:06:00,Esbjerg St.
2026-02-28,158417485,13:11:00,13:13:00,Østerport St.
2026-02-28,158418842,13:16:00,13:18:00,Fredericia St.
2026-02-28,158422271,13:44:00,13:46:00,København H
2026-02-28,158417472,13:46:00,13:48:00,Esbjerg St.
2026-02-28,158417043,13:51:00,13:53:00,Skanderborg St.
2026-02-28,158419150,13:52:00,13:54:00,Sønderborg St.
2026-02-28,158419186,14:03:00,14:05:00,CPH Lufthavn
2026-02-28,158417153,14:04:00,14:06:00,Esbjerg St.
2026-02-28,158417484,14:11:00,14:13:00,Østerport St.
2026-02-28,158418860,14:40:00,14:43:00,Flensburg
2026-02-28,158417471,14:46:00,14:48:00,Esbjerg St.
2026-02-28,158417035,14:51:00,14:53:00,Skanderborg St.
2026-02-28,158417147,15:04:00,15:06:00,Esbjerg St.
2026-02-28,158417483,15:11:00,15:13:00,Østerport St.
2026-02-28,158418878,15:16:00,15:18:00,Fredericia St.
2026-02-28,158417460,15:46:00,15:48:00,Esbjerg St.
2026-02-28,158417027,15:51:00,15:53:00,Skanderborg St.
2026-02-28,158419145,15:52:00,15:54:00,Sønderborg St.
2026-02-28,158419181,16:03:00,16:05:00,CPH Lufthavn
2026-02-28,158417142,16:04:00,16:06:00,Esbjerg St.
2026-02-28,158417482,16:11:00,16:13:00,Østerport St.
2026-02-28,158422260,16:12:00,16:15:00,Hamburg Hbf
2026-02-28,158418859,16:40:00,16:43:00,Flensburg
2026-02-28,158417470,16:46:00,16:48:00,Esbjerg St.
2026-02-28,158420626,16:53:00,16:55:00,Fredericia St.
2026-02-28,158420635,17:04:00,17:06:00,Esbjerg St.
2026-02-28,158417481,17:11:00,17:13:00,Østerport St.
2026-02-28,158418877,17:16:00,17:18:00,Fredericia St.
2026-02-28,158422272,17:44:00,17:46:00,København H
2026-02-28,158417469,17:46:00,17:48:00,Esbjerg St.
2026-02-28,158417019,17:51:00,17:53:00,Skanderborg St.
2026-02-28,158419140,17:52:00,17:54:00,Sønderborg St.
2026-02-28,158419177,18:03:00,18:05:00,CPH Lufthavn
2026-02-28,158417137,18:04:00,18:06:00,Esbjerg St.
2026-02-28,158417480,18:11:00,18:13:00,Østerport St.
2026-02-28,158422246,18:12:00,18:15:00,Hamburg Hbf
2026-02-28,158418858,18:40:00,18:43:00,Flensburg
2026-02-28,158417468,18:46:00,18:48:00,Esbjerg St.
2026-02-28,158417012,18:51:00,18:53:00,Skanderborg St.
2026-02-28,158417132,19:04:00,19:06:00,Esbjerg St.
2026-02-28,158417479,19:11:00,19:13:00,Østerport St.
2026-02-28,158418876,19:16:00,19:18:00,Fredericia St.
2026-02-28,158417467,19:46:00,19:48:00,Esbjerg St.
2026-02-28,158417007,19:51:00,19:53:00,Skanderborg St.
2026-02-28,158419134,19:52:00,19:54:00,Sønderborg St.
2026-02-28,158419173,20:03:00,20:05:00,CPH Lufthavn
2026-02-28,158417127,20:04:00,20:06:00,Esbjerg St.
2026-02-28,158417439,20:11:00,20:13:00,Østerport St.
2026-02-28,158418857,20:40:00,20:43:00,Flensburg
2026-02-28,158417466,20:46:00,20:48:00,Esbjerg St.
2026-02-28,158417002,20:51:00,20:53:00,Skanderborg St.
2026-02-28,158417121,21:04:00,21:06:00,Esbjerg St.
2026-02-28,158418875,21:16:00,21:18:00,Fredericia St.
2026-02-28,158417465,21:46:00,21:48:00,Esbjerg St.
2026-02-28,158416997,21:51:00,21:53:00,Aarhus H
2026-02-28,158419126,21:52:00,21:54:00,Sønderborg St.
2026-02-28,158419905,22:03:00,22:05:00,Odense St.
2026-02-28,158417117,22:04:00,22:06:00,Esbjerg St.
2026-02-28,158418840,23:17:00,23:19:00,Fredericia St.
2026-02-28,158417110,23:25:00,23:27:00,Esbjerg St.
2026-02-28,158417098,23:29:00,23:31:00,CPH Lufthavn
2026-02-28,158419900,24:03:00,24:05:00,Fredericia St.
2026-02-28,158419909,24:07:00,24:09:00,Sønderborg St.
2026-02-28,158417097,24:29:00,24:31:00,Fredericia St.
2026-02-28,158418865,4:40:00,4:43:00,Flensburg
2026-02-28,158417184,6:20:00,6:22:00,Esbjerg St.
2026-02-28,158418864,6:40:00,6:43:00,Flensburg
2026-02-28,158417091,6:51:00,6:53:00,Aarhus H
2026-02-28,158417180,7:04:00,7:06:00,Esbjerg St.
2026-02-28,158417489,7:11:00,7:13:00,Østerport St.
2026-02-28,158418881,7:16:00,7:18:00,Fredericia St.
2026-02-28,158417079,7:51:00,7:53:00,Skanderborg St.
2026-02-28,158419911,7:52:00,7:54:00,Sønderborg St.
2026-02-28,158419199,8:03:00,8:05:00,CPH Lufthavn
2026-02-28,158417174,8:04:00,8:06:00,Esbjerg St.
2026-02-28,158417477,8:11:00,8:13:00,Østerport St.
2026-02-28,158418863,8:40:00,8:43:00,Flensburg
2026-02-28,158417463,8:46:00,8:48:00,Esbjerg St.
2026-02-28,158420632,8:53:00,8:55:00,Fredericia St.
2026-02-28,158420642,9:04:00,9:06:00,Esbjerg St.
2026-02-28,158417476,9:11:00,9:13:00,Østerport St.
2026-02-28,158418880,9:16:00,9:18:00,Fredericia St.
2026-02-28,158417459,9:46:00,9:48:00,Esbjerg St.
2026-02-28,158417072,9:51:00,9:53:00,Skanderborg St.
2026-02-28,158419159,9:52:00,9:54:00,Sønderborg St.
2026-03-01,158419194,10:03:00,10:05:00,CPH Lufthavn
2026-03-01,158417170,10:04:00,10:06:00,Esbjerg St.
2026-03-01,158417488,10:11:00,10:13:00,Østerport St.
2026-03-01,158422286,10:12:00,10:15:00,Hamburg Hbf
2026-03-01,158418862,10:40:00,10:43:00,Flensburg
2026-03-01,158417474,10:46:00,10:48:00,Esbjerg St.
2026-03-01,158417063,10:51:00,10:53:00,Skanderborg St.
2026-03-01,158417164,11:04:00,11:06:00,Esbjerg St.
2026-03-01,158417487,11:11:00,11:13:00,Østerport St.
2026-03-01,158418879,11:16:00,11:18:00,Fredericia St.
2026-03-01,158422251,11:44:00,11:46:00,København H
2026-03-01,158417473,11:46:00,11:48:00,Esbjerg St.
2026-03-01,158417052,11:51:00,11:53:00,Skanderborg St.
2026-03-01,158419154,11:52:00,11:54:00,Sønderborg St.
2026-03-01,158419190,12:03:00,12:05:00,CPH Lufthavn
2026-03-01,158417158,12:04:00,12:06:00,Esbjerg St.
2026-03-01,158417486,12:11:00,12:13:00,Østerport St.
2026-03-01,158418861,12:40:00,12:43:00,Flensburg
2026-03-01,158417461,12:46:00,12:48:00,Esbjerg St.
2026-03-01,158420629,12:53:00,12:55:00,Fredericia St.
2026-03-01,158420639,13:04:00,13:06:00,Esbjerg St.
2026-03-01,158417485,13:11:00,13:13:00,Østerport St.
2026-03-01,158418842,13:16:00,13:18:00,Fredericia St.
2026-03-01,158422271,13:44:00,13:46:00,København H
2026-03-01,158417472,13:46:00,13:48:00,Esbjerg St.
2026-03-01,158417043,13:51:00,13:53:00,Skanderborg St.
2026-03-01,158419150,13:52:00,13:54:00,Sønderborg St.
2026-03-01,158419186,14:03:00,14:05:00,CPH Lufthavn
2026-03-01,158417153,14:04:00,14:06:00,Esbjerg St.
2026-03-01,158417484,14:11:00,14:13:00,Østerport St.
2026-03-01,158418860,14:40:00,14:43:00,Flensburg
2026-03-01,158417471,14:46:00,14:48:00,Esbjerg St.
2026-03-01,158417035,14:51:00,14:53:00,Skanderborg St.
2026-03-01,158417147,15:04:00,15:06:00,Esbjerg St.
2026-03-01,158417483,15:11:00,15:13:00,Østerport St.
2026-03-01,158418878,15:16:00,15:18:00,Fredericia St.
2026-03-01,158417460,15:46:00,15:48:00,Esbjerg St.
2026-03-01,158417027,15:51:00,15:53:00,Skanderborg St.
2026-03-01,158419145,15:52:00,15:54:00,Sønderborg St.
2026-03-01,158419181,16:03:00,16:05:00,CPH Lufthavn
2026-03-01,158417142,16:04:00,16:06:00,Esbjerg St.
2026-03-01,158417482,16:11:00,16:13:00,Østerport St.
2026-03-01,158422260,16:12:00,16:15:00,Hamburg Hbf
2026-03-01,158418859,16:40:00,16:43:00,Flensburg
2026-03-01,158417470,16:46:00,16:48:00,Esbjerg St.
2026-03-01,158420626,16:53:00,16:55:00,Fredericia St.
2026-03-01,158420635,17:04:00,17:06:00,Esbjerg St.
2026-03-01,158417481,17:11:00,17:13:00,Østerport St.
2026-03-01,158418877,17:16:00,17:18:00,Fredericia St.
2026-03-01,158422272,17:44:00,17:46:00,København H
2026-03-01,158417469,17:46:00,17:48:00,Esbjerg St.
2026-03-01,158417019,17:51:00,17:53:00,Skanderborg St.
2026-03-01,158419140,17:52:00,17:54:00,Sønderborg St.
2026-03-01,158419177,18:03:00,18:05:00,CPH Lufthavn
2026-03-01,158417137,18:04:00,18:06:00,Esbjerg St.
2026-03-01,158417480,18:11:00,18:13:00,Østerport St.
2026-03-01,158422246,18:12:00,18:15:00,Hamburg Hbf
2026-03-01,158418858,18:40:00,18:43:00,Flensburg
2026-03-01,158417468,18:46:00,18:48:00,Esbjerg St.
2026-03-01,158417012,18:51:00,18:53:00,Skanderborg St.
2026-03-01,158417132,19:04:00,19:06:00,Esbjerg St.
2026-03-01,158417479,19:11:00,19:13:00,Østerport St.
2026-03-01,158418876,19:16:00,19:18:00,Fredericia St.
2026-03-01,158417467,19:46:00,19:48:00,Esbjerg St.
2026-03-01,158417007,19:51:00,19:53:00,Skanderborg St.
2026-03-01,158419134,19:52:00,19:54:00,Sønderborg St.
2026-03-01,158419173,20:03:00,20:05:00,CPH Lufthavn
2026-03-01,158417127,20:04:00,20:06:00,Esbjerg St.
2026-03-01,158417440,20:11:00,20:13:00,København H
2026-03-01,158418857,20:40:00,20:43:00,Flensburg
2026-03-01,158417466,20:46:00,20:48:00,Esbjerg St.
2026-03-01,158417002,20:51:00,20:53:00,Skanderborg St.
2026-03-01,158417121,21:04:00,21:06:00,Esbjerg St.
2026-03-01,158418875,21:16:00,21:18:00,Fredericia St.
2026-03-01,158417465,21:46:00,21:48:00,Esbjerg St.
2026-03-01,158416997,21:51:00,21:53:00,Aarhus H
2026-03-01,158419126,21:52:00,21:54:00,Sønderborg St.
2026-03-01,158419905,22:03:00,22:05:00,Odense St.
2026-03-01,158417117,22:04:00,22:06:00,Esbjerg St.
2026-03-01,158418840,23:17:00,23:19:00,Fredericia St.
2026-03-01,158417110,23:25:00,23:27:00,Esbjerg St.
2026-03-01,158417104,23:29:00,23:31:00,Fredericia St.
2026-03-01,158419900,24:03:00,24:05:00,Fredericia St.
2026-03-01,158419909,24:07:00,24:09:00,Sønderborg St.
2026-03-01,158417097,24:29:00,24:31:00,Fredericia St.
2026-03-01,158417184,6:20:00,6:22:00,Esbjerg St.
2026-03-01,158418864,6:40:00,6:43:00,Flensburg
2026-03-01,158417091,6:51:00,6:53:00,Aarhus H
2026-03-01,158417180,7:04:00,7:06:00,Esbjerg St.
2026-03-01,158417489,7:11:00,7:13:00,Østerport St.
2026-03-01,158417079,7:51:00,7:53:00,Skanderborg St.
2026-03-01,158419911,7:52:00,7:54:00,Sønderborg St.
2026-03-01,158419199,8:03:00,8:05:00,CPH Lufthavn
2026-03-01,158417174,8:04:00,8:06:00,Esbjerg St.
2026-03-01,158417477,8:11:00,8:13:00,Østerport St.
2026-03-01,158418863,8:40:00,8:43:00,Flensburg
2026-03-01,158417463,8:46:00,8:48:00,Esbjerg St.
2026-03-01,158420632,8:53:00,8:55:00,Fredericia St.
2026-03-01,158420642,9:04:00,9:06:00,Esbjerg St.
2026-03-01,158417476,9:11:00,9:13:00,Østerport St.
2026-03-01,158418880,9:16:00,9:18:00,Fredericia St.
2026-03-01,158417459,9:46:00,9:48:00,Esbjerg St.
2026-03-01,158417072,9:51:00,9:53:00,Skanderborg St.
2026-03-01,158419159,9:52:00,9:54:00,Sønderborg St.
2026-03-02,158419194,10:03:00,10:05:00,CPH Lufthavn
2026-03-02,158417170,10:04:00,10:06:00,Esbjerg St.
2026-03-02,158417488,10:11:00,10:13:00,Østerport St.
2026-03-02,158418862,10:40:00,10:43:00,Flensburg
2026-03-02,158417474,10:46:00,10:48:00,Esbjerg St.
2026-03-02,158417063,10:51:00,10:53:00,Skanderborg St.
2026-03-02,158417164,11:04:00,11:06:00,Esbjerg St.
2026-03-02,158417487,11:11:00,11:13:00,Østerport St.
2026-03-02,158418879,11:16:00,11:18:00,Fredericia St.
2026-03-02,158422251,11:44:00,11:46:00,København H
2026-03-02,158417473,11:46:00,11:48:00,Esbjerg St.
2026-03-02,158417052,11:51:00,11:53:00,Skanderborg St.
2026-03-02,158419154,11:52:00,11:54:00,Sønderborg St.
2026-03-02,158419190,12:03:00,12:05:00,CPH Lufthavn
2026-03-02,158417158,12:04:00,12:06:00,Esbjerg St.
2026-03-02,158417486,12:11:00,12:13:00,Østerport St.
2026-03-02,158418861,12:40:00,12:43:00,Flensburg
2026-03-02,158417461,12:46:00,12:48:00,Esbjerg St.
2026-03-02,158420629,12:53:00,12:55:00,Fredericia St.
2026-03-02,158420639,13:04:00,13:06:00,Esbjerg St.
2026-03-02,158417485,13:11:00,13:13:00,Østerport St.
2026-03-02,158418842,13:16:00,13:18:00,Fredericia St.
2026-03-02,158422271,13:44:00,13:46:00,København H
2026-03-02,158417472,13:46:00,13:48:00,Esbjerg St.
2026-03-02,158417043,13:51:00,13:53:00,Skanderborg St.
2026-03-02,158419150,13:52:00,13:54:00,Sønderborg St.
2026-03-02,158419186,14:03:00,14:05:00,CPH Lufthavn
2026-03-02,158417153,14:04:00,14:06:00,Esbjerg St.
2026-03-02,158417484,14:11:00,14:13:00,Østerport St.
2026-03-02,158418860,14:40:00,14:43:00,Flensburg
2026-03-02,158417471,14:46:00,14:48:00,Esbjerg St.
2026-03-02,158417035,14:51:00,14:53:00,Skanderborg St.
2026-03-02,158417147,15:04:00,15:06:00,Esbjerg St.
2026-03-02,158417483,15:11:00,15:13:00,Østerport St.
2026-03-02,158418878,15:16:00,15:18:00,Fredericia St.
2026-03-02,158417460,15:46:00,15:48:00,Esbjerg St.
2026-03-02,158417027,15:51:00,15:53:00,Skanderborg St.
2026-03-02,158419145,15:52:00,15:54:00,Sønderborg St.
2026-03-02,158419181,16:03:00,16:05:00,CPH Lufthavn
2026-03-02,158417142,16:04:00,16:06:00,Esbjerg St.
2026-03-02,158417482,16:11:00,16:13:00,Østerport St.
2026-03-02,158422260,16:12:00,16:15:00,Hamburg Hbf
2026-03-02,158418859,16:40:00,16:43:00,Flensburg
2026-03-02,158417470,16:46:00,16:48:00,Esbjerg St.
2026-03-02,158420626,16:53:00,16:55:00,Fredericia St.
2026-03-02,158420635,17:04:00,17:06:00,Esbjerg St.
2026-03-02,158417481,17:11:00,17:13:00,Østerport St.
2026-03-02,158418877,17:16:00,17:18:00,Fredericia St.
2026-03-02,158417469,17:46:00,17:48:00,Esbjerg St.
2026-03-02,158417019,17:51:00,17:53:00,Skanderborg St.
2026-03-02,158419140,17:52:00,17:54:00,Sønderborg St.
2026-03-02,158419177,18:03:00,18:05:00,CPH Lufthavn
2026-03-02,158417137,18:04:00,18:06:00,Esbjerg St.
2026-03-02,158417480,18:11:00,18:13:00,Østerport St.
2026-03-02,158422246,18:12:00,18:15:00,Hamburg Hbf
2026-03-02,158418858,18:40:00,18:43:00,Flensburg
2026-03-02,158417468,18:46:00,18:48:00,Esbjerg St.
2026-03-02,158417012,18:51:00,18:53:00,Skanderborg St.
2026-03-02,158417132,19:04:00,19:06:00,Esbjerg St.
2026-03-02,158417479,19:11:00,19:13:00,Østerport St.
2026-03-02,158418876,19:16:00,19:18:00,Fredericia St.
2026-03-02,158417467,19:46:00,19:48:00,Esbjerg St.
2026-03-02,158417007,19:51:00,19:53:00,Skanderborg St.
2026-03-02,158419134,19:52:00,19:54:00,Sønderborg St.
2026-03-02,158419173,20:03:00,20:05:00,CPH Lufthavn
2026-03-02,158417127,20:04:00,20:06:00,Esbjerg St.
2026-03-02,158417439,20:11:00,20:13:00,Østerport St.
2026-03-02,158418857,20:40:00,20:43:00,Flensburg
2026-03-02,158417466,20:46:00,20:48:00,Esbjerg St.
2026-03-02,158417002,20:51:00,20:53:00,Skanderborg St.
2026-03-02,158417121,21:04:00,21:06:00,Esbjerg St.
2026-03-02,158418875,21:16:00,21:18:00,Fredericia St.
2026-03-02,158417465,21:46:00,21:48:00,Esbjerg St.
2026-03-02,158416997,21:51:00,21:53:00,Aarhus H
2026-03-02,158419126,21:52:00,21:54:00,Sønderborg St.
2026-03-02,158419905,22:03:00,22:05:00,Odense St.
2026-03-02,158417117,22:04:00,22:06:00,Esbjerg St.
2026-03-02,158420227,22:39:00,22:39:00,Kolding St.
2026-03-02,158420222,22:49:00,22:49:00,Fredericia St.
2026-03-02,158418840,23:17:00,23:19:00,Fredericia St.
2026-03-02,158417110,23:25:00,23:27:00,Esbjerg St.
2026-03-02,158417104,23:29:00,23:31:00,Fredericia St.
2026-03-02,158419900,24:03:00,24:05:00,Fredericia St.
2026-03-02,158419909,24:07:00,24:09:00,Sønderborg St.
2026-03-02,158417097,24:29:00,24:31:00,Fredericia St.
2026-03-02,158418865,4:40:00,4:43:00,Flensburg
2026-03-02,158417492,5:11:00,5:13:00,Østerport St.
2026-03-02,158417185,5:20:00,5:22:00,Esbjerg St.
2026-03-02,158417107,5:51:00,5:53:00,Skanderborg St.
2026-03-02,158419168,5:52:00,5:54:00,Sønderborg St.
2026-03-02,158419202,6:03:00,6:05:00,CPH Lufthavn
2026-03-02,158417491,6:11:00,6:13:00,Østerport St.
2026-03-02,158417184,6:20:00,6:22:00,Esbjerg St.
2026-03-02,158418864,6:40:00,6:43:00,Flensburg
2026-03-02,158417478,6:46:00,6:48:00,Esbjerg St.
2026-03-02,158417090,6:51:00,6:53:00,Skanderborg St.
2026-03-02,158417180,7:04:00,7:06:00,Esbjerg St.
2026-03-02,158417489,7:11:00,7:13:00,Østerport St.
2026-03-02,158418881,7:16:00,7:18:00,Fredericia St.
2026-03-02,158417475,7:46:00,7:48:00,Esbjerg St.
2026-03-02,158417079,7:51:00,7:53:00,Skanderborg St.
2026-03-02,158419164,7:52:00,7:54:00,Sønderborg St.
2026-03-02,158419199,8:03:00,8:05:00,CPH Lufthavn
2026-03-02,158417174,8:04:00,8:06:00,Esbjerg St.
2026-03-02,158417477,8:11:00,8:13:00,Østerport St.
2026-03-02,158418863,8:40:00,8:43:00,Flensburg
2026-03-02,158417464,8:46:00,8:48:00,Esbjerg St.
2026-03-02,158420632,8:53:00,8:55:00,Fredericia St.
2026-03-02,158420642,9:04:00,9:06:00,Esbjerg St.
2026-03-02,158417476,9:11:00,9:13:00,Østerport St.
2026-03-02,158418880,9:16:00,9:18:00,Fredericia St.
2026-03-02,158417462,9:46:00,9:48:00,Esbjerg St.
2026-03-02,158417072,9:51:00,9:53:00,Skanderborg St.
2026-03-02,158419159,9:52:00,9:54:00,Sønderborg St.
2026-03-03,158419194,10:03:00,10:05:00,CPH Lufthavn
2026-03-03,158417170,10:04:00,10:06:00,Esbjerg St.
2026-03-03,158417488,10:11:00,10:13:00,Østerport St.
2026-03-03,158422286,10:12:00,10:15:00,Hamburg Hbf
2026-03-03,158418862,10:40:00,10:43:00,Flensburg
2026-03-03,158417474,10:46:00,10:48:00,Esbjerg St.
2026-03-03,158417063,10:51:00,10:53:00,Skanderborg St.
2026-03-03,158417164,11:04:00,11:06:00,Esbjerg St.
2026-03-03,158417487,11:11:00,11:13:00,Østerport St.
2026-03-03,158418879,11:16:00,11:18:00,Fredericia St.
2026-03-03,158422251,11:44:00,11:46:00,København H
2026-03-03,158417473,11:46:00,11:48:00,Esbjerg St.
2026-03-03,158417052,11:51:00,11:53:00,Skanderborg St.
2026-03-03,158419154,11:52:00,11:54:00,Sønderborg St.
2026-03-03,158419190,12:03:00,12:05:00,CPH Lufthavn
2026-03-03,158417158,12:04:00,12:06:00,Esbjerg St.
2026-03-03,158417486,12:11:00,12:13:00,Østerport St.
2026-03-03,158418861,12:40:00,12:43:00,Flensburg
2026-03-03,158417461,12:46:00,12:48:00,Esbjerg St.
2026-03-03,158420629,12:53:00,12:55:00,Fredericia St.
2026-03-03,158420639,13:04:00,13:06:00,Esbjerg St.
2026-03-03,158417485,13:11:00,13:13:00,Østerport St.
2026-03-03,158418842,13:16:00,13:18:00,Fredericia St.
2026-03-03,158422271,13:44:00,13:46:00,København H
2026-03-03,158417472,13:46:00,13:48:00,Esbjerg St.
2026-03-03,158417043,13:51:00,13:53:00,Skanderborg St.
2026-03-03,158419150,13:52:00,13:54:00,Sønderborg St.
2026-03-03,158419186,14:03:00,14:05:00,CPH Lufthavn
2026-03-03,158417153,14:04:00,14:06:00,Esbjerg St.
2026-03-03,158417484,14:11:00,14:13:00,Østerport St.
2026-03-03,158418860,14:40:00,14:43:00,Flensburg
2026-03-03,158417471,14:46:00,14:48:00,Esbjerg St.
2026-03-03,158417035,14:51:00,14:53:00,Skanderborg St.
2026-03-03,158417147,15:04:00,15:06:00,Esbjerg St.
2026-03-03,158417483,15:11:00,15:13:00,Østerport St.
2026-03-03,158418878,15:16:00,15:18:00,Fredericia St.
2026-03-03,158417460,15:46:00,15:48:00,Esbjerg St.
2026-03-03,158417027,15:51:00,15:53:00,Skanderborg St.
2026-03-03,158419145,15:52:00,15:54:00,Sønderborg St.
2026-03-03,158419181,16:03:00,16:05:00,CPH Lufthavn
2026-03-03,158417142,16:04:00,16:06:00,Esbjerg St.
2026-03-03,158417482,16:11:00,16:13:00,Østerport St.
2026-03-03,158422260,16:12:00,16:15:00,Hamburg Hbf
2026-03-03,158418859,16:40:00,16:43:00,Flensburg
2026-03-03,158417470,16:46:00,16:48:00,Esbjerg St.
2026-03-03,158420626,16:53:00,16:55:00,Fredericia St.
2026-03-03,158420635,17:04:00,17:06:00,Esbjerg St.
2026-03-03,158417481,17:11:00,17:13:00,Østerport St.
2026-03-03,158418877,17:16:00,17:18:00,Fredericia St.
2026-03-03,158422272,17:44:00,17:46:00,København H
2026-03-03,158417469,17:46:00,17:48:00,Esbjerg St.
2026-03-03,158417019,17:51:00,17:53:00,Skanderborg St.
2026-03-03,158419140,17:52:00,17:54:00,Sønderborg St.
2026-03-03,158419177,18:03:00,18:05:00,CPH Lufthavn
2026-03-03,158417137,18:04:00,18:06:00,Esbjerg St.
2026-03-03,158417480,18:11:00,18:13:00,Østerport St.
2026-03-03,158422246,18:12:00,18:15:00,Hamburg Hbf
2026-03-03,158418858,18:40:00,18:43:00,Flensburg
2026-03-03,158417468,18:46:00,18:48:00,Esbjerg St.
2026-03-03,158417012,18:51:00,18:53:00,Skanderborg St.
2026-03-03,158417132,19:04:00,19:06:00,Esbjerg St.
2026-03-03,158417479,19:11:00,19:13:00,Østerport St.
2026-03-03,158418876,19:16:00,19:18:00,Fredericia St.
2026-03-03,158417467,19:46:00,19:48:00,Esbjerg St.
2026-03-03,158417007,19:51:00,19:53:00,Skanderborg St.
2026-03-03,158419134,19:52:00,19:54:00,Sønderborg St.
2026-03-03,158419173,20:03:00,20:05:00,CPH Lufthavn
2026-03-03,158417127,20:04:00,20:06:00,Esbjerg St.
2026-03-03,158417439,20:11:00,20:13:00,Østerport St.
2026-03-03,158418857,20:40:00,20:43:00,Flensburg
2026-03-03,158417466,20:46:00,20:48:00,Esbjerg St.
2026-03-03,158417002,20:51:00,20:53:00,Skanderborg St.
2026-03-03,158417121,21:04:00,21:06:00,Esbjerg St.
2026-03-03,158418875,21:16:00,21:18:00,Fredericia St.
2026-03-03,158417465,21:46:00,21:48:00,Esbjerg St.
2026-03-03,158416997,21:51:00,21:53:00,Aarhus H
2026-03-03,158419126,21:52:00,21:54:00,Sønderborg St.
2026-03-03,158419905,22:03:00,22:05:00,Odense St.
2026-03-03,158417117,22:04:00,22:06:00,Esbjerg St.
2026-03-03,158420227,22:39:00,22:39:00,Kolding St.
2026-03-03,158420222,22:49:00,22:49:00,Fredericia St.
2026-03-03,158418840,23:17:00,23:19:00,Fredericia St.
2026-03-03,158417110,23:25:00,23:27:00,Esbjerg St.
2026-03-03,158417104,23:29:00,23:31:00,Fredericia St.
2026-03-03,158419900,24:03:00,24:05:00,Fredericia St.
2026-03-03,158419909,24:07:00,24:09:00,Sønderborg St.
2026-03-03,158417097,24:29:00,24:31:00,Fredericia St.
2026-03-03,158418865,4:40:00,4:43:00,Flensburg
2026-03-03,158417492,5:11:00,5:13:00,Østerport St.
2026-03-03,158417185,5:20:00,5:22:00,Esbjerg St.
2026-03-03,158417107,5:51:00,5:53:00,Skanderborg St.
2026-03-03,158419168,5:52:00,5:54:00,Sønderborg St.
2026-03-03,158419202,6:03:00,6:05:00,CPH Lufthavn
2026-03-03,158417491,6:11:00,6:13:00,Østerport St.
2026-03-03,158417184,6:20:00,6:22:00,Esbjerg St.
2026-03-03,158418864,6:40:00,6:43:00,Flensburg
2026-03-03,158417478,6:46:00,6:48:00,Esbjerg St.
2026-03-03,158417090,6:51:00,6:53:00,Skanderborg St.
2026-03-03,158417180,7:04:00,7:06:00,Esbjerg St.
2026-03-03,158417489,7:11:00,7:13:00,Østerport St.
2026-03-03,158418881,7:16:00,7:18:00,Fredericia St.
2026-03-03,158417475,7:46:00,7:48:00,Esbjerg St.
2026-03-03,158417079,7:51:00,7:53:00,Skanderborg St.
2026-03-03,158419164,7:52:00,7:54:00,Sønderborg St.
2026-03-03,158419199,8:03:00,8:05:00,CPH Lufthavn
2026-03-03,158417174,8:04:00,8:06:00,Esbjerg St.
2026-03-03,158417477,8:11:00,8:13:00,Østerport St.
2026-03-03,158418863,8:40:00,8:43:00,Flensburg
2026-03-03,158417464,8:46:00,8:48:00,Esbjerg St.
2026-03-03,158420632,8:53:00,8:55:00,Fredericia St.
2026-03-03,158420642,9:04:00,9:06:00,Esbjerg St.
2026-03-03,158417476,9:11:00,9:13:00,Østerport St.
2026-03-03,158418880,9:16:00,9:18:00,Fredericia St.
2026-03-03,158417462,9:46:00,9:48:00,Esbjerg St.
2026-03-03,158417072,9:51:00,9:53:00,Skanderborg St.
2026-03-03,158419159,9:52:00,9:54:00,Sønderborg St.
2026-03-04,158419194,10:03:00,10:05:00,CPH Lufthavn
2026-03-04,158417170,10:04:00,10:06:00,Esbjerg St.
2026-03-04,158417488,10:11:00,10:13:00,Østerport St.
2026-03-04,158418862,10:40:00,10:43:00,Flensburg
2026-03-04,158417474,10:46:00,10:48:00,Esbjerg St.
2026-03-04,158417063,10:51:00,10:53:00,Skanderborg St.
2026-03-04,158417164,11:04:00,11:06:00,Esbjerg St.
2026-03-04,158417487,11:11:00,11:13:00,Østerport St.
2026-03-04,158418879,11:16:00,11:18:00,Fredericia St.
2026-03-04,158422251,11:44:00,11:46:00,København H
2026-03-04,158417473,11:46:00,11:48:00,Esbjerg St.
2026-03-04,158417052,11:51:00,11:53:00,Skanderborg St.
2026-03-04,158419154,11:52:00,11:54:00,Sønderborg St.
2026-03-04,158419190,12:03:00,12:05:00,CPH Lufthavn
2026-03-04,158417158,12:04:00,12:06:00,Esbjerg St.
2026-03-04,158417486,12:11:00,12:13:00,Østerport St.
2026-03-04,158418861,12:40:00,12:43:00,Flensburg
2026-03-04,158417461,12:46:00,12:48:00,Esbjerg St.
2026-03-04,158420629,12:53:00,12:55:00,Fredericia St.
2026-03-04,158420639,13:04:00,13:06:00,Esbjerg St.
2026-03-04,158417485,13:11:00,13:13:00,Østerport St.
2026-03-04,158418842,13:16:00,13:18:00,Fredericia St.
2026-03-04,158422271,13:44:00,13:46:00,København H
2026-03-04,158417472,13:46:00,13:48:00,Esbjerg St.
2026-03-04,158417043,13:51:00,13:53:00,Skanderborg St.
2026-03-04,158419150,13:52:00,13:54:00,Sønderborg St.
2026-03-04,158419186,14:03:00,14:05:00,CPH Lufthavn
2026-03-04,158417153,14:04:00,14:06:00,Esbjerg St.
2026-03-04,158417484,14:11:00,14:13:00,Østerport St.
2026-03-04,158418860,14:40:00,14:43:00,Flensburg
2026-03-04,158417471,14:46:00,14:48:00,Esbjerg St.
2026-03-04,158417035,14:51:00,14:53:00,Skanderborg St.
2026-03-04,158417147,15:04:00,15:06:00,Esbjerg St.
2026-03-04,158417483,15:11:00,15:13:00,Østerport St.
2026-03-04,158418878,15:16:00,15:18:00,Fredericia St.
2026-03-04,158417460,15:46:00,15:48:00,Esbjerg St.
2026-03-04,158417027,15:51:00,15:53:00,Skanderborg St.
2026-03-04,158419145,15:52:00,15:54:00,Sønderborg St.
2026-03-04,158419181,16:03:00,16:05:00,CPH Lufthavn
2026-03-04,158417142,16:04:00,16:06:00,Esbjerg St.
2026-03-04,158417482,16:11:00,16:13:00,Østerport St.
2026-03-04,158422260,16:12:00,16:15:00,Hamburg Hbf
2026-03-04,158418859,16:40:00,16:43:00,Flensburg
2026-03-04,158417470,16:46:00,16:48:00,Esbjerg St.
2026-03-04,158420626,16:53:00,16:55:00,Fredericia St.
2026-03-04,158420635,17:04:00,17:06:00,Esbjerg St.
2026-03-04,158417481,17:11:00,17:13:00,Østerport St.
2026-03-04,158418877,17:16:00,17:18:00,Fredericia St.
2026-03-04,158417469,17:46:00,17:48:00,Esbjerg St.
2026-03-04,158417019,17:51:00,17:53:00,Skanderborg St.
2026-03-04,158419140,17:52:00,17:54:00,Sønderborg St.
2026-03-04,158419177,18:03:00,18:05:00,CPH Lufthavn
2026-03-04,158417137,18:04:00,18:06:00,Esbjerg St.
2026-03-04,158417480,18:11:00,18:13:00,Østerport St.
2026-03-04,158422246,18:12:00,18:15:00,Hamburg Hbf
2026-03-04,158418858,18:40:00,18:43:00,Flensburg
2026-03-04,158417468,18:46:00,18:48:00,Esbjerg St.
2026-03-04,158417012,18:51:00,18:53:00,Skanderborg St.
2026-03-04,158417132,19:04:00,19:06:00,Esbjerg St.
2026-03-04,158417479,19:11:00,19:13:00,Østerport St.
2026-03-04,158418876,19:16:00,19:18:00,Fredericia St.
2026-03-04,158417467,19:46:00,19:48:00,Esbjerg St.
2026-03-04,158417007,19:51:00,19:53:00,Skanderborg St.
2026-03-04,158419134,19:52:00,19:54:00,Sønderborg St.
2026-03-04,158419173,20:03:00,20:05:00,CPH Lufthavn
2026-03-04,158417127,20:04:00,20:06:00,Esbjerg St.
2026-03-04,158417439,20:11:00,20:13:00,Østerport St.
2026-03-04,158418857,20:40:00,20:43:00,Flensburg
2026-03-04,158417466,20:46:00,20:48:00,Esbjerg St.
2026-03-04,158417002,20:51:00,20:53:00,Skanderborg St.
2026-03-04,158417121,21:04:00,21:06:00,Esbjerg St.
2026-03-04,158418875,21:16:00,21:18:00,Fredericia St.
2026-03-04,158417465,21:46:00,21:48:00,Esbjerg St.
2026-03-04,158416997,21:51:00,21:53:00,Aarhus H
2026-03-04,158419126,21:52:00,21:54:00,Sønderborg St.
2026-03-04,158419905,22:03:00,22:05:00,Odense St.
2026-03-04,158417117,22:04:00,22:06:00,Esbjerg St.
2026-03-04,158420227,22:39:00,22:39:00,Kolding St.
2026-03-04,158420222,22:49:00,22:49:00,Fredericia St.
2026-03-04,158418840,23:17:00,23:19:00,Fredericia St.
2026-03-04,158417110,23:25:00,23:27:00,Esbjerg St.
2026-03-04,158417104,23:29:00,23:31:00,Fredericia St.
2026-03-04,158419900,24:03:00,24:05:00,Fredericia St.
2026-03-04,158419909,24:07:00,24:09:00,Sønderborg St.
2026-03-04,158417097,24:29:00,24:31:00,Fredericia St.
2026-03-04,158418865,4:40:00,4:43:00,Flensburg
2026-03-04,158417492,5:11:00,5:13:00,Østerport St.
2026-03-04,158417185,5:20:00,5:22:00,Esbjerg St.
2026-03-04,158417107,5:51:00,5:53:00,Skanderborg St.
2026-03-04,158419168,5:52:00,5:54:00,Sønderborg St.
2026-03-04,158419202,6:03:00,6:05:00,CPH Lufthavn
2026-03-04,158417491,6:11:00,6:13:00,Østerport St.
2026-03-04,158417184,6:20:00,6:22:00,Esbjerg St.
2026-03-04,158418864,6:40:00,6:43:00,Flensburg
2026-03-04,158417478,6:46:00,6:48:00,Esbjerg St.
2026-03-04,158417090,6:51:00,6:53:00,Skanderborg St.
2026-03-04,158417180,7:04:00,7:06:00,Esbjerg St.
2026-03-04,158417489,7:11:00,7:13:00,Østerport St.
2026-03-04,158418881,7:16:00,7:18:00,Fredericia St.
2026-03-04,158417475,7:46:00,7:48:00,Esbjerg St.
2026-03-04,158417079,7:51:00,7:53:00,Skanderborg St.
2026-03-04,158419164,7:52:00,7:54:00,Sønderborg St.
2026-03-04,158419199,8:03:00,8:05:00,CPH Lufthavn
2026-03-04,158417174,8:04:00,8:06:00,Esbjerg St.
2026-03-04,158417477,8:11:00,8:13:00,Østerport St.
2026-03-04,158418863,8:40:00,8:43:00,Flensburg
2026-03-04,158417464,8:46:00,8:48:00,Esbjerg St.
2026-03-04,158420632,8:53:00,8:55:00,Fredericia St.
2026-03-04,158420642,9:04:00,9:06:00,Esbjerg St.
2026-03-04,158417476,9:11:00,9:13:00,Østerport St.
2026-03-04,158418880,9:16:00,9:18:00,Fredericia St.
2026-03-04,158417462,9:46:00,9:48:00,Esbjerg St.
2026-03-04,158417072,9:51:00,9:53:00,Skanderborg St.
2026-03-04,158419159,9:52:00,9:54:00,Sønderborg St.
2026-03-05,158419194,10:03:00,10:05:00,CPH Lufthavn
2026-03-05,158417170,10:04:00,10:06:00,Esbjerg St.
2026-03-05,158417488,10:11:00,10:13:00,Østerport St.
2026-03-05,158418862,10:40:00,10:43:00,Flensburg
2026-03-05,158417474,10:46:00,10:48:00,Esbjerg St.
2026-03-05,158417063,10:51:00,10:53:00,Skanderborg St.
2026-03-05,158417164,11:04:00,11:06:00,Esbjerg St.
2026-03-05,158417487,11:11:00,11:13:00,Østerport St.
2026-03-05,158418879,11:16:00,11:18:00,Fredericia St.
2026-03-05,158422251,11:44:00,11:46:00,København H
2026-03-05,158417473,11:46:00,11:48:00,Esbjerg St.
2026-03-05,158417052,11:51:00,11:53:00,Skanderborg St.
2026-03-05,158419154,11:52:00,11:54:00,Sønderborg St.
2026-03-05,158419190,12:03:00,12:05:00,CPH Lufthavn
2026-03-05,158417158,12:04:00,12:06:00,Esbjerg St.
2026-03-05,158417486,12:11:00,12:13:00,Østerport St.
2026-03-05,158418861,12:40:00,12:43:00,Flensburg
2026-03-05,158417461,12:46:00,12:48:00,Esbjerg St.
2026-03-05,158420629,12:53:00,12:55:00,Fredericia St.
2026-03-05,158420639,13:04:00,13:06:00,Esbjerg St.
2026-03-05,158417485,13:11:00,13:13:00,Østerport St.
2026-03-05,158418842,13:16:00,13:18:00,Fredericia St.
2026-03-05,158422271,13:44:00,13:46:00,København H
2026-03-05,158417472,13:46:00,13:48:00,Esbjerg St.
2026-03-05,158417043,13:51:00,13:53:00,Skanderborg St.
2026-03-05,158419150,13:52:00,13:54:00,Sønderborg St.
2026-03-05,158419186,14:03:00,14:05:00,CPH Lufthavn
2026-03-05,158417153,14:04:00,14:06:00,Esbjerg St.
2026-03-05,158417484,14:11:00,14:13:00,Østerport St.
2026-03-05,158418860,14:40:00,14:43:00,Flensburg
2026-03-05,158417471,14:46:00,14:48:00,Esbjerg St.
2026-03-05,158417035,14:51:00,14:53:00,Skanderborg St.
2026-03-05,158417147,15:04:00,15:06:00,Esbjerg St.
2026-03-05,158417483,15:11:00,15:13:00,Østerport St.
2026-03-05,158418878,15:16:00,15:18:00,Fredericia St.
2026-03-05,158417460,15:46:00,15:48:00,Esbjerg St.
2026-03-05,158417027,15:51:00,15:53:00,Skanderborg St.
2026-03-05,158419145,15:52:00,15:54:00,Sønderborg St.
2026-03-05,158419181,16:03:00,16:05:00,CPH Lufthavn
2026-03-05,158417142,16:04:00,16:06:00,Esbjerg St.
2026-03-05,158417482,16:11:00,16:13:00,Østerport St.
2026-03-05,158422260,16:12:00,16:15:00,Hamburg Hbf
2026-03-05,158418859,16:40:00,16:43:00,Flensburg
2026-03-05,158417470,16:46:00,16:48:00,Esbjerg St.
2026-03-05,158420626,16:53:00,16:55:00,Fredericia St.
2026-03-05,158420635,17:04:00,17:06:00,Esbjerg St.
2026-03-05,158417481,17:11:00,17:13:00,Østerport St.
2026-03-05,158418877,17:16:00,17:18:00,Fredericia St.
2026-03-05,158417469,17:46:00,17:48:00,Esbjerg St.
2026-03-05,158417019,17:51:00,17:53:00,Skanderborg St.
2026-03-05,158419140,17:52:00,17:54:00,Sønderborg St.
2026-03-05,158419177,18:03:00,18:05:00,CPH Lufthavn
2026-03-05,158417137,18:04:00,18:06:00,Esbjerg St.
2026-03-05,158417480,18:11:00,18:13:00,Østerport St.
2026-03-05,158422246,18:12:00,18:15:00,Hamburg Hbf
2026-03-05,158418858,18:40:00,18:43:00,Flensburg
2026-03-05,158417468,18:46:00,18:48:00,Esbjerg St.
2026-03-05,158417012,18:51:00,18:53:00,Skanderborg St.
2026-03-05,158417132,19:04:00,19:06:00,Esbjerg St.
2026-03-05,158417479,19:11:00,19:13:00,Østerport St.
2026-03-05,158418876,19:16:00,19:18:00,Fredericia St.
2026-03-05,158417467,19:46:00,19:48:00,Esbjerg St.
2026-03-05,158417007,19:51:00,19:53:00,Skanderborg St.
2026-03-05,158419134,19:52:00,19:54:00,Sønderborg St.
2026-03-05,158419173,20:03:00,20:05:00,CPH Lufthavn
2026-03-05,158417127,20:04:00,20:06:00,Esbjerg St.
2026-03-05,158417439,20:11:00,20:13:00,Østerport St.
2026-03-05,158418857,20:40:00,20:43:00,Flensburg
2026-03-05,158417466,20:46:00,20:48:00,Esbjerg St.
2026-03-05,158417002,20:51:00,20:53:00,Skanderborg St.
2026-03-05,158417121,21:04:00,21:06:00,Esbjerg St.
2026-03-05,158418875,21:16:00,21:18:00,Fredericia St.
2026-03-05,158417465,21:46:00,21:48:00,Esbjerg St.
2026-03-05,158416997,21:51:00,21:53:00,Aarhus H
2026-03-05,158419126,21:52:00,21:54:00,Sønderborg St.
2026-03-05,158419905,22:03:00,22:05:00,Odense St.
2026-03-05,158417117,22:04:00,22:06:00,Esbjerg St.
2026-03-05,158420227,22:39:00,22:39:00,Kolding St.
2026-03-05,158420222,22:49:00,22:49:00,Fredericia St.
2026-03-05,158418840,23:17:00,23:19:00,Fredericia St.
2026-03-05,158417110,23:25:00,23:27:00,Esbjerg St.
2026-03-05,158417104,23:29:00,23:31:00,Fredericia St.
2026-03-05,158419900,24:03:00,24:05:00,Fredericia St.
2026-03-05,158419909,24:07:00,24:09:00,Sønderborg St.
2026-03-05,158417097,24:29:00,24:31:00,Fredericia St.
2026-03-05,158418865,4:40:00,4:43:00,Flensburg
2026-03-05,158417492,5:11:00,5:13:00,Østerport St.
2026-03-05,158417185,5:20:00,5:22:00,Esbjerg St.
2026-03-05,158417107,5:51:00,5:53:00,Skanderborg St.
2026-03-05,158419168,5:52:00,5:54:00,Sønderborg St.
2026-03-05,158419202,6:03:00,6:05:00,CPH Lufthavn
2026-03-05,158417491,6:11:00,6:13:00,Østerport St.
2026-03-05,158417184,6:20:00,6:22:00,Esbjerg St.
2026-03-05,158418864,6:40:00,6:43:00,Flensburg
2026-03-05,158417478,6:46:00,6:48:00,Esbjerg St.
2026-03-05,158417090,6:51:00,6:53:00,Skanderborg St.
2026-03-05,158417180,7:04:00,7:06:00,Esbjerg St.
2026-03-05,158417489,7:11:00,7:13:00,Østerport St.
2026-03-05,158418881,7:16:00,7:18:00,Fredericia St.
2026-03-05,158417475,7:46:00,7:48:00,Esbjerg St.
2026-03-05,158417079,7:51:00,7:53:00,Skanderborg St.
2026-03-05,158419164,7:52:00,7:54:00,Sønderborg St.
2026-03-05,158419199,8:03:00,8:05:00,CPH Lufthavn
2026-03-05,158417174,8:04:00,8:06:00,Esbjerg St.
2026-03-05,158417477,8:11:00,8:13:00,Østerport St.
2026-03-05,158418863,8:40:00,8:43:00,Flensburg
2026-03-05,158417464,8:46:00,8:48:00,Esbjerg St.
2026-03-05,158420632,8:53:00,8:55:00,Fredericia St.
2026-03-05,158420642,9:04:00,9:06:00,Esbjerg St.
2026-03-05,158417476,9:11:00,9:13:00,Østerport St.
2026-03-05,158418880,9:16:00,9:18:00,Fredericia St.
2026-03-05,158417462,9:46:00,9:48:00,Esbjerg St.
2026-03-05,158417072,9:51:00,9:53:00,Skanderborg St.
2026-03-05,158419159,9:52:00,9:54:00,Sønderborg St.
2026-03-06,158419194,10:03:00,10:05:00,CPH Lufthavn
2026-03-06,158417170,10:04:00,10:06:00,Esbjerg St.
2026-03-06,158417488,10:11:00,10:13:00,Østerport St.
2026-03-06,158418862,10:40:00,10:43:00,Flensburg
2026-03-06,158417474,10:46:00,10:48:00,Esbjerg St.
2026-03-06,158417063,10:51:00,10:53:00,Skanderborg St.
2026-03-06,158417164,11:04:00,11:06:00,Esbjerg St.
2026-03-06,158417487,11:11:00,11:13:00,Østerport St.
2026-03-06,158418879,11:16:00,11:18:00,Fredericia St.
2026-03-06,158422251,11:44:00,11:46:00,København H
2026-03-06,158417473,11:46:00,11:48:00,Esbjerg St.
2026-03-06,158417052,11:51:00,11:53:00,Skanderborg St.
2026-03-06,158419154,11:52:00,11:54:00,Sønderborg St.
2026-03-06,158419190,12:03:00,12:05:00,CPH Lufthavn
2026-03-06,158417158,12:04:00,12:06:00,Esbjerg St.
2026-03-06,158417486,12:11:00,12:13:00,Østerport St.
2026-03-06,158418861,12:40:00,12:43:00,Flensburg
2026-03-06,158417461,12:46:00,12:48:00,Esbjerg St.
2026-03-06,158420629,12:53:00,12:55:00,Fredericia St.
2026-03-06,158420639,13:04:00,13:06:00,Esbjerg St.
2026-03-06,158417485,13:11:00,13:13:00,Østerport St.
2026-03-06,158418842,13:16:00,13:18:00,Fredericia St.
2026-03-06,158422271,13:44:00,13:46:00,København H
2026-03-06,158417472,13:46:00,13:48:00,Esbjerg St.
2026-03-06,158417043,13:51:00,13:53:00,Skanderborg St.
2026-03-06,158419150,13:52:00,13:54:00,Sønderborg St.
2026-03-06,158419186,14:03:00,14:05:00,CPH Lufthavn
2026-03-06,158417153,14:04:00,14:06:00,Esbjerg St.
2026-03-06,158417484,14:11:00,14:13:00,Østerport St.
2026-03-06,158418860,14:40:00,14:43:00,Flensburg
2026-03-06,158417471,14:46:00,14:48:00,Esbjerg St.
2026-03-06,158417035,14:51:00,14:53:00,Skanderborg St.
2026-03-06,158417147,15:04:00,15:06:00,Esbjerg St.
2026-03-06,158417483,15:11:00,15:13:00,Østerport St.
2026-03-06,158418878,15:16:00,15:18:00,Fredericia St.
2026-03-06,158417460,15:46:00,15:48:00,Esbjerg St.
2026-03-06,158417027,15:51:00,15:53:00,Skanderborg St.
2026-03-06,158419145,15:52:00,15:54:00,Sønderborg St.
2026-03-06,158419181,16:03:00,16:05:00,CPH Lufthavn
2026-03-06,158417142,16:04:00,16:06:00,Esbjerg St.
2026-03-06,158417482,16:11:00,16:13:00,Østerport St.
2026-03-06,158422260,16:12:00,16:15:00,Hamburg Hbf
2026-03-06,158418859,16:40:00,16:43:00,Flensburg
2026-03-06,158417470,16:46:00,16:48:00,Esbjerg St.
2026-03-06,158420626,16:53:00,16:55:00,Fredericia St.
2026-03-06,158420635,17:04:00,17:06:00,Esbjerg St.
2026-03-06,158417481,17:11:00,17:13:00,Østerport St.
2026-03-06,158418877,17:16:00,17:18:00,Fredericia St.
2026-03-06,158417469,17:46:00,17:48:00,Esbjerg St.
2026-03-06,158417019,17:51:00,17:53:00,Skanderborg St.
2026-03-06,158419140,17:52:00,17:54:00,Sønderborg St.
2026-03-06,158419177,18:03:00,18:05:00,CPH Lufthavn
2026-03-06,158417137,18:04:00,18:06:00,Esbjerg St.
2026-03-06,158417480,18:11:00,18:13:00,Østerport St.
2026-03-06,158422246,18:12:00,18:15:00,Hamburg Hbf
2026-03-06,158418858,18:40:00,18:43:00,Flensburg
2026-03-06,158417468,18:46:00,18:48:00,Esbjerg St.
2026-03-06,158417012,18:51:00,18:53:00,Skanderborg St.
2026-03-06,158417132,19:04:00,19:06:00,Esbjerg St.
2026-03-06,158417479,19:11:00,19:13:00,Østerport St.
2026-03-06,158418876,19:16:00,19:18:00,Fredericia St.
2026-03-06,158417467,19:46:00,19:48:00,Esbjerg St.
2026-03-06,158417007,19:51:00,19:53:00,Skanderborg St.
2026-03-06,158419134,19:52:00,19:54:00,Sønderborg St.
2026-03-06,158419173,20:03:00,20:05:00,CPH Lufthavn
2026-03-06,158417127,20:04:00,20:06:00,Esbjerg St.
2026-03-06,158417439,20:11:00,20:13:00,Østerport St.
2026-03-06,158418857,20:40:00,20:43:00,Flensburg
2026-03-06,158417466,20:46:00,20:48:00,Esbjerg St.
2026-03-06,158417002,20:51:00,20:53:00,Skanderborg St.
2026-03-06,158417121,21:04:00,21:06:00,Esbjerg St.
2026-03-06,158418875,21:16:00,21:18:00,Fredericia St.
2026-03-06,158417465,21:46:00,21:48:00,Esbjerg St.
2026-03-06,158416997,21:51:00,21:53:00,Aarhus H
2026-03-06,158419126,21:52:00,21:54:00,Sønderborg St.
2026-03-06,158419905,22:03:00,22:05:00,Odense St.
2026-03-06,158417117,22:04:00,22:06:00,Esbjerg St.
2026-03-06,158420227,22:39:00,22:39:00,Kolding St.
2026-03-06,158420222,22:49:00,22:49:00,Fredericia St.
2026-03-06,158418840,23:17:00,23:19:00,Fredericia St.
2026-03-06,158417110,23:25:00,23:27:00,Esbjerg St.
2026-03-06,158417098,23:29:00,23:31:00,CPH Lufthavn
2026-03-06,158419900,24:03:00,24:05:00,Fredericia St.
2026-03-06,158419909,24:07:00,24:09:00,Sønderborg St.
2026-03-06,158417097,24:29:00,24:31:00,Fredericia St.
2026-03-06,158418865,4:40:00,4:43:00,Flensburg
2026-03-06,158417492,5:11:00,5:13:00,Østerport St.
2026-03-06,158417185,5:20:00,5:22:00,Esbjerg St.
2026-03-06,158417107,5:51:00,5:53:00,Skanderborg St.
2026-03-06,158419168,5:52:00,5:54:00,Sønderborg St.
2026-03-06,158419202,6:03:00,6:05:00,CPH Lufthavn
2026-03-06,158417491,6:11:00,6:13:00,Østerport St.
2026-03-06,158417184,6:20:00,6:22:00,Esbjerg St.
2026-03-06,158418864,6:40:00,6:43:00,Flensburg
2026-03-06,158417478,6:46:00,6:48:00,Esbjerg St.
2026-03-06,158417090,6:51:00,6:53:00,Skanderborg St.
2026-03-06,158417180,7:04:00,7:06:00,Esbjerg St.
2026-03-06,158417489,7:11:00,7:13:00,Østerport St.
2026-03-06,158418881,7:16:00,7:18:00,Fredericia St.
2026-03-06,158417475,7:46:00,7:48:00,Esbjerg St.
2026-03-06,158417079,7:51:00,7:53:00,Skanderborg St.
2026-03-06,158419164,7:52:00,7:54:00,Sønderborg St.
2026-03-06,158419199,8:03:00,8:05:00,CPH Lufthavn
2026-03-06,158417174,8:04:00,8:06:00,Esbjerg St.
2026-03-06,158417477,8:11:00,8:13:00,Østerport St.
2026-03-06,158418863,8:40:00,8:43:00,Flensburg
2026-03-06,158417464,8:46:00,8:48:00,Esbjerg St.
2026-03-06,158420632,8:53:00,8:55:00,Fredericia St.
2026-03-06,158420642,9:04:00,9:06:00,Esbjerg St.
2026-03-06,158417476,9:11:00,9:13:00,Østerport St.
2026-03-06,158418880,9:16:00,9:18:00,Fredericia St.
2026-03-06,158417462,9:46:00,9:48:00,Esbjerg St.
2026-03-06,158417072,9:51:00,9:53:00,Skanderborg St.
2026-03-06,158419159,9:52:00,9:54:00,Sønderborg St.
2026-03-07,158419194,10:03:00,10:05:00,CPH Lufthavn
2026-03-07,158417170,10:04:00,10:06:00,Esbjerg St.
2026-03-07,158417488,10:11:00,10:13:00,Østerport St.
2026-03-07,158422286,10:12:00,10:15:00,Hamburg Hbf
2026-03-07,158418862,10:40:00,10:43:00,Flensburg
2026-03-07,158417474,10:46:00,10:48:00,Esbjerg St.
2026-03-07,158417063,10:51:00,10:53:00,Skanderborg St.
2026-03-07,158417164,11:04:00,11:06:00,Esbjerg St.
2026-03-07,158417487,11:11:00,11:13:00,Østerport St.
2026-03-07,158418879,11:16:00,11:18:00,Fredericia St.
2026-03-07,158422251,11:44:00,11:46:00,København H
2026-03-07,158417473,11:46:00,11:48:00,Esbjerg St.
2026-03-07,158417052,11:51:00,11:53:00,Skanderborg St.
2026-03-07,158419154,11:52:00,11:54:00,Sønderborg St.
2026-03-07,158419190,12:03:00,12:05:00,CPH Lufthavn
2026-03-07,158417158,12:04:00,12:06:00,Esbjerg St.
2026-03-07,158417486,12:11:00,12:13:00,Østerport St.
2026-03-07,158418861,12:40:00,12:43:00,Flensburg
2026-03-07,158417461,12:46:00,12:48:00,Esbjerg St.
2026-03-07,158420629,12:53:00,12:55:00,Fredericia St.
2026-03-07,158420639,13:04:00,13:06:00,Esbjerg St.
2026-03-07,158417485,13:11:00,13:13:00,Østerport St.
2026-03-07,158418842,13:16:00,13:18:00,Fredericia St.
2026-03-07,158422271,13:44:00,13:46:00,København H
2026-03-07,158417472,13:46:00,13:48:00,Esbjerg St.
2026-03-07,158417043,13:51:00,13:53:00,Skanderborg St.
2026-03-07,158419150,13:52:00,13:54:00,Sønderborg St.
2026-03-07,158419186,14:03:00,14:05:00,CPH Lufthavn
2026-03-07,158417153,14:04:00,14:06:00,Esbjerg St.
2026-03-07,158417484,14:11:00,14:13:00,Østerport St.
2026-03-07,158418860,14:40:00,14:43:00,Flensburg
2026-03-07,158417471,14:46:00,14:48:00,Esbjerg St.
2026-03-07,158417035,14:51:00,14:53:00,Skanderborg St.
2026-03-07,158417147,15:04:00,15:06:00,Esbjerg St.
2026-03-07,158417483,15:11:00,15:13:00,Østerport St.
2026-03-07,158418878,15:16:00,15:18:00,Fredericia St.
2026-03-07,158417460,15:46:00,15:48:00,Esbjerg St.
2026-03-07,158417027,15:51:00,15:53:00,Skanderborg St.
2026-03-07,158419145,15:52:00,15:54:00,Sønderborg St.
2026-03-07,158419181,16:03:00,16:05:00,CPH Lufthavn
2026-03-07,158417142,16:04:00,16:06:00,Esbjerg St.
2026-03-07,158417482,16:11:00,16:13:00,Østerport St.
2026-03-07,158422260,16:12:00,16:15:00,Hamburg Hbf
2026-03-07,158418859,16:40:00,16:43:00,Flensburg
2026-03-07,158417470,16:46:00,16:48:00,Esbjerg St.
2026-03-07,158420626,16:53:00,16:55:00,Fredericia St.
2026-03-07,158420635,17:04:00,17:06:00,Esbjerg St.
2026-03-07,158417481,17:11:00,17:13:00,Østerport St.
2026-03-07,158418877,17:16:00,17:18:00,Fredericia St.
2026-03-07,158422272,17:44:00,17:46:00,København H
2026-03-07,158417469,17:46:00,17:48:00,Esbjerg St.
2026-03-07,158417019,17:51:00,17:53:00,Skanderborg St.
2026-03-07,158419140,17:52:00,17:54:00,Sønderborg St.
2026-03-07,158419177,18:03:00,18:05:00,CPH Lufthavn
2026-03-07,158417137,18:04:00,18:06:00,Esbjerg St.
2026-03-07,158417480,18:11:00,18:13:00,Østerport St.
2026-03-07,158422246,18:12:00,18:15:00,Hamburg Hbf
2026-03-07,158418858,18:40:00,18:43:00,Flensburg
2026-03-07,158417468,18:46:00,18:48:00,Esbjerg St.
2026-03-07,158417012,18:51:00,18:53:00,Skanderborg St.
2026-03-07,158417132,19:04:00,19:06:00,Esbjerg St.
2026-03-07,158417479,19:11:00,19:13:00,Østerport St.
2026-03-07,158418876,19:16:00,19:18:00,Fredericia St.
2026-03-07,158417467,19:46:00,19:48:00,Esbjerg St.
2026-03-07,158417007,19:51:00,19:53:00,Skanderborg St.
2026-03-07,158419134,19:52:00,19:54:00,Sønderborg St.
2026-03-07,158419173,20:03:00,20:05:00,CPH Lufthavn
2026-03-07,158417127,20:04:00,20:06:00,Esbjerg St.
2026-03-07,158417439,20:11:00,20:13:00,Østerport St.
2026-03-07,158418857,20:40:00,20:43:00,Flensburg
2026-03-07,158417466,20:46:00,20:48:00,Esbjerg St.
2026-03-07,158417002,20:51:00,20:53:00,Skanderborg St.
2026-03-07,158417121,21:04:00,21:06:00,Esbjerg St.
2026-03-07,158418875,21:16:00,21:18:00,Fredericia St.
2026-03-07,158417465,21:46:00,21:48:00,Esbjerg St.
2026-03-07,158416997,21:51:00,21:53:00,Aarhus H
2026-03-07,158419126,21:52:00,21:54:00,Sønderborg St.
2026-03-07,158419905,22:03:00,22:05:00,Odense St.
2026-03-07,158417117,22:04:00,22:06:00,Esbjerg St.
2026-03-07,158418840,23:17:00,23:19:00,Fredericia St.
2026-03-07,158417110,23:25:00,23:27:00,Esbjerg St.
2026-03-07,158417098,23:29:00,23:31:00,CPH Lufthavn
2026-03-07,158419900,24:03:00,24:05:00,Fredericia St.
2026-03-07,158419909,24:07:00,24:09:00,Sønderborg St.
2026-03-07,158417097,24:29:00,24:31:00,Fredericia St.
2026-03-07,158418865,4:40:00,4:43:00,Flensburg
2026-03-07,158417184,6:20:00,6:22:00,Esbjerg St.
2026-03-07,158418864,6:40:00,6:43:00,Flensburg
2026-03-07,158417091,6:51:00,6:53:00,Aarhus H
2026-03-07,158417180,7:04:00,7:06:00,Esbjerg St.
2026-03-07,158417489,7:11:00,7:13:00,Østerport St.
2026-03-07,158418881,7:16:00,7:18:00,Fredericia St.
2026-03-07,158417079,7:51:00,7:53:00,Skanderborg St.
2026-03-07,158419911,7:52:00,7:54:00,Sønderborg St.
2026-03-07,158419199,8:03:00,8:05:00,CPH Lufthavn
2026-03-07,158417174,8:04:00,8:06:00,Esbjerg St.
2026-03-07,158417477,8:11:00,8:13:00,Østerport St.
2026-03-07,158418863,8:40:00,8:43:00,Flensburg
2026-03-07,158417463,8:46:00,8:48:00,Esbjerg St.
2026-03-07,158420632,8:53:00,8:55:00,Fredericia St.
2026-03-07,158420642,9:04:00,9:06:00,Esbjerg St.
2026-03-07,158417476,9:11:00,9:13:00,Østerport St.
2026-03-07,158418880,9:16:00,9:18:00,Fredericia St.
2026-03-07,158417459,9:46:00,9:48:00,Esbjerg St.
2026-03-07,158417072,9:51:00,9:53:00,Skanderborg St.
2026-03-07,158419159,9:52:00,9:54:00,Sønderborg St.
2026-03-08,158419194,10:03:00,10:05:00,CPH Lufthavn
2026-03-08,158417170,10:04:00,10:06:00,Esbjerg St.
2026-03-08,158417488,10:11:00,10:13:00,Østerport St.
2026-03-08,158422286,10:12:00,10:15:00,Hamburg Hbf
2026-03-08,158418862,10:40:00,10:43:00,Flensburg
2026-03-08,158417474,10:46:00,10:48:00,Esbjerg St.
2026-03-08,158417063,10:51:00,10:53:00,Skanderborg St.
2026-03-08,158417164,11:04:00,11:06:00,Esbjerg St.
2026-03-08,158417487,11:11:00,11:13:00,Østerport St.
2026-03-08,158418879,11:16:00,11:18:00,Fredericia St.
2026-03-08,158422251,11:44:00,11:46:00,København H
2026-03-08,158417473,11:46:00,11:48:00,Esbjerg St.
2026-03-08,158417052,11:51:00,11:53:00,Skanderborg St.
2026-03-08,158419154,11:52:00,11:54:00,Sønderborg St.
2026-03-08,158419190,12:03:00,12:05:00,CPH Lufthavn
2026-03-08,158417158,12:04:00,12:06:00,Esbjerg St.
2026-03-08,158417486,12:11:00,12:13:00,Østerport St.
2026-03-08,158418861,12:40:00,12:43:00,Flensburg
2026-03-08,158417461,12:46:00,12:48:00,Esbjerg St.
2026-03-08,158420629,12:53:00,12:55:00,Fredericia St.
2026-03-08,158420639,13:04:00,13:06:00,Esbjerg St.
2026-03-08,158417485,13:11:00,13:13:00,Østerport St.
2026-03-08,158418842,13:16:00,13:18:00,Fredericia St.
2026-03-08,158422271,13:44:00,13:46:00,København H
2026-03-08,158417472,13:46:00,13:48:00,Esbjerg St.
2026-03-08,158417043,13:51:00,13:53:00,Skanderborg St.
2026-03-08,158419150,13:52:00,13:54:00,Sønderborg St.
2026-03-08,158419186,14:03:00,14:05:00,CPH Lufthavn
2026-03-08,158417153,14:04:00,14:06:00,Esbjerg St.
2026-03-08,158417484,14:11:00,14:13:00,Østerport St.
2026-03-08,158418860,14:40:00,14:43:00,Flensburg
2026-03-08,158417471,14:46:00,14:48:00,Esbjerg St.
2026-03-08,158417035,14:51:00,14:53:00,Skanderborg St.
2026-03-08,158417147,15:04:00,15:06:00,Esbjerg St.
2026-03-08,158417483,15:11:00,15:13:00,Østerport St.
2026-03-08,158418878,15:16:00,15:18:00,Fredericia St.
2026-03-08,158417460,15:46:00,15:48:00,Esbjerg St.
2026-03-08,158417027,15:51:00,15:53:00,Skanderborg St.
2026-03-08,158419145,15:52:00,15:54:00,Sønderborg St.
2026-03-08,158419181,16:03:00,16:05:00,CPH Lufthavn
2026-03-08,158417142,16:04:00,16:06:00,Esbjerg St.
2026-03-08,158417482,16:11:00,16:13:00,Østerport St.
2026-03-08,158422260,16:12:00,16:15:00,Hamburg Hbf
2026-03-08,158418859,16:40:00,16:43:00,Flensburg
2026-03-08,158417470,16:46:00,16:48:00,Esbjerg St.
2026-03-08,158420626,16:53:00,16:55:00,Fredericia St.
2026-03-08,158420635,17:04:00,17:06:00,Esbjerg St.
2026-03-08,158417481,17:11:00,17:13:00,Østerport St.
2026-03-08,158418877,17:16:00,17:18:00,Fredericia St.
2026-03-08,158422272,17:44:00,17:46:00,København H
2026-03-08,158417469,17:46:00,17:48:00,Esbjerg St.
2026-03-08,158417019,17:51:00,17:53:00,Skanderborg St.
2026-03-08,158419140,17:52:00,17:54:00,Sønderborg St.
2026-03-08,158419177,18:03:00,18:05:00,CPH Lufthavn
2026-03-08,158417137,18:04:00,18:06:00,Esbjerg St.
2026-03-08,158417480,18:11:00,18:13:00,Østerport St.
2026-03-08,158422246,18:12:00,18:15:00,Hamburg Hbf
2026-03-08,158418858,18:40:00,18:43:00,Flensburg
2026-03-08,158417468,18:46:00,18:48:00,Esbjerg St.
2026-03-08,158417012,18:51:00,18:53:00,Skanderborg St.
2026-03-08,158417132,19:04:00,19:06:00,Esbjerg St.
2026-03-08,158417479,19:11:00,19:13:00,Østerport St.
2026-03-08,158418876,19:16:00,19:18:00,Fredericia St.
2026-03-08,158417467,19:46:00,19:48:00,Esbjerg St.
2026-03-08,158417007,19:51:00,19:53:00,Skanderborg St.
2026-03-08,158419134,19:52:00,19:54:00,Sønderborg St.
2026-03-08,158419173,20:03:00,20:05:00,CPH Lufthavn
2026-03-08,158417127,20:04:00,20:06:00,Esbjerg St.
2026-03-08,158417440,20:11:00,20:13:00,København H
2026-03-08,158418857,20:40:00,20:43:00,Flensburg
2026-03-08,158417466,20:46:00,20:48:00,Esbjerg St.
2026-03-08,158417002,20:51:00,20:53:00,Skanderborg St.
2026-03-08,158417121,21:04:00,21:06:00,Esbjerg St.
2026-03-08,158418875,21:16:00,21:18:00,Fredericia St.
2026-03-08,158417465,21:46:00,21:48:00,Esbjerg St.
2026-03-08,158416997,21:51:00,21:53:00,Aarhus H
2026-03-08,158419126,21:52:00,21:54:00,Sønderborg St.
2026-03-08,158419905,22:03:00,22:05:00,Odense St.
2026-03-08,158417117,22:04:00,22:06:00,Esbjerg St.
2026-03-08,158418840,23:17:00,23:19:00,Fredericia St.
2026-03-08,158417110,23:25:00,23:27:00,Esbjerg St.
2026-03-08,158417104,23:29:00,23:31:00,Fredericia St.
2026-03-08,158419900,24:03:00,24:05:00,Fredericia St.
2026-03-08,158419909,24:07:00,24:09:00,Sønderborg St.
2026-03-08,158417097,24:29:00,24:31:00,Fredericia St.
2026-03-08,158417184,6:20:00,6:22:00,Esbjerg St.
2026-03-08,158418864,6:40:00,6:43:00,Flensburg
2026-03-08,158417091,6:51:00,6:53:00,Aarhus H
2026-03-08,158417180,7:04:00,7:06:00,Esbjerg St.
2026-03-08,158417489,7:11:00,7:13:00,Østerport St.
2026-03-08,158417079,7:51:00,7:53:00,Skanderborg St.
2026-03-08,158419911,7:52:00,7:54:00,Sønderborg St.
2026-03-08,158419199,8:03:00,8:05:00,CPH Lufthavn
2026-03-08,158417174,8:04:00,8:06:00,Esbjerg St.
2026-03-08,158417477,8:11:00,8:13:00,Østerport St.
2026-03-08,158418863,8:40:00,8:43:00,Flensburg
2026-03-08,158417463,8:46:00,8:48:00,Esbjerg St.
2026-03-08,158420632,8:53:00,8:55:00,Fredericia St.
2026-03-08,158420642,9:04:00,9:06:00,Esbjerg St.
2026-03-08,158417476,9:11:00,9:13:00,Østerport St.
2026-03-08,158418880,9:16:00,9:18:00,Fredericia St.
2026-03-08,158417459,9:46:00,9:48:00,Esbjerg St.
2026-03-08,158417072,9:51:00,9:53:00,Skanderborg St.
2026-03-08,158419159,9:52:00,9:54:00,Sønderborg St.
2026-03-09,158419194,10:03:00,10:05:00,CPH Lufthavn
2026-03-09,158417170,10:04:00,10:06:00,Esbjerg St.
2026-03-09,158417488,10:11:00,10:13:00,Østerport St.
2026-03-09,158418862,10:40:00,10:43:00,Flensburg
2026-03-09,158417474,10:46:00,10:48:00,Esbjerg St.
2026-03-09,158417063,10:51:00,10:53:00,Skanderborg St.
2026-03-09,158417164,11:04:00,11:06:00,Esbjerg St.
2026-03-09,158417487,11:11:00,11:13:00,Østerport St.
2026-03-09,158418879,11:16:00,11:18:00,Fredericia St.
2026-03-09,158422251,11:44:00,11:46:00,København H
2026-03-09,158417473,11:46:00,11:48:00,Esbjerg St.
2026-03-09,158417052,11:51:00,11:53:00,Skanderborg St.
2026-03-09,158419154,11:52:00,11:54:00,Sønderborg St.
2026-03-09,158419190,12:03:00,12:05:00,CPH Lufthavn
2026-03-09,158417158,12:04:00,12:06:00,Esbjerg St.
2026-03-09,158417486,12:11:00,12:13:00,Østerport St.
2026-03-09,158418861,12:40:00,12:43:00,Flensburg
2026-03-09,158417461,12:46:00,12:48:00,Esbjerg St.
2026-03-09,158420629,12:53:00,12:55:00,Fredericia St.
2026-03-09,158420639,13:04:00,13:06:00,Esbjerg St.
2026-03-09,158417485,13:11:00,13:13:00,Østerport St.
2026-03-09,158418842,13:16:00,13:18:00,Fredericia St.
2026-03-09,158422271,13:44:00,13:46:00,København H
2026-03-09,158417472,13:46:00,13:48:00,Esbjerg St.
2026-03-09,158417043,13:51:00,13:53:00,Skanderborg St.
2026-03-09,158419150,13:52:00,13:54:00,Sønderborg St.
2026-03-09,158419186,14:03:00,14:05:00,CPH Lufthavn
2026-03-09,158417153,14:04:00,14:06:00,Esbjerg St.
2026-03-09,158417484,14:11:00,14:13:00,Østerport St.
2026-03-09,158418860,14:40:00,14:43:00,Flensburg
2026-03-09,158417471,14:46:00,14:48:00,Esbjerg St.
2026-03-09,158417035,14:51:00,14:53:00,Skanderborg St.
2026-03-09,158417147,15:04:00,15:06:00,Esbjerg St.
2026-03-09,158417483,15:11:00,15:13:00,Østerport St.
2026-03-09,158418878,15:16:00,15:18:00,Fredericia St.
2026-03-09,158417460,15:46:00,15:48:00,Esbjerg St.
2026-03-09,158417027,15:51:00,15:53:00,Skanderborg St.
2026-03-09,158419145,15:52:00,15:54:00,Sønderborg St.
2026-03-09,158419181,16:03:00,16:05:00,CPH Lufthavn
2026-03-09,158417142,16:04:00,16:06:00,Esbjerg St.
2026-03-09,158417482,16:11:00,16:13:00,Østerport St.
2026-03-09,158422260,16:12:00,16:15:00,Hamburg Hbf
2026-03-09,158418859,16:40:00,16:43:00,Flensburg
2026-03-09,158417470,16:46:00,16:48:00,Esbjerg St.
2026-03-09,158420626,16:53:00,16:55:00,Fredericia St.
2026-03-09,158420635,17:04:00,17:06:00,Esbjerg St.
2026-03-09,158417481,17:11:00,17:13:00,Østerport St.
2026-03-09,158418877,17:16:00,17:18:00,Fredericia St.
2026-03-09,158417469,17:46:00,17:48:00,Esbjerg St.
2026-03-09,158417019,17:51:00,17:53:00,Skanderborg St.
2026-03-09,158419140,17:52:00,17:54:00,Sønderborg St.
2026-03-09,158419177,18:03:00,18:05:00,CPH Lufthavn
2026-03-09,158417137,18:04:00,18:06:00,Esbjerg St.
2026-03-09,158417480,18:11:00,18:13:00,Østerport St.
2026-03-09,158422246,18:12:00,18:15:00,Hamburg Hbf
2026-03-09,158418858,18:40:00,18:43:00,Flensburg
2026-03-09,158417468,18:46:00,18:48:00,Esbjerg St.
2026-03-09,158417012,18:51:00,18:53:00,Skanderborg St.
2026-03-09,158417132,19:04:00,19:06:00,Esbjerg St.
2026-03-09,158417479,19:11:00,19:13:00,Østerport St.
2026-03-09,158418876,19:16:00,19:18:00,Fredericia St.
2026-03-09,158417467,19:46:00,19:48:00,Esbjerg St.
2026-03-09,158417007,19:51:00,19:53:00,Skanderborg St.
2026-03-09,158419134,19:52:00,19:54:00,Sønderborg St.
2026-03-09,158419173,20:03:00,20:05:00,CPH Lufthavn
2026-03-09,158417127,20:04:00,20:06:00,Esbjerg St.
2026-03-09,158417439,20:11:00,20:13:00,Østerport St.
2026-03-09,158418857,20:40:00,20:43:00,Flensburg
2026-03-09,158417466,20:46:00,20:48:00,Esbjerg St.
2026-03-09,158417002,20:51:00,20:53:00,Skanderborg St.
2026-03-09,158417121,21:04:00,21:06:00,Esbjerg St.
2026-03-09,158418875,21:16:00,21:18:00,Fredericia St.
2026-03-09,158417465,21:46:00,21:48:00,Esbjerg St.
2026-03-09,158416997,21:51:00,21:53:00,Aarhus H
2026-03-09,158419126,21:52:00,21:54:00,Sønderborg St.
2026-03-09,158419905,22:03:00,22:05:00,Odense St.
2026-03-09,158417117,22:04:00,22:06:00,Esbjerg St.
2026-03-09,158420227,22:39:00,22:39:00,Kolding St.
2026-03-09,158420222,22:49:00,22:49:00,Fredericia St.
2026-03-09,158418840,23:17:00,23:19:00,Fredericia St.
2026-03-09,158417110,23:25:00,23:27:00,Esbjerg St.
2026-03-09,158417104,23:29:00,23:31:00,Fredericia St.
2026-03-09,158419900,24:03:00,24:05:00,Fredericia St.
2026-03-09,158419909,24:07:00,24:09:00,Sønderborg St.
2026-03-09,158417097,24:29:00,24:31:00,Fredericia St.
2026-03-09,158418865,4:40:00,4:43:00,Flensburg
2026-03-09,158417492,5:11:00,5:13:00,Østerport St.
2026-03-09,158417185,5:20:00,5:22:00,Esbjerg St.
2026-03-09,158417107,5:51:00,5:53:00,Skanderborg St.
2026-03-09,158419168,5:52:00,5:54:00,Sønderborg St.
2026-03-09,158419202,6:03:00,6:05:00,CPH Lufthavn
2026-03-09,158417491,6:11:00,6:13:00,Østerport St.
2026-03-09,158417184,6:20:00,6:22:00,Esbjerg St.
2026-03-09,158418864,6:40:00,6:43:00,Flensburg
2026-03-09,158417478,6:46:00,6:48:00,Esbjerg St.
2026-03-09,158417090,6:51:00,6:53:00,Skanderborg St.
2026-03-09,158417180,7:04:00,7:06:00,Esbjerg St.
2026-03-09,158417489,7:11:00,7:13:00,Østerport St.
2026-03-09,158418881,7:16:00,7:18:00,Fredericia St.
2026-03-09,158417475,7:46:00,7:48:00,Esbjerg St.
2026-03-09,158417079,7:51:00,7:53:00,Skanderborg St.
2026-03-09,158419164,7:52:00,7:54:00,Sønderborg St.
2026-03-09,158419199,8:03:00,8:05:00,CPH Lufthavn
2026-03-09,158417174,8:04:00,8:06:00,Esbjerg St.
2026-03-09,158417477,8:11:00,8:13:00,Østerport St.
2026-03-09,158418863,8:40:00,8:43:00,Flensburg
2026-03-09,158417464,8:46:00,8:48:00,Esbjerg St.
2026-03-09,158420632,8:53:00,8:55:00,Fredericia St.
2026-03-09,158420642,9:04:00,9:06:00,Esbjerg St.
2026-03-09,158417476,9:11:00,9:13:00,Østerport St.
2026-03-09,158418880,9:16:00,9:18:00,Fredericia St.
2026-03-09,158417462,9:46:00,9:48:00,Esbjerg St.
2026-03-09,158417072,9:51:00,9:53:00,Skanderborg St.
2026-03-09,158419159,9:52:00,9:54:00,Sønderborg St.
2026-03-10,158419194,10:03:00,10:05:00,CPH Lufthavn
2026-03-10,158417170,10:04:00,10:06:00,Esbjerg St.
2026-03-10,158417488,10:11:00,10:13:00,Østerport St.
2026-03-10,158422286,10:12:00,10:15:00,Hamburg Hbf
2026-03-10,158418862,10:40:00,10:43:00,Flensburg
2026-03-10,158417474,10:46:00,10:48:00,Esbjerg St.
2026-03-10,158417063,10:51:00,10:53:00,Skanderborg St.
2026-03-10,158417164,11:04:00,11:06:00,Esbjerg St.
2026-03-10,158417487,11:11:00,11:13:00,Østerport St.
2026-03-10,158418879,11:16:00,11:18:00,Fredericia St.
2026-03-10,158422251,11:44:00,11:46:00,København H
2026-03-10,158417473,11:46:00,11:48:00,Esbjerg St.
2026-03-10,158417052,11:51:00,11:53:00,Skanderborg St.
2026-03-10,158419154,11:52:00,11:54:00,Sønderborg St.
2026-03-10,158419190,12:03:00,12:05:00,CPH Lufthavn
2026-03-10,158417158,12:04:00,12:06:00,Esbjerg St.
2026-03-10,158417486,12:11:00,12:13:00,Østerport St.
2026-03-10,158418861,12:40:00,12:43:00,Flensburg
2026-03-10,158417461,12:46:00,12:48:00,Esbjerg St.
2026-03-10,158420629,12:53:00,12:55:00,Fredericia St.
2026-03-10,158420639,13:04:00,13:06:00,Esbjerg St.
2026-03-10,158417485,13:11:00,13:13:00,Østerport St.
2026-03-10,158418842,13:16:00,13:18:00,Fredericia St.
2026-03-10,158422271,13:44:00,13:46:00,København H
2026-03-10,158417472,13:46:00,13:48:00,Esbjerg St.
2026-03-10,158417043,13:51:00,13:53:00,Skanderborg St.
2026-03-10,158419150,13:52:00,13:54:00,Sønderborg St.
2026-03-10,158419186,14:03:00,14:05:00,CPH Lufthavn
2026-03-10,158417153,14:04:00,14:06:00,Esbjerg St.
2026-03-10,158417484,14:11:00,14:13:00,Østerport St.
2026-03-10,158418860,14:40:00,14:43:00,Flensburg
2026-03-10,158417471,14:46:00,14:48:00,Esbjerg St.
2026-03-10,158417035,14:51:00,14:53:00,Skanderborg St.
2026-03-10,158417147,15:04:00,15:06:00,Esbjerg St.
2026-03-10,158417483,15:11:00,15:13:00,Østerport St.
2026-03-10,158418878,15:16:00,15:18:00,Fredericia St.
2026-03-10,158417460,15:46:00,15:48:00,Esbjerg St.
2026-03-10,158417027,15:51:00,15:53:00,Skanderborg St.
2026-03-10,158419145,15:52:00,15:54:00,Sønderborg St.
2026-03-10,158419181,16:03:00,16:05:00,CPH Lufthavn
2026-03-10,158417142,16:04:00,16:06:00,Esbjerg St.
2026-03-10,158417482,16:11:00,16:13:00,Østerport St.
2026-03-10,158422260,16:12:00,16:15:00,Hamburg Hbf
2026-03-10,158418859,16:40:00,16:43:00,Flensburg
2026-03-10,158417470,16:46:00,16:48:00,Esbjerg St.
2026-03-10,158420626,16:53:00,16:55:00,Fredericia St.
2026-03-10,158420635,17:04:00,17:06:00,Esbjerg St.
2026-03-10,158417481,17:11:00,17:13:00,Østerport St.
2026-03-10,158418877,17:16:00,17:18:00,Fredericia St.
2026-03-10,158422272,17:44:00,17:46:00,København H
2026-03-10,158417469,17:46:00,17:48:00,Esbjerg St.
2026-03-10,158417019,17:51:00,17:53:00,Skanderborg St.
2026-03-10,158419140,17:52:00,17:54:00,Sønderborg St.
2026-03-10,158419177,18:03:00,18:05:00,CPH Lufthavn
2026-03-10,158417137,18:04:00,18:06:00,Esbjerg St.
2026-03-10,158417480,18:11:00,18:13:00,Østerport St.
2026-03-10,158422246,18:12:00,18:15:00,Hamburg Hbf
2026-03-10,158418858,18:40:00,18:43:00,Flensburg
2026-03-10,158417468,18:46:00,18:48:00,Esbjerg St.
2026-03-10,158417012,18:51:00,18:53:00,Skanderborg St.
2026-03-10,158417132,19:04:00,19:06:00,Esbjerg St.
2026-03-10,158417479,19:11:00,19:13:00,Østerport St.
2026-03-10,158418876,19:16:00,19:18:00,Fredericia St.
2026-03-10,158417467,19:46:00,19:48:00,Esbjerg St.
2026-03-10,158417007,19:51:00,19:53:00,Skanderborg St.
2026-03-10,158419134,19:52:00,19:54:00,Sønderborg St.
2026-03-10,158419173,20:03:00,20:05:00,CPH Lufthavn
2026-03-10,158417127,20:04:00,20:06:00,Esbjerg St.
2026-03-10,158417439,20:11:00,20:13:00,Østerport St.
2026-03-10,158418857,20:40:00,20:43:00,Flensburg
2026-03-10,158417466,20:46:00,20:48:00,Esbjerg St.
2026-03-10,158417002,20:51:00,20:53:00,Skanderborg St.
2026-03-10,158417121,21:04:00,21:06:00,Esbjerg St.
2026-03-10,158418875,21:16:00,21:18:00,Fredericia St.
2026-03-10,158417465,21:46:00,21:48:00,Esbjerg St.
2026-03-10,158416997,21:51:00,21:53:00,Aarhus H
2026-03-10,158419126,21:52:00,21:54:00,Sønderborg St.
2026-03-10,158419905,22:03:00,22:05:00,Odense St.
2026-03-10,158417117,22:04:00,22:06:00,Esbjerg St.
2026-03-10,158420227,22:39:00,22:39:00,Kolding St.
2026-03-10,158420222,22:49:00,22:49:00,Fredericia St.
2026-03-10,158418840,23:17:00,23:19:00,Fredericia St.
2026-03-10,158417110,23:25:00,23:27:00,Esbjerg St.
2026-03-10,158417104,23:29:00,23:31:00,Fredericia St.
2026-03-10,158419900,24:03:00,24:05:00,Fredericia St.
2026-03-10,158419909,24:07:00,24:09:00,Sønderborg St.
2026-03-10,158417097,24:29:00,24:31:00,Fredericia St.
2026-03-10,158418865,4:40:00,4:43:00,Flensburg
2026-03-10,158417492,5:11:00,5:13:00,Østerport St.
2026-03-10,158417185,5:20:00,5:22:00,Esbjerg St.
2026-03-10,158417107,5:51:00,5:53:00,Skanderborg St.
2026-03-10,158419168,5:52:00,5:54:00,Sønderborg St.
2026-03-10,158419202,6:03:00,6:05:00,CPH Lufthavn
2026-03-10,158417491,6:11:00,6:13:00,Østerport St.
2026-03-10,158417184,6:20:00,6:22:00,Esbjerg St.
2026-03-10,158418864,6:40:00,6:43:00,Flensburg
2026-03-10,158417478,6:46:00,6:48:00,Esbjerg St.
2026-03-10,158417090,6:51:00,6:53:00,Skanderborg St.
2026-03-10,158417180,7:04:00,7:06:00,Esbjerg St.
2026-03-10,158417489,7:11:00,7:13:00,Østerport St.
2026-03-10,158418881,7:16:00,7:18:00,Fredericia St.
2026-03-10,158417475,7:46:00,7:48:00,Esbjerg St.
2026-03-10,158417079,7:51:00,7:53:00,Skanderborg St.
2026-03-10,158419164,7:52:00,7:54:00,Sønderborg St.
2026-03-10,158419199,8:03:00,8:05:00,CPH Lufthavn
2026-03-10,158417174,8:04:00,8:06:00,Esbjerg St.
2026-03-10,158417477,8:11:00,8:13:00,Østerport St.
2026-03-10,158418863,8:40:00,8:43:00,Flensburg
2026-03-10,158417464,8:46:00,8:48:00,Esbjerg St.
2026-03-10,158420632,8:53:00,8:55:00,Fredericia St.
2026-03-10,158420642,9:04:00,9:06:00,Esbjerg St.
2026-03-10,158417476,9:11:00,9:13:00,Østerport St.
2026-03-10,158418880,9:16:00,9:18:00,Fredericia St.
2026-03-10,158417462,9:46:00,9:48:00,Esbjerg St.
2026-03-10,158417072,9:51:00,9:53:00,Skanderborg St.
2026-03-10,158419159,9:52:00,9:54:00,Sønderborg St.
2026-03-11,158419194,10:03:00,10:05:00,CPH Lufthavn
2026-03-11,158417170,10:04:00,10:06:00,Esbjerg St.
2026-03-11,158417488,10:11:00,10:13:00,Østerport St.
2026-03-11,158418862,10:40:00,10:43:00,Flensburg
2026-03-11,158417474,10:46:00,10:48:00,Esbjerg St.
2026-03-11,158417063,10:51:00,10:53:00,Skanderborg St.
2026-03-11,158417164,11:04:00,11:06:00,Esbjerg St.
2026-03-11,158417487,11:11:00,11:13:00,Østerport St.
2026-03-11,158418879,11:16:00,11:18:00,Fredericia St.
2026-03-11,158422251,11:44:00,11:46:00,København H
2026-03-11,158417473,11:46:00,11:48:00,Esbjerg St.
2026-03-11,158417052,11:51:00,11:53:00,Skanderborg St.
2026-03-11,158419154,11:52:00,11:54:00,Sønderborg St.
2026-03-11,158419190,12:03:00,12:05:00,CPH Lufthavn
2026-03-11,158417158,12:04:00,12:06:00,Esbjerg St.
2026-03-11,158417486,12:11:00,12:13:00,Østerport St.
2026-03-11,158418861,12:40:00,12:43:00,Flensburg
2026-03-11,158417461,12:46:00,12:48:00,Esbjerg St.
2026-03-11,158420629,12:53:00,12:55:00,Fredericia St.
2026-03-11,158420639,13:04:00,13:06:00,Esbjerg St.
2026-03-11,158417485,13:11:00,13:13:00,Østerport St.
2026-03-11,158418842,13:16:00,13:18:00,Fredericia St.
2026-03-11,158422271,13:44:00,13:46:00,København H
2026-03-11,158417472,13:46:00,13:48:00,Esbjerg St.
2026-03-11,158417043,13:51:00,13:53:00,Skanderborg St.
2026-03-11,158419150,13:52:00,13:54:00,Sønderborg St.
2026-03-11,158419186,14:03:00,14:05:00,CPH Lufthavn
2026-03-11,158417153,14:04:00,14:06:00,Esbjerg St.
2026-03-11,158417484,14:11:00,14:13:00,Østerport St.
2026-03-11,158418860,14:40:00,14:43:00,Flensburg
2026-03-11,158417471,14:46:00,14:48:00,Esbjerg St.
2026-03-11,158417035,14:51:00,14:53:00,Skanderborg St.
2026-03-11,158417147,15:04:00,15:06:00,Esbjerg St.
2026-03-11,158417483,15:11:00,15:13:00,Østerport St.
2026-03-11,158418878,15:16:00,15:18:00,Fredericia St.
2026-03-11,158417460,15:46:00,15:48:00,Esbjerg St.
2026-03-11,158417027,15:51:00,15:53:00,Skanderborg St.
2026-03-11,158419145,15:52:00,15:54:00,Sønderborg St.
2026-03-11,158419181,16:03:00,16:05:00,CPH Lufthavn
2026-03-11,158417142,16:04:00,16:06:00,Esbjerg St.
2026-03-11,158417482,16:11:00,16:13:00,Østerport St.
2026-03-11,158422260,16:12:00,16:15:00,Hamburg Hbf
2026-03-11,158418859,16:40:00,16:43:00,Flensburg
2026-03-11,158417470,16:46:00,16:48:00,Esbjerg St.
2026-03-11,158420626,16:53:00,16:55:00,Fredericia St.
2026-03-11,158420635,17:04:00,17:06:00,Esbjerg St.
2026-03-11,158417481,17:11:00,17:13:00,Østerport St.
2026-03-11,158418877,17:16:00,17:18:00,Fredericia St.
2026-03-11,158417469,17:46:00,17:48:00,Esbjerg St.
2026-03-11,158417019,17:51:00,17:53:00,Skanderborg St.
2026-03-11,158419140,17:52:00,17:54:00,Sønderborg St.
2026-03-11,158419177,18:03:00,18:05:00,CPH Lufthavn
2026-03-11,158417137,18:04:00,18:06:00,Esbjerg St.
2026-03-11,158417480,18:11:00,18:13:00,Østerport St.
2026-03-11,158422246,18:12:00,18:15:00,Hamburg Hbf
2026-03-11,158418858,18:40:00,18:43:00,Flensburg
2026-03-11,158417468,18:46:00,18:48:00,Esbjerg St.
2026-03-11,158417012,18:51:00,18:53:00,Skanderborg St.
2026-03-11,158417132,19:04:00,19:06:00,Esbjerg St.
2026-03-11,158417479,19:11:00,19:13:00,Østerport St.
2026-03-11,158418876,19:16:00,19:18:00,Fredericia St.
2026-03-11,158417467,19:46:00,19:48:00,Esbjerg St.
2026-03-11,158417007,19:51:00,19:53:00,Skanderborg St.
2026-03-11,158419134,19:52:00,19:54:00,Sønderborg St.
2026-03-11,158419173,20:03:00,20:05:00,CPH Lufthavn
2026-03-11,158417127,20:04:00,20:06:00,Esbjerg St.
2026-03-11,158417439,20:11:00,20:13:00,Østerport St.
2026-03-11,158418857,20:40:00,20:43:00,Flensburg
2026-03-11,158417466,20:46:00,20:48:00,Esbjerg St.
2026-03-11,158417002,20:51:00,20:53:00,Skanderborg St.
2026-03-11,158417121,21:04:00,21:06:00,Esbjerg St.
2026-03-11,158418875,21:16:00,21:18:00,Fredericia St.
2026-03-11,158417465,21:46:00,21:48:00,Esbjerg St.
2026-03-11,158416997,21:51:00,21:53:00,Aarhus H
2026-03-11,158419126,21:52:00,21:54:00,Sønderborg St.
2026-03-11,158419905,22:03:00,22:05:00,Odense St.
2026-03-11,158417117,22:04:00,22:06:00,Esbjerg St.
2026-03-11,158420227,22:39:00,22:39:00,Kolding St.
2026-03-11,158420222,22:49:00,22:49:00,Fredericia St.
2026-03-11,158418840,23:17:00,23:19:00,Fredericia St.
2026-03-11,158417110,23:25:00,23:27:00,Esbjerg St.
2026-03-11,158417104,23:29:00,23:31:00,Fredericia St.
2026-03-11,158419900,24:03:00,24:05:00,Fredericia St.
2026-03-11,158419909,24:07:00,24:09:00,Sønderborg St.
2026-03-11,158417097,24:29:00,24:31:00,Fredericia St.
2026-03-11,158418865,4:40:00,4:43:00,Flensburg
2026-03-11,158417492,5:11:00,5:13:00,Østerport St.
2026-03-11,158417185,5:20:00,5:22:00,Esbjerg St.
2026-03-11,158417107,5:51:00,5:53:00,Skanderborg St.
2026-03-11,158419168,5:52:00,5:54:00,Sønderborg St.
2026-03-11,158419202,6:03:00,6:05:00,CPH Lufthavn
2026-03-11,158417491,6:11:00,6:13:00,Østerport St.
2026-03-11,158417184,6:20:00,6:22:00,Esbjerg St.
2026-03-11,158418864,6:40:00,6:43:00,Flensburg
2026-03-11,158417478,6:46:00,6:48:00,Esbjerg St.
2026-03-11,158417090,6:51:00,6:53:00,Skanderborg St.
2026-03-11,158417180,7:04:00,7:06:00,Esbjerg St.
2026-03-11,158417489,7:11:00,7:13:00,Østerport St.
2026-03-11,158418881,7:16:00,7:18:00,Fredericia St.
2026-03-11,158417475,7:46:00,7:48:00,Esbjerg St.
2026-03-11,158417079,7:51:00,7:53:00,Skanderborg St.
2026-03-11,158419164,7:52:00,7:54:00,Sønderborg St.
2026-03-11,158419199,8:03:00,8:05:00,CPH Lufthavn
2026-03-11,158417174,8:04:00,8:06:00,Esbjerg St.
2026-03-11,158417477,8:11:00,8:13:00,Østerport St.
2026-03-11,158418863,8:40:00,8:43:00,Flensburg
2026-03-11,158417464,8:46:00,8:48:00,Esbjerg St.
2026-03-11,158420632,8:53:00,8:55:00,Fredericia St.
2026-03-11,158420642,9:04:00,9:06:00,Esbjerg St.
2026-03-11,158417476,9:11:00,9:13:00,Østerport St.
2026-03-11,158418880,9:16:00,9:18:00,Fredericia St.
2026-03-11,158417462,9:46:00,9:48:00,Esbjerg St.
2026-03-11,158417072,9:51:00,9:53:00,Skanderborg St.
2026-03-11,158419159,9:52:00,9:54:00,Sønderborg St.
2026-03-12,158419194,10:03:00,10:05:00,CPH Lufthavn
2026-03-12,158417170,10:04:00,10:06:00,Esbjerg St.
2026-03-12,158417488,10:11:00,10:13:00,Østerport St.
2026-03-12,158418862,10:40:00,10:43:00,Flensburg
2026-03-12,158417474,10:46:00,10:48:00,Esbjerg St.
2026-03-12,158417063,10:51:00,10:53:00,Skanderborg St.
2026-03-12,158417164,11:04:00,11:06:00,Esbjerg St.
2026-03-12,158417487,11:11:00,11:13:00,Østerport St.
2026-03-12,158418879,11:16:00,11:18:00,Fredericia St.
2026-03-12,158422251,11:44:00,11:46:00,København H
2026-03-12,158417473,11:46:00,11:48:00,Esbjerg St.
2026-03-12,158417052,11:51:00,11:53:00,Skanderborg St.
2026-03-12,158419154,11:52:00,11:54:00,Sønderborg St.
2026-03-12,158419190,12:03:00,12:05:00,CPH Lufthavn
2026-03-12,158417158,12:04:00,12:06:00,Esbjerg St.
2026-03-12,158417486,12:11:00,12:13:00,Østerport St.
2026-03-12,158418861,12:40:00,12:43:00,Flensburg
2026-03-12,158417461,12:46:00,12:48:00,Esbjerg St.
2026-03-12,158420629,12:53:00,12:55:00,Fredericia St.
2026-03-12,158420639,13:04:00,13:06:00,Esbjerg St.
2026-03-12,158417485,13:11:00,13:13:00,Østerport St.
2026-03-12,158418842,13:16:00,13:18:00,Fredericia St.
2026-03-12,158422271,13:44:00,13:46:00,København H
2026-03-12,158417472,13:46:00,13:48:00,Esbjerg St.
2026-03-12,158417043,13:51:00,13:53:00,Skanderborg St.
2026-03-12,158419150,13:52:00,13:54:00,Sønderborg St.
2026-03-12,158419186,14:03:00,14:05:00,CPH Lufthavn
2026-03-12,158417153,14:04:00,14:06:00,Esbjerg St.
2026-03-12,158417484,14:11:00,14:13:00,Østerport St.
2026-03-12,158418860,14:40:00,14:43:00,Flensburg
2026-03-12,158417471,14:46:00,14:48:00,Esbjerg St.
2026-03-12,158417035,14:51:00,14:53:00,Skanderborg St.
2026-03-12,158417147,15:04:00,15:06:00,Esbjerg St.
2026-03-12,158417483,15:11:00,15:13:00,Østerport St.
2026-03-12,158418878,15:16:00,15:18:00,Fredericia St.
2026-03-12,158417460,15:46:00,15:48:00,Esbjerg St.
2026-03-12,158417027,15:51:00,15:53:00,Skanderborg St.
2026-03-12,158419145,15:52:00,15:54:00,Sønderborg St.
2026-03-12,158419181,16:03:00,16:05:00,CPH Lufthavn
2026-03-12,158417142,16:04:00,16:06:00,Esbjerg St.
2026-03-12,158417482,16:11:00,16:13:00,Østerport St.
2026-03-12,158422260,16:12:00,16:15:00,Hamburg Hbf
2026-03-12,158418859,16:40:00,16:43:00,Flensburg
2026-03-12,158417470,16:46:00,16:48:00,Esbjerg St.
2026-03-12,158420626,16:53:00,16:55:00,Fredericia St.
2026-03-12,158420635,17:04:00,17:06:00,Esbjerg St.
2026-03-12,158417481,17:11:00,17:13:00,Østerport St.
2026-03-12,158418877,17:16:00,17:18:00,Fredericia St.
2026-03-12,158417469,17:46:00,17:48:00,Esbjerg St.
2026-03-12,158417019,17:51:00,17:53:00,Skanderborg St.
2026-03-12,158419140,17:52:00,17:54:00,Sønderborg St.
2026-03-12,158419177,18:03:00,18:05:00,CPH Lufthavn
2026-03-12,158417137,18:04:00,18:06:00,Esbjerg St.
2026-03-12,158417480,18:11:00,18:13:00,Østerport St.
2026-03-12,158422246,18:12:00,18:15:00,Hamburg Hbf
2026-03-12,158418858,18:40:00,18:43:00,Flensburg
2026-03-12,158417468,18:46:00,18:48:00,Esbjerg St.
2026-03-12,158417012,18:51:00,18:53:00,Skanderborg St.
2026-03-12,158417132,19:04:00,19:06:00,Esbjerg St.
2026-03-12,158417479,19:11:00,19:13:00,Østerport St.
2026-03-12,158418876,19:16:00,19:18:00,Fredericia St.
2026-03-12,158417467,19:46:00,19:48:00,Esbjerg St.
2026-03-12,158417007,19:51:00,19:53:00,Skanderborg St.
2026-03-12,158419134,19:52:00,19:54:00,Sønderborg St.
2026-03-12,158419173,20:03:00,20:05:00,CPH Lufthavn
2026-03-12,158417127,20:04:00,20:06:00,Esbjerg St.
2026-03-12,158417439,20:11:00,20:13:00,Østerport St.
2026-03-12,158418857,20:40:00,20:43:00,Flensburg
2026-03-12,158417466,20:46:00,20:48:00,Esbjerg St.
2026-03-12,158417002,20:51:00,20:53:00,Skanderborg St.
2026-03-12,158417121,21:04:00,21:06:00,Esbjerg St.
2026-03-12,158418875,21:16:00,21:18:00,Fredericia St.
2026-03-12,158417465,21:46:00,21:48:00,Esbjerg St.
2026-03-12,158416997,21:51:00,21:53:00,Aarhus H
2026-03-12,158419126,21:52:00,21:54:00,Sønderborg St.
2026-03-12,158419905,22:03:00,22:05:00,Odense St.
2026-03-12,158417117,22:04:00,22:06:00,Esbjerg St.
2026-03-12,158420227,22:39:00,22:39:00,Kolding St.
2026-03-12,158420222,22:49:00,22:49:00,Fredericia St.
2026-03-12,158418840,23:17:00,23:19:00,Fredericia St.
2026-03-12,158417110,23:25:00,23:27:00,Esbjerg St.
2026-03-12,158417104,23:29:00,23:31:00,Fredericia St.
2026-03-12,158419900,24:03:00,24:05:00,Fredericia St.
2026-03-12,158419909,24:07:00,24:09:00,Sønderborg St.
2026-03-12,158417097,24:29:00,24:31:00,Fredericia St.
2026-03-12,158418865,4:40:00,4:43:00,Flensburg
2026-03-12,158417492,5:11:00,5:13:00,Østerport St.
2026-03-12,158417185,5:20:00,5:22:00,Esbjerg St.
2026-03-12,158417107,5:51:00,5:53:00,Skanderborg St.
2026-03-12,158419168,5:52:00,5:54:00,Sønderborg St.
2026-03-12,158419202,6:03:00,6:05:00,CPH Lufthavn
2026-03-12,158417491,6:11:00,6:13:00,Østerport St.
2026-03-12,158417184,6:20:00,6:22:00,Esbjerg St.
2026-03-12,158418864,6:40:00,6:43:00,Flensburg
2026-03-12,158417478,6:46:00,6:48:00,Esbjerg St.
2026-03-12,158417090,6:51:00,6:53:00,Skanderborg St.
2026-03-12,158417180,7:04:00,7:06:00,Esbjerg St.
2026-03-12,158417489,7:11:00,7:13:00,Østerport St.
2026-03-12,158418881,7:16:00,7:18:00,Fredericia St.
2026-03-12,158417475,7:46:00,7:48:00,Esbjerg St.
2026-03-12,158417079,7:51:00,7:53:00,Skanderborg St.
2026-03-12,158419164,7:52:00,7:54:00,Sønderborg St.
2026-03-12,158419199,8:03:00,8:05:00,CPH Lufthavn
2026-03-12,158417174,8:04:00,8:06:00,Esbjerg St.
2026-03-12,158417477,8:11:00,8:13:00,Østerport St.
2026-03-12,158418863,8:40:00,8:43:00,Flensburg
2026-03-12,158417464,8:46:00,8:48:00,Esbjerg St.
2026-03-12,158420632,8:53:00,8:55:00,Fredericia St.
2026-03-12,158420642,9:04:00,9:06:00,Esbjerg St.
2026-03-12,158417476,9:11:00,9:13:00,Østerport St.
2026-03-12,158418880,9:16:00,9:18:00,Fredericia St.
2026-03-12,158417462,9:46:00,9:48:00,Esbjerg St.
2026-03-12,158417072,9:51:00,9:53:00,Skanderborg St.
2026-03-12,158419159,9:52:00,9:54:00,Sønderborg St.
2026-03-13,158419194,10:03:00,10:05:00,CPH Lufthavn
2026-03-13,158417170,10:04:00,10:06:00,Esbjerg St.
2026-03-13,158417488,10:11:00,10:13:00,Østerport St.
2026-03-13,158418862,10:40:00,10:43:00,Flensburg
2026-03-13,158417474,10:46:00,10:48:00,Esbjerg St.
2026-03-13,158417063,10:51:00,10:53:00,Skanderborg St.
2026-03-13,158417164,11:04:00,11:06:00,Esbjerg St.
2026-03-13,158417487,11:11:00,11:13:00,Østerport St.
2026-03-13,158418879,11:16:00,11:18:00,Fredericia St.
2026-03-13,158422251,11:44:00,11:46:00,København H
2026-03-13,158417473,11:46:00,11:48:00,Esbjerg St.
2026-03-13,158417052,11:51:00,11:53:00,Skanderborg St.
2026-03-13,158419154,11:52:00,11:54:00,Sønderborg St.
2026-03-13,158419190,12:03:00,12:05:00,CPH Lufthavn
2026-03-13,158417158,12:04:00,12:06:00,Esbjerg St.
2026-03-13,158417486,12:11:00,12:13:00,Østerport St.
2026-03-13,158418861,12:40:00,12:43:00,Flensburg
2026-03-13,158417461,12:46:00,12:48:00,Esbjerg St.
2026-03-13,158420629,12:53:00,12:55:00,Fredericia St.
2026-03-13,158420639,13:04:00,13:06:00,Esbjerg St.
2026-03-13,158417485,13:11:00,13:13:00,Østerport St.
2026-03-13,158418842,13:16:00,13:18:00,Fredericia St.
2026-03-13,158422271,13:44:00,13:46:00,København H
2026-03-13,158417472,13:46:00,13:48:00,Esbjerg St.
2026-03-13,158417043,13:51:00,13:53:00,Skanderborg St.
2026-03-13,158419150,13:52:00,13:54:00,Sønderborg St.
2026-03-13,158419186,14:03:00,14:05:00,CPH Lufthavn
2026-03-13,158417153,14:04:00,14:06:00,Esbjerg St.
2026-03-13,158417484,14:11:00,14:13:00,Østerport St.
2026-03-13,158418860,14:40:00,14:43:00,Flensburg
2026-03-13,158417471,14:46:00,14:48:00,Esbjerg St.
2026-03-13,158417035,14:51:00,14:53:00,Skanderborg St.
2026-03-13,158417147,15:04:00,15:06:00,Esbjerg St.
2026-03-13,158417483,15:11:00,15:13:00,Østerport St.
2026-03-13,158418878,15:16:00,15:18:00,Fredericia St.
2026-03-13,158417460,15:46:00,15:48:00,Esbjerg St.
2026-03-13,158417027,15:51:00,15:53:00,Skanderborg St.
2026-03-13,158419145,15:52:00,15:54:00,Sønderborg St.
2026-03-13,158419181,16:03:00,16:05:00,CPH Lufthavn
2026-03-13,158417142,16:04:00,16:06:00,Esbjerg St.
2026-03-13,158417482,16:11:00,16:13:00,Østerport St.
2026-03-13,158422260,16:12:00,16:15:00,Hamburg Hbf
2026-03-13,158418859,16:40:00,16:43:00,Flensburg
2026-03-13,158417470,16:46:00,16:48:00,Esbjerg St.
2026-03-13,158420626,16:53:00,16:55:00,Fredericia St.
2026-03-13,158420635,17:04:00,17:06:00,Esbjerg St.
2026-03-13,158417481,17:11:00,17:13:00,Østerport St.
2026-03-13,158418877,17:16:00,17:18:00,Fredericia St.
2026-03-13,158417469,17:46:00,17:48:00,Esbjerg St.
2026-03-13,158417019,17:51:00,17:53:00,Skanderborg St.
2026-03-13,158419140,17:52:00,17:54:00,Sønderborg St.
2026-03-13,158419177,18:03:00,18:05:00,CPH Lufthavn
2026-03-13,158417137,18:04:00,18:06:00,Esbjerg St.
2026-03-13,158417480,18:11:00,18:13:00,Østerport St.
2026-03-13,158422246,18:12:00,18:15:00,Hamburg Hbf
2026-03-13,158418858,18:40:00,18:43:00,Flensburg
2026-03-13,158417468,18:46:00,18:48:00,Esbjerg St.
2026-03-13,158417012,18:51:00,18:53:00,Skanderborg St.
2026-03-13,158417132,19:04:00,19:06:00,Esbjerg St.
2026-03-13,158417479,19:11:00,19:13:00,Østerport St.
2026-03-13,158418876,19:16:00,19:18:00,Fredericia St.
2026-03-13,158417467,19:46:00,19:48:00,Esbjerg St.
2026-03-13,158417007,19:51:00,19:53:00,Skanderborg St.
2026-03-13,158419134,19:52:00,19:54:00,Sønderborg St.
2026-03-13,158419173,20:03:00,20:05:00,CPH Lufthavn
2026-03-13,158417127,20:04:00,20:06:00,Esbjerg St.
2026-03-13,158417439,20:11:00,20:13:00,Østerport St.
2026-03-13,158418857,20:40:00,20:43:00,Flensburg
2026-03-13,158417466,20:46:00,20:48:00,Esbjerg St.
2026-03-13,158417002,20:51:00,20:53:00,Skanderborg St.
2026-03-13,158417121,21:04:00,21:06:00,Esbjerg St.
2026-03-13,158418875,21:16:00,21:18:00,Fredericia St.
2026-03-13,158417465,21:46:00,21:48:00,Esbjerg St.
2026-03-13,158416997,21:51:00,21:53:00,Aarhus H
2026-03-13,158419126,21:52:00,21:54:00,Sønderborg St.
2026-03-13,158419905,22:03:00,22:05:00,Odense St.
2026-03-13,158417117,22:04:00,22:06:00,Esbjerg St.
2026-03-13,158420227,22:39:00,22:39:00,Kolding St.
2026-03-13,158420222,22:49:00,22:49:00,Fredericia St.
2026-03-13,158418840,23:17:00,23:19:00,Fredericia St.
2026-03-13,158417110,23:25:00,23:27:00,Esbjerg St.
2026-03-13,158417098,23:29:00,23:31:00,CPH Lufthavn
2026-03-13,158419900,24:03:00,24:05:00,Fredericia St.
2026-03-13,158419909,24:07:00,24:09:00,Sønderborg St.
2026-03-13,158417097,24:29:00,24:31:00,Fredericia St.
2026-03-13,158418865,4:40:00,4:43:00,Flensburg
2026-03-13,158417492,5:11:00,5:13:00,Østerport St.
2026-03-13,158417185,5:20:00,5:22:00,Esbjerg St.
2026-03-13,158417107,5:51:00,5:53:00,Skanderborg St.
2026-03-13,158419168,5:52:00,5:54:00,Sønderborg St.
2026-03-13,158419202,6:03:00,6:05:00,CPH Lufthavn
2026-03-13,158417491,6:11:00,6:13:00,Østerport St.
2026-03-13,158417184,6:20:00,6:22:00,Esbjerg St.
2026-03-13,158418864,6:40:00,6:43:00,Flensburg
2026-03-13,158417478,6:46:00,6:48:00,Esbjerg St.
2026-03-13,158417090,6:51:00,6:53:00,Skanderborg St.
2026-03-13,158417180,7:04:00,7:06:00,Esbjerg St.
2026-03-13,158417489,7:11:00,7:13:00,Østerport St.
2026-03-13,158418881,7:16:00,7:18:00,Fredericia St.
2026-03-13,158417475,7:46:00,7:48:00,Esbjerg St.
2026-03-13,158417079,7:51:00,7:53:00,Skanderborg St.
2026-03-13,158419164,7:52:00,7:54:00,Sønderborg St.
2026-03-13,158419199,8:03:00,8:05:00,CPH Lufthavn
2026-03-13,158417174,8:04:00,8:06:00,Esbjerg St.
2026-03-13,158417477,8:11:00,8:13:00,Østerport St.
2026-03-13,158418863,8:40:00,8:43:00,Flensburg
2026-03-13,158417464,8:46:00,8:48:00,Esbjerg St.
2026-03-13,158420632,8:53:00,8:55:00,Fredericia St.
2026-03-13,158420642,9:04:00,9:06:00,Esbjerg St.
2026-03-13,158417476,9:11:00,9:13:00,Østerport St.
2026-03-13,158418880,9:16:00,9:18:00,Fredericia St.
2026-03-13,158417462,9:46:00,9:48:00,Esbjerg St.
2026-03-13,158417072,9:51:00,9:53:00,Skanderborg St.
2026-03-13,158419159,9:52:00,9:54:00,Sønderborg St.
2026-03-14,158419194,10:03:00,10:05:00,CPH Lufthavn
2026-03-14,158417170,10:04:00,10:06:00,Esbjerg St.
2026-03-14,158417488,10:11:00,10:13:00,Østerport St.
2026-03-14,158422286,10:12:00,10:15:00,Hamburg Hbf
2026-03-14,158418862,10:40:00,10:43:00,Flensburg
2026-03-14,158417474,10:46:00,10:48:00,Esbjerg St.
2026-03-14,158417063,10:51:00,10:53:00,Skanderborg St.
2026-03-14,158417164,11:04:00,11:06:00,Esbjerg St.
2026-03-14,158417487,11:11:00,11:13:00,Østerport St.
2026-03-14,158418879,11:16:00,11:18:00,Fredericia St.
2026-03-14,158422251,11:44:00,11:46:00,København H
2026-03-14,158417473,11:46:00,11:48:00,Esbjerg St.
2026-03-14,158417052,11:51:00,11:53:00,Skanderborg St.
2026-03-14,158419154,11:52:00,11:54:00,Sønderborg St.
2026-03-14,158419190,12:03:00,12:05:00,CPH Lufthavn
2026-03-14,158417158,12:04:00,12:06:00,Esbjerg St.
2026-03-14,158417486,12:11:00,12:13:00,Østerport St.
2026-03-14,158418861,12:40:00,12:43:00,Flensburg
2026-03-14,158417461,12:46:00,12:48:00,Esbjerg St.
2026-03-14,158420629,12:53:00,12:55:00,Fredericia St.
2026-03-14,158420639,13:04:00,13:06:00,Esbjerg St.
2026-03-14,158417485,13:11:00,13:13:00,Østerport St.
2026-03-14,158418842,13:16:00,13:18:00,Fredericia St.
2026-03-14,158422271,13:44:00,13:46:00,København H
2026-03-14,158417472,13:46:00,13:48:00,Esbjerg St.
2026-03-14,158417043,13:51:00,13:53:00,Skanderborg St.
2026-03-14,158419150,13:52:00,13:54:00,Sønderborg St.
2026-03-14,158419186,14:03:00,14:05:00,CPH Lufthavn
2026-03-14,158417153,14:04:00,14:06:00,Esbjerg St.
2026-03-14,158417484,14:11:00,14:13:00,Østerport St.
2026-03-14,158418860,14:40:00,14:43:00,Flensburg
2026-03-14,158417471,14:46:00,14:48:00,Esbjerg St.
2026-03-14,158417035,14:51:00,14:53:00,Skanderborg St.
2026-03-14,158417147,15:04:00,15:06:00,Esbjerg St.
2026-03-14,158417483,15:11:00,15:13:00,Østerport St.
2026-03-14,158418878,15:16:00,15:18:00,Fredericia St.
2026-03-14,158417460,15:46:00,15:48:00,Esbjerg St.
2026-03-14,158417027,15:51:00,15:53:00,Skanderborg St.
2026-03-14,158419145,15:52:00,15:54:00,Sønderborg St.
2026-03-14,158419181,16:03:00,16:05:00,CPH Lufthavn
2026-03-14,158417142,16:04:00,16:06:00,Esbjerg St.
2026-03-14,158417482,16:11:00,16:13:00,Østerport St.
2026-03-14,158422260,16:12:00,16:15:00,Hamburg Hbf
2026-03-14,158418859,16:40:00,16:43:00,Flensburg
2026-03-14,158417470,16:46:00,16:48:00,Esbjerg St.
2026-03-14,158420626,16:53:00,16:55:00,Fredericia St.
2026-03-14,158420635,17:04:00,17:06:00,Esbjerg St.
2026-03-14,158417481,17:11:00,17:13:00,Østerport St.
2026-03-14,158418877,17:16:00,17:18:00,Fredericia St.
2026-03-14,158422272,17:44:00,17:46:00,København H
2026-03-14,158417469,17:46:00,17:48:00,Esbjerg St.
2026-03-14,158417019,17:51:00,17:53:00,Skanderborg St.
2026-03-14,158419140,17:52:00,17:54:00,Sønderborg St.
2026-03-14,158419177,18:03:00,18:05:00,CPH Lufthavn
2026-03-14,158417137,18:04:00,18:06:00,Esbjerg St.
2026-03-14,158417480,18:11:00,18:13:00,Østerport St.
2026-03-14,158422246,18:12:00,18:15:00,Hamburg Hbf
2026-03-14,158418858,18:40:00,18:43:00,Flensburg
2026-03-14,158417468,18:46:00,18:48:00,Esbjerg St.
2026-03-14,158417012,18:51:00,18:53:00,Skanderborg St.
2026-03-14,158417132,19:04:00,19:06:00,Esbjerg St.
2026-03-14,158417479,19:11:00,19:13:00,Østerport St.
2026-03-14,158418876,19:16:00,19:18:00,Fredericia St.
2026-03-14,158417467,19:46:00,19:48:00,Esbjerg St.
2026-03-14,158417007,19:51:00,19:53:00,Skanderborg St.
2026-03-14,158419134,19:52:00,19:54:00,Sønderborg St.
2026-03-14,158419173,20:03:00,20:05:00,CPH Lufthavn
2026-03-14,158417127,20:04:00,20:06:00,Esbjerg St.
2026-03-14,158417439,20:11:00,20:13:00,Østerport St.
2026-03-14,158418857,20:40:00,20:43:00,Flensburg
2026-03-14,158417466,20:46:00,20:48:00,Esbjerg St.
2026-03-14,158417002,20:51:00,20:53:00,Skanderborg St.
2026-03-14,158417121,21:04:00,21:06:00,Esbjerg St.
2026-03-14,158418875,21:16:00,21:18:00,Fredericia St.
2026-03-14,158417465,21:46:00,21:48:00,Esbjerg St.
2026-03-14,158416997,21:51:00,21:53:00,Aarhus H
2026-03-14,158419126,21:52:00,21:54:00,Sønderborg St.
2026-03-14,158419905,22:03:00,22:05:00,Odense St.
2026-03-14,158417117,22:04:00,22:06:00,Esbjerg St.
2026-03-14,158418840,23:17:00,23:19:00,Fredericia St.
2026-03-14,158417110,23:25:00,23:27:00,Esbjerg St.
2026-03-14,158417098,23:29:00,23:31:00,CPH Lufthavn
2026-03-14,158419900,24:03:00,24:05:00,Fredericia St.
2026-03-14,158419909,24:07:00,24:09:00,Sønderborg St.
2026-03-14,158417097,24:29:00,24:31:00,Fredericia St.
2026-03-14,158418865,4:40:00,4:43:00,Flensburg
2026-03-14,158417184,6:20:00,6:22:00,Esbjerg St.
2026-03-14,158418864,6:40:00,6:43:00,Flensburg
2026-03-14,158417091,6:51:00,6:53:00,Aarhus H
2026-03-14,158417180,7:04:00,7:06:00,Esbjerg St.
2026-03-14,158417489,7:11:00,7:13:00,Østerport St.
2026-03-14,158418881,7:16:00,7:18:00,Fredericia St.
2026-03-14,158417079,7:51:00,7:53:00,Skanderborg St.
2026-03-14,158419911,7:52:00,7:54:00,Sønderborg St.
2026-03-14,158419199,8:03:00,8:05:00,CPH Lufthavn
2026-03-14,158417174,8:04:00,8:06:00,Esbjerg St.
2026-03-14,158417477,8:11:00,8:13:00,Østerport St.
2026-03-14,158418863,8:40:00,8:43:00,Flensburg
2026-03-14,158417463,8:46:00,8:48:00,Esbjerg St.
2026-03-14,158420632,8:53:00,8:55:00,Fredericia St.
2026-03-14,158420642,9:04:00,9:06:00,Esbjerg St.
2026-03-14,158417476,9:11:00,9:13:00,Østerport St.
2026-03-14,158418880,9:16:00,9:18:00,Fredericia St.
2026-03-14,158417459,9:46:00,9:48:00,Esbjerg St.
2026-03-14,158417072,9:51:00,9:53:00,Skanderborg St.
2026-03-14,158419159,9:52:00,9:54:00,Sønderborg St.
2026-03-15,158419194,10:03:00,10:05:00,CPH Lufthavn
2026-03-15,158417170,10:04:00,10:06:00,Esbjerg St.
2026-03-15,158417488,10:11:00,10:13:00,Østerport St.
2026-03-15,158422286,10:12:00,10:15:00,Hamburg Hbf
2026-03-15,158418862,10:40:00,10:43:00,Flensburg
2026-03-15,158417474,10:46:00,10:48:00,Esbjerg St.
2026-03-15,158417063,10:51:00,10:53:00,Skanderborg St.
2026-03-15,158417164,11:04:00,11:06:00,Esbjerg St.
2026-03-15,158417487,11:11:00,11:13:00,Østerport St.
2026-03-15,158418879,11:16:00,11:18:00,Fredericia St.
2026-03-15,158422251,11:44:00,11:46:00,København H
2026-03-15,158417473,11:46:00,11:48:00,Esbjerg St.
2026-03-15,158417052,11:51:00,11:53:00,Skanderborg St.
2026-03-15,158419154,11:52:00,11:54:00,Sønderborg St.
2026-03-15,158419190,12:03:00,12:05:00,CPH Lufthavn
2026-03-15,158417158,12:04:00,12:06:00,Esbjerg St.
2026-03-15,158417486,12:11:00,12:13:00,Østerport St.
2026-03-15,158418861,12:40:00,12:43:00,Flensburg
2026-03-15,158417461,12:46:00,12:48:00,Esbjerg St.
2026-03-15,158420629,12:53:00,12:55:00,Fredericia St.
2026-03-15,158420639,13:04:00,13:06:00,Esbjerg St.
2026-03-15,158417485,13:11:00,13:13:00,Østerport St.
2026-03-15,158418842,13:16:00,13:18:00,Fredericia St.
2026-03-15,158422271,13:44:00,13:46:00,København H
2026-03-15,158417472,13:46:00,13:48:00,Esbjerg St.
2026-03-15,158417043,13:51:00,13:53:00,Skanderborg St.
2026-03-15,158419150,13:52:00,13:54:00,Sønderborg St.
2026-03-15,158419186,14:03:00,14:05:00,CPH Lufthavn
2026-03-15,158417153,14:04:00,14:06:00,Esbjerg St.
2026-03-15,158417484,14:11:00,14:13:00,Østerport St.
2026-03-15,158418860,14:40:00,14:43:00,Flensburg
2026-03-15,158417471,14:46:00,14:48:00,Esbjerg St.
2026-03-15,158417035,14:51:00,14:53:00,Skanderborg St.
2026-03-15,158417147,15:04:00,15:06:00,Esbjerg St.
2026-03-15,158417483,15:11:00,15:13:00,Østerport St.
2026-03-15,158418878,15:16:00,15:18:00,Fredericia St.
2026-03-15,158417460,15:46:00,15:48:00,Esbjerg St.
2026-03-15,158417027,15:51:00,15:53:00,Skanderborg St.
2026-03-15,158419145,15:52:00,15:54:00,Sønderborg St.
2026-03-15,158419181,16:03:00,16:05:00,CPH Lufthavn
2026-03-15,158417142,16:04:00,16:06:00,Esbjerg St.
2026-03-15,158417482,16:11:00,16:13:00,Østerport St.
2026-03-15,158422260,16:12:00,16:15:00,Hamburg Hbf
2026-03-15,158418859,16:40:00,16:43:00,Flensburg
2026-03-15,158417470,16:46:00,16:48:00,Esbjerg St.
2026-03-15,158420626,16:53:00,16:55:00,Fredericia St.
2026-03-15,158420635,17:04:00,17:06:00,Esbjerg St.
2026-03-15,158417481,17:11:00,17:13:00,Østerport St.
2026-03-15,158418877,17:16:00,17:18:00,Fredericia St.
2026-03-15,158422272,17:44:00,17:46:00,København H
2026-03-15,158417469,17:46:00,17:48:00,Esbjerg St.
2026-03-15,158417019,17:51:00,17:53:00,Skanderborg St.
2026-03-15,158419140,17:52:00,17:54:00,Sønderborg St.
2026-03-15,158419177,18:03:00,18:05:00,CPH Lufthavn
2026-03-15,158417137,18:04:00,18:06:00,Esbjerg St.
2026-03-15,158417480,18:11:00,18:13:00,Østerport St.
2026-03-15,158422246,18:12:00,18:15:00,Hamburg Hbf
2026-03-15,158418858,18:40:00,18:43:00,Flensburg
2026-03-15,158417468,18:46:00,18:48:00,Esbjerg St.
2026-03-15,158417012,18:51:00,18:53:00,Skanderborg St.
2026-03-15,158417132,19:04:00,19:06:00,Esbjerg St.
2026-03-15,158417479,19:11:00,19:13:00,Østerport St.
2026-03-15,158418876,19:16:00,19:18:00,Fredericia St.
2026-03-15,158417467,19:46:00,19:48:00,Esbjerg St.
2026-03-15,158417007,19:51:00,19:53:00,Skanderborg St.
2026-03-15,158419134,19:52:00,19:54:00,Sønderborg St.
2026-03-15,158419173,20:03:00,20:05:00,CPH Lufthavn
2026-03-15,158417127,20:04:00,20:06:00,Esbjerg St.
2026-03-15,158417440,20:11:00,20:13:00,København H
2026-03-15,158418857,20:40:00,20:43:00,Flensburg
2026-03-15,158417466,20:46:00,20:48:00,Esbjerg St.
2026-03-15,158417002,20:51:00,20:53:00,Skanderborg St.
2026-03-15,158417121,21:04:00,21:06:00,Esbjerg St.
2026-03-15,158418875,21:16:00,21:18:00,Fredericia St.
2026-03-15,158417465,21:46:00,21:48:00,Esbjerg St.
2026-03-15,158416997,21:51:00,21:53:00,Aarhus H
2026-03-15,158419126,21:52:00,21:54:00,Sønderborg St.
2026-03-15,158419905,22:03:00,22:05:00,Odense St.
2026-03-15,158417117,22:04:00,22:06:00,Esbjerg St.
2026-03-15,158418840,23:17:00,23:19:00,Fredericia St.
2026-03-15,158417110,23:25:00,23:27:00,Esbjerg St.
2026-03-15,158417104,23:29:00,23:31:00,Fredericia St.
2026-03-15,158419900,24:03:00,24:05:00,Fredericia St.
2026-03-15,158419909,24:07:00,24:09:00,Sønderborg St.
2026-03-15,158417097,24:29:00,24:31:00,Fredericia St.
2026-03-15,158417184,6:20:00,6:22:00,Esbjerg St.
2026-03-15,158418864,6:40:00,6:43:00,Flensburg
2026-03-15,158417091,6:51:00,6:53:00,Aarhus H
2026-03-15,158417180,7:04:00,7:06:00,Esbjerg St.
2026-03-15,158417489,7:11:00,7:13:00,Østerport St.
2026-03-15,158417079,7:51:00,7:53:00,Skanderborg St.
2026-03-15,158419911,7:52:00,7:54:00,Sønderborg St.
2026-03-15,158419199,8:03:00,8:05:00,CPH Lufthavn
2026-03-15,158417174,8:04:00,8:06:00,Esbjerg St.
2026-03-15,158417477,8:11:00,8:13:00,Østerport St.
2026-03-15,158418863,8:40:00,8:43:00,Flensburg
2026-03-15,158417463,8:46:00,8:48:00,Esbjerg St.
2026-03-15,158420632,8:53:00,8:55:00,Fredericia St.
2026-03-15,158420642,9:04:00,9:06:00,Esbjerg St.
2026-03-15,158417476,9:11:00,9:13:00,Østerport St.
2026-03-15,158418880,9:16:00,9:18:00,Fredericia St.
2026-03-15,158417459,9:46:00,9:48:00,Esbjerg St.
2026-03-15,158417072,9:51:00,9:53:00,Skanderborg St.
2026-03-15,158419159,9:52:00,9:54:00,Sønderborg St.
2026-03-16,158419194,10:03:00,10:05:00,CPH Lufthavn
2026-03-16,158417170,10:04:00,10:06:00,Esbjerg St.
2026-03-16,158417488,10:11:00,10:13:00,Østerport St.
2026-03-16,158418862,10:40:00,10:43:00,Flensburg
2026-03-16,158417474,10:46:00,10:48:00,Esbjerg St.
2026-03-16,158417063,10:51:00,10:53:00,Skanderborg St.
2026-03-16,158417164,11:04:00,11:06:00,Esbjerg St.
2026-03-16,158417487,11:11:00,11:13:00,Østerport St.
2026-03-16,158418879,11:16:00,11:18:00,Fredericia St.
2026-03-16,158422251,11:44:00,11:46:00,København H
2026-03-16,158417473,11:46:00,11:48:00,Esbjerg St.
2026-03-16,158417052,11:51:00,11:53:00,Skanderborg St.
2026-03-16,158419154,11:52:00,11:54:00,Sønderborg St.
2026-03-16,158419190,12:03:00,12:05:00,CPH Lufthavn
2026-03-16,158417158,12:04:00,12:06:00,Esbjerg St.
2026-03-16,158417486,12:11:00,12:13:00,Østerport St.
2026-03-16,158418861,12:40:00,12:43:00,Flensburg
2026-03-16,158417461,12:46:00,12:48:00,Esbjerg St.
2026-03-16,158420629,12:53:00,12:55:00,Fredericia St.
2026-03-16,158420639,13:04:00,13:06:00,Esbjerg St.
2026-03-16,158417485,13:11:00,13:13:00,Østerport St.
2026-03-16,158418842,13:16:00,13:18:00,Fredericia St.
2026-03-16,158422271,13:44:00,13:46:00,København H
2026-03-16,158417472,13:46:00,13:48:00,Esbjerg St.
2026-03-16,158417043,13:51:00,13:53:00,Skanderborg St.
2026-03-16,158419150,13:52:00,13:54:00,Sønderborg St.
2026-03-16,158419186,14:03:00,14:05:00,CPH Lufthavn
2026-03-16,158417153,14:04:00,14:06:00,Esbjerg St.
2026-03-16,158417484,14:11:00,14:13:00,Østerport St.
2026-03-16,158418860,14:40:00,14:43:00,Flensburg
2026-03-16,158417471,14:46:00,14:48:00,Esbjerg St.
2026-03-16,158417035,14:51:00,14:53:00,Skanderborg St.
2026-03-16,158417147,15:04:00,15:06:00,Esbjerg St.
2026-03-16,158417483,15:11:00,15:13:00,Østerport St.
2026-03-16,158418878,15:16:00,15:18:00,Fredericia St.
2026-03-16,158417460,15:46:00,15:48:00,Esbjerg St.
2026-03-16,158417027,15:51:00,15:53:00,Skanderborg St.
2026-03-16,158419145,15:52:00,15:54:00,Sønderborg St.
2026-03-16,158419181,16:03:00,16:05:00,CPH Lufthavn
2026-03-16,158417142,16:04:00,16:06:00,Esbjerg St.
2026-03-16,158417482,16:11:00,16:13:00,Østerport St.
2026-03-16,158422260,16:12:00,16:15:00,Hamburg Hbf
2026-03-16,158418859,16:40:00,16:43:00,Flensburg
2026-03-16,158417470,16:46:00,16:48:00,Esbjerg St.
2026-03-16,158420626,16:53:00,16:55:00,Fredericia St.
2026-03-16,158420635,17:04:00,17:06:00,Esbjerg St.
2026-03-16,158417481,17:11:00,17:13:00,Østerport St.
2026-03-16,158418877,17:16:00,17:18:00,Fredericia St.
2026-03-16,158417469,17:46:00,17:48:00,Esbjerg St.
2026-03-16,158417019,17:51:00,17:53:00,Skanderborg St.
2026-03-16,158419140,17:52:00,17:54:00,Sønderborg St.
2026-03-16,158419177,18:03:00,18:05:00,CPH Lufthavn
2026-03-16,158417137,18:04:00,18:06:00,Esbjerg St.
2026-03-16,158417480,18:11:00,18:13:00,Østerport St.
2026-03-16,158422246,18:12:00,18:15:00,Hamburg Hbf
2026-03-16,158418858,18:40:00,18:43:00,Flensburg
2026-03-16,158417468,18:46:00,18:48:00,Esbjerg St.
2026-03-16,158417012,18:51:00,18:53:00,Skanderborg St.
2026-03-16,158417132,19:04:00,19:06:00,Esbjerg St.
2026-03-16,158417479,19:11:00,19:13:00,Østerport St.
2026-03-16,158418876,19:16:00,19:18:00,Fredericia St.
2026-03-16,158417467,19:46:00,19:48:00,Esbjerg St.
2026-03-16,158417007,19:51:00,19:53:00,Skanderborg St.
2026-03-16,158419134,19:52:00,19:54:00,Sønderborg St.
2026-03-16,158419173,20:03:00,20:05:00,CPH Lufthavn
2026-03-16,158417127,20:04:00,20:06:00,Esbjerg St.
2026-03-16,158417439,20:11:00,20:13:00,Østerport St.
2026-03-16,158418857,20:40:00,20:43:00,Flensburg
2026-03-16,158417466,20:46:00,20:48:00,Esbjerg St.
2026-03-16,158417002,20:51:00,20:53:00,Skanderborg St.
2026-03-16,158417121,21:04:00,21:06:00,Esbjerg St.
2026-03-16,158418875,21:16:00,21:18:00,Fredericia St.
2026-03-16,158417465,21:46:00,21:48:00,Esbjerg St.
2026-03-16,158416997,21:51:00,21:53:00,Aarhus H
2026-03-16,158419126,21:52:00,21:54:00,Sønderborg St.
2026-03-16,158419905,22:03:00,22:05:00,Odense St.
2026-03-16,158417117,22:04:00,22:06:00,Esbjerg St.
2026-03-16,158420227,22:39:00,22:39:00,Kolding St.
2026-03-16,158420222,22:49:00,22:49:00,Fredericia St.
2026-03-16,158418840,23:17:00,23:19:00,Fredericia St.
2026-03-16,158417110,23:25:00,23:27:00,Esbjerg St.
2026-03-16,158417104,23:29:00,23:31:00,Fredericia St.
2026-03-16,158419900,24:03:00,24:05:00,Fredericia St.
2026-03-16,158419909,24:07:00,24:09:00,Sønderborg St.
2026-03-16,158417097,24:29:00,24:31:00,Fredericia St.
2026-03-16,158418865,4:40:00,4:43:00,Flensburg
2026-03-16,158417492,5:11:00,5:13:00,Østerport St.
2026-03-16,158417185,5:20:00,5:22:00,Esbjerg St.
2026-03-16,158417107,5:51:00,5:53:00,Skanderborg St.
2026-03-16,158419168,5:52:00,5:54:00,Sønderborg St.
2026-03-16,158419202,6:03:00,6:05:00,CPH Lufthavn
2026-03-16,158417491,6:11:00,6:13:00,Østerport St.
2026-03-16,158417184,6:20:00,6:22:00,Esbjerg St.
2026-03-16,158418864,6:40:00,6:43:00,Flensburg
2026-03-16,158417478,6:46:00,6:48:00,Esbjerg St.
2026-03-16,158417090,6:51:00,6:53:00,Skanderborg St.
2026-03-16,158417180,7:04:00,7:06:00,Esbjerg St.
2026-03-16,158417489,7:11:00,7:13:00,Østerport St.
2026-03-16,158418881,7:16:00,7:18:00,Fredericia St.
2026-03-16,158417475,7:46:00,7:48:00,Esbjerg St.
2026-03-16,158417079,7:51:00,7:53:00,Skanderborg St.
2026-03-16,158419164,7:52:00,7:54:00,Sønderborg St.
2026-03-16,158419199,8:03:00,8:05:00,CPH Lufthavn
2026-03-16,158417174,8:04:00,8:06:00,Esbjerg St.
2026-03-16,158417477,8:11:00,8:13:00,Østerport St.
2026-03-16,158418863,8:40:00,8:43:00,Flensburg
2026-03-16,158417464,8:46:00,8:48:00,Esbjerg St.
2026-03-16,158420632,8:53:00,8:55:00,Fredericia St.
2026-03-16,158420642,9:04:00,9:06:00,Esbjerg St.
2026-03-16,158417476,9:11:00,9:13:00,Østerport St.
2026-03-16,158418880,9:16:00,9:18:00,Fredericia St.
2026-03-16,158417462,9:46:00,9:48:00,Esbjerg St.
2026-03-16,158417072,9:51:00,9:53:00,Skanderborg St.
2026-03-16,158419159,9:52:00,9:54:00,Sønderborg St.
2026-03-17,158419194,10:03:00,10:05:00,CPH Lufthavn
2026-03-17,158417170,10:04:00,10:06:00,Esbjerg St.
2026-03-17,158417488,10:11:00,10:13:00,Østerport St.
2026-03-17,158422286,10:12:00,10:15:00,Hamburg Hbf
2026-03-17,158418862,10:40:00,10:43:00,Flensburg
2026-03-17,158417474,10:46:00,10:48:00,Esbjerg St.
2026-03-17,158417063,10:51:00,10:53:00,Skanderborg St.
2026-03-17,158417164,11:04:00,11:06:00,Esbjerg St.
2026-03-17,158417487,11:11:00,11:13:00,Østerport St.
2026-03-17,158418879,11:16:00,11:18:00,Fredericia St.
2026-03-17,158422251,11:44:00,11:46:00,København H
2026-03-17,158417473,11:46:00,11:48:00,Esbjerg St.
2026-03-17,158417052,11:51:00,11:53:00,Skanderborg St.
2026-03-17,158419154,11:52:00,11:54:00,Sønderborg St.
2026-03-17,158419190,12:03:00,12:05:00,CPH Lufthavn
2026-03-17,158417158,12:04:00,12:06:00,Esbjerg St.
2026-03-17,158417486,12:11:00,12:13:00,Østerport St.
2026-03-17,158418861,12:40:00,12:43:00,Flensburg
2026-03-17,158417461,12:46:00,12:48:00,Esbjerg St.
2026-03-17,158420629,12:53:00,12:55:00,Fredericia St.
2026-03-17,158420639,13:04:00,13:06:00,Esbjerg St.
2026-03-17,158417485,13:11:00,13:13:00,Østerport St.
2026-03-17,158418842,13:16:00,13:18:00,Fredericia St.
2026-03-17,158422271,13:44:00,13:46:00,København H
2026-03-17,158417472,13:46:00,13:48:00,Esbjerg St.
2026-03-17,158417043,13:51:00,13:53:00,Skanderborg St.
2026-03-17,158419150,13:52:00,13:54:00,Sønderborg St.
2026-03-17,158419186,14:03:00,14:05:00,CPH Lufthavn
2026-03-17,158417153,14:04:00,14:06:00,Esbjerg St.
2026-03-17,158417484,14:11:00,14:13:00,Østerport St.
2026-03-17,158418860,14:40:00,14:43:00,Flensburg
2026-03-17,158417471,14:46:00,14:48:00,Esbjerg St.
2026-03-17,158417035,14:51:00,14:53:00,Skanderborg St.
2026-03-17,158417147,15:04:00,15:06:00,Esbjerg St.
2026-03-17,158417483,15:11:00,15:13:00,Østerport St.
2026-03-17,158418878,15:16:00,15:18:00,Fredericia St.
2026-03-17,158417460,15:46:00,15:48:00,Esbjerg St.
2026-03-17,158417027,15:51:00,15:53:00,Skanderborg St.
2026-03-17,158419145,15:52:00,15:54:00,Sønderborg St.
2026-03-17,158419181,16:03:00,16:05:00,CPH Lufthavn
2026-03-17,158417142,16:04:00,16:06:00,Esbjerg St.
2026-03-17,158417482,16:11:00,16:13:00,Østerport St.
2026-03-17,158422260,16:12:00,16:15:00,Hamburg Hbf
2026-03-17,158418859,16:40:00,16:43:00,Flensburg
2026-03-17,158417470,16:46:00,16:48:00,Esbjerg St.
2026-03-17,158420626,16:53:00,16:55:00,Fredericia St.
2026-03-17,158420635,17:04:00,17:06:00,Esbjerg St.
2026-03-17,158417481,17:11:00,17:13:00,Østerport St.
2026-03-17,158418877,17:16:00,17:18:00,Fredericia St.
2026-03-17,158422272,17:44:00,17:46:00,København H
2026-03-17,158417469,17:46:00,17:48:00,Esbjerg St.
2026-03-17,158417019,17:51:00,17:53:00,Skanderborg St.
2026-03-17,158419140,17:52:00,17:54:00,Sønderborg St.
2026-03-17,158419177,18:03:00,18:05:00,CPH Lufthavn
2026-03-17,158417137,18:04:00,18:06:00,Esbjerg St.
2026-03-17,158417480,18:11:00,18:13:00,Østerport St.
2026-03-17,158422246,18:12:00,18:15:00,Hamburg Hbf
2026-03-17,158418858,18:40:00,18:43:00,Flensburg
2026-03-17,158417468,18:46:00,18:48:00,Esbjerg St.
2026-03-17,158417012,18:51:00,18:53:00,Skanderborg St.
2026-03-17,158417132,19:04:00,19:06:00,Esbjerg St.
2026-03-17,158417479,19:11:00,19:13:00,Østerport St.
2026-03-17,158418876,19:16:00,19:18:00,Fredericia St.
2026-03-17,158417467,19:46:00,19:48:00,Esbjerg St.
2026-03-17,158417007,19:51:00,19:53:00,Skanderborg St.
2026-03-17,158419134,19:52:00,19:54:00,Sønderborg St.
2026-03-17,158419173,20:03:00,20:05:00,CPH Lufthavn
2026-03-17,158417127,20:04:00,20:06:00,Esbjerg St.
2026-03-17,158417439,20:11:00,20:13:00,Østerport St.
2026-03-17,158418857,20:40:00,20:43:00,Flensburg
2026-03-17,158417466,20:46:00,20:48:00,Esbjerg St.
2026-03-17,158417002,20:51:00,20:53:00,Skanderborg St.
2026-03-17,158417121,21:04:00,21:06:00,Esbjerg St.
2026-03-17,158418875,21:16:00,21:18:00,Fredericia St.
2026-03-17,158417465,21:46:00,21:48:00,Esbjerg St.
2026-03-17,158416997,21:51:00,21:53:00,Aarhus H
2026-03-17,158419126,21:52:00,21:54:00,Sønderborg St.
2026-03-17,158419905,22:03:00,22:05:00,Odense St.
2026-03-17,158417117,22:04:00,22:06:00,Esbjerg St.
2026-03-17,158420227,22:39:00,22:39:00,Kolding St.
2026-03-17,158420222,22:49:00,22:49:00,Fredericia St.
2026-03-17,158418840,23:17:00,23:19:00,Fredericia St.
2026-03-17,158417110,23:25:00,23:27:00,Esbjerg St.
2026-03-17,158417104,23:29:00,23:31:00,Fredericia St.
2026-03-17,158419900,24:03:00,24:05:00,Fredericia St.
2026-03-17,158419909,24:07:00,24:09:00,Sønderborg St.
2026-03-17,158417097,24:29:00,24:31:00,Fredericia St.
2026-03-17,158418865,4:40:00,4:43:00,Flensburg
2026-03-17,158417492,5:11:00,5:13:00,Østerport St.
2026-03-17,158417185,5:20:00,5:22:00,Esbjerg St.
2026-03-17,158417107,5:51:00,5:53:00,Skanderborg St.
2026-03-17,158419168,5:52:00,5:54:00,Sønderborg St.
2026-03-17,158419202,6:03:00,6:05:00,CPH Lufthavn
2026-03-17,158417491,6:11:00,6:13:00,Østerport St.
2026-03-17,158417184,6:20:00,6:22:00,Esbjerg St.
2026-03-17,158418864,6:40:00,6:43:00,Flensburg
2026-03-17,158417478,6:46:00,6:48:00,Esbjerg St.
2026-03-17,158417090,6:51:00,6:53:00,Skanderborg St.
2026-03-17,158417180,7:04:00,7:06:00,Esbjerg St.
2026-03-17,158417489,7:11:00,7:13:00,Østerport St.
2026-03-17,158418881,7:16:00,7:18:00,Fredericia St.
2026-03-17,158417475,7:46:00,7:48:00,Esbjerg St.
2026-03-17,158417079,7:51:00,7:53:00,Skanderborg St.
2026-03-17,158419164,7:52:00,7:54:00,Sønderborg St.
2026-03-17,158419199,8:03:00,8:05:00,CPH Lufthavn
2026-03-17,158417174,8:04:00,8:06:00,Esbjerg St.
2026-03-17,158417477,8:11:00,8:13:00,Østerport St.
2026-03-17,158418863,8:40:00,8:43:00,Flensburg
2026-03-17,158417464,8:46:00,8:48:00,Esbjerg St.
2026-03-17,158420632,8:53:00,8:55:00,Fredericia St.
2026-03-17,158420642,9:04:00,9:06:00,Esbjerg St.
2026-03-17,158417476,9:11:00,9:13:00,Østerport St.
2026-03-17,158418880,9:16:00,9:18:00,Fredericia St.
2026-03-17,158417462,9:46:00,9:48:00,Esbjerg St.
2026-03-17,158417072,9:51:00,9:53:00,Skanderborg St.
2026-03-17,158419159,9:52:00,9:54:00,Sønderborg St.
2026-03-18,158419194,10:03:00,10:05:00,CPH Lufthavn
2026-03-18,158417170,10:04:00,10:06:00,Esbjerg St.
2026-03-18,158417488,10:11:00,10:13:00,Østerport St.
2026-03-18,158418862,10:40:00,10:43:00,Flensburg
2026-03-18,158417474,10:46:00,10:48:00,Esbjerg St.
2026-03-18,158417063,10:51:00,10:53:00,Skanderborg St.
2026-03-18,158417164,11:04:00,11:06:00,Esbjerg St.
2026-03-18,158417487,11:11:00,11:13:00,Østerport St.
2026-03-18,158418879,11:16:00,11:18:00,Fredericia St.
2026-03-18,158422251,11:44:00,11:46:00,København H
2026-03-18,158417473,11:46:00,11:48:00,Esbjerg St.
2026-03-18,158417052,11:51:00,11:53:00,Skanderborg St.
2026-03-18,158419154,11:52:00,11:54:00,Sønderborg St.
2026-03-18,158419190,12:03:00,12:05:00,CPH Lufthavn
2026-03-18,158417158,12:04:00,12:06:00,Esbjerg St.
2026-03-18,158417486,12:11:00,12:13:00,Østerport St.
2026-03-18,158418861,12:40:00,12:43:00,Flensburg
2026-03-18,158417461,12:46:00,12:48:00,Esbjerg St.
2026-03-18,158420629,12:53:00,12:55:00,Fredericia St.
2026-03-18,158420639,13:04:00,13:06:00,Esbjerg St.
2026-03-18,158417485,13:11:00,13:13:00,Østerport St.
2026-03-18,158418842,13:16:00,13:18:00,Fredericia St.
2026-03-18,158422271,13:44:00,13:46:00,København H
2026-03-18,158417472,13:46:00,13:48:00,Esbjerg St.
2026-03-18,158417043,13:51:00,13:53:00,Skanderborg St.
2026-03-18,158419150,13:52:00,13:54:00,Sønderborg St.
2026-03-18,158419186,14:03:00,14:05:00,CPH Lufthavn
2026-03-18,158417153,14:04:00,14:06:00,Esbjerg St.
2026-03-18,158417484,14:11:00,14:13:00,Østerport St.
2026-03-18,158418860,14:40:00,14:43:00,Flensburg
2026-03-18,158417471,14:46:00,14:48:00,Esbjerg St.
2026-03-18,158417035,14:51:00,14:53:00,Skanderborg St.
2026-03-18,158417147,15:04:00,15:06:00,Esbjerg St.
2026-03-18,158417483,15:11:00,15:13:00,Østerport St.
2026-03-18,158418878,15:16:00,15:18:00,Fredericia St.
2026-03-18,158417460,15:46:00,15:48:00,Esbjerg St.
2026-03-18,158417027,15:51:00,15:53:00,Skanderborg St.
2026-03-18,158419145,15:52:00,15:54:00,Sønderborg St.
2026-03-18,158419181,16:03:00,16:05:00,CPH Lufthavn
2026-03-18,158417142,16:04:00,16:06:00,Esbjerg St.
2026-03-18,158417482,16:11:00,16:13:00,Østerport St.
2026-03-18,158422260,16:12:00,16:15:00,Hamburg Hbf
2026-03-18,158418859,16:40:00,16:43:00,Flensburg
2026-03-18,158417470,16:46:00,16:48:00,Esbjerg St.
2026-03-18,158420626,16:53:00,16:55:00,Fredericia St.
2026-03-18,158420635,17:04:00,17:06:00,Esbjerg St.
2026-03-18,158417481,17:11:00,17:13:00,Østerport St.
2026-03-18,158418877,17:16:00,17:18:00,Fredericia St.
2026-03-18,158417469,17:46:00,17:48:00,Esbjerg St.
2026-03-18,158417019,17:51:00,17:53:00,Skanderborg St.
2026-03-18,158419140,17:52:00,17:54:00,Sønderborg St.
2026-03-18,158419177,18:03:00,18:05:00,CPH Lufthavn
2026-03-18,158417137,18:04:00,18:06:00,Esbjerg St.
2026-03-18,158417480,18:11:00,18:13:00,Østerport St.
2026-03-18,158422246,18:12:00,18:15:00,Hamburg Hbf
2026-03-18,158418858,18:40:00,18:43:00,Flensburg
2026-03-18,158417468,18:46:00,18:48:00,Esbjerg St.
2026-03-18,158417012,18:51:00,18:53:00,Skanderborg St.
2026-03-18,158417132,19:04:00,19:06:00,Esbjerg St.
2026-03-18,158417479,19:11:00,19:13:00,Østerport St.
2026-03-18,158418876,19:16:00,19:18:00,Fredericia St.
2026-03-18,158417467,19:46:00,19:48:00,Esbjerg St.
2026-03-18,158417007,19:51:00,19:53:00,Skanderborg St.
2026-03-18,158419134,19:52:00,19:54:00,Sønderborg St.
2026-03-18,158419173,20:03:00,20:05:00,CPH Lufthavn
2026-03-18,158417127,20:04:00,20:06:00,Esbjerg St.
2026-03-18,158417439,20:11:00,20:13:00,Østerport St.
2026-03-18,158418857,20:40:00,20:43:00,Flensburg
2026-03-18,158417466,20:46:00,20:48:00,Esbjerg St.
2026-03-18,158417002,20:51:00,20:53:00,Skanderborg St.
2026-03-18,158417121,21:04:00,21:06:00,Esbjerg St.
2026-03-18,158418875,21:16:00,21:18:00,Fredericia St.
2026-03-18,158417465,21:46:00,21:48:00,Esbjerg St.
2026-03-18,158416997,21:51:00,21:53:00,Aarhus H
2026-03-18,158419126,21:52:00,21:54:00,Sønderborg St.
2026-03-18,158419905,22:03:00,22:05:00,Odense St.
2026-03-18,158417117,22:04:00,22:06:00,Esbjerg St.
2026-03-18,158420227,22:39:00,22:39:00,Kolding St.
2026-03-18,158420222,22:49:00,22:49:00,Fredericia St.
2026-03-18,158418840,23:17:00,23:19:00,Fredericia St.
2026-03-18,158417110,23:25:00,23:27:00,Esbjerg St.
2026-03-18,158417104,23:29:00,23:31:00,Fredericia St.
2026-03-18,158419900,24:03:00,24:05:00,Fredericia St.
2026-03-18,158419909,24:07:00,24:09:00,Sønderborg St.
2026-03-18,158417097,24:29:00,24:31:00,Fredericia St.
2026-03-18,158418865,4:40:00,4:43:00,Flensburg
2026-03-18,158417492,5:11:00,5:13:00,Østerport St.
2026-03-18,158417185,5:20:00,5:22:00,Esbjerg St.
2026-03-18,158417107,5:51:00,5:53:00,Skanderborg St.
2026-03-18,158419168,5:52:00,5:54:00,Sønderborg St.
2026-03-18,158419202,6:03:00,6:05:00,CPH Lufthavn
2026-03-18,158417491,6:11:00,6:13:00,Østerport St.
2026-03-18,158417184,6:20:00,6:22:00,Esbjerg St.
2026-03-18,158418864,6:40:00,6:43:00,Flensburg
2026-03-18,158417478,6:46:00,6:48:00,Esbjerg St.
2026-03-18,158417090,6:51:00,6:53:00,Skanderborg St.
2026-03-18,158417180,7:04:00,7:06:00,Esbjerg St.
2026-03-18,158417489,7:11:00,7:13:00,Østerport St.
2026-03-18,158418881,7:16:00,7:18:00,Fredericia St.
2026-03-18,158417475,7:46:00,7:48:00,Esbjerg St.
2026-03-18,158417079,7:51:00,7:53:00,Skanderborg St.
2026-03-18,158419164,7:52:00,7:54:00,Sønderborg St.
2026-03-18,158419199,8:03:00,8:05:00,CPH Lufthavn
2026-03-18,158417174,8:04:00,8:06:00,Esbjerg St.
2026-03-18,158417477,8:11:00,8:13:00,Østerport St.
2026-03-18,158418863,8:40:00,8:43:00,Flensburg
2026-03-18,158417464,8:46:00,8:48:00,Esbjerg St.
2026-03-18,158420632,8:53:00,8:55:00,Fredericia St.
2026-03-18,158420642,9:04:00,9:06:00,Esbjerg St.
2026-03-18,158417476,9:11:00,9:13:00,Østerport St.
2026-03-18,158418880,9:16:00,9:18:00,Fredericia St.
2026-03-18,158417462,9:46:00,9:48:00,Esbjerg St.
2026-03-18,158417072,9:51:00,9:53:00,Skanderborg St.
2026-03-18,158419159,9:52:00,9:54:00,Sønderborg St.
2026-03-19,158419194,10:03:00,10:05:00,CPH Lufthavn
2026-03-19,158417170,10:04:00,10:06:00,Esbjerg St.
2026-03-19,158417488,10:11:00,10:13:00,Østerport St.
2026-03-19,158418862,10:40:00,10:43:00,Flensburg
2026-03-19,158417474,10:46:00,10:48:00,Esbjerg St.
2026-03-19,158417063,10:51:00,10:53:00,Skanderborg St.
2026-03-19,158417164,11:04:00,11:06:00,Esbjerg St.
2026-03-19,158417487,11:11:00,11:13:00,Østerport St.
2026-03-19,158418879,11:16:00,11:18:00,Fredericia St.
2026-03-19,158422251,11:44:00,11:46:00,København H
2026-03-19,158417473,11:46:00,11:48:00,Esbjerg St.
2026-03-19,158417052,11:51:00,11:53:00,Skanderborg St.
2026-03-19,158419154,11:52:00,11:54:00,Sønderborg St.
2026-03-19,158419190,12:03:00,12:05:00,CPH Lufthavn
2026-03-19,158417158,12:04:00,12:06:00,Esbjerg St.
2026-03-19,158417486,12:11:00,12:13:00,Østerport St.
2026-03-19,158418861,12:40:00,12:43:00,Flensburg
2026-03-19,158417461,12:46:00,12:48:00,Esbjerg St.
2026-03-19,158420629,12:53:00,12:55:00,Fredericia St.
2026-03-19,158420639,13:04:00,13:06:00,Esbjerg St.
2026-03-19,158417485,13:11:00,13:13:00,Østerport St.
2026-03-19,158418842,13:16:00,13:18:00,Fredericia St.
2026-03-19,158422271,13:44:00,13:46:00,København H
2026-03-19,158417472,13:46:00,13:48:00,Esbjerg St.
2026-03-19,158417043,13:51:00,13:53:00,Skanderborg St.
2026-03-19,158419150,13:52:00,13:54:00,Sønderborg St.
2026-03-19,158419186,14:03:00,14:05:00,CPH Lufthavn
2026-03-19,158417153,14:04:00,14:06:00,Esbjerg St.
2026-03-19,158417484,14:11:00,14:13:00,Østerport St.
2026-03-19,158418860,14:40:00,14:43:00,Flensburg
2026-03-19,158417471,14:46:00,14:48:00,Esbjerg St.
2026-03-19,158417035,14:51:00,14:53:00,Skanderborg St.
2026-03-19,158417147,15:04:00,15:06:00,Esbjerg St.
2026-03-19,158417483,15:11:00,15:13:00,Østerport St.
2026-03-19,158418878,15:16:00,15:18:00,Fredericia St.
2026-03-19,158417460,15:46:00,15:48:00,Esbjerg St.
2026-03-19,158417027,15:51:00,15:53:00,Skanderborg St.
2026-03-19,158419145,15:52:00,15:54:00,Sønderborg St.
2026-03-19,158419181,16:03:00,16:05:00,CPH Lufthavn
2026-03-19,158417142,16:04:00,16:06:00,Esbjerg St.
2026-03-19,158417482,16:11:00,16:13:00,Østerport St.
2026-03-19,158422260,16:12:00,16:15:00,Hamburg Hbf
2026-03-19,158418859,16:40:00,16:43:00,Flensburg
2026-03-19,158417470,16:46:00,16:48:00,Esbjerg St.
2026-03-19,158420626,16:53:00,16:55:00,Fredericia St.
2026-03-19,158420635,17:04:00,17:06:00,Esbjerg St.
2026-03-19,158417481,17:11:00,17:13:00,Østerport St.
2026-03-19,158418877,17:16:00,17:18:00,Fredericia St.
2026-03-19,158417469,17:46:00,17:48:00,Esbjerg St.
2026-03-19,158417019,17:51:00,17:53:00,Skanderborg St.
2026-03-19,158419140,17:52:00,17:54:00,Sønderborg St.
2026-03-19,158419177,18:03:00,18:05:00,CPH Lufthavn
2026-03-19,158417137,18:04:00,18:06:00,Esbjerg St.
2026-03-19,158417480,18:11:00,18:13:00,Østerport St.
2026-03-19,158422246,18:12:00,18:15:00,Hamburg Hbf
2026-03-19,158418858,18:40:00,18:43:00,Flensburg
2026-03-19,158417468,18:46:00,18:48:00,Esbjerg St.
2026-03-19,158417012,18:51:00,18:53:00,Skanderborg St.
2026-03-19,158417132,19:04:00,19:06:00,Esbjerg St.
2026-03-19,158417479,19:11:00,19:13:00,Østerport St.
2026-03-19,158418876,19:16:00,19:18:00,Fredericia St.
2026-03-19,158417467,19:46:00,19:48:00,Esbjerg St.
2026-03-19,158417007,19:51:00,19:53:00,Skanderborg St.
2026-03-19,158419134,19:52:00,19:54:00,Sønderborg St.
2026-03-19,158419173,20:03:00,20:05:00,CPH Lufthavn
2026-03-19,158417127,20:04:00,20:06:00,Esbjerg St.
2026-03-19,158417439,20:11:00,20:13:00,Østerport St.
2026-03-19,158418857,20:40:00,20:43:00,Flensburg
2026-03-19,158417466,20:46:00,20:48:00,Esbjerg St.
2026-03-19,158417002,20:51:00,20:53:00,Skanderborg St.
2026-03-19,158417121,21:04:00,21:06:00,Esbjerg St.
2026-03-19,158418875,21:16:00,21:18:00,Fredericia St.
2026-03-19,158417465,21:46:00,21:48:00,Esbjerg St.
2026-03-19,158416997,21:51:00,21:53:00,Aarhus H
2026-03-19,158419126,21:52:00,21:54:00,Sønderborg St.
2026-03-19,158419905,22:03:00,22:05:00,Odense St.
2026-03-19,158417117,22:04:00,22:06:00,Esbjerg St.
2026-03-19,158420227,22:39:00,22:39:00,Kolding St.
2026-03-19,158420222,22:49:00,22:49:00,Fredericia St.
2026-03-19,158418840,23:17:00,23:19:00,Fredericia St.
2026-03-19,158417110,23:25:00,23:27:00,Esbjerg St.
2026-03-19,158417104,23:29:00,23:31:00,Fredericia St.
2026-03-19,158419900,24:03:00,24:05:00,Fredericia St.
2026-03-19,158419909,24:07:00,24:09:00,Sønderborg St.
2026-03-19,158417097,24:29:00,24:31:00,Fredericia St.
2026-03-19,158418865,4:40:00,4:43:00,Flensburg
2026-03-19,158417492,5:11:00,5:13:00,Østerport St.
2026-03-19,158417185,5:20:00,5:22:00,Esbjerg St.
2026-03-19,158417107,5:51:00,5:53:00,Skanderborg St.
2026-03-19,158419168,5:52:00,5:54:00,Sønderborg St.
2026-03-19,158419202,6:03:00,6:05:00,CPH Lufthavn
2026-03-19,158417491,6:11:00,6:13:00,Østerport St.
2026-03-19,158417184,6:20:00,6:22:00,Esbjerg St.
2026-03-19,158418864,6:40:00,6:43:00,Flensburg
2026-03-19,158417478,6:46:00,6:48:00,Esbjerg St.
2026-03-19,158417090,6:51:00,6:53:00,Skanderborg St.
2026-03-19,158417180,7:04:00,7:06:00,Esbjerg St.
2026-03-19,158417489,7:11:00,7:13:00,Østerport St.
2026-03-19,158418881,7:16:00,7:18:00,Fredericia St.
2026-03-19,158417475,7:46:00,7:48:00,Esbjerg St.
2026-03-19,158417079,7:51:00,7:53:00,Skanderborg St.
2026-03-19,158419164,7:52:00,7:54:00,Sønderborg St.
2026-03-19,158419199,8:03:00,8:05:00,CPH Lufthavn
2026-03-19,158417174,8:04:00,8:06:00,Esbjerg St.
2026-03-19,158417477,8:11:00,8:13:00,Østerport St.
2026-03-19,158418863,8:40:00,8:43:00,Flensburg
2026-03-19,158417464,8:46:00,8:48:00,Esbjerg St.
2026-03-19,158420632,8:53:00,8:55:00,Fredericia St.
2026-03-19,158420642,9:04:00,9:06:00,Esbjerg St.
2026-03-19,158417476,9:11:00,9:13:00,Østerport St.
2026-03-19,158418880,9:16:00,9:18:00,Fredericia St.
2026-03-19,158417462,9:46:00,9:48:00,Esbjerg St.
2026-03-19,158417072,9:51:00,9:53:00,Skanderborg St.
2026-03-19,158419159,9:52:00,9:54:00,Sønderborg St.
2026-03-20,158419194,10:03:00,10:05:00,CPH Lufthavn
2026-03-20,158417170,10:04:00,10:06:00,Esbjerg St.
2026-03-20,158417488,10:11:00,10:13:00,Østerport St.
2026-03-20,158418862,10:40:00,10:43:00,Flensburg
2026-03-20,158417474,10:46:00,10:48:00,Esbjerg St.
2026-03-20,158417063,10:51:00,10:53:00,Skanderborg St.
2026-03-20,158417164,11:04:00,11:06:00,Esbjerg St.
2026-03-20,158417487,11:11:00,11:13:00,Østerport St.
2026-03-20,158418879,11:16:00,11:18:00,Fredericia St.
2026-03-20,158422251,11:44:00,11:46:00,København H
2026-03-20,158417473,11:46:00,11:48:00,Esbjerg St.
2026-03-20,158417052,11:51:00,11:53:00,Skanderborg St.
2026-03-20,158419154,11:52:00,11:54:00,Sønderborg St.
2026-03-20,158419190,12:03:00,12:05:00,CPH Lufthavn
2026-03-20,158417158,12:04:00,12:06:00,Esbjerg St.
2026-03-20,158417486,12:11:00,12:13:00,Østerport St.
2026-03-20,158418861,12:40:00,12:43:00,Flensburg
2026-03-20,158417461,12:46:00,12:48:00,Esbjerg St.
2026-03-20,158420629,12:53:00,12:55:00,Fredericia St.
2026-03-20,158420639,13:04:00,13:06:00,Esbjerg St.
2026-03-20,158417485,13:11:00,13:13:00,Østerport St.
2026-03-20,158418842,13:16:00,13:18:00,Fredericia St.
2026-03-20,158422271,13:44:00,13:46:00,København H
2026-03-20,158417472,13:46:00,13:48:00,Esbjerg St.
2026-03-20,158417043,13:51:00,13:53:00,Skanderborg St.
2026-03-20,158419150,13:52:00,13:54:00,Sønderborg St.
2026-03-20,158419186,14:03:00,14:05:00,CPH Lufthavn
2026-03-20,158417153,14:04:00,14:06:00,Esbjerg St.
2026-03-20,158417484,14:11:00,14:13:00,Østerport St.
2026-03-20,158418860,14:40:00,14:43:00,Flensburg
2026-03-20,158417471,14:46:00,14:48:00,Esbjerg St.
2026-03-20,158417035,14:51:00,14:53:00,Skanderborg St.
2026-03-20,158417147,15:04:00,15:06:00,Esbjerg St.
2026-03-20,158417483,15:11:00,15:13:00,Østerport St.
2026-03-20,158418878,15:16:00,15:18:00,Fredericia St.
2026-03-20,158417460,15:46:00,15:48:00,Esbjerg St.
2026-03-20,158417027,15:51:00,15:53:00,Skanderborg St.
2026-03-20,158419145,15:52:00,15:54:00,Sønderborg St.
2026-03-20,158419181,16:03:00,16:05:00,CPH Lufthavn
2026-03-20,158417142,16:04:00,16:06:00,Esbjerg St.
2026-03-20,158417482,16:11:00,16:13:00,Østerport St.
2026-03-20,158422260,16:12:00,16:15:00,Hamburg Hbf
2026-03-20,158418859,16:40:00,16:43:00,Flensburg
2026-03-20,158417470,16:46:00,16:48:00,Esbjerg St.
2026-03-20,158420626,16:53:00,16:55:00,Fredericia St.
2026-03-20,158420635,17:04:00,17:06:00,Esbjerg St.
2026-03-20,158417481,17:11:00,17:13:00,Østerport St.
2026-03-20,158418877,17:16:00,17:18:00,Fredericia St.
2026-03-20,158417469,17:46:00,17:48:00,Esbjerg St.
2026-03-20,158417019,17:51:00,17:53:00,Skanderborg St.
2026-03-20,158419140,17:52:00,17:54:00,Sønderborg St.
2026-03-20,158419177,18:03:00,18:05:00,CPH Lufthavn
2026-03-20,158417137,18:04:00,18:06:00,Esbjerg St.
2026-03-20,158417480,18:11:00,18:13:00,Østerport St.
2026-03-20,158422246,18:12:00,18:15:00,Hamburg Hbf
2026-03-20,158418858,18:40:00,18:43:00,Flensburg
2026-03-20,158417468,18:46:00,18:48:00,Esbjerg St.
2026-03-20,158417012,18:51:00,18:53:00,Skanderborg St.
2026-03-20,158417132,19:04:00,19:06:00,Esbjerg St.
2026-03-20,158417479,19:11:00,19:13:00,Østerport St.
2026-03-20,158418876,19:16:00,19:18:00,Fredericia St.
2026-03-20,158417467,19:46:00,19:48:00,Esbjerg St.
2026-03-20,158417007,19:51:00,19:53:00,Skanderborg St.
2026-03-20,158419134,19:52:00,19:54:00,Sønderborg St.
2026-03-20,158419173,20:03:00,20:05:00,CPH Lufthavn
2026-03-20,158417127,20:04:00,20:06:00,Esbjerg St.
2026-03-20,158417439,20:11:00,20:13:00,Østerport St.
2026-03-20,158418857,20:40:00,20:43:00,Flensburg
2026-03-20,158417466,20:46:00,20:48:00,Esbjerg St.
2026-03-20,158417002,20:51:00,20:53:00,Skanderborg St.
2026-03-20,158417121,21:04:00,21:06:00,Esbjerg St.
2026-03-20,158418875,21:16:00,21:18:00,Fredericia St.
2026-03-20,158417465,21:46:00,21:48:00,Esbjerg St.
2026-03-20,158416997,21:51:00,21:53:00,Aarhus H
2026-03-20,158419126,21:52:00,21:54:00,Sønderborg St.
2026-03-20,158419905,22:03:00,22:05:00,Odense St.
2026-03-20,158417117,22:04:00,22:06:00,Esbjerg St.
2026-03-20,158420227,22:39:00,22:39:00,Kolding St.
2026-03-20,158420222,22:49:00,22:49:00,Fredericia St.
2026-03-20,158418840,23:17:00,23:19:00,Fredericia St.
2026-03-20,158417110,23:25:00,23:27:00,Esbjerg St.
2026-03-20,158417098,23:29:00,23:31:00,CPH Lufthavn
2026-03-20,158419900,24:03:00,24:05:00,Fredericia St.
2026-03-20,158419909,24:07:00,24:09:00,Sønderborg St.
2026-03-20,158417097,24:29:00,24:31:00,Fredericia St.
2026-03-20,158418865,4:40:00,4:43:00,Flensburg
2026-03-20,158417492,5:11:00,5:13:00,Østerport St.
2026-03-20,158417185,5:20:00,5:22:00,Esbjerg St.
2026-03-20,158417107,5:51:00,5:53:00,Skanderborg St.
2026-03-20,158419168,5:52:00,5:54:00,Sønderborg St.
2026-03-20,158419202,6:03:00,6:05:00,CPH Lufthavn
2026-03-20,158417491,6:11:00,6:13:00,Østerport St.
2026-03-20,158417184,6:20:00,6:22:00,Esbjerg St.
2026-03-20,158418864,6:40:00,6:43:00,Flensburg
2026-03-20,158417478,6:46:00,6:48:00,Esbjerg St.
2026-03-20,158417090,6:51:00,6:53:00,Skanderborg St.
2026-03-20,158417180,7:04:00,7:06:00,Esbjerg St.
2026-03-20,158417489,7:11:00,7:13:00,Østerport St.
2026-03-20,158418881,7:16:00,7:18:00,Fredericia St.
2026-03-20,158417475,7:46:00,7:48:00,Esbjerg St.
2026-03-20,158417079,7:51:00,7:53:00,Skanderborg St.
2026-03-20,158419164,7:52:00,7:54:00,Sønderborg St.
2026-03-20,158419199,8:03:00,8:05:00,CPH Lufthavn
2026-03-20,158417174,8:04:00,8:06:00,Esbjerg St.
2026-03-20,158417477,8:11:00,8:13:00,Østerport St.
2026-03-20,158418863,8:40:00,8:43:00,Flensburg
2026-03-20,158417464,8:46:00,8:48:00,Esbjerg St.
2026-03-20,158420632,8:53:00,8:55:00,Fredericia St.
2026-03-20,158420642,9:04:00,9:06:00,Esbjerg St.
2026-03-20,158417476,9:11:00,9:13:00,Østerport St.
2026-03-20,158418880,9:16:00,9:18:00,Fredericia St.
2026-03-20,158417462,9:46:00,9:48:00,Esbjerg St.
2026-03-20,158417072,9:51:00,9:53:00,Skanderborg St.
2026-03-20,158419159,9:52:00,9:54:00,Sønderborg St.
2026-03-21,158419194,10:03:00,10:05:00,CPH Lufthavn
2026-03-21,158417170,10:04:00,10:06:00,Esbjerg St.
2026-03-21,158417488,10:11:00,10:13:00,Østerport St.
2026-03-21,158422286,10:12:00,10:15:00,Hamburg Hbf
2026-03-21,158418862,10:40:00,10:43:00,Flensburg
2026-03-21,158417474,10:46:00,10:48:00,Esbjerg St.
2026-03-21,158417063,10:51:00,10:53:00,Skanderborg St.
2026-03-21,158417164,11:04:00,11:06:00,Esbjerg St.
2026-03-21,158417487,11:11:00,11:13:00,Østerport St.
2026-03-21,158418879,11:16:00,11:18:00,Fredericia St.
2026-03-21,158422251,11:44:00,11:46:00,København H
2026-03-21,158417473,11:46:00,11:48:00,Esbjerg St.
2026-03-21,158417052,11:51:00,11:53:00,Skanderborg St.
2026-03-21,158419154,11:52:00,11:54:00,Sønderborg St.
2026-03-21,158419190,12:03:00,12:05:00,CPH Lufthavn
2026-03-21,158417158,12:04:00,12:06:00,Esbjerg St.
2026-03-21,158417486,12:11:00,12:13:00,Østerport St.
2026-03-21,158418861,12:40:00,12:43:00,Flensburg
2026-03-21,158417461,12:46:00,12:48:00,Esbjerg St.
2026-03-21,158420629,12:53:00,12:55:00,Fredericia St.
2026-03-21,158420639,13:04:00,13:06:00,Esbjerg St.
2026-03-21,158417485,13:11:00,13:13:00,Østerport St.
2026-03-21,158418842,13:16:00,13:18:00,Fredericia St.
2026-03-21,158422271,13:44:00,13:46:00,København H
2026-03-21,158417472,13:46:00,13:48:00,Esbjerg St.
2026-03-21,158417043,13:51:00,13:53:00,Skanderborg St.
2026-03-21,158419150,13:52:00,13:54:00,Sønderborg St.
2026-03-21,158419186,14:03:00,14:05:00,CPH Lufthavn
2026-03-21,158417153,14:04:00,14:06:00,Esbjerg St.
2026-03-21,158417484,14:11:00,14:13:00,Østerport St.
2026-03-21,158418860,14:40:00,14:43:00,Flensburg
2026-03-21,158417471,14:46:00,14:48:00,Esbjerg St.
2026-03-21,158417035,14:51:00,14:53:00,Skanderborg St.
2026-03-21,158417147,15:04:00,15:06:00,Esbjerg St.
2026-03-21,158417483,15:11:00,15:13:00,Østerport St.
2026-03-21,158418878,15:16:00,15:18:00,Fredericia St.
2026-03-21,158417460,15:46:00,15:48:00,Esbjerg St.
2026-03-21,158417027,15:51:00,15:53:00,Skanderborg St.
2026-03-21,158419145,15:52:00,15:54:00,Sønderborg St.
2026-03-21,158419181,16:03:00,16:05:00,CPH Lufthavn
2026-03-21,158417142,16:04:00,16:06:00,Esbjerg St.
2026-03-21,158417482,16:11:00,16:13:00,Østerport St.
2026-03-21,158422260,16:12:00,16:15:00,Hamburg Hbf
2026-03-21,158418859,16:40:00,16:43:00,Flensburg
2026-03-21,158417470,16:46:00,16:48:00,Esbjerg St.
2026-03-21,158420626,16:53:00,16:55:00,Fredericia St.
2026-03-21,158420635,17:04:00,17:06:00,Esbjerg St.
2026-03-21,158417481,17:11:00,17:13:00,Østerport St.
2026-03-21,158418877,17:16:00,17:18:00,Fredericia St.
2026-03-21,158422272,17:44:00,17:46:00,København H
2026-03-21,158417469,17:46:00,17:48:00,Esbjerg St.
2026-03-21,158417019,17:51:00,17:53:00,Skanderborg St.
2026-03-21,158419140,17:52:00,17:54:00,Sønderborg St.
2026-03-21,158419177,18:03:00,18:05:00,CPH Lufthavn
2026-03-21,158417137,18:04:00,18:06:00,Esbjerg St.
2026-03-21,158417480,18:11:00,18:13:00,Østerport St.
2026-03-21,158422246,18:12:00,18:15:00,Hamburg Hbf
2026-03-21,158418858,18:40:00,18:43:00,Flensburg
2026-03-21,158417468,18:46:00,18:48:00,Esbjerg St.
2026-03-21,158417012,18:51:00,18:53:00,Skanderborg St.
2026-03-21,158417132,19:04:00,19:06:00,Esbjerg St.
2026-03-21,158417479,19:11:00,19:13:00,Østerport St.
2026-03-21,158418876,19:16:00,19:18:00,Fredericia St.
2026-03-21,158417467,19:46:00,19:48:00,Esbjerg St.
2026-03-21,158417007,19:51:00,19:53:00,Skanderborg St.
2026-03-21,158419134,19:52:00,19:54:00,Sønderborg St.
2026-03-21,158419173,20:03:00,20:05:00,CPH Lufthavn
2026-03-21,158417127,20:04:00,20:06:00,Esbjerg St.
2026-03-21,158417439,20:11:00,20:13:00,Østerport St.
2026-03-21,158418857,20:40:00,20:43:00,Flensburg
2026-03-21,158417466,20:46:00,20:48:00,Esbjerg St.
2026-03-21,158417002,20:51:00,20:53:00,Skanderborg St.
2026-03-21,158417121,21:04:00,21:06:00,Esbjerg St.
2026-03-21,158418875,21:16:00,21:18:00,Fredericia St.
2026-03-21,158417465,21:46:00,21:48:00,Esbjerg St.
2026-03-21,158416997,21:51:00,21:53:00,Aarhus H
2026-03-21,158419126,21:52:00,21:54:00,Sønderborg St.
2026-03-21,158419905,22:03:00,22:05:00,Odense St.
2026-03-21,158417117,22:04:00,22:06:00,Esbjerg St.
2026-03-21,158418840,23:17:00,23:19:00,Fredericia St.
2026-03-21,158417110,23:25:00,23:27:00,Esbjerg St.
2026-03-21,158417098,23:29:00,23:31:00,CPH Lufthavn
2026-03-21,158419900,24:03:00,24:05:00,Fredericia St.
2026-03-21,158419909,24:07:00,24:09:00,Sønderborg St.
2026-03-21,158417097,24:29:00,24:31:00,Fredericia St.
2026-03-21,158418865,4:40:00,4:43:00,Flensburg
2026-03-21,158417184,6:20:00,6:22:00,Esbjerg St.
2026-03-21,158418864,6:40:00,6:43:00,Flensburg
2026-03-21,158417091,6:51:00,6:53:00,Aarhus H
2026-03-21,158417180,7:04:00,7:06:00,Esbjerg St.
2026-03-21,158417489,7:11:00,7:13:00,Østerport St.
2026-03-21,158418881,7:16:00,7:18:00,Fredericia St.
2026-03-21,158417079,7:51:00,7:53:00,Skanderborg St.
2026-03-21,158419911,7:52:00,7:54:00,Sønderborg St.
2026-03-21,158419199,8:03:00,8:05:00,CPH Lufthavn
2026-03-21,158417174,8:04:00,8:06:00,Esbjerg St.
2026-03-21,158417477,8:11:00,8:13:00,Østerport St.
2026-03-21,158418863,8:40:00,8:43:00,Flensburg
2026-03-21,158417463,8:46:00,8:48:00,Esbjerg St.
2026-03-21,158420632,8:53:00,8:55:00,Fredericia St.
2026-03-21,158420642,9:04:00,9:06:00,Esbjerg St.
2026-03-21,158417476,9:11:00,9:13:00,Østerport St.
2026-03-21,158418880,9:16:00,9:18:00,Fredericia St.
2026-03-21,158417459,9:46:00,9:48:00,Esbjerg St.
2026-03-21,158417072,9:51:00,9:53:00,Skanderborg St.
2026-03-21,158419159,9:52:00,9:54:00,Sønderborg St.
2026-03-22,158419194,10:03:00,10:05:00,CPH Lufthavn
2026-03-22,158417170,10:04:00,10:06:00,Esbjerg St.
2026-03-22,158417488,10:11:00,10:13:00,Østerport St.
2026-03-22,158422286,10:12:00,10:15:00,Hamburg Hbf
2026-03-22,158418862,10:40:00,10:43:00,Flensburg
2026-03-22,158417474,10:46:00,10:48:00,Esbjerg St.
2026-03-22,158417063,10:51:00,10:53:00,Skanderborg St.
2026-03-22,158417164,11:04:00,11:06:00,Esbjerg St.
2026-03-22,158417487,11:11:00,11:13:00,Østerport St.
2026-03-22,158418879,11:16:00,11:18:00,Fredericia St.
2026-03-22,158422251,11:44:00,11:46:00,København H
2026-03-22,158417473,11:46:00,11:48:00,Esbjerg St.
2026-03-22,158417052,11:51:00,11:53:00,Skanderborg St.
2026-03-22,158419154,11:52:00,11:54:00,Sønderborg St.
2026-03-22,158419190,12:03:00,12:05:00,CPH Lufthavn
2026-03-22,158417158,12:04:00,12:06:00,Esbjerg St.
2026-03-22,158417486,12:11:00,12:13:00,Østerport St.
2026-03-22,158418861,12:40:00,12:43:00,Flensburg
2026-03-22,158417461,12:46:00,12:48:00,Esbjerg St.
2026-03-22,158420629,12:53:00,12:55:00,Fredericia St.
2026-03-22,158420639,13:04:00,13:06:00,Esbjerg St.
2026-03-22,158417485,13:11:00,13:13:00,Østerport St.
2026-03-22,158418842,13:16:00,13:18:00,Fredericia St.
2026-03-22,158422271,13:44:00,13:46:00,København H
2026-03-22,158417472,13:46:00,13:48:00,Esbjerg St.
2026-03-22,158417043,13:51:00,13:53:00,Skanderborg St.
2026-03-22,158419150,13:52:00,13:54:00,Sønderborg St.
2026-03-22,158419186,14:03:00,14:05:00,CPH Lufthavn
2026-03-22,158417153,14:04:00,14:06:00,Esbjerg St.
2026-03-22,158417484,14:11:00,14:13:00,Østerport St.
2026-03-22,158418860,14:40:00,14:43:00,Flensburg
2026-03-22,158417471,14:46:00,14:48:00,Esbjerg St.
2026-03-22,158417035,14:51:00,14:53:00,Skanderborg St.
2026-03-22,158417147,15:04:00,15:06:00,Esbjerg St.
2026-03-22,158417483,15:11:00,15:13:00,Østerport St.
2026-03-22,158418878,15:16:00,15:18:00,Fredericia St.
2026-03-22,158417460,15:46:00,15:48:00,Esbjerg St.
2026-03-22,158417027,15:51:00,15:53:00,Skanderborg St.
2026-03-22,158419145,15:52:00,15:54:00,Sønderborg St.
2026-03-22,158419181,16:03:00,16:05:00,CPH Lufthavn
2026-03-22,158417142,16:04:00,16:06:00,Esbjerg St.
2026-03-22,158417482,16:11:00,16:13:00,Østerport St.
2026-03-22,158422260,16:12:00,16:15:00,Hamburg Hbf
2026-03-22,158418859,16:40:00,16:43:00,Flensburg
2026-03-22,158417470,16:46:00,16:48:00,Esbjerg St.
2026-03-22,158420626,16:53:00,16:55:00,Fredericia St.
2026-03-22,158420635,17:04:00,17:06:00,Esbjerg St.
2026-03-22,158417481,17:11:00,17:13:00,Østerport St.
2026-03-22,158418877,17:16:00,17:18:00,Fredericia St.
2026-03-22,158422272,17:44:00,17:46:00,København H
2026-03-22,158417469,17:46:00,17:48:00,Esbjerg St.
2026-03-22,158417019,17:51:00,17:53:00,Skanderborg St.
2026-03-22,158419140,17:52:00,17:54:00,Sønderborg St.
2026-03-22,158419177,18:03:00,18:05:00,CPH Lufthavn
2026-03-22,158417137,18:04:00,18:06:00,Esbjerg St.
2026-03-22,158417480,18:11:00,18:13:00,Østerport St.
2026-03-22,158422246,18:12:00,18:15:00,Hamburg Hbf
2026-03-22,158418858,18:40:00,18:43:00,Flensburg
2026-03-22,158417468,18:46:00,18:48:00,Esbjerg St.
2026-03-22,158417012,18:51:00,18:53:00,Skanderborg St.
2026-03-22,158417132,19:04:00,19:06:00,Esbjerg St.
2026-03-22,158417479,19:11:00,19:13:00,Østerport St.
2026-03-22,158418876,19:16:00,19:18:00,Fredericia St.
2026-03-22,158417467,19:46:00,19:48:00,Esbjerg St.
2026-03-22,158417007,19:51:00,19:53:00,Skanderborg St.
2026-03-22,158419134,19:52:00,19:54:00,Sønderborg St.
2026-03-22,158419173,20:03:00,20:05:00,CPH Lufthavn
2026-03-22,158417127,20:04:00,20:06:00,Esbjerg St.
2026-03-22,158417440,20:11:00,20:13:00,København H
2026-03-22,158418857,20:40:00,20:43:00,Flensburg
2026-03-22,158417466,20:46:00,20:48:00,Esbjerg St.
2026-03-22,158417002,20:51:00,20:53:00,Skanderborg St.
2026-03-22,158417121,21:04:00,21:06:00,Esbjerg St.
2026-03-22,158418875,21:16:00,21:18:00,Fredericia St.
2026-03-22,158417465,21:46:00,21:48:00,Esbjerg St.
2026-03-22,158416997,21:51:00,21:53:00,Aarhus H
2026-03-22,158419126,21:52:00,21:54:00,Sønderborg St.
2026-03-22,158419905,22:03:00,22:05:00,Odense St.
2026-03-22,158417117,22:04:00,22:06:00,Esbjerg St.
2026-03-22,158418840,23:17:00,23:19:00,Fredericia St.
2026-03-22,158417110,23:25:00,23:27:00,Esbjerg St.
2026-03-22,158417104,23:29:00,23:31:00,Fredericia St.
2026-03-22,158419900,24:03:00,24:05:00,Fredericia St.
2026-03-22,158419909,24:07:00,24:09:00,Sønderborg St.
2026-03-22,158417097,24:29:00,24:31:00,Fredericia St.
2026-03-22,158417184,6:20:00,6:22:00,Esbjerg St.
2026-03-22,158418864,6:40:00,6:43:00,Flensburg
2026-03-22,158417091,6:51:00,6:53:00,Aarhus H
2026-03-22,158417180,7:04:00,7:06:00,Esbjerg St.
2026-03-22,158417489,7:11:00,7:13:00,Østerport St.
2026-03-22,158417079,7:51:00,7:53:00,Skanderborg St.
2026-03-22,158419911,7:52:00,7:54:00,Sønderborg St.
2026-03-22,158419199,8:03:00,8:05:00,CPH Lufthavn
2026-03-22,158417174,8:04:00,8:06:00,Esbjerg St.
2026-03-22,158417477,8:11:00,8:13:00,Østerport St.
2026-03-22,158418863,8:40:00,8:43:00,Flensburg
2026-03-22,158417463,8:46:00,8:48:00,Esbjerg St.
2026-03-22,158420632,8:53:00,8:55:00,Fredericia St.
2026-03-22,158420642,9:04:00,9:06:00,Esbjerg St.
2026-03-22,158417476,9:11:00,9:13:00,Østerport St.
2026-03-22,158418880,9:16:00,9:18:00,Fredericia St.
2026-03-22,158417459,9:46:00,9:48:00,Esbjerg St.
2026-03-22,158417072,9:51:00,9:53:00,Skanderborg St.
2026-03-22,158419159,9:52:00,9:54:00,Sønderborg St.
2026-03-23,158419194,10:03:00,10:05:00,CPH Lufthavn
2026-03-23,158417170,10:04:00,10:06:00,Esbjerg St.
2026-03-23,158417488,10:11:00,10:13:00,Østerport St.
2026-03-23,158418862,10:40:00,10:43:00,Flensburg
2026-03-23,158417474,10:46:00,10:48:00,Esbjerg St.
2026-03-23,158417063,10:51:00,10:53:00,Skanderborg St.
2026-03-23,158417164,11:04:00,11:06:00,Esbjerg St.
2026-03-23,158417487,11:11:00,11:13:00,Østerport St.
2026-03-23,158418879,11:16:00,11:18:00,Fredericia St.
2026-03-23,158422251,11:44:00,11:46:00,København H
2026-03-23,158417473,11:46:00,11:48:00,Esbjerg St.
2026-03-23,158417052,11:51:00,11:53:00,Skanderborg St.
2026-03-23,158419154,11:52:00,11:54:00,Sønderborg St.
2026-03-23,158419190,12:03:00,12:05:00,CPH Lufthavn
2026-03-23,158417158,12:04:00,12:06:00,Esbjerg St.
2026-03-23,158417486,12:11:00,12:13:00,Østerport St.
2026-03-23,158418861,12:40:00,12:43:00,Flensburg
2026-03-23,158417461,12:46:00,12:48:00,Esbjerg St.
2026-03-23,158420629,12:53:00,12:55:00,Fredericia St.
2026-03-23,158420639,13:04:00,13:06:00,Esbjerg St.
2026-03-23,158417485,13:11:00,13:13:00,Østerport St.
2026-03-23,158418842,13:16:00,13:18:00,Fredericia St.
2026-03-23,158422271,13:44:00,13:46:00,København H
2026-03-23,158417472,13:46:00,13:48:00,Esbjerg St.
2026-03-23,158417043,13:51:00,13:53:00,Skanderborg St.
2026-03-23,158419150,13:52:00,13:54:00,Sønderborg St.
2026-03-23,158419186,14:03:00,14:05:00,CPH Lufthavn
2026-03-23,158417153,14:04:00,14:06:00,Esbjerg St.
2026-03-23,158417484,14:11:00,14:13:00,Østerport St.
2026-03-23,158418860,14:40:00,14:43:00,Flensburg
2026-03-23,158417471,14:46:00,14:48:00,Esbjerg St.
2026-03-23,158417035,14:51:00,14:53:00,Skanderborg St.
2026-03-23,158417147,15:04:00,15:06:00,Esbjerg St.
2026-03-23,158417483,15:11:00,15:13:00,Østerport St.
2026-03-23,158418878,15:16:00,15:18:00,Fredericia St.
2026-03-23,158417460,15:46:00,15:48:00,Esbjerg St.
2026-03-23,158417027,15:51:00,15:53:00,Skanderborg St.
2026-03-23,158419145,15:52:00,15:54:00,Sønderborg St.
2026-03-23,158419181,16:03:00,16:05:00,CPH Lufthavn
2026-03-23,158417142,16:04:00,16:06:00,Esbjerg St.
2026-03-23,158417482,16:11:00,16:13:00,Østerport St.
2026-03-23,158422260,16:12:00,16:15:00,Hamburg Hbf
2026-03-23,158418859,16:40:00,16:43:00,Flensburg
2026-03-23,158417470,16:46:00,16:48:00,Esbjerg St.
2026-03-23,158420626,16:53:00,16:55:00,Fredericia St.
2026-03-23,158420635,17:04:00,17:06:00,Esbjerg St.
2026-03-23,158417481,17:11:00,17:13:00,Østerport St.
2026-03-23,158418877,17:16:00,17:18:00,Fredericia St.
2026-03-23,158417469,17:46:00,17:48:00,Esbjerg St.
2026-03-23,158417019,17:51:00,17:53:00,Skanderborg St.
2026-03-23,158419140,17:52:00,17:54:00,Sønderborg St.
2026-03-23,158419177,18:03:00,18:05:00,CPH Lufthavn
2026-03-23,158417137,18:04:00,18:06:00,Esbjerg St.
2026-03-23,158417480,18:11:00,18:13:00,Østerport St.
2026-03-23,158422246,18:12:00,18:15:00,Hamburg Hbf
2026-03-23,158418858,18:40:00,18:43:00,Flensburg
2026-03-23,158417468,18:46:00,18:48:00,Esbjerg St.
2026-03-23,158417012,18:51:00,18:53:00,Skanderborg St.
2026-03-23,158417132,19:04:00,19:06:00,Esbjerg St.
2026-03-23,158417479,19:11:00,19:13:00,Østerport St.
2026-03-23,158418876,19:16:00,19:18:00,Fredericia St.
2026-03-23,158417467,19:46:00,19:48:00,Esbjerg St.
2026-03-23,158417007,19:51:00,19:53:00,Skanderborg St.
2026-03-23,158419134,19:52:00,19:54:00,Sønderborg St.
2026-03-23,158419173,20:03:00,20:05:00,CPH Lufthavn
2026-03-23,158417127,20:04:00,20:06:00,Esbjerg St.
2026-03-23,158417439,20:11:00,20:13:00,Østerport St.
2026-03-23,158418857,20:40:00,20:43:00,Flensburg
2026-03-23,158417466,20:46:00,20:48:00,Esbjerg St.
2026-03-23,158417002,20:51:00,20:53:00,Skanderborg St.
2026-03-23,158417121,21:04:00,21:06:00,Esbjerg St.
2026-03-23,158418875,21:16:00,21:18:00,Fredericia St.
2026-03-23,158417465,21:46:00,21:48:00,Esbjerg St.
2026-03-23,158416997,21:51:00,21:53:00,Aarhus H
2026-03-23,158419126,21:52:00,21:54:00,Sønderborg St.
2026-03-23,158419905,22:03:00,22:05:00,Odense St.
2026-03-23,158417117,22:04:00,22:06:00,Esbjerg St.
2026-03-23,158420227,22:39:00,22:39:00,Kolding St.
2026-03-23,158420222,22:49:00,22:49:00,Fredericia St.
2026-03-23,158418840,23:17:00,23:19:00,Fredericia St.
2026-03-23,158417110,23:25:00,23:27:00,Esbjerg St.
2026-03-23,158417104,23:29:00,23:31:00,Fredericia St.
2026-03-23,158419900,24:03:00,24:05:00,Fredericia St.
2026-03-23,158419909,24:07:00,24:09:00,Sønderborg St.
2026-03-23,158417097,24:29:00,24:31:00,Fredericia St.
2026-03-23,158418865,4:40:00,4:43:00,Flensburg
2026-03-23,158417492,5:11:00,5:13:00,Østerport St.
2026-03-23,158417185,5:20:00,5:22:00,Esbjerg St.
2026-03-23,158417107,5:51:00,5:53:00,Skanderborg St.
2026-03-23,158419168,5:52:00,5:54:00,Sønderborg St.
2026-03-23,158419202,6:03:00,6:05:00,CPH Lufthavn
2026-03-23,158417491,6:11:00,6:13:00,Østerport St.
2026-03-23,158417184,6:20:00,6:22:00,Esbjerg St.
2026-03-23,158418864,6:40:00,6:43:00,Flensburg
2026-03-23,158417478,6:46:00,6:48:00,Esbjerg St.
2026-03-23,158417090,6:51:00,6:53:00,Skanderborg St.
2026-03-23,158417180,7:04:00,7:06:00,Esbjerg St.
2026-03-23,158417489,7:11:00,7:13:00,Østerport St.
2026-03-23,158418881,7:16:00,7:18:00,Fredericia St.
2026-03-23,158417475,7:46:00,7:48:00,Esbjerg St.
2026-03-23,158417079,7:51:00,7:53:00,Skanderborg St.
2026-03-23,158419164,7:52:00,7:54:00,Sønderborg St.
2026-03-23,158419199,8:03:00,8:05:00,CPH Lufthavn
2026-03-23,158417174,8:04:00,8:06:00,Esbjerg St.
2026-03-23,158417477,8:11:00,8:13:00,Østerport St.
2026-03-23,158418863,8:40:00,8:43:00,Flensburg
2026-03-23,158417464,8:46:00,8:48:00,Esbjerg St.
2026-03-23,158420632,8:53:00,8:55:00,Fredericia St.
2026-03-23,158420642,9:04:00,9:06:00,Esbjerg St.
2026-03-23,158417476,9:11:00,9:13:00,Østerport St.
2026-03-23,158418880,9:16:00,9:18:00,Fredericia St.
2026-03-23,158417462,9:46:00,9:48:00,Esbjerg St.
2026-03-23,158417072,9:51:00,9:53:00,Skanderborg St.
2026-03-23,158419159,9:52:00,9:54:00,Sønderborg St.
2026-03-24,158419194,10:03:00,10:05:00,CPH Lufthavn
2026-03-24,158417170,10:04:00,10:06:00,Esbjerg St.
2026-03-24,158417488,10:11:00,10:13:00,Østerport St.
2026-03-24,158422286,10:12:00,10:15:00,Hamburg Hbf
2026-03-24,158418862,10:40:00,10:43:00,Flensburg
2026-03-24,158417474,10:46:00,10:48:00,Esbjerg St.
2026-03-24,158417063,10:51:00,10:53:00,Skanderborg St.
2026-03-24,158417164,11:04:00,11:06:00,Esbjerg St.
2026-03-24,158417487,11:11:00,11:13:00,Østerport St.
2026-03-24,158418879,11:16:00,11:18:00,Fredericia St.
2026-03-24,158422251,11:44:00,11:46:00,København H
2026-03-24,158417473,11:46:00,11:48:00,Esbjerg St.
2026-03-24,158417052,11:51:00,11:53:00,Skanderborg St.
2026-03-24,158419154,11:52:00,11:54:00,Sønderborg St.
2026-03-24,158419190,12:03:00,12:05:00,CPH Lufthavn
2026-03-24,158417158,12:04:00,12:06:00,Esbjerg St.
2026-03-24,158417486,12:11:00,12:13:00,Østerport St.
2026-03-24,158418861,12:40:00,12:43:00,Flensburg
2026-03-24,158417461,12:46:00,12:48:00,Esbjerg St.
2026-03-24,158420629,12:53:00,12:55:00,Fredericia St.
2026-03-24,158420639,13:04:00,13:06:00,Esbjerg St.
2026-03-24,158417485,13:11:00,13:13:00,Østerport St.
2026-03-24,158418842,13:16:00,13:18:00,Fredericia St.
2026-03-24,158422271,13:44:00,13:46:00,København H
2026-03-24,158417472,13:46:00,13:48:00,Esbjerg St.
2026-03-24,158417043,13:51:00,13:53:00,Skanderborg St.
2026-03-24,158419150,13:52:00,13:54:00,Sønderborg St.
2026-03-24,158419186,14:03:00,14:05:00,CPH Lufthavn
2026-03-24,158417153,14:04:00,14:06:00,Esbjerg St.
2026-03-24,158417484,14:11:00,14:13:00,Østerport St.
2026-03-24,158418860,14:40:00,14:43:00,Flensburg
2026-03-24,158417471,14:46:00,14:48:00,Esbjerg St.
2026-03-24,158417035,14:51:00,14:53:00,Skanderborg St.
2026-03-24,158417147,15:04:00,15:06:00,Esbjerg St.
2026-03-24,158417483,15:11:00,15:13:00,Østerport St.
2026-03-24,158418878,15:16:00,15:18:00,Fredericia St.
2026-03-24,158417460,15:46:00,15:48:00,Esbjerg St.
2026-03-24,158417027,15:51:00,15:53:00,Skanderborg St.
2026-03-24,158419145,15:52:00,15:54:00,Sønderborg St.
2026-03-24,158419181,16:03:00,16:05:00,CPH Lufthavn
2026-03-24,158417142,16:04:00,16:06:00,Esbjerg St.
2026-03-24,158417482,16:11:00,16:13:00,Østerport St.
2026-03-24,158422260,16:12:00,16:15:00,Hamburg Hbf
2026-03-24,158418859,16:40:00,16:43:00,Flensburg
2026-03-24,158417470,16:46:00,16:48:00,Esbjerg St.
2026-03-24,158420626,16:53:00,16:55:00,Fredericia St.
2026-03-24,158420635,17:04:00,17:06:00,Esbjerg St.
2026-03-24,158417481,17:11:00,17:13:00,Østerport St.
2026-03-24,158418877,17:16:00,17:18:00,Fredericia St.
2026-03-24,158422272,17:44:00,17:46:00,København H
2026-03-24,158417469,17:46:00,17:48:00,Esbjerg St.
2026-03-24,158417019,17:51:00,17:53:00,Skanderborg St.
2026-03-24,158419140,17:52:00,17:54:00,Sønderborg St.
2026-03-24,158419177,18:03:00,18:05:00,CPH Lufthavn
2026-03-24,158417137,18:04:00,18:06:00,Esbjerg St.
2026-03-24,158417480,18:11:00,18:13:00,Østerport St.
2026-03-24,158422246,18:12:00,18:15:00,Hamburg Hbf
2026-03-24,158418858,18:40:00,18:43:00,Flensburg
2026-03-24,158417468,18:46:00,18:48:00,Esbjerg St.
2026-03-24,158417012,18:51:00,18:53:00,Skanderborg St.
2026-03-24,158417132,19:04:00,19:06:00,Esbjerg St.
2026-03-24,158417479,19:11:00,19:13:00,Østerport St.
2026-03-24,158418876,19:16:00,19:18:00,Fredericia St.
2026-03-24,158417467,19:46:00,19:48:00,Esbjerg St.
2026-03-24,158417007,19:51:00,19:53:00,Skanderborg St.
2026-03-24,158419134,19:52:00,19:54:00,Sønderborg St.
2026-03-24,158419173,20:03:00,20:05:00,CPH Lufthavn
2026-03-24,158417127,20:04:00,20:06:00,Esbjerg St.
2026-03-24,158417439,20:11:00,20:13:00,Østerport St.
2026-03-24,158418857,20:40:00,20:43:00,Flensburg
2026-03-24,158417466,20:46:00,20:48:00,Esbjerg St.
2026-03-24,158417002,20:51:00,20:53:00,Skanderborg St.
2026-03-24,158417121,21:04:00,21:06:00,Esbjerg St.
2026-03-24,158418875,21:16:00,21:18:00,Fredericia St.
2026-03-24,158417465,21:46:00,21:48:00,Esbjerg St.
2026-03-24,158416997,21:51:00,21:53:00,Aarhus H
2026-03-24,158419126,21:52:00,21:54:00,Sønderborg St.
2026-03-24,158419905,22:03:00,22:05:00,Odense St.
2026-03-24,158417117,22:04:00,22:06:00,Esbjerg St.
2026-03-24,158420227,22:39:00,22:39:00,Kolding St.
2026-03-24,158420222,22:49:00,22:49:00,Fredericia St.
2026-03-24,158418840,23:17:00,23:19:00,Fredericia St.
2026-03-24,158417110,23:25:00,23:27:00,Esbjerg St.
2026-03-24,158417104,23:29:00,23:31:00,Fredericia St.
2026-03-24,158419900,24:03:00,24:05:00,Fredericia St.
2026-03-24,158419909,24:07:00,24:09:00,Sønderborg St.
2026-03-24,158417097,24:29:00,24:31:00,Fredericia St.
2026-03-24,158418865,4:40:00,4:43:00,Flensburg
2026-03-24,158417492,5:11:00,5:13:00,Østerport St.
2026-03-24,158417185,5:20:00,5:22:00,Esbjerg St.
2026-03-24,158417107,5:51:00,5:53:00,Skanderborg St.
2026-03-24,158419168,5:52:00,5:54:00,Sønderborg St.
2026-03-24,158419202,6:03:00,6:05:00,CPH Lufthavn
2026-03-24,158417491,6:11:00,6:13:00,Østerport St.
2026-03-24,158417184,6:20:00,6:22:00,Esbjerg St.
2026-03-24,158418864,6:40:00,6:43:00,Flensburg
2026-03-24,158417478,6:46:00,6:48:00,Esbjerg St.
2026-03-24,158417090,6:51:00,6:53:00,Skanderborg St.
2026-03-24,158417180,7:04:00,7:06:00,Esbjerg St.
2026-03-24,158417489,7:11:00,7:13:00,Østerport St.
2026-03-24,158418881,7:16:00,7:18:00,Fredericia St.
2026-03-24,158417475,7:46:00,7:48:00,Esbjerg St.
2026-03-24,158417079,7:51:00,7:53:00,Skanderborg St.
2026-03-24,158419164,7:52:00,7:54:00,Sønderborg St.
2026-03-24,158419199,8:03:00,8:05:00,CPH Lufthavn
2026-03-24,158417174,8:04:00,8:06:00,Esbjerg St.
2026-03-24,158417477,8:11:00,8:13:00,Østerport St.
2026-03-24,158418863,8:40:00,8:43:00,Flensburg
2026-03-24,158417464,8:46:00,8:48:00,Esbjerg St.
2026-03-24,158420632,8:53:00,8:55:00,Fredericia St.
2026-03-24,158420642,9:04:00,9:06:00,Esbjerg St.
2026-03-24,158417476,9:11:00,9:13:00,Østerport St.
2026-03-24,158418880,9:16:00,9:18:00,Fredericia St.
2026-03-24,158417462,9:46:00,9:48:00,Esbjerg St.
2026-03-24,158417072,9:51:00,9:53:00,Skanderborg St.
2026-03-24,158419159,9:52:00,9:54:00,Sønderborg St.
2026-03-25,158419194,10:03:00,10:05:00,CPH Lufthavn
2026-03-25,158417170,10:04:00,10:06:00,Esbjerg St.
2026-03-25,158417488,10:11:00,10:13:00,Østerport St.
2026-03-25,158418862,10:40:00,10:43:00,Flensburg
2026-03-25,158417474,10:46:00,10:48:00,Esbjerg St.
2026-03-25,158417063,10:51:00,10:53:00,Skanderborg St.
2026-03-25,158417164,11:04:00,11:06:00,Esbjerg St.
2026-03-25,158417487,11:11:00,11:13:00,Østerport St.
2026-03-25,158418879,11:16:00,11:18:00,Fredericia St.
2026-03-25,158422251,11:44:00,11:46:00,København H
2026-03-25,158417473,11:46:00,11:48:00,Esbjerg St.
2026-03-25,158417052,11:51:00,11:53:00,Skanderborg St.
2026-03-25,158419154,11:52:00,11:54:00,Sønderborg St.
2026-03-25,158419190,12:03:00,12:05:00,CPH Lufthavn
2026-03-25,158417158,12:04:00,12:06:00,Esbjerg St.
2026-03-25,158417486,12:11:00,12:13:00,Østerport St.
2026-03-25,158418861,12:40:00,12:43:00,Flensburg
2026-03-25,158417461,12:46:00,12:48:00,Esbjerg St.
2026-03-25,158420629,12:53:00,12:55:00,Fredericia St.
2026-03-25,158420639,13:04:00,13:06:00,Esbjerg St.
2026-03-25,158417485,13:11:00,13:13:00,Østerport St.
2026-03-25,158418842,13:16:00,13:18:00,Fredericia St.
2026-03-25,158422271,13:44:00,13:46:00,København H
2026-03-25,158417472,13:46:00,13:48:00,Esbjerg St.
2026-03-25,158417043,13:51:00,13:53:00,Skanderborg St.
2026-03-25,158419150,13:52:00,13:54:00,Sønderborg St.
2026-03-25,158419186,14:03:00,14:05:00,CPH Lufthavn
2026-03-25,158417153,14:04:00,14:06:00,Esbjerg St.
2026-03-25,158417484,14:11:00,14:13:00,Østerport St.
2026-03-25,158418860,14:40:00,14:43:00,Flensburg
2026-03-25,158417471,14:46:00,14:48:00,Esbjerg St.
2026-03-25,158417035,14:51:00,14:53:00,Skanderborg St.
2026-03-25,158417147,15:04:00,15:06:00,Esbjerg St.
2026-03-25,158417483,15:11:00,15:13:00,Østerport St.
2026-03-25,158418878,15:16:00,15:18:00,Fredericia St.
2026-03-25,158417460,15:46:00,15:48:00,Esbjerg St.
2026-03-25,158417027,15:51:00,15:53:00,Skanderborg St.
2026-03-25,158419145,15:52:00,15:54:00,Sønderborg St.
2026-03-25,158419181,16:03:00,16:05:00,CPH Lufthavn
2026-03-25,158417142,16:04:00,16:06:00,Esbjerg St.
2026-03-25,158417482,16:11:00,16:13:00,Østerport St.
2026-03-25,158422260,16:12:00,16:15:00,Hamburg Hbf
2026-03-25,158418859,16:40:00,16:43:00,Flensburg
2026-03-25,158417470,16:46:00,16:48:00,Esbjerg St.
2026-03-25,158420626,16:53:00,16:55:00,Fredericia St.
2026-03-25,158420635,17:04:00,17:06:00,Esbjerg St.
2026-03-25,158417481,17:11:00,17:13:00,Østerport St.
2026-03-25,158418877,17:16:00,17:18:00,Fredericia St.
2026-03-25,158417469,17:46:00,17:48:00,Esbjerg St.
2026-03-25,158417019,17:51:00,17:53:00,Skanderborg St.
2026-03-25,158419140,17:52:00,17:54:00,Sønderborg St.
2026-03-25,158419177,18:03:00,18:05:00,CPH Lufthavn
2026-03-25,158417137,18:04:00,18:06:00,Esbjerg St.
2026-03-25,158417480,18:11:00,18:13:00,Østerport St.
2026-03-25,158422246,18:12:00,18:15:00,Hamburg Hbf
2026-03-25,158418858,18:40:00,18:43:00,Flensburg
2026-03-25,158417468,18:46:00,18:48:00,Esbjerg St.
2026-03-25,158417012,18:51:00,18:53:00,Skanderborg St.
2026-03-25,158417132,19:04:00,19:06:00,Esbjerg St.
2026-03-25,158417479,19:11:00,19:13:00,Østerport St.
2026-03-25,158418876,19:16:00,19:18:00,Fredericia St.
2026-03-25,158417467,19:46:00,19:48:00,Esbjerg St.
2026-03-25,158417007,19:51:00,19:53:00,Skanderborg St.
2026-03-25,158419134,19:52:00,19:54:00,Sønderborg St.
2026-03-25,158419173,20:03:00,20:05:00,CPH Lufthavn
2026-03-25,158417127,20:04:00,20:06:00,Esbjerg St.
2026-03-25,158417439,20:11:00,20:13:00,Østerport St.
2026-03-25,158418857,20:40:00,20:43:00,Flensburg
2026-03-25,158417466,20:46:00,20:48:00,Esbjerg St.
2026-03-25,158417002,20:51:00,20:53:00,Skanderborg St.
2026-03-25,158417121,21:04:00,21:06:00,Esbjerg St.
2026-03-25,158418875,21:16:00,21:18:00,Fredericia St.
2026-03-25,158417465,21:46:00,21:48:00,Esbjerg St.
2026-03-25,158416997,21:51:00,21:53:00,Aarhus H
2026-03-25,158419126,21:52:00,21:54:00,Sønderborg St.
2026-03-25,158419905,22:03:00,22:05:00,Odense St.
2026-03-25,158417117,22:04:00,22:06:00,Esbjerg St.
2026-03-25,158420227,22:39:00,22:39:00,Kolding St.
2026-03-25,158420222,22:49:00,22:49:00,Fredericia St.
2026-03-25,158418840,23:17:00,23:19:00,Fredericia St.
2026-03-25,158417110,23:25:00,23:27:00,Esbjerg St.
2026-03-25,158417104,23:29:00,23:31:00,Fredericia St.
2026-03-25,158419900,24:03:00,24:05:00,Fredericia St.
2026-03-25,158419909,24:07:00,24:09:00,Sønderborg St.
2026-03-25,158417097,24:29:00,24:31:00,Fredericia St.
2026-03-25,158418865,4:40:00,4:43:00,Flensburg
2026-03-25,158417492,5:11:00,5:13:00,Østerport St.
2026-03-25,158417185,5:20:00,5:22:00,Esbjerg St.
2026-03-25,158417107,5:51:00,5:53:00,Skanderborg St.
2026-03-25,158419168,5:52:00,5:54:00,Sønderborg St.
2026-03-25,158419202,6:03:00,6:05:00,CPH Lufthavn
2026-03-25,158417491,6:11:00,6:13:00,Østerport St.
2026-03-25,158417184,6:20:00,6:22:00,Esbjerg St.
2026-03-25,158418864,6:40:00,6:43:00,Flensburg
2026-03-25,158417478,6:46:00,6:48:00,Esbjerg St.
2026-03-25,158417090,6:51:00,6:53:00,Skanderborg St.
2026-03-25,158417180,7:04:00,7:06:00,Esbjerg St.
2026-03-25,158417489,7:11:00,7:13:00,Østerport St.
2026-03-25,158418881,7:16:00,7:18:00,Fredericia St.
2026-03-25,158417475,7:46:00,7:48:00,Esbjerg St.
2026-03-25,158417079,7:51:00,7:53:00,Skanderborg St.
2026-03-25,158419164,7:52:00,7:54:00,Sønderborg St.
2026-03-25,158419199,8:03:00,8:05:00,CPH Lufthavn
2026-03-25,158417174,8:04:00,8:06:00,Esbjerg St.
2026-03-25,158417477,8:11:00,8:13:00,Østerport St.
2026-03-25,158418863,8:40:00,8:43:00,Flensburg
2026-03-25,158417464,8:46:00,8:48:00,Esbjerg St.
2026-03-25,158420632,8:53:00,8:55:00,Fredericia St.
2026-03-25,158420642,9:04:00,9:06:00,Esbjerg St.
2026-03-25,158417476,9:11:00,9:13:00,Østerport St.
2026-03-25,158418880,9:16:00,9:18:00,Fredericia St.
2026-03-25,158417462,9:46:00,9:48:00,Esbjerg St.
2026-03-25,158417072,9:51:00,9:53:00,Skanderborg St.
2026-03-25,158419159,9:52:00,9:54:00,Sønderborg St.
2026-03-26,158419194,10:03:00,10:05:00,CPH Lufthavn
2026-03-26,158417170,10:04:00,10:06:00,Esbjerg St.
2026-03-26,158417488,10:11:00,10:13:00,Østerport St.
2026-03-26,158418862,10:40:00,10:43:00,Flensburg
2026-03-26,158417474,10:46:00,10:48:00,Esbjerg St.
2026-03-26,158417063,10:51:00,10:53:00,Skanderborg St.
2026-03-26,158417164,11:04:00,11:06:00,Esbjerg St.
2026-03-26,158417487,11:11:00,11:13:00,Østerport St.
2026-03-26,158418879,11:16:00,11:18:00,Fredericia St.
2026-03-26,158422251,11:44:00,11:46:00,København H
2026-03-26,158417473,11:46:00,11:48:00,Esbjerg St.
2026-03-26,158417052,11:51:00,11:53:00,Skanderborg St.
2026-03-26,158419154,11:52:00,11:54:00,Sønderborg St.
2026-03-26,158419190,12:03:00,12:05:00,CPH Lufthavn
2026-03-26,158417158,12:04:00,12:06:00,Esbjerg St.
2026-03-26,158417486,12:11:00,12:13:00,Østerport St.
2026-03-26,158418861,12:40:00,12:43:00,Flensburg
2026-03-26,158417461,12:46:00,12:48:00,Esbjerg St.
2026-03-26,158420629,12:53:00,12:55:00,Fredericia St.
2026-03-26,158420639,13:04:00,13:06:00,Esbjerg St.
2026-03-26,158417485,13:11:00,13:13:00,Østerport St.
2026-03-26,158418842,13:16:00,13:18:00,Fredericia St.
2026-03-26,158422271,13:44:00,13:46:00,København H
2026-03-26,158417472,13:46:00,13:48:00,Esbjerg St.
2026-03-26,158417043,13:51:00,13:53:00,Skanderborg St.
2026-03-26,158419150,13:52:00,13:54:00,Sønderborg St.
2026-03-26,158419186,14:03:00,14:05:00,CPH Lufthavn
2026-03-26,158417153,14:04:00,14:06:00,Esbjerg St.
2026-03-26,158417484,14:11:00,14:13:00,Østerport St.
2026-03-26,158418860,14:40:00,14:43:00,Flensburg
2026-03-26,158417471,14:46:00,14:48:00,Esbjerg St.
2026-03-26,158417035,14:51:00,14:53:00,Skanderborg St.
2026-03-26,158417147,15:04:00,15:06:00,Esbjerg St.
2026-03-26,158417483,15:11:00,15:13:00,Østerport St.
2026-03-26,158418878,15:16:00,15:18:00,Fredericia St.
2026-03-26,158417460,15:46:00,15:48:00,Esbjerg St.
2026-03-26,158417027,15:51:00,15:53:00,Skanderborg St.
2026-03-26,158419145,15:52:00,15:54:00,Sønderborg St.
2026-03-26,158419181,16:03:00,16:05:00,CPH Lufthavn
2026-03-26,158417142,16:04:00,16:06:00,Esbjerg St.
2026-03-26,158417482,16:11:00,16:13:00,Østerport St.
2026-03-26,158422260,16:12:00,16:15:00,Hamburg Hbf
2026-03-26,158418859,16:40:00,16:43:00,Flensburg
2026-03-26,158417470,16:46:00,16:48:00,Esbjerg St.
2026-03-26,158420626,16:53:00,16:55:00,Fredericia St.
2026-03-26,158420635,17:04:00,17:06:00,Esbjerg St.
2026-03-26,158417481,17:11:00,17:13:00,Østerport St.
2026-03-26,158418877,17:16:00,17:18:00,Fredericia St.
2026-03-26,158417469,17:46:00,17:48:00,Esbjerg St.
2026-03-26,158417019,17:51:00,17:53:00,Skanderborg St.
2026-03-26,158419140,17:52:00,17:54:00,Sønderborg St.
2026-03-26,158419177,18:03:00,18:05:00,CPH Lufthavn
2026-03-26,158417137,18:04:00,18:06:00,Esbjerg St.
2026-03-26,158417480,18:11:00,18:13:00,Østerport St.
2026-03-26,158422246,18:12:00,18:15:00,Hamburg Hbf
2026-03-26,158418858,18:40:00,18:43:00,Flensburg
2026-03-26,158417468,18:46:00,18:48:00,Esbjerg St.
2026-03-26,158417012,18:51:00,18:53:00,Skanderborg St.
2026-03-26,158417132,19:04:00,19:06:00,Esbjerg St.
2026-03-26,158417479,19:11:00,19:13:00,Østerport St.
2026-03-26,158418876,19:16:00,19:18:00,Fredericia St.
2026-03-26,158417467,19:46:00,19:48:00,Esbjerg St.
2026-03-26,158417007,19:51:00,19:53:00,Skanderborg St.
2026-03-26,158419134,19:52:00,19:54:00,Sønderborg St.
2026-03-26,158419173,20:03:00,20:05:00,CPH Lufthavn
2026-03-26,158417127,20:04:00,20:06:00,Esbjerg St.
2026-03-26,158417439,20:11:00,20:13:00,Østerport St.
2026-03-26,158418857,20:40:00,20:43:00,Flensburg
2026-03-26,158417466,20:46:00,20:48:00,Esbjerg St.
2026-03-26,158417002,20:51:00,20:53:00,Skanderborg St.
2026-03-26,158417121,21:04:00,21:06:00,Esbjerg St.
2026-03-26,158418875,21:16:00,21:18:00,Fredericia St.
2026-03-26,158417465,21:46:00,21:48:00,Esbjerg St.
2026-03-26,158416997,21:51:00,21:53:00,Aarhus H
2026-03-26,158419126,21:52:00,21:54:00,Sønderborg St.
2026-03-26,158419905,22:03:00,22:05:00,Odense St.
2026-03-26,158417117,22:04:00,22:06:00,Esbjerg St.
2026-03-26,158420227,22:39:00,22:39:00,Kolding St.
2026-03-26,158420222,22:49:00,22:49:00,Fredericia St.
2026-03-26,158418840,23:17:00,23:19:00,Fredericia St.
2026-03-26,158417110,23:25:00,23:27:00,Esbjerg St.
2026-03-26,158417104,23:29:00,23:31:00,Fredericia St.
2026-03-26,158419900,24:03:00,24:05:00,Fredericia St.
2026-03-26,158419909,24:07:00,24:09:00,Sønderborg St.
2026-03-26,158417097,24:29:00,24:31:00,Fredericia St.
2026-03-26,158418865,4:40:00,4:43:00,Flensburg
2026-03-26,158417492,5:11:00,5:13:00,Østerport St.
2026-03-26,158417185,5:20:00,5:22:00,Esbjerg St.
2026-03-26,158417107,5:51:00,5:53:00,Skanderborg St.
2026-03-26,158419168,5:52:00,5:54:00,Sønderborg St.
2026-03-26,158419202,6:03:00,6:05:00,CPH Lufthavn
2026-03-26,158417491,6:11:00,6:13:00,Østerport St.
2026-03-26,158417184,6:20:00,6:22:00,Esbjerg St.
2026-03-26,158418864,6:40:00,6:43:00,Flensburg
2026-03-26,158417478,6:46:00,6:48:00,Esbjerg St.
2026-03-26,158417090,6:51:00,6:53:00,Skanderborg St.
2026-03-26,158417180,7:04:00,7:06:00,Esbjerg St.
2026-03-26,158417489,7:11:00,7:13:00,Østerport St.
2026-03-26,158418881,7:16:00,7:18:00,Fredericia St.
2026-03-26,158417475,7:46:00,7:48:00,Esbjerg St.
2026-03-26,158417079,7:51:00,7:53:00,Skanderborg St.
2026-03-26,158419164,7:52:00,7:54:00,Sønderborg St.
2026-03-26,158419199,8:03:00,8:05:00,CPH Lufthavn
2026-03-26,158417174,8:04:00,8:06:00,Esbjerg St.
2026-03-26,158417477,8:11:00,8:13:00,Østerport St.
2026-03-26,158418863,8:40:00,8:43:00,Flensburg
2026-03-26,158417464,8:46:00,8:48:00,Esbjerg St.
2026-03-26,158420632,8:53:00,8:55:00,Fredericia St.
2026-03-26,158420642,9:04:00,9:06:00,Esbjerg St.
2026-03-26,158417476,9:11:00,9:13:00,Østerport St.
2026-03-26,158418880,9:16:00,9:18:00,Fredericia St.
2026-03-26,158417462,9:46:00,9:48:00,Esbjerg St.
2026-03-26,158417072,9:51:00,9:53:00,Skanderborg St.
2026-03-26,158419159,9:52:00,9:54:00,Sønderborg St.
2026-03-27,158419194,10:03:00,10:05:00,CPH Lufthavn
2026-03-27,158417170,10:04:00,10:06:00,Esbjerg St.
2026-03-27,158417488,10:11:00,10:13:00,Østerport St.
2026-03-27,158418862,10:40:00,10:43:00,Flensburg
2026-03-27,158417474,10:46:00,10:48:00,Esbjerg St.
2026-03-27,158417063,10:51:00,10:53:00,Skanderborg St.
2026-03-27,158417164,11:04:00,11:06:00,Esbjerg St.
2026-03-27,158417487,11:11:00,11:13:00,Østerport St.
2026-03-27,158418879,11:16:00,11:18:00,Fredericia St.
2026-03-27,158422251,11:44:00,11:46:00,København H
2026-03-27,158417473,11:46:00,11:48:00,Esbjerg St.
2026-03-27,158417052,11:51:00,11:53:00,Skanderborg St.
2026-03-27,158419154,11:52:00,11:54:00,Sønderborg St.
2026-03-27,158419190,12:03:00,12:05:00,CPH Lufthavn
2026-03-27,158417158,12:04:00,12:06:00,Esbjerg St.
2026-03-27,158417486,12:11:00,12:13:00,Østerport St.
2026-03-27,158418861,12:40:00,12:43:00,Flensburg
2026-03-27,158417461,12:46:00,12:48:00,Esbjerg St.
2026-03-27,158420629,12:53:00,12:55:00,Fredericia St.
2026-03-27,158420639,13:04:00,13:06:00,Esbjerg St.
2026-03-27,158417485,13:11:00,13:13:00,Østerport St.
2026-03-27,158418842,13:16:00,13:18:00,Fredericia St.
2026-03-27,158422271,13:44:00,13:46:00,København H
2026-03-27,158417472,13:46:00,13:48:00,Esbjerg St.
2026-03-27,158417043,13:51:00,13:53:00,Skanderborg St.
2026-03-27,158419150,13:52:00,13:54:00,Sønderborg St.
2026-03-27,158419186,14:03:00,14:05:00,CPH Lufthavn
2026-03-27,158417153,14:04:00,14:06:00,Esbjerg St.
2026-03-27,158417484,14:11:00,14:13:00,Østerport St.
2026-03-27,158418860,14:40:00,14:43:00,Flensburg
2026-03-27,158417471,14:46:00,14:48:00,Esbjerg St.
2026-03-27,158417035,14:51:00,14:53:00,Skanderborg St.
2026-03-27,158417147,15:04:00,15:06:00,Esbjerg St.
2026-03-27,158417483,15:11:00,15:13:00,Østerport St.
2026-03-27,158418878,15:16:00,15:18:00,Fredericia St.
2026-03-27,158417460,15:46:00,15:48:00,Esbjerg St.
2026-03-27,158417027,15:51:00,15:53:00,Skanderborg St.
2026-03-27,158419145,15:52:00,15:54:00,Sønderborg St.
2026-03-27,158419181,16:03:00,16:05:00,CPH Lufthavn
2026-03-27,158417142,16:04:00,16:06:00,Esbjerg St.
2026-03-27,158417482,16:11:00,16:13:00,Østerport St.
2026-03-27,158422260,16:12:00,16:15:00,Hamburg Hbf
2026-03-27,158418859,16:40:00,16:43:00,Flensburg
2026-03-27,158417470,16:46:00,16:48:00,Esbjerg St.
2026-03-27,158420626,16:53:00,16:55:00,Fredericia St.
2026-03-27,158420635,17:04:00,17:06:00,Esbjerg St.
2026-03-27,158417481,17:11:00,17:13:00,Østerport St.
2026-03-27,158418877,17:16:00,17:18:00,Fredericia St.
2026-03-27,158417469,17:46:00,17:48:00,Esbjerg St.
2026-03-27,158417019,17:51:00,17:53:00,Skanderborg St.
2026-03-27,158419140,17:52:00,17:54:00,Sønderborg St.
2026-03-27,158419177,18:03:00,18:05:00,CPH Lufthavn
2026-03-27,158417137,18:04:00,18:06:00,Esbjerg St.
2026-03-27,158417480,18:11:00,18:13:00,Østerport St.
2026-03-27,158422246,18:12:00,18:15:00,Hamburg Hbf
2026-03-27,158418858,18:40:00,18:43:00,Flensburg
2026-03-27,158417468,18:46:00,18:48:00,Esbjerg St.
2026-03-27,158417012,18:51:00,18:53:00,Skanderborg St.
2026-03-27,158417132,19:04:00,19:06:00,Esbjerg St.
2026-03-27,158417479,19:11:00,19:13:00,Østerport St.
2026-03-27,158418876,19:16:00,19:18:00,Fredericia St.
2026-03-27,158417467,19:46:00,19:48:00,Esbjerg St.
2026-03-27,158417007,19:51:00,19:53:00,Skanderborg St.
2026-03-27,158419134,19:52:00,19:54:00,Sønderborg St.
2026-03-27,158419173,20:03:00,20:05:00,CPH Lufthavn
2026-03-27,158417127,20:04:00,20:06:00,Esbjerg St.
2026-03-27,158417439,20:11:00,20:13:00,Østerport St.
2026-03-27,158418857,20:40:00,20:43:00,Flensburg
2026-03-27,158417466,20:46:00,20:48:00,Esbjerg St.
2026-03-27,158417002,20:51:00,20:53:00,Skanderborg St.
2026-03-27,158417121,21:04:00,21:06:00,Esbjerg St.
2026-03-27,158418875,21:16:00,21:18:00,Fredericia St.
2026-03-27,158417465,21:46:00,21:48:00,Esbjerg St.
2026-03-27,158416997,21:51:00,21:53:00,Aarhus H
2026-03-27,158419126,21:52:00,21:54:00,Sønderborg St.
2026-03-27,158419905,22:03:00,22:05:00,Odense St.
2026-03-27,158417117,22:04:00,22:06:00,Esbjerg St.
2026-03-27,158420227,22:39:00,22:39:00,Kolding St.
2026-03-27,158420222,22:49:00,22:49:00,Fredericia St.
2026-03-27,158418840,23:17:00,23:19:00,Fredericia St.
2026-03-27,158417110,23:25:00,23:27:00,Esbjerg St.
2026-03-27,158417098,23:29:00,23:31:00,CPH Lufthavn
2026-03-27,158419900,24:03:00,24:05:00,Fredericia St.
2026-03-27,158419909,24:07:00,24:09:00,Sønderborg St.
2026-03-27,158417097,24:29:00,24:31:00,Fredericia St.
2026-03-27,158418865,4:40:00,4:43:00,Flensburg
2026-03-27,158417492,5:11:00,5:13:00,Østerport St.
2026-03-27,158417185,5:20:00,5:22:00,Esbjerg St.
2026-03-27,158417107,5:51:00,5:53:00,Skanderborg St.
2026-03-27,158419168,5:52:00,5:54:00,Sønderborg St.
2026-03-27,158419202,6:03:00,6:05:00,CPH Lufthavn
2026-03-27,158417491,6:11:00,6:13:00,Østerport St.
2026-03-27,158417184,6:20:00,6:22:00,Esbjerg St.
2026-03-27,158418864,6:40:00,6:43:00,Flensburg
2026-03-27,158417478,6:46:00,6:48:00,Esbjerg St.
2026-03-27,158417090,6:51:00,6:53:00,Skanderborg St.
2026-03-27,158417180,7:04:00,7:06:00,Esbjerg St.
2026-03-27,158417489,7:11:00,7:13:00,Østerport St.
2026-03-27,158418881,7:16:00,7:18:00,Fredericia St.
2026-03-27,158417475,7:46:00,7:48:00,Esbjerg St.
2026-03-27,158417079,7:51:00,7:53:00,Skanderborg St.
2026-03-27,158419164,7:52:00,7:54:00,Sønderborg St.
2026-03-27,158419199,8:03:00,8:05:00,CPH Lufthavn
2026-03-27,158417174,8:04:00,8:06:00,Esbjerg St.
2026-03-27,158417477,8:11:00,8:13:00,Østerport St.
2026-03-27,158418863,8:40:00,8:43:00,Flensburg
2026-03-27,158417464,8:46:00,8:48:00,Esbjerg St.
2026-03-27,158420632,8:53:00,8:55:00,Fredericia St.
2026-03-27,158420642,9:04:00,9:06:00,Esbjerg St.
2026-03-27,158417476,9:11:00,9:13:00,Østerport St.
2026-03-27,158418880,9:16:00,9:18:00,Fredericia St.
2026-03-27,158417462,9:46:00,9:48:00,Esbjerg St.
2026-03-27,158417072,9:51:00,9:53:00,Skanderborg St.
2026-03-27,158419159,9:52:00,9:54:00,Sønderborg St.
2026-03-28,158419194,10:03:00,10:05:00,CPH Lufthavn
2026-03-28,158417170,10:04:00,10:06:00,Esbjerg St.
2026-03-28,158417488,10:11:00,10:13:00,Østerport St.
2026-03-28,158422286,10:12:00,10:15:00,Hamburg Hbf
2026-03-28,158418862,10:40:00,10:43:00,Flensburg
2026-03-28,158417474,10:46:00,10:48:00,Esbjerg St.
2026-03-28,158417063,10:51:00,10:53:00,Skanderborg St.
2026-03-28,158417164,11:04:00,11:06:00,Esbjerg St.
2026-03-28,158417487,11:11:00,11:13:00,Østerport St.
2026-03-28,158418879,11:16:00,11:18:00,Fredericia St.
2026-03-28,158422251,11:44:00,11:46:00,København H
2026-03-28,158417473,11:46:00,11:48:00,Esbjerg St.
2026-03-28,158417052,11:51:00,11:53:00,Skanderborg St.
2026-03-28,158419154,11:52:00,11:54:00,Sønderborg St.
2026-03-28,158419190,12:03:00,12:05:00,CPH Lufthavn
2026-03-28,158417158,12:04:00,12:06:00,Esbjerg St.
2026-03-28,158417486,12:11:00,12:13:00,Østerport St.
2026-03-28,158418861,12:40:00,12:43:00,Flensburg
2026-03-28,158417461,12:46:00,12:48:00,Esbjerg St.
2026-03-28,158420629,12:53:00,12:55:00,Fredericia St.
2026-03-28,158420639,13:04:00,13:06:00,Esbjerg St.
2026-03-28,158417485,13:11:00,13:13:00,Østerport St.
2026-03-28,158418842,13:16:00,13:18:00,Fredericia St.
2026-03-28,158422271,13:44:00,13:46:00,København H
2026-03-28,158417472,13:46:00,13:48:00,Esbjerg St.
2026-03-28,158417043,13:51:00,13:53:00,Skanderborg St.
2026-03-28,158419150,13:52:00,13:54:00,Sønderborg St.
2026-03-28,158419186,14:03:00,14:05:00,CPH Lufthavn
2026-03-28,158417153,14:04:00,14:06:00,Esbjerg St.
2026-03-28,158417484,14:11:00,14:13:00,Østerport St.
2026-03-28,158418860,14:40:00,14:43:00,Flensburg
2026-03-28,158417471,14:46:00,14:48:00,Esbjerg St.
2026-03-28,158417035,14:51:00,14:53:00,Skanderborg St.
2026-03-28,158417147,15:04:00,15:06:00,Esbjerg St.
2026-03-28,158417483,15:11:00,15:13:00,Østerport St.
2026-03-28,158418878,15:16:00,15:18:00,Fredericia St.
2026-03-28,158417460,15:46:00,15:48:00,Esbjerg St.
2026-03-28,158417027,15:51:00,15:53:00,Skanderborg St.
2026-03-28,158419145,15:52:00,15:54:00,Sønderborg St.
2026-03-28,158419181,16:03:00,16:05:00,CPH Lufthavn
2026-03-28,158417142,16:04:00,16:06:00,Esbjerg St.
2026-03-28,158417482,16:11:00,16:13:00,Østerport St.
2026-03-28,158422260,16:12:00,16:15:00,Hamburg Hbf
2026-03-28,158418859,16:40:00,16:43:00,Flensburg
2026-03-28,158417470,16:46:00,16:48:00,Esbjerg St.
2026-03-28,158420626,16:53:00,16:55:00,Fredericia St.
2026-03-28,158420635,17:04:00,17:06:00,Esbjerg St.
2026-03-28,158417481,17:11:00,17:13:00,Østerport St.
2026-03-28,158418877,17:16:00,17:18:00,Fredericia St.
2026-03-28,158422272,17:44:00,17:46:00,København H
2026-03-28,158417469,17:46:00,17:48:00,Esbjerg St.
2026-03-28,158417019,17:51:00,17:53:00,Skanderborg St.
2026-03-28,158419140,17:52:00,17:54:00,Sønderborg St.
2026-03-28,158419177,18:03:00,18:05:00,CPH Lufthavn
2026-03-28,158417137,18:04:00,18:06:00,Esbjerg St.
2026-03-28,158417480,18:11:00,18:13:00,Østerport St.
2026-03-28,158422246,18:12:00,18:15:00,Hamburg Hbf
2026-03-28,158418858,18:40:00,18:43:00,Flensburg
2026-03-28,158417468,18:46:00,18:48:00,Esbjerg St.
2026-03-28,158417012,18:51:00,18:53:00,Skanderborg St.
2026-03-28,158417132,19:04:00,19:06:00,Esbjerg St.
2026-03-28,158417479,19:11:00,19:13:00,Østerport St.
2026-03-28,158418876,19:16:00,19:18:00,Fredericia St.
2026-03-28,158417467,19:46:00,19:48:00,Esbjerg St.
2026-03-28,158417007,19:51:00,19:53:00,Skanderborg St.
2026-03-28,158419134,19:52:00,19:54:00,Sønderborg St.
2026-03-28,158419173,20:03:00,20:05:00,CPH Lufthavn
2026-03-28,158417127,20:04:00,20:06:00,Esbjerg St.
2026-03-28,158417439,20:11:00,20:13:00,Østerport St.
2026-03-28,158418857,20:40:00,20:43:00,Flensburg
2026-03-28,158417466,20:46:00,20:48:00,Esbjerg St.
2026-03-28,158417002,20:51:00,20:53:00,Skanderborg St.
2026-03-28,158417121,21:04:00,21:06:00,Esbjerg St.
2026-03-28,158418875,21:16:00,21:18:00,Fredericia St.
2026-03-28,158417465,21:46:00,21:48:00,Esbjerg St.
2026-03-28,158416997,21:51:00,21:53:00,Aarhus H
2026-03-28,158419126,21:52:00,21:54:00,Sønderborg St.
2026-03-28,158419905,22:03:00,22:05:00,Odense St.
2026-03-28,158417117,22:04:00,22:06:00,Esbjerg St.
2026-03-28,158418840,23:17:00,23:19:00,Fredericia St.
2026-03-28,158417110,23:25:00,23:27:00,Esbjerg St.
2026-03-28,158417098,23:29:00,23:31:00,CPH Lufthavn
2026-03-28,158419900,24:03:00,24:05:00,Fredericia St.
2026-03-28,158419909,24:07:00,24:09:00,Sønderborg St.
2026-03-28,158417097,24:29:00,24:31:00,Fredericia St.
2026-03-28,158418865,4:40:00,4:43:00,Flensburg
2026-03-28,158417184,6:20:00,6:22:00,Esbjerg St.
2026-03-28,158418864,6:40:00,6:43:00,Flensburg
2026-03-28,158417091,6:51:00,6:53:00,Aarhus H
2026-03-28,158417180,7:04:00,7:06:00,Esbjerg St.
2026-03-28,158417489,7:11:00,7:13:00,Østerport St.
2026-03-28,158418881,7:16:00,7:18:00,Fredericia St.
2026-03-28,158417079,7:51:00,7:53:00,Skanderborg St.
2026-03-28,158419911,7:52:00,7:54:00,Sønderborg St.
2026-03-28,158419199,8:03:00,8:05:00,CPH Lufthavn
2026-03-28,158417174,8:04:00,8:06:00,Esbjerg St.
2026-03-28,158417477,8:11:00,8:13:00,Østerport St.
2026-03-28,158418863,8:40:00,8:43:00,Flensburg
2026-03-28,158417463,8:46:00,8:48:00,Esbjerg St.
2026-03-28,158420632,8:53:00,8:55:00,Fredericia St.
2026-03-28,158420642,9:04:00,9:06:00,Esbjerg St.
2026-03-28,158417476,9:11:00,9:13:00,Østerport St.
2026-03-28,158418880,9:16:00,9:18:00,Fredericia St.
2026-03-28,158417459,9:46:00,9:48:00,Esbjerg St.
2026-03-28,158417072,9:51:00,9:53:00,Skanderborg St.
2026-03-28,158419159,9:52:00,9:54:00,Sønderborg St.
2026-03-29,158419194,10:03:00,10:05:00,CPH Lufthavn
2026-03-29,158417170,10:04:00,10:06:00,Esbjerg St.
2026-03-29,158417488,10:11:00,10:13:00,Østerport St.
2026-03-29,158422286,10:12:00,10:15:00,Hamburg Hbf
2026-03-29,158418862,10:40:00,10:43:00,Flensburg
2026-03-29,158417474,10:46:00,10:48:00,Esbjerg St.
2026-03-29,158417063,10:51:00,10:53:00,Skanderborg St.
2026-03-29,158417164,11:04:00,11:06:00,Esbjerg St.
2026-03-29,158417487,11:11:00,11:13:00,Østerport St.
2026-03-29,158418879,11:16:00,11:18:00,Fredericia St.
2026-03-29,158422251,11:44:00,11:46:00,København H
2026-03-29,158417473,11:46:00,11:48:00,Esbjerg St.
2026-03-29,158417052,11:51:00,11:53:00,Skanderborg St.
2026-03-29,158419154,11:52:00,11:54:00,Sønderborg St.
2026-03-29,158419190,12:03:00,12:05:00,CPH Lufthavn
2026-03-29,158417158,12:04:00,12:06:00,Esbjerg St.
2026-03-29,158417486,12:11:00,12:13:00,Østerport St.
2026-03-29,158418861,12:40:00,12:43:00,Flensburg
2026-03-29,158417461,12:46:00,12:48:00,Esbjerg St.
2026-03-29,158420629,12:53:00,12:55:00,Fredericia St.
2026-03-29,158420639,13:04:00,13:06:00,Esbjerg St.
2026-03-29,158417485,13:11:00,13:13:00,Østerport St.
2026-03-29,158418842,13:16:00,13:18:00,Fredericia St.
2026-03-29,158422271,13:44:00,13:46:00,København H
2026-03-29,158417472,13:46:00,13:48:00,Esbjerg St.
2026-03-29,158417043,13:51:00,13:53:00,Skanderborg St.
2026-03-29,158419150,13:52:00,13:54:00,Sønderborg St.
2026-03-29,158419186,14:03:00,14:05:00,CPH Lufthavn
2026-03-29,158417153,14:04:00,14:06:00,Esbjerg St.
2026-03-29,158417484,14:11:00,14:13:00,Østerport St.
2026-03-29,158418860,14:40:00,14:43:00,Flensburg
2026-03-29,158417471,14:46:00,14:48:00,Esbjerg St.
2026-03-29,158417035,14:51:00,14:53:00,Skanderborg St.
2026-03-29,158417147,15:04:00,15:06:00,Esbjerg St.
2026-03-29,158417483,15:11:00,15:13:00,Østerport St.
2026-03-29,158418878,15:16:00,15:18:00,Fredericia St.
2026-03-29,158417460,15:46:00,15:48:00,Esbjerg St.
2026-03-29,158417027,15:51:00,15:53:00,Skanderborg St.
2026-03-29,158419145,15:52:00,15:54:00,Sønderborg St.
2026-03-29,158419181,16:03:00,16:05:00,CPH Lufthavn
2026-03-29,158417142,16:04:00,16:06:00,Esbjerg St.
2026-03-29,158417482,16:11:00,16:13:00,Østerport St.
2026-03-29,158422260,16:12:00,16:15:00,Hamburg Hbf
2026-03-29,158418859,16:40:00,16:43:00,Flensburg
2026-03-29,158417470,16:46:00,16:48:00,Esbjerg St.
2026-03-29,158420626,16:53:00,16:55:00,Fredericia St.
2026-03-29,158420635,17:04:00,17:06:00,Esbjerg St.
2026-03-29,158417481,17:11:00,17:13:00,Østerport St.
2026-03-29,158418877,17:16:00,17:18:00,Fredericia St.
2026-03-29,158422272,17:44:00,17:46:00,København H
2026-03-29,158417469,17:46:00,17:48:00,Esbjerg St.
2026-03-29,158417019,17:51:00,17:53:00,Skanderborg St.
2026-03-29,158419140,17:52:00,17:54:00,Sønderborg St.
2026-03-29,158419177,18:03:00,18:05:00,CPH Lufthavn
2026-03-29,158417137,18:04:00,18:06:00,Esbjerg St.
2026-03-29,158417480,18:11:00,18:13:00,Østerport St.
2026-03-29,158422246,18:12:00,18:15:00,Hamburg Hbf
2026-03-29,158418858,18:40:00,18:43:00,Flensburg
2026-03-29,158417468,18:46:00,18:48:00,Esbjerg St.
2026-03-29,158417012,18:51:00,18:53:00,Skanderborg St.
2026-03-29,158417132,19:04:00,19:06:00,Esbjerg St.
2026-03-29,158417479,19:11:00,19:13:00,Østerport St.
2026-03-29,158418876,19:16:00,19:18:00,Fredericia St.
2026-03-29,158417467,19:46:00,19:48:00,Esbjerg St.
2026-03-29,158417007,19:51:00,19:53:00,Skanderborg St.
2026-03-29,158419134,19:52:00,19:54:00,Sønderborg St.
2026-03-29,158419173,20:03:00,20:05:00,CPH Lufthavn
2026-03-29,158417127,20:04:00,20:06:00,Esbjerg St.
2026-03-29,158417440,20:11:00,20:13:00,København H
2026-03-29,158418857,20:40:00,20:43:00,Flensburg
2026-03-29,158417466,20:46:00,20:48:00,Esbjerg St.
2026-03-29,158417002,20:51:00,20:53:00,Skanderborg St.
2026-03-29,158417121,21:04:00,21:06:00,Esbjerg St.
2026-03-29,158418875,21:16:00,21:18:00,Fredericia St.
2026-03-29,158417465,21:46:00,21:48:00,Esbjerg St.
2026-03-29,158416997,21:51:00,21:53:00,Aarhus H
2026-03-29,158419126,21:52:00,21:54:00,Sønderborg St.
2026-03-29,158419905,22:03:00,22:05:00,Odense St.
2026-03-29,158417117,22:04:00,22:06:00,Esbjerg St.
2026-03-29,158418840,23:17:00,23:19:00,Fredericia St.
2026-03-29,158417110,23:25:00,23:27:00,Esbjerg St.
2026-03-29,158417104,23:29:00,23:31:00,Fredericia St.
2026-03-29,158419900,24:03:00,24:05:00,Fredericia St.
2026-03-29,158419909,24:07:00,24:09:00,Sønderborg St.
2026-03-29,158417097,24:29:00,24:31:00,Fredericia St.
2026-03-29,158417184,6:20:00,6:22:00,Esbjerg St.
2026-03-29,158418864,6:40:00,6:43:00,Flensburg
2026-03-29,158417091,6:51:00,6:53:00,Aarhus H
2026-03-29,158417180,7:04:00,7:06:00,Esbjerg St.
2026-03-29,158417489,7:11:00,7:13:00,Østerport St.
2026-03-29,158417079,7:51:00,7:53:00,Skanderborg St.
2026-03-29,158419911,7:52:00,7:54:00,Sønderborg St.
2026-03-29,158419199,8:03:00,8:05:00,CPH Lufthavn
2026-03-29,158417174,8:04:00,8:06:00,Esbjerg St.
2026-03-29,158417477,8:11:00,8:13:00,Østerport St.
2026-03-29,158418863,8:40:00,8:43:00,Flensburg
2026-03-29,158417463,8:46:00,8:48:00,Esbjerg St.
2026-03-29,158420632,8:53:00,8:55:00,Fredericia St.
2026-03-29,158420642,9:04:00,9:06:00,Esbjerg St.
2026-03-29,158417476,9:11:00,9:13:00,Østerport St.
2026-03-29,158418880,9:16:00,9:18:00,Fredericia St.
2026-03-29,158417459,9:46:00,9:48:00,Esbjerg St.
2026-03-29,158417072,9:51:00,9:53:00,Skanderborg St.
2026-03-29,158419159,9:52:00,9:54:00,Sønderborg St.
2026-03-30,158419194,10:03:00,10:05:00,CPH Lufthavn
2026-03-30,158417170,10:04:00,10:06:00,Esbjerg St.
2026-03-30,158417488,10:11:00,10:13:00,Østerport St.
2026-03-30,158418862,10:40:00,10:43:00,Flensburg
2026-03-30,158417474,10:46:00,10:48:00,Esbjerg St.
2026-03-30,158417063,10:51:00,10:53:00,Skanderborg St.
2026-03-30,158417164,11:04:00,11:06:00,Esbjerg St.
2026-03-30,158417487,11:11:00,11:13:00,Østerport St.
2026-03-30,158418879,11:16:00,11:18:00,Fredericia St.
2026-03-30,158422251,11:44:00,11:46:00,København H
2026-03-30,158417473,11:46:00,11:48:00,Esbjerg St.
2026-03-30,158417052,11:51:00,11:53:00,Skanderborg St.
2026-03-30,158419154,11:52:00,11:54:00,Sønderborg St.
2026-03-30,158419190,12:03:00,12:05:00,CPH Lufthavn
2026-03-30,158417158,12:04:00,12:06:00,Esbjerg St.
2026-03-30,158417486,12:11:00,12:13:00,Østerport St.
2026-03-30,158418861,12:40:00,12:43:00,Flensburg
2026-03-30,158417461,12:46:00,12:48:00,Esbjerg St.
2026-03-30,158420629,12:53:00,12:55:00,Fredericia St.
2026-03-30,158420639,13:04:00,13:06:00,Esbjerg St.
2026-03-30,158417485,13:11:00,13:13:00,Østerport St.
2026-03-30,158418842,13:16:00,13:18:00,Fredericia St.
2026-03-30,158422271,13:44:00,13:46:00,København H
2026-03-30,158417472,13:46:00,13:48:00,Esbjerg St.
2026-03-30,158417043,13:51:00,13:53:00,Skanderborg St.
2026-03-30,158419150,13:52:00,13:54:00,Sønderborg St.
2026-03-30,158419186,14:03:00,14:05:00,CPH Lufthavn
2026-03-30,158417153,14:04:00,14:06:00,Esbjerg St.
2026-03-30,158417484,14:11:00,14:13:00,Østerport St.
2026-03-30,158418860,14:40:00,14:43:00,Flensburg
2026-03-30,158417471,14:46:00,14:48:00,Esbjerg St.
2026-03-30,158417035,14:51:00,14:53:00,Skanderborg St.
2026-03-30,158417147,15:04:00,15:06:00,Esbjerg St.
2026-03-30,158417483,15:11:00,15:13:00,Østerport St.
2026-03-30,158418878,15:16:00,15:18:00,Fredericia St.
2026-03-30,158417460,15:46:00,15:48:00,Esbjerg St.
2026-03-30,158417027,15:51:00,15:53:00,Skanderborg St.
2026-03-30,158419145,15:52:00,15:54:00,Sønderborg St.
2026-03-30,158419181,16:03:00,16:05:00,CPH Lufthavn
2026-03-30,158417142,16:04:00,16:06:00,Esbjerg St.
2026-03-30,158417482,16:11:00,16:13:00,Østerport St.
2026-03-30,158422260,16:12:00,16:15:00,Hamburg Hbf
2026-03-30,158418859,16:40:00,16:43:00,Flensburg
2026-03-30,158417470,16:46:00,16:48:00,Esbjerg St.
2026-03-30,158420626,16:53:00,16:55:00,Fredericia St.
2026-03-30,158420635,17:04:00,17:06:00,Esbjerg St.
2026-03-30,158417481,17:11:00,17:13:00,Østerport St.
2026-03-30,158418877,17:16:00,17:18:00,Fredericia St.
2026-03-30,158417469,17:46:00,17:48:00,Esbjerg St.
2026-03-30,158417019,17:51:00,17:53:00,Skanderborg St.
2026-03-30,158419140,17:52:00,17:54:00,Sønderborg St.
2026-03-30,158419177,18:03:00,18:05:00,CPH Lufthavn
2026-03-30,158417137,18:04:00,18:06:00,Esbjerg St.
2026-03-30,158417480,18:11:00,18:13:00,Østerport St.
2026-03-30,158422246,18:12:00,18:15:00,Hamburg Hbf
2026-03-30,158418858,18:40:00,18:43:00,Flensburg
2026-03-30,158417468,18:46:00,18:48:00,Esbjerg St.
2026-03-30,158417012,18:51:00,18:53:00,Skanderborg St.
2026-03-30,158417132,19:04:00,19:06:00,Esbjerg St.
2026-03-30,158417479,19:11:00,19:13:00,Østerport St.
2026-03-30,158418876,19:16:00,19:18:00,Fredericia St.
2026-03-30,158417467,19:46:00,19:48:00,Esbjerg St.
2026-03-30,158417007,19:51:00,19:53:00,Skanderborg St.
2026-03-30,158419134,19:52:00,19:54:00,Sønderborg St.
2026-03-30,158419173,20:03:00,20:05:00,CPH Lufthavn
2026-03-30,158417127,20:04:00,20:06:00,Esbjerg St.
2026-03-30,158417439,20:11:00,20:13:00,Østerport St.
2026-03-30,158418857,20:40:00,20:43:00,Flensburg
2026-03-30,158417466,20:46:00,20:48:00,Esbjerg St.
2026-03-30,158417002,20:51:00,20:53:00,Skanderborg St.
2026-03-30,158417121,21:04:00,21:06:00,Esbjerg St.
2026-03-30,158418875,21:16:00,21:18:00,Fredericia St.
2026-03-30,158417465,21:46:00,21:48:00,Esbjerg St.
2026-03-30,158416997,21:51:00,21:53:00,Aarhus H
2026-03-30,158419126,21:52:00,21:54:00,Sønderborg St.
2026-03-30,158419905,22:03:00,22:05:00,Odense St.
2026-03-30,158417117,22:04:00,22:06:00,Esbjerg St.
2026-03-30,158420227,22:39:00,22:39:00,Kolding St.
2026-03-30,158420222,22:49:00,22:49:00,Fredericia St.
2026-03-30,158418840,23:17:00,23:19:00,Fredericia St.
2026-03-30,158417110,23:25:00,23:27:00,Esbjerg St.
2026-03-30,158417104,23:29:00,23:31:00,Fredericia St.
2026-03-30,158419900,24:03:00,24:05:00,Fredericia St.
2026-03-30,158419909,24:07:00,24:09:00,Sønderborg St.
2026-03-30,158417097,24:29:00,24:31:00,Fredericia St.
2026-03-30,158418865,4:40:00,4:43:00,Flensburg
2026-03-30,158417492,5:11:00,5:13:00,Østerport St.
2026-03-30,158417185,5:20:00,5:22:00,Esbjerg St.
2026-03-30,158417107,5:51:00,5:53:00,Skanderborg St.
2026-03-30,158419168,5:52:00,5:54:00,Sønderborg St.
2026-03-30,158419202,6:03:00,6:05:00,CPH Lufthavn
2026-03-30,158417491,6:11:00,6:13:00,Østerport St.
2026-03-30,158417184,6:20:00,6:22:00,Esbjerg St.
2026-03-30,158418864,6:40:00,6:43:00,Flensburg
2026-03-30,158417478,6:46:00,6:48:00,Esbjerg St.
2026-03-30,158417090,6:51:00,6:53:00,Skanderborg St.
2026-03-30,158417180,7:04:00,7:06:00,Esbjerg St.
2026-03-30,158417489,7:11:00,7:13:00,Østerport St.
2026-03-30,158418881,7:16:00,7:18:00,Fredericia St.
2026-03-30,158417475,7:46:00,7:48:00,Esbjerg St.
2026-03-30,158417079,7:51:00,7:53:00,Skanderborg St.
2026-03-30,158419164,7:52:00,7:54:00,Sønderborg St.
2026-03-30,158419199,8:03:00,8:05:00,CPH Lufthavn
2026-03-30,158417174,8:04:00,8:06:00,Esbjerg St.
2026-03-30,158417477,8:11:00,8:13:00,Østerport St.
2026-03-30,158418863,8:40:00,8:43:00,Flensburg
2026-03-30,158417464,8:46:00,8:48:00,Esbjerg St.
2026-03-30,158420632,8:53:00,8:55:00,Fredericia St.
2026-03-30,158420642,9:04:00,9:06:00,Esbjerg St.
2026-03-30,158417476,9:11:00,9:13:00,Østerport St.
2026-03-30,158418880,9:16:00,9:18:00,Fredericia St.
2026-03-30,158417462,9:46:00,9:48:00,Esbjerg St.
2026-03-30,158417072,9:51:00,9:53:00,Skanderborg St.
2026-03-30,158419159,9:52:00,9:54:00,Sønderborg St.
2026-03-31,158419194,10:03:00,10:05:00,CPH Lufthavn
2026-03-31,158417170,10:04:00,10:06:00,Esbjerg St.
2026-03-31,158417488,10:11:00,10:13:00,Østerport St.
2026-03-31,158422286,10:12:00,10:15:00,Hamburg Hbf
2026-03-31,158418862,10:40:00,10:43:00,Flensburg
2026-03-31,158417474,10:46:00,10:48:00,Esbjerg St.
2026-03-31,158417063,10:51:00,10:53:00,Skanderborg St.
2026-03-31,158417164,11:04:00,11:06:00,Esbjerg St.
2026-03-31,158417487,11:11:00,11:13:00,Østerport St.
2026-03-31,158418879,11:16:00,11:18:00,Fredericia St.
2026-03-31,158422251,11:44:00,11:46:00,København H
2026-03-31,158417473,11:46:00,11:48:00,Esbjerg St.
2026-03-31,158417052,11:51:00,11:53:00,Skanderborg St.
2026-03-31,158419154,11:52:00,11:54:00,Sønderborg St.
2026-03-31,158419190,12:03:00,12:05:00,CPH Lufthavn
2026-03-31,158417158,12:04:00,12:06:00,Esbjerg St.
2026-03-31,158417486,12:11:00,12:13:00,Østerport St.
2026-03-31,158418861,12:40:00,12:43:00,Flensburg
2026-03-31,158417461,12:46:00,12:48:00,Esbjerg St.
2026-03-31,158420629,12:53:00,12:55:00,Fredericia St.
2026-03-31,158420639,13:04:00,13:06:00,Esbjerg St.
2026-03-31,158417485,13:11:00,13:13:00,Østerport St.
2026-03-31,158418842,13:16:00,13:18:00,Fredericia St.
2026-03-31,158422271,13:44:00,13:46:00,København H
2026-03-31,158417472,13:46:00,13:48:00,Esbjerg St.
2026-03-31,158417043,13:51:00,13:53:00,Skanderborg St.
2026-03-31,158419150,13:52:00,13:54:00,Sønderborg St.
2026-03-31,158419186,14:03:00,14:05:00,CPH Lufthavn
2026-03-31,158417153,14:04:00,14:06:00,Esbjerg St.
2026-03-31,158417484,14:11:00,14:13:00,Østerport St.
2026-03-31,158418860,14:40:00,14:43:00,Flensburg
2026-03-31,158417471,14:46:00,14:48:00,Esbjerg St.
2026-03-31,158417035,14:51:00,14:53:00,Skanderborg St.
2026-03-31,158417147,15:04:00,15:06:00,Esbjerg St.
2026-03-31,158417483,15:11:00,15:13:00,Østerport St.
2026-03-31,158418878,15:16:00,15:18:00,Fredericia St.
2026-03-31,158417460,15:46:00,15:48:00,Esbjerg St.
2026-03-31,158417027,15:51:00,15:53:00,Skanderborg St.
2026-03-31,158419145,15:52:00,15:54:00,Sønderborg St.
2026-03-31,158419181,16:03:00,16:05:00,CPH Lufthavn
2026-03-31,158417142,16:04:00,16:06:00,Esbjerg St.
2026-03-31,158417482,16:11:00,16:13:00,Østerport St.
2026-03-31,158422260,16:12:00,16:15:00,Hamburg Hbf
2026-03-31,158418859,16:40:00,16:43:00,Flensburg
2026-03-31,158417470,16:46:00,16:48:00,Esbjerg St.
2026-03-31,158420626,16:53:00,16:55:00,Fredericia St.
2026-03-31,158420635,17:04:00,17:06:00,Esbjerg St.
2026-03-31,158417481,17:11:00,17:13:00,Østerport St.
2026-03-31,158418877,17:16:00,17:18:00,Fredericia St.
2026-03-31,158422272,17:44:00,17:46:00,København H
2026-03-31,158417469,17:46:00,17:48:00,Esbjerg St.
2026-03-31,158417019,17:51:00,17:53:00,Skanderborg St.
2026-03-31,158419140,17:52:00,17:54:00,Sønderborg St.
2026-03-31,158419177,18:03:00,18:05:00,CPH Lufthavn
2026-03-31,158417137,18:04:00,18:06:00,Esbjerg St.
2026-03-31,158417480,18:11:00,18:13:00,Østerport St.
2026-03-31,158422246,18:12:00,18:15:00,Hamburg Hbf
2026-03-31,158418858,18:40:00,18:43:00,Flensburg
2026-03-31,158417468,18:46:00,18:48:00,Esbjerg St.
2026-03-31,158417012,18:51:00,18:53:00,Skanderborg St.
2026-03-31,158417132,19:04:00,19:06:00,Esbjerg St.
2026-03-31,158417479,19:11:00,19:13:00,Østerport St.
2026-03-31,158418876,19:16:00,19:18:00,Fredericia St.
2026-03-31,158417467,19:46:00,19:48:00,Esbjerg St.
2026-03-31,158417007,19:51:00,19:53:00,Skanderborg St.
2026-03-31,158419134,19:52:00,19:54:00,Sønderborg St.
2026-03-31,158419173,20:03:00,20:05:00,CPH Lufthavn
2026-03-31,158417127,20:04:00,20:06:00,Esbjerg St.
2026-03-31,158417439,20:11:00,20:13:00,Østerport St.
2026-03-31,158418857,20:40:00,20:43:00,Flensburg
2026-03-31,158417466,20:46:00,20:48:00,Esbjerg St.
2026-03-31,158417002,20:51:00,20:53:00,Skanderborg St.
2026-03-31,158417121,21:04:00,21:06:00,Esbjerg St.
2026-03-31,158418875,21:16:00,21:18:00,Fredericia St.
2026-03-31,158417465,21:46:00,21:48:00,Esbjerg St.
2026-03-31,158416997,21:51:00,21:53:00,Aarhus H
2026-03-31,158419126,21:52:00,21:54:00,Sønderborg St.
2026-03-31,158419905,22:03:00,22:05:00,Odense St.
2026-03-31,158417117,22:04:00,22:06:00,Esbjerg St.
2026-03-31,158420227,22:39:00,22:39:00,Kolding St.
2026-03-31,158420222,22:49:00,22:49:00,Fredericia St.
2026-03-31,158418840,23:17:00,23:19:00,Fredericia St.
2026-03-31,158417110,23:25:00,23:27:00,Esbjerg St.
2026-03-31,158417104,23:29:00,23:31:00,Fredericia St.
2026-03-31,158419900,24:03:00,24:05:00,Fredericia St.
2026-03-31,158419909,24:07:00,24:09:00,Sønderborg St.
2026-03-31,158417097,24:29:00,24:31:00,Fredericia St.
2026-03-31,158418865,4:40:00,4:43:00,Flensburg
2026-03-31,158417492,5:11:00,5:13:00,Østerport St.
2026-03-31,158417185,5:20:00,5:22:00,Esbjerg St.
2026-03-31,158417107,5:51:00,5:53:00,Skanderborg St.
2026-03-31,158419168,5:52:00,5:54:00,Sønderborg St.
2026-03-31,158419202,6:03:00,6:05:00,CPH Lufthavn
2026-03-31,158417491,6:11:00,6:13:00,Østerport St.
2026-03-31,158417184,6:20:00,6:22:00,Esbjerg St.
2026-03-31,158418864,6:40:00,6:43:00,Flensburg
2026-03-31,158417478,6:46:00,6:48:00,Esbjerg St.
2026-03-31,158417090,6:51:00,6:53:00,Skanderborg St.
2026-03-31,158417180,7:04:00,7:06:00,Esbjerg St.
2026-03-31,158417489,7:11:00,7:13:00,Østerport St.
2026-03-31,158418881,7:16:00,7:18:00,Fredericia St.
2026-03-31,158417475,7:46:00,7:48:00,Esbjerg St.
2026-03-31,158417079,7:51:00,7:53:00,Skanderborg St.
2026-03-31,158419164,7:52:00,7:54:00,Sønderborg St.
2026-03-31,158419199,8:03:00,8:05:00,CPH Lufthavn
2026-03-31,158417174,8:04:00,8:06:00,Esbjerg St.
2026-03-31,158417477,8:11:00,8:13:00,Østerport St.
2026-03-31,158418863,8:40:00,8:43:00,Flensburg
2026-03-31,158417464,8:46:00,8:48:00,Esbjerg St.
2026-03-31,158420632,8:53:00,8:55:00,Fredericia St.
2026-03-31,158420642,9:04:00,9:06:00,Esbjerg St.
2026-03-31,158417476,9:11:00,9:13:00,Østerport St.
2026-03-31,158418880,9:16:00,9:18:00,Fredericia St.
2026-03-31,158417462,9:46:00,9:48:00,Esbjerg St.
2026-03-31,158417072,9:51:00,9:53:00,Skanderborg St.
2026-03-31,158419159,9:52:00,9:54:00,Sønderborg St.
2026-04-01,158419194,10:03:00,10:05:00,CPH Lufthavn
2026-04-01,158417170,10:04:00,10:06:00,Esbjerg St.
2026-04-01,158417488,10:11:00,10:13:00,Østerport St.
2026-04-01,158418862,10:40:00,10:43:00,Flensburg
2026-04-01,158417474,10:46:00,10:48:00,Esbjerg St.
2026-04-01,158417063,10:51:00,10:53:00,Skanderborg St.
2026-04-01,158417164,11:04:00,11:06:00,Esbjerg St.
2026-04-01,158417487,11:11:00,11:13:00,Østerport St.
2026-04-01,158418879,11:16:00,11:18:00,Fredericia St.
2026-04-01,158422251,11:44:00,11:46:00,København H
2026-04-01,158417473,11:46:00,11:48:00,Esbjerg St.
2026-04-01,158417052,11:51:00,11:53:00,Skanderborg St.
2026-04-01,158419154,11:52:00,11:54:00,Sønderborg St.
2026-04-01,158419190,12:03:00,12:05:00,CPH Lufthavn
2026-04-01,158417158,12:04:00,12:06:00,Esbjerg St.
2026-04-01,158417486,12:11:00,12:13:00,Østerport St.
2026-04-01,158418861,12:40:00,12:43:00,Flensburg
2026-04-01,158417461,12:46:00,12:48:00,Esbjerg St.
2026-04-01,158420629,12:53:00,12:55:00,Fredericia St.
2026-04-01,158420639,13:04:00,13:06:00,Esbjerg St.
2026-04-01,158417485,13:11:00,13:13:00,Østerport St.
2026-04-01,158418842,13:16:00,13:18:00,Fredericia St.
2026-04-01,158422271,13:44:00,13:46:00,København H
2026-04-01,158417472,13:46:00,13:48:00,Esbjerg St.
2026-04-01,158417043,13:51:00,13:53:00,Skanderborg St.
2026-04-01,158419150,13:52:00,13:54:00,Sønderborg St.
2026-04-01,158419186,14:03:00,14:05:00,CPH Lufthavn
2026-04-01,158417153,14:04:00,14:06:00,Esbjerg St.
2026-04-01,158417484,14:11:00,14:13:00,Østerport St.
2026-04-01,158418860,14:40:00,14:43:00,Flensburg
2026-04-01,158417471,14:46:00,14:48:00,Esbjerg St.
2026-04-01,158417035,14:51:00,14:53:00,Skanderborg St.
2026-04-01,158417147,15:04:00,15:06:00,Esbjerg St.
2026-04-01,158417483,15:11:00,15:13:00,Østerport St.
2026-04-01,158418878,15:16:00,15:18:00,Fredericia St.
2026-04-01,158417460,15:46:00,15:48:00,Esbjerg St.
2026-04-01,158417027,15:51:00,15:53:00,Skanderborg St.
2026-04-01,158419145,15:52:00,15:54:00,Sønderborg St.
2026-04-01,158419181,16:03:00,16:05:00,CPH Lufthavn
2026-04-01,158417142,16:04:00,16:06:00,Esbjerg St.
2026-04-01,158417482,16:11:00,16:13:00,Østerport St.
2026-04-01,158422260,16:12:00,16:15:00,Hamburg Hbf
2026-04-01,158418859,16:40:00,16:43:00,Flensburg
2026-04-01,158417470,16:46:00,16:48:00,Esbjerg St.
2026-04-01,158420626,16:53:00,16:55:00,Fredericia St.
2026-04-01,158420635,17:04:00,17:06:00,Esbjerg St.
2026-04-01,158417481,17:11:00,17:13:00,Østerport St.
2026-04-01,158418877,17:16:00,17:18:00,Fredericia St.
2026-04-01,158417469,17:46:00,17:48:00,Esbjerg St.
2026-04-01,158417019,17:51:00,17:53:00,Skanderborg St.
2026-04-01,158419140,17:52:00,17:54:00,Sønderborg St.
2026-04-01,158419177,18:03:00,18:05:00,CPH Lufthavn
2026-04-01,158417137,18:04:00,18:06:00,Esbjerg St.
2026-04-01,158417480,18:11:00,18:13:00,Østerport St.
2026-04-01,158422246,18:12:00,18:15:00,Hamburg Hbf
2026-04-01,158418858,18:40:00,18:43:00,Flensburg
2026-04-01,158417468,18:46:00,18:48:00,Esbjerg St.
2026-04-01,158417012,18:51:00,18:53:00,Skanderborg St.
2026-04-01,158417132,19:04:00,19:06:00,Esbjerg St.
2026-04-01,158417479,19:11:00,19:13:00,Østerport St.
2026-04-01,158418876,19:16:00,19:18:00,Fredericia St.
2026-04-01,158417467,19:46:00,19:48:00,Esbjerg St.
2026-04-01,158417007,19:51:00,19:53:00,Skanderborg St.
2026-04-01,158419134,19:52:00,19:54:00,Sønderborg St.
2026-04-01,158419173,20:03:00,20:05:00,CPH Lufthavn
2026-04-01,158417127,20:04:00,20:06:00,Esbjerg St.
2026-04-01,158417439,20:11:00,20:13:00,Østerport St.
2026-04-01,158418857,20:40:00,20:43:00,Flensburg
2026-04-01,158417466,20:46:00,20:48:00,Esbjerg St.
2026-04-01,158417002,20:51:00,20:53:00,Skanderborg St.
2026-04-01,158417121,21:04:00,21:06:00,Esbjerg St.
2026-04-01,158418875,21:16:00,21:18:00,Fredericia St.
2026-04-01,158417465,21:46:00,21:48:00,Esbjerg St.
2026-04-01,158416997,21:51:00,21:53:00,Aarhus H
2026-04-01,158419126,21:52:00,21:54:00,Sønderborg St.
2026-04-01,158419905,22:03:00,22:05:00,Odense St.
2026-04-01,158417117,22:04:00,22:06:00,Esbjerg St.
2026-04-01,158420227,22:39:00,22:39:00,Kolding St.
2026-04-01,158420222,22:49:00,22:49:00,Fredericia St.
2026-04-01,158418840,23:17:00,23:19:00,Fredericia St.
2026-04-01,158417110,23:25:00,23:27:00,Esbjerg St.
2026-04-01,158417104,23:29:00,23:31:00,Fredericia St.
2026-04-01,158419900,24:03:00,24:05:00,Fredericia St.
2026-04-01,158419909,24:07:00,24:09:00,Sønderborg St.
2026-04-01,158417097,24:29:00,24:31:00,Fredericia St.
2026-04-01,158418865,4:40:00,4:43:00,Flensburg
2026-04-01,158417492,5:11:00,5:13:00,Østerport St.
2026-04-01,158417185,5:20:00,5:22:00,Esbjerg St.
2026-04-01,158417107,5:51:00,5:53:00,Skanderborg St.
2026-04-01,158419168,5:52:00,5:54:00,Sønderborg St.
2026-04-01,158419202,6:03:00,6:05:00,CPH Lufthavn
2026-04-01,158417491,6:11:00,6:13:00,Østerport St.
2026-04-01,158417184,6:20:00,6:22:00,Esbjerg St.
2026-04-01,158418864,6:40:00,6:43:00,Flensburg
2026-04-01,158417478,6:46:00,6:48:00,Esbjerg St.
2026-04-01,158417090,6:51:00,6:53:00,Skanderborg St.
2026-04-01,158417180,7:04:00,7:06:00,Esbjerg St.
2026-04-01,158417489,7:11:00,7:13:00,Østerport St.
2026-04-01,158418881,7:16:00,7:18:00,Fredericia St.
2026-04-01,158417475,7:46:00,7:48:00,Esbjerg St.
2026-04-01,158417079,7:51:00,7:53:00,Skanderborg St.
2026-04-01,158419164,7:52:00,7:54:00,Sønderborg St.
2026-04-01,158419199,8:03:00,8:05:00,CPH Lufthavn
2026-04-01,158417174,8:04:00,8:06:00,Esbjerg St.
2026-04-01,158417477,8:11:00,8:13:00,Østerport St.
2026-04-01,158418863,8:40:00,8:43:00,Flensburg
2026-04-01,158417464,8:46:00,8:48:00,Esbjerg St.
2026-04-01,158420632,8:53:00,8:55:00,Fredericia St.
2026-04-01,158420642,9:04:00,9:06:00,Esbjerg St.
2026-04-01,158417476,9:11:00,9:13:00,Østerport St.
2026-04-01,158418880,9:16:00,9:18:00,Fredericia St.
2026-04-01,158417462,9:46:00,9:48:00,Esbjerg St.
2026-04-01,158417072,9:51:00,9:53:00,Skanderborg St.
2026-04-01,158419159,9:52:00,9:54:00,Sønderborg St.
2026-04-02,158419194,10:03:00,10:05:00,CPH Lufthavn
2026-04-02,158417170,10:04:00,10:06:00,Esbjerg St.
2026-04-02,158417488,10:11:00,10:13:00,Østerport St.
2026-04-02,158418862,10:40:00,10:43:00,Flensburg
2026-04-02,158417474,10:46:00,10:48:00,Esbjerg St.
2026-04-02,158417063,10:51:00,10:53:00,Skanderborg St.
2026-04-02,158417164,11:04:00,11:06:00,Esbjerg St.
2026-04-02,158417487,11:11:00,11:13:00,Østerport St.
2026-04-02,158418879,11:16:00,11:18:00,Fredericia St.
2026-04-02,158422251,11:44:00,11:46:00,København H
2026-04-02,158417473,11:46:00,11:48:00,Esbjerg St.
2026-04-02,158417052,11:51:00,11:53:00,Skanderborg St.
2026-04-02,158419154,11:52:00,11:54:00,Sønderborg St.
2026-04-02,158419190,12:03:00,12:05:00,CPH Lufthavn
2026-04-02,158417158,12:04:00,12:06:00,Esbjerg St.
2026-04-02,158417486,12:11:00,12:13:00,Østerport St.
2026-04-02,158418861,12:40:00,12:43:00,Flensburg
2026-04-02,158417461,12:46:00,12:48:00,Esbjerg St.
2026-04-02,158420629,12:53:00,12:55:00,Fredericia St.
2026-04-02,158420639,13:04:00,13:06:00,Esbjerg St.
2026-04-02,158417485,13:11:00,13:13:00,Østerport St.
2026-04-02,158418842,13:16:00,13:18:00,Fredericia St.
2026-04-02,158422271,13:44:00,13:46:00,København H
2026-04-02,158417472,13:46:00,13:48:00,Esbjerg St.
2026-04-02,158417043,13:51:00,13:53:00,Skanderborg St.
2026-04-02,158419150,13:52:00,13:54:00,Sønderborg St.
2026-04-02,158419186,14:03:00,14:05:00,CPH Lufthavn
2026-04-02,158417153,14:04:00,14:06:00,Esbjerg St.
2026-04-02,158417484,14:11:00,14:13:00,Østerport St.
2026-04-02,158418860,14:40:00,14:43:00,Flensburg
2026-04-02,158417471,14:46:00,14:48:00,Esbjerg St.
2026-04-02,158417035,14:51:00,14:53:00,Skanderborg St.
2026-04-02,158417147,15:04:00,15:06:00,Esbjerg St.
2026-04-02,158417483,15:11:00,15:13:00,Østerport St.
2026-04-02,158418878,15:16:00,15:18:00,Fredericia St.
2026-04-02,158417460,15:46:00,15:48:00,Esbjerg St.
2026-04-02,158417027,15:51:00,15:53:00,Skanderborg St.
2026-04-02,158419145,15:52:00,15:54:00,Sønderborg St.
2026-04-02,158419181,16:03:00,16:05:00,CPH Lufthavn
2026-04-02,158417142,16:04:00,16:06:00,Esbjerg St.
2026-04-02,158417482,16:11:00,16:13:00,Østerport St.
2026-04-02,158422260,16:12:00,16:15:00,Hamburg Hbf
2026-04-02,158418859,16:40:00,16:43:00,Flensburg
2026-04-02,158417470,16:46:00,16:48:00,Esbjerg St.
2026-04-02,158420626,16:53:00,16:55:00,Fredericia St.
2026-04-02,158420635,17:04:00,17:06:00,Esbjerg St.
2026-04-02,158417481,17:11:00,17:13:00,Østerport St.
2026-04-02,158418877,17:16:00,17:18:00,Fredericia St.
2026-04-02,158417469,17:46:00,17:48:00,Esbjerg St.
2026-04-02,158417019,17:51:00,17:53:00,Skanderborg St.
2026-04-02,158419140,17:52:00,17:54:00,Sønderborg St.
2026-04-02,158419177,18:03:00,18:05:00,CPH Lufthavn
2026-04-02,158417137,18:04:00,18:06:00,Esbjerg St.
2026-04-02,158417480,18:11:00,18:13:00,Østerport St.
2026-04-02,158422246,18:12:00,18:15:00,Hamburg Hbf
2026-04-02,158418858,18:40:00,18:43:00,Flensburg
2026-04-02,158417468,18:46:00,18:48:00,Esbjerg St.
2026-04-02,158417012,18:51:00,18:53:00,Skanderborg St.
2026-04-02,158417132,19:04:00,19:06:00,Esbjerg St.
2026-04-02,158417479,19:11:00,19:13:00,Østerport St.
2026-04-02,158418876,19:16:00,19:18:00,Fredericia St.
2026-04-02,158417467,19:46:00,19:48:00,Esbjerg St.
2026-04-02,158417007,19:51:00,19:53:00,Skanderborg St.
2026-04-02,158419134,19:52:00,19:54:00,Sønderborg St.
2026-04-02,158419173,20:03:00,20:05:00,CPH Lufthavn
2026-04-02,158417127,20:04:00,20:06:00,Esbjerg St.
2026-04-02,158417439,20:11:00,20:13:00,Østerport St.
2026-04-02,158418857,20:40:00,20:43:00,Flensburg
2026-04-02,158417466,20:46:00,20:48:00,Esbjerg St.
2026-04-02,158417002,20:51:00,20:53:00,Skanderborg St.
2026-04-02,158417121,21:04:00,21:06:00,Esbjerg St.
2026-04-02,158418875,21:16:00,21:18:00,Fredericia St.
2026-04-02,158417465,21:46:00,21:48:00,Esbjerg St.
2026-04-02,158416997,21:51:00,21:53:00,Aarhus H
2026-04-02,158419126,21:52:00,21:54:00,Sønderborg St.
2026-04-02,158419905,22:03:00,22:05:00,Odense St.
2026-04-02,158417117,22:04:00,22:06:00,Esbjerg St.
2026-04-02,158420227,22:39:00,22:39:00,Kolding St.
2026-04-02,158420222,22:49:00,22:49:00,Fredericia St.
2026-04-02,158418840,23:17:00,23:19:00,Fredericia St.
2026-04-02,158417110,23:25:00,23:27:00,Esbjerg St.
2026-04-02,158417104,23:29:00,23:31:00,Fredericia St.
2026-04-02,158419900,24:03:00,24:05:00,Fredericia St.
2026-04-02,158419909,24:07:00,24:09:00,Sønderborg St.
2026-04-02,158417097,24:29:00,24:31:00,Fredericia St.
2026-04-02,158418865,4:40:00,4:43:00,Flensburg
2026-04-02,158417492,5:11:00,5:13:00,Østerport St.
2026-04-02,158417185,5:20:00,5:22:00,Esbjerg St.
2026-04-02,158417107,5:51:00,5:53:00,Skanderborg St.
2026-04-02,158419168,5:52:00,5:54:00,Sønderborg St.
2026-04-02,158419202,6:03:00,6:05:00,CPH Lufthavn
2026-04-02,158417491,6:11:00,6:13:00,Østerport St.
2026-04-02,158417184,6:20:00,6:22:00,Esbjerg St.
2026-04-02,158418864,6:40:00,6:43:00,Flensburg
2026-04-02,158417478,6:46:00,6:48:00,Esbjerg St.
2026-04-02,158417090,6:51:00,6:53:00,Skanderborg St.
2026-04-02,158417180,7:04:00,7:06:00,Esbjerg St.
2026-04-02,158417489,7:11:00,7:13:00,Østerport St.
2026-04-02,158418881,7:16:00,7:18:00,Fredericia St.
2026-04-02,158417475,7:46:00,7:48:00,Esbjerg St.
2026-04-02,158417079,7:51:00,7:53:00,Skanderborg St.
2026-04-02,158419164,7:52:00,7:54:00,Sønderborg St.
2026-04-02,158419199,8:03:00,8:05:00,CPH Lufthavn
2026-04-02,158417174,8:04:00,8:06:00,Esbjerg St.
2026-04-02,158417477,8:11:00,8:13:00,Østerport St.
2026-04-02,158418863,8:40:00,8:43:00,Flensburg
2026-04-02,158417464,8:46:00,8:48:00,Esbjerg St.
2026-04-02,158420632,8:53:00,8:55:00,Fredericia St.
2026-04-02,158420642,9:04:00,9:06:00,Esbjerg St.
2026-04-02,158417476,9:11:00,9:13:00,Østerport St.
2026-04-02,158418880,9:16:00,9:18:00,Fredericia St.
2026-04-02,158417462,9:46:00,9:48:00,Esbjerg St.
2026-04-02,158417072,9:51:00,9:53:00,Skanderborg St.
2026-04-02,158419159,9:52:00,9:54:00,Sønderborg St.
2026-04-03,158419194,10:03:00,10:05:00,CPH Lufthavn
2026-04-03,158417170,10:04:00,10:06:00,Esbjerg St.
2026-04-03,158417488,10:11:00,10:13:00,Østerport St.
2026-04-03,158418862,10:40:00,10:43:00,Flensburg
2026-04-03,158417474,10:46:00,10:48:00,Esbjerg St.
2026-04-03,158417063,10:51:00,10:53:00,Skanderborg St.
2026-04-03,158417164,11:04:00,11:06:00,Esbjerg St.
2026-04-03,158417487,11:11:00,11:13:00,Østerport St.
2026-04-03,158418879,11:16:00,11:18:00,Fredericia St.
2026-04-03,158422251,11:44:00,11:46:00,København H
2026-04-03,158417473,11:46:00,11:48:00,Esbjerg St.
2026-04-03,158417052,11:51:00,11:53:00,Skanderborg St.
2026-04-03,158419154,11:52:00,11:54:00,Sønderborg St.
2026-04-03,158419190,12:03:00,12:05:00,CPH Lufthavn
2026-04-03,158417158,12:04:00,12:06:00,Esbjerg St.
2026-04-03,158417486,12:11:00,12:13:00,Østerport St.
2026-04-03,158418861,12:40:00,12:43:00,Flensburg
2026-04-03,158417461,12:46:00,12:48:00,Esbjerg St.
2026-04-03,158420629,12:53:00,12:55:00,Fredericia St.
2026-04-03,158420639,13:04:00,13:06:00,Esbjerg St.
2026-04-03,158417485,13:11:00,13:13:00,Østerport St.
2026-04-03,158418842,13:16:00,13:18:00,Fredericia St.
2026-04-03,158422271,13:44:00,13:46:00,København H
2026-04-03,158417472,13:46:00,13:48:00,Esbjerg St.
2026-04-03,158417043,13:51:00,13:53:00,Skanderborg St.
2026-04-03,158419150,13:52:00,13:54:00,Sønderborg St.
2026-04-03,158419186,14:03:00,14:05:00,CPH Lufthavn
2026-04-03,158417153,14:04:00,14:06:00,Esbjerg St.
2026-04-03,158417484,14:11:00,14:13:00,Østerport St.
2026-04-03,158418860,14:40:00,14:43:00,Flensburg
2026-04-03,158417471,14:46:00,14:48:00,Esbjerg St.
2026-04-03,158417035,14:51:00,14:53:00,Skanderborg St.
2026-04-03,158417147,15:04:00,15:06:00,Esbjerg St.
2026-04-03,158417483,15:11:00,15:13:00,Østerport St.
2026-04-03,158418878,15:16:00,15:18:00,Fredericia St.
2026-04-03,158417460,15:46:00,15:48:00,Esbjerg St.
2026-04-03,158417027,15:51:00,15:53:00,Skanderborg St.
2026-04-03,158419145,15:52:00,15:54:00,Sønderborg St.
2026-04-03,158419181,16:03:00,16:05:00,CPH Lufthavn
2026-04-03,158417142,16:04:00,16:06:00,Esbjerg St.
2026-04-03,158417482,16:11:00,16:13:00,Østerport St.
2026-04-03,158422260,16:12:00,16:15:00,Hamburg Hbf
2026-04-03,158418859,16:40:00,16:43:00,Flensburg
2026-04-03,158417470,16:46:00,16:48:00,Esbjerg St.
2026-04-03,158420626,16:53:00,16:55:00,Fredericia St.
2026-04-03,158420635,17:04:00,17:06:00,Esbjerg St.
2026-04-03,158417481,17:11:00,17:13:00,Østerport St.
2026-04-03,158418877,17:16:00,17:18:00,Fredericia St.
2026-04-03,158417469,17:46:00,17:48:00,Esbjerg St.
2026-04-03,158417019,17:51:00,17:53:00,Skanderborg St.
2026-04-03,158419140,17:52:00,17:54:00,Sønderborg St.
2026-04-03,158419177,18:03:00,18:05:00,CPH Lufthavn
2026-04-03,158417137,18:04:00,18:06:00,Esbjerg St.
2026-04-03,158417480,18:11:00,18:13:00,Østerport St.
2026-04-03,158422246,18:12:00,18:15:00,Hamburg Hbf
2026-04-03,158418858,18:40:00,18:43:00,Flensburg
2026-04-03,158417468,18:46:00,18:48:00,Esbjerg St.
2026-04-03,158417012,18:51:00,18:53:00,Skanderborg St.
2026-04-03,158417132,19:04:00,19:06:00,Esbjerg St.
2026-04-03,158417479,19:11:00,19:13:00,Østerport St.
2026-04-03,158418876,19:16:00,19:18:00,Fredericia St.
2026-04-03,158417467,19:46:00,19:48:00,Esbjerg St.
2026-04-03,158417007,19:51:00,19:53:00,Skanderborg St.
2026-04-03,158419134,19:52:00,19:54:00,Sønderborg St.
2026-04-03,158419173,20:03:00,20:05:00,CPH Lufthavn
2026-04-03,158417127,20:04:00,20:06:00,Esbjerg St.
2026-04-03,158417439,20:11:00,20:13:00,Østerport St.
2026-04-03,158418857,20:40:00,20:43:00,Flensburg
2026-04-03,158417466,20:46:00,20:48:00,Esbjerg St.
2026-04-03,158417002,20:51:00,20:53:00,Skanderborg St.
2026-04-03,158417121,21:04:00,21:06:00,Esbjerg St.
2026-04-03,158418875,21:16:00,21:18:00,Fredericia St.
2026-04-03,158417465,21:46:00,21:48:00,Esbjerg St.
2026-04-03,158416997,21:51:00,21:53:00,Aarhus H
2026-04-03,158419126,21:52:00,21:54:00,Sønderborg St.
2026-04-03,158419905,22:03:00,22:05:00,Odense St.
2026-04-03,158417117,22:04:00,22:06:00,Esbjerg St.
2026-04-03,158420227,22:39:00,22:39:00,Kolding St.
2026-04-03,158420222,22:49:00,22:49:00,Fredericia St.
2026-04-03,158418840,23:17:00,23:19:00,Fredericia St.
2026-04-03,158417110,23:25:00,23:27:00,Esbjerg St.
2026-04-03,158417098,23:29:00,23:31:00,CPH Lufthavn
2026-04-03,158419900,24:03:00,24:05:00,Fredericia St.
2026-04-03,158419909,24:07:00,24:09:00,Sønderborg St.
2026-04-03,158417097,24:29:00,24:31:00,Fredericia St.
2026-04-03,158418865,4:40:00,4:43:00,Flensburg
2026-04-03,158417492,5:11:00,5:13:00,Østerport St.
2026-04-03,158417185,5:20:00,5:22:00,Esbjerg St.
2026-04-03,158417107,5:51:00,5:53:00,Skanderborg St.
2026-04-03,158419168,5:52:00,5:54:00,Sønderborg St.
2026-04-03,158419202,6:03:00,6:05:00,CPH Lufthavn
2026-04-03,158417491,6:11:00,6:13:00,Østerport St.
2026-04-03,158417184,6:20:00,6:22:00,Esbjerg St.
2026-04-03,158418864,6:40:00,6:43:00,Flensburg
2026-04-03,158417478,6:46:00,6:48:00,Esbjerg St.
2026-04-03,158417090,6:51:00,6:53:00,Skanderborg St.
2026-04-03,158417180,7:04:00,7:06:00,Esbjerg St.
2026-04-03,158417489,7:11:00,7:13:00,Østerport St.
2026-04-03,158418881,7:16:00,7:18:00,Fredericia St.
2026-04-03,158417475,7:46:00,7:48:00,Esbjerg St.
2026-04-03,158417079,7:51:00,7:53:00,Skanderborg St.
2026-04-03,158419164,7:52:00,7:54:00,Sønderborg St.
2026-04-03,158419199,8:03:00,8:05:00,CPH Lufthavn
2026-04-03,158417174,8:04:00,8:06:00,Esbjerg St.
2026-04-03,158417477,8:11:00,8:13:00,Østerport St.
2026-04-03,158418863,8:40:00,8:43:00,Flensburg
2026-04-03,158417464,8:46:00,8:48:00,Esbjerg St.
2026-04-03,158420632,8:53:00,8:55:00,Fredericia St.
2026-04-03,158420642,9:04:00,9:06:00,Esbjerg St.
2026-04-03,158417476,9:11:00,9:13:00,Østerport St.
2026-04-03,158418880,9:16:00,9:18:00,Fredericia St.
2026-04-03,158417462,9:46:00,9:48:00,Esbjerg St.
2026-04-03,158417072,9:51:00,9:53:00,Skanderborg St.
2026-04-03,158419159,9:52:00,9:54:00,Sønderborg St.
2026-04-04,158419194,10:03:00,10:05:00,CPH Lufthavn
2026-04-04,158417170,10:04:00,10:06:00,Esbjerg St.
2026-04-04,158417488,10:11:00,10:13:00,Østerport St.
2026-04-04,158422286,10:12:00,10:15:00,Hamburg Hbf
2026-04-04,158418862,10:40:00,10:43:00,Flensburg
2026-04-04,158417474,10:46:00,10:48:00,Esbjerg St.
2026-04-04,158417063,10:51:00,10:53:00,Skanderborg St.
2026-04-04,158417164,11:04:00,11:06:00,Esbjerg St.
2026-04-04,158417487,11:11:00,11:13:00,Østerport St.
2026-04-04,158418879,11:16:00,11:18:00,Fredericia St.
2026-04-04,158422251,11:44:00,11:46:00,København H
2026-04-04,158417473,11:46:00,11:48:00,Esbjerg St.
2026-04-04,158417052,11:51:00,11:53:00,Skanderborg St.
2026-04-04,158419154,11:52:00,11:54:00,Sønderborg St.
2026-04-04,158419190,12:03:00,12:05:00,CPH Lufthavn
2026-04-04,158417158,12:04:00,12:06:00,Esbjerg St.
2026-04-04,158417486,12:11:00,12:13:00,Østerport St.
2026-04-04,158418861,12:40:00,12:43:00,Flensburg
2026-04-04,158417461,12:46:00,12:48:00,Esbjerg St.
2026-04-04,158420629,12:53:00,12:55:00,Fredericia St.
2026-04-04,158420639,13:04:00,13:06:00,Esbjerg St.
2026-04-04,158417485,13:11:00,13:13:00,Østerport St.
2026-04-04,158418842,13:16:00,13:18:00,Fredericia St.
2026-04-04,158422271,13:44:00,13:46:00,København H
2026-04-04,158417472,13:46:00,13:48:00,Esbjerg St.
2026-04-04,158417043,13:51:00,13:53:00,Skanderborg St.
2026-04-04,158419150,13:52:00,13:54:00,Sønderborg St.
2026-04-04,158419186,14:03:00,14:05:00,CPH Lufthavn
2026-04-04,158417153,14:04:00,14:06:00,Esbjerg St.
2026-04-04,158417484,14:11:00,14:13:00,Østerport St.
2026-04-04,158418860,14:40:00,14:43:00,Flensburg
2026-04-04,158417471,14:46:00,14:48:00,Esbjerg St.
2026-04-04,158417035,14:51:00,14:53:00,Skanderborg St.
2026-04-04,158417147,15:04:00,15:06:00,Esbjerg St.
2026-04-04,158417483,15:11:00,15:13:00,Østerport St.
2026-04-04,158418878,15:16:00,15:18:00,Fredericia St.
2026-04-04,158417460,15:46:00,15:48:00,Esbjerg St.
2026-04-04,158417027,15:51:00,15:53:00,Skanderborg St.
2026-04-04,158419145,15:52:00,15:54:00,Sønderborg St.
2026-04-04,158419181,16:03:00,16:05:00,CPH Lufthavn
2026-04-04,158417142,16:04:00,16:06:00,Esbjerg St.
2026-04-04,158417482,16:11:00,16:13:00,Østerport St.
2026-04-04,158422260,16:12:00,16:15:00,Hamburg Hbf
2026-04-04,158418859,16:40:00,16:43:00,Flensburg
2026-04-04,158417470,16:46:00,16:48:00,Esbjerg St.
2026-04-04,158420626,16:53:00,16:55:00,Fredericia St.
2026-04-04,158420635,17:04:00,17:06:00,Esbjerg St.
2026-04-04,158417481,17:11:00,17:13:00,Østerport St.
2026-04-04,158418877,17:16:00,17:18:00,Fredericia St.
2026-04-04,158422272,17:44:00,17:46:00,København H
2026-04-04,158417469,17:46:00,17:48:00,Esbjerg St.
2026-04-04,158417019,17:51:00,17:53:00,Skanderborg St.
2026-04-04,158419140,17:52:00,17:54:00,Sønderborg St.
2026-04-04,158419177,18:03:00,18:05:00,CPH Lufthavn
2026-04-04,158417137,18:04:00,18:06:00,Esbjerg St.
2026-04-04,158417480,18:11:00,18:13:00,Østerport St.
2026-04-04,158422246,18:12:00,18:15:00,Hamburg Hbf
2026-04-04,158418858,18:40:00,18:43:00,Flensburg
2026-04-04,158417468,18:46:00,18:48:00,Esbjerg St.
2026-04-04,158417012,18:51:00,18:53:00,Skanderborg St.
2026-04-04,158417132,19:04:00,19:06:00,Esbjerg St.
2026-04-04,158417479,19:11:00,19:13:00,Østerport St.
2026-04-04,158418876,19:16:00,19:18:00,Fredericia St.
2026-04-04,158417467,19:46:00,19:48:00,Esbjerg St.
2026-04-04,158417007,19:51:00,19:53:00,Skanderborg St.
2026-04-04,158419134,19:52:00,19:54:00,Sønderborg St.
2026-04-04,158419173,20:03:00,20:05:00,CPH Lufthavn
2026-04-04,158417127,20:04:00,20:06:00,Esbjerg St.
2026-04-04,158417439,20:11:00,20:13:00,Østerport St.
2026-04-04,158418857,20:40:00,20:43:00,Flensburg
2026-04-04,158417466,20:46:00,20:48:00,Esbjerg St.
2026-04-04,158417002,20:51:00,20:53:00,Skanderborg St.
2026-04-04,158417121,21:04:00,21:06:00,Esbjerg St.
2026-04-04,158418875,21:16:00,21:18:00,Fredericia St.
2026-04-04,158417465,21:46:00,21:48:00,Esbjerg St.
2026-04-04,158416997,21:51:00,21:53:00,Aarhus H
2026-04-04,158419126,21:52:00,21:54:00,Sønderborg St.
2026-04-04,158419905,22:03:00,22:05:00,Odense St.
2026-04-04,158417117,22:04:00,22:06:00,Esbjerg St.
2026-04-04,158418840,23:17:00,23:19:00,Fredericia St.
2026-04-04,158417110,23:25:00,23:27:00,Esbjerg St.
2026-04-04,158417098,23:29:00,23:31:00,CPH Lufthavn
2026-04-04,158419900,24:03:00,24:05:00,Fredericia St.
2026-04-04,158419909,24:07:00,24:09:00,Sønderborg St.
2026-04-04,158417097,24:29:00,24:31:00,Fredericia St.
2026-04-04,158418865,4:40:00,4:43:00,Flensburg
2026-04-04,158417184,6:20:00,6:22:00,Esbjerg St.
2026-04-04,158418864,6:40:00,6:43:00,Flensburg
2026-04-04,158417091,6:51:00,6:53:00,Aarhus H
2026-04-04,158417180,7:04:00,7:06:00,Esbjerg St.
2026-04-04,158417489,7:11:00,7:13:00,Østerport St.
2026-04-04,158418881,7:16:00,7:18:00,Fredericia St.
2026-04-04,158417079,7:51:00,7:53:00,Skanderborg St.
2026-04-04,158419911,7:52:00,7:54:00,Sønderborg St.
2026-04-04,158419199,8:03:00,8:05:00,CPH Lufthavn
2026-04-04,158417174,8:04:00,8:06:00,Esbjerg St.
2026-04-04,158417477,8:11:00,8:13:00,Østerport St.
2026-04-04,158418863,8:40:00,8:43:00,Flensburg
2026-04-04,158417463,8:46:00,8:48:00,Esbjerg St.
2026-04-04,158420632,8:53:00,8:55:00,Fredericia St.
2026-04-04,158420642,9:04:00,9:06:00,Esbjerg St.
2026-04-04,158417476,9:11:00,9:13:00,Østerport St.
2026-04-04,158418880,9:16:00,9:18:00,Fredericia St.
2026-04-04,158417459,9:46:00,9:48:00,Esbjerg St.
2026-04-04,158417072,9:51:00,9:53:00,Skanderborg St.
2026-04-04,158419159,9:52:00,9:54:00,Sønderborg St.
2026-04-05,158419194,10:03:00,10:05:00,CPH Lufthavn
2026-04-05,158417170,10:04:00,10:06:00,Esbjerg St.
2026-04-05,158417488,10:11:00,10:13:00,Østerport St.
2026-04-05,158422286,10:12:00,10:15:00,Hamburg Hbf
2026-04-05,158418862,10:40:00,10:43:00,Flensburg
2026-04-05,158417474,10:46:00,10:48:00,Esbjerg St.
2026-04-05,158417063,10:51:00,10:53:00,Skanderborg St.
2026-04-05,158417164,11:04:00,11:06:00,Esbjerg St.
2026-04-05,158417487,11:11:00,11:13:00,Østerport St.
2026-04-05,158418879,11:16:00,11:18:00,Fredericia St.
2026-04-05,158422251,11:44:00,11:46:00,København H
2026-04-05,158417473,11:46:00,11:48:00,Esbjerg St.
2026-04-05,158417052,11:51:00,11:53:00,Skanderborg St.
2026-04-05,158419154,11:52:00,11:54:00,Sønderborg St.
2026-04-05,158419190,12:03:00,12:05:00,CPH Lufthavn
2026-04-05,158417158,12:04:00,12:06:00,Esbjerg St.
2026-04-05,158417486,12:11:00,12:13:00,Østerport St.
2026-04-05,158418861,12:40:00,12:43:00,Flensburg
2026-04-05,158417461,12:46:00,12:48:00,Esbjerg St.
2026-04-05,158420629,12:53:00,12:55:00,Fredericia St.
2026-04-05,158420639,13:04:00,13:06:00,Esbjerg St.
2026-04-05,158417485,13:11:00,13:13:00,Østerport St.
2026-04-05,158418842,13:16:00,13:18:00,Fredericia St.
2026-04-05,158422271,13:44:00,13:46:00,København H
2026-04-05,158417472,13:46:00,13:48:00,Esbjerg St.
2026-04-05,158417043,13:51:00,13:53:00,Skanderborg St.
2026-04-05,158419150,13:52:00,13:54:00,Sønderborg St.
2026-04-05,158419186,14:03:00,14:05:00,CPH Lufthavn
2026-04-05,158417153,14:04:00,14:06:00,Esbjerg St.
2026-04-05,158417484,14:11:00,14:13:00,Østerport St.
2026-04-05,158418860,14:40:00,14:43:00,Flensburg
2026-04-05,158417471,14:46:00,14:48:00,Esbjerg St.
2026-04-05,158417035,14:51:00,14:53:00,Skanderborg St.
2026-04-05,158417147,15:04:00,15:06:00,Esbjerg St.
2026-04-05,158417483,15:11:00,15:13:00,Østerport St.
2026-04-05,158418878,15:16:00,15:18:00,Fredericia St.
2026-04-05,158417460,15:46:00,15:48:00,Esbjerg St.
2026-04-05,158417027,15:51:00,15:53:00,Skanderborg St.
2026-04-05,158419145,15:52:00,15:54:00,Sønderborg St.
2026-04-05,158419181,16:03:00,16:05:00,CPH Lufthavn
2026-04-05,158417142,16:04:00,16:06:00,Esbjerg St.
2026-04-05,158417482,16:11:00,16:13:00,Østerport St.
2026-04-05,158422260,16:12:00,16:15:00,Hamburg Hbf
2026-04-05,158418859,16:40:00,16:43:00,Flensburg
2026-04-05,158417470,16:46:00,16:48:00,Esbjerg St.
2026-04-05,158420626,16:53:00,16:55:00,Fredericia St.
2026-04-05,158420635,17:04:00,17:06:00,Esbjerg St.
2026-04-05,158417481,17:11:00,17:13:00,Østerport St.
2026-04-05,158418877,17:16:00,17:18:00,Fredericia St.
2026-04-05,158422272,17:44:00,17:46:00,København H
2026-04-05,158417469,17:46:00,17:48:00,Esbjerg St.
2026-04-05,158417019,17:51:00,17:53:00,Skanderborg St.
2026-04-05,158419140,17:52:00,17:54:00,Sønderborg St.
2026-04-05,158419177,18:03:00,18:05:00,CPH Lufthavn
2026-04-05,158417137,18:04:00,18:06:00,Esbjerg St.
2026-04-05,158417480,18:11:00,18:13:00,Østerport St.
2026-04-05,158422246,18:12:00,18:15:00,Hamburg Hbf
2026-04-05,158418858,18:40:00,18:43:00,Flensburg
2026-04-05,158417468,18:46:00,18:48:00,Esbjerg St.
2026-04-05,158417012,18:51:00,18:53:00,Skanderborg St.
2026-04-05,158417132,19:04:00,19:06:00,Esbjerg St.
2026-04-05,158417479,19:11:00,19:13:00,Østerport St.
2026-04-05,158418876,19:16:00,19:18:00,Fredericia St.
2026-04-05,158417467,19:46:00,19:48:00,Esbjerg St.
2026-04-05,158417007,19:51:00,19:53:00,Skanderborg St.
2026-04-05,158419134,19:52:00,19:54:00,Sønderborg St.
2026-04-05,158419173,20:03:00,20:05:00,CPH Lufthavn
2026-04-05,158417127,20:04:00,20:06:00,Esbjerg St.
2026-04-05,158417440,20:11:00,20:13:00,København H
2026-04-05,158418857,20:40:00,20:43:00,Flensburg
2026-04-05,158417466,20:46:00,20:48:00,Esbjerg St.
2026-04-05,158417002,20:51:00,20:53:00,Skanderborg St.
2026-04-05,158417121,21:04:00,21:06:00,Esbjerg St.
2026-04-05,158418875,21:16:00,21:18:00,Fredericia St.
2026-04-05,158417465,21:46:00,21:48:00,Esbjerg St.
2026-04-05,158416997,21:51:00,21:53:00,Aarhus H
2026-04-05,158419126,21:52:00,21:54:00,Sønderborg St.
2026-04-05,158419905,22:03:00,22:05:00,Odense St.
2026-04-05,158417117,22:04:00,22:06:00,Esbjerg St.
2026-04-05,158418840,23:17:00,23:19:00,Fredericia St.
2026-04-05,158417110,23:25:00,23:27:00,Esbjerg St.
2026-04-05,158417104,23:29:00,23:31:00,Fredericia St.
2026-04-05,158419900,24:03:00,24:05:00,Fredericia St.
2026-04-05,158419909,24:07:00,24:09:00,Sønderborg St.
2026-04-05,158417097,24:29:00,24:31:00,Fredericia St.
2026-04-05,158417184,6:20:00,6:22:00,Esbjerg St.
2026-04-05,158418864,6:40:00,6:43:00,Flensburg
2026-04-05,158417091,6:51:00,6:53:00,Aarhus H
2026-04-05,158417180,7:04:00,7:06:00,Esbjerg St.
2026-04-05,158417489,7:11:00,7:13:00,Østerport St.
2026-04-05,158417079,7:51:00,7:53:00,Skanderborg St.
2026-04-05,158419911,7:52:00,7:54:00,Sønderborg St.
2026-04-05,158419199,8:03:00,8:05:00,CPH Lufthavn
2026-04-05,158417174,8:04:00,8:06:00,Esbjerg St.
2026-04-05,158417477,8:11:00,8:13:00,Østerport St.
2026-04-05,158418863,8:40:00,8:43:00,Flensburg
2026-04-05,158417463,8:46:00,8:48:00,Esbjerg St.
2026-04-05,158420632,8:53:00,8:55:00,Fredericia St.
2026-04-05,158420642,9:04:00,9:06:00,Esbjerg St.
2026-04-05,158417476,9:11:00,9:13:00,Østerport St.
2026-04-05,158418880,9:16:00,9:18:00,Fredericia St.
2026-04-05,158417459,9:46:00,9:48:00,Esbjerg St.
2026-04-05,158417072,9:51:00,9:53:00,Skanderborg St.
2026-04-05,158419159,9:52:00,9:54:00,Sønderborg St.
2026-04-06,158419194,10:03:00,10:05:00,CPH Lufthavn
2026-04-06,158417170,10:04:00,10:06:00,Esbjerg St.
2026-04-06,158417488,10:11:00,10:13:00,Østerport St.
2026-04-06,158418862,10:40:00,10:43:00,Flensburg
2026-04-06,158417474,10:46:00,10:48:00,Esbjerg St.
2026-04-06,158417063,10:51:00,10:53:00,Skanderborg St.
2026-04-06,158417164,11:04:00,11:06:00,Esbjerg St.
2026-04-06,158417487,11:11:00,11:13:00,Østerport St.
2026-04-06,158418879,11:16:00,11:18:00,Fredericia St.
2026-04-06,158422251,11:44:00,11:46:00,København H
2026-04-06,158417473,11:46:00,11:48:00,Esbjerg St.
2026-04-06,158417052,11:51:00,11:53:00,Skanderborg St.
2026-04-06,158419154,11:52:00,11:54:00,Sønderborg St.
2026-04-06,158419190,12:03:00,12:05:00,CPH Lufthavn
2026-04-06,158417158,12:04:00,12:06:00,Esbjerg St.
2026-04-06,158417486,12:11:00,12:13:00,Østerport St.
2026-04-06,158418861,12:40:00,12:43:00,Flensburg
2026-04-06,158417461,12:46:00,12:48:00,Esbjerg St.
2026-04-06,158420629,12:53:00,12:55:00,Fredericia St.
2026-04-06,158420639,13:04:00,13:06:00,Esbjerg St.
2026-04-06,158417485,13:11:00,13:13:00,Østerport St.
2026-04-06,158418842,13:16:00,13:18:00,Fredericia St.
2026-04-06,158422271,13:44:00,13:46:00,København H
2026-04-06,158417472,13:46:00,13:48:00,Esbjerg St.
2026-04-06,158417043,13:51:00,13:53:00,Skanderborg St.
2026-04-06,158419150,13:52:00,13:54:00,Sønderborg St.
2026-04-06,158419186,14:03:00,14:05:00,CPH Lufthavn
2026-04-06,158417153,14:04:00,14:06:00,Esbjerg St.
2026-04-06,158417484,14:11:00,14:13:00,Østerport St.
2026-04-06,158418860,14:40:00,14:43:00,Flensburg
2026-04-06,158417471,14:46:00,14:48:00,Esbjerg St.
2026-04-06,158417035,14:51:00,14:53:00,Skanderborg St.
2026-04-06,158417147,15:04:00,15:06:00,Esbjerg St.
2026-04-06,158417483,15:11:00,15:13:00,Østerport St.
2026-04-06,158418878,15:16:00,15:18:00,Fredericia St.
2026-04-06,158417460,15:46:00,15:48:00,Esbjerg St.
2026-04-06,158417027,15:51:00,15:53:00,Skanderborg St.
2026-04-06,158419145,15:52:00,15:54:00,Sønderborg St.
2026-04-06,158419181,16:03:00,16:05:00,CPH Lufthavn
2026-04-06,158417142,16:04:00,16:06:00,Esbjerg St.
2026-04-06,158417482,16:11:00,16:13:00,Østerport St.
2026-04-06,158422260,16:12:00,16:15:00,Hamburg Hbf
2026-04-06,158418859,16:40:00,16:43:00,Flensburg
2026-04-06,158417470,16:46:00,16:48:00,Esbjerg St.
2026-04-06,158420626,16:53:00,16:55:00,Fredericia St.
2026-04-06,158420635,17:04:00,17:06:00,Esbjerg St.
2026-04-06,158417481,17:11:00,17:13:00,Østerport St.
2026-04-06,158418877,17:16:00,17:18:00,Fredericia St.
2026-04-06,158417469,17:46:00,17:48:00,Esbjerg St.
2026-04-06,158417019,17:51:00,17:53:00,Skanderborg St.
2026-04-06,158419140,17:52:00,17:54:00,Sønderborg St.
2026-04-06,158419177,18:03:00,18:05:00,CPH Lufthavn
2026-04-06,158417137,18:04:00,18:06:00,Esbjerg St.
2026-04-06,158417480,18:11:00,18:13:00,Østerport St.
2026-04-06,158422246,18:12:00,18:15:00,Hamburg Hbf
2026-04-06,158418858,18:40:00,18:43:00,Flensburg
2026-04-06,158417468,18:46:00,18:48:00,Esbjerg St.
2026-04-06,158417012,18:51:00,18:53:00,Skanderborg St.
2026-04-06,158417132,19:04:00,19:06:00,Esbjerg St.
2026-04-06,158417479,19:11:00,19:13:00,Østerport St.
2026-04-06,158418876,19:16:00,19:18:00,Fredericia St.
2026-04-06,158417467,19:46:00,19:48:00,Esbjerg St.
2026-04-06,158417007,19:51:00,19:53:00,Skanderborg St.
2026-04-06,158419134,19:52:00,19:54:00,Sønderborg St.
2026-04-06,158419173,20:03:00,20:05:00,CPH Lufthavn
2026-04-06,158417127,20:04:00,20:06:00,Esbjerg St.
2026-04-06,158417439,20:11:00,20:13:00,Østerport St.
2026-04-06,158418857,20:40:00,20:43:00,Flensburg
2026-04-06,158417466,20:46:00,20:48:00,Esbjerg St.
2026-04-06,158417002,20:51:00,20:53:00,Skanderborg St.
2026-04-06,158417121,21:04:00,21:06:00,Esbjerg St.
2026-04-06,158418875,21:16:00,21:18:00,Fredericia St.
2026-04-06,158417465,21:46:00,21:48:00,Esbjerg St.
2026-04-06,158416997,21:51:00,21:53:00,Aarhus H
2026-04-06,158419126,21:52:00,21:54:00,Sønderborg St.
2026-04-06,158419905,22:03:00,22:05:00,Odense St.
2026-04-06,158417117,22:04:00,22:06:00,Esbjerg St.
2026-04-06,158420227,22:39:00,22:39:00,Kolding St.
2026-04-06,158420222,22:49:00,22:49:00,Fredericia St.
2026-04-06,158418840,23:17:00,23:19:00,Fredericia St.
2026-04-06,158417110,23:25:00,23:27:00,Esbjerg St.
2026-04-06,158417104,23:29:00,23:31:00,Fredericia St.
2026-04-06,158419900,24:03:00,24:05:00,Fredericia St.
2026-04-06,158419909,24:07:00,24:09:00,Sønderborg St.
2026-04-06,158417097,24:29:00,24:31:00,Fredericia St.
2026-04-06,158418865,4:40:00,4:43:00,Flensburg
2026-04-06,158417492,5:11:00,5:13:00,Østerport St.
2026-04-06,158417185,5:20:00,5:22:00,Esbjerg St.
2026-04-06,158417107,5:51:00,5:53:00,Skanderborg St.
2026-04-06,158419168,5:52:00,5:54:00,Sønderborg St.
2026-04-06,158419202,6:03:00,6:05:00,CPH Lufthavn
2026-04-06,158417491,6:11:00,6:13:00,Østerport St.
2026-04-06,158417184,6:20:00,6:22:00,Esbjerg St.
2026-04-06,158418864,6:40:00,6:43:00,Flensburg
2026-04-06,158417478,6:46:00,6:48:00,Esbjerg St.
2026-04-06,158417090,6:51:00,6:53:00,Skanderborg St.
2026-04-06,158417180,7:04:00,7:06:00,Esbjerg St.
2026-04-06,158417489,7:11:00,7:13:00,Østerport St.
2026-04-06,158418881,7:16:00,7:18:00,Fredericia St.
2026-04-06,158417475,7:46:00,7:48:00,Esbjerg St.
2026-04-06,158417079,7:51:00,7:53:00,Skanderborg St.
2026-04-06,158419164,7:52:00,7:54:00,Sønderborg St.
2026-04-06,158419199,8:03:00,8:05:00,CPH Lufthavn
2026-04-06,158417174,8:04:00,8:06:00,Esbjerg St.
2026-04-06,158417477,8:11:00,8:13:00,Østerport St.
2026-04-06,158418863,8:40:00,8:43:00,Flensburg
2026-04-06,158417464,8:46:00,8:48:00,Esbjerg St.
2026-04-06,158420632,8:53:00,8:55:00,Fredericia St.
2026-04-06,158420642,9:04:00,9:06:00,Esbjerg St.
2026-04-06,158417476,9:11:00,9:13:00,Østerport St.
2026-04-06,158418880,9:16:00,9:18:00,Fredericia St.
2026-04-06,158417462,9:46:00,9:48:00,Esbjerg St.
2026-04-06,158417072,9:51:00,9:53:00,Skanderborg St.
2026-04-06,158419159,9:52:00,9:54:00,Sønderborg St.
2026-04-07,158419194,10:03:00,10:05:00,CPH Lufthavn
2026-04-07,158417170,10:04:00,10:06:00,Esbjerg St.
2026-04-07,158417488,10:11:00,10:13:00,Østerport St.
2026-04-07,158422286,10:12:00,10:15:00,Hamburg Hbf
2026-04-07,158418862,10:40:00,10:43:00,Flensburg
2026-04-07,158417474,10:46:00,10:48:00,Esbjerg St.
2026-04-07,158417063,10:51:00,10:53:00,Skanderborg St.
2026-04-07,158417164,11:04:00,11:06:00,Esbjerg St.
2026-04-07,158417487,11:11:00,11:13:00,Østerport St.
2026-04-07,158418879,11:16:00,11:18:00,Fredericia St.
2026-04-07,158422251,11:44:00,11:46:00,København H
2026-04-07,158417473,11:46:00,11:48:00,Esbjerg St.
2026-04-07,158417052,11:51:00,11:53:00,Skanderborg St.
2026-04-07,158419154,11:52:00,11:54:00,Sønderborg St.
2026-04-07,158419190,12:03:00,12:05:00,CPH Lufthavn
2026-04-07,158417158,12:04:00,12:06:00,Esbjerg St.
2026-04-07,158417486,12:11:00,12:13:00,Østerport St.
2026-04-07,158418861,12:40:00,12:43:00,Flensburg
2026-04-07,158417461,12:46:00,12:48:00,Esbjerg St.
2026-04-07,158420629,12:53:00,12:55:00,Fredericia St.
2026-04-07,158420639,13:04:00,13:06:00,Esbjerg St.
2026-04-07,158417485,13:11:00,13:13:00,Østerport St.
2026-04-07,158418842,13:16:00,13:18:00,Fredericia St.
2026-04-07,158422271,13:44:00,13:46:00,København H
2026-04-07,158417472,13:46:00,13:48:00,Esbjerg St.
2026-04-07,158417043,13:51:00,13:53:00,Skanderborg St.
2026-04-07,158419150,13:52:00,13:54:00,Sønderborg St.
2026-04-07,158419186,14:03:00,14:05:00,CPH Lufthavn
2026-04-07,158417153,14:04:00,14:06:00,Esbjerg St.
2026-04-07,158417484,14:11:00,14:13:00,Østerport St.
2026-04-07,158418860,14:40:00,14:43:00,Flensburg
2026-04-07,158417471,14:46:00,14:48:00,Esbjerg St.
2026-04-07,158417035,14:51:00,14:53:00,Skanderborg St.
2026-04-07,158417147,15:04:00,15:06:00,Esbjerg St.
2026-04-07,158417483,15:11:00,15:13:00,Østerport St.
2026-04-07,158418878,15:16:00,15:18:00,Fredericia St.
2026-04-07,158417460,15:46:00,15:48:00,Esbjerg St.
2026-04-07,158417027,15:51:00,15:53:00,Skanderborg St.
2026-04-07,158419145,15:52:00,15:54:00,Sønderborg St.
2026-04-07,158419181,16:03:00,16:05:00,CPH Lufthavn
2026-04-07,158417142,16:04:00,16:06:00,Esbjerg St.
2026-04-07,158417482,16:11:00,16:13:00,Østerport St.
2026-04-07,158422260,16:12:00,16:15:00,Hamburg Hbf
2026-04-07,158418859,16:40:00,16:43:00,Flensburg
2026-04-07,158417470,16:46:00,16:48:00,Esbjerg St.
2026-04-07,158420626,16:53:00,16:55:00,Fredericia St.
2026-04-07,158420635,17:04:00,17:06:00,Esbjerg St.
2026-04-07,158417481,17:11:00,17:13:00,Østerport St.
2026-04-07,158418877,17:16:00,17:18:00,Fredericia St.
2026-04-07,158422272,17:44:00,17:46:00,København H
2026-04-07,158417469,17:46:00,17:48:00,Esbjerg St.
2026-04-07,158417019,17:51:00,17:53:00,Skanderborg St.
2026-04-07,158419140,17:52:00,17:54:00,Sønderborg St.
2026-04-07,158419177,18:03:00,18:05:00,CPH Lufthavn
2026-04-07,158417137,18:04:00,18:06:00,Esbjerg St.
2026-04-07,158417480,18:11:00,18:13:00,Østerport St.
2026-04-07,158422246,18:12:00,18:15:00,Hamburg Hbf
2026-04-07,158418858,18:40:00,18:43:00,Flensburg
2026-04-07,158417468,18:46:00,18:48:00,Esbjerg St.
2026-04-07,158417012,18:51:00,18:53:00,Skanderborg St.
2026-04-07,158417132,19:04:00,19:06:00,Esbjerg St.
2026-04-07,158417479,19:11:00,19:13:00,Østerport St.
2026-04-07,158418876,19:16:00,19:18:00,Fredericia St.
2026-04-07,158417467,19:46:00,19:48:00,Esbjerg St.
2026-04-07,158417007,19:51:00,19:53:00,Skanderborg St.
2026-04-07,158419134,19:52:00,19:54:00,Sønderborg St.
2026-04-07,158419173,20:03:00,20:05:00,CPH Lufthavn
2026-04-07,158417127,20:04:00,20:06:00,Esbjerg St.
2026-04-07,158417439,20:11:00,20:13:00,Østerport St.
2026-04-07,158418857,20:40:00,20:43:00,Flensburg
2026-04-07,158417466,20:46:00,20:48:00,Esbjerg St.
2026-04-07,158417002,20:51:00,20:53:00,Skanderborg St.
2026-04-07,158417121,21:04:00,21:06:00,Esbjerg St.
2026-04-07,158418875,21:16:00,21:18:00,Fredericia St.
2026-04-07,158417465,21:46:00,21:48:00,Esbjerg St.
2026-04-07,158416997,21:51:00,21:53:00,Aarhus H
2026-04-07,158419126,21:52:00,21:54:00,Sønderborg St.
2026-04-07,158419905,22:03:00,22:05:00,Odense St.
2026-04-07,158417117,22:04:00,22:06:00,Esbjerg St.
2026-04-07,158420227,22:39:00,22:39:00,Kolding St.
2026-04-07,158420222,22:49:00,22:49:00,Fredericia St.
2026-04-07,158418840,23:17:00,23:19:00,Fredericia St.
2026-04-07,158417110,23:25:00,23:27:00,Esbjerg St.
2026-04-07,158417104,23:29:00,23:31:00,Fredericia St.
2026-04-07,158419900,24:03:00,24:05:00,Fredericia St.
2026-04-07,158419909,24:07:00,24:09:00,Sønderborg St.
2026-04-07,158417097,24:29:00,24:31:00,Fredericia St.
2026-04-07,158418865,4:40:00,4:43:00,Flensburg
2026-04-07,158417492,5:11:00,5:13:00,Østerport St.
2026-04-07,158417185,5:20:00,5:22:00,Esbjerg St.
2026-04-07,158417107,5:51:00,5:53:00,Skanderborg St.
2026-04-07,158419168,5:52:00,5:54:00,Sønderborg St.
2026-04-07,158419202,6:03:00,6:05:00,CPH Lufthavn
2026-04-07,158417491,6:11:00,6:13:00,Østerport St.
2026-04-07,158417184,6:20:00,6:22:00,Esbjerg St.
2026-04-07,158418864,6:40:00,6:43:00,Flensburg
2026-04-07,158417478,6:46:00,6:48:00,Esbjerg St.
2026-04-07,158417090,6:51:00,6:53:00,Skanderborg St.
2026-04-07,158417180,7:04:00,7:06:00,Esbjerg St.
2026-04-07,158417489,7:11:00,7:13:00,Østerport St.
2026-04-07,158418881,7:16:00,7:18:00,Fredericia St.
2026-04-07,158417475,7:46:00,7:48:00,Esbjerg St.
2026-04-07,158417079,7:51:00,7:53:00,Skanderborg St.
2026-04-07,158419164,7:52:00,7:54:00,Sønderborg St.
2026-04-07,158419199,8:03:00,8:05:00,CPH Lufthavn
2026-04-07,158417174,8:04:00,8:06:00,Esbjerg St.
2026-04-07,158417477,8:11:00,8:13:00,Østerport St.
2026-04-07,158418863,8:40:00,8:43:00,Flensburg
2026-04-07,158417464,8:46:00,8:48:00,Esbjerg St.
2026-04-07,158420632,8:53:00,8:55:00,Fredericia St.
2026-04-07,158420642,9:04:00,9:06:00,Esbjerg St.
2026-04-07,158417476,9:11:00,9:13:00,Østerport St.
2026-04-07,158418880,9:16:00,9:18:00,Fredericia St.
2026-04-07,158417462,9:46:00,9:48:00,Esbjerg St.
2026-04-07,158417072,9:51:00,9:53:00,Skanderborg St.
2026-04-07,158419159,9:52:00,9:54:00,Sønderborg St.
2026-04-08,158419194,10:03:00,10:05:00,CPH Lufthavn
2026-04-08,158417170,10:04:00,10:06:00,Esbjerg St.
2026-04-08,158417488,10:11:00,10:13:00,Østerport St.
2026-04-08,158418862,10:40:00,10:43:00,Flensburg
2026-04-08,158417474,10:46:00,10:48:00,Esbjerg St.
2026-04-08,158417063,10:51:00,10:53:00,Skanderborg St.
2026-04-08,158417164,11:04:00,11:06:00,Esbjerg St.
2026-04-08,158417487,11:11:00,11:13:00,Østerport St.
2026-04-08,158418879,11:16:00,11:18:00,Fredericia St.
2026-04-08,158422251,11:44:00,11:46:00,København H
2026-04-08,158417473,11:46:00,11:48:00,Esbjerg St.
2026-04-08,158417052,11:51:00,11:53:00,Skanderborg St.
2026-04-08,158419154,11:52:00,11:54:00,Sønderborg St.
2026-04-08,158419190,12:03:00,12:05:00,CPH Lufthavn
2026-04-08,158417158,12:04:00,12:06:00,Esbjerg St.
2026-04-08,158417486,12:11:00,12:13:00,Østerport St.
2026-04-08,158418861,12:40:00,12:43:00,Flensburg
2026-04-08,158417461,12:46:00,12:48:00,Esbjerg St.
2026-04-08,158420629,12:53:00,12:55:00,Fredericia St.
2026-04-08,158420639,13:04:00,13:06:00,Esbjerg St.
2026-04-08,158417485,13:11:00,13:13:00,Østerport St.
2026-04-08,158418842,13:16:00,13:18:00,Fredericia St.
2026-04-08,158422271,13:44:00,13:46:00,København H
2026-04-08,158417472,13:46:00,13:48:00,Esbjerg St.
2026-04-08,158417043,13:51:00,13:53:00,Skanderborg St.
2026-04-08,158419150,13:52:00,13:54:00,Sønderborg St.
2026-04-08,158419186,14:03:00,14:05:00,CPH Lufthavn
2026-04-08,158417153,14:04:00,14:06:00,Esbjerg St.
2026-04-08,158417484,14:11:00,14:13:00,Østerport St.
2026-04-08,158418860,14:40:00,14:43:00,Flensburg
2026-04-08,158417471,14:46:00,14:48:00,Esbjerg St.
2026-04-08,158417035,14:51:00,14:53:00,Skanderborg St.
2026-04-08,158417147,15:04:00,15:06:00,Esbjerg St.
2026-04-08,158417483,15:11:00,15:13:00,Østerport St.
2026-04-08,158418878,15:16:00,15:18:00,Fredericia St.
2026-04-08,158417460,15:46:00,15:48:00,Esbjerg St.
2026-04-08,158417027,15:51:00,15:53:00,Skanderborg St.
2026-04-08,158419145,15:52:00,15:54:00,Sønderborg St.
2026-04-08,158419181,16:03:00,16:05:00,CPH Lufthavn
2026-04-08,158417142,16:04:00,16:06:00,Esbjerg St.
2026-04-08,158417482,16:11:00,16:13:00,Østerport St.
2026-04-08,158422260,16:12:00,16:15:00,Hamburg Hbf
2026-04-08,158418859,16:40:00,16:43:00,Flensburg
2026-04-08,158417470,16:46:00,16:48:00,Esbjerg St.
2026-04-08,158420626,16:53:00,16:55:00,Fredericia St.
2026-04-08,158420635,17:04:00,17:06:00,Esbjerg St.
2026-04-08,158417481,17:11:00,17:13:00,Østerport St.
2026-04-08,158418877,17:16:00,17:18:00,Fredericia St.
2026-04-08,158417469,17:46:00,17:48:00,Esbjerg St.
2026-04-08,158417019,17:51:00,17:53:00,Skanderborg St.
2026-04-08,158419140,17:52:00,17:54:00,Sønderborg St.
2026-04-08,158419177,18:03:00,18:05:00,CPH Lufthavn
2026-04-08,158417137,18:04:00,18:06:00,Esbjerg St.
2026-04-08,158417480,18:11:00,18:13:00,Østerport St.
2026-04-08,158422246,18:12:00,18:15:00,Hamburg Hbf
2026-04-08,158418858,18:40:00,18:43:00,Flensburg
2026-04-08,158417468,18:46:00,18:48:00,Esbjerg St.
2026-04-08,158417012,18:51:00,18:53:00,Skanderborg St.
2026-04-08,158417132,19:04:00,19:06:00,Esbjerg St.
2026-04-08,158417479,19:11:00,19:13:00,Østerport St.
2026-04-08,158418876,19:16:00,19:18:00,Fredericia St.
2026-04-08,158417467,19:46:00,19:48:00,Esbjerg St.
2026-04-08,158417007,19:51:00,19:53:00,Skanderborg St.
2026-04-08,158419134,19:52:00,19:54:00,Sønderborg St.
2026-04-08,158419173,20:03:00,20:05:00,CPH Lufthavn
2026-04-08,158417127,20:04:00,20:06:00,Esbjerg St.
2026-04-08,158417439,20:11:00,20:13:00,Østerport St.
2026-04-08,158418857,20:40:00,20:43:00,Flensburg
2026-04-08,158417466,20:46:00,20:48:00,Esbjerg St.
2026-04-08,158417002,20:51:00,20:53:00,Skanderborg St.
2026-04-08,158417121,21:04:00,21:06:00,Esbjerg St.
2026-04-08,158418875,21:16:00,21:18:00,Fredericia St.
2026-04-08,158417465,21:46:00,21:48:00,Esbjerg St.
2026-04-08,158416997,21:51:00,21:53:00,Aarhus H
2026-04-08,158419126,21:52:00,21:54:00,Sønderborg St.
2026-04-08,158419905,22:03:00,22:05:00,Odense St.
2026-04-08,158417117,22:04:00,22:06:00,Esbjerg St.
2026-04-08,158420227,22:39:00,22:39:00,Kolding St.
2026-04-08,158420222,22:49:00,22:49:00,Fredericia St.
2026-04-08,158418840,23:17:00,23:19:00,Fredericia St.
2026-04-08,158417110,23:25:00,23:27:00,Esbjerg St.
2026-04-08,158417104,23:29:00,23:31:00,Fredericia St.
2026-04-08,158419900,24:03:00,24:05:00,Fredericia St.
2026-04-08,158419909,24:07:00,24:09:00,Sønderborg St.
2026-04-08,158417097,24:29:00,24:31:00,Fredericia St.
2026-04-08,158418865,4:40:00,4:43:00,Flensburg
2026-04-08,158417492,5:11:00,5:13:00,Østerport St.
2026-04-08,158417185,5:20:00,5:22:00,Esbjerg St.
2026-04-08,158417107,5:51:00,5:53:00,Skanderborg St.
2026-04-08,158419168,5:52:00,5:54:00,Sønderborg St.
2026-04-08,158419202,6:03:00,6:05:00,CPH Lufthavn
2026-04-08,158417491,6:11:00,6:13:00,Østerport St.
2026-04-08,158417184,6:20:00,6:22:00,Esbjerg St.
2026-04-08,158418864,6:40:00,6:43:00,Flensburg
2026-04-08,158417478,6:46:00,6:48:00,Esbjerg St.
2026-04-08,158417090,6:51:00,6:53:00,Skanderborg St.
2026-04-08,158417180,7:04:00,7:06:00,Esbjerg St.
2026-04-08,158417489,7:11:00,7:13:00,Østerport St.
2026-04-08,158418881,7:16:00,7:18:00,Fredericia St.
2026-04-08,158417475,7:46:00,7:48:00,Esbjerg St.
2026-04-08,158417079,7:51:00,7:53:00,Skanderborg St.
2026-04-08,158419164,7:52:00,7:54:00,Sønderborg St.
2026-04-08,158419199,8:03:00,8:05:00,CPH Lufthavn
2026-04-08,158417174,8:04:00,8:06:00,Esbjerg St.
2026-04-08,158417477,8:11:00,8:13:00,Østerport St.
2026-04-08,158418863,8:40:00,8:43:00,Flensburg
2026-04-08,158417464,8:46:00,8:48:00,Esbjerg St.
2026-04-08,158420632,8:53:00,8:55:00,Fredericia St.
2026-04-08,158420642,9:04:00,9:06:00,Esbjerg St.
2026-04-08,158417476,9:11:00,9:13:00,Østerport St.
2026-04-08,158418880,9:16:00,9:18:00,Fredericia St.
2026-04-08,158417462,9:46:00,9:48:00,Esbjerg St.
2026-04-08,158417072,9:51:00,9:53:00,Skanderborg St.
2026-04-08,158419159,9:52:00,9:54:00,Sønderborg St.
2026-04-09,158419194,10:03:00,10:05:00,CPH Lufthavn
2026-04-09,158417170,10:04:00,10:06:00,Esbjerg St.
2026-04-09,158417488,10:11:00,10:13:00,Østerport St.
2026-04-09,158418862,10:40:00,10:43:00,Flensburg
2026-04-09,158417474,10:46:00,10:48:00,Esbjerg St.
2026-04-09,158417063,10:51:00,10:53:00,Skanderborg St.
2026-04-09,158417164,11:04:00,11:06:00,Esbjerg St.
2026-04-09,158417487,11:11:00,11:13:00,Østerport St.
2026-04-09,158418879,11:16:00,11:18:00,Fredericia St.
2026-04-09,158422251,11:44:00,11:46:00,København H
2026-04-09,158417473,11:46:00,11:48:00,Esbjerg St.
2026-04-09,158417052,11:51:00,11:53:00,Skanderborg St.
2026-04-09,158419154,11:52:00,11:54:00,Sønderborg St.
2026-04-09,158419190,12:03:00,12:05:00,CPH Lufthavn
2026-04-09,158417158,12:04:00,12:06:00,Esbjerg St.
2026-04-09,158417486,12:11:00,12:13:00,Østerport St.
2026-04-09,158418861,12:40:00,12:43:00,Flensburg
2026-04-09,158417461,12:46:00,12:48:00,Esbjerg St.
2026-04-09,158420629,12:53:00,12:55:00,Fredericia St.
2026-04-09,158420639,13:04:00,13:06:00,Esbjerg St.
2026-04-09,158417485,13:11:00,13:13:00,Østerport St.
2026-04-09,158418842,13:16:00,13:18:00,Fredericia St.
2026-04-09,158422271,13:44:00,13:46:00,København H
2026-04-09,158417472,13:46:00,13:48:00,Esbjerg St.
2026-04-09,158417043,13:51:00,13:53:00,Skanderborg St.
2026-04-09,158419150,13:52:00,13:54:00,Sønderborg St.
2026-04-09,158419186,14:03:00,14:05:00,CPH Lufthavn
2026-04-09,158417153,14:04:00,14:06:00,Esbjerg St.
2026-04-09,158417484,14:11:00,14:13:00,Østerport St.
2026-04-09,158418860,14:40:00,14:43:00,Flensburg
2026-04-09,158417471,14:46:00,14:48:00,Esbjerg St.
2026-04-09,158417035,14:51:00,14:53:00,Skanderborg St.
2026-04-09,158417147,15:04:00,15:06:00,Esbjerg St.
2026-04-09,158417483,15:11:00,15:13:00,Østerport St.
2026-04-09,158418878,15:16:00,15:18:00,Fredericia St.
2026-04-09,158417460,15:46:00,15:48:00,Esbjerg St.
2026-04-09,158417027,15:51:00,15:53:00,Skanderborg St.
2026-04-09,158419145,15:52:00,15:54:00,Sønderborg St.
2026-04-09,158419181,16:03:00,16:05:00,CPH Lufthavn
2026-04-09,158417142,16:04:00,16:06:00,Esbjerg St.
2026-04-09,158417482,16:11:00,16:13:00,Østerport St.
2026-04-09,158422260,16:12:00,16:15:00,Hamburg Hbf
2026-04-09,158418859,16:40:00,16:43:00,Flensburg
2026-04-09,158417470,16:46:00,16:48:00,Esbjerg St.
2026-04-09,158420626,16:53:00,16:55:00,Fredericia St.
2026-04-09,158420635,17:04:00,17:06:00,Esbjerg St.
2026-04-09,158417481,17:11:00,17:13:00,Østerport St.
2026-04-09,158418877,17:16:00,17:18:00,Fredericia St.
2026-04-09,158417469,17:46:00,17:48:00,Esbjerg St.
2026-04-09,158417019,17:51:00,17:53:00,Skanderborg St.
2026-04-09,158419140,17:52:00,17:54:00,Sønderborg St.
2026-04-09,158419177,18:03:00,18:05:00,CPH Lufthavn
2026-04-09,158417137,18:04:00,18:06:00,Esbjerg St.
2026-04-09,158417480,18:11:00,18:13:00,Østerport St.
2026-04-09,158422246,18:12:00,18:15:00,Hamburg Hbf
2026-04-09,158418858,18:40:00,18:43:00,Flensburg
2026-04-09,158417468,18:46:00,18:48:00,Esbjerg St.
2026-04-09,158417012,18:51:00,18:53:00,Skanderborg St.
2026-04-09,158417132,19:04:00,19:06:00,Esbjerg St.
2026-04-09,158417479,19:11:00,19:13:00,Østerport St.
2026-04-09,158418876,19:16:00,19:18:00,Fredericia St.
2026-04-09,158417467,19:46:00,19:48:00,Esbjerg St.
2026-04-09,158417007,19:51:00,19:53:00,Skanderborg St.
2026-04-09,158419134,19:52:00,19:54:00,Sønderborg St.
2026-04-09,158419173,20:03:00,20:05:00,CPH Lufthavn
2026-04-09,158417127,20:04:00,20:06:00,Esbjerg St.
2026-04-09,158417439,20:11:00,20:13:00,Østerport St.
2026-04-09,158418857,20:40:00,20:43:00,Flensburg
2026-04-09,158417466,20:46:00,20:48:00,Esbjerg St.
2026-04-09,158417002,20:51:00,20:53:00,Skanderborg St.
2026-04-09,158417121,21:04:00,21:06:00,Esbjerg St.
2026-04-09,158418875,21:16:00,21:18:00,Fredericia St.
2026-04-09,158417465,21:46:00,21:48:00,Esbjerg St.
2026-04-09,158416997,21:51:00,21:53:00,Aarhus H
2026-04-09,158419126,21:52:00,21:54:00,Sønderborg St.
2026-04-09,158419905,22:03:00,22:05:00,Odense St.
2026-04-09,158417117,22:04:00,22:06:00,Esbjerg St.
2026-04-09,158420227,22:39:00,22:39:00,Kolding St.
2026-04-09,158420222,22:49:00,22:49:00,Fredericia St.
2026-04-09,158418840,23:17:00,23:19:00,Fredericia St.
2026-04-09,158417110,23:25:00,23:27:00,Esbjerg St.
2026-04-09,158417104,23:29:00,23:31:00,Fredericia St.
2026-04-09,158419900,24:03:00,24:05:00,Fredericia St.
2026-04-09,158419909,24:07:00,24:09:00,Sønderborg St.
2026-04-09,158417097,24:29:00,24:31:00,Fredericia St.
2026-04-09,158418865,4:40:00,4:43:00,Flensburg
2026-04-09,158417492,5:11:00,5:13:00,Østerport St.
2026-04-09,158417185,5:20:00,5:22:00,Esbjerg St.
2026-04-09,158417107,5:51:00,5:53:00,Skanderborg St.
2026-04-09,158419168,5:52:00,5:54:00,Sønderborg St.
2026-04-09,158419202,6:03:00,6:05:00,CPH Lufthavn
2026-04-09,158417491,6:11:00,6:13:00,Østerport St.
2026-04-09,158417184,6:20:00,6:22:00,Esbjerg St.
2026-04-09,158418864,6:40:00,6:43:00,Flensburg
2026-04-09,158417478,6:46:00,6:48:00,Esbjerg St.
2026-04-09,158417090,6:51:00,6:53:00,Skanderborg St.
2026-04-09,158417180,7:04:00,7:06:00,Esbjerg St.
2026-04-09,158417489,7:11:00,7:13:00,Østerport St.
2026-04-09,158418881,7:16:00,7:18:00,Fredericia St.
2026-04-09,158417475,7:46:00,7:48:00,Esbjerg St.
2026-04-09,158417079,7:51:00,7:53:00,Skanderborg St.
2026-04-09,158419164,7:52:00,7:54:00,Sønderborg St.
2026-04-09,158419199,8:03:00,8:05:00,CPH Lufthavn
2026-04-09,158417174,8:04:00,8:06:00,Esbjerg St.
2026-04-09,158417477,8:11:00,8:13:00,Østerport St.
2026-04-09,158418863,8:40:00,8:43:00,Flensburg
2026-04-09,158417464,8:46:00,8:48:00,Esbjerg St.
2026-04-09,158420632,8:53:00,8:55:00,Fredericia St.
2026-04-09,158420642,9:04:00,9:06:00,Esbjerg St.
2026-04-09,158417476,9:11:00,9:13:00,Østerport St.
2026-04-09,158418880,9:16:00,9:18:00,Fredericia St.
2026-04-09,158417462,9:46:00,9:48:00,Esbjerg St.
2026-04-09,158417072,9:51:00,9:53:00,Skanderborg St.
2026-04-09,158419159,9:52:00,9:54:00,Sønderborg St.
2026-04-10,158419194,10:03:00,10:05:00,CPH Lufthavn
2026-04-10,158417170,10:04:00,10:06:00,Esbjerg St.
2026-04-10,158417488,10:11:00,10:13:00,Østerport St.
2026-04-10,158418862,10:40:00,10:43:00,Flensburg
2026-04-10,158417474,10:46:00,10:48:00,Esbjerg St.
2026-04-10,158417063,10:51:00,10:53:00,Skanderborg St.
2026-04-10,158417164,11:04:00,11:06:00,Esbjerg St.
2026-04-10,158417487,11:11:00,11:13:00,Østerport St.
2026-04-10,158418879,11:16:00,11:18:00,Fredericia St.
2026-04-10,158422251,11:44:00,11:46:00,København H
2026-04-10,158417473,11:46:00,11:48:00,Esbjerg St.
2026-04-10,158417052,11:51:00,11:53:00,Skanderborg St.
2026-04-10,158419154,11:52:00,11:54:00,Sønderborg St.
2026-04-10,158419190,12:03:00,12:05:00,CPH Lufthavn
2026-04-10,158417158,12:04:00,12:06:00,Esbjerg St.
2026-04-10,158417486,12:11:00,12:13:00,Østerport St.
2026-04-10,158418861,12:40:00,12:43:00,Flensburg
2026-04-10,158417461,12:46:00,12:48:00,Esbjerg St.
2026-04-10,158420629,12:53:00,12:55:00,Fredericia St.
2026-04-10,158420639,13:04:00,13:06:00,Esbjerg St.
2026-04-10,158417485,13:11:00,13:13:00,Østerport St.
2026-04-10,158418842,13:16:00,13:18:00,Fredericia St.
2026-04-10,158422271,13:44:00,13:46:00,København H
2026-04-10,158417472,13:46:00,13:48:00,Esbjerg St.
2026-04-10,158417043,13:51:00,13:53:00,Skanderborg St.
2026-04-10,158419150,13:52:00,13:54:00,Sønderborg St.
2026-04-10,158419186,14:03:00,14:05:00,CPH Lufthavn
2026-04-10,158417153,14:04:00,14:06:00,Esbjerg St.
2026-04-10,158417484,14:11:00,14:13:00,Østerport St.
2026-04-10,158418860,14:40:00,14:43:00,Flensburg
2026-04-10,158417471,14:46:00,14:48:00,Esbjerg St.
2026-04-10,158417035,14:51:00,14:53:00,Skanderborg St.
2026-04-10,158417147,15:04:00,15:06:00,Esbjerg St.
2026-04-10,158417483,15:11:00,15:13:00,Østerport St.
2026-04-10,158418878,15:16:00,15:18:00,Fredericia St.
2026-04-10,158417460,15:46:00,15:48:00,Esbjerg St.
2026-04-10,158417027,15:51:00,15:53:00,Skanderborg St.
2026-04-10,158419145,15:52:00,15:54:00,Sønderborg St.
2026-04-10,158419181,16:03:00,16:05:00,CPH Lufthavn
2026-04-10,158417142,16:04:00,16:06:00,Esbjerg St.
2026-04-10,158417482,16:11:00,16:13:00,Østerport St.
2026-04-10,158422260,16:12:00,16:15:00,Hamburg Hbf
2026-04-10,158418859,16:40:00,16:43:00,Flensburg
2026-04-10,158417470,16:46:00,16:48:00,Esbjerg St.
2026-04-10,158420626,16:53:00,16:55:00,Fredericia St.
2026-04-10,158420635,17:04:00,17:06:00,Esbjerg St.
2026-04-10,158417481,17:11:00,17:13:00,Østerport St.
2026-04-10,158418877,17:16:00,17:18:00,Fredericia St.
2026-04-10,158417469,17:46:00,17:48:00,Esbjerg St.
2026-04-10,158417019,17:51:00,17:53:00,Skanderborg St.
2026-04-10,158419140,17:52:00,17:54:00,Sønderborg St.
2026-04-10,158419177,18:03:00,18:05:00,CPH Lufthavn
2026-04-10,158417137,18:04:00,18:06:00,Esbjerg St.
2026-04-10,158417480,18:11:00,18:13:00,Østerport St.
2026-04-10,158422246,18:12:00,18:15:00,Hamburg Hbf
2026-04-10,158418858,18:40:00,18:43:00,Flensburg
2026-04-10,158417468,18:46:00,18:48:00,Esbjerg St.
2026-04-10,158417012,18:51:00,18:53:00,Skanderborg St.
2026-04-10,158417132,19:04:00,19:06:00,Esbjerg St.
2026-04-10,158417479,19:11:00,19:13:00,Østerport St.
2026-04-10,158418876,19:16:00,19:18:00,Fredericia St.
2026-04-10,158417467,19:46:00,19:48:00,Esbjerg St.
2026-04-10,158417007,19:51:00,19:53:00,Skanderborg St.
2026-04-10,158419134,19:52:00,19:54:00,Sønderborg St.
2026-04-10,158419173,20:03:00,20:05:00,CPH Lufthavn
2026-04-10,158417127,20:04:00,20:06:00,Esbjerg St.
2026-04-10,158417439,20:11:00,20:13:00,Østerport St.
2026-04-10,158418857,20:40:00,20:43:00,Flensburg
2026-04-10,158417466,20:46:00,20:48:00,Esbjerg St.
2026-04-10,158417002,20:51:00,20:53:00,Skanderborg St.
2026-04-10,158417121,21:04:00,21:06:00,Esbjerg St.
2026-04-10,158418875,21:16:00,21:18:00,Fredericia St.
2026-04-10,158417465,21:46:00,21:48:00,Esbjerg St.
2026-04-10,158416997,21:51:00,21:53:00,Aarhus H
2026-04-10,158419126,21:52:00,21:54:00,Sønderborg St.
2026-04-10,158419905,22:03:00,22:05:00,Odense St.
2026-04-10,158417117,22:04:00,22:06:00,Esbjerg St.
2026-04-10,158420227,22:39:00,22:39:00,Kolding St.
2026-04-10,158420222,22:49:00,22:49:00,Fredericia St.
2026-04-10,158418840,23:17:00,23:19:00,Fredericia St.
2026-04-10,158417110,23:25:00,23:27:00,Esbjerg St.
2026-04-10,158417098,23:29:00,23:31:00,CPH Lufthavn
2026-04-10,158419900,24:03:00,24:05:00,Fredericia St.
2026-04-10,158419909,24:07:00,24:09:00,Sønderborg St.
2026-04-10,158417097,24:29:00,24:31:00,Fredericia St.
2026-04-10,158418865,4:40:00,4:43:00,Flensburg
2026-04-10,158417492,5:11:00,5:13:00,Østerport St.
2026-04-10,158417185,5:20:00,5:22:00,Esbjerg St.
2026-04-10,158417107,5:51:00,5:53:00,Skanderborg St.
2026-04-10,158419168,5:52:00,5:54:00,Sønderborg St.
2026-04-10,158419202,6:03:00,6:05:00,CPH Lufthavn
2026-04-10,158417491,6:11:00,6:13:00,Østerport St.
2026-04-10,158417184,6:20:00,6:22:00,Esbjerg St.
2026-04-10,158418864,6:40:00,6:43:00,Flensburg
2026-04-10,158417478,6:46:00,6:48:00,Esbjerg St.
2026-04-10,158417090,6:51:00,6:53:00,Skanderborg St.
2026-04-10,158417180,7:04:00,7:06:00,Esbjerg St.
2026-04-10,158417489,7:11:00,7:13:00,Østerport St.
2026-04-10,158418881,7:16:00,7:18:00,Fredericia St.
2026-04-10,158417475,7:46:00,7:48:00,Esbjerg St.
2026-04-10,158417079,7:51:00,7:53:00,Skanderborg St.
2026-04-10,158419164,7:52:00,7:54:00,Sønderborg St.
2026-04-10,158419199,8:03:00,8:05:00,CPH Lufthavn
2026-04-10,158417174,8:04:00,8:06:00,Esbjerg St.
2026-04-10,158417477,8:11:00,8:13:00,Østerport St.
2026-04-10,158418863,8:40:00,8:43:00,Flensburg
2026-04-10,158417464,8:46:00,8:48:00,Esbjerg St.
2026-04-10,158420632,8:53:00,8:55:00,Fredericia St.
2026-04-10,158420642,9:04:00,9:06:00,Esbjerg St.
2026-04-10,158417476,9:11:00,9:13:00,Østerport St.
2026-04-10,158418880,9:16:00,9:18:00,Fredericia St.
2026-04-10,158417462,9:46:00,9:48:00,Esbjerg St.
2026-04-10,158417072,9:51:00,9:53:00,Skanderborg St.
2026-04-10,158419159,9:52:00,9:54:00,Sønderborg St.
2026-04-11,158419194,10:03:00,10:05:00,CPH Lufthavn
2026-04-11,158417170,10:04:00,10:06:00,Esbjerg St.
2026-04-11,158417488,10:11:00,10:13:00,Østerport St.
2026-04-11,158422286,10:12:00,10:15:00,Hamburg Hbf
2026-04-11,158418862,10:40:00,10:43:00,Flensburg
2026-04-11,158417474,10:46:00,10:48:00,Esbjerg St.
2026-04-11,158417063,10:51:00,10:53:00,Skanderborg St.
2026-04-11,158417164,11:04:00,11:06:00,Esbjerg St.
2026-04-11,158417487,11:11:00,11:13:00,Østerport St.
2026-04-11,158418879,11:16:00,11:18:00,Fredericia St.
2026-04-11,158422251,11:44:00,11:46:00,København H
2026-04-11,158417473,11:46:00,11:48:00,Esbjerg St.
2026-04-11,158417052,11:51:00,11:53:00,Skanderborg St.
2026-04-11,158419154,11:52:00,11:54:00,Sønderborg St.
2026-04-11,158419190,12:03:00,12:05:00,CPH Lufthavn
2026-04-11,158417158,12:04:00,12:06:00,Esbjerg St.
2026-04-11,158417486,12:11:00,12:13:00,Østerport St.
2026-04-11,158418861,12:40:00,12:43:00,Flensburg
2026-04-11,158417461,12:46:00,12:48:00,Esbjerg St.
2026-04-11,158420629,12:53:00,12:55:00,Fredericia St.
2026-04-11,158420639,13:04:00,13:06:00,Esbjerg St.
2026-04-11,158417485,13:11:00,13:13:00,Østerport St.
2026-04-11,158418842,13:16:00,13:18:00,Fredericia St.
2026-04-11,158422271,13:44:00,13:46:00,København H
2026-04-11,158417472,13:46:00,13:48:00,Esbjerg St.
2026-04-11,158417043,13:51:00,13:53:00,Skanderborg St.
2026-04-11,158419150,13:52:00,13:54:00,Sønderborg St.
2026-04-11,158419186,14:03:00,14:05:00,CPH Lufthavn
2026-04-11,158417153,14:04:00,14:06:00,Esbjerg St.
2026-04-11,158417484,14:11:00,14:13:00,Østerport St.
2026-04-11,158418860,14:40:00,14:43:00,Flensburg
2026-04-11,158417471,14:46:00,14:48:00,Esbjerg St.
2026-04-11,158417035,14:51:00,14:53:00,Skanderborg St.
2026-04-11,158417147,15:04:00,15:06:00,Esbjerg St.
2026-04-11,158417483,15:11:00,15:13:00,Østerport St.
2026-04-11,158418878,15:16:00,15:18:00,Fredericia St.
2026-04-11,158417460,15:46:00,15:48:00,Esbjerg St.
2026-04-11,158417027,15:51:00,15:53:00,Skanderborg St.
2026-04-11,158419145,15:52:00,15:54:00,Sønderborg St.
2026-04-11,158419181,16:03:00,16:05:00,CPH Lufthavn
2026-04-11,158417142,16:04:00,16:06:00,Esbjerg St.
2026-04-11,158417482,16:11:00,16:13:00,Østerport St.
2026-04-11,158422260,16:12:00,16:15:00,Hamburg Hbf
2026-04-11,158418859,16:40:00,16:43:00,Flensburg
2026-04-11,158417470,16:46:00,16:48:00,Esbjerg St.
2026-04-11,158420626,16:53:00,16:55:00,Fredericia St.
2026-04-11,158420635,17:04:00,17:06:00,Esbjerg St.
2026-04-11,158417481,17:11:00,17:13:00,Østerport St.
2026-04-11,158418877,17:16:00,17:18:00,Fredericia St.
2026-04-11,158422272,17:44:00,17:46:00,København H
2026-04-11,158417469,17:46:00,17:48:00,Esbjerg St.
2026-04-11,158417019,17:51:00,17:53:00,Skanderborg St.
2026-04-11,158419140,17:52:00,17:54:00,Sønderborg St.
2026-04-11,158419177,18:03:00,18:05:00,CPH Lufthavn
2026-04-11,158417137,18:04:00,18:06:00,Esbjerg St.
2026-04-11,158417480,18:11:00,18:13:00,Østerport St.
2026-04-11,158422246,18:12:00,18:15:00,Hamburg Hbf
2026-04-11,158418858,18:40:00,18:43:00,Flensburg
2026-04-11,158417468,18:46:00,18:48:00,Esbjerg St.
2026-04-11,158417012,18:51:00,18:53:00,Skanderborg St.
2026-04-11,158417132,19:04:00,19:06:00,Esbjerg St.
2026-04-11,158417479,19:11:00,19:13:00,Østerport St.
2026-04-11,158418876,19:16:00,19:18:00,Fredericia St.
2026-04-11,158417467,19:46:00,19:48:00,Esbjerg St.
2026-04-11,158417007,19:51:00,19:53:00,Skanderborg St.
2026-04-11,158419134,19:52:00,19:54:00,Sønderborg St.
2026-04-11,158419173,20:03:00,20:05:00,CPH Lufthavn
2026-04-11,158417127,20:04:00,20:06:00,Esbjerg St.
2026-04-11,158417439,20:11:00,20:13:00,Østerport St.
2026-04-11,158418857,20:40:00,20:43:00,Flensburg
2026-04-11,158417466,20:46:00,20:48:00,Esbjerg St.
2026-04-11,158417002,20:51:00,20:53:00,Skanderborg St.
2026-04-11,158417121,21:04:00,21:06:00,Esbjerg St.
2026-04-11,158418875,21:16:00,21:18:00,Fredericia St.
2026-04-11,158417465,21:46:00,21:48:00,Esbjerg St.
2026-04-11,158416997,21:51:00,21:53:00,Aarhus H
2026-04-11,158419126,21:52:00,21:54:00,Sønderborg St.
2026-04-11,158419905,22:03:00,22:05:00,Odense St.
2026-04-11,158417117,22:04:00,22:06:00,Esbjerg St.
2026-04-11,158418840,23:17:00,23:19:00,Fredericia St.
2026-04-11,158417110,23:25:00,23:27:00,Esbjerg St.
2026-04-11,158417098,23:29:00,23:31:00,CPH Lufthavn
2026-04-11,158419900,24:03:00,24:05:00,Fredericia St.
2026-04-11,158419909,24:07:00,24:09:00,Sønderborg St.
2026-04-11,158417097,24:29:00,24:31:00,Fredericia St.
2026-04-11,158418865,4:40:00,4:43:00,Flensburg
2026-04-11,158417184,6:20:00,6:22:00,Esbjerg St.
2026-04-11,158418864,6:40:00,6:43:00,Flensburg
2026-04-11,158417091,6:51:00,6:53:00,Aarhus H
2026-04-11,158417180,7:04:00,7:06:00,Esbjerg St.
2026-04-11,158417489,7:11:00,7:13:00,Østerport St.
2026-04-11,158418881,7:16:00,7:18:00,Fredericia St.
2026-04-11,158417079,7:51:00,7:53:00,Skanderborg St.
2026-04-11,158419911,7:52:00,7:54:00,Sønderborg St.
2026-04-11,158419199,8:03:00,8:05:00,CPH Lufthavn
2026-04-11,158417174,8:04:00,8:06:00,Esbjerg St.
2026-04-11,158417477,8:11:00,8:13:00,Østerport St.
2026-04-11,158418863,8:40:00,8:43:00,Flensburg
2026-04-11,158417463,8:46:00,8:48:00,Esbjerg St.
2026-04-11,158420632,8:53:00,8:55:00,Fredericia St.
2026-04-11,158420642,9:04:00,9:06:00,Esbjerg St.
2026-04-11,158417476,9:11:00,9:13:00,Østerport St.
2026-04-11,158418880,9:16:00,9:18:00,Fredericia St.
2026-04-11,158417459,9:46:00,9:48:00,Esbjerg St.
2026-04-11,158417072,9:51:00,9:53:00,Skanderborg St.
2026-04-11,158419159,9:52:00,9:54:00,Sønderborg St.
2026-04-12,158419194,10:03:00,10:05:00,CPH Lufthavn
2026-04-12,158417170,10:04:00,10:06:00,Esbjerg St.
2026-04-12,158417488,10:11:00,10:13:00,Østerport St.
2026-04-12,158422286,10:12:00,10:15:00,Hamburg Hbf
2026-04-12,158418862,10:40:00,10:43:00,Flensburg
2026-04-12,158417474,10:46:00,10:48:00,Esbjerg St.
2026-04-12,158417063,10:51:00,10:53:00,Skanderborg St.
2026-04-12,158417164,11:04:00,11:06:00,Esbjerg St.
2026-04-12,158417487,11:11:00,11:13:00,Østerport St.
2026-04-12,158418879,11:16:00,11:18:00,Fredericia St.
2026-04-12,158422251,11:44:00,11:46:00,København H
2026-04-12,158417473,11:46:00,11:48:00,Esbjerg St.
2026-04-12,158417052,11:51:00,11:53:00,Skanderborg St.
2026-04-12,158419154,11:52:00,11:54:00,Sønderborg St.
2026-04-12,158419190,12:03:00,12:05:00,CPH Lufthavn
2026-04-12,158417158,12:04:00,12:06:00,Esbjerg St.
2026-04-12,158417486,12:11:00,12:13:00,Østerport St.
2026-04-12,158418861,12:40:00,12:43:00,Flensburg
2026-04-12,158417461,12:46:00,12:48:00,Esbjerg St.
2026-04-12,158420629,12:53:00,12:55:00,Fredericia St.
2026-04-12,158420639,13:04:00,13:06:00,Esbjerg St.
2026-04-12,158417485,13:11:00,13:13:00,Østerport St.
2026-04-12,158418842,13:16:00,13:18:00,Fredericia St.
2026-04-12,158422271,13:44:00,13:46:00,København H
2026-04-12,158417472,13:46:00,13:48:00,Esbjerg St.
2026-04-12,158417043,13:51:00,13:53:00,Skanderborg St.
2026-04-12,158419150,13:52:00,13:54:00,Sønderborg St.
2026-04-12,158419186,14:03:00,14:05:00,CPH Lufthavn
2026-04-12,158417153,14:04:00,14:06:00,Esbjerg St.
2026-04-12,158417484,14:11:00,14:13:00,Østerport St.
2026-04-12,158418860,14:40:00,14:43:00,Flensburg
2026-04-12,158417471,14:46:00,14:48:00,Esbjerg St.
2026-04-12,158417035,14:51:00,14:53:00,Skanderborg St.
2026-04-12,158417147,15:04:00,15:06:00,Esbjerg St.
2026-04-12,158417483,15:11:00,15:13:00,Østerport St.
2026-04-12,158418878,15:16:00,15:18:00,Fredericia St.
2026-04-12,158417460,15:46:00,15:48:00,Esbjerg St.
2026-04-12,158417027,15:51:00,15:53:00,Skanderborg St.
2026-04-12,158419145,15:52:00,15:54:00,Sønderborg St.
2026-04-12,158419181,16:03:00,16:05:00,CPH Lufthavn
2026-04-12,158417142,16:04:00,16:06:00,Esbjerg St.
2026-04-12,158417482,16:11:00,16:13:00,Østerport St.
2026-04-12,158422260,16:12:00,16:15:00,Hamburg Hbf
2026-04-12,158418859,16:40:00,16:43:00,Flensburg
2026-04-12,158417470,16:46:00,16:48:00,Esbjerg St.
2026-04-12,158420626,16:53:00,16:55:00,Fredericia St.
2026-04-12,158420635,17:04:00,17:06:00,Esbjerg St.
2026-04-12,158417481,17:11:00,17:13:00,Østerport St.
2026-04-12,158418877,17:16:00,17:18:00,Fredericia St.
2026-04-12,158422272,17:44:00,17:46:00,København H
2026-04-12,158417469,17:46:00,17:48:00,Esbjerg St.
2026-04-12,158417019,17:51:00,17:53:00,Skanderborg St.
2026-04-12,158419140,17:52:00,17:54:00,Sønderborg St.
2026-04-12,158419177,18:03:00,18:05:00,CPH Lufthavn
2026-04-12,158417137,18:04:00,18:06:00,Esbjerg St.
2026-04-12,158417480,18:11:00,18:13:00,Østerport St.
2026-04-12,158422246,18:12:00,18:15:00,Hamburg Hbf
2026-04-12,158418858,18:40:00,18:43:00,Flensburg
2026-04-12,158417468,18:46:00,18:48:00,Esbjerg St.
2026-04-12,158417012,18:51:00,18:53:00,Skanderborg St.
2026-04-12,158417132,19:04:00,19:06:00,Esbjerg St.
2026-04-12,158417479,19:11:00,19:13:00,Østerport St.
2026-04-12,158418876,19:16:00,19:18:00,Fredericia St.
2026-04-12,158417467,19:46:00,19:48:00,Esbjerg St.
2026-04-12,158417007,19:51:00,19:53:00,Skanderborg St.
2026-04-12,158419134,19:52:00,19:54:00,Sønderborg St.
2026-04-12,158419173,20:03:00,20:05:00,CPH Lufthavn
2026-04-12,158417127,20:04:00,20:06:00,Esbjerg St.
2026-04-12,158417440,20:11:00,20:13:00,København H
2026-04-12,158418857,20:40:00,20:43:00,Flensburg
2026-04-12,158417466,20:46:00,20:48:00,Esbjerg St.
2026-04-12,158417002,20:51:00,20:53:00,Skanderborg St.
2026-04-12,158417121,21:04:00,21:06:00,Esbjerg St.
2026-04-12,158418875,21:16:00,21:18:00,Fredericia St.
2026-04-12,158417465,21:46:00,21:48:00,Esbjerg St.
2026-04-12,158416997,21:51:00,21:53:00,Aarhus H
2026-04-12,158419126,21:52:00,21:54:00,Sønderborg St.
2026-04-12,158419905,22:03:00,22:05:00,Odense St.
2026-04-12,158417117,22:04:00,22:06:00,Esbjerg St.
2026-04-12,158418840,23:17:00,23:19:00,Fredericia St.
2026-04-12,158417110,23:25:00,23:27:00,Esbjerg St.
2026-04-12,158417104,23:29:00,23:31:00,Fredericia St.
2026-04-12,158419900,24:03:00,24:05:00,Fredericia St.
2026-04-12,158419909,24:07:00,24:09:00,Sønderborg St.
2026-04-12,158417097,24:29:00,24:31:00,Fredericia St.
2026-04-12,158417184,6:20:00,6:22:00,Esbjerg St.
2026-04-12,158418864,6:40:00,6:43:00,Flensburg
2026-04-12,158417091,6:51:00,6:53:00,Aarhus H
2026-04-12,158417180,7:04:00,7:06:00,Esbjerg St.
2026-04-12,158417489,7:11:00,7:13:00,Østerport St.
2026-04-12,158417079,7:51:00,7:53:00,Skanderborg St.
2026-04-12,158419911,7:52:00,7:54:00,Sønderborg St.
2026-04-12,158419199,8:03:00,8:05:00,CPH Lufthavn
2026-04-12,158417174,8:04:00,8:06:00,Esbjerg St.
2026-04-12,158417477,8:11:00,8:13:00,Østerport St.
2026-04-12,158418863,8:40:00,8:43:00,Flensburg
2026-04-12,158417463,8:46:00,8:48:00,Esbjerg St.
2026-04-12,158420632,8:53:00,8:55:00,Fredericia St.
2026-04-12,158420642,9:04:00,9:06:00,Esbjerg St.
2026-04-12,158417476,9:11:00,9:13:00,Østerport St.
2026-04-12,158418880,9:16:00,9:18:00,Fredericia St.
2026-04-12,158417459,9:46:00,9:48:00,Esbjerg St.
2026-04-12,158417072,9:51:00,9:53:00,Skanderborg St.
2026-04-12,158419159,9:52:00,9:54:00,Sønderborg St.
2026-04-13,158419194,10:03:00,10:05:00,CPH Lufthavn
2026-04-13,158417170,10:04:00,10:06:00,Esbjerg St.
2026-04-13,158417488,10:11:00,10:13:00,Østerport St.
2026-04-13,158418862,10:40:00,10:43:00,Flensburg
2026-04-13,158417474,10:46:00,10:48:00,Esbjerg St.
2026-04-13,158417063,10:51:00,10:53:00,Skanderborg St.
2026-04-13,158417164,11:04:00,11:06:00,Esbjerg St.
2026-04-13,158417487,11:11:00,11:13:00,Østerport St.
2026-04-13,158418879,11:16:00,11:18:00,Fredericia St.
2026-04-13,158422251,11:44:00,11:46:00,København H
2026-04-13,158417473,11:46:00,11:48:00,Esbjerg St.
2026-04-13,158417052,11:51:00,11:53:00,Skanderborg St.
2026-04-13,158419154,11:52:00,11:54:00,Sønderborg St.
2026-04-13,158419190,12:03:00,12:05:00,CPH Lufthavn
2026-04-13,158417158,12:04:00,12:06:00,Esbjerg St.
2026-04-13,158417486,12:11:00,12:13:00,Østerport St.
2026-04-13,158418861,12:40:00,12:43:00,Flensburg
2026-04-13,158417461,12:46:00,12:48:00,Esbjerg St.
2026-04-13,158420629,12:53:00,12:55:00,Fredericia St.
2026-04-13,158420639,13:04:00,13:06:00,Esbjerg St.
2026-04-13,158417485,13:11:00,13:13:00,Østerport St.
2026-04-13,158418842,13:16:00,13:18:00,Fredericia St.
2026-04-13,158422271,13:44:00,13:46:00,København H
2026-04-13,158417472,13:46:00,13:48:00,Esbjerg St.
2026-04-13,158417043,13:51:00,13:53:00,Skanderborg St.
2026-04-13,158419150,13:52:00,13:54:00,Sønderborg St.
2026-04-13,158419186,14:03:00,14:05:00,CPH Lufthavn
2026-04-13,158417153,14:04:00,14:06:00,Esbjerg St.
2026-04-13,158417484,14:11:00,14:13:00,Østerport St.
2026-04-13,158418860,14:40:00,14:43:00,Flensburg
2026-04-13,158417471,14:46:00,14:48:00,Esbjerg St.
2026-04-13,158417035,14:51:00,14:53:00,Skanderborg St.
2026-04-13,158417147,15:04:00,15:06:00,Esbjerg St.
2026-04-13,158417483,15:11:00,15:13:00,Østerport St.
2026-04-13,158418878,15:16:00,15:18:00,Fredericia St.
2026-04-13,158417460,15:46:00,15:48:00,Esbjerg St.
2026-04-13,158417027,15:51:00,15:53:00,Skanderborg St.
2026-04-13,158419145,15:52:00,15:54:00,Sønderborg St.
2026-04-13,158419181,16:03:00,16:05:00,CPH Lufthavn
2026-04-13,158417142,16:04:00,16:06:00,Esbjerg St.
2026-04-13,158417482,16:11:00,16:13:00,Østerport St.
2026-04-13,158422260,16:12:00,16:15:00,Hamburg Hbf
2026-04-13,158418859,16:40:00,16:43:00,Flensburg
2026-04-13,158417470,16:46:00,16:48:00,Esbjerg St.
2026-04-13,158420626,16:53:00,16:55:00,Fredericia St.
2026-04-13,158420635,17:04:00,17:06:00,Esbjerg St.
2026-04-13,158417481,17:11:00,17:13:00,Østerport St.
2026-04-13,158418877,17:16:00,17:18:00,Fredericia St.
2026-04-13,158417469,17:46:00,17:48:00,Esbjerg St.
2026-04-13,158417019,17:51:00,17:53:00,Skanderborg St.
2026-04-13,158419140,17:52:00,17:54:00,Sønderborg St.
2026-04-13,158419177,18:03:00,18:05:00,CPH Lufthavn
2026-04-13,158417137,18:04:00,18:06:00,Esbjerg St.
2026-04-13,158417480,18:11:00,18:13:00,Østerport St.
2026-04-13,158422246,18:12:00,18:15:00,Hamburg Hbf
2026-04-13,158418858,18:40:00,18:43:00,Flensburg
2026-04-13,158417468,18:46:00,18:48:00,Esbjerg St.
2026-04-13,158417012,18:51:00,18:53:00,Skanderborg St.
2026-04-13,158417132,19:04:00,19:06:00,Esbjerg St.
2026-04-13,158417479,19:11:00,19:13:00,Østerport St.
2026-04-13,158418876,19:16:00,19:18:00,Fredericia St.
2026-04-13,158417467,19:46:00,19:48:00,Esbjerg St.
2026-04-13,158417007,19:51:00,19:53:00,Skanderborg St.
2026-04-13,158419134,19:52:00,19:54:00,Sønderborg St.
2026-04-13,158419173,20:03:00,20:05:00,CPH Lufthavn
2026-04-13,158417127,20:04:00,20:06:00,Esbjerg St.
2026-04-13,158417439,20:11:00,20:13:00,Østerport St.
2026-04-13,158418857,20:40:00,20:43:00,Flensburg
2026-04-13,158417466,20:46:00,20:48:00,Esbjerg St.
2026-04-13,158417002,20:51:00,20:53:00,Skanderborg St.
2026-04-13,158417121,21:04:00,21:06:00,Esbjerg St.
2026-04-13,158418875,21:16:00,21:18:00,Fredericia St.
2026-04-13,158417465,21:46:00,21:48:00,Esbjerg St.
2026-04-13,158416997,21:51:00,21:53:00,Aarhus H
2026-04-13,158419126,21:52:00,21:54:00,Sønderborg St.
2026-04-13,158419905,22:03:00,22:05:00,Odense St.
2026-04-13,158417117,22:04:00,22:06:00,Esbjerg St.
2026-04-13,158420227,22:39:00,22:39:00,Kolding St.
2026-04-13,158420222,22:49:00,22:49:00,Fredericia St.
2026-04-13,158418840,23:17:00,23:19:00,Fredericia St.
2026-04-13,158417110,23:25:00,23:27:00,Esbjerg St.
2026-04-13,158417104,23:29:00,23:31:00,Fredericia St.
2026-04-13,158419900,24:03:00,24:05:00,Fredericia St.
2026-04-13,158419909,24:07:00,24:09:00,Sønderborg St.
2026-04-13,158417097,24:29:00,24:31:00,Fredericia St.
2026-04-13,158418865,4:40:00,4:43:00,Flensburg
2026-04-13,158417492,5:11:00,5:13:00,Østerport St.
2026-04-13,158417185,5:20:00,5:22:00,Esbjerg St.
2026-04-13,158417107,5:51:00,5:53:00,Skanderborg St.
2026-04-13,158419168,5:52:00,5:54:00,Sønderborg St.
2026-04-13,158419202,6:03:00,6:05:00,CPH Lufthavn
2026-04-13,158417491,6:11:00,6:13:00,Østerport St.
2026-04-13,158417184,6:20:00,6:22:00,Esbjerg St.
2026-04-13,158418864,6:40:00,6:43:00,Flensburg
2026-04-13,158417478,6:46:00,6:48:00,Esbjerg St.
2026-04-13,158417090,6:51:00,6:53:00,Skanderborg St.
2026-04-13,158417180,7:04:00,7:06:00,Esbjerg St.
2026-04-13,158417489,7:11:00,7:13:00,Østerport St.
2026-04-13,158418881,7:16:00,7:18:00,Fredericia St.
2026-04-13,158417475,7:46:00,7:48:00,Esbjerg St.
2026-04-13,158417079,7:51:00,7:53:00,Skanderborg St.
2026-04-13,158419164,7:52:00,7:54:00,Sønderborg St.
2026-04-13,158419199,8:03:00,8:05:00,CPH Lufthavn
2026-04-13,158417174,8:04:00,8:06:00,Esbjerg St.
2026-04-13,158417477,8:11:00,8:13:00,Østerport St.
2026-04-13,158418863,8:40:00,8:43:00,Flensburg
2026-04-13,158417464,8:46:00,8:48:00,Esbjerg St.
2026-04-13,158420632,8:53:00,8:55:00,Fredericia St.
2026-04-13,158420642,9:04:00,9:06:00,Esbjerg St.
2026-04-13,158417476,9:11:00,9:13:00,Østerport St.
2026-04-13,158418880,9:16:00,9:18:00,Fredericia St.
2026-04-13,158417462,9:46:00,9:48:00,Esbjerg St.
2026-04-13,158417072,9:51:00,9:53:00,Skanderborg St.
2026-04-13,158419159,9:52:00,9:54:00,Sønderborg St.
2026-04-14,158419194,10:03:00,10:05:00,CPH Lufthavn
2026-04-14,158417170,10:04:00,10:06:00,Esbjerg St.
2026-04-14,158417488,10:11:00,10:13:00,Østerport St.
2026-04-14,158422286,10:12:00,10:15:00,Hamburg Hbf
2026-04-14,158418862,10:40:00,10:43:00,Flensburg
2026-04-14,158417474,10:46:00,10:48:00,Esbjerg St.
2026-04-14,158417063,10:51:00,10:53:00,Skanderborg St.
2026-04-14,158417164,11:04:00,11:06:00,Esbjerg St.
2026-04-14,158417487,11:11:00,11:13:00,Østerport St.
2026-04-14,158418879,11:16:00,11:18:00,Fredericia St.
2026-04-14,158422251,11:44:00,11:46:00,København H
2026-04-14,158417473,11:46:00,11:48:00,Esbjerg St.
2026-04-14,158417052,11:51:00,11:53:00,Skanderborg St.
2026-04-14,158419154,11:52:00,11:54:00,Sønderborg St.
2026-04-14,158419190,12:03:00,12:05:00,CPH Lufthavn
2026-04-14,158417158,12:04:00,12:06:00,Esbjerg St.
2026-04-14,158417486,12:11:00,12:13:00,Østerport St.
2026-04-14,158418861,12:40:00,12:43:00,Flensburg
2026-04-14,158417461,12:46:00,12:48:00,Esbjerg St.
2026-04-14,158420629,12:53:00,12:55:00,Fredericia St.
2026-04-14,158420639,13:04:00,13:06:00,Esbjerg St.
2026-04-14,158417485,13:11:00,13:13:00,Østerport St.
2026-04-14,158418842,13:16:00,13:18:00,Fredericia St.
2026-04-14,158422271,13:44:00,13:46:00,København H
2026-04-14,158417472,13:46:00,13:48:00,Esbjerg St.
2026-04-14,158417043,13:51:00,13:53:00,Skanderborg St.
2026-04-14,158419150,13:52:00,13:54:00,Sønderborg St.
2026-04-14,158419186,14:03:00,14:05:00,CPH Lufthavn
2026-04-14,158417153,14:04:00,14:06:00,Esbjerg St.
2026-04-14,158417484,14:11:00,14:13:00,Østerport St.
2026-04-14,158418860,14:40:00,14:43:00,Flensburg
2026-04-14,158417471,14:46:00,14:48:00,Esbjerg St.
2026-04-14,158417035,14:51:00,14:53:00,Skanderborg St.
2026-04-14,158417147,15:04:00,15:06:00,Esbjerg St.
2026-04-14,158417483,15:11:00,15:13:00,Østerport St.
2026-04-14,158418878,15:16:00,15:18:00,Fredericia St.
2026-04-14,158417460,15:46:00,15:48:00,Esbjerg St.
2026-04-14,158417027,15:51:00,15:53:00,Skanderborg St.
2026-04-14,158419145,15:52:00,15:54:00,Sønderborg St.
2026-04-14,158419181,16:03:00,16:05:00,CPH Lufthavn
2026-04-14,158417142,16:04:00,16:06:00,Esbjerg St.
2026-04-14,158417482,16:11:00,16:13:00,Østerport St.
2026-04-14,158422260,16:12:00,16:15:00,Hamburg Hbf
2026-04-14,158418859,16:40:00,16:43:00,Flensburg
2026-04-14,158417470,16:46:00,16:48:00,Esbjerg St.
2026-04-14,158420626,16:53:00,16:55:00,Fredericia St.
2026-04-14,158420635,17:04:00,17:06:00,Esbjerg St.
2026-04-14,158417481,17:11:00,17:13:00,Østerport St.
2026-04-14,158418877,17:16:00,17:18:00,Fredericia St.
2026-04-14,158422272,17:44:00,17:46:00,København H
2026-04-14,158417469,17:46:00,17:48:00,Esbjerg St.
2026-04-14,158417019,17:51:00,17:53:00,Skanderborg St.
2026-04-14,158419140,17:52:00,17:54:00,Sønderborg St.
2026-04-14,158419177,18:03:00,18:05:00,CPH Lufthavn
2026-04-14,158417137,18:04:00,18:06:00,Esbjerg St.
2026-04-14,158417480,18:11:00,18:13:00,Østerport St.
2026-04-14,158422246,18:12:00,18:15:00,Hamburg Hbf
2026-04-14,158418858,18:40:00,18:43:00,Flensburg
2026-04-14,158417468,18:46:00,18:48:00,Esbjerg St.
2026-04-14,158417012,18:51:00,18:53:00,Skanderborg St.
2026-04-14,158417132,19:04:00,19:06:00,Esbjerg St.
2026-04-14,158417479,19:11:00,19:13:00,Østerport St.
2026-04-14,158418876,19:16:00,19:18:00,Fredericia St.
2026-04-14,158417467,19:46:00,19:48:00,Esbjerg St.
2026-04-14,158417007,19:51:00,19:53:00,Skanderborg St.
2026-04-14,158419134,19:52:00,19:54:00,Sønderborg St.
2026-04-14,158419173,20:03:00,20:05:00,CPH Lufthavn
2026-04-14,158417127,20:04:00,20:06:00,Esbjerg St.
2026-04-14,158417439,20:11:00,20:13:00,Østerport St.
2026-04-14,158418857,20:40:00,20:43:00,Flensburg
2026-04-14,158417466,20:46:00,20:48:00,Esbjerg St.
2026-04-14,158417002,20:51:00,20:53:00,Skanderborg St.
2026-04-14,158417121,21:04:00,21:06:00,Esbjerg St.
2026-04-14,158418875,21:16:00,21:18:00,Fredericia St.
2026-04-14,158417465,21:46:00,21:48:00,Esbjerg St.
2026-04-14,158416997,21:51:00,21:53:00,Aarhus H
2026-04-14,158419126,21:52:00,21:54:00,Sønderborg St.
2026-04-14,158419905,22:03:00,22:05:00,Odense St.
2026-04-14,158417117,22:04:00,22:06:00,Esbjerg St.
2026-04-14,158420227,22:39:00,22:39:00,Kolding St.
2026-04-14,158420222,22:49:00,22:49:00,Fredericia St.
2026-04-14,158418840,23:17:00,23:19:00,Fredericia St.
2026-04-14,158417110,23:25:00,23:27:00,Esbjerg St.
2026-04-14,158417104,23:29:00,23:31:00,Fredericia St.
2026-04-14,158419900,24:03:00,24:05:00,Fredericia St.
2026-04-14,158419909,24:07:00,24:09:00,Sønderborg St.
2026-04-14,158417097,24:29:00,24:31:00,Fredericia St.
2026-04-14,158418865,4:40:00,4:43:00,Flensburg
2026-04-14,158417492,5:11:00,5:13:00,Østerport St.
2026-04-14,158417185,5:20:00,5:22:00,Esbjerg St.
2026-04-14,158417107,5:51:00,5:53:00,Skanderborg St.
2026-04-14,158419168,5:52:00,5:54:00,Sønderborg St.
2026-04-14,158419202,6:03:00,6:05:00,CPH Lufthavn
2026-04-14,158417491,6:11:00,6:13:00,Østerport St.
2026-04-14,158417184,6:20:00,6:22:00,Esbjerg St.
2026-04-14,158418864,6:40:00,6:43:00,Flensburg
2026-04-14,158417478,6:46:00,6:48:00,Esbjerg St.
2026-04-14,158417090,6:51:00,6:53:00,Skanderborg St.
2026-04-14,158417180,7:04:00,7:06:00,Esbjerg St.
2026-04-14,158417489,7:11:00,7:13:00,Østerport St.
2026-04-14,158418881,7:16:00,7:18:00,Fredericia St.
2026-04-14,158417475,7:46:00,7:48:00,Esbjerg St.
2026-04-14,158417079,7:51:00,7:53:00,Skanderborg St.
2026-04-14,158419164,7:52:00,7:54:00,Sønderborg St.
2026-04-14,158419199,8:03:00,8:05:00,CPH Lufthavn
2026-04-14,158417174,8:04:00,8:06:00,Esbjerg St.
2026-04-14,158417477,8:11:00,8:13:00,Østerport St.
2026-04-14,158418863,8:40:00,8:43:00,Flensburg
2026-04-14,158417464,8:46:00,8:48:00,Esbjerg St.
2026-04-14,158420632,8:53:00,8:55:00,Fredericia St.
2026-04-14,158420642,9:04:00,9:06:00,Esbjerg St.
2026-04-14,158417476,9:11:00,9:13:00,Østerport St.
2026-04-14,158418880,9:16:00,9:18:00,Fredericia St.
2026-04-14,158417462,9:46:00,9:48:00,Esbjerg St.
2026-04-14,158417072,9:51:00,9:53:00,Skanderborg St.
2026-04-14,158419159,9:52:00,9:54:00,Sønderborg St.
2026-04-15,158419194,10:03:00,10:05:00,CPH Lufthavn
2026-04-15,158417170,10:04:00,10:06:00,Esbjerg St.
2026-04-15,158417488,10:11:00,10:13:00,Østerport St.
2026-04-15,158418862,10:40:00,10:43:00,Flensburg
2026-04-15,158417474,10:46:00,10:48:00,Esbjerg St.
2026-04-15,158417063,10:51:00,10:53:00,Skanderborg St.
2026-04-15,158417164,11:04:00,11:06:00,Esbjerg St.
2026-04-15,158417487,11:11:00,11:13:00,Østerport St.
2026-04-15,158418879,11:16:00,11:18:00,Fredericia St.
2026-04-15,158422251,11:44:00,11:46:00,København H
2026-04-15,158417473,11:46:00,11:48:00,Esbjerg St.
2026-04-15,158417052,11:51:00,11:53:00,Skanderborg St.
2026-04-15,158419154,11:52:00,11:54:00,Sønderborg St.
2026-04-15,158419190,12:03:00,12:05:00,CPH Lufthavn
2026-04-15,158417158,12:04:00,12:06:00,Esbjerg St.
2026-04-15,158417486,12:11:00,12:13:00,Østerport St.
2026-04-15,158418861,12:40:00,12:43:00,Flensburg
2026-04-15,158417461,12:46:00,12:48:00,Esbjerg St.
2026-04-15,158420629,12:53:00,12:55:00,Fredericia St.
2026-04-15,158420639,13:04:00,13:06:00,Esbjerg St.
2026-04-15,158417485,13:11:00,13:13:00,Østerport St.
2026-04-15,158418842,13:16:00,13:18:00,Fredericia St.
2026-04-15,158422271,13:44:00,13:46:00,København H
2026-04-15,158417472,13:46:00,13:48:00,Esbjerg St.
2026-04-15,158417043,13:51:00,13:53:00,Skanderborg St.
2026-04-15,158419150,13:52:00,13:54:00,Sønderborg St.
2026-04-15,158419186,14:03:00,14:05:00,CPH Lufthavn
2026-04-15,158417153,14:04:00,14:06:00,Esbjerg St.
2026-04-15,158417484,14:11:00,14:13:00,Østerport St.
2026-04-15,158418860,14:40:00,14:43:00,Flensburg
2026-04-15,158417471,14:46:00,14:48:00,Esbjerg St.
2026-04-15,158417035,14:51:00,14:53:00,Skanderborg St.
2026-04-15,158417147,15:04:00,15:06:00,Esbjerg St.
2026-04-15,158417483,15:11:00,15:13:00,Østerport St.
2026-04-15,158418878,15:16:00,15:18:00,Fredericia St.
2026-04-15,158417460,15:46:00,15:48:00,Esbjerg St.
2026-04-15,158417027,15:51:00,15:53:00,Skanderborg St.
2026-04-15,158419145,15:52:00,15:54:00,Sønderborg St.
2026-04-15,158419181,16:03:00,16:05:00,CPH Lufthavn
2026-04-15,158417142,16:04:00,16:06:00,Esbjerg St.
2026-04-15,158417482,16:11:00,16:13:00,Østerport St.
2026-04-15,158422260,16:12:00,16:15:00,Hamburg Hbf
2026-04-15,158418859,16:40:00,16:43:00,Flensburg
2026-04-15,158417470,16:46:00,16:48:00,Esbjerg St.
2026-04-15,158420626,16:53:00,16:55:00,Fredericia St.
2026-04-15,158420635,17:04:00,17:06:00,Esbjerg St.
2026-04-15,158417481,17:11:00,17:13:00,Østerport St.
2026-04-15,158418877,17:16:00,17:18:00,Fredericia St.
2026-04-15,158417469,17:46:00,17:48:00,Esbjerg St.
2026-04-15,158417019,17:51:00,17:53:00,Skanderborg St.
2026-04-15,158419140,17:52:00,17:54:00,Sønderborg St.
2026-04-15,158419177,18:03:00,18:05:00,CPH Lufthavn
2026-04-15,158417137,18:04:00,18:06:00,Esbjerg St.
2026-04-15,158417480,18:11:00,18:13:00,Østerport St.
2026-04-15,158422246,18:12:00,18:15:00,Hamburg Hbf
2026-04-15,158418858,18:40:00,18:43:00,Flensburg
2026-04-15,158417468,18:46:00,18:48:00,Esbjerg St.
2026-04-15,158417012,18:51:00,18:53:00,Skanderborg St.
2026-04-15,158417132,19:04:00,19:06:00,Esbjerg St.
2026-04-15,158417479,19:11:00,19:13:00,Østerport St.
2026-04-15,158418876,19:16:00,19:18:00,Fredericia St.
2026-04-15,158417467,19:46:00,19:48:00,Esbjerg St.
2026-04-15,158417007,19:51:00,19:53:00,Skanderborg St.
2026-04-15,158419134,19:52:00,19:54:00,Sønderborg St.
2026-04-15,158419173,20:03:00,20:05:00,CPH Lufthavn
2026-04-15,158417127,20:04:00,20:06:00,Esbjerg St.
2026-04-15,158417439,20:11:00,20:13:00,Østerport St.
2026-04-15,158418857,20:40:00,20:43:00,Flensburg
2026-04-15,158417466,20:46:00,20:48:00,Esbjerg St.
2026-04-15,158417002,20:51:00,20:53:00,Skanderborg St.
2026-04-15,158417121,21:04:00,21:06:00,Esbjerg St.
2026-04-15,158418875,21:16:00,21:18:00,Fredericia St.
2026-04-15,158417465,21:46:00,21:48:00,Esbjerg St.
2026-04-15,158416997,21:51:00,21:53:00,Aarhus H
2026-04-15,158419126,21:52:00,21:54:00,Sønderborg St.
2026-04-15,158419905,22:03:00,22:05:00,Odense St.
2026-04-15,158417117,22:04:00,22:06:00,Esbjerg St.
2026-04-15,158420227,22:39:00,22:39:00,Kolding St.
2026-04-15,158420222,22:49:00,22:49:00,Fredericia St.
2026-04-15,158418840,23:17:00,23:19:00,Fredericia St.
2026-04-15,158417110,23:25:00,23:27:00,Esbjerg St.
2026-04-15,158417104,23:29:00,23:31:00,Fredericia St.
2026-04-15,158419900,24:03:00,24:05:00,Fredericia St.
2026-04-15,158419909,24:07:00,24:09:00,Sønderborg St.
2026-04-15,158417097,24:29:00,24:31:00,Fredericia St.
2026-04-15,158418865,4:40:00,4:43:00,Flensburg
2026-04-15,158417492,5:11:00,5:13:00,Østerport St.
2026-04-15,158417185,5:20:00,5:22:00,Esbjerg St.
2026-04-15,158417107,5:51:00,5:53:00,Skanderborg St.
2026-04-15,158419168,5:52:00,5:54:00,Sønderborg St.
2026-04-15,158419202,6:03:00,6:05:00,CPH Lufthavn
2026-04-15,158417491,6:11:00,6:13:00,Østerport St.
2026-04-15,158417184,6:20:00,6:22:00,Esbjerg St.
2026-04-15,158418864,6:40:00,6:43:00,Flensburg
2026-04-15,158417478,6:46:00,6:48:00,Esbjerg St.
2026-04-15,158417090,6:51:00,6:53:00,Skanderborg St.
2026-04-15,158417180,7:04:00,7:06:00,Esbjerg St.
2026-04-15,158417489,7:11:00,7:13:00,Østerport St.
2026-04-15,158418881,7:16:00,7:18:00,Fredericia St.
2026-04-15,158417475,7:46:00,7:48:00,Esbjerg St.
2026-04-15,158417079,7:51:00,7:53:00,Skanderborg St.
2026-04-15,158419164,7:52:00,7:54:00,Sønderborg St.
2026-04-15,158419199,8:03:00,8:05:00,CPH Lufthavn
2026-04-15,158417174,8:04:00,8:06:00,Esbjerg St.
2026-04-15,158417477,8:11:00,8:13:00,Østerport St.
2026-04-15,158418863,8:40:00,8:43:00,Flensburg
2026-04-15,158417464,8:46:00,8:48:00,Esbjerg St.
2026-04-15,158420632,8:53:00,8:55:00,Fredericia St.
2026-04-15,158420642,9:04:00,9:06:00,Esbjerg St.
2026-04-15,158417476,9:11:00,9:13:00,Østerport St.
2026-04-15,158418880,9:16:00,9:18:00,Fredericia St.
2026-04-15,158417462,9:46:00,9:48:00,Esbjerg St.
2026-04-15,158417072,9:51:00,9:53:00,Skanderborg St.
2026-04-15,158419159,9:52:00,9:54:00,Sønderborg St.
2026-04-16,158419194,10:03:00,10:05:00,CPH Lufthavn
2026-04-16,158417170,10:04:00,10:06:00,Esbjerg St.
2026-04-16,158417488,10:11:00,10:13:00,Østerport St.
2026-04-16,158418862,10:40:00,10:43:00,Flensburg
2026-04-16,158417474,10:46:00,10:48:00,Esbjerg St.
2026-04-16,158417063,10:51:00,10:53:00,Skanderborg St.
2026-04-16,158417164,11:04:00,11:06:00,Esbjerg St.
2026-04-16,158417487,11:11:00,11:13:00,Østerport St.
2026-04-16,158418879,11:16:00,11:18:00,Fredericia St.
2026-04-16,158422251,11:44:00,11:46:00,København H
2026-04-16,158417473,11:46:00,11:48:00,Esbjerg St.
2026-04-16,158417052,11:51:00,11:53:00,Skanderborg St.
2026-04-16,158419154,11:52:00,11:54:00,Sønderborg St.
2026-04-16,158419190,12:03:00,12:05:00,CPH Lufthavn
2026-04-16,158417158,12:04:00,12:06:00,Esbjerg St.
2026-04-16,158417486,12:11:00,12:13:00,Østerport St.
2026-04-16,158418861,12:40:00,12:43:00,Flensburg
2026-04-16,158417461,12:46:00,12:48:00,Esbjerg St.
2026-04-16,158420629,12:53:00,12:55:00,Fredericia St.
2026-04-16,158420639,13:04:00,13:06:00,Esbjerg St.
2026-04-16,158417485,13:11:00,13:13:00,Østerport St.
2026-04-16,158418842,13:16:00,13:18:00,Fredericia St.
2026-04-16,158422271,13:44:00,13:46:00,København H
2026-04-16,158417472,13:46:00,13:48:00,Esbjerg St.
2026-04-16,158417043,13:51:00,13:53:00,Skanderborg St.
2026-04-16,158419150,13:52:00,13:54:00,Sønderborg St.
2026-04-16,158419186,14:03:00,14:05:00,CPH Lufthavn
2026-04-16,158417153,14:04:00,14:06:00,Esbjerg St.
2026-04-16,158417484,14:11:00,14:13:00,Østerport St.
2026-04-16,158418860,14:40:00,14:43:00,Flensburg
2026-04-16,158417471,14:46:00,14:48:00,Esbjerg St.
2026-04-16,158417035,14:51:00,14:53:00,Skanderborg St.
2026-04-16,158417147,15:04:00,15:06:00,Esbjerg St.
2026-04-16,158417483,15:11:00,15:13:00,Østerport St.
2026-04-16,158418878,15:16:00,15:18:00,Fredericia St.
2026-04-16,158417460,15:46:00,15:48:00,Esbjerg St.
2026-04-16,158417027,15:51:00,15:53:00,Skanderborg St.
2026-04-16,158419145,15:52:00,15:54:00,Sønderborg St.
2026-04-16,158419181,16:03:00,16:05:00,CPH Lufthavn
2026-04-16,158417142,16:04:00,16:06:00,Esbjerg St.
2026-04-16,158417482,16:11:00,16:13:00,Østerport St.
2026-04-16,158422260,16:12:00,16:15:00,Hamburg Hbf
2026-04-16,158418859,16:40:00,16:43:00,Flensburg
2026-04-16,158417470,16:46:00,16:48:00,Esbjerg St.
2026-04-16,158420626,16:53:00,16:55:00,Fredericia St.
2026-04-16,158420635,17:04:00,17:06:00,Esbjerg St.
2026-04-16,158417481,17:11:00,17:13:00,Østerport St.
2026-04-16,158418877,17:16:00,17:18:00,Fredericia St.
2026-04-16,158417469,17:46:00,17:48:00,Esbjerg St.
2026-04-16,158417019,17:51:00,17:53:00,Skanderborg St.
2026-04-16,158419140,17:52:00,17:54:00,Sønderborg St.
2026-04-16,158419177,18:03:00,18:05:00,CPH Lufthavn
2026-04-16,158417137,18:04:00,18:06:00,Esbjerg St.
2026-04-16,158417480,18:11:00,18:13:00,Østerport St.
2026-04-16,158422246,18:12:00,18:15:00,Hamburg Hbf
2026-04-16,158418858,18:40:00,18:43:00,Flensburg
2026-04-16,158417468,18:46:00,18:48:00,Esbjerg St.
2026-04-16,158417012,18:51:00,18:53:00,Skanderborg St.
2026-04-16,158417132,19:04:00,19:06:00,Esbjerg St.
2026-04-16,158417479,19:11:00,19:13:00,Østerport St.
2026-04-16,158418876,19:16:00,19:18:00,Fredericia St.
2026-04-16,158417467,19:46:00,19:48:00,Esbjerg St.
2026-04-16,158417007,19:51:00,19:53:00,Skanderborg St.
2026-04-16,158419134,19:52:00,19:54:00,Sønderborg St.
2026-04-16,158419173,20:03:00,20:05:00,CPH Lufthavn
2026-04-16,158417127,20:04:00,20:06:00,Esbjerg St.
2026-04-16,158417439,20:11:00,20:13:00,Østerport St.
2026-04-16,158418857,20:40:00,20:43:00,Flensburg
2026-04-16,158417466,20:46:00,20:48:00,Esbjerg St.
2026-04-16,158417002,20:51:00,20:53:00,Skanderborg St.
2026-04-16,158417121,21:04:00,21:06:00,Esbjerg St.
2026-04-16,158418875,21:16:00,21:18:00,Fredericia St.
2026-04-16,158417465,21:46:00,21:48:00,Esbjerg St.
2026-04-16,158416997,21:51:00,21:53:00,Aarhus H
2026-04-16,158419126,21:52:00,21:54:00,Sønderborg St.
2026-04-16,158419905,22:03:00,22:05:00,Odense St.
2026-04-16,158417117,22:04:00,22:06:00,Esbjerg St.
2026-04-16,158420227,22:39:00,22:39:00,Kolding St.
2026-04-16,158420222,22:49:00,22:49:00,Fredericia St.
2026-04-16,158418840,23:17:00,23:19:00,Fredericia St.
2026-04-16,158417110,23:25:00,23:27:00,Esbjerg St.
2026-04-16,158417104,23:29:00,23:31:00,Fredericia St.
2026-04-16,158419900,24:03:00,24:05:00,Fredericia St.
2026-04-16,158419909,24:07:00,24:09:00,Sønderborg St.
2026-04-16,158417097,24:29:00,24:31:00,Fredericia St.
2026-04-16,158418865,4:40:00,4:43:00,Flensburg
2026-04-16,158417492,5:11:00,5:13:00,Østerport St.
2026-04-16,158417185,5:20:00,5:22:00,Esbjerg St.
2026-04-16,158417107,5:51:00,5:53:00,Skanderborg St.
2026-04-16,158419168,5:52:00,5:54:00,Sønderborg St.
2026-04-16,158419202,6:03:00,6:05:00,CPH Lufthavn
2026-04-16,158417491,6:11:00,6:13:00,Østerport St.
2026-04-16,158417184,6:20:00,6:22:00,Esbjerg St.
2026-04-16,158418864,6:40:00,6:43:00,Flensburg
2026-04-16,158417478,6:46:00,6:48:00,Esbjerg St.
2026-04-16,158417090,6:51:00,6:53:00,Skanderborg St.
2026-04-16,158417180,7:04:00,7:06:00,Esbjerg St.
2026-04-16,158417489,7:11:00,7:13:00,Østerport St.
2026-04-16,158418881,7:16:00,7:18:00,Fredericia St.
2026-04-16,158417475,7:46:00,7:48:00,Esbjerg St.
2026-04-16,158417079,7:51:00,7:53:00,Skanderborg St.
2026-04-16,158419164,7:52:00,7:54:00,Sønderborg St.
2026-04-16,158419199,8:03:00,8:05:00,CPH Lufthavn
2026-04-16,158417174,8:04:00,8:06:00,Esbjerg St.
2026-04-16,158417477,8:11:00,8:13:00,Østerport St.
2026-04-16,158418863,8:40:00,8:43:00,Flensburg
2026-04-16,158417464,8:46:00,8:48:00,Esbjerg St.
2026-04-16,158420632,8:53:00,8:55:00,Fredericia St.
2026-04-16,158420642,9:04:00,9:06:00,Esbjerg St.
2026-04-16,158417476,9:11:00,9:13:00,Østerport St.
2026-04-16,158418880,9:16:00,9:18:00,Fredericia St.
2026-04-16,158417462,9:46:00,9:48:00,Esbjerg St.
2026-04-16,158417072,9:51:00,9:53:00,Skanderborg St.
2026-04-16,158419159,9:52:00,9:54:00,Sønderborg St.
2026-04-17,158419194,10:03:00,10:05:00,CPH Lufthavn
2026-04-17,158417170,10:04:00,10:06:00,Esbjerg St.
2026-04-17,158417488,10:11:00,10:13:00,Østerport St.
2026-04-17,158418862,10:40:00,10:43:00,Flensburg
2026-04-17,158417474,10:46:00,10:48:00,Esbjerg St.
2026-04-17,158417063,10:51:00,10:53:00,Skanderborg St.
2026-04-17,158417164,11:04:00,11:06:00,Esbjerg St.
2026-04-17,158417487,11:11:00,11:13:00,Østerport St.
2026-04-17,158418879,11:16:00,11:18:00,Fredericia St.
2026-04-17,158422251,11:44:00,11:46:00,København H
2026-04-17,158417473,11:46:00,11:48:00,Esbjerg St.
2026-04-17,158417052,11:51:00,11:53:00,Skanderborg St.
2026-04-17,158419154,11:52:00,11:54:00,Sønderborg St.
2026-04-17,158419190,12:03:00,12:05:00,CPH Lufthavn
2026-04-17,158417158,12:04:00,12:06:00,Esbjerg St.
2026-04-17,158417486,12:11:00,12:13:00,Østerport St.
2026-04-17,158418861,12:40:00,12:43:00,Flensburg
2026-04-17,158417461,12:46:00,12:48:00,Esbjerg St.
2026-04-17,158420629,12:53:00,12:55:00,Fredericia St.
2026-04-17,158420639,13:04:00,13:06:00,Esbjerg St.
2026-04-17,158417485,13:11:00,13:13:00,Østerport St.
2026-04-17,158418842,13:16:00,13:18:00,Fredericia St.
2026-04-17,158422271,13:44:00,13:46:00,København H
2026-04-17,158417472,13:46:00,13:48:00,Esbjerg St.
2026-04-17,158417043,13:51:00,13:53:00,Skanderborg St.
2026-04-17,158419150,13:52:00,13:54:00,Sønderborg St.
2026-04-17,158419186,14:03:00,14:05:00,CPH Lufthavn
2026-04-17,158417153,14:04:00,14:06:00,Esbjerg St.
2026-04-17,158417484,14:11:00,14:13:00,Østerport St.
2026-04-17,158418860,14:40:00,14:43:00,Flensburg
2026-04-17,158417471,14:46:00,14:48:00,Esbjerg St.
2026-04-17,158417035,14:51:00,14:53:00,Skanderborg St.
2026-04-17,158417147,15:04:00,15:06:00,Esbjerg St.
2026-04-17,158417483,15:11:00,15:13:00,Østerport St.
2026-04-17,158418878,15:16:00,15:18:00,Fredericia St.
2026-04-17,158417460,15:46:00,15:48:00,Esbjerg St.
2026-04-17,158417027,15:51:00,15:53:00,Skanderborg St.
2026-04-17,158419145,15:52:00,15:54:00,Sønderborg St.
2026-04-17,158419181,16:03:00,16:05:00,CPH Lufthavn
2026-04-17,158417142,16:04:00,16:06:00,Esbjerg St.
2026-04-17,158417482,16:11:00,16:13:00,Østerport St.
2026-04-17,158422260,16:12:00,16:15:00,Hamburg Hbf
2026-04-17,158418859,16:40:00,16:43:00,Flensburg
2026-04-17,158417470,16:46:00,16:48:00,Esbjerg St.
2026-04-17,158420626,16:53:00,16:55:00,Fredericia St.
2026-04-17,158420635,17:04:00,17:06:00,Esbjerg St.
2026-04-17,158417481,17:11:00,17:13:00,Østerport St.
2026-04-17,158418877,17:16:00,17:18:00,Fredericia St.
2026-04-17,158417469,17:46:00,17:48:00,Esbjerg St.
2026-04-17,158417019,17:51:00,17:53:00,Skanderborg St.
2026-04-17,158419140,17:52:00,17:54:00,Sønderborg St.
2026-04-17,158419177,18:03:00,18:05:00,CPH Lufthavn
2026-04-17,158417137,18:04:00,18:06:00,Esbjerg St.
2026-04-17,158417480,18:11:00,18:13:00,Østerport St.
2026-04-17,158422246,18:12:00,18:15:00,Hamburg Hbf
2026-04-17,158418858,18:40:00,18:43:00,Flensburg
2026-04-17,158417468,18:46:00,18:48:00,Esbjerg St.
2026-04-17,158417012,18:51:00,18:53:00,Skanderborg St.
2026-04-17,158417132,19:04:00,19:06:00,Esbjerg St.
2026-04-17,158417479,19:11:00,19:13:00,Østerport St.
2026-04-17,158418876,19:16:00,19:18:00,Fredericia St.
2026-04-17,158417467,19:46:00,19:48:00,Esbjerg St.
2026-04-17,158417007,19:51:00,19:53:00,Skanderborg St.
2026-04-17,158419134,19:52:00,19:54:00,Sønderborg St.
2026-04-17,158419173,20:03:00,20:05:00,CPH Lufthavn
2026-04-17,158417127,20:04:00,20:06:00,Esbjerg St.
2026-04-17,158417439,20:11:00,20:13:00,Østerport St.
2026-04-17,158418857,20:40:00,20:43:00,Flensburg
2026-04-17,158417466,20:46:00,20:48:00,Esbjerg St.
2026-04-17,158417002,20:51:00,20:53:00,Skanderborg St.
2026-04-17,158417121,21:04:00,21:06:00,Esbjerg St.
2026-04-17,158418875,21:16:00,21:18:00,Fredericia St.
2026-04-17,158417465,21:46:00,21:48:00,Esbjerg St.
2026-04-17,158416997,21:51:00,21:53:00,Aarhus H
2026-04-17,158419126,21:52:00,21:54:00,Sønderborg St.
2026-04-17,158419905,22:03:00,22:05:00,Odense St.
2026-04-17,158417117,22:04:00,22:06:00,Esbjerg St.
2026-04-17,158420227,22:39:00,22:39:00,Kolding St.
2026-04-17,158420222,22:49:00,22:49:00,Fredericia St.
2026-04-17,158418840,23:17:00,23:19:00,Fredericia St.
2026-04-17,158417110,23:25:00,23:27:00,Esbjerg St.
2026-04-17,158417098,23:29:00,23:31:00,CPH Lufthavn
2026-04-17,158419900,24:03:00,24:05:00,Fredericia St.
2026-04-17,158419909,24:07:00,24:09:00,Sønderborg St.
2026-04-17,158417097,24:29:00,24:31:00,Fredericia St.
2026-04-17,158418865,4:40:00,4:43:00,Flensburg
2026-04-17,158417492,5:11:00,5:13:00,Østerport St.
2026-04-17,158417185,5:20:00,5:22:00,Esbjerg St.
2026-04-17,158417107,5:51:00,5:53:00,Skanderborg St.
2026-04-17,158419168,5:52:00,5:54:00,Sønderborg St.
2026-04-17,158419202,6:03:00,6:05:00,CPH Lufthavn
2026-04-17,158417491,6:11:00,6:13:00,Østerport St.
2026-04-17,158417184,6:20:00,6:22:00,Esbjerg St.
2026-04-17,158418864,6:40:00,6:43:00,Flensburg
2026-04-17,158417478,6:46:00,6:48:00,Esbjerg St.
2026-04-17,158417090,6:51:00,6:53:00,Skanderborg St.
2026-04-17,158417180,7:04:00,7:06:00,Esbjerg St.
2026-04-17,158417489,7:11:00,7:13:00,Østerport St.
2026-04-17,158418881,7:16:00,7:18:00,Fredericia St.
2026-04-17,158417475,7:46:00,7:48:00,Esbjerg St.
2026-04-17,158417079,7:51:00,7:53:00,Skanderborg St.
2026-04-17,158419164,7:52:00,7:54:00,Sønderborg St.
2026-04-17,158419199,8:03:00,8:05:00,CPH Lufthavn
2026-04-17,158417174,8:04:00,8:06:00,Esbjerg St.
2026-04-17,158417477,8:11:00,8:13:00,Østerport St.
2026-04-17,158418863,8:40:00,8:43:00,Flensburg
2026-04-17,158417464,8:46:00,8:48:00,Esbjerg St.
2026-04-17,158420632,8:53:00,8:55:00,Fredericia St.
2026-04-17,158420642,9:04:00,9:06:00,Esbjerg St.
2026-04-17,158417476,9:11:00,9:13:00,Østerport St.
2026-04-17,158418880,9:16:00,9:18:00,Fredericia St.
2026-04-17,158417462,9:46:00,9:48:00,Esbjerg St.
2026-04-17,158417072,9:51:00,9:53:00,Skanderborg St.
2026-04-17,158419159,9:52:00,9:54:00,Sønderborg St.
2026-04-18,158419194,10:03:00,10:05:00,CPH Lufthavn
2026-04-18,158417170,10:04:00,10:06:00,Esbjerg St.
2026-04-18,158417488,10:11:00,10:13:00,Østerport St.
2026-04-18,158422286,10:12:00,10:15:00,Hamburg Hbf
2026-04-18,158418862,10:40:00,10:43:00,Flensburg
2026-04-18,158417474,10:46:00,10:48:00,Esbjerg St.
2026-04-18,158417063,10:51:00,10:53:00,Skanderborg St.
2026-04-18,158417164,11:04:00,11:06:00,Esbjerg St.
2026-04-18,158417487,11:11:00,11:13:00,Østerport St.
2026-04-18,158418879,11:16:00,11:18:00,Fredericia St.
2026-04-18,158422251,11:44:00,11:46:00,København H
2026-04-18,158417473,11:46:00,11:48:00,Esbjerg St.
2026-04-18,158417052,11:51:00,11:53:00,Skanderborg St.
2026-04-18,158419154,11:52:00,11:54:00,Sønderborg St.
2026-04-18,158419190,12:03:00,12:05:00,CPH Lufthavn
2026-04-18,158417158,12:04:00,12:06:00,Esbjerg St.
2026-04-18,158417486,12:11:00,12:13:00,Østerport St.
2026-04-18,158418861,12:40:00,12:43:00,Flensburg
2026-04-18,158417461,12:46:00,12:48:00,Esbjerg St.
2026-04-18,158420629,12:53:00,12:55:00,Fredericia St.
2026-04-18,158420639,13:04:00,13:06:00,Esbjerg St.
2026-04-18,158417485,13:11:00,13:13:00,Østerport St.
2026-04-18,158418842,13:16:00,13:18:00,Fredericia St.
2026-04-18,158422271,13:44:00,13:46:00,København H
2026-04-18,158417472,13:46:00,13:48:00,Esbjerg St.
2026-04-18,158417043,13:51:00,13:53:00,Skanderborg St.
2026-04-18,158419150,13:52:00,13:54:00,Sønderborg St.
2026-04-18,158419186,14:03:00,14:05:00,CPH Lufthavn
2026-04-18,158417153,14:04:00,14:06:00,Esbjerg St.
2026-04-18,158417484,14:11:00,14:13:00,Østerport St.
2026-04-18,158418860,14:40:00,14:43:00,Flensburg
2026-04-18,158417471,14:46:00,14:48:00,Esbjerg St.
2026-04-18,158417035,14:51:00,14:53:00,Skanderborg St.
2026-04-18,158417147,15:04:00,15:06:00,Esbjerg St.
2026-04-18,158417483,15:11:00,15:13:00,Østerport St.
2026-04-18,158418878,15:16:00,15:18:00,Fredericia St.
2026-04-18,158417460,15:46:00,15:48:00,Esbjerg St.
2026-04-18,158417027,15:51:00,15:53:00,Skanderborg St.
2026-04-18,158419145,15:52:00,15:54:00,Sønderborg St.
2026-04-18,158419181,16:03:00,16:05:00,CPH Lufthavn
2026-04-18,158417142,16:04:00,16:06:00,Esbjerg St.
2026-04-18,158417482,16:11:00,16:13:00,Østerport St.
2026-04-18,158422260,16:12:00,16:15:00,Hamburg Hbf
2026-04-18,158418859,16:40:00,16:43:00,Flensburg
2026-04-18,158417470,16:46:00,16:48:00,Esbjerg St.
2026-04-18,158420626,16:53:00,16:55:00,Fredericia St.
2026-04-18,158420635,17:04:00,17:06:00,Esbjerg St.
2026-04-18,158417481,17:11:00,17:13:00,Østerport St.
2026-04-18,158418877,17:16:00,17:18:00,Fredericia St.
2026-04-18,158422272,17:44:00,17:46:00,København H
2026-04-18,158417469,17:46:00,17:48:00,Esbjerg St.
2026-04-18,158417019,17:51:00,17:53:00,Skanderborg St.
2026-04-18,158419140,17:52:00,17:54:00,Sønderborg St.
2026-04-18,158419177,18:03:00,18:05:00,CPH Lufthavn
2026-04-18,158417137,18:04:00,18:06:00,Esbjerg St.
2026-04-18,158417480,18:11:00,18:13:00,Østerport St.
2026-04-18,158422246,18:12:00,18:15:00,Hamburg Hbf
2026-04-18,158418858,18:40:00,18:43:00,Flensburg
2026-04-18,158417468,18:46:00,18:48:00,Esbjerg St.
2026-04-18,158417012,18:51:00,18:53:00,Skanderborg St.
2026-04-18,158417132,19:04:00,19:06:00,Esbjerg St.
2026-04-18,158417479,19:11:00,19:13:00,Østerport St.
2026-04-18,158418876,19:16:00,19:18:00,Fredericia St.
2026-04-18,158417467,19:46:00,19:48:00,Esbjerg St.
2026-04-18,158417007,19:51:00,19:53:00,Skanderborg St.
2026-04-18,158419134,19:52:00,19:54:00,Sønderborg St.
2026-04-18,158419173,20:03:00,20:05:00,CPH Lufthavn
2026-04-18,158417127,20:04:00,20:06:00,Esbjerg St.
2026-04-18,158417439,20:11:00,20:13:00,Østerport St.
2026-04-18,158418857,20:40:00,20:43:00,Flensburg
2026-04-18,158417466,20:46:00,20:48:00,Esbjerg St.
2026-04-18,158417002,20:51:00,20:53:00,Skanderborg St.
2026-04-18,158417121,21:04:00,21:06:00,Esbjerg St.
2026-04-18,158418875,21:16:00,21:18:00,Fredericia St.
2026-04-18,158417465,21:46:00,21:48:00,Esbjerg St.
2026-04-18,158416997,21:51:00,21:53:00,Aarhus H
2026-04-18,158419126,21:52:00,21:54:00,Sønderborg St.
2026-04-18,158419905,22:03:00,22:05:00,Odense St.
2026-04-18,158417117,22:04:00,22:06:00,Esbjerg St.
2026-04-18,158418840,23:17:00,23:19:00,Fredericia St.
2026-04-18,158417110,23:25:00,23:27:00,Esbjerg St.
2026-04-18,158417098,23:29:00,23:31:00,CPH Lufthavn
2026-04-18,158419900,24:03:00,24:05:00,Fredericia St.
2026-04-18,158419909,24:07:00,24:09:00,Sønderborg St.
2026-04-18,158417097,24:29:00,24:31:00,Fredericia St.
2026-04-18,158418865,4:40:00,4:43:00,Flensburg
2026-04-18,158417184,6:20:00,6:22:00,Esbjerg St.
2026-04-18,158418864,6:40:00,6:43:00,Flensburg
2026-04-18,158417091,6:51:00,6:53:00,Aarhus H
2026-04-18,158417180,7:04:00,7:06:00,Esbjerg St.
2026-04-18,158417489,7:11:00,7:13:00,Østerport St.
2026-04-18,158418881,7:16:00,7:18:00,Fredericia St.
2026-04-18,158417079,7:51:00,7:53:00,Skanderborg St.
2026-04-18,158419911,7:52:00,7:54:00,Sønderborg St.
2026-04-18,158419199,8:03:00,8:05:00,CPH Lufthavn
2026-04-18,158417174,8:04:00,8:06:00,Esbjerg St.
2026-04-18,158417477,8:11:00,8:13:00,Østerport St.
2026-04-18,158418863,8:40:00,8:43:00,Flensburg
2026-04-18,158417463,8:46:00,8:48:00,Esbjerg St.
2026-04-18,158420632,8:53:00,8:55:00,Fredericia St.
2026-04-18,158420642,9:04:00,9:06:00,Esbjerg St.
2026-04-18,158417476,9:11:00,9:13:00,Østerport St.
2026-04-18,158418880,9:16:00,9:18:00,Fredericia St.
2026-04-18,158417459,9:46:00,9:48:00,Esbjerg St.
2026-04-18,158417072,9:51:00,9:53:00,Skanderborg St.
2026-04-18,158419159,9:52:00,9:54:00,Sønderborg St.
2026-04-19,158419194,10:03:00,10:05:00,CPH Lufthavn
2026-04-19,158417170,10:04:00,10:06:00,Esbjerg St.
2026-04-19,158417488,10:11:00,10:13:00,Østerport St.
2026-04-19,158422286,10:12:00,10:15:00,Hamburg Hbf
2026-04-19,158418862,10:40:00,10:43:00,Flensburg
2026-04-19,158417474,10:46:00,10:48:00,Esbjerg St.
2026-04-19,158417063,10:51:00,10:53:00,Skanderborg St.
2026-04-19,158417164,11:04:00,11:06:00,Esbjerg St.
2026-04-19,158417487,11:11:00,11:13:00,Østerport St.
2026-04-19,158418879,11:16:00,11:18:00,Fredericia St.
2026-04-19,158422251,11:44:00,11:46:00,København H
2026-04-19,158417473,11:46:00,11:48:00,Esbjerg St.
2026-04-19,158417052,11:51:00,11:53:00,Skanderborg St.
2026-04-19,158419154,11:52:00,11:54:00,Sønderborg St.
2026-04-19,158419190,12:03:00,12:05:00,CPH Lufthavn
2026-04-19,158417158,12:04:00,12:06:00,Esbjerg St.
2026-04-19,158417486,12:11:00,12:13:00,Østerport St.
2026-04-19,158418861,12:40:00,12:43:00,Flensburg
2026-04-19,158417461,12:46:00,12:48:00,Esbjerg St.
2026-04-19,158420629,12:53:00,12:55:00,Fredericia St.
2026-04-19,158420639,13:04:00,13:06:00,Esbjerg St.
2026-04-19,158417485,13:11:00,13:13:00,Østerport St.
2026-04-19,158418842,13:16:00,13:18:00,Fredericia St.
2026-04-19,158422271,13:44:00,13:46:00,København H
2026-04-19,158417472,13:46:00,13:48:00,Esbjerg St.
2026-04-19,158417043,13:51:00,13:53:00,Skanderborg St.
2026-04-19,158419150,13:52:00,13:54:00,Sønderborg St.
2026-04-19,158419186,14:03:00,14:05:00,CPH Lufthavn
2026-04-19,158417153,14:04:00,14:06:00,Esbjerg St.
2026-04-19,158417484,14:11:00,14:13:00,Østerport St.
2026-04-19,158418860,14:40:00,14:43:00,Flensburg
2026-04-19,158417471,14:46:00,14:48:00,Esbjerg St.
2026-04-19,158417035,14:51:00,14:53:00,Skanderborg St.
2026-04-19,158417147,15:04:00,15:06:00,Esbjerg St.
2026-04-19,158417483,15:11:00,15:13:00,Østerport St.
2026-04-19,158418878,15:16:00,15:18:00,Fredericia St.
2026-04-19,158417460,15:46:00,15:48:00,Esbjerg St.
2026-04-19,158417027,15:51:00,15:53:00,Skanderborg St.
2026-04-19,158419145,15:52:00,15:54:00,Sønderborg St.
2026-04-19,158419181,16:03:00,16:05:00,CPH Lufthavn
2026-04-19,158417142,16:04:00,16:06:00,Esbjerg St.
2026-04-19,158417482,16:11:00,16:13:00,Østerport St.
2026-04-19,158422260,16:12:00,16:15:00,Hamburg Hbf
2026-04-19,158418859,16:40:00,16:43:00,Flensburg
2026-04-19,158417470,16:46:00,16:48:00,Esbjerg St.
2026-04-19,158420626,16:53:00,16:55:00,Fredericia St.
2026-04-19,158420635,17:04:00,17:06:00,Esbjerg St.
2026-04-19,158417481,17:11:00,17:13:00,Østerport St.
2026-04-19,158418877,17:16:00,17:18:00,Fredericia St.
2026-04-19,158422272,17:44:00,17:46:00,København H
2026-04-19,158417469,17:46:00,17:48:00,Esbjerg St.
2026-04-19,158417019,17:51:00,17:53:00,Skanderborg St.
2026-04-19,158419140,17:52:00,17:54:00,Sønderborg St.
2026-04-19,158419177,18:03:00,18:05:00,CPH Lufthavn
2026-04-19,158417137,18:04:00,18:06:00,Esbjerg St.
2026-04-19,158417480,18:11:00,18:13:00,Østerport St.
2026-04-19,158422246,18:12:00,18:15:00,Hamburg Hbf
2026-04-19,158418858,18:40:00,18:43:00,Flensburg
2026-04-19,158417468,18:46:00,18:48:00,Esbjerg St.
2026-04-19,158417012,18:51:00,18:53:00,Skanderborg St.
2026-04-19,158417132,19:04:00,19:06:00,Esbjerg St.
2026-04-19,158417479,19:11:00,19:13:00,Østerport St.
2026-04-19,158418876,19:16:00,19:18:00,Fredericia St.
2026-04-19,158417467,19:46:00,19:48:00,Esbjerg St.
2026-04-19,158417007,19:51:00,19:53:00,Skanderborg St.
2026-04-19,158419134,19:52:00,19:54:00,Sønderborg St.
2026-04-19,158419173,20:03:00,20:05:00,CPH Lufthavn
2026-04-19,158417127,20:04:00,20:06:00,Esbjerg St.
2026-04-19,158417440,20:11:00,20:13:00,København H
2026-04-19,158418857,20:40:00,20:43:00,Flensburg
2026-04-19,158417466,20:46:00,20:48:00,Esbjerg St.
2026-04-19,158417002,20:51:00,20:53:00,Skanderborg St.
2026-04-19,158417121,21:04:00,21:06:00,Esbjerg St.
2026-04-19,158418875,21:16:00,21:18:00,Fredericia St.
2026-04-19,158417465,21:46:00,21:48:00,Esbjerg St.
2026-04-19,158416997,21:51:00,21:53:00,Aarhus H
2026-04-19,158419126,21:52:00,21:54:00,Sønderborg St.
2026-04-19,158419905,22:03:00,22:05:00,Odense St.
2026-04-19,158417117,22:04:00,22:06:00,Esbjerg St.
2026-04-19,158418840,23:17:00,23:19:00,Fredericia St.
2026-04-19,158417110,23:25:00,23:27:00,Esbjerg St.
2026-04-19,158417104,23:29:00,23:31:00,Fredericia St.
2026-04-19,158419900,24:03:00,24:05:00,Fredericia St.
2026-04-19,158419909,24:07:00,24:09:00,Sønderborg St.
2026-04-19,158417097,24:29:00,24:31:00,Fredericia St.
2026-04-19,158417184,6:20:00,6:22:00,Esbjerg St.
2026-04-19,158418864,6:40:00,6:43:00,Flensburg
2026-04-19,158417091,6:51:00,6:53:00,Aarhus H
2026-04-19,158417180,7:04:00,7:06:00,Esbjerg St.
2026-04-19,158417489,7:11:00,7:13:00,Østerport St.
2026-04-19,158417079,7:51:00,7:53:00,Skanderborg St.
2026-04-19,158419911,7:52:00,7:54:00,Sønderborg St.
2026-04-19,158419199,8:03:00,8:05:00,CPH Lufthavn
2026-04-19,158417174,8:04:00,8:06:00,Esbjerg St.
2026-04-19,158417477,8:11:00,8:13:00,Østerport St.
2026-04-19,158418863,8:40:00,8:43:00,Flensburg
2026-04-19,158417463,8:46:00,8:48:00,Esbjerg St.
2026-04-19,158420632,8:53:00,8:55:00,Fredericia St.
2026-04-19,158420642,9:04:00,9:06:00,Esbjerg St.
2026-04-19,158417476,9:11:00,9:13:00,Østerport St.
2026-04-19,158418880,9:16:00,9:18:00,Fredericia St.
2026-04-19,158417459,9:46:00,9:48:00,Esbjerg St.
2026-04-19,158417072,9:51:00,9:53:00,Skanderborg St.
2026-04-19,158419159,9:52:00,9:54:00,Sønderborg St.
2026-04-20,158419194,10:03:00,10:05:00,CPH Lufthavn
2026-04-20,158417170,10:04:00,10:06:00,Esbjerg St.
2026-04-20,158417488,10:11:00,10:13:00,Østerport St.
2026-04-20,158418862,10:40:00,10:43:00,Flensburg
2026-04-20,158417474,10:46:00,10:48:00,Esbjerg St.
2026-04-20,158417063,10:51:00,10:53:00,Skanderborg St.
2026-04-20,158417164,11:04:00,11:06:00,Esbjerg St.
2026-04-20,158417487,11:11:00,11:13:00,Østerport St.
2026-04-20,158418879,11:16:00,11:18:00,Fredericia St.
2026-04-20,158422251,11:44:00,11:46:00,København H
2026-04-20,158417473,11:46:00,11:48:00,Esbjerg St.
2026-04-20,158417052,11:51:00,11:53:00,Skanderborg St.
2026-04-20,158419154,11:52:00,11:54:00,Sønderborg St.
2026-04-20,158419190,12:03:00,12:05:00,CPH Lufthavn
2026-04-20,158417158,12:04:00,12:06:00,Esbjerg St.
2026-04-20,158417486,12:11:00,12:13:00,Østerport St.
2026-04-20,158418861,12:40:00,12:43:00,Flensburg
2026-04-20,158417461,12:46:00,12:48:00,Esbjerg St.
2026-04-20,158420629,12:53:00,12:55:00,Fredericia St.
2026-04-20,158420639,13:04:00,13:06:00,Esbjerg St.
2026-04-20,158417485,13:11:00,13:13:00,Østerport St.
2026-04-20,158418842,13:16:00,13:18:00,Fredericia St.
2026-04-20,158422271,13:44:00,13:46:00,København H
2026-04-20,158417472,13:46:00,13:48:00,Esbjerg St.
2026-04-20,158417043,13:51:00,13:53:00,Skanderborg St.
2026-04-20,158419150,13:52:00,13:54:00,Sønderborg St.
2026-04-20,158419186,14:03:00,14:05:00,CPH Lufthavn
2026-04-20,158417153,14:04:00,14:06:00,Esbjerg St.
2026-04-20,158417484,14:11:00,14:13:00,Østerport St.
2026-04-20,158418860,14:40:00,14:43:00,Flensburg
2026-04-20,158417471,14:46:00,14:48:00,Esbjerg St.
2026-04-20,158417035,14:51:00,14:53:00,Skanderborg St.
2026-04-20,158417147,15:04:00,15:06:00,Esbjerg St.
2026-04-20,158417483,15:11:00,15:13:00,Østerport St.
2026-04-20,158418878,15:16:00,15:18:00,Fredericia St.
2026-04-20,158417460,15:46:00,15:48:00,Esbjerg St.
2026-04-20,158417027,15:51:00,15:53:00,Skanderborg St.
2026-04-20,158419145,15:52:00,15:54:00,Sønderborg St.
2026-04-20,158419181,16:03:00,16:05:00,CPH Lufthavn
2026-04-20,158417142,16:04:00,16:06:00,Esbjerg St.
2026-04-20,158417482,16:11:00,16:13:00,Østerport St.
2026-04-20,158422260,16:12:00,16:15:00,Hamburg Hbf
2026-04-20,158418859,16:40:00,16:43:00,Flensburg
2026-04-20,158417470,16:46:00,16:48:00,Esbjerg St.
2026-04-20,158420626,16:53:00,16:55:00,Fredericia St.
2026-04-20,158420635,17:04:00,17:06:00,Esbjerg St.
2026-04-20,158417481,17:11:00,17:13:00,Østerport St.
2026-04-20,158418877,17:16:00,17:18:00,Fredericia St.
2026-04-20,158417469,17:46:00,17:48:00,Esbjerg St.
2026-04-20,158417019,17:51:00,17:53:00,Skanderborg St.
2026-04-20,158419140,17:52:00,17:54:00,Sønderborg St.
2026-04-20,158419177,18:03:00,18:05:00,CPH Lufthavn
2026-04-20,158417137,18:04:00,18:06:00,Esbjerg St.
2026-04-20,158417480,18:11:00,18:13:00,Østerport St.
2026-04-20,158422246,18:12:00,18:15:00,Hamburg Hbf
2026-04-20,158418858,18:40:00,18:43:00,Flensburg
2026-04-20,158417468,18:46:00,18:48:00,Esbjerg St.
2026-04-20,158417012,18:51:00,18:53:00,Skanderborg St.
2026-04-20,158417132,19:04:00,19:06:00,Esbjerg St.
2026-04-20,158417479,19:11:00,19:13:00,Østerport St.
2026-04-20,158418876,19:16:00,19:18:00,Fredericia St.
2026-04-20,158417467,19:46:00,19:48:00,Esbjerg St.
2026-04-20,158417007,19:51:00,19:53:00,Skanderborg St.
2026-04-20,158419134,19:52:00,19:54:00,Sønderborg St.
2026-04-20,158419173,20:03:00,20:05:00,CPH Lufthavn
2026-04-20,158417127,20:04:00,20:06:00,Esbjerg St.
2026-04-20,158417439,20:11:00,20:13:00,Østerport St.
2026-04-20,158418857,20:40:00,20:43:00,Flensburg
2026-04-20,158417466,20:46:00,20:48:00,Esbjerg St.
2026-04-20,158417002,20:51:00,20:53:00,Skanderborg St.
2026-04-20,158417121,21:04:00,21:06:00,Esbjerg St.
2026-04-20,158418875,21:16:00,21:18:00,Fredericia St.
2026-04-20,158417465,21:46:00,21:48:00,Esbjerg St.
2026-04-20,158416997,21:51:00,21:53:00,Aarhus H
2026-04-20,158419126,21:52:00,21:54:00,Sønderborg St.
2026-04-20,158419905,22:03:00,22:05:00,Odense St.
2026-04-20,158417117,22:04:00,22:06:00,Esbjerg St.
2026-04-20,158420227,22:39:00,22:39:00,Kolding St.
2026-04-20,158420222,22:49:00,22:49:00,Fredericia St.
2026-04-20,158418840,23:17:00,23:19:00,Fredericia St.
2026-04-20,158417110,23:25:00,23:27:00,Esbjerg St.
2026-04-20,158417104,23:29:00,23:31:00,Fredericia St.
2026-04-20,158419900,24:03:00,24:05:00,Fredericia St.
2026-04-20,158419909,24:07:00,24:09:00,Sønderborg St.
2026-04-20,158417097,24:29:00,24:31:00,Fredericia St.
2026-04-20,158418865,4:40:00,4:43:00,Flensburg
2026-04-20,158417492,5:11:00,5:13:00,Østerport St.
2026-04-20,158417185,5:20:00,5:22:00,Esbjerg St.
2026-04-20,158417107,5:51:00,5:53:00,Skanderborg St.
2026-04-20,158419168,5:52:00,5:54:00,Sønderborg St.
2026-04-20,158419202,6:03:00,6:05:00,CPH Lufthavn
2026-04-20,158417491,6:11:00,6:13:00,Østerport St.
2026-04-20,158417184,6:20:00,6:22:00,Esbjerg St.
2026-04-20,158418864,6:40:00,6:43:00,Flensburg
2026-04-20,158417478,6:46:00,6:48:00,Esbjerg St.
2026-04-20,158417090,6:51:00,6:53:00,Skanderborg St.
2026-04-20,158417180,7:04:00,7:06:00,Esbjerg St.
2026-04-20,158417489,7:11:00,7:13:00,Østerport St.
2026-04-20,158418881,7:16:00,7:18:00,Fredericia St.
2026-04-20,158417475,7:46:00,7:48:00,Esbjerg St.
2026-04-20,158417079,7:51:00,7:53:00,Skanderborg St.
2026-04-20,158419164,7:52:00,7:54:00,Sønderborg St.
2026-04-20,158419199,8:03:00,8:05:00,CPH Lufthavn
2026-04-20,158417174,8:04:00,8:06:00,Esbjerg St.
2026-04-20,158417477,8:11:00,8:13:00,Østerport St.
2026-04-20,158418863,8:40:00,8:43:00,Flensburg
2026-04-20,158417464,8:46:00,8:48:00,Esbjerg St.
2026-04-20,158420632,8:53:00,8:55:00,Fredericia St.
2026-04-20,158420642,9:04:00,9:06:00,Esbjerg St.
2026-04-20,158417476,9:11:00,9:13:00,Østerport St.
2026-04-20,158418880,9:16:00,9:18:00,Fredericia St.
2026-04-20,158417462,9:46:00,9:48:00,Esbjerg St.
2026-04-20,158417072,9:51:00,9:53:00,Skanderborg St.
2026-04-20,158419159,9:52:00,9:54:00,Sønderborg St.
2026-04-21,158419194,10:03:00,10:05:00,CPH Lufthavn
2026-04-21,158417170,10:04:00,10:06:00,Esbjerg St.
2026-04-21,158417488,10:11:00,10:13:00,Østerport St.
2026-04-21,158422286,10:12:00,10:15:00,Hamburg Hbf
2026-04-21,158418862,10:40:00,10:43:00,Flensburg
2026-04-21,158417474,10:46:00,10:48:00,Esbjerg St.
2026-04-21,158417063,10:51:00,10:53:00,Skanderborg St.
2026-04-21,158417164,11:04:00,11:06:00,Esbjerg St.
2026-04-21,158417487,11:11:00,11:13:00,Østerport St.
2026-04-21,158418879,11:16:00,11:18:00,Fredericia St.
2026-04-21,158422251,11:44:00,11:46:00,København H
2026-04-21,158417473,11:46:00,11:48:00,Esbjerg St.
2026-04-21,158417052,11:51:00,11:53:00,Skanderborg St.
2026-04-21,158419154,11:52:00,11:54:00,Sønderborg St.
2026-04-21,158419190,12:03:00,12:05:00,CPH Lufthavn
2026-04-21,158417158,12:04:00,12:06:00,Esbjerg St.
2026-04-21,158417486,12:11:00,12:13:00,Østerport St.
2026-04-21,158418861,12:40:00,12:43:00,Flensburg
2026-04-21,158417461,12:46:00,12:48:00,Esbjerg St.
2026-04-21,158420629,12:53:00,12:55:00,Fredericia St.
2026-04-21,158420639,13:04:00,13:06:00,Esbjerg St.
2026-04-21,158417485,13:11:00,13:13:00,Østerport St.
2026-04-21,158418842,13:16:00,13:18:00,Fredericia St.
2026-04-21,158422271,13:44:00,13:46:00,København H
2026-04-21,158417472,13:46:00,13:48:00,Esbjerg St.
2026-04-21,158417043,13:51:00,13:53:00,Skanderborg St.
2026-04-21,158419150,13:52:00,13:54:00,Sønderborg St.
2026-04-21,158419186,14:03:00,14:05:00,CPH Lufthavn
2026-04-21,158417153,14:04:00,14:06:00,Esbjerg St.
2026-04-21,158417484,14:11:00,14:13:00,Østerport St.
2026-04-21,158418860,14:40:00,14:43:00,Flensburg
2026-04-21,158417471,14:46:00,14:48:00,Esbjerg St.
2026-04-21,158417035,14:51:00,14:53:00,Skanderborg St.
2026-04-21,158417147,15:04:00,15:06:00,Esbjerg St.
2026-04-21,158417483,15:11:00,15:13:00,Østerport St.
2026-04-21,158418878,15:16:00,15:18:00,Fredericia St.
2026-04-21,158417460,15:46:00,15:48:00,Esbjerg St.
2026-04-21,158417027,15:51:00,15:53:00,Skanderborg St.
2026-04-21,158419145,15:52:00,15:54:00,Sønderborg St.
2026-04-21,158419181,16:03:00,16:05:00,CPH Lufthavn
2026-04-21,158417142,16:04:00,16:06:00,Esbjerg St.
2026-04-21,158417482,16:11:00,16:13:00,Østerport St.
2026-04-21,158422260,16:12:00,16:15:00,Hamburg Hbf
2026-04-21,158418859,16:40:00,16:43:00,Flensburg
2026-04-21,158417470,16:46:00,16:48:00,Esbjerg St.
2026-04-21,158420626,16:53:00,16:55:00,Fredericia St.
2026-04-21,158420635,17:04:00,17:06:00,Esbjerg St.
2026-04-21,158417481,17:11:00,17:13:00,Østerport St.
2026-04-21,158418877,17:16:00,17:18:00,Fredericia St.
2026-04-21,158422272,17:44:00,17:46:00,København H
2026-04-21,158417469,17:46:00,17:48:00,Esbjerg St.
2026-04-21,158417019,17:51:00,17:53:00,Skanderborg St.
2026-04-21,158419140,17:52:00,17:54:00,Sønderborg St.
2026-04-21,158419177,18:03:00,18:05:00,CPH Lufthavn
2026-04-21,158417137,18:04:00,18:06:00,Esbjerg St.
2026-04-21,158417480,18:11:00,18:13:00,Østerport St.
2026-04-21,158422246,18:12:00,18:15:00,Hamburg Hbf
2026-04-21,158418858,18:40:00,18:43:00,Flensburg
2026-04-21,158417468,18:46:00,18:48:00,Esbjerg St.
2026-04-21,158417012,18:51:00,18:53:00,Skanderborg St.
2026-04-21,158417132,19:04:00,19:06:00,Esbjerg St.
2026-04-21,158417479,19:11:00,19:13:00,Østerport St.
2026-04-21,158418876,19:16:00,19:18:00,Fredericia St.
2026-04-21,158417467,19:46:00,19:48:00,Esbjerg St.
2026-04-21,158417007,19:51:00,19:53:00,Skanderborg St.
2026-04-21,158419134,19:52:00,19:54:00,Sønderborg St.
2026-04-21,158419173,20:03:00,20:05:00,CPH Lufthavn
2026-04-21,158417127,20:04:00,20:06:00,Esbjerg St.
2026-04-21,158417439,20:11:00,20:13:00,Østerport St.
2026-04-21,158418857,20:40:00,20:43:00,Flensburg
2026-04-21,158417466,20:46:00,20:48:00,Esbjerg St.
2026-04-21,158417002,20:51:00,20:53:00,Skanderborg St.
2026-04-21,158417121,21:04:00,21:06:00,Esbjerg St.
2026-04-21,158418875,21:16:00,21:18:00,Fredericia St.
2026-04-21,158417465,21:46:00,21:48:00,Esbjerg St.
2026-04-21,158416997,21:51:00,21:53:00,Aarhus H
2026-04-21,158419126,21:52:00,21:54:00,Sønderborg St.
2026-04-21,158419905,22:03:00,22:05:00,Odense St.
2026-04-21,158417117,22:04:00,22:06:00,Esbjerg St.
2026-04-21,158420227,22:39:00,22:39:00,Kolding St.
2026-04-21,158420222,22:49:00,22:49:00,Fredericia St.
2026-04-21,158418840,23:17:00,23:19:00,Fredericia St.
2026-04-21,158417110,23:25:00,23:27:00,Esbjerg St.
2026-04-21,158417104,23:29:00,23:31:00,Fredericia St.
2026-04-21,158419900,24:03:00,24:05:00,Fredericia St.
2026-04-21,158419909,24:07:00,24:09:00,Sønderborg St.
2026-04-21,158417097,24:29:00,24:31:00,Fredericia St.
2026-04-21,158418865,4:40:00,4:43:00,Flensburg
2026-04-21,158417492,5:11:00,5:13:00,Østerport St.
2026-04-21,158417185,5:20:00,5:22:00,Esbjerg St.
2026-04-21,158417107,5:51:00,5:53:00,Skanderborg St.
2026-04-21,158419168,5:52:00,5:54:00,Sønderborg St.
2026-04-21,158419202,6:03:00,6:05:00,CPH Lufthavn
2026-04-21,158417491,6:11:00,6:13:00,Østerport St.
2026-04-21,158417184,6:20:00,6:22:00,Esbjerg St.
2026-04-21,158418864,6:40:00,6:43:00,Flensburg
2026-04-21,158417478,6:46:00,6:48:00,Esbjerg St.
2026-04-21,158417090,6:51:00,6:53:00,Skanderborg St.
2026-04-21,158417180,7:04:00,7:06:00,Esbjerg St.
2026-04-21,158417489,7:11:00,7:13:00,Østerport St.
2026-04-21,158418881,7:16:00,7:18:00,Fredericia St.
2026-04-21,158417475,7:46:00,7:48:00,Esbjerg St.
2026-04-21,158417079,7:51:00,7:53:00,Skanderborg St.
2026-04-21,158419164,7:52:00,7:54:00,Sønderborg St.
2026-04-21,158419199,8:03:00,8:05:00,CPH Lufthavn
2026-04-21,158417174,8:04:00,8:06:00,Esbjerg St.
2026-04-21,158417477,8:11:00,8:13:00,Østerport St.
2026-04-21,158418863,8:40:00,8:43:00,Flensburg
2026-04-21,158417464,8:46:00,8:48:00,Esbjerg St.
2026-04-21,158420632,8:53:00,8:55:00,Fredericia St.
2026-04-21,158420642,9:04:00,9:06:00,Esbjerg St.
2026-04-21,158417476,9:11:00,9:13:00,Østerport St.
2026-04-21,158418880,9:16:00,9:18:00,Fredericia St.
2026-04-21,158417462,9:46:00,9:48:00,Esbjerg St.
2026-04-21,158417072,9:51:00,9:53:00,Skanderborg St.
2026-04-21,158419159,9:52:00,9:54:00,Sønderborg St.
2026-04-22,158419194,10:03:00,10:05:00,CPH Lufthavn
2026-04-22,158417170,10:04:00,10:06:00,Esbjerg St.
2026-04-22,158417488,10:11:00,10:13:00,Østerport St.
2026-04-22,158418862,10:40:00,10:43:00,Flensburg
2026-04-22,158417474,10:46:00,10:48:00,Esbjerg St.
2026-04-22,158417063,10:51:00,10:53:00,Skanderborg St.
2026-04-22,158417164,11:04:00,11:06:00,Esbjerg St.
2026-04-22,158417487,11:11:00,11:13:00,Østerport St.
2026-04-22,158418879,11:16:00,11:18:00,Fredericia St.
2026-04-22,158422251,11:44:00,11:46:00,København H
2026-04-22,158417473,11:46:00,11:48:00,Esbjerg St.
2026-04-22,158417052,11:51:00,11:53:00,Skanderborg St.
2026-04-22,158419154,11:52:00,11:54:00,Sønderborg St.
2026-04-22,158419190,12:03:00,12:05:00,CPH Lufthavn
2026-04-22,158417158,12:04:00,12:06:00,Esbjerg St.
2026-04-22,158417486,12:11:00,12:13:00,Østerport St.
2026-04-22,158418861,12:40:00,12:43:00,Flensburg
2026-04-22,158417461,12:46:00,12:48:00,Esbjerg St.
2026-04-22,158420629,12:53:00,12:55:00,Fredericia St.
2026-04-22,158420639,13:04:00,13:06:00,Esbjerg St.
2026-04-22,158417485,13:11:00,13:13:00,Østerport St.
2026-04-22,158418842,13:16:00,13:18:00,Fredericia St.
2026-04-22,158422271,13:44:00,13:46:00,København H
2026-04-22,158417472,13:46:00,13:48:00,Esbjerg St.
2026-04-22,158417043,13:51:00,13:53:00,Skanderborg St.
2026-04-22,158419150,13:52:00,13:54:00,Sønderborg St.
2026-04-22,158419186,14:03:00,14:05:00,CPH Lufthavn
2026-04-22,158417153,14:04:00,14:06:00,Esbjerg St.
2026-04-22,158417484,14:11:00,14:13:00,Østerport St.
2026-04-22,158418860,14:40:00,14:43:00,Flensburg
2026-04-22,158417471,14:46:00,14:48:00,Esbjerg St.
2026-04-22,158417035,14:51:00,14:53:00,Skanderborg St.
2026-04-22,158417147,15:04:00,15:06:00,Esbjerg St.
2026-04-22,158417483,15:11:00,15:13:00,Østerport St.
2026-04-22,158418878,15:16:00,15:18:00,Fredericia St.
2026-04-22,158417460,15:46:00,15:48:00,Esbjerg St.
2026-04-22,158417027,15:51:00,15:53:00,Skanderborg St.
2026-04-22,158419145,15:52:00,15:54:00,Sønderborg St.
2026-04-22,158419181,16:03:00,16:05:00,CPH Lufthavn
2026-04-22,158417142,16:04:00,16:06:00,Esbjerg St.
2026-04-22,158417482,16:11:00,16:13:00,Østerport St.
2026-04-22,158422260,16:12:00,16:15:00,Hamburg Hbf
2026-04-22,158418859,16:40:00,16:43:00,Flensburg
2026-04-22,158417470,16:46:00,16:48:00,Esbjerg St.
2026-04-22,158420626,16:53:00,16:55:00,Fredericia St.
2026-04-22,158420635,17:04:00,17:06:00,Esbjerg St.
2026-04-22,158417481,17:11:00,17:13:00,Østerport St.
2026-04-22,158418877,17:16:00,17:18:00,Fredericia St.
2026-04-22,158417469,17:46:00,17:48:00,Esbjerg St.
2026-04-22,158417019,17:51:00,17:53:00,Skanderborg St.
2026-04-22,158419140,17:52:00,17:54:00,Sønderborg St.
2026-04-22,158419177,18:03:00,18:05:00,CPH Lufthavn
2026-04-22,158417137,18:04:00,18:06:00,Esbjerg St.
2026-04-22,158417480,18:11:00,18:13:00,Østerport St.
2026-04-22,158422246,18:12:00,18:15:00,Hamburg Hbf
2026-04-22,158418858,18:40:00,18:43:00,Flensburg
2026-04-22,158417468,18:46:00,18:48:00,Esbjerg St.
2026-04-22,158417012,18:51:00,18:53:00,Skanderborg St.
2026-04-22,158417132,19:04:00,19:06:00,Esbjerg St.
2026-04-22,158417479,19:11:00,19:13:00,Østerport St.
2026-04-22,158418876,19:16:00,19:18:00,Fredericia St.
2026-04-22,158417467,19:46:00,19:48:00,Esbjerg St.
2026-04-22,158417007,19:51:00,19:53:00,Skanderborg St.
2026-04-22,158419134,19:52:00,19:54:00,Sønderborg St.
2026-04-22,158419173,20:03:00,20:05:00,CPH Lufthavn
2026-04-22,158417127,20:04:00,20:06:00,Esbjerg St.
2026-04-22,158417439,20:11:00,20:13:00,Østerport St.
2026-04-22,158418857,20:40:00,20:43:00,Flensburg
2026-04-22,158417466,20:46:00,20:48:00,Esbjerg St.
2026-04-22,158417002,20:51:00,20:53:00,Skanderborg St.
2026-04-22,158417121,21:04:00,21:06:00,Esbjerg St.
2026-04-22,158418875,21:16:00,21:18:00,Fredericia St.
2026-04-22,158417465,21:46:00,21:48:00,Esbjerg St.
2026-04-22,158416997,21:51:00,21:53:00,Aarhus H
2026-04-22,158419126,21:52:00,21:54:00,Sønderborg St.
2026-04-22,158419905,22:03:00,22:05:00,Odense St.
2026-04-22,158417117,22:04:00,22:06:00,Esbjerg St.
2026-04-22,158420227,22:39:00,22:39:00,Kolding St.
2026-04-22,158420222,22:49:00,22:49:00,Fredericia St.
2026-04-22,158418840,23:17:00,23:19:00,Fredericia St.
2026-04-22,158417110,23:25:00,23:27:00,Esbjerg St.
2026-04-22,158417104,23:29:00,23:31:00,Fredericia St.
2026-04-22,158419900,24:03:00,24:05:00,Fredericia St.
2026-04-22,158419909,24:07:00,24:09:00,Sønderborg St.
2026-04-22,158417097,24:29:00,24:31:00,Fredericia St.
2026-04-22,158418865,4:40:00,4:43:00,Flensburg
2026-04-22,158417492,5:11:00,5:13:00,Østerport St.
2026-04-22,158417185,5:20:00,5:22:00,Esbjerg St.
2026-04-22,158417107,5:51:00,5:53:00,Skanderborg St.
2026-04-22,158419168,5:52:00,5:54:00,Sønderborg St.
2026-04-22,158419202,6:03:00,6:05:00,CPH Lufthavn
2026-04-22,158417491,6:11:00,6:13:00,Østerport St.
2026-04-22,158417184,6:20:00,6:22:00,Esbjerg St.
2026-04-22,158418864,6:40:00,6:43:00,Flensburg
2026-04-22,158417478,6:46:00,6:48:00,Esbjerg St.
2026-04-22,158417090,6:51:00,6:53:00,Skanderborg St.
2026-04-22,158417180,7:04:00,7:06:00,Esbjerg St.
2026-04-22,158417489,7:11:00,7:13:00,Østerport St.
2026-04-22,158418881,7:16:00,7:18:00,Fredericia St.
2026-04-22,158417475,7:46:00,7:48:00,Esbjerg St.
2026-04-22,158417079,7:51:00,7:53:00,Skanderborg St.
2026-04-22,158419164,7:52:00,7:54:00,Sønderborg St.
2026-04-22,158419199,8:03:00,8:05:00,CPH Lufthavn
2026-04-22,158417174,8:04:00,8:06:00,Esbjerg St.
2026-04-22,158417477,8:11:00,8:13:00,Østerport St.
2026-04-22,158418863,8:40:00,8:43:00,Flensburg
2026-04-22,158417464,8:46:00,8:48:00,Esbjerg St.
2026-04-22,158420632,8:53:00,8:55:00,Fredericia St.
2026-04-22,158420642,9:04:00,9:06:00,Esbjerg St.
2026-04-22,158417476,9:11:00,9:13:00,Østerport St.
2026-04-22,158418880,9:16:00,9:18:00,Fredericia St.
2026-04-22,158417462,9:46:00,9:48:00,Esbjerg St.
2026-04-22,158417072,9:51:00,9:53:00,Skanderborg St.
2026-04-22,158419159,9:52:00,9:54:00,Sønderborg St.
2026-04-23,158419194,10:03:00,10:05:00,CPH Lufthavn
2026-04-23,158417170,10:04:00,10:06:00,Esbjerg St.
2026-04-23,158417488,10:11:00,10:13:00,Østerport St.
2026-04-23,158418862,10:40:00,10:43:00,Flensburg
2026-04-23,158417474,10:46:00,10:48:00,Esbjerg St.
2026-04-23,158417063,10:51:00,10:53:00,Skanderborg St.
2026-04-23,158417164,11:04:00,11:06:00,Esbjerg St.
2026-04-23,158417487,11:11:00,11:13:00,Østerport St.
2026-04-23,158418879,11:16:00,11:18:00,Fredericia St.
2026-04-23,158422251,11:44:00,11:46:00,København H
2026-04-23,158417473,11:46:00,11:48:00,Esbjerg St.
2026-04-23,158417052,11:51:00,11:53:00,Skanderborg St.
2026-04-23,158419154,11:52:00,11:54:00,Sønderborg St.
2026-04-23,158419190,12:03:00,12:05:00,CPH Lufthavn
2026-04-23,158417158,12:04:00,12:06:00,Esbjerg St.
2026-04-23,158417486,12:11:00,12:13:00,Østerport St.
2026-04-23,158418861,12:40:00,12:43:00,Flensburg
2026-04-23,158417461,12:46:00,12:48:00,Esbjerg St.
2026-04-23,158420629,12:53:00,12:55:00,Fredericia St.
2026-04-23,158420639,13:04:00,13:06:00,Esbjerg St.
2026-04-23,158417485,13:11:00,13:13:00,Østerport St.
2026-04-23,158418842,13:16:00,13:18:00,Fredericia St.
2026-04-23,158422271,13:44:00,13:46:00,København H
2026-04-23,158417472,13:46:00,13:48:00,Esbjerg St.
2026-04-23,158417043,13:51:00,13:53:00,Skanderborg St.
2026-04-23,158419150,13:52:00,13:54:00,Sønderborg St.
2026-04-23,158419186,14:03:00,14:05:00,CPH Lufthavn
2026-04-23,158417153,14:04:00,14:06:00,Esbjerg St.
2026-04-23,158417484,14:11:00,14:13:00,Østerport St.
2026-04-23,158418860,14:40:00,14:43:00,Flensburg
2026-04-23,158417471,14:46:00,14:48:00,Esbjerg St.
2026-04-23,158417035,14:51:00,14:53:00,Skanderborg St.
2026-04-23,158417147,15:04:00,15:06:00,Esbjerg St.
2026-04-23,158417483,15:11:00,15:13:00,Østerport St.
2026-04-23,158418878,15:16:00,15:18:00,Fredericia St.
2026-04-23,158417460,15:46:00,15:48:00,Esbjerg St.
2026-04-23,158417027,15:51:00,15:53:00,Skanderborg St.
2026-04-23,158419145,15:52:00,15:54:00,Sønderborg St.
2026-04-23,158419181,16:03:00,16:05:00,CPH Lufthavn
2026-04-23,158417142,16:04:00,16:06:00,Esbjerg St.
2026-04-23,158417482,16:11:00,16:13:00,Østerport St.
2026-04-23,158422260,16:12:00,16:15:00,Hamburg Hbf
2026-04-23,158418859,16:40:00,16:43:00,Flensburg
2026-04-23,158417470,16:46:00,16:48:00,Esbjerg St.
2026-04-23,158420626,16:53:00,16:55:00,Fredericia St.
2026-04-23,158420635,17:04:00,17:06:00,Esbjerg St.
2026-04-23,158417481,17:11:00,17:13:00,Østerport St.
2026-04-23,158418877,17:16:00,17:18:00,Fredericia St.
2026-04-23,158417469,17:46:00,17:48:00,Esbjerg St.
2026-04-23,158417019,17:51:00,17:53:00,Skanderborg St.
2026-04-23,158419140,17:52:00,17:54:00,Sønderborg St.
2026-04-23,158419177,18:03:00,18:05:00,CPH Lufthavn
2026-04-23,158417137,18:04:00,18:06:00,Esbjerg St.
2026-04-23,158417480,18:11:00,18:13:00,Østerport St.
2026-04-23,158422246,18:12:00,18:15:00,Hamburg Hbf
2026-04-23,158418858,18:40:00,18:43:00,Flensburg
2026-04-23,158417468,18:46:00,18:48:00,Esbjerg St.
2026-04-23,158417012,18:51:00,18:53:00,Skanderborg St.
2026-04-23,158417132,19:04:00,19:06:00,Esbjerg St.
2026-04-23,158417479,19:11:00,19:13:00,Østerport St.
2026-04-23,158418876,19:16:00,19:18:00,Fredericia St.
2026-04-23,158417467,19:46:00,19:48:00,Esbjerg St.
2026-04-23,158417007,19:51:00,19:53:00,Skanderborg St.
2026-04-23,158419134,19:52:00,19:54:00,Sønderborg St.
2026-04-23,158419173,20:03:00,20:05:00,CPH Lufthavn
2026-04-23,158417127,20:04:00,20:06:00,Esbjerg St.
2026-04-23,158417439,20:11:00,20:13:00,Østerport St.
2026-04-23,158418857,20:40:00,20:43:00,Flensburg
2026-04-23,158417466,20:46:00,20:48:00,Esbjerg St.
2026-04-23,158417002,20:51:00,20:53:00,Skanderborg St.
2026-04-23,158417121,21:04:00,21:06:00,Esbjerg St.
2026-04-23,158418875,21:16:00,21:18:00,Fredericia St.
2026-04-23,158417465,21:46:00,21:48:00,Esbjerg St.
2026-04-23,158416997,21:51:00,21:53:00,Aarhus H
2026-04-23,158419126,21:52:00,21:54:00,Sønderborg St.
2026-04-23,158419905,22:03:00,22:05:00,Odense St.
2026-04-23,158417117,22:04:00,22:06:00,Esbjerg St.
2026-04-23,158420227,22:39:00,22:39:00,Kolding St.
2026-04-23,158420222,22:49:00,22:49:00,Fredericia St.
2026-04-23,158418840,23:17:00,23:19:00,Fredericia St.
2026-04-23,158417110,23:25:00,23:27:00,Esbjerg St.
2026-04-23,158417104,23:29:00,23:31:00,Fredericia St.
2026-04-23,158419900,24:03:00,24:05:00,Fredericia St.
2026-04-23,158419909,24:07:00,24:09:00,Sønderborg St.
2026-04-23,158417097,24:29:00,24:31:00,Fredericia St.
2026-04-23,158418865,4:40:00,4:43:00,Flensburg
2026-04-23,158417492,5:11:00,5:13:00,Østerport St.
2026-04-23,158417185,5:20:00,5:22:00,Esbjerg St.
2026-04-23,158417107,5:51:00,5:53:00,Skanderborg St.
2026-04-23,158419168,5:52:00,5:54:00,Sønderborg St.
2026-04-23,158419202,6:03:00,6:05:00,CPH Lufthavn
2026-04-23,158417491,6:11:00,6:13:00,Østerport St.
2026-04-23,158417184,6:20:00,6:22:00,Esbjerg St.
2026-04-23,158418864,6:40:00,6:43:00,Flensburg
2026-04-23,158417478,6:46:00,6:48:00,Esbjerg St.
2026-04-23,158417090,6:51:00,6:53:00,Skanderborg St.
2026-04-23,158417180,7:04:00,7:06:00,Esbjerg St.
2026-04-23,158417489,7:11:00,7:13:00,Østerport St.
2026-04-23,158418881,7:16:00,7:18:00,Fredericia St.
2026-04-23,158417475,7:46:00,7:48:00,Esbjerg St.
2026-04-23,158417079,7:51:00,7:53:00,Skanderborg St.
2026-04-23,158419164,7:52:00,7:54:00,Sønderborg St.
2026-04-23,158419199,8:03:00,8:05:00,CPH Lufthavn
2026-04-23,158417174,8:04:00,8:06:00,Esbjerg St.
2026-04-23,158417477,8:11:00,8:13:00,Østerport St.
2026-04-23,158418863,8:40:00,8:43:00,Flensburg
2026-04-23,158417464,8:46:00,8:48:00,Esbjerg St.
2026-04-23,158420632,8:53:00,8:55:00,Fredericia St.
2026-04-23,158420642,9:04:00,9:06:00,Esbjerg St.
2026-04-23,158417476,9:11:00,9:13:00,Østerport St.
2026-04-23,158418880,9:16:00,9:18:00,Fredericia St.
2026-04-23,158417462,9:46:00,9:48:00,Esbjerg St.
2026-04-23,158417072,9:51:00,9:53:00,Skanderborg St.
2026-04-23,158419159,9:52:00,9:54:00,Sønderborg St.
2026-04-24,158419194,10:03:00,10:05:00,CPH Lufthavn
2026-04-24,158417170,10:04:00,10:06:00,Esbjerg St.
2026-04-24,158417488,10:11:00,10:13:00,Østerport St.
2026-04-24,158418862,10:40:00,10:43:00,Flensburg
2026-04-24,158417474,10:46:00,10:48:00,Esbjerg St.
2026-04-24,158417063,10:51:00,10:53:00,Skanderborg St.
2026-04-24,158417164,11:04:00,11:06:00,Esbjerg St.
2026-04-24,158417487,11:11:00,11:13:00,Østerport St.
2026-04-24,158418879,11:16:00,11:18:00,Fredericia St.
2026-04-24,158422251,11:44:00,11:46:00,København H
2026-04-24,158417473,11:46:00,11:48:00,Esbjerg St.
2026-04-24,158417052,11:51:00,11:53:00,Skanderborg St.
2026-04-24,158419154,11:52:00,11:54:00,Sønderborg St.
2026-04-24,158419190,12:03:00,12:05:00,CPH Lufthavn
2026-04-24,158417158,12:04:00,12:06:00,Esbjerg St.
2026-04-24,158417486,12:11:00,12:13:00,Østerport St.
2026-04-24,158418861,12:40:00,12:43:00,Flensburg
2026-04-24,158417461,12:46:00,12:48:00,Esbjerg St.
2026-04-24,158420629,12:53:00,12:55:00,Fredericia St.
2026-04-24,158420639,13:04:00,13:06:00,Esbjerg St.
2026-04-24,158417485,13:11:00,13:13:00,Østerport St.
2026-04-24,158418842,13:16:00,13:18:00,Fredericia St.
2026-04-24,158422271,13:44:00,13:46:00,København H
2026-04-24,158417472,13:46:00,13:48:00,Esbjerg St.
2026-04-24,158417043,13:51:00,13:53:00,Skanderborg St.
2026-04-24,158419150,13:52:00,13:54:00,Sønderborg St.
2026-04-24,158419186,14:03:00,14:05:00,CPH Lufthavn
2026-04-24,158417153,14:04:00,14:06:00,Esbjerg St.
2026-04-24,158417484,14:11:00,14:13:00,Østerport St.
2026-04-24,158418860,14:40:00,14:43:00,Flensburg
2026-04-24,158417471,14:46:00,14:48:00,Esbjerg St.
2026-04-24,158417035,14:51:00,14:53:00,Skanderborg St.
2026-04-24,158417147,15:04:00,15:06:00,Esbjerg St.
2026-04-24,158417483,15:11:00,15:13:00,Østerport St.
2026-04-24,158418878,15:16:00,15:18:00,Fredericia St.
2026-04-24,158417460,15:46:00,15:48:00,Esbjerg St.
2026-04-24,158417027,15:51:00,15:53:00,Skanderborg St.
2026-04-24,158419145,15:52:00,15:54:00,Sønderborg St.
2026-04-24,158419181,16:03:00,16:05:00,CPH Lufthavn
2026-04-24,158417142,16:04:00,16:06:00,Esbjerg St.
2026-04-24,158417482,16:11:00,16:13:00,Østerport St.
2026-04-24,158422260,16:12:00,16:15:00,Hamburg Hbf
2026-04-24,158418859,16:40:00,16:43:00,Flensburg
2026-04-24,158417470,16:46:00,16:48:00,Esbjerg St.
2026-04-24,158420626,16:53:00,16:55:00,Fredericia St.
2026-04-24,158420635,17:04:00,17:06:00,Esbjerg St.
2026-04-24,158417481,17:11:00,17:13:00,Østerport St.
2026-04-24,158418877,17:16:00,17:18:00,Fredericia St.
2026-04-24,158417469,17:46:00,17:48:00,Esbjerg St.
2026-04-24,158417019,17:51:00,17:53:00,Skanderborg St.
2026-04-24,158419140,17:52:00,17:54:00,Sønderborg St.
2026-04-24,158419177,18:03:00,18:05:00,CPH Lufthavn
2026-04-24,158417137,18:04:00,18:06:00,Esbjerg St.
2026-04-24,158417480,18:11:00,18:13:00,Østerport St.
2026-04-24,158422246,18:12:00,18:15:00,Hamburg Hbf
2026-04-24,158418858,18:40:00,18:43:00,Flensburg
2026-04-24,158417468,18:46:00,18:48:00,Esbjerg St.
2026-04-24,158417012,18:51:00,18:53:00,Skanderborg St.
2026-04-24,158417132,19:04:00,19:06:00,Esbjerg St.
2026-04-24,158417479,19:11:00,19:13:00,Østerport St.
2026-04-24,158418876,19:16:00,19:18:00,Fredericia St.
2026-04-24,158417467,19:46:00,19:48:00,Esbjerg St.
2026-04-24,158417007,19:51:00,19:53:00,Skanderborg St.
2026-04-24,158419134,19:52:00,19:54:00,Sønderborg St.
2026-04-24,158419173,20:03:00,20:05:00,CPH Lufthavn
2026-04-24,158417127,20:04:00,20:06:00,Esbjerg St.
2026-04-24,158417439,20:11:00,20:13:00,Østerport St.
2026-04-24,158418857,20:40:00,20:43:00,Flensburg
2026-04-24,158417466,20:46:00,20:48:00,Esbjerg St.
2026-04-24,158417002,20:51:00,20:53:00,Skanderborg St.
2026-04-24,158417121,21:04:00,21:06:00,Esbjerg St.
2026-04-24,158418875,21:16:00,21:18:00,Fredericia St.
2026-04-24,158417465,21:46:00,21:48:00,Esbjerg St.
2026-04-24,158416997,21:51:00,21:53:00,Aarhus H
2026-04-24,158419126,21:52:00,21:54:00,Sønderborg St.
2026-04-24,158419905,22:03:00,22:05:00,Odense St.
2026-04-24,158417117,22:04:00,22:06:00,Esbjerg St.
2026-04-24,158420227,22:39:00,22:39:00,Kolding St.
2026-04-24,158420222,22:49:00,22:49:00,Fredericia St.
2026-04-24,158418840,23:17:00,23:19:00,Fredericia St.
2026-04-24,158417110,23:25:00,23:27:00,Esbjerg St.
2026-04-24,158417098,23:29:00,23:31:00,CPH Lufthavn
2026-04-24,158419900,24:03:00,24:05:00,Fredericia St.
2026-04-24,158419909,24:07:00,24:09:00,Sønderborg St.
2026-04-24,158417097,24:29:00,24:31:00,Fredericia St.
2026-04-24,158418865,4:40:00,4:43:00,Flensburg
2026-04-24,158417492,5:11:00,5:13:00,Østerport St.
2026-04-24,158417185,5:20:00,5:22:00,Esbjerg St.
2026-04-24,158417107,5:51:00,5:53:00,Skanderborg St.
2026-04-24,158419168,5:52:00,5:54:00,Sønderborg St.
2026-04-24,158419202,6:03:00,6:05:00,CPH Lufthavn
2026-04-24,158417491,6:11:00,6:13:00,Østerport St.
2026-04-24,158417184,6:20:00,6:22:00,Esbjerg St.
2026-04-24,158418864,6:40:00,6:43:00,Flensburg
2026-04-24,158417478,6:46:00,6:48:00,Esbjerg St.
2026-04-24,158417090,6:51:00,6:53:00,Skanderborg St.
2026-04-24,158417180,7:04:00,7:06:00,Esbjerg St.
2026-04-24,158417489,7:11:00,7:13:00,Østerport St.
2026-04-24,158418881,7:16:00,7:18:00,Fredericia St.
2026-04-24,158417475,7:46:00,7:48:00,Esbjerg St.
2026-04-24,158417079,7:51:00,7:53:00,Skanderborg St.
2026-04-24,158419164,7:52:00,7:54:00,Sønderborg St.
2026-04-24,158419199,8:03:00,8:05:00,CPH Lufthavn
2026-04-24,158417174,8:04:00,8:06:00,Esbjerg St.
2026-04-24,158417477,8:11:00,8:13:00,Østerport St.
2026-04-24,158418863,8:40:00,8:43:00,Flensburg
2026-04-24,158417464,8:46:00,8:48:00,Esbjerg St.
2026-04-24,158420632,8:53:00,8:55:00,Fredericia St.
2026-04-24,158420642,9:04:00,9:06:00,Esbjerg St.
2026-04-24,158417476,9:11:00,9:13:00,Østerport St.
2026-04-24,158418880,9:16:00,9:18:00,Fredericia St.
2026-04-24,158417462,9:46:00,9:48:00,Esbjerg St.
2026-04-24,158417072,9:51:00,9:53:00,Skanderborg St.
2026-04-24,158419159,9:52:00,9:54:00,Sønderborg St.
2026-04-25,158419194,10:03:00,10:05:00,CPH Lufthavn
2026-04-25,158417170,10:04:00,10:06:00,Esbjerg St.
2026-04-25,158417488,10:11:00,10:13:00,Østerport St.
2026-04-25,158422286,10:12:00,10:15:00,Hamburg Hbf
2026-04-25,158418862,10:40:00,10:43:00,Flensburg
2026-04-25,158417474,10:46:00,10:48:00,Esbjerg St.
2026-04-25,158417063,10:51:00,10:53:00,Skanderborg St.
2026-04-25,158417164,11:04:00,11:06:00,Esbjerg St.
2026-04-25,158417487,11:11:00,11:13:00,Østerport St.
2026-04-25,158418879,11:16:00,11:18:00,Fredericia St.
2026-04-25,158422251,11:44:00,11:46:00,København H
2026-04-25,158417473,11:46:00,11:48:00,Esbjerg St.
2026-04-25,158417052,11:51:00,11:53:00,Skanderborg St.
2026-04-25,158419154,11:52:00,11:54:00,Sønderborg St.
2026-04-25,158419190,12:03:00,12:05:00,CPH Lufthavn
2026-04-25,158417158,12:04:00,12:06:00,Esbjerg St.
2026-04-25,158417486,12:11:00,12:13:00,Østerport St.
2026-04-25,158418861,12:40:00,12:43:00,Flensburg
2026-04-25,158417461,12:46:00,12:48:00,Esbjerg St.
2026-04-25,158420629,12:53:00,12:55:00,Fredericia St.
2026-04-25,158420639,13:04:00,13:06:00,Esbjerg St.
2026-04-25,158417485,13:11:00,13:13:00,Østerport St.
2026-04-25,158418842,13:16:00,13:18:00,Fredericia St.
2026-04-25,158422271,13:44:00,13:46:00,København H
2026-04-25,158417472,13:46:00,13:48:00,Esbjerg St.
2026-04-25,158417043,13:51:00,13:53:00,Skanderborg St.
2026-04-25,158419150,13:52:00,13:54:00,Sønderborg St.
2026-04-25,158419186,14:03:00,14:05:00,CPH Lufthavn
2026-04-25,158417153,14:04:00,14:06:00,Esbjerg St.
2026-04-25,158417484,14:11:00,14:13:00,Østerport St.
2026-04-25,158418860,14:40:00,14:43:00,Flensburg
2026-04-25,158417471,14:46:00,14:48:00,Esbjerg St.
2026-04-25,158417035,14:51:00,14:53:00,Skanderborg St.
2026-04-25,158417147,15:04:00,15:06:00,Esbjerg St.
2026-04-25,158417483,15:11:00,15:13:00,Østerport St.
2026-04-25,158418878,15:16:00,15:18:00,Fredericia St.
2026-04-25,158417460,15:46:00,15:48:00,Esbjerg St.
2026-04-25,158417027,15:51:00,15:53:00,Skanderborg St.
2026-04-25,158419145,15:52:00,15:54:00,Sønderborg St.
2026-04-25,158419181,16:03:00,16:05:00,CPH Lufthavn
2026-04-25,158417142,16:04:00,16:06:00,Esbjerg St.
2026-04-25,158417482,16:11:00,16:13:00,Østerport St.
2026-04-25,158422260,16:12:00,16:15:00,Hamburg Hbf
2026-04-25,158418859,16:40:00,16:43:00,Flensburg
2026-04-25,158417470,16:46:00,16:48:00,Esbjerg St.
2026-04-25,158420626,16:53:00,16:55:00,Fredericia St.
2026-04-25,158420635,17:04:00,17:06:00,Esbjerg St.
2026-04-25,158417481,17:11:00,17:13:00,Østerport St.
2026-04-25,158418877,17:16:00,17:18:00,Fredericia St.
2026-04-25,158422272,17:44:00,17:46:00,København H
2026-04-25,158417469,17:46:00,17:48:00,Esbjerg St.
2026-04-25,158417019,17:51:00,17:53:00,Skanderborg St.
2026-04-25,158419140,17:52:00,17:54:00,Sønderborg St.
2026-04-25,158419177,18:03:00,18:05:00,CPH Lufthavn
2026-04-25,158417137,18:04:00,18:06:00,Esbjerg St.
2026-04-25,158417480,18:11:00,18:13:00,Østerport St.
2026-04-25,158422246,18:12:00,18:15:00,Hamburg Hbf
2026-04-25,158418858,18:40:00,18:43:00,Flensburg
2026-04-25,158417468,18:46:00,18:48:00,Esbjerg St.
2026-04-25,158417012,18:51:00,18:53:00,Skanderborg St.
2026-04-25,158417132,19:04:00,19:06:00,Esbjerg St.
2026-04-25,158417479,19:11:00,19:13:00,Østerport St.
2026-04-25,158418876,19:16:00,19:18:00,Fredericia St.
2026-04-25,158417467,19:46:00,19:48:00,Esbjerg St.
2026-04-25,158417007,19:51:00,19:53:00,Skanderborg St.
2026-04-25,158419134,19:52:00,19:54:00,Sønderborg St.
2026-04-25,158419173,20:03:00,20:05:00,CPH Lufthavn
2026-04-25,158417127,20:04:00,20:06:00,Esbjerg St.
2026-04-25,158417439,20:11:00,20:13:00,Østerport St.
2026-04-25,158418857,20:40:00,20:43:00,Flensburg
2026-04-25,158417466,20:46:00,20:48:00,Esbjerg St.
2026-04-25,158417002,20:51:00,20:53:00,Skanderborg St.
2026-04-25,158417121,21:04:00,21:06:00,Esbjerg St.
2026-04-25,158418875,21:16:00,21:18:00,Fredericia St.
2026-04-25,158417465,21:46:00,21:48:00,Esbjerg St.
2026-04-25,158416997,21:51:00,21:53:00,Aarhus H
2026-04-25,158419126,21:52:00,21:54:00,Sønderborg St.
2026-04-25,158419905,22:03:00,22:05:00,Odense St.
2026-04-25,158417117,22:04:00,22:06:00,Esbjerg St.
2026-04-25,158418840,23:17:00,23:19:00,Fredericia St.
2026-04-25,158417110,23:25:00,23:27:00,Esbjerg St.
2026-04-25,158417098,23:29:00,23:31:00,CPH Lufthavn
2026-04-25,158419900,24:03:00,24:05:00,Fredericia St.
2026-04-25,158419909,24:07:00,24:09:00,Sønderborg St.
2026-04-25,158417097,24:29:00,24:31:00,Fredericia St.
2026-04-25,158418865,4:40:00,4:43:00,Flensburg
2026-04-25,158417184,6:20:00,6:22:00,Esbjerg St.
2026-04-25,158418864,6:40:00,6:43:00,Flensburg
2026-04-25,158417091,6:51:00,6:53:00,Aarhus H
2026-04-25,158417180,7:04:00,7:06:00,Esbjerg St.
2026-04-25,158417489,7:11:00,7:13:00,Østerport St.
2026-04-25,158418881,7:16:00,7:18:00,Fredericia St.
2026-04-25,158417079,7:51:00,7:53:00,Skanderborg St.
2026-04-25,158419911,7:52:00,7:54:00,Sønderborg St.
2026-04-25,158419199,8:03:00,8:05:00,CPH Lufthavn
2026-04-25,158417174,8:04:00,8:06:00,Esbjerg St.
2026-04-25,158417477,8:11:00,8:13:00,Østerport St.
2026-04-25,158418863,8:40:00,8:43:00,Flensburg
2026-04-25,158417463,8:46:00,8:48:00,Esbjerg St.
2026-04-25,158420632,8:53:00,8:55:00,Fredericia St.
2026-04-25,158420642,9:04:00,9:06:00,Esbjerg St.
2026-04-25,158417476,9:11:00,9:13:00,Østerport St.
2026-04-25,158418880,9:16:00,9:18:00,Fredericia St.
2026-04-25,158417459,9:46:00,9:48:00,Esbjerg St.
2026-04-25,158417072,9:51:00,9:53:00,Skanderborg St.
2026-04-25,158419159,9:52:00,9:54:00,Sønderborg St.
2026-04-26,158419194,10:03:00,10:05:00,CPH Lufthavn
2026-04-26,158417170,10:04:00,10:06:00,Esbjerg St.
2026-04-26,158417488,10:11:00,10:13:00,Østerport St.
2026-04-26,158422286,10:12:00,10:15:00,Hamburg Hbf
2026-04-26,158418862,10:40:00,10:43:00,Flensburg
2026-04-26,158417474,10:46:00,10:48:00,Esbjerg St.
2026-04-26,158417063,10:51:00,10:53:00,Skanderborg St.
2026-04-26,158417164,11:04:00,11:06:00,Esbjerg St.
2026-04-26,158417487,11:11:00,11:13:00,Østerport St.
2026-04-26,158418879,11:16:00,11:18:00,Fredericia St.
2026-04-26,158422251,11:44:00,11:46:00,København H
2026-04-26,158417473,11:46:00,11:48:00,Esbjerg St.
2026-04-26,158417052,11:51:00,11:53:00,Skanderborg St.
2026-04-26,158419154,11:52:00,11:54:00,Sønderborg St.
2026-04-26,158419190,12:03:00,12:05:00,CPH Lufthavn
2026-04-26,158417158,12:04:00,12:06:00,Esbjerg St.
2026-04-26,158417486,12:11:00,12:13:00,Østerport St.
2026-04-26,158418861,12:40:00,12:43:00,Flensburg
2026-04-26,158417461,12:46:00,12:48:00,Esbjerg St.
2026-04-26,158420629,12:53:00,12:55:00,Fredericia St.
2026-04-26,158420639,13:04:00,13:06:00,Esbjerg St.
2026-04-26,158417485,13:11:00,13:13:00,Østerport St.
2026-04-26,158418842,13:16:00,13:18:00,Fredericia St.
2026-04-26,158422271,13:44:00,13:46:00,København H
2026-04-26,158417472,13:46:00,13:48:00,Esbjerg St.
2026-04-26,158417043,13:51:00,13:53:00,Skanderborg St.
2026-04-26,158419150,13:52:00,13:54:00,Sønderborg St.
2026-04-26,158419186,14:03:00,14:05:00,CPH Lufthavn
2026-04-26,158417153,14:04:00,14:06:00,Esbjerg St.
2026-04-26,158417484,14:11:00,14:13:00,Østerport St.
2026-04-26,158418860,14:40:00,14:43:00,Flensburg
2026-04-26,158417471,14:46:00,14:48:00,Esbjerg St.
2026-04-26,158417035,14:51:00,14:53:00,Skanderborg St.
2026-04-26,158417147,15:04:00,15:06:00,Esbjerg St.
2026-04-26,158417483,15:11:00,15:13:00,Østerport St.
2026-04-26,158418878,15:16:00,15:18:00,Fredericia St.
2026-04-26,158417460,15:46:00,15:48:00,Esbjerg St.
2026-04-26,158417027,15:51:00,15:53:00,Skanderborg St.
2026-04-26,158419145,15:52:00,15:54:00,Sønderborg St.
2026-04-26,158419181,16:03:00,16:05:00,CPH Lufthavn
2026-04-26,158417142,16:04:00,16:06:00,Esbjerg St.
2026-04-26,158417482,16:11:00,16:13:00,Østerport St.
2026-04-26,158422260,16:12:00,16:15:00,Hamburg Hbf
2026-04-26,158418859,16:40:00,16:43:00,Flensburg
2026-04-26,158417470,16:46:00,16:48:00,Esbjerg St.
2026-04-26,158420626,16:53:00,16:55:00,Fredericia St.
2026-04-26,158420635,17:04:00,17:06:00,Esbjerg St.
2026-04-26,158417481,17:11:00,17:13:00,Østerport St.
2026-04-26,158418877,17:16:00,17:18:00,Fredericia St.
2026-04-26,158422272,17:44:00,17:46:00,København H
2026-04-26,158417469,17:46:00,17:48:00,Esbjerg St.
2026-04-26,158417019,17:51:00,17:53:00,Skanderborg St.
2026-04-26,158419140,17:52:00,17:54:00,Sønderborg St.
2026-04-26,158419177,18:03:00,18:05:00,CPH Lufthavn
2026-04-26,158417137,18:04:00,18:06:00,Esbjerg St.
2026-04-26,158417480,18:11:00,18:13:00,Østerport St.
2026-04-26,158422246,18:12:00,18:15:00,Hamburg Hbf
2026-04-26,158418858,18:40:00,18:43:00,Flensburg
2026-04-26,158417468,18:46:00,18:48:00,Esbjerg St.
2026-04-26,158417012,18:51:00,18:53:00,Skanderborg St.
2026-04-26,158417132,19:04:00,19:06:00,Esbjerg St.
2026-04-26,158417479,19:11:00,19:13:00,Østerport St.
2026-04-26,158418876,19:16:00,19:18:00,Fredericia St.
2026-04-26,158417467,19:46:00,19:48:00,Esbjerg St.
2026-04-26,158417007,19:51:00,19:53:00,Skanderborg St.
2026-04-26,158419134,19:52:00,19:54:00,Sønderborg St.
2026-04-26,158419173,20:03:00,20:05:00,CPH Lufthavn
2026-04-26,158417127,20:04:00,20:06:00,Esbjerg St.
2026-04-26,158417440,20:11:00,20:13:00,København H
2026-04-26,158418857,20:40:00,20:43:00,Flensburg
2026-04-26,158417466,20:46:00,20:48:00,Esbjerg St.
2026-04-26,158417002,20:51:00,20:53:00,Skanderborg St.
2026-04-26,158417121,21:04:00,21:06:00,Esbjerg St.
2026-04-26,158418875,21:16:00,21:18:00,Fredericia St.
2026-04-26,158417465,21:46:00,21:48:00,Esbjerg St.
2026-04-26,158416997,21:51:00,21:53:00,Aarhus H
2026-04-26,158419126,21:52:00,21:54:00,Sønderborg St.
2026-04-26,158419905,22:03:00,22:05:00,Odense St.
2026-04-26,158417117,22:04:00,22:06:00,Esbjerg St.
2026-04-26,158418840,23:17:00,23:19:00,Fredericia St.
2026-04-26,158417110,23:25:00,23:27:00,Esbjerg St.
2026-04-26,158417104,23:29:00,23:31:00,Fredericia St.
2026-04-26,158419900,24:03:00,24:05:00,Fredericia St.
2026-04-26,158419909,24:07:00,24:09:00,Sønderborg St.
2026-04-26,158417097,24:29:00,24:31:00,Fredericia St.
2026-04-26,158417184,6:20:00,6:22:00,Esbjerg St.
2026-04-26,158418864,6:40:00,6:43:00,Flensburg
2026-04-26,158417091,6:51:00,6:53:00,Aarhus H
2026-04-26,158417180,7:04:00,7:06:00,Esbjerg St.
2026-04-26,158417489,7:11:00,7:13:00,Østerport St.
2026-04-26,158417079,7:51:00,7:53:00,Skanderborg St.
2026-04-26,158419911,7:52:00,7:54:00,Sønderborg St.
2026-04-26,158419199,8:03:00,8:05:00,CPH Lufthavn
2026-04-26,158417174,8:04:00,8:06:00,Esbjerg St.
2026-04-26,158417477,8:11:00,8:13:00,Østerport St.
2026-04-26,158418863,8:40:00,8:43:00,Flensburg
2026-04-26,158417463,8:46:00,8:48:00,Esbjerg St.
2026-04-26,158420632,8:53:00,8:55:00,Fredericia St.
2026-04-26,158420642,9:04:00,9:06:00,Esbjerg St.
2026-04-26,158417476,9:11:00,9:13:00,Østerport St.
2026-04-26,158418880,9:16:00,9:18:00,Fredericia St.
2026-04-26,158417459,9:46:00,9:48:00,Esbjerg St.
2026-04-26,158417072,9:51:00,9:53:00,Skanderborg St.
2026-04-26,158419159,9:52:00,9:54:00,Sønderborg St.
2026-04-27,158419194,10:03:00,10:05:00,CPH Lufthavn
2026-04-27,158417170,10:04:00,10:06:00,Esbjerg St.
2026-04-27,158417488,10:11:00,10:13:00,Østerport St.
2026-04-27,158418862,10:40:00,10:43:00,Flensburg
2026-04-27,158417474,10:46:00,10:48:00,Esbjerg St.
2026-04-27,158417063,10:51:00,10:53:00,Skanderborg St.
2026-04-27,158417164,11:04:00,11:06:00,Esbjerg St.
2026-04-27,158417487,11:11:00,11:13:00,Østerport St.
2026-04-27,158418879,11:16:00,11:18:00,Fredericia St.
2026-04-27,158422251,11:44:00,11:46:00,København H
2026-04-27,158417473,11:46:00,11:48:00,Esbjerg St.
2026-04-27,158417052,11:51:00,11:53:00,Skanderborg St.
2026-04-27,158419154,11:52:00,11:54:00,Sønderborg St.
2026-04-27,158419190,12:03:00,12:05:00,CPH Lufthavn
2026-04-27,158417158,12:04:00,12:06:00,Esbjerg St.
2026-04-27,158417486,12:11:00,12:13:00,Østerport St.
2026-04-27,158418861,12:40:00,12:43:00,Flensburg
2026-04-27,158417461,12:46:00,12:48:00,Esbjerg St.
2026-04-27,158420629,12:53:00,12:55:00,Fredericia St.
2026-04-27,158420639,13:04:00,13:06:00,Esbjerg St.
2026-04-27,158417485,13:11:00,13:13:00,Østerport St.
2026-04-27,158418842,13:16:00,13:18:00,Fredericia St.
2026-04-27,158422271,13:44:00,13:46:00,København H
2026-04-27,158417472,13:46:00,13:48:00,Esbjerg St.
2026-04-27,158417043,13:51:00,13:53:00,Skanderborg St.
2026-04-27,158419150,13:52:00,13:54:00,Sønderborg St.
2026-04-27,158419186,14:03:00,14:05:00,CPH Lufthavn
2026-04-27,158417153,14:04:00,14:06:00,Esbjerg St.
2026-04-27,158417484,14:11:00,14:13:00,Østerport St.
2026-04-27,158418860,14:40:00,14:43:00,Flensburg
2026-04-27,158417471,14:46:00,14:48:00,Esbjerg St.
2026-04-27,158417035,14:51:00,14:53:00,Skanderborg St.
2026-04-27,158417147,15:04:00,15:06:00,Esbjerg St.
2026-04-27,158417483,15:11:00,15:13:00,Østerport St.
2026-04-27,158418878,15:16:00,15:18:00,Fredericia St.
2026-04-27,158417460,15:46:00,15:48:00,Esbjerg St.
2026-04-27,158417027,15:51:00,15:53:00,Skanderborg St.
2026-04-27,158419145,15:52:00,15:54:00,Sønderborg St.
2026-04-27,158419181,16:03:00,16:05:00,CPH Lufthavn
2026-04-27,158417142,16:04:00,16:06:00,Esbjerg St.
2026-04-27,158417482,16:11:00,16:13:00,Østerport St.
2026-04-27,158422260,16:12:00,16:15:00,Hamburg Hbf
2026-04-27,158418859,16:40:00,16:43:00,Flensburg
2026-04-27,158417470,16:46:00,16:48:00,Esbjerg St.
2026-04-27,158420626,16:53:00,16:55:00,Fredericia St.
2026-04-27,158420635,17:04:00,17:06:00,Esbjerg St.
2026-04-27,158417481,17:11:00,17:13:00,Østerport St.
2026-04-27,158418877,17:16:00,17:18:00,Fredericia St.
2026-04-27,158417469,17:46:00,17:48:00,Esbjerg St.
2026-04-27,158417019,17:51:00,17:53:00,Skanderborg St.
2026-04-27,158419140,17:52:00,17:54:00,Sønderborg St.
2026-04-27,158419177,18:03:00,18:05:00,CPH Lufthavn
2026-04-27,158417137,18:04:00,18:06:00,Esbjerg St.
2026-04-27,158417480,18:11:00,18:13:00,Østerport St.
2026-04-27,158422246,18:12:00,18:15:00,Hamburg Hbf
2026-04-27,158418858,18:40:00,18:43:00,Flensburg
2026-04-27,158417468,18:46:00,18:48:00,Esbjerg St.
2026-04-27,158417012,18:51:00,18:53:00,Skanderborg St.
2026-04-27,158417132,19:04:00,19:06:00,Esbjerg St.
2026-04-27,158417479,19:11:00,19:13:00,Østerport St.
2026-04-27,158418876,19:16:00,19:18:00,Fredericia St.
2026-04-27,158417467,19:46:00,19:48:00,Esbjerg St.
2026-04-27,158417007,19:51:00,19:53:00,Skanderborg St.
2026-04-27,158419134,19:52:00,19:54:00,Sønderborg St.
2026-04-27,158419173,20:03:00,20:05:00,CPH Lufthavn
2026-04-27,158417127,20:04:00,20:06:00,Esbjerg St.
2026-04-27,158417439,20:11:00,20:13:00,Østerport St.
2026-04-27,158418857,20:40:00,20:43:00,Flensburg
2026-04-27,158417466,20:46:00,20:48:00,Esbjerg St.
2026-04-27,158417002,20:51:00,20:53:00,Skanderborg St.
2026-04-27,158417121,21:04:00,21:06:00,Esbjerg St.
2026-04-27,158418875,21:16:00,21:18:00,Fredericia St.
2026-04-27,158417465,21:46:00,21:48:00,Esbjerg St.
2026-04-27,158416997,21:51:00,21:53:00,Aarhus H
2026-04-27,158419126,21:52:00,21:54:00,Sønderborg St.
2026-04-27,158419905,22:03:00,22:05:00,Odense St.
2026-04-27,158417117,22:04:00,22:06:00,Esbjerg St.
2026-04-27,158420227,22:39:00,22:39:00,Kolding St.
2026-04-27,158420222,22:49:00,22:49:00,Fredericia St.
2026-04-27,158418840,23:17:00,23:19:00,Fredericia St.
2026-04-27,158417110,23:25:00,23:27:00,Esbjerg St.
2026-04-27,158417104,23:29:00,23:31:00,Fredericia St.
2026-04-27,158419900,24:03:00,24:05:00,Fredericia St.
2026-04-27,158419909,24:07:00,24:09:00,Sønderborg St.
2026-04-27,158417097,24:29:00,24:31:00,Fredericia St.
2026-04-27,158418865,4:40:00,4:43:00,Flensburg
2026-04-27,158417492,5:11:00,5:13:00,Østerport St.
2026-04-27,158417185,5:20:00,5:22:00,Esbjerg St.
2026-04-27,158417107,5:51:00,5:53:00,Skanderborg St.
2026-04-27,158419168,5:52:00,5:54:00,Sønderborg St.
2026-04-27,158419202,6:03:00,6:05:00,CPH Lufthavn
2026-04-27,158417491,6:11:00,6:13:00,Østerport St.
2026-04-27,158417184,6:20:00,6:22:00,Esbjerg St.
2026-04-27,158418864,6:40:00,6:43:00,Flensburg
2026-04-27,158417478,6:46:00,6:48:00,Esbjerg St.
2026-04-27,158417090,6:51:00,6:53:00,Skanderborg St.
2026-04-27,158417180,7:04:00,7:06:00,Esbjerg St.
2026-04-27,158417489,7:11:00,7:13:00,Østerport St.
2026-04-27,158418881,7:16:00,7:18:00,Fredericia St.
2026-04-27,158417475,7:46:00,7:48:00,Esbjerg St.
2026-04-27,158417079,7:51:00,7:53:00,Skanderborg St.
2026-04-27,158419164,7:52:00,7:54:00,Sønderborg St.
2026-04-27,158419199,8:03:00,8:05:00,CPH Lufthavn
2026-04-27,158417174,8:04:00,8:06:00,Esbjerg St.
2026-04-27,158417477,8:11:00,8:13:00,Østerport St.
2026-04-27,158418863,8:40:00,8:43:00,Flensburg
2026-04-27,158417464,8:46:00,8:48:00,Esbjerg St.
2026-04-27,158420632,8:53:00,8:55:00,Fredericia St.
2026-04-27,158420642,9:04:00,9:06:00,Esbjerg St.
2026-04-27,158417476,9:11:00,9:13:00,Østerport St.
2026-04-27,158418880,9:16:00,9:18:00,Fredericia St.
2026-04-27,158417462,9:46:00,9:48:00,Esbjerg St.
2026-04-27,158417072,9:51:00,9:53:00,Skanderborg St.
2026-04-27,158419159,9:52:00,9:54:00,Sønderborg St.
2026-04-28,158419194,10:03:00,10:05:00,CPH Lufthavn
2026-04-28,158417170,10:04:00,10:06:00,Esbjerg St.
2026-04-28,158417488,10:11:00,10:13:00,Østerport St.
2026-04-28,158422286,10:12:00,10:15:00,Hamburg Hbf
2026-04-28,158418862,10:40:00,10:43:00,Flensburg
2026-04-28,158417474,10:46:00,10:48:00,Esbjerg St.
2026-04-28,158417063,10:51:00,10:53:00,Skanderborg St.
2026-04-28,158417164,11:04:00,11:06:00,Esbjerg St.
2026-04-28,158417487,11:11:00,11:13:00,Østerport St.
2026-04-28,158418879,11:16:00,11:18:00,Fredericia St.
2026-04-28,158422251,11:44:00,11:46:00,København H
2026-04-28,158417473,11:46:00,11:48:00,Esbjerg St.
2026-04-28,158417052,11:51:00,11:53:00,Skanderborg St.
2026-04-28,158419154,11:52:00,11:54:00,Sønderborg St.
2026-04-28,158419190,12:03:00,12:05:00,CPH Lufthavn
2026-04-28,158417158,12:04:00,12:06:00,Esbjerg St.
2026-04-28,158417486,12:11:00,12:13:00,Østerport St.
2026-04-28,158418861,12:40:00,12:43:00,Flensburg
2026-04-28,158417461,12:46:00,12:48:00,Esbjerg St.
2026-04-28,158420629,12:53:00,12:55:00,Fredericia St.
2026-04-28,158420639,13:04:00,13:06:00,Esbjerg St.
2026-04-28,158417485,13:11:00,13:13:00,Østerport St.
2026-04-28,158418842,13:16:00,13:18:00,Fredericia St.
2026-04-28,158422271,13:44:00,13:46:00,København H
2026-04-28,158417472,13:46:00,13:48:00,Esbjerg St.
2026-04-28,158417043,13:51:00,13:53:00,Skanderborg St.
2026-04-28,158419150,13:52:00,13:54:00,Sønderborg St.
2026-04-28,158419186,14:03:00,14:05:00,CPH Lufthavn
2026-04-28,158417153,14:04:00,14:06:00,Esbjerg St.
2026-04-28,158417484,14:11:00,14:13:00,Østerport St.
2026-04-28,158418860,14:40:00,14:43:00,Flensburg
2026-04-28,158417471,14:46:00,14:48:00,Esbjerg St.
2026-04-28,158417035,14:51:00,14:53:00,Skanderborg St.
2026-04-28,158417147,15:04:00,15:06:00,Esbjerg St.
2026-04-28,158417483,15:11:00,15:13:00,Østerport St.
2026-04-28,158418878,15:16:00,15:18:00,Fredericia St.
2026-04-28,158417460,15:46:00,15:48:00,Esbjerg St.
2026-04-28,158417027,15:51:00,15:53:00,Skanderborg St.
2026-04-28,158419145,15:52:00,15:54:00,Sønderborg St.
2026-04-28,158419181,16:03:00,16:05:00,CPH Lufthavn
2026-04-28,158417142,16:04:00,16:06:00,Esbjerg St.
2026-04-28,158417482,16:11:00,16:13:00,Østerport St.
2026-04-28,158422260,16:12:00,16:15:00,Hamburg Hbf
2026-04-28,158418859,16:40:00,16:43:00,Flensburg
2026-04-28,158417470,16:46:00,16:48:00,Esbjerg St.
2026-04-28,158420626,16:53:00,16:55:00,Fredericia St.
2026-04-28,158420635,17:04:00,17:06:00,Esbjerg St.
2026-04-28,158417481,17:11:00,17:13:00,Østerport St.
2026-04-28,158418877,17:16:00,17:18:00,Fredericia St.
2026-04-28,158422272,17:44:00,17:46:00,København H
2026-04-28,158417469,17:46:00,17:48:00,Esbjerg St.
2026-04-28,158417019,17:51:00,17:53:00,Skanderborg St.
2026-04-28,158419140,17:52:00,17:54:00,Sønderborg St.
2026-04-28,158419177,18:03:00,18:05:00,CPH Lufthavn
2026-04-28,158417137,18:04:00,18:06:00,Esbjerg St.
2026-04-28,158417480,18:11:00,18:13:00,Østerport St.
2026-04-28,158422246,18:12:00,18:15:00,Hamburg Hbf
2026-04-28,158418858,18:40:00,18:43:00,Flensburg
2026-04-28,158417468,18:46:00,18:48:00,Esbjerg St.
2026-04-28,158417012,18:51:00,18:53:00,Skanderborg St.
2026-04-28,158417132,19:04:00,19:06:00,Esbjerg St.
2026-04-28,158417479,19:11:00,19:13:00,Østerport St.
2026-04-28,158418876,19:16:00,19:18:00,Fredericia St.
2026-04-28,158417467,19:46:00,19:48:00,Esbjerg St.
2026-04-28,158417007,19:51:00,19:53:00,Skanderborg St.
2026-04-28,158419134,19:52:00,19:54:00,Sønderborg St.
2026-04-28,158419173,20:03:00,20:05:00,CPH Lufthavn
2026-04-28,158417127,20:04:00,20:06:00,Esbjerg St.
2026-04-28,158417439,20:11:00,20:13:00,Østerport St.
2026-04-28,158418857,20:40:00,20:43:00,Flensburg
2026-04-28,158417466,20:46:00,20:48:00,Esbjerg St.
2026-04-28,158417002,20:51:00,20:53:00,Skanderborg St.
2026-04-28,158417121,21:04:00,21:06:00,Esbjerg St.
2026-04-28,158418875,21:16:00,21:18:00,Fredericia St.
2026-04-28,158417465,21:46:00,21:48:00,Esbjerg St.
2026-04-28,158416997,21:51:00,21:53:00,Aarhus H
2026-04-28,158419126,21:52:00,21:54:00,Sønderborg St.
2026-04-28,158419905,22:03:00,22:05:00,Odense St.
2026-04-28,158417117,22:04:00,22:06:00,Esbjerg St.
2026-04-28,158420227,22:39:00,22:39:00,Kolding St.
2026-04-28,158420222,22:49:00,22:49:00,Fredericia St.
2026-04-28,158418840,23:17:00,23:19:00,Fredericia St.
2026-04-28,158417110,23:25:00,23:27:00,Esbjerg St.
2026-04-28,158417104,23:29:00,23:31:00,Fredericia St.
2026-04-28,158419900,24:03:00,24:05:00,Fredericia St.
2026-04-28,158419909,24:07:00,24:09:00,Sønderborg St.
2026-04-28,158417097,24:29:00,24:31:00,Fredericia St.
2026-04-28,158418865,4:40:00,4:43:00,Flensburg
2026-04-28,158417492,5:11:00,5:13:00,Østerport St.
2026-04-28,158417185,5:20:00,5:22:00,Esbjerg St.
2026-04-28,158417107,5:51:00,5:53:00,Skanderborg St.
2026-04-28,158419168,5:52:00,5:54:00,Sønderborg St.
2026-04-28,158419202,6:03:00,6:05:00,CPH Lufthavn
2026-04-28,158417491,6:11:00,6:13:00,Østerport St.
2026-04-28,158417184,6:20:00,6:22:00,Esbjerg St.
2026-04-28,158418864,6:40:00,6:43:00,Flensburg
2026-04-28,158417478,6:46:00,6:48:00,Esbjerg St.
2026-04-28,158417090,6:51:00,6:53:00,Skanderborg St.
2026-04-28,158417180,7:04:00,7:06:00,Esbjerg St.
2026-04-28,158417489,7:11:00,7:13:00,Østerport St.
2026-04-28,158418881,7:16:00,7:18:00,Fredericia St.
2026-04-28,158417475,7:46:00,7:48:00,Esbjerg St.
2026-04-28,158417079,7:51:00,7:53:00,Skanderborg St.
2026-04-28,158419164,7:52:00,7:54:00,Sønderborg St.
2026-04-28,158419199,8:03:00,8:05:00,CPH Lufthavn
2026-04-28,158417174,8:04:00,8:06:00,Esbjerg St.
2026-04-28,158417477,8:11:00,8:13:00,Østerport St.
2026-04-28,158418863,8:40:00,8:43:00,Flensburg
2026-04-28,158417464,8:46:00,8:48:00,Esbjerg St.
2026-04-28,158420632,8:53:00,8:55:00,Fredericia St.
2026-04-28,158420642,9:04:00,9:06:00,Esbjerg St.
2026-04-28,158417476,9:11:00,9:13:00,Østerport St.
2026-04-28,158418880,9:16:00,9:18:00,Fredericia St.
2026-04-28,158417462,9:46:00,9:48:00,Esbjerg St.
2026-04-28,158417072,9:51:00,9:53:00,Skanderborg St.
2026-04-28,158419159,9:52:00,9:54:00,Sønderborg St.
2026-04-29,158419194,10:03:00,10:05:00,CPH Lufthavn
2026-04-29,158417170,10:04:00,10:06:00,Esbjerg St.
2026-04-29,158417488,10:11:00,10:13:00,Østerport St.
2026-04-29,158418862,10:40:00,10:43:00,Flensburg
2026-04-29,158417474,10:46:00,10:48:00,Esbjerg St.
2026-04-29,158417063,10:51:00,10:53:00,Skanderborg St.
2026-04-29,158417164,11:04:00,11:06:00,Esbjerg St.
2026-04-29,158417487,11:11:00,11:13:00,Østerport St.
2026-04-29,158418879,11:16:00,11:18:00,Fredericia St.
2026-04-29,158422251,11:44:00,11:46:00,København H
2026-04-29,158417473,11:46:00,11:48:00,Esbjerg St.
2026-04-29,158417052,11:51:00,11:53:00,Skanderborg St.
2026-04-29,158419154,11:52:00,11:54:00,Sønderborg St.
2026-04-29,158419190,12:03:00,12:05:00,CPH Lufthavn
2026-04-29,158417158,12:04:00,12:06:00,Esbjerg St.
2026-04-29,158417486,12:11:00,12:13:00,Østerport St.
2026-04-29,158418861,12:40:00,12:43:00,Flensburg
2026-04-29,158417461,12:46:00,12:48:00,Esbjerg St.
2026-04-29,158420629,12:53:00,12:55:00,Fredericia St.
2026-04-29,158420639,13:04:00,13:06:00,Esbjerg St.
2026-04-29,158417485,13:11:00,13:13:00,Østerport St.
2026-04-29,158418842,13:16:00,13:18:00,Fredericia St.
2026-04-29,158422271,13:44:00,13:46:00,København H
2026-04-29,158417472,13:46:00,13:48:00,Esbjerg St.
2026-04-29,158417043,13:51:00,13:53:00,Skanderborg St.
2026-04-29,158419150,13:52:00,13:54:00,Sønderborg St.
2026-04-29,158419186,14:03:00,14:05:00,CPH Lufthavn
2026-04-29,158417153,14:04:00,14:06:00,Esbjerg St.
2026-04-29,158417484,14:11:00,14:13:00,Østerport St.
2026-04-29,158418860,14:40:00,14:43:00,Flensburg
2026-04-29,158417471,14:46:00,14:48:00,Esbjerg St.
2026-04-29,158417035,14:51:00,14:53:00,Skanderborg St.
2026-04-29,158417147,15:04:00,15:06:00,Esbjerg St.
2026-04-29,158417483,15:11:00,15:13:00,Østerport St.
2026-04-29,158418878,15:16:00,15:18:00,Fredericia St.
2026-04-29,158417460,15:46:00,15:48:00,Esbjerg St.
2026-04-29,158417027,15:51:00,15:53:00,Skanderborg St.
2026-04-29,158419145,15:52:00,15:54:00,Sønderborg St.
2026-04-29,158419181,16:03:00,16:05:00,CPH Lufthavn
2026-04-29,158417142,16:04:00,16:06:00,Esbjerg St.
2026-04-29,158417482,16:11:00,16:13:00,Østerport St.
2026-04-29,158422260,16:12:00,16:15:00,Hamburg Hbf
2026-04-29,158418859,16:40:00,16:43:00,Flensburg
2026-04-29,158417470,16:46:00,16:48:00,Esbjerg St.
2026-04-29,158420626,16:53:00,16:55:00,Fredericia St.
2026-04-29,158420635,17:04:00,17:06:00,Esbjerg St.
2026-04-29,158417481,17:11:00,17:13:00,Østerport St.
2026-04-29,158418877,17:16:00,17:18:00,Fredericia St.
2026-04-29,158417469,17:46:00,17:48:00,Esbjerg St.
2026-04-29,158417019,17:51:00,17:53:00,Skanderborg St.
2026-04-29,158419140,17:52:00,17:54:00,Sønderborg St.
2026-04-29,158419177,18:03:00,18:05:00,CPH Lufthavn
2026-04-29,158417137,18:04:00,18:06:00,Esbjerg St.
2026-04-29,158417480,18:11:00,18:13:00,Østerport St.
2026-04-29,158422246,18:12:00,18:15:00,Hamburg Hbf
2026-04-29,158418858,18:40:00,18:43:00,Flensburg
2026-04-29,158417468,18:46:00,18:48:00,Esbjerg St.
2026-04-29,158417012,18:51:00,18:53:00,Skanderborg St.
2026-04-29,158417132,19:04:00,19:06:00,Esbjerg St.
2026-04-29,158417479,19:11:00,19:13:00,Østerport St.
2026-04-29,158418876,19:16:00,19:18:00,Fredericia St.
2026-04-29,158417467,19:46:00,19:48:00,Esbjerg St.
2026-04-29,158417007,19:51:00,19:53:00,Skanderborg St.
2026-04-29,158419134,19:52:00,19:54:00,Sønderborg St.
2026-04-29,158419173,20:03:00,20:05:00,CPH Lufthavn
2026-04-29,158417127,20:04:00,20:06:00,Esbjerg St.
2026-04-29,158417439,20:11:00,20:13:00,Østerport St.
2026-04-29,158418857,20:40:00,20:43:00,Flensburg
2026-04-29,158417466,20:46:00,20:48:00,Esbjerg St.
2026-04-29,158417002,20:51:00,20:53:00,Skanderborg St.
2026-04-29,158417121,21:04:00,21:06:00,Esbjerg St.
2026-04-29,158418875,21:16:00,21:18:00,Fredericia St.
2026-04-29,158417465,21:46:00,21:48:00,Esbjerg St.
2026-04-29,158416997,21:51:00,21:53:00,Aarhus H
2026-04-29,158419126,21:52:00,21:54:00,Sønderborg St.
2026-04-29,158419905,22:03:00,22:05:00,Odense St.
2026-04-29,158417117,22:04:00,22:06:00,Esbjerg St.
2026-04-29,158420227,22:39:00,22:39:00,Kolding St.
2026-04-29,158420222,22:49:00,22:49:00,Fredericia St.
2026-04-29,158418840,23:17:00,23:19:00,Fredericia St.
2026-04-29,158417110,23:25:00,23:27:00,Esbjerg St.
2026-04-29,158417104,23:29:00,23:31:00,Fredericia St.
2026-04-29,158419900,24:03:00,24:05:00,Fredericia St.
2026-04-29,158419909,24:07:00,24:09:00,Sønderborg St.
2026-04-29,158417097,24:29:00,24:31:00,Fredericia St.
2026-04-29,158418865,4:40:00,4:43:00,Flensburg
2026-04-29,158417492,5:11:00,5:13:00,Østerport St.
2026-04-29,158417185,5:20:00,5:22:00,Esbjerg St.
2026-04-29,158417107,5:51:00,5:53:00,Skanderborg St.
2026-04-29,158419168,5:52:00,5:54:00,Sønderborg St.
2026-04-29,158419202,6:03:00,6:05:00,CPH Lufthavn
2026-04-29,158417491,6:11:00,6:13:00,Østerport St.
2026-04-29,158417184,6:20:00,6:22:00,Esbjerg St.
2026-04-29,158418864,6:40:00,6:43:00,Flensburg
2026-04-29,158417478,6:46:00,6:48:00,Esbjerg St.
2026-04-29,158417090,6:51:00,6:53:00,Skanderborg St.
2026-04-29,158417180,7:04:00,7:06:00,Esbjerg St.
2026-04-29,158417489,7:11:00,7:13:00,Østerport St.
2026-04-29,158418881,7:16:00,7:18:00,Fredericia St.
2026-04-29,158417475,7:46:00,7:48:00,Esbjerg St.
2026-04-29,158417079,7:51:00,7:53:00,Skanderborg St.
2026-04-29,158419164,7:52:00,7:54:00,Sønderborg St.
2026-04-29,158419199,8:03:00,8:05:00,CPH Lufthavn
2026-04-29,158417174,8:04:00,8:06:00,Esbjerg St.
2026-04-29,158417477,8:11:00,8:13:00,Østerport St.
2026-04-29,158418863,8:40:00,8:43:00,Flensburg
2026-04-29,158417464,8:46:00,8:48:00,Esbjerg St.
2026-04-29,158420632,8:53:00,8:55:00,Fredericia St.
2026-04-29,158420642,9:04:00,9:06:00,Esbjerg St.
2026-04-29,158417476,9:11:00,9:13:00,Østerport St.
2026-04-29,158418880,9:16:00,9:18:00,Fredericia St.
2026-04-29,158417462,9:46:00,9:48:00,Esbjerg St.
2026-04-29,158417072,9:51:00,9:53:00,Skanderborg St.
2026-04-29,158419159,9:52:00,9:54:00,Sønderborg St.
2026-04-30,158419194,10:03:00,10:05:00,CPH Lufthavn
2026-04-30,158417170,10:04:00,10:06:00,Esbjerg St.
2026-04-30,158417488,10:11:00,10:13:00,Østerport St.
2026-04-30,158418862,10:40:00,10:43:00,Flensburg
2026-04-30,158417474,10:46:00,10:48:00,Esbjerg St.
2026-04-30,158417063,10:51:00,10:53:00,Skanderborg St.
2026-04-30,158417164,11:04:00,11:06:00,Esbjerg St.
2026-04-30,158417487,11:11:00,11:13:00,Østerport St.
2026-04-30,158418879,11:16:00,11:18:00,Fredericia St.
2026-04-30,158422251,11:44:00,11:46:00,København H
2026-04-30,158417473,11:46:00,11:48:00,Esbjerg St.
2026-04-30,158417052,11:51:00,11:53:00,Skanderborg St.
2026-04-30,158419154,11:52:00,11:54:00,Sønderborg St.
2026-04-30,158419190,12:03:00,12:05:00,CPH Lufthavn
2026-04-30,158417158,12:04:00,12:06:00,Esbjerg St.
2026-04-30,158417486,12:11:00,12:13:00,Østerport St.
2026-04-30,158418861,12:40:00,12:43:00,Flensburg
2026-04-30,158417461,12:46:00,12:48:00,Esbjerg St.
2026-04-30,158420629,12:53:00,12:55:00,Fredericia St.
2026-04-30,158420639,13:04:00,13:06:00,Esbjerg St.
2026-04-30,158417485,13:11:00,13:13:00,Østerport St.
2026-04-30,158418842,13:16:00,13:18:00,Fredericia St.
2026-04-30,158422271,13:44:00,13:46:00,København H
2026-04-30,158417472,13:46:00,13:48:00,Esbjerg St.
2026-04-30,158417043,13:51:00,13:53:00,Skanderborg St.
2026-04-30,158419150,13:52:00,13:54:00,Sønderborg St.
2026-04-30,158419186,14:03:00,14:05:00,CPH Lufthavn
2026-04-30,158417153,14:04:00,14:06:00,Esbjerg St.
2026-04-30,158417484,14:11:00,14:13:00,Østerport St.
2026-04-30,158418860,14:40:00,14:43:00,Flensburg
2026-04-30,158417471,14:46:00,14:48:00,Esbjerg St.
2026-04-30,158417035,14:51:00,14:53:00,Skanderborg St.
2026-04-30,158417147,15:04:00,15:06:00,Esbjerg St.
2026-04-30,158417483,15:11:00,15:13:00,Østerport St.
2026-04-30,158418878,15:16:00,15:18:00,Fredericia St.
2026-04-30,158417460,15:46:00,15:48:00,Esbjerg St.
2026-04-30,158417027,15:51:00,15:53:00,Skanderborg St.
2026-04-30,158419145,15:52:00,15:54:00,Sønderborg St.
2026-04-30,158419181,16:03:00,16:05:00,CPH Lufthavn
2026-04-30,158417142,16:04:00,16:06:00,Esbjerg St.
2026-04-30,158417482,16:11:00,16:13:00,Østerport St.
2026-04-30,158422260,16:12:00,16:15:00,Hamburg Hbf
2026-04-30,158418859,16:40:00,16:43:00,Flensburg
2026-04-30,158417470,16:46:00,16:48:00,Esbjerg St.
2026-04-30,158420626,16:53:00,16:55:00,Fredericia St.
2026-04-30,158420635,17:04:00,17:06:00,Esbjerg St.
2026-04-30,158417481,17:11:00,17:13:00,Østerport St.
2026-04-30,158418877,17:16:00,17:18:00,Fredericia St.
2026-04-30,158417469,17:46:00,17:48:00,Esbjerg St.
2026-04-30,158417019,17:51:00,17:53:00,Skanderborg St.
2026-04-30,158419140,17:52:00,17:54:00,Sønderborg St.
2026-04-30,158419177,18:03:00,18:05:00,CPH Lufthavn
2026-04-30,158417137,18:04:00,18:06:00,Esbjerg St.
2026-04-30,158417480,18:11:00,18:13:00,Østerport St.
2026-04-30,158422246,18:12:00,18:15:00,Hamburg Hbf
2026-04-30,158418858,18:40:00,18:43:00,Flensburg
2026-04-30,158417468,18:46:00,18:48:00,Esbjerg St.
2026-04-30,158417012,18:51:00,18:53:00,Skanderborg St.
2026-04-30,158417132,19:04:00,19:06:00,Esbjerg St.
2026-04-30,158417479,19:11:00,19:13:00,Østerport St.
2026-04-30,158418876,19:16:00,19:18:00,Fredericia St.
2026-04-30,158417467,19:46:00,19:48:00,Esbjerg St.
2026-04-30,158417007,19:51:00,19:53:00,Skanderborg St.
2026-04-30,158419134,19:52:00,19:54:00,Sønderborg St.
2026-04-30,158419173,20:03:00,20:05:00,CPH Lufthavn
2026-04-30,158417127,20:04:00,20:06:00,Esbjerg St.
2026-04-30,158417439,20:11:00,20:13:00,Østerport St.
2026-04-30,158418857,20:40:00,20:43:00,Flensburg
2026-04-30,158417466,20:46:00,20:48:00,Esbjerg St.
2026-04-30,158417002,20:51:00,20:53:00,Skanderborg St.
2026-04-30,158417121,21:04:00,21:06:00,Esbjerg St.
2026-04-30,158418875,21:16:00,21:18:00,Fredericia St.
2026-04-30,158417465,21:46:00,21:48:00,Esbjerg St.
2026-04-30,158416997,21:51:00,21:53:00,Aarhus H
2026-04-30,158419126,21:52:00,21:54:00,Sønderborg St.
2026-04-30,158419905,22:03:00,22:05:00,Odense St.
2026-04-30,158417117,22:04:00,22:06:00,Esbjerg St.
2026-04-30,158420227,22:39:00,22:39:00,Kolding St.
2026-04-30,158420222,22:49:00,22:49:00,Fredericia St.
2026-04-30,158418840,23:17:00,23:19:00,Fredericia St.
2026-04-30,158417110,23:25:00,23:27:00,Esbjerg St.
2026-04-30,158417104,23:29:00,23:31:00,Fredericia St.
2026-04-30,158419900,24:03:00,24:05:00,Fredericia St.
2026-04-30,158419909,24:07:00,24:09:00,Sønderborg St.
2026-04-30,158417097,24:29:00,24:31:00,Fredericia St.
2026-04-30,158418865,4:40:00,4:43:00,Flensburg
2026-04-30,158417492,5:11:00,5:13:00,Østerport St.
2026-04-30,158417185,5:20:00,5:22:00,Esbjerg St.
2026-04-30,158417107,5:51:00,5:53:00,Skanderborg St.
2026-04-30,158419168,5:52:00,5:54:00,Sønderborg St.
2026-04-30,158419202,6:03:00,6:05:00,CPH Lufthavn
2026-04-30,158417491,6:11:00,6:13:00,Østerport St.
2026-04-30,158417184,6:20:00,6:22:00,Esbjerg St.
2026-04-30,158418864,6:40:00,6:43:00,Flensburg
2026-04-30,158417478,6:46:00,6:48:00,Esbjerg St.
2026-04-30,158417090,6:51:00,6:53:00,Skanderborg St.
2026-04-30,158417180,7:04:00,7:06:00,Esbjerg St.
2026-04-30,158417489,7:11:00,7:13:00,Østerport St.
2026-04-30,158418881,7:16:00,7:18:00,Fredericia St.
2026-04-30,158417475,7:46:00,7:48:00,Esbjerg St.
2026-04-30,158417079,7:51:00,7:53:00,Skanderborg St.
2026-04-30,158419164,7:52:00,7:54:00,Sønderborg St.
2026-04-30,158419199,8:03:00,8:05:00,CPH Lufthavn
2026-04-30,158417174,8:04:00,8:06:00,Esbjerg St.
2026-04-30,158417477,8:11:00,8:13:00,Østerport St.
2026-04-30,158418863,8:40:00,8:43:00,Flensburg
2026-04-30,158417464,8:46:00,8:48:00,Esbjerg St.
2026-04-30,158420632,8:53:00,8:55:00,Fredericia St.
2026-04-30,158420642,9:04:00,9:06:00,Esbjerg St.
2026-04-30,158417476,9:11:00,9:13:00,Østerport St.
2026-04-30,158418880,9:16:00,9:18:00,Fredericia St.
2026-04-30,158417462,9:46:00,9:48:00,Esbjerg St.
2026-04-30,158417072,9:51:00,9:53:00,Skanderborg St.
2026-04-30,158419159,9:52:00,9:54:00,Sønderborg St.
2026-05-01,158419194,10:03:00,10:05:00,CPH Lufthavn
2026-05-01,158417170,10:04:00,10:06:00,Esbjerg St.
2026-05-01,158417488,10:11:00,10:13:00,Østerport St.
2026-05-01,158418862,10:40:00,10:43:00,Flensburg
2026-05-01,158417474,10:46:00,10:48:00,Esbjerg St.
2026-05-01,158417063,10:51:00,10:53:00,Skanderborg St.
2026-05-01,158417164,11:04:00,11:06:00,Esbjerg St.
2026-05-01,158417487,11:11:00,11:13:00,Østerport St.
2026-05-01,158418879,11:16:00,11:18:00,Fredericia St.
2026-05-01,158422251,11:44:00,11:46:00,København H
2026-05-01,158417473,11:46:00,11:48:00,Esbjerg St.
2026-05-01,158417052,11:51:00,11:53:00,Skanderborg St.
2026-05-01,158419154,11:52:00,11:54:00,Sønderborg St.
2026-05-01,158419190,12:03:00,12:05:00,CPH Lufthavn
2026-05-01,158417158,12:04:00,12:06:00,Esbjerg St.
2026-05-01,158417486,12:11:00,12:13:00,Østerport St.
2026-05-01,158418861,12:40:00,12:43:00,Flensburg
2026-05-01,158417461,12:46:00,12:48:00,Esbjerg St.
2026-05-01,158420629,12:53:00,12:55:00,Fredericia St.
2026-05-01,158420639,13:04:00,13:06:00,Esbjerg St.
2026-05-01,158417485,13:11:00,13:13:00,Østerport St.
2026-05-01,158418842,13:16:00,13:18:00,Fredericia St.
2026-05-01,158422271,13:44:00,13:46:00,København H
2026-05-01,158417472,13:46:00,13:48:00,Esbjerg St.
2026-05-01,158417043,13:51:00,13:53:00,Skanderborg St.
2026-05-01,158419150,13:52:00,13:54:00,Sønderborg St.
2026-05-01,158419186,14:03:00,14:05:00,CPH Lufthavn
2026-05-01,158417153,14:04:00,14:06:00,Esbjerg St.
2026-05-01,158417484,14:11:00,14:13:00,Østerport St.
2026-05-01,158418860,14:40:00,14:43:00,Flensburg
2026-05-01,158417471,14:46:00,14:48:00,Esbjerg St.
2026-05-01,158417035,14:51:00,14:53:00,Skanderborg St.
2026-05-01,158417147,15:04:00,15:06:00,Esbjerg St.
2026-05-01,158417483,15:11:00,15:13:00,Østerport St.
2026-05-01,158418878,15:16:00,15:18:00,Fredericia St.
2026-05-01,158417460,15:46:00,15:48:00,Esbjerg St.
2026-05-01,158417027,15:51:00,15:53:00,Skanderborg St.
2026-05-01,158419145,15:52:00,15:54:00,Sønderborg St.
2026-05-01,158419181,16:03:00,16:05:00,CPH Lufthavn
2026-05-01,158417142,16:04:00,16:06:00,Esbjerg St.
2026-05-01,158417482,16:11:00,16:13:00,Østerport St.
2026-05-01,158422260,16:12:00,16:15:00,Hamburg Hbf
2026-05-01,158418859,16:40:00,16:43:00,Flensburg
2026-05-01,158417470,16:46:00,16:48:00,Esbjerg St.
2026-05-01,158420626,16:53:00,16:55:00,Fredericia St.
2026-05-01,158420635,17:04:00,17:06:00,Esbjerg St.
2026-05-01,158417481,17:11:00,17:13:00,Østerport St.
2026-05-01,158418877,17:16:00,17:18:00,Fredericia St.
2026-05-01,158417469,17:46:00,17:48:00,Esbjerg St.
2026-05-01,158417019,17:51:00,17:53:00,Skanderborg St.
2026-05-01,158419140,17:52:00,17:54:00,Sønderborg St.
2026-05-01,158419177,18:03:00,18:05:00,CPH Lufthavn
2026-05-01,158417137,18:04:00,18:06:00,Esbjerg St.
2026-05-01,158417480,18:11:00,18:13:00,Østerport St.
2026-05-01,158422246,18:12:00,18:15:00,Hamburg Hbf
2026-05-01,158418858,18:40:00,18:43:00,Flensburg
2026-05-01,158417468,18:46:00,18:48:00,Esbjerg St.
2026-05-01,158417012,18:51:00,18:53:00,Skanderborg St.
2026-05-01,158417132,19:04:00,19:06:00,Esbjerg St.
2026-05-01,158417479,19:11:00,19:13:00,Østerport St.
2026-05-01,158418876,19:16:00,19:18:00,Fredericia St.
2026-05-01,158417467,19:46:00,19:48:00,Esbjerg St.
2026-05-01,158417007,19:51:00,19:53:00,Skanderborg St.
2026-05-01,158419134,19:52:00,19:54:00,Sønderborg St.
2026-05-01,158419173,20:03:00,20:05:00,CPH Lufthavn
2026-05-01,158417127,20:04:00,20:06:00,Esbjerg St.
2026-05-01,158417439,20:11:00,20:13:00,Østerport St.
2026-05-01,158418857,20:40:00,20:43:00,Flensburg
2026-05-01,158417466,20:46:00,20:48:00,Esbjerg St.
2026-05-01,158417002,20:51:00,20:53:00,Skanderborg St.
2026-05-01,158417121,21:04:00,21:06:00,Esbjerg St.
2026-05-01,158418875,21:16:00,21:18:00,Fredericia St.
2026-05-01,158417465,21:46:00,21:48:00,Esbjerg St.
2026-05-01,158416997,21:51:00,21:53:00,Aarhus H
2026-05-01,158419126,21:52:00,21:54:00,Sønderborg St.
2026-05-01,158419905,22:03:00,22:05:00,Odense St.
2026-05-01,158417117,22:04:00,22:06:00,Esbjerg St.
2026-05-01,158420227,22:39:00,22:39:00,Kolding St.
2026-05-01,158420222,22:49:00,22:49:00,Fredericia St.
2026-05-01,158418840,23:17:00,23:19:00,Fredericia St.
2026-05-01,158417110,23:25:00,23:27:00,Esbjerg St.
2026-05-01,158417098,23:29:00,23:31:00,CPH Lufthavn
2026-05-01,158419900,24:03:00,24:05:00,Fredericia St.
2026-05-01,158419909,24:07:00,24:09:00,Sønderborg St.
2026-05-01,158417097,24:29:00,24:31:00,Fredericia St.
2026-05-01,158418865,4:40:00,4:43:00,Flensburg
2026-05-01,158417492,5:11:00,5:13:00,Østerport St.
2026-05-01,158417185,5:20:00,5:22:00,Esbjerg St.
2026-05-01,158417107,5:51:00,5:53:00,Skanderborg St.
2026-05-01,158419168,5:52:00,5:54:00,Sønderborg St.
2026-05-01,158419202,6:03:00,6:05:00,CPH Lufthavn
2026-05-01,158417491,6:11:00,6:13:00,Østerport St.
2026-05-01,158417184,6:20:00,6:22:00,Esbjerg St.
2026-05-01,158418864,6:40:00,6:43:00,Flensburg
2026-05-01,158417478,6:46:00,6:48:00,Esbjerg St.
2026-05-01,158417090,6:51:00,6:53:00,Skanderborg St.
2026-05-01,158417180,7:04:00,7:06:00,Esbjerg St.
2026-05-01,158417489,7:11:00,7:13:00,Østerport St.
2026-05-01,158418881,7:16:00,7:18:00,Fredericia St.
2026-05-01,158417475,7:46:00,7:48:00,Esbjerg St.
2026-05-01,158417079,7:51:00,7:53:00,Skanderborg St.
2026-05-01,158419164,7:52:00,7:54:00,Sønderborg St.
2026-05-01,158419199,8:03:00,8:05:00,CPH Lufthavn
2026-05-01,158417174,8:04:00,8:06:00,Esbjerg St.
2026-05-01,158417477,8:11:00,8:13:00,Østerport St.
2026-05-01,158418863,8:40:00,8:43:00,Flensburg
2026-05-01,158417464,8:46:00,8:48:00,Esbjerg St.
2026-05-01,158420632,8:53:00,8:55:00,Fredericia St.
2026-05-01,158420642,9:04:00,9:06:00,Esbjerg St.
2026-05-01,158417476,9:11:00,9:13:00,Østerport St.
2026-05-01,158418880,9:16:00,9:18:00,Fredericia St.
2026-05-01,158417462,9:46:00,9:48:00,Esbjerg St.
2026-05-01,158417072,9:51:00,9:53:00,Skanderborg St.
2026-05-01,158419159,9:52:00,9:54:00,Sønderborg St.
2026-05-02,158419194,10:03:00,10:05:00,CPH Lufthavn
2026-05-02,158417170,10:04:00,10:06:00,Esbjerg St.
2026-05-02,158417488,10:11:00,10:13:00,Østerport St.
2026-05-02,158422286,10:12:00,10:15:00,Hamburg Hbf
2026-05-02,158418862,10:40:00,10:43:00,Flensburg
2026-05-02,158417474,10:46:00,10:48:00,Esbjerg St.
2026-05-02,158417063,10:51:00,10:53:00,Skanderborg St.
2026-05-02,158417164,11:04:00,11:06:00,Esbjerg St.
2026-05-02,158417487,11:11:00,11:13:00,Østerport St.
2026-05-02,158418879,11:16:00,11:18:00,Fredericia St.
2026-05-02,158422251,11:44:00,11:46:00,København H
2026-05-02,158417473,11:46:00,11:48:00,Esbjerg St.
2026-05-02,158417052,11:51:00,11:53:00,Skanderborg St.
2026-05-02,158419154,11:52:00,11:54:00,Sønderborg St.
2026-05-02,158419190,12:03:00,12:05:00,CPH Lufthavn
2026-05-02,158417158,12:04:00,12:06:00,Esbjerg St.
2026-05-02,158417486,12:11:00,12:13:00,Østerport St.
2026-05-02,158418861,12:40:00,12:43:00,Flensburg
2026-05-02,158417461,12:46:00,12:48:00,Esbjerg St.
2026-05-02,158420629,12:53:00,12:55:00,Fredericia St.
2026-05-02,158420639,13:04:00,13:06:00,Esbjerg St.
2026-05-02,158417485,13:11:00,13:13:00,Østerport St.
2026-05-02,158418842,13:16:00,13:18:00,Fredericia St.
2026-05-02,158422271,13:44:00,13:46:00,København H
2026-05-02,158417472,13:46:00,13:48:00,Esbjerg St.
2026-05-02,158417043,13:51:00,13:53:00,Skanderborg St.
2026-05-02,158419150,13:52:00,13:54:00,Sønderborg St.
2026-05-02,158419186,14:03:00,14:05:00,CPH Lufthavn
2026-05-02,158417153,14:04:00,14:06:00,Esbjerg St.
2026-05-02,158417484,14:11:00,14:13:00,Østerport St.
2026-05-02,158418860,14:40:00,14:43:00,Flensburg
2026-05-02,158417471,14:46:00,14:48:00,Esbjerg St.
2026-05-02,158417035,14:51:00,14:53:00,Skanderborg St.
2026-05-02,158417147,15:04:00,15:06:00,Esbjerg St.
2026-05-02,158417483,15:11:00,15:13:00,Østerport St.
2026-05-02,158418878,15:16:00,15:18:00,Fredericia St.
2026-05-02,158417460,15:46:00,15:48:00,Esbjerg St.
2026-05-02,158417027,15:51:00,15:53:00,Skanderborg St.
2026-05-02,158419145,15:52:00,15:54:00,Sønderborg St.
2026-05-02,158419181,16:03:00,16:05:00,CPH Lufthavn
2026-05-02,158417142,16:04:00,16:06:00,Esbjerg St.
2026-05-02,158417482,16:11:00,16:13:00,Østerport St.
2026-05-02,158422260,16:12:00,16:15:00,Hamburg Hbf
2026-05-02,158418859,16:40:00,16:43:00,Flensburg
2026-05-02,158417470,16:46:00,16:48:00,Esbjerg St.
2026-05-02,158420626,16:53:00,16:55:00,Fredericia St.
2026-05-02,158420635,17:04:00,17:06:00,Esbjerg St.
2026-05-02,158417481,17:11:00,17:13:00,Østerport St.
2026-05-02,158418877,17:16:00,17:18:00,Fredericia St.
2026-05-02,158422272,17:44:00,17:46:00,København H
2026-05-02,158417469,17:46:00,17:48:00,Esbjerg St.
2026-05-02,158417019,17:51:00,17:53:00,Skanderborg St.
2026-05-02,158419140,17:52:00,17:54:00,Sønderborg St.
2026-05-02,158419177,18:03:00,18:05:00,CPH Lufthavn
2026-05-02,158417137,18:04:00,18:06:00,Esbjerg St.
2026-05-02,158417480,18:11:00,18:13:00,Østerport St.
2026-05-02,158422246,18:12:00,18:15:00,Hamburg Hbf
2026-05-02,158418858,18:40:00,18:43:00,Flensburg
2026-05-02,158417468,18:46:00,18:48:00,Esbjerg St.
2026-05-02,158417012,18:51:00,18:53:00,Skanderborg St.
2026-05-02,158417132,19:04:00,19:06:00,Esbjerg St.
2026-05-02,158417479,19:11:00,19:13:00,Østerport St.
2026-05-02,158418876,19:16:00,19:18:00,Fredericia St.
2026-05-02,158417467,19:46:00,19:48:00,Esbjerg St.
2026-05-02,158417007,19:51:00,19:53:00,Skanderborg St.
2026-05-02,158419134,19:52:00,19:54:00,Sønderborg St.
2026-05-02,158419173,20:03:00,20:05:00,CPH Lufthavn
2026-05-02,158417127,20:04:00,20:06:00,Esbjerg St.
2026-05-02,158417439,20:11:00,20:13:00,Østerport St.
2026-05-02,158418857,20:40:00,20:43:00,Flensburg
2026-05-02,158417466,20:46:00,20:48:00,Esbjerg St.
2026-05-02,158417002,20:51:00,20:53:00,Skanderborg St.
2026-05-02,158417121,21:04:00,21:06:00,Esbjerg St.
2026-05-02,158418875,21:16:00,21:18:00,Fredericia St.
2026-05-02,158417465,21:46:00,21:48:00,Esbjerg St.
2026-05-02,158416997,21:51:00,21:53:00,Aarhus H
2026-05-02,158419126,21:52:00,21:54:00,Sønderborg St.
2026-05-02,158419905,22:03:00,22:05:00,Odense St.
2026-05-02,158417117,22:04:00,22:06:00,Esbjerg St.
2026-05-02,158418840,23:17:00,23:19:00,Fredericia St.
2026-05-02,158417110,23:25:00,23:27:00,Esbjerg St.
2026-05-02,158417098,23:29:00,23:31:00,CPH Lufthavn
2026-05-02,158419900,24:03:00,24:05:00,Fredericia St.
2026-05-02,158419909,24:07:00,24:09:00,Sønderborg St.
2026-05-02,158417097,24:29:00,24:31:00,Fredericia St.
2026-05-02,158418865,4:40:00,4:43:00,Flensburg
2026-05-02,158417184,6:20:00,6:22:00,Esbjerg St.
2026-05-02,158418864,6:40:00,6:43:00,Flensburg
2026-05-02,158417091,6:51:00,6:53:00,Aarhus H
2026-05-02,158417180,7:04:00,7:06:00,Esbjerg St.
2026-05-02,158417489,7:11:00,7:13:00,Østerport St.
2026-05-02,158418881,7:16:00,7:18:00,Fredericia St.
2026-05-02,158417079,7:51:00,7:53:00,Skanderborg St.
2026-05-02,158419911,7:52:00,7:54:00,Sønderborg St.
2026-05-02,158419199,8:03:00,8:05:00,CPH Lufthavn
2026-05-02,158417174,8:04:00,8:06:00,Esbjerg St.
2026-05-02,158417477,8:11:00,8:13:00,Østerport St.
2026-05-02,158418863,8:40:00,8:43:00,Flensburg
2026-05-02,158417463,8:46:00,8:48:00,Esbjerg St.
2026-05-02,158420632,8:53:00,8:55:00,Fredericia St.
2026-05-02,158420642,9:04:00,9:06:00,Esbjerg St.
2026-05-02,158417476,9:11:00,9:13:00,Østerport St.
2026-05-02,158418880,9:16:00,9:18:00,Fredericia St.
2026-05-02,158417459,9:46:00,9:48:00,Esbjerg St.
2026-05-02,158417072,9:51:00,9:53:00,Skanderborg St.
2026-05-02,158419159,9:52:00,9:54:00,Sønderborg St.
2026-05-03,158419194,10:03:00,10:05:00,CPH Lufthavn
2026-05-03,158417170,10:04:00,10:06:00,Esbjerg St.
2026-05-03,158417488,10:11:00,10:13:00,Østerport St.
2026-05-03,158422286,10:12:00,10:15:00,Hamburg Hbf
2026-05-03,158418862,10:40:00,10:43:00,Flensburg
2026-05-03,158417474,10:46:00,10:48:00,Esbjerg St.
2026-05-03,158417063,10:51:00,10:53:00,Skanderborg St.
2026-05-03,158417164,11:04:00,11:06:00,Esbjerg St.
2026-05-03,158417487,11:11:00,11:13:00,Østerport St.
2026-05-03,158418879,11:16:00,11:18:00,Fredericia St.
2026-05-03,158422251,11:44:00,11:46:00,København H
2026-05-03,158417473,11:46:00,11:48:00,Esbjerg St.
2026-05-03,158417052,11:51:00,11:53:00,Skanderborg St.
2026-05-03,158419154,11:52:00,11:54:00,Sønderborg St.
2026-05-03,158419190,12:03:00,12:05:00,CPH Lufthavn
2026-05-03,158417158,12:04:00,12:06:00,Esbjerg St.
2026-05-03,158417486,12:11:00,12:13:00,Østerport St.
2026-05-03,158418861,12:40:00,12:43:00,Flensburg
2026-05-03,158417461,12:46:00,12:48:00,Esbjerg St.
2026-05-03,158420629,12:53:00,12:55:00,Fredericia St.
2026-05-03,158420639,13:04:00,13:06:00,Esbjerg St.
2026-05-03,158417485,13:11:00,13:13:00,Østerport St.
2026-05-03,158418842,13:16:00,13:18:00,Fredericia St.
2026-05-03,158422271,13:44:00,13:46:00,København H
2026-05-03,158417472,13:46:00,13:48:00,Esbjerg St.
2026-05-03,158417043,13:51:00,13:53:00,Skanderborg St.
2026-05-03,158419150,13:52:00,13:54:00,Sønderborg St.
2026-05-03,158419186,14:03:00,14:05:00,CPH Lufthavn
2026-05-03,158417153,14:04:00,14:06:00,Esbjerg St.
2026-05-03,158417484,14:11:00,14:13:00,Østerport St.
2026-05-03,158418860,14:40:00,14:43:00,Flensburg
2026-05-03,158417471,14:46:00,14:48:00,Esbjerg St.
2026-05-03,158417035,14:51:00,14:53:00,Skanderborg St.
2026-05-03,158417147,15:04:00,15:06:00,Esbjerg St.
2026-05-03,158417483,15:11:00,15:13:00,Østerport St.
2026-05-03,158418878,15:16:00,15:18:00,Fredericia St.
2026-05-03,158417460,15:46:00,15:48:00,Esbjerg St.
2026-05-03,158417027,15:51:00,15:53:00,Skanderborg St.
2026-05-03,158419145,15:52:00,15:54:00,Sønderborg St.
2026-05-03,158419181,16:03:00,16:05:00,CPH Lufthavn
2026-05-03,158417142,16:04:00,16:06:00,Esbjerg St.
2026-05-03,158417482,16:11:00,16:13:00,Østerport St.
2026-05-03,158422260,16:12:00,16:15:00,Hamburg Hbf
2026-05-03,158418859,16:40:00,16:43:00,Flensburg
2026-05-03,158417470,16:46:00,16:48:00,Esbjerg St.
2026-05-03,158420626,16:53:00,16:55:00,Fredericia St.
2026-05-03,158420635,17:04:00,17:06:00,Esbjerg St.
2026-05-03,158417481,17:11:00,17:13:00,Østerport St.
2026-05-03,158418877,17:16:00,17:18:00,Fredericia St.
2026-05-03,158422272,17:44:00,17:46:00,København H
2026-05-03,158417469,17:46:00,17:48:00,Esbjerg St.
2026-05-03,158417019,17:51:00,17:53:00,Skanderborg St.
2026-05-03,158419140,17:52:00,17:54:00,Sønderborg St.
2026-05-03,158419177,18:03:00,18:05:00,CPH Lufthavn
2026-05-03,158417137,18:04:00,18:06:00,Esbjerg St.
2026-05-03,158417480,18:11:00,18:13:00,Østerport St.
2026-05-03,158422246,18:12:00,18:15:00,Hamburg Hbf
2026-05-03,158418858,18:40:00,18:43:00,Flensburg
2026-05-03,158417468,18:46:00,18:48:00,Esbjerg St.
2026-05-03,158417012,18:51:00,18:53:00,Skanderborg St.
2026-05-03,158417132,19:04:00,19:06:00,Esbjerg St.
2026-05-03,158417479,19:11:00,19:13:00,Østerport St.
2026-05-03,158418876,19:16:00,19:18:00,Fredericia St.
2026-05-03,158417467,19:46:00,19:48:00,Esbjerg St.
2026-05-03,158417007,19:51:00,19:53:00,Skanderborg St.
2026-05-03,158419134,19:52:00,19:54:00,Sønderborg St.
2026-05-03,158419173,20:03:00,20:05:00,CPH Lufthavn
2026-05-03,158417127,20:04:00,20:06:00,Esbjerg St.
2026-05-03,158417440,20:11:00,20:13:00,København H
2026-05-03,158418857,20:40:00,20:43:00,Flensburg
2026-05-03,158417466,20:46:00,20:48:00,Esbjerg St.
2026-05-03,158417002,20:51:00,20:53:00,Skanderborg St.
2026-05-03,158417121,21:04:00,21:06:00,Esbjerg St.
2026-05-03,158418875,21:16:00,21:18:00,Fredericia St.
2026-05-03,158417465,21:46:00,21:48:00,Esbjerg St.
2026-05-03,158416997,21:51:00,21:53:00,Aarhus H
2026-05-03,158419126,21:52:00,21:54:00,Sønderborg St.
2026-05-03,158419905,22:03:00,22:05:00,Odense St.
2026-05-03,158417117,22:04:00,22:06:00,Esbjerg St.
2026-05-03,158418840,23:17:00,23:19:00,Fredericia St.
2026-05-03,158417110,23:25:00,23:27:00,Esbjerg St.
2026-05-03,158417104,23:29:00,23:31:00,Fredericia St.
2026-05-03,158419900,24:03:00,24:05:00,Fredericia St.
2026-05-03,158419909,24:07:00,24:09:00,Sønderborg St.
2026-05-03,158417097,24:29:00,24:31:00,Fredericia St.
2026-05-03,158417184,6:20:00,6:22:00,Esbjerg St.
2026-05-03,158418864,6:40:00,6:43:00,Flensburg
2026-05-03,158417091,6:51:00,6:53:00,Aarhus H
2026-05-03,158417180,7:04:00,7:06:00,Esbjerg St.
2026-05-03,158417489,7:11:00,7:13:00,Østerport St.
2026-05-03,158417079,7:51:00,7:53:00,Skanderborg St.
2026-05-03,158419911,7:52:00,7:54:00,Sønderborg St.
2026-05-03,158419199,8:03:00,8:05:00,CPH Lufthavn
2026-05-03,158417174,8:04:00,8:06:00,Esbjerg St.
2026-05-03,158417477,8:11:00,8:13:00,Østerport St.
2026-05-03,158418863,8:40:00,8:43:00,Flensburg
2026-05-03,158417463,8:46:00,8:48:00,Esbjerg St.
2026-05-03,158420632,8:53:00,8:55:00,Fredericia St.
2026-05-03,158420642,9:04:00,9:06:00,Esbjerg St.
2026-05-03,158417476,9:11:00,9:13:00,Østerport St.
2026-05-03,158418880,9:16:00,9:18:00,Fredericia St.
2026-05-03,158417459,9:46:00,9:48:00,Esbjerg St.
2026-05-03,158417072,9:51:00,9:53:00,Skanderborg St.
2026-05-03,158419159,9:52:00,9:54:00,Sønderborg St.
2026-05-04,158419194,10:03:00,10:05:00,CPH Lufthavn
2026-05-04,158417170,10:04:00,10:06:00,Esbjerg St.
2026-05-04,158417488,10:11:00,10:13:00,Østerport St.
2026-05-04,158418862,10:40:00,10:43:00,Flensburg
2026-05-04,158417474,10:46:00,10:48:00,Esbjerg St.
2026-05-04,158417063,10:51:00,10:53:00,Skanderborg St.
2026-05-04,158417164,11:04:00,11:06:00,Esbjerg St.
2026-05-04,158417487,11:11:00,11:13:00,Østerport St.
2026-05-04,158418879,11:16:00,11:18:00,Fredericia St.
2026-05-04,158422251,11:44:00,11:46:00,København H
2026-05-04,158417473,11:46:00,11:48:00,Esbjerg St.
2026-05-04,158417052,11:51:00,11:53:00,Skanderborg St.
2026-05-04,158419154,11:52:00,11:54:00,Sønderborg St.
2026-05-04,158419190,12:03:00,12:05:00,CPH Lufthavn
2026-05-04,158417158,12:04:00,12:06:00,Esbjerg St.
2026-05-04,158417486,12:11:00,12:13:00,Østerport St.
2026-05-04,158418861,12:40:00,12:43:00,Flensburg
2026-05-04,158417461,12:46:00,12:48:00,Esbjerg St.
2026-05-04,158420629,12:53:00,12:55:00,Fredericia St.
2026-05-04,158420639,13:04:00,13:06:00,Esbjerg St.
2026-05-04,158417485,13:11:00,13:13:00,Østerport St.
2026-05-04,158418842,13:16:00,13:18:00,Fredericia St.
2026-05-04,158422271,13:44:00,13:46:00,København H
2026-05-04,158417472,13:46:00,13:48:00,Esbjerg St.
2026-05-04,158417043,13:51:00,13:53:00,Skanderborg St.
2026-05-04,158419150,13:52:00,13:54:00,Sønderborg St.
2026-05-04,158419186,14:03:00,14:05:00,CPH Lufthavn
2026-05-04,158417153,14:04:00,14:06:00,Esbjerg St.
2026-05-04,158417484,14:11:00,14:13:00,Østerport St.
2026-05-04,158418860,14:40:00,14:43:00,Flensburg
2026-05-04,158417471,14:46:00,14:48:00,Esbjerg St.
2026-05-04,158417035,14:51:00,14:53:00,Skanderborg St.
2026-05-04,158417147,15:04:00,15:06:00,Esbjerg St.
2026-05-04,158417483,15:11:00,15:13:00,Østerport St.
2026-05-04,158418878,15:16:00,15:18:00,Fredericia St.
2026-05-04,158417460,15:46:00,15:48:00,Esbjerg St.
2026-05-04,158417027,15:51:00,15:53:00,Skanderborg St.
2026-05-04,158419145,15:52:00,15:54:00,Sønderborg St.
2026-05-04,158419181,16:03:00,16:05:00,CPH Lufthavn
2026-05-04,158417142,16:04:00,16:06:00,Esbjerg St.
2026-05-04,158417482,16:11:00,16:13:00,Østerport St.
2026-05-04,158422260,16:12:00,16:15:00,Hamburg Hbf
2026-05-04,158418859,16:40:00,16:43:00,Flensburg
2026-05-04,158417470,16:46:00,16:48:00,Esbjerg St.
2026-05-04,158420626,16:53:00,16:55:00,Fredericia St.
2026-05-04,158420635,17:04:00,17:06:00,Esbjerg St.
2026-05-04,158417481,17:11:00,17:13:00,Østerport St.
2026-05-04,158418877,17:16:00,17:18:00,Fredericia St.
2026-05-04,158417469,17:46:00,17:48:00,Esbjerg St.
2026-05-04,158417019,17:51:00,17:53:00,Skanderborg St.
2026-05-04,158419140,17:52:00,17:54:00,Sønderborg St.
2026-05-04,158419177,18:03:00,18:05:00,CPH Lufthavn
2026-05-04,158417137,18:04:00,18:06:00,Esbjerg St.
2026-05-04,158417480,18:11:00,18:13:00,Østerport St.
2026-05-04,158422246,18:12:00,18:15:00,Hamburg Hbf
2026-05-04,158418858,18:40:00,18:43:00,Flensburg
2026-05-04,158417468,18:46:00,18:48:00,Esbjerg St.
2026-05-04,158417012,18:51:00,18:53:00,Skanderborg St.
2026-05-04,158417132,19:04:00,19:06:00,Esbjerg St.
2026-05-04,158417479,19:11:00,19:13:00,Østerport St.
2026-05-04,158418876,19:16:00,19:18:00,Fredericia St.
2026-05-04,158417467,19:46:00,19:48:00,Esbjerg St.
2026-05-04,158417007,19:51:00,19:53:00,Skanderborg St.
2026-05-04,158419134,19:52:00,19:54:00,Sønderborg St.
2026-05-04,158419173,20:03:00,20:05:00,CPH Lufthavn
2026-05-04,158417127,20:04:00,20:06:00,Esbjerg St.
2026-05-04,158417439,20:11:00,20:13:00,Østerport St.
2026-05-04,158418857,20:40:00,20:43:00,Flensburg
2026-05-04,158417466,20:46:00,20:48:00,Esbjerg St.
2026-05-04,158417002,20:51:00,20:53:00,Skanderborg St.
2026-05-04,158417121,21:04:00,21:06:00,Esbjerg St.
2026-05-04,158418875,21:16:00,21:18:00,Fredericia St.
2026-05-04,158417465,21:46:00,21:48:00,Esbjerg St.
2026-05-04,158416997,21:51:00,21:53:00,Aarhus H
2026-05-04,158419126,21:52:00,21:54:00,Sønderborg St.
2026-05-04,158419905,22:03:00,22:05:00,Odense St.
2026-05-04,158417117,22:04:00,22:06:00,Esbjerg St.
2026-05-04,158420227,22:39:00,22:39:00,Kolding St.
2026-05-04,158420222,22:49:00,22:49:00,Fredericia St.
2026-05-04,158418840,23:17:00,23:19:00,Fredericia St.
2026-05-04,158417110,23:25:00,23:27:00,Esbjerg St.
2026-05-04,158417104,23:29:00,23:31:00,Fredericia St.
2026-05-04,158419900,24:03:00,24:05:00,Fredericia St.
2026-05-04,158419909,24:07:00,24:09:00,Sønderborg St.
2026-05-04,158417097,24:29:00,24:31:00,Fredericia St.
2026-05-04,158418865,4:40:00,4:43:00,Flensburg
2026-05-04,158417492,5:11:00,5:13:00,Østerport St.
2026-05-04,158417185,5:20:00,5:22:00,Esbjerg St.
2026-05-04,158417107,5:51:00,5:53:00,Skanderborg St.
2026-05-04,158419168,5:52:00,5:54:00,Sønderborg St.
2026-05-04,158419202,6:03:00,6:05:00,CPH Lufthavn
2026-05-04,158417491,6:11:00,6:13:00,Østerport St.
2026-05-04,158417184,6:20:00,6:22:00,Esbjerg St.
2026-05-04,158418864,6:40:00,6:43:00,Flensburg
2026-05-04,158417478,6:46:00,6:48:00,Esbjerg St.
2026-05-04,158417090,6:51:00,6:53:00,Skanderborg St.
2026-05-04,158417180,7:04:00,7:06:00,Esbjerg St.
2026-05-04,158417489,7:11:00,7:13:00,Østerport St.
2026-05-04,158418881,7:16:00,7:18:00,Fredericia St.
2026-05-04,158417475,7:46:00,7:48:00,Esbjerg St.
2026-05-04,158417079,7:51:00,7:53:00,Skanderborg St.
2026-05-04,158419164,7:52:00,7:54:00,Sønderborg St.
2026-05-04,158419199,8:03:00,8:05:00,CPH Lufthavn
2026-05-04,158417174,8:04:00,8:06:00,Esbjerg St.
2026-05-04,158417477,8:11:00,8:13:00,Østerport St.
2026-05-04,158418863,8:40:00,8:43:00,Flensburg
2026-05-04,158417464,8:46:00,8:48:00,Esbjerg St.
2026-05-04,158420632,8:53:00,8:55:00,Fredericia St.
2026-05-04,158420642,9:04:00,9:06:00,Esbjerg St.
2026-05-04,158417476,9:11:00,9:13:00,Østerport St.
2026-05-04,158418880,9:16:00,9:18:00,Fredericia St.
2026-05-04,158417462,9:46:00,9:48:00,Esbjerg St.
2026-05-04,158417072,9:51:00,9:53:00,Skanderborg St.
2026-05-04,158419159,9:52:00,9:54:00,Sønderborg St.
2026-05-05,158419194,10:03:00,10:05:00,CPH Lufthavn
2026-05-05,158417170,10:04:00,10:06:00,Esbjerg St.
2026-05-05,158417488,10:11:00,10:13:00,Østerport St.
2026-05-05,158422286,10:12:00,10:15:00,Hamburg Hbf
2026-05-05,158418862,10:40:00,10:43:00,Flensburg
2026-05-05,158417474,10:46:00,10:48:00,Esbjerg St.
2026-05-05,158417063,10:51:00,10:53:00,Skanderborg St.
2026-05-05,158417164,11:04:00,11:06:00,Esbjerg St.
2026-05-05,158417487,11:11:00,11:13:00,Østerport St.
2026-05-05,158418879,11:16:00,11:18:00,Fredericia St.
2026-05-05,158422251,11:44:00,11:46:00,København H
2026-05-05,158417473,11:46:00,11:48:00,Esbjerg St.
2026-05-05,158417052,11:51:00,11:53:00,Skanderborg St.
2026-05-05,158419154,11:52:00,11:54:00,Sønderborg St.
2026-05-05,158419190,12:03:00,12:05:00,CPH Lufthavn
2026-05-05,158417158,12:04:00,12:06:00,Esbjerg St.
2026-05-05,158417486,12:11:00,12:13:00,Østerport St.
2026-05-05,158418861,12:40:00,12:43:00,Flensburg
2026-05-05,158417461,12:46:00,12:48:00,Esbjerg St.
2026-05-05,158420629,12:53:00,12:55:00,Fredericia St.
2026-05-05,158420639,13:04:00,13:06:00,Esbjerg St.
2026-05-05,158417485,13:11:00,13:13:00,Østerport St.
2026-05-05,158418842,13:16:00,13:18:00,Fredericia St.
2026-05-05,158422271,13:44:00,13:46:00,København H
2026-05-05,158417472,13:46:00,13:48:00,Esbjerg St.
2026-05-05,158417043,13:51:00,13:53:00,Skanderborg St.
2026-05-05,158419150,13:52:00,13:54:00,Sønderborg St.
2026-05-05,158419186,14:03:00,14:05:00,CPH Lufthavn
2026-05-05,158417153,14:04:00,14:06:00,Esbjerg St.
2026-05-05,158417484,14:11:00,14:13:00,Østerport St.
2026-05-05,158418860,14:40:00,14:43:00,Flensburg
2026-05-05,158417471,14:46:00,14:48:00,Esbjerg St.
2026-05-05,158417035,14:51:00,14:53:00,Skanderborg St.
2026-05-05,158417147,15:04:00,15:06:00,Esbjerg St.
2026-05-05,158417483,15:11:00,15:13:00,Østerport St.
2026-05-05,158418878,15:16:00,15:18:00,Fredericia St.
2026-05-05,158417460,15:46:00,15:48:00,Esbjerg St.
2026-05-05,158417027,15:51:00,15:53:00,Skanderborg St.
2026-05-05,158419145,15:52:00,15:54:00,Sønderborg St.
2026-05-05,158419181,16:03:00,16:05:00,CPH Lufthavn
2026-05-05,158417142,16:04:00,16:06:00,Esbjerg St.
2026-05-05,158417482,16:11:00,16:13:00,Østerport St.
2026-05-05,158422260,16:12:00,16:15:00,Hamburg Hbf
2026-05-05,158418859,16:40:00,16:43:00,Flensburg
2026-05-05,158417470,16:46:00,16:48:00,Esbjerg St.
2026-05-05,158420626,16:53:00,16:55:00,Fredericia St.
2026-05-05,158420635,17:04:00,17:06:00,Esbjerg St.
2026-05-05,158417481,17:11:00,17:13:00,Østerport St.
2026-05-05,158418877,17:16:00,17:18:00,Fredericia St.
2026-05-05,158422272,17:44:00,17:46:00,København H
2026-05-05,158417469,17:46:00,17:48:00,Esbjerg St.
2026-05-05,158417019,17:51:00,17:53:00,Skanderborg St.
2026-05-05,158419140,17:52:00,17:54:00,Sønderborg St.
2026-05-05,158419177,18:03:00,18:05:00,CPH Lufthavn
2026-05-05,158417137,18:04:00,18:06:00,Esbjerg St.
2026-05-05,158417480,18:11:00,18:13:00,Østerport St.
2026-05-05,158422246,18:12:00,18:15:00,Hamburg Hbf
2026-05-05,158418858,18:40:00,18:43:00,Flensburg
2026-05-05,158417468,18:46:00,18:48:00,Esbjerg St.
2026-05-05,158417012,18:51:00,18:53:00,Skanderborg St.
2026-05-05,158417132,19:04:00,19:06:00,Esbjerg St.
2026-05-05,158417479,19:11:00,19:13:00,Østerport St.
2026-05-05,158418876,19:16:00,19:18:00,Fredericia St.
2026-05-05,158417467,19:46:00,19:48:00,Esbjerg St.
2026-05-05,158417007,19:51:00,19:53:00,Skanderborg St.
2026-05-05,158419134,19:52:00,19:54:00,Sønderborg St.
2026-05-05,158419173,20:03:00,20:05:00,CPH Lufthavn
2026-05-05,158417127,20:04:00,20:06:00,Esbjerg St.
2026-05-05,158417439,20:11:00,20:13:00,Østerport St.
2026-05-05,158418857,20:40:00,20:43:00,Flensburg
2026-05-05,158417466,20:46:00,20:48:00,Esbjerg St.
2026-05-05,158417002,20:51:00,20:53:00,Skanderborg St.
2026-05-05,158417121,21:04:00,21:06:00,Esbjerg St.
2026-05-05,158418875,21:16:00,21:18:00,Fredericia St.
2026-05-05,158417465,21:46:00,21:48:00,Esbjerg St.
2026-05-05,158416997,21:51:00,21:53:00,Aarhus H
2026-05-05,158419126,21:52:00,21:54:00,Sønderborg St.
2026-05-05,158419905,22:03:00,22:05:00,Odense St.
2026-05-05,158417117,22:04:00,22:06:00,Esbjerg St.
2026-05-05,158420227,22:39:00,22:39:00,Kolding St.
2026-05-05,158420222,22:49:00,22:49:00,Fredericia St.
2026-05-05,158418840,23:17:00,23:19:00,Fredericia St.
2026-05-05,158417110,23:25:00,23:27:00,Esbjerg St.
2026-05-05,158417104,23:29:00,23:31:00,Fredericia St.
2026-05-05,158419900,24:03:00,24:05:00,Fredericia St.
2026-05-05,158419909,24:07:00,24:09:00,Sønderborg St.
2026-05-05,158417097,24:29:00,24:31:00,Fredericia St.
2026-05-05,158418865,4:40:00,4:43:00,Flensburg
2026-05-05,158417492,5:11:00,5:13:00,Østerport St.
2026-05-05,158417185,5:20:00,5:22:00,Esbjerg St.
2026-05-05,158417107,5:51:00,5:53:00,Skanderborg St.
2026-05-05,158419168,5:52:00,5:54:00,Sønderborg St.
2026-05-05,158419202,6:03:00,6:05:00,CPH Lufthavn
2026-05-05,158417491,6:11:00,6:13:00,Østerport St.
2026-05-05,158417184,6:20:00,6:22:00,Esbjerg St.
2026-05-05,158418864,6:40:00,6:43:00,Flensburg
2026-05-05,158417478,6:46:00,6:48:00,Esbjerg St.
2026-05-05,158417090,6:51:00,6:53:00,Skanderborg St.
2026-05-05,158417180,7:04:00,7:06:00,Esbjerg St.
2026-05-05,158417489,7:11:00,7:13:00,Østerport St.
2026-05-05,158418881,7:16:00,7:18:00,Fredericia St.
2026-05-05,158417475,7:46:00,7:48:00,Esbjerg St.
2026-05-05,158417079,7:51:00,7:53:00,Skanderborg St.
2026-05-05,158419164,7:52:00,7:54:00,Sønderborg St.
2026-05-05,158419199,8:03:00,8:05:00,CPH Lufthavn
2026-05-05,158417174,8:04:00,8:06:00,Esbjerg St.
2026-05-05,158417477,8:11:00,8:13:00,Østerport St.
2026-05-05,158418863,8:40:00,8:43:00,Flensburg
2026-05-05,158417464,8:46:00,8:48:00,Esbjerg St.
2026-05-05,158420632,8:53:00,8:55:00,Fredericia St.
2026-05-05,158420642,9:04:00,9:06:00,Esbjerg St.
2026-05-05,158417476,9:11:00,9:13:00,Østerport St.
2026-05-05,158418880,9:16:00,9:18:00,Fredericia St.
2026-05-05,158417462,9:46:00,9:48:00,Esbjerg St.
2026-05-05,158417072,9:51:00,9:53:00,Skanderborg St.
2026-05-05,158419159,9:52:00,9:54:00,Sønderborg St.
2026-05-06,158419194,10:03:00,10:05:00,CPH Lufthavn
2026-05-06,158417170,10:04:00,10:06:00,Esbjerg St.
2026-05-06,158417488,10:11:00,10:13:00,Østerport St.
2026-05-06,158418862,10:40:00,10:43:00,Flensburg
2026-05-06,158417474,10:46:00,10:48:00,Esbjerg St.
2026-05-06,158417063,10:51:00,10:53:00,Skanderborg St.
2026-05-06,158417164,11:04:00,11:06:00,Esbjerg St.
2026-05-06,158417487,11:11:00,11:13:00,Østerport St.
2026-05-06,158418879,11:16:00,11:18:00,Fredericia St.
2026-05-06,158422251,11:44:00,11:46:00,København H
2026-05-06,158417473,11:46:00,11:48:00,Esbjerg St.
2026-05-06,158417052,11:51:00,11:53:00,Skanderborg St.
2026-05-06,158419154,11:52:00,11:54:00,Sønderborg St.
2026-05-06,158419190,12:03:00,12:05:00,CPH Lufthavn
2026-05-06,158417158,12:04:00,12:06:00,Esbjerg St.
2026-05-06,158417486,12:11:00,12:13:00,Østerport St.
2026-05-06,158418861,12:40:00,12:43:00,Flensburg
2026-05-06,158417461,12:46:00,12:48:00,Esbjerg St.
2026-05-06,158420629,12:53:00,12:55:00,Fredericia St.
2026-05-06,158420639,13:04:00,13:06:00,Esbjerg St.
2026-05-06,158417485,13:11:00,13:13:00,Østerport St.
2026-05-06,158418842,13:16:00,13:18:00,Fredericia St.
2026-05-06,158422271,13:44:00,13:46:00,København H
2026-05-06,158417472,13:46:00,13:48:00,Esbjerg St.
2026-05-06,158417043,13:51:00,13:53:00,Skanderborg St.
2026-05-06,158419150,13:52:00,13:54:00,Sønderborg St.
2026-05-06,158419186,14:03:00,14:05:00,CPH Lufthavn
2026-05-06,158417153,14:04:00,14:06:00,Esbjerg St.
2026-05-06,158417484,14:11:00,14:13:00,Østerport St.
2026-05-06,158418860,14:40:00,14:43:00,Flensburg
2026-05-06,158417471,14:46:00,14:48:00,Esbjerg St.
2026-05-06,158417035,14:51:00,14:53:00,Skanderborg St.
2026-05-06,158417147,15:04:00,15:06:00,Esbjerg St.
2026-05-06,158417483,15:11:00,15:13:00,Østerport St.
2026-05-06,158418878,15:16:00,15:18:00,Fredericia St.
2026-05-06,158417460,15:46:00,15:48:00,Esbjerg St.
2026-05-06,158417027,15:51:00,15:53:00,Skanderborg St.
2026-05-06,158419145,15:52:00,15:54:00,Sønderborg St.
2026-05-06,158419181,16:03:00,16:05:00,CPH Lufthavn
2026-05-06,158417142,16:04:00,16:06:00,Esbjerg St.
2026-05-06,158417482,16:11:00,16:13:00,Østerport St.
2026-05-06,158422260,16:12:00,16:15:00,Hamburg Hbf
2026-05-06,158418859,16:40:00,16:43:00,Flensburg
2026-05-06,158417470,16:46:00,16:48:00,Esbjerg St.
2026-05-06,158420626,16:53:00,16:55:00,Fredericia St.
2026-05-06,158420635,17:04:00,17:06:00,Esbjerg St.
2026-05-06,158417481,17:11:00,17:13:00,Østerport St.
2026-05-06,158418877,17:16:00,17:18:00,Fredericia St.
2026-05-06,158417469,17:46:00,17:48:00,Esbjerg St.
2026-05-06,158417019,17:51:00,17:53:00,Skanderborg St.
2026-05-06,158419140,17:52:00,17:54:00,Sønderborg St.
2026-05-06,158419177,18:03:00,18:05:00,CPH Lufthavn
2026-05-06,158417137,18:04:00,18:06:00,Esbjerg St.
2026-05-06,158417480,18:11:00,18:13:00,Østerport St.
2026-05-06,158422246,18:12:00,18:15:00,Hamburg Hbf
2026-05-06,158418858,18:40:00,18:43:00,Flensburg
2026-05-06,158417468,18:46:00,18:48:00,Esbjerg St.
2026-05-06,158417012,18:51:00,18:53:00,Skanderborg St.
2026-05-06,158417132,19:04:00,19:06:00,Esbjerg St.
2026-05-06,158417479,19:11:00,19:13:00,Østerport St.
2026-05-06,158418876,19:16:00,19:18:00,Fredericia St.
2026-05-06,158417467,19:46:00,19:48:00,Esbjerg St.
2026-05-06,158417007,19:51:00,19:53:00,Skanderborg St.
2026-05-06,158419134,19:52:00,19:54:00,Sønderborg St.
2026-05-06,158419173,20:03:00,20:05:00,CPH Lufthavn
2026-05-06,158417127,20:04:00,20:06:00,Esbjerg St.
2026-05-06,158417439,20:11:00,20:13:00,Østerport St.
2026-05-06,158418857,20:40:00,20:43:00,Flensburg
2026-05-06,158417466,20:46:00,20:48:00,Esbjerg St.
2026-05-06,158417002,20:51:00,20:53:00,Skanderborg St.
2026-05-06,158417121,21:04:00,21:06:00,Esbjerg St.
2026-05-06,158418875,21:16:00,21:18:00,Fredericia St.
2026-05-06,158417465,21:46:00,21:48:00,Esbjerg St.
2026-05-06,158416997,21:51:00,21:53:00,Aarhus H
2026-05-06,158419126,21:52:00,21:54:00,Sønderborg St.
2026-05-06,158419905,22:03:00,22:05:00,Odense St.
2026-05-06,158417117,22:04:00,22:06:00,Esbjerg St.
2026-05-06,158420227,22:39:00,22:39:00,Kolding St.
2026-05-06,158420222,22:49:00,22:49:00,Fredericia St.
2026-05-06,158418840,23:17:00,23:19:00,Fredericia St.
2026-05-06,158417110,23:25:00,23:27:00,Esbjerg St.
2026-05-06,158417104,23:29:00,23:31:00,Fredericia St.
2026-05-06,158419900,24:03:00,24:05:00,Fredericia St.
2026-05-06,158419909,24:07:00,24:09:00,Sønderborg St.
2026-05-06,158417097,24:29:00,24:31:00,Fredericia St.
2026-05-06,158418865,4:40:00,4:43:00,Flensburg
2026-05-06,158417492,5:11:00,5:13:00,Østerport St.
2026-05-06,158417185,5:20:00,5:22:00,Esbjerg St.
2026-05-06,158417107,5:51:00,5:53:00,Skanderborg St.
2026-05-06,158419168,5:52:00,5:54:00,Sønderborg St.
2026-05-06,158419202,6:03:00,6:05:00,CPH Lufthavn
2026-05-06,158417491,6:11:00,6:13:00,Østerport St.
2026-05-06,158417184,6:20:00,6:22:00,Esbjerg St.
2026-05-06,158418864,6:40:00,6:43:00,Flensburg
2026-05-06,158417478,6:46:00,6:48:00,Esbjerg St.
2026-05-06,158417090,6:51:00,6:53:00,Skanderborg St.
2026-05-06,158417180,7:04:00,7:06:00,Esbjerg St.
2026-05-06,158417489,7:11:00,7:13:00,Østerport St.
2026-05-06,158418881,7:16:00,7:18:00,Fredericia St.
2026-05-06,158417475,7:46:00,7:48:00,Esbjerg St.
2026-05-06,158417079,7:51:00,7:53:00,Skanderborg St.
2026-05-06,158419164,7:52:00,7:54:00,Sønderborg St.
2026-05-06,158419199,8:03:00,8:05:00,CPH Lufthavn
2026-05-06,158417174,8:04:00,8:06:00,Esbjerg St.
2026-05-06,158417477,8:11:00,8:13:00,Østerport St.
2026-05-06,158418863,8:40:00,8:43:00,Flensburg
2026-05-06,158417464,8:46:00,8:48:00,Esbjerg St.
2026-05-06,158420632,8:53:00,8:55:00,Fredericia St.
2026-05-06,158420642,9:04:00,9:06:00,Esbjerg St.
2026-05-06,158417476,9:11:00,9:13:00,Østerport St.
2026-05-06,158418880,9:16:00,9:18:00,Fredericia St.
2026-05-06,158417462,9:46:00,9:48:00,Esbjerg St.
2026-05-06,158417072,9:51:00,9:53:00,Skanderborg St.
2026-05-06,158419159,9:52:00,9:54:00,Sønderborg St.
2026-05-07,158419194,10:03:00,10:05:00,CPH Lufthavn
2026-05-07,158417170,10:04:00,10:06:00,Esbjerg St.
2026-05-07,158417488,10:11:00,10:13:00,Østerport St.
2026-05-07,158418862,10:40:00,10:43:00,Flensburg
2026-05-07,158417474,10:46:00,10:48:00,Esbjerg St.
2026-05-07,158417063,10:51:00,10:53:00,Skanderborg St.
2026-05-07,158417164,11:04:00,11:06:00,Esbjerg St.
2026-05-07,158417487,11:11:00,11:13:00,Østerport St.
2026-05-07,158418879,11:16:00,11:18:00,Fredericia St.
2026-05-07,158422251,11:44:00,11:46:00,København H
2026-05-07,158417473,11:46:00,11:48:00,Esbjerg St.
2026-05-07,158417052,11:51:00,11:53:00,Skanderborg St.
2026-05-07,158419154,11:52:00,11:54:00,Sønderborg St.
2026-05-07,158419190,12:03:00,12:05:00,CPH Lufthavn
2026-05-07,158417158,12:04:00,12:06:00,Esbjerg St.
2026-05-07,158417486,12:11:00,12:13:00,Østerport St.
2026-05-07,158418861,12:40:00,12:43:00,Flensburg
2026-05-07,158417461,12:46:00,12:48:00,Esbjerg St.
2026-05-07,158420629,12:53:00,12:55:00,Fredericia St.
2026-05-07,158420639,13:04:00,13:06:00,Esbjerg St.
2026-05-07,158417485,13:11:00,13:13:00,Østerport St.
2026-05-07,158418842,13:16:00,13:18:00,Fredericia St.
2026-05-07,158422271,13:44:00,13:46:00,København H
2026-05-07,158417472,13:46:00,13:48:00,Esbjerg St.
2026-05-07,158417043,13:51:00,13:53:00,Skanderborg St.
2026-05-07,158419150,13:52:00,13:54:00,Sønderborg St.
2026-05-07,158419186,14:03:00,14:05:00,CPH Lufthavn
2026-05-07,158417153,14:04:00,14:06:00,Esbjerg St.
2026-05-07,158417484,14:11:00,14:13:00,Østerport St.
2026-05-07,158418860,14:40:00,14:43:00,Flensburg
2026-05-07,158417471,14:46:00,14:48:00,Esbjerg St.
2026-05-07,158417035,14:51:00,14:53:00,Skanderborg St.
2026-05-07,158417147,15:04:00,15:06:00,Esbjerg St.
2026-05-07,158417483,15:11:00,15:13:00,Østerport St.
2026-05-07,158418878,15:16:00,15:18:00,Fredericia St.
2026-05-07,158417460,15:46:00,15:48:00,Esbjerg St.
2026-05-07,158417027,15:51:00,15:53:00,Skanderborg St.
2026-05-07,158419145,15:52:00,15:54:00,Sønderborg St.
2026-05-07,158419181,16:03:00,16:05:00,CPH Lufthavn
2026-05-07,158417142,16:04:00,16:06:00,Esbjerg St.
2026-05-07,158417482,16:11:00,16:13:00,Østerport St.
2026-05-07,158422260,16:12:00,16:15:00,Hamburg Hbf
2026-05-07,158418859,16:40:00,16:43:00,Flensburg
2026-05-07,158417470,16:46:00,16:48:00,Esbjerg St.
2026-05-07,158420626,16:53:00,16:55:00,Fredericia St.
2026-05-07,158420635,17:04:00,17:06:00,Esbjerg St.
2026-05-07,158417481,17:11:00,17:13:00,Østerport St.
2026-05-07,158418877,17:16:00,17:18:00,Fredericia St.
2026-05-07,158417469,17:46:00,17:48:00,Esbjerg St.
2026-05-07,158417019,17:51:00,17:53:00,Skanderborg St.
2026-05-07,158419140,17:52:00,17:54:00,Sønderborg St.
2026-05-07,158419177,18:03:00,18:05:00,CPH Lufthavn
2026-05-07,158417137,18:04:00,18:06:00,Esbjerg St.
2026-05-07,158417480,18:11:00,18:13:00,Østerport St.
2026-05-07,158422246,18:12:00,18:15:00,Hamburg Hbf
2026-05-07,158418858,18:40:00,18:43:00,Flensburg
2026-05-07,158417468,18:46:00,18:48:00,Esbjerg St.
2026-05-07,158417012,18:51:00,18:53:00,Skanderborg St.
2026-05-07,158417132,19:04:00,19:06:00,Esbjerg St.
2026-05-07,158417479,19:11:00,19:13:00,Østerport St.
2026-05-07,158418876,19:16:00,19:18:00,Fredericia St.
2026-05-07,158417467,19:46:00,19:48:00,Esbjerg St.
2026-05-07,158417007,19:51:00,19:53:00,Skanderborg St.
2026-05-07,158419134,19:52:00,19:54:00,Sønderborg St.
2026-05-07,158419173,20:03:00,20:05:00,CPH Lufthavn
2026-05-07,158417127,20:04:00,20:06:00,Esbjerg St.
2026-05-07,158417439,20:11:00,20:13:00,Østerport St.
2026-05-07,158418857,20:40:00,20:43:00,Flensburg
2026-05-07,158417466,20:46:00,20:48:00,Esbjerg St.
2026-05-07,158417002,20:51:00,20:53:00,Skanderborg St.
2026-05-07,158417121,21:04:00,21:06:00,Esbjerg St.
2026-05-07,158418875,21:16:00,21:18:00,Fredericia St.
2026-05-07,158417465,21:46:00,21:48:00,Esbjerg St.
2026-05-07,158416997,21:51:00,21:53:00,Aarhus H
2026-05-07,158419126,21:52:00,21:54:00,Sønderborg St.
2026-05-07,158419905,22:03:00,22:05:00,Odense St.
2026-05-07,158417117,22:04:00,22:06:00,Esbjerg St.
2026-05-07,158420227,22:39:00,22:39:00,Kolding St.
2026-05-07,158420222,22:49:00,22:49:00,Fredericia St.
2026-05-07,158418840,23:17:00,23:19:00,Fredericia St.
2026-05-07,158417110,23:25:00,23:27:00,Esbjerg St.
2026-05-07,158417104,23:29:00,23:31:00,Fredericia St.
2026-05-07,158419900,24:03:00,24:05:00,Fredericia St.
2026-05-07,158419909,24:07:00,24:09:00,Sønderborg St.
2026-05-07,158417097,24:29:00,24:31:00,Fredericia St.
2026-05-07,158418865,4:40:00,4:43:00,Flensburg
2026-05-07,158417492,5:11:00,5:13:00,Østerport St.
2026-05-07,158417185,5:20:00,5:22:00,Esbjerg St.
2026-05-07,158417107,5:51:00,5:53:00,Skanderborg St.
2026-05-07,158419168,5:52:00,5:54:00,Sønderborg St.
2026-05-07,158419202,6:03:00,6:05:00,CPH Lufthavn
2026-05-07,158417491,6:11:00,6:13:00,Østerport St.
2026-05-07,158417184,6:20:00,6:22:00,Esbjerg St.
2026-05-07,158418864,6:40:00,6:43:00,Flensburg
2026-05-07,158417478,6:46:00,6:48:00,Esbjerg St.
2026-05-07,158417090,6:51:00,6:53:00,Skanderborg St.
2026-05-07,158417180,7:04:00,7:06:00,Esbjerg St.
2026-05-07,158417489,7:11:00,7:13:00,Østerport St.
2026-05-07,158418881,7:16:00,7:18:00,Fredericia St.
2026-05-07,158417475,7:46:00,7:48:00,Esbjerg St.
2026-05-07,158417079,7:51:00,7:53:00,Skanderborg St.
2026-05-07,158419164,7:52:00,7:54:00,Sønderborg St.
2026-05-07,158419199,8:03:00,8:05:00,CPH Lufthavn
2026-05-07,158417174,8:04:00,8:06:00,Esbjerg St.
2026-05-07,158417477,8:11:00,8:13:00,Østerport St.
2026-05-07,158418863,8:40:00,8:43:00,Flensburg
2026-05-07,158417464,8:46:00,8:48:00,Esbjerg St.
2026-05-07,158420632,8:53:00,8:55:00,Fredericia St.
2026-05-07,158420642,9:04:00,9:06:00,Esbjerg St.
2026-05-07,158417476,9:11:00,9:13:00,Østerport St.
2026-05-07,158418880,9:16:00,9:18:00,Fredericia St.
2026-05-07,158417462,9:46:00,9:48:00,Esbjerg St.
2026-05-07,158417072,9:51:00,9:53:00,Skanderborg St.
2026-05-07,158419159,9:52:00,9:54:00,Sønderborg St.
2026-05-08,158419194,10:03:00,10:05:00,CPH Lufthavn
2026-05-08,158417170,10:04:00,10:06:00,Esbjerg St.
2026-05-08,158417488,10:11:00,10:13:00,Østerport St.
2026-05-08,158418862,10:40:00,10:43:00,Flensburg
2026-05-08,158417474,10:46:00,10:48:00,Esbjerg St.
2026-05-08,158417063,10:51:00,10:53:00,Skanderborg St.
2026-05-08,158417164,11:04:00,11:06:00,Esbjerg St.
2026-05-08,158417487,11:11:00,11:13:00,Østerport St.
2026-05-08,158418879,11:16:00,11:18:00,Fredericia St.
2026-05-08,158422251,11:44:00,11:46:00,København H
2026-05-08,158417473,11:46:00,11:48:00,Esbjerg St.
2026-05-08,158417052,11:51:00,11:53:00,Skanderborg St.
2026-05-08,158419154,11:52:00,11:54:00,Sønderborg St.
2026-05-08,158419190,12:03:00,12:05:00,CPH Lufthavn
2026-05-08,158417158,12:04:00,12:06:00,Esbjerg St.
2026-05-08,158417486,12:11:00,12:13:00,Østerport St.
2026-05-08,158418861,12:40:00,12:43:00,Flensburg
2026-05-08,158417461,12:46:00,12:48:00,Esbjerg St.
2026-05-08,158420629,12:53:00,12:55:00,Fredericia St.
2026-05-08,158420639,13:04:00,13:06:00,Esbjerg St.
2026-05-08,158417485,13:11:00,13:13:00,Østerport St.
2026-05-08,158418842,13:16:00,13:18:00,Fredericia St.
2026-05-08,158422271,13:44:00,13:46:00,København H
2026-05-08,158417472,13:46:00,13:48:00,Esbjerg St.
2026-05-08,158417043,13:51:00,13:53:00,Skanderborg St.
2026-05-08,158419150,13:52:00,13:54:00,Sønderborg St.
2026-05-08,158419186,14:03:00,14:05:00,CPH Lufthavn
2026-05-08,158417153,14:04:00,14:06:00,Esbjerg St.
2026-05-08,158417484,14:11:00,14:13:00,Østerport St.
2026-05-08,158418860,14:40:00,14:43:00,Flensburg
2026-05-08,158417471,14:46:00,14:48:00,Esbjerg St.
2026-05-08,158417035,14:51:00,14:53:00,Skanderborg St.
2026-05-08,158417147,15:04:00,15:06:00,Esbjerg St.
2026-05-08,158417483,15:11:00,15:13:00,Østerport St.
2026-05-08,158418878,15:16:00,15:18:00,Fredericia St.
2026-05-08,158417460,15:46:00,15:48:00,Esbjerg St.
2026-05-08,158417027,15:51:00,15:53:00,Skanderborg St.
2026-05-08,158419145,15:52:00,15:54:00,Sønderborg St.
2026-05-08,158419181,16:03:00,16:05:00,CPH Lufthavn
2026-05-08,158417142,16:04:00,16:06:00,Esbjerg St.
2026-05-08,158417482,16:11:00,16:13:00,Østerport St.
2026-05-08,158422260,16:12:00,16:15:00,Hamburg Hbf
2026-05-08,158418859,16:40:00,16:43:00,Flensburg
2026-05-08,158417470,16:46:00,16:48:00,Esbjerg St.
2026-05-08,158420626,16:53:00,16:55:00,Fredericia St.
2026-05-08,158420635,17:04:00,17:06:00,Esbjerg St.
2026-05-08,158417481,17:11:00,17:13:00,Østerport St.
2026-05-08,158418877,17:16:00,17:18:00,Fredericia St.
2026-05-08,158417469,17:46:00,17:48:00,Esbjerg St.
2026-05-08,158417019,17:51:00,17:53:00,Skanderborg St.
2026-05-08,158419140,17:52:00,17:54:00,Sønderborg St.
2026-05-08,158419177,18:03:00,18:05:00,CPH Lufthavn
2026-05-08,158417137,18:04:00,18:06:00,Esbjerg St.
2026-05-08,158417480,18:11:00,18:13:00,Østerport St.
2026-05-08,158422246,18:12:00,18:15:00,Hamburg Hbf
2026-05-08,158418858,18:40:00,18:43:00,Flensburg
2026-05-08,158417468,18:46:00,18:48:00,Esbjerg St.
2026-05-08,158417012,18:51:00,18:53:00,Skanderborg St.
2026-05-08,158417132,19:04:00,19:06:00,Esbjerg St.
2026-05-08,158417479,19:11:00,19:13:00,Østerport St.
2026-05-08,158418876,19:16:00,19:18:00,Fredericia St.
2026-05-08,158417467,19:46:00,19:48:00,Esbjerg St.
2026-05-08,158417007,19:51:00,19:53:00,Skanderborg St.
2026-05-08,158419134,19:52:00,19:54:00,Sønderborg St.
2026-05-08,158419173,20:03:00,20:05:00,CPH Lufthavn
2026-05-08,158417127,20:04:00,20:06:00,Esbjerg St.
2026-05-08,158417439,20:11:00,20:13:00,Østerport St.
2026-05-08,158418857,20:40:00,20:43:00,Flensburg
2026-05-08,158417466,20:46:00,20:48:00,Esbjerg St.
2026-05-08,158417002,20:51:00,20:53:00,Skanderborg St.
2026-05-08,158417121,21:04:00,21:06:00,Esbjerg St.
2026-05-08,158418875,21:16:00,21:18:00,Fredericia St.
2026-05-08,158417465,21:46:00,21:48:00,Esbjerg St.
2026-05-08,158416997,21:51:00,21:53:00,Aarhus H
2026-05-08,158419126,21:52:00,21:54:00,Sønderborg St.
2026-05-08,158419905,22:03:00,22:05:00,Odense St.
2026-05-08,158417117,22:04:00,22:06:00,Esbjerg St.
2026-05-08,158420227,22:39:00,22:39:00,Kolding St.
2026-05-08,158420222,22:49:00,22:49:00,Fredericia St.
2026-05-08,158418840,23:17:00,23:19:00,Fredericia St.
2026-05-08,158417110,23:25:00,23:27:00,Esbjerg St.
2026-05-08,158417098,23:29:00,23:31:00,CPH Lufthavn
2026-05-08,158419900,24:03:00,24:05:00,Fredericia St.
2026-05-08,158419909,24:07:00,24:09:00,Sønderborg St.
2026-05-08,158417097,24:29:00,24:31:00,Fredericia St.
2026-05-08,158418865,4:40:00,4:43:00,Flensburg
2026-05-08,158417492,5:11:00,5:13:00,Østerport St.
2026-05-08,158417185,5:20:00,5:22:00,Esbjerg St.
2026-05-08,158417107,5:51:00,5:53:00,Skanderborg St.
2026-05-08,158419168,5:52:00,5:54:00,Sønderborg St.
2026-05-08,158419202,6:03:00,6:05:00,CPH Lufthavn
2026-05-08,158417491,6:11:00,6:13:00,Østerport St.
2026-05-08,158417184,6:20:00,6:22:00,Esbjerg St.
2026-05-08,158418864,6:40:00,6:43:00,Flensburg
2026-05-08,158417478,6:46:00,6:48:00,Esbjerg St.
2026-05-08,158417090,6:51:00,6:53:00,Skanderborg St.
2026-05-08,158417180,7:04:00,7:06:00,Esbjerg St.
2026-05-08,158417489,7:11:00,7:13:00,Østerport St.
2026-05-08,158418881,7:16:00,7:18:00,Fredericia St.
2026-05-08,158417475,7:46:00,7:48:00,Esbjerg St.
2026-05-08,158417079,7:51:00,7:53:00,Skanderborg St.
2026-05-08,158419164,7:52:00,7:54:00,Sønderborg St.
2026-05-08,158419199,8:03:00,8:05:00,CPH Lufthavn
2026-05-08,158417174,8:04:00,8:06:00,Esbjerg St.
2026-05-08,158417477,8:11:00,8:13:00,Østerport St.
2026-05-08,158418863,8:40:00,8:43:00,Flensburg
2026-05-08,158417464,8:46:00,8:48:00,Esbjerg St.
2026-05-08,158420632,8:53:00,8:55:00,Fredericia St.
2026-05-08,158420642,9:04:00,9:06:00,Esbjerg St.
2026-05-08,158417476,9:11:00,9:13:00,Østerport St.
2026-05-08,158418880,9:16:00,9:18:00,Fredericia St.
2026-05-08,158417462,9:46:00,9:48:00,Esbjerg St.
2026-05-08,158417072,9:51:00,9:53:00,Skanderborg St.
2026-05-08,158419159,9:52:00,9:54:00,Sønderborg St.
2026-05-09,158419194,10:03:00,10:05:00,CPH Lufthavn
2026-05-09,158417170,10:04:00,10:06:00,Esbjerg St.
2026-05-09,158417488,10:11:00,10:13:00,Østerport St.
2026-05-09,158422286,10:12:00,10:15:00,Hamburg Hbf
2026-05-09,158418862,10:40:00,10:43:00,Flensburg
2026-05-09,158417474,10:46:00,10:48:00,Esbjerg St.
2026-05-09,158417063,10:51:00,10:53:00,Skanderborg St.
2026-05-09,158417164,11:04:00,11:06:00,Esbjerg St.
2026-05-09,158417487,11:11:00,11:13:00,Østerport St.
2026-05-09,158418879,11:16:00,11:18:00,Fredericia St.
2026-05-09,158422251,11:44:00,11:46:00,København H
2026-05-09,158417473,11:46:00,11:48:00,Esbjerg St.
2026-05-09,158417052,11:51:00,11:53:00,Skanderborg St.
2026-05-09,158419154,11:52:00,11:54:00,Sønderborg St.
2026-05-09,158419190,12:03:00,12:05:00,CPH Lufthavn
2026-05-09,158417158,12:04:00,12:06:00,Esbjerg St.
2026-05-09,158417486,12:11:00,12:13:00,Østerport St.
2026-05-09,158418861,12:40:00,12:43:00,Flensburg
2026-05-09,158417461,12:46:00,12:48:00,Esbjerg St.
2026-05-09,158420629,12:53:00,12:55:00,Fredericia St.
2026-05-09,158420639,13:04:00,13:06:00,Esbjerg St.
2026-05-09,158417485,13:11:00,13:13:00,Østerport St.
2026-05-09,158418842,13:16:00,13:18:00,Fredericia St.
2026-05-09,158422271,13:44:00,13:46:00,København H
2026-05-09,158417472,13:46:00,13:48:00,Esbjerg St.
2026-05-09,158417043,13:51:00,13:53:00,Skanderborg St.
2026-05-09,158419150,13:52:00,13:54:00,Sønderborg St.
2026-05-09,158419186,14:03:00,14:05:00,CPH Lufthavn
2026-05-09,158417153,14:04:00,14:06:00,Esbjerg St.
2026-05-09,158417484,14:11:00,14:13:00,Østerport St.
2026-05-09,158418860,14:40:00,14:43:00,Flensburg
2026-05-09,158417471,14:46:00,14:48:00,Esbjerg St.
2026-05-09,158417035,14:51:00,14:53:00,Skanderborg St.
2026-05-09,158417147,15:04:00,15:06:00,Esbjerg St.
2026-05-09,158417483,15:11:00,15:13:00,Østerport St.
2026-05-09,158418878,15:16:00,15:18:00,Fredericia St.
2026-05-09,158417460,15:46:00,15:48:00,Esbjerg St.
2026-05-09,158417027,15:51:00,15:53:00,Skanderborg St.
2026-05-09,158419145,15:52:00,15:54:00,Sønderborg St.
2026-05-09,158419181,16:03:00,16:05:00,CPH Lufthavn
2026-05-09,158417142,16:04:00,16:06:00,Esbjerg St.
2026-05-09,158417482,16:11:00,16:13:00,Østerport St.
2026-05-09,158422260,16:12:00,16:15:00,Hamburg Hbf
2026-05-09,158418859,16:40:00,16:43:00,Flensburg
2026-05-09,158417470,16:46:00,16:48:00,Esbjerg St.
2026-05-09,158420626,16:53:00,16:55:00,Fredericia St.
2026-05-09,158420635,17:04:00,17:06:00,Esbjerg St.
2026-05-09,158417481,17:11:00,17:13:00,Østerport St.
2026-05-09,158418877,17:16:00,17:18:00,Fredericia St.
2026-05-09,158422272,17:44:00,17:46:00,København H
2026-05-09,158417469,17:46:00,17:48:00,Esbjerg St.
2026-05-09,158417019,17:51:00,17:53:00,Skanderborg St.
2026-05-09,158419140,17:52:00,17:54:00,Sønderborg St.
2026-05-09,158419177,18:03:00,18:05:00,CPH Lufthavn
2026-05-09,158417137,18:04:00,18:06:00,Esbjerg St.
2026-05-09,158417480,18:11:00,18:13:00,Østerport St.
2026-05-09,158422246,18:12:00,18:15:00,Hamburg Hbf
2026-05-09,158418858,18:40:00,18:43:00,Flensburg
2026-05-09,158417468,18:46:00,18:48:00,Esbjerg St.
2026-05-09,158417012,18:51:00,18:53:00,Skanderborg St.
2026-05-09,158417132,19:04:00,19:06:00,Esbjerg St.
2026-05-09,158417479,19:11:00,19:13:00,Østerport St.
2026-05-09,158418876,19:16:00,19:18:00,Fredericia St.
2026-05-09,158417467,19:46:00,19:48:00,Esbjerg St.
2026-05-09,158417007,19:51:00,19:53:00,Skanderborg St.
2026-05-09,158419134,19:52:00,19:54:00,Sønderborg St.
2026-05-09,158419173,20:03:00,20:05:00,CPH Lufthavn
2026-05-09,158417127,20:04:00,20:06:00,Esbjerg St.
2026-05-09,158417439,20:11:00,20:13:00,Østerport St.
2026-05-09,158418857,20:40:00,20:43:00,Flensburg
2026-05-09,158417466,20:46:00,20:48:00,Esbjerg St.
2026-05-09,158417002,20:51:00,20:53:00,Skanderborg St.
2026-05-09,158417121,21:04:00,21:06:00,Esbjerg St.
2026-05-09,158418875,21:16:00,21:18:00,Fredericia St.
2026-05-09,158417465,21:46:00,21:48:00,Esbjerg St.
2026-05-09,158416997,21:51:00,21:53:00,Aarhus H
2026-05-09,158419126,21:52:00,21:54:00,Sønderborg St.
2026-05-09,158419905,22:03:00,22:05:00,Odense St.
2026-05-09,158417117,22:04:00,22:06:00,Esbjerg St.
2026-05-09,158418840,23:17:00,23:19:00,Fredericia St.
2026-05-09,158417110,23:25:00,23:27:00,Esbjerg St.
2026-05-09,158417098,23:29:00,23:31:00,CPH Lufthavn
2026-05-09,158419900,24:03:00,24:05:00,Fredericia St.
2026-05-09,158419909,24:07:00,24:09:00,Sønderborg St.
2026-05-09,158417097,24:29:00,24:31:00,Fredericia St.
2026-05-09,158418865,4:40:00,4:43:00,Flensburg
2026-05-09,158417184,6:20:00,6:22:00,Esbjerg St.
2026-05-09,158418864,6:40:00,6:43:00,Flensburg
2026-05-09,158417091,6:51:00,6:53:00,Aarhus H
2026-05-09,158417180,7:04:00,7:06:00,Esbjerg St.
2026-05-09,158417489,7:11:00,7:13:00,Østerport St.
2026-05-09,158418881,7:16:00,7:18:00,Fredericia St.
2026-05-09,158417079,7:51:00,7:53:00,Skanderborg St.
2026-05-09,158419911,7:52:00,7:54:00,Sønderborg St.
2026-05-09,158419199,8:03:00,8:05:00,CPH Lufthavn
2026-05-09,158417174,8:04:00,8:06:00,Esbjerg St.
2026-05-09,158417477,8:11:00,8:13:00,Østerport St.
2026-05-09,158418863,8:40:00,8:43:00,Flensburg
2026-05-09,158417463,8:46:00,8:48:00,Esbjerg St.
2026-05-09,158420632,8:53:00,8:55:00,Fredericia St.
2026-05-09,158420642,9:04:00,9:06:00,Esbjerg St.
2026-05-09,158417476,9:11:00,9:13:00,Østerport St.
2026-05-09,158418880,9:16:00,9:18:00,Fredericia St.
2026-05-09,158417459,9:46:00,9:48:00,Esbjerg St.
2026-05-09,158417072,9:51:00,9:53:00,Skanderborg St.
2026-05-09,158419159,9:52:00,9:54:00,Sønderborg St.
2026-05-10,158419194,10:03:00,10:05:00,CPH Lufthavn
2026-05-10,158417170,10:04:00,10:06:00,Esbjerg St.
2026-05-10,158417488,10:11:00,10:13:00,Østerport St.
2026-05-10,158422286,10:12:00,10:15:00,Hamburg Hbf
2026-05-10,158418862,10:40:00,10:43:00,Flensburg
2026-05-10,158417474,10:46:00,10:48:00,Esbjerg St.
2026-05-10,158417063,10:51:00,10:53:00,Skanderborg St.
2026-05-10,158417164,11:04:00,11:06:00,Esbjerg St.
2026-05-10,158417487,11:11:00,11:13:00,Østerport St.
2026-05-10,158418879,11:16:00,11:18:00,Fredericia St.
2026-05-10,158422251,11:44:00,11:46:00,København H
2026-05-10,158417473,11:46:00,11:48:00,Esbjerg St.
2026-05-10,158417052,11:51:00,11:53:00,Skanderborg St.
2026-05-10,158419154,11:52:00,11:54:00,Sønderborg St.
2026-05-10,158419190,12:03:00,12:05:00,CPH Lufthavn
2026-05-10,158417158,12:04:00,12:06:00,Esbjerg St.
2026-05-10,158417486,12:11:00,12:13:00,Østerport St.
2026-05-10,158418861,12:40:00,12:43:00,Flensburg
2026-05-10,158417461,12:46:00,12:48:00,Esbjerg St.
2026-05-10,158420629,12:53:00,12:55:00,Fredericia St.
2026-05-10,158420639,13:04:00,13:06:00,Esbjerg St.
2026-05-10,158417485,13:11:00,13:13:00,Østerport St.
2026-05-10,158418842,13:16:00,13:18:00,Fredericia St.
2026-05-10,158422271,13:44:00,13:46:00,København H
2026-05-10,158417472,13:46:00,13:48:00,Esbjerg St.
2026-05-10,158417043,13:51:00,13:53:00,Skanderborg St.
2026-05-10,158419150,13:52:00,13:54:00,Sønderborg St.
2026-05-10,158419186,14:03:00,14:05:00,CPH Lufthavn
2026-05-10,158417153,14:04:00,14:06:00,Esbjerg St.
2026-05-10,158417484,14:11:00,14:13:00,Østerport St.
2026-05-10,158418860,14:40:00,14:43:00,Flensburg
2026-05-10,158417471,14:46:00,14:48:00,Esbjerg St.
2026-05-10,158417035,14:51:00,14:53:00,Skanderborg St.
2026-05-10,158417147,15:04:00,15:06:00,Esbjerg St.
2026-05-10,158417483,15:11:00,15:13:00,Østerport St.
2026-05-10,158418878,15:16:00,15:18:00,Fredericia St.
2026-05-10,158417460,15:46:00,15:48:00,Esbjerg St.
2026-05-10,158417027,15:51:00,15:53:00,Skanderborg St.
2026-05-10,158419145,15:52:00,15:54:00,Sønderborg St.
2026-05-10,158419181,16:03:00,16:05:00,CPH Lufthavn
2026-05-10,158417142,16:04:00,16:06:00,Esbjerg St.
2026-05-10,158417482,16:11:00,16:13:00,Østerport St.
2026-05-10,158422260,16:12:00,16:15:00,Hamburg Hbf
2026-05-10,158418859,16:40:00,16:43:00,Flensburg
2026-05-10,158417470,16:46:00,16:48:00,Esbjerg St.
2026-05-10,158420626,16:53:00,16:55:00,Fredericia St.
2026-05-10,158420635,17:04:00,17:06:00,Esbjerg St.
2026-05-10,158417481,17:11:00,17:13:00,Østerport St.
2026-05-10,158418877,17:16:00,17:18:00,Fredericia St.
2026-05-10,158422272,17:44:00,17:46:00,København H
2026-05-10,158417469,17:46:00,17:48:00,Esbjerg St.
2026-05-10,158417019,17:51:00,17:53:00,Skanderborg St.
2026-05-10,158419140,17:52:00,17:54:00,Sønderborg St.
2026-05-10,158419177,18:03:00,18:05:00,CPH Lufthavn
2026-05-10,158417137,18:04:00,18:06:00,Esbjerg St.
2026-05-10,158417480,18:11:00,18:13:00,Østerport St.
2026-05-10,158422246,18:12:00,18:15:00,Hamburg Hbf
2026-05-10,158418858,18:40:00,18:43:00,Flensburg
2026-05-10,158417468,18:46:00,18:48:00,Esbjerg St.
2026-05-10,158417012,18:51:00,18:53:00,Skanderborg St.
2026-05-10,158417132,19:04:00,19:06:00,Esbjerg St.
2026-05-10,158417479,19:11:00,19:13:00,Østerport St.
2026-05-10,158418876,19:16:00,19:18:00,Fredericia St.
2026-05-10,158417467,19:46:00,19:48:00,Esbjerg St.
2026-05-10,158417007,19:51:00,19:53:00,Skanderborg St.
2026-05-10,158419134,19:52:00,19:54:00,Sønderborg St.
2026-05-10,158419173,20:03:00,20:05:00,CPH Lufthavn
2026-05-10,158417127,20:04:00,20:06:00,Esbjerg St.
2026-05-10,158417440,20:11:00,20:13:00,København H
2026-05-10,158418857,20:40:00,20:43:00,Flensburg
2026-05-10,158417466,20:46:00,20:48:00,Esbjerg St.
2026-05-10,158417002,20:51:00,20:53:00,Skanderborg St.
2026-05-10,158417121,21:04:00,21:06:00,Esbjerg St.
2026-05-10,158418875,21:16:00,21:18:00,Fredericia St.
2026-05-10,158417465,21:46:00,21:48:00,Esbjerg St.
2026-05-10,158416997,21:51:00,21:53:00,Aarhus H
2026-05-10,158419126,21:52:00,21:54:00,Sønderborg St.
2026-05-10,158419905,22:03:00,22:05:00,Odense St.
2026-05-10,158417117,22:04:00,22:06:00,Esbjerg St.
2026-05-10,158418840,23:17:00,23:19:00,Fredericia St.
2026-05-10,158417110,23:25:00,23:27:00,Esbjerg St.
2026-05-10,158417104,23:29:00,23:31:00,Fredericia St.
2026-05-10,158419900,24:03:00,24:05:00,Fredericia St.
2026-05-10,158419909,24:07:00,24:09:00,Sønderborg St.
2026-05-10,158417097,24:29:00,24:31:00,Fredericia St.
2026-05-10,158417184,6:20:00,6:22:00,Esbjerg St.
2026-05-10,158418864,6:40:00,6:43:00,Flensburg
2026-05-10,158417091,6:51:00,6:53:00,Aarhus H
2026-05-10,158417180,7:04:00,7:06:00,Esbjerg St.
2026-05-10,158417489,7:11:00,7:13:00,Østerport St.
2026-05-10,158417079,7:51:00,7:53:00,Skanderborg St.
2026-05-10,158419911,7:52:00,7:54:00,Sønderborg St.
2026-05-10,158419199,8:03:00,8:05:00,CPH Lufthavn
2026-05-10,158417174,8:04:00,8:06:00,Esbjerg St.
2026-05-10,158417477,8:11:00,8:13:00,Østerport St.
2026-05-10,158418863,8:40:00,8:43:00,Flensburg
2026-05-10,158417463,8:46:00,8:48:00,Esbjerg St.
2026-05-10,158420632,8:53:00,8:55:00,Fredericia St.
2026-05-10,158420642,9:04:00,9:06:00,Esbjerg St.
2026-05-10,158417476,9:11:00,9:13:00,Østerport St.
2026-05-10,158418880,9:16:00,9:18:00,Fredericia St.
2026-05-10,158417459,9:46:00,9:48:00,Esbjerg St.
2026-05-10,158417072,9:51:00,9:53:00,Skanderborg St.
2026-05-10,158419159,9:52:00,9:54:00,Sønderborg St.
2026-05-11,158419194,10:03:00,10:05:00,CPH Lufthavn
2026-05-11,158417170,10:04:00,10:06:00,Esbjerg St.
2026-05-11,158417488,10:11:00,10:13:00,Østerport St.
2026-05-11,158418862,10:40:00,10:43:00,Flensburg
2026-05-11,158417474,10:46:00,10:48:00,Esbjerg St.
2026-05-11,158417063,10:51:00,10:53:00,Skanderborg St.
2026-05-11,158417164,11:04:00,11:06:00,Esbjerg St.
2026-05-11,158417487,11:11:00,11:13:00,Østerport St.
2026-05-11,158418879,11:16:00,11:18:00,Fredericia St.
2026-05-11,158422251,11:44:00,11:46:00,København H
2026-05-11,158417473,11:46:00,11:48:00,Esbjerg St.
2026-05-11,158417052,11:51:00,11:53:00,Skanderborg St.
2026-05-11,158419154,11:52:00,11:54:00,Sønderborg St.
2026-05-11,158419190,12:03:00,12:05:00,CPH Lufthavn
2026-05-11,158417158,12:04:00,12:06:00,Esbjerg St.
2026-05-11,158417486,12:11:00,12:13:00,Østerport St.
2026-05-11,158418861,12:40:00,12:43:00,Flensburg
2026-05-11,158417461,12:46:00,12:48:00,Esbjerg St.
2026-05-11,158420629,12:53:00,12:55:00,Fredericia St.
2026-05-11,158420639,13:04:00,13:06:00,Esbjerg St.
2026-05-11,158417485,13:11:00,13:13:00,Østerport St.
2026-05-11,158418842,13:16:00,13:18:00,Fredericia St.
2026-05-11,158422271,13:44:00,13:46:00,København H
2026-05-11,158417472,13:46:00,13:48:00,Esbjerg St.
2026-05-11,158417043,13:51:00,13:53:00,Skanderborg St.
2026-05-11,158419150,13:52:00,13:54:00,Sønderborg St.
2026-05-11,158419186,14:03:00,14:05:00,CPH Lufthavn
2026-05-11,158417153,14:04:00,14:06:00,Esbjerg St.
2026-05-11,158417484,14:11:00,14:13:00,Østerport St.
2026-05-11,158418860,14:40:00,14:43:00,Flensburg
2026-05-11,158417471,14:46:00,14:48:00,Esbjerg St.
2026-05-11,158417035,14:51:00,14:53:00,Skanderborg St.
2026-05-11,158417147,15:04:00,15:06:00,Esbjerg St.
2026-05-11,158417483,15:11:00,15:13:00,Østerport St.
2026-05-11,158418878,15:16:00,15:18:00,Fredericia St.
2026-05-11,158417460,15:46:00,15:48:00,Esbjerg St.
2026-05-11,158417027,15:51:00,15:53:00,Skanderborg St.
2026-05-11,158419145,15:52:00,15:54:00,Sønderborg St.
2026-05-11,158419181,16:03:00,16:05:00,CPH Lufthavn
2026-05-11,158417142,16:04:00,16:06:00,Esbjerg St.
2026-05-11,158417482,16:11:00,16:13:00,Østerport St.
2026-05-11,158422260,16:12:00,16:15:00,Hamburg Hbf
2026-05-11,158418859,16:40:00,16:43:00,Flensburg
2026-05-11,158417470,16:46:00,16:48:00,Esbjerg St.
2026-05-11,158420626,16:53:00,16:55:00,Fredericia St.
2026-05-11,158420635,17:04:00,17:06:00,Esbjerg St.
2026-05-11,158417481,17:11:00,17:13:00,Østerport St.
2026-05-11,158418877,17:16:00,17:18:00,Fredericia St.
2026-05-11,158417469,17:46:00,17:48:00,Esbjerg St.
2026-05-11,158417019,17:51:00,17:53:00,Skanderborg St.
2026-05-11,158419140,17:52:00,17:54:00,Sønderborg St.
2026-05-11,158419177,18:03:00,18:05:00,CPH Lufthavn
2026-05-11,158417137,18:04:00,18:06:00,Esbjerg St.
2026-05-11,158417480,18:11:00,18:13:00,Østerport St.
2026-05-11,158422246,18:12:00,18:15:00,Hamburg Hbf
2026-05-11,158418858,18:40:00,18:43:00,Flensburg
2026-05-11,158417468,18:46:00,18:48:00,Esbjerg St.
2026-05-11,158417012,18:51:00,18:53:00,Skanderborg St.
2026-05-11,158417132,19:04:00,19:06:00,Esbjerg St.
2026-05-11,158417479,19:11:00,19:13:00,Østerport St.
2026-05-11,158418876,19:16:00,19:18:00,Fredericia St.
2026-05-11,158417467,19:46:00,19:48:00,Esbjerg St.
2026-05-11,158417007,19:51:00,19:53:00,Skanderborg St.
2026-05-11,158419134,19:52:00,19:54:00,Sønderborg St.
2026-05-11,158419173,20:03:00,20:05:00,CPH Lufthavn
2026-05-11,158417127,20:04:00,20:06:00,Esbjerg St.
2026-05-11,158417439,20:11:00,20:13:00,Østerport St.
2026-05-11,158418857,20:40:00,20:43:00,Flensburg
2026-05-11,158417466,20:46:00,20:48:00,Esbjerg St.
2026-05-11,158417002,20:51:00,20:53:00,Skanderborg St.
2026-05-11,158417121,21:04:00,21:06:00,Esbjerg St.
2026-05-11,158418875,21:16:00,21:18:00,Fredericia St.
2026-05-11,158417465,21:46:00,21:48:00,Esbjerg St.
2026-05-11,158416997,21:51:00,21:53:00,Aarhus H
2026-05-11,158419126,21:52:00,21:54:00,Sønderborg St.
2026-05-11,158419905,22:03:00,22:05:00,Odense St.
2026-05-11,158417117,22:04:00,22:06:00,Esbjerg St.
2026-05-11,158420227,22:39:00,22:39:00,Kolding St.
2026-05-11,158420222,22:49:00,22:49:00,Fredericia St.
2026-05-11,158418840,23:17:00,23:19:00,Fredericia St.
2026-05-11,158417110,23:25:00,23:27:00,Esbjerg St.
2026-05-11,158417104,23:29:00,23:31:00,Fredericia St.
2026-05-11,158419900,24:03:00,24:05:00,Fredericia St.
2026-05-11,158419909,24:07:00,24:09:00,Sønderborg St.
2026-05-11,158417097,24:29:00,24:31:00,Fredericia St.
2026-05-11,158418865,4:40:00,4:43:00,Flensburg
2026-05-11,158417492,5:11:00,5:13:00,Østerport St.
2026-05-11,158417185,5:20:00,5:22:00,Esbjerg St.
2026-05-11,158417107,5:51:00,5:53:00,Skanderborg St.
2026-05-11,158419168,5:52:00,5:54:00,Sønderborg St.
2026-05-11,158419202,6:03:00,6:05:00,CPH Lufthavn
2026-05-11,158417491,6:11:00,6:13:00,Østerport St.
2026-05-11,158417184,6:20:00,6:22:00,Esbjerg St.
2026-05-11,158418864,6:40:00,6:43:00,Flensburg
2026-05-11,158417478,6:46:00,6:48:00,Esbjerg St.
2026-05-11,158417090,6:51:00,6:53:00,Skanderborg St.
2026-05-11,158417180,7:04:00,7:06:00,Esbjerg St.
2026-05-11,158417489,7:11:00,7:13:00,Østerport St.
2026-05-11,158418881,7:16:00,7:18:00,Fredericia St.
2026-05-11,158417475,7:46:00,7:48:00,Esbjerg St.
2026-05-11,158417079,7:51:00,7:53:00,Skanderborg St.
2026-05-11,158419164,7:52:00,7:54:00,Sønderborg St.
2026-05-11,158419199,8:03:00,8:05:00,CPH Lufthavn
2026-05-11,158417174,8:04:00,8:06:00,Esbjerg St.
2026-05-11,158417477,8:11:00,8:13:00,Østerport St.
2026-05-11,158418863,8:40:00,8:43:00,Flensburg
2026-05-11,158417464,8:46:00,8:48:00,Esbjerg St.
2026-05-11,158420632,8:53:00,8:55:00,Fredericia St.
2026-05-11,158420642,9:04:00,9:06:00,Esbjerg St.
2026-05-11,158417476,9:11:00,9:13:00,Østerport St.
2026-05-11,158418880,9:16:00,9:18:00,Fredericia St.
2026-05-11,158417462,9:46:00,9:48:00,Esbjerg St.
2026-05-11,158417072,9:51:00,9:53:00,Skanderborg St.
2026-05-11,158419159,9:52:00,9:54:00,Sønderborg St.
2026-05-12,158419194,10:03:00,10:05:00,CPH Lufthavn
2026-05-12,158417170,10:04:00,10:06:00,Esbjerg St.
2026-05-12,158417488,10:11:00,10:13:00,Østerport St.
2026-05-12,158422286,10:12:00,10:15:00,Hamburg Hbf
2026-05-12,158418862,10:40:00,10:43:00,Flensburg
2026-05-12,158417474,10:46:00,10:48:00,Esbjerg St.
2026-05-12,158417063,10:51:00,10:53:00,Skanderborg St.
2026-05-12,158417164,11:04:00,11:06:00,Esbjerg St.
2026-05-12,158417487,11:11:00,11:13:00,Østerport St.
2026-05-12,158418879,11:16:00,11:18:00,Fredericia St.
2026-05-12,158422251,11:44:00,11:46:00,København H
2026-05-12,158417473,11:46:00,11:48:00,Esbjerg St.
2026-05-12,158417052,11:51:00,11:53:00,Skanderborg St.
2026-05-12,158419154,11:52:00,11:54:00,Sønderborg St.
2026-05-12,158419190,12:03:00,12:05:00,CPH Lufthavn
2026-05-12,158417158,12:04:00,12:06:00,Esbjerg St.
2026-05-12,158417486,12:11:00,12:13:00,Østerport St.
2026-05-12,158418861,12:40:00,12:43:00,Flensburg
2026-05-12,158417461,12:46:00,12:48:00,Esbjerg St.
2026-05-12,158420629,12:53:00,12:55:00,Fredericia St.
2026-05-12,158420639,13:04:00,13:06:00,Esbjerg St.
2026-05-12,158417485,13:11:00,13:13:00,Østerport St.
2026-05-12,158418842,13:16:00,13:18:00,Fredericia St.
2026-05-12,158422271,13:44:00,13:46:00,København H
2026-05-12,158417472,13:46:00,13:48:00,Esbjerg St.
2026-05-12,158417043,13:51:00,13:53:00,Skanderborg St.
2026-05-12,158419150,13:52:00,13:54:00,Sønderborg St.
2026-05-12,158419186,14:03:00,14:05:00,CPH Lufthavn
2026-05-12,158417153,14:04:00,14:06:00,Esbjerg St.
2026-05-12,158417484,14:11:00,14:13:00,Østerport St.
2026-05-12,158418860,14:40:00,14:43:00,Flensburg
2026-05-12,158417471,14:46:00,14:48:00,Esbjerg St.
2026-05-12,158417035,14:51:00,14:53:00,Skanderborg St.
2026-05-12,158417147,15:04:00,15:06:00,Esbjerg St.
2026-05-12,158417483,15:11:00,15:13:00,Østerport St.
2026-05-12,158418878,15:16:00,15:18:00,Fredericia St.
2026-05-12,158417460,15:46:00,15:48:00,Esbjerg St.
2026-05-12,158417027,15:51:00,15:53:00,Skanderborg St.
2026-05-12,158419145,15:52:00,15:54:00,Sønderborg St.
2026-05-12,158419181,16:03:00,16:05:00,CPH Lufthavn
2026-05-12,158417142,16:04:00,16:06:00,Esbjerg St.
2026-05-12,158417482,16:11:00,16:13:00,Østerport St.
2026-05-12,158422260,16:12:00,16:15:00,Hamburg Hbf
2026-05-12,158418859,16:40:00,16:43:00,Flensburg
2026-05-12,158417470,16:46:00,16:48:00,Esbjerg St.
2026-05-12,158420626,16:53:00,16:55:00,Fredericia St.
2026-05-12,158420635,17:04:00,17:06:00,Esbjerg St.
2026-05-12,158417481,17:11:00,17:13:00,Østerport St.
2026-05-12,158418877,17:16:00,17:18:00,Fredericia St.
2026-05-12,158422272,17:44:00,17:46:00,København H
2026-05-12,158417469,17:46:00,17:48:00,Esbjerg St.
2026-05-12,158417019,17:51:00,17:53:00,Skanderborg St.
2026-05-12,158419140,17:52:00,17:54:00,Sønderborg St.
2026-05-12,158419177,18:03:00,18:05:00,CPH Lufthavn
2026-05-12,158417137,18:04:00,18:06:00,Esbjerg St.
2026-05-12,158417480,18:11:00,18:13:00,Østerport St.
2026-05-12,158422246,18:12:00,18:15:00,Hamburg Hbf
2026-05-12,158418858,18:40:00,18:43:00,Flensburg
2026-05-12,158417468,18:46:00,18:48:00,Esbjerg St.
2026-05-12,158417012,18:51:00,18:53:00,Skanderborg St.
2026-05-12,158417132,19:04:00,19:06:00,Esbjerg St.
2026-05-12,158417479,19:11:00,19:13:00,Østerport St.
2026-05-12,158418876,19:16:00,19:18:00,Fredericia St.
2026-05-12,158417467,19:46:00,19:48:00,Esbjerg St.
2026-05-12,158417007,19:51:00,19:53:00,Skanderborg St.
2026-05-12,158419134,19:52:00,19:54:00,Sønderborg St.
2026-05-12,158419173,20:03:00,20:05:00,CPH Lufthavn
2026-05-12,158417127,20:04:00,20:06:00,Esbjerg St.
2026-05-12,158417439,20:11:00,20:13:00,Østerport St.
2026-05-12,158418857,20:40:00,20:43:00,Flensburg
2026-05-12,158417466,20:46:00,20:48:00,Esbjerg St.
2026-05-12,158417002,20:51:00,20:53:00,Skanderborg St.
2026-05-12,158417121,21:04:00,21:06:00,Esbjerg St.
2026-05-12,158418875,21:16:00,21:18:00,Fredericia St.
2026-05-12,158417465,21:46:00,21:48:00,Esbjerg St.
2026-05-12,158416997,21:51:00,21:53:00,Aarhus H
2026-05-12,158419126,21:52:00,21:54:00,Sønderborg St.
2026-05-12,158419905,22:03:00,22:05:00,Odense St.
2026-05-12,158417117,22:04:00,22:06:00,Esbjerg St.
2026-05-12,158420227,22:39:00,22:39:00,Kolding St.
2026-05-12,158420222,22:49:00,22:49:00,Fredericia St.
2026-05-12,158418840,23:17:00,23:19:00,Fredericia St.
2026-05-12,158417110,23:25:00,23:27:00,Esbjerg St.
2026-05-12,158417104,23:29:00,23:31:00,Fredericia St.
2026-05-12,158419900,24:03:00,24:05:00,Fredericia St.
2026-05-12,158419909,24:07:00,24:09:00,Sønderborg St.
2026-05-12,158417097,24:29:00,24:31:00,Fredericia St.
2026-05-12,158418865,4:40:00,4:43:00,Flensburg
2026-05-12,158417492,5:11:00,5:13:00,Østerport St.
2026-05-12,158417185,5:20:00,5:22:00,Esbjerg St.
2026-05-12,158417107,5:51:00,5:53:00,Skanderborg St.
2026-05-12,158419168,5:52:00,5:54:00,Sønderborg St.
2026-05-12,158419202,6:03:00,6:05:00,CPH Lufthavn
2026-05-12,158417491,6:11:00,6:13:00,Østerport St.
2026-05-12,158417184,6:20:00,6:22:00,Esbjerg St.
2026-05-12,158418864,6:40:00,6:43:00,Flensburg
2026-05-12,158417478,6:46:00,6:48:00,Esbjerg St.
2026-05-12,158417090,6:51:00,6:53:00,Skanderborg St.
2026-05-12,158417180,7:04:00,7:06:00,Esbjerg St.
2026-05-12,158417489,7:11:00,7:13:00,Østerport St.
2026-05-12,158418881,7:16:00,7:18:00,Fredericia St.
2026-05-12,158417475,7:46:00,7:48:00,Esbjerg St.
2026-05-12,158417079,7:51:00,7:53:00,Skanderborg St.
2026-05-12,158419164,7:52:00,7:54:00,Sønderborg St.
2026-05-12,158419199,8:03:00,8:05:00,CPH Lufthavn
2026-05-12,158417174,8:04:00,8:06:00,Esbjerg St.
2026-05-12,158417477,8:11:00,8:13:00,Østerport St.
2026-05-12,158418863,8:40:00,8:43:00,Flensburg
2026-05-12,158417464,8:46:00,8:48:00,Esbjerg St.
2026-05-12,158420632,8:53:00,8:55:00,Fredericia St.
2026-05-12,158420642,9:04:00,9:06:00,Esbjerg St.
2026-05-12,158417476,9:11:00,9:13:00,Østerport St.
2026-05-12,158418880,9:16:00,9:18:00,Fredericia St.
2026-05-12,158417462,9:46:00,9:48:00,Esbjerg St.
2026-05-12,158417072,9:51:00,9:53:00,Skanderborg St.
2026-05-12,158419159,9:52:00,9:54:00,Sønderborg St.
2026-05-13,158419194,10:03:00,10:05:00,CPH Lufthavn
2026-05-13,158417170,10:04:00,10:06:00,Esbjerg St.
2026-05-13,158417488,10:11:00,10:13:00,Østerport St.
2026-05-13,158418862,10:40:00,10:43:00,Flensburg
2026-05-13,158417474,10:46:00,10:48:00,Esbjerg St.
2026-05-13,158417063,10:51:00,10:53:00,Skanderborg St.
2026-05-13,158417164,11:04:00,11:06:00,Esbjerg St.
2026-05-13,158417487,11:11:00,11:13:00,Østerport St.
2026-05-13,158418879,11:16:00,11:18:00,Fredericia St.
2026-05-13,158422251,11:44:00,11:46:00,København H
2026-05-13,158417473,11:46:00,11:48:00,Esbjerg St.
2026-05-13,158417052,11:51:00,11:53:00,Skanderborg St.
2026-05-13,158419154,11:52:00,11:54:00,Sønderborg St.
2026-05-13,158419190,12:03:00,12:05:00,CPH Lufthavn
2026-05-13,158417158,12:04:00,12:06:00,Esbjerg St.
2026-05-13,158417486,12:11:00,12:13:00,Østerport St.
2026-05-13,158418861,12:40:00,12:43:00,Flensburg
2026-05-13,158417461,12:46:00,12:48:00,Esbjerg St.
2026-05-13,158420629,12:53:00,12:55:00,Fredericia St.
2026-05-13,158420639,13:04:00,13:06:00,Esbjerg St.
2026-05-13,158417485,13:11:00,13:13:00,Østerport St.
2026-05-13,158418842,13:16:00,13:18:00,Fredericia St.
2026-05-13,158422271,13:44:00,13:46:00,København H
2026-05-13,158417472,13:46:00,13:48:00,Esbjerg St.
2026-05-13,158417043,13:51:00,13:53:00,Skanderborg St.
2026-05-13,158419150,13:52:00,13:54:00,Sønderborg St.
2026-05-13,158419186,14:03:00,14:05:00,CPH Lufthavn
2026-05-13,158417153,14:04:00,14:06:00,Esbjerg St.
2026-05-13,158417484,14:11:00,14:13:00,Østerport St.
2026-05-13,158418860,14:40:00,14:43:00,Flensburg
2026-05-13,158417471,14:46:00,14:48:00,Esbjerg St.
2026-05-13,158417035,14:51:00,14:53:00,Skanderborg St.
2026-05-13,158417147,15:04:00,15:06:00,Esbjerg St.
2026-05-13,158417483,15:11:00,15:13:00,Østerport St.
2026-05-13,158418878,15:16:00,15:18:00,Fredericia St.
2026-05-13,158417460,15:46:00,15:48:00,Esbjerg St.
2026-05-13,158417027,15:51:00,15:53:00,Skanderborg St.
2026-05-13,158419145,15:52:00,15:54:00,Sønderborg St.
2026-05-13,158419181,16:03:00,16:05:00,CPH Lufthavn
2026-05-13,158417142,16:04:00,16:06:00,Esbjerg St.
2026-05-13,158417482,16:11:00,16:13:00,Østerport St.
2026-05-13,158422260,16:12:00,16:15:00,Hamburg Hbf
2026-05-13,158418859,16:40:00,16:43:00,Flensburg
2026-05-13,158417470,16:46:00,16:48:00,Esbjerg St.
2026-05-13,158420626,16:53:00,16:55:00,Fredericia St.
2026-05-13,158420635,17:04:00,17:06:00,Esbjerg St.
2026-05-13,158417481,17:11:00,17:13:00,Østerport St.
2026-05-13,158418877,17:16:00,17:18:00,Fredericia St.
2026-05-13,158417469,17:46:00,17:48:00,Esbjerg St.
2026-05-13,158417019,17:51:00,17:53:00,Skanderborg St.
2026-05-13,158419140,17:52:00,17:54:00,Sønderborg St.
2026-05-13,158419177,18:03:00,18:05:00,CPH Lufthavn
2026-05-13,158417137,18:04:00,18:06:00,Esbjerg St.
2026-05-13,158417480,18:11:00,18:13:00,Østerport St.
2026-05-13,158422246,18:12:00,18:15:00,Hamburg Hbf
2026-05-13,158418858,18:40:00,18:43:00,Flensburg
2026-05-13,158417468,18:46:00,18:48:00,Esbjerg St.
2026-05-13,158417012,18:51:00,18:53:00,Skanderborg St.
2026-05-13,158417132,19:04:00,19:06:00,Esbjerg St.
2026-05-13,158417479,19:11:00,19:13:00,Østerport St.
2026-05-13,158418876,19:16:00,19:18:00,Fredericia St.
2026-05-13,158417467,19:46:00,19:48:00,Esbjerg St.
2026-05-13,158417007,19:51:00,19:53:00,Skanderborg St.
2026-05-13,158419134,19:52:00,19:54:00,Sønderborg St.
2026-05-13,158419173,20:03:00,20:05:00,CPH Lufthavn
2026-05-13,158417127,20:04:00,20:06:00,Esbjerg St.
2026-05-13,158417439,20:11:00,20:13:00,Østerport St.
2026-05-13,158418857,20:40:00,20:43:00,Flensburg
2026-05-13,158417466,20:46:00,20:48:00,Esbjerg St.
2026-05-13,158417002,20:51:00,20:53:00,Skanderborg St.
2026-05-13,158417121,21:04:00,21:06:00,Esbjerg St.
2026-05-13,158418875,21:16:00,21:18:00,Fredericia St.
2026-05-13,158417465,21:46:00,21:48:00,Esbjerg St.
2026-05-13,158416997,21:51:00,21:53:00,Aarhus H
2026-05-13,158419126,21:52:00,21:54:00,Sønderborg St.
2026-05-13,158419905,22:03:00,22:05:00,Odense St.
2026-05-13,158417117,22:04:00,22:06:00,Esbjerg St.
2026-05-13,158420227,22:39:00,22:39:00,Kolding St.
2026-05-13,158420222,22:49:00,22:49:00,Fredericia St.
2026-05-13,158418840,23:17:00,23:19:00,Fredericia St.
2026-05-13,158417110,23:25:00,23:27:00,Esbjerg St.
2026-05-13,158417104,23:29:00,23:31:00,Fredericia St.
2026-05-13,158419900,24:03:00,24:05:00,Fredericia St.
2026-05-13,158419909,24:07:00,24:09:00,Sønderborg St.
2026-05-13,158417097,24:29:00,24:31:00,Fredericia St.
2026-05-13,158418865,4:40:00,4:43:00,Flensburg
2026-05-13,158417492,5:11:00,5:13:00,Østerport St.
2026-05-13,158417185,5:20:00,5:22:00,Esbjerg St.
2026-05-13,158417107,5:51:00,5:53:00,Skanderborg St.
2026-05-13,158419168,5:52:00,5:54:00,Sønderborg St.
2026-05-13,158419202,6:03:00,6:05:00,CPH Lufthavn
2026-05-13,158417491,6:11:00,6:13:00,Østerport St.
2026-05-13,158417184,6:20:00,6:22:00,Esbjerg St.
2026-05-13,158418864,6:40:00,6:43:00,Flensburg
2026-05-13,158417478,6:46:00,6:48:00,Esbjerg St.
2026-05-13,158417090,6:51:00,6:53:00,Skanderborg St.
2026-05-13,158417180,7:04:00,7:06:00,Esbjerg St.
2026-05-13,158417489,7:11:00,7:13:00,Østerport St.
2026-05-13,158418881,7:16:00,7:18:00,Fredericia St.
2026-05-13,158417475,7:46:00,7:48:00,Esbjerg St.
2026-05-13,158417079,7:51:00,7:53:00,Skanderborg St.
2026-05-13,158419164,7:52:00,7:54:00,Sønderborg St.
2026-05-13,158419199,8:03:00,8:05:00,CPH Lufthavn
2026-05-13,158417174,8:04:00,8:06:00,Esbjerg St.
2026-05-13,158417477,8:11:00,8:13:00,Østerport St.
2026-05-13,158418863,8:40:00,8:43:00,Flensburg
2026-05-13,158417464,8:46:00,8:48:00,Esbjerg St.
2026-05-13,158420632,8:53:00,8:55:00,Fredericia St.
2026-05-13,158420642,9:04:00,9:06:00,Esbjerg St.
2026-05-13,158417476,9:11:00,9:13:00,Østerport St.
2026-05-13,158418880,9:16:00,9:18:00,Fredericia St.
2026-05-13,158417462,9:46:00,9:48:00,Esbjerg St.
2026-05-13,158417072,9:51:00,9:53:00,Skanderborg St.
2026-05-13,158419159,9:52:00,9:54:00,Sønderborg St.
2026-05-14,158419194,10:03:00,10:05:00,CPH Lufthavn
2026-05-14,158417170,10:04:00,10:06:00,Esbjerg St.
2026-05-14,158417488,10:11:00,10:13:00,Østerport St.
2026-05-14,158418862,10:40:00,10:43:00,Flensburg
2026-05-14,158417474,10:46:00,10:48:00,Esbjerg St.
2026-05-14,158417063,10:51:00,10:53:00,Skanderborg St.
2026-05-14,158417164,11:04:00,11:06:00,Esbjerg St.
2026-05-14,158417487,11:11:00,11:13:00,Østerport St.
2026-05-14,158418879,11:16:00,11:18:00,Fredericia St.
2026-05-14,158422251,11:44:00,11:46:00,København H
2026-05-14,158417473,11:46:00,11:48:00,Esbjerg St.
2026-05-14,158417052,11:51:00,11:53:00,Skanderborg St.
2026-05-14,158419154,11:52:00,11:54:00,Sønderborg St.
2026-05-14,158419190,12:03:00,12:05:00,CPH Lufthavn
2026-05-14,158417158,12:04:00,12:06:00,Esbjerg St.
2026-05-14,158417486,12:11:00,12:13:00,Østerport St.
2026-05-14,158418861,12:40:00,12:43:00,Flensburg
2026-05-14,158417461,12:46:00,12:48:00,Esbjerg St.
2026-05-14,158420629,12:53:00,12:55:00,Fredericia St.
2026-05-14,158420639,13:04:00,13:06:00,Esbjerg St.
2026-05-14,158417485,13:11:00,13:13:00,Østerport St.
2026-05-14,158418842,13:16:00,13:18:00,Fredericia St.
2026-05-14,158422271,13:44:00,13:46:00,København H
2026-05-14,158417472,13:46:00,13:48:00,Esbjerg St.
2026-05-14,158417043,13:51:00,13:53:00,Skanderborg St.
2026-05-14,158419150,13:52:00,13:54:00,Sønderborg St.
2026-05-14,158419186,14:03:00,14:05:00,CPH Lufthavn
2026-05-14,158417153,14:04:00,14:06:00,Esbjerg St.
2026-05-14,158417484,14:11:00,14:13:00,Østerport St.
2026-05-14,158418860,14:40:00,14:43:00,Flensburg
2026-05-14,158417471,14:46:00,14:48:00,Esbjerg St.
2026-05-14,158417035,14:51:00,14:53:00,Skanderborg St.
2026-05-14,158417147,15:04:00,15:06:00,Esbjerg St.
2026-05-14,158417483,15:11:00,15:13:00,Østerport St.
2026-05-14,158418878,15:16:00,15:18:00,Fredericia St.
2026-05-14,158417460,15:46:00,15:48:00,Esbjerg St.
2026-05-14,158417027,15:51:00,15:53:00,Skanderborg St.
2026-05-14,158419145,15:52:00,15:54:00,Sønderborg St.
2026-05-14,158419181,16:03:00,16:05:00,CPH Lufthavn
2026-05-14,158417142,16:04:00,16:06:00,Esbjerg St.
2026-05-14,158417482,16:11:00,16:13:00,Østerport St.
2026-05-14,158422260,16:12:00,16:15:00,Hamburg Hbf
2026-05-14,158418859,16:40:00,16:43:00,Flensburg
2026-05-14,158417470,16:46:00,16:48:00,Esbjerg St.
2026-05-14,158420626,16:53:00,16:55:00,Fredericia St.
2026-05-14,158420635,17:04:00,17:06:00,Esbjerg St.
2026-05-14,158417481,17:11:00,17:13:00,Østerport St.
2026-05-14,158418877,17:16:00,17:18:00,Fredericia St.
2026-05-14,158417469,17:46:00,17:48:00,Esbjerg St.
2026-05-14,158417019,17:51:00,17:53:00,Skanderborg St.
2026-05-14,158419140,17:52:00,17:54:00,Sønderborg St.
2026-05-14,158419177,18:03:00,18:05:00,CPH Lufthavn
2026-05-14,158417137,18:04:00,18:06:00,Esbjerg St.
2026-05-14,158417480,18:11:00,18:13:00,Østerport St.
2026-05-14,158422246,18:12:00,18:15:00,Hamburg Hbf
2026-05-14,158418858,18:40:00,18:43:00,Flensburg
2026-05-14,158417468,18:46:00,18:48:00,Esbjerg St.
2026-05-14,158417012,18:51:00,18:53:00,Skanderborg St.
2026-05-14,158417132,19:04:00,19:06:00,Esbjerg St.
2026-05-14,158417479,19:11:00,19:13:00,Østerport St.
2026-05-14,158418876,19:16:00,19:18:00,Fredericia St.
2026-05-14,158417467,19:46:00,19:48:00,Esbjerg St.
2026-05-14,158417007,19:51:00,19:53:00,Skanderborg St.
2026-05-14,158419134,19:52:00,19:54:00,Sønderborg St.
2026-05-14,158419173,20:03:00,20:05:00,CPH Lufthavn
2026-05-14,158417127,20:04:00,20:06:00,Esbjerg St.
2026-05-14,158417439,20:11:00,20:13:00,Østerport St.
2026-05-14,158418857,20:40:00,20:43:00,Flensburg
2026-05-14,158417466,20:46:00,20:48:00,Esbjerg St.
2026-05-14,158417002,20:51:00,20:53:00,Skanderborg St.
2026-05-14,158417121,21:04:00,21:06:00,Esbjerg St.
2026-05-14,158418875,21:16:00,21:18:00,Fredericia St.
2026-05-14,158417465,21:46:00,21:48:00,Esbjerg St.
2026-05-14,158416997,21:51:00,21:53:00,Aarhus H
2026-05-14,158419126,21:52:00,21:54:00,Sønderborg St.
2026-05-14,158419905,22:03:00,22:05:00,Odense St.
2026-05-14,158417117,22:04:00,22:06:00,Esbjerg St.
2026-05-14,158420227,22:39:00,22:39:00,Kolding St.
2026-05-14,158420222,22:49:00,22:49:00,Fredericia St.
2026-05-14,158418840,23:17:00,23:19:00,Fredericia St.
2026-05-14,158417110,23:25:00,23:27:00,Esbjerg St.
2026-05-14,158417104,23:29:00,23:31:00,Fredericia St.
2026-05-14,158419900,24:03:00,24:05:00,Fredericia St.
2026-05-14,158419909,24:07:00,24:09:00,Sønderborg St.
2026-05-14,158417097,24:29:00,24:31:00,Fredericia St.
2026-05-14,158418865,4:40:00,4:43:00,Flensburg
2026-05-14,158417492,5:11:00,5:13:00,Østerport St.
2026-05-14,158417185,5:20:00,5:22:00,Esbjerg St.
2026-05-14,158417107,5:51:00,5:53:00,Skanderborg St.
2026-05-14,158419168,5:52:00,5:54:00,Sønderborg St.
2026-05-14,158419202,6:03:00,6:05:00,CPH Lufthavn
2026-05-14,158417491,6:11:00,6:13:00,Østerport St.
2026-05-14,158417184,6:20:00,6:22:00,Esbjerg St.
2026-05-14,158418864,6:40:00,6:43:00,Flensburg
2026-05-14,158417478,6:46:00,6:48:00,Esbjerg St.
2026-05-14,158417090,6:51:00,6:53:00,Skanderborg St.
2026-05-14,158417180,7:04:00,7:06:00,Esbjerg St.
2026-05-14,158417489,7:11:00,7:13:00,Østerport St.
2026-05-14,158418881,7:16:00,7:18:00,Fredericia St.
2026-05-14,158417475,7:46:00,7:48:00,Esbjerg St.
2026-05-14,158417079,7:51:00,7:53:00,Skanderborg St.
2026-05-14,158419164,7:52:00,7:54:00,Sønderborg St.
2026-05-14,158419199,8:03:00,8:05:00,CPH Lufthavn
2026-05-14,158417174,8:04:00,8:06:00,Esbjerg St.
2026-05-14,158417477,8:11:00,8:13:00,Østerport St.
2026-05-14,158418863,8:40:00,8:43:00,Flensburg
2026-05-14,158417464,8:46:00,8:48:00,Esbjerg St.
2026-05-14,158420632,8:53:00,8:55:00,Fredericia St.
2026-05-14,158420642,9:04:00,9:06:00,Esbjerg St.
2026-05-14,158417476,9:11:00,9:13:00,Østerport St.
2026-05-14,158418880,9:16:00,9:18:00,Fredericia St.
2026-05-14,158417462,9:46:00,9:48:00,Esbjerg St.
2026-05-14,158417072,9:51:00,9:53:00,Skanderborg St.
2026-05-14,158419159,9:52:00,9:54:00,Sønderborg St.
2026-05-15,158419194,10:03:00,10:05:00,CPH Lufthavn
2026-05-15,158417170,10:04:00,10:06:00,Esbjerg St.
2026-05-15,158417488,10:11:00,10:13:00,Østerport St.
2026-05-15,158418862,10:40:00,10:43:00,Flensburg
2026-05-15,158417474,10:46:00,10:48:00,Esbjerg St.
2026-05-15,158417063,10:51:00,10:53:00,Skanderborg St.
2026-05-15,158417164,11:04:00,11:06:00,Esbjerg St.
2026-05-15,158417487,11:11:00,11:13:00,Østerport St.
2026-05-15,158418879,11:16:00,11:18:00,Fredericia St.
2026-05-15,158422251,11:44:00,11:46:00,København H
2026-05-15,158417473,11:46:00,11:48:00,Esbjerg St.
2026-05-15,158417052,11:51:00,11:53:00,Skanderborg St.
2026-05-15,158419154,11:52:00,11:54:00,Sønderborg St.
2026-05-15,158419190,12:03:00,12:05:00,CPH Lufthavn
2026-05-15,158417158,12:04:00,12:06:00,Esbjerg St.
2026-05-15,158417486,12:11:00,12:13:00,Østerport St.
2026-05-15,158418861,12:40:00,12:43:00,Flensburg
2026-05-15,158417461,12:46:00,12:48:00,Esbjerg St.
2026-05-15,158420629,12:53:00,12:55:00,Fredericia St.
2026-05-15,158420639,13:04:00,13:06:00,Esbjerg St.
2026-05-15,158417485,13:11:00,13:13:00,Østerport St.
2026-05-15,158418842,13:16:00,13:18:00,Fredericia St.
2026-05-15,158422271,13:44:00,13:46:00,København H
2026-05-15,158417472,13:46:00,13:48:00,Esbjerg St.
2026-05-15,158417043,13:51:00,13:53:00,Skanderborg St.
2026-05-15,158419150,13:52:00,13:54:00,Sønderborg St.
2026-05-15,158419186,14:03:00,14:05:00,CPH Lufthavn
2026-05-15,158417153,14:04:00,14:06:00,Esbjerg St.
2026-05-15,158417484,14:11:00,14:13:00,Østerport St.
2026-05-15,158418860,14:40:00,14:43:00,Flensburg
2026-05-15,158417471,14:46:00,14:48:00,Esbjerg St.
2026-05-15,158417035,14:51:00,14:53:00,Skanderborg St.
2026-05-15,158417147,15:04:00,15:06:00,Esbjerg St.
2026-05-15,158417483,15:11:00,15:13:00,Østerport St.
2026-05-15,158418878,15:16:00,15:18:00,Fredericia St.
2026-05-15,158417460,15:46:00,15:48:00,Esbjerg St.
2026-05-15,158417027,15:51:00,15:53:00,Skanderborg St.
2026-05-15,158419145,15:52:00,15:54:00,Sønderborg St.
2026-05-15,158419181,16:03:00,16:05:00,CPH Lufthavn
2026-05-15,158417142,16:04:00,16:06:00,Esbjerg St.
2026-05-15,158417482,16:11:00,16:13:00,Østerport St.
2026-05-15,158422260,16:12:00,16:15:00,Hamburg Hbf
2026-05-15,158418859,16:40:00,16:43:00,Flensburg
2026-05-15,158417470,16:46:00,16:48:00,Esbjerg St.
2026-05-15,158420626,16:53:00,16:55:00,Fredericia St.
2026-05-15,158420635,17:04:00,17:06:00,Esbjerg St.
2026-05-15,158417481,17:11:00,17:13:00,Østerport St.
2026-05-15,158418877,17:16:00,17:18:00,Fredericia St.
2026-05-15,158417469,17:46:00,17:48:00,Esbjerg St.
2026-05-15,158417019,17:51:00,17:53:00,Skanderborg St.
2026-05-15,158419140,17:52:00,17:54:00,Sønderborg St.
2026-05-15,158419177,18:03:00,18:05:00,CPH Lufthavn
2026-05-15,158417137,18:04:00,18:06:00,Esbjerg St.
2026-05-15,158417480,18:11:00,18:13:00,Østerport St.
2026-05-15,158422246,18:12:00,18:15:00,Hamburg Hbf
2026-05-15,158418858,18:40:00,18:43:00,Flensburg
2026-05-15,158417468,18:46:00,18:48:00,Esbjerg St.
2026-05-15,158417012,18:51:00,18:53:00,Skanderborg St.
2026-05-15,158417132,19:04:00,19:06:00,Esbjerg St.
2026-05-15,158417479,19:11:00,19:13:00,Østerport St.
2026-05-15,158418876,19:16:00,19:18:00,Fredericia St.
2026-05-15,158417467,19:46:00,19:48:00,Esbjerg St.
2026-05-15,158417007,19:51:00,19:53:00,Skanderborg St.
2026-05-15,158419134,19:52:00,19:54:00,Sønderborg St.
2026-05-15,158419173,20:03:00,20:05:00,CPH Lufthavn
2026-05-15,158417127,20:04:00,20:06:00,Esbjerg St.
2026-05-15,158417439,20:11:00,20:13:00,Østerport St.
2026-05-15,158418857,20:40:00,20:43:00,Flensburg
2026-05-15,158417466,20:46:00,20:48:00,Esbjerg St.
2026-05-15,158417002,20:51:00,20:53:00,Skanderborg St.
2026-05-15,158417121,21:04:00,21:06:00,Esbjerg St.
2026-05-15,158418875,21:16:00,21:18:00,Fredericia St.
2026-05-15,158417465,21:46:00,21:48:00,Esbjerg St.
2026-05-15,158416997,21:51:00,21:53:00,Aarhus H
2026-05-15,158419126,21:52:00,21:54:00,Sønderborg St.
2026-05-15,158419905,22:03:00,22:05:00,Odense St.
2026-05-15,158417117,22:04:00,22:06:00,Esbjerg St.
2026-05-15,158420227,22:39:00,22:39:00,Kolding St.
2026-05-15,158420222,22:49:00,22:49:00,Fredericia St.
2026-05-15,158418840,23:17:00,23:19:00,Fredericia St.
2026-05-15,158417110,23:25:00,23:27:00,Esbjerg St.
2026-05-15,158417098,23:29:00,23:31:00,CPH Lufthavn
2026-05-15,158419900,24:03:00,24:05:00,Fredericia St.
2026-05-15,158419909,24:07:00,24:09:00,Sønderborg St.
2026-05-15,158417097,24:29:00,24:31:00,Fredericia St.
2026-05-15,158418865,4:40:00,4:43:00,Flensburg
2026-05-15,158417492,5:11:00,5:13:00,Østerport St.
2026-05-15,158417185,5:20:00,5:22:00,Esbjerg St.
2026-05-15,158417107,5:51:00,5:53:00,Skanderborg St.
2026-05-15,158419168,5:52:00,5:54:00,Sønderborg St.
2026-05-15,158419202,6:03:00,6:05:00,CPH Lufthavn
2026-05-15,158417491,6:11:00,6:13:00,Østerport St.
2026-05-15,158417184,6:20:00,6:22:00,Esbjerg St.
2026-05-15,158418864,6:40:00,6:43:00,Flensburg
2026-05-15,158417478,6:46:00,6:48:00,Esbjerg St.
2026-05-15,158417090,6:51:00,6:53:00,Skanderborg St.
2026-05-15,158417180,7:04:00,7:06:00,Esbjerg St.
2026-05-15,158417489,7:11:00,7:13:00,Østerport St.
2026-05-15,158418881,7:16:00,7:18:00,Fredericia St.
2026-05-15,158417475,7:46:00,7:48:00,Esbjerg St.
2026-05-15,158417079,7:51:00,7:53:00,Skanderborg St.
2026-05-15,158419164,7:52:00,7:54:00,Sønderborg St.
2026-05-15,158419199,8:03:00,8:05:00,CPH Lufthavn
2026-05-15,158417174,8:04:00,8:06:00,Esbjerg St.
2026-05-15,158417477,8:11:00,8:13:00,Østerport St.
2026-05-15,158418863,8:40:00,8:43:00,Flensburg
2026-05-15,158417464,8:46:00,8:48:00,Esbjerg St.
2026-05-15,158420632,8:53:00,8:55:00,Fredericia St.
2026-05-15,158420642,9:04:00,9:06:00,Esbjerg St.
2026-05-15,158417476,9:11:00,9:13:00,Østerport St.
2026-05-15,158418880,9:16:00,9:18:00,Fredericia St.
2026-05-15,158417462,9:46:00,9:48:00,Esbjerg St.
2026-05-15,158417072,9:51:00,9:53:00,Skanderborg St.
2026-05-15,158419159,9:52:00,9:54:00,Sønderborg St.
2026-05-16,158419194,10:03:00,10:05:00,CPH Lufthavn
2026-05-16,158417170,10:04:00,10:06:00,Esbjerg St.
2026-05-16,158417488,10:11:00,10:13:00,Østerport St.
2026-05-16,158422286,10:12:00,10:15:00,Hamburg Hbf
2026-05-16,158418862,10:40:00,10:43:00,Flensburg
2026-05-16,158417474,10:46:00,10:48:00,Esbjerg St.
2026-05-16,158417063,10:51:00,10:53:00,Skanderborg St.
2026-05-16,158417164,11:04:00,11:06:00,Esbjerg St.
2026-05-16,158417487,11:11:00,11:13:00,Østerport St.
2026-05-16,158418879,11:16:00,11:18:00,Fredericia St.
2026-05-16,158422251,11:44:00,11:46:00,København H
2026-05-16,158417473,11:46:00,11:48:00,Esbjerg St.
2026-05-16,158417052,11:51:00,11:53:00,Skanderborg St.
2026-05-16,158419154,11:52:00,11:54:00,Sønderborg St.
2026-05-16,158419190,12:03:00,12:05:00,CPH Lufthavn
2026-05-16,158417158,12:04:00,12:06:00,Esbjerg St.
2026-05-16,158417486,12:11:00,12:13:00,Østerport St.
2026-05-16,158418861,12:40:00,12:43:00,Flensburg
2026-05-16,158417461,12:46:00,12:48:00,Esbjerg St.
2026-05-16,158420629,12:53:00,12:55:00,Fredericia St.
2026-05-16,158420639,13:04:00,13:06:00,Esbjerg St.
2026-05-16,158417485,13:11:00,13:13:00,Østerport St.
2026-05-16,158418842,13:16:00,13:18:00,Fredericia St.
2026-05-16,158422271,13:44:00,13:46:00,København H
2026-05-16,158417472,13:46:00,13:48:00,Esbjerg St.
2026-05-16,158417043,13:51:00,13:53:00,Skanderborg St.
2026-05-16,158419150,13:52:00,13:54:00,Sønderborg St.
2026-05-16,158419186,14:03:00,14:05:00,CPH Lufthavn
2026-05-16,158417153,14:04:00,14:06:00,Esbjerg St.
2026-05-16,158417484,14:11:00,14:13:00,Østerport St.
2026-05-16,158418860,14:40:00,14:43:00,Flensburg
2026-05-16,158417471,14:46:00,14:48:00,Esbjerg St.
2026-05-16,158417035,14:51:00,14:53:00,Skanderborg St.
2026-05-16,158417147,15:04:00,15:06:00,Esbjerg St.
2026-05-16,158417483,15:11:00,15:13:00,Østerport St.
2026-05-16,158418878,15:16:00,15:18:00,Fredericia St.
2026-05-16,158417460,15:46:00,15:48:00,Esbjerg St.
2026-05-16,158417027,15:51:00,15:53:00,Skanderborg St.
2026-05-16,158419145,15:52:00,15:54:00,Sønderborg St.
2026-05-16,158419181,16:03:00,16:05:00,CPH Lufthavn
2026-05-16,158417142,16:04:00,16:06:00,Esbjerg St.
2026-05-16,158417482,16:11:00,16:13:00,Østerport St.
2026-05-16,158422260,16:12:00,16:15:00,Hamburg Hbf
2026-05-16,158418859,16:40:00,16:43:00,Flensburg
2026-05-16,158417470,16:46:00,16:48:00,Esbjerg St.
2026-05-16,158420626,16:53:00,16:55:00,Fredericia St.
2026-05-16,158420635,17:04:00,17:06:00,Esbjerg St.
2026-05-16,158417481,17:11:00,17:13:00,Østerport St.
2026-05-16,158418877,17:16:00,17:18:00,Fredericia St.
2026-05-16,158422272,17:44:00,17:46:00,København H
2026-05-16,158417469,17:46:00,17:48:00,Esbjerg St.
2026-05-16,158417019,17:51:00,17:53:00,Skanderborg St.
2026-05-16,158419140,17:52:00,17:54:00,Sønderborg St.
2026-05-16,158419177,18:03:00,18:05:00,CPH Lufthavn
2026-05-16,158417137,18:04:00,18:06:00,Esbjerg St.
2026-05-16,158417480,18:11:00,18:13:00,Østerport St.
2026-05-16,158422246,18:12:00,18:15:00,Hamburg Hbf
2026-05-16,158418858,18:40:00,18:43:00,Flensburg
2026-05-16,158417468,18:46:00,18:48:00,Esbjerg St.
2026-05-16,158417012,18:51:00,18:53:00,Skanderborg St.
2026-05-16,158417132,19:04:00,19:06:00,Esbjerg St.
2026-05-16,158417479,19:11:00,19:13:00,Østerport St.
2026-05-16,158418876,19:16:00,19:18:00,Fredericia St.
2026-05-16,158417467,19:46:00,19:48:00,Esbjerg St.
2026-05-16,158417007,19:51:00,19:53:00,Skanderborg St.
2026-05-16,158419134,19:52:00,19:54:00,Sønderborg St.
2026-05-16,158419173,20:03:00,20:05:00,CPH Lufthavn
2026-05-16,158417127,20:04:00,20:06:00,Esbjerg St.
2026-05-16,158417439,20:11:00,20:13:00,Østerport St.
2026-05-16,158418857,20:40:00,20:43:00,Flensburg
2026-05-16,158417466,20:46:00,20:48:00,Esbjerg St.
2026-05-16,158417002,20:51:00,20:53:00,Skanderborg St.
2026-05-16,158417121,21:04:00,21:06:00,Esbjerg St.
2026-05-16,158418875,21:16:00,21:18:00,Fredericia St.
2026-05-16,158417465,21:46:00,21:48:00,Esbjerg St.
2026-05-16,158416997,21:51:00,21:53:00,Aarhus H
2026-05-16,158419126,21:52:00,21:54:00,Sønderborg St.
2026-05-16,158419905,22:03:00,22:05:00,Odense St.
2026-05-16,158417117,22:04:00,22:06:00,Esbjerg St.
2026-05-16,158418840,23:17:00,23:19:00,Fredericia St.
2026-05-16,158417110,23:25:00,23:27:00,Esbjerg St.
2026-05-16,158417098,23:29:00,23:31:00,CPH Lufthavn
2026-05-16,158419900,24:03:00,24:05:00,Fredericia St.
2026-05-16,158419909,24:07:00,24:09:00,Sønderborg St.
2026-05-16,158417097,24:29:00,24:31:00,Fredericia St.
2026-05-16,158418865,4:40:00,4:43:00,Flensburg
2026-05-16,158417184,6:20:00,6:22:00,Esbjerg St.
2026-05-16,158418864,6:40:00,6:43:00,Flensburg
2026-05-16,158417091,6:51:00,6:53:00,Aarhus H
2026-05-16,158417180,7:04:00,7:06:00,Esbjerg St.
2026-05-16,158417489,7:11:00,7:13:00,Østerport St.
2026-05-16,158418881,7:16:00,7:18:00,Fredericia St.
2026-05-16,158417079,7:51:00,7:53:00,Skanderborg St.
2026-05-16,158419911,7:52:00,7:54:00,Sønderborg St.
2026-05-16,158419199,8:03:00,8:05:00,CPH Lufthavn
2026-05-16,158417174,8:04:00,8:06:00,Esbjerg St.
2026-05-16,158417477,8:11:00,8:13:00,Østerport St.
2026-05-16,158418863,8:40:00,8:43:00,Flensburg
2026-05-16,158417463,8:46:00,8:48:00,Esbjerg St.
2026-05-16,158420632,8:53:00,8:55:00,Fredericia St.
2026-05-16,158420642,9:04:00,9:06:00,Esbjerg St.
2026-05-16,158417476,9:11:00,9:13:00,Østerport St.
2026-05-16,158418880,9:16:00,9:18:00,Fredericia St.
2026-05-16,158417459,9:46:00,9:48:00,Esbjerg St.
2026-05-16,158417072,9:51:00,9:53:00,Skanderborg St.
2026-05-16,158419159,9:52:00,9:54:00,Sønderborg St.
2026-05-17,158419194,10:03:00,10:05:00,CPH Lufthavn
2026-05-17,158417170,10:04:00,10:06:00,Esbjerg St.
2026-05-17,158417488,10:11:00,10:13:00,Østerport St.
2026-05-17,158422286,10:12:00,10:15:00,Hamburg Hbf
2026-05-17,158418862,10:40:00,10:43:00,Flensburg
2026-05-17,158417474,10:46:00,10:48:00,Esbjerg St.
2026-05-17,158417063,10:51:00,10:53:00,Skanderborg St.
2026-05-17,158417164,11:04:00,11:06:00,Esbjerg St.
2026-05-17,158417487,11:11:00,11:13:00,Østerport St.
2026-05-17,158418879,11:16:00,11:18:00,Fredericia St.
2026-05-17,158422251,11:44:00,11:46:00,København H
2026-05-17,158417473,11:46:00,11:48:00,Esbjerg St.
2026-05-17,158417052,11:51:00,11:53:00,Skanderborg St.
2026-05-17,158419154,11:52:00,11:54:00,Sønderborg St.
2026-05-17,158419190,12:03:00,12:05:00,CPH Lufthavn
2026-05-17,158417158,12:04:00,12:06:00,Esbjerg St.
2026-05-17,158417486,12:11:00,12:13:00,Østerport St.
2026-05-17,158418861,12:40:00,12:43:00,Flensburg
2026-05-17,158417461,12:46:00,12:48:00,Esbjerg St.
2026-05-17,158420629,12:53:00,12:55:00,Fredericia St.
2026-05-17,158420639,13:04:00,13:06:00,Esbjerg St.
2026-05-17,158417485,13:11:00,13:13:00,Østerport St.
2026-05-17,158418842,13:16:00,13:18:00,Fredericia St.
2026-05-17,158422271,13:44:00,13:46:00,København H
2026-05-17,158417472,13:46:00,13:48:00,Esbjerg St.
2026-05-17,158417043,13:51:00,13:53:00,Skanderborg St.
2026-05-17,158419150,13:52:00,13:54:00,Sønderborg St.
2026-05-17,158419186,14:03:00,14:05:00,CPH Lufthavn
2026-05-17,158417153,14:04:00,14:06:00,Esbjerg St.
2026-05-17,158417484,14:11:00,14:13:00,Østerport St.
2026-05-17,158418860,14:40:00,14:43:00,Flensburg
2026-05-17,158417471,14:46:00,14:48:00,Esbjerg St.
2026-05-17,158417035,14:51:00,14:53:00,Skanderborg St.
2026-05-17,158417147,15:04:00,15:06:00,Esbjerg St.
2026-05-17,158417483,15:11:00,15:13:00,Østerport St.
2026-05-17,158418878,15:16:00,15:18:00,Fredericia St.
2026-05-17,158417460,15:46:00,15:48:00,Esbjerg St.
2026-05-17,158417027,15:51:00,15:53:00,Skanderborg St.
2026-05-17,158419145,15:52:00,15:54:00,Sønderborg St.
2026-05-17,158419181,16:03:00,16:05:00,CPH Lufthavn
2026-05-17,158417142,16:04:00,16:06:00,Esbjerg St.
2026-05-17,158417482,16:11:00,16:13:00,Østerport St.
2026-05-17,158422260,16:12:00,16:15:00,Hamburg Hbf
2026-05-17,158418859,16:40:00,16:43:00,Flensburg
2026-05-17,158417470,16:46:00,16:48:00,Esbjerg St.
2026-05-17,158420626,16:53:00,16:55:00,Fredericia St.
2026-05-17,158420635,17:04:00,17:06:00,Esbjerg St.
2026-05-17,158417481,17:11:00,17:13:00,Østerport St.
2026-05-17,158418877,17:16:00,17:18:00,Fredericia St.
2026-05-17,158422272,17:44:00,17:46:00,København H
2026-05-17,158417469,17:46:00,17:48:00,Esbjerg St.
2026-05-17,158417019,17:51:00,17:53:00,Skanderborg St.
2026-05-17,158419140,17:52:00,17:54:00,Sønderborg St.
2026-05-17,158419177,18:03:00,18:05:00,CPH Lufthavn
2026-05-17,158417137,18:04:00,18:06:00,Esbjerg St.
2026-05-17,158417480,18:11:00,18:13:00,Østerport St.
2026-05-17,158422246,18:12:00,18:15:00,Hamburg Hbf
2026-05-17,158418858,18:40:00,18:43:00,Flensburg
2026-05-17,158417468,18:46:00,18:48:00,Esbjerg St.
2026-05-17,158417012,18:51:00,18:53:00,Skanderborg St.
2026-05-17,158417132,19:04:00,19:06:00,Esbjerg St.
2026-05-17,158417479,19:11:00,19:13:00,Østerport St.
2026-05-17,158418876,19:16:00,19:18:00,Fredericia St.
2026-05-17,158417467,19:46:00,19:48:00,Esbjerg St.
2026-05-17,158417007,19:51:00,19:53:00,Skanderborg St.
2026-05-17,158419134,19:52:00,19:54:00,Sønderborg St.
2026-05-17,158419173,20:03:00,20:05:00,CPH Lufthavn
2026-05-17,158417127,20:04:00,20:06:00,Esbjerg St.
2026-05-17,158417440,20:11:00,20:13:00,København H
2026-05-17,158418857,20:40:00,20:43:00,Flensburg
2026-05-17,158417466,20:46:00,20:48:00,Esbjerg St.
2026-05-17,158417002,20:51:00,20:53:00,Skanderborg St.
2026-05-17,158417121,21:04:00,21:06:00,Esbjerg St.
2026-05-17,158418875,21:16:00,21:18:00,Fredericia St.
2026-05-17,158417465,21:46:00,21:48:00,Esbjerg St.
2026-05-17,158416997,21:51:00,21:53:00,Aarhus H
2026-05-17,158419126,21:52:00,21:54:00,Sønderborg St.
2026-05-17,158419905,22:03:00,22:05:00,Odense St.
2026-05-17,158417117,22:04:00,22:06:00,Esbjerg St.
2026-05-17,158418840,23:17:00,23:19:00,Fredericia St.
2026-05-17,158417110,23:25:00,23:27:00,Esbjerg St.
2026-05-17,158417104,23:29:00,23:31:00,Fredericia St.
2026-05-17,158419900,24:03:00,24:05:00,Fredericia St.
2026-05-17,158419909,24:07:00,24:09:00,Sønderborg St.
2026-05-17,158417097,24:29:00,24:31:00,Fredericia St.
2026-05-17,158417184,6:20:00,6:22:00,Esbjerg St.
2026-05-17,158418864,6:40:00,6:43:00,Flensburg
2026-05-17,158417091,6:51:00,6:53:00,Aarhus H
2026-05-17,158417180,7:04:00,7:06:00,Esbjerg St.
2026-05-17,158417489,7:11:00,7:13:00,Østerport St.
2026-05-17,158417079,7:51:00,7:53:00,Skanderborg St.
2026-05-17,158419911,7:52:00,7:54:00,Sønderborg St.
2026-05-17,158419199,8:03:00,8:05:00,CPH Lufthavn
2026-05-17,158417174,8:04:00,8:06:00,Esbjerg St.
2026-05-17,158417477,8:11:00,8:13:00,Østerport St.
2026-05-17,158418863,8:40:00,8:43:00,Flensburg
2026-05-17,158417463,8:46:00,8:48:00,Esbjerg St.
2026-05-17,158420632,8:53:00,8:55:00,Fredericia St.
2026-05-17,158420642,9:04:00,9:06:00,Esbjerg St.
2026-05-17,158417476,9:11:00,9:13:00,Østerport St.
2026-05-17,158418880,9:16:00,9:18:00,Fredericia St.
2026-05-17,158417459,9:46:00,9:48:00,Esbjerg St.
2026-05-17,158417072,9:51:00,9:53:00,Skanderborg St.
2026-05-17,158419159,9:52:00,9:54:00,Sønderborg St.
2026-05-18,158419194,10:03:00,10:05:00,CPH Lufthavn
2026-05-18,158417170,10:04:00,10:06:00,Esbjerg St.
2026-05-18,158417488,10:11:00,10:13:00,Østerport St.
2026-05-18,158418862,10:40:00,10:43:00,Flensburg
2026-05-18,158417474,10:46:00,10:48:00,Esbjerg St.
2026-05-18,158417063,10:51:00,10:53:00,Skanderborg St.
2026-05-18,158417164,11:04:00,11:06:00,Esbjerg St.
2026-05-18,158417487,11:11:00,11:13:00,Østerport St.
2026-05-18,158418879,11:16:00,11:18:00,Fredericia St.
2026-05-18,158422251,11:44:00,11:46:00,København H
2026-05-18,158417473,11:46:00,11:48:00,Esbjerg St.
2026-05-18,158417052,11:51:00,11:53:00,Skanderborg St.
2026-05-18,158419154,11:52:00,11:54:00,Sønderborg St.
2026-05-18,158419190,12:03:00,12:05:00,CPH Lufthavn
2026-05-18,158417158,12:04:00,12:06:00,Esbjerg St.
2026-05-18,158417486,12:11:00,12:13:00,Østerport St.
2026-05-18,158418861,12:40:00,12:43:00,Flensburg
2026-05-18,158417461,12:46:00,12:48:00,Esbjerg St.
2026-05-18,158420629,12:53:00,12:55:00,Fredericia St.
2026-05-18,158420639,13:04:00,13:06:00,Esbjerg St.
2026-05-18,158417485,13:11:00,13:13:00,Østerport St.
2026-05-18,158418842,13:16:00,13:18:00,Fredericia St.
2026-05-18,158422271,13:44:00,13:46:00,København H
2026-05-18,158417472,13:46:00,13:48:00,Esbjerg St.
2026-05-18,158417043,13:51:00,13:53:00,Skanderborg St.
2026-05-18,158419150,13:52:00,13:54:00,Sønderborg St.
2026-05-18,158419186,14:03:00,14:05:00,CPH Lufthavn
2026-05-18,158417153,14:04:00,14:06:00,Esbjerg St.
2026-05-18,158417484,14:11:00,14:13:00,Østerport St.
2026-05-18,158418860,14:40:00,14:43:00,Flensburg
2026-05-18,158417471,14:46:00,14:48:00,Esbjerg St.
2026-05-18,158417035,14:51:00,14:53:00,Skanderborg St.
2026-05-18,158417147,15:04:00,15:06:00,Esbjerg St.
2026-05-18,158417483,15:11:00,15:13:00,Østerport St.
2026-05-18,158418878,15:16:00,15:18:00,Fredericia St.
2026-05-18,158417460,15:46:00,15:48:00,Esbjerg St.
2026-05-18,158417027,15:51:00,15:53:00,Skanderborg St.
2026-05-18,158419145,15:52:00,15:54:00,Sønderborg St.
2026-05-18,158419181,16:03:00,16:05:00,CPH Lufthavn
2026-05-18,158417142,16:04:00,16:06:00,Esbjerg St.
2026-05-18,158417482,16:11:00,16:13:00,Østerport St.
2026-05-18,158422260,16:12:00,16:15:00,Hamburg Hbf
2026-05-18,158418859,16:40:00,16:43:00,Flensburg
2026-05-18,158417470,16:46:00,16:48:00,Esbjerg St.
2026-05-18,158420626,16:53:00,16:55:00,Fredericia St.
2026-05-18,158420635,17:04:00,17:06:00,Esbjerg St.
2026-05-18,158417481,17:11:00,17:13:00,Østerport St.
2026-05-18,158418877,17:16:00,17:18:00,Fredericia St.
2026-05-18,158417469,17:46:00,17:48:00,Esbjerg St.
2026-05-18,158417019,17:51:00,17:53:00,Skanderborg St.
2026-05-18,158419140,17:52:00,17:54:00,Sønderborg St.
2026-05-18,158419177,18:03:00,18:05:00,CPH Lufthavn
2026-05-18,158417137,18:04:00,18:06:00,Esbjerg St.
2026-05-18,158417480,18:11:00,18:13:00,Østerport St.
2026-05-18,158422246,18:12:00,18:15:00,Hamburg Hbf
2026-05-18,158418858,18:40:00,18:43:00,Flensburg
2026-05-18,158417468,18:46:00,18:48:00,Esbjerg St.
2026-05-18,158417012,18:51:00,18:53:00,Skanderborg St.
2026-05-18,158417132,19:04:00,19:06:00,Esbjerg St.
2026-05-18,158417479,19:11:00,19:13:00,Østerport St.
2026-05-18,158418876,19:16:00,19:18:00,Fredericia St.
2026-05-18,158417467,19:46:00,19:48:00,Esbjerg St.
2026-05-18,158417007,19:51:00,19:53:00,Skanderborg St.
2026-05-18,158419134,19:52:00,19:54:00,Sønderborg St.
2026-05-18,158419173,20:03:00,20:05:00,CPH Lufthavn
2026-05-18,158417127,20:04:00,20:06:00,Esbjerg St.
2026-05-18,158417439,20:11:00,20:13:00,Østerport St.
2026-05-18,158418857,20:40:00,20:43:00,Flensburg
2026-05-18,158417466,20:46:00,20:48:00,Esbjerg St.
2026-05-18,158417002,20:51:00,20:53:00,Skanderborg St.
2026-05-18,158417121,21:04:00,21:06:00,Esbjerg St.
2026-05-18,158418875,21:16:00,21:18:00,Fredericia St.
2026-05-18,158417465,21:46:00,21:48:00,Esbjerg St.
2026-05-18,158416997,21:51:00,21:53:00,Aarhus H
2026-05-18,158419126,21:52:00,21:54:00,Sønderborg St.
2026-05-18,158419905,22:03:00,22:05:00,Odense St.
2026-05-18,158417117,22:04:00,22:06:00,Esbjerg St.
2026-05-18,158420227,22:39:00,22:39:00,Kolding St.
2026-05-18,158420222,22:49:00,22:49:00,Fredericia St.
2026-05-18,158418840,23:17:00,23:19:00,Fredericia St.
2026-05-18,158417110,23:25:00,23:27:00,Esbjerg St.
2026-05-18,158417104,23:29:00,23:31:00,Fredericia St.
2026-05-18,158419900,24:03:00,24:05:00,Fredericia St.
2026-05-18,158419909,24:07:00,24:09:00,Sønderborg St.
2026-05-18,158417097,24:29:00,24:31:00,Fredericia St.
2026-05-18,158418865,4:40:00,4:43:00,Flensburg
2026-05-18,158417492,5:11:00,5:13:00,Østerport St.
2026-05-18,158417185,5:20:00,5:22:00,Esbjerg St.
2026-05-18,158417107,5:51:00,5:53:00,Skanderborg St.
2026-05-18,158419168,5:52:00,5:54:00,Sønderborg St.
2026-05-18,158419202,6:03:00,6:05:00,CPH Lufthavn
2026-05-18,158417491,6:11:00,6:13:00,Østerport St.
2026-05-18,158417184,6:20:00,6:22:00,Esbjerg St.
2026-05-18,158418864,6:40:00,6:43:00,Flensburg
2026-05-18,158417478,6:46:00,6:48:00,Esbjerg St.
2026-05-18,158417090,6:51:00,6:53:00,Skanderborg St.
2026-05-18,158417180,7:04:00,7:06:00,Esbjerg St.
2026-05-18,158417489,7:11:00,7:13:00,Østerport St.
2026-05-18,158418881,7:16:00,7:18:00,Fredericia St.
2026-05-18,158417475,7:46:00,7:48:00,Esbjerg St.
2026-05-18,158417079,7:51:00,7:53:00,Skanderborg St.
2026-05-18,158419164,7:52:00,7:54:00,Sønderborg St.
2026-05-18,158419199,8:03:00,8:05:00,CPH Lufthavn
2026-05-18,158417174,8:04:00,8:06:00,Esbjerg St.
2026-05-18,158417477,8:11:00,8:13:00,Østerport St.
2026-05-18,158418863,8:40:00,8:43:00,Flensburg
2026-05-18,158417464,8:46:00,8:48:00,Esbjerg St.
2026-05-18,158420632,8:53:00,8:55:00,Fredericia St.
2026-05-18,158420642,9:04:00,9:06:00,Esbjerg St.
2026-05-18,158417476,9:11:00,9:13:00,Østerport St.
2026-05-18,158418880,9:16:00,9:18:00,Fredericia St.
2026-05-18,158417462,9:46:00,9:48:00,Esbjerg St.
2026-05-18,158417072,9:51:00,9:53:00,Skanderborg St.
2026-05-18,158419159,9:52:00,9:54:00,Sønderborg St.
2026-05-19,158419194,10:03:00,10:05:00,CPH Lufthavn
2026-05-19,158417170,10:04:00,10:06:00,Esbjerg St.
2026-05-19,158417488,10:11:00,10:13:00,Østerport St.
2026-05-19,158422286,10:12:00,10:15:00,Hamburg Hbf
2026-05-19,158418862,10:40:00,10:43:00,Flensburg
2026-05-19,158417474,10:46:00,10:48:00,Esbjerg St.
2026-05-19,158417063,10:51:00,10:53:00,Skanderborg St.
2026-05-19,158417164,11:04:00,11:06:00,Esbjerg St.
2026-05-19,158417487,11:11:00,11:13:00,Østerport St.
2026-05-19,158418879,11:16:00,11:18:00,Fredericia St.
2026-05-19,158422251,11:44:00,11:46:00,København H
2026-05-19,158417473,11:46:00,11:48:00,Esbjerg St.
2026-05-19,158417052,11:51:00,11:53:00,Skanderborg St.
2026-05-19,158419154,11:52:00,11:54:00,Sønderborg St.
2026-05-19,158419190,12:03:00,12:05:00,CPH Lufthavn
2026-05-19,158417158,12:04:00,12:06:00,Esbjerg St.
2026-05-19,158417486,12:11:00,12:13:00,Østerport St.
2026-05-19,158418861,12:40:00,12:43:00,Flensburg
2026-05-19,158417461,12:46:00,12:48:00,Esbjerg St.
2026-05-19,158420629,12:53:00,12:55:00,Fredericia St.
2026-05-19,158420639,13:04:00,13:06:00,Esbjerg St.
2026-05-19,158417485,13:11:00,13:13:00,Østerport St.
2026-05-19,158418842,13:16:00,13:18:00,Fredericia St.
2026-05-19,158422271,13:44:00,13:46:00,København H
2026-05-19,158417472,13:46:00,13:48:00,Esbjerg St.
2026-05-19,158417043,13:51:00,13:53:00,Skanderborg St.
2026-05-19,158419150,13:52:00,13:54:00,Sønderborg St.
2026-05-19,158419186,14:03:00,14:05:00,CPH Lufthavn
2026-05-19,158417153,14:04:00,14:06:00,Esbjerg St.
2026-05-19,158417484,14:11:00,14:13:00,Østerport St.
2026-05-19,158418860,14:40:00,14:43:00,Flensburg
2026-05-19,158417471,14:46:00,14:48:00,Esbjerg St.
2026-05-19,158417035,14:51:00,14:53:00,Skanderborg St.
2026-05-19,158417147,15:04:00,15:06:00,Esbjerg St.
2026-05-19,158417483,15:11:00,15:13:00,Østerport St.
2026-05-19,158418878,15:16:00,15:18:00,Fredericia St.
2026-05-19,158417460,15:46:00,15:48:00,Esbjerg St.
2026-05-19,158417027,15:51:00,15:53:00,Skanderborg St.
2026-05-19,158419145,15:52:00,15:54:00,Sønderborg St.
2026-05-19,158419181,16:03:00,16:05:00,CPH Lufthavn
2026-05-19,158417142,16:04:00,16:06:00,Esbjerg St.
2026-05-19,158417482,16:11:00,16:13:00,Østerport St.
2026-05-19,158422260,16:12:00,16:15:00,Hamburg Hbf
2026-05-19,158418859,16:40:00,16:43:00,Flensburg
2026-05-19,158417470,16:46:00,16:48:00,Esbjerg St.
2026-05-19,158420626,16:53:00,16:55:00,Fredericia St.
2026-05-19,158420635,17:04:00,17:06:00,Esbjerg St.
2026-05-19,158417481,17:11:00,17:13:00,Østerport St.
2026-05-19,158418877,17:16:00,17:18:00,Fredericia St.
2026-05-19,158422272,17:44:00,17:46:00,København H
2026-05-19,158417469,17:46:00,17:48:00,Esbjerg St.
2026-05-19,158417019,17:51:00,17:53:00,Skanderborg St.
2026-05-19,158419140,17:52:00,17:54:00,Sønderborg St.
2026-05-19,158419177,18:03:00,18:05:00,CPH Lufthavn
2026-05-19,158417137,18:04:00,18:06:00,Esbjerg St.
2026-05-19,158417480,18:11:00,18:13:00,Østerport St.
2026-05-19,158422246,18:12:00,18:15:00,Hamburg Hbf
2026-05-19,158418858,18:40:00,18:43:00,Flensburg
2026-05-19,158417468,18:46:00,18:48:00,Esbjerg St.
2026-05-19,158417012,18:51:00,18:53:00,Skanderborg St.
2026-05-19,158417132,19:04:00,19:06:00,Esbjerg St.
2026-05-19,158417479,19:11:00,19:13:00,Østerport St.
2026-05-19,158418876,19:16:00,19:18:00,Fredericia St.
2026-05-19,158417467,19:46:00,19:48:00,Esbjerg St.
2026-05-19,158417007,19:51:00,19:53:00,Skanderborg St.
2026-05-19,158419134,19:52:00,19:54:00,Sønderborg St.
2026-05-19,158419173,20:03:00,20:05:00,CPH Lufthavn
2026-05-19,158417127,20:04:00,20:06:00,Esbjerg St.
2026-05-19,158417439,20:11:00,20:13:00,Østerport St.
2026-05-19,158418857,20:40:00,20:43:00,Flensburg
2026-05-19,158417466,20:46:00,20:48:00,Esbjerg St.
2026-05-19,158417002,20:51:00,20:53:00,Skanderborg St.
2026-05-19,158417121,21:04:00,21:06:00,Esbjerg St.
2026-05-19,158418875,21:16:00,21:18:00,Fredericia St.
2026-05-19,158417465,21:46:00,21:48:00,Esbjerg St.
2026-05-19,158416997,21:51:00,21:53:00,Aarhus H
2026-05-19,158419126,21:52:00,21:54:00,Sønderborg St.
2026-05-19,158419905,22:03:00,22:05:00,Odense St.
2026-05-19,158417117,22:04:00,22:06:00,Esbjerg St.
2026-05-19,158420227,22:39:00,22:39:00,Kolding St.
2026-05-19,158420222,22:49:00,22:49:00,Fredericia St.
2026-05-19,158418840,23:17:00,23:19:00,Fredericia St.
2026-05-19,158417110,23:25:00,23:27:00,Esbjerg St.
2026-05-19,158417104,23:29:00,23:31:00,Fredericia St.
2026-05-19,158419900,24:03:00,24:05:00,Fredericia St.
2026-05-19,158419909,24:07:00,24:09:00,Sønderborg St.
2026-05-19,158417097,24:29:00,24:31:00,Fredericia St.
2026-05-19,158418865,4:40:00,4:43:00,Flensburg
2026-05-19,158417492,5:11:00,5:13:00,Østerport St.
2026-05-19,158417185,5:20:00,5:22:00,Esbjerg St.
2026-05-19,158417107,5:51:00,5:53:00,Skanderborg St.
2026-05-19,158419168,5:52:00,5:54:00,Sønderborg St.
2026-05-19,158419202,6:03:00,6:05:00,CPH Lufthavn
2026-05-19,158417491,6:11:00,6:13:00,Østerport St.
2026-05-19,158417184,6:20:00,6:22:00,Esbjerg St.
2026-05-19,158418864,6:40:00,6:43:00,Flensburg
2026-05-19,158417478,6:46:00,6:48:00,Esbjerg St.
2026-05-19,158417090,6:51:00,6:53:00,Skanderborg St.
2026-05-19,158417180,7:04:00,7:06:00,Esbjerg St.
2026-05-19,158417489,7:11:00,7:13:00,Østerport St.
2026-05-19,158418881,7:16:00,7:18:00,Fredericia St.
2026-05-19,158417475,7:46:00,7:48:00,Esbjerg St.
2026-05-19,158417079,7:51:00,7:53:00,Skanderborg St.
2026-05-19,158419164,7:52:00,7:54:00,Sønderborg St.
2026-05-19,158419199,8:03:00,8:05:00,CPH Lufthavn
2026-05-19,158417174,8:04:00,8:06:00,Esbjerg St.
2026-05-19,158417477,8:11:00,8:13:00,Østerport St.
2026-05-19,158418863,8:40:00,8:43:00,Flensburg
2026-05-19,158417464,8:46:00,8:48:00,Esbjerg St.
2026-05-19,158420632,8:53:00,8:55:00,Fredericia St.
2026-05-19,158420642,9:04:00,9:06:00,Esbjerg St.
2026-05-19,158417476,9:11:00,9:13:00,Østerport St.
2026-05-19,158418880,9:16:00,9:18:00,Fredericia St.
2026-05-19,158417462,9:46:00,9:48:00,Esbjerg St.
2026-05-19,158417072,9:51:00,9:53:00,Skanderborg St.
2026-05-19,158419159,9:52:00,9:54:00,Sønderborg St.
2026-05-20,158419194,10:03:00,10:05:00,CPH Lufthavn
2026-05-20,158417170,10:04:00,10:06:00,Esbjerg St.
2026-05-20,158417488,10:11:00,10:13:00,Østerport St.
2026-05-20,158418862,10:40:00,10:43:00,Flensburg
2026-05-20,158417474,10:46:00,10:48:00,Esbjerg St.
2026-05-20,158417063,10:51:00,10:53:00,Skanderborg St.
2026-05-20,158417164,11:04:00,11:06:00,Esbjerg St.
2026-05-20,158417487,11:11:00,11:13:00,Østerport St.
2026-05-20,158418879,11:16:00,11:18:00,Fredericia St.
2026-05-20,158422251,11:44:00,11:46:00,København H
2026-05-20,158417473,11:46:00,11:48:00,Esbjerg St.
2026-05-20,158417052,11:51:00,11:53:00,Skanderborg St.
2026-05-20,158419154,11:52:00,11:54:00,Sønderborg St.
2026-05-20,158419190,12:03:00,12:05:00,CPH Lufthavn
2026-05-20,158417158,12:04:00,12:06:00,Esbjerg St.
2026-05-20,158417486,12:11:00,12:13:00,Østerport St.
2026-05-20,158418861,12:40:00,12:43:00,Flensburg
2026-05-20,158417461,12:46:00,12:48:00,Esbjerg St.
2026-05-20,158420629,12:53:00,12:55:00,Fredericia St.
2026-05-20,158420639,13:04:00,13:06:00,Esbjerg St.
2026-05-20,158417485,13:11:00,13:13:00,Østerport St.
2026-05-20,158418842,13:16:00,13:18:00,Fredericia St.
2026-05-20,158422271,13:44:00,13:46:00,København H
2026-05-20,158417472,13:46:00,13:48:00,Esbjerg St.
2026-05-20,158417043,13:51:00,13:53:00,Skanderborg St.
2026-05-20,158419150,13:52:00,13:54:00,Sønderborg St.
2026-05-20,158419186,14:03:00,14:05:00,CPH Lufthavn
2026-05-20,158417153,14:04:00,14:06:00,Esbjerg St.
2026-05-20,158417484,14:11:00,14:13:00,Østerport St.
2026-05-20,158418860,14:40:00,14:43:00,Flensburg
2026-05-20,158417471,14:46:00,14:48:00,Esbjerg St.
2026-05-20,158417035,14:51:00,14:53:00,Skanderborg St.
2026-05-20,158417147,15:04:00,15:06:00,Esbjerg St.
2026-05-20,158417483,15:11:00,15:13:00,Østerport St.
2026-05-20,158418878,15:16:00,15:18:00,Fredericia St.
2026-05-20,158417460,15:46:00,15:48:00,Esbjerg St.
2026-05-20,158417027,15:51:00,15:53:00,Skanderborg St.
2026-05-20,158419145,15:52:00,15:54:00,Sønderborg St.
2026-05-20,158419181,16:03:00,16:05:00,CPH Lufthavn
2026-05-20,158417142,16:04:00,16:06:00,Esbjerg St.
2026-05-20,158417482,16:11:00,16:13:00,Østerport St.
2026-05-20,158422260,16:12:00,16:15:00,Hamburg Hbf
2026-05-20,158418859,16:40:00,16:43:00,Flensburg
2026-05-20,158417470,16:46:00,16:48:00,Esbjerg St.
2026-05-20,158420626,16:53:00,16:55:00,Fredericia St.
2026-05-20,158420635,17:04:00,17:06:00,Esbjerg St.
2026-05-20,158417481,17:11:00,17:13:00,Østerport St.
2026-05-20,158418877,17:16:00,17:18:00,Fredericia St.
2026-05-20,158417469,17:46:00,17:48:00,Esbjerg St.
2026-05-20,158417019,17:51:00,17:53:00,Skanderborg St.
2026-05-20,158419140,17:52:00,17:54:00,Sønderborg St.
2026-05-20,158419177,18:03:00,18:05:00,CPH Lufthavn
2026-05-20,158417137,18:04:00,18:06:00,Esbjerg St.
2026-05-20,158417480,18:11:00,18:13:00,Østerport St.
2026-05-20,158422246,18:12:00,18:15:00,Hamburg Hbf
2026-05-20,158418858,18:40:00,18:43:00,Flensburg
2026-05-20,158417468,18:46:00,18:48:00,Esbjerg St.
2026-05-20,158417012,18:51:00,18:53:00,Skanderborg St.
2026-05-20,158417132,19:04:00,19:06:00,Esbjerg St.
2026-05-20,158417479,19:11:00,19:13:00,Østerport St.
2026-05-20,158418876,19:16:00,19:18:00,Fredericia St.
2026-05-20,158417467,19:46:00,19:48:00,Esbjerg St.
2026-05-20,158417007,19:51:00,19:53:00,Skanderborg St.
2026-05-20,158419134,19:52:00,19:54:00,Sønderborg St.
2026-05-20,158419173,20:03:00,20:05:00,CPH Lufthavn
2026-05-20,158417127,20:04:00,20:06:00,Esbjerg St.
2026-05-20,158417439,20:11:00,20:13:00,Østerport St.
2026-05-20,158418857,20:40:00,20:43:00,Flensburg
2026-05-20,158417466,20:46:00,20:48:00,Esbjerg St.
2026-05-20,158417002,20:51:00,20:53:00,Skanderborg St.
2026-05-20,158417121,21:04:00,21:06:00,Esbjerg St.
2026-05-20,158418875,21:16:00,21:18:00,Fredericia St.
2026-05-20,158417465,21:46:00,21:48:00,Esbjerg St.
2026-05-20,158416997,21:51:00,21:53:00,Aarhus H
2026-05-20,158419126,21:52:00,21:54:00,Sønderborg St.
2026-05-20,158419905,22:03:00,22:05:00,Odense St.
2026-05-20,158417117,22:04:00,22:06:00,Esbjerg St.
2026-05-20,158420227,22:39:00,22:39:00,Kolding St.
2026-05-20,158420222,22:49:00,22:49:00,Fredericia St.
2026-05-20,158418840,23:17:00,23:19:00,Fredericia St.
2026-05-20,158417110,23:25:00,23:27:00,Esbjerg St.
2026-05-20,158417104,23:29:00,23:31:00,Fredericia St.
2026-05-20,158419900,24:03:00,24:05:00,Fredericia St.
2026-05-20,158419909,24:07:00,24:09:00,Sønderborg St.
2026-05-20,158417097,24:29:00,24:31:00,Fredericia St.
2026-05-20,158418865,4:40:00,4:43:00,Flensburg
2026-05-20,158417492,5:11:00,5:13:00,Østerport St.
2026-05-20,158417185,5:20:00,5:22:00,Esbjerg St.
2026-05-20,158417107,5:51:00,5:53:00,Skanderborg St.
2026-05-20,158419168,5:52:00,5:54:00,Sønderborg St.
2026-05-20,158419202,6:03:00,6:05:00,CPH Lufthavn
2026-05-20,158417491,6:11:00,6:13:00,Østerport St.
2026-05-20,158417184,6:20:00,6:22:00,Esbjerg St.
2026-05-20,158418864,6:40:00,6:43:00,Flensburg
2026-05-20,158417478,6:46:00,6:48:00,Esbjerg St.
2026-05-20,158417090,6:51:00,6:53:00,Skanderborg St.
2026-05-20,158417180,7:04:00,7:06:00,Esbjerg St.
2026-05-20,158417489,7:11:00,7:13:00,Østerport St.
2026-05-20,158418881,7:16:00,7:18:00,Fredericia St.
2026-05-20,158417475,7:46:00,7:48:00,Esbjerg St.
2026-05-20,158417079,7:51:00,7:53:00,Skanderborg St.
2026-05-20,158419164,7:52:00,7:54:00,Sønderborg St.
2026-05-20,158419199,8:03:00,8:05:00,CPH Lufthavn
2026-05-20,158417174,8:04:00,8:06:00,Esbjerg St.
2026-05-20,158417477,8:11:00,8:13:00,Østerport St.
2026-05-20,158418863,8:40:00,8:43:00,Flensburg
2026-05-20,158417464,8:46:00,8:48:00,Esbjerg St.
2026-05-20,158420632,8:53:00,8:55:00,Fredericia St.
2026-05-20,158420642,9:04:00,9:06:00,Esbjerg St.
2026-05-20,158417476,9:11:00,9:13:00,Østerport St.
2026-05-20,158418880,9:16:00,9:18:00,Fredericia St.
2026-05-20,158417462,9:46:00,9:48:00,Esbjerg St.
2026-05-20,158417072,9:51:00,9:53:00,Skanderborg St.
2026-05-20,158419159,9:52:00,9:54:00,Sønderborg St.
